6 6 10 8 12 12 14 16 18 18 20 22 24 24 28 26 30 30 34 32 36 36 41 38 42 42 46 44 48 48 50 53 54 54 58 56 58 60 62 86 64 66 68 68 70 176 75 72 76 76 81 78 82 82 162 85 86 88 91 92 92 94 97 98 98 103 100 104 104 109 106 110 110 112 115 116 116 121 118 122 122 127 124 128 128 130 133 134 134 137 138 138 140 143 144 144 150 149 146 152 154 152 154 159 156 160 160 162 164 169 166 170 170 175 172 176 176 181 178 182 182 189 184 187 190 192 190 192 194 197 198 198 200 203 204 204 206 209 210 210 215 212 216 216 221 218 222 222 246 224 227 228 228 248 230 235 237 232 238 237 238 240 243 244 244 246 248 250 255 253 256 258 256 258 260 263 264 264 271 266 274 268 272 272 274 276 278 281 282 282 282 284 286 292 291 5 2 293
6 6 8 11 12 12 14 16 18 18 20 22 24 24 26 28 30 30 32 34 40 40 39 2 5 41
116 3 5 5 9 6 11 11 12 15 17 17 21 18 23 23 24 27 29 29 30 33 35 35 39 36 41 41 45 42 47 47 51 48 53 55 55 56 59 61 61 65 62 67 69 71 71 73 75 77 77 79 81 83 83 87 85 89 89 93 91 95 95 99 97 101 101 103 105 107 107 115 111 109 117
5 6 7
5 6 7

4 10 9 2 11
178 178 3 4 6 6 10 9 12 12 15 16 18 18 22 21 24 24 28 27 30 30 34 33 36 36 40 39 42 42 46 45 48 48 52 52 51 55 56 58 58 61 62 64 64 68 66 70 70 73 74 76 76 80 80 79 83 84 86 88 86 90 90 92 94 96 96 98 100 102 102 105 106 108 108 111 112 114 114 118 117 120 120 123 124 126 126 130 128 132 132 136 134 138 138 142 141 144 144 147 148 150 150 153 154 156 156 159 160 162 162 164 166 168 168 177 170 172 179
22 22 4 3 6 6 10 9 12 12 21 16 15 23
46 46 5 2 6 6 11 8 12 12 14 17 18 18 23 20 24 24 29 26 30 30 32 35 36 36 45 38 41 47
6 6 8 10 12 12 14 22 18 16 20 20 22 24 28 26 30 30 38 32 36 35 36 38 40 44 42 44 48 46 50 50 54 52 56 56 58 61 62 62 64 66 74 68 70 72 72 74 76 78 78 80 84 82 86 86 88 90 90 95 92 100 100 99 2 5 101
92 3 5 7 9 7 11 13 13 17 15 19 21 19 23 23 25 27 27 29 31 33 33 35 37 39 39 41 43 45 45 47 49 49 53 51 55 55 57 59 61 61 63 64 67 69 67 69 71 72 75 75 77 79 81 79 83 85 91 87 85 93
6 6 8 11 12 12 16 14 18 18 20 23 24 24 26 29 34 34 33 5 2 35
6 6 8 10 12 12 14 17 18 18 20 23 24 24 28 26 38 30 30 32 34 36 36 38 66 40 66 42 66 44 66 46 66 48 66 50 52 66 66 55 57 66 66 58 60 66 66 62 66 65 66 71 68 72 72 77 74 78 78 82 80 84 84 88 86 90 90 94 92 98 96 100 96 98 100 104 102 106 106 104 108 108 112 110 114 114 132 134 116 118 132 120 132 132 122 132 124 132 126 132 129 131 132 132 134 138 136 140 140 142 145 146 146 148 150 150 155 152 156 156 160 158 162 162 167 164 168 168 170 173 174 174 176 179 180 180 185 182 186 186 188 190 192 192 196 194 198 198 200 202 208 208 207 2 5 209
6 6 11 8 12 12 14 17 18 18 20 32 22 34 24 29 27 30 32 30 32 34 36 38 40 40 42 48 48 44 51 53 46 58 54 56 53 54 61 56 66 69 63 58 64 72 63 64 69 66 72 78 69 66 77 70 70 75 72 77 77 78 80 86 86 85 4 2 87
6 6 8 11 12 12 14 17 18 18 20 22 24 22 24 29 26 30 30 34 32 36 36 40 38 46 46 45 4 2 47
8 5 10 8 10 15 12 16 16 21 18 22 22 27 24 28 28 32 30 34 34 38 36 40 40 44 42 46 46 51 52 49 51 52 54 56 62 62 61 6 2 63
6 6 11 8 12 12 17 14 18 18 22 20 24 24 29 26 30 30 35 32 36 36 38 40 42 42 47 44 48 48 50 52 54 54 58 56 60 60 65 62 70 70 69 4 2 71
6 6 8 10 10 12 14 14 19 16 20 20 24 22 26 26 28 30 30 32 34 36 36 38 41 42 42 44 46 48 48 52 50 54 54 56 58 60 60 62 65 66 66 68 70 72 72 76 74 78 78 80 82 84 84 91 86 88 92 94 92 94 96 98 104 104 103 5 2 105
356 356 5 3 7 9 9 11 13 15 17 15 19 21 21 19 25 23 27 29 29 31 33 35 37 35 39 39 41 43 45 27 47 47 51 49 53 53 57 55 59 59 61 63 65 67 67 69 71 71 75 73 77 79 77 81 81 84 83 87 89 87 91 83 93 93 95 96 99 99 101 103 105 105 109 107 111 111 115 113 117 119 117 121 121 125 123 127 129 127 131 133 133 131 137 135 139 139 143 141 145 145 148 147 151 151 151 153 155 157 159 157 161 161 164 163 167 167 169 170 173 173 175 176 179 179 181 183 183 187 185 189 189 191 193 195 195 199 197 201 195 203 203 207 205 209 211 209 215 211 213 217 219 219 223 221 225 225 227 229 229 233 231 235 237 237 235 241 239 243 243 245 247 249 249 253 251 255 257 255 259 261 261 263 265 261 267 267 269 271 273 273 275 277 279 281 259 279 283 283 285 287 289 289 293 291 295 295 297 299 299 301 303 305 305 307 309 311 311 315 313 317 317 321 319 323 323 325 326 329 329 333 331 335 335 336 339 339 341 343 343 345 347 349 355 351 357
6 6 10 8 12 12 16 14 18 18 22 20 24 24 26 28 30 30 32 34 36 36 38 40 42 42 44 46 48 48 50 53 54 54 56 58 64 64 63 2 4 65
6 4 6 11 8 12 12 16 14 18 18 23 20 24 24 26 28 30 30 32 34 36 36 38 40 42 44 46 46 50 48 52 52 54 58 56 60 62 60 62 66 65 66 70 68 80 72 72 74 76 85 96 78 80 82 87 88 96 88 90 93 94 94 96 99 100 102 100 102 106 104 108 108 110 112 114 114 119 116 120 120 122 125 126 126 128 130 132 132 137 134 138 138 143 140 144 144 146 149 150 150 152 155 156 156 161 158 162 162 167 164 168 168 172 170 174 174 179 176 180 180 186 185 182 188 188 188 190 192 194 194 199 196 200 200 202 204 206 206 211 208 212 212 216 214 218 218 222 220 224 224 226 228 232 230 234 234 238 236 240 240 242 244 246 246 250 248 252 252 254 257 258 258 263 260 264 264 266 269 270 270 272 276 274 278 278 280 283 284 284 286 289 290 290 292 294 296 296 298 300 302 302 304 309 306 310 310 310 312 315 316 316 321 318 322 322 327 324 328 328 330 332 334 334 336 338 340 340 345 342 346 346 348 350 352 352 356 354 358 358 360 362 364 364 368 366 370 370 374 372 376 376 380 378 382 382 384 387 388 388 393 390 394 396 396 396 398 400 402 402 404 406 408 408 414 413 410 416 416 416 421 418 422 422 424 427 428 428 430 432 434 434 438 436 440 440 444 442 446 449 446 450 450 454 452 456 456 458 460 462 462 466 464 468 468 472 470 474 474 479 476 480 480 482 485 486 486 488 491 492 492 496 494 498 498 500 503 504 504 509 506 510 510 515 512 516 516 520 518 522 522 524 527 528 528 530 534 536 533 538 540 538 538 540 542 544 546 546 548 551 552 552 556 554 558 560 560 560 562 565 566 566 570 568 572 572 576 574 578 578 580 582 584 584 589 586 590 590 592 594 596 596 598 601 602 602 604 606 608 608 612 610 614 614 616 618 620 618 622 622 627 624 628 628 630 632 634 634 636 638 640 640 642 644 646 646 648 650 652 652 656 654 658 658 661 662 665 667 667 673 668 675 670 676 675 676 679 681 681 683 686 685 689 689 691 693 695 695 698 697 701 701 706 705 2 707
6 4 6 11 8 12 12 16 14 18 18 23 20 24 24 26 28 30 30 32 34 36 36 38 40 42 44 46 46 50 48 52 52 54 58 56 60 62 60 62 66 65 66 70 68 80 72 72 74 76 85 96 78 80 82 87 88 96 88 90 93 94 94 96 99 100 102 100 102 106 104 108 108 110 112 114 114 119 116 120 120 122 125 126 126 128 130 132 132 137 134 138 138 143 140 144 144 146 149 150 150 152 155 156 156 161 158 162 162 167 164 168 168 172 170 174 174 179 176 180 180 186 185 182 188 188 188 190 192 194 194 199 196 200 200 202 204 206 206 211 208 212 212 216 214 218 218 222 220 224 224 226 228 232 230 234 234 238 236 240 240 242 244 246 246 250 248 252 252 254 257 258 258 263 260 264 264 266 269 270 270 272 276 274 278 278 280 283 284 284 286 289 290 290 292 294 296 296 298 300 302 302 304 309 306 310 310 310 312 315 316 316 321 318 322 322 327 324 328 328 330 332 334 334 336 338 340 340 345 342 346 346 348 350 352 352 356 354 358 358 360 362 364 364 368 366 370 370 374 372 376 376 380 378 382 382 384 387 388 388 393 390 394 396 396 396 398 400 402 402 404 406 408 408 414 413 410 416 416 416 421 418 422 422 424 427 428 428 430 432 434 434 438 436 440 440 444 442 446 449 446 450 450 454 452 456 456 458 460 462 462 466 464 468 468 472 470 474 474 479 476 480 480 482 485 486 486 488 491 492 492 496 494 498 498 500 503 504 504 509 506 510 510 515 512 516 516 520 518 522 522 524 527 528 528 530 534 536 533 538 540 538 538 540 542 544 546 546 548 551 552 552 556 554 558 560 560 560 562 565 566 566 570 568 572 572 576 574 578 578 580 582 584 584 589 586 590 590 592 594 596 596 598 601 602 602 604 606 608 608 612 610 614 614 616 618 620 618 622 622 627 624 628 628 630 632 634 634 636 638 640 640 642 644 646 646 648 650 652 652 656 654 658 658 661 662 665 667 667 673 668 675 670 676 675 676 679 681 681 683 686 685 689 689 691 693 695 695 698 697 701 701 706 705 2 707
7 7 11 8 13 13 15 17 19 19 23 20 25 25 27 29 29 31 33 35 33 35 36 39 41 41 42 45 47 47 49 51 51 63 55 52 55 56 59 61 61 63 67 64 69 69 70 73 75 75 79 76 81 81 82 85 87 87 91 88 93 93 97 95 97 101 98 103 103 107 104 109 109 113 110 115 117 117 117 121 118 123 123 124 127 129 129 133 131 138 138 137 2 5 139
1474 1474 2 4 7 7 10 9 13 15 13 15 19 17 20 23 23 26 25 29 29 31 32 35 37 35 37 40 39 43 45 45 47 48 51 51 53 54 57 57 61 59 63 63 65 66 69 69 72 71 75 75 77 78 81 81 84 83 87 87 89 90 93 93 95 97 99 99 102 101 105 105 107 108 111 111 113 114 117 117 119 120 123 123 126 125 129 129 131 133 133 135 136 139 139 141 142 145 145 147 148 151 151 154 153 157 157 159 160 163 163 166 165 169 170 169 173 173 176 175 179 179 181 182 185 185 187 188 191 191 194 193 197 197 199 200 203 203 205 206 209 211 209 214 211 216 213 213 218 216 216 221 213 222 225 225 227 228 231 231 233 234 237 237 239 240 243 243 246 245 249 249 252 251 255 255 258 257 261 261 264 263 267 267 269 270 273 273 276 275 279 279 282 281 285 285 287 289 291 291 293 294 297 297 299 300 303 303 306 305 309 309 312 311 315 315 317 318 321 321 324 323 327 327 329 330 333 333 336 335 339 339 342 341 345 345 348 347 351 351 353 354 357 357 360 359 363 363 366 365 369 369 371 372 375 375 377 378 381 381 384 383 387 387 390 389 393 393 396 395 399 399 402 401 405 405 408 407 411 411 411 414 417 413 419 421 419 423 423 425 427 427 430 429 433 433 435 436 439 439 441 442 445 445 448 447 451 451 454 453 457 457 460 459 463 463 466 465 469 469 471 473 473 476 475 479 479 481 482 482 485 486 489 489 491 492 495 495 497 498 501 501 504 503 507 507 510 509 513 513 516 515 519 519 521 522 525 525 527 528 531 531 533 534 537 537 540 539 543 543 546 545 549 549 551 552 555 555 557 558 561 561 564 563 567 567 570 569 573 573 576 575 579 579 581 582 585 585 587 588 591 591 593 594 597 597 599 600 603 603 605 606 609 609 612 611 615 615 617 618 621 621 623 624 627 627 629 630 633 633 636 635 639 639 641 642 645 645 647 648 651 651 654 653 657 657 659 660 663 665 663 667 667 670 669 673 673 675 676 679 679 682 681 685 685 687 689 689 690 693 693 695 696 699 699 700 703 703 706 705 709 709 711 712 715 715 718 717 721 721 724 723 727 727 730 729 733 733 736 735 739 739 741 742 745 745 748 747 751 751 753 754 757 757 760 759 763 763 766 765 769 769 771 772 775 775 777 778 781 782 781 784 782 787 789 789 791 789 793 789 795 797 797 798 801 798 803 803 806 805 809 809 812 811 815 815 818 817 821 821 824 823 827 827 829 830 833 833 835 836 839 839 842 841 845 845 849 847 849 851 852 855 855 858 857 861 861 864 863 867 867 867 870 872 869 875 875 878 878 882 880 877 884 887 887 889 890 893 893 895 896 899 899 902 901 905 905 908 907 911 911 913 914 917 917 919 920 923 923 926 925 929 931 929 935 931 937 932 939 939 942 941 945 945 948 947 951 951 954 953 957 957 960 959 963 963 965 966 969 969 972 971 975 975 977 978 981 981 984 983 987 987 989 990 993 993 996 995 999 999 1002 1001 1005 1007 1005 1009 1009 1011 1012 1015 1015 1017 1018 1021 1021 1023 1024 1027 1027 1030 1029 1033 1035 1037 1035 1039 1039 1040 1043 1043 1045 1046 1049 1049 1051 1052 1055 1055 1058 1057 1061 1061 1064 1063 1067 1067 1069 1070 1073 1073 1075 1076 1079 1079 1081 1082 1085 1085 1087 1088 1091 1091 1094 1093 1097 1097 1098 1101 1101 1104 1103 1107 1107 1109 1110 1113 1113 1115 1116 1119 1119 1122 1121 1125 1125 1127 1129 1131 1131 1133 1134 1137 1137 1139 1140 1143 1143 1146 1145 1149 1149 1151 1152 1155 1155 1158 1157 1157 1162 1161 1165 1165 1168 1167 1171 1172 1171 1175 1175 1177 1178 1181 1181 1184 1183 1187 1187 1190 1189 1193 1193 1195 1197 1199 1197 1202 1199 1200 1205 1207 1207 1210 1209 1213 1213 1216 1215 1219 1219 1222 1221 1225 1225 1228 1227 1231 1233 1235 1233 1231 1237 1239 1239 1241 1242 1245 1245 1245 1250 1249 1247 1253 1253 1256 1255 1259 1259 1261 1262 1265 1265 1268 1267 1271 1271 1273 1275 1277 1277 1275 1281 1273 1278 1277 1278 1283 1283 1287 1285 1289 1285 1292 1289 1291 1295 1297 1297 1299 1301 1303 1303 1305 1306 1309 1309 1312 1311 1315 1315 1317 1318 1321 1321 1324 1323 1327 1327 1329 1330 1333 1333 1335 1336 1339 1339 1341 1342 1345 1345 1348 1347 1351 1351 1354 1353 1357 1357 1359 1360 1363 1363 1365 1366 1369 1369 1372 1371 1375 1375 1378 1377 1381 1381 1384 1383 1387 1387 1390 1389 1393 1393 1396 1395 1399 1399 1401 1402 1405 1405 1408 1407 1411 1411 1413 1414 1417 1417 1420 1419 1423 1423 1426 1425 1429 1429 1432 1431 1435 1435 1438 1437 1441 1441 1443 1444 1447 1448 1448 1450 1453 1454 1454 1456 1458 1458 1462 1460 1464 1464 1473 1469 1466 1475
692 692 4 2 6 9 9 12 11 15 15 18 17 21 21 23 24 27 27 30 29 33 33 36 35 39 39 42 41 45 45 48 47 51 53 51 53 56 55 59 61 61 63 64 67 67 70 69 73 73 76 75 79 79 81 82 85 85 87 88 91 91 93 94 97 97 100 99 103 103 105 106 109 109 112 111 115 115 117 118 121 121 124 123 127 127 129 130 133 133 136 135 139 139 141 142 145 145 148 147 151 151 154 153 157 157 160 159 163 163 165 166 169 169 171 172 175 175 175 179 180 177 183 183 186 185 189 189 191 192 195 195 198 197 201 201 204 203 207 207 209 210 213 213 216 215 219 219 221 222 225 225 228 227 231 231 233 234 237 237 240 239 243 243 246 245 249 249 251 252 255 255 257 258 261 261 263 264 267 267 270 269 273 273 275 276 279 279 282 281 285 285 287 288 291 291 293 294 297 297 300 299 303 303 306 305 309 309 312 311 315 315 317 318 321 321 324 323 327 327 330 329 333 333 336 335 339 341 339 339 343 345 345 347 348 351 339 353 353 355 356 359 359 362 361 365 365 367 368 371 371 374 373 377 377 379 380 383 383 385 386 389 389 390 393 393 395 396 399 399 403 401 405 405 408 407 411 411 413 414 417 417 419 420 423 423 426 425 429 429 431 432 435 435 436 439 439 441 442 445 445 447 448 451 451 453 454 457 457 460 459 463 463 466 465 469 469 472 471 475 475 477 478 481 481 483 484 487 487 489 491 491 493 494 497 497 500 499 503 503 505 506 509 509 511 512 515 515 518 517 521 521 523 524 527 527 529 530 533 533 535 536 539 539 542 541 545 545 547 548 551 551 554 553 557 557 559 560 563 563 565 567 567 570 569 573 573 575 576 579 579 582 581 585 585 588 587 591 591 593 594 597 597 600 599 603 603 606 605 609 609 612 611 615 615 615 617 618 621 623 623 626 625 629 629 632 631 635 635 638 637 641 641 644 643 647 647 650 649 653 653 655 656 659 659 661 662 665 665 668 667 671 673 671 675 675 678 677 681 682 682 691 686 684 693
6 6 10 8 12 12 14 16 18 18 20 22 24 24 26 34 28 34 34 30 34 33 34 38 36 40 40 46 48 42 44 44 46 48 52 50 54 54 58 56 58 60 63 64 64 69 66 70 70 75 72 80 80 79 5 2 81
7 7 10 9 13 13 16 15 19 19 21 22 25 25 28 27 31 31 33 34 37 37 39 40 43 43 45 46 49 49 51 52 55 55 57 58 61 61 63 64 67 67 69 70 73 73 76 75 79 79 81 82 85 85 87 88 91 91 93 94 97 97 100 99 103 103 107 105 109 109 111 112 115 115 117 118 121 121 124 123 127 127 130 129 133 133 135 136 139 139 142 141 145 145 148 147 151 151 153 154 157 157 159 160 163 163 167 165 167 175 169 170 175 175 172 175 178 177 181 181 183 184 187 187 189 190 193 193 195 196 199 199 201 202 205 205 207 208 211 211 213 214 217 217 219 220 223 223 226 225 229 229 232 231 235 235 238 237 241 241 244 243 247 247 250 249 253 253 255 259 256 259 259 262 261 265 265 267 268 271 271 273 274 277 277 280 279 283 283 286 285 289 289 291 292 295 295 298 297 301 301 304 303 307 307 310 309 313 313 316 315 319 319 321 322 325 325 328 327 331 331 333 335 335 338 337 341 341 343 344 347 347 350 349 353 353 355 356 359 359 361 362 365 365 368 367 371 371 373 374 377 377 379 380 383 383 385 386 389 389 392 391 395 395 397 398 401 401 404 403 407 407 409 412 415 410 417 415 417 420 419 423 423 425 426 429 429 432 431 435 435 438 437 441 441 444 443 447 447 450 449 454 453 453 457 457 459 460 463 463 466 465 469 469 471 472 475 475 477 478 481 481 484 483 487 487 489 490 493 493 494 497 497 499 500 503 503 506 505 509 509 511 512 515 515 517 518 521 521 524 523 527 527 531 528 531 534 533 537 537 539 540 543 543 545 546 549 549 552 551 555 555 557 558 561 561 564 563 567 567 570 569 573 573 575 576 579 579 581 582 585 585 588 587 591 591 594 593 597 597 599 600 603 603 605 606 609 609 612 611 615 615 618 617 621 621 623 624 627 627 629 630 633 633 635 636 639 639 641 643 645 645 648 647 651 651 653 654 657 657 659 660 663 663 665 666 669 669 672 671 675 675 677 678 681 681 684 683 687 687 689 690 693 693 695 699 696 699 699 702 701 705 705 707 708 711 711 714 713 717 717 720 719 723 723 725 726 729 729 733 730 733 735 736 739 739 742 741 745 745 748 747 751 751 754 753 757 757 760 759 763 763 766 765 769 769 771 772 775 775 778 777 781 781 785 783 787 787 790 789 793 793 795 796 799 799 801 802 805 805 807 808 811 811 814 813 817 817 821 819 821 823 824 827 827 830 829 833 833 835 836 839 839 863 842 841 851 861 853 847 845 842 845 847 848 851 851 853 856 855 859 859 861 863 866 865 869 869 872 871 875 875 878 877 881 881 883 884 887 887 889 890 893 893 896 895 899 899 902 901 905 905 907 908 911 911 914 913 917 917 920 919 923 923 926 925 929 929 932 931 935 935 938 937 941 941 943 944 947 947 949 955 955 951 953 955 955 957 958 961 961 963 964 967 967 969 971 971 973 974 977 977 979 980 983 983 985 986 989 989 992 991 995 995 997 998 1001 1001 1004 1003 1007 1007 1009 1010 1013 1013 1015 1016 1019 1019 1022 1021 1025 1025 1027 1028 1031 1031 1033 1034 1037 1037 1040 1039 1043 1043 1046 1045 1049 1049 1053 1050 1053 1056 1055 1060 1059 1059 1063 1063 1066 1065 1069 1069 1071 1072 1075 1075 1077 1078 1081 1081 1084 1083 1087 1087 1090 1089 1093 1093 1095 1096 1099 1099 1101 1102 1105 1105 1107 1108 1111 1111 1113 1114 1117 1117 1119 1120 1123 1123 1125 1126 1129 1129 1131 1132 1135 1135 1137 1138 1141 1141 1144 1143 1147 1147 1150 1149 1153 1153 1156 1155 1159 1159 1161 1163 1165 1165 1168 1167 1171 1171 1174 1173 1177 1177 1181 1179 1183 1183 1185 1186 1189 1189 1192 1191 1195 1195 1197 1198 1201 1201 1203 1204 1207 1207 1210 1209 1213 1213 1215 1216 1219 1219 1221 1222 1225 1225 1228 1227 1231 1231 1233 1243 1243 1235 1237 1243 1243 1239 1243 1241 1243 1245 1246 1249 1249 1251 1252 1255 1255 1258 1257 1261 1261 1264 1263 1267 1267 1270 1269 1273 1273 1276 1275 1279 1279 1281 1282 1285 1285 1287 1288 1291 1291 1294 1293 1297 1297 1300 1299 1303 1303 1305 1306 1309 1309 1312 1311 1315 1315 1318 1317 1321 1321 1324 1323 1327 1327 1330 1329 1333 1333 1335 1336 1339 1339 1341 1342 1345 1345 1348 1347 1351 1351 1354 1353 1357 1357 1360 1359 1363 1363 1365 1367 1369 1369 1372 1371 1375 1375 1378 1377 1381 1381 1383 1384 1387 1387 1391 1389 1391 1395 1393 1397 1397 1401 1398 1401 1403 1404 1407 1407 1410 1409 1413 1413 1416 1415 1419 1419 1422 1421 1425 1425 1428 1427 1431 1431 1434 1433 1437 1437 1439 1440 1443 1443 1445 1446 1449 1449 1451 1452 1455 1455 1458 1457 1461 1461 1464 1463 1467 1467 1469 1470 1473 1473 1476 1475 1479 1479 1482 1481 1485 1485 1487 1495 1495 1489 1491 1495 1495 1492 1495 1498 1497 1501 1501 1504 1503 1507 1507 1509 1510 1513 1513 1516 1515 1519 1519 1522 1521 1525 1525 1527 1529 1531 1531 1547 1533 1535 1539 1536 1539 1539 1543 1541 1545 1545 1547 1549 1550 1553 1553 1556 1555 1559 1559 1561 1562 1565 1565 1567 1568 1571 1571 1573 1575 1577 1577 1579 1581 1581 1584 1583 1587 1587 1597 1589 1592 1591 1595 1595 1597 1599 1600 1603 1603 1605 1606 1609 1609 1611 1612 1615 1615 1617 1618 1621 1621 1624 1623 1627 1627 1630 1629 1633 1633 1636 1635 1639 1639 1641 1642 1645 1645 1647 1648 1651 1651 1653 1654 1657 1657 1659 1660 1663 1663 1666 1665 1669 1669 1671 1673 1673 1675 1676 1679 1679 1681 1682 1685 1685 1687 1688 1691 1691 1694 1693 1697 1697 1699 1700 1703 1703 1705 1706 1709 1709 1712 1711 1715 1715 1717 1719 1721 1721 1723 1724 1727 1727 1729 1731 1733 1733 1735 1736 1739 1739 1743 1741 1745 1745 1747 1750 1748 1753 1755 1753 1755 1758 1757 1761 1761 1764 1763 1767 1767 1770 1769 1773 1773 1776 1775 1779 1779 1782 1781 1785 1785 1787 1788 1791 1791 1794 1793 1797 1797 1799 1800 1803 1803 1805 1806 1809 1809 1811 1812 1815 1815 1818 1817 1821 1821 1824 1823 1827 1827 1829 1830 1833 1833 1835 1836 1839 1839 1841 1842 1845 1845 1848 1847 1851 1851 1853 1854 1857 1857 1877 1859 1873 1869 1875 1867 1871 1860 1863 1867 1867 1865 1867 1869 1871 1873 1875 1877 1879 1880 1883 1883 1886 1885 1889 1889 1891 1892 1895 1895 1897 1898 1901 1901 1904 1903 1907 1907 1909 1910 1913 1913 1916 1915 1919 1919 1921 1922 1925 1925 1928 1927 1931 1931 1933 1934 1937 1937 1940 1939 1943 1943 1945 1946 1949 1949 1951 1952 1955 1955 1958 1957 1961 1961 1964 1963 1967 1967 1970 1969 1973 1973 1977 1975 1977 1980 1979 1983 1983 1985 1986 1989 1989 1991 1992 1995 1995 1998 1997 2001 2001 2005 2003 2005 2008 2007 2011 2011 2013 2014 2017 2017 2019 2020 2023 2023 2027 2025 2027 2030 2029 2033 2033 2036 2035 2039 2040 2039 2043 2043 2045 2046 2049 2049 2051 2052 2055 2055 2057 2058 2061 2061 2063 2064 2067 2067 2070 2069 2073 2073 2075 2076 2079 2079 2081 2082 2085 2085 2087 2088 2091 2091 2093 2094 2097 2097 2099 2100 2103 2103 2106 2105 2109 2109 2111 2112 2115 2115 2117 2118 2121 2121 2123 2124 2127 2127 2130 2129 2133 2133 2136 2135 2139 2139 2141 2142 2145 2145 2148 2147 2151 2151 2152 2155 2155 2158 2157 2161 2161 2163 2164 2167 2167 2171 2168 2171 2174 2173 2177 2177 2179 2181 2183 2183 2185 2186 2189 2189 2195 2191 2193 2207 2193 2195 2199 2197 2207 2203 2200 2200 2209 2205 2203 2205 2207 2210 2209 2213 2213 2215 2216 2219 2219 2222 2221 2225 2225 2228 2227 2231 2231 2233 2234 2237 2237 2240 2239 2243 2243 2245 2247 2247 2255 2249 2250 2257 2253 2253 2255 2257 2259 2259 2263 2261 2265 2265 2268 2267 2271 2271 2347 2273 2349 2275 2277 2277 2335 2325 2281 2337 2341 2343 2330 2279 2283 2283 2284 2287 2289 2289 2290 2325 2293 2321 2295 2295 2296 2299 2301 2301 2302 2305 2307 2307 2311 2308 2313 2313 2321 2316 2314 2325 2318 2318 2322 2321 2325 2327 2325 2327 2329 2330 2333 2333 2335 2337 2339 2339 2341 2343 2345 2345 2347 2349 2351 2351 2354 2353 2357 2357 2401 2361 2359 2373 2363 2363 2365 2367 2369 2369 2371 2373 2375 2375 2377 2379 2381 2381 2383 2395 2390 2392 2384 2389 2386 2390 2390 2392 2395 2397 2399 2399 2401 2403 2404 2407 2407 2409 2410 2413 2413 2415 2416 2419 2419 2421 2422 2425 2425 2427 2428 2431 2431 2434 2433 2437 2437 2439 2440 2443 2443 2445 2447 2449 2449 2451 2452 2455 2455 2457 2458 2461 2461 2464 2463 2467 2467 2469 2470 2473 2473 2477 2475 2479 2479 2482 2481 2485 2485 2488 2487 2494 2494 2493 3 4 2495
7 7 8 11 11 14 13 16 19 19 19 22 21 25 25 28 27 31 31 33 35 37 37 39 41 43 43 47 45 49 49 51 52 55 55 58 57 61 61 64 63 67 67 71 69 73 73 76 75 79 79 81 82 85 85 87 89 91 91 93 94 97 97 99 100 103 103 105 106 109 109 112 111 115 115 117 118 121 121 123 124 127 127 129 130 133 133 136 135 139 139 141 142 145 145 148 147 151 151 153 154 157 157 160 159 163 163 166 165 169 169 172 171 175 175 178 177 181 181 183 184 187 187 190 189 193 193 196 195 199 199 201 202 205 205 207 208 211 211 213 214 217 217 219 220 223 223 226 225 229 229 231 232 235 235 238 237 241 241 244 243 247 247 249 250 253 253 256 255 259 259 263 261 265 265 268 267 271 271 273 274 277 277 279 280 283 283 285 286 289 289 291 292 295 295 298 297 301 301 304 303 307 307 311 309 313 313 316 315 319 319 322 321 325 325 328 327 331 331 334 333 337 337 339 340 343 343 344 347 347 349 350 353 353 356 355 359 359 362 361 365 365 369 367 371 371 374 373 377 377 380 379 383 383 385 386 389 389 391 392 395 395 397 398 401 401 403 405 407 407 409 411 411 414 413 417 417 419 420 423 423 425 426 429 429 431 432 435 435 439 437 439 442 441 445 445 448 447 451 451 453 454 457 457 459 460 463 463 465 466 469 469 471 472 475 475 477 478 481 481 484 483 487 487 488 492 491 491 495 495 497 499 501 501 503 504 507 507 509 510 513 513 515 520 517 519 523 523 523 525 526 529 529 532 531 535 535 538 537 541 541 543 544 547 547 550 549 553 553 555 556 559 559 562 561 565 565 568 567 571 571 573 574 577 577 579 580 583 583 585 586 589 589 590 593 593 596 595 599 599 601 602 605 605 607 608 611 611 613 614 617 617 620 619 623 623 625 626 629 629 632 631 635 635 637 638 641 641 643 644 647 647 649 650 653 653 656 655 659 659 662 661 665 665 668 667 671 671 674 673 677 677 679 680 683 683 685 686 689 689 692 691 695 695 698 697 701 701 703 704 707 707 710 709 713 713 716 715 719 719 722 721 725 725 727 728 731 731 735 733 737 737 740 739 743 743 746 745 749 749 752 751 755 755 758 757 761 761 763 767 769 764 771 769 771 774 773 777 777 780 779 783 783 786 785 789 789 791 792 795 795 798 797 801 801 803 804 807 807 810 809 813 813 815 816 819 819 823 821 824 827 827 827 829 830 833 833 835 836 839 839 841 842 845 845 847 848 851 851 854 853 857 857 860 859 863 863 866 865 869 869 872 871 875 875 878 877 881 881 884 883 887 887 889 890 893 893 895 896 899 899 901 902 905 905 908 907 911 911 913 914 917 917 920 919 923 923 925 926 929 929 931 932 935 935 938 937 941 941 943 944 947 947 950 949 953 953 955 956 962 962 961 3 4 963
1164 1164 2 5 7 7 9 11 13 13 17 15 19 19 21 23 23 27 24 29 29 30 33 35 35 39 36 41 41 45 42 47 47 51 48 51 52 55 57 57 58 61 63 63 67 64 69 69 69 73 74 70 77 77 81 78 83 83 85 87 89 87 91 91 95 92 97 97 98 101 103 103 104 107 109 109 113 110 115 115 116 119 121 121 123 125 126 125 129 129 130 133 135 135 137 139 141 143 145 145 149 147 151 151 155 153 157 143 143 157 158 161 163 141 163 164 167 169 169 170 173 175 175 177 179 181 181 185 183 187 187 191 189 193 169 175 181 193 197 195 199 199 200 203 205 205 206 209 211 211 215 212 217 218 217 221 221 217 225 225 223 229 226 231 231 235 233 237 237 241 238 243 243 245 247 247 247 251 248 253 253 254 257 259 259 263 260 259 265 265 269 266 271 271 274 272 276 278 276 278 278 282 271 280 265 253 287 284 289 291 293 295 293 296 291 295 289 299 299 303 300 305 305 309 306 311 311 315 312 317 317 321 319 323 323 325 327 327 331 328 331 332 335 337 337 338 341 343 343 347 344 349 349 350 353 355 355 356 359 361 361 365 362 367 367 369 371 373 373 377 374 379 379 381 383 385 385 389 387 391 391 392 395 395 399 396 399 401 403 405 405 406 409 411 411 415 412 417 417 421 418 423 423 424 427 429 429 433 430 435 435 439 436 441 441 445 442 447 445 449 449 453 450 455 455 459 456 461 461 465 462 467 467 468 471 473 473 474 477 479 479 480 483 485 485 489 486 491 491 491 491 492 494 496 499 501 502 501 505 505 506 509 511 511 515 512 517 518 517 521 521 525 522 527 527 531 528 533 533 537 534 539 539 540 543 545 545 547 545 551 548 553 553 554 557 559 559 560 563 565 565 569 566 571 571 575 572 577 577 578 581 583 583 587 584 589 589 593 590 595 595 596 599 601 601 602 605 607 607 608 611 613 613 614 613 617 619 619 623 620 625 625 629 626 631 631 633 635 637 637 638 641 643 643 644 647 649 649 650 653 655 655 659 656 661 661 665 662 667 667 669 671 671 672 675 677 677 678 681 683 683 687 684 689 689 693 690 695 695 696 699 701 701 702 705 707 707 711 708 713 713 713 719 717 714 721 721 725 722 727 727 728 731 733 733 734 737 739 739 740 743 745 745 746 749 751 751 752 755 757 757 758 761 763 763 764 767 769 769 773 770 775 775 779 776 781 781 782 785 787 787 791 788 793 793 797 794 799 799 803 800 805 805 806 809 811 811 815 812 817 817 818 821 823 823 827 824 829 830 829 833 833 837 834 839 839 840 843 845 845 846 849 851 851 852 855 857 857 858 861 863 863 864 867 869 869 873 870 875 875 876 879 881 881 885 883 887 887 888 891 893 893 894 897 899 899 903 900 905 905 909 906 911 911 912 915 917 919 917 921 921 925 922 927 927 928 931 933 934 933 937 937 941 938 943 943 947 944 949 949 950 953 955 955 959 956 961 962 961 965 965 969 966 971 971 975 972 977 977 981 978 983 983 984 987 989 989 990 993 995 997 999 1001 1003 1005 1007 1003 997 995 1005 999 1007 1009 1001 1011 1012 1011 1014 1011 1016 1011 1011 1018 1011 1020 1023 1011 1025 1011 1027 1027 1028 1031 1033 1033 1034 1037 1039 1039 1040 1043 1045 1045 1049 1049 1046 1050 1053 1055 1055 1056 1059 1061 1061 1062 1065 1067 1067 1069 1071 1073 1073 1077 1074 1079 1079 1080 1083 1085 1085 1086 1089 1091 1091 1095 1092 1097 1097 1101 1101 1098 1103 1105 1107 1107 1111 1108 1113 1113 1114 1117 1119 1119 1123 1123 1120 1127 1125 1129 1129 1133 1135 1130 1133 1137 1139 1137 1141 1143 1144 1144 1146 1141 1143 1149 1149 1153 1150 1155 1155 1163 1156 1159 1165
964 964 3 5 5 9 6 11 11 15 12 17 17 19 21 23 23 24 27 29 29 30 33 35 35 39 37 41 41 45 42 47 47 51 48 53 53 57 54 59 59 63 60 65 65 69 66 71 71 75 72 77 77 81 78 83 83 84 87 89 89 93 90 95 95 96 99 101 101 105 102 107 107 111 108 113 113 117 114 119 119 123 120 125 125 129 126 131 131 132 135 137 137 138 141 143 143 147 144 149 149 150 153 150 157 154 159 159 163 160 165 165 169 166 171 171 172 175 177 177 181 178 183 183 185 187 189 189 189 195 193 190 197 197 198 201 203 203 207 204 209 209 213 211 215 215 216 219 221 221 225 222 227 227 231 228 233 233 234 237 239 239 243 240 245 245 249 246 251 251 255 255 257 258 252 261 261 265 262 267 267 268 271 273 273 274 277 279 279 280 283 285 285 286 289 291 291 292 295 297 297 301 298 301 305 302 307 307 308 311 313 313 314 317 319 319 320 323 325 327 325 329 329 330 333 335 335 339 336 341 341 342 345 347 347 351 348 353 353 357 354 359 359 361 363 365 365 369 366 371 371 372 375 377 377 381 378 383 383 384 387 389 389 390 393 395 395 399 396 401 401 402 405 407 407 411 408 413 413 414 417 419 419 420 423 425 425 426 429 431 431 435 432 437 437 441 438 443 443 444 447 449 449 450 453 455 455 456 459 461 461 465 465 463 466 469 471 471 472 475 477 477 481 478 483 483 487 488 484 487 491 491 495 492 497 497 498 501 503 503 507 504 509 509 511 513 515 515 516 519 521 521 522 525 525 529 526 531 531 535 532 537 537 538 541 543 543 547 544 549 549 553 550 555 555 556 559 561 561 562 565 567 567 571 568 573 573 577 574 579 579 581 583 583 587 584 589 589 593 590 595 595 599 596 599 600 603 605 605 606 609 611 611 612 615 617 617 618 621 623 623 627 624 629 629 633 630 635 635 639 636 641 641 645 642 647 647 651 649 653 653 654 657 659 659 663 661 665 665 669 666 671 671 673 675 677 677 681 678 683 683 687 684 689 689 690 693 695 695 699 696 701 701 705 702 707 707 708 711 713 713 714 717 719 719 720 723 725 725 726 729 731 731 735 732 737 737 738 741 743 743 744 747 749 749 750 753 755 755 759 756 761 761 762 765 767 767 771 768 773 773 777 774 779 779 780 783 785 785 786 789 791 791 792 795 797 797 801 798 803 803 807 804 809 809 813 810 815 815 819 816 821 821 825 822 827 827 828 831 833 833 834 837 839 839 843 840 845 845 849 846 851 851 852 855 857 857 861 858 863 863 867 867 864 869 871 873 873 877 874 879 879 880 883 885 885 889 887 891 891 892 895 897 897 901 898 903 905 903 907 907 911 908 913 913 914 917 919 919 923 920 925 925 926 929 931 931 935 933 937 937 939 941 941 945 942 947 949 951 947 951 952 949 955 955 963 959 956 965
456 2 2 4 7 8 8 13 10 14 14 19 16 20 20 22 25 26 26 28 31 32 32 34 36 38 38 43 40 44 44 46 49 50 50 52 55 56 56 58 61 62 62 64 67 68 68 73 70 74 74 79 76 80 80 82 85 86 86 88 91 92 92 97 94 98 98 100 103 104 104 109 106 110 110 115 112 116 116 118 120 120 122 125 126 126 128 131 132 132 134 137 138 138 143 140 144 144 146 149 150 150 155 152 156 156 161 158 162 162 164 167 168 168 173 170 174 174 179 176 180 180 182 185 186 186 188 191 192 192 194 197 198 198 200 203 204 204 209 206 210 210 215 212 216 216 218 221 222 222 227 224 228 228 233 230 234 234 236 239 240 240 242 245 246 246 248 251 252 252 254 257 258 258 263 260 264 264 266 269 270 270 275 272 276 276 278 281 282 282 284 287 288 288 290 293 294 294 296 299 300 300 305 302 306 306 308 311 311 312 315 316 316 318 321 322 324 322 324 328 331 326 332 332 337 334 338 340 338 342 342 347 344 348 348 353 350 354 354 359 356 360 360 365 362 366 366 368 371 372 372 377 374 378 378 380 383 384 384 386 389 390 390 395 392 396 396 401 398 402 402 407 404 408 408 410 413 414 414 419 416 420 420 422 425 426 426 428 431 432 432 434 437 438 438 440 443 444 444 449 446 455 450 457
3152 3 3 6 5 9 9 12 11 15 15 17 18 21 21 24 23 27 27 30 29 33 33 36 35 39 39 41 42 45 45 48 47 51 51 54 53 57 57 59 60 63 63 65 66 69 69 71 72 75 75 77 78 81 81 83 84 87 87 90 89 93 93 95 96 99 99 102 101 105 105 107 108 111 111 114 113 117 117 119 120 123 123 126 125 129 129 132 131 135 135 138 137 141 141 143 144 147 147 150 149 153 153 155 157 157 159 160 163 163 165 166 169 169 171 172 175 175 177 178 181 181 183 184 187 187 190 189 193 193 196 195 199 199 202 201 205 205 208 207 211 211 214 213 217 217 220 219 223 223 225 226 229 229 232 231 235 235 237 238 241 241 243 244 247 247 249 250 253 253 256 255 259 259 262 261 265 265 268 267 271 271 273 274 277 277 279 280 283 283 285 286 289 289 291 292 295 295 298 297 301 301 303 304 307 307 309 310 313 313 315 316 319 319 321 322 325 325 327 328 331 331 333 334 337 337 340 339 343 343 346 345 349 349 351 352 355 355 358 357 361 361 364 363 367 367 369 370 373 373 375 376 379 379 381 383 383 386 385 389 389 392 391 395 395 397 398 401 401 403 404 407 407 409 410 413 413 416 415 419 419 422 421 425 425 428 427 431 431 434 433 437 437 439 440 443 443 446 445 449 449 452 451 455 455 458 457 461 461 464 463 467 467 469 470 473 473 475 476 479 479 481 482 485 485 488 487 491 491 493 494 497 499 497 501 501 504 503 507 507 509 510 513 513 515 516 519 519 521 522 525 525 527 528 531 531 534 533 537 537 539 540 543 543 546 545 549 549 552 551 555 555 557 558 561 561 564 563 567 567 569 570 573 573 576 575 579 579 581 582 585 585 588 587 591 591 593 594 597 597 599 600 603 603 606 605 609 609 612 611 615 615 618 617 621 621 624 623 627 627 629 630 633 633 636 635 639 639 642 641 645 645 647 648 651 651 653 654 657 658 657 661 661 663 664 667 667 669 670 673 673 675 676 679 679 682 681 685 685 688 687 691 691 694 693 697 697 700 699 703 703 706 705 709 709 712 711 715 715 717 718 721 721 723 724 727 727 729 730 733 733 735 736 739 739 742 741 745 745 747 748 751 751 754 753 757 757 759 760 763 763 766 765 769 769 771 772 775 775 777 778 781 781 784 783 787 787 789 790 793 794 793 797 797 799 800 803 803 805 806 809 809 812 811 815 815 817 818 821 821 823 824 827 827 829 830 833 833 836 835 839 839 842 841 845 845 847 848 851 851 853 854 857 857 860 859 863 863 865 866 869 869 872 871 875 875 878 877 881 881 883 884 887 887 889 890 893 893 896 895 899 899 901 902 905 905 908 907 911 911 914 913 917 917 920 919 923 923 925 926 929 929 931 932 935 935 937 938 941 941 944 943 947 947 949 950 953 953 956 955 959 959 962 961 965 965 968 967 971 971 973 974 977 977 980 979 983 983 986 985 989 989 991 992 995 995 998 997 1001 1001 1003 1004 1007 1007 1009 1010 1013 1013 1016 1015 1019 1019 1021 1022 1025 1025 1028 1027 1031 1031 1034 1033 1037 1037 1039 1040 1043 1043 1046 1045 1049 1049 1051 1052 1055 1055 1057 1058 1061 1061 1064 1063 1067 1067 1070 1069 1073 1073 1076 1075 1079 1079 1081 1082 1085 1085 1087 1088 1091 1091 1094 1093 1097 1097 1099 1100 1103 1103 1105 1106 1109 1109 1112 1111 1115 1115 1118 1117 1121 1121 1124 1123 1127 1127 1129 1130 1133 1133 1136 1135 1139 1139 1141 1142 1145 1145 1147 1148 1151 1151 1153 1154 1157 1157 1160 1159 1163 1163 1165 1166 1169 1169 1171 1172 1175 1175 1178 1177 1181 1181 1184 1183 1187 1187 1189 1190 1193 1193 1196 1195 1199 1199 1201 1202 1205 1205 1208 1207 1211 1211 1213 1214 1217 1217 1220 1219 1223 1223 1226 1225 1229 1229 1232 1231 1235 1235 1237 1238 1241 1241 1243 1244 1247 1247 1250 1249 1253 1253 1255 1256 1259 1259 1262 1261 1265 1265 1268 1267 1271 1271 1274 1273 1277 1278 1277 1281 1281 1284 1283 1287 1287 1290 1289 1293 1293 1296 1295 1299 1299 1302 1301 1305 1305 1308 1307 1311 1311 1314 1313 1317 1317 1320 1319 1323 1323 1326 1325 1329 1329 1331 1332 1335 1335 1337 1338 1341 1341 1344 1343 1347 1347 1349 1350 1353 1353 1356 1355 1359 1359 1362 1361 1365 1365 1368 1367 1371 1371 1374 1373 1377 1377 1379 1380 1383 1383 1386 1385 1389 1389 1391 1392 1395 1395 1397 1398 1401 1401 1404 1403 1407 1407 1410 1409 1413 1413 1416 1415 1419 1419 1421 1422 1425 1425 1428 1427 1431 1431 1433 1434 1437 1437 1440 1439 1443 1443 1446 1445 1449 1449 1452 1451 1455 1455 1458 1457 1461 1461 1464 1463 1467 1467 1469 1470 1473 1473 1476 1475 1479 1479 1482 1481 1485 1485 1488 1487 1491 1491 1493 1494 1497 1497 1500 1499 1503 1503 1506 1505 1509 1509 1512 1511 1515 1515 1518 1517 1521 1521 1523 1524 1527 1527 1529 1530 1533 1533 1536 1535 1539 1540 1539 1543 1543 1545 1546 1549 1549 1552 1551 1555 1555 1558 1557 1561 1561 1563 1564 1567 1567 1570 1569 1573 1573 1575 1576 1579 1581 1581 1583 1584 1587 1587 1590 1589 1593 1593 1595 1597 1599 1599 1601 1602 1605 1605 1607 1608 1611 1611 1615 1613 1613 1617 1618 1621 1621 1624 1623 1627 1627 1629 1631 1631 1634 1633 1637 1637 1639 1640 1643 1643 1646 1645 1649 1649 1649 1651 1653 1654 1657 1659 1659 1657 1663 1661 1664 1667 1669 1667 1669 1672 1675 1671 1677 1677 1680 1679 1683 1683 1686 1685 1689 1689 1691 1692 1695 1695 1699 1697 1701 1701 1703 1705 1703 1708 1707 1711 1711 1713 1714 1717 1717 1720 1719 1723 1723 1726 1725 1729 1729 1733 1731 1735 1735 1738 1737 1741 1741 1744 1743 1747 1747 1749 1750 1753 1753 1755 1757 1755 1759 1760 1763 1764 1763 1767 1767 1769 1770 1773 1773 1775 1776 1779 1779 1781 1782 1785 1785 1787 1788 1791 1791 1794 1793 1797 1797 1799 1800 1803 1803 1807 1805 1809 1809 1812 1811 1815 1815 1818 1817 1821 1821 1824 1823 1827 1827 1830 1829 1833 1833 1835 1836 1839 1839 1842 1841 1845 1847 1845 1850 1847 1853 1849 1855 1855 1858 1857 1861 1861 1863 1865 1867 1869 1867 1871 1871 1875 1873 1875 1878 1877 1881 1881 1885 1883 1883 1888 1887 1891 1891 1893 1894 1897 1897 1899 1900 1903 1903 1906 1905 1909 1909 1912 1911 1915 1915 1919 1917 1921 1921 1924 1923 1927 1927 1930 1929 1933 1933 1936 1935 1939 1941 1939 1941 1944 1943 1947 1949 1949 1951 1952 1955 1955 1958 1957 1961 1961 1963 1965 1967 1967 1969 1970 1973 1973 1975 1977 1979 1979 1977 1983 1981 1984 1987 1987 1990 1989 1993 1995 1993 1995 1998 2001 1997 2003 2001 2006 2003 2009 2005 2011 2011 2013 2014 2017 2017 2019 2020 2023 2023 2025 2026 2029 2029 2031 2032 2035 2035 2037 2038 2041 2041 2043 2044 2047 2047 2049 2050 2053 2053 2055 2056 2059 2059 2062 2061 2065 2065 2068 2067 2071 2071 2073 2074 2077 2077 2080 2079 2083 2083 2084 2087 2087 2090 2089 2093 2093 2095 2096 2099 2099 2102 2101 2105 2105 2108 2107 2111 2111 2114 2113 2117 2117 2120 2119 2123 2123 2125 2126 2129 2129 2132 2131 2135 2135 2138 2137 2141 2141 2143 2144 2147 2147 2150 2149 2153 2153 2155 2156 2159 2159 2163 2161 2159 2165 2166 2169 2169 2171 2172 2175 2175 2177 2178 2181 2183 2181 2183 2186 2189 2185 2191 2191 2193 2194 2197 2197 2199 2200 2203 2203 2206 2205 2209 2209 2211 2212 2215 2217 2215 2217 2220 2219 2223 2225 2225 2228 2227 2231 2231 2235 2233 2237 2239 2237 2242 2239 2245 2241 2247 2247 2251 2249 2247 2254 2253 2257 2259 2257 2262 2259 2265 2265 2267 2268 2261 2271 2271 2274 2273 2277 2277 2279 2280 2283 2283 2286 2285 2289 2289 2291 2292 2295 2295 2298 2297 2301 2301 2304 2303 2307 2307 2311 2309 2313 2313 2315 2316 2319 2319 2322 2321 2325 2325 2327 2328 2331 2333 2333 2336 2335 2339 2339 2342 2341 2345 2345 2348 2347 2351 2351 2354 2353 2357 2357 2359 2360 2363 2363 2365 2366 2369 2369 2372 2371 2375 2375 2378 2377 2381 2381 2383 2384 2387 2387 2389 2390 2393 2393 2396 2395 2399 2399 2402 2401 2405 2405 2407 2408 2411 2411 2413 2414 2417 2417 2420 2419 2423 2423 2426 2425 2429 2431 2429 2433 2433 2435 2436 2439 2439 2441 2442 2445 2445 2448 2447 2451 2451 2454 2453 2457 2457 2459 2460 2463 2463 2466 2465 2469 2469 2472 2471 2475 2475 2478 2477 2481 2481 2483 2484 2487 2488 2487 2491 2491 2493 2494 2497 2497 2499 2500 2503 2503 2505 2506 2509 2509 2512 2511 2515 2515 2518 2517 2521 2521 2524 2523 2527 2527 2530 2529 2533 2533 2535 2536 2539 2539 2542 2541 2545 2545 2548 2547 2551 2551 2553 2554 2557 2557 2560 2559 2563 2563 2566 2565 2569 2569 2571 2572 2575 2575 2578 2577 2581 2581 2583 2584 2587 2587 2589 2590 2593 2593 2595 2596 2599 2599 2602 2601 2605 2605 2608 2607 2611 2613 2611 2615 2615 2618 2617 2621 2621 2623 2624 2627 2627 2630 2629 2633 2633 2635 2636 2639 2639 2641 2642 2645 2647 2647 2650 2649 2653 2655 2655 2658 2657 2661 2661 2663 2664 2667 2667 2670 2669 2673 2673 2675 2676 2679 2679 2682 2681 2685 2685 2688 2687 2691 2691 2694 2693 2697 2697 2700 2699 2703 2703 2706 2705 2709 2709 2712 2711 2715 2715 2718 2717 2721 2721 2724 2723 2727 2727 2729 2730 2733 2733 2736 2735 2739 2739 2741 2742 2745 2745 2748 2747 2751 2751 2754 2753 2757 2757 2760 2759 2763 2763 2766 2765 2769 2769 2771 2772 2775 2775 2777 2778 2781 2781 2784 2783 2787 2787 2790 2789 2793 2793 2795 2796 2799 2799 2801 2802 2805 2805 2808 2807 2811 2811 2813 2814 2817 2817 2819 2820 2823 2823 2825 2826 2829 2829 2832 2831 2835 2835 2837 2838 2841 2841 2843 2844 2847 2847 2850 2849 2853 2853 2856 2855 2859 2859 2862 2861 2865 2865 2868 2867 2871 2871 2874 2873 2877 2877 2879 2880 2883 2883 2885 2886 2889 2889 2892 2891 2895 2895 2897 2898 2901 2901 2903 2904 2907 2907 2909 2910 2913 2913 2915 2916 2919 2919 2922 2921 2925 2925 2927 2928 2931 2931 2933 2934 2937 2937 2940 2939 2943 2943 2946 2945 2949 2949 2952 2951 2955 2955 2957 2958 2961 2961 2964 2963 2967 2967 2970 2969 2973 2974 2973 2977 2977 2979 2980 2983 2983 2985 2986 2989 2989 2992 2991 2995 2995 2998 2997 3001 3001 3003 3004 3007 3007 3010 3009 3013 3013 3015 3016 3019 3019 3022 3021 3025 3025 3028 3027 3031 3031 3034 3033 3037 3037 3039 3040 3043 3043 3046 3045 3049 3049 3052 3051 3055 3055 3058 3057 3061 3061 3064 3063 3067 3067 3070 3069 3073 3073 3076 3075 3079 3079 3082 3081 3085 3085 3088 3087 3091 3091 3094 3093 3097 3097 3100 3099 3103 3103 3105 3106 3109 3109 3111 3112 3115 3115 3118 3117 3121 3121 3124 3123 3127 3127 3129 3130 3133 3135 3135 3137 3139 3141 3143 3145 3151 3146 3153
594 3 3 7 5 9 9 13 11 15 15 17 19 21 21 25 23 27 27 29 31 33 33 35 37 39 39 41 43 45 45 49 47 51 51 53 55 57 57 61 59 63 63 65 67 69 69 73 71 75 75 77 79 81 81 83 85 87 89 87 91 91 93 95 97 97 99 101 103 103 105 107 109 109 113 111 115 117 115 117 121 123 119 125 125 129 127 131 131 133 135 137 137 139 141 143 143 147 145 149 149 151 153 155 155 157 159 161 161 165 163 167 167 169 171 173 173 175 177 179 179 183 181 185 185 187 189 191 191 193 195 197 197 201 199 203 203 207 205 205 211 209 213 213 215 217 219 219 223 221 225 225 229 227 231 231 233 235 237 237 241 239 243 243 245 247 245 249 251 253 253 255 257 259 261 259 263 263 267 265 269 269 273 271 275 277 275 277 281 283 279 285 285 289 287 291 291 293 295 297 297 299 301 303 303 305 307 309 309 313 311 315 317 315 319 319 323 321 325 325 327 329 329 333 331 335 335 339 337 341 341 343 345 347 347 351 349 353 353 357 355 359 359 363 361 365 365 369 367 371 371 373 375 377 377 381 379 383 383 387 385 389 389 393 391 395 395 399 397 401 401 403 405 407 407 411 409 413 413 417 415 419 419 423 421 425 425 427 429 431 431 433 435 437 437 441 439 443 443 447 445 449 449 453 451 455 455 459 457 461 461 463 465 465 467 469 471 471 475 473 477 477 481 479 481 485 483 487 487 489 491 493 493 495 497 499 499 503 501 505 505 509 507 511 511 513 515 517 517 519 521 523 523 525 527 529 529 531 533 535 535 537 539 541 541 543 545 547 547 549 551 553 553 555 557 559 559 561 563 565 565 567 569 571 571 573 575 577 577 579 581 583 583 585 587 593 589 595

594 3 3 7 5 9 9 13 11 15 15 17 19 21 21 25 23 27 27 29 31 33 33 35 37 39 39 41 43 45 45 49 47 51 51 53 55 57 57 61 59 63 63 65 67 69 69 73 71 75 75 77 79 81 81 83 85 87 89 87 91 91 93 95 97 97 99 101 103 103 105 107 109 109 113 111 115 117 115 117 121 123 119 125 125 129 127 131 131 133 135 137 137 139 141 143 143 147 145 149 149 151 153 155 155 157 159 161 161 165 163 167 167 169 171 173 173 175 177 179 179 183 181 185 185 187 189 191 191 193 195 197 197 201 199 203 203 207 205 205 211 209 213 213 215 217 219 219 223 221 225 225 229 227 231 231 233 235 237 237 241 239 243 243 245 247 245 249 251 253 253 255 257 259 261 259 263 263 267 265 269 269 273 271 275 277 275 277 281 283 279 285 285 289 287 291 291 293 295 297 297 299 301 303 303 305 307 309 309 313 311 315 317 315 319 319 323 321 325 325 327 329 329 333 331 335 335 339 337 341 341 343 345 347 347 351 349 353 353 357 355 359 359 363 361 365 365 369 367 371 371 373 375 377 377 381 379 383 383 387 385 389 389 393 391 395 395 399 397 401 401 403 405 407 407 411 409 413 413 417 415 419 419 423 421 425 425 427 429 431 431 433 435 437 437 441 439 443 443 447 445 449 449 453 451 455 455 459 457 461 461 463 465 465 467 469 471 471 475 473 477 477 481 479 481 485 483 487 487 489 491 493 493 495 497 499 499 503 501 505 505 509 507 511 511 513 515 517 517 519 521 523 523 525 527 529 529 531 533 535 535 537 539 541 541 543 545 547 547 549 551 553 553 555 557 559 559 561 563 565 565 567 569 571 571 573 575 577 577 579 581 583 583 585 587 593 589 595
92 2 2 4 6 8 8 10 12 14 14 16 18 20 20 22 24 26 26 28 30 32 32 36 34 38 38 40 42 44 44 46 48 50 50 52 54 56 56 58 60 62 62 64 66 68 68 70 72 74 74 76 78 80 80 84 82 91 86 93
448 2 2 6 5 8 8 11 12 14 14 17 18 20 20 23 24 26 26 29 30 32 32 35 36 38 38 42 41 44 44 47 48 50 50 53 54 56 56 60 59 62 62 66 65 68 68 68 72 71 74 74 77 78 80 80 84 83 86 86 90 89 92 92 95 96 98 98 102 101 104 104 108 107 110 110 113 114 116 116 119 120 122 122 125 126 128 130 130 134 133 136 136 140 139 142 142 146 145 148 148 152 150 154 154 156 158 160 160 164 163 166 166 170 168 172 172 174 176 176 179 180 182 182 185 186 188 188 190 192 194 194 196 198 200 200 202 204 206 206 208 210 212 212 214 216 216 219 220 222 222 226 224 228 228 232 230 234 234 238 236 240 240 244 242 246 246 250 250 248 252 254 256 256 259 260 262 262 266 265 268 268 270 272 274 274 277 278 280 280 284 283 286 286 290 289 292 292 296 295 298 298 301 302 304 304 308 307 310 310 314 313 316 316 320 319 322 322 325 326 328 328 331 332 334 334 338 337 340 340 344 343 346 346 349 350 352 352 356 355 358 358 361 362 364 364 368 367 370 370 373 374 376 376 379 380 382 382 385 386 388 388 392 391 394 394 398 397 400 400 403 404 406 406 410 409 412 412 415 416 418 418 422 421 424 424 427 428 430 430 433 434 436 436 439 440 447 442 449
92 2 2 4 6 8 8 10 12 14 14 16 18 20 20 22 24 26 26 28 30 32 32 36 34 38 38 40 42 44 44 46 48 50 50 52 54 56 56 58 60 62 62 64 66 68 68 70 72 74 74 76 78 80 80 84 82 91 86 93
448 2 2 6 5 8 8 11 12 14 14 17 18 20 20 23 24 26 26 29 30 32 32 35 36 38 38 42 41 44 44 47 48 50 50 53 54 56 56 60 59 62 62 66 65 68 68 68 72 71 74 74 77 78 80 80 84 83 86 86 90 89 92 92 95 96 98 98 102 101 104 104 108 107 110 110 113 114 116 116 119 120 122 122 125 126 128 130 130 134 133 136 136 140 139 142 142 146 145 148 148 152 150 154 154 156 158 160 160 164 163 166 166 170 168 172 172 174 176 176 179 180 182 182 185 186 188 188 190 192 194 194 196 198 200 200 202 204 206 206 208 210 212 212 214 216 216 219 220 222 222 226 224 228 228 232 230 234 234 238 236 240 240 244 242 246 246 250 250 248 252 254 256 256 259 260 262 262 266 265 268 268 270 272 274 274 277 278 280 280 284 283 286 286 290 289 292 292 296 295 298 298 301 302 304 304 308 307 310 310 314 313 316 316 320 319 322 322 325 326 328 328 331 332 334 334 338 337 340 340 344 343 346 346 349 350 352 352 356 355 358 358 361 362 364 364 368 367 370 370 373 374 376 376 379 380 382 382 385 386 388 388 392 391 394 394 398 397 400 400 403 404 406 406 410 409 412 412 415 416 418 418 422 421 424 424 427 428 430 430 433 434 436 436 439 440 447 442 449
1502 3 3 7 5 9 9 13 11 15 15 17 19 21 21 23 25 25 29 27 31 31 35 33 37 37 39 41 43 43 45 47 47 51 49 53 55 53 57 57 61 59 63 63 67 65 69 69 71 73 75 75 79 77 81 81 85 83 87 87 89 91 93 93 97 95 99 99 103 101 105 105 107 109 111 111 115 113 117 117 119 121 123 123 125 127 129 129 131 133 135 135 139 137 141 141 145 143 147 147 149 151 153 153 157 155 159 159 163 161 165 165 167 169 171 171 173 175 177 177 181 179 183 183 185 187 189 191 189 193 193 195 197 199 199 201 203 205 205 207 209 211 211 213 215 217 217 219 221 223 223 225 227 229 229 233 231 235 235 237 239 241 241 243 245 247 247 249 251 253 253 257 255 259 259 263 261 265 265 267 269 271 271 275 273 277 277 279 281 283 283 285 287 289 291 289 291 295 297 293 299 299 301 303 305 305 309 307 311 311 315 313 317 317 319 321 323 323 327 325 329 329 333 331 335 335 337 339 341 341 343 345 347 347 349 351 353 353 357 355 359 359 361 363 365 365 367 369 371 371 375 373 377 377 379 381 383 383 385 387 389 389 393 391 395 395 399 397 401 401 403 405 407 407 411 409 413 413 417 415 419 419 423 421 425 425 429 427 431 433 433 437 435 439 439 443 441 445 445 449 447 451 451 455 453 457 457 461 459 463 463 467 465 469 469 473 471 475 475 477 479 481 481 485 483 487 487 491 489 431 493 495 495 499 497 501 501 503 505 507 507 509 511 513 513 515 517 519 519 521 523 525 525 529 527 531 531 533 535 537 537 541 539 543 545 543 549 545 551 547 553 553 555 557 559 559 561 563 565 565 567 569 571 571 575 573 577 577 579 581 583 583 587 585 589 589 591 593 595 595 597 599 601 601 603 605 607 607 609 611 613 613 617 615 619 621 621 623 625 627 627 629 631 633 633 635 637 639 639 641 643 645 645 647 649 651 651 653 655 657 657 659 661 663 663 665 667 669 669 673 671 675 675 677 679 681 681 683 685 687 687 691 689 693 693 695 697 699 699 701 703 705 705 707 709 711 711 714 713 717 717 719 721 723 723 725 727 729 731 731 733 735 737 737 739 741 743 743 747 745 749 749 753 751 755 755 757 759 761 761 763 765 767 767 771 769 773 773 775 777 779 779 781 783 785 785 789 787 791 791 795 793 797 797 801 799 803 803 805 807 809 809 813 811 815 815 819 817 821 821 825 823 827 827 829 831 833 833 837 835 839 839 841 843 845 845 849 847 851 851 855 853 857 857 859 861 863 863 867 865 869 869 871 873 873 877 875 879 879 883 881 885 885 887 889 891 891 893 895 897 897 899 901 903 903 907 905 909 909 913 911 915 915 917 919 921 921 923 925 927 927 929 931 933 933 937 935 939 939 941 943 945 945 947 949 951 951 953 955 957 957 959 961 963 963 967 965 969 969 971 973 975 975 979 977 981 981 985 983 987 987 991 989 993 993 997 995 999 999 1001 1003 1005 1005 1009 1007 1011 1011 1015 1013 1017 1017 1021 1019 1023 1023 1025 1027 1029 1029 1033 1031 1035 1035 1039 1037 1041 1041 1043 1045 1047 1047 1049 1051 1053 1053 1055 1057 1059 1059 1063 1061 1065 1065 1069 1067 1071 1071 1073 1075 1077 1077 1081 1079 1083 1083 1085 1087 1089 1089 1091 1093 1095 1095 1099 1097 1101 1101 1103 1105 1107 1107 1111 1109 1113 1113 1115 1117 1119 1119 1121 1123 1125 1125 1129 1127 1131 1131 1133 1135 1137 1137 1139 1141 1143 1143 1147 1145 1149 1149 1151 1153 1155 1155 1159 1157 1161 1161 1165 1163 1167 1167 1169 1171 1173 1173 1175 1177 1179 1179 1181 1183 1185 1185 1187 1189 1191 1191 1195 1193 1197 1197 1199 1201 1203 1203 1205 1207 1209 1209 1213 1211 1215 1215 1219 1217 1221 1221 1223 1225 1227 1227 1229 1231 1233 1233 1235 1237 1239 1239 1241 1243 1245 1247 1249 1251 1253 1253 1255 1257 1259 1259 1263 1261 1265 1265 1269 1267 1271 1271 1273 1275 1277 1277 1281 1279 1283 1283 1285 1287 1289 1289 1291 1293 1295 1297 1297 1301 1299 1303 1303 1307 1305 1309 1309 1311 1313 1315 1315 1319 1317 1321 1321 1325 1323 1327 1327 1329 1331 1333 1335 1337 1339 1341 1343 1345 1345 1349 1347 1351 1353 1355 1357 1359 1361 1363 1363 1367 1365 1369 1369 1373 1371 1375 1375 1377 1379 1381 1383 1385 1387 1385 1389 1389 1391 1393 1395 1397 1399 1401 1403 1403 1405 1407 1409 1409 1411 1413 1415 1415 1417 1419 1421 1421 1425 1423 1427 1427 1431 1429 1433 1435 1435 1439 1437 1441 1441 1443 1445 1447 1447 1449 1451 1453 1453 1455 1457 1459 1459 1463 1461 1465 1467 1465 1471 1469 1473 1475 1477 1479 1479 1483 1481 1485 1485 1487 1489 1491 1491 1495 1493 1501 1497 1503
92 2 2 4 6 8 8 10 12 14 14 16 18 20 20 22 24 26 26 28 30 32 32 36 34 38 38 40 42 44 44 46 48 50 50 52 54 56 56 58 60 62 62 64 66 68 68 70 72 74 74 76 78 80 80 84 82 91 86 93
92 2 2 4 6 8 8 10 12 14 14 16 18 20 20 22 24 26 26 28 30 32 32 36 34 38 38 40 42 44 44 46 48 50 50 52 54 56 56 58 60 62 62 64 66 68 68 70 72 74 74 76 78 80 80 84 82 91 86 93




5 6 7
5 7 9 9 11 13 15 15 19 17 21 21 23 25 27 27 31 29 33 33 35 36 39 39 43 41 43 45 46 49 55 51 49 53 53 55 57 58 61 61 63 65 67 67 72 69 71 75 75 75 77 79 81 81 85 83 87 87 91 89 93 93 97 95 99 99 109 101 105 103 105 109 107 109 111 113 115 115 117 119 121 121 123 125 127 127 130 129 133 135 133 137 137 141 139 143 143 147 145 149 149 153 151 155 155 159 157 161 161 165 163 167 167 171 169 173 173 175 177 179 179 183 181 185 185 187 189 189 191 193 195 195 197 199 201 201 205 203 207 207 211 209 213 213 217 215 219 219 221 223 225 225 229 227 231 231 233 235 237 237 241 239 243 243 247 245 249 249 253 251 255 255 259 257 261 261 263 265 267 267 271 269 273 273 275 277 279 279 283 281 285 285 289 287 291 291 295 293 297 297 299 301 303 303 305 307 309 309 313 311 315 315 317 319 319 321 323 325 325 329 327 331 331 335 333 337 337 341 339 343 343 345 347 349 349 597 351 355 353 357 357 359 361 363 363 367 365 369 369 371 373 375 375 379 377 381 381 385 383 387 387 391 389 393 393 397 395 399 399 403 401 403 407 405 409 409 413 411 415 415 419 417 421 421 425 423 427 427 431 429 433 433 437 435 439 439 443 441 445 445 447 449 451 451 453 455 457 457 459 461 463 463 467 465 467 469 471 473 473 475 477 479 479 483 481 483 487 485 489 489 491 493 495 495 497 499 501 501 505 503 507 507 511 509 513 513 515 517 519 519 521 523 525 525 527 529 531 531 533 535 537 537 541 539 543 543 547 545 549 549 553 551 555 555 559 557 561 561 565 563 567 567 571 569 573 573 577 575 579 579 583 581 585 585 587 589 591 591 593 595 597 597 599 600 603 603 605 606 609 609 612 611 615 615 617 618 621 621 622 625 625 627 629 629 633 637 630 634 634 637 639 640 643 643 646 645 649 649 651 652 655 655 658 657 661 661 664 663 667 667 669 894 671 673 673 675 677 679 679 683 681 685 685 689 687 691 691 693 695 697 697 701 699 703 703 707 705 707 711 709 713 713 717 715 719 719 721 723 725 725 727 729 731 731 735 733 737 737 741 739 743 743 747 745 749 749 751 753 755 755 757 759 759 761 763 765 765 767 769 771 771 773 775 777 777 779 781 783 783 787 785 789 789 791 793 795 795 799 797 801 801 805 803 807 807 809 811 813 813 815 817 819 819 821 823 825 825 829 827 831 831 835 833 837 837 841 839 843 843 845 847 849 849 851 853 853 857 855 859 859 861 863 865 865 869 867 871 871 875 873 877 877 879 881 883 883 885 887 889 889 893 891 897 894 898 897 901 901 904 903 907 907 910 909 913 913 917 915 919 919 921 922 925 925 927 928 931 931 933 935 937 937 939 941 943 943 953 944 946 949 950 950 953 956 959 955 961 961 961 964 963 967 967 970 969 973 973 975 976 979 979 983 981 985 985 987 988 991 991 994 993 997 1001 998 998 1001 1003 1004 1007 1007 1011 1012 1009 1015 1012 1015 1017 1018 1021 1021 1024 1023 1027 1027 1029 1030 1033 1033 1037 1035 1039 1039 1049 1040 1045 1042 1046 1046 1049 1052 1054 1051 1057 1054 1058 1057 1061 1061 1064 1063 1067 1067 1070 1069 1073 1073 1075 1076 1079 1079 1082 1081 1085 1085 1087 1088 1091 1091 1093 1094 1097 1097 1099 1100 1103 1103 1109 1104 1107 1111 1109 1111 1113 1114 1117 1119 1117 1121 1121 1124 1123 1127 1127 1129 1130 1133 1133 1135 1136 1139 1139 1143 1141 1145 1145 1148 1147 1151 1151 1154 1153 1157 1157 1159 1161 1163 1163 1165 1169 1170 1167 1173 1170 1175 1173 1177 1177 1179 1180 1183 1183 1186 1185 1189 1189 1192 1191 1195 1195 1199 1197 1201 1201 1204 1203 1207 1207 1209 1210 1213 1217 1217 1215 1217 1215 1229 1217 1223 1220 1219 1227 1224 1224 1227 1229 1231 1234 1233 1237 1237 1240 1239 1243 1243 1245 1246 1249 1249 1252 1251 1255 1255 1258 1257 1261 1261 1263 1267 1265 1268 1271 1268 1274 1271 1273 1279 1277 1277 1281 1281 1283 1285 1287 1287 1289 1290 1290 1292 1295 1296 1296 1302 1301 3 1303
7 7 10 9 13 13 15 16 19 19 22 21 25 25 27 29 45 31 33 33 35 37 37 39 41 43 43 45 49 47 51 51 53 55 57 57 59 61 63 63 65 67 69 69 71 73 73 77 75 79 79 83 81 85 85 87 89 91 91 95 93 97 97 99 101 103 103 105 107 109 109 113 111 115 115 117 125 121 119 123 123 125 129 127 131 131 135 133 137 137 139 141 143 143 147 145 149 149 153 151 155 155 159 157 159 163 161 165 165 169 167 171 171 173 175 177 177 181 179 181 185 183 187 187 189 191 193 193 197 195 199 199 201 203 205 205 209 207 211 211 213 214 217 217 219 221 221 224 223 227 233 229 227 231 231 233 235 236 239 239 241 243 245 245 249 247 250 253 253 253 255 257 259 259 261 263 265 265 269 267 271 271 273 275 277 277 287 279 283 281 283 285 287 287 289 291 293 293 295 297 299 299 303 301 305 305 307 308 311 311 313 315 315 319 317 321 321 325 323 327 327 329 331 333 333 337 335 339 339 341 343 345 345 349 347 351 351 355 353 357 357 361 359 363 363 367 365 367 369 371 373 373 375 377 379 379 381 383 385 385 389 387 391 391 395 393 397 397 399 401 403 403 405 407 409 409 413 411 415 415 419 417 421 421 423 425 427 427 429 431 433 433 435 437 439 439 441 443 445 445 447 449 451 451 455 453 457 457 461 459 463 463 465 467 469 469 473 471 475 475 479 477 481 481 483 485 487 487 489 491 493 493 497 495 497 499 501 503 503 507 505 509 509 513 511 515 515 517 519 521 521 525 523 527 527 775 529 531 533 535 535 539 537 541 541 545 543 547 547 551 549 553 553 557 555 559 559 561 563 565 565 569 567 571 571 573 575 577 577 581 579 581 583 585 587 587 589 591 593 593 597 595 599 599 601 603 605 605 607 609 611 611 615 613 617 617 619 621 623 623 625 627 629 629 633 631 635 635 639 637 641 641 643 645 645 647 649 651 651 653 655 657 657 661 659 661 663 665 667 667 671 669 673 673 677 675 679 679 683 681 685 685 689 687 691 691 693 695 697 697 699 701 703 703 707 705 709 709 711 713 715 715 719 717 721 721 725 723 727 727 731 729 733 733 735 737 739 739 741 743 745 745 749 747 751 751 753 755 757 757 761 759 763 763 765 767 769 769 773 771 775 775 778 777 781 781 784 783 787 787 790 789 793 793 796 795 799 799 800 803 803 807 805 807 815 811 808 812 812 815 818 817 821 821 823 824 827 827 830 829 833 833 835 836 839 839 842 841 845 845 1072 847 849 851 851 855 853 857 857 861 859 863 863 865 867 869 869 871 873 875 875 877 879 881 881 883 885 885 889 887 891 891 895 893 897 897 901 899 903 903 905 907 909 909 911 913 915 915 917 919 921 921 923 925 927 927 931 929 933 933 937 935 937 939 941 943 943 945 947 949 949 951 953 955 955 959 957 961 961 963 965 967 967 971 969 973 973 977 975 979 979 983 981 985 985 987 989 991 991 995 993 997 997 1001 999 1003 1003 1005 1007 1009 1009 1011 1013 1015 1015 1017 1019 1021 1021 1023 1025 1027 1027 1029 1031 1031 1035 1033 1037 1037 1039 1041 1043 1043 1047 1045 1049 1049 1051 1053 1055 1055 1057 1059 1061 1061 1065 1063 1067 1067 1069 1071 1075 1072 1075 1076 1079 1079 1082 1081 1085 1085 1087 1088 1091 1091 1095 1093 1097 1097 1100 1099 1103 1103 1106 1105 1109 1109 1111 1113 1115 1115 1117 1119 1121 1121 1122 1131 1127 1124 1128 1128 1131 1134 1137 1133 1139 1139 1139 1142 1141 1145 1145 1148 1147 1151 1151 1154 1153 1157 1157 1161 1159 1163 1163 1166 1165 1169 1169 1172 1171 1175 1179 1176 1176 1179 1182 1181 1185 1189 1185 1187 1190 1193 1190 1193 1195 1196 1199 1199 1202 1201 1205 1205 1207 1208 1211 1211 1215 1213 1217 1217 1227 1218 1220 1223 1224 1224 1227 1230 1229 1232 1235 1232 1236 1235 1239 1239 1241 1242 1245 1245 1247 1248 1251 1251 1254 1253 1257 1257 1259 1260 1263 1263 1266 1265 1269 1269 1272 1271 1275 1275 1277 1278 1281 1281 1282 1287 1285 1289 1287 1289 1291 1292 1295 1295 1297 1299 1299 1302 1301 1305 1305 1307 1308 1311 1311 1313 1314 1317 1317 1321 1319 1323 1323 1325 1326 1329 1329 1332 1331 1335 1335 1337 1339 1341 1341 1343 1347 1348 1345 1351 1348 1351 1353 1355 1355 1357 1358 1361 1361 1363 1364 1367 1367 1370 1369 1373 1373 1377 1375 1379 1379 1382 1381 1385 1385 1387 1391 1388 1395 1393 1395 1395 1407 1393 1395 1397 1398 1401 1405 1402 1402 1405 1407 1409 1411 1412 1415 1415 1418 1417 1421 1421 1423 1424 1427 1427 1430 1429 1433 1433 1436 1435 1439 1439 1441 1445 1443 1446 1449 1446 1449 1452 1457 1451 1455 1455 1459 1459 1463 1461 1465 1465 1468 1467 1468 1473 1470 1474 1474 1476 1478 1481 1486 1486 1485 4 3 1487
64 64 3 4 7 7 9 10 13 13 15 17 19 19 21 23 25 25 27 29 31 31 33 34 37 37 39 41 43 43 45 47 49 49 51 53 55 55 63 57 58 65
4 6 8 8 10 14 12 16 16 18 20 22 22 26 24 28 28 30 32 34 34 40 38 36 40 40 47 42 44 48 48 48 50 52 54 54 56 58 60 126 62 62 66 64 66 68 71 72 72 76 74 76 78 86 82 80 84 84 86 93 88 96 90 96 94 96 96 98 100 100 104 102 106 106 108 110 112 112 114 116 116 120 118 120 122 124 126 126 130 128 132 132 136 138 134 136 140 140 142 144 146 146 150 148 152 152 154 156 158 160 162 162 165 166 166 168 174 172 170 176 176 176 178 186 180 184 182 182 184 186 191 188 192 192 194 196 198 200 202 202 204 212 206 208 210 210 212 215 216 216 218 222 220 222 222 226 224 226 228 230 232 235 236 236 236 239 240 240 244 243 244 246 252 252 251 2 10 253
6 6 8 10 12 12 16 14 18 18 22 20 28 28 27 5 2 29
146 146 3 5 7 7 10 9 13 13 17 15 19 19 21 23 25 25 27 29 31 32 31 31 34 36 31 31 39 41 31 31 43 31 45 47 31 31 49 51 31 31 53 31 55 31 57 59 31 61 61 63 65 67 67 68 71 71 74 73 77 77 79 81 83 83 85 87 89 89 91 93 95 95 98 97 101 101 105 103 107 107 109 111 113 113 115 116 119 119 121 122 125 125 127 129 131 131 135 133 137 137 145 140 139 147
4 7 8 10 10 14 13 16 16 20 19 20 22 25 26 28 28 30 32 35 36 38 38 41 44 43 46 48 46 48 51 52 54 54 58 57 60 60 63 64 66 66 69 70 72 72 74 76 78 78 81 82 84 84 88 87 90 90 93 94 96 96 100 99 102 102 105 106 108 108 111 112 114 114 116 118 120 120 122 124 126 126 130 128 132 132 135 136 138 138 140 143 144 144 148 147 150 150 154 153 156 156 159 160 162 162 166 165 168 168 171 172 174 174 178 177 180 180 183 184 186 186 190 189 192 192 196 194 198 198 201 202 204 204 207 208 210 210 214 213 216 216 219 220 222 222 226 224 228 228 232 231 234 234 238 237 240 240 242 244 246 246 248 251 252 254 254 256 258 262 262 261 264 264 267 268 270 270 273 274 276 276 279 280 282 282 286 285 288 288 292 290 296 296 295 298 298 302 300 304 304 308 307 310 310 313 314 316 316 320 319 322 322 325 326 328 328 332 331 334 334 337 338 340 340 343 344 346 346 350 349 352 352 356 355 358 358 362 361 364 364 368 367 370 370 373 374 376 376 379 380 382 382 386 385 388 388 391 392 392 394 400 399 3 401
288 2 2 5 6 8 8 12 11 14 14 18 17 20 22 22 25 26 28 28 31 32 34 34 37 38 40 40 44 43 46 46 50 49 52 52 55 56 58 58 62 61 64 64 68 67 70 70 73 74 74 78 77 80 80 83 84 86 86 90 89 92 92 95 96 98 98 102 101 104 104 108 107 110 110 113 114 116 116 119 120 122 122 125 126 128 128 132 131 134 134 137 138 140 140 144 143 146 146 149 150 152 152 155 156 158 160 160 164 163 166 166 170 169 172 172 176 175 178 178 182 181 184 184 187 188 190 190 194 193 196 196 200 199 202 202 205 206 208 208 211 212 214 214 217 218 220 220 223 224 226 228 228 232 231 234 234 237 238 240 240 244 243 246 246 249 250 252 252 256 255 258 258 261 262 264 264 268 267 270 270 274 273 276 276 280 279 287 282 289
288 2 2 5 6 8 8 12 11 14 14 18 17 20 22 22 25 26 28 28 31 32 34 34 37 38 40 40 44 43 46 46 50 49 52 52 55 56 58 58 62 61 64 64 68 67 70 70 73 74 74 78 77 80 80 83 84 86 86 90 89 92 92 95 96 98 98 102 101 104 104 108 107 110 110 113 114 116 116 119 120 122 122 125 126 128 128 132 131 134 134 137 138 140 140 144 143 146 146 149 150 152 152 155 156 158 160 160 164 163 166 166 170 169 172 172 176 175 178 178 182 181 184 184 187 188 190 190 194 193 196 196 200 199 202 202 205 206 208 208 211 212 214 214 217 218 220 220 223 224 226 228 228 232 231 234 234 237 238 240 240 244 243 246 246 249 250 252 252 256 255 258 258 261 262 264 264 268 267 270 270 274 273 276 276 280 279 287 282 289
7 7 9 11 11 12 15 17 17 19 21 21 25 23 25 29 27 29 33 31 33 35 37 39 39 40 43 45 45 49 46 51 51 55 52 57 57 58 61 63 63 67 64 69 69 73 70 75 75 79 76 81 81 85 82 87 87 89 91 91 92 95 100 100 99 3 5 101
7 7 11 8 16 16 15 2 5 17
34 34 5 3 7 7 8 11 13 13 17 14 19 19 21 23 25 25 33 29 26 35
31 75 77 5 7 7 8 11 13 13 17 14 19 19 20 23 25 25 29 27 31 84 81 35 37 37 39 41 41 45 42 47 49 47 51 51 52 55 57 57 61 58 63 63 67 64 69 69 70 73 75 84 83 33 1 85
47 1 49 1 3 5 5 9 6 11 11 12 15 17 17 18 21 23 23 75 31 77 33 33 34 37 39 39 41 43 45 43 47 131 133 51 53 53 55 57 57 58 61 63 65 63 67 67 69 71 73 71 75 149 79 151 81 81 82 85 87 87 91 88 93 93 95 97 99 99 100 103 105 105 107 109 111 111 113 115 117 117 119 121 123 123 125 127 127 129 131 179 135 181 137 137 141 139 143 143 145 147 149 323 153 325 155 155 157 159 161 161 165 163 167 167 171 168 173 173 177 175 179 185 189 186 191 191 192 195 197 197 198 201 203 203 207 204 209 209 213 211 213 217 215 219 219 227 221 227 223 225 227 227 228 231 233 233 235 237 239 239 243 240 245 245 249 247 251 251 255 253 257 257 261 258 263 263 267 265 269 269 273 270 275 275 279 276 281 281 283 285 328 328 185 289 182 291 291 292 295 297 297 301 299 303 303 305 307 309 311 309 313 314 313 317 313 313 319 321 313 323 327 27 25 329
11 7 7 9 11 13 19 19 15 19 16 19 23 20 25 25 29 26 31 31 35 33 37 37 41 38 43 43 47 44 49 49 51 53 55 55 57 59 63 60 63 65 65 69 66 71 71 75 72 77 77 81 78 83 83 84 87 89 89 93 90 95 95 96 99 101 101 105 102 107 107 111 108 113 113 114 117 119 119 123 120 125 125 129 127 131 131 135 133 137 137 141 138 143 143 147 144 149 149 153 150 155 155 159 156 161 161 165 163 167 167 171 168 173 173 175 177 179 179 181 183 185 185 189 187 191 191 193 195 197 197 201 199 203 203 204 207 211 211 209 213 213 215 219 217 219 221 221 229 223 224 229 229 226 229 231 233 235 235 237 239 241 241 243 245 247 247 248 251 253 253 256 259 254 261 261 261 265 263 267 267 268 271 273 273 277 274 282 282 281 9 3 4 283

44 2 5 7 44 2 7 9 5 11 11 15 13 17 17 21 19 23 23 27 25 29 29 33 31 35 35 43 37 39 45
536 536 4 3 7 7 9 11 13 13 17 15 19 19 21 23 25 25 28 27 31 31 33 34 37 37 40 39 43 43 47 45 49 49 51 53 55 55 57 58 61 61 63 64 67 67 70 69 73 73 75 76 79 79 81 83 85 87 85 89 85 91 85 85 93 85 95 97 85 99 85 101 101 105 103 107 107 109 111 113 113 115 116 119 119 122 121 125 125 127 128 131 133 131 135 135 136 138 135 141 135 143 143 146 145 149 149 152 151 155 155 158 157 161 161 164 163 167 169 167 171 171 173 174 177 177 180 179 183 183 185 187 189 189 192 191 195 195 197 198 201 201 204 203 207 207 209 210 213 213 216 215 219 219 223 221 225 225 229 227 231 231 235 233 237 237 239 241 243 243 246 245 249 249 251 253 255 255 257 258 261 261 264 263 267 267 270 269 273 273 276 275 279 279 281 282 285 285 287 288 291 291 293 295 297 297 300 299 303 303 305 307 309 309 311 313 315 315 317 318 321 321 322 325 327 329 331 333 335 337 331 329 327 325 339 337 335 333 341 343 341 343 346 348 345 351 351 355 353 357 357 360 359 363 363 367 365 369 369 371 373 375 375 377 379 381 381 385 383 387 387 390 389 393 393 394 397 397 401 399 403 405 403 407 407 411 409 413 413 416 415 419 419 423 421 425 425 428 427 431 431 435 433 437 437 441 439 443 443 445 446 449 449 452 451 455 455 457 459 461 461 463 464 467 467 469 471 473 473 476 475 479 479 481 482 485 485 487 488 491 491 493 494 497 497 499 501 503 503 507 505 509 509 513 511 515 515 517 519 521 521 524 523 527 527 535 529 531 537
134 134 4 3 7 7 11 9 13 13 16 15 19 19 23 21 25 25 29 27 31 31 35 33 37 37 40 39 43 43 46 45 49 49 53 51 55 55 57 59 61 61 64 63 67 67 69 70 73 73 75 76 79 79 81 83 85 87 85 89 89 91 92 95 95 97 98 101 101 103 104 107 107 111 109 113 113 115 117 119 119 121 123 125 125 133 127 129 135
72 3 72 5 5 7 9 11 11 13 15 17 17 19 20 23 23 26 25 29 29 32 31 35 35 37 38 41 41 43 44 47 47 49 51 51 54 53 57 57 59 61 63 63 71 65 67 73
4 6 8 8 10 14 12 16 16 18 20 22 22 26 24 28 28 30 32 34 34 40 38 36 40 40 47 42 44 48 48 48 50 52 54 54 56 58 60 126 62 62 66 64 66 68 71 72 72 76 74 76 78 86 82 80 84 84 86 93 88 96 90 96 94 96 96 98 100 100 104 102 106 106 108 110 112 112 114 116 116 120 118 120 122 124 126 126 130 128 132 132 136 138 134 136 140 140 142 144 146 146 150 148 152 152 154 156 158 160 162 162 165 166 166 168 174 172 170 176 176 176 178 186 180 184 182 182 184 186 191 188 192 192 194 196 198 200 202 202 204 212 206 208 210 210 212 215 216 216 218 222 220 222 222 226 224 226 228 230 232 235 236 236 236 239 240 240 244 243 244 246 252 252 251 2 10 253
6 6 8 10 10 12 14 16 16 18 20 20 22 36 24 56 26 28 30 30 34 32 36 36 40 38 42 42 44 46 48 48 50 52 74 55 74 55 56 58 61 62 62 66 64 66 68 70 72 74 74 76 78 80 80 82 84 86 86 88 90 92 92 94 104 96 98 98 102 100 104 104 106 112 108 114 116 110 118 114 116 118 120 122 124 124 128 126 130 130 135 132 140 136 136 139 142 144 142 144 148 146 150 150 156 152 154 158 174 163 160 158 160 174 164 164 176 171 166 173 168 174 173 174 176 181 178 182 436 200 436 182 187 184 188 190 192 190 190 194 194 198 196 200 200 205 202 207 208 208 208 212 210 214 216 214 218 218 220 223 224 224 226 228 230 230 232 235 236 236 244 238 243 240 244 336 247 336 244 248 248 250 253 254 254 258 256 260 260 264 262 266 266 270 268 272 272 280 274 276 278 338 280 280 338 282 284 287 284 288 288 290 293 296 294 294 298 298 300 303 328 304 328 304 308 306 310 310 312 314 316 316 321 318 322 322 324 327 328 328 333 330 334 334 336 341 338 1336 342 342 344 347 348 348 353 350 354 354 356 361 1236 1214 1298 362 359 361 362 367 364 368 368 373 370 374 374 379 376 380 380 385 382 386 386 391 388 398 392 392 397 394 398 398 400 403 404 404 406 409 410 410 416 412 414 418 418 418 420 423 424 424 429 426 430 430 432 434 436 436 440 438 440 442 446 444 448 450 448 450 455 452 456 456 458 461 462 465 462 466 466 468 473 475 470 476 475 476 478 480 484 482 482 486 486 488 492 524 494 490 494 524 494 498 496 500 500 505 502 506 506 508 511 512 512 516 514 518 518 520 523 524 524 526 528 530 530 534 532 536 536 539 540 550 540 547 542 544 548 550 548 550 558 557 552 555 560 562 560 560 568 562 564 567 568 568 570 630 575 633 572 576 576 578 581 582 582 587 584 588 588 590 593 594 594 600 599 596 602 600 602 604 607 608 608 610 613 626 614 614 626 618 616 620 620 622 624 626 626 628 630 634 633 634 636 638 640 640 647 642 645 648 650 648 650 657 652 655 658 660 658 660 662 665 666 669 666 670 670 672 675 676 676 678 681 1336 682 682 684 686 688 688 693 690 694 694 701 696 702 698 704 702 704 709 706 710 713 710 714 714 716 1336 778 719 720 720 722 725 726 726 732 728 735 730 736 746 735 736 741 738 743 744 778 744 778 744 746 748 751 752 752 754 757 758 758 760 1069 765 762 766 766 768 772 770 776 775 772 776 776 780 778 782 782 784 790 788 792 787 794 794 792 794 796 802 799 804 800 804 806 804 806 808 811 1083 812 812 814 817 818 1089 856 1576 838 838 856 818 823 820 824 824 828 826 834 830 1092 830 833 836 1570 840 836 838 840 842 844 848 847 848 850 850 854 852 856 856 862 859 860 1092 864 864 1135 864 867 872 868 871 872 871 874 886 886 874 877 878 882 882 880 884 884 886 890 888 894 896 893 894 898 898 898 902 900 908 908 904 907 910 912 910 912 915 1092 916 918 1284 918 926 920 1118 1270 1126 922 1330 924 1339 926 932 929 931 936 936 936 1130 935 1118 938 938 942 941 944 944 1083 946 948 950 950 1339 953 954 958 956 958 960 968 960 986 963 964 964 967 968 970 970 973 974 976 976 980 979 982 984 982 986 986 989 990 992 992 994 1330 998 996 1000 1000 1002 1570 1006 1004 1008 1008 1014 1011 1016 1012 1018 1016 1018 1021 1022 1024 1024 1026 1028 1030 1030 1033 1034 1036 1036 1044 1038 1041 1042 1042 1044 1047 1048 1050 1050 1054 1053 1056 1056 1058 1334 1544 1060 1063 1326 1065 1326 1322 1067 1069 1073 1071 1075 1075 1079 1077 1081 1081 1083 1085 1086 1089 1089 1092 1091 1092 1094 1096 1096 1098 1100 1130 1102 1102 1107 1104 1110 1108 1108 1112 1112 1117 1114 1118 1118 1123 1120 1124 1124 1126 1128 1132 1135 1130 1136 1135 1136 1140 1138 1142 1142 1144 1147 1148 1148 1150 1155 1153 1156 1158 1156 1158 1162 1164 1160 1164 1162 1166 1168 1166 1170 1170 1172 1174 1176 1176 1180 1178 1182 1182 1189 1184 1190 1186 1192 1190 1192 1196 1194 1198 1201 1198 1202 1202 1204 1207 1208 1208 1212 1210 1212 1214 1219 1251 1226 1217 1222 1221 1221 1222 1226 1224 1228 1228 1233 1230 1234 1234 1236 1238 1243 1240 1245 1336 1246 1245 1246 1251 1248 1252 1255 1252 1256 1256 1258 1261 1262 1262 1264 1266 1268 1268 1270 1276 1272 1278 1274 1280 1278 1280 1282 1284 1286 1286 1290 1288 1292 1292 1296 1294 1298 1298 1302 1300 1304 1304 1308 1306 1310 1310 1330 1315 1313 1334 1315 1319 1317 1319 1339 1321 1329 1326 1324 1326 1570 1329 1330 1334 1333 1334 1336 1339 1340 1340 1342 1347 1348 1345 1350 1348 1350 1358 1352 1354 1356 1360 1360 1360 1366 1362 1368 1364 1370 1368 1370 1372 1666 1376 1374 1378 1378 1382 1380 1384 1386 1384 1388 1388 1390 1395 1392 1396 1398 1396 1398 1400 1403 1404 1404 1556 1610 1614 1409 1407 1409 1413 1410 1413 1415 1417 1419 1419 1423 1421 1425 1425 1429 1427 1431 1431 1435 1433 1437 1437 1441 1439 1443 1441 1445 1445 1449 1447 1451 1451 1453 1461 1455 1456 1459 1459 1463 1461 1465 1465 1467 1470 1496 1469 1473 1473 1477 1475 1479 1479 1482 1481 1485 1485 1511 1486 1489 1490 1490 1492 1495 1496 1496 1502 1499 1500 1504 1502 1504 1506 1509 1511 1511 1537 1513 1515 1517 1517 1519 1520 1523 1523 1525 1526 1529 1529 1531 1533 1535 1535 1537 1539 1541 1543 1543 1544 1546 1549 1549 1551 1553 1555 1555 1556 1558 1561 1562 1562 1567 1564 1568 1568 1570 1572 1575 1576 1576 1581 1578 1582 1582 1587 1584 1588 1588 1590 1593 1594 1594 1599 1596 1600 1600 1603 1604 1604 1608 1606 1608 1614 1610 1612 1616 1619 1620 1616 1620 1620 1627 1636 1625 1622 1628 1638 1628 1646 1630 1642 1632 1646 1636 1634 1636 1638 1654 1640 1646 1642 1712 1709 1644 1648 1651 1652 1648 1652 1652 1654 1656 1658 1662 1660 1660 1664 1664 1671 1666 1668 1672 1674 1672 1674 1676 1682 1678 1692 1694 1684 1680 1682 1684 1686 1688 1690 1690 1692 1694 1696 1698 1700 1700 1700 1704 1702 1712 1706 1710 1709 1712 1714 1712 1714 1728 1718 1716 1720 1720 1722 1725 1726 1726 1728 1730 1732 1735 1736 1736 1736 1741 1738 1742 1742 1746 1744 1748 1748 1750 1752 1754 1754 1756 1760 1758 1760 1762 1762 1764 1838 1766 1769 1770 1770 1778 1772 1774 1777 1780 1780 1780 1782 1787 1784 1788 1788 1788 1800 1793 1791 1795 1795 1798 1797 1800 1800 1802 1805 1806 1806 1810 1809 1810 1813 1814 1814 1818 1816 1818 1823 1820 1824 1824 1829 1826 1830 1832 1830 1834 1834 1837 1838 1838 1842 1840 1848 1848 1847 2 5 1849
6 6 8 10 12 12 14 16 18 18 20 22 24 24 26 28 30 30 34 32 36 36 41 38 42 42 44 47 48 48 53 50 54 54 56 59 60 60 62 65 66 66 68 70 70 74 72 76 76 82 79 80 80 82 84 86 88 88 92 90 94 94 96 98 100 100 104 102 106 106 110 108 112 112 114 116 116 118 120 122 122 126 124 126 131 128 132 132 137 134 138 138 143 140 144 144 148 146 150 150 152 155 156 156 161 158 162 162 167 164 168 168 170 172 174 174 176 178 180 180 182 185 190 190 189 4 2 191
88 88 3 5 7 7 11 9 13 13 15 17 19 19 23 21 25 25 27 29 31 31 33 35 37 37 39 41 43 43 45 47 49 49 51 53 55 55 59 57 61 61 63 65 67 67 70 69 73 73 75 77 79 79 87 81 83 89
46 46 5 3 7 7 9 10 13 13 17 15 19 19 21 23 25 25 29 27 31 31 33 35 37 37 45 39 40 47
16 16 4 3 7 7 15 10 9 17
164 164 3 4 7 9 9 11 12 15 15 7 19 17 21 21 25 23 27 27 29 31 33 33 35 37 39 39 43 41 45 45 49 47 51 51 55 53 57 57 59 61 63 63 67 65 69 69 71 73 75 75 77 79 81 81 83 85 87 87 89 91 93 95 97 99 101 103 105 106 101 99 105 95 109 106 97 103 93 111 111 114 113 117 117 120 119 123 123 125 126 129 131 129 133 134 133 137 137 140 139 143 143 147 145 149 149 153 151 155 155 163 159 157 165
94 94 4 3 7 7 11 9 13 13 17 15 19 19 19 24 21 22 27 27 31 29 33 33 35 37 37 39 40 43 43 45 46 49 49 52 51 55 55 57 58 61 61 65 63 67 67 69 70 73 73 77 75 79 79 81 82 85 85 93 88 87 95
186 186 5 3 7 7 9 11 13 13 14 17 13 19 19 21 23 25 25 27 29 29 30 29 33 35 35 38 37 41 41 45 43 47 47 37 50 49 53 53 57 55 59 59 63 61 65 65 67 69 71 71 73 75 75 79 77 81 81 85 83 83 88 87 91 91 95 93 97 99 97 101 103 105 107 107 109 110 103 113 113 105 117 115 119 119 122 121 125 125 127 105 129 131 131 105 133 135 137 137 141 105 139 101 97 143 143 147 97 145 149 149 152 97 151 155 155 157 97 158 161 161 163 165 165 167 169 171 171 175 173 177 177 185 181 179 187
132 132 5 3 7 7 9 10 13 13 17 15 19 19 21 23 25 25 27 29 31 31 34 33 37 37 39 41 41 45 43 47 47 49 50 53 53 55 57 59 61 59 63 63 65 67 69 69 72 71 75 75 79 77 81 81 85 83 87 87 91 89 93 93 95 97 99 99 101 102 105 105 107 109 111 111 113 115 117 117 119 121 123 123 131 125 126 133
216 216 5 3 7 7 10 9 13 13 15 17 19 19 21 23 25 25 29 27 31 31 33 35 37 37 41 39 43 43 47 45 49 49 52 51 55 55 57 59 61 61 65 63 67 67 70 69 73 73 75 77 79 79 83 81 85 85 87 89 91 91 93 95 97 97 99 100 103 103 107 105 109 109 113 111 115 115 119 117 121 121 125 123 127 127 129 131 133 133 137 135 139 139 143 141 145 145 147 148 151 151 155 153 157 157 159 161 161 163 164 167 167 171 169 173 173 175 176 179 179 181 183 185 185 187 188 191 191 193 195 197 197 199 201 201 204 203 207 207 215 209 211 217
36 36 3 5 7 7 11 9 13 13 15 17 19 19 21 23 23 25 27 27 35 31 29 37
46 46 5 3 7 7 9 11 13 13 15 17 19 19 21 23 25 25 27 29 31 31 33 35 37 37 45 39 40 47
50 50 3 4 7 7 10 9 13 13 15 17 19 19 21 23 23 27 25 29 29 31 33 35 35 37 39 41 41 49 44 43 51
114 114 4 3 7 7 7 9 10 13 15 15 17 18 21 21 23 24 27 27 29 31 33 33 35 37 39 39 41 43 45 45 49 47 51 51 53 55 57 57 61 59 63 63 65 66 69 69 71 73 75 75 78 77 81 81 83 84 87 87 91 89 93 93 96 95 99 99 103 101 105 105 113 109 107 115
186 186 4 3 7 7 10 9 13 13 15 16 19 19 22 21 25 25 27 29 31 31 35 33 37 37 39 41 43 43 45 46 49 49 51 53 55 55 57 58 61 61 63 65 67 67 69 71 73 73 75 76 79 80 79 83 83 85 87 89 89 92 91 95 95 97 99 101 101 104 103 107 107 109 110 113 113 117 115 119 119 121 123 125 125 127 129 129 131 133 135 135 137 138 141 141 143 145 147 147 151 149 153 155 153 157 155 159 159 163 161 165 165 167 168 171 171 175 173 177 177 185 180 179 187

4 8 6 10 10 12 14 16 16 20 22 18 24 22 24 28 26 30 30 32 34 36 36 38 40 42 42 44 46 48 48 52 51 54 54 56 58 60 60 64 62 66 66 68 70 72 72 75 76 78 78 82 81 84 84 88 87 90 90 94 93 96 96 100 98 102 102 106 104 106 109 110 112 112 115 116 118 118 122 120 124 124 126 129 130 130 132 134 136 136 138 141 142 142 144 147 148 148 153 150 154 154 157 158 160 160 162 164 166 166 169 170 172 172 176 175 178 178 182 181 184 184 188 187 190 190 193 194 196 196 199 200 202 202 204 207 208 208 210 212 212 215 216 218 218 222 221 224 224 228 227 230 230 234 233 236 236 240 239 242 242 246 245 248 248 251 252 254 254 257 258 260 260 263 264 266 266 268 270 272 272 276 275 280 280 278 282 282 286 285 288 288 292 291 294 294 297 298 302 302 301 304 304 307 308 310 310 314 313 316 316 319 320 322 322 325 326 328 328 333 330 334 334 337 338 340 340 344 342 346 346 350 349 352 352 354 356 358 358 361 362 364 364 367 368 370 370 373 374 376 376 379 380 382 382 386 385 388 388 392 391 397 394 397 398 398 403 400 404 404 408 407 410 410 414 413 416 416 418 421 422 422 426 424 428 428 432 430 434 434 437 438 440 440 443 444 446 446 449 450 452 452 454 456 458 458 462 461 464 464 468 466 470 470 474 472 476 476 480 478 482 482 486 484 488 488 492 491 494 494 498 497 500 500 503 504 506 506 511 508 512 512 516 515 518 518 520 522 524 524 529 526 530 530 532 535 536 536 540 539 542 542 546 545 548 548 550 552 554 554 557 558 560 560 563 564 566 566 570 569 572 572 574 577 578 578 582 581 584 584 588 587 590 590 594 593 596 596 599 600 602 602 605 606 608 608 612 611 614 614 618 617 620 620 622 624 626 626 630 628 632 632 635 636 638 638 642 640 644 644 647 648 650 650 654 653 656 656 659 660 662 662 665 666 668 668 672 671 674 674 677 678 680 680 684 683 686 686 689 690 692 692 696 695 698 698 701 703 704 706 706 706 709 710 712 712 717 714 718 718 720 722 724 724 726 728 730 730 733 734 736 736 740 739 742 742 746 745 748 748 751 752 754 754 757 758 760 760 763 764 766 766 769 770 772 772 775 776 778 778 783 780 784 784 787 788 790 790 794 792 796 796 798 800 802 802 804 806 808 808 812 811 814 814 819 816 820 820 822 825 826 826 831 828 832 832 835 836 838 838 843 840 844 844 848 847 850 850 854 852 856 856 859 860 862 862 867 864 868 868 871 872 874 874 876 879 880 880 884 883 886 886 888 890 892 892 894 896 896 898 900 902 902 905 906 908 908 912 911 914 914 918 917 920 920 924 923 926 926 928 930 932 932 935 936 938 938 942 940 944 944 948 946 950 950 954 952 956 956 961 958 962 962 966 965 968 968 972 971 974 974 978 977 980 980 982 984 984 986 988 990 990 993 994 996 996 1000 999 1002 1002 1006 1005 1008 1008 1011 1012 1014 1014 1017 1018 1020 1020 1024 1022 1024 1026 1028 1030 1030 1034 1032 1036 1036 1040 1039 1042 1042 1046 1045 1048 1048 1050 1053 1054 1054 1057 1058 1060 1060 1065 1062 1066 1066 1070 1069 1072 1072 1076 1075 1078 1078 1080 1082 1084 1084 1087 1088 1090 1090 1093 1094 1096 1096 1100 1099 1102 1102 1106 1105 1108 1108 1112 1110 1114 1114 1118 1117 1120 1120 1124 1122 1126 1126 1129 1130 1132 1132 1134 1137 1140 1139 1140 1143 1143 1144 1146 1146 1150 1149 1152 1152 1156 1154 1158 1158 1161 1162 1164 1164 1168 1167 1171 1172 1171 1174 1174 1178 1177 1180 1180 1182 1184 1187 1188 1188 1192 1191 1194 1194 1198 1197 1202 1201 1202 1204 1204 1207 1208 1210 1210 1213 1214 1216 1216 1220 1219 1222 1222 1226 1225 1228 1228 1232 1231 1234 1234 1238 1237 1240 1240 1243 1244 1246 1246 1250 1249 1252 1252 1255 1256 1258 1258 1261 1262 1264 1264 1268 1267 1270 1270 1273 1274 1276 1276 1281 1278 1282 1282 1288 1287 1285 1290 1290 1290 1293 1294 1296 1296 1299 1300 1302 1302 1306 1304 1308 1308 1312 1311 1314 1314 1318 1317 1320 1320 1324 1323 1326 1326 1330 1329 1332 1332 1336 1335 1338 1338 1341 1342 1344 1344 1347 1348 1352 1350 1352 1354 1354 1358 1357 1360 1360 1364 1363 1366 1366 1370 1369 1372 1372 1376 1374 1378 1378 1382 1381 1384 1384 1388 1386 1388 1392 1391 1394 1394 1396 1398 1400 1400 1403 1404 1406 1406 1409 1410 1412 1412 1415 1416 1418 1418 1422 1421 1426 1426 1425 1428 1428 1431 1432 1434 1434 1438 1437 1440 1440 1443 1444 1446 1446 1449 1450 1452 1452 1455 1456 1458 1458 1462 1461 1464 1464 1467 1468 1470 1470 1472 1475 1476 1476 1479 1480 1482 1482 1486 1485 1488 1488 1492 1490 1492 1495 1496 1498 1498 1502 1501 1504 1504 1508 1506 1510 1510 1514 1513 1516 1516 1519 1520 1522 1522 1526 1524 1528 1528 1531 1532 1534 1534 1538 1537 1540 1540 1542 1544 1544 1548 1547 1550 1550 1553 1554 1556 1556 1560 1559 1562 1562 1566 1565 1568 1568 1572 1571 1574 1574 1578 1577 1580 1580 1583 1584 1586 1586 1590 1589 1592 1592 1596 1595 1598 1598 1600 1602 1604 1604 1608 1606 1610 1610 1614 1612 1616 1616 1619 1620 1622 1622 1626 1625 1628 1628 1631 1632 1634 1634 1638 1636 1640 1640 1644 1642 1646 1646 1650 1648 1652 1652 1654 1657 1660 1660 1658 1662 1662 1666 1665 1668 1668 1672 1671 1674 1674 1678 1676 1680 1680 1684 1683 1686 1686 1689 1690 1692 1692 1694 1696 1698 1698 1702 1701 1704 1704 1707 1708 1710 1710 1714 1713 1716 1716 1720 1719 1722 1722 1726 1725 1728 1728 1731 1732 1734 1734 1738 1737 1740 1740 1744 1743 1746 1746 1749 1750 1752 1752 1754 1757 1758 1758 1761 1762 1764 1764 1767 1768 1770 1770 1773 1774 1776 1776 1780 1779 1782 1782 1785 1786 1788 1788 1792 1791 1794 1794 1798 1796 1800 1800 1804 1803 1806 1806 1810 1809 1812 1812 1815 1816 1818 1818 1821 1822 1824 1824 1827 1828 1830 1830 1834 1833 1836 1836 1840 1839 1842 1842 1845 1846 1848 1848 1851 1852 1854 1854 1858 1857 1860 1860 1864 1862 1864 1868 1867 1870 1870 1874 1873 1876 1876 1879 1880 1882 1882 1886 1885 1888 1888 1891 1892 1894 1894 1898 1897 1900 1900 1904 1903 1906 1906 1910 1909 1912 1912 1915 1916 1918 1918 1922 1920 1924 1924 1928 1927 1928 1932 1931 1934 1934 1938 1937 1940 1940 1944 1943 1946 1946 1950 1949 1952 1952 1956 1955 1958 1958 1961 1962 1964 1964 1968 1967 1970 1970 1974 1973 1976 1976 1979 1980 1982 1982 1985 1986 1988 1988 1992 1990 1992 1996 1995 1998 1998 2000 2003 2004 2004 2007 2008 2010 2010 2014 2013 2016 2016 2020 2019 2022 2022 2025 2026 2028 2028 2032 2030 2034 2034 2038 2037 2040 2040 2044 2043 2046 2046 2050 2049 2052 2052 2056 2055 2058 2058 2062 2061 2064 2064 2068 2067 2070 2070 2074 2072 2076 2076 2079 2080 2082 2082 2086 2085 2088 2088 2092 2090 2092 2096 2095 2098 2098 2100 2102 2106 2106 2105 2108 2108 2112 2110 2114 2114 2118 2117 2122 2122 2121 2124 2124 2127 2128 2130 2130 2134 2133 2136 2136 2140 2139 2142 2142 2145 2146 2148 2148 2151 2152 2154 2154 2158 2157 2160 2160 2163 2164 2166 2166 2169 2170 2172 2172 2176 2175 2178 2178 2181 2182 2184 2184 2188 2187 2190 2190 2194 2192 2196 2196 2200 2199 2202 2202 2206 2205 2208 2208 2210 2212 2214 2214 2218 2217 2220 2220 2223 2224 2226 2226 2229 2230 2232 2232 2236 2235 2238 2238 2241 2242 2246 2245 2246 2248 2248 2252 2251 2254 2254 2258 2257 2260 2260 2264 2263 2266 2266 2269 2270 2272 2272 2274 2276 2278 2278 2281 2282 2284 2284 2287 2288 2290 2290 2293 2294 2296 2296 2298 2300 2300 2303 2304 2306 2306 2309 2310 2312 2312 2315 2316 2318 2318 2322 2321 2324 2324 2327 2328 2330 2330 2334 2333 2338 2337 2338 2340 2340 2344 2342 2346 2346 2348 2351 2352 2352 2356 2355 2358 2358 2362 2361 2364 2364 2367 2368 2370 2370 2373 2374 2376 2376 2379 2380 2382 2382 2386 2385 2388 2388 2392 2390 2394 2394 2397 2398 2400 2400 2405 2402 2406 2406 2409 2410 2410 2413 2414 2416 2416 2420 2419 2422 2422 2426 2425 2428 2428 2431 2432 2434 2434 2438 2437 2440 2440 2444 2442 2444 2447 2448 2450 2450 2453 2454 2456 2456 2459 2460 2462 2462 2466 2465 2468 2468 2471 2472 2474 2474 2478 2477 2480 2480 2484 2482 2486 2486 2490 2489 2492 2492 2495 2496 2498 2498 2501 2502 2504 2504 2508 2507 2510 2510 2513 2514 2516 2516 2519 2520 2522 2522 2526 2525 2528 2528 2532 2531 2534 2534 2537 2538 2540 2540 2543 2544 2548 2548 2547 2550 2550 2553 2554 2556 2556 2559 2560 2562 2562 2566 2565 2570 2569 2570 2572 2572 2576 2575 2578 2578 2582 2581 2586 2586 2585 2588 2588 2592 2591 2594 2594 2597 2598 2600 2600 2604 2603 2606 2606 2610 2609 2612 2612 2616 2615 2620 2620 2618 2622 2622 2624 2626 2628 2628 2632 2631 2634 2634 2636 2639 2640 2640 2643 2644 2646 2646 2650 2648 2652 2652 2655 2656 2658 2658 2663 2664 2661 2666 2666 2666 2670 2669 2672 2672 2676 2675 2678 2678 2682 2681 2684 2684 2688 2687 2690 2690 2694 2693 2696 2696 2700 2699 2702 2702 2706 2705 2708 2708 2714 2713 2 2715
10 10 9 3 5 11
10 10 9 5 3 11
4 6 8 10 12 14 14 16 18 21 26 25 2 27
5 6 9 9 12 11 15 15 17 18 21 21 23 24 27 27 30 29 33 33 37 35 39 39 41 42 45 45 47 48 51 51 53 54 57 57 59 60 63 63 66 65 69 69 71 72 75 75 78 77 81 81 83 84 87 87 90 89 93 93 95 96 99 99 101 102 105 105 107 108 111 111 113 114 117 117 121 119 121 123 124 127 127 129 130 133 133 136 135 139 139 142 141 145 145 148 147 151 151 153 154 157 157 159 160 163 163 165 166 169 169 172 171 175 175 177 178 181 181 183 184 187 187 189 190 193 193 196 195 199 199 202 201 205 205 208 207 211 211 213 214 217 217 219 220 223 223 226 225 229 229 231 232 235 235 238 237 241 241 243 244 247 247 249 250 253 253 256 255 259 259 261 262 265 265 267 268 271 271 274 273 277 277 279 280 283 283 286 285 289 289 292 291 295 295 297 298 301 301 304 303 307 307 310 309 313 314 313 317 317 319 320 323 323 325 329 327 330 333 330 333 336 335 339 339 341 343 343 346 345 349 349 351 352 355 355 358 357 361 361 363 364 367 367 370 369 373 373 375 376 379 379 381 382 385 385 388 387 391 391 394 393 397 397 399 400 403 403 405 406 409 409 412 411 415 415 417 418 421 421 424 423 427 427 429 430 433 433 436 435 439 439 442 441 445 445 448 447 451 451 456 455 3 457

7 4 9 9 13 10 15 15 16 19 21 21 22 25 27 27 31 28 33 33 37 34 39 39 40 43 45 45 49 46 51 51 55 52 57 57 58 61 63 63 67 64 69 69 75 70 73 75 75 79 76 81 81 85 82 87 87 91 88 93 93 97 94 99 99 100 103 105 105 106 109 111 111 115 112 117 117 121 118 123 123 124 127 129 129 131 132 135 137 137 141 138 143 143 144 147 149 149 151 153 155 155 159 157 161 161 165 162 167 167 171 169 173 173 177 175 178 178 181 183 183 184 187 189 189 193 191 195 195 199 197 201 201 203 205 207 207 211 209 213 213 217 215 218 221 218 223 223 227 225 229 229 231 233 235 235 237 239 241 241 245 243 247 247 251 249 255 253 255 257 257 261 258 263 263 267 264 269 269 273 271 275 275 279 276 281 281 282 285 287 287 291 288 293 293 294 297 299 299 300 303 305 305 306 309 311 311 315 312 317 317 318 321 323 323 324 327 329 329 330 333 335 335 339 336 341 341 345 342 347 347 348 351 353 353 357 354 359 359 363 360 365 365 369 366 371 371 372 375 377 377 381 378 383 383 387 384 389 389 393 390 395 395 399 396 401 401 405 402 407 407 411 408 413 413 417 414 419 419 420 423 425 425 426 429 431 431 432 435 437 437 438 441 443 443 448 447 3 449

7 4 9 9 13 10 15 15 16 19 21 21 22 25 27 27 31 28 33 33 37 34 39 39 40 43 45 45 49 46 51 51 55 52 57 57 58 61 63 63 67 64 69 69 75 70 73 75 75 79 76 81 81 85 82 87 87 91 88 93 93 97 94 99 99 100 103 105 105 106 109 111 111 115 112 117 117 121 118 123 123 124 127 129 129 131 132 135 137 137 141 138 143 143 144 147 149 149 151 153 155 155 159 157 161 161 165 162 167 167 171 169 173 173 177 175 178 178 181 183 183 184 187 189 189 193 191 195 195 199 197 201 201 203 205 207 207 211 209 213 213 217 215 218 221 218 223 223 227 225 229 229 231 233 235 235 237 239 241 241 245 243 247 247 251 249 255 253 255 257 257 261 258 263 263 267 264 269 269 273 271 275 275 279 276 281 281 282 285 287 287 291 288 293 293 294 297 299 299 300 303 305 305 306 309 311 311 315 312 317 317 318 321 323 323 324 327 329 329 330 333 335 335 339 336 341 341 345 342 347 347 348 351 353 353 357 354 359 359 363 360 365 365 369 366 371 371 372 375 377 377 381 378 383 383 387 384 389 389 393 390 395 395 399 396 401 401 405 402 407 407 411 408 413 413 417 414 419 419 420 423 425 425 426 429 431 431 432 435 437 437 438 441 443 443 448 447 3 449
7 5 9 9 13 11 15 15 19 17 21 21 25 23 27 27 31 29 33 33 35 37 39 39 43 41 45 45 47 49 51 51 55 53 57 57 61 59 63 63 67 65 69 69 73 71 75 75 77 79 81 81 83 85 87 87 92 91 3 93
7 5 9 9 13 11 15 15 19 17 21 21 25 23 27 27 31 29 33 33 35 37 39 39 43 41 45 45 47 49 51 51 55 53 57 57 61 59 63 63 67 65 69 69 73 71 75 75 77 79 81 81 83 85 87 87 92 91 3 93
4 7 8 8 10 13 14 14 19 16 20 20 22 25 26 26 28 31 32 32 34 37 38 38 40 43 44 44 49 46 50 50 55 52 56 56 58 61 62 62 64 67 68 68 73 70 74 74 76 79 80 80 85 82 86 86 91 88 92 92 97 94 98 98 100 103 104 104 106 109 110 110 112 115 116 116 118 121 122 122 127 124 128 128 130 133 134 134 136 139 140 140 145 142 146 146 148 151 152 152 154 156 156 158 161 162 162 164 167 168 168 170 173 174 174 176 179 180 180 185 182 186 186 188 191 192 192 197 194 198 198 203 200 204 204 209 206 210 210 215 212 216 216 221 218 222 222 227 224 228 228 230 233 234 234 239 236 240 240 242 245 246 246 248 251 252 252 257 254 258 258 260 263 264 264 269 266 270 270 272 275 276 276 281 278 282 282 287 284 288 288 290 293 294 294 296 299 300 300 302 305 306 306 311 308 312 312 317 314 318 318 320 323 324 324 329 326 330 330 332 335 336 336 338 341 342 342 344 347 348 348 350 353 354 354 359 356 360 360 362 365 366 366 368 371 372 372 374 377 378 378 380 382 382 384 387 388 388 393 390 394 394 396 399 400 400 405 402 406 406 408 411 412 412 414 417 418 418 423 420 424 424 426 429 430 430 432 435 436 436 441 438 442 442 447 444 448 448 453 450 454 454 456 459 460 460 462 465 466 466 468 471 472 472 474 477 478 478 480 483 484 484 489 486 490 490 495 492 496 496 498 500 500 502 505 506 506 508 511 512 512 517 514 518 518 520 523 524 524 526 529 530 530 535 532 536 536 541 538 542 542 544 547 548 548 550 553 554 554 559 556 560 560 562 565 566 566 571 568 572 572 574 577 578 578 583 580 584 584 589 586 590 590 595 592 596 596 598 601 602 602 607 604 608 608 613 610 614 614 616 619 620 620 622 625 626 626 628 631 632 632 634 637 638 638 640 643 644 644 649 646 650 650 655 652 656 656 659 660 660 665 662 666 666 668 671 672 672 674 677 678 678 683 680 684 684 686 689 690 690 692 695 696 696 698 701 702 702 707 704 708 708 710 713 714 714 716 719 720 720 722 725 726 726 731 728 732 732 734 737 738 738 743 740 744 744 746 749 750 750 755 752 756 756 758 761 762 762 767 764 768 768 770 773 774 774 776 779 780 780 782 785 786 786 788 791 792 792 795 796 796 798 801 802 802 804 807 808 808 813 810 814 814 816 819 820 820 822 825 826 826 828 831 832 832 837 834 838 838 840 843 844 844 846 849 850 850 855 852 856 856 858 861 862 862 867 864 868 868 873 870 874 874 879 876 880 880 885 882 886 886 891 888 892 892 897 894 898 898 903 900 904 904 906 909 910 910 915 912 916 916 918 921 922 922 924 927 928 928 930 933 934 934 939 936 940 940 945 942 946 946 951 948 952 952 957 954 958 958 963 960 964 964 969 966 970 970 975 972 976 976 978 981 982 982 984 987 988 988 990 993 994 994 996 999 1000 1000 1002 1005 1006 1006 1011 1008 1012 1012 1014 1017 1018 1018 1023 1020 1024 1024 1026 1029 1030 1030 1035 1032 1036 1036 1038 1041 1042 1042 1047 1044 1048 1048 1050 1053 1054 1054 1059 1056 1060 1060 1065 1062 1066 1066 1071 1068 1072 1072 1077 1074 1078 1078 1083 1080 1084 1084 1086 1089 1090 1090 1095 1092 1096 1096 1098 1101 1102 1102 1107 1104 1108 1108 1110 1113 1114 1114 1116 1119 1120 1120 1122 1125 1126 1126 1131 1128 1132 1132 1134 1137 1138 1138 1140 1143 1144 1144 1149 1146 1150 1150 1152 1155 1156 1156 1158 1161 1162 1162 1167 1164 1168 1168 1170 1173 1174 1174 1176 1179 1180 1180 1185 1182 1186 1186 1188 1191 1192 1192 1194 1197 1198 1198 1203 1200 1204 1204 1209 1206 1210 1210 1212 1215 1216 1216 1221 1218 1222 1222 1227 1224 1228 1228 1233 1230 1234 1234 1239 1236 1240 1240 1245 1242 1246 1246 1251 1248 1252 1252 1254 1257 1258 1258 1260 1263 1264 1264 1266 1269 1270 1270 1275 1272 1276 1276 1279 1280 1280 1282 1285 1286 1286 1288 1291 1292 1292 1294 1297 1298 1298 1300 1303 1304 1304 1306 1309 1310 1310 1312 1315 1316 1316 1321 1318 1322 1322 1327 1324 1328 1328 1333 1330 1334 1334 1336 1339 1340 1340 1342 1345 1346 1346 1351 1348 1352 1352 1357 1354 1358 1358 1360 1363 1364 1364 1366 1369 1370 1370 1372 1375 1376 1376 1378 1381 1382 1382 1387 1384 1388 1388 1393 1390 1394 1394 1396 1399 1400 1400 1402 1405 1406 1406 1408 1411 1412 1412 1417 1414 1418 1418 1420 1423 1424 1424 1426 1429 1430 1430 1432 1435 1436 1436 1441 1438 1442 1442 1444 1447 1448 1448 1453 1450 1454 1454 1459 1456 1460 1460 1465 1462 1466 1466 1471 1468 1472 1472 1477 1474 1478 1478 1483 1480 1484 1484 1486 1489 1490 1490 1492 1495 1496 1496 1501 1498 1502 1502 1504 1507 1508 1508 1510 1513 1514 1514 1519 1516 1520 1520 1525 1522 1526 1526 1531 1528 1532 1532 1534 1537 1538 1538 1542 1541 1542 1547 1544 1548 1548 1553 1550 1554 1554 1556 1559 1560 1560 1565 1562 1566 1566 1568 1571 1572 1572 1574 1577 1578 1578 1580 1582 1585 1586 1586 1591 1588 1592 1592 1594 1596 1598 1598 1600 1603 1604 1604 1609 1606 1610 1610 1614 1612 1616 1619 1616 1620 1620 1625 1622 1626 1626 1630 1628 1632 1632 1635 1636 1636 1638 1641 1642 1642 1647 1644 1648 1648 1652 1655 1650 1656 1656 1656 1665 1658 1660 1662 1666 1666 1666 1668 1673 1670 1674 1676 1674 1676 1681 1678 1682 1682 1684 1687 1688 1688 1690 1693 1694 1694 1698 1696 1700 1700 1704 1702 1706 1709 1706 1710 1710 1715 1712 1716 1716 1718 1721 1722 1722 1724 1727 1728 1728 1730 1732 1734 1734 1739 1736 1740 1740 1742 1745 1746 1746 1748 1751 1752 1752 1754 1756 1758 1761 1758 1762 1762 1766 1765 1766 1768 1771 1772 1772 1774 1777 1778 1778 1783 1780 1784 1784 1786 1789 1790 1790 1795 1792 1796 1796 1798 1801 1802 1802 1804 1806 1808 1808 1810 1813 1814 1814 1819 1816 1820 1820 1825 1822 1826 1826 1831 1828 1832 1832 1837 1834 1838 1838 1840 1843 1844 1844 1846 1851 1848 1852 1854 1852 1854 1859 1856 1860 1860 1862 1864 1866 1866 1868 1870 1870 1874 1872 1876 1876 1879 1880 1880 1882 1884 1889 1886 1886 1890 1890 1895 1892 1896 1896 1901 1898 1902 1902 1904 1907 1908 1908 1913 1910 1914 1914 1918 1916 1920 1920 1922 1925 1926 1926 1931 1928 1932 1932 1937 1934 1938 1938 1945 1940 1942 1946 1948 1946 1948 1950 1953 1954 1954 1956 1959 1960 1960 1964 1962 1966 1966 1968 1971 1972 1972 1974 1976 1976 1978 1985 1982 1980 1986 1986 1986 1988 1991 1992 1992 1994 1999 1996 2000 2002 2000 2002 2007 2004 2008 2010 2008 2010 2012 2015 2016 2016 2018 2021 2022 2022 2024 2027 2028 2028 2030 2033 2034 2034 2036 2039 2040 2040 2042 2045 2046 2046 2051 2048 2052 2052 2057 2054 2058 2058 2063 2060 2064 2064 2069 2066 2070 2070 2075 2072 2076 2076 2078 2081 2082 2082 2086 2085 2086 2088 2091 2092 2092 2094 2097 2098 2098 2100 2103 2104 2104 2106 2109 2110 2110 2112 2115 2116 2116 2118 2121 2122 2122 2124 2127 2128 2128 2133 2130 2134 2134 2139 2136 2140 2140 2142 2145 2146 2146 2151 2148 2152 2152 2154 2157 2158 2158 2160 2162 2167 2164 2164 2168 2168 2173 2170 2174 2174 2176 2179 2180 2180 2187 2182 2184 2188 2190 2188 2190 2195 2192 2196 2196 2201 2198 2202 2202 2207 2204 2208 2208 2210 2213 2214 2214 2216 2221 2218 2222 2224 2222 2224 2226 2229 2230 2230 2232 2234 2236 2236 2243 2238 2244 2240 2246 2244 2246 2248 2250 2255 2252 2252 2256 2256 2258 2263 2260 2264 2270 2264 2269 2266 2270 2270 2275 2272 2276 2276 2278 2281 2282 2282 2284 2287 2288 2288 2290 2293 2294 2294 2296 2299 2300 2300 2302 2305 2306 2306 2308 2310 2312 2312 2317 2314 2318 2318 2323 2320 2324 2324 2326 2329 2330 2330 2332 2334 2337 2338 2338 2343 2340 2344 2344 2349 2346 2350 2350 2355 2352 2356 2356 2361 2358 2362 2362 2364 2367 2368 2368 2370 2373 2374 2374 2376 2379 2380 2380 2382 2385 2386 2386 2391 2388 2392 2392 2397 2394 2398 2398 2403 2400 2404 2404 2409 2406 2410 2410 2415 2412 2416 2416 2421 2418 2422 2422 2427 2424 2428 2428 2430 2432 2432 2437 2434 2438 2438 2443 2440 2444 2444 2446 2449 2450 2450 2455 2452 2456 2456 2458 2461 2462 2462 2467 2464 2468 2468 2470 2473 2474 2474 2479 2476 2480 2480 2482 2485 2486 2486 2489 2490 2490 2495 2492 2496 2496 2498 2501 2502 2502 2504 2507 2508 2508 2510 2513 2514 2514 2516 2519 2520 2520 2525 2522 2526 2526 2528 2531 2532 2532 2534 2537 2538 2538 2540 2543 2544 2544 2546 2549 2550 2550 2555 2552 2556 2556 2558 2561 2562 2562 2567 2564 2568 2568 2570 2573 2574 2574 2576 2579 2580 2580 2585 2582 2586 2586 2588 2591 2592 2592 2597 2594 2598 2598 2600 2603 2604 2604 2606 2609 2610 2610 2612 2614 2614 2616 2619 2620 2620 2622 2625 2626 2626 2631 2628 2632 2632 2634 2637 2638 2638 2640 2643 2644 2644 2646 2648 2651 2652 2652 2654 2656 2659 2660 2660 2665 2662 2666 2666 2671 2668 2672 2672 2677 2674 2678 2678 2680 2683 2684 2684 2686 2689 2690 2690 2692 2695 2696 2696 2701 2698 2702 2702 2704 2707 2708 2708 2710 2713 2714 2714 2716 2719 2720 2720 2725 2722 2726 2726 2731 2728 2732 2732 2734 2737 2738 2738 2740 2743 2744 2744 2746 2749 2750 2750 2752 2755 2756 2756 2761 2758 2762 2762 2764 2767 2768 2768 2773 2770 2774 2774 2776 2779 2780 2780 2785 2782 2786 2786 2788 2791 2792 2792 2797 2794 2798 2798 2803 2800 2804 2804 2806 2809 2810 2810 2815 2812 2816 2816 2818 2821 2822 2822 2827 2824 2828 2828 2830 2833 2834 2834 2839 2836 2840 2840 2842 2845 2846 2846 2848 2851 2852 2852 2857 2854 2858 2858 2863 2860 2864 2864 2866 2869 2870 2870 2872 2875 2876 2876 2881 2878 2882 2882 2887 2884 2888 2888 2890 2893 2894 2894 2899 2896 2900 2900 2905 2902 2906 2906 2911 2908 2912 2912 2914 2917 2918 2918 2920 2923 2924 2924 2929 2926 2930 2930 2935 2932 2936 2936 2938 2941 2942 2942 2947 2944 2948 2948 2950 2953 2954 2954 2959 2956 2960 2960 2965 2962 2966 2966 2968 2971 2972 2972 2975 2976 2976 2978 2981 2982 2982 2987 2984 2988 2988 2990 2993 2994 2994 2999 2996 3000 3000 3002 3005 3006 3006 3011 3008 3012 3012 3017 3014 3018 3018 3023 3020 3024 3024 3029 3026 3030 3030 3032 3035 3036 3036 3041 3038 3042 3042 3047 3044 3048 3048 3050 3053 3054 3054 3059 3056 3060 3060 3065 3062 3066 3066 3071 3068 3072 3072 3074 3077 3078 3078 3080 3083 3084 3084 3089 3086 3090 3090 3095 3092 3096 3096 3098 3101 3102 3102 3104 3107 3108 3108 3113 3110 3114 3114 3119 3116 3120 3120 3122 3125 3126 3126 3131 3128 3132 3132 3134 3136 3138 3140 3140 3142 3144 3147 3151 3149 3151 3153 3154 3157 3157 3160 3159 3163 3163 3166 3165 3169 3169 3171 3172 3175 3175 3178 3177 3181 3181 3183 3185 3187 3187 3190 3189 3193 3193 3196 3195 3199 3199 3201 3202 3205 3205 3208 3207 3211 3211 3214 3213 3217 3217 3219 3220 3223 3223 3226 3225 3229 3229 3232 3231 3235 3235 3237 3238 3241 3241 3244 3243 3247 3247 3250 3249 3253 3253 3256 3255 3259 3259 3261 3262 3265 3265 3269 3267 3269 3271 3272 3275 3275 3277 3278 3281 3281 3284 3283 3287 3287 3289 3290 3293 3293 3296 3295 3299 3299 3302 3301 3305 3305 3307 3308 3311 3311 3313 3314 3317 3317 3319 3320 3323 3323 3326 3325 3329 3329 3331 3332 3335 3335 3337 3338 3341 3341 3344 3343 3347 3347 3350 3349 3353 3353 3355 3356 3359 3359 3362 3361 3365 3365 3368 3367 3371 3371 3374 3373 3377 3377 3379 3380 3383 3383 3385 3386 3389 3389 3392 3391 3395 3395 3397 3398 3401 3401 3404 3403 3407 3407 3409 3410 3413 3413 3415 3416 3419 3419 3422 3421 3425 3425 3427 3428 3431 3431 3434 3433 3437 3437 3440 3439 3443 3443 3446 3445 3449 3449 3452 3451 3455 3455 3457 3458 3461 3461 3462 3465 3465 3467 3468 3471 3471 3473 3477 3475 3478 3481 3478 3481 3483 3484 3487 3487 3491 3489 3491 3493 3494 3497 3497 3499 3500 3503 3503 3505 3506 3509 3509 3511 3512 3515 3515 3517 3518 3521 3521 3523 3524 3527 3527 3530 3529 3533 3533 3535 3536 3539 3539 3541 3542 3545 3545 3547 3548 3551 3551 3554 3553 3557 3557 3560 3559 3563 3563 3566 3565 3569 3569 3571 3572 3575 3575 3578 3577 3581 3581 3584 3583 3587 3587 3589 3590 3593 3593 3595 3596 3599 3599 3604 3603 2 3605
7 4 9 9 13 10 15 15 16 19 21 21 22 25 27 27 31 28 33 33 37 34 39 39 40 43 45 45 49 46 51 51 55 52 57 57 58 61 63 63 67 64 69 69 75 70 73 75 75 79 76 81 81 85 82 87 87 91 88 93 93 97 94 99 99 100 103 105 105 106 109 111 111 115 112 117 117 121 118 123 123 124 127 129 129 131 132 135 137 137 141 138 143 143 144 147 149 149 151 153 155 155 159 157 161 161 165 162 167 167 171 169 173 173 177 175 178 178 181 183 183 184 187 189 189 193 191 195 195 199 197 201 201 203 205 207 207 211 209 213 213 217 215 218 221 218 223 223 227 225 229 229 231 233 235 235 237 239 241 241 245 243 247 247 251 249 255 253 255 257 257 261 258 263 263 267 264 269 269 273 271 275 275 279 276 281 281 282 285 287 287 291 288 293 293 294 297 299 299 300 303 305 305 306 309 311 311 315 312 317 317 318 321 323 323 324 327 329 329 330 333 335 335 339 336 341 341 345 342 347 347 348 351 353 353 357 354 359 359 363 360 365 365 369 366 371 371 372 375 377 377 381 378 383 383 387 384 389 389 393 390 395 395 399 396 401 401 405 402 407 407 411 408 413 413 417 414 419 419 420 423 425 425 426 429 431 431 432 435 437 437 438 441 443 443 448 447 3 449
7 5 9 9 13 11 15 15 19 17 21 21 25 23 27 27 31 29 33 33 35 37 39 39 43 41 45 45 47 49 51 51 55 53 57 57 61 59 63 63 67 65 69 69 73 71 75 75 77 79 81 81 83 85 87 87 92 91 3 93
7 4 9 9 13 10 15 15 16 19 21 21 22 25 27 27 31 28 33 33 37 34 39 39 40 43 45 45 49 46 51 51 55 52 57 57 58 61 63 63 67 64 69 69 75 70 73 75 75 79 76 81 81 85 82 87 87 91 88 93 93 97 94 99 99 100 103 105 105 106 109 111 111 115 112 117 117 121 118 123 123 124 127 129 129 131 132 135 137 137 141 138 143 143 144 147 149 149 151 153 155 155 159 157 161 161 165 162 167 167 171 169 173 173 177 175 178 178 181 183 183 184 187 189 189 193 191 195 195 199 197 201 201 203 205 207 207 211 209 213 213 217 215 218 221 218 223 223 227 225 229 229 231 233 235 235 237 239 241 241 245 243 247 247 251 249 255 253 255 257 257 261 258 263 263 267 264 269 269 273 271 275 275 279 276 281 281 282 285 287 287 291 288 293 293 294 297 299 299 300 303 305 305 306 309 311 311 315 312 317 317 318 321 323 323 324 327 329 329 330 333 335 335 339 336 341 341 345 342 347 347 348 351 353 353 357 354 359 359 363 360 365 365 369 366 371 371 372 375 377 377 381 378 383 383 387 384 389 389 393 390 395 395 399 396 401 401 405 402 407 407 411 408 413 413 417 414 419 419 420 423 425 425 426 429 431 431 432 435 437 437 438 441 443 443 448 447 3 449
7 5 9 9 13 11 15 15 19 17 21 21 25 23 27 27 31 29 33 33 35 37 39 39 43 41 45 45 47 49 51 51 55 53 57 57 61 59 63 63 67 65 69 69 73 71 75 75 77 79 81 81 83 85 87 87 92 91 3 93

4 6 8 8 12 10 14 14 16 18 20 20 22 24 26 26 28 30 32 32 34 36 38 38 40 42 44 44 48 46 50 50 54 52 56 56 60 58 62 62 64 66 68 68 72 70 74 74 78 76 80 80 82 84 86 86 90 88 90 92 94 96 96 98 100 102 102 106 104 108 108 112 110 114 114 116 120 118 122 124 122 124 126 128 130 130 134 132 136 136 138 140 142 142 144 146 148 148 150 152 154 154 158 156 160 160 162 164 166 166 168 170 172 172 174 176 178 178 182 180 184 184 186 188 190 190 194 192 196 196 198 200 202 202 206 204 208 210 208 212 212 214 216 218 218 220 222 224 224 226 228 230 230 234 232 236 236 240 238 242 242 244 246 248 250 248 252 252 254 256 258 258 262 260 262 264 266 268 268 272 270 274 274 276 280 282 278 284 282 284 288 286 290 290 294 292 296 296 298 300 302 302 304 306 308 308 310 312 314 314 318 316 318 322 320 324 324 326 328 330 332 330 334 334 336 338 340 340 344 342 346 346 350 348 352 352 354 356 358 358 360 362 364 364 366 368 370 370 374 372 376 376 380 378 382 382 384 386 388 388 390 392 394 394 396 398 400 400 402 404 406 406 408 410 412 412 414 416 418 418 420 422 424 424 426 428 430 430 432 434 436 436 440 438 442 442 444 446 448 448 452 450 454 454 456 458 460 460 462 464 464 466 468 470 470 474 472 476 476 480 478 482 482 484 486 486 490 488 492 492 496 494 498 498 502 500 504 504 508 506 510 510 512 514 516 516 518 520 522 522 524 526 528 528 530 532 534 534 536 538 540 540 544 542 546 546 548 550 552 552 554 556 558 558 560 562 564 564 566 568 570 570 574 572 576 576 580 578 582 582 586 584 588 588 594 593 2 595
4 6 8 8 10 12 14 14 16 18 20 20 22 24 24 28 26 30 30 32 34 36 36 40 38 42 42 46 44 48 50 48 52 52 56 54 56 60 58 62 62 66 64 68 68 70 72 74 74 78 76 80 80 84 82 86 86 88 90 92 92 96 94 98 98 100 102 104 104 106 108 110 110 114 112 116 116 120 118 122 122 124 126 128 128 132 130 134 134 138 136 140 140 144 142 146 146 148 150 152 152 156 154 158 158 160 162 164 164 166 168 170 170 172 174 176 176 178 180 182 182 184 186 188 188 190 192 192 194 196 198 198 202 200 204 204 208 206 210 210 214 212 216 216 218 220 222 222 224 226 228 228 230 232 234 234 238 236 240 240 244 242 246 246 250 248 252 252 256 254 258 258 262 260 264 264 268 266 270 270 274 272 276 276 278 280 282 282 286 284 288 288 294 290 292 296 298 296 298 302 300 304 304 308 306 310 310 314 312 316 316 320 318 322 322 324 326 328 328 330 332 334 334 338 336 340 340 342 344 346 346 350 348 352 352 354 356 358 358 360 362 364 364 368 366 370 370 374 372 376 376 378 380 382 382 386 384 388 388 390 392 394 394 398 396 400 400 404 402 406 406 410 408 412 412 416 414 418 418 422 420 424 424 426 428 430 430 432 436 434 438 438 440 442 444 444 446 448 450 450 454 452 456 456 460 458 462 462 464 466 468 468 470 472 474 474 476 478 480 480 486 482 488 484 490 488 490 492 494 496 496 500 498 502 502 506 504 508 508 512 510 514 514 518 516 520 520 522 524 526 526 530 528 532 532 534 536 538 538 542 540 544 544 548 546 550 550 552 554 556 556 558 560 562 564 564 568 566 570 570 572 574 576 576 578 580 582 582 586 584 588 588 592 590 594 594 596 598 600 600 604 602 606 606 608 610 612 612 614 616 618 618 620 622 624 624 626 628 630 630 634 632 636 636 640 638 642 642 644 646 648 648 653 650 654 654 658 656 660 660 662 664 666 666 668 670 673 675 678 677 681 681 684 683 687 687 689 690 693 693 695 696 699 699 702 701 705 705 707 709 711 711 713 714 717 717 719 720 723 723 726 725 729 729 731 732 735 735 738 737 741 741 744 743 747 747 749 750 753 753 755 756 759 759 761 762 765 765 767 768 771 771 774 773 777 777 779 780 783 783 786 785 789 789 793 791 793 796 795 799 799 801 802 805 805 808 807 811 811 814 813 817 817 820 819 823 823 825 826 829 829 832 831 835 835 838 837 841 841 844 843 847 847 850 849 853 853 856 855 859 859 862 861 865 865 868 867 871 871 874 873 877 877 880 879 883 883 886 885 889 889 891 892 895 895 898 897 901 901 903 904 907 907 910 909 913 913 915 916 919 919 921 922 925 925 927 928 931 931 934 933 937 937 940 939 943 943 946 945 949 949 951 952 955 955 957 958 961 961 964 963 967 967 969 970 973 973 976 975 979 979 982 981 985 985 986 989 989 992 991 995 995 1001 997 999 1002 1005 1002 1005 1008 1007 1011 1011 1013 1015 1015 1018 1017 1021 1021 1024 1023 1027 1027 1030 1029 1033 1033 1036 1035 1039 1039 1042 1041 1045 1045 1047 1048 1051 1051 1053 1054 1057 1057 1059 1060 1063 1063 1065 1066 1069 1069 1071 1072 1075 1075 1078 1077 1081 1081 1084 1083 1087 1087 1090 1089 1093 1093 1096 1095 1099 1099 1101 1102 1105 1105 1107 1108 1111 1111 1113 1114 1117 1117 1119 1120 1123 1123 1128 1127 2 1129
4 6 8 8 12 10 14 14 16 18 20 20 22 24 26 26 28 30 32 32 34 36 38 38 40 42 44 44 48 46 50 50 54 52 56 56 60 58 62 62 64 66 68 68 72 70 74 74 78 76 80 80 82 84 86 86 90 88 90 92 94 96 96 98 100 102 102 106 104 108 108 112 110 114 114 116 120 118 122 124 122 124 126 128 130 130 134 132 136 136 138 140 142 142 144 146 148 148 150 152 154 154 158 156 160 160 162 164 166 166 168 170 172 172 174 176 178 178 182 180 184 184 186 188 190 190 194 192 196 196 198 200 202 202 206 204 208 210 208 212 212 214 216 218 218 220 222 224 224 226 228 230 230 234 232 236 236 240 238 242 242 244 246 248 250 248 252 252 254 256 258 258 262 260 262 264 266 268 268 272 270 274 274 276 280 282 278 284 282 284 288 286 290 290 294 292 296 296 298 300 302 302 304 306 308 308 310 312 314 314 318 316 318 322 320 324 324 326 328 330 332 330 334 334 336 338 340 340 344 342 346 346 350 348 352 352 354 356 358 358 360 362 364 364 366 368 370 370 374 372 376 376 380 378 382 382 384 386 388 388 390 392 394 394 396 398 400 400 402 404 406 406 408 410 412 412 414 416 418 418 420 422 424 424 426 428 430 430 432 434 436 436 440 438 442 442 444 446 448 448 452 450 454 454 456 458 460 460 462 464 464 466 468 470 470 474 472 476 476 480 478 482 482 484 486 486 490 488 492 492 496 494 498 498 502 500 504 504 508 506 510 510 512 514 516 516 518 520 522 522 524 526 528 528 530 532 534 534 536 538 540 540 544 542 546 546 548 550 552 552 554 556 558 558 560 562 564 564 566 568 570 570 574 572 576 576 580 578 582 582 586 584 588 588 594 593 2 595
4 6 8 8 12 10 14 14 16 18 20 20 22 24 26 26 28 30 32 32 34 36 38 38 40 42 44 44 48 46 50 50 54 52 56 56 60 58 62 62 64 66 68 68 72 70 74 74 78 76 80 80 82 84 86 86 90 88 90 92 94 96 96 98 100 102 102 106 104 108 108 112 110 114 114 116 120 118 122 124 122 124 126 128 130 130 134 132 136 136 138 140 142 142 144 146 148 148 150 152 154 154 158 156 160 160 162 164 166 166 168 170 172 172 174 176 178 178 182 180 184 184 186 188 190 190 194 192 196 196 198 200 202 202 206 204 208 210 208 212 212 214 216 218 218 220 222 224 224 226 228 230 230 234 232 236 236 240 238 242 242 244 246 248 250 248 252 252 254 256 258 258 262 260 262 264 266 268 268 272 270 274 274 276 280 282 278 284 282 284 288 286 290 290 294 292 296 296 298 300 302 302 304 306 308 308 310 312 314 314 318 316 318 322 320 324 324 326 328 330 332 330 334 334 336 338 340 340 344 342 346 346 350 348 352 352 354 356 358 358 360 362 364 364 366 368 370 370 374 372 376 376 380 378 382 382 384 386 388 388 390 392 394 394 396 398 400 400 402 404 406 406 408 410 412 412 414 416 418 418 420 422 424 424 426 428 430 430 432 434 436 436 440 438 442 442 444 446 448 448 452 450 454 454 456 458 460 460 462 464 464 466 468 470 470 474 472 476 476 480 478 482 482 484 486 486 490 488 492 492 496 494 498 498 502 500 504 504 508 506 510 510 512 514 516 516 518 520 522 522 524 526 528 528 530 532 534 534 536 538 540 540 544 542 546 546 548 550 552 552 554 556 558 558 560 562 564 564 566 568 570 570 574 572 576 576 580 578 582 582 586 584 588 588 594 593 2 595
6 4 8 8 10 12 14 14 16 18 20 20 24 22 24 26 28 30 30 34 32 36 36 40 38 42 42 44 46 48 48 50 52 52 56 54 56 58 60 62 62 64 66 68 68 70 72 74 74 76 78 80 80 82 84 86 86 90 88 92 92 94 96 98 98 100 102 104 104 106 108 110 110 112 114 116 116 118 120 122 122 126 124 128 128 130 132 134 134 138 136 140 140 142 144 146 146 148 150 152 152 156 154 158 158 162 160 164 164 166 168 170 170 174 172 176 176 180 178 182 182 186 184 188 188 192 190 192 196 194 198 198 200 202 204 204 206 208 210 210 212 214 216 216 220 218 222 222 224 226 228 228 232 230 234 234 238 236 240 240 244 242 246 246 250 248 252 252 254 256 258 258 262 260 264 264 268 266 270 270 274 272 276 276 280 278 282 282 284 286 288 288 294 290 296 292 298 296 298 302 300 304 304 306 308 310 310 312 314 316 316 318 320 322 322 326 324 328 328 330 332 334 334 336 338 340 340 342 344 346 346 348 350 352 352 356 354 358 358 362 360 364 364 368 366 370 370 374 372 376 376 378 380 382 382 384 386 388 388 392 390 394 394 396 398 400 400 404 402 406 406 408 410 412 412 414 416 418 418 420 422 424 424 428 426 430 430 432 494 436 434 438 438 440 442 444 444 448 446 450 450 454 452 456 456 460 458 462 462 466 464 468 468 470 472 474 474 476 478 480 480 482 484 486 486 490 488 492 492 494 498 496 500 500 504 502 506 506 510 508 512 512 514 516 518 518 520 522 524 524 528 526 530 530 532 534 536 536 540 538 542 542 544 548 546 550 552 550 552 554 556 558 558 560 562 564 564 566 568 570 570 572 574 576 576 580 578 582 582 586 584 588 588 592 590 594 594 598 596 600 600 604 602 606 606 610 608 612 612 614 616 618 618 620 622 624 626 626 630 628 632 632 634 636 638 638 642 640 644 644 648 646 650 650 654 652 656 656 660 658 662 662 664 666 668 668 670 672 674 674 678 676 680 680 682 684 686 686 688 690 692 692 696 694 698 698 700 702 704 704 706 708 710 710 712 715 716 716 720 718 722 722 724 726 728 728 730 732 734 736 736 740 738 742 742 746 744 748 748 750 752 754 754 756 758 760 760 764 762 766 766 770 768 772 772 774 776 778 778 782 780 784 784 786 788 790 790 794 792 796 796 798 800 802 802 804 806 808 808 812 810 814 814 818 816 820 820 822 824 826 826 828 830 832 832 834 836 838 838 840 842 844 844 848 846 850 850 852 854 856 856 858 860 862 862 866 864 868 868 870 872 872 874 876 878 878 880 882 884 884 888 886 890 890 894 892 896 896 898 900 902 902 906 904 908 908 912 910 914 914 918 916 920 920 922 924 926 926 928 930 932 932 934 936 938 938 942 940 944 944 946 948 950 950 952 954 956 956 960 958 962 962 964 966 968 968 970 972 974 974 976 978 980 980 982 984 986 986 990 988 992 992 994 996 998 998 1002 1000 1004 1004 1006 1008 1010 1010 1014 1012 1016 1016 1018 1020 1022 1022 1026 1024 1028 1028 1030 1032 1034 1034 1036 1038 1040 1040 1044 1042 1046 1046 1050 1048 1052 1052 1056 1054 1058 1058 1062 1060 1064 1064 1068 1066 1070 1070 1072 1074 1076 1076 1078 1080 1082 1082 1084 1086 1088 1088 1090 1092 1094 1094 1098 1096 1100 1100 1104 1102 1106 1106 1110 1108 1112 1112 1114 1116 1118 1118 1120 1122 1124 1124 1126 1128 1130 1130 1132 1134 1136 1136 1140 1138 1142 1142 1144 1146 1148 1148 1150 1152 1154 1154 1156 1158 1160 1160 1162 1164 1166 1166 1170 1168 1172 1172 1174 1176 1178 1178 1182 1180 1184 1184 1188 1186 1190 1190 1192 1194 1196 1196 1198 1200 1202 1202 1204 1206 1208 1208 1210 1212 1214 1214 1216 1218 1220 1220 1224 1222 1226 1226 1230 1228 1232 1232 1234 1236 1238 1238 1240 1242 1244 1244 1246 1248 1250 1252 1256 1254 1258 1258 1262 1260 1264 1264 1266 1268 1270 1270 1274 1272 1276 1276 1280 1278 1282 1282 1286 1284 1288 1288 1290 1292 1294 1294 1296 1298 1300 1302 1302 1306 1304 1308 1308 1310 1312 1314 1314 1316 1318 1320 1320 1322 1324 1326 1326 1328 1330 1332 1332 1334 1336 1338 1340 1342 1344 1346 1348 1350 1350 1352 1354 1356 1358 1360 1362 1364 1366 1368 1368 1372 1370 1374 1374 1376 1378 1380 1380 1382 1384 1386 1388 1388 1390 1392 1394 1394 1396 1398 1400 1402 1404 1406 1408 1408 1412 1410 1414 1414 1416 1418 1420 1420 1422 1424 1426 1426 1430 1428 1432 1432 1434 1438 1436 1440 1440 1442 1444 1446 1446 1450 1448 1452 1452 1454 1456 1458 1458 1462 1460 1464 1464 1466 1470 1468 1474 1472 1474 1476 1478 1480 1482 1484 1484 1486 1488 1490 1490 1494 1492 1496 1496 1502 1501 2 1503


5 7 9 9 13 11 15 15 17 19 21 21 23 25 27 27 31 29 33 33 35 37 39 39 41 43 45 45 49 47 51 51 53 55 57 57 59 61 63 63 67 65 69 69 71 73 75 75 79 77 81 81 83 85 87 87 91 89 93 93 97 95 99 99 101 103 105 105 109 107 111 111 115 113 117 117 119 121 123 123 125 127 127 129 131 133 133 137 135 139 139 143 141 145 145 149 147 151 151 155 153 157 157 161 159 163 163 167 165 169 169 173 171 175 175 179 177 179 183 181 185 185 189 187 191 191 193 195 197 197 201 199 203 203 205 207 209 209 211 213 215 215 219 217 221 221 225 223 227 227 229 231 233 233 237 235 239 239 241 243 245 245 249 247 251 251 253 255 257 257 261 259 263 263 265 267 269 269 273 271 275 275 277 279 281 281 283 285 287 287 289 291 293 293 295 297 299 299 301 303 305 305 307 309 311 311 313 315 317 317 321 319 323 323 327 325 329 329 331 333 335 335 339 337 341 341 345 343 347 347 349 351 351 353 355 357 357 361 359 363 363 365 367 369 369 373 371 375 375 377 379 381 381 383 385 387 387 391 389 393 393 395 397 399 399 401 403 405 405 409 407 411 411 413 415 417 417 419 421 423 423 425 427 429 429 433 431 435 435 439 437 441 441 445 443 447 447 449 451 453 453 455 457 459 459 461 463 465 465 467 471 469 473 473 475 477 479 481 483 483 487 485 489 489 491 493 495 495 497 499 501 501 503 505 507 509 511 511 515 513 517 517 519 521 523 523 525 527 529 531 533 535 537 537 539 541 543 543 545 547 551 549 553 553 555 557 559 561 563 565 569 567 571 571 575 573 577 577 579 581 583 583 585 587 591 589 593 593 595 597 601 599 603 603 607 605 609 609 611 613 615 617 619 619 621 623 625 625 627 629 631 631 635 633 637 637 643 639 641 647 645 647 649 651 651 653 655 657 659 661 661 663 665 667 667 669 671 673 673 677 675 679 679 683 681 685 685 687 689 691 691 693 695 697 699 701 703 705 705 709 707 711 711 713 717 715 717 721 719 723 723 725 727 729 729 731 733 735 737 737 739 741 743 745 747 749 753 751 755 755 757 759 765 761 763 769 767 769 771 773 775 777 779 781 783 785 787 787 791 789 793 793 795 797 799 801 803 803 805 807 809 811 813 815 817 817 819 821 823 825 827 827 829 831 833 835 837 839 841 843 845 847 849 851 853 855 859 857 861 861 863 865 867 872 871 3 873
4 7 8 8 13 10 14 14 16 19 20 20 22 25 26 26 31 28 32 32 34 37 38 38 40 43 44 44 49 46 50 50 55 52 56 56 61 58 62 62 64 67 68 68 73 70 74 74 76 79 80 80 85 82 86 86 88 91 92 92 94 97 98 98 100 103 104 104 106 109 110 110 115 112 116 116 118 121 122 122 127 124 128 128 133 130 134 134 139 136 140 140 145 142 146 146 151 148 152 152 154 156 156 158 161 162 162 164 167 168 168 170 173 174 174 179 176 180 180 185 182 186 186 188 191 192 192 194 197 198 198 200 203 204 204 206 209 210 210 212 215 216 216 218 221 222 222 227 224 228 228 230 233 234 234 239 236 240 240 242 245 246 246 251 248 252 252 254 257 258 258 263 260 264 264 266 269 270 270 272 275 276 276 281 278 282 282 284 287 288 288 290 293 294 294 296 299 300 300 302 305 306 306 311 308 312 312 314 317 318 318 323 320 324 324 326 329 330 330 335 332 336 336 338 341 342 342 347 344 348 348 353 350 354 354 356 359 360 360 365 362 366 366 371 368 372 372 377 374 378 378 382 380 382 387 384 388 388 393 390 394 394 399 396 400 400 402 405 406 406 411 408 412 412 414 417 418 418 423 420 424 424 429 426 430 430 432 435 436 436 441 438 442 442 444 447 448 448 453 450 454 454 459 456 460 460 465 462 466 466 468 471 472 472 474 477 478 478 483 480 484 484 489 486 490 490 492 495 496 496 500 498 500 505 502 506 506 508 511 512 512 517 514 518 518 523 520 524 524 526 529 530 530 532 535 536 536 538 541 542 542 547 544 548 548 553 550 554 554 559 556 560 560 565 562 566 566 571 568 572 572 574 577 578 578 580 583 584 584 586 589 590 590 592 595 596 596 598 601 602 602 604 607 608 608 610 613 614 614 616 619 620 620 625 622 626 626 631 628 632 632 634 637 638 638 643 640 644 644 646 649 650 650 655 652 656 656 659 660 660 665 662 666 666 668 671 672 672 677 674 678 678 680 683 684 684 686 689 690 690 692 695 696 696 701 698 702 702 704 707 708 708 710 713 714 714 719 716 720 720 722 725 726 726 728 731 732 732 734 737 738 738 740 743 744 744 746 749 750 750 755 752 756 756 761 758 762 762 767 764 768 768 773 770 774 774 776 779 780 780 785 782 786 786 788 791 792 792 796 795 796 798 801 802 802 807 804 808 808 813 810 814 814 819 816 820 820 825 822 826 826 831 828 832 832 834 837 838 838 843 840 844 844 846 849 850 850 855 852 856 856 861 858 862 862 864 867 868 868 870 873 874 874 876 879 880 880 885 882 886 886 891 888 892 892 897 894 898 898 903 900 904 904 909 906 910 910 915 912 916 916 921 918 922 922 927 924 928 928 933 930 934 934 936 939 940 940 945 942 946 946 951 948 952 952 954 957 958 958 960 963 964 964 969 966 970 970 972 975 976 976 978 981 982 982 987 984 988 988 990 993 994 994 996 999 1000 1000 1005 1002 1006 1006 1008 1011 1012 1012 1017 1014 1018 1018 1023 1020 1024 1024 1029 1026 1030 1030 1032 1035 1036 1036 1038 1041 1042 1042 1044 1047 1048 1048 1053 1050 1054 1054 1059 1056 1060 1060 1065 1062 1066 1066 1071 1068 1072 1072 1077 1074 1078 1078 1083 1080 1084 1084 1086 1089 1090 1090 1095 1092 1096 1096 1101 1098 1102 1102 1107 1104 1108 1108 1113 1110 1114 1114 1116 1119 1120 1120 1122 1125 1126 1126 1131 1128 1132 1132 1134 1137 1138 1138 1143 1140 1144 1144 1149 1146 1150 1150 1152 1155 1156 1156 1158 1161 1162 1162 1164 1167 1168 1168 1173 1170 1174 1174 1179 1176 1180 1180 1182 1185 1186 1186 1191 1188 1192 1192 1194 1197 1198 1198 1200 1203 1204 1204 1209 1206 1210 1210 1212 1215 1216 1216 1221 1218 1222 1222 1227 1224 1228 1228 1233 1230 1234 1234 1239 1236 1240 1240 1245 1242 1246 1246 1251 1248 1252 1252 1254 1257 1258 1258 1263 1260 1264 1264 1269 1266 1270 1270 1272 1275 1276 1276 1280 1279 1280 1285 1282 1286 1286 1291 1288 1292 1292 1297 1294 1298 1298 1303 1300 1304 1304 1309 1306 1310 1310 1315 1312 1316 1316 1321 1318 1322 1322 1324 1327 1328 1328 1330 1333 1334 1334 1336 1339 1340 1340 1342 1345 1346 1346 1351 1348 1352 1352 1357 1354 1358 1358 1363 1360 1364 1364 1369 1366 1370 1370 1375 1372 1376 1376 1378 1381 1382 1382 1387 1384 1388 1388 1390 1393 1394 1394 1396 1399 1400 1400 1402 1405 1406 1406 1411 1408 1412 1412 1417 1414 1418 1418 1423 1420 1424 1424 1429 1426 1430 1430 1432 1435 1436 1436 1438 1441 1442 1442 1447 1444 1448 1448 1453 1450 1454 1454 1456 1459 1460 1460 1465 1462 1466 1466 1471 1468 1472 1472 1474 1477 1478 1478 1483 1480 1484 1484 1486 1489 1490 1490 1492 1495 1496 1496 1501 1498 1502 1502 1504 1507 1508 1508 1510 1513 1514 1514 1516 1519 1520 1520 1522 1525 1526 1526 1528 1531 1532 1532 1534 1537 1538 1538 1542 1541 1542 1547 1544 1548 1548 1550 1553 1554 1554 1556 1559 1560 1560 1562 1565 1566 1566 1568 1571 1572 1572 1574 1577 1578 1578 1580 1582 1585 1586 1586 1591 1588 1592 1592 1594 1596 1598 1598 1603 1600 1604 1604 1609 1606 1610 1610 1612 1614 1616 1619 1616 1620 1620 1622 1625 1626 1626 1628 1630 1632 1632 1635 1636 1636 1638 1641 1642 1642 1644 1647 1648 1648 1650 1655 1652 1656 1656 1656 1665 1658 1662 1660 1666 1666 1666 1673 1668 1670 1674 1676 1674 1676 1681 1678 1682 1682 1687 1684 1688 1688 1690 1693 1694 1694 1698 1696 1700 1700 1704 1702 1709 1706 1706 1710 1710 1712 1715 1716 1716 1718 1721 1722 1722 1724 1727 1728 1728 1730 1732 1734 1734 1736 1739 1740 1740 1745 1742 1746 1746 1748 1751 1752 1752 1756 1754 1758 1761 1758 1762 1762 1765 1766 1766 1771 1768 1772 1772 1774 1777 1778 1778 1783 1780 1784 1784 1789 1786 1790 1790 1795 1792 1796 1796 1801 1798 1802 1802 1806 1804 1808 1808 1813 1810 1814 1814 1816 1819 1820 1820 1825 1822 1826 1826 1831 1828 1832 1832 1834 1837 1838 1838 1840 1843 1844 1844 1846 1851 1852 1848 1854 1852 1854 1856 1859 1860 1860 1864 1862 1866 1866 1868 1870 1870 1874 1872 1876 1876 1879 1880 1880 1882 1884 1886 1889 1886 1890 1890 1892 1895 1896 1896 1898 1901 1902 1902 1907 1904 1908 1908 1910 1913 1914 1914 1916 1918 1920 1920 1922 1925 1926 1926 1928 1931 1932 1932 1937 1934 1938 1938 1945 1940 1942 1946 1948 1946 1948 1950 1953 1954 1954 1959 1956 1960 1960 1964 1962 1966 1966 1971 1968 1972 1972 1976 1974 1976 1985 1978 1980 1982 1986 1986 1986 1991 1988 1992 1992 1994 1999 2000 1996 2002 2000 2007 2002 2008 2004 2010 2008 2010 2012 2015 2016 2016 2021 2018 2022 2022 2024 2027 2028 2028 2033 2030 2034 2034 2036 2039 2040 2040 2042 2045 2046 2046 2051 2048 2052 2052 2057 2054 2058 2058 2060 2063 2064 2064 2069 2066 2070 2070 2072 2075 2076 2076 2078 2081 2082 2082 2086 2085 2086 2088 2091 2092 2092 2097 2094 2098 2098 2100 2103 2104 2104 2109 2106 2110 2110 2115 2112 2116 2116 2121 2118 2122 2122 2127 2124 2128 2128 2130 2133 2134 2134 2139 2136 2140 2140 2142 2145 2146 2146 2151 2148 2152 2152 2154 2157 2158 2158 2162 2167 2160 2164 2164 2168 2168 2173 2170 2174 2174 2176 2179 2180 2180 2182 2187 2184 2188 2190 2188 2190 2192 2195 2196 2196 2198 2201 2202 2202 2204 2207 2208 2208 2210 2213 2214 2214 2216 2221 2218 2222 2224 2222 2224 2226 2229 2230 2230 2234 2232 2236 2236 2243 2238 2240 2244 2246 2244 2246 2255 2250 2248 2252 2252 2256 2256 2263 2258 2260 2264 2270 2264 2266 2269 2270 2270 2272 2275 2276 2276 2281 2278 2282 2282 2284 2287 2288 2288 2293 2290 2294 2294 2299 2296 2300 2300 2305 2302 2306 2306 2308 2310 2312 2312 2317 2314 2318 2318 2320 2323 2324 2324 2329 2326 2330 2330 2332 2337 2334 2338 2338 2343 2340 2344 2344 2346 2349 2350 2350 2352 2355 2356 2356 2358 2361 2362 2362 2367 2364 2368 2368 2370 2373 2374 2374 2376 2379 2380 2380 2385 2382 2386 2386 2388 2391 2392 2392 2397 2394 2398 2398 2400 2403 2404 2404 2406 2409 2410 2410 2415 2412 2416 2416 2418 2421 2422 2422 2424 2427 2428 2428 2432 2430 2432 2437 2434 2438 2438 2443 2440 2444 2444 2449 2446 2450 2450 2452 2455 2456 2456 2461 2458 2462 2462 2464 2467 2468 2468 2473 2470 2474 2474 2479 2476 2480 2480 2482 2485 2486 2486 2490 2489 2490 2495 2492 2496 2496 2498 2501 2502 2502 2504 2507 2508 2508 2513 2510 2514 2514 2516 2519 2520 2520 2522 2525 2526 2526 2531 2528 2532 2532 2534 2537 2538 2538 2543 2540 2544 2544 2549 2546 2550 2550 2552 2555 2556 2556 2558 2561 2562 2562 2564 2567 2568 2568 2570 2573 2574 2574 2576 2579 2580 2580 2585 2582 2586 2586 2591 2588 2592 2592 2594 2597 2598 2598 2600 2603 2604 2604 2606 2609 2610 2610 2612 2614 2614 2616 2619 2620 2620 2622 2625 2626 2626 2631 2628 2632 2632 2637 2634 2638 2638 2640 2643 2644 2644 2646 2648 2651 2652 2652 2654 2656 2659 2660 2660 2665 2662 2666 2666 2668 2671 2672 2672 2674 2677 2678 2678 2680 2683 2684 2684 2689 2686 2690 2690 2692 2695 2696 2696 2698 2701 2702 2702 2704 2707 2708 2708 2710 2713 2714 2714 2716 2719 2720 2720 2722 2725 2726 2726 2731 2728 2732 2732 2737 2734 2738 2738 2743 2740 2744 2744 2746 2749 2750 2750 2752 2755 2756 2756 2758 2761 2762 2762 2767 2764 2768 2768 2770 2773 2774 2774 2779 2776 2780 2780 2782 2785 2786 2786 2788 2791 2792 2792 2794 2797 2798 2798 2803 2800 2804 2804 2809 2806 2810 2810 2815 2812 2816 2816 2818 2821 2822 2822 2827 2824 2828 2828 2830 2833 2834 2834 2839 2836 2840 2840 2845 2842 2846 2846 2851 2848 2852 2852 2854 2857 2858 2858 2860 2863 2864 2864 2866 2869 2870 2870 2875 2872 2876 2876 2881 2878 2882 2882 2884 2887 2888 2888 2893 2890 2894 2894 2899 2896 2900 2900 2902 2905 2906 2906 2908 2911 2912 2912 2914 2917 2918 2918 2923 2920 2924 2924 2929 2926 2930 2930 2935 2932 2936 2936 2938 2941 2942 2942 2947 2944 2948 2948 2950 2953 2954 2954 2956 2959 2960 2960 2965 2962 2966 2966 2971 2968 2972 2972 2976 2975 2976 2978 2981 2982 2982 2987 2984 2988 2988 2993 2990 2994 2994 2996 2999 3000 3000 3005 3002 3006 3006 3011 3008 3012 3012 3017 3014 3018 3018 3023 3020 3024 3024 3026 3029 3030 3030 3032 3035 3036 3036 3041 3038 3042 3042 3047 3044 3048 3048 3050 3053 3054 3054 3056 3059 3060 3060 3062 3065 3066 3066 3071 3068 3072 3072 3074 3077 3078 3078 3083 3080 3084 3084 3086 3089 3090 3090 3092 3095 3096 3096 3098 3101 3102 3102 3104 3107 3108 3108 3110 3113 3114 3114 3116 3119 3120 3120 3125 3122 3126 3126 3128 3131 3132 3132 3138 3137 2 3139
5 6 9 9 11 12 15 15 17 18 21 21 24 23 27 27 29 30 33 33 36 35 39 39 41 42 45 45 47 49 51 53 55 57 59 61 63 65 67 69 71 73 75 77 79 81 83 85 87 89 91 93 95 97 99 101 103 105 107 109 111 113 115 117 119 121 123 125 127 129 131 133 135 137 139 141 143 145 147 149 151 153 155 157 159 161 163 165 167 169 171 173 175 177 179 181 183 185 187 189 191 193 195 197 199 201 203 205 207 209 211 213 215 217 219 221 223 225 227 229 231 233 235 237 239 241 243 245 247 249 251 253 255 257 259 261 263 265 267 269 271 273 275 277 279 281 283 285 287 289 291 293 295 297 299 301 303 305 307 309 311 313 315 317 319 321 323 325 327 329 331 333 335 337 339 341 343 345 347 349 351 353 355 357 359 361 363 364 367 367 369 371 373 374 377 377 379 380 383 383 385 387 389 391 393 395 397 399 401 403 405 407 409 411 413 415 417 418 421 421 423 424 427 427 430 429 433 433 436 435 439 439 441 442 445 445 447 448 451 451 454 453 457 457 460 459 463 463 465 467 468 471 471 473 475 476 479 479 481 482 485 485 487 489 490 493 493 495 496 499 499 502 501 505 505 507 509 511 513 514 517 517 520 519 523 523 525 526 529 529 532 531 535 535 537 538 541 541 543 544 547 547 550 549 553 553 555 556 559 559 560 563 563 566 565 569 569 572 571 575 575 577 578 581 581 583 584 587 587 589 590 593 593 596 595 599 599 602 601 605 605 607 609 610 613 613 616 615 619 619 620 623 623 625 627 629 630 633 633 635 636 639 639 642 641 645 645 646 649 649 651 652 655 655 658 657 661 661 663 666 668 665 671 668 671 673 674 677 677 679 681 683 684 687 687 690 689 693 693 695 696 699 699 702 701 705 705 707 709 712 711 715 715 717 720 719 722 725 722 725 728 727 731 731 734 733 737 737 740 739 743 743 745 746 748 751 751 751 754 753 757 757 759 760 763 763 765 766 769 770 769 773 773 775 776 779 779 782 781 785 785 787 788 791 791 793 794 797 797 799 800 803 803 806 805 809 809 811 812 815 815 818 817 821 821 823 824 827 827 829 830 833 833 835 836 839 839 842 841 845 845 847 848 851 851 853 854 857 857 860 859 863 863 865 866 869 869 871 872 875 875 877 878 881 881 886 884 883 889 889 889 892 891 895 895 898 897 901 901 903 904 907 907 911 909 911 913 914 917 917 919 920 923 923 925 926 929 929 932 931 935 935 937 938 941 941 943 944 947 947 950 949 953 953 956 955 959 959 962 961 965 965 967 968 971 971 1048 972 974 976 978 978 980 982 984 984 986 988 990 990 992 994 996 998 998 1000 1002 1004 1004 1008 1006 1010 1010 1012 1014 1016 1016 1020 1018 1022 1022 1024 1026 1028 1028 1032 1030 1034 1034 1036 1038 1040 1040 1044 1042 1046 1046 1048 1050 1052 1054 1054 1058 1056 1060 1060 1066 1062 1064 1068 1068 1068 1072 1070 1072 1074 1076 1078 1078 1082 1080 1084 1084 1086 1088 1090 1090 1094 1092 1096 1096 1098 1100 1102 1102 1106 1104 1108 1108 1112 1110 1114 1114 1116 1118 1120 1120 1122 1124 1126 1126 1128 1130 1132 1132 1136 1134 1138 1138 1140 1142 1144 1144 1146 1148 1150 1150 1154 1152 1156 1156 1158 1160 1162 1162 1164 1166 1168 1168 1170 1172 1174 1174 1178 1176 1180 1180 1184 1182 1186 1186 1190 1188 1192 1192 1196 1194 1198 1198 1200 1202 1204 1204 1208 1206 1210 1210 1214 1212 1216 1216 1220 1218 1222 1222 1226 1224 1228 1228 1232 1230 1234 1234 1236 1238 1238 1242 1240 1244 1244 1248 1250 1246 1252 1250 1252 1254 1256 1258 1258 1260 1262 1264 1264 1266 1268 1270 1270 1272 1274 1276 1276 1280 1278 1282 1282 1286 1284 1288 1288 1292 1290 1294 1294 1298 1296 1300 1300 1302 1304 1306 1306 1308 1310 1312 1312 1316 1314 1318 1318 1320 1322 1324 1324 1328 1326 1328 1330 1332 1334 1334 1336 1338 1340 1340 1344 1342 1346 1346 1348 1350 1352 1352 1354 1356 1358 1358 1360 1362 1364 1364 1368 1366 1370 1370 1372 1374 1376 1376 1380 1378 1382 1382 1386 1384 1388 1388 1390 1392 1396 1394 1398 1398 1400 1402 1406 1404 1408 1408 1412 1410 1414 1414 1416 1418 1420 1420 1424 1422 1426 1426 1428 1430 1432 1432 1434 1436 1438 1440 1444 1442 1444 1450 1448 1446 1452 1452 1452 1456 1454 1458 1458 1462 1460 1464 1464 1466 1468 1470 1470 1474 1472 1476 1476 1478 1480 1482 1484 1486 1486 1488 1490 1492 1492 1494 1498 1496 1500 1500 1504 1502 1506 1508 1506 1510 1510 1514 1512 1516 1516 1520 1518 1522 1522 1526 1524 1528 1528 1530 1532 1534 1534 1538 1536 1540 1540 1544 1542 1546 1546 1548 1550 1552 1552 1554 1558 1556 1564 1564 1563 3 1565
5 7 9 9 13 11 15 15 17 19 21 21 23 25 27 27 31 29 33 33 35 37 39 39 41 43 45 45 49 47 51 51 53 55 57 57 59 61 63 63 67 65 69 69 71 73 75 75 79 77 81 81 83 85 87 87 91 89 93 93 97 95 99 99 101 103 105 105 109 107 111 111 115 113 117 117 119 121 123 123 125 127 127 129 131 133 133 137 135 139 139 143 141 145 145 149 147 151 151 155 153 157 157 161 159 163 163 167 165 169 169 173 171 175 175 179 177 179 183 181 185 185 189 187 191 191 193 195 197 197 201 199 203 203 205 207 209 209 211 213 215 215 219 217 221 221 225 223 227 227 229 231 233 233 237 235 239 239 241 243 245 245 249 247 251 251 253 255 257 257 261 259 263 263 265 267 269 269 273 271 275 275 277 279 281 281 283 285 287 287 289 291 293 293 295 297 299 299 301 303 305 305 307 309 311 311 313 315 317 317 321 319 323 323 327 325 329 329 331 333 335 335 339 337 341 341 345 343 347 347 349 351 351 353 355 357 357 361 359 363 363 365 367 369 369 373 371 375 375 377 379 381 381 383 385 387 387 391 389 393 393 395 397 399 399 401 403 405 405 409 407 411 411 413 415 417 417 419 421 423 423 425 427 429 429 433 431 435 435 439 437 441 441 445 443 447 447 449 451 453 453 455 457 459 459 461 463 465 465 467 471 469 473 473 475 477 479 481 483 483 487 485 489 489 491 493 495 495 497 499 501 501 503 505 507 509 511 511 515 513 517 517 519 521 523 523 525 527 529 531 533 535 537 537 539 541 543 543 545 547 551 549 553 553 555 557 559 561 563 565 569 567 571 571 575 573 577 577 579 581 583 583 585 587 591 589 593 593 595 597 601 599 603 603 607 605 609 609 611 613 615 617 619 619 621 623 625 625 627 629 631 631 635 633 637 637 643 639 641 647 645 647 649 651 651 653 655 657 659 661 661 663 665 667 667 669 671 673 673 677 675 679 679 683 681 685 685 687 689 691 691 693 695 697 699 701 703 705 705 709 707 711 711 713 717 715 717 721 719 723 723 725 727 729 729 731 733 735 737 737 739 741 743 745 747 749 753 751 755 755 757 759 765 761 763 769 767 769 771 773 775 777 779 781 783 785 787 787 791 789 793 793 795 797 799 801 803 803 805 807 809 811 813 815 817 817 819 821 823 825 827 827 829 831 833 835 837 839 841 843 845 847 849 851 853 855 859 857 861 861 863 865 867 872 871 3 873

5 6 9 11 11 12 15 17 17 21 18 23 23 25 29 26 31 31 35 32 37 37 38 41 43 43 44 47 49 49 53 50 55 55 59 56 61 61 62 65 67 67 68 71 73 73 74 77 79 79 80 83 85 85 86 89 91 91 95 92 97 97 101 98 103 103 107 104 109 109 113 110 115 115 116 119 121 121 125 122 127 127 131 128 133 133 223 135 136 139 141 141 145 142 147 147 148 151 153 153 154 157 159 159 163 160 165 165 166 169 173 173 170 175 175 179 176 181 181 185 182 187 187 188 191 193 193 194 197 199 199 203 200 205 205 209 206 211 211 212 215 217 217 221 218 223 223 224 227 229 229 230 233 235 235 236 239 241 241 242 245 249 246 249 251 251 252 255 259 257 259 263 263 260 265 265 269 266 271 271 275 272 277 277 278 281 283 283 285 287 289 289 290 293 295 295 296 299 301 301 305 302 307 307 308 311 313 313 317 314 319 319 320 323 325 325 329 326 331 331 337 332 334 339 341 339 341 345 342 347 347 348 351 353 353 357 354 359 359 360 363 365 365 366 369 371 371 372 375 377 377 381 379 385 382 385 387 387 388 391 393 393 397 394 399 399 400 403 405 405 409 406 411 411 412 415 417 417 418 421 423 423 427 424 429 429 430 433 435 435 439 436 441 441 445 442 447 447 451 448 453 453 455 457 459 459 463 460 465 465 466 469 471 471 472 475 477 477 481 479 483 483 487 485 491 491 488 493 493 499 494 496 501 503 501 503 504 507 509 509 513 510 515 515 516 519 521 521 525 522 527 527 528 531 533 533 534 537 539 539 543 540 545 545 548 551 546 553 553 553 554 557 559 559 563 560 565 565 569 566 571 571 575 572 577 577 581 578 583 583 584 587 589 589 590 593 595 595 596 601 603 598 605 603 605 609 606 611 611 612 615 617 617 619 621 623 623 627 625 629 629 633 630 635 635 636 639 641 641 643 647 645 649 649 650 653 655 655 657 659 660 663 665 665 669 666 671 671 675 672 679 679 676 681 681 682 685 687 687 688 691 693 693 694 697 699 699 700 705 702 707 707 707 711 708 713 717 713 714 717 719 719 720 723 725 725 729 727 729 730 733 733 734 737 739 739 740 743 745 745 746 749 751 751 752 755 757 757 761 758 763 763 764 767 769 769 770 773 775 775 776 779 781 781 782 785 787 787 788 790 793 795 795 795 796 799 801 801 802 805 807 807 808 811 813 813 817 814 819 819 820 823 825 825 829 826 831 831 832 835 836 839 836 841 841 842 845 847 847 851 848 853 853 859 854 861 856 865 861 862 865 867 867 868 871 873 873 874 879 876 881 881 881 885 882 887 887 888 891 893 893 894 897 899 899 900 903 905 905 909 906 911 911 912 915 917 917 918 921 925 922 925 929 926 929 931 931 935 932 937 937 941 938 943 943 944 947 949 949 953 950 955 955 956 959 961 961 965 962 967 967 973 968 975 970 977 975 977 981 978 985 985 982 987 987 988 991 993 993 994 997 999 999 1000 1003 1005 1005 1006 1009 1011 1011 1012 1015 1017 1017 1018 1021 1023 1023 1024 1029 1026 1031 1033 1031 1033 1037 1034 1039 1039 1044 1040 1047 1042 1049 1051 1049 1049 1051 1052 1055 1057 1057 1061 1058 1063 1063 1064 1067 1069 1069 1073 1070 1075 1075 1076 1079 1081 1081 1082 1085 1087 1087 1091 1088 1093 1093 1094 1097 1099 1099 1100 1103 1105 1105 1109 1106 1111 1111 1112 1115 1119 1116 1119 1121 1121 1122 1125 1126 1126 1131 1133 1128 1133 1133 1134 1139 1143 1136 1144 1140 1143 1144 1144 1151 1148 1146 1153 1153 1153 1154 1161 1156 1163 1158 1163 1165 1163 1165 1166 1169 1171 1171 1172 1175 1177 1177 1178 1181 1182 1182 1185 1187 1187 1188 1191 1193 1193 1197 1194 1199 1199 1203 1200 1204 1209 1204 1211 1206 1213 1211 1213 1217 1214 1219 1219 1223 1220 1224 1227 1224 1229 1229 1230 1233 1235 1235 1236 1239 1241 1241 1242 1245 1247 1247 1248 1251 1253 1253 1255 1257 1259 1259 1260 1263 1265 1265 1266 1273 1269 1271 1271 1273 1274 1277 1279 1279 1283 1280 1289 1287 1284 1289 1289 1290 1293 1295 1295 1296 1299 1301 1301 1302 1305 1307 1307 1308 1315 1310 1312 1312 1317 1317 1321 1318 1323 1323 1324 1327 1329 1329 1333 1330 1335 1335 1339 1336 1343 1343 1340 1345 1345 1346 1349 1353 1350 1353 1355 1355 1356 1359 1361 1361 1367 1362 1369 1364 1371 1369 1371 1375 1372 1377 1377 1381 1378 1383 1383 1384 1387 1389 1389 1390 1393 1397 1397 1394 1399 1399 1403 1400 1403 1404 1407 1409 1409 1412 1410 1415 1416 1419 1416 1419 1421 1421 1435 1424 1422 1426 1428 1428 1428 1432 1430 1439 1437 1437 1439 1447 1440 1442 1444 1449 1449 1451 1449 1451 1457 1452 1454 1459 1461 1459 1461 1465 1462 1467 1467 1473 1468 1470 1475 1475 1475 1476 1479 1481 1481 1485 1482 1487 1487 1488 1491 1493 1493 1497 1494 1501 1501 1498 1503 1503 1507 1504 1511 1511 1508 1513 1513 1514 1517 1519 1519 1523 1520 1524 1527 1524 1529 1529 1530 1533 1535 1535 1538 1543 1536 1540 1540 1547 1547 1544 1549 1549 1550 1557 1554 1552 1559 1559 1559 1560 1563 1565 1567 1565 1567 1568 1571 1572 1572 1575 1577 1577 1578 1581 1583 1583 1584 1587 1591 1588 1591 1593 1593 1594 1597 1599 1599 1603 1600 1605 1605 1606 1608 1611 1613 1613 1613 1614 1617 1619 1619 1620 1623 1625 1625 1631 1626 1633 1628 1637 1633 1637 1634 1638 1638 1643 1645 1640 1649 1645 1646 1649 1651 1651 1652 1655 1657 1657 1658 1661 1665 1665 1662 1667 1667 1670 1668 1675 1677 1672 1672 1679 1677 1679 1680 1683 1685 1685 1686 1689 1692 1692 1690 1695 1697 1697 1697 1701 1698 1703 1703 1709 1706 1704 1711 1717 1711 1714 1717 1712 1719 1719 1719 1723 1720 1727 1724 1727 1728 1733 1728 1735 1730 1737 1735 1737 1738 1741 1742 1742 1745 1747 1747 1751 1748 1753 1753 1754 1757 1759 1759 1763 1760 1765 1765 1766 1769 1771 1771 1775 1772 1777 1777 1781 1778 1783 1783 1784 1787 1789 1789 1793 1790 1795 1795 1803 1798 1796 1805 1805 1800 1809 1805 1809 1806 1813 1810 1813 1815 1815 1816 1819 1821 1821 1822 1825 1831 1826 1829 1831 1831 1835 1832 1837 1837 1838 1841 1849 1845 1842 1847 1847 1849 1853 1850 1854 1857 1854 1859 1859 1863 1860 1865 1865 1866 1869 1875 1873 1870 1875 1875 1878 1876 1881 1883 1883 1883 1887 1884 1889 1889 1893 1890 1895 1895 1899 1896 1901 1901 1905 1902 1907 1907 1913 1908 1910 1915 1915 1915 1919 1916 1921 1921 1922 1925 1927 1927 1931 1928 1933 1933 1934 1939 1941 1936 1945 1941 1942 1945 1946 1949 1946 1951 1951 1952 1955 1956 1959 1956 1963 1963 1960 1965 1965 1966 1969 1971 1971 1972 1979 1974 1981 1981 1976 1983 1981 1983 1984 1987 1989 1989 1990 1993 1995 1995 2001 1998 1996 2003 2003 2003 2004 2007 2008 2010 2008 2013 2015 2015 2015 2019 2016 2021 2021 2025 2022 2027 2027 2030 2033 2028 2037 2035 2035 2037 2041 2038 2043 2043 2044 2047 2049 2049 2052 2050 2055 2057 2057 2057 2061 2058 2063 2063 2067 2064 2069 2069 2070 2073 2075 2075 2079 2076 2081 2081 2085 2082 2087 2087 2088 2091 2093 2093 2094 2099 2101 2096 2105 2101 2102 2105 2107 2107 2111 2108 2113 2113 2114 2117 2119 2119 2123 2120 2125 2125 2129 2126 2131 2131 2137 2132 2141 2134 2143 2138 2141 2143 2143 2144 2149 2146 2151 2151 2151 2158 2152 2161 2154 2156 2163 2165 2165 2163 2163 2165 2173 2166 2170 2168 2175 2175 2175 2176 2179 2181 2181 2182 2185 2187 2187 2191 2188 2193 2193 2194 2197 2199 2199 2203 2200 2207 2204 2207 2208 2211 2208 2213 2213 2214 2217 2219 2219 2220 2223 2224 2229 2224 2226 2231 2231 2231 2232 2235 2237 2237 2238 2241 2243 2243 2247 2244 2251 2248 2251 2255 2255 2252 2257 2257 2261 2258 2265 2262 2265 2267 2267 2271 2268 2273 2273 2274 2277 2278 2281 2278 2283 2283 2287 2284 2289 2289 2290 2293 2295 2295 2301 2298 2296 2305 2303 2303 2305 2309 2306 2311 2311 2312 2315 2317 2317 2321 2318 2323 2323 2327 2324 2329 2329 2330 2333 2335 2335 2339 2336 2341 2341 2342 2345 2347 2347 2348 2351 2353 2353 2357 2354 2361 2358 2361 2363 2363 2367 2364 2369 2369 2373 2370 2375 2375 2376 2383 2385 2378 2380 2386 2386 2385 2386 2389 2391 2391 2392 2397 2399 2394 2403 2399 2400 2403 2405 2405 2409 2406 2413 2410 2413 2415 2415 2419 2416 2421 2421 2425 2422 2427 2427 2429 2429 2430 2433 2435 2435 2439 2436 2440 2443 2440 2445 2445 2446 2451 2453 2448 2454 2453 2454 2457 2459 2459 2460 2465 2467 2462 2469 2467 2469 2473 2470 2474 2474 2477 2479 2479 2483 2480 2485 2485 2489 2486 2491 2491 2497 2494 2492 2501 2498 2501 2498 2507 2505 2502 2507 2507 2509 2511 2511 2515 2512 2517 2517 2521 2518 2523 2523 2524 2527 2529 2529 2533 2531 2535 2535 2539 2536 2541 2541 2545 2542 2547 2547 2548 2551 2553 2553 2557 2554 2559 2559 2561 2563 2563 2564 2567 2572 2571 2568 2572 2575 2572 2577 2577 2578 2581 2583 2583 2587 2584 2589 2589 2593 2590 2599 2597 2594 2599 2599 2600 2603 2605 2605 2606 2609 2611 2611 2615 2612 2617 2617 2623 2618 2620 2625 2627 2625 2627 2631 2628 2633 2633 2634 2639 2636 2641 2643 2641 2643 2644 2647 2649 2649 2655 2650 2652 2658 2657 2657 2658 2661 2663 2663 2666 2664 2671 2668 2668 2675 2675 2672 2677 2677 2678 2681 2683 2683 2684 2686 2689 2693 2693 2693 2690 2695 2695 2696 2699 2701 2701 2705 2702 2707 2707 2708 2711 2713 2713 2719 2714 2721 2716 2723 2721 2723 2726 2724 2731 2733 2728 2733 2735 2733 2735 2739 2736 2741 2741 2745 2742 2747 2747 2751 2748 2753 2753 2754 2757 2759 2759 2760 2763 2765 2765 2769 2766 2771 2771 2772 2775 2777 2777 2781 2778 2783 2783 2784 2787 2787 2792 2788 2795 2790 2797 2799 2799 2797 2799 2800 2803 2807 2807 2804 2809 2809 2810 2815 2812 2817 2819 2817 2819 2823 2820 2825 2825 2829 2826 2831 2831 2832 2835 2837 2837 2841 2838 2843 2843 2844 2847 2849 2849 2850 2853 2855 2855 2859 2856 2861 2861 2865 2862 2867 2867 2871 2868 2875 2872 2875 2877 2877 2880 2883 2878 2885 2885 2885 2889 2886 2891 2891 2895 2892 2897 2897 2898 2903 2900 2905 2905 2905 2908 2911 2906 2913 2913 2913 2921 2914 2917 2919 2919 2921 2922 2925 2927 2927 2931 2928 2933 2933 2934 2937 2939 2939 2940 2943 2944 2947 2944 2949 2949 2955 2950 2957 2952 2959 2957 2959 2963 2960 2965 2965 2969 2966 2971 2971 2974 2972 2977 2981 2981 2978 2981 2983 2983 2987 2984 2989 2989 2990 2993 2995 2995 2996 2999 3000 3003 3000 3005 3005 3006 3011 3008 3013 3013 3013 3014 3017 3018 3018 3021 3023 3023 3027 3024 3029 3029 3033 3030 3035 3035 3036 3039 3040 3043 3040 3045 3045 3046 3055 3057 3048 3050 3052 3052 3059 3057 3059 3060 3063 3064 3069 3064 3066 3071 3072 3071 3072 3075 3077 3077 3081 3078 3085 3085 3082 3089 3086 3089 3090 3093 3090 3095 3095 3096 3099 3101 3101 3105 3102 3107 3107 3113 3110 3108 3115 3115 3115 3121 3116 3118 3123 3126 3123 3126 3124 3131 3133 3128 3133 3135 3133 3135 3136 3139 3141 3141 3142 3147 3144 3149 3151 3149 3151 3152 3155 3157 3157 3158 3165 3160 3167 3162 3169 3173 3167 3169 3170 3173 3175 3175 3183 3178 3176 3180 3180 3185 3185 3189 3186 3191 3191 3192 3199 3194 3196 3205 3200 3200 3203 3205 3205 3206 3211 3213 3208 3215 3213 3215 3223 3216 3218 3225 3229 3220 3230 3225 3229 3226 3230 3230 3233 3235 3235 3236 3239 3241 3241 3242 3247 3244 3249 3249 3249 3250 3253 3255 3255 3259 3256 3261 3261 3262 3265 3267 3267 3268 3271 3273 3273 3274 3279 3281 3276 3283 3281 3283 3289 3286 3284 3291 3291 3291 3295 3292 3297 3297 3300 3303 3298 3305 3305 3305 3309 3306 3311 3311 3319 3312 3314 3316 3321 3321 3321 3322 3325 3327 3327 3331 3328 3333 3333 3334 3339 3341 3336 3343 3341 3343 3344 3347 3348 3348 3351 3353 3353 3357 3354 3357 3358 3361 3367 3365 3362 3367 3367 3371 3368 3373 3373 3379 3374 3376 3381 3381 3381 3385 3382 3387 3387 3388 3391 3393 3393 3397 3394 3399 3399 3403 3400 3405 3405 3406 3409 3411 3411 3415 3412 3417 3417 3423 3418 3420 3425 3425 3425 3426 3429 3431 3431 3435 3432 3437 3437 3438 3440 3443 3445 3445 3445 3449 3446 3451 3451 3452 3455 3457 3457 3461 3458 3463 3463 3464 3466 3469 3471 3471 3471 3472 3475 3477 3477 3485 3479 3480 3483 3485 3485 3486 3489 3491 3491 3492 3497 3494 3501 3499 3499 3501 3511 3502 3504 3504 3513 3506 3515 3508 3519 3513 3515 3516 3519 3521 3521 3522 3527 3529 3524 3531 3529 3531 3537 3532 3539 3534 3541 3539 3541 3798 3543 3547 3544 3549 3549 3550 3553 3554 3557 3554 3559 3559 3565 3560 3567 3562 3569 3567 3569 3573 3570 3574 3574 3577 3579 3579 3580 3583 3585 3585 3589 3586 3591 3591 3595 3592 3595 3599 3596 3601 3601 3602 3605 3607 3607 3610 3608 3613 3614 3617 3617 3617 3619 3619 3623 3620 3625 3625 3629 3626 3631 3631 3632 3635 3643 3639 3636 3643 3643 3640 3645 3645 3646 3649 3653 3650 3653 3655 3655 3659 3656 3661 3661 3662 3665 3667 3667 3671 3668 3673 3673 3677 3674 3679 3679 3683 3681 3683 3686 3684 3689 3691 3691 3691 3692 3695 3697 3697 3701 3698 3703 3703 3704 3707 3709 3709 3713 3710 3715 3715 3716 3719 3725 3723 3720 3725 3725 3729 3726 3731 3731 3735 3732 3737 3737 3738 3741 3747 3745 3742 3747 3747 3751 3748 3752 3752 3755 3757 3757 3761 3758 3763 3763 3764 3769 3766 3771 3777 3771 3772 3775 3777 3777 3781 3778 3783 3783 3787 3785 3787 3788 3791 3792 3795 3792 3797 3797 3801 3798 3803 3803 3809 3804 3811 3806 3812 3811 3815 3812 3817 3817 3821 3818 3823 3823 3824 3826 3829 3833 3831 3831 3833 3837 3834 3839 3839 3843 3840 3845 3845 3846 3849 3851 3851 3852 3857 3859 3854 3863 3859 3860 3863 3865 3865 3866 3868 3871 3875 3875 3872 3875 3879 3879 3876 3881 3881 3882 3887 3884 3889 3889 3889 3890 3893 3894 3897 3894 3899 3899 3905 3900 3902 3906 3911 3909 3906 3911 3911 3915 3912 3917 3917 3921 3918 3923 3923 3926 3924 3929 3935 3930 3930 3933 3935 3935 3939 3936 3941 3941 3945 3942 3946 3946 3951 3948 3953 3957 3953 3957 3954 3959 3959 3963 3960 3965 3965 3969 3966 3971 3971 3975 3972 3977 3977 3978 3981 3983 3983 3987 3984 3989 3989 3995 3990 3992 3997 3999 3997 3999 4000 4003 4005 4005 4009 4006 4011 4011 4015 4012 4017 4017 4018 4021 4023 4023 4027 4024 4029 4029 4030 4033 4035 4035 4036 4041 4038 4043 4045 4043 4045 4049 4046 4051 4051 4057 4054 4052 4059 4059 4059 4063 4060 4065 4065 4069 4066 4071 4071 4075 4072 4077 4077 4081 4078 4083 4083 4087 4084 4088 4091 4088 4091 4097 4094 4092 4099 4099 4099 4100 4103 4105 4105 4106 4108 4111 4113 4113 4113 4117 4114 4119 4119 4120 4123 4125 4125 4128 4135 4126 4130 4132 4130 4141 4137 4137 4138 4141 4143 4143 4144 4147 4151 4148 4151 4153 4153 4156 4154 4159 4161 4161 4161 4162 4165 4166 4169 4166 4169 4170 4170 4173 4177 4177 4175 4179 4179 4180 4183 4185 4185 4186 4189 4191 4191 4195 4192 4197 4197 4201 4198 4203 4203 4204 4207 4209 4209 4213 4210 4215 4215 4219 4216 4221 4221 4222 4225 4227 4227 4228 4231 4233 4233 4245 4234 4236 4240 4238 4242 4249 4247 4249 4247 4249 4253 4250 4255 4255 4256 4259 4261 4261 4265 4262 4267 4267 4271 4268 4273 4273 4274 4277 4279 4279 4282 4285 4280 4287 4287 4287 4288 4290 4293 4295 4295 4295 4296 4299 4300 4300 4303 4305 4305 4306 4309 4311 4311 4312 4315 4317 4317 4318 4323 4320 4325 4326 4325 4329 4326 4331 4331 4335 4332 4337 4337 4341 4338 4343 4343 4347 4344 4349 4349 4350 4353 4355 4355 4359 4356 4360 4360 4365 4362 4367 4368 4367 4368 4371 4373 4373 4374 4377 4379 4379 4384 4380 4387 4389 4382 4393 4397 4389 4390 4393 4397 4394 4397 4399 4399 4400 4403 4407 4407 4404 4409 4409 4415 4410 4412 4417 4419 4417 4419 4420 4425 4427 4422 4429 4427 4429 4433 4430 4435 4435 4439 4436 4441 4441 4445 4442 4449 4449 4446 4451 4451 4452 4455 4457 4457 4458 4461 4463 4463 4467 4465 4469 4469 4473 4470 4474 4477 4474 4479 4479 4483 4480 4487 4484 4487 4493 4488 4491 4493 4493 4494 4497 4499 4499 4500 4503 4505 4505 4509 4506 4510 4512 4510 4515 4515 4515 4519 4516 4521 4521 4522 4525 4529 4529 4526 4531 4531 4535 4532 4537 4537 4541 4538 4543 4543 4544 4547 4549 4549 4555 4552 4550 4556 4556 4556 4559 4561 4561 4565 4562 4567 4567 4568 4571 4575 4575 4572 4579 4579 4576 4580 4580 4583 4585 4585 4586 4589 4591 4591 4592 4595 4597 4597 4601 4598 4603 4603 4604 4607 4611 4611 4608 4613 4613 4619 4614 4621 4616 4623 4621 4623 4629 4624 4626 4631 4633 4631 4633 4637 4634 4638 4638 4641 4643 4643 4646 4649 4644 4651 4651 4651 4652 4655 4657 4657 4658 4661 4663 4663 4667 4664 4669 4669 4672 4670 4675 4677 4677 4677 4678 4681 4683 4683 4684 4687 4689 4689 4690 4693 4695 4695 4701 4698 4696 4703 4709 4703 4704 4707 4709 4709 4713 4710 4713 4717 4714 4719 4719 4723 4720 4727 4724 4727 4731 4731 4728 4733 4733 4734 4739 4736 4741 4741 4741 4742 4745 4747 4747 4748 4751 4753 4753 4757 4754 4759 4759 4763 4760 4771 4764 4767 4771 4769 4771 4773 4773 4777 4774 4779 4779 4787 4782 4780 4791 4789 4784 4791 4789 4791 4797 4792 4794 4799 4801 4799 4801 4805 4802 4807 4807 4808 4811 4813 4813 4817 4814 4821 4818 4821 4823 4823 4824 4827 4829 4829 4830 4837 4832 4834 4834 4843 4841 4838 4843 4843 4847 4844 4849 4849 4850 4853 4855 4855 4865 4857 4858 4861 4862 4865 4862 4867 4867 4868 4871 4877 4872 4875 4877 4877 4881 4878 4883 4883 4884 4889 4886 4891 4893 4891 4893 4894 4897 4898 4898 4903 4905 4900 4907 4905 4907 4911 4908 4913 4913 4914 4917 4919 4919 4923 4920 4925 4925 4926 4929 4931 4931 4935 4932 4937 4937 4938 4941 4942 4942 4945 4947 4947 4948 4955 4952 4950 4959 4959 4956 4959 4963 4963 4960 4965 4965 4966 4969 4971 4971 4972 4975 4979 4979 4976 4981 4981 4985 4982 4986 4986 4989 4991 4991 4995 4992 4997 4997 5001 4998 5003 5003 5004 5007 5009 5009 5013 5010 5015 5018 5015 5021 5016 5018 5021 5022 5029 5024 5026 5033 5035 5031 5033 5033 5035 5039 5036 5041 5041 5042 5049 5044 5051 5046 5046 5053 5051 5053 5057 5054 5059 5059 5063 5060 5065 5065 5069 5066 5070 5070 5073 5075 5075 5076 5079 5081 5081 5082 5085 5087 5087 5088 5091 5093 5093 5094 5097 5099 5099 5103 5100 5105 5105 5113 5106 5108 5110 5115 5115 5115 5119 5116 5123 5120 5123 5127 5124 5127 5133 5128 5133 5131 5135 5135 5135 5139 5136 5141 5141 5142 5145 5149 5146 5149 5151 5151 5155 5152 5157 5157 5158 5161 5165 5165 5162 5169 5169 5166 5171 5171 5172 5175 5177 5177 5181 5178 5185 5185 5182 5189 5186 5189 5190 5195 5190 5199 5192 5197 5199 5197 5199 5203 5200 5205 5205 5209 5206 5210 5210 5213 5215 5215 5216 5219 5221 5221 5224 5222 5227 5229 5229 5229 5233 5230 5234 5241 5234 5238 5236 5243 5245 5245 5243 5245 5246 5255 5248 5250 5250 5257 5252 5261 5257 5261 5258 5263 5263 5264 5267 5268 5271 5271 5268 5275 5275 5272 5277 5277 5281 5278 5285 5285 5282 5287 5287 5291 5288 5295 5292 5295 5297 5297 5298 5301 5303 5303 5304 5307 5309 5309 5313 5310 5315 5315 5319 5316 5321 5321 5322 5327 5324 5329 5331 5329 5331 5332 5335 5339 5336 5339 5341 5341 5347 5344 5342 5349 5349 5349 5353 5350 5361 5354 5357 5361 5358 5361 5365 5365 5362 5369 5369 5366 5371 5371 5372 5375 5377 5377 5378 5381 5383 5383 5384 5386 5389 5391 5391 5391 5395 5392 5396 5396 5399 5401 5401 5402 5405 5407 5407 5411 5408 5412 5415 5412 5417 5417 5421 5418 5423 5423 5429 5424 5426 5431 5431 5431 5435 5432 5437 5437 5439 6268 5443 5440 5445 5445 5446 5449 5451 5451 5452 5455 5457 5457 5461 5458 5463 5463 5467 5464 5469 5469 5473 5470 5475 5475 5479 5476 5481 5481 5485 5482 5487 5487 5488 5491 5493 5493 5497 5494 5499 5499 5500 5503 5505 5505 5509 5506 5511 5511 5512 5515 5517 5517 5518 5521 5523 5523 5527 5524 5528 5531 5528 5535 5532 5532 5535 5537 5537 5541 5538 5543 5543 5544 5547 5549 5549 5550 5553 5555 5555 5556 5559 5563 5560 5563 5565 5565 5566 5569 5571 5571 5575 5572 5577 5577 5578 5581 5583 5583 5587 5585 5587 5588 5591 5593 5593 5594 5597 5599 5599 5600 5603 5605 5605 5609 5606 5611 5611 5615 5612 5617 5617 5621 5618 5623 5623 5625 5627 5627 5628 5631 5633 5633 5637 5634 5639 5639 5640 5643 5645 5645 5646 5649 5653 5653 5650 5655 5655 5659 5656 5661 5661 5662 5665 5667 5667 5671 5668 5673 5673 5674 5677 5679 5679 5680 5683 5685 5685 5686 5689 5691 5691 5692 5695 5697 5697 5701 5698 5703 5703 5704 5707 5709 5709 5713 5711 5715 5715 5719 5716 5721 5721 5722 5725 5727 5727 5731 5728 5733 5733 5737 5734 5739 5739 5740 5743 5745 5745 5746 5749 5751 5751 5755 5752 5759 5756 5759 5761 5761 5762 5765 5767 5767 5768 5771 5773 5773 5774 5777 5779 5779 5780 5783 5785 5785 5789 5786 5791 5791 5792 5795 5797 5797 5801 5798 5803 5803 5807 5805 5809 5809 5813 5810 5815 5815 5819 5817 5821 5821 5822 5825 5827 5827 5831 5828 5835 5832 5835 5837 5837 5838 5841 5843 5843 5847 5844 5849 5849 5850 5853 5855 5855 5859 5856 5861 5861 5865 5862 5869 5866 5869 5871 5871 5875 5872 5877 5877 5881 5878 5883 5883 5884 5887 5889 5889 5890 5893 5895 5895 5899 5896 5901 5901 5905 5902 5907 5907 5911 5908 5913 5913 5919 5914 5921 5916 5923 5921 5923 5927 5924 5929 5929 5933 5930 5935 5935 5936 5939 5941 5941 5942 5945 5947 5947 5948 5953 5950 5955 5957 5955 5957 5958 5961 5963 5963 5967 5964 5969 5969 5973 5970 5975 5975 5979 5976 5981 5981 5982 5985 5987 5987 5989 5991 5991 5995 5992 5997 5997 6001 5998 6003 6003 6004 6007 6009 6009 6013 6010 6015 6015 6019 6016 6021 6021 6022 6025 6027 6027 6028 6031 6033 6033 6037 6034 6039 6039 6040 6043 6045 6045 6049 6046 6051 6051 6052 6055 6057 6057 6061 6058 6063 6063 6064 6067 6069 6069 6073 6070 6075 6075 6076 6079 6081 6081 6082 6085 6087 6087 6091 6088 6093 6093 6097 6094 6099 6099 6103 6100 6107 6104 6107 6109 6109 6113 6110 6115 6115 6119 6116 6121 6121 6125 6122 6127 6127 6131 6128 6133 6133 6134 6137 6139 6139 6140 6143 6145 6145 6149 6146 6151 6151 6155 6152 6157 6157 6161 6158 6163 6163 6164 6167 6169 6169 6173 6170 6175 6175 6176 6179 6181 6181 6185 6182 6187 6187 6191 6188 6193 6193 6197 6194 6199 6199 6203 6200 6205 6205 6206 6209 6211 6211 6215 6212 6217 6217 6218 6221 6223 6223 6227 6224 6229 6229 6233 6230 6235 6235 6239 6236 6241 6241 6242 6245 6247 6247 6248 6250 6253 6255 6255 6255 6256 6259 6261 6261 6262 6265 6267 6267 7968 6270 6273 6882 6274 6274 6276 6279 6280 6280 6282 6284 6289 6286 6286 6290 6290 6292 6294 6296 6298 6298 6302 6300 6304 6304 6308 6306 6310 6310 6314 6312 6316 6316 6320 6318 6322 6322 6326 6324 6328 6328 6330 6332 6334 6334 6338 6336 6338 6342 6340 6344 6344 6348 6346 6350 6350 6354 6352 6356 6356 6358 6360 6362 6362 6366 6364 6368 6368 6370 6372 6374 6374 6376 6378 6380 6380 6382 6384 6386 6386 6388 6390 6392 6392 6396 6394 6398 6398 6402 6400 6404 6404 6406 6408 6410 6410 6412 6414 6414 6418 6416 6420 6420 6424 6422 6426 6426 6428 6430 6432 6432 6434 6438 6436 6440 6440 6440 6444 6442 6446 6446 6448 6450 6452 6452 6456 6454 6456 6460 6458 6462 6462 6464 6466 6468 6468 6470 6472 6474 6474 6476 6478 6480 6480 6482 6484 6486 6486 6490 6488 6492 6492 6494 6496 6498 6498 6502 6500 6504 6504 6508 6506 6510 6510 6514 6512 6516 6516 6520 6518 6522 6522 6526 6524 6528 6528 6532 6530 6534 6534 6538 6536 6540 6540 6542 6544 6546 6546 6548 6550 6552 6552 6554 6556 6558 6558 6562 6560 6564 6564 6568 6566 6570 6570 6572 6574 6576 6576 6578 6580 6582 6582 6586 6584 6588 6588 6592 6590 6594 6594 6596 6598 6600 6600 6604 6602 6606 6606 6608 6610 6612 6612 6616 6614 6618 6618 6622 6620 6624 6624 6626 6628 6630 6630 6632 6634 6636 6636 6640 6638 6642 6642 6644 6646 6648 6648 6650 6652 6654 6654 6656 6658 6660 6818 6660 6662 6664 6664 6668 6666 6670 6670 6672 6674 6676 6676 6678 6680 6682 6682 6684 6686 6688 6688 6692 6690 6694 6694 6698 6696 6700 6700 6702 6704 6706 6706 6710 6708 6712 6712 6716 6714 6718 6718 6722 6720 6724 6724 6728 6726 6730 6730 6732 6734 6736 6736 6738 6740 6742 6742 6744 6746 6748 6748 6750 6752 6754 6754 6758 6756 6760 6760 6764 6762 6766 6766 6770 6768 6772 6772 6774 6776 6778 6778 6782 6780 6784 6784 6788 6786 6792 6790 6790 6794 6794 6798 6796 6800 6800 6802 6804 6806 6806 6808 6810 6812 6812 6816 6814 6818 6818 6822 6820 6824 6824 6826 6828 6830 6830 6832 6834 6836 6836 6840 6838 6842 6842 6846 6844 6848 6848 6852 6850 6854 6854 6858 6856 6860 6860 6864 6862 6866 6866 6896 6868 6870 6872 6874 6874 6876 6878 6880 6880 6882 6884 6886 6888 6888 6892 6890 6894 6894 6896 6898 6900 6902 6902 6904 6906 6908 6908 6912 6910 6914 6914 6916 6918 6920 6920 6922 6924 6926 6926 6930 6928 6930 6932 6934 6936 6936 6940 6938 6942 6942 6948 6944 6946 6950 6952 6950 6952 6954 6956 6958 6958 6962 6960 6964 6964 6968 6966 6970 6970 6974 6972 6976 6976 6980 6978 6982 6982 6984 6986 6988 6988 6990 6992 6994 6994 6996 6998 7000 7000 7004 7002 7006 7006 7008 7010 7012 7012 7016 7014 7018 7018 7020 7024 7026 7022 7028 7026 7028 7032 7030 7034 7034 7038 7036 7040 7040 7042 7044 7046 7046 7048 7050 7052 7052 7054 7056 7056 7060 7058 7062 7062 7066 7064 7068 7068 7070 7072 7074 7074 7078 7076 7080 7080 7082 7084 7086 7086 7090 7088 7092 7092 7094 7096 7098 7098 7102 7100 7104 7104 7106 7108 7110 7110 7114 7112 7116 7116 7118 7120 7122 7122 7124 7126 7128 7128 7132 7130 7134 7134 7138 7136 7140 7140 7144 7142 7146 7146 7148 7150 7152 7152 7156 7154 7158 7158 7162 7160 7164 7164 7166 7169 7170 7170 7172 7174 7176 7176 7178 7180 7182 7182 7184 7186 7188 7188 7190 7192 7194 7194 7214 7196 7199 7200 7968 7204 7202 7206 7206 7210 7208 7212 7212 7214 7216 7218 7220 7220 7224 7222 7226 7226 7228 7230 7232 7236 7232 7238 7234 7240 7238 7240 7242 7244 7246 7246 7248 7250 7252 7252 7256 7254 7258 7258 7262 7260 7264 7264 7268 7266 7270 7270 7274 7272 7276 7276 7280 7278 7280 7282 7284 7286 7286 7290 7288 7292 7292 7294 7296 7298 7298 7302 7300 7302 7306 7304 7308 7308 7310 7312 7314 7316 7318 7320 7320 7322 7324 7326 7326 7330 7328 7332 7332 7334 7336 7338 7338 7340 7342 7344 7344 7348 7350 7346 7352 7352 7352 7356 7354 7358 7358 7360 7364 7362 7366 7366 7366 7368 7370 7372 7372 7374 7376 7378 7378 7382 7380 7384 7384 7388 7386 7390 7390 7392 7394 7396 7396 7400 7398 7402 7402 7406 7404 7968 7410 7408 7412 7412 7416 7414 7418 7418 7420 7423 7424 7424 7428 7426 7430 7430 7434 7432 7436 7436 7440 7438 7442 7442 7444 7446 7448 7448 7450 7452 7454 7454 7458 7456 7460 7460 7462 7464 7466 7466 7470 7468 7472 7472 7476 7474 7478 7478 7480 7482 7484 7484 7486 7489 7490 7490 7492 7494 7496 7496 7500 7498 7502 7502 7506 7504 7508 7508 7510 7512 7514 7514 7516 7520 7518 7522 7524 7522 7524 7526 7528 7530 7530 7534 7532 7536 7536 7540 7538 7542 7542 7544 7546 7546 7548 7550 7552 7552 7554 7557 7558 7558 7562 7560 7564 7564 7566 7569 7570 7570 7572 7576 7578 7574 7580 7578 7580 7582 7585 7586 7586 7590 7588 7592 7592 7594 7596 7598 7598 7603 7600 7604 7604 7609 7606 7610 7610 7614 7612 7616 7616 7618 7620 7622 7622 7624 7626 7628 7628 7632 7630 7634 7634 7638 7636 7640 7640 7642 7644 7646 7646 7651 7648 7652 7652 7657 7654 7658 7658 7660 7663 7664 7664 7666 7668 7670 7670 7675 7672 7676 7676 7681 7678 7682 7682 7684 7686 7688 7688 7692 7690 7694 7697 7694 7698 7698 7703 7700 7704 7704 7709 7706 7710 7710 7714 7712 7716 7716 7718 7720 7722 7722 7724 7726 7728 7728 7732 7730 7734 7734 7739 7736 7740 7740 7742 7745 7746 7746 7748 7750 7752 7752 7756 7754 7758 7758 7760 7763 7764 7764 7766 7768 7770 7770 7772 7774 7776 7776 7780 7778 7782 7782 7784 7787 7788 7788 7790 7792 7794 7794 7796 7799 7800 7800 7805 7802 7806 7806 7811 7808 7812 7812 7816 7814 7818 7818 7820 7822 7824 7824 7828 7826 7830 7830 7835 7832 7836 7836 7841 7838 7842 7842 7847 7844 7848 7848 7850 7852 7854 7854 7856 7858 7860 7860 7862 7865 7866 7866 7868 7873 7870 7874 7876 7874 7876 7878 7880 7882 7882 7884 7887 7888 7888 7890 7892 7894 7894 7896 7898 7900 7900 7904 7902 7906 7906 7908 7913 7910 7914 7916 7914 7916 7919 7920 7920 7924 7922 7927 7928 7928 7928 7930 7933 7934 7934 7936 7939 7940 7940 7945 7942 7946 7946 7948 7950 7953 7954 7954 7954 7956 7958 7960 7960 7965 7962 7966 7966 7968 7970 7972 7974 7974 7976 7978 7980 7980 7982 7984 7986 7986 7990 7988 7992 7992 7994 7996 7998 7998 8000 8002 8004 8004 8006 8008 8008 8010 8012 8014 8014 8016 8018 8020 8020 8024 8022 8026 8026 8028 8030 8032 8032 8034 8036 8038 8038 8040 8042 8044 8044 8048 8046 8050 8050 8052 8054 8056 8056 8060 8058 8062 8062 8064 8066 8066 8072 8070 8068 8074 8074 8074 8076 8078 8080 8080 8082 8084 8086 8086 8088 8090 8092 8092 8096 8094 8098 8098 8100 8102 8104 8106 8104 8108 8108 8112 8110 8114 8114 8118 8116 8120 8120 8122 8124 8126 8126 8128 8132 8134 8130 8136 8134 8136 8138 8140 8142 8142 8146 8144 8148 8148 8152 8150 8154 8154 8156 8158 8160 8160 8164 8162 8166 8166 8168 8170 8172 8172 8174 8176 8178 8178 8182 8180 8184 8184 8186 8188 8192 8190 8190 8194 8194 8198 8196 8200 8200 8202 8204 8206 8206 8208 8210 8212 8212 8218 8214 8216 8220 8222 8220 8222 8224 8230 8226 8228 8228 8232 8232 8234 8236 8238 8238 8240 8242 8244 8244 8246 8250 8248 8252 8254 8252 8254 8258 8256 8260 8260 8266 8262 8264 8268 8270 8268 8270 8272 8274 8276 8278 8276 8280 8280 8282 8284 8286 8286 8288 8290 8292 8292 8296 8294 8298 8298 8302 8300 8304 8304 8308 8306 8308 8312 8310 8314 8314 8316 8318 8320 8320 8324 8322 8326 8326 8328 8330 8332 8332 8334 8336 8338 8338 8342 8340 8344 8344 8348 8346 8350 8350 8352 8354 8356 8356 8360 8358 8362 8362 8364 8366 8368 8368 8372 8370 8374 8374 8378 8376 8380 8380 8382 8384 8386 8386 8388 8390 8392 8392 8394 8396 8398 8398 8400 8402 8404 8404 8408 8406 8410 8410 8414 8412 8416 8416 8420 8418 8420 8424 8422 8426 8426 8430 8428 8432 8432 8434 8436 8438 8438 8440 8442 8444 8444 8448 8446 8450 8450 8454 8452 8456 8456 8460 8458 8462 8462 8464 8466 8468 8468 8472 8470 8474 8474 8478 8476 8480 8480 8482 8484 8486 8486 8488 8490 8492 8492 8496 8494 8498 8498 8500 8502 8504 8504 8508 8506 8510 8510 8514 8512 8516 8516 8520 8518 8522 8522 8524 8526 8528 8528 8532 8530 8534 8534 8538 8536 8540 8540 8544 8542 8546 8546 8548 8550 8552 8552 8554 8556 8558 8558 8562 8560 8564 8564 8566 8568 8570 8570 8572 8574 8576 8576 8578 8580 8582 8582 8584 8586 8588 8588 8592 8590 8594 8594 8596 8598 8600 8600 8604 8602 8606 8606 8610 8608 8612 8612 8614 8616 8618 8618 8620 8622 8624 8624 8626 8628 8630 8630 8632 8634 8636 8636 8638 8640 8642 8642 8646 8644 8648 8648 8650 8652 8654 8654 8656 8658 8660 8660 8662 8664 8666 8666 8670 8668 8672 8672 8674 8676 8678 8678 8680 8682 8684 8684 8686 8688 8690 8690 8694 8692 8696 8696 8700 8698 8702 8702 8704 8706 8708 8708 8712 8710 8714 8714 8718 8716 8720 8720 8722 8724 8726 8726 8730 8728 8732 8732 8734 8736 8738 8738 8742 8740 8742 8744 8746 8748 8748 8750 8752 8754 8754 8758 8756 8760 8760 8762 8764 8766 8766 8768 8770 8772 8772 8776 8774 8778 8778 8780 8782 8784 8786 8784 8788 8788 8792 8790 8794 8794 8796 8798 8800 8800 8804 8802 8806 8806 8810 8808 8812 8812 8816 8814 8818 8818 8822 8820 8824 8824 8826 8828 8830 8830 8832 8834 8836 8836 8838 8840 8842 8842 8844 8846 8848 8848 8850 8852 8854 8854 8860 8856 8862 8858 8864 8862 8864 8866 8868 8870 8870 8874 8872 8876 8876 8878 8880 8882 8882 8884 8886 8888 8888 8892 8890 8894 8894 8900 8898 8896 8902 8904 8902 8904 8906 8908 8910 8910 8912 8914 8916 8916 8920 8918 8922 8922 8924 8926 8928 8928 8930 8932 8934 8934 8936 8938 8940 8940 8944 8942 8946 8946 8948 8950 8952 8952 8956 8954 8958 8958 8960 8964 8962 8966 8966 8968 8970 8972 8972 8974 8976 8978 8978 8982 8980 8984 8984 8986 8988 8990 8990 8992 8994 8996 8996 8998 9000 9002 9002 9004 9006 9008 9008 9010 9012 9014 9014 9016 9018 9020 9020 9024 9022 9026 9026 9028 9030 9032 9032 9036 9034 9036 9038 9040 9042 9042 9046 9044 9048 9048 9050 9052 9054 9054 9058 9056 9060 9060 9062 9066 9064 9068 9070 9068 9070 9074 9072 9076 9076 9078 9080 9082 9082 9084 9086 9088 9088 9092 9090 9094 9094 9096 9098 9100 9100 9102 9104 9106 9106 9108 9110 9112 9112 9116 9114 9118 9118 9120 9122 9124 9124 9126 9128 9130 9130 9132 9134 9136 9136 9138 9140 9142 9142 9144 9146 9148 9148 9152 9150 9154 9154 9158 9156 9158 9160 9162 9162 9166 9164 9168 9168 9170 9172 9174 9174 9178 9176 9180 9180 9184 9182 9186 9186 9188 9190 9192 9192 9194 9196 9198 9198 9202 9200 9204 9204 9206 9208 9208 9212 9210 9214 9214 9216 9218 9220 9220 9224 9222 9226 9226 9230 9228 9232 9232 9234 9236 9238 9238 9242 9240 9244 9244 9248 9246 9250 9250 9254 9252 9256 9256 9258 9260 9262 9262 9266 9264 9268 9268 9270 9272 9276 9274 9278 9278 9280 9282 9284 9284 9288 9286 9290 9290 9294 9292 9296 9296 9298 9300 9302 9302 9306 9304 9308 9310 9310 9310 9314 9312 9316 9316 9320 9318 9322 9322 9324 9326 9328 9328 9330 9332 9334 9334 9338 9336 9340 9340 9344 9342 9346 9346 9348 9350 9352 9352 9354 9368 9356 9358 9360 9360 9362 9364 9366 9366 9368 9372 9370 9374 9374 9378 9376 9380 9380 9384 9382 9386 9386 9390 9388 9392 9392 9396 9394 9398 9398 9400 9402 9404 9404 9408 9406 9410 9410 9412 9414 9416 9416 9420 9418 9422 9422 9424 9426 9428 9428 9432 9430 9434 9434 9436 9438 9440 9440 9444 9442 9446 9446 9448 9450 9452 9452 9454 9456 9458 9458 9460 9462 9464 9464 9466 9468 9470 9470 9472 9474 9478 9476 9476 9480 9480 9482 9484 9486 9486 9488 9490 9492 9492 9496 9494 9498 9498 9500 9502 9504 9504 9508 9506 9510 9510 9512 9514 9516 9516 9520 9518 9522 9522 9524 9526 9528 9528 9530 9532 9534 9534 9536 9538 9540 9540 9546 9544 9542 9548 9548 9548 9550 9552 9554 9554 9556 9558 9560 9560 9562 9564 9564 9568 9566 9570 9570 9572 9574 9576 9576 9580 9578 9582 9582 9586 9584 9588 9588 9592 9590 9594 9594 9598 9596 9600 9600 9604 9602 9606 9606 9610 9608 9612 9612 9616 9614 9618 9618 9622 9620 9622 9626 9624 9628 9628 9632 9630 9634 9634 9638 9636 9640 9640 9644 9642 9646 9646 9650 9648 9652 9652 9654 9656 9658 9658 9662 9660 9664 9664 9666 9668 9668 9670 9672 9674 9674 9676 9678 9680 9680 9682 9684 9686 9686 9688 9690 9692 9692 9696 9694 9698 9698 9702 9700 9704 9704 9706 9708 9710 9710 9714 9712 9716 9716 9718 9720 9720 9724 9722 9726 9726 9730 9728 9732 9732 9734 9736 9738 9738 9740 9742 9744 9744 9748 9746 9750 9750 9752 9754 9756 9756 9758 9760 9762 9762 9764 9766 9768 9768 9772 9770 9774 9774 9778 9776 9780 9780 9784 9782 9786 9786 9788 9790 9792 9792 9796 9794 9798 9798 9802 9800 9804 9804 9806 9808 9810 9810 9814 9812 9816 9816 9818 9820 9820 9822 9824 9826 9826 9828 9830 9832 9832 9834 9836 9838 9838 9842 9840 9844 9844 9846 9848 9850 9850 9852 9854 9856 9856 9860 9858 9862 9862 9866 9864 9868 9868 9870 9872 9874 9874 9878 9876 9880 9880 9884 9882 9886 9886 9890 9888 9892 9892 9896 9894 9898 9898 9900 9902 9904 9904 9906 9908 9910 9910 9912 9914 9916 9916 9918 9920 9922 9922 9924 9926 9928 9928 9930 9932 9934 9934 9936 9938 9940 9940 9942 9944 9946 9946 9950 9948 9952 9952 9956 9954 9958 9958 9960 9962 9964 9964 9966 9968 9970 9970 9974 9972 9976 9976 9978 9980 9982 9982 9984 9986 9988 9988 9992 9990 9994 9994 9996 9998 10000 10000 10004 10002 10006 10006 10008 10010 10012 10012 10016 10014 10018 10018 10022 10020 10024 10024 10028 10026 10030 10030 10035 10032 10036 10036 10040 10038 10042 10042 10044 10046 10048 10048 10052 10050 10054 10054 10060 10059 3 10061
7 5 9 9 13 11 15 15 19 17 21 21 25 23 27 27 31 29 33 33 35 37 39 39 43 41 45 45 47 49 51 51 55 53 57 57 61 59 63 63 67 65 69 69 73 71 75 75 77 79 81 81 83 85 87 87 92 91 3 93
5 7 9 9 13 11 15 15 17 19 21 21 23 25 27 27 31 29 33 33 35 37 39 39 41 43 45 45 49 47 51 51 53 55 57 57 59 61 63 63 67 65 69 69 71 73 75 75 79 77 81 81 83 85 87 87 91 89 93 93 97 95 99 99 101 103 105 105 109 107 111 111 115 113 117 117 119 121 123 123 125 127 127 129 131 133 133 137 135 139 139 143 141 145 145 149 147 151 151 155 153 157 157 161 159 163 163 167 165 169 169 173 171 175 175 179 177 179 183 181 185 185 189 187 191 191 193 195 197 197 201 199 203 203 205 207 209 209 211 213 215 215 219 217 221 221 225 223 227 227 229 231 233 233 237 235 239 239 241 243 245 245 249 247 251 251 253 255 257 257 261 259 263 263 265 267 269 269 273 271 275 275 277 279 281 281 283 285 287 287 289 291 293 293 295 297 299 299 301 303 305 305 307 309 311 311 313 315 317 317 321 319 323 323 327 325 329 329 331 333 335 335 339 337 341 341 345 343 347 347 349 351 351 353 355 357 357 361 359 363 363 365 367 369 369 373 371 375 375 377 379 381 381 383 385 387 387 391 389 393 393 395 397 399 399 401 403 405 405 409 407 411 411 413 415 417 417 419 421 423 423 425 427 429 429 433 431 435 435 439 437 441 441 445 443 447 447 449 451 453 453 455 457 459 459 461 463 465 465 467 471 469 473 473 475 477 479 481 483 483 487 485 489 489 491 493 495 495 497 499 501 501 503 505 507 509 511 511 515 513 517 517 519 521 523 523 525 527 529 531 533 535 537 537 539 541 543 543 545 547 551 549 553 553 555 557 559 561 563 565 569 567 571 571 575 573 577 577 579 581 583 583 585 587 591 589 593 593 595 597 601 599 603 603 607 605 609 609 611 613 615 617 619 619 621 623 625 625 627 629 631 631 635 633 637 637 643 639 641 647 645 647 649 651 651 653 655 657 659 661 661 663 665 667 667 669 671 673 673 677 675 679 679 683 681 685 685 687 689 691 691 693 695 697 699 701 703 705 705 709 707 711 711 713 717 715 717 721 719 723 723 725 727 729 729 731 733 735 737 737 739 741 743 745 747 749 753 751 755 755 757 759 765 761 763 769 767 769 771 773 775 777 779 781 783 785 787 787 791 789 793 793 795 797 799 801 803 803 805 807 809 811 813 815 817 817 819 821 823 825 827 827 829 831 833 835 837 839 841 843 845 847 849 851 853 855 859 857 861 861 863 865 867 872 871 3 873

256 2 2 5 6 8 8 11 12 14 17 14 18 20 20 23 24 26 28 26 30 30 33 34 36 36 39 40 40 43 44 46 46 49 50 52 52 55 56 58 58 61 62 64 64 66 68 68 71 72 74 74 77 78 80 80 84 83 86 86 88 90 92 90 94 94 97 98 100 100 104 103 106 106 109 110 112 112 115 116 118 116 120 120 123 124 126 126 129 130 132 132 135 136 138 138 141 142 142 145 146 148 151 148 152 152 156 155 158 158 161 162 164 164 167 168 170 170 174 173 176 178 176 180 180 183 184 186 186 190 189 192 194 194 198 197 200 200 203 204 204 207 208 210 212 210 214 214 217 218 220 220 223 224 226 226 228 230 230 232 234 236 238 240 242 244 246 248 255 250 257
6 6 8 11 12 12 16 15 16 18 21 22 22 26 24 28 28 30 32 32 34 36 36 41 38 42 42 44 46 46 60 54 48 53 50 54 54 58 56 60 60 62 64 64 66 68 70 68 70 128 72 74 77 78 78 80 128 82 128 128 84 86 89 128 90 90 93 128 128 95 128 97 128 99 101 128 105 103 107 107 111 109 113 113 117 115 119 119 130 121 123 128 125 128 127 130 128 130 135 132 136 136 140 138 142 140 142 147 144 148 148 150 153 154 154 158 156 160 160 165 162 170 170 169 2 4 171
292 292 3 4 7 7 11 9 13 13 15 16 19 19 21 22 25 25 27 28 31 31 34 33 37 37 39 41 43 43 45 46 49 49 51 53 53 55 57 59 59 61 62 65 65 67 68 71 71 75 73 77 77 79 81 83 83 86 85 89 89 91 92 95 95 97 98 101 101 104 103 107 107 111 109 113 113 115 116 119 119 121 122 125 125 127 129 131 131 135 133 137 137 139 141 143 145 143 149 145 147 151 153 153 157 155 159 159 161 162 165 165 167 168 171 171 175 173 177 177 181 179 183 183 185 187 189 189 191 193 195 195 198 197 201 201 203 203 205 207 209 211 209 213 213 215 217 219 221 219 223 219 225 219 227 219 229 219 219 231 233 219 219 235 219 237 219 239 241 219 219 243 219 245 247 249 247 251 253 251 255 255 257 258 261 261 265 263 267 267 269 270 273 273 275 277 279 281 279 283 283 291 286 285 293
86 86 5 3 7 7 9 11 7 13 13 7 16 15 19 21 23 25 27 29 31 32 19 25 23 29 35 21 31 32 27 37 38 37 40 37 42 37 37 44 37 46 49 49 50 49 53 55 55 59 57 61 61 63 65 67 68 67 71 71 74 73 77 77 85 80 79 87
144 144 5 3 7 7 11 9 13 13 15 16 19 19 21 23 25 25 27 29 31 31 33 34 37 37 39 41 43 43 45 47 49 49 52 51 55 55 57 59 61 61 62 65 65 67 69 69 71 73 75 75 77 78 81 81 83 85 87 87 89 91 93 93 94 97 93 93 99 93 101 93 103 105 93 93 107 109 93 111 93 93 113 115 93 117 117 119 120 123 123 125 127 129 129 133 131 135 135 143 139 137 145
4 6 9 10 10 14 12 14 18 16 18 22 20 28 28 27 2 4 29
4 9 6 10 10 12 14 14 18 16 20 20 25 22 26 26 30 28 32 32 37 34 38 38 44 43 2 4 45
88 88 3 4 7 7 9 10 13 13 15 17 19 19 21 23 25 25 28 27 31 31 35 33 37 37 39 40 43 45 45 47 48 51 53 51 55 55 57 59 59 61 62 65 65 67 69 71 71 73 71 75 77 71 79 79 87 82 81 89
6 6 8 10 12 12 17 14 18 18 23 20 27 24 24 27 28 28 33 30 34 34 36 39 40 40 47 42 44 58 48 48 50 52 54 54 60 56 58 60 70 66 62 64 68 66 68 70 75 72 76 76 78 80 82 84 84 86 88 88 90 92 92 94 96 98 98 100 104 102 104 106 109 110 110 116 115 5 2 117
6 6 8 13 14 11 16 16 16 21 18 22 22 24 26 28 28 33 30 34 34 39 36 40 40 42 44 46 48 48 76 51 53 813 1662 55 55 59 57 61 61 65 63 67 67 69 71 73 73 76 75 78 78 94 80 83 84 84 86 89 90 90 93 94 96 96 105 101 99 106 103 103 105 106 108 108 112 111 114 114 118 117 120 120 126 122 128 124 126 128 130 132 134 134 149 138 150 137 140 140 144 143 146 146 149 150 152 152 156 155 158 158 162 161 164 164 170 166 168 172 170 172 175 176 178 178 182 181 184 184 188 187 190 190 194 192 196 196 208 199 201 203 205 205 207 208 210 210 213 214 216 216 218 222 220 224 222 224 227 228 230 230 233 234 236 236 239 240 242 242 246 252 250 244 268 248 248 250 252 254 254 258 257 260 260 264 263 266 266 272 268 272 271 274 274 278 277 280 280 283 284 286 286 301 288 302 290 292 292 294 296 298 298 302 301 304 304 307 308 310 310 313 315 316 318 318 318 321 322 324 324 328 327 330 330 333 334 336 336 340 339 342 342 346 344 348 348 351 352 354 354 357 358 360 360 363 366 368 365 366 368 371 372 374 374 378 377 380 380 384 382 386 386 390 388 392 392 398 394 396 400 398 400 404 403 406 406 408 410 412 412 417 414 420 422 418 418 420 422 426 425 428 428 448 433 431 435 435 439 437 441 441 445 443 447 447 448 451 452 454 454 458 457 460 460 463 464 466 466 469 470 472 472 475 476 478 478 481 482 484 484 487 488 490 490 494 493 496 496 498 506 500 505 502 502 506 505 508 508 512 511 514 514 517 518 520 520 524 523 526 526 528 530 532 532 536 534 538 538 542 540 544 544 548 547 550 550 554 579 553 558 557 558 579 562 560 564 564 567 568 570 570 574 573 576 576 580 579 582 582 585 586 588 588 590 592 594 594 598 596 600 600 604 603 606 606 610 608 612 612 616 614 618 618 623 628 621 627 625 625 627 628 630 635 633 636 635 636 639 640 642 642 646 644 648 648 652 651 654 654 658 657 660 660 664 663 666 666 668 670 672 672 679 674 680 677 679 680 684 683 686 686 689 690 692 692 694 696 698 698 701 703 712 705 705 709 707 711 711 712 716 715 718 718 722 721 724 724 726 728 730 730 734 733 736 736 740 739 742 742 753 754 745 747 749 749 754 750 753 753 756 756 760 759 762 762 766 765 768 768 772 770 774 774 777 778 780 780 784 783 786 786 790 789 792 792 796 795 798 798 802 801 804 804 808 807 810 810 814 813 816 816 819 820 822 822 824 826 828 828 831 875 876 892 835 841 833 837 837 839 841 843 843 846 845 849 849 859 857 851 853 855 855 859 857 861 861 863 865 867 867 870 869 873 873 876 875 879 879 882 881 885 885 889 887 891 891 892 895 896 898 898 902 900 904 904 907 908 910 910 914 913 916 916 920 919 922 922 927 930 925 929 929 930 933 934 936 936 939 940 942 942 945 946 948 948 952 951 954 954 957 958 960 960 964 962 966 966 970 969 972 972 974 976 978 978 982 981 984 984 989 992 987 991 991 992 1006 997 994 999 999 1008 1003 1001 1005 1005 1006 1008 1012 1011 1014 1014 1018 1017 1022 1020 1024 1020 1022 1024 1027 1028 1028 1033 1034 1030 1034 1033 1036 1036 1044 1039 1040 1042 1042 1044 1049 1046 1058 1050 1050 1060 1053 1054 1056 1056 1058 1060 1064 1062 1066 1066 1071 1068 1072 1072 1071 1074 1074 1078 1077 1080 1080 1083 1084 1086 1086 1094 1089 1091 1093 1096 1093 1094 1096 1100 1099 1102 1102 1110 1107 1105 1109 1109 1110 1114 1113 1116 1116 1122 1119 1121 1124 1122 1124 1127 1128 1130 1130 1134 1132 1136 1136 1154 1139 1140 1142 1142 1145 1150 1146 1152 1148 1148 1150 1152 1154 1162 1157 1158 1160 1160 1162 1166 1165 1168 1168 1172 1208 1206 1171 1174 1174 1177 1178 1180 1180 1184 1183 1186 1186 1190 1194 1188 1192 1192 1194 1197 1202 1201 1199 1204 1204 1204 1204 1206 1208 1210 1210 1216 1212 1214 1216 1218 1218 1223 1221 1224 1223 1224 1226 1226 1230 1229 1232 1232 1236 1235 1238 1238 1241 1244 1242 1246 1246 1246 1249 1250 1252 1252 1255 1256 1258 1258 1261 1264 1262 1264 1266 1266 1268 1270 1272 1272 1278 1275 1276 1280 1280 1280 1284 1283 1286 1286 1288 1292 1291 1291 1292 1294 1294 1298 1297 1300 1300 1304 1303 1306 1306 1309 1310 1312 1312 1315 1316 1318 1318 1322 1321 1324 1324 1328 1327 1330 1330 1333 1334 1336 1336 1340 1339 1342 1342 1346 1345 1348 1348 1352 1350 1374 1356 1356 1355 1358 1358 1361 1362 1364 1364 1366 1371 1372 1369 1371 1372 1374 1381 1382 1377 1379 1384 1384 1384 1384 1388 1387 1388 1392 1391 1394 1396 1396 1396 1399 1400 1402 1402 1408 1407 1405 1407 1408 1410 1410 1414 1412 1416 1416 1420 1419 1422 1422 1424 1426 1428 1428 1431 1432 1432 1435 1436 1438 1438 1441 1442 1444 1444 1447 1449 1453 1454 1451 1451 1454 1453 1456 1456 1461 1462 1459 1464 1464 1464 1467 1468 1470 1470 1474 1473 1476 1476 1480 1479 1482 1484 1484 1484 1488 1486 1490 1490 1494 1493 1496 1496 1504 1516 1499 1501 1503 1506 1503 1504 1508 1506 1508 1512 1511 1514 1514 1516 1520 1519 1522 1522 1526 1525 1528 1528 1531 1532 1534 1534 1537 1538 1542 1541 1542 1545 1545 1546 1548 1548 1551 1552 1554 1554 1558 1564 1556 1560 1560 1563 1564 1566 1566 1592 1568 1570 1572 1572 1574 1576 1578 1578 1580 1583 1584 1584 1589 1586 1590 1590 1592 1595 1596 1600 1599 1600 1604 1604 1603 1606 1606 1610 1608 1612 1612 1620 1616 1615 1618 1618 1622 1620 1622 1626 1625 1628 1628 1631 1632 1634 1634 1637 1638 1640 1640 1644 1643 1646 1646 1649 1651 1665 1662 1653 1653 1659 1657 1655 1661 1661 1661 1665 1662 1670 1666 1666 1672 1668 1674 1672 1674 1676 1678 1680 1680 1698 1682 1685 1686 1686 1693 1688 1695 1690 1696 1695 1696 1698 1700 1702 1704 1704 1709 1706 1710 1710 1712 1715 1716 1716 1718 1720 1723 1720 1724 1724 1729 1726 1730 1764 1730 1734 1737 1732 1738 1738 1738 1743 1740 1744 1746 1746 1746 1751 1748 1752 1752 1757 1754 1758 1758 1760 1764 1768 1762 1767 1764 1768 1768 1770 1773 1774 1776 1776 1776 1782 1784 1781 1794 1778 1786 1782 1784 1786 1788 1791 1792 1792 1797 1794 1798 1798 1800 1802 1804 1804 1809 1806 1810 1810 1818 1812 1815 1816 1816 1820 1818 1820 1825 1822 1826 1826 1828 1830 1832 1832 1834 1837 1838 1838 1840 1842 1844 1844 1849 1846 1850 1850 1852 1854 1856 1856 1858 1861 1862 1862 1864 1866 1868 1868 1873 1870 1874 1874 1876 1879 1880 1880 1884 1882 1886 1886 1888 1890 1892 1892 1894 1896 1898 1898 1901 4322 1902 1904 1904 1912 1930 1908 1929 1906 1910 1910 1912 1915 2424 1916 1918 1918 1921 1922 1924 1924 1930 1929 1926 1929 1930 1932 1932 1936 1934 1938 1938 1942 1945 1941 1946 1946 1946 1950 1949 1952 1952 1955 1956 1958 1958 1961 1962 1964 1964 1968 1967 1970 1970 1980 1973 1979 1974 1976 1982 1976 1980 1979 1982 1982 1985 1986 1988 1988 1991 1998 1992 1994 1996 2000 2000 1996 1998 2000 2004 2003 2006 2006 2010 2009 2012 2012 2016 2015 2022 2018 2018 2021 2022 2024 2024 2026 2028 2030 2030 2033 2038 2034 2037 2037 2038 2041 2042 2044 2044 2047 2053 2048 2054 2050 2050 2054 2053 2056 2056 2059 2060 2062 2062 2065 2066 2068 2068 2072 2071 2074 2074 2078 2077 2080 2080 2082 2084 2088 2088 2087 2094 2104 2094 2092 2090 2094 2092 2096 2096 2099 2100 2102 2102 2104 2314 2106 2108 2313 2110 2110 2117 2114 2112 2117 2114 2118 2118 2123 2120 2124 2124 2129 2126 2130 2130 2132 2135 2136 2136 2138 2141 2142 2142 2144 2147 2148 2148 2150 2153 2154 2154 2174 2156 2159 2160 2160 2165 2162 2166 2166 2171 2168 2172 2172 2174 2182 2176 2179 2180 2180 2182 2185 2186 2186 2191 2188 2192 2192 2200 2194 2197 2198 2198 2200 2202 2205 2206 2206 2211 2208 2212 2212 2224 2214 2219 2216 2220 2220 2222 2226 2224 2229 2226 2230 2230 2235 2232 2236 2236 2241 2238 2242 2242 2244 2247 2248 2248 2251 2254 2256 2252 2254 2256 2264 2261 2258 2262 2262 2267 2264 2268 2268 2273 2270 2274 2274 2276 2279 2280 2280 2282 2285 2286 2286 2291 2288 2292 2292 2295 2298 2300 2297 2298 2300 2304 2302 2304 2306 2309 2310 2310 2313 2314 2316 2316 2319 2320 2323 2324 2324 2324 2329 2326 2344 2330 2330 2335 2332 2336 2336 2341 2338 2342 2342 2344 2348 2347 2350 2350 2352 2354 2356 2356 2360 2359 2363 2364 2364 2364 2368 2367 2370 2370 2374 2373 2376 2376 2380 2379 2383 2384 2384 2384 2387 2388 2390 2390 2394 2398 2400 2393 2396 2396 2400 2398 2402 2402 2405 2406 2409 2412 2409 2414 2411 2416 2414 2416 2418 2420 2422 2422 2424 2426 2428 2428 2432 2431 2434 2434 2437 2438 2440 2440 2443 2444 2446 2446 2449 2450 2452 2452 2468 2456 2455 2458 2458 2462 2460 2464 2464 2468 2466 2470 2470 2472 2476 2478 2474 2476 2478 2510 2482 2507 2508 2481 2484 2484 2488 2487 2490 2490 2492 2503 2498 2494 2504 2496 2500 2498 2500 2503 2504 2504 2508 2507 2510 2512 2512 2512 2516 2514 2516 2518 2520 2522 2522 2528 2524 2530 2526 2528 2530 2533 2534 2536 2536 2540 2585 2539 2545 2542 2542 2546 2545 2548 2548 2553 2550 2585 2554 2554 2585 2556 2559 2560 2560 2562 2564 2566 2566 2570 2569 2570 2574 2572 2576 2576 2580 2578 2582 2582 2586 2585 2588 2588 2592 2591 2594 2594 2597 2598 2600 2600 2604 2603 2606 2606 2609 2610 2612 2612 2616 2615 2618 2618 2645 2670 2760 2622 2620 2624 2624 2626 2628 2630 2630 2633 2634 2636 2636 2640 2639 2642 2642 2646 2645 2648 2648 2650 2658 2653 2654 2654 2657 2658 2660 2660 2664 2663 2666 2666 2670 2669 2672 2672 2676 2675 2678 2678 2680 2682 2684 2684 2687 2688 2690 2690 2693 2694 2696 2696 2718 2699 2701 2711 2703 2713 2703 2705 2707 2709 2709 2711 2713 2718 2715 2720 2717 2718 2720 2722 2724 2726 2726 2730 2728 2732 2732 2736 2735 2738 2738 2742 2741 2744 2744 2748 2747 2750 2750 2754 2753 2756 2756 2760 2758 2762 2762 2765 2766 2768 2768 2773 2770 2777 2778 2774 2774 2778 2777 2780 2780 2783 2784 2786 2786 2788 2790 2792 2792 2798 2794 2800 2796 2798 2800 2803 2804 2806 2806 2810 2808 2810 2813 2814 2816 2816 2820 2819 2822 2822 2826 2825 2838 2829 2829 2832 2831 2835 2835 2838 2837 2840 2840 2843 2844 2846 2846 2850 2849 2852 2852 2856 2855 2858 2858 2862 2861 2864 2864 2867 2868 2870 2870 2873 2874 2876 2876 2881 2878 2888 2892 2891 2882 2882 2886 2884 2886 2888 2891 2892 2894 2894 2897 2898 2900 2900 2903 2904 2908 2908 2906 2908 2912 2911 2914 2914 2916 2928 2980 2979 2919 2920 2920 2930 2924 2922 2926 2926 2928 2930 2934 2933 2936 2936 2940 2939 2942 2942 2946 2945 2948 2948 2951 2952 2954 2956 2956 2961 2962 2959 2961 2964 2962 2964 2966 2979 2980 2973 2968 2971 2974 2976 2974 2976 2980 2979 2982 2982 2986 2985 2988 2988 2992 2991 2996 2996 2995 3000 3000 2998 3002 3002 3005 3006 3008 3008 3012 3011 3014 3014 3018 3017 3048 3020 3020 3024 3023 3028 3026 3028 3032 3032 3031 3034 3034 3038 3037 3040 3040 3043 3044 3046 3046 3048 3054 3050 3054 3052 3056 3056 3060 3059 3062 3062 3065 3066 3068 3068 3072 3071 3074 3074 3077 3078 3080 3080 3083 3084 3086 3086 3090 3089 3092 3092 3096 3095 3098 3098 3102 3101 3104 3104 3108 3107 3112 3112 3111 3116 3116 3115 3118 3118 3122 3121 3124 3124 3153 3166 3126 3129 3150 3130 3130 3132 3135 3136 3136 3141 3138 3142 3142 3144 3147 3148 3148 3150 3162 3153 3154 3154 3156 3158 3160 3160 3162 3166 3165 3168 3168 3176 3179 3170 3180 3173 3174 3174 3176 3179 3180 3182 3182 3184 3186 3188 3188 3191 3192 3194 3194 3197 3198 3200 3200 3206 3203 3208 3204 3206 3208 3212 3211 3214 3214 3217 3218 3220 3220 3224 3223 3226 3226 3324 3232 3378 3323 3229 3230 3235 3232 3235 3237 3238 3241 3241 3243 3245 3247 3247 3249 3251 3253 3253 3255 3257 3259 3259 3263 3261 3265 3265 3267 3268 3275 3271 3271 3273 3277 3279 3277 3279 3283 3281 3285 3285 3287 3293 3289 3291 3291 3295 3293 3297 3297 3299 3301 3303 3303 3306 3305 3309 3309 3312 3311 3315 3315 3319 3317 3321 3321 3324 3323 3326 3326 3330 3329 3334 3334 3333 3337 3338 3337 3340 3340 3343 3344 3346 3346 3349 3350 3352 3352 3370 3369 3354 3382 3358 3356 3360 3360 3364 3362 3366 3366 3369 3374 3370 3372 3372 3374 3378 3377 3380 3380 3382 3385 3386 3388 3388 3392 3391 3394 3394 3397 3398 3400 3400 3404 3403 3406 3406 3433 3410 3408 3434 3412 3412 3416 3414 3418 3418 3422 3420 3424 3424 3428 3426 3430 3430 3434 3433 3436 3436 3440 4177 3439 3442 3442 3446 3445 3448 3448 3452 3451 3454 3454 3457 3458 3460 3460 3462 3484 3482 3467 3464 3468 3468 3470 3473 3474 3474 3476 3478 3480 3480 3482 3484 3486 3486 3488 3490 3495 3492 3492 3495 3496 3498 3498 3500 3502 3504 3504 3508 3506 3510 3510 3514 3512 3516 3516 3518 3520 3522 3522 3526 3524 3528 3528 3550 3531 3532 3535 3535 3539 3536 3550 3548 3540 3540 3545 3542 3546 3546 3550 3548 3552 3552 3555 3556 3558 3558 3562 3560 3564 3564 3568 3567 3570 3570 3573 3574 3580 3577 3577 3580 3579 3580 3583 3584 3586 3586 3638 3596 3589 3592 3594 3590 3592 3594 3596 3620 3598 3600 3603 3604 3604 3609 3606 3610 3610 3615 3612 3616 3616 3618 3620 3624 3627 3622 3622 3624 3628 3628 3630 3632 3632 3638 3634 3637 3638 3637 3640 3640 3643 3644 3646 3646 3650 3649 3652 3652 3657 3658 3654 3676 3657 3670 3674 3669 3658 3660 3660 3664 3663 3666 3666 3670 3669 3672 3672 3674 3676 3678 3678 3681 3682 3684 3684 3688 3686 3690 3690 3694 3692 3696 3696 3700 3699 3702 3702 3706 3704 3708 3708 3712 3711 3714 3714 3719 3716 3722 3720 3720 3722 3724 3724 3728 3727 3730 3730 3734 3733 3736 3736 3746 3741 3739 3743 3743 3745 3746 3748 3748 3752 3751 3754 3754 3759 3757 3762 3761 3764 3761 3762 3764 3768 3767 3770 3770 3774 3773 3776 3776 3786 3782 3778 3780 3784 3782 3784 3786 3789 3790 3792 3792 3796 3795 3798 3798 3801 3802 3804 3804 3806 3808 3810 3810 3813 3814 3816 3816 3818 3820 3822 3822 3826 3825 3828 3828 3831 3832 3834 3834 3838 3837 3840 3840 3845 3856 3842 3846 3846 3848 3851 3852 3852 3855 3856 3858 3858 3861 3862 3864 3864 3867 3868 3870 3870 3874 3872 3876 3876 3880 3879 3882 3882 3912 3885 3886 3886 3890 3889 3894 3892 3892 3894 3898 3896 3900 3900 3904 3902 3906 3906 3909 3912 3910 3914 3912 3914 3918 3917 3920 3920 3923 3924 3926 3926 3930 3928 3932 3932 3937 3934 3940 3938 3938 3940 3950 3944 3942 3946 3946 3950 3948 3952 3952 3956 3955 3958 3958 3961 3967 3962 3968 3965 3965 3968 3967 3970 3970 3974 3972 3976 3976 3980 3979 3982 3982 3985 3986 3988 3988 3991 3992 3994 3994 3998 3996 3998 4002 4000 4002 4006 4004 4008 4008 4010 4014 4013 4014 4013 4016 4016 4020 4019 4022 4022 4025 4026 4028 4028 4032 4031 4038 4034 4034 4038 4036 4040 4040 4044 4043 4046 4046 4050 4049 4052 4052 4055 4057 4086 4059 4059 4063 4061 4065 4065 4067 4069 4071 4071 4073 4075 4077 4077 4079 4081 4083 4083 4086 4085 4088 4088 4091 4092 4094 4094 4097 4098 4100 4100 4104 4102 4104 4108 4107 4110 4110 4113 4114 4116 4116 4120 4119 4122 4122 4127 4142 4131 4138 4137 4124 4128 4128 4131 4132 4135 4135 4137 4138 4141 4141 4142 4145 4146 4148 4148 4152 4151 4154 4154 4157 4158 4160 4160 4163 4164 4166 4166 4168 4171 4171 4172 4174 4174 4177 4178 4180 4180 4184 4183 4186 4186 4188 4190 4192 4192 4194 4239 4241 4196 4199 4200 4202 4202 4207 4210 4204 4208 4208 4210 4214 4213 4216 4216 4219 4222 4224 4220 4222 4224 4228 4227 4230 4230 4233 4234 4236 4236 4248 4239 4241 4245 4243 4247 4247 4248 4251 4252 4254 4254 4258 4256 4260 4260 4267 4263 4270 4269 4265 4267 4269 4270 4280 4273 4274 4278 4277 4277 4280 4278 4282 4282 4286 4285 4288 4288 4290 4296 4292 4294 4294 4296 4299 4300 4302 4302 4306 4305 4308 4308 4310 4312 4314 4314 4317 4318 4320 4320 4322 4325 4326 4326 4331 4328 4334 4336 4332 4332 4336 4334 4338 4338 4341 4351 4348 4342 4344 4346 4346 4352 4346 4348 4351 4352 4352 4357 4354 4358 4358 4360 4362 4364 4364 4368 4366 4370 4370 4372 4374 4376 4376 4381 4378 4382 4382 4392 4394 4384 4386 4389 4390 4390 4390 4392 4396 4394 4398 4398 4398 4400 4403 4404 4406 4406 4406 4408 4414 4414 4413 2 4 4415
4 8 6 8 10 12 12 15 16 16 20 19 20 24 22 29 26 26 30 30 34 33 34 36 38 40 40 44 42 44 48 46 48 51 52 54 52 54 58 56 58 60 62 62 64 66 66 69 70 70 74 72 74 79 76 80 80 82 84 86 86 88 91 92 92 94 96 96 99 100 100 104 102 108 106 106 108 112 110 112 116 115 116 120 118 120 122 124 124 126 128 130 130 136 134 133 134 136 138 140 140 144 143 146 144 146 148 150 150 153 154 154 156 158 158 162 160 164 164 166 168 168 172 170 174 174 178 176 178 180 182 184 182 184 186 188 188 190 192 192 196 194 198 198 202 204 201 202 204 206 210 208 210 212 214 216 216 220 218 222 222 224 227 228 228 230 232 380 232 236 234 238 238 240 242 244 244 248 246 250 250 254 252 278 256 278 256 260 258 262 262 267 264 268 268 270 272 272 274 276 278 278 280 282 286 284 284 288 288 290 292 294 294 296 296 300 298 308 302 302 308 304 306 308 311 308 312 312 316 314 318 318 320 322 324 324 331 328 326 332 332 332 334 342 336 338 342 340 340 342 344 346 348 348 350 352 354 354 356 360 362 358 364 366 362 364 366 368 371 372 372 376 374 378 378 380 386 388 382 384 390 390 388 390 4840 396 392 395 396 398 396 398 400 402 405 406 410 410 406 414 408 413 410 414 420 414 417 422 430 419 432 422 424 426 429 432 432 434 432 439 434 441 436 442 441 442 445 446 446 448 450 452 452 454 456 458 458 460 462 464 464 466 471 468 472 476 474 472 474 478 478 482 480 490 484 484 490 488 486 490 490 522 494 492 496 498 522 516 496 500 500 502 504 508 518 506 514 506 510 510 512 514 520 520 530 520 522 524 530 526 526 532 528 536 532 534 536 538 542 538 540 544 546 544 546 548 550 550 556 570 552 554 558 558 561 558 562 562 564 566 568 570 575 570 570 576 573 578 576 586 580 582 578 584 588 586 586 586 588 590 592 596 594 594 598 598 616 602 600 604 604 612 626 606 610 614 608 614 618 614 614 620 626 620 622 624 626 626 629 630 630 634 632 636 636 638 640 642 642 644 646 648 648 650 656 652 654 656 656 656 658 664 660 662 664 670 664 667 672 676 669 672 678 672 674 678 680 678 684 680 682 686 688 686 688 690 692 696 692 695 696 696 702 700 699 700 702 704 704 706 708 4422 710 4422 710 712 714 716 718 716 722 718 720 724 726 732 752 724 732 726 731 728 732 732 734 736 738 738 746 744 740 742 746 746 746 750 748 752 752 754 760 762 759 756 764 764 762 764 773 766 768 773 770 770 774 774 778 776 780 782 780 784 791 784 786 792 789 794 796 792 794 796 801 802 798 802 806 805 806 802 3712 3712 3712 806 808 810 818 812 815 816 816 818 820 823 824 858 824 826 858 828 828 830 832 834 836 834 838 838 840 848 852 846 844 842 846 850 846 852 852 852 856 854 858 863 860 858 864 864 864 868 866 872 870 870 874 874 878 876 880 882 880 884 886 886 886 890 888 892 892 896 894 904 898 898 898 903 900 904 904 914 906 911 908 912 916 919 920 912 916 916 920 920 924 922 926 926 930 928 932 932 936 934 938 938 942 940 944 944 946 948 954 950 952 950 954 954 960 956 958 960 960 962 962 965 966 966 973 968 974 970 976 978 974 976 980 980 982 984 986 986 990 988 992 992 994 999 1000 996 1002 1000 1002 1004 1010 1008 1006 1010 1010 1012 1014 1016 1018 1016 1018 1028 1020 1022 1030 1026 1024 1030 1030 1030 1035 1032 1036 1042 1036 1038 1040 1042 1042 1044 1066 1046 1048 1068 1052 1050 1050 1054 1054 1058 1056 1060 1060 1062 1064 1068 1068 1068 1070 1072 1074 1076 1074 1078 1078 1081 1082 1082 1086 1084 1088 1088 1096 1090 1098 1092 1094 1102 1100 1098 1100 1102 1106 1109 1115 1104 1110 1110 1122 1110 1122 1118 1112 1124 1117 1120 1122 1124 1122 1124 1126 1128 1130 1130 1134 1132 1136 1138 1142 1140 1136 1142 1147 1142 1142 1144 1148 1150 1152 1148 1150 1154 1154 1158 1156 1160 1160 1162 1165 1166 1168 1166 1168 1172 1170 1174 1174 1176 1178 1180 1182 1180 1185 1186 1186 1186 1190 1188 1192 1195 2732 1192 1196 1196 1198 1200 1202 1202 1204 1206 1209 1206 1210 1212 1210 1212 1216 1214 1228 1218 1224 1218 1222 1220 1224 1226 1224 1228 1228 1237 1230 1232 1238 1234 1238 1240 1238 1240 1242 1244 1246 1248 1246 1250 1255 1250 1257 1252 1258 1257 1258 1260 1273 1262 1262 1264 1266 1268 1274 1268 1274 1270 1276 1274 1276 1278 1280 1280 1282 1284 1300 1286 1286 1291 1289 1292 1298 1292 1294 1296 1298 1298 1300 1302 1306 1316 1304 1310 1308 1308 1310 1312 1314 1316 1319 1316 1320 1320 1324 1322 1326 1326 1331 1328 1332 1332 1334 1336 1338 1338 1340 1344 1346 1343 1350 1346 1348 1346 1350 1357 1350 1366 1352 1358 1355 1368 1362 1358 1360 1365 1362 1366 1366 1366 1374 1368 1370 1373 1378 1376 1380 1380 1378 1376 1378 1380 1385 1382 1390 1387 1389 1390 1390 1394 1392 1396 1396 1400 1398 1400 1402 1411 1404 1412 1406 1406 1416 1414 1409 1418 1418 1412 1418 1416 1414 1418 1418 1424 1420 1434 1422 1426 1428 1426 1428 1430 1432 1434 1434 1436 1441 1442 1438 1444 1442 1444 1448 1446 1452 1450 1450 1452 1454 1456 1459 1456 1460 1460 1462 1464 1469 1466 1466 1470 1478 1470 1472 1474 1480 1482 1482 1476 1484 1480 1482 1484 1488 1486 1490 1490 1492 1494 1496 1496 1500 1498 1502 1504 1502 1506 1506 1510 1508 1515 1512 1512 1516 1516 1518 1520 1524 1526 1522 1526 1528 1526 1528 1532 1530 1534 1536 1538 1534 1540 1540 1540 1544 1542 1546 1548 1546 1550 1550 1554 1552 1556 1556 1560 1558 1562 1562 1567 1564 1568 1568 1570 1570 1572 1574 1576 1578 1576 1578 1580 1582 1584 1586 1584 1588 1588 1590 1593 1594 1594 1597 1602 1598 1598 1602 1604 1600 1604 1604 1606 1608 1610 1610 1612 1614 1616 1616 1620 1618 1622 1624 1624 1622 1624 1626 1628 1632 1630 1658 1634 1634 1658 1676 1634 1638 1636 1640 1640 1652 1642 1644 1649 1646 1650 1652 1650 1652 1654 1657 1658 1658 1676 1660 1664 1662 1666 1668 1666 1668 1675 1670 1676 1672 1676 1676 1678 1680 1682 1682 1686 1684 1688 1688 1690 1693 1694 1696 1698 1694 1702 1698 1700 1702 1702 1704 1706 1710 1708 1708 1712 1712 1716 1714 1718 1718 1722 1720 1724 1724 1726 1732 1731 1728 1734 1732 1732 1734 1738 1736 1740 1740 1744 1742 1748 1756 1746 1746 1750 1750 1752 1754 1756 1759 1756 1760 1760 1764 1762 1766 1766 1768 1770 1772 1774 1772 1776 1776 1780 1778 1782 1782 1786 1784 1788 1788 1795 1790 1796 1792 1798 1796 1798 1800 1802 1804 1804 1808 1806 1810 1820 1810 1812 1817 1814 1818 1820 1818 1820 1822 1827 1824 1828 1824 1828 1830 1828 1830 1834 1832 1836 1836 1841 1838 1842 1842 1844 1846 1846 1850 1848 1852 1854 1852 1854 1856 1869 1858 1860 1870 1870 1860 1862 1866 1864 1870 1872 1872 1870 1872 1876 1874 1878 1878 1882 1880 1884 1884 1888 1886 1890 1890 1894 1892 1896 1896 1900 1898 1902 1902 1906 1904 1908 1910 1908 1912 1912 1914 1916 1918 1918 1922 1920 1924 1924 1931 1926 1928 1932 1934 1932 1934 1944 1942 1936 1938 1940 1942 1942 1946 1946 1950 1952 1948 1954 1952 1952 1954 1956 1958 1960 1960 1962 1967 1964 1968 1970 1968 1970 1972 1974 1976 1976 1978 1980 1984 1982 1982 1986 1986 1988 1990 1998 1992 1995 1992 1998 1996 1998 1998 1998 2002 2000 2004 2004 2006 2030 2008 2010 2012 2014 2017 2014 2018 2018 2020 2022 2024 2024 2028 2026 2030 2030 2032 2034 2034 2038 2036 2040 2040 2042 2044 2046 2046 2048 2050 2052 2052 2057 2054 2058 2058 2065 2060 2066 2062 2068 2066 2068 2070 2072 2078 2074 2074 2078 2076 2080 2082 2080 2084 2084 2088 2086 2091 2096 2092 2095 2092 2092 2096 2096 2106 2098 2100 2108 2102 2102 2105 2108 2112 2108 2114 2110 2112 2116 2116 2116 2118 2120 2122 2124 2122 2124 2130 2126 2128 2130 2130 2135 2132 2136 2136 2138 2140 2140 2144 2142 2146 2146 2152 2148 2150 2154 2154 2154 2160 2156 2162 2159 2182 2166 2162 2165 2166 2216 2166 2170 2168 2172 2172 2174 2176 2178 2178 2180 2182 2184 2184 2186 2188 2200 2190 2190 2200 2192 2197 2194 2194 2198 2200 2200 2198 2200 2202 2204 2204 2206 2208 2210 2216 2210 2214 2212 2219 2216 2216 2220 2220 2225 2222 2226 2226 2234 2228 2230 2232 2290 2232 2236 2236 2242 2240 2238 2242 2244 2244 2244 2248 2246 2250 2253 2250 2254 2254 2258 2256 2266 2260 2290 2260 2266 2262 2265 2266 2266 2268 2271 2272 2272 2277 2274 2278 2278 2282 2280 2284 2284 2288 2286 2290 2290 2292 2296 2300 2296 2294 2299 2302 2300 2300 2302 2306 2304 2312 2308 2308 2314 2310 2316 2314 2316 2318 2320 2320 2322 2324 2326 2329 2326 2330 2330 2332 2337 2338 2335 2340 2338 2345 2340 2346 2342 2348 2350 2346 2348 2350 2356 2355 2352 2356 2356 2358 2360 2362 2362 2364 2367 2368 2368 2370 2372 2372 2374 2376 2390 2378 2378 2392 2380 2384 2382 2386 2386 2388 2390 2392 2392 2394 2397 2398 2398 2400 2402 2592 2404 2404 2408 2406 2413 2414 2584 2410 2410 2416 2416 2416 2418 2425 2420 2426 2426 2422 2428 2426 2428 2433 2434 2430 2436 2434 2436 2438 2440 2442 2442 2444 2446 2448 2448 2452 2450 2454 2454 2456 2458 2460 2460 2464 2462 2466 2466 2468 2470 2472 2472 2474 2476 2476 2478 2480 2482 2482 2482 2484 2486 2488 2488 2490 2492 2494 2494 2496 2500 2502 2498 2504 2502 2504 2509 2506 2510 2510 2514 2512 2514 2516 2520 2522 2518 2522 2522 2528 2524 2530 2526 2538 2530 2532 2538 2534 2536 2538 2550 2550 2538 2542 2540 2545 2549 2546 2552 2546 2550 2550 2552 2554 2557 2558 2558 2560 2562 2570 2564 2564 2570 2566 2568 2572 2570 2576 2572 2574 2576 2576 2580 2578 2582 2582 2584 2586 2589 2590 2590 2590 2592 2596 2594 2598 2598 2600 2602 2604 2604 2606 2612 2610 2608 2612 2612 2615 2616 2616 2620 2618 2622 2628 2622 2630 2624 2628 2626 2632 2630 2630 2634 2634 2638 2636 2640 2640 2644 2642 2646 2646 2657 2648 2650 2658 2662 2652 2654 2661 2665 2662 2658 2662 2662 2666 2666 2670 2668 2676 2672 2674 2676 2672 2676 2676 2678 2680 2682 2682 2684 2686 2688 2686 2690 2688 2701 2692 2692 2702 2694 2696 2704 2702 2698 2704 2702 2704 2708 2706 2712 2710 2710 2712 2714 2716 2718 2718 2722 2721 2724 2726 2724 2726 2728 2730 2732 2732 2735 2736 2736 2741 2738 2746 2742 2742 2748 2745 2755 2748 2755 2750 2752 2756 2756 2756 2759 2761 2764 2762 2764 2764 2764 2773 2766 2768 2770 2775 2776 2770 2778 2775 2778 2778 2786 2780 2788 2784 2782 2796 2786 2790 2788 2790 2795 2792 2796 2798 2796 2798 2800 2802 2806 2804 2804 2808 2814 2808 2814 2813 2810 2814 2814 2816 2818 2820 2820 2824 2822 2824 2826 2828 2830 2830 2832 2834 2836 2836 2840 2838 2848 2842 2842 2848 2844 2847 2848 2848 2854 2851 2853 2854 2854 2856 2858 2860 2860 2864 2862 2866 2866 2876 2873 2868 2874 2870 2876 2874 2876 2878 2880 2882 2882 2884 2891 2886 2888 2888 2892 2892 2896 2894 2898 2900 2898 2902 2902 2910 2907 2908 2904 2910 2908 2910 2914 2920 2912 2923 2916 2918 2916 2925 2918 2926 2923 2925 2926 2928 2930 2932 2932 2935 2936 2936 2941 2947 2938 2942 2942 2948 2945 2952 2948 2950 2952 2954 2954 2970 2956 2960 2958 2974 2962 2962 2974 2967 2964 2968 2968 2973 2970 2974 2974 2978 2976 2978 2980 2980 2985 2982 2986 2986 2991 2988 2992 2996 2992 2994 2996 2998 3000 2998 3000 3002 3004 3006 3008 3006 3016 3019 3010 3010 3012 3015 3016 3016 3020 3020 3022 3029 3024 3026 3030 3026 3032 3032 3032 3036 3034 3038 3040 3038 3042 3042 3046 3044 3048 3058 3048 3050 3052 3054 3056 3054 3058 3058 3060 3063 3066 3064 3064 3066 3068 3068 3074 3072 3070 3074 3076 3074 3076 3078 3080 3082 3082 3084 3086 3088 3088 3090 3092 3094 3096 3098 3094 3098 3098 3102 3100 3104 3342 3152 3106 3108 3152 3104 3106 3108 3110 3110 3112 3342 3116 3114 3118 3120 3122 3118 3120 3122 3122 3130 3124 3126 3129 3130 3130 3132 3134 3136 3136 3138 3140 3142 3142 3144 3149 3150 3146 3152 3150 3152 3157 3154 3158 3161 3158 3162 3162 3164 3166 3168 3168 3172 3170 3174 3174 3179 3176 3180 3180 3182 3184 3186 3186 3191 3188 3192 3192 3216 3204 3194 3200 3198 3196 3200 3200 3202 3206 3212 3206 3211 3208 3212 3212 3214 3216 3216 3220 3218 3222 3222 3226 3224 3238 3230 3228 3228 3232 3232 3236 3234 3238 3238 3240 3245 3242 3246 3248 3246 3248 3252 3250 3254 3254 3258 3256 3260 3276 3264 3276 3260 3262 3266 3264 3266 3268 3275 3270 3273 3276 3276 3276 3287 3278 3283 3280 3284 3290 3284 3288 3288 3290 3293 3294 3294 3299 3296 3300 3300 3305 3302 3306 3306 3308 3310 3312 3312 3314 3316 3318 3316 3320 3320 3329 3322 3324 3326 3330 3330 3330 3332 3340 3336 3334 3342 3338 3342 3338 3344 3342 3348 3344 3346 3350 3354 3350 3352 3354 3354 3362 3358 3356 3360 3362 3360 3362 3367 3368 3364 3370 3370 3370 3372 3374 3376 3376 3378 3380 3382 3385 3382 3386 3386 3390 3388 3392 3392 3396 3394 3398 3398 3400 3402 3404 3407 3404 3414 3408 3408 3412 3410 3414 3436 3414 3420 3418 3416 3420 3420 3422 3424 3426 3428 3426 3428 3430 3434 3432 3436 3436 3436 3438 3440 3442 3442 3444 3449 3450 3446 3452 3450 3452 3459 3454 3456 3460 3462 3460 3462 3465 3466 3466 3470 3468 3472 3472 3474 3476 3478 3478 3482 3480 3484 3486 3484 3488 3488 3490 3493 3494 3494 3496 3498 3504 3504 3500 3503 3506 3504 3500 3504 3504 3510 3506 3512 3508 3510 3512 3514 3516 3518 3524 3518 3524 3520 3523 3532 3524 3524 3528 3526 3530 3530 3532 3538 3534 3540 3548 3536 3548 3550 3540 3548 3548 3542 3544 3546 3550 3548 3548 3552 3552 3554 3560 3558 3556 3560 3560 3563 3564 3564 3568 3566 3570 3570 3572 3574 3576 3576 3578 3580 3584 3582 3582 3584 3584 3588 3586 3590 3590 3598 3592 3596 3594 3598 3600 3598 3602 3602 3604 3606 3611 3608 3608 3612 3612 3614 3617 3618 3618 3622 3620 3624 3624 3626 3628 3628 3630 3632 3634 3634 3642 3636 3640 3638 3642 3642 3644 3654 3650 3646 3652 3648 3656 3658 3652 3658 3656 3658 3660 3662 3666 3665 3662 3666 3666 3668 3670 3672 3675 3672 3676 3676 3678 3681 3682 3682 3686 3684 3688 3688 3694 3690 3692 3702 3696 3696 3698 3704 3700 3702 3704 3704 3708 3706 3710 3710 3712 3717 3718 3714 3720 3718 3720 3724 3726 3722 3728 3728 3728 3730 3732 3734 3734 3736 3742 3740 3738 3745 3742 3742 3746 3746 3752 3748 3750 3754 3752 3752 3784 3756 3756 3786 3758 3760 3765 3762 3762 3766 3766 3768 3770 3774 3776 3773 3779 3780 3776 3780 3776 3780 3780 3784 3782 3786 3786 3788 3790 3794 3792 3797 3792 3798 3798 3798 3800 3802 3807 3804 3804 3808 3808 3810 3812 3820 3814 3814 3816 3822 3826 3820 3818 3822 3829 3822 3824 3830 3832 3829 3830 3854 3832 3834 3836 3836 3838 3928 3873 3853 3840 3842 3844 3844 3848 3846 3850 3850 3856 3858 3856 3930 3926 3858 3860 3862 3867 3864 3864 3875 3868 3868 3870 3876 3878 3930 3876 3882 3878 3880 3884 3886 3884 3888 3886 3896 3890 3895 3890 3896 3896 3893 3895 3896 3900 3898 3902 3902 3906 3904 3908 3908 3910 3917 3919 3912 3920 3914 3922 3919 3920 3922 3926 3924 3928 3928 3934 3933 3930 3934 3941 3934 3938 3936 3942 3942 3942 3942 3944 3946 3948 3948 3950 3953 3954 3956 3954 3958 3958 3962 3960 3966 3964 3966 3964 3966 3970 3968 3972 3972 3975 3976 3976 3980 3978 3982 3982 3984 3986 3988 3988 3990 3992 3994 3994 3996 4002 4004 3998 4000 4006 4002 4006 4008 4006 4008 4012 4015 4010 4016 4016 4016 4018 4023 4020 4024 4026 4028 4026 4024 4026 4028 4028 4032 4030 4034 4034 4038 4040 4036 4038 4042 4040 4054 4050 4044 4044 4054 4044 4048 4053 4046 4054 4054 4056 4054 4056 4063 4064 4058 4061 4066 4074 4064 4078 4066 4068 4074 4072 4070 4074 4077 4074 4077 4078 4080 4078 4082 4085 4086 4082 4086 4086 4090 4088 4092 4092 4100 4094 4096 4103 4106 4098 4104 4108 4103 4104 4108 4108 4116 4110 4114 4112 4116 4116 4116 4118 4123 4124 4120 4126 4124 4126 4130 4132 4143 4128 4132 4134 4132 4134 4134 4138 4144 4136 4146 4146 4149 4141 4150 4144 4146 4149 4150 4155 4150 4152 4156 4158 4156 4158 4165 4168 4160 4167 4170 4162 4172 4170 4172 4170 4180 4172 4182 4174 4176 4184 4194 4179 4184 4194 4196 4182 4184 4194 4192 4186 4191 4188 4194 4194 4194 4196 4198 4200 4202 4202 4206 4208 4204 4208 4208 4210 4214 4212 4216 4218 4216 4218 4220 4222 4224 4238 4227 4224 4228 4228 4230 4234 4232 4236 4234 4234 4236 4238 4242 4247 4244 4240 4248 4244 4248 4248 4256 4250 4252 4254 4262 4256 4262 4256 4260 4258 4262 4262 4267 4264 4268 4270 4268 4272 4270 4274 4274 4282 4277 4280 4278 4284 4282 4282 4282 4284 4284 4288 4286 4288 4290 4292 4294 4294 4298 4296 4300 4300 4304 4302 4306 4308 4308 4308 4316 4310 4314 4420 4312 4318 4318 4318 4322 4320 4324 4324 4333 4326 4328 4330 4330 4330 4333 4334 4420 4334 4347 4336 4340 4340 4338 4342 4350 4356 4342 4349 4342 4350 4345 4356 4350 4350 4354 4352 4356 4356 4360 4358 4372 4362 4362 4368 4364 4366 4370 4372 4370 4372 4378 4381 4374 4384 4386 4376 4388 4386 4386 4382 4388 4386 4393 4388 4396 4390 4394 4396 4398 4396 4396 4398 4402 4400 4404 4404 4408 4406 4412 4988 4414 4416 4410 4410 4419 4412 4414 4420 4420 4420 4422 4431 4424 4426 4432 4424 4432 4428 4432 4436 4432 4434 4436 4440 4442 4438 4446 4440 4444 4446 4442 4448 4446 4448 4452 4450 4454 4458 4457 4454 4460 4460 4460 4462 4464 4466 4466 4470 4468 4472 4472 4472 4474 4476 4478 4478 4483 4480 4484 4496 4484 4486 4490 4494 4492 4488 4494 4492 4494 4496 4500 4502 4498 4504 4502 4504 4506 4508 4510 4510 4514 4512 4519 4517 4520 4517 4520 4520 4520 4525 4522 4526 4526 4530 4528 4532 4538 4538 4532 4536 4534 4538 4541 4538 4542 4542 4544 4548 4546 4550 4548 4548 4550 4552 4554 4556 4556 4560 4558 4573 4570 4562 4562 4564 4564 4568 4566 4570 4570 4574 4574 4583 4578 4576 4580 4580 4584 4584 4586 4591 4588 4596 4592 4602 4592 4594 4596 4596 4602 4598 4600 4604 4604 4604 4610 4608 4612 4606 4618 4621 4616 4612 4616 4614 4618 4618 4622 4622 4626 4624 4629 4630 4630 4630 4632 4634 4640 4636 4640 4636 4640 4638 4642 4642 4646 4644 4648 4648 4650 4652 4654 4656 4658 4656 4656 4658 4660 4662 4664 4664 4668 4666 4673 4670 4670 4674 4674 4676 4678 4680 4680 4688 4682 4684 4686 4690 4692 4690 4692 4690 4692 4696 4694 4698 4698 4702 4700 4736 17368 4704 4704 4708 4706 4710 4710 4712 4710 4730 4712 4720 4716 4714 4718 4718 4726 4722 4722 4724 4728 4730 4728 4730 4732 4734 4736 4736 4740 4738 4745 4742 4742 17076 4746 4746 17076 4748 4752 4750 4754 4752 4752 4754 4756 4756 4756 4760 4758 4762 4772 4762 4764 4770 4769 4766 4770 4770 4772 4774 4776 4781 4778 4778 4782 4782 4786 4784 4788 4788 4788 4790 4792 4794 4794 4796 4798 4800 4800 4800 4806 4802 4804 4808 4808 4813 4826 4808 4810 4814 4832 4826 4818 4814 4816 4818 4820 4820 4824 4823 4826 4826 4826 4828 4830 4834 4834 4834 4836 4838 4843 4840 4845 4840 4846 4846 4846 4850 4848 4856 4852 4855 4852 4856 4856 4858 4860 4862 4864 4864 4864 4866 4868 4870 4870 4872 4874 4906 4908 4876 4876 4880 4878 4882 4882 4884 4890 4886 4888 4888 4892 4892 4898 4897 4894 4900 4900 4900 4902 4904 4906 4906 4908 4914 4912 4910 4914 4914 4916 4918 4920 4922 4920 4922 4926 4928 4924 4930 4930 4930 4932 4934 4936 4936 4940 4938 4944 4943 4944 4944 4946 4948 4953 4954 4951 4954 4956 4954 4956 4958 4960 4962 4962 4966 4964 4968 4971 4968 4972 4972 4974 4976 4978 4981 4978 4982 4982 4984 4986 4988 4988 4990 4993 4994 4994 5000 4997 4998 4998 5000 5003 5004 5004 5004 5006 5009 5010 5010 5014 5012 5017 5018 5018 5018 5022 5021 5022 5024 5029 5027 5030 5030 5030 5038 5032 5034 5038 5037 5040 5038 5040 5040 5042 5046 5048 5050 5045 5052 5048 5050 5052 5056 5061 5054 5058 5062 5058 5062 5062 5066 5064 5068 5068 5070 5070 5076 5074 5072 5078 5078 5078 5082 5080 5084 5084 5086 5093 5095 5090 5088 5096 5096 5095 5096 5098 5104 5100 5102 5106 5108 5106 5106 5108 5114 5110 5113 5116 5116 5116 5118 5120 5122 5122 5124 5126 5128 5128 5142 5130 5132 5134 5134 5142 5136 5144 5138 5140 5142 5142 5146 5146 5150 5148 5152 5155 5152 5156 5156 5160 5158 5162 5176 5162 5176 5168 5166 5165 5170 5168 5170 5168 5170 5172 5174 5176 5176 5180 5178 5182 5184 5184 5184 5186 5188 5212 5190 5190 5192 5194 5196 5196 5198 5232 5202 5200 5205 5210 5210 5205 5209 5207 5210 5210 5212 5214 5216 5218 5218 5220 5226 5222 5224 5226 5226 5228 5230 5232 5244 5244 5232 5234 5238 5240 5236 5242 5240 5242 5244 5246 5248 5250 5250 5252 5255 5256 5256 5258 5262 5264 5266 5261 5274 5266 5266 5268 5274 5266 5268 5273 5270 5274 5274 5276 5284 5281 5278 5282 5284 5284 5284 5288 5286 5294 5290 5290 5298 5292 5294 5296 5298 5298 5302 5300 5304 5306 5304 5314 5308 5308 5313 5310 5314 5314 5316 5322 5324 5318 5326 5320 5328 5324 5326 5334 5337 5328 5330 5332 5334 5334 5338 5338 5342 5340 5346 5344 5344 5346 5348 5353 5350 5354 5357 5361 5354 5364 5354 5364 5362 5358 5358 5364 5382 5364 5373 5367 5382 5369 5374 5380 5371 5377 5382 5384 5377 5382 5378 5384 5382 5384 5388 5386 5390 5390 5392 5394 5396 5398 5396 5400 5400 5404 5402 5408 5406 5408 5406 5408 5410 5412 6074 5414 6074 5414 5416 5418 5420 5422 5420 5422 5426 5424 5428 5428 5432 5430 5434 5436 5434 5438 5438 5442 5440 5442 5444 5450 5444 5472 5446 5448 5450 5452 5466 5454 5452 5456 5456 5458 5461 5462 5464 5462 5466 5466 5468 5470 5472 5472 5474 5476 5478 5478 5480 5482 5484 5484 5486 5489 5490 5490 5494 5496 5492 5500 5500 5500 5496 5498 5500 5502 5500 5502 5506 5504 5508 5508 5512 5510 5514 5517 5514 5518 5518 5520 5522 5524 5524 5528 5526 5530 5533 5540 5530 5534 5534 5536 5538 5540 5540 5542 5551 5548 5546 5544 5548 5548 5551 5552 5552 5558 5554 5557 5560 5562 5560 5562 5564 5566 5572 5570 5569 5572 5570 5570 5572 5574 5576 5578 5580 5580 5582 5580 5584 5584 5586 5589 5590 5592 5590 5594 5594 5598 5596 5600 5600 5602 5604 5608 5606 5606 5608 5608 5613 5610 5614 5616 5614 5618 5618 5622 5620 5624 5624 5632 5626 5628 5634 5634 5630 5636 5634 5636 5640 5638 5644 5642 5652 5642 5646 5646 5650 5648 5652 5652 5654 5656 5659 5660 5656 5662 5660 5660 5664 5664 5674 5669 5666 5670 5673 5670 5676 5676 5676 5678 5681 5682 5682 5690 5684 5692 5686 5688 5694 5694 5692 5694 5696 5699 5700 5700 5702 5704 5708 5707 5708 5708 5715 5710 5712 5716 6014 6010 5718 5716 6010 5718 6014 5730 5720 5728 5722 5722 5724 5726 5730 5730 5728 5732 5732 5736 5734 5738 5738 5740 5742 5744 5747 5744 5748 5748 5753 5750 5754 5757 5754 5758 5758 5762 5760 5764 5764 5768 5766 5770 5773 5770 5774 5774 5776 5778 5780 5780 5782 5785 5788 5787 5790 5788 5788 5792 5792 5796 5794 5798 5798 5802 5800 5804 5804 5807 5808 5808 5812 5810 5814 5814 5818 5816 5820 5820 5822 5824 5826 5826 5834 5828 5830 5832 5834 5834 5839 5836 5840 5840 5842 5844 5846 5846 5850 5848 5852 5852 5857 5854 5858 5858 5860 5862 5864 5864 5868 5866 5870 5873 5870 5890 5874 5874 5880 5876 5883 5878 5884 5883 5884 5889 5886 5890 5890 5892 5895 5896 5896 5902 5898 5901 5902 5902 5908 5904 5910 5906 5910 5910 5912 5914 5916 5916 5921 5918 5922 5922 5930 5924 5928 5926 5930 5930 5934 5932 5934 5936 5936 5938 5941 5942 5942 5946 5944 5948 5948 5952 5950 5954 5954 5956 5958 5960 5960 5970 5962 5966 5964 5968 5968 5970 5974 5972 5976 5976 5981 5978 5982 5985 5982 5985 5986 5986 5990 5988 5992 5992 5994 5996 5998 5998 6002 6000 6004 6004 6006 6008 6010 6012 6010 6014 6014 6016 6018 6020 6020 6022 6024 6026 6026 6033 6028 6030 6035 6036 6035 6036 6042 6038 6040 6044 6042 6044 6046 6046 6048 6054 6050 6052 6052 6056 6056 6061 6058 6062 6062 6064 6066 6068 6068 6072 6070 6074 6074 6076 6078 6080 6080 6082 6087 6084 6088 6088 6092 6090 6094 6094 6098 6096 6100 6100 6102 6110 6112 6107 6104 6108 6112 6112 6112 6112 6119 6116 6114 6120 6120 6119 6120 6124 6122 6126 6126 6128 6130 6132 6132 6136 6134 6138 6138 6140 6142 6144 6152 6144 6152 6151 6146 6148 6152 6152 6152 6154 6160 6156 6156 6162 6158 6164 6162 6164 6166 6169 6170 6170 6172 6172 6170 6172 6178 6174 6184 6182 6176 6178 6180 6182 6182 6186 6186 6191 6188 6194 6192 6192 6194 6201 6198 6196 6202 6204 6202 6202 6206 6206 6212 6208 6210 6214 6214 6214 6216 6219 6220 6223 6220 6235 6224 6224 6226 6236 6229 6238 6230 6232 6238 6240 6238 6236 6238 6240 6247 6242 6244 6248 6248 6248 6255 6250 6252 6257 6258 6258 6258 6260 6262 6264 6264 6266 6272 6268 6274 6272 6270 6274 6274 6276 6282 6278 6280 6282 6282 6286 6284 6288 6288 6292 6290 6294 6294 6296 6298 6300 6300 6304 6302 6306 6346 6315 6316 6308 6348 6312 6308 6310 6316 6320 6316 6316 6320 6318 6324 6322 6326 6322 6324 6326 6328 6330 6330 6334 6332 6337 6338 6338 6338 6340 6346 6344 6342 10280 6346 6346 6348 6352 6350 6354 6368 6370 6354 6362 6356 6360 6358 6362 6362 6367 6364 6368 6368 6370 6374 6372 6376 6376 6380 6380 6378 6380 6384 6382 6384 6386 6388 6390 6390 6394 6392 6396 6396 6399 6400 6400 6404 6402 6406 6406 6408 6410 6415 6412 6412 6416 7472 6416 6418 6420 6422 6422 6424 6426 6428 6431 6428 6432 6432 6434 6436 6438 6441 6438 6442 6442 6451 6444 6446 6452 6448 6448 6458 6452 6452 6456 6454 6458 6458 6462 6460 6464 6464 6466 6468 6474 6470 6472 6476 6474 6474 6476 6480 6478 6482 6482 6726 6482 6484 6486 6488 6488 6490 6492 6494 6496 6496 6496 6500 6498 6502 6502 6506 6504 6508 6511 6508 6513 6514 6514 6514 6518 6516 6520 6520 6534 6522 6526 6524 6528 6528 6532 6530 6534 6534 6536 6540 6538 6540 6540 6544 6542 6546 6546 6548 6552 6550 6552 6554 6552 6554 6558 6556 6588 6560 6588 6560 6564 6562 6566 6566 6570 6569 6570 6574 6572 6576 6578 6576 6580 6580 6584 6582 6586 6586 6588 6590 6592 6594 6594 6596 6596 6600 6598 6602 6602 6604 6606 6608 6608 6610 6612 6614 6614 6618 6616 6620 6620 6628 6622 6633 6624 6626 6628 6634 6628 6631 6636 6642 6636 6636 6638 6640 6642 6642 6646 6644 6648 6648 6653 6650 6654 6654 6656 6660 6662 6659 6664 6662 6664 6684 6668 6666 6670 6670 6672 6674 6676 6676 6678 6684 6682 6680 6684 6684 6692 6686 6695 6690 6688 6696 6696 6695 6696 6698 6700 6700 6708 6704 6702 6706 6706 6710 6710 6712 6721 6714 6722 6716 6718 6722 6725 6722 6722 6726 6726 6726 6728 6758 6730 6732 6734 6734 6736 6738 6742 6741 6742 6742 6744 6749 6746 6750 6752 6758 6750 6752 6754 6756 6758 6758 6760 6762 6766 6764 6764 6770 6769 6770 6770 6774 6772 6776 6776 6780 6778 6782 6782 6786 6784 6788 6788 6792 6790 6794 6794 6798 6796 6803 6800 6800 6804 6804 6809 6806 6815 6810 6815 6810 6813 6816 6822 6816 6822 6820 6818 6822 6822 6826 6824 6826 6828 6828 6832 6830 6838 6834 6834 6834 6836 6842 6840 6838 6842 6842 6848 6844 6850 6846 6852 6850 6852 6854 6856 6858 6858 6866 6860 6868 6864 6862 6864 6870 6868 6870 6874 6872 6876 6876 6881 6878 6882 6882 6884 6890 6886 6888 6890 6890 6895 6892 6902 6896 6896 6902 6900 6898 6902 6904 6902 6904 6906 6908 6910 6910 6912 6914 6916 6916 6922 6918 6920 6925 6922 6922 6926 6926 6930 6928 6932 6932 6934 6939 6936 6942 6940 6942 6940 6942 6946 6944 6948 6948 6954 6950 6952 6957 6958 6957 6958 6960 6966 6962 6964 6966 6966 6971 6968 6972 6974 6972 6974 6974 6982 6976 6984 6978 6980 6986 6986 6984 6986 6990 6988 6992 6992 6998 6994 6996 6998 7000 6998 7000 7000 7002 7004 7006 7078 7006 7078 7012 7008 7010 7014 7016 7014 7016 7018 7021 7022 7022 7030 7024 7026 7032 7028 7032 7034 7032 7034 7036 7038 7040 7040 7042 7045 7048 7046 7046 7055 7050 7050 7052 7056 7058 7056 7058 7062 7060 7064 7064 7068 7070 7066 7072 7070 7072 7074 7076 7078 7080 7078 7088 7082 7082 7086 7088 7084 7088 7088 7097 7090 7092 7100 7094 7099 7134 7102 7102 7099 7102 7102 7109 7104 7106 7113 7114 7111 7114 7114 7116 7120 7118 7122 7124 7126 7122 7124 7126 7128 7134 7130 7132 7134 7132 7134 7134 7136 7139 7140 7140 7142 7145 7146 7146 7151 7148 7152 7152 7154 7156 7158 7161 7158 7162 7162 7164 7166 7168 7168 7172 7170 7174 7174 7176 7178 7182 7181 7182 7182 7184 7186 7188 7188 7194 7190 7198 7193 7198 7197 7198 7198 7202 7200 7204 7204 7211 7206 7208 7212 7214 7212 7214 7216 7220 7218 7222 7224 7222 7224 7228 7226 7228 7234 7230 7232 7236 7238 7236 7238 7242 7240 7244 7246 7244 7246 7250 7248 7252 7252 7256 7260 7254 7258 7258 7262 7262 7264 7266 7268 7276 7268 7276 7276 7270 7272 7275 7276 7276 7278 7280 7282 7282 7286 7284 7288 7288 7308 7296 7290 7310 7294 7292 7301 7302 7299 7302 7310 7304 7302 7304 7308 7306 7313 7310 7310 7314 7314 7316 7318 7320 7320 7329 7322 7324 7326 7330 7330 7330 7343 7337 7332 7338 7334 7340 7338 7340 7346 7344 7364 7346 7348 7351 7352 7352 7354 7356 7361 7356 7358 7362 7364 7362 7367 7364 7368 7368 7372 7370 7374 7374 7378 7383 7376 7386 7380 7380 7390 7384 7384 7389 7386 7390 7393 7390 7394 7394 7398 7396 7400 7400 7402 7404 7406 7406 7408 7410 7412 7415 7412 7416 7416 7418 7421 7422 7424 7422 7424 7426 7428 7430 7430 7440 7432 7436 7438 7434 7438 7438 7440 7444 7442 7449 7446 7446 7450 7450 7452 7454 7456 7456 7461 7458 7465 7462 7462 7466 7466 7468 7470 7472 7472 7482 7474 7476 7486 7484 7488 7478 7484 7480 7488 7488 7484 7488 7488 7500 7492 7490 7494 7496 7496 7502 7496 7509 7504 7499 7500 7514 7504 7511 7506 7512 7511 7512 7514 7522 7516 7518 7520 7520 7528 7524 7527 7528 7528 7530 7534 7532 7534 7534 7538 7536 7540 7540 7542 7544 7558 7546 7546 7558 7552 7548 7554 7550 7556 7554 7556 7558 7562 7560 7565 7566 7566 7566 7570 7568 7586 7572 7572 7576 7574 7648 7578 7648 7578 7580 7582 7584 7584 7586 7599 7588 7590 7592 7592 7602 7594 7596 7600 7602 7602 7600 7602 7610 7604 7606 7608 7612 7612 7612 7616 7614 7618 7618 7624 7620 7626 7624 7622 7626 7626 7628 7630 7632 7632 7634 7636 7638 7640 7638 7644 7640 7648 7646 7642 7648 7646 7648 7650 7652 7654 7656 7656 7656 7658 7660 7662 7662 7665 7666 7672 7676 7666 7668 7670 7672 7672 7678 7674 7686 7684 7678 7682 7686 7680 7686 7686 7686 7690 7688 7692 7692 7696 7694 7702 7698 7698 7704 7700 7710 7704 7710 7706 7708 7710 7710 7718 7712 7716 7714 7720 7720 7720 7722 7724 7724 7726 7728 7730 7730 7732 7734 7736 7736 7738 7741 7744 7743 7746 7746 7748 7746 7748 7746 7752 7748 7750 7754 7756 7754 7756 7758 7760 7762 7762 7766 7764 7768 7768 7770 7775 7776 7772 7778 7780 7776 7778 7782 7782 7784 7786 7788 7788 7792 7794 7790 7828 7794 7794 7798 7796 7800 7800 7802 7808 7806 7804 7808 7808 7810 7814 7816 7814 7812 7816 7816 7822 7818 7820 7824 7827 7828 7824 7828 7828 7830 7832 7834 7834 7836 7838 7840 7840 7843 7853 7844 7844 7854 7846 7848 7856 7850 7856 7868 7854 7856 7868 7858 7862 7860 7864 7880 7864 7880 7866 7871 7878 7868 7872 7872 7874 7876 7878 7878 7884 7880 7886 7882 7888 7886 7888 7892 7890 7894 7902 7894 7902 7898 7896 7900 7900 7902 7906 7948 7904 7908 7908 7910 7913 7914 7914 7918 7916 7920 7920 7928 7922 7924 7926 7928 7928 7930 7932 7934 7934 7936 7938 7940 7940 7942 7944 7946 7948 7948 7952 7950 7954 7954 7966 7961 7964 7956 7958 7962 7964 7962 7966 7964 7966 7970 7968 7974 7972 7972 7976 7978 7978 7978 7980 7982 7984 7984 7994 7986 7991 7992 7988 7994 7992 7998 7994 8000 7996 8002 8000 8004 8006 8002 8006 8010 8009 8010 8006 8010 8010 8019 8014 8012 8016 8021 8016 8044 8022 8021 8022 8024 8026 8028 8031 8028 8032 8032 8034 8046 8044 8037 8038 8038 8040 8042 8044 8086 8044 8086 8046 8054 8048 8056 8052 8050 8062 8060 8062 8056 8058 8060 8060 8064 8062 8066 8066 8068 8070 8070 8072 8074 8076 8076 8082 8078 8080 8084 8086 8084 8086 8088 8090 8092 8092 8096 8094 8098 8106 8098 8102 8100 8104 8104 8106 8110 8108 8112 8114 8112 8128 8124 8116 8116 8120 8118 8122 8122 8124 8128 8126 8130 8128 8130 8137 8132 8138 8135 8140 8150 8142 8138 8142 8150 8140 8144 8146 8146 8146 8153 8148 8150 8154 8154 8156 8158 8160 8160 8164 8162 8166 8166 8170 8168 8174 8172 8170 8174 8176 8174 8176 8178 8180 8182 8184 8182 8186 8186 8191 8188 8192 8192 8196 8194 8202 8198 8198 8200 8204 8202 8204 8212 8206 8210 8212 8208 8212 8212 8214 8216 8218 8218 8220 8229 8222 8226 8224 8224 8230 8230 8230 8232 8234 8236 8236 8240 8242 8238 8242 8242 8246 8244 8248 8248 8253 8250 8254 8254 8256 8258 8258 8264 8260 8262 8266 8266 8266 8270 8268 8272 8276 8272 8274 8278 8284 8282 8278 8280 8282 8284 8284 8286 8288 8290 8290 8292 8295 8296 8296 8302 8300 8298 8304 8304 8304 8315 8666 8306 8308 8311 8312 8316 8312 8318 8324 8668 8318 8320 8322 8324 8327 8324 8330 8328 8332 8332 8334 8332 8334 8336 8338 8338 8340 8342 8342 8347 8344 8348 8351 8348 8352 8352 8356 8354 8358 8361 8358 8362 8362 8366 8364 8368 8368 8372 8378 8371 8368 8372 8378 8372 8374 8376 8378 8378 8380 8382 8384 8386 8384 8388 8388 8390 8392 8394 8394 8398 8396 8400 8402 8402 8400 8404 8404 8410 8406 8412 8408 8414 8412 8414 8418 8416 8420 8432 8423 8420 8424 8424 8429 8426 8430 8430 8432 8436 8434 8438 8438 8440 8443 8444 8444 8448 8446 8450 8478 8450 8452 8461 8454 8456 8463 8458 8458 8464 8463 8464 8466 8468 8470 8470 8474 8472 8476 8476 8478 8490 8482 8480 8484 8484 8486 8488 8488 8490 8492 8495 8496 8496 8502 8498 8504 8500 8506 8504 8506 8508 8510 8512 8512 8516 8514 8518 8518 8523 8520 8524 8524 8524 8526 8529 8530 8530 8534 8532 8536 8536 8538 8542 8544 8540 8544 8544 8548 8546 8556 8550 8572 8550 8554 8552 8556 8556 8558 8560 8562 8562 8564 8567 8568 8570 8568 8570 8572 8574 8576 8576 8580 8590 8578 8582 8592 8582 8592 8584 8586 8588 8588 8594 8592 8596 8594 8592 8596 8596 8598 8601 8602 8602 8608 8604 8606 8610 8614 8610 8610 8620 8617 8612 8614 8619 8622 8619 8622 8622 8624 8626 8628 8632 8628 16238 16238 8646 8634 8630 8636 8634 8636 8639 8640 8640 8640 8644 8642 8646 8649 8646 8650 8650 8652 8654 8656 8656 8660 8684 8658 8660 8664 8662 8666 8666 8668 8672 8670 8674 8678 8676 8678 8678 8678 8684 8680 8682 8684 8684 8688 8686 8690 8692 8690 8694 8694 8696 8698 8700 8704 8708 8700 8702 8706 8710 8706 8708 8710 8712 8714 8716 8716 8718 8722 8724 8720 8726 8724 8726 8734 8728 8730 8732 8734 8734 8736 8738 8740 8740 8744 8748 8742 8746 8746 8760 8750 8752 8750 8752 8754 8762 8758 8756 8768 8770 8768 8762 8770 8762 8764 8766 8768 8768 8770 8774 8772 8776 8776 8782 8778 8784 8780 8782 8784 8784 8789 8786 8790 8790 8794 8792 8796 8796 8803 8798 8800 8816 8804 8806 8818 8804 8806 8808 8810 8810 8812 8814 8816 8816 8840 8818 8826 8820 8840 8822 8829 8824 8830 8832 8840 8830 8834 8834 8838 8836 8842 8840 8840 8842 8844 8846 8854 8848 8848 8854 8850 8852 8854 8854 8856 8859 8860 8866 8860 8862 8870 8864 8870 8868 8870 8870 8872 8870 8872 8877 8874 8878 8878 8882 8880 8884 8884 8888 8886 8890 8890 8910 8892 8896 8898 8894 8900 8904 8902 8898 8904 8900 8904 8904 8906 8908 8910 8912 8910 8914 8916 8914 8920 8918 8920 8918 8922 8922 8926 8931 8928 8924 8932 8932 8932 8932 8938 8934 8940 8938 8937 8940 8940 8942 8944 8946 8946 8951 8948 11602 8952 8952 8954 8956 8958 8961 8962 8962 8964 8962 8966 8966 8968 8971 8972 8972 8977 8974 8978 8978 8982 8980 8984 8984 8988 8986 8990 8990 8998 8992 9000 8996 8994 9002 9002 9000 9002 9004 9008 9010 9008 9006 9008 9014 9010 9012 9016 9016 9016 9018 9020 9022 9022 9026 9024 9028 9036 9030 9042 9030 9036 9034 9032 9036 9036 9044 9038 9042 9041 9044 9044 9048 9046 9050 9052 9050 9052 9059 9056 9054 9060 9062 9060 9060 9064 9064 9066 9068 9070 9072 9075 9072 9072 9077 9078 9078 9078 9080 9084 9082 9086 9086 9088 9086 9086 9088 9090 9093 9094 9096 9094 9098 9098 9101 9102 9104 9104 9104 9106 9108 9106 9110 9110 9112 9114 9116 9118 9118 9118 9120 9123 9124 9126 9170 9126 9126 9128 9134 9130 9136 9132 9138 9138 9144 9138 9136 9138 9144 9138 9140 9142 9144 9146 9144 9148 9148 9152 9170 9150 9154 9154 9157 9158 9158 9162 9160 9164 9164 9166 9169 9170 9170 9190 9172 9176 9174 9178 9181 9178 9182 9182 9186 9188 9184 9190 9190 9190 9192 9194 9196 9198 9198 9201 9198 9202 9202 9206 9204 9208 9210 9210 9210 9212 9212 9217 9214 9219 9220 9222 9220 9226 9222 9224 9228 9232 9230 9228 9230 9232 9236 9234 9238 9240 9240 9240 9245 9242 9246 9246 9252 9250 9248 9254 9254 9254 9256 9262 9258 9260 9262 9262 9264 9272 9274 9269 9266 9278 9270 9276 9276 9278 9274 9276 9278 9286 9290 9280 9282 9292 9284 9289 9292 9292 9294 9292 9292 9296 9296 9298 9301 9302 9302 9309 9306 9304 9310 9315 9310 9310 9312 9316 9316 9316 9318 9322 9324 9320 9326 9328 9334 9326 9326 9328 9330 9332 9334 9334 9336 9338 9338 9343 9340 9344 9348 9344 9350 9357 9352 9346 9352 9350 9352 9358 9354 9360 9358 9363 9360 9364 9364 9370 9366 9369 9370 9370 9374 9378 9372 9376 9380 9376 9378 9380 9382 9384 9386 9386 9386 9388 9391 9392 9392 9398 9394 9400 9396 9402 9402 9402 9410 9406 9404 9408 9412 9412 9412 9412 9414 9419 9416 9420 9420 9420 9422 9426 9425 9426 9428 9434 9434 9426 9428 9432 9430 9434 9434 9443 9436 9438 9440 9444 9444 9446 9444 9444 9448 9448 9450 9453 9454 9454 9458 9456 9460 9462 9468 9466 9462 9462 9464 9472 9466 9470 9468 9472 9472 9472 9474 9481 9476 9483 9478 9484 9484 9483 9484 9486 9488 9490 9492 9492 9492 9496 9494 9498 9500 9498 9502 9502 9504 9506 9509 9510 9510 9510 9512 9522 9519 9520 9517 9514 9522 9522 9520 9527 9522 9525 9528 9532 9528 9530 9532 9534 9538 9534 9540 9537 9544 9540 9544 9542 9546 9548 9555 9546 9551 9548 9552 9552 11258 9556 9556 9562 9560 9558 11258 9564 9564 9564 9566 9568 9571 9572 9572 9575 9572 9584 9576 9582 9576 9580 9578 9582 9582 9586 9586 9594 9588 9590 9596 9594 9593 9596 9596 9598 9602 9601 9607 9604 9602 9604 9608 9622 9608 9613 9624 9610 9614 9614 9616 9618 9618 9622 9620 9624 9624 9628 9626 9630 9639 9636 9630 9634 9632 9640 9648 9640 9640 9640 9644 9642 9646 9646 9648 9650 9652 9654 9656 9656 9656 9658 9660 9662 9662 9673 9664 9670 9666 9668 9670 9686 9670 9674 9674 9679 9676 9680 9680 9682 9684 9686 9686 9691 9688 9692 9692 9694 9696 9696 9705 9698 9706 9700 9702 9702 9702 9708 9708 9706 9708 9712 9710 9714 9717 9714 9718 9720 9723 9718 9724 9724 9724 9726 9728 9730 9730 9735 9732 9736 9736 9738 9738 9742 9740 9744 9744 9748 9752 9746 9754 9754 9750 9756 9754 9762 9756 9761 9758 9764 9766 9766 9764 9766 9768 9774 9781 9770 9773 9774 9808 9779 9808 9774 9782 9777 9788 9790 9810 9782 9787 9784 9788 9788 9790 9794 9792 9796 9799 9796 9802 9808 9800 9802 9802 9807 9804 9808 9810 9808 9810 9818 9814 9812 9820 9816 9820 9822 9820 9826 9822 9824 9829 9830 9829 9830 9837 9832 9840 9834 9840 9839 9840 9840 9844 9842 9844 9846 9850 9852 9848 9854 9856 9856 9854 9858 9864 9862 9858 9864 9866 9860 9866 9864 9866 9870 9868 9872 9872 9875 9876 9876 9878 9880 9890 9882 9882 9884 9890 9888 9886 9890 9890 9898 9896 9892 9900 9894 9902 9902 9900 9907 9902 9904 9908 9912 9908 9912 9914 9910 9916 9921 9916 9916 9919 9922 9926 9922 9924 9926 9926 9928 9934 9930 9933 9946 9936 9936 9936 9946 9943 9938 9941 9944 9946 9944 9946 9950 9948 9952 9952 9956 9954 9958 9958 9958 9960 9964 9962 9966 9966 9966 9971 9968 9972 9972 9974 9979 9977 9980 9982 9980 9982 9985 9991 9988 9986 9986 9992 9994 9992 9994 9998 10000 9996 10006 10002 10002 10004 10002 10008 10008 10008 10012 10010 10014 10014 10018 10020 10016 10022 10024 10022 10022 10024 10026 10030 10028 10030 10030 10032 10035 10036 10036 10040 10038 10042 10042 10044 10048 10050 10046 10053 10054 10050 10054 10054 10056 10063 10060 10058 10064 10064 10064 10078 10066 10073 10068 10070 10078 10080 10076 10075 10078 10080 10080 10078 10080 10085 10082 10110 10086 10086 10118 10086 10112 10090 10088 10090 10092 10094 10092 10094 10096 10098 10100 10100 10102 10106 10104 10108 10110 10108 10110 10112 10118 10114 10117 10118 10118 10120 10122 10124 10124 10128 10126 10133 10130 10130 10134 10134 10138 10136 10140 10142 10142 10142 10144 10147 10148 10158 10148 10152 10150 10154 10157 10154 10158 10158 10163 10160 10180 10164 10164 10180 10166 10169 10170 10170 10174 10170 10173 10174 10174 10179 10176 10180 10180 10189 10182 10184 10186 10192 10190 10184 10192 10192 10190 10192 10196 10194 10198 10198 10210 10201 10205 10203 10208 10207 10207 10210 10210 10214 10212 10216 10216 10218 10224 10220 10222 10224 10224 10226 10231 10232 10228 10234 10232 10234 10236 10238 10240 10240 10242 10244 10246 10246 10258 10251 10248 10252 10252 10256 10254 10258 10258 10260 10262 10267 10264 10264 10268 10268 10270 10272 10274 10276 10274 10278 10278 10280 10284 10288 10290 10282 10286 10290 10286 10290 10290 10293 10332 10294 10296 10299 10296 10332 10336 10300 10300 10304 10302 10306 10320 10306 10311 10308 10312 10312 10314 10322 10316 10318 10318 10320 10324 10324 10324 10326 10328 10330 10330 10332 10334 10336 10338 10340 10340 10340 10342 10348 10347 10344 10354 10350 10350 10352 10350 10354 10354 10358 10362 10356 10360 10360 10366 10370 10364 10366 10377 10372 10368 10378 10372 10374 10378 10380 10378 10389 10384 10380 10386 10382 10390 10386 10390 10390 10397 10392 10402 10398 10395 10402 10398 10400 10402 10402 10412 10410 10404 10408 10406 10414 10410 10410 10414 10412 10414 10418 10416 10420 10420 10422 10428 10426 10424 10428 10428 10430 10437 10438 10432 10434 10438 10440 10438 10438 10440 10440 10444 10442 10446 10446 10448 10450 10455 10452 10452 10456 10456 10460 10458 10462 10460 10462 10466 10464 10474 10468 10468 10474 10470 10473 10474 10474 10476 10479 10480 10480 10482 10490 10486 10484 10496 10488 10494 10496 10492 10488 10496 10496 10498 10496 10498 10500 10510 10508 10502 10508 10504 10506 10508 10508 10508 10512 10512 10516 10514 10518 10518 10522 10520 10524 10526 10528 10536 10526 10536 10526 10530 10530 10534 10532 10536 10536 10540 10538 10540 10542 10545 10546 10546 10548 10550 10552 10552 10552 10556 10556 10554 10566 10558 10578 10562 10560 10568 10564 10566 10568 10572 10568 10570 10572 10574 10580 10577 10574 10578 10578 10582 10582 10588 10590 10584 10586 10590 10590 10590 10592 10598 10594 10596 10600 10602 10602 10600 10602 10607 10604 10608 10632 10608 10610 10610 10614 10618 10616 10612 10618 10616 10618 10621 10622 10626 10622 10628 10624 10630 10628 10630 10636 10632 10634 10638 10640 10638 10640 10642 10645 10646 10646 10650 10648 10652 10652 10654 10652 10654 10658 10656 10660 10662 10660 10662 10667 10664 10662 10664 10668 10668 10670 10672 10674 10674 10677 10678 10678 10682 10680 10684 10690 10690 10684 10688 10686 10690 10690 10692 10698 10697 10694 10701 10718 10702 10702 10701 10702 10706 10704 10709 10706 10710 10710 10710 10712 10718 10714 10717 10718 10718 10720 10724 10726 10722 10728 10730 10730 10728 10730 10732 10735 10736 10736 10740 10738 10742 10746 10742 10744 10748 10748 10748 10752 10750 10754 10758 10757 10758 10757 10757 10758 10775 10762 10760 10796 10776 10764 10764 10771 10766 10768 10796 10773 10796 10776 10793 10773 10776 10776 10778 10780 10782 10782 10787 10784 10788 10788 10795 10790 10793 10796 10798 10796 10798 10800 10802 10804 10802 10804 10812 10814 10806 10808 10816 10810 10810 11280 10820 10826 10814 10816 10819 10820 10826 10820 10824 10822 10826 10826 10828 10835 10837 10833 10830 10838 10838 10837 10838 10849 10840 10844 10842 10846 10850 10850 10852 10846 10852 10850 10850 10852 10854 10856 10858 10858 10860 10863 10864 10864 10866 10868 10868 10872 10870 10874 10874 10878 10876 10880 10880 10882 10885 10896 10887 10890 10889 10890 10896 10890 10890 10894 10892 10896 10896 10898 10900 10902 10902 10904 10906 10906 10910 10908 10912 10912 10920 10914 10919 10916 10920 10920 10922 10924 10926 10926 10928 10930 10930 10932 10935 10936 10936 10938 10941 10942 10945 10942 10946 10946 10950 10948 10954 10953 10958 10954 10954 10966 10960 10956 10962 10960 10964 10970 10962 10966 10972 10966 10972 10969 10977 10974 10979 10972 10977 10974 10979 10980 10985 10983 10980 10983 10986 10986 10986 10995 10992 10990 10988 10996 10998 10996 10998 10996 10998 10996 10998 11003 11000 11004 11004 11006 11008 11008 11012 11010 11014 11014 11018 11017 11018 11023 11020 11024 11024 11026 11035 11029 11030 11033 11036 11038 11036 11036 11033 11038 11036 11038 11042 11045 11040 11046 11046 11046 11048 11053 11067 11050 11055 11064 11056 11055 11056 11058 11070 11060 11068 11070 11062 11072 11070 11068 11070 11072 11076 11074 11078 11078 11082 11080 11084 11084 11086 11088 11090 11092 11090 11092 11094 11096 11101 11096 11099 11102 11101 11101 11102 11106 11104 11108 11108 11110 11112 11114 11114 11116 11118 11128 11120 11120 11122 11126 11128 11126 11124 11128 11128 11130 11133 11134 11137 11134 11138 11138 11140 11142 11144 11144 11154 11146 11157 11148 11150 11152 11152 11158 11158 11157 11162 11158 11161 11164 11166 11164 11166 11172 11170 11168 11174 11174 11174 11176 11178 11180 11190 11182 11190 11180 11184 11184 11188 11186 11190 11190 11194 11192 11196 11196 11202 11198 11204 11200 11206 11204 11206 11208 11211 11212 11212 11214 11216 11216 11224 11220 11218 11227 11228 11222 11224 11228 11228 11228 11232 11230 11237 11242 11234 11240 11244 11238 11246 11238 11240 11242 11244 11246 11246 11250 11248 11252 11252 11256 11254 11262 11260 11258 11258 11264 11264 11264 11268 11266 11270 11356 11272 11356 11270 11272 11279 11274 11280 11276 11280 11280 11282 11289 11290 11284 11286 11292 11292 11290 11292 11294 11296 11296 11300 11298 11302 11302 11308 11306 11304 11310 11356 11310 11356 11310 11328 11320 11312 11314 11322 11316 11318 11318 11320 11322 11324 11326 11328 11328 11330 11336 11334 11332 11336 11336 11340 11342 11338 11346 11342 11346 11344 11348 11348 11352 11355 11350 11356 11358 11356 11358 11360 11362 11366 11368 11368 11368 11365 11370 11368 11370 11374 11372 11376 11376 11378 11385 11380 11404 11382 11382 11404 11386 11386 11391 11388 11392 11392 11402 11399 11394 11400 11396 11402 11400 11402 11404 11408 11406 11410 11412 11412 11412 11414 11423 11416 11419 11424 11424 11420 11426 11424 11426 11430 11428 11435 11432 11432 11436 11436 11440 11442 11438 11446 11444 11444 11444 11454 11448 11448 11452 11450 11454 11454 11456 11458 11460 11460 11462 11464 11466 11466 11468 11476 11470 11470 11472 11474 11476 11476 11482 11489 11478 11480 11484 11486 11484 11486 11490 11490 11492 11495 11496 11496 11498 11500 11502 11502 11504 11512 11528 11506 11514 11508 11516 11510 11514 11516 11514 11516 11518 11520 11522 11526 11525 11520 11526 11526 11528 11526 11528 11535 11530 11533 11536 11541 11536 11536 11538 11542 11542 11542 11544 11546 11552 11550 11548 11550 11550 11554 11554 11559 11556 11562 11564 11574 11560 11564 11566 11564 11566 11570 11568 11572 11572 11574 11576 11580 11578 11582 11586 11582 11582 11586 11588 11584 11590 11588 11596 11590 11592 11594 11594 11596 11602 11600 11598 11602 11602 11604 11609 11606 11610 11612 11610 11612 11616 11614 11618 11618 11620 11625 11626 11622 11634 11628 11626 11628 11630 11632 11634 11634 11638 11636 11640 11640 11648 11642 11644 11647 11650 11650 11652 11652 11650 11650 11652 11654 11658 11660 11656 11660 11662 11664 11662 11666 11672 11662 11662 11666 11666 11671 11668 11672 11672 11674 11676 11682 11678 11680 11678 11689 11682 11682 11690 11684 11686 11690 11692 11690 11690 11692 11697 11694 11698 11702 11710 11710 11714 11698 11700 11704 11706 11704 11708 11706 11710 11712 11710 11716 11716 11716 11716 11718 11720 11722 11722 11725 11726 11726 11730 11728 11733 11734 11734 11734 11740 11739 11736 11740 11744 11740 11746 11744 11742 11746 11746 11750 11748 11750 11750 11752 11754 11756 11756 11761 11758 11762 11762 11767 11764 11768 11770 11768 11772 11772 11774 11776 11778 11780 11778 11780 11784 11782 11790 11786 11786 11792 11788 11794 11790 11796 11794 11796 11798 11809 11812 11810 11800 11806 11812 11804 11802 11812 11812 11814 11810 11812 11814 11816 11818 11820 11820 11822 11827 11828 11824 11838 11830 11828 12130 11832 11832 11838 11834 11836 11838 11838 11840 11840 11842 11845 11846 11849 11846 11850 11850 11857 11854 11852 11858 11858 11868 11858 11863 11860 11864 11866 11864 11868 11868 11870 11874 11872 11884 11876 11878 11884 11882 11876 11878 11878 11880 11882 11884 11884 11884 11886 11888 11890 12130 11890 11893 11894 11894 11896 11899 11900 11914 11900 11904 11902 11906 11906 11908 11910 11912 11912 11914 11918 11916 11918 11918 11923 11920 11924 11934 11926 11924 11928 11928 11932 11930 11934 11934 11943 11945 11936 11948 11946 11938 11940 11948 11948 11948 11946 11948 11952 11950 11958 11960 11954 11956 11962 11962 11960 11962 11966 11970 11964 11968 11968 11972 11974 11972 11974 11980 11976 11978 11982 11982 11982 11984 11986 11988 11991 11988 11991 11992 11992 11994 11996 11998 11998 12002 12000 12004 12036 12004 12009 12006 12013 12010 12010 12014 12014 12016 12027 12020 12018 12022 12028 12022 12028 12025 12035 12028 12035 12030 12032 12032 12036 12036 12044 12038 12042 12040 12044 12044 12046 12048 12050 12050 12052 12057 12054 12058 12058 12058 12060 12064 12066 12064 12062 12066 12068 12066 12070 12070 12074 12072 12078 12076 12076 12078 12084 12082 12080 12082 12086 12086 12088 12093 12094 12090 12096 12094 12096 12099 12100 12100 12104 12102 12106 12106 12110 12108 12112 12114 12112 12116 12116 12122 12118 12124 12120 12124 12124 12130 12128 12126 12130 12130 12135 12133 12136 12140 12136 12138 12140 12144 12146 12142 12146 12148 12146 12148 12150 12155 12150 12156 12152 12156 12156 12156 12158 12158 12166 12162 12160 12168 12168 12164 12172 12170 12168 12172 12172 12176 12174 12178 12181 12178 12182 12182 12186 12184 12188 12188 12190 12192 12192 12194 12196 12198 12200 12203 12198 12204 13674 12204 12204 12210 12209 12206 12214 12217 12212 12212 12212 12218 12224 12224 12218 12222 12220 12224 12224 12228 12226 12230 12230 12233 12234 12234 12238 12236 12240 12240 12247 12244 12242 12248 12248 12256 12248 12250 12254 12252 12258 12256 12260 12256 12260 12260 12264 12262 12266 12266 12268 12270 12272 12272 12274 12276 12278 12278 12282 12280 12284 12284 12288 12286 12292 12290 12290 12294 12294 12302 12296 12304 12298 12300 12302 12304 12304 12306 12308 12314 12310 12314 12310 12313 12314 12314 12316 12318 12330 12320 12322 12320 12324 12324 12326 12329 12330 12330 12334 12336 12332 12338 12338 12336 12338 12340 12346 12364 12350 12342 12348 12344 12350 12350 12352 12350 12358 12352 12354 12356 12358 12358 12360 12363 12364 12364 12366 12368 12378 12380 12370 12372 12382 12374 12377 12380 12380 12380 12382 12384 12386 12388 12388 12390 12392 12394 12394 12397 12398 12398 12400 12402 12404 12408 12404 12406 12408 12408 12408 12410 12424 12426 12414 12412 12416 12416 12418 12423 12420 12424 12426 12424 12426 12428 12430 12432 12432 12434 12436 12438 12438 12440 12442 12444 12447 12444 12448 12448 12452 12454 12450 12454 12454 12456 12456 12458 12460 12462 12462 12464 12466 12466 12474 12468 12484 12470 12478 12477 12472 12478 12484 12478 12478 12480 12483 12484 12484 12540 12491 12486 12492 12488 12494 12492 12494 12496 12501 12498 12502 12502 12502 12509 12504 12510 12506 12512 12510 12512 12517 12514 12518 12518 12520 12522 12524 12524 12526 12530 12528 12530 12530 12532 12534 12536 12536 12538 12540 12540 12545 12542 12548 12546 12546 12550 12548 12548 12552 12552 12554 12556 12558 12558 12562 12560 12564 12564 12567 12568 12568 12570 12572 12574 12574 12580 12576 12584 12578 12582 12584 12582 12584 12586 12588 12590 12590 12593 12594 12594 12600 12596 12602 12598 12612 12604 12602 12604 12606 12612 12606 12608 12611 12612 12612 12616 12614 12618 12618 12622 12620 12624 12624 12626 12628 12632 12630 12636 12632 12636 12638 12634 12640 12640 12644 12640 12646 12643 12648 12646 12650 12648 12652 12652 12652 12654 12656 12658 12658 12662 12660 12666 12664 12664 12670 12668 12668 12672 12670 12674 12674 12676 12676 12678 12680 12682 12682 12684 12687 12688 12690 12690 12688 12690 12692 12696 12718 12714 12695 12698 12700 12698 12700 12704 12710 12702 12708 12706 12706 12712 12708 12708 12714 12712 12714 12720 12716 12720 12722 12720 12722 12724 12726 12730 12728 12728 12732 12732 12734 12740 12737 12738 12738 12742 12742 12746 12744 12748 12748 12750 12752 12754 12754 12761 12756 12758 12762 12764 12762 12766 12764 12766 12768 12768 12770 12772 12774 12774 12779 12776 12780 12783 12780 12784 12790 12784 12788 12786 12790 12790 12792 12796 12798 12794 12800 12798 12800 12802 12806 12808 12804 12810 12808 12810 12812 12818 12816 12814 12818 12818 12820 12822 12824 12824 12826 12828 12830 12832 12830 12832 12832 12834 12836 12896 12838 12846 12838 12843 12840 12848 12845 12848 12853 12848 12848 12850 12853 12856 12854 12854 12858 12858 12862 12860 12864 12864 12869 12866 12873 12870 12870 12874 12880 12874 12878 12876 12880 12882 12880 12884 12884 12888 12886 12890 12890 12894 12892 12896 12896 12900 12902 12898 12902 12902 12908 12906 12904 12910 12910 12910 12912 12918 12922 12914 12921 12917 12918 12918 12924 12924 12924 12928 12926 12932 12930 12930 12934 12934 12944 12938 12936 12940 12940 12947 12948 12942 12950 12947 12948 12954 12964 12952 12950 12954 12956 12954 12956 12958 12960 12966 12968 12962 12962 12968 12970 12966 12968 12976 12970 12974 12972 12976 12976 12978 12982 12984 12980 12986 12984 12988 12986 12997 12990 12990 12994 12992 13000 12998 13000 12998 12998 13000 13002 13004 13030 13006 13006 13008 13013 13010 13014 13016 13014 13016 13022 13021 13018 13022 13022 13024 13026 13028 13028 13032 13030 13034 13034 13039 13036 13040 13040 13042 13044 13046 13046 13054 13050 13048 13052 13056 13052 13058 13056 13058 13062 13060 13064 13064 13072 13066 13069 13070 13072 13070 13072 13076 13074 13081 13084 13078 13078 13082 13082 13084 13086 13088 13088 13094 13090 13092 13094 13096 13096 13096 13102 13098 13105 13100 13106 13105 13106 13112 13110 13108 13110 13116 13114 13114 13118 13118 13120 13122 13124 13126 13124 13128 13128 13133 13130 13134 13134 13142 13136 13140 13138 13142 13142 13144 13146 13148 13150 13148 13152 13156 13152 13158 13155 13160 13158 13160 13162 13164 13166 13168 13166 13170 13170 13175 13172 13178 13176 13178 13176 13178 13180 13183 15906 13184 13194 13184 13188 13186 13190 13190 13192 13194 13194 13196 13199 13200 13200 13203 13204 13210 13204 13206 13208 13212 13210 13210 13214 13214 13218 13216 13220 13222 13228 13220 13222 13224 13226 13228 13228 13232 13230 13234 13234 13236 13239 13240 13242 13240 13250 13244 13244 13249 13246 13250 13250 13252 13254 13256 13256 13268 13258 13265 13270 13263 13260 13266 13266 13266 13268 13270 13272 13275 13276 13276 13276 13280 13278 13282 13282 13290 13284 13288 13286 13290 13290 13294 13292 13296 13296 13301 13298 13302 13302 13304 13306 13308 13308 13310 13312 13316 13314 13319 13314 13322 13320 13319 13320 13322 13327 13322 13328 13324 13330 13328 13330 13334 13332 13336 13339 13336 13340 13340 13342 13344 13349 13346 13346 13350 13350 13352 13355 13356 13356 13359 13364 13366 13360 13360 13368 13363 13370 13368 13368 13376 13370 13374 13372 13376 13376 13378 13381 13382 13382 13386 13384 13388 13390 13388 13392 13392 13394 13396 13398 13398 13401 13402 13402 13404 13406 13408 13408 13410 13413 13472 13414 13457 13414 13422 13416 13420 13418 13422 13422 13424 13429 13430 13426 13432 13430 13432 13448 13434 13436 13438 13438 13446 13440 13444 13442 13446 13446 13448 13455 13450 13452 13474 13472 13458 13458 13472 13474 13463 13460 13464 13464 13470 13467 13469 13472 13474 13472 13474 13476 13478 13483 13480 13484 13480 13486 13486 13486 13491 13488 13492 13492 13520 13500 13496 13494 13498 13502 13498 13504 13506 13502 13504 13506 13511 13508 13514 13520 13512 13520 13514 13514 13519 13516 13520 13520 13524 13522 13526 13528 13526 13530 13530 13537 13532 13538 13534 13540 13538 13540 13542 13548 13544 13546 13548 13548 13550 13552 13552 13556 13554 13558 13558 13562 13560 13564 13564 13570 13567 13572 13570 13568 13572 13572 13574 13576 13580 13578 13578 13582 13582 13584 13586 13588 13588 13590 13592 13597 13594 13594 13598 13598 13600 13602 13604 13604 13609 13606 13610 13610 13615 13612 13616 13616 13618 13620 13618 13622 13624 13622 13626 13626 13628 13630 13632 13632 13634 13639 13641 13636 13642 13641 13642 13647 13644 13648 13648 13650 13658 13652 13657 13661 13654 13658 13658 13658 13661 13662 13662 13664 13666 13668 13668 13672 13670 13674 13674 13676 13679 13680 13680 13684 13690 13682 13694 13686 13688 13690 13692 14222 13690 13694 13694 13696 13699 13700 13700 13704 13702 13706 13706 13712 13708 13712 13710 13714 13716 13714 13714 13716 13721 13718 13722 13722 13726 13724 13731 13732 13732 13728 13734 13732 13741 13734 13736 13738 13742 13742 13742 13744 13749 13750 13746 13752 13754 13752 13752 13776 13754 13756 13778 13761 13758 13762 13762 13766 13764 13768 13770 13768 13772 13772 13776 13774 13778 13778 13784 13780 13786 13783 13788 13786 13788 13794 13792 13790 13794 13794 13796 13798 13808 13800 13807 13800 13802 13805 13808 13808 13808 13808 13813 13810 13814 13814 13819 13816 13820 13820 13828 13822 13826 13828 13826 13824 13826 13828 13830 13833 13834 13837 13834 13838 13838 13849 13842 13840 13851 13844 13844 13852 13847 13854 13851 13852 13856 13854 13870 13864 13858 13858 13862 13860 13864 13864 13866 13868 13880 13868 13870 13872 13874 13874 13878 13876 13880 13883 13880 13884 13884 13886 13888 13890 13890 13892 13895 13896 13896 13898 13900 13900 13902 13904 13906 13906 13914 13908 13910 13916 13912 13916 13918 13916 13918 13924 13923 13920 13926 13926 13929 13926 13930 13930 13932 13934 13936 13936 13941 13938 13942 13944 13942 13944 13946 13948 13952 13951 13952 13952 13954 13956 13958 13958 13963 13960 13968 13966 13965 13965 13968 13966 13966 13968 13973 13970 13974 13976 13974 13976 13978 13984 13980 13980 13986 13982 13988 13986 13988 13990 13996 13994 13992 13996 13996 14001 13998 14030 14002 14004 14028 14002 14006 14006 14008 14011 14012 14012 14019 14014 14020 14017 14022 14020 14022 14024 14027 14028 14028 14033 14030 14034 14034 14036 14038 14040 14040 14042 14046 14044 14052 14054 14050 14048 14052 14052 14054 14058 14056 14060 14063 14060 14068 14064 14064 14070 14066 14072 14070 14072 14074 14077 14084 14078 14078 14082 14080 14084 14084 14086 14088 14090 14090 14092 14096 14100 14094 14098 14100 14098 14100 14102 14105 14106 14106 14115 14110 14108 14112 14117 14120 14112 14118 14117 14118 14124 14123 14120 14124 14124 14126 14131 14128 14132 14134 14132 14134 14136 14138 14140 14140 14142 14168 14144 14146 14146 14148 14170 14150 14150 14155 14152 14156 14156 14158 14162 14160 14164 14167 14164 14168 14168 14172 14170 14174 14174 14176 14179 14180 14180 14184 14186 14182 14188 14188 14188 14194 14192 14190 14194 14196 14194 14196 14200 14198 14202 14204 14202 14206 14206 14211 14208 14212 14212 14214 14212 14214 14216 14218 14220 14220 14222 14225 14226 14226 14233 14228 14230 14234 14236 14234 14236 14238 14244 14242 14240 14244 14244 14246 14248 14250 14250 14252 14254 14256 14256 14261 14258 14268 14262 14262 14264 14267 14270 14270 14272 14270 14272 14274 14276 14278 14278 14278 14280 14282 14287 14284 14284 14288 14288 14293 14298 14290 14294 14296 14305 14294 14298 14338 14298 14300 14303 14330 14305 14305 14309 14307 14309 14313 14311 14315 14315 14319 14317 14321 14321 14325 14323 14327 14327 14329 14330 14330 14334 14337 14332 14338 14338 14338 14349 14347 14340 14344 14342 14352 14352 14351 14351 14352 14354 14360 14356 14359 14360 14360 14366 14362 14364 14368 14372 14372 14368 14370 14372 14372 14376 14374 14378 14378 14382 14380 14384 14384 14388 14386 14390 14393 14390 14394 14394 14396 14400 14398 14400 14400 14416 14416 14404 14403 14404 14406 14408 14410 14410 14412 14414 14416 14418 14416 14420 14420 14425 14422 14426 14426 14428 14433 14430 14434 14436 14434 14436 14440 14438 14442 14444 14442 14446 14450 14446 14448 14450 14452 14456 14452 14458 14454 14460 14468 14467 14458 14468 14460 14465 14462 14468 14468 14468 14470 14476 14472 14474 14476 14478 14476 14480 14480 14485 14482 14486 14486 14488 14490 14492 14492 14494 14496 14496 14500 14498 14512 14502 14502 14534 14504 14509 14506 14510 14510 14512 14514 14516 14518 14518 14520 14524 14526 14522 14528 14532 14526 14528 14530 14534 14536 14534 14538 14536 14543 14538 14541 14544 14550 14544 14546 14548 14550 14550 14552 14554 14554 14558 14556 14560 14560 14564 14562 14566 14566 14570 14568 14572 14572 14582 14574 14576 14578 14580 14580 14584 14584 14588 14586 14590 14608 14594 14590 14592 14594 14596 14601 14598 14596 14602 14602 14602 14605 14606 14606 14610 14608 14612 14615 14612 14616 14616 14618 14620 14622 14622 14626 14624 14628 14630 14628 14635 14632 14632 14644 14640 14636 14636 14639 14642 14644 14642 14644 14647 14648 14648 14653 14650 14654 14654 14656 14662 14660 14658 14662 14662 14664 14666 14668 14668 14670 14673 14674 14674 14678 14676 14681 14682 14682 14682 14688 14684 14686 14691 14692 14700 14691 14692 14694 14696 14698 14698 14700 14702 14704 14706 14718 14706 14708 14710 14710 14715 14712 14716 14716 14718 14722 14720 14724 14724 14726 14729 14730 14730 14732 14734 14736 14738 14736 14740 14740 14742 14750 14746 14744 14748 14750 14752 14748 14750 14752 14755 14756 14766 14756 14758 14766 14760 14760 14765 14762 14766 14766 14770 14768 14772 14772 14774 14777 14778 14778 14780 14784 14782 14788 14786 14793 14786 14791 14788 14794 14794 14794 14796 14798 14800 14800 14802 14804 14806 14806 14810 14808 14814 14810 14812 14814 14814 14819 14816 14820 14820 14823 14824 14824 14826 14828 14832 14830 14830 14832 14834 14838 14836 14838 14838 14843 14840 14844 14844 14846 14848 14850 14850 14852 14854 14856 14856 14858 14860 14860 14864 14862 14866 14866 14868 14873 14870 14874 14880 14880 14874 14874 14878 14876 14880 14880 14882 14884 14888 14886 14886 14888 14888 14892 14890 14894 14894 14899 14896 14900 14900 14904 14902 14906 14906 14908 14910 14910 14912 14915 14916 14916 14924 14918 14921 14926 14926 14922 14926 14922 14926 14924 14928 14930 14930 14928 14932 14932 14934 14937 14938 14938 14940 14948 14942 14942 14944 14946 14958 14948 14958 14948 14954 14950 14952 14956 14958 14956 14958 14963 14974 14960 14965 14966 14966 14966 14970 14968 14974 14972 14972 14974 14976 14978 14980 14980 14984 14982 14986 14986 14988 14990 14992 14992 14992 14995 14996 14996 15000 14998 15002 15002 15006 15004 15008 15012 15008 15010 15012 15014 15016 15014 15019 15020 15019 15020 15020 15024 15022 15026 15026 15031 15028 15032 15032 15036 15034 15054 15038 15038 15040 15058 15042 15044 15046 15058 15058 15046 15050 15048 15052 15052 15056 15054 15058 15058 15060 15114 15062 15064 15064 15066 15116 15068 15116 15068 15070 15073 15074 15074 15076 15082 15078 15081 15082 15082 15086 15084 15088 15088 15092 15090 15092 15094 15105 15096 15102 15100 15098 15102 15102 15106 15108 15106 15108 15110 15112 15116 15116 15116 15118 15120 15122 15122 15126 15124 15152 15126 15128 15128 15152 15131 15132 15132 15134 15136 15138 15138 15142 15140 15144 15146 15144 15148 15148 15150 15160 15162 15152 15165 15156 15155 15156 15158 15160 15162 15162 15166 15166 15170 15168 15172 15172 15176 15174 15178 15182 15182 15184 15181 15182 15182 15186 15186 15188 15190 15192 15192 15197 15194 15204 15198 15204 15198 15203 15200 15204 15204 15206 15208 15208 15213 15210 15210 15214 15214 15216 15218 15220 15220 15222 15225 15226 15226 15228 15230 15232 15234 15232 15234 15232 15234 15236 15238 15240 15240 15244 15242 15252 15246 15254 15246 15252 15248 15251 15252 15252 15256 15256 15260 15258 15262 15262 15264 15267 15268 15270 15274 15268 15274 15270 15272 15276 15276 15278 15278 15276 15278 15280 15282 15284 15284 15286 15288 15290 15292 15290 15294 15294 15296 15298 15300 15300 15304 15302 15304 15306 15308 15310 15310 15315 15312 15316 15316 15319 15320 15320 15322 15325 15326 15326 15328 15330 15332 15332 15334 15332 15334 15338 15336 15340 15340 15350 15342 15344 15346 15346 15349 15374 15350 15350 15352 15357 15359 15354 15366 15368 15359 15361 15374 15363 15364 15366 15366 15368 15372 15370 15374 15374 15378 15376 15380 15380 15384 15382 15386 15386 15388 15390 15392 15395 15392 15396 15396 15400 15398 15402 15402 15404 15407 15408 15408 15410 15412 15415 15412 15416 15416 15418 15416 15418 15421 15424 15422 15422 15424 15424 15429 15426 15430 15430 15432 15434 15434 15436 15438 15440 15440 15443 15444 15444 15446 15448 15450 15450 15458 15452 15457 15454 15458 15458 15467 15460 15462 15594 15470 15464 15469 15470 15594 15470 15470 15472 15474 15476 15476 15478 15480 15482 15482 15484 15486 15488 15488 15494 15490 15492 15496 15496 15496 15498 15500 15500 15507 15502 15502 15504 15508 15514 15508 15510 15514 15512 15518 15520 15514 15516 15520 15520 15520 15524 15522 15526 15526 15530 15528 15532 15532 15538 15534 15536 15540 15540 15540 15542 15545 15546 15556 15549 15546 15550 15550 15552 15554 15556 15556 15559 15560 15560 15562 15564 15566 15566 15568 15570 15572 15572 15576 15574 15578 15578 15582 15580 15582 15584 15591 15586 15593 15588 15594 15594 15593 15594 15603 15596 15598 15605 15600 15606 15606 15605 15606 15609 15610 15617 15610 15612 15614 15618 15618 15618 15618 15622 15620 15624 15624 15626 15628 15630 15630 15636 15632 15638 15634 15638 15638 15640 15643 15648 15644 15644 15647 15648 15648 15650 15652 15656 15654 15656 15656 15661 15658 15662 15662 15668 15664 15670 15666 15672 15670 15672 15674 15678 15680 15677 15682 15680 15682 15684 15686 15688 15688 15690 15694 15692 15696 15698 15696 15698 15702 15700 15706 15705 15705 15706 15706 15710 15708 15712 15714 15712 15716 15716 15720 15718 15722 15722 15726 15724 15728 15728 15730 15732 15736 15734 15732 15736 15736 15740 15738 15742 15744 15742 15746 15746 15750 15748 15754 15752 15752 15761 15756 15756 15763 15758 15764 15763 15764 15768 15766 15770 15774 15770 15774 15772 15776 15776 15778 15780 15780 15784 15782 15786 15786 15791 15788 15792 15792 15795 15796 15802 15796 15798 15800 15802 15804 15802 15806 15806 15808 15810 15815 15812 15812 15816 15824 15816 15820 15818 15822 15824 15822 15824 15824 15826 15829 15830 15836 15830 15836 15832 15834 15836 15836 15840 15838 15842 15842 15846 15844 15848 15848 15852 15850 15852 15852 15854 15857 15858 15858 15860 15858 15860 15867 15862 15864 15868 15868 15868 15870 15872 15874 15874 15879 15876 15880 15883 15880 15884 15884 15886 15888 15890 15892 15890 15894 15894 15898 15896 15900 15900 15902 15904 15906 15906 15912 15910 15908 15914 15914 15914 15916 15920 15922 15918 15924 15922 15924 15926 15928 15933 15930 15930 15934 15934 15936 15938 15940 15942 15940 15944 15944 15948 15950 15946 15952 15952 15952 15954 15956 15958 15958 15962 15964 15960 15964 15964 15968 15966 15970 15970 15974 15972 15978 15976 15974 15978 15978 15980 15982 15984 15984 15986 15992 15988 15994 15994 15990 15996 15994 15996 16001 15998 16002 16002 16004 16006 16008 16010 16008 16012 16012 16014 16017 16028 16018 16018 16021 16028 16022 16022 16024 16026 16028 16028 16030 16034 16032 16034 16034 16036 16038 16040 16043 16040 16044 16044 16048 16050 16052 16046 16050 16054 16052 16050 16054 16054 16058 16056 16062 16062 16061 16062 16068 16064 16066 16070 16075 16126 16072 16070 16072 16126 16076 16076 16078 16081 16084 16084 16082 16082 16084 16086 16089 16090 16090 16093 16094 16094 16098 16101 16096 16098 16102 16102 16104 16110 16106 16112 16109 16114 16110 16112 16114 16116 16119 16122 16120 16120 16124 16124 16126 16128 16131 16132 16132 16136 16134 16138 16138 16140 16143 16144 16144 16146 16148 16150 16152 16152 16152 16154 16158 16156 16160 16162 16160 16162 16198 16164 16166 16168 16170 16170 16172 16174 16174 16187 16176 16178 16180 16188 16180 16182 16184 16190 16188 16188 16188 16192 16192 16197 16194 16198 16198 16200 16202 16204 16204 16206 16208 16210 16212 16210 16214 16221 16214 16218 16216 16222 16222 16222 16224 16226 16228 16231 16228 16232 16232 16236 16234 16238 16238 16262 16240 16242 16244 16246 16246 16248 16250 16252 16254 16252 16256 16256 16258 16260 16262 16262 16264 16268 16266 16268 16268 16270 16272 16274 16274 16276 16278 16278 16282 16280 16284 16284 16288 16286 16290 16290 16294 16292 16306 16297 16298 16298 16308 16298 16300 16310 16305 16308 16302 16312 16312 16308 16312 16314 16312 16314 16316 16318 16320 16320 16322 16324 16326 16326 16326 16328 16330 16330 16332 16334 16336 16336 16338 16343 16340 16344 16346 16344 16348 16346 16350 16350 16354 16352 16356 16356 16358 16362 16364 16360 16366 16364 16366 16372 16374 16368 16372 16370 16374 16374 16376 16378 16378 16380 16382 16390 16384 16384 16390 16386 16388 16388 16390 16390 16394 16392 16396 16396 16416 16398 16402 16400 16404 16416 16404 16406 16406 16410 16408 16414 16412 16414 16414 16416 16418 16421 16422 16422 16425 16426 16431 16426 16432 16428 16434 16432 16434 16436 16439 16440 16450 16443 16440 16444 16444 16446 16449 16450 16450 16454 16452 16456 16456 16458 16460 16462 16464 16460 16464 16464 16466 16468 16468 16468 16474 16470 16476 16472 16484 16478 16476 16478 16482 16480 16484 16486 16484 16488 16488 16490 16492 16497 16494 16494 16498 16504 16498 16500 16502 16504 16504 16506 16522 16513 16510 16508 16514 16516 16516 16526 16516 16518 16520 16522 16522 16524 16526 16526 16530 16528 16532 16532 16532 16536 16534 16538 16538 16540 16542 16544 16544 16549 16546 16550 16553 16550 16554 16554 16556 16558 16560 16560 16562 16564 16566 16566 16568 16570 16574 16573 16574 16574 16576 16578 16580 16580 16582 16585 16586 16586 16590 16588 16592 16592 16598 16594 16597 16600 16604 16602 16604 16602 16600 16602 16604 16604 16608 16606 16610 16610 16614 16612 16618 16616 16628 16618 16618 16620 16625 16627 16622 16628 16627 16628 16630 16632 16634 16634 16638 16637 16638 16642 16640 16670 16644 16644 16670 16646 16648 16648 16650 16652 16657 16654 16664 16654 16658 16658 16663 16660 16664 16664 16668 16666 16670 16670 16672 16674 16676 16722 16676 16722 16680 16678 16682 16682 16684 16692 16688 16686 16694 16690 16694 16696 16694 16696 16698 16700 16702 16702 16704 16704 16702 16704 16706 16708 16710 16710 16714 16712 16716 16722 16722 16716 16718 16720 16722 16722 16725 16748 16726 16726 16728 16730 16732 16732 16736 16734 16738 16740 16738 16742 16742 16746 16744 16748 16748 16753 16750 16754 16754 16758 16756 16760 16762 16788 16760 16762 16766 16764 16768 16768 16770 16776 16772 16774 16776 16776 16783 16778 16784 16787 16780 16784 16784 16788 16788 16790 16792 16795 16796 16796 16796 16800 16798 16802 16802 16811 16804 16806 16808 16808 16812 16812 16814 16818 16816 16818 16818 16820 16820 16838 16822 16824 16826 16838 16828 16838 16828 16832 16830 16832 16834 16836 16838 16838 16842 16840 16844 16844 16848 16846 16853 16860 16850 16850 16854 16854 16856 16859 16860 16863 16860 16864 16864 16866 16870 16888 16872 16869 16890 16872 16874 16876 16878 16881 16882 16878 16884 16884 16884 16888 16886 16890 16890 16896 16893 16898 16895 16898 16900 16898 16902 16906 16900 16909 16904 16914 16904 16910 16914 16910 16912 16914 16916 16918 16916 16920 16920 16924 16922 16924 16926 16929 16926 16930 16930 16938 16932 16936 16934 16938 16943 16938 16940 16944 16950 16944 16946 16948 16950 16950 16952 16958 16956 16954 16960 16964 16960 16963 16960 16972 16964 16964 16966 16969 16970 16970 16974 16974 16978 16976 16980 16980 16984 16982 16984 16986 16988 16988 16990 16990 16994 16992 16996 16996 17000 16998 17005 17002 17002 17006 17006 17014 17010 17008 17012 17016 17012 17030 17018 17020 17016 17020 17020 17022 17024 17032 17026 17026 17030 17028 17032 17032 17034 17038 17036 17038 17040 17040 17040 17042 17044 17046 17046 17050 17048 17054 17052 17052 17054 17056 17059 17060 17060 17068 17062 17064 17066 17068 17074 17068 17070 17076 17072 17080 17126 17076 17080 17078 17126 17082 17087 17126 17082 17085 17088 17088 17092 17088 17092 17090 17092 17095 17096 17096 17098 17100 17102 17104 17102 17106 17106 17111 17108 17114 17112 17112 17114 17116 17118 17118 17122 17120 17124 17124 17126 17134 17128 17130 17136 17134 17132 17136 17136 17138 17140 17142 17144 17146 17142 17146 17146 17148 17155 17151 17152 17157 17152 17158 17157 17158 17160 17162 17164 17164 17169 17166 17170 17172 17172 17172 17176 17174 17178 17178 17182 17180 17186 17184 17186 17184 17186 17188 17190 17192 17214 17214 17192 17195 17196 17196 17201 17211 17198 17202 17202 17204 17214 17206 17212 17214 17209 17216 17212 17214 17216 17222 17220 17218 17224 17227 17224 17224 17228 17228 17232 17230 17234 17234 17238 17236 17240 17243 17244 17240 17244 17244 17246 17249 17250 17250 17252 17254 17256 17298 17298 17256 17258 17261 17262 17262 17265 17266 17266 17270 17272 17268 17272 17270 17272 17274 17276 17280 17279 17280 17280 17282 17284 17286 17286 17288 17290 17290 17292 17296 17294 17298 17300 17298 17300 17302 17307 17304 17308 17310 17308 17314 17310 17320 17312 17316 17326 17318 17316 17320 17318 17320 17322 17326 17324 17328 17328 17330 17328 17332 17332 17336 17334 17338 17341 17338 17342 17342 17349 17346 17344 17350 17352 17350 17350 17352 17354 17356 17358 17358 17368 17360 17362 17366 17365 17368 17368 17368 17370 17374 17372 17376 17376 17378 17387 17380 17383 17384 17384 17388 17388 17390 17392 17394 17394 17396 17402 17398 17400 17402 17402 17424 17420 17413 17404 17422 17406 17408 17424 17414 17410 17416 17426 17416 17422 17418 17424 17422 17424 17426 17428 17435 17430 17436 17440 17432 17432 17438 17440 17438 17440 17443 17454 17444 17444 17454 17446 17451 17452 17448 17454 17452 17454 17502 17584 17456 17460 17458 17462 17462 17464 17467 17472 17469 17471 17472 17474 17472 17474 17479 17476 17480 17480 17482 17484 17486 17486 17491 17488 17492 17492 17500 17494 17498 17496 17502 17500 17500 17504 17504 17506 17508 17510 17518 17510 17514 17512 17520 17516 17518 17518 17520 17520 17522 17524 17526 17526 17532 17529 17530 17530 17532 17534 17536 17536 17540 17538 17542 17545 17542 17546 17546 17548 17550 17552 17584 17552 17554 17584 17556 17556 17558 17560 17562 17562 17567 17564 17568 17568 17570 17572 17574 17574 17578 17576 17580 17580 17582 17584 17584 17586 17590 17589 17594 17592 17594 17594 17594 17596 17600 17607 17598 17602 17602 17604 17608 17616 17608 17613 17611 17616 17618 17614 17618 17614 17616 17618 17618 17624 17623 2 4 17625
4 8 6 8 12 11 12 14 17 18 18 21 24 22 24 24 26 29 34 33 4 3 35
3952 2 2 4 7 8 8 11 12 12 17 14 18 18 21 22 22 25 26 26 31 28 32 35 32 36 36 41 38 42 45 45 47 48 51 53 51 51 55 57 57 60 59 63 63 65 66 69 69 71 73 71 75 77 77 79 80 83 83 85 87 87 90 89 93 93 95 97 99 99 101 102 105 105 107 109 109 111 112 115 115 117 119 121 121 123 125 127 127 129 121 131 133 135 135 137 139 141 141 143 145 147 147 150 149 153 154 153 157 157 160 159 163 163 165 167 167 170 169 173 173 176 175 179 179 181 182 185 179 187 187 191 189 193 193 195 196 199 199 201 203 203 205 206 209 203 211 211 213 214 217 217 219 220 223 223 225 227 229 229 231 233 235 235 238 237 235 241 243 243 246 245 249 251 249 253 253 256 255 259 259 261 263 264 263 267 267 268 271 271 273 274 277 277 280 279 283 284 283 287 287 290 289 293 293 297 295 299 293 301 303 303 305 307 309 310 309 313 315 313 317 317 319 321 323 317 301 325 327 327 329 330 333 335 333 337 337 339 340 343 343 345 346 349 349 351 353 355 357 355 359 359 362 361 365 365 368 367 365 371 373 373 376 375 379 379 382 381 385 385 387 388 391 227 391 392 145 223 395 395 397 399 401 401 403 405 407 407 401 409 411 413 414 416 414 416 421 419 422 424 424 429 426 430 432 430 434 434 436 438 440 440 444 442 446 446 448 450 450 452 454 454 458 456 460 460 462 460 464 466 468 466 470 470 475 472 476 476 478 476 481 482 484 482 486 486 488 490 492 492 497 494 492 498 500 500 502 504 506 508 506 510 510 514 512 516 516 521 518 516 522 524 524 526 529 530 532 530 534 534 536 538 540 540 544 542 546 546 551 548 546 552 554 554 558 556 560 562 560 564 564 566 569 570 572 570 572 577 578 575 580 582 582 584 587 588 588 590 592 592 597 594 598 598 600 603 604 598 606 606 608 611 612 612 617 614 618 621 618 622 622 627 624 628 628 633 630 634 634 637 639 634 641 642 133 413 645 647 647 649 651 653 655 653 657 657 659 661 663 663 667 665 669 669 663 672 671 675 675 677 678 681 681 683 685 687 687 689 689 692 691 695 695 698 697 701 701 703 705 707 707 711 709 707 713 715 715 718 717 721 721 723 725 727 729 727 731 731 733 734 737 737 741 739 739 743 745 747 747 749 751 749 753 754 757 757 759 760 763 765 763 767 767 769 771 773 773 775 777 777 779 781 783 783 784 787 787 789 790 793 793 797 795 799 799 801 803 805 745 803 806 805 809 809 812 811 811 816 815 819 819 823 821 825 827 825 829 829 831 833 835 835 839 837 841 841 845 843 841 847 849 849 851 852 855 855 857 859 861 861 863 864 867 867 869 871 871 875 873 877 877 880 879 883 885 883 887 887 889 890 889 894 893 897 897 899 900 903 904 903 907 907 911 909 913 913 915 917 919 917 922 919 925 921 927 927 929 930 929 935 933 937 937 939 940 943 943 947 945 949 950 952 950 950 956 958 958 960 962 964 964 966 968 952 954 973 974 976 974 978 970 978 984 980 970 986 988 982 990 990 992 994 996 949 999 999 1000 1003 1003 1005 1006 1009 1009 1011 1012 1015 1017 1015 1019 1021 1021 1023 1025 1027 1028 1028 1031 1032 1035 1032 1036 1032 1036 1041 1043 1038 1044 1044 1049 1046 1050 1044 1052 1052 1054 1057 1058 1058 1063 1060 1064 1066 1064 1068 1068 1070 1073 1074 1076 1074 1027 1078 1081 1081 1083 1085 1081 1087 1087 1091 1089 1093 1093 1095 1097 1099 1099 1101 1103 1103 1105 1106 1109 1109 1111 1113 1115 1115 1117 1118 1121 1121 1124 1123 1127 1127 1129 1130 1133 1134 1133 1133 1137 1137 1141 1139 1143 1145 1143 1149 1145 1151 1147 1153 1153 1156 1155 1159 1161 1159 1163 1163 1167 1165 1169 1169 1171 1172 1175 1177 1177 1179 1181 1183 1183 1184 1187 1187 1189 1191 1193 1193 1195 1197 1199 1193 1201 1201 1203 1205 1207 1207 1209 1211 1211 1215 1213 1217 1217 1219 1220 1223 1224 1223 1227 1227 1229 1230 1233 1235 1233 1237 1237 1240 1239 1243 1245 1223 1243 1224 1247 1247 1251 1249 1253 1253 1257 1255 1259 1259 1262 1261 1265 1265 1267 1269 1269 1271 1272 1275 1175 1277 1277 1281 1279 1283 1283 1286 1285 1289 1289 1290 1293 1295 1293 1295 1298 1297 1300 1303 1303 1305 1306 1309 1311 1309 1313 1313 1317 1315 1319 1319 1321 1323 1325 1323 1329 1325 1331 1327 1333 1333 1335 1337 1337 1339 1341 1341 1345 1343 1347 1347 1349 1351 1351 1353 1355 1355 1359 1357 1361 1361 1363 1365 1367 1367 1370 1369 1373 1375 1373 1377 1377 1381 1379 1383 1383 1387 1385 1389 1391 1389 1393 1393 1396 1395 1396 1399 1400 1403 1405 1403 1407 1407 1409 1410 1413 1413 1415 1416 1419 1419 1420 1423 1423 1425 1426 1429 1429 1431 1433 1433 1435 1436 1391 1431 1439 1439 1441 1443 1443 1445 1446 1449 1449 1451 1453 1453 1455 1457 1459 1461 1461 1465 1463 1459 1467 1469 1469 1471 1473 1475 1477 1475 1480 1477 1483 1479 1485 1487 1485 1489 1489 1491 1492 1495 1495 1497 1498 1501 1502 1501 1505 1507 1507 1510 1509 1513 1505 1515 1515 1519 1517 1521 1521 1523 1524 1527 1529 1527 1531 1531 1535 1533 1537 1537 1539 1541 1541 1545 1543 1547 1549 1547 1553 1549 1551 1555 1557 1559 1557 1561 1561 1563 1561 1565 1567 1567 1570 1569 1573 1574 1573 1577 1577 1579 1580 1583 1583 1585 1587 1589 1589 1591 1592 1595 1597 1595 1599 1599 1569 1602 1601 1570 1605 1607 1605 1609 1611 1609 1613 1613 1615 1617 1615 1619 1621 1621 1624 1623 1627 1629 1627 1630 1605 1629 1633 1633 1635 1637 1637 1640 1639 1643 1643 1645 1647 1649 1649 1651 1653 1655 1657 1655 1659 1659 1660 1663 1659 1665 1665 1667 1669 1671 1671 1674 1673 1677 1677 1679 1680 1683 1683 1685 1687 1689 1689 1691 1692 1695 1695 1697 1699 1701 1701 1703 1701 1705 1707 1709 1707 1713 1709 1710 1715 1717 1717 1719 1721 1721 1722 1725 1715 1726 1728 1726 1730 1733 1721 1734 1710 1715 1737 1737 1739 1741 1741 1743 1745 1747 1747 1750 1749 1753 1753 1707 1754 1757 1757 1761 1759 1763 1765 1763 1767 1767 1769 1770 1773 1659 1701 1707 1775 1777 1778 1777 1730 1781 1778 1783 1715 1785 1785 1789 1787 1791 1793 1793 1795 1707 1797 1797 1801 1799 1803 1805 1805 1809 1807 1791 1811 1791 1811 1815 1813 1817 1817 1821 1819 1823 1707 1823 1825 1715 1827 1829 1829 1830 1833 1833 1835 1837 1775 1839 1775 1707 1841 1843 1843 1847 1845 1849 1849 1851 1852 1855 1855 1857 1803 1859 1859 1863 1861 1865 1867 1865 1869 1867 1871 1871 1875 1873 1877 1879 1879 1881 1883 1885 1885 1887 1888 1891 1891 1893 1894 1897 1897 1899 1901 1901 1904 1903 1907 1907 1911 1909 1913 1877 1333 1913 1333 1877 1915 1917 1917 1919 1921 1923 1925 1925 1927 1923 1929 1929 1931 1932 1935 1935 1938 1937 1941 1941 1943 1945 1945 1947 1949 1951 1951 1954 1953 1957 1958 1957 1961 1961 1965 1963 1967 1967 1969 1971 1967 1973 1975 1975 1977 1978 1981 1981 1985 1983 1987 1987 1990 1989 1993 1994 1993 1997 1997 2000 1999 2003 2003 2006 2005 2005 2008 2011 2011 2013 2015 2017 1987 2019 2019 2021 2023 2025 2019 2027 2027 2030 2029 2033 2033 2035 2036 2039 2039 2040 2042 2044 2039 2047 2047 2050 2049 2025 2053 2025 2019 2053 2055 2057 2057 2059 2061 2063 2063 2065 2066 2069 2063 2071 2071 2073 2075 2077 2077 2081 2079 2083 2083 2086 2085 2089 2091 2091 2089 2093 2095 2095 2098 2097 2101 2103 2101 2105 2105 2107 2109 2111 2111 2113 2115 2117 2117 2120 2119 2123 2117 2125 2125 2127 2128 2131 2133 2131 2135 2135 2137 2139 2141 2141 2143 2144 2141 2147 2149 2149 2152 2151 2155 2155 2157 2158 2161 2161 2163 2164 2167 2167 2125 2171 2169 2173 2128 2175 2177 2177 2181 2177 2175 1295 2183 1325 2179 1325 1295 2183 2187 2185 2189 2189 2191 2192 2195 2195 2198 2197 2195 2201 2203 2203 2205 2207 2209 2210 2209 2213 2213 2216 2215 2219 2219 2221 2222 2225 2227 2225 2225 2229 2231 2231 2233 2235 2237 2239 2237 2241 2241 2243 2245 2247 2247 2249 2250 2253 2253 2255 2257 2259 2259 2260 2259 2263 2265 2267 2265 2271 2267 2272 2269 2275 2275 2279 2276 2275 2281 2283 2283 2286 2284 2283 2288 2291 2291 2293 2294 2297 2299 2299 2303 2301 2305 2297 2307 2305 2307 2311 2313 2308 2315 2316 2315 2319 2320 2319 2323 2325 2327 2259 2329 2331 2329 2333 2331 2335 2335 2338 2337 2341 2341 2343 2345 2345 2347 2348 2351 2351 2352 2355 2355 2359 2357 2361 2361 2365 2363 2367 2367 2369 2367 2371 2373 2373 2375 2376 2379 2379 2383 2381 2385 2387 2385 2389 2389 2393 2391 2395 2395 2397 2398 2401 2401 2404 2403 2407 2407 2411 2409 2413 2413 2414 2413 2417 2419 2419 2422 2421 2425 2427 2425 2429 2429 2431 2433 2435 2437 2437 2435 2439 2441 2441 2443 2445 2447 2447 2427 2425 2449 2451 2453 2453 2456 2455 2459 2461 2463 2461 2459 2465 2465 2468 2467 2471 2473 2471 2475 2451 2477 2477 2480 2479 2483 2483 2484 2487 2489 2487 2489 2492 2491 2495 2497 2499 2500 2500 2504 2502 2506 2506 2508 2510 2510 2512 2515 2516 2518 2499 2516 2497 2521 2521 2525 2523 2527 2527 2531 2529 2533 2535 2535 2539 2536 2539 2542 2542 2544 2546 2539 2541 2550 2553 2555 2553 2553 2557 2559 2559 2563 2561 2565 2565 2568 2567 2565 2571 2573 2573 2575 2577 2579 2579 2582 2581 2585 2585 2587 2589 2591 2591 2593 2595 2591 2597 2597 2599 2601 2603 2603 2605 2606 2603 2609 2611 2546 2548 2615 2616 2616 2618 2620 2622 2624 2624 2627 2628 2630 2628 2624 2632 2634 2622 2624 2636 2636 2638 2641 2642 2642 2644 2646 2642 2648 2650 2535 2652 2652 2654 2656 2656 2658 2661 2662 2662 2664 2666 2666 2668 2670 2670 2675 2672 2676 2678 2676 2680 2680 2684 2682 2686 2686 2688 2690 2690 2692 2695 2696 2696 2700 2698 2702 2702 2707 2704 2702 2708 2710 2710 2714 2712 2716 2716 2720 2718 2722 2724 2722 2726 2726 2728 2730 2732 2732 2734 2736 2611 2741 2613 2743 2743 2745 2746 2749 2749 2753 2751 2755 2756 2755 2759 2736 2762 2738 2764 2764 2766 2768 2768 2770 2772 2774 2776 2774 2778 2778 2780 2782 2782 2784 2787 2788 2791 2788 2792 2792 2796 2794 2798 2800 2800 2803 2798 2804 2806 2806 2808 2811 2812 2815 2812 2816 2816 2818 2820 2822 2822 2826 2824 2828 2828 2830 2832 2834 2755 2761 2836 2839 2840 2761 2842 2839 2845 2845 2847 2849 2851 2853 2851 2855 2855 2857 2858 2861 2863 2865 2865 2866 2863 2869 2869 2872 2871 2875 2877 2875 2879 2879 2882 2881 2885 2885 2888 2887 2891 2893 2895 2893 2891 2897 2897 2900 2899 2903 2903 2905 2907 2861 2861 2907 2911 2909 2913 2913 2915 2916 2919 2921 2921 2923 2891 2919 2893 2925 2925 2927 2929 2931 2933 2931 2935 2935 2937 2939 2941 2941 2943 2944 2947 2533 2949 2949 2951 2952 2955 2955 2957 2959 2961 2961 2963 2965 2965 2967 2968 2971 2971 2973 2974 2977 2971 2979 2979 2982 2981 2985 2985 2987 2989 2991 2991 2995 2993 2997 2998 3001 2997 2998 3003 3003 3005 3007 3005 3009 3011 2759 3013 2997 3015 3017 2997 3015 3019 3019 3023 3021 3025 3027 3025 3029 3029 3031 3032 3035 3035 3037 3038 3037 3041 3041 3043 3045 3047 3047 3051 3049 3053 3055 3055 3057 3053 3059 3059 3061 3063 3065 3065 3067 3069 3065 3071 3073 3073 3077 3075 3079 3079 3083 3081 3085 3085 3087 3088 3091 3091 3093 3095 3097 3099 3097 3101 3099 3103 3103 3107 3105 3109 3111 3109 3113 3113 3115 3116 2533 3119 3121 3121 3123 3125 3125 3129 3127 3131 3133 3131 3135 3135 3137 3139 3141 3141 3145 3143 3147 3147 3149 3151 3153 3155 3155 3157 3153 3159 3159 3163 3161 3165 3131 3167 3165 3169 3169 3172 3171 3175 3175 3177 3179 3181 3181 3183 3184 3187 3189 3187 3191 3191 3193 3194 3197 3197 3199 3201 3201 3203 3204 3207 3207 3209 3210 3213 3215 3213 3217 3217 3221 3219 3223 3223 3227 3225 3229 3230 3230 3233 3234 3234 3238 3236 3240 3242 3240 3244 3244 3246 3248 3250 3252 3254 3252 3256 3256 3258 3260 3262 3264 3262 3266 3266 3270 3268 3272 3272 3274 3276 3278 3278 3282 3280 3284 3287 3284 3288 3288 3290 3293 3294 3294 3296 3298 3298 3300 3302 3304 3304 3306 3308 3308 3310 3313 3314 3317 3314 3318 3320 3318 3322 3320 3324 3324 3329 3326 3330 3330 3335 3332 3336 3336 3340 3338 3342 3342 3345 3346 3348 3346 3350 3350 3352 3354 3356 3356 3358 3360 3360 3362 3364 3366 3366 3368 3371 3372 3375 3372 3376 3376 3380 3378 3382 3384 3382 3386 3386 3388 3390 3392 3392 3394 3396 3398 3400 3398 3402 3402 3406 3404 3408 3408 3412 3410 3414 3414 3416 3418 3418 3420 3422 3424 3424 3428 3426 3430 3432 3430 3434 3434 3439 3436 3440 3440 3442 3444 3444 3448 3446 3450 3450 3454 3452 3456 3458 3456 3460 3460 3464 3462 3466 3468 3470 3468 3466 3472 3472 3476 3474 3478 3478 3482 3480 3484 3487 3484 3488 3488 3493 3490 3494 3494 3498 3496 3500 3502 3500 3504 3504 3508 3506 3510 3512 3510 3514 3514 3518 3516 3520 3522 3520 3524 3524 3528 3526 3530 3530 3532 3534 3536 3536 3538 3540 3540 3542 3544 3546 3546 3550 3548 3552 3554 3552 3556 3556 3560 3558 3562 3562 3564 3566 3568 3568 3571 3572 3572 3574 3577 3578 3578 3582 3580 3584 3586 3584 3588 3588 3592 3590 3594 3594 3596 3598 3600 3602 3600 3604 3604 3606 3608 3610 3610 3614 3612 3616 3616 3618 3620 3620 3624 3622 3626 3629 3626 3630 3630 3634 3632 3636 3636 3638 3640 3640 3644 3642 3646 3646 3650 3648 3652 3655 3652 3656 3656 3660 3658 3662 3662 3666 3664 3662 3668 3670 3670 3672 3674 3676 3676 3678 3680 3682 3676 3684 3686 3684 3688 3688 3692 3690 3694 3696 3694 3698 3698 3700 3702 3704 3706 3706 3708 3710 3712 3712 3714 3716 3716 3718 3720 3722 3724 3722 3726 3726 3728 3730 3732 3734 3732 3736 3736 3738 3740 3742 3744 3742 3746 3748 3746 3750 3750 3754 3752 3756 3758 3756 3760 3760 3762 3764 3766 3768 3766 3770 3770 3772 3774 3776 3778 3776 3780 3782 3780 3784 3770 3786 3786 3790 3788 3792 3792 3796 3794 3798 3798 3802 3800 3804 3804 3806 3808 3810 3812 3814 3812 3816 3816 3818 3820 3822 3822 3826 3824 3828 3828 3832 3830 3834 3834 3838 3836 3840 3840 3842 3844 3846 3848 3848 3850 3852 3854 3854 3856 3858 3858 3860 3862 3864 3866 3864 3868 3868 3872 3870 3874 3874 3878 3876 3880 3882 3880 3884 3884 3888 3886 3890 3890 3892 3894 3894 3896 3898 3900 3900 3902 3904 3904 3906 3908 3910 3910 3912 3914 3916 3916 3918 3920 3922 3922 3926 3924 3928 3928 3930 3932 3934 3936 3934 3938 3938 3940 3942 3944 3951 3846 3946 3810 3564 3229 3920 3250 3704 3944 3953
4 6 8 10 10 12 15 16 16 18 34 34 20 22 34 34 24 26 34 34 28 30 34 34 32 34 156 37 38 50 48 46 40 38 40 46 43 46 45 46 48 52 50 52 60 138 55 56 63 56 60 58 60 64 68 64 70 148 66 86 140 106 72 70 74 77 86 72 81 78 88 78 82 82 84 86 86 92 88 94 91 98 94 98 96 100 116 100 102 104 106 106 111 108 114 116 126 118 148 112 142 118 126 116 118 122 120 124 124 126 130 128 132 132 136 134 138 138 140 142 144 146 154 146 148 148 154 150 156 158 152 154 154 156 160 160 162 164 166 166 169 170 170 174 172 176 176 180 178 182 182 186 184 192 186 188 190 192 192 194 196 198 198 200 202 204 204 210 206 212 208 214 212 214 216 219 220 220 222 225 226 226 242 228 242 230 242 232 242 234 242 236 238 242 242 240 242 248 246 250 245 246 248 250 255 252 256 256 260 258 262 262 266 264 268 268 272 270 274 274 276 278 283 280 280 284 284 286 291 293 294 291 288 298 293 294 296 298 338 300 338 300 304 302 330 308 330 308 306 316 320 310 310 314 312 320 316 316 318 322 324 322 324 328 326 335 330 330 336 332 338 336 338 340 342 346 344 350 346 344 346 352 348 354 352 354 358 356 360 360 364 362 366 366 370 368 372 374 372 374 374 382 376 380 378 382 382 384 386 388 388 392 390 394 394 398 396 398 400 402 402 404 406 408 408 410 412 412 414 416 418 418 420 422 422 426 424 428 428 430 432 434 434 436 439 440 440 442 444 446 446 448 450 450 454 452 456 456 458 460 466 466 465 2 4 467
1498 3 1498 5 5 7 9 11 11 13 15 17 18 17 21 21 25 23 27 27 29 31 33 33 35 37 39 39 41 43 45 47 45 49 50 53 55 47 57 53 60 57 59 63 65 67 45 65 71 67 69 73 75 77 69 75 81 83 77 45 79 85 87 85 91 87 89 93 95 91 93 99 101 97 103 101 95 107 109 109 113 105 111 115 115 119 117 121 117 121 124 127 127 127 130 133 123 129 135 137 137 135 142 142 144 139 141 146 146 149 150 153 153 153 155 159 161 161 163 157 165 161 167 169 169 172 171 175 175 169 177 181 178 183 185 183 186 185 189 191 191 193 194 197 199 201 199 199 203 205 197 207 199 205 207 211 208 213 215 217 215 217 219 222 220 225 225 225 229 230 233 233 236 235 227 239 241 227 241 243 227 245 247 247 251 249 253 253 255 253 257 253 259 261 263 261 265 265 267 269 271 269 271 275 273 277 279 279 283 284 283 286 283 281 281 283 263 289 253 291 291 294 293 297 299 301 299 299 302 297 299 304 307 307 309 311 313 313 316 318 315 321 323 316 321 325 316 327 329 331 253 291 329 327 333 335 329 335 337 338 341 341 345 343 347 349 350 349 352 349 355 355 359 357 361 361 362 365 365 367 369 371 371 373 375 375 377 379 381 383 381 385 385 389 387 391 352 391 393 349 394 397 398 397 398 401 403 403 405 407 403 403 409 411 412 412 417 414 418 418 423 420 424 424 427 424 429 430 430 432 435 436 436 439 440 436 442 442 447 444 448 448 451 452 452 457 454 458 458 460 462 464 462 347 464 469 349 466 403 471 411 473 471 475 471 477 479 479 482 481 485 477 485 487 489 489 493 491 495 496 495 495 499 495 501 503 503 507 505 253 291 509 509 511 253 513 509 515 515 517 519 521 521 523 525 521 527 529 529 533 531 535 531 537 537 527 541 521 539 543 543 547 545 549 549 521 551 553 549 555 557 555 561 557 559 563 563 565 563 567 569 571 571 575 573 577 579 577 577 563 581 569 583 583 585 587 589 589 590 589 593 595 597 597 599 601 603 603 605 607 603 589 609 595 603 611 611 613 615 617 618 617 617 621 623 624 624 626 628 628 623 632 630 617 635 635 637 639 641 641 643 645 641 647 647 651 649 653 655 653 657 659 661 655 663 663 667 665 665 669 670 673 675 673 677 673 679 681 681 685 683 687 689 687 679 691 687 693 693 695 697 699 699 703 701 705 707 705 709 709 711 713 715 715 719 717 721 721 725 723 727 723 729 729 729 733 731 735 735 739 739 741 743 745 747 745 750 749 753 750 739 755 747 743 739 757 759 737 761 761 765 763 759 767 769 767 769 773 771 775 777 777 781 779 783 783 787 785 789 785 791 791 793 791 795 791 797 799 801 801 803 805 791 801 799 807 809 791 799 807 807 811 813 813 817 815 819 819 821 823 825 827 829 827 831 825 833 835 833 837 837 839 833 833 823 841 843 845 847 845 845 849 851 853 851 855 823 857 855 859 861 859 863 863 866 865 869 871 869 873 859 875 875 877 879 875 881 883 881 885 887 883 883 889 891 893 891 895 895 897 821 899 895 819 901 903 903 905 905 907 909 911 913 911 911 915 917 919 917 921 917 923 925 923 923 909 927 929 931 933 931 929 936 935 939 939 939 941 942 931 945 947 949 947 951 947 945 953 954 957 959 961 959 957 947 957 947 964 963 964 967 968 971 971 974 973 977 977 981 979 983 981 987 983 985 991 985 989 989 993 985 971 939 995 997 997 999 997 1001 1003 995 1005 995 1003 1007 1009 1011 1013 1011 1011 1015 1017 1017 1021 1019 1023 1021 1027 1023 1029 1030 1025 1033 1029 1025 1030 1035 1037 1039 1037 1039 1041 1044 1043 1047 1047 1049 1035 1025 1029 1029 1051 1053 1053 1055 1053 1057 1059 1061 1009 1053 1063 1061 1059 1011 1065 1053 1067 1069 1071 1069 1069 1073 1075 1067 1077 1069 1077 1079 1080 1083 1085 1087 1085 1089 1091 1085 1093 1095 1083 1093 1097 1095 1100 1095 1103 1105 1105 1107 1105 1109 1111 1113 1115 1115 1117 1113 1120 1115 1122 1119 1122 1125 1126 1083 1129 1131 1098 1133 1089 1135 1137 1135 1137 1139 1137 1142 1141 1069 1137 1145 1147 1147 1149 1150 1153 1153 1157 1155 1159 1159 1162 1161 1165 1165 1167 1169 1171 1173 1175 1159 1169 1179 1181 1173 1177 997 1171 1183 1179 1177 1186 1185 1189 1189 1192 1191 1195 1195 1199 1197 1201 1195 1203 1205 1205 1207 1203 1208 1211 1211 1214 1213 1217 1219 1221 1221 1224 1219 1223 1227 1227 1231 1233 1229 1235 1233 1235 1239 1231 1237 1241 1243 1245 1245 1243 1248 1247 1251 1251 1255 1253 1251 1257 1259 1261 1261 1263 1259 1265 1267 1269 1267 1267 1271 1273 1275 1275 1277 1275 1279 1273 1281 1257 1283 1267 1285 1285 1287 1289 1291 1291 1293 1295 1297 1295 1297 1300 1299 1302 1302 1306 1306 1305 1308 1311 1305 1313 1311 1315 1315 1318 1317 1321 1321 1322 1321 1325 1327 1329 1327 1332 1329 1331 1334 1337 1339 1337 1334 1342 1337 1344 1341 1344 1346 1337 1348 1351 1351 1352 1351 1354 1357 1359 1359 1362 1357 1351 1361 1365 1361 1367 1367 1368 1370 1373 1370 1375 1367 1373 1377 1377 1379 1380 1383 1383 1385 1387 1387 1367 1383 1389 1337 1383 1391 1393 1395 1397 1395 1399 1401 1401 1404 1403 1397 1401 1393 1407 1407 1407 1410 1217 1413 1410 1415 1211 1409 1417 1417 1419 1420 1423 1424 1423 1427 1429 1431 1433 1431 1435 1431 1437 1437 1423 1431 1427 1429 1439 1417 1439 1423 1441 1423 1443 1423 1445 1447 1449 1449 1451 1451 1454 1451 1456 1447 1459 1451 1453 1423 1459 1461 1463 1453 1465 1466 1466 1469 1465 1471 1473 1473 1475 1471 1477 1477 1479 1480 1465 1423 1483 1485 1485 1483 1487 1489 1489 1497 1423 1493 1491 1499
6 6 10 8 12 12 16 14 18 18 22 20 24 24 26 28 30 30 32 34 36 36 38 40 42 42 44 46 48 48 50 53 54 54 56 58 64 64 63 2 4 65

80 2 2 4 6 8 8 12 11 14 14 18 17 20 20 24 23 26 26 29 30 32 32 34 36 38 38 41 42 44 44 47 48 50 50 53 54 56 56 60 58 62 62 65 66 68 68 71 72 79 74 81
5 7 11 9 13 13 17 15 19 19 21 22 25 25 27 29 31 31 33 35 37 37 41 39 43 43 45 47 49 49 53 51 55 55 57 59 61 61 65 63 67 67 71 69 73 73 75 77 79 79 83 81 85 85 87 89 91 91 93 95 97 97 99 101 103 103 105 107 109 109 111 113 115 115 117 119 121 121 125 123 127 127 129 131 133 133 137 135 139 139 143 141 145 145 147 149 151 151 155 153 157 157 159 161 163 163 167 165 169 169 171 173 175 175 177 179 181 181 185 183 187 187 189 191 193 193 197 195 199 199 201 203 205 205 209 207 211 211 213 215 217 217 219 221 223 223 225 227 229 229 231 232 235 235 237 239 239 243 241 245 245 249 247 251 251 255 253 257 257 259 261 263 263 265 267 269 269 273 271 275 275 279 277 281 281 285 283 287 287 289 291 293 293 295 297 299 299 301 303 305 305 315 307 310 309 313 313 315 319 317 321 321 323 324 327 327 329 331 333 333 337 335 339 339 343 341 345 345 347 349 351 351 355 353 357 357 359 361 363 363 366 365 369 369 372 371 375 375 378 377 381 381 383 385 387 387 391 389 393 393 395 397 399 399 402 401 405 405 407 409 411 411 413 417 419 414 421 419 421 423 424 427 427 430 429 433 433 437 435 439 439 442 441 445 445 447 449 451 451 453 455 457 457 460 459 463 463 465 465 469 467 471 471 473 475 477 477 479 481 483 483 486 485 489 489 491 492 495 495 498 497 501 501 503 505 507 507 509 510 513 513 516 515 519 519 522 521 525 525 527 528 531 531 533 537 539 534 541 539 541 543 544 547 547 550 549 553 553 555 556 559 559 563 561 565 565 568 567 571 571 575 573 577 577 579 581 583 583 585 587 589 589 592 591 595 595 597 599 601 601 603 605 607 607 610 609 613 613 615 617 619 619 621 622 625 625 627 629 631 631 633 875 637 635 639 639 643 641 645 645 647 649 651 651 653 655 657 657 660 659 663 663 667 665 669 669 673 671 675 675 677 679 681 681 685 683 685 687 689 691 691 693 695 697 697 701 699 703 703 707 705 709 709 711 713 715 715 717 719 721 721 725 723 727 727 729 731 733 733 735 737 739 739 743 741 743 745 747 749 749 751 753 755 755 758 757 761 761 765 763 767 767 771 769 773 773 775 777 779 779 783 781 785 785 789 787 791 791 793 795 797 797 799 801 803 803 807 805 809 809 811 813 815 815 817 819 821 821 823 825 827 827 831 829 833 833 835 837 839 839 842 841 845 845 847 848 851 851 853 854 857 857 860 859 863 863 867 865 869 869 872 871 875 875 879 877 881 881 885 883 887 887 891 889 893 893 896 895 899 899 902 901 905 905 907 909 911 911 915 913 917 917 921 919 923 923 925 927 929 929 931 933 935 935 939 937 941 941 945 943 947 947 949 951 953 953 955 956 959 959 961 963 965 965 967 971 969 973 973 977 975 979 979 981 983 985 985 989 987 989 992 991 995 995 999 997 1001 1001 1003 1004 1007 1007 1009 1011 1013 1013 1015 1016 1019 1019 1021 1022 1025 1025 1027 1029 1031 1031 1033 1035 1037 1037 1041 1039 1043 1043 1045 1046 1049 1049 1051 1052 1055 1055 1057 1058 1061 1061 1063 1064 1067 1067 1069 1070 1073 1073 1075 1076 1079 1079 1081 1082 1085 1085 1087 1088 1091 1091 1093 1094 1097 1097 1099 1100 1103 1103 1108 1107 1105 1111 1111 1111 1114 1113 1117 1117 1119 1120 1123 1123 1126 1125 1129 1129 1132 1131 1135 1135 1138 1137 1141 1141 1143 1144 1147 1147 1149 1151 1153 1153 1156 1155 1159 1159 1161 1162 1165 1165 1168 1167 1171 1171 1174 1173 1177 1177 1179 1180 1183 1183 1186 1185 1189 1189 1192 1191 1195 1195 1198 1197 1201 1201 1204 1203 1207 1207 1211 1209 1213 1213 1216 1215 1219 1219 1222 1221 1225 1225 1228 1227 1231 1231 1234 1233 1237 1237 1239 1240 1243 1243 1246 1245 1249 1249 1251 1252 1255 1255 1259 1256 1259 1261 1262 1265 1265 1268 1267 1271 1271 1274 1273 1277 1277 1282 1281 3 1283

5 7 9 9 13 11 15 15 19 17 21 21 23 25 27 27 29 31 33 33 35 37 39 39 43 41 45 45 47 49 51 51 53 55 57 57 61 59 61 63 65 67 67 71 69 73 73 75 77 79 79 81 83 85 85 89 87 91 91 93 95 97 97 99 101 103 103 105 107 109 109 111 113 115 115 119 117 121 121 123 125 127 127 131 129 133 133 135 137 139 139 143 141 145 145 149 147 151 151 155 153 157 157 161 159 163 163 165 167 169 169 173 171 175 175 179 177 181 181 185 183 187 187 189 191 193 193 197 195 199 199 201 203 205 205 209 207 211 211 215 213 217 217 221 219 223 223 227 225 229 229 233 231 235 235 239 237 241 241 245 243 247 247 249 251 251 253 255 257 257 261 259 263 263 267 265 269 269 271 273 274 276 279 279 281 282 285 285 287 288 291 291 294 293 297 297 300 299 303 303 305 306 309 309 311 312 315 315 318 317 321 321 324 323 327 327 329 330 333 333 336 335 339 339 342 341 345 345 348 347 351 351 353 354 357 357 360 359 363 363 366 365 369 369 373 371 375 375 378 377 381 381 383 384 387 387 390 389 393 393 397 395 399 399 401 402 405 405 408 407 411 411 413 415 415 418 417 421 421 424 423 427 427 430 429 433 433 436 435 439 439 441 444 446 443 449 446 449 452 451 455 455 457 459 461 461 463 464 467 467 469 470 473 473 476 475 479 479 481 482 485 485 488 487 491 491 493 494 497 497 499 501 501 503 504 507 507 509 510 513 513 516 515 519 519 522 521 525 525 530 527 529 533 533 533 536 535 539 539 542 541 545 545 548 547 551 551 553 905 555 557 559 559 561 563 565 565 567 569 571 571 573 575 577 577 579 580 583 583 587 585 587 589 590 593 593 596 595 599 599 603 601 605 605 607 610 608 613 610 613 615 616 619 619 623 621 625 625 627 629 631 631 635 633 637 637 641 639 643 643 645 647 649 649 651 653 655 655 657 659 661 661 663 665 667 667 671 669 673 673 675 677 679 679 683 681 685 685 687 688 691 691 693 694 697 697 699 700 703 703 705 706 709 709 711 712 715 715 717 719 721 721 724 723 727 727 729 730 733 733 735 736 739 739 743 741 745 745 747 748 751 751 755 753 755 757 758 761 761 763 764 767 767 769 770 773 773 777 775 779 779 782 781 785 785 788 787 791 791 794 793 797 797 800 799 803 803 805 806 809 809 813 811 815 815 817 818 821 821 823 824 827 827 829 830 833 833 835 836 839 839 842 841 845 845 848 847 851 851 854 853 857 857 859 861 861 864 863 867 867 869 870 873 873 875 876 879 879 881 882 885 885 887 888 891 891 893 894 897 897 899 900 903 903 905 907 908 911 911 913 916 918 915 921 918 921 923 926 924 929 931 929 931 933 934 937 937 940 939 943 943 945 946 949 949 951 952 955 955 958 957 961 961 964 963 967 967 969 970 973 973 975 976 979 979 981 982 985 985 988 987 991 991 993 994 998 997 997 1001 1001 1004 1003 1007 1007 1009 1010 1013 1013 1017 1015 1019 1019 1021 1023 1025 1025 1027 1028 1031 1031 1033 1034 1037 1037 1039 1040 1043 1043 1046 1045 1049 1049 1051 1052 1055 1055 1057 1061 1063 1059 1065 1063 1065 1067 1068 1071 1071 1075 1073 1077 1077 1079 1080 1083 1083 1085 1086 1089 1089 1092 1091 1095 1095 1097 1099 1101 1101 1105 1103 1107 1107 1109 1110 1113 1113 1116 1115 1119 1119 1123 1121 1125 1125 1127 1128 1131 1131 1133 1134 1137 1137 1140 1139 1143 1143 1146 1145 1149 1149 1152 1151 1155 1155 1158 1157 1161 1161 1164 1163 1167 1167 1169 1170 1173 1173 1176 1175 1179 1179 1183 1181 1185 1185 1187 1188 1191 1191 1193 1194 1197 1197 1201 1199 1203 1203 1207 1205 1209 1209 1211 1212 1215 1215 1217 1218 1221 1221 1223 1224 1227 1227 1230 1229 1233 1233 1235 1236 1239 1239 1241 1243 1245 1245 1248 1247 1251 1251 1252 1255 1255 1258 1257 1261 1261 1263 1264 1267 1267 1270 1269 1273 1273 1275 1277 1279 1279 1281 1282 1285 1285 1289 1287 1289 1292 1291 1295 1295 1298 1297 1301 1301 1305 1303 1307 1307 1309 1311 1313 1313 1316 1315 1319 1319 1321 1323 1325 1325 1327 1328 1331 1331 1333 1337 1334 1339 1339 1339 1342 1341 1345 1345 1347 1348 1351 1351 1353 1354 1357 1357 1359 1362 1365 1361 1367 1365 1367 1369 1371 1373 1373 1376 1375 1379 1379 1382 1381 1385 1385 1387 1388 1391 1391 1394 1393 1397 1397 1399 1401 1403 1403 1405 1407 1409 1409 1412 1411 1415 1415 1417 1418 1421 1421 1423 1424 1427 1427 1429 1431 1433 1433 1436 1435 1439 1439 1441 1442 1445 1445 1449 1447 1451 1451 1454 1453 1457 1457 1459 1460 1463 1463 1465 1466 1469 1469 1471 1472 1475 1475 1478 1477 1481 1481 1485 1482 1485 1487 2077 1489 1491 1493 1495 1495 1499 1497 1501 1501 1504 1503 1507 1507 1509 1511 1513 1513 1515 1516 1519 1519 1522 1521 1527 1525 1525 1529 1529 1531 1533 1535 1535 1538 1537 1541 1541 1543 1545 1547 1547 1551 1549 1553 1553 1557 1555 1559 1559 1563 1561 1565 1565 1567 1568 1571 1571 1574 1573 1577 1577 1579 1581 1583 1583 1584 1587 1587 1590 1589 1593 1593 1596 1595 1599 1599 1601 1602 1605 1605 1607 1608 1611 1611 1615 1613 1616 1619 1619 1619 1621 1622 1625 1625 1627 1628 1631 1631 1634 1633 1637 1637 1639 1643 1645 1640 1647 1645 1647 1649 1651 1651 1653 1655 1657 1657 1659 1660 1663 1663 1666 1665 1669 1669 1673 1671 1675 1675 1677 1679 1681 1681 1684 1683 1687 1687 1690 1689 1693 1693 1697 1695 1699 1699 1701 1703 1705 1705 1707 1708 1711 1711 1715 1713 1717 1717 1720 1719 1723 1723 1726 1725 1729 1729 1733 1731 1735 1735 1738 1737 1741 1741 1743 1744 1747 1747 1749 1750 1753 1753 1757 1755 1759 1759 1762 1761 1765 1765 1767 1768 1771 1771 1774 1773 1777 1777 1779 1780 1783 1783 1785 1786 1789 1789 1792 1791 1795 1795 2077 1797 1799 1800 1803 1803 1805 1806 1809 1809 1812 1811 1815 1815 1817 1818 1821 1821 1824 1823 1827 1827 1829 1830 1833 1833 1836 1835 1839 1839 1842 1841 1845 1845 1848 1847 1851 1851 1853 1854 1857 1857 1860 1859 1863 1863 1865 1867 1869 1869 1871 1872 1875 1875 1877 1878 1881 1881 1884 1883 1887 1887 1890 1889 1893 1893 1896 1895 1899 1899 1902 1901 1905 1905 1907 1908 1911 1911 1913 1914 1917 1917 1920 1919 1923 1923 1925 1926 1929 1929 1931 1932 1935 1935 1937 1939 1941 1941 1943 1944 1947 1947 1949 1950 1953 1953 1955 1956 1959 1959 1961 1962 1965 1965 1968 1967 1971 1971 1973 1974 1977 1977 1981 1979 1983 1983 1986 1985 1989 1989 1993 1991 1995 1995 1997 1998 2001 2001 2004 2003 2007 2007 2009 2010 2013 2013 2016 2015 2019 2019 2023 2021 2025 2025 2028 2027 2031 2031 2035 2033 2037 2037 2039 2040 2043 2043 2045 2046 2049 2049 2051 2052 2055 2055 2056 2059 2059 2061 2063 2063 2067 2065 2069 2069 2073 2071 2075 2075 2077 2079 2080 2083 2083 2085 2086 2089 2089 2091 2093 2093 2095 2097 2099 2099 2102 2101 2105 2105 2108 2107 2111 2111 2113 2115 2117 2117 2119 2121 2123 2123 2125 2126 2129 2129 2131 2133 2135 2135 2137 2139 2141 2141 2143 2145 2147 2147 2149 2150 2153 2153 2155 2157 2159 2159 2163 2161 2165 2165 2169 2167 2171 2171 2175 2173 2177 2177 2178 2181 2181 2183 2184 2187 2188 2187 2197 2191 2191 2194 2193 2199 2199 2199 2202 2201 2205 2205 2209 2207 2211 2211 2216 2213 2219 2214 2221 2219 2221 2224 2223 2227 2227 2229 2230 2233 2233 2237 2235 2239 2239 2242 2241 2245 2245 2247 2248 2251 2251 2253 2255 2257 2257 2259 2261 2263 2263 2265 2267 2269 2269 2271 2272 2275 2275 2278 2277 2281 2281 2283 2284 2287 2287 2290 2289 2293 2293 2295 2297 2299 2299 2303 2301 2305 2305 2309 2307 2311 2311 2314 2313 2317 2317 2320 2319 2323 2323 2325 2326 2329 2329 2331 2332 2335 2335 2339 2337 2341 2341 2343 2345 2347 2347 2349 2350 2353 2353 2355 3399 2358 2357 2361 2361 2363 2364 2367 2367 2371 2369 2373 2373 2377 2375 2379 2379 2381 2383 2385 2385 2387 2389 2391 2391 2395 2393 2397 2397 2399 2401 2403 2403 2405 2407 2409 2409 2411 2413 2415 2415 2419 2417 2421 2421 2423 2425 2427 2427 2431 2429 2433 2433 2437 2435 2439 2439 2443 2441 2443 2447 2445 2449 2449 2453 2451 2455 2455 2457 2459 2461 2461 2465 2463 2467 2467 2469 2471 2473 2473 2475 2477 2479 2479 2481 2483 2485 2485 2489 2487 2491 2491 2493 2497 2495 2499 2499 2499 2503 2501 2505 2505 2509 2507 2511 2511 2515 2513 2519 2517 2517 2521 2521 2525 2523 2527 2527 2529 2531 2533 2533 2535 2536 2539 2541 2539 2543 2543 2547 2545 2549 2549 2551 2553 2555 2555 2559 2557 2561 2561 2563 2565 2567 2567 2569 2571 2573 2573 2575 2577 2579 2579 2581 2583 2585 2585 2589 2587 2589 2591 2593 2595 2595 2597 2599 2601 2601 2603 2605 2607 2607 2611 2609 2613 2613 2616 2615 2619 2619 2622 2621 2625 2625 2628 2627 2631 2631 2633 2635 2635 2637 2641 2643 2638 2645 2643 2645 2648 2647 2651 2651 2653 2654 2657 2657 2660 2659 2663 2663 2666 2665 2669 2669 2671 2672 2675 2675 2677 2678 2681 2681 2685 2683 2687 2687 2689 2691 2693 2693 2695 2696 2699 2699 2701 2702 2705 2705 2706 2709 2709 2711 2712 2715 2715 2721 2717 2718 2723 2725 2723 2725 2727 2728 2731 2731 2734 2733 2737 2737 2739 2740 2743 2743 2747 2745 2749 2749 2751 2753 2755 2755 2757 2758 2761 2761 2763 2765 2767 2767 2771 2769 2773 2773 2775 2776 2779 2779 2783 2781 2785 2785 2789 2787 2791 2791 2793 2794 2797 2797 2801 2799 2803 2803 2807 2805 2809 2809 2811 2812 2815 2815 2817 2818 2821 2821 2824 2823 2827 2827 2831 2829 2833 2833 2836 2835 2839 2839 2841 2842 2845 2845 2847 2849 2851 2851 2854 2853 2857 2857 2859 2861 2863 2863 2865 2867 2869 2869 2871 2872 2875 2875 2877 2879 2881 2881 2883 2885 2887 2887 2889 2890 2893 2893 2896 2895 2899 2899 2901 2902 2905 2905 2907 2909 2911 2911 2914 2913 2917 2917 2919 2920 2923 2923 2926 2925 2929 2929 2931 2933 2935 2935 2938 2937 2941 2941 2945 2943 2947 2947 2951 2949 2953 2953 2956 2955 2959 2959 2961 2964 2966 2963 2969 2969 2969 2972 2971 2975 2975 2977 2978 2981 2981 2983 2985 2987 2987 2989 2990 2993 2993 2995 2996 2999 2999 3001 3002 3005 3005 3008 3007 3011 3011 3014 3013 3017 3017 3020 3019 3023 3023 3027 3025 3029 3029 3033 3031 3035 3035 3041 3037 3043 3038 3045 3043 3045 3048 3047 3051 3051 3054 3053 3057 3057 3060 3059 3063 3063 3065 3066 3069 3069 3072 3071 3075 3075 3077 3078 3081 3081 3085 3083 3087 3087 3091 3089 3093 3093 3096 3095 3099 3099 3102 3101 3105 3105 3107 3108 3111 3111 3114 3113 3117 3117 3119 3120 3123 3123 3126 3125 3129 3129 3133 3131 3135 3135 3136 3139 3139 3142 3141 3146 3145 3145 3149 3149 3151 3152 3155 3155 3159 3157 3161 3161 3164 3163 3167 3167 3169 3170 3173 3173 3176 3175 3179 3179 3182 3181 3185 3185 3187 3188 3191 3191 3195 3193 3195 3197 3201 3199 3202 3205 3202 3205 3207 3211 3208 3213 3215 3213 3213 3217 3217 3220 3219 3223 3223 3225 3226 3229 3229 3231 3233 3235 3235 3237 3238 3241 3241 3244 3243 3247 3247 3249 3250 3253 3253 3257 3255 3259 3259 3261 3263 3265 3265 3268 3267 3271 3271 3276 3273 3278 3275 3281 3278 3281 3285 3283 3287 3287 3290 3289 3293 3293 3299 3295 3301 3296 3303 3301 3303 3308 3305 3311 3306 3313 3311 3313 3315 3316 3319 3319 3321 3322 3325 3325 3327 3328 3331 3331 3335 3333 3337 3337 3340 3339 3343 3343 3346 3345 3349 3349 3352 3351 3355 3355 3358 3357 3361 3361 3363 3365 3367 3367 3369 3370 3373 3373 3377 3375 3379 3379 3382 3381 3385 3385 3388 3387 3391 3391 3395 3393 3397 3397 3399 3402 3401 3405 3405 3408 3407 3411 3411 3413 3415 3417 3417 3420 3419 3423 3423 3427 3425 3429 3429 3431 3432 3435 3435 3440 3439 3 3441
706 3 3 5 7 7 10 9 13 13 15 17 19 19 22 21 25 25 29 27 31 31 33 35 37 39 41 41 45 43 47 47 49 51 53 55 53 55 59 57 61 63 64 63 67 67 71 69 73 75 77 79 69 81 75 81 83 86 89 89 92 91 77 95 84 95 97 98 101 97 103 103 107 105 109 109 113 111 115 115 118 117 121 121 124 123 127 127 131 129 133 133 136 135 139 139 141 142 145 145 147 148 151 151 153 154 157 157 160 159 163 163 166 165 169 169 171 173 175 175 177 178 181 181 181 184 187 183 189 189 191 193 195 195 197 198 201 201 205 203 207 207 210 209 213 213 215 217 219 219 223 221 225 227 229 229 231 233 235 235 237 239 241 241 243 245 247 247 251 249 253 253 255 256 259 259 261 262 265 265 267 268 271 273 273 277 275 279 279 281 282 285 285 288 287 291 291 293 295 297 297 301 299 303 303 303 307 308 305 311 311 314 313 317 317 320 319 323 323 326 325 329 329 331 333 335 335 339 337 341 341 344 343 347 347 351 349 353 353 355 357 359 359 361 363 365 365 367 369 371 371 373 375 377 377 381 379 383 383 385 386 389 389 389 391 395 392 397 397 401 399 403 403 407 405 409 409 409 411 415 412 417 417 419 420 423 423 426 425 429 429 431 433 435 435 439 437 441 441 445 443 445 448 447 451 451 455 453 457 457 459 461 463 463 465 467 469 469 471 473 475 475 478 477 481 481 483 484 487 487 489 490 493 493 497 495 499 499 502 501 505 505 507 508 511 511 514 513 517 517 521 519 523 523 525 526 529 531 529 529 531 535 537 532 539 541 541 543 545 547 547 550 549 553 553 553 559 557 555 561 561 564 563 567 567 571 569 573 573 577 575 579 579 581 583 585 585 587 588 591 591 595 593 597 597 600 599 603 603 605 607 609 609 613 611 615 617 615 617 621 619 623 623 625 626 629 629 633 631 635 635 639 637 641 641 643 645 647 647 651 649 653 653 657 655 659 660 660 664 663 666 669 666 672 669 671 674 674 677 678 680 682 682 684 687 688 688 692 690 694 694 699 696 705 700 707
706 3 3 5 7 7 10 9 13 13 15 17 19 19 22 21 25 25 29 27 31 31 33 35 37 39 41 41 45 43 47 47 49 51 53 55 53 55 59 57 61 63 64 63 67 67 71 69 73 75 77 79 69 81 75 81 83 86 89 89 92 91 77 95 84 95 97 98 101 97 103 103 107 105 109 109 113 111 115 115 118 117 121 121 124 123 127 127 131 129 133 133 136 135 139 139 141 142 145 145 147 148 151 151 153 154 157 157 160 159 163 163 166 165 169 169 171 173 175 175 177 178 181 181 181 184 187 183 189 189 191 193 195 195 197 198 201 201 205 203 207 207 210 209 213 213 215 217 219 219 223 221 225 227 229 229 231 233 235 235 237 239 241 241 243 245 247 247 251 249 253 253 255 256 259 259 261 262 265 265 267 268 271 273 273 277 275 279 279 281 282 285 285 288 287 291 291 293 295 297 297 301 299 303 303 303 307 308 305 311 311 314 313 317 317 320 319 323 323 326 325 329 329 331 333 335 335 339 337 341 341 344 343 347 347 351 349 353 353 355 357 359 359 361 363 365 365 367 369 371 371 373 375 377 377 381 379 383 383 385 386 389 389 389 391 395 392 397 397 401 399 403 403 407 405 409 409 409 411 415 412 417 417 419 420 423 423 426 425 429 429 431 433 435 435 439 437 441 441 445 443 445 448 447 451 451 455 453 457 457 459 461 463 463 465 467 469 469 471 473 475 475 478 477 481 481 483 484 487 487 489 490 493 493 497 495 499 499 502 501 505 505 507 508 511 511 514 513 517 517 521 519 523 523 525 526 529 531 529 529 531 535 537 532 539 541 541 543 545 547 547 550 549 553 553 553 559 557 555 561 561 564 563 567 567 571 569 573 573 577 575 579 579 581 583 585 585 587 588 591 591 595 593 597 597 600 599 603 603 605 607 609 609 613 611 615 617 615 617 621 619 623 623 625 626 629 629 633 631 635 635 639 637 641 641 643 645 647 647 651 649 653 653 657 655 659 660 660 664 663 666 669 666 672 669 671 674 674 677 678 680 682 682 684 687 688 688 692 690 694 694 699 696 705 700 707
192 192 3 4 7 9 7 11 11 13 15 15 17 18 21 21 25 23 27 27 29 31 33 33 35 37 39 39 43 43 45 47 49 49 51 53 55 55 59 57 61 61 65 62 67 67 71 68 73 73 77 74 79 79 83 80 85 85 87 85 89 85 90 92 85 95 85 41 97 99 99 103 101 105 105 108 107 111 111 114 113 117 117 121 119 123 123 125 126 129 129 133 131 135 135 138 137 141 141 144 143 147 147 149 150 153 153 155 157 159 161 159 163 165 165 168 167 171 171 173 174 177 177 179 181 183 183 191 186 185 193
104 3 104 3 7 5 9 11 11 13 15 17 17 18 21 23 23 25 27 21 29 29 31 33 35 36 35 39 39 43 41 45 45 47 48 51 51 55 53 57 57 59 61 61 63 64 67 67 71 69 73 73 77 75 79 79 81 83 85 85 88 87 91 91 95 93 97 103 97 99 105
166 3 166 5 7 5 9 9 11 13 15 15 17 19 21 23 21 25 27 25 29 30 32 34 29 30 32 34 37 38 41 41 44 43 29 47 47 49 51 53 53 55 57 57 59 61 63 61 61 65 61 67 69 71 69 73 69 75 69 76 69 79 79 80 69 83 85 85 69 87 89 91 91 94 93 97 97 100 99 103 105 103 107 109 107 109 111 112 115 117 119 115 117 117 120 115 117 122 117 125 127 129 117 131 127 133 133 137 135 139 117 139 141 143 145 145 147 149 151 151 155 153 157 157 165 161 159 167
7 7 10 9 13 13 15 17 19 19 21 22 25 25 29 27 31 31 33 34 37 37 39 41 43 43 46 45 48 51 51 51 54 53 57 57 58 61 61 63 64 67 67 69 71 73 73 79 76 75 81 81 81 84 83 87 87 90 89 93 93 95 96 99 99 102 101 105 107 105 109 109 111 112 115 115 119 117 121 121 123 125 125 133 127 128 133 133 131 133 135 136 139 139 140 143 143 147 145 147 150 149 153 150 153 155 156 159 159 162 161 165 165 169 167 171 171 173 178 178 177 3 4 179
7 7 19 29 17 15 13 8 27 10 10 13 15 17 19 23 21 25 25 27 29 32 31 35 35 37 38 41 41 43 44 47 47 49 50 53 53 55 56 59 59 60 63 63 65 66 69 69 71 72 75 75 78 77 81 81 84 83 87 87 91 89 93 93 95 96 99 99 102 101 105 105 109 106 109 113 118 111 113 118 117 4 3 119
6 6 8 10 12 12 17 14 18 18 20 23 24 24 28 26 30 30 35 32 36 36 38 41 42 42 44 47 48 48 50 53 54 54 56 58 60 60 62 64 66 66 70 68 72 72 74 76 78 78 82 80 84 84 89 86 90 90 94 92 96 96 98 101 102 102 106 104 112 112 111 5 2 113
156 156 2 4 6 6 9 10 12 14 12 16 16 19 20 22 22 26 25 28 28 31 32 34 36 39 36 34 40 40 42 44 44 46 48 48 50 52 52 56 55 58 60 58 62 62 65 66 68 68 70 72 74 74 77 78 78 82 81 84 84 88 86 90 92 94 92 94 90 96 98 98 100 102 104 106 102 108 104 102 110 112 115 112 116 116 119 120 122 122 125 126 128 128 130 132 134 134 137 138 140 140 142 144 146 146 155 149 150 157
7 7 10 9 13 13 15 16 19 19 21 22 25 25 28 27 31 31 34 33 37 37 40 39 43 43 47 44 47 49 51 53 53 56 55 59 59 63 61 63 64 67 67 69 70 73 73 75 77 77 78 81 81 84 83 87 87 89 91 91 95 93 98 97 97 101 101 104 103 107 107 109 111 111 113 114 117 117 119 120 123 123 126 125 129 129 131 133 133 136 135 139 139 149 141 143 149 145 149 147 149 149 151 153 155 155 157 158 161 161 163 164 167 167 169 170 173 173 177 175 179 179 183 181 188 188 187 4 3 189
184 184 3 5 7 7 9 11 11 14 13 17 17 19 20 23 25 23 27 29 27 27 31 33 27 27 35 27 37 39 27 41 41 43 44 47 47 49 51 49 53 55 55 57 59 57 63 61 65 67 65 69 69 70 69 74 73 69 77 79 69 81 69 83 83 85 87 89 89 92 91 95 95 97 99 99 101 103 105 107 109 105 111 107 113 113 115 116 119 121 119 123 123 125 127 129 127 131 133 131 135 135 137 138 141 141 145 143 147 147 148 151 151 153 154 157 157 160 159 163 163 167 165 169 169 171 173 175 175 183 177 178 185
9 9 6 11 11 12 15 20 20 19 5 2 21

64 64 3 5 7 7 10 9 13 13 15 16 19 19 22 21 25 25 27 28 31 31 35 33 37 37 40 39 43 43 45 46 49 49 51 52 55 55 63 57 59 65
46 46 4 3 7 7 11 9 13 13 15 17 19 19 23 21 25 25 29 27 31 31 33 35 37 37 45 39 41 47
80 80 3 5 7 7 9 10 13 13 15 17 19 19 21 23 25 25 29 27 31 31 33 35 37 37 41 39 43 43 45 47 49 49 53 51 55 55 57 59 61 61 65 63 67 67 69 71 73 79 73 75 81
6 6 8 10 12 12 14 16 18 18 20 22 24 24 26 28 30 30 34 32 36 36 41 38 42 42 44 47 48 48 53 50 54 54 56 59 60 60 62 65 66 66 68 70 70 74 72 76 76 82 79 80 80 82 84 86 88 88 92 90 94 94 96 98 100 100 104 102 106 106 110 108 112 112 114 116 116 118 120 122 122 126 124 126 131 128 132 132 137 134 138 138 143 140 144 144 148 146 150 150 152 155 156 156 161 158 162 162 167 164 168 168 170 172 174 174 176 178 180 180 182 185 190 190 189 4 2 191
338 338 3 5 7 7 11 9 13 13 17 15 19 19 23 21 25 25 29 27 31 31 33 34 37 37 41 39 43 41 43 47 44 49 51 51 55 53 57 57 59 60 63 63 65 67 69 69 72 71 75 75 77 79 81 81 83 84 87 87 89 90 93 93 95 97 99 99 103 101 105 105 108 107 111 111 113 115 117 117 120 119 123 123 125 126 129 129 133 131 135 135 137 138 141 141 144 143 147 147 149 150 153 153 156 155 159 159 161 163 161 166 165 169 169 171 172 175 175 179 177 181 181 183 185 187 187 189 191 193 193 196 195 199 199 201 203 201 205 207 209 209 212 211 215 215 217 218 221 221 224 223 227 227 230 229 233 233 235 236 239 239 241 242 245 245 247 248 251 251 253 255 257 257 259 261 259 265 263 267 269 271 273 275 277 279 280 282 284 273 286 280 271 282 269 284 267 279 275 277 289 289 291 293 295 295 299 297 301 303 301 303 307 304 309 311 311 315 313 317 317 321 319 323 323 326 325 329 329 337 331 333 339
308 308 5 3 7 7 11 9 13 13 15 17 19 19 21 23 25 25 29 27 31 31 33 35 37 37 41 39 43 43 47 45 49 49 51 53 55 55 59 57 61 61 63 65 67 67 70 69 73 75 73 77 77 81 79 83 83 87 85 89 89 91 92 95 95 98 97 101 101 104 103 107 107 109 110 113 113 117 115 119 119 123 121 125 125 127 129 131 131 133 135 137 137 140 139 143 143 147 145 149 149 152 151 155 155 157 159 161 161 163 164 167 167 171 169 173 173 177 175 179 179 181 182 185 185 187 189 191 191 193 194 197 197 201 199 203 203 205 207 209 209 211 213 215 215 217 219 221 221 223 225 227 227 229 231 233 233 237 235 239 239 241 243 245 245 247 248 251 251 253 255 257 257 259 261 263 263 267 265 269 269 272 271 275 275 278 277 281 281 285 283 287 287 290 289 293 293 295 297 299 299 307 303 301 309
70 70 5 3 7 7 11 9 13 13 17 15 19 19 21 23 25 25 28 27 31 31 35 33 37 37 39 41 43 43 45 47 49 49 51 53 55 55 57 59 61 61 69 63 65 71
70 70 5 3 7 7 10 9 13 13 15 17 19 19 21 23 25 25 29 27 31 31 35 33 37 37 39 41 43 43 46 45 49 49 53 51 55 55 59 57 61 61 69 65 63 71
328 328 3 5 7 9 7 9 12 11 15 17 17 19 21 23 23 25 27 29 29 32 31 35 35 37 39 41 41 43 45 47 47 49 51 53 53 56 55 59 61 63 61 63 59 65 67 67 71 69 73 73 75 77 79 79 81 83 85 85 89 87 91 91 93 95 97 97 99 100 103 103 105 107 107 111 109 113 113 117 115 119 119 121 123 125 125 127 129 131 131 133 135 137 137 141 139 143 143 147 145 149 149 153 151 155 155 157 158 161 161 163 165 167 167 169 171 173 175 175 173 179 177 181 181 183 184 187 187 190 189 193 193 197 195 199 199 201 203 205 205 208 207 211 211 213 214 217 217 221 219 223 223 225 227 227 227 232 230 229 235 235 239 237 241 241 243 245 247 247 251 249 253 253 255 257 259 259 261 263 265 265 267 269 271 271 275 273 277 277 280 279 283 283 287 285 289 289 291 293 295 295 299 297 301 301 305 303 307 307 311 309 313 313 315 316 319 319 327 323 321 329
94 94 4 3 7 7 9 10 13 13 16 15 19 19 23 21 25 25 29 27 31 31 34 33 37 37 40 39 43 43 45 47 49 49 53 51 55 55 57 59 61 61 64 63 67 67 71 69 73 73 77 75 79 79 83 81 85 85 93 87 88 95
288 288 3 5 7 7 9 10 13 13 15 16 19 19 21 23 25 25 28 27 31 31 33 34 37 37 39 40 43 43 47 45 49 49 53 51 55 55 59 57 61 61 65 63 67 67 71 69 73 73 75 77 79 79 83 81 85 85 87 89 91 91 91 93 96 94 99 99 101 103 105 105 107 109 111 111 114 113 117 117 121 119 123 123 127 125 129 129 131 133 135 137 137 139 141 135 143 143 147 145 149 149 153 151 155 155 157 159 161 161 165 163 167 169 171 169 173 171 167 175 175 176 179 175 175 181 183 183 187 185 189 189 193 191 195 195 197 198 195 195 201 203 195 205 195 195 207 209 195 195 211 213 213 215 217 219 219 221 223 225 225 228 227 231 231 234 233 237 237 241 239 243 243 245 247 249 249 251 253 255 255 257 259 261 261 263 265 267 267 269 271 273 273 275 277 279 279 287 281 282 289
62 62 3 5 5 9 7 11 11 13 15 17 17 19 21 23 23 26 25 29 29 31 33 35 35 37 39 41 41 43 45 47 49 51 49 53 53 61 57 55 63
94 94 3 5 7 7 9 11 13 13 17 15 19 19 23 21 25 25 27 29 31 31 33 34 37 37 41 39 43 43 45 46 49 49 51 52 55 55 59 57 61 61 63 64 67 67 71 69 73 73 75 77 79 79 83 81 85 85 93 87 89 95
62 62 3 5 5 7 9 11 11 14 13 17 17 19 21 23 23 27 25 29 31 29 33 31 35 35 39 37 41 41 43 44 47 47 49 51 53 53 61 56 55 63
92 2 92 92 5 92 7 9 11 9 14 11 13 11 17 19 19 21 23 25 25 27 29 31 31 33 34 37 37 39 41 43 43 45 43 47 49 49 51 52 55 55 59 57 61 61 63 65 67 67 69 71 69 73 74 77 77 79 81 83 83 91 85 87 93
180 180 2 5 180 7 180 9 11 13 15 17 19 21 23 25 27 15 25 9 23 27 29 11 13 19 21 17 31 33 31 31 35 37 31 39 31 31 41 31 43 45 45 47 48 51 51 53 55 57 57 60 59 63 63 65 66 69 69 72 71 75 75 77 79 81 81 83 85 87 87 89 91 93 93 96 95 99 99 101 103 105 105 108 107 111 111 115 113 117 117 119 120 123 123 125 127 129 129 131 133 135 135 138 137 141 141 143 145 147 147 149 151 153 153 157 155 159 159 161 163 165 165 167 168 171 171 179 175 173 181
110 110 4 3 7 7 11 9 13 13 16 15 19 19 21 22 25 25 29 27 31 31 33 35 37 37 40 39 43 43 47 45 49 49 51 53 55 55 57 59 61 61 65 63 67 67 69 70 73 73 75 77 79 79 81 83 85 85 89 87 91 91 95 93 97 97 99 101 101 109 105 103 111
80 80 3 5 7 7 9 11 13 15 13 17 17 21 19 23 25 23 27 27 29 31 33 33 35 33 37 39 41 43 45 43 47 41 39 45 49 49 51 53 53 54 56 53 53 59 61 53 53 63 65 65 69 67 71 71 79 75 73 81
42 42 3 5 7 7 9 11 13 13 16 15 19 19 20 23 23 25 27 29 29 31 33 33 41 35 37 43
232 232 4 3 7 7 9 11 11 13 15 17 17 19 20 23 23 27 25 29 29 31 32 35 35 37 39 41 41 45 43 47 47 50 49 53 53 55 57 59 59 61 63 65 65 69 67 71 71 73 75 73 77 79 79 81 83 85 86 85 85 88 85 91 93 93 95 97 99 99 101 103 105 105 109 107 111 111 113 115 117 117 121 119 123 123 126 125 129 129 131 133 135 135 139 137 141 141 143 145 147 147 149 150 153 153 155 157 159 159 161 162 165 165 167 168 171 171 173 175 177 177 181 179 183 183 185 187 189 191 193 195 197 199 201 199 197 189 203 201 191 195 193 205 205 207 208 211 211 213 215 217 217 219 221 223 223 231 227 225 233
92 92 3 5 7 8 7 11 7 7 13 15 17 15 20 17 17 23 19 25 25 29 27 31 31 33 35 37 37 39 40 43 43 45 47 49 51 49 53 49 55 55 58 57 61 61 63 65 67 67 71 69 73 73 75 77 75 80 79 83 83 91 87 85 93
126 126 5 3 7 7 10 9 13 13 17 15 19 21 19 23 24 23 23 27 23 29 31 23 33 33 37 35 39 39 41 42 45 45 48 47 51 51 54 53 57 57 60 59 63 63 65 67 69 69 71 72 75 75 78 77 81 81 84 83 87 87 91 89 93 93 95 96 99 99 102 101 105 105 109 107 111 111 114 113 117 117 125 119 121 127
5 6 8 8 12 11 16 16 14 18 18 21 22 24 24 27 28 32 31 32 34 34 38 36 40 40 43 44 46 46 49 50 52 52 55 56 58 58 61 62 64 64 66 68 70 70 72 74 76 76 78 80 82 82 84 86 88 88 92 91 94 94 97 98 100 100 104 103 106 106 109 110 112 112 116 115 118 118 121 122 124 124 128 127 130 130 134 133 136 136 140 138 142 142 146 145 148 148 152 151 154 154 158 157 160 160 163 164 166 166 170 169 172 172 175 176 178 178 181 182 184 184 187 188 190 190 194 193 196 196 200 199 202 202 206 205 208 208 212 211 214 214 218 217 220 220 222 224 226 226 229 230 232 232 236 235 238 238 241 242 244 244 248 247 250 250 254 252 256 256 260 259 262 262 266 265 268 268 272 271 274 274 277 278 280 280 283 284 286 286 288 290 292 292 296 294 298 298 301 302 304 304 309 307 310 312 312 312 315 316 318 318 321 322 324 324 327 328 330 330 334 333 338 338 336 340 340 344 343 346 346 350 349 352 352 354 356 358 358 361 362 364 364 368 367 370 370 374 373 376 376 380 379 382 382 384 386 388 388 391 392 394 394 397 398 400 400 404 403 406 406 410 409 412 412 416 415 418 418 420 482 422 424 426 426 430 428 432 432 434 436 438 438 442 440 444 444 446 448 450 450 452 454 456 456 460 458 462 462 464 466 468 468 470 472 474 474 478 476 480 480 482 486 485 488 488 491 492 494 494 497 1208 498 500 500 504 503 506 506 509 510 512 512 515 516 520 519 520 522 522 525 528 527 530 532 530 532 535 536 538 538 542 540 544 544 548 547 550 550 554 553 556 556 559 560 562 562 566 565 568 568 572 571 574 574 578 577 580 580 583 584 586 586 589 590 592 592 596 595 598 598 600 646 602 604 604 606 608 610 610 612 614 616 616 618 620 622 622 624 626 628 628 630 632 632 634 636 638 638 640 642 644 644 646 650 649 652 652 655 656 658 658 662 660 666 666 665 668 668 672 671 674 674 677 680 682 679 684 682 684 688 687 690 690 693 696 698 695 700 698 700 703 704 706 706 710 709 712 712 716 715 718 718 722 721 724 724 728 727 730 730 736 733 735 738 740 738 740 744 742 748 747 748 750 750 753 754 756 756 760 759 762 762 765 766 768 768 771 772 774 774 778 777 780 780 783 784 786 786 790 789 792 792 796 795 798 798 801 802 804 804 808 807 811 811 812 814 814 817 818 820 820 822 824 827 827 828 830 830 834 833 836 836 838 840 844 844 843 846 846 849 850 852 852 856 855 858 858 862 860 864 864 867 868 870 870 873 874 876 876 879 880 882 882 886 885 888 888 891 892 894 894 897 898 900 900 904 903 906 906 910 909 912 912 914 916 918 918 922 921 924 924 930 926 929 932 932 932 936 935 938 938 942 941 946 944 946 948 948 952 950 954 954 957 958 960 960 964 963 966 966 970 968 973 973 974 976 976 980 979 982 982 986 985 988 988 992 991 994 994 997 998 1000 1000 1003 1004 1006 1006 1010 1008 1012 1012 1016 1015 1018 1018 1022 1021 1024 1024 1028 1027 1031 1031 1032 1034 1034 1039 1037 1040 1042 1042 1042 1046 1045 1048 1048 1052 1051 1054 1054 1057 1058 1060 1060 1063 1064 1066 1066 1070 1069 1072 1072 1074 1076 1078 1078 1081 1082 1084 1084 1086 1088 1090 1090 1093 1094 1096 1096 1100 1099 1102 1102 1105 1106 1108 1108 1112 1110 1114 1114 1117 1118 1120 1120 1124 1122 1126 1126 1130 1129 1132 1132 1136 1135 1138 1138 1142 1141 1144 1144 1147 1148 1150 1150 1152 1154 1156 1156 1158 1160 1162 1162 1165 1168 1170 1167 1172 1170 1172 1177 1174 1177 1178 1180 1180 1184 1183 1186 1186 1189 1190 1193 1194 1193 1196 1196 1198 1202 1200 1204 1204 1206 1208 1210 1212 1214 1214 1217 1218 1220 1220 1224 1222 1228 1228 1227 1230 1230 1234 1233 1236 1236 1240 1239 1242 1242 1246 1244 1248 1248 1252 1250 1254 1254 1256 1258 1260 1260 1264 1262 1264 1268 1266 1270 1270 1273 1274 1276 1276 1279 1280 1282 1282 1286 1285 1288 1288 1290 1292 1294 1294 1297 1298 1300 1300 1304 1302 1306 1306 1308 1310 1312 1312 1316 1315 1318 1318 1321 1322 1324 1324 1326 1328 1331 1332 1331 1334 1334 1338 1337 1340 1340 1344 1343 1346 1346 1350 1349 1352 1352 1356 1355 1358 1358 1362 1361 1364 1364 1368 1367 1370 1370 1374 1373 1376 1376 1380 1379 1382 1382 1386 1385 1388 1388 1390 1392 1394 1394 1397 1398 1400 1400 1404 1403 1406 1406 1410 1409 1412 1412 1416 1415 1420 1420 1418 1422 1422 1425 1426 1428 1428 1432 1431 1434 1434 1437 1438 1440 1440 1444 1443 1446 1446 1448 1450 1452 1452 1455 1458 1456 1460 1460 1460 1464 1463 1466 1466 1468 1470 1472 1472 1476 1474 1478 1478 1482 1480 1484 1484 1487 1488 1488 1492 1491 1494 1494 1498 1496 1500 1500 1504 1502 1506 1506 1509 1510 1512 1512 1516 1514 1518 1518 1520 1522 1524 1524 1528 1527 1530 1530 1532 1534 1536 1536 1540 1539 1542 1542 1546 1545 1548 1548 1551 1552 1554 1554 1558 1556 1560 1560 1564 1563 1566 1566 1570 1569 1572 1572 1575 1576 1578 1578 1582 1581 1584 1584 1587 1588 1590 1590 1594 1593 1596 1596 1600 1599 1602 1602 1606 1605 1608 1608 1612 1611 1614 1614 1617 1618 1620 1620 1624 1622 1626 1626 1628 1630 1632 1632 1636 1635 1638 1638 1640 1642 1644 1644 1646 1648 1650 1650 1654 1653 1656 1656 1658 1660 1662 1662 1665 1666 1668 1668 1672 1671 1674 1674 1677 1678 1680 1680 1686 1683 1688 1685 1690 1688 1690 1693 1694 1696 1696 1698 1700 1702 1702 1706 1705 1708 1708 1710 1712 1714 1714 1718 1716 1720 1720 1724 1722 1726 1726 1730 1728 1734 1734 1733 1736 1736 1740 1739 1742 1742 1745 1746 1748 1748 1752 1751 1754 1754 1758 1756 1760 1760 1766 1765 2 1767
7 7 10 9 13 13 16 15 19 19 22 21 25 25 26 29 29 32 31 35 35 38 37 41 41 51 47 49 44 53 42 44 47 49 51 53 55 57 59 59 61 62 65 65 67 69 71 71 73 74 77 77 80 79 83 83 85 87 89 89 92 91 95 95 97 99 101 101 103 104 107 107 109 110 113 113 117 115 119 119 121 122 125 125 128 127 131 131 135 133 137 137 140 139 143 143 145 147 149 149 152 151 155 155 157 159 161 161 163 164 167 167 171 169 173 173 175 176 179 179 181 182 185 185 187 188 191 191 193 194 197 197 199 200 203 203 206 205 209 209 211 212 215 215 218 217 221 221 224 223 227 227 231 229 233 233 236 235 239 239 241 242 245 245 249 246 249 253 251 255 255 257 259 261 261 263 264 267 267 269 270 273 273 274 277 277 278 280 283 280 283 285 286 289 289 292 291 295 295 298 297 301 301 304 303 307 307 309 310 313 313 317 315 319 319 321 322 325 325 327 329 334 334 333 3 4 335
204 204 5 3 7 7 11 9 13 13 16 15 19 19 22 21 25 25 27 29 31 31 35 33 37 37 39 41 43 43 47 45 49 49 51 53 55 57 55 59 59 61 63 63 65 66 69 69 72 71 75 75 77 79 81 81 83 85 87 87 89 91 93 93 97 95 99 99 101 103 105 105 107 109 111 111 113 115 117 117 119 121 123 123 125 126 125 129 131 133 133 135 136 139 141 139 143 143 147 145 149 151 149 154 151 157 153 159 159 161 163 165 165 168 167 171 171 175 173 177 177 179 181 183 183 185 187 189 189 191 193 195 195 203 198 197 205
370 370 5 3 7 7 9 10 13 13 17 15 19 19 23 21 25 25 27 29 31 31 34 33 37 37 39 40 43 43 45 47 49 49 51 53 55 55 58 57 61 61 65 63 67 67 69 71 73 73 76 75 79 79 83 81 85 85 89 87 91 91 95 93 97 97 101 99 103 103 107 105 109 109 111 112 115 115 119 117 121 121 123 124 127 127 130 129 133 133 136 135 139 139 142 141 145 145 147 149 151 151 154 153 157 157 159 161 163 163 166 165 169 169 173 171 175 175 179 177 181 181 183 184 187 187 189 191 191 193 195 197 197 200 199 203 203 205 206 209 209 212 211 215 215 218 217 221 221 225 223 227 227 231 229 233 233 236 235 239 239 241 242 245 247 245 247 250 253 248 255 256 255 259 259 261 263 263 267 265 269 269 273 271 275 275 279 277 281 281 285 283 287 287 290 289 293 293 295 296 299 301 299 303 303 305 307 309 309 311 312 315 315 317 318 321 321 323 324 327 327 331 329 333 333 335 337 339 339 341 343 345 345 347 348 351 351 353 355 357 359 357 361 361 369 364 363 371
362 362 3 4 6 6 10 8 12 12 16 14 18 18 21 22 24 24 27 28 30 32 30 34 34 37 38 40 40 44 43 46 46 48 50 52 52 56 55 58 58 62 61 64 64 66 68 70 70 73 74 76 76 80 79 82 82 86 85 88 88 91 92 94 94 98 97 100 100 102 104 106 106 108 110 112 112 115 116 118 118 122 121 124 124 127 128 130 130 134 133 136 138 136 140 140 144 143 146 146 150 149 152 154 152 154 158 157 160 160 163 164 166 166 169 170 172 172 175 176 178 178 180 182 184 184 188 187 190 190 194 193 196 196 198 200 202 202 205 206 208 208 212 210 214 214 218 217 220 220 224 223 226 226 228 230 230 233 234 236 236 238 240 242 242 246 244 248 248 252 252 250 255 256 258 258 260 262 264 264 266 268 270 270 273 274 276 276 279 280 282 282 286 285 288 288 292 291 294 294 297 298 300 300 304 303 306 306 310 309 312 312 316 315 318 318 320 322 322 326 325 328 328 332 330 334 336 339 336 334 340 340 344 343 346 346 350 349 352 352 361 356 354 363
92 2 2 4 6 8 8 10 12 14 14 16 18 20 20 22 24 26 26 28 30 32 32 36 34 38 38 40 42 44 44 46 48 50 50 52 54 56 56 58 60 62 62 64 66 68 68 70 72 74 74 76 78 80 80 84 82 91 86 93
448 2 2 6 5 8 8 11 12 14 14 17 18 20 20 23 24 26 26 29 30 32 32 35 36 38 38 42 41 44 44 47 48 50 50 53 54 56 56 60 59 62 62 66 65 68 68 68 72 71 74 74 77 78 80 80 84 83 86 86 90 89 92 92 95 96 98 98 102 101 104 104 108 107 110 110 113 114 116 116 119 120 122 122 125 126 128 130 130 134 133 136 136 140 139 142 142 146 145 148 148 152 150 154 154 156 158 160 160 164 163 166 166 170 168 172 172 174 176 176 179 180 182 182 185 186 188 188 190 192 194 194 196 198 200 200 202 204 206 206 208 210 212 212 214 216 216 219 220 222 222 226 224 228 228 232 230 234 234 238 236 240 240 244 242 246 246 250 250 248 252 254 256 256 259 260 262 262 266 265 268 268 270 272 274 274 277 278 280 280 284 283 286 286 290 289 292 292 296 295 298 298 301 302 304 304 308 307 310 310 314 313 316 316 320 319 322 322 325 326 328 328 331 332 334 334 338 337 340 340 344 343 346 346 349 350 352 352 356 355 358 358 361 362 364 364 368 367 370 370 373 374 376 376 379 380 382 382 385 386 388 388 392 391 394 394 398 397 400 400 403 404 406 406 410 409 412 412 415 416 418 418 422 421 424 424 427 428 430 430 433 434 436 436 439 440 447 442 449

448 2 2 6 5 8 8 11 12 14 14 17 18 20 20 23 24 26 26 29 30 32 32 35 36 38 38 42 41 44 44 47 48 50 50 53 54 56 56 60 59 62 62 66 65 68 68 68 72 71 74 74 77 78 80 80 84 83 86 86 90 89 92 92 95 96 98 98 102 101 104 104 108 107 110 110 113 114 116 116 119 120 122 122 125 126 128 130 130 134 133 136 136 140 139 142 142 146 145 148 148 152 150 154 154 156 158 160 160 164 163 166 166 170 168 172 172 174 176 176 179 180 182 182 185 186 188 188 190 192 194 194 196 198 200 200 202 204 206 206 208 210 212 212 214 216 216 219 220 222 222 226 224 228 228 232 230 234 234 238 236 240 240 244 242 246 246 250 250 248 252 254 256 256 259 260 262 262 266 265 268 268 270 272 274 274 277 278 280 280 284 283 286 286 290 289 292 292 296 295 298 298 301 302 304 304 308 307 310 310 314 313 316 316 320 319 322 322 325 326 328 328 331 332 334 334 338 337 340 340 344 343 346 346 349 350 352 352 356 355 358 358 361 362 364 364 368 367 370 370 373 374 376 376 379 380 382 382 385 386 388 388 392 391 394 394 398 397 400 400 403 404 406 406 410 409 412 412 415 416 418 418 422 421 424 424 427 428 430 430 433 434 436 436 439 440 447 442 449
10000 10000 4 4 8 7 10 10 13 14 16 16 20 19 22 22 26 25 28 28 32 31 34 34 38 37 40 40 44 43 46 46 50 49 52 52 55 56 58 58 62 61 64 64 68 67 70 70 74 73 76 76 79 80 82 82 86 85 88 88 92 91 94 94 98 97 100 100 104 103 106 106 109 110 112 2 115 112 116 116 120 119 122 122 126 125 128 128 132 131 134 134 137 138 140 140 144 143 146 148 148 151 152 154 154 157 158 160 160 164 163 166 166 169 170 172 174 172 176 178 178 181 182 184 186 188 188 192 191 194 194 198 197 200 202 202 205 206 208 208 211 212 214 214 217 218 220 222 224 224 227 228 230 230 234 233 236 236 240 239 242 242 245 246 245 249 250 252 254 256 256 260 259 262 262 266 265 268 270 272 274 276 278 278 281 282 284 284 288 287 290 292 294 296 298 300 302 304 306 308 310 310 313 314 316 318 320 322 324 326 328 330 332 334 336 338 340 342 342 345 346 348 350 352 354 356 356 360 359 362 362 366 365 368 368 371 372 374 374 377 378 380 382 384 384 388 387 390 392 392 395 396 398 398 401 402 404 407 404 410 409 412 414 414 418 417 420 420 423 424 426 426 430 429 432 432 436 435 438 438 441 442 444 444 447 448 450 450 453 454 456 456 460 459 462 462 466 465 468 468 472 471 474 474 477 478 480 480 483 484 486 488 490 493 490 495 496 498 498 501 502 505 506 508 508 512 511 514 516 516 519 520 522 524 526 526 529 530 532 532 535 536 538 538 542 541 544 544 547 548 550 550 553 554 556 556 560 559 562 562 566 565 568 568 571 572 574 576 578 580 582 584 584 587 588 590 590 593 594 596 596 600 599 602 602 606 605 608 610 612 614 616 618 620 622 624 624 628 627 630 630 634 633 636 636 640 639 642 642 646 645 648 650 652 654 656 658 660 662 664 666 668 670 672 674 676 678 680 682 684 686 688 690 692 694 696 698 700 702 702 704 706 708 710 708 712 714 716 718 720 722 724 726 728 730 732 734 736 738 740 742 744 746 748 751 751 748 752 754 648 756 758 758 761 762 762 766 765 768 768 772 771 774 776 778 778 782 781 784 784 788 786 788 792 791 794 794 797 798 800 800 804 803 806 806 810 809 810 814 813 816 818 820 822 824 824 828 826 830 830 833 834 836 836 840 840 839 844 842 844 848 847 850 850 852 854 856 859 856 862 859 860 864 866 866 868 870 872 874 876 876 880 879 882 882 886 885 888 891 888 894 891 896 893 898 900 902 902 904 906 908 910 912 912 916 914 916 920 919 922 924 926 928 928 932 931 934 934 936 938 940 942 944 946 948 948 951 952 954 954 956 958 960 962 964 966 966 970 968 972 972 976 974 978 978 982 981 984 984 987 988 990 990 994 993 996 996 1000 998 1002 1002 1006 1005 1008 1008 1012 1011 1014 1014 1018 1017 1020 1020 1024 1024 1023 1027 1028 1030 1030 1034 1033 1036 1038 1040 1042 1044 1044 1047 1048 1050 1050 1054 1053 1056 1056 1060 1058 1062 1064 1066 1068 1070 1072 1074 1076 1076 1079 1080 1080 1083 1084 1086 1086 1090 1089 1092 1095 1092 1095 1098 1100 1097 1102 1102 1106 1104 1108 1108 1111 1112 1114 1116 1116 1119 1120 1122 1124 1126 1128 1130 1132 1134 1134 1137 1138 1140 1142 1142 1144 1146 1148 1150 1150 1153 1154 1156 1158 1160 1160 1162 1164 1166 1166 1170 1169 1172 1174 1176 1176 1180 1180 1178 1184 1183 1186 1186 1189 1190 1192 1194 1196 1196 1200 1198 1202 1202 1206 1204 1208 1208 1212 1211 1214 1214 1218 1216 1220 1222 1224 1226 1226 1229 1230 1232 1232 1236 1235 1238 1240 1240 1243 1244 1246 1246 1250 1248 1252 1254 1256 1258 1260 1260 1262 1264 1264 1268 1267 1270 1272 1272 1272 1278 1275 1276 1280 1282 1285 1282 1288 1285 1290 1287 1292 1294 1296 1296 1300 1299 1302 1302 1306 1305 1306 1309 1310 1312 1314 1316 1318 1318 1321 1322 1324 1324 1326 1328 1330 1330 1334 1333 1336 1336 1339 1340 1342 1344 1346 1346 1350 1349 1352 1354 1356 1358 1358 1362 1361 1364 1366 1368 1368 1371 1372 1374 1374 1378 1377 1380 1380 1384 1382 1386 1386 1390 1389 1392 1394 1394 1396 1398 1400 1400 1404 1402 1406 1406 1409 1410 1412 1412 1415 1416 1418 1420 1420 1423 1423 1424 1427 1428 1430 1433 1435 1437 1430 1438 1438 1441 1442 1444 1444 1448 1447 1450 1450 1454 1452 1456 1456 1460 1459 1462 1462 1466 1464 1468 1470 1472 1472 1476 1474 1478 1478 1481 1482 1484 1484 1488 1487 1490 1490 1494 1492 1496 1496 1500 1499 1502 1504 1506 1506 1510 1508 1512 1512 1515 1516 1518 1518 1522 1521 1524 1526 1528 1528 1532 1530 1534 1534 1536 1538 1540 1540 1544 1543 1546 1546 1548 1550 1552 1552 1554 1556 1558 1560 1560 1563 1564 1566 1566 1570 1569 1572 1572 1575 1576 1578 1578 1580 1582 1584 1586 1588 1588 1593 1590 1594 1594 1594 1599 1600 1597 1602 1604 1606 1606 1609 1610 1612 1612 1615 1616 1618 1618 1622 1621 1624 1624 1627 1628 1630 1630 1632 1634 1636 1636 1636 1641 1639 1642 1644 1647 1644 1650 1647 1652 1648 1654 1656 1656 1659 1660 1662 1662 1665 1666 1668 1670 1670 1674 1673 1670 290 1676 1676 1679 1680 1682 1682 1685 1686 1688 1690 1692 1692 1696 1695 1698 1698 1702 1701 1704 1706 1706 1709 1710 1712 1712 1714 1716 1718 1720 1720 1724 1724 1728 1727 1730 1730 1733 1734 1736 1736 1740 1739 1742 1742 1746 1745 1748 1748 1751 1752 1754 1754 1758 1757 1760 1760 1763 1764 1766 1766 1769 1770 1772 1772 1776 1775 1778 1778 1782 1781 1784 1784 1787 1788 1790 1790 1793 1794 1796 1796 1799 1800 1802 1718 1802 1806 1805 1720 1723 1808 1810 1810 1814 1812 1816 1818 1820 1820 1823 1824 1826 1828 1830 1832 1832 1835 1836 1838 1840 1842 1842 1846 1845 1848 1848 1851 1852 1854 1854 1858 1857 1860 1860 1862 1864 1866 1866 1870 1868 1872 1874 1874 1878 1877 1878 1882 1881 1882 1886 1885 1888 1890 1892 1892 1896 1895 1898 1898 1901 1902 1904 1904 1907 1908 1910 1910 1913 1914 1916 1916 1919 1920 1922 1922 1926 1925 1928 1928 1931 1932 1934 1934 1937 1938 1940 1940 1943 1944 1946 1949 1946 1952 1949 1951 1954 1956 1956 1959 1960 1962 1962 1965 1966 1968 1970 1970 1974 1972 1974 1978 1977 1978 1982 1980 1982 1985 1986 1988 1988 1990 1992 1994 1997 1994 2000 1999 2002 2004 2004 2008 2007 2010 2010 2014 2013 2016 2016 2018 2020 2022 2022 2025 2026 2028 2030 2032 2032 2035 2036 2038 2040 2040 2043 2044 2046 2046 2050 2049 2052 2054 2056 2058 2058 2058 2061 2064 2062 2066 2066 2070 2069 2072 2072 2075 2076 2078 2078 2082 2081 2084 2084 2084 2087 2088 2090 2092 2092 2096 2095 2098 2098 2101 2102 2104 2106 2106 2106 2112 2110 2109 2114 2114 2117 2118 2120 2120 2123 2124 2126 2126 2130 2129 2130 2134 2133 2136 2136 2139 2140 2142 2144 2144 2148 2147 2150 2150 2153 2154 2156 2156 2160 2159 2162 2164 2164 2168 2167 2170 2170 2174 2173 2176 2176 2179 2180 2182 2184 2186 2188 2191 2186 2188 2194 2193 2196 2198 2198 2200 2202 2204 2206 2208 2208 2211 2212 2214 2214 2218 2216 2218 2221 2222 2224 2224 2227 2228 2230 2230 2234 2232 2237 2234 2237 2240 2242 2242 2239 2244 2246 2248 2248 2252 2251 2254 2254 2257 2258 2260 2260 2263 2264 2266 2266 2270 2268 2272 2274 2276 2276 2279 2280 2282 2282 2285 2286 2162 2288 2290 2290 2293 2294 2296 2298 2298 2301 2302 2304 2304 2304 2309 2310 2312 2312 2307 2316 2316 2315 2319 2320 2320 2324 2323 2326 2326 2329 2330 2332 2332 2335 2336 2338 2338 2342 2341 2344 2344 2347 2348 2350 2350 2354 2353 2356 2356 2359 2360 2362 2364 2366 2369 2366 2372 2369 2371 2374 2376 2376 2380 2379 2382 2382 2386 2385 2388 2388 2392 2390 2394 2396 2398 2398 2402 2401 2404 2404 2408 2408 2407 2411 2412 2414 2414 2414 2420 2417 2419 2422 2424 2424 2424 2430 2427 2429 2432 2432 2435 2436 2438 2440 2438 2442 2442 2445 2446 2448 2450 2450 2454 2456 2453 2458 2460 2462 2462 2465 2466 2468 2468 2471 2472 2474 2474 2478 2476 2480 2482 2484 2484 2487 2488 2490 2492 2492 2496 2495 2498 2498 2502 2501 2504 2504 2506 2508 2510 2510 2510 2516 2515 2513 2518 2518 2522 2521 2524 2526 2528 2528 2531 2532 2534 2534 2537 2538 2540 2540 2544 2543 2546 2546 2550 2549 2552 2552 2555 2556 2558 2560 2562 2564 2566 2566 2569 2570 2572 2572 2574 2576 2576 2580 2579 2582 2582 2586 2585 2586 2589 2590 2592 2592 2594 2596 2598 2598 2601 2602 2604 2604 2608 2607 2610 2610 2613 2614 2616 2616 2620 2619 2622 2622 2625 2626 2628 2630 2632 2632 2634 2636 2638 2640 2642 2642 2646 2645 2648 2648 2651 2652 2654 2654 2657 2658 2660 2662 2664 2664 2668 2667 2670 2670 2672 2674 2676 2676 2680 2680 2678 2682 2684 2686 2686 2689 2690 2692 2692 2695 2696 2698 2698 2701 2702 2704 2704 2708 2707 2710 2710 2713 2714 2716 2716 2719 2720 2722 2722 2725 2726 2728 2728 2730 2733 2734 2736 2736 2740 2739 2742 2745 2742 2748 2745 2750 2747 2752 2752 2756 2755 2756 2759 2760 2762 2762 2765 2766 2768 2768 2772 2771 2772 2775 2776 2778 2778 2782 2781 2784 2784 2788 2787 2790 2790 2793 2794 2794 2797 2798 2800 2800 2803 2804 2806 2808 2810 2810 2814 2813 2816 2816 2819 2820 2822 2822 2826 2826 2824 2829 2830 2832 2832 2835 2836 2838 2838 2841 2842 2844 2847 2844 2850 2847 2852 2849 2854 2854 2857 2858 2860 2860 2864 2863 2866 2866 2870 2869 2872 2872 2876 2875 2878 2878 2880 2882 2884 2884 2887 2888 2890 2890 2894 2893 2896 2896 2899 2900 2902 2902 2906 2905 2908 2908 2911 2912 2914 2914 2918 2917 2918 2921 2922 2924 2924 2926 2928 2930 2930 2934 2934 2933 2938 2937 2938 2940 2942 2944 2944 2947 2948 2951 2948 2951 2954 2953 2956 2956 2960 2958 2962 2962 2966 2965 2968 2968 2972 2971 2974 2974 2977 2978 2980 2982 2982 2984 2986 2988 2988 2992 2991 2994 2994 2998 2997 3000 3000 3000 3003 3006 3004 3008 3008 3012 3010 3014 3014 3018 3017 3020 3020 3024 3022 3026 3026 3030 3029 3032 3032 3036 3035 3038 3038 3042 3041 3044 3044 3048 3047 3050 3050 3053 3054 3056 3059 3056 3059 3062 3061 3064 3066 3066 3069 3070 3072 3072 3074 3076 3078 3078 3082 3081 3084 3084 3087 3088 3090 3090 3092 3094 3096 3096 3100 3099 3102 3105 3107 3109 3109 3111 3113 3115 3115 3117 3119 3121 3121 3125 3123 3127 3127 3131 3129 3133 3135 3135 3137 3138 3141 3141 3145 3143 3147 3147 3151 3149 3153 3153 3157 3155 3159 3161 3163 3102 3164 3164 3168 3167 3170 3170 3174 3173 3176 3176 3180 3179 3182 3185 3182 3185 3188 3190 3187 3192 3192 3196 3195 3198 3198 3202 3201 3204 3204 3206 3208 3210 3210 3213 3214 3216 3216 3220 3219 3222 3222 3225 3226 3228 3228 3231 3232 3234 3234 3238 3237 3240 3240 3244 3243 3246 3246 3249 3250 3252 3252 3256 3252 3255 3256 3260 3262 3259 3264 3264 3264 3267 3270 3268 3273 3274 3274 3278 3277 3280 3280 3284 3283 3286 3286 3290 3289 3292 3294 3292 3294 3297 3298 3300 3300 3304 3303 3306 3306 3309 3310 3312 3312 3316 3315 3318 3318 3322 3320 3322 3325 3326 3328 3328 3330 3332 3334 3334 3334 3338 3337 3341 3342 3342 3345 3346 3348 3348 3351 3352 3354 3354 3357 3358 3360 3360 3364 3363 3366 3366 3369 3370 3372 3372 3376 3375 3378 3378 3382 3381 3384 3386 3388 3388 3392 3391 3394 3394 3398 3397 3400 3400 3404 3403 3406 3406 3409 3410 3412 3414 3414 3418 3417 3420 3422 3424 3424 1418 3427 3428 3430 3432 3430 3434 3434 3438 3437 3440 3440 3444 3443 3446 3446 3449 3450 3452 3452 3452 3459 3455 3456 3462 3462 3461 3466 3465 3468 3468 3468 3474 3471 3473 3476 3478 3476 3480 3482 3482 3484 3486 3486 3490 3490 3494 3493 3489 3496 3496 3500 3499 3500 3504 3503 3506 3506 3509 3510 3512 3512 3516 3516 3515 3519 3520 3522 3522 3526 3524 3526 3529 3530 3532 3532 3535 3536 3536 3539 3540 3542 3542 3546 3546 3545 3549 3550 3552 3552 3552 3555 3557 3558 3560 3560 3564 3563 3566 3568 3570 3570 3573 3574 3576 3576 3576 3582 3579 3584 3581 3586 3586 3590 3589 3592 3592 3596 3596 3595 3599 3600 3602 3602 3602 3608 3605 3606 3610 3610 3613 3614 3616 3616 3620 3619 3622 3624 3624 3627 3628 3630 3632 3632 3636 3635 3638 3640 3640 3643 3644 3646 3646 3650 3649 3652 3654 3656 3656 3661 3659 3663 3665 3667 3667 3669 3670 3673 3675 3675 3679 3677 3681 3683 3685 3685 3687 3688 3691 3691 3693 3695 3697 3697 3699 3701 3703 3703 3705 3707 3709 3709 3712 3711 3715 3717 3717 3721 3719 3723 3723 3727 3725 3729 3729 3733 3731 3735 3737 3735 3739 3741 3741 3743 3745 3747 3747 3751 3749 3753 3753 3757 3755 3759 3761 3761 3765 3763 3767 3767 3769 3771 3773 3773 3777 3775 3779 3781 3783 3783 3785 3787 3789 3791 3656 3792 3794 3796 3796 3800 3799 3802 3804 3806 3808 3808 3812 3811 3814 3814 3817 3818 3820 3820 3823 3824 3826 3826 3830 3828 3832 3832 3835 3836 3838 3838 3842 3841 3844 3846 3846 3850 3849 3852 3852 3855 3856 3858 3860 3862 3864 3866 3866 3870 3869 3872 3872 3876 3875 3878 3881 3878 3881 3884 3883 3886 3888 3890 3890 3893 3894 3896 3898 3900 3902 3902 3905 3906 3908 3910 3912 3912 3915 3916 3918 3918 3922 3921 3924 3926 3926 3929 3930 3932 3932 3936 3935 3938 3938 3942 3940 3944 3944 3948 3946 3950 3950 3954 3952 3954 3957 3958 3960 3960 3963 3964 3966 3966 3970 3969 3972 3972 3976 3974 3978 3978 3981 3982 3984 3986 3988 3988 3992 3991 3994 3994 3997 3998 4000 4000 4003 4004 4006 4006 4010 4009 4012 4012 4014 4016 4018 4018 4021 4022 4024 4026 4028 4028 4032 4030 4034 4034 4036 4038 4040 4042 4044 4046 4048 4050 4052 4052 4055 4056 4058 4060 4062 4064 4066 4068 4070 4072 4074 4074 4078 4077 4080 4082 4084 4084 4088 4087 4090 4090 4093 4094 4096 4098 4100 4100 4104 4103 4106 4106 4110 4109 4112 4112 4116 4115 4118 4120 4122 4122 4125 4126 4128 4128 4131 4132 4134 4136 4138 4140 4142 4142 4145 4146 4148 4150 4152 4154 4156 4156 4159 4160 4162 4164 4166 4166 4169 4170 4172 4174 4176 4176 4179 4180 3924 4182 4182 4186 4185 4188 4188 4191 4192 4194 4194 4198 4198 4197 4201 4202 4204 4204 4207 4208 4210 4210 4213 4214 4213 4214 4218 4216 4220 4220 4223 4224 4226 4226 4229 4230 4232 4232 4235 4236 4238 4238 4241 4242 4244 4244 4248 4247 4250 4250 4253 4254 4256 4256 4260 4258 4262 4262 4266 4265 4268 4268 4272 4271 4274 4274 4277 4278 4280 4280 4284 4283 4286 4286 4290 4288 4290 4293 4294 4296 4298 4300 4300 4303 4304 4306 4306 4309 4310 4312 4312 4315 4316 4318 4318 4321 4322 4324 4324 4328 4327 4330 4330 4333 4334 4336 4339 4336 4342 4339 4341 4344 4346 4346 4346 4350 4349 4352 4354 4354 4358 4357 4360 4360 4363 4364 4366 4366 4369 4370 4372 4372 4376 4375 4378 4380 4382 4382 4386 4385 4388 4388 4391 4392 4394 4394 4398 4397 4400 4400 4404 4402 4406 4406 4410 4410 4409 4410 4416 4413 4414 4418 4418 4422 4421 4424 4424 4428 4427 4430 4430 4434 4433 4436 4439 4436 4439 4442 4441 4444 4446 4446 4449 4450 4452 4454 4456 4458 4460 4462 4464 4464 4468 4466 4470 4470 4473 4474 4476 4478 4480 4482 4484 4484 4484 4488 4487 4490 4492 4494 4496 4499 4496 4502 4499 4501 4504 4506 4508 4510 4510 4513 4514 4516 4518 4518 4521 4522 4524 4524 4528 4527 4530 4530 4533 4534 4536 4538 4540 4540 4544 4543 4546 4548 4550 4550 4554 4553 4554 4558 4557 4560 4562 4564 4566 4568 4568 4568 4572 4575 4570 4576 4578 4578 4581 4582 4584 4584 4587 4588 4590 4590 4593 4594 4596 4599 4596 4602 4601 4604 4606 4608 4611 4608 4614 4611 4613 4616 4618 4618 4622 4621 4624 4624 4627 4628 4630 4632 4634 4636 4638 4640 4642 4644 4646 4648 4650 4652 4654 4656 4658 4660 4662 4664 4664 4668 4666 4670 4670 4675 4672 4676 4678 4680 4682 4684 4686 4630 4688 4690 4690 4694 4693 4696 4696 4699 4700 4702 4704 4706 4708 4710 4710 4714 4713 4716 4716 4718 4720 4722 4724 4726 4728 4730 4730 4734 4733 4736 4738 4740 4740 4744 4743 4746 4748 4750 4752 4754 4756 4758 4758 4762 4761 4764 4764 4767 4768 4770 4770 4773 4774 4774 4778 4777 4780 4780 4783 4784 4786 4786 4790 4789 4792 4792 4795 4796 4798 4798 4801 4802 4804 4804 4808 4807 4810 4810 4813 4814 4816 4819 4816 4820 4820 4824 4824 4823 4828 4827 4830 4830 4834 4833 4836 4836 4839 4840 4842 4842 4845 4846 4848 4850 4852 4852 4855 4856 4858 4861 4858 4864 4861 4863 4866 4868 4868 4872 4871 4874 4874 4877 4878 4880 4880 4884 4883 4886 4886 4889 4890 4892 4894 4896 4896 4899 4900 4902 4902 4904 4906 4908 4908 4912 4911 4914 4914 4918 4917 4920 4923 4920 4926 4925 4928 4930 4932 4932 4936 4935 4938 4938 4941 4942 4944 4944 4947 4948 4950 4950 4953 4954 4956 4956 4956 4962 4960 4959 4964 4966 4966 4970 4970 4969 4973 4974 4976 4978 4978 4981 4982 4984 4986 4988 4990 4990 4993 4994 4996 4996 5000 4999 5002 5002 5006 5004 5008 5008 5011 5012 5014 5014 5018 5017 5020 5020 4176 5023 5024 5026 5026 5030 5029 5032 5032 5036 5035 5039 5041 5043 5043 5045 5047 5045 5051 5049 5053 5053 5055 5056 5059 5059 5063 5061 5061 5066 5065 5069 5071 5073 5073 5077 5075 5079 5079 5083 5081 5085 5087 5089 5091 5093 5093 5097 5095 5099 5099 5101 5103 5105 5105 5109 5107 5111 5111 5115 5113 5117 5117 5119 5121 5123 5123 5125 5127 5129 5129 5132 5131 5135 5137 5139 5141 5143 5143 5147 5145 5149 5149 5153 5151 5155 5157 5159 5161 5161 5163 5165 5167 5167 5170 5169 5173 5173 5175 5177 5179 5181 5183 5183 5183 5187 5185 5188 5191 5193 5195 5195 5197 5198 5201 5201 5203 5205 5207 5157 5209 5209 5211 5213 5215 5215 5217 5219 5221 5221 5223 5224 5227 5227 5229 5231 5233 5233 5237 5036 5235 5238 5238 5241 5242 5242 5246 5245 5248 5248 5251 5252 5254 5256 5258 5260 5262 5262 5265 5266 5268 5270 5270 5273 5274 5276 5276 5279 5280 5282 5282 5286 5285 5288 5288 5291 5292 5294 5294 5298 5298 5297 5301 5302 5304 5304 5306 5308 5308 5308 5311 5314 5313 5316 5316 5320 5319 5322 5325 5322 5328 5325 5327 5330 5332 5332 5335 5336 5338 5338 5341 5342 5344 5346 5348 5348 5351 5352 5354 5354 5358 5357 5360 5362 5362 5366 5365 5368 5368 5372 5371 5374 5374 5378 5377 5378 5382 5381 5384 5384 5388 5387 5390 5392 5394 5394 5398 5397 5400 5400 5403 5404 5406 5406 5410 5408 5410 5413 5414 5416 5418 5420 5420 5423 5424 5426 5428 5430 5430 5434 5433 5436 5436 5439 5440 5442 5442 5446 5445 5448 5448 5451 5452 5454 5454 5457 5458 5460 5460 5464 5463 5466 5466 5470 5469 5472 5472 5475 5476 5478 5478 5481 5482 5484 5484 5487 5488 5490 5490 5494 5493 5496 5496 5499 5500 5502 5502 5506 5505 5508 5508 5512 5511 5514 5514 5518 5517 5520 5522 5524 5524 5528 5527 5530 5430 5532 5532 5536 5535 5538 5541 5538 5542 5542 5546 5545 5548 5548 5551 5552 5554 5556 5558 5558 5562 5561 5564 5564 5568 5567 5571 5568 5571 5574 5576 5573 5578 5580 5580 5584 5583 5586 5588 5590 5590 5593 5594 5596 5596 5599 5600 5602 5604 5606 5606 5609 5610 5612 5612 5615 5616 5618 5618 5622 5621 5624 5624 5627 5628 5630 5632 5634 5634 5637 5638 5640 5640 5644 5643 5646 5646 5650 5649 5652 5652 5652 5655 5658 5657 5660 5662 5662 5665 5666 5668 5668 5671 5672 5674 5674 5678 5677 5680 5682 5684 5684 5688 5687 5690 5690 5694 5693 5696 5698 5700 5700 5704 5703 5706 5708 5710 5710 5713 5714 5716 5716 5716 5719 5723 5720 5724 5726 5726 5730 5729 5732 5734 5736 5736 5736 5739 5741 5742 5744 5746 5748 5748 5751 5752 5754 5754 5757 5758 5760 5762 5764 5764 5768 5767 5770 5770 5773 5774 5776 5778 5780 5782 5782 5785 5786 5788 5790 5792 5794 5796 5798 5800 5800 5804 5803 5806 5806 5810 5809 5812 5814 5816 5816 5820 5819 5822 5822 5826 5825 5828 5828 5830 5832 5834 5834 5837 5838 5840 5840 5844 5842 5846 5846 5850 5849 5852 5854 5856 5856 5859 5860 5862 5862 5866 5865 5868 5868 5871 5872 5874 5874 5877 5878 5880 5882 5884 5886 5888 5890 5892 5894 5894 5897 5898 5900 5900 5904 5903 5906 5906 5910 5909 5912 5912 5916 5915 5918 5918 5922 5921 5924 5924 5926 5928 5930 5930 5933 5934 5936 5936 5940 5939 5942 5942 5942 5948 5944 5947 5950 5952 5952 5956 5955 5958 5958 5962 5961 5964 5964 5967 5968 5970 5970 5973 5974 5976 5976 5980 5979 5982 5982 5986 5985 5988 5988 5992 5992 5991 5996 5995 5998 5998 6000 6002 6004 6004 6007 6008 6010 6010 6012 6014 6016 6016 6020 6019 6022 6022 6026 6025 6028 6028 6031 6032 6034 6034 6037 6038 6040 6040 6044 6044 6043 6047 6048 6050 6050 6054 6053 6056 6056 6059 6060 6062 6062 6066 6065 6068 6068 6072 6071 6074 6074 6078 6077 6080 6080 6083 6083 6084 6087 6088 6090 6090 6094 6093 6096 6096 6099 6100 6102 6102 6105 6106 6108 6108 6112 6111 6112 6116 6114 6118 6118 6121 6122 6124 6124 6128 6127 6130 6130 6133 6134 6136 6136 6140 6139 6142 6142 6145 6146 6148 6148 6152 6151 6154 6154 6158 6157 6160 6160 6164 6163 6166 6166 6169 6170 6172 6172 6175 6176 6178 6178 6181 6182 6184 6184 6188 6187 6190 6190 6193 6194 6196 6196 6199 6200 6202 6202 6205 6206 6208 6208 6212 6210 6212 6216 6215 6218 6218 6221 6222 6224 6224 6227 6228 6230 6230 6234 6233 6236 6236 6239 6240 6242 6242 6246 6244 6248 6248 6251 6252 6254 6254 6257 6258 6260 6260 6264 6263 6264 6264 6267 6269 6270 6272 6272 6275 6276 6275 6279 6280 6282 6282 6286 6285 6286 6290 6289 6292 6292 6295 6296 6298 6298 6301 6302 6304 6304 6307 6308 6308 6307 6312 6311 6314 6316 6316 6314 6319 6320 6322 6322 6325 6326 6328 6328 6332 6331 6332 6335 6336 6338 6338 6342 6341 6344 6344 6346 6348 6350 6352 6350 6352 6356 6355 6358 6358 6360 6362 6364 6364 6368 6367 6370 6370 6373 6374 6376 6376 6380 6379 6382 6382 6386 6385 6388 6388 6391 6392 6394 6394 6397 6398 6400 6400 6404 6403 6404 6407 6407 6408 6410 6412 6414 6414 6418 6417 6420 6420 6424 6423 6426 6426 6429 6430 6432 6432 6436 6435 6438 6438 6442 6441 6444 6444 6448 6447 6450 6450 6454 6453 6456 6456 6459 6460 6462 6462 6465 6466 6468 6468 6472 6471 6474 6474 6477 6478 6480 6480 6484 6483 6486 6486 6489 6490 6492 4730 6492 6495 6496 6498 6498 6501 6502 6502 6506 6505 6508 6508 6512 6511 6512 6515 6516 6518 6518 6522 6521 6524 6524 6528 6528 6526 6528 6531 6532 6534 6536 6536 6539 6540 6542 6542 6542 6545 6546 6549 6550 6550 6554 6553 6554 6558 6557 6558 6562 6561 6565 6562 6562 6569 6570 6565 6567 6572 6574 6574 6578 6577 6580 6580 6583 6584 6586 6586 6589 6590 6592 6592 6596 6595 6598 6598 6602 6600 6604 6604 6608 6607 6610 6610 6614 6613 6616 6616 6620 6619 6622 6622 6625 6626 6628 6628 6632 6631 6634 6634 6638 6637 6640 6640 6644 6644 6643 6647 6648 6650 6650 6653 6654 6656 6656 6659 6660 6662 6662 6665 6666 6668 6668 6672 6671 6674 6674 6678 6677 6680 6680 6683 6684 6686 6686 6690 6689 6690 6693 6694 6696 6696 6700 6699 6702 6702 6706 6705 6708 6708 6712 6711 6714 6714 6717 6718 6720 6720 6724 6723 6726 6726 6729 6730 6732 6732 6736 6735 6738 6738 6741 6742 6744 6744 6748 6746 6750 6750 6753 6754 6756 6756 6760 6758 6762 6762 6765 6766 6768 6768 6771 6772 6772 6775 6776 6778 6778 6781 6782 6784 6784 6788 6787 6790 6790 6793 6794 6796 6796 6800 6799 6802 6802 6806 6805 6808 6808 6812 6811 6814 6816 6818 6820 6822 6824 6824 6824 6831 6827 6828 6832 6832 6835 6836 6838 6838 6840 6843 6844 6846 6848 6850 6852 6852 6855 6856 6858 6860 6860 6860 6867 6863 6864 6868 6870 6872 6874 6874 6876 6879 6880 6882 6884 6886 6888 6888 6892 6891 6894 6896 6898 6900 6902 6902 6907 6904 6908 6910 6912 6914 6914 6918 6917 6920 6922 6924 6926 6928 6930 6932 6934 6936 6938 6938 6940 6943 6944 6946 6948 6950 6952 6954 6956 6958 6960 6960 6964 6963 6964 6968 6967 6970 6970 6974 6973 6976 6976 6979 6980 6982 6982 6982 6985 6988 6987 6990 6990 6993 6994 6996 6996 7000 6999 7002 7002 7005 7006 7008 7010 7012 7014 7014 7019 7016 7020 7020 7025 7022 7025 7028 7030 7027 7032 7032 7035 7036 7038 7040 7040 7043 7044 7046 7048 7050 7052 7052 7056 7055 7058 7058 7063 7060 7065 7066 7068 7068 7073 7070 7074 7076 7078 7080 7082 7084 7084 7087 7088 7090 7090 7094 7093 7096 7098 7100 7102 7102 7106 7105 7108 7110 7112 7114 7116 7118 7120 7122 7124 7124 7129 7126 7130 7132 7132 7135 7136 7138 7138 7140 7143 7144 7146 7148 7148 7151 7153 7155 7155 7157 7159 7161 7161 7165 7163 7167 7169 7167 7171 7171 7173 7175 7177 7177 7179 7181 7183 7183 7183 7185 7189 7187 7191 7191 7193 7195 7197 7197 7199 7201 7203 7203 7207 7205 7209 7209 7211 7213 7215 7215 7217 7219 7221 7221 7223 7225 7227 7227 7231 7229 7233 7233 7237 7235 7239 7239 7241 7243 7245 7245 7247 7249 7146 7251 7148 7253 7254 7256 7258 7260 7262 7264 7266 7268 7268 7273 7270 7274 7276 7276 7279 7280 7282 7284 7284 7288 7287 7290 7290 7290 7295 7293 7296 7298 7298 7302 7301 7304 7306 7308 7310 7312 7312 7316 7315 7318 7320 7322 7322 7326 7325 7328 7330 7332 7332 7332 7339 7335 7336 7341 7336 7341 7344 7343 7346 7348 7348 7350 7353 7354 7356 7356 7360 7359 7362 7362 7366 7365 7368 7370 7372 7374 7376 7378 7380 7380 7383 7384 7384 7388 7387 7388 7393 7390 7394 7396 7396 7399 7400 7402 7402 7407 7404 7408 7410 7412 7412 7417 7414 7418 7420 7422 7422 7425 7426 7428 7428 7431 7432 7434 7434 7438 7437 7440 7442 7444 7446 7446 7450 7449 7452 7452 7456 7455 7458 7458 7462 7461 7464 7464 7468 7467 7471 7468 7472 7472 7475 7476 7478 7478 7481 7482 7484 7484 7487 7488 7490 7490 7494 7493 7496 7496 7499 7500 7502 7502 7506 7505 7508 7508 7511 7512 7514 7514 7517 7518 7520 7520 7524 7523 7526 7526 7529 7530 7532 7532 7536 7535 7536 7540 7539 7542 7542 7545 7546 7548 7548 7551 7552 7554 7554 7558 7558 7557 7562 7561 7564 7564 7568 7567 7570 7570 7570 7576 7575 7573 7578 7578 7583 7581 7578 7586 7585 7588 7588 7592 7591 7592 7596 7595 7598 7598 7601 7602 7604 7604 7608 7607 7608 7612 7611 7614 7614 7618 7617 7620 7620 7623 7624 7626 7626 7630 7629 7632 7634 7636 7638 7640 7642 7642 7647 7644 7648 7648 7650 7653 7654 7654 7659 7656 7660 7660 7664 7663 7666 7668 7668 7672 7671 7674 7676 7676 7676 7681 7682 7679 7684 7686 7688 7688 7688 7691 7695 7692 7696 7698 7700 7700 7703 7704 7706 7706 7709 7710 7712 7712 7716 7715 7718 7720 7722 7722 7724 7727 7728 7728 7731 7732 7734 7736 7738 7740 7740 7744 7743 7746 7746 7748 7751 7752 7754 7754 7758 7757 7760 7762 7764 7764 7769 7766 7770 7772 7772 7776 7775 7778 7780 7780 7782 7785 7786 7788 7788 7791 7792 7794 7794 7799 7796 7800 7800 7805 7802 7806 7808 7808 7812 7811 7814 7816 7818 7818 7821 7823 7825 7825 7829 7827 7831 7831 7835 7833 7837 7837 7839 7841 7843 7843 7847 7845 7849 7849 7851 7853 7855 7855 7859 7857 7861 7861 7865 7863 7867 7867 7871 7869 7873 7873 7875 7877 7879 7879 7881 7883 7885 7885 7887 7889 7891 7891 7893 7895 7897 7897 7899 7901 7903 7903 7905 7907 7909 7909 7913 7911 7915 7915 7917 7919 7921 7921 7925 7923 7927 7927 7931 7929 7933 7933 7935 7937 7939 7939 7943 7941 7945 7945 7949 7947 7951 7951 7955 7953 7957 7957 7959 7961 7963 7963 7965 7967 7969 7969 7971 7973 7975 7975 7979 7977 7981 7981 7983 7985 7987 7987 7991 7989 7993 7993 7995 7997 7999 7999 8003 8001 8005 8005 8007 8009 8011 8011 8015 8013 8017 8017 8019 8021 8023 8023 8025 8027 8029 8029 8031 8033 8035 8035 8039 8037 8041 8041 8045 8043 8047 8047 8051 8049 8053 8055 8053 8057 8057 8061 8059 8063 8063 8067 8065 8069 8069 8071 8073 8075 8075 8077 8079 8081 8081 8085 8083 7818 8087 8088 8090 8092 8094 8094 8097 8098 8100 8100 8102 8105 8106 8108 8110 8110 8110 8117 8114 8113 8118 8120 8120 8123 8124 8126 8128 8130 8132 8132 8135 8136 8138 8140 8142 8142 8145 8146 8149 8146 8149 8152 8149 8151 8156 8154 8158 8158 8162 8158 8161 8167 8169 8164 8169 8171 8172 8174 8176 8176 8181 8181 8178 8184 8183 8186 8188 8190 8190 8193 8194 8197 8194 8200 8197 8199 8202 8204 8206 8206 8209 8210 8212 8212 8217 8214 8218 8220 8222 8222 8225 8226 8228 8230 8230 8233 8234 8236 8239 8236 8239 8245 8241 8242 8246 8246 8249 8250 8252 8252 8256 8255 8258 8260 8262 8262 8266 8265 8268 8270 8272 8274 8276 8276 8281 8278 8282 8284 8286 8286 8290 8289 8292 8292 8296 8295 8298 8298 8302 8301 8304 8304 8309 8306 8310 8312 8312 8312 8317 8314 8319 8320 8322 8322 8326 8325 8328 8330 8330 8334 8333 8336 8336 8339 8340 8340 8344 8343 8346 8346 8350 8349 8352 8352 8355 8356 8358 8361 8358 8358 8361 8367 8364 8363 8368 8370 8370 8374 8373 8376 8376 8380 8379 8382 8382 8385 8386 8388 8388 8392 8391 8394 8394 8396 8396 8400 8399 8402 8402 8405 8406 8408 8408 8412 8411 8414 8414 8418 8417 8420 8420 8423 8424 8426 8426 8429 8430 8432 8434 8436 8439 8436 8442 8439 8441 8444 8446 8446 8448 8451 8452 8454 8456 8458 8460 8462 8464 8466 8468 8470 8472 8474 8476 8478 8478 8480 8483 8484 8486 8488 8488 8491 8492 8494 8494 8496 8499 8500 8502 8504 8506 8506 8510 8509 8512 8512 8517 8514 8517 8519 8520 8522 8522 8526 8525 8528 8530 8528 8530 8535 8537 8532 8538 8538 8541 8542 8544 8546 8546 8551 8548 8552 8554 8554 8557 8558 8558 8560 8563 8564 8566 8566 8570 8569 8570 8573 8574 8576 8576 8579 8580 8582 8584 8586 8586 8590 8589 8592 8595 8592 8595 8598 8600 8600 8597 8603 8604 8606 8606 8609 8610 8612 8614 8616 8618 8620 8622 8624 8624 8628 8627 8630 8632 8632 8636 8635 8638 8640 8642 8642 8645 8646 8648 8650 8650 8653 8654 8656 8658 8660 8662 8664 8666 8668 8668 8673 8670 8674 8676 8678 8680 8682 8684 8686 8686 8689 8690 8692 8694 8696 8698 8700 8702 8702 8706 8705 8708 8710 8712 8712 8716 8715 8718 8720 8720 8725 8722 8726 8728 8730 8732 8734 8736 8736 8740 8739 8742 8744 8746 8748 8748 8752 8751 8754 8756 8758 8760 8760 8763 8764 8766 8768 8770 8770 8775 8772 8776 8778 8780 8782 8784 8786 8786 8790 8790 8788 8794 8793 8796 8798 8800 8800 8804 8803 8806 8808 8810 8810 8814 8813 8816 8818 8820 8818 8825 8820 8823 8826 8828 8828 8832 8831 8834 8834 8838 8838 8837 8842 8841 8844 8846 8848 8850 8850 8852 8856 8855 8856 8860 8859 8862 8864 8864 8868 8867 8870 8872 8874 8876 8876 8879 8880 8882 8882 8887 8884 8888 8888 8892 8891 8894 8896 8898 8898 8901 8902 8904 8906 8908 8910 8912 8912 8917 8914 8918 8920 8922 8922 8926 8925 8928 8928 8931 8932 8934 8936 8938 8938 8942 8941 8944 8944 8948 8947 8950 8950 8953 8954 8956 8958 8960 8962 8964 8966 8968 8971 8968 8974 8971 8976 8973 8978 8980 8980 8983 8984 8986 8986 8991 8988 8992 8992 8996 8995 8998 9000 9000 9004 9003 9006 9006 9010 9009 9012 9012 9012 9015 9016 9019 9020 9020 9022 9024 9024 9028 9027 9030 9030 9034 9033 8896 9036 9038 9038 9042 9041 9044 9044 9044 9048 9047 9051 9052 9054 9054 9057 9058 9060 9060 9060 9067 9064 9063 9068 9068 9071 9072 9074 9074 9078 9077 9080 9080 9083 9084 9086 9086 9090 9089 9092 9092 9096 9095 9098 9098 9102 9101 9104 9104 9107 9108 9110 9113 9110 9113 9116 9115 9118 9118 9121 9122 9124 9124 9127 9128 9130 9130 9133 9134 9136 9136 9140 9139 9142 9142 9146 9145 9148 9148 9151 9152 9154 9154 9156 9158 9160 9160 9164 9163 9166 9166 9169 9170 9172 9172 9176 9175 9178 9178 9181 9182 9184 9184 9187 9188 9190 9190 9193 9194 9196 9196 9200 9199 9202 9202 9206 9205 9208 9208 9212 9212 9211 9216 9215 9218 9218 9222 9220 9224 9224 9228 9227 9230 9230 9232 9234 9236 9236 9239 9240 9242 9242 9246 9245 9248 9248 9252 9251 8100 9254 9256 9256 9260 9259 9262 9262 9264 9266 9268 9268 9272 9271 9274 9274 9277 9278 9280 9280 9284 9283 9286 9286 9289 9290 9292 9292 9295 9296 9298 9298 9302 9301 9304 9304 9306 9308 9310 9310 9314 9313 9316 9316 9319 9320 9322 9322 9325 9326 9328 9328 9332 9331 9334 9334 9338 9337 9340 9340 9344 9343 9346 9346 9350 9349 9352 9352 9355 9356 9358 9358 9361 9362 9364 9364 9367 9368 9370 9372 9374 9376 9378 9380 9382 9382 9386 9385 9388 9390 9392 9392 9396 9395 9398 9398 9401 9402 9404 9404 9407 9408 9410 9410 9414 9413 9416 9416 9420 9419 9422 9422 9425 9426 9428 9431 9428 9432 9432 9436 9434 9438 9438 9442 9441 9444 9444 9448 9446 9450 9450 9454 9453 9456 9456 9460 9459 9462 9462 9466 9465 9468 9468 9471 9472 9474 9474 9477 9478 9480 9480 9483 9484 9486 9486 9488 9490 9492 9492 9496 9494 9498 9498 9502 9501 9504 9504 9508 9507 9510 9510 9514 9512 9516 9516 9520 9519 9522 5894 9524 9524 9526 9528 9530 9530 9534 9533 9536 9536 9539 9540 9542 9542 9546 9545 9548 9548 9551 9552 9554 9554 9558 9557 9560 9560 9562 9564 9566 9566 9570 9569 9572 9572 9574 9576 9578 9578 9581 9582 9584 9584 9587 9588 9590 9590 9593 9594 9596 9596 9600 9598 9602 9602 9605 9606 9608 9608 9612 9610 9614 9614 9618 9617 9620 9620 9623 9624 9624 9628 9627 9630 9632 9635 9630 9632 9636 9636 9640 9639 9640 9644 9643 9644 9647 9648 9650 9650 9654 9653 9656 9656 9659 9660 9662 9662 9665 9666 9668 9668 9672 9671 9674 9674 9678 9677 9680 9680 9684 9683 9686 9686 9690 9690 9689 9694 9692 9696 9696 9700 9699 9702 9702 9706 9705 9708 9708 9712 9711 9712 9716 9714 9718 9718 9721 9722 9724 9724 9728 9727 9730 9730 9733 9730 9734 9730 9736 9730 9738 9730 9741 9730 9742 9744 9730 9746 9748 9750 9746 9753 9748 9754 9730 9756 9730 9756 9730 9760 9759 9760 9764 9763 9766 9769 9766 9770 9770 9774 9773 9774 9778 9778 9776 9778 9781 9784 9782 9786 9786 9789 9790 9792 9792 9795 9796 9798 9798 9802 9802 9801 9806 9804 9808 9808 9812 9811 9814 9814 9817 9818 9820 9820 9823 9824 9826 9826 9828 9830 9832 9832 9835 9836 9838 9838 9842 9840 9844 9844 9847 9848 9850 9850 9854 9853 9856 9856 9860 9859 9862 9862 9866 9865 9868 9868 9872 9871 9874 9874 9878 9877 9880 9880 9884 9883 9886 9886 9889 9890 9892 9892 9896 9895 9898 9898 9902 9900 9904 9906 9904 9908 9908 9912 9911 9914 9914 9918 9917 9918 9921 9922 9924 9924 9928 9927 9930 9930 9934 9932 9936 9936 9939 9940 9942 9942 9946 9944 9948 9948 9952 9951 9954 9954 9957 9958 9960 9960 9962 9964 9966 9966 9970 9969 9972 9972 9975 9976 9978 9978 9981 9982 9984 9984 9988 9987 9990 9990 9999 9992 9994 10001







290 2 2 7 4 2 11 8 12 12 17 14 18 18 23 20 24 24 29 26 30 30 35 32 36 36 41 38 42 42 47 44 48 48 50 53 54 57 54 58 58 63 60 64 64 69 66 70 70 75 72 72 76 79 80 80 85 82 86 86 88 91 92 92 94 97 98 98 100 103 104 104 109 106 110 110 112 115 116 118 116 120 120 122 125 126 126 131 128 132 132 137 134 138 138 140 143 144 144 149 146 150 150 155 152 156 156 158 161 162 162 164 167 168 168 173 170 174 174 176 179 180 180 185 182 186 186 191 188 192 192 197 194 198 198 200 203 204 204 206 209 210 210 212 215 216 216 218 221 222 222 224 227 228 228 230 233 234 234 236 239 240 240 245 242 246 246 251 248 252 252 254 257 258 258 260 263 264 264 269 266 270 270 275 272 276 266 278 278 280 283 289 284 291
550 2 2 4 7 8 8 10 13 14 14 16 19 20 22 24 27 24 28 28 33 30 34 34 36 39 40 40 42 45 46 46 48 51 52 52 54 57 58 58 60 63 64 64 66 68 70 72 70 74 74 79 76 80 80 85 82 86 86 88 91 92 92 97 94 98 100 98 100 105 102 106 106 108 111 112 114 112 112 116 118 118 120 123 124 124 126 129 130 130 132 135 136 136 138 141 142 142 144 147 148 148 150 153 154 156 154 156 161 159 162 164 164 169 166 170 170 175 172 176 176 181 178 178 182 185 186 186 191 188 192 192 194 197 198 198 203 200 204 204 209 206 210 210 212 215 216 216 219 220 220 223 224 224 229 226 230 230 235 232 236 236 238 241 242 242 247 244 248 248 253 250 254 254 256 259 260 262 260 262 267 264 269 270 272 272 274 277 278 270 280 280 285 282 286 288 286 288 293 290 295 296 296 301 298 302 302 307 304 308 308 313 310 314 314 316 319 320 320 322 325 326 326 331 328 332 332 337 334 338 338 341 342 342 347 344 348 348 352 350 350 354 357 358 358 363 360 364 364 369 366 370 370 375 372 376 376 378 381 382 382 387 384 388 388 393 390 394 394 399 396 400 400 402 405 406 406 408 411 412 412 414 417 418 418 423 420 424 424 429 426 430 430 434 432 436 436 441 438 442 442 447 444 448 448 453 450 454 454 459 456 460 460 462 465 466 466 468 471 472 472 474 477 478 478 480 483 484 484 489 486 490 490 495 492 496 496 501 498 502 502 504 507 508 508 513 510 514 514 516 519 520 520 522 525 526 526 528 531 532 532 537 534 538 538 540 543 549 544 551
352 2 2 4 7 8 8 10 13 14 14 16 19 20 20 22 25 26 26 29 30 30 32 35 36 36 38 41 42 42 47 44 48 48 50 53 54 54 57 58 58 63 60 64 64 66 69 70 70 75 72 76 76 78 81 82 82 84 87 88 88 93 90 94 94 99 96 100 100 102 105 106 106 108 111 112 112 117 114 118 118 123 120 124 124 126 129 130 130 135 132 136 136 138 141 142 145 142 146 146 151 148 152 152 154 157 158 158 163 160 164 164 169 166 170 170 172 175 176 176 178 181 182 182 187 184 188 191 188 192 192 197 194 198 198 200 203 204 204 209 206 210 210 215 212 216 216 221 218 222 222 227 224 228 228 233 230 234 234 239 236 240 240 245 242 246 246 251 248 252 252 254 257 258 258 260 263 264 264 269 266 270 270 275 272 276 276 281 278 282 282 287 284 288 288 290 293 294 294 299 296 300 300 305 302 306 306 311 308 312 312 317 314 318 318 320 323 324 324 327 328 328 333 330 334 334 336 339 340 340 345 342 351 346 353
6 6 8 10 12 12 14 16 18 18 20 23 28 28 27 2 5 29
4 6 9 10 10 15 12 16 16 38 18 20 23 24 24 26 29 30 30 32 35 36 36 38 40 43 44 44 50 49 4 3 51
4 7 8 8 13 10 14 14 19 16 20 20 25 22 26 26 28 31 32 32 34 37 38 38 40 43 44 44 49 46 50 50 55 52 56 56 61 58 62 62 67 64 68 68 73 70 74 74 79 76 80 80 82 85 86 86 88 93 90 94 94 99 96 100 100 102 105 106 106 111 108 112 112 114 117 118 118 123 121 144 125 125 127 128 131 131 135 133 137 137 139 141 143 143 147 144 148 148 153 150 154 154 156 158 160 160 162 165 166 166 168 173 170 174 174 179 176 180 180 185 182 186 186 188 191 192 192 197 194 198 198 200 203 204 204 206 209 210 210 215 212 216 216 218 221 222 222 227 224 228 228 233 230 234 234 239 236 240 240 242 244 244 249 246 250 250 255 252 256 256 260 258 260 300 263 265 266 269 269 271 272 275 275 277 278 281 281 283 284 287 287 289 290 293 293 296 295 299 299 300 305 302 306 306 308 311 312 312 317 314 318 318 320 323 324 324 326 329 330 330 334 332 336 336 489 484 338 340 342 344 344 346 349 350 350 356 352 355 358 358 358 360 362 364 364 366 368 370 370 372 374 376 376 378 380 382 382 432 385 387 388 391 391 393 394 397 397 399 400 403 403 406 405 409 409 411 412 415 415 418 417 421 421 424 423 427 427 429 430 432 432 434 439 441 436 442 441 442 447 444 448 448 453 450 454 454 461 456 458 462 464 462 464 468 466 470 470 474 472 476 476 480 478 482 482 489 484 486 490 492 490 492 497 494 498 498 503 500 504 504 506 508 510 510 514 512 516 516 520 518 522 522 524 526 528 528 530 532 534 534 544 536 540 538 542 542 544 546 548 550 553 558 558 557 2 559
28 3 5 5 9 7 11 12 11 12 17 15 19 19 27 21 23 29
82 3 82 5 5 9 7 11 11 15 13 17 17 17 22 20 19 25 27 27 29 31 33 33 35 37 39 39 41 43 45 45 47 49 51 51 55 53 57 57 58 61 61 63 65 65 67 68 71 71 74 73 81 77 83
4 6 8 12 10 14 14 16 20 22 19 22 22 24 26 28 28 31 110 35 33 35 47 37 39 41 41 45 43 45 73 71 53 49 51 51 53 55 56 59 59 60 63 63 64 67 67 69 84 87 73 75 77 79 81 139 83 139 87 89 91 91 94 93 97 97 99 100 103 103 105 109 109 107 109 110 115 112 116 116 122 334 118 120 122 122 124 126 128 130 130 322 135 132 140 140 136 142 450 142 147 144 148 148 295 152 150 156 297 155 158 156 158 288 160 162 166 164 166 166 170 169 172 172 175 456 178 177 181 181 186 183 188 185 191 188 191 456 192 196 295 194 196 198 201 202 202 204 206 206 208 211 212 212 217 214 218 218 223 220 224 224 229 226 230 230 235 232 236 236 241 238 242 242 244 247 248 248 250 252 252 257 254 258 258 260 263 264 264 269 266 270 270 275 272 276 276 280 278 280 285 282 286 286 288 290 293 295 295 297 298 307 303 300 304 304 307 315 309 315 311 312 315 315 319 317 321 321 322 325 328 328 327 330 328 330 332 332 334 336 340 340 339 340 344 342 346 346 350 348 352 352 358 354 360 357 362 360 362 368 365 368 366 368 370 372 374 374 376 378 380 380 384 382 384 388 386 390 390 392 394 396 396 408 404 398 402 400 402 402 404 407 408 408 410 412 414 414 418 416 420 420 422 424 424 426 428 430 430 434 438 432 436 436 438 436 438 442 440 444 444 447 448 448 453 450 454 454 456 460 458 462 462 467 464 468 468 470 472 472 476 474 476 480 479 480 484 482 486 486 488 490 490 492 494 496 496 500 499 500 504 502 504 508 506 510 510 512 515 516 516 518 520 522 520 522 524 526 532 532 531 6 2 8 4 533
5212 3 3 6 5 9 9 12 11 15 17 15 21 17 23 19 25 25 28 27 31 31 33 34 37 39 37 41 41 43 44 47 47 49 51 53 53 57 55 59 59 63 61 61 65 67 69 69 71 72 75 75 78 77 81 81 82 85 85 87 89 91 91 93 95 97 99 97 99 103 104 101 107 107 110 109 113 113 115 116 119 121 119 123 123 125 127 129 129 131 132 135 135 139 137 137 141 143 145 145 147 149 151 151 155 153 157 159 157 161 163 161 166 163 165 169 171 171 175 173 177 177 179 181 183 183 186 185 189 189 192 191 195 197 195 199 199 201 202 205 205 207 208 211 211 214 213 217 217 219 220 223 223 225 226 229 231 229 233 233 237 235 239 239 242 241 245 245 247 249 251 251 253 255 257 257 259 260 263 263 265 266 269 269 270 273 273 275 276 279 279 281 283 285 287 285 290 287 292 289 295 295 296 298 300 300 304 302 306 306 308 310 310 312 314 316 316 318 321 322 322 327 324 328 328 333 330 334 334 337 338 338 343 340 340 346 344 348 348 353 350 354 354 356 358 360 360 364 362 366 366 370 368 372 372 374 376 376 380 378 382 382 384 386 388 388 390 393 394 394 398 396 400 400 402 405 406 406 408 411 412 415 412 416 416 421 418 422 422 426 424 428 428 432 430 434 295 295 434 437 439 441 441 444 443 447 447 449 451 451 453 454 457 457 461 459 463 463 465 466 469 469 472 471 475 475 478 477 481 483 481 485 485 487 488 491 491 495 493 497 497 500 499 503 503 507 505 505 510 509 513 513 516 515 519 519 521 522 525 527 525 529 529 531 532 535 535 538 537 541 541 544 543 547 547 550 549 553 553 555 556 559 561 559 563 563 565 566 569 569 570 572 574 574 576 579 580 580 585 582 586 586 588 591 592 594 592 596 596 598 600 602 602 606 604 608 569 569 608 612 611 615 617 615 620 617 619 623 625 625 627 628 631 631 634 633 637 637 639 641 641 642 645 645 647 649 651 651 655 653 657 659 657 662 659 661 665 667 667 669 670 673 673 676 675 679 680 679 683 683 687 685 689 689 692 691 695 695 698 697 701 701 703 704 707 707 709 711 713 527 713 715 717 717 719 721 723 723 727 725 729 729 732 731 735 223 735 737 738 741 743 741 745 747 745 751 747 753 748 755 755 757 758 761 761 764 763 767 767 769 770 773 773 776 775 779 779 781 783 783 786 785 789 789 791 793 795 797 795 797 801 803 799 805 805 809 807 811 811 815 813 817 817 819 821 821 823 825 827 827 831 829 833 833 835 837 839 841 839 841 845 843 847 849 849 852 851 855 855 857 858 861 862 861 864 864 866 869 870 870 875 872 876 876 881 878 882 882 887 884 888 891 888 893 893 897 895 899 899 903 901 905 907 888 905 908 908 912 910 914 914 919 916 920 920 922 925 926 926 928 931 932 934 932 936 936 938 941 942 942 944 947 948 950 948 861 952 952 956 954 958 958 962 960 964 964 966 969 970 970 975 972 976 976 981 978 982 861 861 985 987 987 991 989 993 993 997 995 999 1001 999 1005 1001 1002 1007 1009 1009 1011 1013 1015 1015 1018 1017 1021 1021 1022 1025 1025 1028 1027 1031 1031 1035 1033 1037 1037 1039 1041 1043 1043 1045 1047 1049 1049 1022 1051 1052 1052 1056 1054 1058 1058 1060 1063 1064 1064 1066 1069 1070 1070 1075 1072 1076 1076 1078 1081 1082 1082 1084 1086 1088 1021 1021 1090 1088 1093 1093 1095 1096 1099 1099 1101 1103 1105 1107 1105 1110 1107 1113 1109 1115 1115 1117 1118 1121 1121 1124 1123 1127 1129 1127 1131 1131 1134 1133 1137 1137 1139 1141 1139 1143 1145 1147 1147 1149 1151 1153 1155 1153 1158 1155 1157 1161 1163 1163 1165 1167 1169 1169 1173 1171 1175 1177 1175 1179 1179 1183 1181 1185 1185 1189 1187 1191 1191 1195 1193 1197 1197 1199 1200 1203 1203 1206 1205 1209 1211 1209 1213 1213 1215 1216 1219 1219 1223 1221 1225 1225 1229 1227 1231 1231 1234 1233 1237 1237 1239 1241 1243 1243 1245 1247 1249 1249 1251 1253 1255 1253 1259 1255 1257 1261 1263 1263 1265 1267 1269 1269 1271 1273 1275 1275 1278 1277 1281 1281 1283 1284 1287 1289 1287 1291 1293 1295 1295 1297 1299 1301 1301 1304 1303 1307 1307 1310 1309 1313 1313 1316 1315 1319 1319 1322 1321 1325 1325 1327 1329 1331 1329 1301 1333 1333 1301 1335 1337 1339 1339 1343 1341 1345 1345 1347 1349 1351 1351 1353 1355 1357 1359 1357 1361 1363 1361 1363 1366 1365 1369 1371 1371 1373 1375 1377 1377 1379 1380 1383 1383 1386 1385 1389 1389 1392 1391 1395 1397 1395 1399 1399 1401 1402 1405 1405 1409 1407 1411 1411 1415 1413 1417 1417 1421 1419 1423 1423 1427 1425 1429 1429 1431 1432 1435 1437 1435 1439 1439 1441 1443 1443 1446 1445 1449 1449 1451 1453 1423 1455 1455 1423 1459 1457 1461 1461 1463 1465 1467 1469 1467 1471 1471 1475 1473 1477 1477 1480 1479 1483 1483 1486 1485 1489 1489 1492 1491 1495 1495 1497 1499 1499 1502 1501 1505 1505 1507 1508 1511 1511 1515 1513 1517 1517 1519 1521 1523 1524 1523 1527 1527 1529 1531 1533 1533 1535 1536 1539 1541 1539 1544 1541 1542 1547 1549 1549 1551 1553 1555 1555 1559 1557 1561 1561 1564 1563 1567 1567 1570 1569 1573 1574 1573 1577 1577 1581 1579 1583 1583 1586 1585 1589 1589 1593 1591 1595 1595 1599 1597 1601 1601 1603 1604 1607 1607 1609 1610 1613 1615 1613 1617 1617 1618 1621 1621 1623 1624 1627 1627 1629 1630 1633 1633 1635 1636 1639 1639 1642 1641 1645 1645 1647 1648 1651 1653 1651 1655 1655 1657 1659 1661 1661 1665 1663 1663 1667 1668 1671 1671 1675 1673 1677 1677 1679 1681 1683 1684 1683 1687 1687 1690 1689 1693 1693 1695 1696 1699 1701 1699 1701 1705 1703 1707 1709 1709 1712 1711 1715 1715 1718 1717 1721 1722 1721 1725 1725 1727 1729 1727 1730 1733 1733 1735 1737 1739 1739 1741 1743 1741 1745 1746 1749 1749 1751 1753 1755 1755 1757 1759 1761 1761 1763 1765 1765 1767 1769 1771 1771 1773 1774 1777 1777 1781 1779 1783 1783 1749 1786 1785 1789 1789 1792 1791 1795 1795 1797 1799 1799 1801 1802 1805 1805 1808 1807 1811 1811 1814 1813 1817 1817 1820 1819 1823 1823 1825 1827 1829 1829 1833 1831 1835 1836 1835 1839 1839 1842 1841 1845 1845 1847 1848 1851 1851 1853 1855 1639 1857 1857 1861 1859 1863 1863 1865 1867 1869 1869 1871 1873 1873 1875 1876 1879 1879 1882 1881 1885 1885 1889 1887 1891 1891 1893 1895 1897 1897 1900 1899 1903 1903 1905 1906 1906 1909 1911 1909 1912 1467 1915 1912 1293 1917 1291 1919 1263 1919 1923 1921 1925 1925 1927 1929 1931 1931 1935 1933 1937 1937 1941 1939 1943 1943 1945 1947 1949 1949 1951 1953 1955 1955 1959 1957 1957 1961 1963 1965 1965 1969 1967 1971 1971 1975 1973 1977 1977 1979 1981 1981 1983 1985 1985 1988 1987 1991 1993 1993 1997 1995 1999 1999 2001 2003 2001 2005 2007 2009 2009 2012 2011 2015 2015 2018 2017 2021 2021 2023 2025 2025 2029 2027 2031 2031 2035 2033 2037 2037 2039 2041 2043 2043 2047 2045 2049 2049 2052 2051 2052 2055 2056 2058 2055 2061 2058 2063 2063 2067 2065 2069 2069 2073 2071 2075 2075 2079 2077 2081 2009 2009 2081 2083 2084 2087 2087 2090 2089 2093 2095 2093 2096 2096 2098 2100 2102 2102 2106 2104 2108 2108 2110 2113 2114 2114 2119 2116 2120 2120 2122 2125 2126 2126 2128 2130 2130 2132 2135 2136 2136 2140 2138 2142 2142 2144 2147 2148 2148 2152 2150 2154 2157 2154 2158 2158 2160 2163 2164 2164 2169 2166 2170 2170 2174 2172 2176 2176 2181 2178 2182 2184 2182 2186 2186 2188 2191 2192 2192 2194 2197 2198 2198 2202 2200 2204 2204 2206 2208 2210 2210 2215 2212 2216 2216 2218 2220 2222 2225 2222 2227 2227 2229 2230 2233 2233 2236 2235 2239 2239 2243 2241 2245 2245 2249 2247 2251 2251 2253 2255 2257 2257 2261 2259 2263 2265 2263 2222 2095 2267 2269 2267 2271 2271 2275 2273 2277 2277 2279 2281 2279 2283 2284 2287 2287 2289 2290 2293 2293 2296 2295 2299 2299 2301 2303 2305 2305 2308 2307 2311 2311 2314 2313 2317 2317 2321 2319 2319 2325 2323 2327 2327 2331 2329 2333 2333 2337 2335 2339 2341 2339 2343 2343 2347 2345 2349 2349 2353 2351 2355 2355 2359 2357 2361 2361 2363 2364 2364 2367 2369 2370 2370 2373 2374 2374 2378 2376 2380 2380 2382 2385 2386 2386 2390 2388 2392 2392 2397 2394 2398 2398 2400 2403 2404 2404 2406 2409 2410 2367 2413 2410 2415 2415 2418 2417 2421 2421 2425 2423 2427 2427 2431 2429 2433 2433 2436 2435 2439 2439 2442 2441 2445 2445 2447 2449 2449 2451 2453 2455 2455 2457 2459 2461 2461 2463 2465 2467 2467 2470 2469 2470 2473 2474 2477 2477 2480 2479 2483 2483 2486 2369 2485 2367 2489 2491 2489 2493 2493 2497 2495 2499 2499 2503 2501 2501 2505 2507 2509 2509 2509 2511 2515 2513 2517 2517 2519 2521 2523 2525 2523 2527 2527 2529 2531 2533 2533 2535 2537 2539 2539 2543 2541 2545 2545 2547 2548 2551 2551 2551 2554 2553 2557 2559 2559 2562 2561 2565 2370 2565 2567 2569 2569 2571 2573 2575 2575 2577 2579 2581 2581 2583 2585 2583 2587 2588 2591 2591 2593 2594 2597 2597 2600 2599 2603 2605 2603 2607 2607 2609 2610 2613 2613 2616 2615 2619 2619 2621 2622 2625 2625 2628 2627 2631 2631 2633 2299 2635 2635 2638 2637 2641 2641 2643 2645 2647 2647 2651 2649 2653 2653 2655 2657 2659 2659 2661 2663 2665 2663 2667 2667 2669 2671 2673 2673 2675 2677 2677 2681 2679 2683 2683 2687 2685 2689 2689 2693 2691 2695 2697 2695 2699 2699 2702 2701 2705 2705 2707 2709 2711 2711 2713 2715 2717 2717 2719 2721 2723 2723 2725 2727 2729 2731 2729 2733 2733 2737 2735 2739 2739 2743 2741 2745 2745 2747 2748 2751 2751 2753 2754 2757 2757 2758 2761 2761 2765 2763 2767 2767 2771 2769 2773 2773 2777 2775 2779 2779 2781 2783 2729 2785 2729 2787 2785 2789 2789 2792 2791 2795 2795 2797 2799 2801 2801 2803 2804 2807 2807 2811 2809 2809 2814 2813 2817 2683 2817 2821 2819 2823 2823 2825 2827 2829 2831 2829 2833 2833 2837 2835 2839 2839 2841 2843 2845 2845 2847 2849 2851 2851 2853 2855 2857 2857 2859 2861 2863 2863 2865 2867 2867 2869 2871 2873 2873 2877 2875 2875 2879 2881 2883 2883 2887 2885 2889 2889 2893 2891 2895 2897 2895 2899 2899 2902 2901 2905 2905 2909 2907 2911 2911 2915 2913 2917 2917 2921 2919 2923 2923 2927 2925 2929 2929 2931 2933 2933 2935 2937 2939 2939 2942 2941 2945 2945 2949 2947 2951 2951 2955 2953 2957 2957 2959 2961 2961 2963 2965 2967 2967 2970 2969 2973 2973 2975 2977 2977 2979 2981 2983 2983 2985 2987 2989 2989 2991 2993 2995 2995 2997 2999 3001 2999 3003 3003 3005 3006 3009 3011 3011 3013 3014 3017 3017 3019 3021 3023 3023 3027 3025 3029 3029 3030 3033 3033 3037 3035 3039 3039 3043 3041 3045 3045 3048 3047 3051 3051 3053 3055 3057 3057 3059 3060 3063 3063 3066 3065 3069 3069 3073 3071 3075 3077 3075 3079 3079 3083 3081 3085 3085 3087 3089 3089 3093 3091 3095 3095 3097 3099 3101 3103 3101 3107 3103 3109 3104 3111 3111 3113 3115 3117 3117 3119 3121 3123 3124 3123 3127 3127 3131 3129 3133 3133 3135 3136 3139 3139 3142 3141 3145 3145 3147 3148 3151 3151 3153 3154 3157 3159 3157 3161 3161 3165 3163 3167 3169 3167 3173 3169 3175 3171 3177 3177 3180 3179 3183 3183 3185 3186 3189 3191 3189 3193 3193 3196 3195 3199 3199 3201 3202 3205 3205 3208 3207 3211 3211 3214 3213 3217 3217 3220 3219 3223 3223 3226 3225 3229 3229 3231 3233 3233 3235 3236 3239 3239 3241 3243 3245 3245 3249 3247 3251 3251 3254 3253 3257 3257 3259 3260 3263 3263 3265 3267 3267 3271 3269 3273 3273 3275 3276 3279 3279 3283 3281 3285 3285 3287 3288 3291 3291 3295 3293 3297 3299 3297 3301 3301 3303 3304 3307 3307 3309 3310 3313 3245 3313 3316 3315 3315 3320 3319 3323 3323 3325 3326 3329 3329 3332 3331 3335 3335 3337 3339 3341 3341 3343 3344 3347 3347 3349 3350 3353 3353 3355 3356 3359 3360 3359 3363 3363 3367 3365 3369 3369 3371 3372 3375 3360 3376 3375 3189 3191 3379 3379 3382 3381 3385 3385 3389 3387 3391 3391 3393 3394 3397 3397 3400 3399 3403 3403 3406 3405 3409 3411 3409 3413 3413 3415 3416 3419 3419 3421 3422 3425 3427 3425 3427 3431 3428 3433 3435 3435 3439 3437 3441 3441 3445 3443 3447 3449 3447 3451 3451 3454 3453 3457 3457 3461 3459 3463 3463 3466 3465 3469 3469 3471 3472 3475 3476 3475 3479 3479 3481 3483 3485 3485 3487 3488 3491 3491 3494 3493 3497 3497 3499 3500 3503 3504 3503 3507 3509 3507 3511 3511 3514 3513 3517 3517 3519 3520 3523 3523 3525 3526 3529 3529 3531 3532 3535 3537 3535 3539 3539 3541 3543 3545 3545 3547 3549 3551 3551 3554 3553 3557 3557 3560 3559 3563 3563 3565 3567 3567 3569 3571 3573 3573 3577 3575 3579 3581 3579 3581 3584 3587 3582 3589 3589 3592 3591 3595 3595 3597 3598 3601 3601 3603 3605 3605 3608 3607 3611 3611 3613 3614 3617 3617 3621 3619 3623 3623 3625 3626 3629 3629 3631 3632 3635 3636 3635 3639 3641 3639 3643 3643 3645 3647 3649 3651 3649 3651 3655 3657 3652 3659 3659 3661 3662 3665 3665 3667 3668 3671 3673 3671 3675 3675 3677 3678 3681 3681 3684 3683 3687 3687 3689 3691 3693 3693 3695 3697 3699 3699 3701 3703 3705 3705 3707 3709 3709 3711 3713 3715 3717 3717 3720 3719 3723 3723 3727 3725 3729 3729 3731 3732 3735 3735 3737 3738 3741 3741 3743 3745 3745 3747 3748 3751 3751 3754 3753 3757 3759 3757 3759 3763 3760 3765 3767 3767 3771 3769 3773 3773 3775 3776 3779 3781 3779 3783 3785 3785 3787 3788 3791 3791 3794 3793 3797 3797 3799 3800 3803 3803 3805 3806 3809 3809 3810 3812 3812 3814 3817 3818 3818 3823 3820 3824 3824 3829 3826 3830 3810 3830 3832 3835 3835 3838 3837 3841 3841 3844 3843 3847 3847 3850 3849 3853 3853 3856 3855 3859 3859 3862 3861 3865 3865 3867 3868 3871 3871 3873 3874 3877 3877 3879 3881 3881 3884 3883 3887 3887 3890 3889 3893 3893 3895 3896 3899 3899 3899 3901 3902 3905 3907 3908 3907 3911 3911 3914 3913 3917 3917 3920 3919 3923 3923 3927 3925 3929 3929 3930 3933 3933 3935 3936 3939 3939 3941 3943 3945 3945 3948 3947 3951 3951 3954 3953 3957 3957 3959 3961 3961 3964 3963 3967 3967 3969 3970 3973 3973 3975 3976 3979 3979 3981 3982 3985 3985 3988 3987 3991 3993 3991 3995 3995 3997 3998 4001 4001 4004 4003 4007 4007 4011 4009 4013 4015 4013 4017 4017 4021 4019 4023 4023 4025 4026 4029 4029 4031 4032 4035 4036 4035 4039 4041 4039 4043 4043 4045 4046 4049 4049 4051 4052 4055 4055 4057 4059 4061 4061 4064 4063 4067 4067 4069 4070 4073 4075 4073 4077 4079 4079 4081 4083 4085 4087 4085 4090 4087 4093 4089 4095 4095 4097 4098 4101 4101 4103 4104 4107 4107 4109 4111 4111 4114 4113 4117 4117 4119 4120 4123 4123 4125 4126 4129 4129 4131 4132 4135 4137 4135 4139 4139 4141 4143 4145 4145 4148 4147 4151 4151 4155 4153 4157 4157 4159 4161 4163 4163 4165 4167 4169 4170 4169 4173 4173 4175 4176 4179 4179 4182 4181 4185 4185 4189 4187 4191 4191 4194 4193 4197 4197 4199 4200 4203 4205 4203 4207 4207 4209 4210 4213 4213 4216 4215 4219 4219 4221 4222 4225 4225 4228 4227 4231 4231 4234 4233 4237 4237 4239 4240 4243 4243 4245 4247 4247 4250 4249 4253 4253 4257 4255 4259 4259 4261 4262 4265 4265 4268 4267 4271 4271 4272 4275 4275 4278 4277 4281 4281 4283 4284 4287 4287 4290 4289 4293 4293 4295 4297 4297 4301 4299 4303 4247 4303 4307 4305 4309 4309 4312 4311 4315 4315 4318 4317 4321 4323 4321 4325 4325 4329 4327 4331 4331 4333 4334 4337 4337 4339 4340 4343 4343 4345 4346 4349 4351 4349 4353 4353 4356 4355 4359 4359 4362 4361 4365 4365 4368 4367 4371 4371 4373 4374 4377 4377 4381 4379 4383 4383 4385 4387 4387 4390 4389 4393 4393 4397 4395 4399 4399 4401 4402 4405 4405 4409 4407 4411 4411 4412 4415 4417 4415 4419 4419 4422 4421 4425 4425 4427 4428 4431 4431 4433 4434 4437 4439 4437 4441 4441 4443 4444 4447 4447 4449 4450 4453 4453 4455 4456 4459 4459 4461 4462 4465 4465 4468 4467 4471 4471 4473 4475 4475 4477 4479 4481 4481 4484 4483 4487 4487 4489 4490 4493 4495 4493 4497 4497 4499 4501 4503 4503 4505 4506 4509 4509 4512 4511 4515 4516 4515 4519 4519 4521 4523 4525 4525 4527 4529 4531 4531 4534 4533 4537 4537 4540 4539 4543 4545 4543 4547 4547 4549 4551 4553 4553 4555 4556 4559 4559 4561 4562 4565 4567 4565 4569 4569 4572 4571 4575 4575 4577 4578 4581 4581 4583 4584 4587 4587 4589 4590 4593 4594 4593 4597 4599 4599 4603 4601 4605 4605 4609 4607 4611 4611 4613 4615 4615 4618 4617 4621 4621 4625 4623 4627 4627 4631 4629 4633 4633 4635 4636 4639 4641 4639 4643 4643 4645 4647 4649 4649 4651 4652 4652 4656 4655 4659 4659 4661 4662 4665 4665 4667 4668 4671 4673 4671 4675 4675 4677 4678 4681 4682 4682 4684 4687 4688 4688 4690 4692 4694 4694 4698 4696 4700 4700 4702 4705 4706 4706 4710 4708 4712 4712 4714 4716 4718 4718 4722 4720 4724 4724 4726 4728 4728 4732 4730 4734 4734 4736 4738 4740 4740 4742 4744 4746 4746 4748 4750 4752 4752 4754 4756 4756 4758 4761 4762 4762 4764 4766 4768 4768 4770 4773 4774 4752 4774 4777 4778 4778 4780 4782 4784 4784 4788 4786 4790 4790 4792 4795 4796 4796 4800 4798 4802 4802 4804 4806 4808 4808 4810 4812 4812 4816 4814 4818 4818 4823 4820 4824 4824 4826 4829 4830 4830 4832 4835 4836 4836 4838 4840 4840 4844 4842 4846 4846 4848 4851 4852 4852 4856 4854 4858 4858 4862 4860 4864 4864 4866 4868 4868 4873 4870 4874 4874 4878 4876 4880 4880 4884 4882 4886 4886 4890 4888 4892 4894 4892 4896 4896 4898 4900 4902 4902 4907 4904 4908 4908 4913 4910 4914 4914 4916 4918 4920 4920 4922 4924 4926 4926 4928 4931 4932 4932 4934 4936 4938 4938 4940 4942 4944 4944 4949 4946 4950 4950 4952 4954 4956 4956 4960 4958 4962 4962 4964 4966 4966 4970 4968 4972 4972 4977 4974 4978 4978 4983 4980 4984 4984 4989 4986 4990 4990 4992 4994 4994 4996 4998 5000 5000 5002 5004 5006 5006 5008 5011 5012 5012 5017 5014 5018 5018 5020 5022 5022 5026 5024 5028 5028 5032 5030 5034 5034 5036 5038 5040 5042 5040 5044 5046 5046 5048 5051 5052 5052 5056 5054 5058 5058 5062 5060 5064 5066 5064 5068 5068 5070 5072 5074 5076 5074 5081 5076 5078 5083 5078 5083 5086 5084 5088 5088 5090 5093 5094 5094 5098 5096 5100 5100 5102 5105 5106 5106 5110 5108 5112 5112 5116 5114 5118 5118 5120 5122 5124 5124 5126 5128 5128 5133 5130 5134 5134 5139 5136 5140 5140 5142 5145 5146 5146 5148 5150 5150 5152 5154 5156 5156 5160 5158 5162 5162 5164 5166 5168 5168 5170 5173 5174 5176 5174 5178 5178 5182 5180 5184 5184 5189 5186 5186 5193 5190 5194 5194 5112 5198 5196 5200 5200 5204 5202 5211 5044 3783 3715 3127 4139 3009 4597 4681 2833 4077 3339 2303 5206 1991 5213
908 908 5 3 7 7 8 11 11 15 13 17 17 21 19 23 23 25 27 29 29 31 33 35 35 37 39 41 41 43 45 47 47 50 49 53 53 55 57 59 59 61 63 65 65 67 69 71 71 75 73 77 77 81 79 83 83 85 86 89 89 91 93 95 95 97 99 99 101 103 105 105 109 107 111 111 115 113 117 117 121 119 123 125 123 127 127 131 129 133 133 137 135 139 139 143 141 145 145 147 149 151 151 153 155 155 157 158 161 161 163 165 167 167 171 169 173 173 175 177 179 179 183 181 185 187 185 189 189 191 193 195 195 197 199 201 201 205 203 207 207 209 211 213 213 215 217 219 220 219 223 223 227 225 229 229 233 231 235 235 238 237 241 241 243 244 247 247 251 249 253 253 255 257 257 259 261 263 263 265 267 269 269 273 271 275 275 277 279 281 281 285 283 287 289 287 291 293 291 296 293 295 299 301 301 305 303 307 307 309 310 313 313 317 315 319 319 321 323 325 325 327 329 329 333 331 335 335 337 339 341 341 343 345 347 347 349 351 353 355 353 357 357 361 359 363 363 367 365 369 369 371 373 375 375 378 377 381 381 383 385 387 387 389 391 391 393 395 397 397 399 401 403 403 405 407 409 409 411 413 415 417 415 419 419 421 423 425 425 429 427 431 431 433 434 437 437 439 441 443 443 447 445 449 449 451 453 453 455 457 459 459 461 463 465 465 467 468 471 471 473 475 477 477 481 479 483 483 485 487 487 491 489 493 493 497 495 499 499 501 502 505 505 508 507 511 511 513 515 515 517 519 521 521 523 525 527 527 531 529 533 533 535 537 539 539 543 541 545 545 547 549 549 553 551 555 555 559 557 561 561 563 565 567 567 569 571 573 571 576 573 575 579 581 581 583 585 587 587 589 591 593 593 595 597 599 599 601 603 605 607 605 609 609 612 611 615 615 618 617 621 621 625 623 627 627 631 629 633 633 635 637 639 639 641 643 643 645 647 649 649 653 651 655 655 659 657 661 663 661 665 665 669 667 671 671 675 673 677 677 679 681 683 683 687 685 661 689 691 689 693 693 695 697 699 699 703 701 705 705 707 709 711 711 715 713 717 717 719 721 723 723 727 725 729 731 729 733 39 69 735 735 739 737 741 741 743 745 747 747 751 749 753 753 755 757 759 759 763 761 765 765 767 769 771 769 774 771 773 777 777 779 781 783 785 787 783 785 789 791 791 794 793 797 797 800 799 803 803 805 807 809 809 811 813 815 815 817 819 819 821 823 825 825 827 828 831 831 834 833 837 837 841 839 843 843 846 845 849 849 851 852 855 855 857 859 860 859 863 865 865 868 867 871 871 875 873 877 877 880 879 883 883 887 885 889 889 893 891 895 897 895 863 899 901 907 903 909
80 80 3 5 7 7 9 10 13 13 15 17 19 19 21 23 25 25 29 27 31 31 33 35 37 37 41 39 43 43 45 47 49 49 53 51 55 55 57 59 61 61 65 63 67 67 69 71 73 79 73 75 81
74 74 3 5 7 7 10 9 13 13 15 17 19 19 21 23 25 25 29 27 31 31 32 31 34 31 36 31 39 31 41 43 31 45 31 47 31 31 49 51 31 53 31 55 31 31 57 59 31 61 61 65 63 67 73 68 67 75
112 112 5 3 7 7 9 11 13 13 15 17 19 19 21 23 25 25 29 27 31 31 33 35 37 37 39 40 43 43 45 46 49 49 51 53 55 55 59 57 61 61 63 64 67 67 69 71 73 73 77 75 79 79 81 83 85 85 87 89 91 91 95 93 97 97 101 99 103 103 111 105 107 113
290 290 5 3 7 7 9 11 13 13 15 16 19 19 21 23 25 25 29 27 31 31 35 33 37 37 39 41 43 43 45 47 49 49 53 51 55 55 57 59 61 61 65 63 67 67 69 71 73 73 75 77 79 79 81 83 85 85 87 89 91 91 95 93 97 97 99 101 103 101 101 105 107 107 111 109 113 113 115 117 119 119 121 123 125 125 127 129 131 131 133 135 137 137 141 139 143 143 145 147 149 149 152 151 155 155 157 159 161 161 165 163 167 167 171 169 173 175 173 177 177 179 181 183 183 185 187 189 189 191 192 195 197 197 200 199 203 203 207 205 209 209 211 213 215 217 219 215 221 219 217 223 223 224 226 223 223 229 231 223 233 233 235 237 239 239 243 241 245 245 249 247 251 251 253 255 257 257 260 259 263 263 265 267 269 269 271 273 275 275 278 277 281 281 289 285 283 291
1984 2 5 2 6 8 8 12 11 14 14 18 17 20 22 22 25 26 28 28 31 32 34 34 38 37 40 6 42 42 45 46 48 48 52 51 54 54 57 58 60 60 64 62 66 66 70 69 72 72 75 76 78 80 78 82 82 85 86 88 88 92 91 94 94 98 97 100 100 104 103 106 106 110 109 112 112 116 115 118 118 120 122 122 125 126 128 128 130 132 134 134 138 137 140 140 144 143 146 146 149 150 152 152 156 154 158 158 162 161 164 164 167 168 170 170 173 174 174 177 178 180 180 184 183 186 186 189 190 192 192 196 195 198 198 201 202 204 204 208 207 210 210 214 213 216 219 219 222 221 216 225 226 226 230 229 232 232 235 236 238 238 242 241 244 244 247 248 250 252 252 255 256 258 258 261 262 264 264 268 267 270 270 274 273 276 276 279 280 282 282 285 286 288 288 291 292 294 294 297 298 300 300 304 303 306 306 308 310 310 313 314 316 316 319 320 322 322 325 326 328 328 332 332 331 336 335 338 338 342 341 344 344 347 348 350 350 353 354 356 356 359 360 362 362 366 365 368 370 370 374 372 376 376 380 379 382 382 385 386 388 388 392 391 394 394 397 398 400 368 402 404 404 407 408 410 410 413 414 416 416 419 420 422 422 426 425 428 428 431 432 434 434 437 438 440 440 443 444 446 446 450 449 452 452 455 456 458 458 462 461 464 464 468 467 470 470 474 473 476 476 480 479 482 482 485 486 488 488 491 492 494 496 496 501 498 502 502 504 506 504 508 511 512 514 512 514 519 520 516 522 522 527 524 528 528 530 533 534 534 539 536 540 540 543 544 544 546 549 550 550 552 555 556 556 561 558 562 562 567 564 568 570 568 575 570 572 576 578 578 580 583 584 584 586 589 590 590 590 594 592 597 598 598 600 603 604 604 609 606 610 610 612 615 616 616 618 621 622 622 624 627 628 628 633 630 634 634 639 636 640 640 642 644 646 646 651 648 652 652 657 654 658 658 663 660 664 664 669 666 670 670 672 675 676 676 678 681 682 682 686 684 688 688 690 692 694 694 696 699 700 700 705 702 706 706 708 711 712 712 714 716 718 718 723 720 724 724 726 729 730 730 734 732 730 736 739 740 740 742 745 746 746 748 751 752 752 757 754 758 758 758 763 760 765 766 766 768 771 772 772 777 774 778 778 780 783 784 784 789 786 790 790 792 795 796 796 801 798 802 802 804 807 808 808 813 810 814 816 814 816 821 818 822 824 824 826 829 830 830 832 834 836 836 841 838 842 844 842 844 849 846 850 852 852 854 857 858 858 863 860 864 864 866 869 870 870 875 872 876 876 879 880 880 882 885 886 886 888 891 892 892 894 897 898 898 900 903 904 904 906 908 908 910 912 914 914 916 919 920 920 922 925 926 926 931 928 932 932 934 936 938 938 943 940 944 944 948 946 950 950 955 952 956 956 958 960 962 962 964 967 968 968 973 970 974 974 979 976 980 980 982 985 986 986 991 988 992 992 997 994 998 998 1003 1000 1004 1004 1009 1006 1010 1010 1012 1015 1016 1016 1018 1021 1022 1022 1027 1024 1028 1028 1033 1030 1034 1034 1039 1036 1040 1040 1042 1045 1046 1046 1048 1051 1052 1052 1054 1057 1058 1058 1060 1063 1064 1064 1069 1066 1070 1070 1072 1074 1076 1076 1079 1080 1080 1084 1082 1086 1086 1088 1091 1092 1092 1094 1097 1098 1098 1100 1102 1104 1104 1109 1106 1110 1110 1115 1112 1116 1116 1118 1121 1122 1122 1124 1127 1128 1128 1133 1130 1134 1134 1139 1136 1140 1140 1142 1145 1146 1146 1148 1151 1152 1152 1154 1157 1158 1158 1160 1163 1164 1164 1169 1166 1170 1170 1175 1172 1176 1176 1178 1181 1182 1182 1187 1184 1188 1188 1190 1193 1194 1194 1199 1196 1200 1200 1202 1205 1206 1206 1211 1208 1212 1212 1214 1217 1218 1218 1220 1223 1224 1224 1226 1228 1230 1230 1232 1235 1236 1236 1241 1238 1242 1242 1244 1247 1248 1248 1250 1253 1254 1254 1256 1259 1260 1260 1262 1265 1266 1266 1270 1268 1272 1272 1274 1277 1278 1278 1283 1280 1284 1284 1286 1289 1290 1290 1295 1292 1296 1296 1301 1298 1302 1302 1304 1307 1308 1308 1310 1312 1310 1317 1314 1318 1320 1320 1322 1325 1326 1329 1326 1330 1330 1334 1332 1336 1336 1338 1341 1342 1342 1346 1344 1348 1348 1352 1350 1354 1354 1356 1358 1360 1360 1362 1364 1366 1366 1370 1368 1372 1372 1374 1377 1378 1378 1380 1383 1384 1384 1386 1388 1390 1390 1392 1395 1396 1396 1398 1400 1402 1402 1406 1404 1408 1408 1410 1412 1414 1414 1414 1418 1420 1416 1422 1422 1426 1424 1428 1428 1432 1430 1434 1434 1436 1439 1440 1440 1442 1444 1446 1446 1448 1451 1452 1452 1457 1454 1458 1458 1462 1460 1464 1464 1468 1466 1470 1470 1472 1474 1474 1478 1476 1480 1480 1482 1485 1486 1486 1488 1490 1492 1492 1497 1494 1498 1498 1502 1500 1504 1504 1506 1509 1510 1510 1512 1515 1516 1516 1520 1518 1522 1522 1527 1524 1528 1528 1533 1530 1534 1534 1536 1538 1540 1540 1542 1544 1546 1546 1550 1548 1548 1552 1555 1556 1556 1560 1558 1562 1562 1566 1564 1568 1568 1572 1570 1574 1574 1576 1578 1580 1580 1582 1584 1584 1588 1586 1590 1590 1592 1595 1596 1596 1600 1598 1602 1602 1606 1604 1608 1608 1610 1612 1614 1614 1618 1616 1620 1620 1622 1624 1626 1626 1630 1628 1632 1632 1637 1634 1638 1638 1640 1642 1644 1644 1646 1649 1650 1650 1655 1652 1656 1656 1658 1660 1662 1662 1664 1666 1668 1668 1672 1670 1674 1674 1678 1676 1680 1680 1684 1682 1686 1686 1691 1688 1692 1692 1692 1694 1698 1696 1700 1700 1702 1704 1706 1706 1708 1710 1712 1712 1716 1714 1718 1718 1720 1723 1724 1724 1726 1728 1730 1730 1734 1732 1736 1736 1738 1741 1742 1742 1746 1744 1748 1748 1750 1752 1754 1754 1759 1756 1760 1760 1762 1764 1766 1766 1768 1771 1772 1772 1774 1776 1778 1778 1780 1783 1784 1784 1786 1788 1790 1790 1794 1792 1796 1796 1798 1800 1802 1802 1807 1804 1808 1808 1812 1810 1814 1814 1818 1816 1820 1820 1824 1822 1826 1826 1830 1828 1832 1832 1836 1834 1838 1838 1842 1840 1844 1844 1846 1848 1850 1850 1852 1854 1856 1856 1858 1860 1862 1862 1866 1864 1868 1868 1872 1870 1874 1874 1876 1879 1880 1880 1884 1882 1886 1886 1888 1890 1892 1894 1894 1896 1899 1900 1900 1904 1902 1906 1906 1908 1910 1912 1912 1914 1916 1918 1918 1923 1920 1924 1924 1926 1929 1930 1930 1930 1934 1932 1937 1938 1938 1940 1942 1944 1946 1946 1948 1951 1952 1952 1954 1957 1958 1958 1958 1964 1960 1963 1966 1966 1968 1970 1972 1972 1974 1976 1983 1978 1985
80 2 2 4 6 8 8 12 11 14 14 18 17 20 20 24 23 26 26 29 30 32 32 34 36 38 38 41 42 44 44 47 48 50 50 53 54 56 56 60 58 62 62 65 66 68 68 71 72 79 74 81

706 3 3 5 7 7 10 9 13 13 15 17 19 19 22 21 25 25 29 27 31 31 33 35 37 39 41 41 45 43 47 47 49 51 53 55 53 55 59 57 61 63 64 63 67 67 71 69 73 75 77 79 69 81 75 81 83 86 89 89 92 91 77 95 84 95 97 98 101 97 103 103 107 105 109 109 113 111 115 115 118 117 121 121 124 123 127 127 131 129 133 133 136 135 139 139 141 142 145 145 147 148 151 151 153 154 157 157 160 159 163 163 166 165 169 169 171 173 175 175 177 178 181 181 181 184 187 183 189 189 191 193 195 195 197 198 201 201 205 203 207 207 210 209 213 213 215 217 219 219 223 221 225 227 229 229 231 233 235 235 237 239 241 241 243 245 247 247 251 249 253 253 255 256 259 259 261 262 265 265 267 268 271 273 273 277 275 279 279 281 282 285 285 288 287 291 291 293 295 297 297 301 299 303 303 303 307 308 305 311 311 314 313 317 317 320 319 323 323 326 325 329 329 331 333 335 335 339 337 341 341 344 343 347 347 351 349 353 353 355 357 359 359 361 363 365 365 367 369 371 371 373 375 377 377 381 379 383 383 385 386 389 389 389 391 395 392 397 397 401 399 403 403 407 405 409 409 409 411 415 412 417 417 419 420 423 423 426 425 429 429 431 433 435 435 439 437 441 441 445 443 445 448 447 451 451 455 453 457 457 459 461 463 463 465 467 469 469 471 473 475 475 478 477 481 481 483 484 487 487 489 490 493 493 497 495 499 499 502 501 505 505 507 508 511 511 514 513 517 517 521 519 523 523 525 526 529 531 529 529 531 535 537 532 539 541 541 543 545 547 547 550 549 553 553 553 559 557 555 561 561 564 563 567 567 571 569 573 573 577 575 579 579 581 583 585 585 587 588 591 591 595 593 597 597 600 599 603 603 605 607 609 609 613 611 615 617 615 617 621 619 623 623 625 626 629 629 633 631 635 635 639 637 641 641 643 645 647 647 651 649 653 653 657 655 659 660 660 664 663 666 669 666 672 669 671 674 674 677 678 680 682 682 684 687 688 688 692 690 694 694 699 696 705 700 707
706 3 3 5 7 7 10 9 13 13 15 17 19 19 22 21 25 25 29 27 31 31 33 35 37 39 41 41 45 43 47 47 49 51 53 55 53 55 59 57 61 63 64 63 67 67 71 69 73 75 77 79 69 81 75 81 83 86 89 89 92 91 77 95 84 95 97 98 101 97 103 103 107 105 109 109 113 111 115 115 118 117 121 121 124 123 127 127 131 129 133 133 136 135 139 139 141 142 145 145 147 148 151 151 153 154 157 157 160 159 163 163 166 165 169 169 171 173 175 175 177 178 181 181 181 184 187 183 189 189 191 193 195 195 197 198 201 201 205 203 207 207 210 209 213 213 215 217 219 219 223 221 225 227 229 229 231 233 235 235 237 239 241 241 243 245 247 247 251 249 253 253 255 256 259 259 261 262 265 265 267 268 271 273 273 277 275 279 279 281 282 285 285 288 287 291 291 293 295 297 297 301 299 303 303 303 307 308 305 311 311 314 313 317 317 320 319 323 323 326 325 329 329 331 333 335 335 339 337 341 341 344 343 347 347 351 349 353 353 355 357 359 359 361 363 365 365 367 369 371 371 373 375 377 377 381 379 383 383 385 386 389 389 389 391 395 392 397 397 401 399 403 403 407 405 409 409 409 411 415 412 417 417 419 420 423 423 426 425 429 429 431 433 435 435 439 437 441 441 445 443 445 448 447 451 451 455 453 457 457 459 461 463 463 465 467 469 469 471 473 475 475 478 477 481 481 483 484 487 487 489 490 493 493 497 495 499 499 502 501 505 505 507 508 511 511 514 513 517 517 521 519 523 523 525 526 529 531 529 529 531 535 537 532 539 541 541 543 545 547 547 550 549 553 553 553 559 557 555 561 561 564 563 567 567 571 569 573 573 577 575 579 579 581 583 585 585 587 588 591 591 595 593 597 597 600 599 603 603 605 607 609 609 613 611 615 617 615 617 621 619 623 623 625 626 629 629 633 631 635 635 639 637 641 641 643 645 647 647 651 649 653 653 657 655 659 660 660 664 663 666 669 666 672 669 671 674 674 677 678 680 682 682 684 687 688 688 692 690 694 694 699 696 705 700 707
494 494 2 4 6 6 11 8 12 12 14 17 18 18 20 22 24 24 28 26 30 30 35 32 36 36 41 38 42 42 47 44 48 48 53 50 54 54 59 56 60 60 62 65 66 68 66 68 72 70 75 76 76 78 81 82 82 86 84 88 88 93 90 94 94 99 96 100 100 105 102 106 106 108 111 112 112 114 117 118 118 120 123 124 124 129 126 130 130 135 132 136 136 141 138 142 142 144 146 148 148 153 150 154 154 156 158 160 160 162 165 166 166 168 171 172 172 174 177 178 178 180 183 184 184 189 186 190 190 195 192 196 196 201 198 202 202 207 204 208 210 208 208 212 214 208 208 216 218 208 220 220 224 222 226 226 228 231 232 232 234 237 238 238 243 240 244 244 246 248 250 250 252 254 256 256 258 261 262 262 266 264 268 268 270 273 274 274 276 279 280 280 284 282 286 286 288 290 292 292 297 294 298 298 300 303 304 304 306 309 310 310 312 314 316 316 318 321 322 322 327 324 328 328 330 333 334 334 339 336 340 340 343 344 344 347 348 348 350 353 354 354 359 356 360 360 364 362 366 366 368 371 372 372 374 377 378 378 380 383 384 384 386 389 390 390 395 392 392 399 396 400 400 402 405 406 406 408 410 412 412 414 417 418 418 423 420 424 424 426 429 430 430 434 432 436 436 438 441 442 442 446 444 448 448 453 450 454 454 456 458 460 460 462 464 466 466 471 468 472 472 477 474 478 478 480 483 484 486 484 493 486 489 495
6 6 8 11 12 12 14 16 18 18 20 22 24 24 28 26 30 30 32 35 36 36 38 41 42 42 46 44 48 48 50 52 54 54 59 56 60 60 62 64 66 66 68 70 72 72 77 74 78 78 82 80 84 84 88 86 90 90 94 92 96 96 98 100 102 102 106 104 108 108 113 110 114 114 118 116 120 120 125 122 126 126 128 131 132 132 137 134 138 138 140 143 144 144 148 146 150 150 155 152 156 156 158 160 162 162 164 167 168 168 172 170 174 174 178 176 180 180 182 185 186 186 190 188 190 194 192 196 196 201 198 202 202 204 207 208 208 210 213 214 214 216 219 220 220 224 222 226 226 230 228 232 232 237 234 238 238 243 240 244 244 246 251 252 249 254 252 254 257 258 258 260 262 262 266 264 268 268 270 272 274 274 278 276 280 280 282 284 286 286 291 288 292 292 294 297 298 298 300 302 302 304 306 308 308 310 313 314 314 319 316 320 320 322 325 326 326 330 328 332 332 334 336 338 338 340 342 344 344 349 346 350 350 352 354 356 356 358 360 360 365 362 370 370 369 4 2 371
6 4 8 8 11 13 17 15 17 17 19 21 21 23 25 27 27 29 31 31 35 33 37 37 53 38 43 40 44 44 46 49 50 50 53 54 57 59 59 60 63 65 65 69 66 71 71 75 73 75 77 79 79 81 83 85 85 89 86 91 91 93 97 94 97 97 99 101 103 103 105 105 107 121 111 108 112 115 112 117 117 119 121 121 123 125 127 127 131 128 133 133 137 135 137 139 141 143 143 147 145 149 149 167 151 153 155 157 157 159 167 160 163 165 165 167 169 171 173 195 173 179 174 181 176 183 181 183 195 185 189 186 189 193 190 195 203 195 196 199 199 201 203 203 205 207 209 209 211 213 217 217 214 219 219 223 221 223 223 227 225 227 231 229 233 233 234 237 239 239 243 240 245 245 247 248 248 251 251 256 255 2 11 257
4 7 9 11 13 13 17 15 17 19 35 51 20 22 24 24 28 26 28 30 32 32 35 36 39 39 41 43 45 43 45 49 47 49 51 55 53 57 57 87 99 59 63 61 63 66 65 69 69 71 72 75 75 78 77 81 81 83 85 85 87 89 91 93 93 95 97 97 99 101 103 105 105 109 107 109 113 111 115 115 213 118 117 217 224 227 121 215 121 123 129 124 127 127 129 132 131 135 135 143 172 137 181 165 139 141 141 143 147 145 149 149 153 157 151 155 155 157 159 161 163 163 165 166 181 169 170 170 172 176 174 178 178 181 182 185 185 189 187 189 191 193 195 196 195 199 199 211 201 202 205 205 209 207 209 211 213 215 217 220 219 223 223 224 231 227 229 229 231 237 232 239 234 237 239 241 265 243 243 245 246 249 249 257 252 251 255 255 257 260 259 263 263 265 267 271 269 275 275 272 277 277 281 278 283 283 287 284 289 289 293 290 295 295 299 297 301 301 302 305 307 307 311 309 313 313 314 317 319 319 320 323 328 328 327 2 329
7 7 11 8 13 13 17 14 19 19 23 21 25 25 29 26 31 31 35 33 37 37 41 39 43 43 45 47 49 49 50 53 55 55 56 59 61 61 65 62 67 67 68 71 73 73 77 74 79 79 83 80 85 85 86 89 91 91 95 92 97 97 101 99 103 103 104 107 109 109 113 110 117 117 114 117 118 121 123 123 127 124 129 129 133 130 135 135 136 139 144 144 143 5 2 145
122 122 4 2 6 8 6 10 10 13 14 16 16 20 18 22 25 22 26 26 30 29 32 32 36 34 38 38 42 40 44 44 47 48 50 50 53 54 56 56 60 58 62 62 65 66 68 68 71 72 74 74 78 77 80 80 83 84 86 86 88 90 92 92 94 96 96 100 98 102 102 105 106 108 108 112 111 114 121 114 116 123
186 186 4 3 6 6 10 9 12 12 15 16 18 18 20 22 22 25 26 28 28 32 31 34 34 37 38 40 40 42 44 46 46 49 50 52 52 56 55 58 58 62 61 64 64 67 68 70 70 74 72 76 76 80 78 82 82 84 86 88 88 90 92 92 96 95 98 98 102 101 104 104 107 108 110 110 113 114 116 116 120 118 122 122 126 125 128 128 130 132 134 134 138 137 140 140 144 143 146 146 150 149 152 152 154 156 158 158 162 161 164 164 167 168 170 170 174 173 176 176 185 179 180 187
236 236 4 3 6 6 9 10 12 12 15 16 18 18 22 21 24 24 28 26 30 30 33 34 36 36 38 40 40 43 44 46 46 48 50 52 52 55 56 58 58 62 61 64 64 68 67 70 70 74 73 76 76 80 79 82 82 85 86 88 88 91 92 94 94 98 97 100 100 104 103 106 106 110 109 110 113 114 116 116 120 119 122 122 126 124 128 128 131 132 134 134 138 137 138 141 142 144 144 146 148 148 152 150 154 154 156 158 160 160 164 163 166 166 170 169 172 172 176 175 178 178 182 181 184 184 186 188 190 190 192 194 196 196 199 200 202 202 206 205 208 208 211 212 214 214 217 218 220 220 222 224 226 226 235 228 230 237
7 7 9 10 13 13 16 15 19 19 21 22 25 25 29 27 31 31 33 34 37 37 39 41 43 43 47 45 47 51 49 53 53 55 57 59 59 63 61 65 65 69 67 69 72 71 75 75 78 77 81 81 87 83 84 87 94 89 87 89 94 93 4 3 95
138 138 4 3 6 6 10 9 12 12 16 14 18 18 20 22 24 24 28 27 30 30 34 33 36 36 40 39 42 42 46 45 48 48 52 51 54 54 57 58 60 62 64 60 67 62 67 70 68 72 74 77 74 77 79 72 80 80 82 84 86 86 90 89 92 92 96 95 98 98 101 102 104 104 108 106 110 110 113 114 116 116 119 120 122 122 125 126 128 128 137 130 132 139
6 6 8 11 12 12 14 16 18 18 20 22 24 24 28 26 30 30 32 35 36 36 38 41 42 42 46 44 48 48 50 52 54 54 59 56 60 60 62 64 66 66 68 70 72 72 77 74 78 78 82 80 84 84 88 86 90 90 94 92 96 96 98 100 102 102 106 104 108 108 113 110 114 114 118 116 120 120 125 122 126 126 128 131 132 132 137 134 138 138 140 143 144 144 148 146 150 150 155 152 156 156 158 160 162 162 164 167 168 168 172 170 174 174 178 176 180 180 182 185 186 186 190 188 190 194 192 196 196 201 198 202 202 204 207 208 208 210 213 214 214 216 219 220 220 224 222 226 226 230 228 232 232 237 234 238 238 243 240 244 244 246 251 252 249 254 252 254 257 258 258 260 262 262 266 264 268 268 270 272 274 274 278 276 280 280 282 284 286 286 291 288 292 292 294 297 298 298 300 302 302 304 306 308 308 310 313 314 314 319 316 320 320 322 325 326 326 330 328 332 332 334 336 338 338 340 342 344 344 349 346 350 350 352 354 356 356 358 360 360 365 362 370 370 369 4 2 371
7 7 9 11 13 13 15 17 19 19 23 20 25 25 26 29 31 31 33 35 35 36 39 41 41 42 45 47 47 51 49 53 53 57 54 59 59 60 63 65 65 67 69 71 71 72 75 77 77 81 78 83 83 84 87 89 89 93 90 95 95 96 99 101 101 105 103 107 107 109 111 113 113 117 114 119 119 123 120 125 125 129 126 131 131 132 135 137 137 141 139 141 145 142 147 147 148 151 153 153 155 159 159 156 161 161 162 165 167 167 171 168 173 173 174 177 179 179 181 183 185 185 186 189 191 191 192 195 197 197 201 199 203 203 207 204 209 209 213 211 215 215 216 219 221 221 225 222 227 227 231 229 231 232 235 237 237 241 239 243 243 245 247 249 249 253 251 257 257 254 259 259 261 263 265 265 269 267 271 271 275 272 277 277 281 278 283 283 284 287 289 289 293 290 295 295 299 296 301 301 302 305 307 307 311 308 313 313 314 317 319 319 323 321 323 327 324 329 329 331 333 335 335 337 341 341 338 341 342 345 347 347 348 351 353 353 357 355 362 362 361 2 5 363

6 6 8 10 12 12 14 16 18 18 20 23 24 24 28 26 30 30 32 34 36 36 40 38 42 42 46 44 48 48 50 52 54 54 56 58 58 62 60 62 66 64 68 68 70 72 74 74 76 79 80 80 85 82 86 86 91 88 92 92 94 96 102 102 101 2 5 103

4 10 10 6 10 8 10 14 12 16 16 18 20 22 22 26 24 28 28 32 30 34 34 36 38 44 44 43 10 3 45
4820 3 3 4 7 9 9 13 10 15 15 19 16 21 21 25 22 27 27 28 31 33 33 34 37 39 39 43 40 45 47 47 51 48 53 53 54 57 59 59 60 63 65 65 66 69 71 71 72 75 77 77 78 81 83 83 84 87 89 89 93 90 95 95 99 96 101 103 105 107 109 9 113 111 115 115 119 116 121 121 125 122 127 129 131 133 133 136 135 139 139 143 141 143 147 144 149 149 153 150 153 155 156 159 159 161 162 161 167 164 167 170 169 173 173 174 177 179 179 183 183 180 184 187 189 190 189 190 195 197 193 199 199 199 202 201 204 207 207 211 208 213 213 217 214 219 219 223 220 225 225 226 229 231 231 235 233 237 237 241 238 243 243 247 244 249 249 253 250 253 254 257 259 259 260 263 265 267 269 269 273 270 275 275 279 276 281 281 285 283 285 289 286 291 291 293 295 297 297 298 301 303 303 307 304 309 309 313 313 311 317 317 315 321 321 321 319 323 327 324 329 329 333 331 335 335 337 339 341 341 345 343 345 349 347 351 351 355 353 357 357 361 359 363 363 365 367 369 369 371 373 375 375 379 376 381 381 385 383 387 387 389 391 393 393 397 395 399 399 403 401 405 405 406 409 411 413 415 415 419 419 416 421 423 425 425 427 429 431 431 433 435 437 437 439 441 443 443 447 444 449 449 450 453 455 455 456 459 461 461 465 463 467 467 468 471 473 473 475 477 478 477 483 478 485 481 487 487 487 488 491 493 495 495 497 499 501 501 502 505 507 507 511 509 513 513 517 514 519 519 519 525 520 523 527 527 527 531 528 533 535 535 536 539 541 541 545 545 542 549 547 551 551 552 555 557 557 561 558 563 563 564 567 569 569 573 573 570 577 575 579 580 579 580 585 587 583 589 589 593 593 597 595 597 601 601 590 598 603 605 607 609 607 611 611 611 612 617 615 619 619 621 623 625 625 626 629 629 630 633 635 635 639 636 641 641 645 642 647 647 648 651 653 653 657 654 659 659 660 663 665 665 666 669 671 671 675 672 677 677 679 681 683 683 687 684 689 689 691 693 695 695 696 699 701 701 705 703 707 707 709 711 713 713 717 715 719 719 721 723 725 725 727 729 731 731 735 732 737 737 738 741 743 743 747 744 747 751 748 753 753 755 757 759 759 760 763 765 765 769 766 771 771 775 772 775 779 776 781 781 782 785 787 787 788 791 793 793 797 794 799 799 803 800 805 805 809 806 811 811 812 815 817 817 819 821 823 823 824 827 829 829 833 830 835 835 839 837 841 841 845 843 847 847 851 849 853 853 857 855 859 859 863 861 865 865 869 867 871 871 871 874 877 873 879 879 883 881 885 885 889 887 891 891 893 895 897 897 899 901 903 903 907 905 909 909 913 911 915 915 919 917 921 921 922 925 927 927 929 931 933 933 937 935 939 939 943 940 945 945 947 949 951 951 953 955 957 957 961 959 961 963 965 967 967 969 971 973 973 975 977 979 979 983 981 985 985 987 989 991 991 995 993 997 997 1001 999 1003 1003 1007 1005 1009 1009 1013 1011 1015 1015 1017 1019 1021 1021 1025 1023 1027 1027 1029 1031 1033 1033 1035 1037 1039 1039 1043 1041 1045 1045 1047 1049 1051 1051 1052 1055 1057 1057 1058 1061 1063 1063 1065 1067 1069 1069 1071 1073 1075 1075 1079 1077 1081 1081 1085 1083 1087 1087 1091 1089 1093 1093 1097 1095 1099 1099 1103 1101 1105 1105 1109 1107 1111 1111 1115 1115 1113 1116 1119 1121 1121 1125 1123 1127 1127 1129 1131 1133 1135 1135 1139 1137 1141 1141 1145 1143 1147 1147 1151 1149 1153 1153 1155 1157 1159 1159 1159 1165 1161 1162 1167 1167 1171 1169 1173 1173 1175 1177 1177 1181 1178 1183 1183 1185 1187 1189 1189 1190 1193 1195 1195 1195 1197 1198 1201 1203 1203 1204 1207 1209 1133 1209 1210 1213 1215 1215 1219 1216 1221 1221 1222 1225 1227 1227 1228 1231 1233 1233 1234 1237 1239 1239 1240 1243 1245 1245 1246 1249 1251 1251 1255 1252 1257 1257 1258 1261 1263 1263 1267 1264 1269 1269 1273 1270 1275 1277 1275 1279 1279 1280 1283 1285 1285 1286 1289 1291 1291 1295 1292 1296 1295 1301 1296 1303 1299 1305 1305 1309 1306 1311 1311 1315 1312 1317 1317 1318 1321 1317 1325 1322 1327 1327 1331 1328 1333 1333 1337 1334 1339 1339 1340 1343 1345 1345 1346 1349 1351 1351 1355 1352 1357 1357 1357 1363 1358 1361 1365 1365 1366 1369 1371 1372 1371 1377 1372 1379 1374 1381 1381 1382 1385 1387 1387 1388 1391 1393 1393 1397 1394 1399 1399 1399 1403 1400 1405 1407 1407 1411 1411 1415 1408 1413 1417 1417 1418 1421 1423 1423 1425 1427 1429 1429 1433 1433 1430 1435 1437 1439 1439 1440 1443 1445 1445 1446 1449 1451 1451 1453 1455 1457 1459 1461 1461 1465 1462 1467 1467 1471 1469 1471 1472 1475 1477 1477 1479 1481 1483 1483 1485 1487 1489 1489 1490 1493 1495 1495 1497 1499 1501 1501 1502 1505 1507 1507 1511 1509 1511 1512 1515 1517 1517 1519 1521 1521 1522 1525 1527 1527 1529 1531 1533 1533 1534 1537 1539 1539 1539 1545 1540 1547 1543 1549 1549 1553 1550 1555 1555 1559 1556 1561 1561 1565 1562 1567 1567 1568 1571 1573 1573 1574 1577 1579 1579 1579 1585 1582 1580 1587 1587 1591 1589 1593 1591 1595 1595 1599 1597 1601 1601 1605 1602 1607 1607 1608 1611 1613 1613 1613 1617 1614 1619 1621 1621 1622 1625 1627 1627 1627 1630 1629 1633 1635 1635 1639 1637 1641 1641 1645 1642 1647 1647 1649 1651 1653 1653 1654 1657 1659 1659 1663 1660 1665 1665 1669 1666 1669 1673 1673 1671 1677 1674 1679 1679 1683 1680 1685 1685 1689 1686 1691 1691 1692 1695 1697 1697 1698 1701 1703 1703 1707 1704 1709 1709 1713 1710 1715 1715 1719 1716 1721 1721 1725 1722 1727 1728 1727 1733 1728 1735 1735 1731 1739 1736 1741 1741 1745 1742 1747 1747 1747 1753 1750 1748 1755 1755 1759 1756 1761 1761 1765 1762 1767 1767 1767 1771 1772 1771 1769 1774 1777 1779 1779 1783 1783 1781 1784 1787 1789 1789 1793 1790 1795 1795 1799 1800 1797 1799 1805 1800 1807 1802 1809 1809 1811 1813 1815 1815 1819 1816 1821 1821 1822 1825 1827 1827 1828 1831 1833 1833 1833 1839 1837 1834 1841 1841 1842 1845 1847 1847 1848 1851 1853 1854 1853 1854 1859 1861 1856 1863 1863 1864 1867 1869 1869 1870 1873 1875 1875 1879 1876 1879 1881 1883 1885 1885 1889 1886 1891 1891 1892 1895 1897 1897 1901 1899 1903 1903 1904 1907 1909 1909 1910 1913 1915 1916 1916 1915 1921 1923 1918 1925 1925 1929 1926 1931 1931 1932 1934 1936 1931 1939 1939 1940 1943 1945 1945 1945 1951 1948 1946 1953 1953 1953 1959 1956 1954 1960 1959 1960 1965 1963 1967 1969 1969 1973 1971 1975 1975 1976 1979 1981 1981 1985 1985 1982 1986 1989 1991 1991 1992 1995 1997 1997 1997 2003 1998 2001 2005 2005 2009 2006 2009 2013 2010 2013 2014 2017 2019 2019 2023 2023 2020 2025 2027 2029 2029 2030 2033 2035 2035 2039 2036 2041 2042 2041 2042 2047 2049 2044 2051 2051 2052 2055 2057 2058 2057 2063 2058 2065 2060 2067 2067 2071 2068 2073 2073 2077 2074 2077 2081 2078 2081 2083 2085 2087 2087 2088 2091 2093 2093 2097 2094 2099 2099 2100 2103 2103 2107 2104 2109 2109 2110 2113 2115 2115 2115 2119 2121 2116 2123 2123 2127 2124 2127 2128 2131 2133 2133 2134 2137 2139 2139 2140 2143 2145 2145 2149 2146 2151 2151 2151 2154 2157 2153 2159 2159 2163 2160 2165 2166 2165 2166 2171 2173 2173 2174 2177 2168 2179 2180 2179 2185 2180 2187 2182 2187 2191 2188 2193 2193 2193 2198 2195 2196 2201 2201 2202 2205 2207 2207 2208 2211 2213 2213 2215 2217 2217 2221 2218 2223 2223 2224 2227 2229 2230 2230 2229 2235 2232 2237 2239 2239 2243 2240 2245 2245 2247 2249 2251 2251 2255 2253 2257 2259 2257 2259 2263 2260 2265 2265 2269 2267 2271 2271 2275 2272 2275 2277 2279 2281 2281 2285 2283 2287 2287 2291 2289 2293 2293 2295 2297 2297 2301 2299 2303 2303 2307 2304 2309 2309 2309 2311 2315 2312 2317 2319 2319 2323 2320 2325 2325 2327 2329 2331 2331 2335 2333 2337 2337 2339 2341 2343 2343 2345 2347 2349 2349 2353 2351 2355 2355 2359 2357 2245 2361 2245 2361 2362 2365 2367 2367 2369 2370 2370 2373 2374 2377 2377 2379 2380 2380 2384 2383 2387 2387 2389 2390 2393 2393 2397 2394 2399 2399 2401 2402 2405 2405 2405 2408 2407 2411 2413 2413 2415 2416 2419 2419 2419 2425 2423 2425 2420 2429 2426 2431 2431 2433 2434 2437 2437 2441 2438 2443 2443 2443 2443 2451 2446 2444 2449 2453 2453 2455 2457 2459 2459 2463 2463 2460 2466 2465 2469 2469 2471 2472 2475 2475 2477 2478 2481 2481 2485 2485 2482 2489 2487 2491 2491 2495 2492 2497 2497 2497 2503 2500 2498 2505 2505 2508 2507 2511 2511 2513 2514 2517 2517 2520 2519 2523 2523 2526 2525 2529 2529 2532 2531 2535 2535 2539 2536 2541 2541 2545 2542 2545 2548 2547 2551 2551 2552 2555 2557 2557 2559 2560 2563 2563 2567 2564 2569 2569 2573 2570 2575 2575 2575 2578 2580 2577 2583 2583 2585 2587 2589 2589 2592 2591 2595 2595 2599 2596 2601 2601 2602 2605 1133 2609 2609 2610 2613 2615 2617 2617 2620 2619 2623 2623 2626 2625 2626 2628 2631 2633 2633 2636 2635 2639 2639 2643 2643 2640 2645 2646 2649 2649 2650 2653 2655 2655 2659 2656 2661 2661 2662 2665 2609 2667 2669 2669 2673 2671 2675 2675 2679 2676 2679 2683 2681 2685 2685 2689 2687 2691 2691 2693 2695 2697 2697 2698 2701 2703 2703 2705 2707 2709 2709 2711 2713 2715 2715 2717 2719 2721 2721 2725 2722 2727 2721 2727 2728 2731 2731 2733 2735 2737 2737 2739 2741 2743 2745 2743 2745 2749 2751 2747 2753 2753 2757 2755 2759 2759 2761 2763 2765 2765 2767 2769 2771 2771 2775 2773 2607 2777 2779 2779 2781 2783 2785 2785 2787 2789 2791 2791 2793 2795 2797 2797 2797 2801 2803 2799 2805 2805 2807 2809 2811 2811 2813 2815 2817 2817 2821 2819 2823 2823 2825 2827 2829 2829 2833 2831 2835 2835 2839 2837 2841 2843 2841 2843 2847 2849 2849 2845 2853 2851 2855 2855 2855 2857 2861 2859 2863 2863 2865 2867 2869 2869 2873 2871 2875 2875 2877 2879 2879 2883 2881 2885 2885 2886 2595 2889 2891 2891 2893 2895 2897 2897 2901 2899 2901 2903 2905 2907 2907 2911 2909 2913 2913 2917 2915 2919 2919 2921 2923 2925 2925 2929 2927 2931 2931 2935 2933 2935 2939 2937 2941 2941 2943 2945 2947 2947 2949 2951 2953 2953 2955 2957 2959 2959 2963 2961 2965 2965 2969 2969 2967 2973 2971 2975 2975 2977 2979 2981 2981 2985 2983 2987 2987 2991 2989 2993 2993 2997 2994 2999 2999 3003 3001 3005 3005 3007 3009 3011 3011 3013 3015 3017 3017 3019 3021 3023 3025 3023 3029 3025 3027 3031 3033 3033 3035 3037 3039 3039 3043 3041 3045 3045 3049 3047 3051 3051 3053 3055 3057 3057 3061 3061 3059 3063 3065 3067 3067 3068 3071 3073 3073 3077 3075 3079 3081 3083 3083 3087 3085 3089 3089 3093 3091 3093 3097 3095 3099 3099 3101 3103 3105 3105 3109 3107 3111 3111 3115 3113 3115 3119 3117 3121 3121 3125 3123 3127 3127 3131 3129 3133 3133 3135 3137 3139 3139 3141 3143 3145 3145 3149 3146 3151 3151 3153 3155 3157 3157 3159 3161 3163 3163 3165 3167 3169 3169 3171 3173 3175 3175 3177 3179 3181 3181 3183 3185 3187 3189 3187 3189 3193 3191 3195 3197 3197 3199 3201 3203 3203 3207 3205 3209 3209 3211 3213 3215 3215 3217 3219 3221 3221 3225 3223 3227 3227 3231 3229 3233 3233 3237 3234 3239 3239 3241 3243 3245 3245 3249 3247 3251 3251 3255 3253 3257 3257 3259 3261 3263 3263 3265 3267 3269 3269 3273 3271 3275 3275 3277 3279 3281 3281 3283 3285 3287 3287 3291 3289 3293 3293 3295 3297 3299 3299 3303 3301 3305 3305 3309 3307 3311 3311 3313 3315 3317 3317 3319 3321 3323 3323 3327 3325 3329 3331 3329 3333 3333 3335 3337 3335 3338 3341 3343 3343 3345 3347 3349 3349 3353 3351 3355 3355 3359 3356 3361 3361 3363 3365 3367 3367 3369 3371 3373 3373 3377 3375 3379 3379 3383 3381 3385 3385 3387 3389 3391 3391 3395 3393 3397 3397 3401 3399 3403 3403 3405 3407 3409 3409 3413 3411 3415 3415 3419 3417 3421 3421 3425 3423 3427 3427 3429 3431 3433 3433 3437 3435 3439 3439 3443 3441 3445 3445 3447 3449 3451 3451 3455 3453 3457 3457 3458 3461 3463 3463 3467 3465 3469 3469 3471 3473 3475 3475 3477 3479 3481 3481 3483 3485 3487 3487 3488 3491 3493 3493 3495 3497 3499 3499 3501 3503 3503 3505 3507 3509 3509 3510 3513 3515 3515 3517 3519 3521 3523 3523 3527 3525 3529 3529 3533 3531 3535 3535 3537 3539 3541 3541 3545 3543 3547 3547 3549 3550 3553 3553 3555 3556 3559 3559 3563 3561 3565 3565 3567 3568 3571 3571 3573 3574 3577 3577 3579 3581 3583 3583 3587 3585 3589 3589 3591 3592 3595 3595 3597 3598 3601 3601 3603 3604 3607 3607 3610 3609 3613 3613 3615 3616 3619 3621 3621 3623 3625 3627 3629 3631 3627 3629 3633 3635 3635 3639 3637 3641 3641 3645 3643 3647 3647 3651 3649 3653 3653 3657 3655 3659 3659 3661 3663 3665 3665 3667 3669 3671 3671 3675 3673 3677 3679 3679 3683 3680 3685 3685 3686 3689 3691 3691 3695 3692 3695 3699 3697 3701 3701 3702 3705 3707 3707 3711 3708 3713 3713 3714 3717 3719 3719 3720 3723 3725 3725 3729 3726 3731 3731 3732 3735 3737 3737 3738 3741 3743 3743 3744 3747 3749 3749 3753 3750 3755 3755 3756 3759 3761 3761 3765 3762 3767 3767 3771 3768 3771 3775 3772 3777 3777 3781 3778 3783 3783 3787 3784 3789 3789 3790 3793 3795 3795 3799 3796 3801 3801 3802 3805 3807 3807 3811 3808 3813 3813 3817 3814 3819 3819 3823 3821 3825 3825 3829 3827 3831 3831 3835 3832 3837 3837 3841 3839 3843 3843 3847 3844 3849 3849 3850 3853 3855 3855 3859 3856 3861 3861 3862 3865 3867 3867 3868 3871 3873 3873 3877 3874 3879 3881 3881 3882 3885 3887 3887 3888 3891 3893 3893 3894 3897 3899 3899 3900 3903 3905 3905 3906 3909 3911 3911 3912 3915 3917 3917 3921 3918 3923 3923 3924 3927 3929 3929 3930 3933 3935 3935 3936 3939 3941 3941 3945 3942 3947 3947 3951 3948 3953 3953 3954 3957 3959 3959 3960 3963 3965 3965 3969 3966 3971 3973 3973 3975 3976 3979 3981 3981 3984 3983 3987 3987 3989 3990 3993 3993 3995 3996 3999 3999 4002 4001 3761 4005 4007 4007 4009 4010 4013 4013 4015 4016 4019 4019 4021 4022 4025 4025 4027 4028 4031 4031 4033 4034 4037 4037 4040 4039 4043 4043 4045 4046 4049 4049 4052 4051 4055 4055 4058 4057 4061 4061 4063 4064 4067 4067 4070 4069 4073 4073 4076 4075 4079 4079 4081 4082 4085 4085 4087 4088 4091 4091 4094 4093 4097 4097 4100 4099 4103 4103 4106 4105 4109 4109 4111 4112 4115 4115 4117 4118 4121 4121 4123 4124 4127 4127 4130 4129 4133 4133 4135 4136 4139 4139 4142 4142 4141 4145 4147 4149 4149 4152 4151 4155 4155 4158 4157 4161 4163 4161 4163 4168 4165 4166 4171 4171 4174 4173 4177 4177 4180 4179 4183 4183 4186 4185 4189 4189 4191 4192 4195 4195 4197 4198 4201 4201 4203 4204 4207 4207 4209 4210 4213 4213 4216 4215 4219 4219 4221 4222 4225 4225 4228 4227 4231 4231 4233 4234 4237 4237 4240 4239 4243 4243 4245 4246 4249 4249 4251 4252 4255 4255 4258 4257 4261 4261 4262 4265 4267 3619 4269 4269 4272 4271 4275 4275 4277 4278 4281 4281 4284 4283 4287 4287 4290 4289 4293 4293 4297 4294 4299 4299 4302 4301 4305 4305 4308 4307 4311 4311 4314 4313 4317 4317 4319 4320 4323 4323 4324 4327 4329 4329 4331 4332 4335 4335 4338 4337 4341 4341 4344 4343 4347 4347 4350 4349 4353 4353 4356 4355 4359 4359 4361 4362 4365 4365 4367 4368 4371 4371 4373 4374 4377 4377 4380 4379 4383 4383 4386 4385 4389 4391 4389 4394 4391 4393 4396 4399 4399 4401 4402 4405 4405 4408 4407 3677 3677 4415 4413 4417 4419 4419 4421 4422 4425 4425 4428 4427 4431 4431 4434 4433 4437 4437 4440 4439 4443 4443 4445 4447 4449 4449 4451 4453 4455 4455 4457 4458 4461 4458 4464 4461 4466 4463 4469 4469 4471 4472 4475 4475 4476 4478 4480 4480 4484 4482 4486 4486 4488 4490 4492 4492 4494 4496 4498 4498 4500 4502 4504 4504 4508 4506 4510 4510 4514 4512 4516 4516 4518 4520 4522 4522 4524 4526 4528 4528 4532 4530 4534 4534 4536 4538 4540 4540 4544 4542 4546 4546 4548 4550 4552 4552 4556 4554 4558 4558 4560 4562 4564 4475 4567 4567 4569 4570 4573 4573 4575 4576 4579 4579 4581 4582 4585 4585 4585 4590 4587 4588 4593 4593 4595 4596 4599 4599 4601 4602 4605 4605 4608 4607 4611 4611 4613 4614 4617 4617 4619 4620 4623 4623 4626 4625 4629 4629 4632 4631 4635 4637 4635 4640 4637 4643 4639 4645 4411 4645 4647 4648 4651 4651 4653 4654 4657 4657 4659 4660 4663 4663 4665 4666 4669 4671 4669 4671 4675 4677 4672 4679 4679 4682 4681 4685 4685 4687 4688 4691 4691 4694 4693 4697 4699 4701 4701 4703 4704 4707 4707 4710 4709 4713 4713 4715 4716 4719 4719 4721 4723 4725 4725 4727 4729 4731 4733 4733 4733 4736 4735 4739 4741 4741 4745 4743 4747 4747 4749 4751 4753 4753 4756 4755 4759 4759 4762 4761 4765 4765 4767 4768 4771 4771 4773 4774 4777 4731 4779 4779 4781 4782 4785 4785 4787 4789 4791 4793 4793 4796 4795 4799 4801 4799 4803 4803 4806 4805 4809 4811 4809 4813 4819 4813 4814 4821
6 5 6 11 8 12 12 14 16 18 18 23 20 24 24 28 26 30 30 34 32 36 36 41 38 42 42 44 46 48 48 52 50 52 57 54 58 58 63 60 64 64 66 68 70 70 72 75 76 76 78 81 82 82 87 84 88 88 90 93 94 94 96 99 100 102 100 104 104 106 108 110 110 114 112 114 118 116 120 120 122 124 126 126 128 130 132 132 136 134 138 138 140 145 146 142 152 146 152 151 2 153
84 84 3 4 7 7 10 9 13 13 15 17 19 19 22 21 25 25 27 28 31 31 35 33 37 37 39 41 43 43 45 47 47 51 49 53 55 53 57 57 59 60 63 63 65 66 69 69 72 71 75 75 83 78 77 85
4 6 8 8 10 12 15 16 16 18 21 22 22 24 26 28 31 32 32 34 36 38 38 42 40 42 44 47 48 48 52 50 54 54 56 58 60 60 62 66 65 66 70 68 70 74 72 76 76 78 80 82 82 86 84 88 88 93 90 98 98 97 2 99
756 2 756 4 6 6 6 8 10 13 14 14 14 21 16 18 22 22 26 24 28 28 32 30 34 34 36 38 40 40 44 42 46 46 48 50 52 52 54 57 58 58 60 63 64 2 66 70 64 66 72 74 74 76 78 80 80 85 82 86 86 88 90 92 92 94 97 98 98 100 102 104 104 106 108 110 110 114 112 116 116 120 118 122 122 127 124 128 756 131 131 133 135 137 137 141 139 143 143 145 147 149 149 151 152 154 154 156 151 158 161 161 164 163 167 167 170 169 173 173 176 175 179 179 179 182 184 181 187 187 190 189 193 193 196 195 199 199 201 202 205 205 208 207 211 211 211 214 213 216 219 219 222 221 225 225 228 227 231 231 233 234 237 237 237 239 242 240 245 245 245 247 250 248 253 253 256 255 259 259 262 261 265 265 265 270 267 268 273 273 275 276 278 278 282 280 145 284 147 287 287 291 289 293 293 297 295 299 299 303 301 305 305 309 307 311 311 315 313 317 317 317 319 275 321 323 325 325 329 327 331 331 335 333 337 337 339 341 343 343 347 345 349 349 351 353 355 355 357 359 361 361 363 365 367 367 369 370 373 373 377 375 379 379 381 382 385 387 387 391 389 393 395 395 397 399 401 401 403 405 407 407 411 69 413 411 409 417 413 421 415 423 423 417 429 419 431 431 434 433 437 437 439 440 405 443 443 445 446 449 451 425 427 449 453 454 457 454 451 461 461 464 463 467 467 469 445 470 473 473 475 476 479 479 481 482 459 457 485 407 449 485 485 491 488 492 492 497 494 479 457 498 407 449 485 501 487 476 403 503 393 505 505 508 507 511 511 515 513 385 517 519 519 521 523 525 385 527 498 498 532 530 534 534 536 539 355 361 373 540 343 367 379 529 527 540 305 540 373 544 367 534 355 527 379 543 547 549 549 551 553 555 555 559 557 561 561 563 565 567 567 569 571 573 573 577 575 579 579 583 581 585 585 587 589 591 591 593 595 597 597 599 601 603 603 605 607 609 609 611 613 615 617 617 619 621 623 623 625 626 629 629 631 633 635 637 637 641 639 643 643 644 647 648 648 652 650 654 643 643 654 657 659 661 661 665 663 667 669 669 673 671 675 675 677 678 681 681 685 683 687 669 681 669 689 689 691 693 695 695 698 697 669 701 669 701 703 705 707 707 711 709 713 713 715 713 715 719 717 721 635 721 667 615 723 725 637 597 617 727 729 729 731 733 735 735 738 737 741 743 741 745 733 747 747 755 751 749 757
198 198 3 4 7 7 11 9 13 13 17 15 19 19 22 21 25 25 28 27 31 31 33 34 37 37 41 39 43 43 45 46 49 49 51 52 55 55 57 59 61 61 65 63 67 67 71 69 73 73 73 77 75 79 81 81 83 85 87 87 91 89 93 93 95 97 99 99 103 101 105 105 109 107 111 113 111 115 115 118 117 121 121 125 123 127 127 131 129 133 133 135 137 139 139 141 143 145 145 147 149 151 151 153 155 157 159 157 162 159 165 161 167 167 171 169 173 173 177 175 179 181 179 183 183 185 187 189 189 197 191 193 199
6 6 8 10 12 12 14 16 18 18 20 22 24 24 26 28 30 30 34 32 36 36 41 38 42 42 44 47 48 48 53 50 54 54 56 59 60 60 62 65 66 66 68 70 70 74 72 76 76 82 79 80 80 82 84 86 88 88 92 90 94 94 96 98 100 100 104 102 106 106 110 108 112 112 114 116 116 118 120 122 122 126 124 126 131 128 132 132 137 134 138 138 143 140 144 144 148 146 150 150 152 155 156 156 161 158 162 162 167 164 168 168 170 172 174 174 176 178 180 180 182 185 190 190 189 4 2 191
4 6 8 8 10 12 14 14 19 16 20 20 24 22 24 29 26 30 30 33 34 34 39 36 40 40 42 44 46 46 48 50 50 54 53 54 56 61 58 62 62 67 64 68 68 72 70 74 77 74 78 78 83 80 84 84 86 89 90 90 94 93 94 96 99 100 100 103 104 104 109 106 110 110 112 115 116 116 118 136 122 120 124 124 128 126 133 130 130 134 134 136 140 138 142 142 145 146 146 150 148 152 152 156 154 158 158 163 160 164 164 168 166 168 170 173 174 174 178 176 180 180 184 182 184 189 186 190 190 192 195 196 196 201 198 202 202 206 205 206 208 211 212 212 217 214 218 218 220 223 224 224 226 229 230 230 232 235 236 236 238 241 242 242 244 247 248 248 253 250 254 254 256 259 260 260 265 262 272 266 266 269 270 270 272 276 274 276 280 278 282 282 289 284 287 290 292 290 292 294 297 298 298 300 304 302 306 306 310 308 310 312 328 330 314 322 319 316 320 330 320 322 324 330 326 328 330 330 332 334 334 339 336 340 340 342 345 346 348 346 348 350 353 354 354 358 356 360 360 364 362 366 366 370 368 370 375 372 376 376 378 381 382 382 384 490 478 636 386 389 390 390 392 394 396 396 398 400 402 402 404 406 406 411 408 412 412 414 416 418 418 422 420 422 426 424 428 428 432 430 434 434 436 439 440 440 444 442 446 446 448 450 452 452 454 456 584 458 458 462 460 464 464 482 468 466 468 470 472 474 474 476 480 478 480 482 484 487 488 488 490 492 495 496 496 499 500 500 502 505 506 506 508 511 512 512 515 516 516 520 518 522 522 530 524 532 529 527 530 530 532 536 534 536 539 540 540 542 545 548 546 546 548 628 550 554 552 556 556 561 558 562 562 569 564 570 567 572 570 572 577 574 578 578 580 588 582 586 584 586 588 593 590 594 594 596 599 600 600 602 605 606 606 614 608 610 612 612 614 628 626 618 616 618 621 622 622 628 624 626 628 630 633 634 634 636 638 641 642 642 644 647 648 648 650 653 654 656 654 658 658 660 667 662 670 669 664 670 672 670 672 674 677 678 678 770 680 682 685 686 686 691 688 692 692 696 694 696 701 698 702 702 704 707 708 711 708 712 712 716 714 718 718 723 720 724 724 726 729 730 730 734 732 736 736 740 738 742 744 742 818 744 748 746 748 750 757 753 754 754 758 758 763 760 764 764 769 766 770 770 773 774 774 776 778 780 783 784 784 786 1026 788 793 790 794 794 796 799 800 800 802 804 806 806 808 811 812 812 817 814 818 818 902 820 829 822 860 824 826 830 832 860 832 836 834 836 840 838 842 842 846 844 848 848 852 850 854 854 856 1026 860 858 860 1026 862 864 867 868 868 870 873 874 874 878 877 878 883 880 884 884 889 886 890 890 893 894 894 899 896 900 900 902 906 904 906 919 1026 908 910 913 914 914 921 916 922 1028 922 924 927 928 928 933 930 934 934 936 938 938 940 943 944 944 946 949 950 950 955 952 956 956 958 961 962 962 967 964 968 970 968 970 977 972 975 978 980 978 980 987 982 985 988 990 988 990 993 996 998 995 996 998 1003 1000 1004 1004 1006 1009 1010 1010 1012 1026 1026 1014 1016 1018 1020 1020 1023 1026 1024 1026 1066 1028 1030 1033 1034 1034 1036 1039 1040 1040 1042 1045 1046 1046 1048 1051 1048 1052 1052 1057 1054 1058 1058 1060 1063 1064 1064 1066 1069 1070 1070 1074 1072 1076 1076 1078 1080 1082 1084 1082 1084 1091 1086 1088 1092 1094 1092 1094 1101 1096 1102 1099 1104 1102 1104 1106 1188 1108 1108 1188 1114 1110 1120 1112 1117 1118 1190 1118 1120 1122 1125 1126 1126 1128 1182 1134 1130 1142 1132 1134 1136 1139 1140 1140 1142 1142 1146 1144 1148 1148 1150 1152 1154 1154 1156 1159 1160 1160 1162 1164 1164 1169 1166 1182 1170 1170 1175 1172 1176 1176 1181 1178 1182 1182 1184 1186 1188 1188 1193 1190 1194 1194 1197 1198 1198 1203 1200 1204 1204 1206 1209 1210 1210 1215 1212 1216 1216 1218 1220 1222 1222 1226 1224 1228 1232 1230 1228 1230 1232 1236 1234 1236 1240 1238 1242 1242 1244 1249 1247 1250 1252 1250 1252 1254 1256 1258 1258 1390 1260 1264 1262 1264 1292 1266 1410 1268 1271 1272 1272 1277 1274 1278 1278 1280 1283 1284 1284 1289 1286 1290 1290 1292 1295 1296 1296 1298 1336 1300 1302 1304 1304 1309 1306 1310 1310 1314 1312 1316 1316 1320 1318 1322 1322 1326 1324 1328 1333 1328 1330 1334 1336 1334 1336 1338 1340 1342 1342 1346 1344 1346 1348 1350 1352 1352 1356 1354 1358 1478 1364 1494 1364 1363 1360 1364 1364 1366 1368 1372 1370 1370 1465 1390 1466 1372 1376 1375 1376 1381 1378 1382 1382 1406 1387 1384 1388 1388 1390 1392 1394 1396 1396 1398 1468 1436 1562 1540 1400 1403 1404 1404 1406 1408 1418 1410 1415 1412 1416 1416 1418 1422 1420 1422 1424 1427 1428 1428 1430 1433 1434 1434 1436 1438 1440 1442 1442 1444 1446 1449 1450 1450 1452 1457 1458 1454 1460 1458 1460 1565 1562 1463 1465 1466 1468 1472 1471 1472 1474 1562 1476 1492 1478 1482 1481 1482 1484 1486 1488 1488 1492 1490 1494 1494 1498 1496 1500 1500 1548 1502 1504 1504 1509 1506 1510 1510 1512 1514 1516 1516 1520 1518 1522 1522 1524 1526 1528 1528 1530 1532 1532 1536 1534 1538 1538 1540 1544 1542 1546 1546 1548 1552 1550 1554 1554 1556 1558 1560 1560 1562 1566 1566 1575 1568 1570 1573 1575 1577 1581 1579 1583 1583 1585 1597 1588 1587 1591 1591 1593 1594 1597 1597 1600 1599 1603 1603 1605 1606 1609 1609 1611 1613 1613 1615 1616 1619 1619 1622 1621 1625 1625 1628 1627 1631 1631 1633 1634 1637 1637 1639 1640 1643 1643 1645 1647 1648 1651 1651 1653 1655 1657 1659 1661 1666 1665 2 1667
218 218 3 5 7 7 11 9 13 13 15 17 19 21 19 25 21 27 23 29 29 33 31 35 35 37 39 41 41 44 43 47 47 51 49 53 53 55 57 59 61 59 63 63 65 67 69 69 73 71 75 75 77 79 81 81 83 85 87 87 90 89 93 93 95 97 99 99 103 101 105 105 107 109 111 111 113 115 117 119 117 121 121 125 123 127 127 131 129 133 133 137 135 139 139 141 143 145 145 149 147 151 151 153 155 157 157 159 161 163 163 165 167 169 169 172 171 175 177 175 181 177 183 178 185 185 187 188 191 191 195 193 197 197 199 200 203 203 205 206 209 209 217 211 213 219
230 230 2 4 7 4 8 8 10 12 14 14 19 16 20 20 22 24 26 26 28 30 32 32 34 37 38 40 38 40 44 46 42 48 48 50 52 54 54 59 56 60 60 62 65 66 66 71 68 72 72 76 74 78 78 80 80 83 80 84 86 86 88 90 92 92 97 94 98 98 103 100 104 104 109 106 110 110 114 112 116 116 118 121 122 122 124 127 128 130 133 133 128 130 134 136 136 138 140 142 142 144 147 148 148 150 153 154 154 156 159 160 160 162 164 166 166 168 171 172 172 174 176 178 178 180 183 184 184 188 186 190 190 192 194 196 196 201 198 202 202 204 207 208 208 210 212 214 214 216 219 220 220 229 224 222 231
234 234 5 2 6 6 11 8 12 12 14 17 18 18 20 22 24 24 26 28 30 30 35 32 36 36 38 41 42 42 44 47 48 48 50 53 54 54 56 59 60 60 65 62 66 66 66 68 72 71 74 74 79 76 80 80 85 82 86 88 86 93 88 95 90 96 96 101 98 102 102 106 104 108 108 110 112 114 116 114 118 118 122 120 124 124 128 126 130 130 134 132 136 136 141 138 142 142 144 146 148 148 150 152 154 154 156 158 160 160 164 162 166 166 171 168 172 172 177 174 178 178 183 180 184 184 188 186 190 190 192 195 196 196 200 198 198 205 202 206 206 211 208 212 212 214 217 218 218 220 223 224 224 233 226 228 235
126 126 5 2 6 6 11 8 12 12 16 14 18 18 23 20 24 26 24 26 30 32 29 34 34 36 38 40 40 43 44 44 46 44 48 50 52 50 54 54 56 59 60 60 65 62 66 66 70 68 72 72 74 77 78 81 78 82 82 84 87 88 88 90 92 94 97 94 98 98 100 103 104 104 106 109 110 110 115 112 116 116 125 118 120 127
16 16 3 5 7 7 15 10 9 17
6 4 6 11 8 12 12 16 14 18 18 23 20 24 24 26 28 30 30 32 34 36 36 38 40 42 44 46 46 50 48 52 52 54 58 56 60 62 60 62 66 65 66 70 68 80 72 72 74 76 85 96 78 80 82 87 88 96 88 90 93 94 94 96 99 100 102 100 102 106 104 108 108 110 112 114 114 119 116 120 120 122 125 126 126 128 130 132 132 137 134 138 138 143 140 144 144 146 149 150 150 152 155 156 156 161 158 162 162 167 164 168 168 172 170 174 174 179 176 180 180 186 185 182 188 188 188 190 192 194 194 199 196 200 200 202 204 206 206 211 208 212 212 216 214 218 218 222 220 224 224 226 228 232 230 234 234 238 236 240 240 242 244 246 246 250 248 252 252 254 257 258 258 263 260 264 264 266 269 270 270 272 276 274 278 278 280 283 284 284 286 289 290 290 292 294 296 296 298 300 302 302 304 309 306 310 310 310 312 315 316 316 321 318 322 322 327 324 328 328 330 332 334 334 336 338 340 340 345 342 346 346 348 350 352 352 356 354 358 358 360 362 364 364 368 366 370 370 374 372 376 376 380 378 382 382 384 387 388 388 393 390 394 396 396 396 398 400 402 402 404 406 408 408 414 413 410 416 416 416 421 418 422 422 424 427 428 428 430 432 434 434 438 436 440 440 444 442 446 449 446 450 450 454 452 456 456 458 460 462 462 466 464 468 468 472 470 474 474 479 476 480 480 482 485 486 486 488 491 492 492 496 494 498 498 500 503 504 504 509 506 510 510 515 512 516 516 520 518 522 522 524 527 528 528 530 534 536 533 538 540 538 538 540 542 544 546 546 548 551 552 552 556 554 558 560 560 560 562 565 566 566 570 568 572 572 576 574 578 578 580 582 584 584 589 586 590 590 592 594 596 596 598 601 602 602 604 606 608 608 612 610 614 614 616 618 620 618 622 622 627 624 628 628 630 632 634 634 636 638 640 640 642 644 646 646 648 650 652 652 656 654 658 658 661 662 665 667 667 673 668 675 670 676 675 676 679 681 681 683 686 685 689 689 691 693 695 695 698 697 701 701 706 705 2 707
6 6 11 8 16 16 15 4 2 17
7 7 10 9 13 13 15 17 19 19 21 22 25 25 29 27 31 31 35 33 35 37 39 39 42 41 45 45 48 47 51 51 55 53 57 57 59 61 61 63 64 67 67 69 72 71 75 75 75 81 77 78 81 81 85 83 87 87 89 91 91 92 95 95 97 99 99 102 101 105 105 109 113 107 111 111 113 115 117 117 119 121 121 124 123 127 127 128 131 131 134 133 137 137 139 141 141 144 143 147 147 149 154 154 153 5 3 155
7 7 10 9 13 13 15 16 19 19 21 22 25 25 26 29 29 33 31 35 35 37 38 41 41 43 45 45 46 49 49 51 52 55 55 57 59 59 63 60 63 66 65 69 69 71 73 73 75 77 79 80 79 83 83 85 86 89 89 91 93 93 96 95 99 99 101 102 105 105 107 108 111 111 115 113 115 117 118 121 121 123 131 125 131 131 127 131 129 131 135 133 137 137 140 139 143 143 145 146 152 152 151 3 4 153
384 384 3 5 7 7 11 9 13 13 15 16 19 19 22 21 25 25 28 27 31 31 35 33 37 37 39 40 43 43 46 45 49 49 51 53 55 55 57 59 61 63 59 65 61 63 67 69 67 69 71 73 73 77 77 78 81 75 83 85 85 89 87 91 91 93 95 97 97 99 101 103 103 105 107 109 109 112 111 115 115 117 119 121 121 124 123 127 129 127 131 132 131 135 131 137 137 141 139 143 143 145 147 149 149 151 152 155 157 155 159 159 163 161 165 167 165 169 169 171 173 175 175 177 179 181 181 183 185 187 187 189 191 193 193 195 196 199 199 201 202 205 205 207 209 209 211 212 215 217 219 220 217 215 219 223 223 225 227 229 229 231 233 229 235 235 239 237 241 241 243 245 247 247 249 250 253 253 257 255 259 259 261 263 265 265 263 267 269 269 271 273 275 273 277 277 279 280 283 283 285 286 289 289 291 293 295 295 296 295 299 295 301 303 295 295 305 295 307 309 295 295 311 313 313 315 316 319 319 322 321 325 325 327 328 331 331 333 334 337 337 340 339 343 343 346 345 349 349 351 352 355 355 359 357 361 361 362 361 365 367 361 369 369 373 371 375 375 383 377 378 385
10 10 9 2 4 11
10 10 9 4 2 11
210 210 2 5 6 6 8 11 12 12 16 14 18 18 20 23 24 24 27 28 28 33 30 34 34 36 39 40 40 45 42 46 46 51 48 52 52 57 54 58 58 62 60 64 64 66 68 70 70 75 72 76 76 81 78 82 82 84 87 88 88 92 90 94 94 99 96 100 100 102 105 106 106 108 110 112 112 114 117 118 118 123 120 124 124 126 129 130 130 135 132 136 136 138 141 142 142 147 144 148 148 153 150 154 154 159 156 160 162 164 166 168 170 172 174 176 178 180 183 185 178 189 178 176 180 191 193 194 187 196 191 178 180 164 183 187 168 170 166 174 162 193 172 199 160 194 185 200 200 209 205 202 211
7 7 11 8 13 13 15 17 19 19 20 23 25 25 29 27 31 31 35 32 37 37 38 41 43 43 45 47 49 49 51 53 53 57 54 59 59 60 63 65 65 66 69 71 73 73 73 77 75 79 79 83 81 85 85 86 89 91 91 93 95 95 99 97 101 101 105 102 107 107 111 109 111 115 112 117 117 121 123 119 125 121 123 125 127 129 131 131 132 135 137 137 141 138 143 143 147 144 151 151 148 153 153 157 154 159 159 160 163 165 165 169 167 173 170 173 178 178 177 2 5 179
5 8 7 14 14 13 3 5 15
8 4 6 8 8 10 12 12 16 14 16 18 20 20 24 22 24 28 26 28 32 31 34 34 38 37 40 40 44 43 46 46 50 48 52 52 54 56 56 60 58 60 62 65 65 66 68 68 71 72 74 74 78 77 80 80 82 84 84 88 86 88 92 90 94 94 98 97 104 104 103 2 8 105
5 6 6 8 10 10 13 14 20 16 16 16 20 18 20 22 24 26 26 30 29 32 32 36 34 38 38 41 42 44 44 47 48 50 50 52 54 54 58 57 60 60 63 64 66 66 70 68 70 72 74 76 76 80 79 82 82 84 86 88 88 92 91 94 94 97 98 100 100 103 104 106 106 108 110 112 112 115 116 118 118 120 122 124 124 126 128 130 130 133 134 136 136 140 139 142 142 144 146 146 149 150 152 152 156 155 158 158 161 162 164 164 168 167 170 170 173 174 176 176 180 179 182 182 186 184 188 188 192 191 196 196 194 198 198 201 202 208 208 207 5 2 209
7 7 11 8 13 13 17 14 19 19 21 23 25 25 29 26 29 31 33 33 37 34 39 39 40 43 45 45 46 49 51 51 53 55 57 57 58 61 63 63 67 65 69 69 71 73 77 75 77 77 81 78 83 83 84 87 89 89 93 90 95 95 96 99 101 101 102 105 107 107 109 111 113 113 117 115 119 119 121 123 125 125 129 127 131 131 135 132 137 137 141 138 143 143 144 147 149 149 150 153 155 155 157 159 161 161 163 165 165 169 166 171 171 172 175 177 177 178 181 183 183 187 184 189 189 193 190 195 195 199 197 201 201 202 205 207 207 208 211 213 213 217 214 219 219 220 223 225 225 227 229 231 231 235 233 237 237 241 238 243 243 245 247 249 249 253 250 255 255 257 259 261 261 265 263 267 267 268 271 273 273 274 277 279 279 283 281 285 285 287 289 294 294 293 5 2 295
456 2 2 4 7 8 8 13 10 14 14 19 16 20 20 22 25 26 26 28 31 32 32 34 36 38 38 43 40 44 44 46 49 50 50 52 55 56 56 58 61 62 62 64 67 68 68 73 70 74 74 79 76 80 80 82 85 86 86 88 91 92 92 97 94 98 98 100 103 104 104 109 106 110 110 115 112 116 116 118 120 120 122 125 126 126 128 131 132 132 134 137 138 138 143 140 144 144 146 149 150 150 155 152 156 156 161 158 162 162 164 167 168 168 173 170 174 174 179 176 180 180 182 185 186 186 188 191 192 192 194 197 198 198 200 203 204 204 209 206 210 210 215 212 216 216 218 221 222 222 227 224 228 228 233 230 234 234 236 239 240 240 242 245 246 246 248 251 252 252 254 257 258 258 263 260 264 264 266 269 270 270 275 272 276 276 278 281 282 282 284 287 288 288 290 293 294 294 296 299 300 300 305 302 306 306 308 311 311 312 315 316 316 318 321 322 324 322 324 328 331 326 332 332 337 334 338 340 338 342 342 347 344 348 348 353 350 354 354 359 356 360 360 365 362 366 366 368 371 372 372 377 374 378 378 380 383 384 384 386 389 390 390 395 392 396 396 401 398 402 402 407 404 408 408 410 413 414 414 419 416 420 420 422 425 426 426 428 431 432 432 434 437 438 438 440 443 444 444 449 446 455 450 457

92 2 2 4 6 8 8 10 12 14 14 16 18 20 20 22 24 26 26 28 30 32 32 36 34 38 38 40 42 44 44 46 48 50 50 52 54 56 56 58 60 62 62 64 66 68 68 70 72 74 74 76 78 80 80 84 82 91 86 93
448 2 2 6 5 8 8 11 12 14 14 17 18 20 20 23 24 26 26 29 30 32 32 35 36 38 38 42 41 44 44 47 48 50 50 53 54 56 56 60 59 62 62 66 65 68 68 68 72 71 74 74 77 78 80 80 84 83 86 86 90 89 92 92 95 96 98 98 102 101 104 104 108 107 110 110 113 114 116 116 119 120 122 122 125 126 128 130 130 134 133 136 136 140 139 142 142 146 145 148 148 152 150 154 154 156 158 160 160 164 163 166 166 170 168 172 172 174 176 176 179 180 182 182 185 186 188 188 190 192 194 194 196 198 200 200 202 204 206 206 208 210 212 212 214 216 216 219 220 222 222 226 224 228 228 232 230 234 234 238 236 240 240 244 242 246 246 250 250 248 252 254 256 256 259 260 262 262 266 265 268 268 270 272 274 274 277 278 280 280 284 283 286 286 290 289 292 292 296 295 298 298 301 302 304 304 308 307 310 310 314 313 316 316 320 319 322 322 325 326 328 328 331 332 334 334 338 337 340 340 344 343 346 346 349 350 352 352 356 355 358 358 361 362 364 364 368 367 370 370 373 374 376 376 379 380 382 382 385 386 388 388 392 391 394 394 398 397 400 400 403 404 406 406 410 409 412 412 415 416 418 418 422 421 424 424 427 428 430 430 433 434 436 436 439 440 447 442 449

448 2 2 6 5 8 8 11 12 14 14 17 18 20 20 23 24 26 26 29 30 32 32 35 36 38 38 42 41 44 44 47 48 50 50 53 54 56 56 60 59 62 62 66 65 68 68 68 72 71 74 74 77 78 80 80 84 83 86 86 90 89 92 92 95 96 98 98 102 101 104 104 108 107 110 110 113 114 116 116 119 120 122 122 125 126 128 130 130 134 133 136 136 140 139 142 142 146 145 148 148 152 150 154 154 156 158 160 160 164 163 166 166 170 168 172 172 174 176 176 179 180 182 182 185 186 188 188 190 192 194 194 196 198 200 200 202 204 206 206 208 210 212 212 214 216 216 219 220 222 222 226 224 228 228 232 230 234 234 238 236 240 240 244 242 246 246 250 250 248 252 254 256 256 259 260 262 262 266 265 268 268 270 272 274 274 277 278 280 280 284 283 286 286 290 289 292 292 296 295 298 298 301 302 304 304 308 307 310 310 314 313 316 316 320 319 322 322 325 326 328 328 331 332 334 334 338 337 340 340 344 343 346 346 349 350 352 352 356 355 358 358 361 362 364 364 368 367 370 370 373 374 376 376 379 380 382 382 385 386 388 388 392 391 394 394 398 397 400 400 403 404 406 406 410 409 412 412 415 416 418 418 422 421 424 424 427 428 430 430 433 434 436 436 439 440 447 442 449


92 2 2 4 6 8 8 10 12 14 14 16 18 20 20 22 24 26 26 28 30 32 32 36 34 38 38 40 42 44 44 46 48 50 50 52 54 56 56 58 60 62 62 64 66 68 68 70 72 74 74 76 78 80 80 84 82 91 86 93
92 2 2 4 6 8 8 10 12 14 14 16 18 20 20 22 24 26 26 28 30 32 32 36 34 38 38 40 42 44 44 46 48 50 50 52 54 56 56 58 60 62 62 64 66 68 68 70 72 74 74 76 78 80 80 84 82 91 86 93
92 2 2 4 6 8 8 10 12 14 14 16 18 20 20 22 24 26 26 28 30 32 32 36 34 38 38 40 42 44 44 46 48 50 50 52 54 56 56 58 60 62 62 64 66 68 68 70 72 74 74 76 78 80 80 84 82 91 86 93



5 6 9 9 12 11 15 15 17 18 21 21 23 24 27 27 30 29 33 33 37 35 39 39 41 42 45 45 47 48 51 51 53 54 57 57 59 60 63 63 66 65 69 69 71 72 75 75 78 77 81 81 83 84 87 87 90 89 93 93 95 96 99 99 101 102 105 105 107 108 111 111 113 114 117 117 121 119 121 123 124 127 127 129 130 133 133 136 135 139 139 142 141 145 145 148 147 151 151 153 154 157 157 159 160 163 163 165 166 169 169 172 171 175 175 177 178 181 181 183 184 187 187 189 190 193 193 196 195 199 199 202 201 205 205 208 207 211 211 213 214 217 217 219 220 223 223 226 225 229 229 231 232 235 235 238 237 241 241 243 244 247 247 249 250 253 253 256 255 259 259 261 262 265 265 267 268 271 271 274 273 277 277 279 280 283 283 286 285 289 289 292 291 295 295 297 298 301 301 304 303 307 307 310 309 313 314 313 317 317 319 320 323 323 325 329 327 330 333 330 333 336 335 339 339 341 343 343 346 345 349 349 351 352 355 355 358 357 361 361 363 364 367 367 370 369 373 373 375 376 379 379 381 382 385 385 388 387 391 391 394 393 397 397 399 400 403 403 405 406 409 409 412 411 415 415 417 418 421 421 424 423 427 427 429 430 433 433 436 435 439 439 442 441 445 445 448 447 451 451 456 455 3 457
7 4 9 9 13 10 15 15 16 19 21 21 22 25 27 27 31 28 33 33 37 34 39 39 40 43 45 45 49 46 51 51 55 52 57 57 58 61 63 63 67 64 69 69 75 70 73 75 75 79 76 81 81 85 82 87 87 91 88 93 93 97 94 99 99 100 103 105 105 106 109 111 111 115 112 117 117 121 118 123 123 124 127 129 129 131 132 135 137 137 141 138 143 143 144 147 149 149 151 153 155 155 159 157 161 161 165 162 167 167 171 169 173 173 177 175 178 178 181 183 183 184 187 189 189 193 191 195 195 199 197 201 201 203 205 207 207 211 209 213 213 217 215 218 221 218 223 223 227 225 229 229 231 233 235 235 237 239 241 241 245 243 247 247 251 249 255 253 255 257 257 261 258 263 263 267 264 269 269 273 271 275 275 279 276 281 281 282 285 287 287 291 288 293 293 294 297 299 299 300 303 305 305 306 309 311 311 315 312 317 317 318 321 323 323 324 327 329 329 330 333 335 335 339 336 341 341 345 342 347 347 348 351 353 353 357 354 359 359 363 360 365 365 369 366 371 371 372 375 377 377 381 378 383 383 387 384 389 389 393 390 395 395 399 396 401 401 405 402 407 407 411 408 413 413 417 414 419 419 420 423 425 425 426 429 431 431 432 435 437 437 438 441 443 443 448 447 3 449
7 5 9 9 13 11 15 15 19 17 21 21 25 23 27 27 31 29 33 33 35 37 39 39 43 41 45 45 47 49 51 51 55 53 57 57 61 59 63 63 67 65 69 69 73 71 75 75 77 79 81 81 83 85 87 87 92 91 3 93

7 4 9 9 13 10 15 15 16 19 21 21 22 25 27 27 31 28 33 33 37 34 39 39 40 43 45 45 49 46 51 51 55 52 57 57 58 61 63 63 67 64 69 69 75 70 73 75 75 79 76 81 81 85 82 87 87 91 88 93 93 97 94 99 99 100 103 105 105 106 109 111 111 115 112 117 117 121 118 123 123 124 127 129 129 131 132 135 137 137 141 138 143 143 144 147 149 149 151 153 155 155 159 157 161 161 165 162 167 167 171 169 173 173 177 175 178 178 181 183 183 184 187 189 189 193 191 195 195 199 197 201 201 203 205 207 207 211 209 213 213 217 215 218 221 218 223 223 227 225 229 229 231 233 235 235 237 239 241 241 245 243 247 247 251 249 255 253 255 257 257 261 258 263 263 267 264 269 269 273 271 275 275 279 276 281 281 282 285 287 287 291 288 293 293 294 297 299 299 300 303 305 305 306 309 311 311 315 312 317 317 318 321 323 323 324 327 329 329 330 333 335 335 339 336 341 341 345 342 347 347 348 351 353 353 357 354 359 359 363 360 365 365 369 366 371 371 372 375 377 377 381 378 383 383 387 384 389 389 393 390 395 395 399 396 401 401 405 402 407 407 411 408 413 413 417 414 419 419 420 423 425 425 426 429 431 431 432 435 437 437 438 441 443 443 448 447 3 449
7 5 9 9 13 11 15 15 19 17 21 21 25 23 27 27 31 29 33 33 35 37 39 39 43 41 45 45 47 49 51 51 55 53 57 57 61 59 63 63 67 65 69 69 73 71 75 75 77 79 81 81 83 85 87 87 92 91 3 93
4 7 8 8 13 10 14 14 16 19 20 20 22 25 26 26 31 28 32 32 34 37 38 38 40 43 44 44 49 46 50 50 55 52 56 56 61 58 62 62 64 67 68 68 73 70 74 74 76 79 80 80 85 82 86 86 88 91 92 92 94 97 98 98 100 103 104 104 106 109 110 110 115 112 116 116 118 121 122 122 127 124 128 128 133 130 134 134 139 136 140 140 145 142 146 146 151 148 152 152 154 156 156 158 161 162 162 164 167 168 168 170 173 174 174 179 176 180 180 185 182 186 186 188 191 192 192 194 197 198 198 200 203 204 204 206 209 210 210 212 215 216 216 218 221 222 222 227 224 228 228 230 233 234 234 239 236 240 240 242 245 246 246 251 248 252 252 254 257 258 258 263 260 264 264 266 269 270 270 272 275 276 276 281 278 282 282 284 287 288 288 290 293 294 294 296 299 300 300 302 305 306 306 311 308 312 312 314 317 318 318 323 320 324 324 326 329 330 330 335 332 336 336 338 341 342 342 347 344 348 348 353 350 354 354 356 359 360 360 365 362 366 366 371 368 372 372 377 374 378 378 382 380 382 387 384 388 388 393 390 394 394 399 396 400 400 402 405 406 406 411 408 412 412 414 417 418 418 423 420 424 424 429 426 430 430 432 435 436 436 441 438 442 442 444 447 448 448 453 450 454 454 459 456 460 460 465 462 466 466 468 471 472 472 474 477 478 478 483 480 484 484 489 486 490 490 492 495 496 496 500 498 500 505 502 506 506 508 511 512 512 517 514 518 518 523 520 524 524 526 529 530 530 532 535 536 536 538 541 542 542 547 544 548 548 553 550 554 554 559 556 560 560 565 562 566 566 571 568 572 572 574 577 578 578 580 583 584 584 586 589 590 590 592 595 596 596 598 601 602 602 604 607 608 608 610 613 614 614 616 619 620 620 625 622 626 626 631 628 632 632 634 637 638 638 643 640 644 644 646 649 650 650 655 652 656 656 659 660 660 665 662 666 666 668 671 672 672 677 674 678 678 680 683 684 684 686 689 690 690 692 695 696 696 701 698 702 702 704 707 708 708 710 713 714 714 719 716 720 720 722 725 726 726 728 731 732 732 734 737 738 738 740 743 744 744 746 749 750 750 755 752 756 756 761 758 762 762 767 764 768 768 773 770 774 774 776 779 780 780 785 782 786 786 788 791 792 792 796 795 796 798 801 802 802 807 804 808 808 813 810 814 814 819 816 820 820 825 822 826 826 831 828 832 832 834 837 838 838 843 840 844 844 846 849 850 850 855 852 856 856 861 858 862 862 864 867 868 868 870 873 874 874 876 879 880 880 885 882 886 886 891 888 892 892 897 894 898 898 903 900 904 904 909 906 910 910 915 912 916 916 921 918 922 922 927 924 928 928 933 930 934 934 936 939 940 940 945 942 946 946 951 948 952 952 954 957 958 958 960 963 964 964 969 966 970 970 972 975 976 976 978 981 982 982 987 984 988 988 990 993 994 994 996 999 1000 1000 1005 1002 1006 1006 1008 1011 1012 1012 1017 1014 1018 1018 1023 1020 1024 1024 1029 1026 1030 1030 1032 1035 1036 1036 1038 1041 1042 1042 1044 1047 1048 1048 1053 1050 1054 1054 1059 1056 1060 1060 1065 1062 1066 1066 1071 1068 1072 1072 1077 1074 1078 1078 1083 1080 1084 1084 1086 1089 1090 1090 1095 1092 1096 1096 1101 1098 1102 1102 1107 1104 1108 1108 1113 1110 1114 1114 1116 1119 1120 1120 1122 1125 1126 1126 1131 1128 1132 1132 1134 1137 1138 1138 1143 1140 1144 1144 1149 1146 1150 1150 1152 1155 1156 1156 1158 1161 1162 1162 1164 1167 1168 1168 1173 1170 1174 1174 1179 1176 1180 1180 1182 1185 1186 1186 1191 1188 1192 1192 1194 1197 1198 1198 1200 1203 1204 1204 1209 1206 1210 1210 1212 1215 1216 1216 1221 1218 1222 1222 1227 1224 1228 1228 1233 1230 1234 1234 1239 1236 1240 1240 1245 1242 1246 1246 1251 1248 1252 1252 1254 1257 1258 1258 1263 1260 1264 1264 1269 1266 1270 1270 1272 1275 1276 1276 1280 1279 1280 1285 1282 1286 1286 1291 1288 1292 1292 1297 1294 1298 1298 1303 1300 1304 1304 1309 1306 1310 1310 1315 1312 1316 1316 1321 1318 1322 1322 1324 1327 1328 1328 1330 1333 1334 1334 1336 1339 1340 1340 1342 1345 1346 1346 1351 1348 1352 1352 1357 1354 1358 1358 1363 1360 1364 1364 1369 1366 1370 1370 1375 1372 1376 1376 1378 1381 1382 1382 1387 1384 1388 1388 1390 1393 1394 1394 1396 1399 1400 1400 1402 1405 1406 1406 1411 1408 1412 1412 1417 1414 1418 1418 1423 1420 1424 1424 1429 1426 1430 1430 1432 1435 1436 1436 1438 1441 1442 1442 1447 1444 1448 1448 1453 1450 1454 1454 1456 1459 1460 1460 1465 1462 1466 1466 1471 1468 1472 1472 1474 1477 1478 1478 1483 1480 1484 1484 1486 1489 1490 1490 1492 1495 1496 1496 1501 1498 1502 1502 1504 1507 1508 1508 1510 1513 1514 1514 1516 1519 1520 1520 1522 1525 1526 1526 1528 1531 1532 1532 1534 1537 1538 1538 1542 1541 1542 1547 1544 1548 1548 1550 1553 1554 1554 1556 1559 1560 1560 1562 1565 1566 1566 1568 1571 1572 1572 1574 1577 1578 1578 1580 1582 1585 1586 1586 1591 1588 1592 1592 1594 1596 1598 1598 1603 1600 1604 1604 1609 1606 1610 1610 1612 1614 1616 1619 1616 1620 1620 1622 1625 1626 1626 1628 1630 1632 1632 1635 1636 1636 1638 1641 1642 1642 1644 1647 1648 1648 1650 1655 1652 1656 1656 1656 1665 1658 1662 1660 1666 1666 1666 1673 1668 1670 1674 1676 1674 1676 1681 1678 1682 1682 1687 1684 1688 1688 1690 1693 1694 1694 1698 1696 1700 1700 1704 1702 1709 1706 1706 1710 1710 1712 1715 1716 1716 1718 1721 1722 1722 1724 1727 1728 1728 1730 1732 1734 1734 1736 1739 1740 1740 1745 1742 1746 1746 1748 1751 1752 1752 1756 1754 1758 1761 1758 1762 1762 1765 1766 1766 1771 1768 1772 1772 1774 1777 1778 1778 1783 1780 1784 1784 1789 1786 1790 1790 1795 1792 1796 1796 1801 1798 1802 1802 1806 1804 1808 1808 1813 1810 1814 1814 1816 1819 1820 1820 1825 1822 1826 1826 1831 1828 1832 1832 1834 1837 1838 1838 1840 1843 1844 1844 1846 1851 1852 1848 1854 1852 1854 1856 1859 1860 1860 1864 1862 1866 1866 1868 1870 1870 1874 1872 1876 1876 1879 1880 1880 1882 1884 1886 1889 1886 1890 1890 1892 1895 1896 1896 1898 1901 1902 1902 1907 1904 1908 1908 1910 1913 1914 1914 1916 1918 1920 1920 1922 1925 1926 1926 1928 1931 1932 1932 1937 1934 1938 1938 1945 1940 1942 1946 1948 1946 1948 1950 1953 1954 1954 1959 1956 1960 1960 1964 1962 1966 1966 1971 1968 1972 1972 1976 1974 1976 1985 1978 1980 1982 1986 1986 1986 1991 1988 1992 1992 1994 1999 2000 1996 2002 2000 2007 2002 2008 2004 2010 2008 2010 2012 2015 2016 2016 2021 2018 2022 2022 2024 2027 2028 2028 2033 2030 2034 2034 2036 2039 2040 2040 2042 2045 2046 2046 2051 2048 2052 2052 2057 2054 2058 2058 2060 2063 2064 2064 2069 2066 2070 2070 2072 2075 2076 2076 2078 2081 2082 2082 2086 2085 2086 2088 2091 2092 2092 2097 2094 2098 2098 2100 2103 2104 2104 2109 2106 2110 2110 2115 2112 2116 2116 2121 2118 2122 2122 2127 2124 2128 2128 2130 2133 2134 2134 2139 2136 2140 2140 2142 2145 2146 2146 2151 2148 2152 2152 2154 2157 2158 2158 2162 2167 2160 2164 2164 2168 2168 2173 2170 2174 2174 2176 2179 2180 2180 2182 2187 2184 2188 2190 2188 2190 2192 2195 2196 2196 2198 2201 2202 2202 2204 2207 2208 2208 2210 2213 2214 2214 2216 2221 2218 2222 2224 2222 2224 2226 2229 2230 2230 2234 2232 2236 2236 2243 2238 2240 2244 2246 2244 2246 2255 2250 2248 2252 2252 2256 2256 2263 2258 2260 2264 2270 2264 2266 2269 2270 2270 2272 2275 2276 2276 2281 2278 2282 2282 2284 2287 2288 2288 2293 2290 2294 2294 2299 2296 2300 2300 2305 2302 2306 2306 2308 2310 2312 2312 2317 2314 2318 2318 2320 2323 2324 2324 2329 2326 2330 2330 2332 2337 2334 2338 2338 2343 2340 2344 2344 2346 2349 2350 2350 2352 2355 2356 2356 2358 2361 2362 2362 2367 2364 2368 2368 2370 2373 2374 2374 2376 2379 2380 2380 2385 2382 2386 2386 2388 2391 2392 2392 2397 2394 2398 2398 2400 2403 2404 2404 2406 2409 2410 2410 2415 2412 2416 2416 2418 2421 2422 2422 2424 2427 2428 2428 2432 2430 2432 2437 2434 2438 2438 2443 2440 2444 2444 2449 2446 2450 2450 2452 2455 2456 2456 2461 2458 2462 2462 2464 2467 2468 2468 2473 2470 2474 2474 2479 2476 2480 2480 2482 2485 2486 2486 2490 2489 2490 2495 2492 2496 2496 2498 2501 2502 2502 2504 2507 2508 2508 2513 2510 2514 2514 2516 2519 2520 2520 2522 2525 2526 2526 2531 2528 2532 2532 2534 2537 2538 2538 2543 2540 2544 2544 2549 2546 2550 2550 2552 2555 2556 2556 2558 2561 2562 2562 2564 2567 2568 2568 2570 2573 2574 2574 2576 2579 2580 2580 2585 2582 2586 2586 2591 2588 2592 2592 2594 2597 2598 2598 2600 2603 2604 2604 2606 2609 2610 2610 2612 2614 2614 2616 2619 2620 2620 2622 2625 2626 2626 2631 2628 2632 2632 2637 2634 2638 2638 2640 2643 2644 2644 2646 2648 2651 2652 2652 2654 2656 2659 2660 2660 2665 2662 2666 2666 2668 2671 2672 2672 2674 2677 2678 2678 2680 2683 2684 2684 2689 2686 2690 2690 2692 2695 2696 2696 2698 2701 2702 2702 2704 2707 2708 2708 2710 2713 2714 2714 2716 2719 2720 2720 2722 2725 2726 2726 2731 2728 2732 2732 2737 2734 2738 2738 2743 2740 2744 2744 2746 2749 2750 2750 2752 2755 2756 2756 2758 2761 2762 2762 2767 2764 2768 2768 2770 2773 2774 2774 2779 2776 2780 2780 2782 2785 2786 2786 2788 2791 2792 2792 2794 2797 2798 2798 2803 2800 2804 2804 2809 2806 2810 2810 2815 2812 2816 2816 2818 2821 2822 2822 2827 2824 2828 2828 2830 2833 2834 2834 2839 2836 2840 2840 2845 2842 2846 2846 2851 2848 2852 2852 2854 2857 2858 2858 2860 2863 2864 2864 2866 2869 2870 2870 2875 2872 2876 2876 2881 2878 2882 2882 2884 2887 2888 2888 2893 2890 2894 2894 2899 2896 2900 2900 2902 2905 2906 2906 2908 2911 2912 2912 2914 2917 2918 2918 2923 2920 2924 2924 2929 2926 2930 2930 2935 2932 2936 2936 2938 2941 2942 2942 2947 2944 2948 2948 2950 2953 2954 2954 2956 2959 2960 2960 2965 2962 2966 2966 2971 2968 2972 2972 2976 2975 2976 2978 2981 2982 2982 2987 2984 2988 2988 2993 2990 2994 2994 2996 2999 3000 3000 3005 3002 3006 3006 3011 3008 3012 3012 3017 3014 3018 3018 3023 3020 3024 3024 3026 3029 3030 3030 3032 3035 3036 3036 3041 3038 3042 3042 3047 3044 3048 3048 3050 3053 3054 3054 3056 3059 3060 3060 3062 3065 3066 3066 3071 3068 3072 3072 3074 3077 3078 3078 3083 3080 3084 3084 3086 3089 3090 3090 3092 3095 3096 3096 3098 3101 3102 3102 3104 3107 3108 3108 3110 3113 3114 3114 3116 3119 3120 3120 3125 3122 3126 3126 3128 3131 3132 3132 3138 3137 2 3139

6 4 8 8 10 12 14 14 16 18 20 20 24 22 24 26 28 30 30 34 32 36 36 40 38 42 42 44 46 48 48 50 52 52 56 54 56 58 60 62 62 64 66 68 68 70 72 74 74 76 78 80 80 82 84 86 86 90 88 92 92 94 96 98 98 100 102 104 104 106 108 110 110 112 114 116 116 118 120 122 122 126 124 128 128 130 132 134 134 138 136 140 140 142 144 146 146 148 150 152 152 156 154 158 158 162 160 164 164 166 168 170 170 174 172 176 176 180 178 182 182 186 184 188 188 192 190 192 196 194 198 198 200 202 204 204 206 208 210 210 212 214 216 216 220 218 222 222 224 226 228 228 232 230 234 234 238 236 240 240 244 242 246 246 250 248 252 252 254 256 258 258 262 260 264 264 268 266 270 270 274 272 276 276 280 278 282 282 284 286 288 288 294 290 296 292 298 296 298 302 300 304 304 306 308 310 310 312 314 316 316 318 320 322 322 326 324 328 328 330 332 334 334 336 338 340 340 342 344 346 346 348 350 352 352 356 354 358 358 362 360 364 364 368 366 370 370 374 372 376 376 378 380 382 382 384 386 388 388 392 390 394 394 396 398 400 400 404 402 406 406 408 410 412 412 414 416 418 418 420 422 424 424 428 426 430 430 432 494 436 434 438 438 440 442 444 444 448 446 450 450 454 452 456 456 460 458 462 462 466 464 468 468 470 472 474 474 476 478 480 480 482 484 486 486 490 488 492 492 494 498 496 500 500 504 502 506 506 510 508 512 512 514 516 518 518 520 522 524 524 528 526 530 530 532 534 536 536 540 538 542 542 544 548 546 550 552 550 552 554 556 558 558 560 562 564 564 566 568 570 570 572 574 576 576 580 578 582 582 586 584 588 588 592 590 594 594 598 596 600 600 604 602 606 606 610 608 612 612 614 616 618 618 620 622 624 626 626 630 628 632 632 634 636 638 638 642 640 644 644 648 646 650 650 654 652 656 656 660 658 662 662 664 666 668 668 670 672 674 674 678 676 680 680 682 684 686 686 688 690 692 692 696 694 698 698 700 702 704 704 706 708 710 710 712 715 716 716 720 718 722 722 724 726 728 728 730 732 734 736 736 740 738 742 742 746 744 748 748 750 752 754 754 756 758 760 760 764 762 766 766 770 768 772 772 774 776 778 778 782 780 784 784 786 788 790 790 794 792 796 796 798 800 802 802 804 806 808 808 812 810 814 814 818 816 820 820 822 824 826 826 828 830 832 832 834 836 838 838 840 842 844 844 848 846 850 850 852 854 856 856 858 860 862 862 866 864 868 868 870 872 872 874 876 878 878 880 882 884 884 888 886 890 890 894 892 896 896 898 900 902 902 906 904 908 908 912 910 914 914 918 916 920 920 922 924 926 926 928 930 932 932 934 936 938 938 942 940 944 944 946 948 950 950 952 954 956 956 960 958 962 962 964 966 968 968 970 972 974 974 976 978 980 980 982 984 986 986 990 988 992 992 994 996 998 998 1002 1000 1004 1004 1006 1008 1010 1010 1014 1012 1016 1016 1018 1020 1022 1022 1026 1024 1028 1028 1030 1032 1034 1034 1036 1038 1040 1040 1044 1042 1046 1046 1050 1048 1052 1052 1056 1054 1058 1058 1062 1060 1064 1064 1068 1066 1070 1070 1072 1074 1076 1076 1078 1080 1082 1082 1084 1086 1088 1088 1090 1092 1094 1094 1098 1096 1100 1100 1104 1102 1106 1106 1110 1108 1112 1112 1114 1116 1118 1118 1120 1122 1124 1124 1126 1128 1130 1130 1132 1134 1136 1136 1140 1138 1142 1142 1144 1146 1148 1148 1150 1152 1154 1154 1156 1158 1160 1160 1162 1164 1166 1166 1170 1168 1172 1172 1174 1176 1178 1178 1182 1180 1184 1184 1188 1186 1190 1190 1192 1194 1196 1196 1198 1200 1202 1202 1204 1206 1208 1208 1210 1212 1214 1214 1216 1218 1220 1220 1224 1222 1226 1226 1230 1228 1232 1232 1234 1236 1238 1238 1240 1242 1244 1244 1246 1248 1250 1252 1256 1254 1258 1258 1262 1260 1264 1264 1266 1268 1270 1270 1274 1272 1276 1276 1280 1278 1282 1282 1286 1284 1288 1288 1290 1292 1294 1294 1296 1298 1300 1302 1302 1306 1304 1308 1308 1310 1312 1314 1314 1316 1318 1320 1320 1322 1324 1326 1326 1328 1330 1332 1332 1334 1336 1338 1340 1342 1344 1346 1348 1350 1350 1352 1354 1356 1358 1360 1362 1364 1366 1368 1368 1372 1370 1374 1374 1376 1378 1380 1380 1382 1384 1386 1388 1388 1390 1392 1394 1394 1396 1398 1400 1402 1404 1406 1408 1408 1412 1410 1414 1414 1416 1418 1420 1420 1422 1424 1426 1426 1430 1428 1432 1432 1434 1438 1436 1440 1440 1442 1444 1446 1446 1450 1448 1452 1452 1454 1456 1458 1458 1462 1460 1464 1464 1466 1470 1468 1474 1472 1474 1476 1478 1480 1482 1484 1484 1486 1488 1490 1490 1494 1492 1496 1496 1502 1501 2 1503

4 6 8 8 12 10 14 14 16 18 20 20 22 24 26 26 28 30 32 32 34 36 38 38 40 42 44 44 48 46 50 50 54 52 56 56 60 58 62 62 64 66 68 68 72 70 74 74 78 76 80 80 82 84 86 86 90 88 90 92 94 96 96 98 100 102 102 106 104 108 108 112 110 114 114 116 120 118 122 124 122 124 126 128 130 130 134 132 136 136 138 140 142 142 144 146 148 148 150 152 154 154 158 156 160 160 162 164 166 166 168 170 172 172 174 176 178 178 182 180 184 184 186 188 190 190 194 192 196 196 198 200 202 202 206 204 208 210 208 212 212 214 216 218 218 220 222 224 224 226 228 230 230 234 232 236 236 240 238 242 242 244 246 248 250 248 252 252 254 256 258 258 262 260 262 264 266 268 268 272 270 274 274 276 280 282 278 284 282 284 288 286 290 290 294 292 296 296 298 300 302 302 304 306 308 308 310 312 314 314 318 316 318 322 320 324 324 326 328 330 332 330 334 334 336 338 340 340 344 342 346 346 350 348 352 352 354 356 358 358 360 362 364 364 366 368 370 370 374 372 376 376 380 378 382 382 384 386 388 388 390 392 394 394 396 398 400 400 402 404 406 406 408 410 412 412 414 416 418 418 420 422 424 424 426 428 430 430 432 434 436 436 440 438 442 442 444 446 448 448 452 450 454 454 456 458 460 460 462 464 464 466 468 470 470 474 472 476 476 480 478 482 482 484 486 486 490 488 492 492 496 494 498 498 502 500 504 504 508 506 510 510 512 514 516 516 518 520 522 522 524 526 528 528 530 532 534 534 536 538 540 540 544 542 546 546 548 550 552 552 554 556 558 558 560 562 564 564 566 568 570 570 574 572 576 576 580 578 582 582 586 584 588 588 594 593 2 595
5 7 9 9 13 11 15 15 17 19 21 21 23 25 27 27 31 29 33 33 35 37 39 39 41 43 45 45 49 47 51 51 53 55 57 57 59 61 63 63 67 65 69 69 71 73 75 75 79 77 81 81 83 85 87 87 91 89 93 93 97 95 99 99 101 103 105 105 109 107 111 111 115 113 117 117 119 121 123 123 125 127 127 129 131 133 133 137 135 139 139 143 141 145 145 149 147 151 151 155 153 157 157 161 159 163 163 167 165 169 169 173 171 175 175 179 177 179 183 181 185 185 189 187 191 191 193 195 197 197 201 199 203 203 205 207 209 209 211 213 215 215 219 217 221 221 225 223 227 227 229 231 233 233 237 235 239 239 241 243 245 245 249 247 251 251 253 255 257 257 261 259 263 263 265 267 269 269 273 271 275 275 277 279 281 281 283 285 287 287 289 291 293 293 295 297 299 299 301 303 305 305 307 309 311 311 313 315 317 317 321 319 323 323 327 325 329 329 331 333 335 335 339 337 341 341 345 343 347 347 349 351 351 353 355 357 357 361 359 363 363 365 367 369 369 373 371 375 375 377 379 381 381 383 385 387 387 391 389 393 393 395 397 399 399 401 403 405 405 409 407 411 411 413 415 417 417 419 421 423 423 425 427 429 429 433 431 435 435 439 437 441 441 445 443 447 447 449 451 453 453 455 457 459 459 461 463 465 465 467 471 469 473 473 475 477 479 481 483 483 487 485 489 489 491 493 495 495 497 499 501 501 503 505 507 509 511 511 515 513 517 517 519 521 523 523 525 527 529 531 533 535 537 537 539 541 543 543 545 547 551 549 553 553 555 557 559 561 563 565 569 567 571 571 575 573 577 577 579 581 583 583 585 587 591 589 593 593 595 597 601 599 603 603 607 605 609 609 611 613 615 617 619 619 621 623 625 625 627 629 631 631 635 633 637 637 643 639 641 647 645 647 649 651 651 653 655 657 659 661 661 663 665 667 667 669 671 673 673 677 675 679 679 683 681 685 685 687 689 691 691 693 695 697 699 701 703 705 705 709 707 711 711 713 717 715 717 721 719 723 723 725 727 729 729 731 733 735 737 737 739 741 743 745 747 749 753 751 755 755 757 759 765 761 763 769 767 769 771 773 775 777 779 781 783 785 787 787 791 789 793 793 795 797 799 801 803 803 805 807 809 811 813 815 817 817 819 821 823 825 827 827 829 831 833 835 837 839 841 843 845 847 849 851 853 855 859 857 861 861 863 865 867 872 871 3 873
5 7 9 9 13 11 15 15 17 19 21 21 23 25 27 27 31 29 33 33 35 37 39 39 41 43 45 45 49 47 51 51 53 55 57 57 59 61 63 63 67 65 69 69 71 73 75 75 79 77 81 81 83 85 87 87 91 89 93 93 97 95 99 99 101 103 105 105 109 107 111 111 115 113 117 117 119 121 123 123 125 127 127 129 131 133 133 137 135 139 139 143 141 145 145 149 147 151 151 155 153 157 157 161 159 163 163 167 165 169 169 173 171 175 175 179 177 179 183 181 185 185 189 187 191 191 193 195 197 197 201 199 203 203 205 207 209 209 211 213 215 215 219 217 221 221 225 223 227 227 229 231 233 233 237 235 239 239 241 243 245 245 249 247 251 251 253 255 257 257 261 259 263 263 265 267 269 269 273 271 275 275 277 279 281 281 283 285 287 287 289 291 293 293 295 297 299 299 301 303 305 305 307 309 311 311 313 315 317 317 321 319 323 323 327 325 329 329 331 333 335 335 339 337 341 341 345 343 347 347 349 351 351 353 355 357 357 361 359 363 363 365 367 369 369 373 371 375 375 377 379 381 381 383 385 387 387 391 389 393 393 395 397 399 399 401 403 405 405 409 407 411 411 413 415 417 417 419 421 423 423 425 427 429 429 433 431 435 435 439 437 441 441 445 443 447 447 449 451 453 453 455 457 459 459 461 463 465 465 467 471 469 473 473 475 477 479 481 483 483 487 485 489 489 491 493 495 495 497 499 501 501 503 505 507 509 511 511 515 513 517 517 519 521 523 523 525 527 529 531 533 535 537 537 539 541 543 543 545 547 551 549 553 553 555 557 559 561 563 565 569 567 571 571 575 573 577 577 579 581 583 583 585 587 591 589 593 593 595 597 601 599 603 603 607 605 609 609 611 613 615 617 619 619 621 623 625 625 627 629 631 631 635 633 637 637 643 639 641 647 645 647 649 651 651 653 655 657 659 661 661 663 665 667 667 669 671 673 673 677 675 679 679 683 681 685 685 687 689 691 691 693 695 697 699 701 703 705 705 709 707 711 711 713 717 715 717 721 719 723 723 725 727 729 729 731 733 735 737 737 739 741 743 745 747 749 753 751 755 755 757 759 765 761 763 769 767 769 771 773 775 777 779 781 783 785 787 787 791 789 793 793 795 797 799 801 803 803 805 807 809 811 813 815 817 817 819 821 823 825 827 827 829 831 833 835 837 839 841 843 845 847 849 851 853 855 859 857 861 861 863 865 867 872 871 3 873
7 5 9 9 13 11 15 15 19 17 21 21 25 23 27 27 31 29 33 33 35 37 39 39 43 41 45 45 47 49 51 51 55 53 57 57 61 59 63 63 67 65 69 69 73 71 75 75 77 79 81 81 83 85 87 87 92 91 3 93



128 2 4 4 8 6 10 12 14 14 16 18 20 20 22 24 24 28 26 30 30 32 34 34 36 38 40 40 42 44 46 48 50 52 52 56 54 58 60 58 62 64 66 66 68 70 72 74 76 76 78 80 82 84 86 86 88 90 92 94 96 98 100 102 104 104 106 108 110 112 114 114 116 118 120 127 122 129
6 6 8 10 12 12 16 14 18 18 20 23 24 24 28 26 28 33 30 34 34 38 36 40 40 44 42 46 46 48 50 56 56 55 4 2 57
88 3 88 88 5 88 7 88 9 11 88 13 88 88 15 17 88 19 88 21 88 88 23 25 25 29 27 31 32 31 35 35 37 38 41 41 43 45 47 47 50 49 53 53 56 55 59 59 61 62 65 65 68 67 71 71 71 74 73 76 79 79 87 82 81 89
6 6 10 8 12 12 16 14 18 18 20 23 24 24 26 29 30 30 35 32 36 36 40 38 42 42 44 47 48 48 50 53 54 54 58 56 60 60 64 62 66 66 68 70 72 72 76 78 74 80 80 80 84 82 86 86 90 88 92 92 94 96 98 98 100 102 104 104 108 106 110 110 114 112 114 116 119 120 120 124 122 126 126 130 128 132 132 136 134 138 138 142 140 144 144 146 148 150 150 154 152 156 156 158 163 164 160 166 164 166 170 168 176 176 175 2 5 177
72 3 72 5 7 8 7 7 11 7 13 7 15 5 17 19 7 21 23 23 21 26 25 29 29 31 32 35 35 39 37 41 41 43 45 47 49 47 51 51 54 53 57 57 60 59 63 63 71 66 65 73
6 6 10 8 12 12 14 16 18 18 22 20 24 24 28 26 30 30 35 32 36 36 40 38 42 42 47 44 48 48 52 50 54 54 58 56 60 60 64 62 66 66 68 71 72 72 74 76 76 81 78 82 82 84 86 88 88 93 90 94 94 96 98 100 100 104 102 106 106 108 110 116 116 115 2 5 117
4 8 6 10 10 14 12 16 16 20 18 20 25 22 26 26 28 30 32 32 34 37 38 38 43 40 44 44 49 46 50 50 52 55 56 56 58 60 62 62 66 64 68 68 70 73 74 74 76 79 80 80 82 85 86 86 88 90 92 92 97 94 98 98 102 100 104 104 108 106 110 110 114 112 116 116 120 118 126 126 125 4 2 127
7 5 9 9 13 11 13 15 17 19 19 21 23 25 25 27 29 31 31 33 35 35 39 37 41 41 45 43 47 47 51 49 53 53 55 57 59 59 63 61 65 65 67 69 71 71 75 73 75 77 79 81 81 83 85 85 89 87 91 91 95 93 97 97 99 101 101 103 105 107 107 109 111 113 115 115 117 119 121 121 123 125 125 127 129 131 131 137 133 139 135 137 139 141 143 143 147 145 149 149 150 155 152 156 156 160 158 162 162 165 166 168 168 172 171 176 175 176 178 178 182 181 184 184 188 187 190 190 193 194 196 196 200 199 202 202 206 204 206 209 210 213 213 214 216 216 219 220 222 222 224 230 227 228 230 230 233 234 236 236 239 240 242 242 368 244 247 248 250 250 253 254 256 256 259 260 262 262 266 265 268 268 272 271 274 274 278 277 280 280 358 283 285 287 289 289 293 291 293 295 297 299 299 301 303 305 305 309 307 311 311 315 313 319 317 317 319 323 321 323 325 327 329 329 331 333 335 335 339 337 341 341 343 345 347 347 351 349 353 353 355 357 358 368 358 363 364 361 363 368 368 366 370 370 373 374 376 376 380 379 382 382 386 385 388 388 391 392 394 394 397 398 401 401 402 404 404 408 407 410 410 413 414 416 416 420 419 423 423 430 427 425 429 429 430 442 433 435 437 437 439 441 442 442 448 445 447 450 450 450 453 454 456 456 458 460 462 462 465 466 468 468 472 471 474 474 477 478 480 480 483 484 486 486 489 490 493 494 493 496 496 500 499 502 502 505 506 508 508 512 511 512 516 515 518 518 521 522 526 524 526 528 528 531 532 534 534 538 537 538 542 541 544 544 548 547 551 551 594 553 571 557 555 559 559 561 563 565 565 569 567 571 571 573 575 577 577 579 581 581 585 583 587 587 591 589 593 593 594 598 597 600 600 604 602 604 607 608 608 611 612 614 614 618 617 620 620 624 623 626 626 629 630 632 632 638 635 640 637 642 640 642 646 645 646 649 650 652 652 656 654 656 659 660 664 663 664 666 666 669 670 672 702 672 675 676 678 678 680 682 682 686 684 686 690 689 690 692 694 696 696 700 699 702 702 706 705 708 708 712 711 714 714 716 722 720 719 722 722 726 725 728 728 732 731 734 734 739 744 737 739 741 743 744 744 747 748 750 750 753 754 756 756 760 759 762 762 765 766 768 768 772 771 775 775 788 777 779 781 781 785 783 787 787 788 790 792 794 794 798 796 798 802 801 804 804 808 807 810 810 814 813 816 816 819 820 820 823 824 826 826 829 830 832 832 850 836 835 836 839 840 842 842 846 845 848 848 850 854 852 856 856 884 859 861 863 863 867 865 867 871 869 873 873 875 877 879 879 883 881 884 884 887 888 890 890 893 894 896 896 900 899 902 902 906 905 908 908 912 910 914 914 918 916 920 920 922 926 925 928 928 928 930 932 934 934 936 938 940 940 944 943 946 946 950 949 952 952 956 955 958 958 962 961 964 964 967 968 970 970 974 973 976 976 980 979 982 982 985 986 988 988 992 991 994 994 997 998 1000 1000 1004 1003 1006 1006 1009 1010 1014 1014 1013 1016 1016 1020 1019 1022 1022 1026 1025 1028 1028 1032 1031 1032 1036 1035 1038 1038 1042 1041 1045 1045 1050 1047 1049 1050 1050 1054 1053 1056 1056 1060 1058 1060 1063 1064 1066 1066 1069 1070 1072 1072 1075 1076 1076 1080 1079 1082 1082 1085 1086 1088 1088 1092 1091 1094 1094 1098 1097 1100 1100 1103 1104 1106 1106 1110 1109 1112 1112 1116 1114 1118 1118 1121 1122 1124 1124 1128 1127 1130 1130 1134 1133 1136 1136 1140 1139 1142 1142 1144 1146 1148 1148 1151 1152 1154 1154 1158 1156 1160 1160 1164 1162 1166 1166 1168 1170 1172 1172 1176 1174 1178 1178 1180 1182 1184 1184 1188 1186 1190 1190 1192 1194 1200 1200 1199 3 1201
6 6 11 8 12 12 14 17 18 18 23 20 24 24 26 29 30 30 32 35 36 36 38 41 42 42 47 44 48 48 50 53 54 54 60 57 58 58 60 62 65 66 66 71 68 76 76 75 2 4 77
6 6 8 10 12 12 18 14 17 18 18 22 20 24 24 26 29 30 30 32 35 36 36 38 40 42 42 46 44 48 48 53 50 54 54 59 56 60 60 62 64 66 66 70 68 72 72 76 74 78 78 82 84 86 81 82 84 86 88 90 92 92 97 94 98 98 100 102 104 104 106 108 110 110 114 112 116 116 118 120 122 122 124 127 128 128 132 130 134 134 138 136 140 140 145 142 150 150 149 4 2 151
6 6 10 8 12 12 14 16 18 18 23 20 27 24 24 28 28 32 30 34 34 37 86 41 39 43 43 45 63 47 48 51 51 53 54 57 57 60 59 63 63 65 66 69 69 71 73 73 76 75 79 79 83 81 85 85 86 88 220 222 90 158 92 97 94 98 98 100 103 104 104 106 109 110 110 112 115 116 116 121 118 122 122 124 127 128 128 130 134 136 133 138 136 138 143 140 144 144 146 149 150 150 152 155 156 156 158 162 160 164 164 169 166 170 170 172 175 176 178 176 180 180 182 184 186 186 191 188 192 192 196 194 198 198 200 202 204 204 209 206 210 210 212 214 216 216 220 218 222 222 227 224 228 228 230 232 234 234 236 238 240 240 518 242 246 245 250 248 250 265 252 254 256 258 258 262 261 444 265 444 265 267 269 271 271 273 275 277 277 279 280 283 283 285 287 289 289 293 291 295 295 297 298 301 301 304 303 307 308 307 311 311 313 315 317 317 320 319 323 323 325 326 329 329 331 333 335 335 337 338 341 341 343 344 347 347 349 350 353 353 356 355 359 359 362 361 365 365 367 369 371 371 373 375 377 377 379 380 383 383 386 385 389 389 391 393 395 395 399 396 437 400 400 439 402 404 406 406 410 408 412 412 416 414 416 420 418 422 422 424 426 428 428 432 430 434 434 437 439 442 441 444 444 447 448 452 450 452 454 454 458 456 458 462 460 464 464 468 467 470 470 474 473 476 476 478 480 484 483 484 486 486 490 489 492 492 496 495 498 498 501 502 504 504 507 508 510 510 513 514 516 516 518 520 523 524 524 526 528 528 978 532 531 535 535 537 541 538 543 545 543 545 547 548 551 551 554 553 571 557 557 560 559 563 563 566 565 569 569 571 572 575 575 579 577 581 581 583 584 587 587 591 589 593 593 595 596 599 599 602 601 605 605 609 607 611 611 613 614 618 617 617 621 621 623 625 627 627 630 629 633 633 637 635 639 639 642 641 645 647 645 649 649 651 652 655 655 657 659 661 661 664 663 667 669 667 671 671 674 673 677 677 679 681 683 683 686 685 689 689 692 691 695 695 697 698 703 701 701 705 705 708 707 711 711 713 714 717 717 719 721 723 723 726 725 729 729 732 731 735 735 737 741 738 743 745 743 745 748 747 751 751 753 754 757 757 760 759 763 763 765 766 771 769 769 773 773 775 776 779 779 781 782 785 785 788 787 791 791 793 794 797 797 798 801 977 802 802 804 807 808 808 813 810 814 814 819 816 820 820 825 822 826 826 831 828 832 832 834 837 838 838 840 843 844 844 846 849 850 850 852 855 856 856 861 858 862 862 864 869 867 870 870 870 875 872 876 876 878 881 882 882 884 887 888 888 893 890 894 894 899 896 900 900 905 902 906 906 911 908 912 912 914 917 918 918 923 920 924 924 929 926 930 930 935 932 936 936 938 941 942 942 947 944 948 948 950 953 954 954 961 956 959 962 962 962 964 967 968 968 970 973 974 974 977 980 978 986 982 982 984 986 986 992 991 4 2 993
