2 5 6 6 8 10 12 12 14 16 18 18 20 22 24 24 26 28 30 30 32 34 36 36 38 41 42 42 44 46 48 48 50 53 54 54 56 58 60 60 62 62 64 66 68 68 70 70 72 75 76 76 78 81 82 82 85 86 86 88 91 92 92 94 97 98 98 100 103 104 104 106 109 110 110 112 115 116 116 118 121 122 122 124 127 128 128 130 133 134 134 137 138 138 140 143 144 144 144 146 149 150 152 154 154 156 159 160 162 164 164 166 169 170 170 172 175 176 176 178 181 182 182 184 184 187 189 190 192 192 194 197 198 198 200 203 204 204 206 209 210 210 212 215 216 216 218 221 222 222 222 224 227 227 228 228 230 230 232 235 237 238 238 240 243 244 246 248 248 250 250 253 255 256 258 258 260 263 264 264 266 266 268 271 272 274 274 274 276 278 281 282 284 286 290 291 291 292
2 5 6 6 8 11 12 12 14 16 18 18 20 22 24 24 26 28 30 30 32 34 38 39 39 40
3 5 6 9 11 11 12 15 17 17 18 21 23 23 24 27 29 29 30 33 35 35 36 39 41 41 42 45 47 47 48 51 53 53 55 56 59 61 61 62 65 67 67 69 71 73 75 77 77 79 81 83 83 85 87 89 89 91 93 95 95 97 99 101 101 103 105 107 107 109 111 114 115 115 116
4 5 6
4 5 6

2 4 8 9 10
3 4 6 6 9 10 12 12 15 16 18 18 21 22 24 24 27 28 30 30 33 34 36 36 39 40 42 42 45 46 48 48 51 52 55 56 56 58 58 61 62 64 64 66 68 70 70 73 74 76 76 79 80 83 84 84 86 86 88 90 90 92 94 96 96 98 100 102 102 105 106 108 108 111 112 114 114 117 118 120 120 123 124 126 126 128 130 132 132 134 136 138 138 141 142 144 144 147 148 150 150 153 154 156 156 159 160 162 162 164 166 168 168 170 172 176 177 177 178
3 4 6 6 9 10 12 12 15 16 20 21 21 22
2 5 6 6 8 11 12 12 14 17 18 18 20 23 24 24 26 29 30 30 32 35 36 36 38 41 44 45 45 46
2 5 6 6 8 10 12 12 14 14 16 18 20 22 24 24 26 28 30 30 32 32 35 36 38 40 40 42 44 44 46 48 50 50 52 54 56 56 58 61 62 64 64 66 66 68 70 72 74 74 76 78 80 80 82 84 86 86 88 90 90 92 95 98 99 99 100
3 5 7 9 11 11 13 15 17 19 19 21 23 23 25 27 27 29 31 33 33 35 37 39 39 41 43 45 45 47 49 49 51 53 55 55 57 59 61 61 63 64 67 67 69 71 71 72 75 75 77 79 79 81 83 83 85 87 90 91 91 92
2 5 6 6 8 11 12 12 14 16 18 18 20 23 24 24 26 29 32 33 33 34
2 5 6 6 8 10 12 12 14 17 18 18 20 23 24 24 24 26 28 30 30 32 34 36 38 38 40 40 42 42 44 44 46 46 48 48 50 50 52 52 55 55 57 57 58 58 60 60 62 62 65 66 66 68 71 72 72 74 77 78 78 80 82 84 84 86 88 90 90 90 92 94 94 96 98 100 100 100 102 102 104 106 108 108 110 112 114 114 114 116 116 118 118 120 120 122 122 124 124 126 126 129 129 131 132 134 134 136 138 140 140 142 145 146 146 148 150 150 152 155 156 156 158 160 162 162 164 167 168 168 170 173 174 174 176 179 180 180 182 185 186 186 188 190 192 192 194 196 198 198 200 202 206 207 207 208
2 4 6 6 8 11 12 12 14 17 18 18 20 20 22 22 24 24 27 29 30 32 34 34 36 38 40 40 42 42 42 44 44 44 46 48 51 53 53 54 54 54 54 54 56 58 61 63 63 63 63 64 64 64 64 66 69 70 70 72 75 77 77 78 80 84 85 85 86
2 4 6 6 8 11 12 12 14 17 18 18 18 20 22 24 24 26 29 30 30 32 34 36 36 38 40 44 45 45 46
2 2 5 6 8 10 10 12 15 16 16 18 21 22 22 24 27 28 28 30 32 34 34 36 38 40 40 42 44 46 46 46 49 51 52 52 54 56 60 61 61 62
2 4 6 6 8 11 12 12 14 17 18 18 20 22 24 24 26 29 30 30 32 35 36 36 38 40 42 42 44 47 48 48 50 52 54 54 56 58 60 60 62 65 68 69 69 70
2 5 6 6 8 10 10 12 14 14 16 19 20 20 22 24 26 26 28 30 30 32 34 36 36 38 41 42 42 44 46 48 48 50 52 54 54 56 58 60 60 62 65 66 66 68 70 72 72 74 76 78 78 80 82 84 84 86 86 88 91 92 94 94 96 98 102 103 103 104
3 5 7 7 9 11 13 15 15 17 19 19 21 23 25 27 27 27 29 31 33 35 35 37 39 39 41 43 45 45 47 47 49 51 53 53 55 57 59 59 61 63 65 65 67 69 71 71 73 75 77 77 79 81 81 83 84 87 87 89 91 91 93 93 95 96 99 99 101 103 105 105 107 109 111 111 113 115 117 117 119 121 121 123 125 127 127 129 131 131 133 135 137 137 139 139 141 143 145 145 147 148 151 151 153 155 157 157 157 159 161 161 163 164 167 167 169 170 173 173 175 176 179 179 181 183 183 185 187 189 189 191 193 195 195 197 199 201 201 203 203 205 207 209 209 211 213 215 217 217 219 219 221 223 225 225 227 229 229 231 233 235 235 237 239 241 243 243 243 245 247 249 249 251 253 255 255 257 259 259 261 263 265 267 267 267 269 271 273 273 275 277 279 279 281 283 283 283 285 287 289 289 291 293 295 295 297 299 299 301 303 305 305 307 309 311 311 313 315 317 317 319 321 323 323 325 326 329 329 331 333 335 335 336 339 339 341 343 343 345 347 349 349 351 354 355 356
2 4 6 6 8 10 12 12 14 16 18 18 20 22 24 24 26 28 30 30 32 34 36 36 38 40 42 42 44 46 48 48 50 53 54 54 56 58 62 63 63 64
2 2 4 6 6 8 11 12 12 14 16 18 18 20 23 24 24 26 28 30 30 32 34 36 38 40 40 42 44 46 46 48 50 52 52 54 54 56 58 60 62 62 65 66 66 68 68 70 72 74 74 76 76 78 80 80 82 85 87 88 88 90 93 94 94 96 96 99 100 102 102 104 106 108 108 110 112 114 114 116 119 120 120 122 125 126 126 128 130 132 132 134 137 138 138 140 143 144 144 146 149 150 150 152 155 156 156 158 161 162 162 164 167 168 168 170 172 174 174 176 179 180 180 180 182 185 186 188 188 190 192 194 194 196 199 200 200 202 204 206 206 208 211 212 212 214 216 218 218 220 222 224 226 228 228 230 232 234 234 236 238 240 240 242 244 246 246 248 250 252 252 254 257 258 258 260 263 264 264 266 269 270 272 272 274 276 278 278 280 283 284 284 286 289 290 290 292 294 296 296 298 300 302 302 302 304 306 309 310 310 312 315 316 316 318 321 322 322 324 327 328 328 330 332 334 334 336 338 340 340 342 345 346 346 348 350 352 352 354 356 358 358 360 362 364 364 366 368 370 370 372 374 376 376 378 380 382 382 384 387 388 388 388 390 393 394 396 396 398 400 402 402 404 406 408 408 408 410 413 414 416 416 418 421 422 422 424 427 428 428 430 432 434 434 436 438 440 440 442 444 444 446 449 450 450 452 454 456 456 458 460 462 462 464 466 468 468 470 472 474 474 476 479 480 480 482 485 486 486 488 491 492 492 494 496 498 498 500 503 504 504 506 509 510 510 512 515 516 516 518 520 522 522 524 527 528 528 528 530 530 533 534 536 538 540 540 542 544 546 546 548 551 552 552 552 554 556 558 560 560 562 565 566 566 568 570 572 572 574 576 578 578 580 582 584 584 586 589 590 590 592 594 596 596 598 601 602 602 604 606 608 608 610 612 614 614 616 616 618 620 622 622 624 627 628 628 630 632 634 634 636 638 640 640 642 644 646 646 648 650 652 652 654 656 658 661 661 662 665 667 667 668 668 670 673 675 675 676 679 681 683 683 685 686 689 689 691 693 695 695 697 698 701 704 705 706
2 2 4 6 6 8 11 12 12 14 16 18 18 20 23 24 24 26 28 30 30 32 34 36 38 40 40 42 44 46 46 48 50 52 52 54 54 56 58 60 62 62 65 66 66 68 68 70 72 74 74 76 76 78 80 80 82 85 87 88 88 90 93 94 94 96 96 99 100 102 102 104 106 108 108 110 112 114 114 116 119 120 120 122 125 126 126 128 130 132 132 134 137 138 138 140 143 144 144 146 149 150 150 152 155 156 156 158 161 162 162 164 167 168 168 170 172 174 174 176 179 180 180 180 182 185 186 188 188 190 192 194 194 196 199 200 200 202 204 206 206 208 211 212 212 214 216 218 218 220 222 224 226 228 228 230 232 234 234 236 238 240 240 242 244 246 246 248 250 252 252 254 257 258 258 260 263 264 264 266 269 270 272 272 274 276 278 278 280 283 284 284 286 289 290 290 292 294 296 296 298 300 302 302 302 304 306 309 310 310 312 315 316 316 318 321 322 322 324 327 328 328 330 332 334 334 336 338 340 340 342 345 346 346 348 350 352 352 354 356 358 358 360 362 364 364 366 368 370 370 372 374 376 376 378 380 382 382 384 387 388 388 388 390 393 394 396 396 398 400 402 402 404 406 408 408 408 410 413 414 416 416 418 421 422 422 424 427 428 428 430 432 434 434 436 438 440 440 442 444 444 446 449 450 450 452 454 456 456 458 460 462 462 464 466 468 468 470 472 474 474 476 479 480 480 482 485 486 486 488 491 492 492 494 496 498 498 500 503 504 504 506 509 510 510 512 515 516 516 518 520 522 522 524 527 528 528 528 530 530 533 534 536 538 540 540 542 544 546 546 548 551 552 552 552 554 556 558 560 560 562 565 566 566 568 570 572 572 574 576 578 578 580 582 584 584 586 589 590 590 592 594 596 596 598 601 602 602 604 606 608 608 610 612 614 614 616 616 618 620 622 622 624 627 628 628 630 632 634 634 636 638 640 640 642 644 646 646 648 650 652 652 654 656 658 661 661 662 665 667 667 668 668 670 673 675 675 676 679 681 683 683 685 686 689 689 691 693 695 695 697 698 701 704 705 706
2 5 7 7 8 11 13 13 15 17 19 19 20 23 25 25 27 29 29 29 31 33 35 35 36 39 41 41 42 45 47 47 49 49 51 51 52 55 55 56 59 61 63 63 64 67 69 69 70 73 75 75 76 79 81 81 82 85 87 87 88 91 93 93 95 97 97 98 101 103 103 104 107 109 109 109 110 113 115 117 117 118 121 123 123 124 127 129 129 131 133 136 137 137 138
2 4 4 7 9 10 13 13 15 17 19 20 20 23 23 25 26 29 29 31 32 35 35 37 39 40 43 43 45 45 47 48 51 51 53 54 57 57 59 61 63 63 65 66 69 69 71 72 75 75 77 78 81 81 83 84 87 87 89 90 93 93 95 97 99 99 101 102 105 105 107 108 111 111 113 114 117 117 119 120 123 123 125 126 129 129 131 133 133 135 136 139 139 141 142 145 145 147 148 151 151 153 154 157 157 159 160 163 163 165 166 169 169 170 173 173 175 176 179 179 181 182 185 185 187 188 191 191 193 194 197 197 199 200 203 203 205 206 209 209 211 213 214 216 216 218 218 221 221 221 222 225 225 225 227 228 231 231 233 234 237 237 239 240 243 243 245 246 249 249 251 252 255 255 257 258 261 261 263 264 267 267 269 270 273 273 275 276 279 279 281 282 285 285 287 289 291 291 293 294 297 297 299 300 303 303 305 306 309 309 311 312 315 315 317 318 321 321 323 324 327 327 329 330 333 333 335 336 339 339 341 342 345 345 347 348 351 351 353 354 357 357 359 360 363 363 365 366 369 369 371 372 375 375 377 378 381 381 383 384 387 387 389 390 393 393 395 396 399 399 401 402 405 405 407 408 411 411 413 414 417 419 419 419 421 423 423 425 427 427 429 430 433 433 435 436 439 439 441 442 445 445 447 448 451 451 453 454 457 457 459 460 463 463 465 466 469 469 471 473 473 475 476 479 479 481 482 485 485 486 489 489 491 492 495 495 497 498 501 501 503 504 507 507 509 510 513 513 515 516 519 519 521 522 525 525 527 528 531 531 533 534 537 537 539 540 543 543 545 546 549 549 551 552 555 555 557 558 561 561 563 564 567 567 569 570 573 573 575 576 579 579 581 582 585 585 587 588 591 591 593 594 597 597 599 600 603 603 605 606 609 609 611 612 615 615 617 618 621 621 623 624 627 627 629 630 633 633 635 636 639 639 641 642 645 645 647 648 651 651 653 654 657 657 659 660 663 663 665 667 667 669 670 673 673 675 676 679 679 681 682 685 685 687 689 689 690 693 693 695 696 699 699 700 703 703 705 706 709 709 711 712 715 715 717 718 721 721 723 724 727 727 729 730 733 733 735 736 739 739 741 742 745 745 747 748 751 751 753 754 757 757 759 760 763 763 765 766 769 769 771 772 775 775 777 778 781 781 782 784 787 787 789 789 791 793 793 795 795 797 797 798 801 801 803 803 805 806 809 809 811 812 815 815 817 818 821 821 823 824 827 827 829 830 833 833 835 836 839 839 841 842 845 845 847 849 851 851 852 855 855 857 858 861 861 863 864 867 867 869 870 872 875 875 875 877 878 880 882 884 884 887 887 889 890 893 893 895 896 899 899 901 902 905 905 907 908 911 911 913 914 917 917 919 920 923 923 925 926 929 929 931 932 935 937 937 939 939 941 942 945 945 947 948 951 951 953 954 957 957 959 960 963 963 965 966 969 969 971 972 975 975 977 978 981 981 983 984 987 987 989 990 993 993 995 996 999 999 1001 1002 1005 1005 1007 1009 1009 1011 1012 1015 1015 1017 1018 1021 1021 1023 1024 1027 1027 1029 1030 1033 1033 1035 1037 1039 1039 1040 1043 1043 1045 1046 1049 1049 1051 1052 1055 1055 1057 1058 1061 1061 1063 1064 1067 1067 1069 1070 1073 1073 1075 1076 1079 1079 1081 1082 1085 1085 1087 1088 1091 1091 1093 1094 1097 1097 1098 1101 1101 1103 1104 1107 1107 1109 1110 1113 1113 1115 1116 1119 1119 1121 1122 1125 1125 1127 1129 1131 1131 1133 1134 1137 1137 1139 1140 1143 1143 1145 1146 1149 1149 1151 1152 1155 1155 1157 1158 1161 1161 1162 1165 1165 1167 1168 1171 1171 1172 1175 1175 1177 1178 1181 1181 1183 1184 1187 1187 1189 1190 1193 1193 1195 1197 1197 1199 1200 1202 1205 1205 1207 1207 1209 1210 1213 1213 1215 1216 1219 1219 1221 1222 1225 1225 1227 1228 1231 1231 1233 1235 1237 1237 1239 1239 1241 1242 1245 1245 1247 1249 1250 1253 1253 1253 1255 1256 1259 1259 1261 1262 1265 1265 1267 1268 1271 1271 1273 1275 1277 1277 1278 1281 1283 1283 1283 1283 1283 1285 1285 1287 1289 1289 1291 1292 1295 1295 1297 1297 1299 1301 1303 1303 1305 1306 1309 1309 1311 1312 1315 1315 1317 1318 1321 1321 1323 1324 1327 1327 1329 1330 1333 1333 1335 1336 1339 1339 1341 1342 1345 1345 1347 1348 1351 1351 1353 1354 1357 1357 1359 1360 1363 1363 1365 1366 1369 1369 1371 1372 1375 1375 1377 1378 1381 1381 1383 1384 1387 1387 1389 1390 1393 1393 1395 1396 1399 1399 1401 1402 1405 1405 1407 1408 1411 1411 1413 1414 1417 1417 1419 1420 1423 1423 1425 1426 1429 1429 1431 1432 1435 1435 1437 1438 1441 1441 1443 1444 1447 1447 1448 1450 1453 1454 1454 1456 1458 1458 1460 1462 1464 1464 1466 1469 1472 1473 1473 1474
2 4 6 6 9 11 12 15 15 17 18 21 21 23 24 27 27 29 30 33 33 35 36 39 39 41 42 45 45 47 48 51 51 53 55 56 59 59 61 61 63 64 67 67 69 70 73 73 75 76 79 79 81 82 85 85 87 88 91 91 93 94 97 97 99 100 103 103 105 106 109 109 111 112 115 115 117 118 121 121 123 124 127 127 129 130 133 133 135 136 139 139 141 142 145 145 147 148 151 151 153 154 157 157 159 160 163 163 165 166 169 169 171 172 175 175 177 179 180 183 183 183 185 186 189 189 191 192 195 195 197 198 201 201 203 204 207 207 209 210 213 213 215 216 219 219 221 222 225 225 227 228 231 231 233 234 237 237 239 240 243 243 245 246 249 249 251 252 255 255 257 258 261 261 263 264 267 267 269 270 273 273 275 276 279 279 281 282 285 285 287 288 291 291 293 294 297 297 299 300 303 303 305 306 309 309 311 312 315 315 317 318 321 321 323 324 327 327 329 330 333 333 335 336 339 339 341 343 343 345 345 347 348 351 351 353 353 355 356 359 359 361 362 365 365 367 368 371 371 373 374 377 377 379 380 383 383 385 386 389 389 390 393 393 395 396 399 399 401 403 405 405 407 408 411 411 413 414 417 417 419 420 423 423 425 426 429 429 431 432 435 435 436 439 439 441 442 445 445 447 448 451 451 453 454 457 457 459 460 463 463 465 466 469 469 471 472 475 475 477 478 481 481 483 484 487 487 489 491 491 493 494 497 497 499 500 503 503 505 506 509 509 511 512 515 515 517 518 521 521 523 524 527 527 529 530 533 533 535 536 539 539 541 542 545 545 547 548 551 551 553 554 557 557 559 560 563 563 565 567 567 569 570 573 573 575 576 579 579 581 582 585 585 587 588 591 591 593 594 597 597 599 600 603 603 605 606 609 609 611 612 615 615 617 618 621 623 623 623 625 626 629 629 631 632 635 635 637 638 641 641 643 644 647 647 649 650 653 653 655 656 659 659 661 662 665 665 667 668 671 671 673 675 675 677 678 681 681 682 684 686 690 691 691 692
2 5 6 6 8 10 12 12 14 16 18 18 20 22 24 24 26 26 28 28 30 30 33 34 34 36 38 40 40 40 40 42 44 46 48 48 50 52 54 54 56 58 58 60 63 64 64 66 69 70 70 72 75 78 79 79 80
3 4 7 7 9 10 13 13 15 16 19 19 21 22 25 25 27 28 31 31 33 34 37 37 39 40 43 43 45 46 49 49 51 52 55 55 57 58 61 61 63 64 67 67 69 70 73 73 75 76 79 79 81 82 85 85 87 88 91 91 93 94 97 97 99 100 103 103 105 107 109 109 111 112 115 115 117 118 121 121 123 124 127 127 129 130 133 133 135 136 139 139 141 142 145 145 147 148 151 151 153 154 157 157 159 160 163 163 165 167 167 169 169 170 170 172 175 175 177 178 181 181 183 184 187 187 189 190 193 193 195 196 199 199 201 202 205 205 207 208 211 211 213 214 217 217 219 220 223 223 225 226 229 229 231 232 235 235 237 238 241 241 243 244 247 247 249 250 253 253 253 255 256 259 259 261 262 265 265 267 268 271 271 273 274 277 277 279 280 283 283 285 286 289 289 291 292 295 295 297 298 301 301 303 304 307 307 309 310 313 313 315 316 319 319 321 322 325 325 327 328 331 331 333 335 335 337 338 341 341 343 344 347 347 349 350 353 353 355 356 359 359 361 362 365 365 367 368 371 371 373 374 377 377 379 380 383 383 385 386 389 389 391 392 395 395 397 398 401 401 403 404 407 407 409 409 410 412 415 417 417 419 420 423 423 425 426 429 429 431 432 435 435 437 438 441 441 443 444 447 447 449 449 450 453 454 457 457 459 460 463 463 465 466 469 469 471 472 475 475 477 478 481 481 483 484 487 487 489 490 493 493 494 497 497 499 500 503 503 505 506 509 509 511 512 515 515 517 518 521 521 523 524 527 527 528 531 531 533 534 537 537 539 540 543 543 545 546 549 549 551 552 555 555 557 558 561 561 563 564 567 567 569 570 573 573 575 576 579 579 581 582 585 585 587 588 591 591 593 594 597 597 599 600 603 603 605 606 609 609 611 612 615 615 617 618 621 621 623 624 627 627 629 630 633 633 635 636 639 639 641 643 645 645 647 648 651 651 653 654 657 657 659 660 663 663 665 666 669 669 671 672 675 675 677 678 681 681 683 684 687 687 689 690 693 693 695 695 696 699 699 701 702 705 705 707 708 711 711 713 714 717 717 719 720 723 723 725 726 729 729 730 733 733 735 736 739 739 741 742 745 745 747 748 751 751 753 754 757 757 759 760 763 763 765 766 769 769 771 772 775 775 777 778 781 781 783 785 787 787 789 790 793 793 795 796 799 799 801 802 805 805 807 808 811 811 813 814 817 817 819 821 821 823 824 827 827 829 830 833 833 835 836 839 839 839 839 839 839 839 839 841 842 845 845 847 848 851 853 853 855 856 859 861 863 863 865 866 869 869 871 872 875 875 877 878 881 881 883 884 887 887 889 890 893 893 895 896 899 899 901 902 905 905 907 908 911 911 913 914 917 917 919 920 923 923 925 926 929 929 931 932 935 935 937 938 941 941 943 944 947 947 949 949 951 951 953 955 955 957 958 961 961 963 964 967 967 969 971 971 973 974 977 977 979 980 983 983 985 986 989 989 991 992 995 995 997 998 1001 1001 1003 1004 1007 1007 1009 1010 1013 1013 1015 1016 1019 1019 1021 1022 1025 1025 1027 1028 1031 1031 1033 1034 1037 1037 1039 1040 1043 1043 1045 1046 1049 1049 1050 1053 1053 1055 1055 1056 1059 1060 1063 1063 1065 1066 1069 1069 1071 1072 1075 1075 1077 1078 1081 1081 1083 1084 1087 1087 1089 1090 1093 1093 1095 1096 1099 1099 1101 1102 1105 1105 1107 1108 1111 1111 1113 1114 1117 1117 1119 1120 1123 1123 1125 1126 1129 1129 1131 1132 1135 1135 1137 1138 1141 1141 1143 1144 1147 1147 1149 1150 1153 1153 1155 1156 1159 1159 1161 1163 1165 1165 1167 1168 1171 1171 1173 1174 1177 1177 1179 1181 1183 1183 1185 1186 1189 1189 1191 1192 1195 1195 1197 1198 1201 1201 1203 1204 1207 1207 1209 1210 1213 1213 1215 1216 1219 1219 1221 1222 1225 1225 1227 1228 1231 1231 1233 1233 1235 1235 1237 1237 1239 1239 1241 1243 1243 1245 1246 1249 1249 1251 1252 1255 1255 1257 1258 1261 1261 1263 1264 1267 1267 1269 1270 1273 1273 1275 1276 1279 1279 1281 1282 1285 1285 1287 1288 1291 1291 1293 1294 1297 1297 1299 1300 1303 1303 1305 1306 1309 1309 1311 1312 1315 1315 1317 1318 1321 1321 1323 1324 1327 1327 1329 1330 1333 1333 1335 1336 1339 1339 1341 1342 1345 1345 1347 1348 1351 1351 1353 1354 1357 1357 1359 1360 1363 1363 1365 1367 1369 1369 1371 1372 1375 1375 1377 1378 1381 1381 1383 1384 1387 1387 1389 1391 1391 1393 1395 1397 1397 1398 1401 1401 1403 1404 1407 1407 1409 1410 1413 1413 1415 1416 1419 1419 1421 1422 1425 1425 1427 1428 1431 1431 1433 1434 1437 1437 1439 1440 1443 1443 1445 1446 1449 1449 1451 1452 1455 1455 1457 1458 1461 1461 1463 1464 1467 1467 1469 1470 1473 1473 1475 1476 1479 1479 1481 1482 1485 1485 1487 1487 1489 1489 1491 1491 1492 1495 1495 1497 1498 1501 1501 1503 1504 1507 1507 1509 1510 1513 1513 1515 1516 1519 1519 1521 1522 1525 1525 1527 1529 1531 1531 1533 1533 1535 1535 1536 1539 1539 1541 1543 1545 1547 1547 1549 1550 1553 1553 1555 1556 1559 1559 1561 1562 1565 1565 1567 1568 1571 1571 1573 1575 1577 1577 1579 1581 1581 1583 1584 1587 1587 1589 1589 1591 1592 1595 1597 1597 1599 1600 1603 1603 1605 1606 1609 1609 1611 1612 1615 1615 1617 1618 1621 1621 1623 1624 1627 1627 1629 1630 1633 1633 1635 1636 1639 1639 1641 1642 1645 1645 1647 1648 1651 1651 1653 1654 1657 1657 1659 1660 1663 1663 1665 1666 1669 1669 1671 1673 1673 1675 1676 1679 1679 1681 1682 1685 1685 1687 1688 1691 1691 1693 1694 1697 1697 1699 1700 1703 1703 1705 1706 1709 1709 1711 1712 1715 1715 1717 1719 1721 1721 1723 1724 1727 1727 1729 1731 1733 1733 1735 1736 1739 1739 1741 1743 1745 1745 1747 1747 1748 1750 1753 1755 1755 1757 1758 1761 1761 1763 1764 1767 1767 1769 1770 1773 1773 1775 1776 1779 1779 1781 1782 1785 1785 1787 1788 1791 1791 1793 1794 1797 1797 1799 1800 1803 1803 1805 1806 1809 1809 1811 1812 1815 1815 1817 1818 1821 1821 1823 1824 1827 1827 1829 1830 1833 1833 1835 1836 1839 1839 1841 1842 1845 1845 1847 1848 1851 1851 1853 1854 1857 1857 1859 1859 1859 1859 1859 1859 1860 1860 1863 1863 1865 1867 1869 1871 1873 1875 1877 1877 1879 1880 1883 1883 1885 1886 1889 1889 1891 1892 1895 1895 1897 1898 1901 1901 1903 1904 1907 1907 1909 1910 1913 1913 1915 1916 1919 1919 1921 1922 1925 1925 1927 1928 1931 1931 1933 1934 1937 1937 1939 1940 1943 1943 1945 1946 1949 1949 1951 1952 1955 1955 1957 1958 1961 1961 1963 1964 1967 1967 1969 1970 1973 1973 1975 1977 1977 1979 1980 1983 1983 1985 1986 1989 1989 1991 1992 1995 1995 1997 1998 2001 2001 2003 2005 2005 2007 2008 2011 2011 2013 2014 2017 2017 2019 2020 2023 2023 2025 2027 2027 2029 2030 2033 2033 2035 2036 2036 2039 2040 2043 2043 2045 2046 2049 2049 2051 2052 2055 2055 2057 2058 2061 2061 2063 2064 2067 2067 2069 2070 2073 2073 2075 2076 2079 2079 2081 2082 2085 2085 2087 2088 2091 2091 2093 2094 2097 2097 2099 2100 2103 2103 2105 2106 2109 2109 2111 2112 2115 2115 2117 2118 2121 2121 2123 2124 2127 2127 2129 2130 2133 2133 2135 2136 2139 2139 2141 2142 2145 2145 2147 2148 2151 2151 2152 2155 2155 2157 2158 2161 2161 2163 2164 2167 2167 2168 2171 2171 2173 2174 2177 2177 2179 2181 2183 2183 2185 2186 2189 2189 2189 2189 2191 2193 2195 2195 2195 2195 2197 2199 2199 2199 2200 2203 2205 2207 2207 2209 2210 2213 2213 2215 2216 2219 2219 2221 2222 2225 2225 2227 2228 2231 2231 2233 2234 2237 2237 2239 2240 2243 2243 2245 2247 2247 2247 2247 2249 2250 2253 2253 2255 2257 2259 2259 2261 2263 2265 2265 2267 2268 2271 2271 2271 2271 2273 2275 2277 2277 2277 2277 2277 2277 2277 2277 2279 2281 2283 2283 2284 2287 2289 2289 2289 2289 2290 2293 2295 2295 2296 2299 2301 2301 2302 2305 2307 2307 2308 2311 2313 2313 2313 2313 2314 2316 2318 2318 2318 2321 2322 2325 2327 2327 2329 2330 2333 2333 2335 2337 2339 2339 2341 2343 2345 2345 2347 2349 2351 2351 2353 2354 2357 2357 2357 2357 2359 2361 2363 2363 2365 2367 2369 2369 2371 2373 2375 2375 2377 2379 2381 2381 2381 2383 2383 2384 2384 2386 2389 2390 2392 2395 2395 2397 2399 2401 2401 2403 2404 2407 2407 2409 2410 2413 2413 2415 2416 2419 2419 2421 2422 2425 2425 2427 2428 2431 2431 2433 2434 2437 2437 2439 2440 2443 2443 2445 2447 2449 2449 2451 2452 2455 2455 2457 2458 2461 2461 2463 2464 2467 2467 2469 2470 2473 2473 2475 2477 2479 2479 2481 2482 2485 2485 2487 2488 2492 2493 2493 2494
3 4 7 7 8 11 11 11 13 14 16 19 19 21 22 25 25 27 28 31 31 33 35 37 37 39 41 43 43 45 47 49 49 51 52 55 55 57 58 61 61 63 64 67 67 69 71 73 73 75 76 79 79 81 82 85 85 87 89 91 91 93 94 97 97 99 100 103 103 105 106 109 109 111 112 115 115 117 118 121 121 123 124 127 127 129 130 133 133 135 136 139 139 141 142 145 145 147 148 151 151 153 154 157 157 159 160 163 163 165 166 169 169 171 172 175 175 177 178 181 181 183 184 187 187 189 190 193 193 195 196 199 199 201 202 205 205 207 208 211 211 213 214 217 217 219 220 223 223 225 226 229 229 231 232 235 235 237 238 241 241 243 244 247 247 249 250 253 253 255 256 259 259 261 263 265 265 267 268 271 271 273 274 277 277 279 280 283 283 285 286 289 289 291 292 295 295 297 298 301 301 303 304 307 307 309 311 313 313 315 316 319 319 321 322 325 325 327 328 331 331 333 334 337 337 339 340 343 343 344 347 347 349 350 353 353 355 356 359 359 361 362 365 365 367 369 371 371 373 374 377 377 379 380 383 383 385 386 389 389 391 392 395 395 397 398 401 401 403 405 407 407 409 411 411 413 414 417 417 419 420 423 423 425 426 429 429 431 432 435 435 437 439 439 441 442 445 445 447 448 451 451 453 454 457 457 459 460 463 463 465 466 469 469 471 472 475 475 477 478 481 481 483 484 484 487 487 488 491 492 495 495 497 499 501 501 503 504 507 507 509 510 513 513 515 515 517 519 520 523 523 525 526 529 529 531 532 535 535 537 538 541 541 543 544 547 547 549 550 553 553 555 556 559 559 561 562 565 565 567 568 571 571 573 574 577 577 579 580 583 583 585 586 589 589 590 593 593 595 596 599 599 601 602 605 605 607 608 611 611 613 614 617 617 619 620 623 623 625 626 629 629 631 632 635 635 637 638 641 641 643 644 647 647 649 650 653 653 655 656 659 659 661 662 665 665 667 668 671 671 673 674 677 677 679 680 683 683 685 686 689 689 691 692 695 695 697 698 701 701 703 704 707 707 709 710 713 713 715 716 719 719 721 722 725 725 727 728 731 731 733 735 737 737 739 740 743 743 745 746 749 749 751 752 755 755 757 758 761 761 763 763 764 767 769 771 771 773 774 777 777 779 780 783 783 785 786 789 789 791 792 795 795 797 798 801 801 803 804 807 807 809 810 813 813 815 816 819 819 819 821 823 824 827 827 829 830 833 833 835 836 839 839 841 842 845 845 847 848 851 851 853 854 857 857 859 860 863 863 865 866 869 869 871 872 875 875 877 878 881 881 883 884 887 887 889 890 893 893 895 896 899 899 901 902 905 905 907 908 911 911 913 914 917 917 919 920 923 923 925 926 929 929 931 932 935 935 937 938 941 941 943 944 947 947 949 950 953 953 955 956 960 961 961 962
2 5 7 7 9 11 13 13 15 17 19 19 21 23 23 24 27 29 29 30 33 35 35 36 39 41 41 42 45 47 47 48 51 52 55 55 57 57 58 61 63 63 64 67 69 69 70 73 74 77 77 77 78 81 83 83 85 87 87 89 91 91 92 95 97 97 98 101 103 103 104 107 109 109 110 113 115 115 116 119 121 121 123 125 125 126 129 129 130 133 135 135 137 139 141 141 143 145 147 149 151 151 153 155 157 157 158 158 161 161 163 163 164 164 167 169 169 170 173 175 175 177 179 181 181 183 185 187 187 189 191 193 193 195 197 197 197 197 199 199 200 203 205 205 206 209 211 211 212 215 217 217 218 221 221 223 225 226 226 229 229 231 231 233 235 237 237 238 241 243 243 245 247 247 248 251 253 253 253 254 257 259 259 260 263 265 265 265 266 269 271 271 272 274 276 276 278 280 280 282 284 284 287 287 287 287 289 289 291 293 295 296 299 299 299 299 299 300 303 305 305 306 309 311 311 312 315 317 317 319 321 323 323 325 327 327 328 331 332 335 335 337 337 338 341 343 343 344 347 349 349 350 353 355 355 356 359 361 361 362 365 367 367 369 371 373 373 374 377 379 379 381 383 385 385 387 389 391 391 392 395 396 396 399 401 403 403 405 405 406 409 411 411 412 415 417 417 418 421 423 423 424 427 429 429 430 433 435 435 436 439 441 441 442 445 447 449 449 449 450 453 455 455 456 459 461 461 462 465 467 467 468 471 473 473 474 477 479 479 480 483 485 485 486 489 491 491 492 494 496 499 499 499 501 501 502 505 505 506 509 511 511 512 515 517 517 518 521 521 522 525 527 527 528 531 533 533 534 537 539 539 540 543 545 545 547 548 551 551 553 553 554 557 559 559 560 563 565 565 566 569 571 571 572 575 577 577 578 581 583 583 584 587 589 589 590 593 595 595 596 599 601 601 602 605 607 607 608 611 613 613 614 617 619 619 619 620 623 625 625 626 629 631 631 633 635 637 637 638 641 643 643 644 647 649 649 650 653 655 655 656 659 661 661 662 665 667 667 669 671 671 672 675 677 677 678 681 683 683 684 687 689 689 690 693 695 695 696 699 701 701 702 705 707 707 708 711 713 713 714 717 719 721 721 721 722 725 727 727 728 731 733 733 734 737 739 739 740 743 745 745 746 749 751 751 752 755 757 757 758 761 763 763 764 767 769 769 770 773 775 775 776 779 781 781 782 785 787 787 788 791 793 793 794 797 799 799 800 803 805 805 806 809 811 811 812 815 817 817 818 821 823 823 824 827 829 829 830 833 833 834 837 839 839 840 843 845 845 846 849 851 851 852 855 857 857 858 861 863 863 864 867 869 869 870 873 875 875 876 879 881 881 883 885 887 887 888 891 893 893 894 897 899 899 900 903 905 905 906 909 911 911 912 915 917 917 919 921 921 922 925 927 927 928 931 933 933 934 937 937 938 941 943 943 944 947 949 949 950 953 955 955 956 959 961 961 962 965 965 966 969 971 971 972 975 977 977 978 981 983 983 984 987 989 989 990 993 995 995 997 999 1001 1003 1005 1007 1009 1011 1011 1011 1011 1011 1011 1011 1011 1012 1014 1014 1016 1016 1018 1018 1020 1020 1023 1023 1025 1025 1027 1027 1028 1031 1033 1033 1034 1037 1039 1039 1040 1043 1045 1045 1046 1049 1050 1053 1053 1055 1055 1056 1059 1061 1061 1062 1065 1067 1067 1069 1071 1073 1073 1074 1077 1079 1079 1080 1083 1085 1085 1086 1089 1091 1091 1092 1095 1097 1097 1098 1101 1103 1105 1105 1107 1107 1108 1111 1113 1113 1114 1117 1119 1119 1120 1123 1125 1127 1127 1129 1129 1130 1133 1135 1137 1137 1137 1139 1141 1141 1143 1144 1146 1149 1149 1149 1149 1150 1153 1155 1155 1156 1159 1162 1163 1163 1164
3 5 5 6 9 11 11 12 15 17 17 19 21 23 23 24 27 29 29 30 33 35 35 37 39 41 41 42 45 47 47 48 51 53 53 54 57 59 59 60 63 65 65 66 69 71 71 72 75 77 77 78 81 83 83 84 87 89 89 90 93 95 95 96 99 101 101 102 105 107 107 108 111 113 113 114 117 119 119 120 123 125 125 126 129 131 131 132 135 137 137 138 141 143 143 144 147 149 149 150 153 154 157 157 159 159 160 163 165 165 166 169 171 171 172 175 177 177 178 181 183 183 185 187 189 189 190 193 195 197 197 197 198 201 203 203 204 207 209 209 211 213 215 215 216 219 221 221 222 225 227 227 228 231 233 233 234 237 239 239 240 243 245 245 246 249 251 251 252 255 257 258 261 261 261 262 265 267 267 268 271 273 273 274 277 279 279 280 283 285 285 286 289 291 291 292 295 297 297 298 301 302 305 305 307 307 308 311 313 313 314 317 319 319 320 323 325 325 327 329 329 330 333 335 335 336 339 341 341 342 345 347 347 348 351 353 353 354 357 359 359 361 363 365 365 366 369 371 371 372 375 377 377 378 381 383 383 384 387 389 389 390 393 395 395 396 399 401 401 402 405 407 407 408 411 413 413 414 417 419 419 420 423 425 425 426 429 431 431 432 435 437 437 438 441 443 443 444 447 449 449 450 453 455 455 456 459 461 461 463 465 466 469 469 471 471 472 475 477 477 478 481 483 483 484 487 488 491 491 491 492 495 497 497 498 501 503 503 504 507 509 509 511 513 515 515 516 519 521 521 522 525 525 526 529 531 531 532 535 537 537 538 541 543 543 544 547 549 549 550 553 555 555 556 559 561 561 562 565 567 567 568 571 573 573 574 577 579 579 581 583 583 584 587 589 589 590 593 595 595 596 599 600 600 603 605 605 606 609 611 611 612 615 617 617 618 621 623 623 624 627 629 629 630 633 635 635 636 639 641 641 642 645 647 647 649 651 653 653 654 657 659 659 661 663 665 665 666 669 671 671 673 675 677 677 678 681 683 683 684 687 689 689 690 693 695 695 696 699 701 701 702 705 707 707 708 711 713 713 714 717 719 719 720 723 725 725 726 729 731 731 732 735 737 737 738 741 743 743 744 747 749 749 750 753 755 755 756 759 761 761 762 765 767 767 768 771 773 773 774 777 779 779 780 783 785 785 786 789 791 791 792 795 797 797 798 801 803 803 804 807 809 809 810 813 815 815 816 819 821 821 822 825 827 827 828 831 833 833 834 837 839 839 840 843 845 845 846 849 851 851 852 855 857 857 858 861 863 863 864 867 869 871 871 873 873 874 877 879 879 880 883 885 885 887 889 891 891 892 895 897 897 898 901 903 903 905 907 907 908 911 913 913 914 917 919 919 920 923 925 925 926 929 931 931 933 935 937 937 939 941 941 942 945 947 947 949 951 952 955 955 955 955 956 959 962 963 963 964
2 4 7 8 8 10 13 14 14 16 19 20 20 22 25 26 26 28 31 32 32 34 36 38 38 40 43 44 44 46 49 50 50 52 55 56 56 58 61 62 62 64 67 68 68 70 73 74 74 76 79 80 80 82 85 86 86 88 91 92 92 94 97 98 98 100 103 104 104 106 109 110 110 112 115 116 116 118 120 120 122 125 126 126 128 131 132 132 134 137 138 138 140 143 144 144 146 149 150 150 152 155 156 156 158 161 162 162 164 167 168 168 170 173 174 174 176 179 180 180 182 185 186 186 188 191 192 192 194 197 198 198 200 203 204 204 206 209 210 210 212 215 216 216 218 221 222 222 224 227 228 228 230 233 234 234 236 239 240 240 242 245 246 246 248 251 252 252 254 257 258 258 260 263 264 264 266 269 270 270 272 275 276 276 278 281 282 282 284 287 288 288 290 293 294 294 296 299 300 300 302 305 306 306 308 311 312 312 315 316 316 318 321 322 322 324 326 328 331 331 332 332 334 337 338 338 340 342 342 344 347 348 348 350 353 354 354 356 359 360 360 362 365 366 366 368 371 372 372 374 377 378 378 380 383 384 384 386 389 390 390 392 395 396 396 398 401 402 402 404 407 408 408 410 413 414 414 416 419 420 420 422 425 426 426 428 431 432 432 434 437 438 438 440 443 444 444 446 449 450 450 454 455 456
3 5 6 9 9 11 12 15 15 17 18 21 21 23 24 27 27 29 30 33 33 35 36 39 39 41 42 45 45 47 48 51 51 53 54 57 57 59 60 63 63 65 66 69 69 71 72 75 75 77 78 81 81 83 84 87 87 89 90 93 93 95 96 99 99 101 102 105 105 107 108 111 111 113 114 117 117 119 120 123 123 125 126 129 129 131 132 135 135 137 138 141 141 143 144 147 147 149 150 153 153 155 157 157 159 160 163 163 165 166 169 169 171 172 175 175 177 178 181 181 183 184 187 187 189 190 193 193 195 196 199 199 201 202 205 205 207 208 211 211 213 214 217 217 219 220 223 223 225 226 229 229 231 232 235 235 237 238 241 241 243 244 247 247 249 250 253 253 255 256 259 259 261 262 265 265 267 268 271 271 273 274 277 277 279 280 283 283 285 286 289 289 291 292 295 295 297 298 301 301 303 304 307 307 309 310 313 313 315 316 319 319 321 322 325 325 327 328 331 331 333 334 337 337 339 340 343 343 345 346 349 349 351 352 355 355 357 358 361 361 363 364 367 367 369 370 373 373 375 376 379 379 381 383 383 385 386 389 389 391 392 395 395 397 398 401 401 403 404 407 407 409 410 413 413 415 416 419 419 421 422 425 425 427 428 431 431 433 434 437 437 439 440 443 443 445 446 449 449 451 452 455 455 457 458 461 461 463 464 467 467 469 470 473 473 475 476 479 479 481 482 485 485 487 488 491 491 493 494 497 497 499 501 501 503 504 507 507 509 510 513 513 515 516 519 519 521 522 525 525 527 528 531 531 533 534 537 537 539 540 543 543 545 546 549 549 551 552 555 555 557 558 561 561 563 564 567 567 569 570 573 573 575 576 579 579 581 582 585 585 587 588 591 591 593 594 597 597 599 600 603 603 605 606 609 609 611 612 615 615 617 618 621 621 623 624 627 627 629 630 633 633 635 636 639 639 641 642 645 645 647 648 651 651 653 654 657 657 658 661 661 663 664 667 667 669 670 673 673 675 676 679 679 681 682 685 685 687 688 691 691 693 694 697 697 699 700 703 703 705 706 709 709 711 712 715 715 717 718 721 721 723 724 727 727 729 730 733 733 735 736 739 739 741 742 745 745 747 748 751 751 753 754 757 757 759 760 763 763 765 766 769 769 771 772 775 775 777 778 781 781 783 784 787 787 789 790 793 793 794 797 797 799 800 803 803 805 806 809 809 811 812 815 815 817 818 821 821 823 824 827 827 829 830 833 833 835 836 839 839 841 842 845 845 847 848 851 851 853 854 857 857 859 860 863 863 865 866 869 869 871 872 875 875 877 878 881 881 883 884 887 887 889 890 893 893 895 896 899 899 901 902 905 905 907 908 911 911 913 914 917 917 919 920 923 923 925 926 929 929 931 932 935 935 937 938 941 941 943 944 947 947 949 950 953 953 955 956 959 959 961 962 965 965 967 968 971 971 973 974 977 977 979 980 983 983 985 986 989 989 991 992 995 995 997 998 1001 1001 1003 1004 1007 1007 1009 1010 1013 1013 1015 1016 1019 1019 1021 1022 1025 1025 1027 1028 1031 1031 1033 1034 1037 1037 1039 1040 1043 1043 1045 1046 1049 1049 1051 1052 1055 1055 1057 1058 1061 1061 1063 1064 1067 1067 1069 1070 1073 1073 1075 1076 1079 1079 1081 1082 1085 1085 1087 1088 1091 1091 1093 1094 1097 1097 1099 1100 1103 1103 1105 1106 1109 1109 1111 1112 1115 1115 1117 1118 1121 1121 1123 1124 1127 1127 1129 1130 1133 1133 1135 1136 1139 1139 1141 1142 1145 1145 1147 1148 1151 1151 1153 1154 1157 1157 1159 1160 1163 1163 1165 1166 1169 1169 1171 1172 1175 1175 1177 1178 1181 1181 1183 1184 1187 1187 1189 1190 1193 1193 1195 1196 1199 1199 1201 1202 1205 1205 1207 1208 1211 1211 1213 1214 1217 1217 1219 1220 1223 1223 1225 1226 1229 1229 1231 1232 1235 1235 1237 1238 1241 1241 1243 1244 1247 1247 1249 1250 1253 1253 1255 1256 1259 1259 1261 1262 1265 1265 1267 1268 1271 1271 1273 1274 1277 1277 1278 1281 1281 1283 1284 1287 1287 1289 1290 1293 1293 1295 1296 1299 1299 1301 1302 1305 1305 1307 1308 1311 1311 1313 1314 1317 1317 1319 1320 1323 1323 1325 1326 1329 1329 1331 1332 1335 1335 1337 1338 1341 1341 1343 1344 1347 1347 1349 1350 1353 1353 1355 1356 1359 1359 1361 1362 1365 1365 1367 1368 1371 1371 1373 1374 1377 1377 1379 1380 1383 1383 1385 1386 1389 1389 1391 1392 1395 1395 1397 1398 1401 1401 1403 1404 1407 1407 1409 1410 1413 1413 1415 1416 1419 1419 1421 1422 1425 1425 1427 1428 1431 1431 1433 1434 1437 1437 1439 1440 1443 1443 1445 1446 1449 1449 1451 1452 1455 1455 1457 1458 1461 1461 1463 1464 1467 1467 1469 1470 1473 1473 1475 1476 1479 1479 1481 1482 1485 1485 1487 1488 1491 1491 1493 1494 1497 1497 1499 1500 1503 1503 1505 1506 1509 1509 1511 1512 1515 1515 1517 1518 1521 1521 1523 1524 1527 1527 1529 1530 1533 1533 1535 1536 1539 1539 1540 1543 1543 1545 1546 1549 1549 1551 1552 1555 1555 1557 1558 1561 1561 1563 1564 1567 1567 1569 1570 1573 1573 1575 1576 1579 1579 1581 1583 1584 1587 1587 1589 1590 1593 1593 1595 1597 1599 1599 1601 1602 1605 1605 1607 1608 1611 1611 1613 1615 1617 1617 1618 1621 1621 1623 1624 1627 1627 1629 1631 1633 1633 1634 1637 1637 1639 1640 1643 1643 1645 1646 1649 1649 1651 1653 1654 1657 1657 1657 1659 1661 1663 1664 1667 1667 1667 1669 1671 1672 1675 1675 1677 1677 1679 1680 1683 1683 1685 1686 1689 1689 1691 1692 1695 1695 1697 1699 1701 1701 1703 1705 1707 1707 1708 1711 1711 1713 1714 1717 1717 1719 1720 1723 1723 1725 1726 1729 1729 1731 1733 1735 1735 1737 1738 1741 1741 1743 1744 1747 1747 1749 1750 1753 1753 1755 1757 1759 1759 1760 1763 1763 1764 1767 1767 1769 1770 1773 1773 1775 1776 1779 1779 1781 1782 1785 1785 1787 1788 1791 1791 1793 1794 1797 1797 1799 1800 1803 1803 1805 1807 1809 1809 1811 1812 1815 1815 1817 1818 1821 1821 1823 1824 1827 1827 1829 1830 1833 1833 1835 1836 1839 1839 1841 1842 1845 1845 1847 1849 1850 1853 1853 1855 1855 1857 1858 1861 1861 1863 1865 1867 1867 1869 1871 1871 1873 1875 1877 1877 1878 1881 1881 1883 1885 1887 1887 1888 1891 1891 1893 1894 1897 1897 1899 1900 1903 1903 1905 1906 1909 1909 1911 1912 1915 1915 1917 1919 1921 1921 1923 1924 1927 1927 1929 1930 1933 1933 1935 1936 1939 1939 1941 1943 1944 1947 1947 1949 1949 1951 1952 1955 1955 1957 1958 1961 1961 1963 1965 1967 1967 1969 1970 1973 1973 1975 1977 1977 1979 1981 1983 1984 1987 1987 1987 1989 1990 1993 1993 1995 1997 1998 2001 2001 2003 2003 2005 2006 2009 2009 2011 2011 2013 2014 2017 2017 2019 2020 2023 2023 2025 2026 2029 2029 2031 2032 2035 2035 2037 2038 2041 2041 2043 2044 2047 2047 2049 2050 2053 2053 2055 2056 2059 2059 2061 2062 2065 2065 2067 2068 2071 2071 2073 2074 2077 2077 2079 2080 2083 2083 2084 2087 2087 2089 2090 2093 2093 2095 2096 2099 2099 2101 2102 2105 2105 2107 2108 2111 2111 2113 2114 2117 2117 2119 2120 2123 2123 2125 2126 2129 2129 2131 2132 2135 2135 2137 2138 2141 2141 2143 2144 2147 2147 2149 2150 2153 2153 2155 2156 2159 2159 2161 2163 2165 2165 2166 2169 2169 2171 2172 2175 2175 2177 2178 2181 2181 2183 2185 2186 2189 2189 2191 2191 2193 2194 2197 2197 2199 2200 2203 2203 2205 2206 2209 2209 2211 2212 2215 2215 2217 2219 2220 2223 2223 2225 2225 2227 2228 2231 2231 2233 2235 2237 2237 2239 2241 2242 2245 2245 2247 2247 2249 2251 2253 2253 2254 2257 2257 2259 2261 2262 2265 2265 2267 2268 2271 2271 2271 2273 2274 2277 2277 2279 2280 2283 2283 2285 2286 2289 2289 2291 2292 2295 2295 2297 2298 2301 2301 2303 2304 2307 2307 2309 2311 2313 2313 2315 2316 2319 2319 2321 2322 2325 2325 2327 2328 2331 2331 2333 2335 2336 2339 2339 2341 2342 2345 2345 2347 2348 2351 2351 2353 2354 2357 2357 2359 2360 2363 2363 2365 2366 2369 2369 2371 2372 2375 2375 2377 2378 2381 2381 2383 2384 2387 2387 2389 2390 2393 2393 2395 2396 2399 2399 2401 2402 2405 2405 2407 2408 2411 2411 2413 2414 2417 2417 2419 2420 2423 2423 2425 2426 2429 2429 2431 2433 2433 2435 2436 2439 2439 2441 2442 2445 2445 2447 2448 2451 2451 2453 2454 2457 2457 2459 2460 2463 2463 2465 2466 2469 2469 2471 2472 2475 2475 2477 2478 2481 2481 2483 2484 2487 2487 2488 2491 2491 2493 2494 2497 2497 2499 2500 2503 2503 2505 2506 2509 2509 2511 2512 2515 2515 2517 2518 2521 2521 2523 2524 2527 2527 2529 2530 2533 2533 2535 2536 2539 2539 2541 2542 2545 2545 2547 2548 2551 2551 2553 2554 2557 2557 2559 2560 2563 2563 2565 2566 2569 2569 2571 2572 2575 2575 2577 2578 2581 2581 2583 2584 2587 2587 2589 2590 2593 2593 2595 2596 2599 2599 2601 2602 2605 2605 2607 2608 2611 2611 2613 2615 2615 2617 2618 2621 2621 2623 2624 2627 2627 2629 2630 2633 2633 2635 2636 2639 2639 2641 2642 2645 2645 2647 2649 2650 2653 2653 2655 2657 2658 2661 2661 2663 2664 2667 2667 2669 2670 2673 2673 2675 2676 2679 2679 2681 2682 2685 2685 2687 2688 2691 2691 2693 2694 2697 2697 2699 2700 2703 2703 2705 2706 2709 2709 2711 2712 2715 2715 2717 2718 2721 2721 2723 2724 2727 2727 2729 2730 2733 2733 2735 2736 2739 2739 2741 2742 2745 2745 2747 2748 2751 2751 2753 2754 2757 2757 2759 2760 2763 2763 2765 2766 2769 2769 2771 2772 2775 2775 2777 2778 2781 2781 2783 2784 2787 2787 2789 2790 2793 2793 2795 2796 2799 2799 2801 2802 2805 2805 2807 2808 2811 2811 2813 2814 2817 2817 2819 2820 2823 2823 2825 2826 2829 2829 2831 2832 2835 2835 2837 2838 2841 2841 2843 2844 2847 2847 2849 2850 2853 2853 2855 2856 2859 2859 2861 2862 2865 2865 2867 2868 2871 2871 2873 2874 2877 2877 2879 2880 2883 2883 2885 2886 2889 2889 2891 2892 2895 2895 2897 2898 2901 2901 2903 2904 2907 2907 2909 2910 2913 2913 2915 2916 2919 2919 2921 2922 2925 2925 2927 2928 2931 2931 2933 2934 2937 2937 2939 2940 2943 2943 2945 2946 2949 2949 2951 2952 2955 2955 2957 2958 2961 2961 2963 2964 2967 2967 2969 2970 2973 2973 2974 2977 2977 2979 2980 2983 2983 2985 2986 2989 2989 2991 2992 2995 2995 2997 2998 3001 3001 3003 3004 3007 3007 3009 3010 3013 3013 3015 3016 3019 3019 3021 3022 3025 3025 3027 3028 3031 3031 3033 3034 3037 3037 3039 3040 3043 3043 3045 3046 3049 3049 3051 3052 3055 3055 3057 3058 3061 3061 3063 3064 3067 3067 3069 3070 3073 3073 3075 3076 3079 3079 3081 3082 3085 3085 3087 3088 3091 3091 3093 3094 3097 3097 3099 3100 3103 3103 3105 3106 3109 3109 3111 3112 3115 3115 3117 3118 3121 3121 3123 3124 3127 3127 3129 3130 3133 3133 3135 3137 3139 3141 3141 3143 3145 3146 3150 3151 3152
3 5 7 9 9 11 13 15 15 17 19 21 21 23 25 27 27 29 31 33 33 35 37 39 39 41 43 45 45 47 49 51 51 53 55 57 57 59 61 63 63 65 67 69 69 71 73 75 75 77 79 81 81 83 85 87 87 89 91 91 93 95 97 97 99 101 103 103 105 107 109 109 111 113 115 115 117 119 121 123 123 125 125 127 129 131 131 133 135 137 137 139 141 143 143 145 147 149 149 151 153 155 155 157 159 161 161 163 165 167 167 169 171 173 173 175 177 179 179 181 183 185 185 187 189 191 191 193 195 197 197 199 201 203 203 205 207 209 209 211 213 213 215 217 219 219 221 223 225 225 227 229 231 231 233 235 237 237 239 241 243 243 245 247 249 249 251 253 253 255 257 259 259 261 263 263 265 267 269 269 271 273 275 275 277 279 281 283 283 285 285 287 289 291 291 293 295 297 297 299 301 303 303 305 307 309 309 311 313 315 315 317 319 319 321 323 325 325 327 329 331 331 333 335 335 337 339 341 341 343 345 347 347 349 351 353 353 355 357 359 359 361 363 365 365 367 369 371 371 373 375 377 377 379 381 383 383 385 387 389 389 391 393 395 395 397 399 401 401 403 405 407 407 409 411 413 413 415 417 419 419 421 423 425 425 427 429 431 431 433 435 437 437 439 441 443 443 445 447 449 449 451 453 455 455 457 459 461 461 463 465 465 467 469 471 471 473 475 477 477 479 481 483 483 485 487 487 489 491 493 493 495 497 499 499 501 503 505 505 507 509 511 511 513 515 517 517 519 521 523 523 525 527 529 529 531 533 535 535 537 539 541 541 543 545 547 547 549 551 553 553 555 557 559 559 561 563 565 565 567 569 571 571 573 575 577 577 579 581 583 583 585 587 589 589 592 593 594

3 5 7 9 9 11 13 15 15 17 19 21 21 23 25 27 27 29 31 33 33 35 37 39 39 41 43 45 45 47 49 51 51 53 55 57 57 59 61 63 63 65 67 69 69 71 73 75 75 77 79 81 81 83 85 87 87 89 91 91 93 95 97 97 99 101 103 103 105 107 109 109 111 113 115 115 117 119 121 123 123 125 125 127 129 131 131 133 135 137 137 139 141 143 143 145 147 149 149 151 153 155 155 157 159 161 161 163 165 167 167 169 171 173 173 175 177 179 179 181 183 185 185 187 189 191 191 193 195 197 197 199 201 203 203 205 207 209 209 211 213 213 215 217 219 219 221 223 225 225 227 229 231 231 233 235 237 237 239 241 243 243 245 247 249 249 251 253 253 255 257 259 259 261 263 263 265 267 269 269 271 273 275 275 277 279 281 283 283 285 285 287 289 291 291 293 295 297 297 299 301 303 303 305 307 309 309 311 313 315 315 317 319 319 321 323 325 325 327 329 331 331 333 335 335 337 339 341 341 343 345 347 347 349 351 353 353 355 357 359 359 361 363 365 365 367 369 371 371 373 375 377 377 379 381 383 383 385 387 389 389 391 393 395 395 397 399 401 401 403 405 407 407 409 411 413 413 415 417 419 419 421 423 425 425 427 429 431 431 433 435 437 437 439 441 443 443 445 447 449 449 451 453 455 455 457 459 461 461 463 465 465 467 469 471 471 473 475 477 477 479 481 483 483 485 487 487 489 491 493 493 495 497 499 499 501 503 505 505 507 509 511 511 513 515 517 517 519 521 523 523 525 527 529 529 531 533 535 535 537 539 541 541 543 545 547 547 549 551 553 553 555 557 559 559 561 563 565 565 567 569 571 571 573 575 577 577 579 581 583 583 585 587 589 589 592 593 594
2 4 6 8 8 10 12 14 14 16 18 20 20 22 24 26 26 28 30 32 32 34 36 38 38 40 42 44 44 46 48 50 50 52 54 56 56 58 60 62 62 64 66 68 68 70 72 74 74 76 78 80 80 82 84 86 86 90 91 92
2 5 6 8 8 11 12 14 14 17 18 20 20 23 24 26 26 29 30 32 32 35 36 38 38 41 42 44 44 47 48 50 50 53 54 56 56 59 60 62 62 65 66 68 68 71 72 74 74 74 77 78 80 80 83 84 86 86 89 90 92 92 95 96 98 98 101 102 104 104 107 108 110 110 113 114 116 116 119 120 122 122 125 126 128 128 130 133 134 136 136 139 140 142 142 145 146 148 148 150 152 154 154 156 158 160 160 163 164 166 166 168 170 172 172 174 176 179 179 180 182 182 185 186 188 188 190 192 194 194 196 198 200 200 202 204 206 206 208 210 212 212 214 216 219 219 220 222 222 224 226 228 228 230 232 234 234 236 238 240 240 242 244 246 246 248 250 252 254 254 256 256 259 260 262 262 265 266 268 268 270 272 274 274 277 278 280 280 283 284 286 286 289 290 292 292 295 296 298 298 301 302 304 304 307 308 310 310 313 314 316 316 319 320 322 322 325 326 328 328 331 332 334 334 337 338 340 340 343 344 346 346 349 350 352 352 355 356 358 358 361 362 364 364 367 368 370 370 373 374 376 376 379 380 382 382 385 386 388 388 391 392 394 394 397 398 400 400 403 404 406 406 409 410 412 412 415 416 418 418 421 422 424 424 427 428 430 430 433 434 436 436 439 440 442 442 446 447 448
2 4 6 8 8 10 12 14 14 16 18 20 20 22 24 26 26 28 30 32 32 34 36 38 38 40 42 44 44 46 48 50 50 52 54 56 56 58 60 62 62 64 66 68 68 70 72 74 74 76 78 80 80 82 84 86 86 90 91 92
2 5 6 8 8 11 12 14 14 17 18 20 20 23 24 26 26 29 30 32 32 35 36 38 38 41 42 44 44 47 48 50 50 53 54 56 56 59 60 62 62 65 66 68 68 71 72 74 74 74 77 78 80 80 83 84 86 86 89 90 92 92 95 96 98 98 101 102 104 104 107 108 110 110 113 114 116 116 119 120 122 122 125 126 128 128 130 133 134 136 136 139 140 142 142 145 146 148 148 150 152 154 154 156 158 160 160 163 164 166 166 168 170 172 172 174 176 179 179 180 182 182 185 186 188 188 190 192 194 194 196 198 200 200 202 204 206 206 208 210 212 212 214 216 219 219 220 222 222 224 226 228 228 230 232 234 234 236 238 240 240 242 244 246 246 248 250 252 254 254 256 256 259 260 262 262 265 266 268 268 270 272 274 274 277 278 280 280 283 284 286 286 289 290 292 292 295 296 298 298 301 302 304 304 307 308 310 310 313 314 316 316 319 320 322 322 325 326 328 328 331 332 334 334 337 338 340 340 343 344 346 346 349 350 352 352 355 356 358 358 361 362 364 364 367 368 370 370 373 374 376 376 379 380 382 382 385 386 388 388 391 392 394 394 397 398 400 400 403 404 406 406 409 410 412 412 415 416 418 418 421 422 424 424 427 428 430 430 433 434 436 436 439 440 442 442 446 447 448
3 5 7 9 9 11 13 15 15 17 19 21 21 23 25 25 27 29 31 31 33 35 37 37 39 41 43 43 45 47 49 49 51 53 53 55 57 57 59 61 63 63 65 67 69 69 71 73 75 75 77 79 81 81 83 85 87 87 89 91 93 93 95 97 99 99 101 103 105 105 107 109 111 111 113 115 117 117 119 121 123 123 125 127 129 129 131 133 135 135 137 139 141 141 143 145 147 147 149 151 153 153 155 157 159 159 161 163 165 165 167 169 171 171 173 175 177 177 179 181 183 183 185 187 189 189 191 193 193 195 197 199 199 201 203 205 205 207 209 211 211 213 215 217 217 219 221 223 223 225 227 229 229 231 233 235 235 237 239 241 241 243 245 247 247 249 251 253 253 255 257 259 259 261 263 265 265 267 269 271 271 273 275 277 277 279 281 283 283 285 287 289 289 291 293 295 297 297 299 299 301 303 305 305 307 309 311 311 313 315 317 317 319 321 323 323 325 327 329 329 331 333 335 335 337 339 341 341 343 345 347 347 349 351 353 353 355 357 359 359 361 363 365 365 367 369 371 371 373 375 377 377 379 381 383 383 385 387 389 389 391 393 395 395 397 399 401 401 403 405 407 407 409 411 413 413 415 417 419 419 421 423 425 425 427 429 431 431 433 435 437 439 439 441 443 445 445 447 449 451 451 453 455 457 457 459 461 463 463 465 467 469 469 471 473 475 475 477 479 481 481 483 485 487 487 489 491 493 493 495 495 497 499 501 501 503 505 507 507 509 511 513 513 515 517 519 519 521 523 525 525 527 529 531 531 533 535 537 537 539 541 543 543 545 547 549 551 551 553 553 555 557 559 559 561 563 565 565 567 569 571 571 573 575 577 577 579 581 583 583 585 587 589 589 591 593 595 595 597 599 601 601 603 605 607 607 609 611 613 613 615 617 619 619 621 623 625 627 627 629 631 633 633 635 637 639 639 641 643 645 645 647 649 651 651 653 655 657 657 659 661 663 663 665 667 669 669 671 673 675 675 677 679 681 681 683 685 687 687 689 691 693 693 695 697 699 699 701 703 705 705 707 709 711 711 713 714 717 717 719 721 723 723 725 727 729 729 731 733 735 737 737 739 741 743 743 745 747 749 749 751 753 755 755 757 759 761 761 763 765 767 767 769 771 773 773 775 777 779 779 781 783 785 785 787 789 791 791 793 795 797 797 799 801 803 803 805 807 809 809 811 813 815 815 817 819 821 821 823 825 827 827 829 831 833 833 835 837 839 839 841 843 845 845 847 849 851 851 853 855 857 857 859 861 863 863 865 867 869 869 871 873 873 875 877 879 879 881 883 885 885 887 889 891 891 893 895 897 897 899 901 903 903 905 907 909 909 911 913 915 915 917 919 921 921 923 925 927 927 929 931 933 933 935 937 939 939 941 943 945 945 947 949 951 951 953 955 957 957 959 961 963 963 965 967 969 969 971 973 975 975 977 979 981 981 983 985 987 987 989 991 993 993 995 997 999 999 1001 1003 1005 1005 1007 1009 1011 1011 1013 1015 1017 1017 1019 1021 1023 1023 1025 1027 1029 1029 1031 1033 1035 1035 1037 1039 1041 1041 1043 1045 1047 1047 1049 1051 1053 1053 1055 1057 1059 1059 1061 1063 1065 1065 1067 1069 1071 1071 1073 1075 1077 1077 1079 1081 1083 1083 1085 1087 1089 1089 1091 1093 1095 1095 1097 1099 1101 1101 1103 1105 1107 1107 1109 1111 1113 1113 1115 1117 1119 1119 1121 1123 1125 1125 1127 1129 1131 1131 1133 1135 1137 1137 1139 1141 1143 1143 1145 1147 1149 1149 1151 1153 1155 1155 1157 1159 1161 1161 1163 1165 1167 1167 1169 1171 1173 1173 1175 1177 1179 1179 1181 1183 1185 1185 1187 1189 1191 1191 1193 1195 1197 1197 1199 1201 1203 1203 1205 1207 1209 1209 1211 1213 1215 1215 1217 1219 1221 1221 1223 1225 1227 1227 1229 1231 1233 1233 1235 1237 1239 1239 1241 1243 1245 1245 1247 1249 1251 1253 1255 1257 1259 1259 1261 1263 1265 1265 1267 1269 1271 1271 1273 1275 1277 1277 1279 1281 1283 1283 1285 1287 1289 1289 1291 1293 1295 1295 1297 1299 1301 1303 1303 1305 1307 1309 1309 1311 1313 1315 1315 1317 1319 1321 1321 1323 1325 1327 1327 1329 1331 1333 1333 1335 1337 1339 1341 1343 1345 1347 1349 1351 1351 1353 1355 1357 1359 1361 1363 1365 1367 1369 1369 1371 1373 1375 1375 1377 1379 1381 1381 1383 1385 1387 1389 1389 1391 1393 1395 1395 1397 1399 1401 1403 1405 1407 1409 1409 1411 1413 1415 1415 1417 1419 1421 1421 1423 1425 1427 1427 1429 1431 1433 1433 1435 1437 1439 1441 1441 1443 1445 1447 1447 1449 1451 1453 1453 1455 1457 1459 1459 1461 1463 1465 1465 1467 1469 1471 1473 1475 1475 1477 1479 1481 1483 1485 1485 1487 1489 1491 1491 1493 1495 1497 1497 1500 1501 1502
2 4 6 8 8 10 12 14 14 16 18 20 20 22 24 26 26 28 30 32 32 34 36 38 38 40 42 44 44 46 48 50 50 52 54 56 56 58 60 62 62 64 66 68 68 70 72 74 74 76 78 80 80 82 84 86 86 90 91 92
2 4 6 8 8 10 12 14 14 16 18 20 20 22 24 26 26 28 30 32 32 34 36 38 38 40 42 44 44 46 48 50 50 52 54 56 56 58 60 62 62 64 66 68 68 70 72 74 74 76 78 80 80 82 84 86 86 90 91 92




4 5 6
3 3 5 7 9 9 11 13 15 15 17 19 21 21 23 25 27 27 29 31 33 33 35 36 39 39 41 43 43 45 45 45 46 49 51 53 55 55 57 58 61 61 63 65 67 67 67 69 71 72 75 75 77 79 81 81 83 85 87 87 89 91 93 93 95 97 99 99 101 101 103 105 105 107 109 109 111 113 115 115 117 119 121 121 123 125 127 127 129 130 130 133 135 137 137 139 141 143 143 145 147 149 149 151 153 155 155 157 159 161 161 163 165 167 167 169 171 173 173 175 177 179 179 181 183 185 185 187 189 189 191 193 195 195 197 199 201 201 203 205 207 207 209 211 213 213 215 217 219 219 221 223 225 225 227 229 231 231 233 235 237 237 239 241 243 243 245 247 249 249 251 253 255 255 257 259 261 261 263 265 267 267 269 271 273 273 275 277 279 279 281 283 285 285 287 289 291 291 293 295 297 297 299 301 303 303 305 307 309 309 311 313 315 315 317 319 319 321 323 325 325 327 329 331 331 333 335 337 337 339 341 343 343 345 347 349 349 351 351 353 355 357 357 359 361 363 363 365 367 369 369 371 373 375 375 377 379 381 381 383 385 387 387 389 391 393 393 395 397 399 399 401 403 403 405 407 409 409 411 413 415 415 417 419 421 421 423 425 427 427 429 431 433 433 435 437 439 439 441 443 445 445 447 449 451 451 453 455 457 457 459 461 463 463 465 467 467 469 471 473 473 475 477 479 479 481 483 483 485 487 489 489 491 493 495 495 497 499 501 501 503 505 507 507 509 511 513 513 515 517 519 519 521 523 525 525 527 529 531 531 533 535 537 537 539 541 543 543 545 547 549 549 551 553 555 555 557 559 561 561 563 565 567 567 569 571 573 573 575 577 579 579 581 583 585 585 587 589 591 591 593 595 597 597 599 600 603 603 605 606 609 609 611 612 615 615 617 618 618 621 622 625 625 627 629 629 629 630 633 634 637 637 639 640 643 643 645 646 649 649 651 652 655 655 657 658 661 661 663 664 667 667 669 669 671 673 673 675 677 679 679 681 683 685 685 687 689 691 691 693 695 697 697 699 701 703 703 705 707 707 709 711 713 713 715 717 719 719 721 723 725 725 727 729 731 731 733 735 737 737 739 741 743 743 745 747 749 749 751 753 755 755 757 759 759 761 763 765 765 767 769 771 771 773 775 777 777 779 781 783 783 785 787 789 789 791 793 795 795 797 799 801 801 803 805 807 807 809 811 813 813 815 817 819 819 821 823 825 825 827 829 831 831 833 835 837 837 839 841 843 843 845 847 849 849 851 853 853 855 857 859 859 861 863 865 865 867 869 871 871 873 875 877 877 879 881 883 883 885 887 889 889 891 893 894 894 897 898 901 901 903 904 907 907 909 910 913 913 915 917 919 919 921 922 925 925 927 928 931 931 933 935 937 937 939 941 943 943 944 944 946 949 950 953 953 953 955 956 959 961 961 963 964 967 967 969 970 973 973 975 976 979 979 981 983 985 985 987 988 991 991 991 993 994 997 998 1001 1001 1003 1004 1004 1007 1007 1009 1011 1012 1015 1015 1017 1018 1021 1021 1023 1024 1027 1027 1029 1030 1033 1033 1035 1037 1039 1039 1040 1040 1042 1045 1046 1046 1049 1049 1051 1052 1054 1054 1057 1058 1061 1061 1063 1064 1067 1067 1069 1070 1073 1073 1075 1076 1079 1079 1081 1082 1085 1085 1087 1088 1091 1091 1093 1094 1097 1097 1099 1100 1103 1103 1103 1104 1107 1109 1111 1111 1113 1114 1114 1117 1119 1121 1121 1123 1124 1127 1127 1129 1130 1133 1133 1135 1136 1139 1139 1141 1143 1145 1145 1147 1148 1151 1151 1153 1154 1157 1157 1159 1161 1163 1163 1165 1165 1167 1169 1170 1170 1173 1175 1177 1177 1179 1180 1183 1183 1185 1186 1189 1189 1191 1192 1195 1195 1197 1199 1201 1201 1203 1204 1207 1207 1207 1209 1210 1210 1213 1213 1213 1215 1217 1217 1217 1219 1220 1223 1224 1227 1229 1231 1231 1233 1234 1237 1237 1239 1240 1243 1243 1245 1246 1249 1249 1251 1252 1255 1255 1257 1258 1261 1261 1263 1263 1265 1267 1268 1268 1271 1271 1273 1274 1277 1279 1281 1281 1283 1285 1287 1287 1289 1290 1290 1292 1295 1296 1300 1301 1302
3 4 7 7 9 10 13 13 15 16 19 19 21 22 25 25 27 29 29 31 33 33 35 37 37 39 41 43 45 45 47 49 51 51 53 55 57 57 59 61 63 63 65 67 69 69 71 73 73 75 77 79 79 81 83 85 85 87 89 91 91 93 95 97 97 99 101 103 103 105 107 109 109 111 113 115 115 117 117 119 121 123 125 125 127 129 131 131 133 135 137 137 139 141 143 143 145 147 149 149 151 153 155 155 157 159 159 161 163 165 165 167 169 171 171 173 175 177 177 179 181 181 183 185 187 187 189 191 193 193 195 197 199 199 201 203 205 205 207 209 211 211 213 214 217 217 219 221 221 223 223 223 224 227 229 231 233 233 235 236 239 239 241 243 245 245 245 247 249 250 253 253 255 257 259 259 261 263 265 265 267 269 271 271 273 275 277 277 279 279 281 283 283 285 287 287 289 291 293 293 295 297 299 299 301 303 305 305 307 308 308 311 313 315 315 317 319 321 321 323 325 327 327 329 331 333 333 335 337 339 339 341 343 345 345 347 349 351 351 353 355 357 357 359 361 363 363 365 367 367 369 371 373 373 375 377 379 379 381 383 385 385 387 389 391 391 393 395 397 397 399 401 403 403 405 407 409 409 411 413 415 415 417 419 421 421 423 425 427 427 429 431 433 433 435 437 439 439 441 443 445 445 447 449 451 451 453 455 457 457 459 461 463 463 465 467 469 469 471 473 475 475 477 479 481 481 483 485 487 487 489 491 493 493 495 497 497 499 501 503 503 505 507 509 509 511 513 515 515 517 519 521 521 523 525 527 527 529 529 531 533 535 535 537 539 541 541 543 545 547 547 549 551 553 553 555 557 559 559 561 563 565 565 567 569 571 571 573 575 577 577 579 581 581 583 585 587 587 589 591 593 593 595 597 599 599 601 603 605 605 607 609 611 611 613 615 617 617 619 621 623 623 625 627 629 629 631 633 635 635 637 639 641 641 643 645 645 647 649 651 651 653 655 657 657 659 661 661 663 665 667 667 669 671 673 673 675 677 679 679 681 683 685 685 687 689 691 691 693 695 697 697 699 701 703 703 705 707 709 709 711 713 715 715 717 719 721 721 723 725 727 727 729 731 733 733 735 737 739 739 741 743 745 745 747 749 751 751 753 755 757 757 759 761 763 763 765 767 769 769 771 773 775 775 777 778 781 781 783 784 787 787 789 790 793 793 795 796 796 799 800 803 803 805 807 807 807 808 811 812 815 815 817 818 821 821 823 824 827 827 829 830 833 833 835 836 839 839 841 842 845 845 847 847 849 851 851 853 855 857 857 859 861 863 863 865 867 869 869 871 873 875 875 877 879 881 881 883 885 885 887 889 891 891 893 895 897 897 899 901 903 903 905 907 909 909 911 913 915 915 917 919 921 921 923 925 927 927 929 931 933 933 935 937 937 939 941 943 943 945 947 949 949 951 953 955 955 957 959 961 961 963 965 967 967 969 971 973 973 975 977 979 979 981 983 985 985 987 989 991 991 993 995 997 997 999 1001 1003 1003 1005 1007 1009 1009 1011 1013 1015 1015 1017 1019 1021 1021 1023 1025 1027 1027 1029 1031 1031 1033 1035 1037 1037 1039 1041 1043 1043 1045 1047 1049 1049 1051 1053 1055 1055 1057 1059 1061 1061 1063 1065 1067 1067 1069 1071 1072 1072 1075 1076 1079 1079 1081 1082 1085 1085 1087 1088 1091 1091 1093 1095 1097 1097 1099 1100 1103 1103 1105 1106 1109 1109 1111 1113 1115 1115 1117 1119 1121 1121 1122 1122 1124 1127 1128 1131 1131 1131 1133 1134 1137 1139 1139 1141 1142 1145 1145 1147 1148 1151 1151 1153 1154 1157 1157 1159 1161 1163 1163 1165 1166 1169 1169 1169 1171 1172 1175 1176 1179 1179 1181 1182 1182 1185 1185 1187 1189 1190 1193 1193 1195 1196 1199 1199 1201 1202 1205 1205 1207 1208 1211 1211 1213 1215 1217 1217 1218 1218 1220 1223 1224 1224 1227 1227 1229 1230 1232 1232 1235 1236 1239 1239 1241 1242 1245 1245 1247 1248 1251 1251 1253 1254 1257 1257 1259 1260 1263 1263 1265 1266 1269 1269 1271 1272 1275 1275 1277 1278 1281 1281 1281 1282 1285 1287 1289 1289 1291 1292 1292 1295 1297 1299 1299 1301 1302 1305 1305 1307 1308 1311 1311 1313 1314 1317 1317 1319 1321 1323 1323 1325 1326 1329 1329 1331 1332 1335 1335 1337 1339 1341 1341 1343 1343 1345 1347 1348 1348 1351 1353 1355 1355 1357 1358 1361 1361 1363 1364 1367 1367 1369 1370 1373 1373 1375 1377 1379 1379 1381 1382 1385 1385 1385 1387 1388 1388 1391 1391 1391 1393 1395 1395 1395 1397 1398 1401 1402 1405 1407 1409 1409 1411 1412 1415 1415 1417 1418 1421 1421 1423 1424 1427 1427 1429 1430 1433 1433 1435 1436 1439 1439 1441 1441 1443 1445 1446 1446 1449 1449 1451 1452 1455 1457 1459 1459 1461 1463 1465 1465 1467 1468 1468 1470 1473 1474 1476 1476 1478 1481 1484 1485 1485 1486
3 4 7 7 9 10 13 13 15 17 19 19 21 23 25 25 27 29 31 31 33 34 37 37 39 41 43 43 45 47 49 49 51 53 55 55 57 58 62 63 63 64
2 2 4 6 8 10 10 12 14 16 16 18 20 22 22 24 26 28 30 30 32 34 34 34 36 38 40 40 40 42 44 47 48 48 50 52 54 56 56 58 58 60 62 62 64 66 66 68 71 72 72 74 76 76 78 78 80 82 84 86 86 88 88 90 93 93 94 96 96 98 100 100 102 104 106 106 108 110 112 112 114 116 116 118 120 120 122 124 126 126 128 130 132 132 132 134 136 138 140 140 142 144 146 146 148 150 152 152 154 156 158 160 162 162 165 166 166 168 168 170 172 174 176 176 178 178 178 180 182 184 186 186 188 191 192 194 196 196 198 200 202 202 204 204 206 208 210 212 212 215 216 216 218 218 220 222 222 224 226 228 228 230 230 232 235 236 236 239 240 240 243 244 244 246 250 251 251 252
2 5 6 6 8 10 12 12 14 16 18 18 20 22 26 27 27 28
3 5 7 7 9 10 13 13 15 17 19 19 21 23 25 25 27 29 31 31 32 34 34 36 36 39 39 41 41 43 43 45 45 47 47 49 49 51 51 53 53 55 55 57 57 59 59 61 61 63 65 67 67 68 71 71 73 74 77 77 79 81 83 83 85 87 89 89 91 93 95 95 97 98 101 101 103 105 107 107 109 111 113 113 115 116 119 119 121 122 125 125 127 129 131 131 133 135 137 137 139 140 144 145 145 146
3 4 4 7 8 10 10 13 14 16 16 19 20 22 22 25 26 28 30 32 32 35 36 38 38 41 41 43 44 46 48 48 51 52 54 54 57 58 60 60 63 64 66 66 69 70 72 72 74 76 78 78 81 82 84 84 87 88 90 90 93 94 96 96 99 100 102 102 105 106 108 108 111 112 114 114 116 118 120 120 122 124 126 126 128 130 132 132 135 136 138 140 140 143 144 144 147 148 150 150 153 154 156 156 159 160 162 162 165 166 168 168 171 172 174 174 177 178 180 180 183 184 186 186 189 190 192 192 194 196 198 198 201 202 204 204 207 208 210 210 213 214 216 216 219 220 222 222 224 226 228 228 231 232 234 234 237 238 240 240 242 244 246 248 248 251 252 254 254 256 258 258 261 262 264 264 267 268 270 270 273 274 276 276 279 280 282 282 285 286 288 288 290 292 292 295 296 298 298 300 302 304 304 307 308 310 310 313 314 316 316 319 320 322 322 325 326 328 328 331 332 334 334 337 338 340 340 343 344 346 346 349 350 352 352 355 356 358 358 361 362 364 364 367 368 370 370 373 374 376 376 379 380 382 382 385 386 388 388 391 392 394 398 399 400
2 5 6 8 8 11 12 14 14 17 18 20 20 22 25 26 28 28 31 32 34 34 37 38 40 40 43 44 46 46 49 50 52 52 55 56 58 58 61 62 64 64 67 68 70 70 73 74 74 77 78 80 80 83 84 86 86 89 90 92 92 95 96 98 98 101 102 104 104 107 108 110 110 113 114 116 116 119 120 122 122 125 126 128 128 131 132 134 134 137 138 140 140 143 144 146 146 149 150 152 152 155 156 158 158 160 163 164 166 166 169 170 172 172 175 176 178 178 181 182 184 184 187 188 190 190 193 194 196 196 199 200 202 202 205 206 208 208 211 212 214 214 217 218 220 220 223 224 226 226 228 231 232 234 234 237 238 240 240 243 244 246 246 249 250 252 252 255 256 258 258 261 262 264 264 267 268 270 270 273 274 276 276 279 280 282 282 286 287 288
2 5 6 8 8 11 12 14 14 17 18 20 20 22 25 26 28 28 31 32 34 34 37 38 40 40 43 44 46 46 49 50 52 52 55 56 58 58 61 62 64 64 67 68 70 70 73 74 74 77 78 80 80 83 84 86 86 89 90 92 92 95 96 98 98 101 102 104 104 107 108 110 110 113 114 116 116 119 120 122 122 125 126 128 128 131 132 134 134 137 138 140 140 143 144 146 146 149 150 152 152 155 156 158 158 160 163 164 166 166 169 170 172 172 175 176 178 178 181 182 184 184 187 188 190 190 193 194 196 196 199 200 202 202 205 206 208 208 211 212 214 214 217 218 220 220 223 224 226 226 228 231 232 234 234 237 238 240 240 243 244 246 246 249 250 252 252 255 256 258 258 261 262 264 264 267 268 270 270 273 274 276 276 279 280 282 282 286 287 288
3 5 7 7 9 11 11 12 15 17 17 19 21 21 23 25 25 27 29 29 31 33 33 35 37 39 39 40 43 45 45 46 49 51 51 52 55 57 57 58 61 63 63 64 67 69 69 70 73 75 75 76 79 81 81 82 85 87 87 89 91 91 92 95 98 99 99 100
2 5 7 7 8 11 14 15 15 16
3 5 7 7 8 11 13 13 14 17 19 19 21 23 25 25 26 29 32 33 33 34
1 5 7 7 8 11 13 13 14 17 19 19 20 23 25 25 27 29 31 31 33 35 37 37 39 41 41 42 45 47 47 49 51 51 52 55 57 57 58 61 63 63 64 67 69 69 70 73 75 75 77 81 82 83 83 84
1 3 3 5 5 6 9 11 11 12 15 17 17 18 21 23 23 25 27 31 33 33 34 37 39 39 41 43 43 45 47 47 49 51 53 53 55 57 57 58 61 63 63 65 67 67 69 71 71 73 75 75 77 79 81 81 82 85 87 87 88 91 93 93 95 97 99 99 100 103 105 105 107 109 111 111 113 115 117 117 119 121 123 123 125 127 127 129 131 131 133 135 137 137 139 141 143 143 145 147 149 149 151 153 155 155 157 159 161 161 163 165 167 167 168 171 173 173 175 177 179 179 181 182 185 185 186 189 191 191 192 195 197 197 198 201 203 203 204 207 209 209 211 213 213 215 217 219 219 221 221 223 223 225 227 227 228 231 233 233 235 237 239 239 240 243 245 245 247 249 251 251 253 255 257 257 258 261 263 263 265 267 269 269 270 273 275 275 276 279 281 281 283 285 289 291 291 292 295 297 297 299 301 303 303 305 307 309 309 311 313 313 314 317 317 319 319 321 321 323 323 325 326 327 327 328
3 3 4 7 9 11 11 13 13 15 15 16 19 19 20 23 25 25 26 29 31 31 33 35 37 37 38 41 43 43 44 47 49 49 51 53 55 55 57 59 59 60 63 65 65 66 69 71 71 72 75 77 77 78 81 83 83 84 87 89 89 90 93 95 95 96 99 101 101 102 105 107 107 108 111 113 113 114 117 119 119 120 123 125 125 127 129 131 131 133 135 137 137 138 141 143 143 144 147 149 149 150 153 155 155 156 159 161 161 163 165 167 167 168 171 173 173 175 177 179 179 181 183 185 185 187 189 191 191 193 195 197 197 199 201 203 203 204 207 207 209 211 213 213 215 215 217 219 221 221 223 223 224 224 226 229 229 231 233 235 235 237 239 241 241 243 245 247 247 248 251 253 253 253 254 256 259 261 261 263 265 267 267 268 271 273 273 274 277 280 281 281 281 282

2 5 7 9 11 11 11 11 11 13 15 17 17 19 21 23 23 25 27 29 29 31 33 35 35 37 39 42 43 43 44
3 4 7 7 9 11 13 13 15 17 19 19 21 23 25 25 27 28 31 31 33 34 37 37 39 40 43 43 45 47 49 49 51 53 55 55 57 58 61 61 63 64 67 67 69 70 73 73 75 76 79 79 81 83 85 85 87 89 89 91 91 93 93 95 95 97 97 99 99 101 101 103 105 107 107 109 111 113 113 115 116 119 119 121 122 125 125 127 128 131 131 133 135 135 136 138 138 141 141 143 143 145 146 149 149 151 152 155 155 157 158 161 161 163 164 167 167 169 171 171 173 174 177 177 179 180 183 183 185 187 189 189 191 192 195 195 197 198 201 201 203 204 207 207 209 210 213 213 215 216 219 219 221 223 225 225 227 229 231 231 233 235 237 237 239 241 243 243 245 246 249 249 251 253 255 255 257 258 261 261 263 264 267 267 269 270 273 273 275 276 279 279 281 282 285 285 287 288 291 291 293 295 297 297 299 300 303 303 305 307 309 309 311 313 315 315 317 318 321 321 322 325 325 327 329 331 333 335 337 339 341 341 341 341 341 341 341 341 343 345 346 348 348 351 351 353 355 357 357 359 360 363 363 365 367 369 369 371 373 375 375 377 379 381 381 383 385 387 387 389 390 393 393 394 397 397 399 401 403 403 405 407 407 409 411 413 413 415 416 419 419 421 423 425 425 427 428 431 431 433 435 437 437 439 441 443 443 445 446 449 449 451 452 455 455 457 459 461 461 463 464 467 467 469 471 473 473 475 476 479 479 481 482 485 485 487 488 491 491 493 494 497 497 499 501 503 503 505 507 509 509 511 513 515 515 517 519 521 521 523 524 527 527 529 531 534 535 535 536
3 4 7 7 9 11 13 13 15 16 19 19 21 23 25 25 27 29 31 31 33 35 37 37 39 40 43 43 45 46 49 49 51 53 55 55 57 59 61 61 63 64 67 67 69 70 73 73 75 76 79 79 81 83 85 85 87 89 89 91 92 95 95 97 98 101 101 103 104 107 107 109 111 113 113 115 117 119 119 121 123 125 125 127 129 132 133 133 134
3 5 5 7 9 11 11 13 15 17 17 19 20 23 23 25 26 29 29 31 32 35 35 37 38 41 41 43 44 47 47 49 51 51 53 54 57 57 59 61 63 63 65 67 70 71 71 72
2 2 4 6 8 10 10 12 14 16 16 18 20 22 22 24 26 28 30 30 32 34 34 34 36 38 40 40 40 42 44 47 48 48 50 52 54 56 56 58 58 60 62 62 64 66 66 68 71 72 72 74 76 76 78 78 80 82 84 86 86 88 88 90 93 93 94 96 96 98 100 100 102 104 106 106 108 110 112 112 114 116 116 118 120 120 122 124 126 126 128 130 132 132 132 134 136 138 140 140 142 144 146 146 148 150 152 152 154 156 158 160 162 162 165 166 166 168 168 170 172 174 176 176 178 178 178 180 182 184 186 186 188 191 192 194 196 196 198 200 202 202 204 204 206 208 210 212 212 215 216 216 218 218 220 222 222 224 226 228 228 230 230 232 235 236 236 239 240 240 243 244 244 246 250 251 251 252
2 5 6 6 8 10 10 12 14 16 16 18 20 20 22 22 24 24 26 28 30 30 32 34 36 36 38 40 42 42 44 46 48 48 50 50 52 52 55 56 56 58 61 62 62 64 66 68 68 70 72 74 74 76 78 80 80 82 84 86 86 88 90 92 92 92 94 96 98 98 100 102 104 104 106 106 108 108 110 112 114 116 118 118 120 122 124 124 126 128 130 130 132 132 135 136 136 139 140 142 144 144 146 148 150 150 152 152 154 154 154 156 158 158 160 163 163 164 164 166 166 168 171 173 174 176 176 178 178 178 181 181 182 182 184 184 187 187 188 190 192 194 194 196 198 200 200 202 202 205 207 208 208 210 212 212 214 216 218 218 220 223 224 224 226 228 230 230 232 235 236 236 238 238 240 240 240 243 243 244 247 248 248 250 253 254 254 256 258 260 260 262 264 266 266 268 270 272 272 274 274 276 276 278 278 280 280 280 282 284 287 288 288 290 290 293 294 296 298 298 300 300 303 303 304 304 306 308 310 310 312 314 316 316 318 321 322 322 324 327 328 328 330 333 334 336 336 336 338 341 342 342 344 347 348 348 350 353 354 354 356 356 356 356 356 359 361 362 362 364 367 368 368 370 373 374 374 376 379 380 380 382 385 386 386 386 388 391 392 392 394 397 398 398 400 403 404 404 406 409 410 410 412 412 414 416 418 418 420 423 424 424 426 429 430 430 432 434 436 436 438 440 440 442 442 444 446 448 450 450 452 455 456 456 458 461 461 462 465 466 466 468 468 470 473 475 476 476 478 478 480 482 484 486 486 488 488 488 490 492 492 494 494 496 498 500 500 502 505 506 506 508 511 512 512 514 516 518 518 520 523 524 524 526 528 530 530 532 534 534 536 536 539 540 540 542 542 544 547 548 550 550 550 552 552 555 557 558 560 560 562 562 564 567 568 568 570 570 570 572 575 576 576 578 581 582 582 584 587 588 588 590 593 594 594 594 596 599 600 602 602 604 607 608 608 610 610 613 613 614 614 616 618 620 620 622 624 626 626 628 630 633 634 634 636 638 640 640 642 642 645 647 648 650 650 652 652 655 657 658 660 660 662 665 665 666 669 670 670 672 675 676 676 678 678 681 682 682 684 686 688 688 690 693 694 694 696 696 698 701 702 704 704 706 706 709 710 713 714 714 714 714 716 719 720 720 722 725 726 726 728 728 730 730 732 735 736 736 738 738 738 741 741 743 744 746 746 748 751 752 752 754 757 758 758 760 760 762 765 766 766 768 768 770 770 772 775 776 776 778 780 782 782 784 784 784 787 788 790 792 794 794 794 796 799 799 800 802 804 806 806 808 808 811 812 812 814 814 814 814 814 817 817 817 818 818 820 823 824 824 826 826 826 828 830 830 830 833 834 836 838 840 840 842 844 844 847 848 850 850 852 854 856 856 856 856 859 860 860 862 864 864 864 867 868 868 871 871 872 872 874 874 877 878 878 880 882 884 886 886 888 890 890 890 893 894 896 898 898 900 902 902 904 904 907 908 910 912 912 912 915 916 916 918 918 918 918 918 920 920 922 922 924 926 926 926 929 931 932 932 932 935 935 936 938 938 941 942 944 944 944 946 948 948 950 950 953 954 954 956 958 958 958 960 960 963 964 964 967 968 970 970 973 974 976 976 979 980 980 982 984 986 986 989 990 992 992 994 994 996 998 1000 1000 1002 1002 1004 1006 1008 1008 1011 1011 1012 1014 1016 1018 1018 1021 1022 1024 1024 1026 1028 1030 1030 1033 1034 1036 1036 1038 1038 1041 1042 1044 1044 1047 1048 1050 1050 1053 1054 1056 1056 1058 1058 1060 1060 1063 1063 1065 1065 1067 1069 1069 1071 1073 1075 1075 1077 1079 1081 1083 1083 1085 1086 1089 1089 1091 1092 1092 1094 1096 1096 1096 1098 1100 1102 1102 1104 1104 1107 1108 1110 1112 1112 1114 1117 1118 1118 1120 1123 1124 1126 1126 1128 1128 1130 1132 1135 1136 1136 1138 1140 1142 1142 1144 1147 1148 1148 1150 1150 1153 1155 1156 1158 1158 1158 1160 1160 1162 1164 1164 1166 1168 1170 1170 1172 1174 1176 1176 1178 1180 1182 1182 1184 1184 1186 1189 1190 1192 1192 1194 1196 1196 1198 1201 1202 1202 1204 1207 1208 1208 1210 1212 1214 1214 1214 1214 1214 1217 1219 1221 1222 1222 1224 1226 1228 1228 1230 1233 1234 1236 1236 1238 1238 1238 1240 1243 1245 1246 1246 1248 1248 1251 1252 1255 1256 1256 1258 1261 1262 1262 1264 1266 1268 1270 1270 1272 1272 1274 1276 1278 1280 1280 1282 1284 1286 1286 1288 1290 1292 1292 1294 1296 1298 1298 1300 1302 1304 1304 1306 1308 1310 1310 1310 1310 1313 1315 1315 1317 1319 1319 1321 1322 1322 1324 1326 1326 1329 1330 1330 1333 1334 1334 1336 1339 1340 1340 1342 1342 1345 1347 1348 1350 1350 1352 1352 1354 1356 1358 1360 1360 1362 1362 1364 1366 1368 1370 1370 1372 1372 1374 1376 1378 1378 1380 1382 1382 1384 1386 1388 1388 1390 1390 1392 1395 1396 1398 1398 1400 1403 1404 1404 1404 1404 1404 1407 1409 1409 1410 1413 1413 1415 1417 1419 1419 1421 1423 1425 1425 1427 1429 1431 1431 1433 1435 1437 1437 1437 1439 1441 1443 1445 1445 1447 1449 1451 1451 1453 1453 1455 1456 1459 1459 1461 1463 1465 1465 1467 1467 1469 1470 1473 1473 1475 1477 1479 1479 1481 1482 1485 1485 1485 1486 1489 1490 1490 1492 1495 1496 1496 1499 1499 1500 1502 1504 1504 1506 1509 1511 1511 1511 1513 1515 1517 1517 1519 1520 1523 1523 1525 1526 1529 1529 1531 1533 1535 1537 1537 1539 1541 1543 1543 1544 1546 1549 1549 1551 1553 1555 1556 1556 1558 1561 1562 1562 1564 1567 1568 1570 1570 1572 1575 1576 1576 1578 1581 1582 1582 1584 1587 1588 1588 1590 1593 1594 1594 1596 1599 1599 1600 1603 1604 1604 1606 1608 1608 1610 1610 1610 1612 1614 1616 1619 1620 1620 1620 1620 1622 1625 1627 1628 1628 1630 1630 1630 1632 1632 1634 1636 1638 1638 1640 1640 1642 1642 1642 1642 1642 1644 1646 1648 1651 1652 1654 1654 1656 1656 1658 1660 1662 1664 1664 1666 1666 1668 1671 1672 1674 1674 1674 1674 1676 1678 1678 1680 1682 1684 1684 1686 1688 1690 1692 1692 1692 1694 1696 1698 1700 1700 1702 1704 1704 1706 1706 1709 1710 1712 1714 1714 1714 1716 1718 1720 1720 1722 1725 1726 1728 1728 1730 1730 1732 1735 1736 1736 1738 1741 1742 1742 1744 1746 1748 1748 1750 1752 1754 1754 1756 1756 1758 1760 1762 1762 1764 1764 1766 1769 1770 1770 1772 1772 1774 1777 1778 1780 1780 1780 1782 1784 1787 1788 1788 1788 1791 1793 1795 1795 1797 1798 1800 1800 1802 1805 1806 1806 1809 1809 1810 1813 1814 1814 1816 1818 1818 1820 1823 1824 1824 1826 1826 1829 1830 1832 1834 1834 1837 1838 1838 1840 1842 1846 1847 1847 1848
2 4 6 6 8 10 12 12 14 16 18 18 20 22 24 24 26 28 30 30 32 34 36 36 38 41 42 42 44 47 48 48 50 53 54 54 56 59 60 60 62 65 66 66 68 70 70 72 74 76 76 76 79 80 82 82 84 86 88 88 90 92 94 94 96 98 100 100 102 104 106 106 108 110 112 112 114 116 116 118 120 122 122 124 126 126 128 131 132 132 134 137 138 138 140 143 144 144 146 148 150 150 152 155 156 156 158 161 162 162 164 167 168 168 170 172 174 174 176 178 180 180 182 185 188 189 189 190
3 5 7 7 9 11 13 13 15 17 19 19 21 23 25 25 27 29 31 31 33 35 37 37 39 41 43 43 45 47 49 49 51 53 55 55 57 59 61 61 63 65 67 67 69 70 73 73 75 77 79 79 81 83 86 87 87 88
3 5 7 7 9 10 13 13 15 17 19 19 21 23 25 25 27 29 31 31 33 35 37 37 39 40 44 45 45 46
3 4 7 7 9 10 14 15 15 16
3 4 7 7 9 11 12 15 15 17 19 21 21 21 23 25 27 27 29 31 33 33 35 37 39 39 41 43 45 45 47 49 51 51 53 55 57 57 59 61 63 63 65 67 69 69 71 73 75 75 77 79 81 81 83 85 87 87 89 91 93 93 95 97 99 101 103 105 106 109 111 111 111 111 111 111 111 111 111 113 114 117 117 119 120 123 123 125 126 129 129 131 133 133 134 137 137 139 140 143 143 145 147 149 149 151 153 155 155 157 159 162 163 163 164
3 4 7 7 9 11 13 13 15 17 19 19 21 22 24 27 27 27 29 31 33 33 35 37 37 39 40 43 43 45 46 49 49 51 52 55 55 57 58 61 61 63 65 67 67 69 70 73 73 75 77 79 79 81 82 85 85 87 88 92 93 93 94
3 5 7 7 9 11 13 13 14 17 17 19 19 21 23 25 25 27 29 29 30 33 33 35 35 37 38 41 41 43 45 47 47 49 50 53 53 53 55 57 59 59 61 63 65 65 67 69 71 71 73 75 75 77 79 81 81 83 85 87 87 88 91 91 93 95 97 97 99 101 101 103 105 107 109 110 113 113 115 115 117 119 119 119 121 122 125 125 127 129 131 131 131 133 135 137 137 137 139 141 143 143 143 143 143 145 147 149 149 149 151 152 155 155 155 157 158 161 161 161 163 165 165 167 169 171 171 173 175 177 177 179 181 184 185 185 186
3 5 7 7 9 10 13 13 15 17 19 19 21 23 25 25 27 29 31 31 33 34 37 37 39 41 41 43 45 47 47 49 50 53 53 55 57 59 59 61 63 63 65 67 69 69 71 72 75 75 77 79 81 81 83 85 87 87 89 91 93 93 95 97 99 99 101 102 105 105 107 109 111 111 113 115 117 117 119 121 123 123 125 126 130 131 131 132
3 5 7 7 9 10 13 13 15 17 19 19 21 23 25 25 27 29 31 31 33 35 37 37 39 41 43 43 45 47 49 49 51 52 55 55 57 59 61 61 63 65 67 67 69 70 73 73 75 77 79 79 81 83 85 85 87 89 91 91 93 95 97 97 99 100 103 103 105 107 109 109 111 113 115 115 117 119 121 121 123 125 127 127 129 131 133 133 135 137 139 139 141 143 145 145 147 148 151 151 153 155 157 157 159 161 161 163 164 167 167 169 171 173 173 175 176 179 179 181 183 185 185 187 188 191 191 193 195 197 197 199 201 201 203 204 207 207 209 211 214 215 215 216
3 5 7 7 9 11 13 13 15 17 19 19 21 23 23 25 27 27 29 31 34 35 35 36
3 5 7 7 9 11 13 13 15 17 19 19 21 23 25 25 27 29 31 31 33 35 37 37 39 40 44 45 45 46
3 4 7 7 9 10 13 13 15 17 19 19 21 23 23 25 27 29 29 31 33 35 35 37 39 41 41 43 44 48 49 49 50
3 4 7 7 9 10 13 15 15 15 17 18 21 21 23 24 27 27 29 31 33 33 35 37 39 39 41 43 45 45 47 49 51 51 53 55 57 57 59 61 63 63 65 66 69 69 71 73 75 75 77 78 81 81 83 84 87 87 89 91 93 93 95 96 99 99 101 103 105 105 107 109 112 113 113 114
3 4 7 7 9 10 13 13 15 16 19 19 21 22 25 25 27 29 31 31 33 35 37 37 39 41 43 43 45 46 49 49 51 53 55 55 57 58 61 61 63 65 67 67 69 71 73 73 75 76 79 79 80 83 83 85 87 89 89 91 92 95 95 97 99 101 101 103 104 107 107 109 110 113 113 115 117 119 119 121 123 125 125 127 129 129 131 133 135 135 137 138 141 141 143 145 147 147 149 151 153 153 155 157 157 159 159 161 163 165 165 167 168 171 171 173 175 177 177 179 180 184 185 185 186

2 4 4 6 8 10 10 12 14 14 16 16 18 20 22 24 24 26 28 30 30 32 34 36 36 38 40 42 42 44 46 48 48 51 52 54 54 56 58 60 60 62 64 66 66 68 70 72 72 75 76 78 78 81 82 84 84 87 88 90 90 93 94 96 96 98 100 102 102 104 106 106 109 110 112 112 115 116 118 118 120 122 124 124 126 129 130 130 132 134 136 136 138 141 142 142 144 147 148 148 150 153 154 154 157 158 160 160 162 164 166 166 169 170 172 172 175 176 178 178 181 182 184 184 187 188 190 190 193 194 196 196 199 200 202 202 204 207 208 208 210 212 212 215 216 218 218 221 222 224 224 227 228 230 230 233 234 236 236 239 240 242 242 245 246 248 248 251 252 254 254 257 258 260 260 263 264 266 266 268 270 272 272 275 276 276 278 280 282 282 285 286 288 288 291 292 294 294 297 298 298 301 302 304 304 307 308 310 310 313 314 316 316 319 320 322 322 325 326 328 328 330 333 334 334 337 338 340 340 342 344 346 346 349 350 352 352 354 356 358 358 361 362 364 364 367 368 370 370 373 374 376 376 379 380 382 382 385 386 388 388 391 392 392 394 397 398 398 400 403 404 404 407 408 410 410 413 414 416 416 418 421 422 422 424 426 428 428 430 432 434 434 437 438 440 440 443 444 446 446 449 450 452 452 454 456 458 458 461 462 464 464 466 468 470 470 472 474 476 476 478 480 482 482 484 486 488 488 491 492 494 494 497 498 500 500 503 504 506 506 508 511 512 512 515 516 518 518 520 522 524 524 526 529 530 530 532 535 536 536 539 540 542 542 545 546 548 548 550 552 554 554 557 558 560 560 563 564 566 566 569 570 572 572 574 577 578 578 581 582 584 584 587 588 590 590 593 594 596 596 599 600 602 602 605 606 608 608 611 612 614 614 617 618 620 620 622 624 626 626 628 630 632 632 635 636 638 638 640 642 644 644 647 648 650 650 653 654 656 656 659 660 662 662 665 666 668 668 671 672 674 674 677 678 680 680 683 684 686 686 689 690 692 692 695 696 698 698 698 701 703 704 706 706 709 710 712 712 714 717 718 718 720 722 724 724 726 728 730 730 733 734 736 736 739 740 742 742 745 746 748 748 751 752 754 754 757 758 760 760 763 764 766 766 769 770 772 772 775 776 778 778 780 783 784 784 787 788 790 790 792 794 796 796 798 800 802 802 804 806 808 808 811 812 814 814 816 819 820 820 822 825 826 826 828 831 832 832 835 836 838 838 840 843 844 844 847 848 850 850 852 854 856 856 859 860 862 862 864 867 868 868 871 872 874 874 876 879 880 880 883 884 886 886 888 890 892 892 894 896 896 898 900 902 902 905 906 908 908 911 912 914 914 917 918 920 920 923 924 926 926 928 930 932 932 935 936 938 938 940 942 944 944 946 948 950 950 952 954 956 956 958 961 962 962 965 966 968 968 971 972 974 974 977 978 980 980 982 984 984 986 988 990 990 993 994 996 996 999 1000 1002 1002 1005 1006 1008 1008 1011 1012 1014 1014 1017 1018 1020 1020 1022 1024 1024 1026 1028 1030 1030 1032 1034 1036 1036 1039 1040 1042 1042 1045 1046 1048 1048 1050 1053 1054 1054 1057 1058 1060 1060 1062 1065 1066 1066 1069 1070 1072 1072 1075 1076 1078 1078 1080 1082 1084 1084 1087 1088 1090 1090 1093 1094 1096 1096 1099 1100 1102 1102 1105 1106 1108 1108 1110 1112 1114 1114 1117 1118 1120 1120 1122 1124 1126 1126 1129 1130 1132 1132 1134 1137 1137 1139 1140 1140 1143 1144 1146 1146 1149 1150 1152 1152 1154 1156 1158 1158 1161 1162 1164 1164 1167 1168 1168 1171 1172 1174 1174 1177 1178 1180 1182 1182 1184 1187 1188 1188 1191 1192 1194 1194 1197 1198 1198 1201 1202 1204 1204 1207 1208 1210 1210 1213 1214 1216 1216 1219 1220 1222 1222 1225 1226 1228 1228 1231 1232 1234 1234 1237 1238 1240 1240 1243 1244 1246 1246 1249 1250 1252 1252 1255 1256 1258 1258 1261 1262 1264 1264 1267 1268 1270 1270 1273 1274 1276 1276 1278 1281 1282 1282 1282 1285 1287 1288 1290 1290 1293 1294 1296 1296 1299 1300 1302 1302 1304 1306 1308 1308 1311 1312 1314 1314 1317 1318 1320 1320 1323 1324 1326 1326 1329 1330 1332 1332 1335 1336 1338 1338 1341 1342 1344 1344 1347 1348 1348 1350 1352 1354 1354 1357 1358 1360 1360 1363 1364 1366 1366 1369 1370 1372 1372 1374 1376 1378 1378 1381 1382 1384 1384 1386 1388 1388 1391 1392 1394 1394 1396 1398 1400 1400 1403 1404 1406 1406 1409 1410 1412 1412 1415 1416 1418 1418 1421 1422 1422 1425 1426 1428 1428 1431 1432 1434 1434 1437 1438 1440 1440 1443 1444 1446 1446 1449 1450 1452 1452 1455 1456 1458 1458 1461 1462 1464 1464 1467 1468 1470 1470 1472 1475 1476 1476 1479 1480 1482 1482 1485 1486 1488 1488 1490 1492 1492 1495 1496 1498 1498 1501 1502 1504 1504 1506 1508 1510 1510 1513 1514 1516 1516 1519 1520 1522 1522 1524 1526 1528 1528 1531 1532 1534 1534 1537 1538 1540 1540 1542 1544 1544 1547 1548 1550 1550 1553 1554 1556 1556 1559 1560 1562 1562 1565 1566 1568 1568 1571 1572 1574 1574 1577 1578 1580 1580 1583 1584 1586 1586 1589 1590 1592 1592 1595 1596 1598 1598 1600 1602 1604 1604 1606 1608 1610 1610 1612 1614 1616 1616 1619 1620 1622 1622 1625 1626 1628 1628 1631 1632 1634 1634 1636 1638 1640 1640 1642 1644 1646 1646 1648 1650 1652 1652 1654 1657 1657 1658 1660 1662 1662 1665 1666 1668 1668 1671 1672 1674 1674 1676 1678 1680 1680 1683 1684 1686 1686 1689 1690 1692 1692 1694 1696 1698 1698 1701 1702 1704 1704 1707 1708 1710 1710 1713 1714 1716 1716 1719 1720 1722 1722 1725 1726 1728 1728 1731 1732 1734 1734 1737 1738 1740 1740 1743 1744 1746 1746 1749 1750 1752 1752 1754 1757 1758 1758 1761 1762 1764 1764 1767 1768 1770 1770 1773 1774 1776 1776 1779 1780 1782 1782 1785 1786 1788 1788 1791 1792 1794 1794 1796 1798 1800 1800 1803 1804 1806 1806 1809 1810 1812 1812 1815 1816 1818 1818 1821 1822 1824 1824 1827 1828 1830 1830 1833 1834 1836 1836 1839 1840 1842 1842 1845 1846 1848 1848 1851 1852 1854 1854 1857 1858 1860 1860 1862 1864 1864 1867 1868 1870 1870 1873 1874 1876 1876 1879 1880 1882 1882 1885 1886 1888 1888 1891 1892 1894 1894 1897 1898 1900 1900 1903 1904 1906 1906 1909 1910 1912 1912 1915 1916 1918 1918 1920 1922 1924 1924 1927 1928 1928 1931 1932 1934 1934 1937 1938 1940 1940 1943 1944 1946 1946 1949 1950 1952 1952 1955 1956 1958 1958 1961 1962 1964 1964 1967 1968 1970 1970 1973 1974 1976 1976 1979 1980 1982 1982 1985 1986 1988 1988 1990 1992 1992 1995 1996 1998 1998 2000 2003 2004 2004 2007 2008 2010 2010 2013 2014 2016 2016 2019 2020 2022 2022 2025 2026 2028 2028 2030 2032 2034 2034 2037 2038 2040 2040 2043 2044 2046 2046 2049 2050 2052 2052 2055 2056 2058 2058 2061 2062 2064 2064 2067 2068 2070 2070 2072 2074 2076 2076 2079 2080 2082 2082 2085 2086 2088 2088 2090 2092 2092 2095 2096 2098 2098 2100 2102 2102 2105 2106 2108 2108 2110 2112 2114 2114 2117 2118 2118 2121 2122 2124 2124 2127 2128 2130 2130 2133 2134 2136 2136 2139 2140 2142 2142 2145 2146 2148 2148 2151 2152 2154 2154 2157 2158 2160 2160 2163 2164 2166 2166 2169 2170 2172 2172 2175 2176 2178 2178 2181 2182 2184 2184 2187 2188 2190 2190 2192 2194 2196 2196 2199 2200 2202 2202 2205 2206 2208 2208 2210 2212 2214 2214 2217 2218 2220 2220 2223 2224 2226 2226 2229 2230 2232 2232 2235 2236 2238 2238 2241 2242 2242 2245 2246 2248 2248 2251 2252 2254 2254 2257 2258 2260 2260 2263 2264 2266 2266 2269 2270 2272 2272 2274 2276 2278 2278 2281 2282 2284 2284 2287 2288 2290 2290 2293 2294 2296 2296 2298 2300 2300 2303 2304 2306 2306 2309 2310 2312 2312 2315 2316 2318 2318 2321 2322 2324 2324 2327 2328 2330 2330 2333 2334 2334 2337 2338 2340 2340 2342 2344 2346 2346 2348 2351 2352 2352 2355 2356 2358 2358 2361 2362 2364 2364 2367 2368 2370 2370 2373 2374 2376 2376 2379 2380 2382 2382 2385 2386 2388 2388 2390 2392 2394 2394 2397 2398 2400 2400 2402 2405 2406 2406 2409 2410 2410 2413 2414 2416 2416 2419 2420 2422 2422 2425 2426 2428 2428 2431 2432 2434 2434 2437 2438 2440 2440 2442 2444 2444 2447 2448 2450 2450 2453 2454 2456 2456 2459 2460 2462 2462 2465 2466 2468 2468 2471 2472 2474 2474 2477 2478 2480 2480 2482 2484 2486 2486 2489 2490 2492 2492 2495 2496 2498 2498 2501 2502 2504 2504 2507 2508 2510 2510 2513 2514 2516 2516 2519 2520 2522 2522 2525 2526 2528 2528 2531 2532 2534 2534 2537 2538 2540 2540 2543 2544 2544 2547 2548 2550 2550 2553 2554 2556 2556 2559 2560 2562 2562 2565 2566 2566 2569 2570 2572 2572 2575 2576 2578 2578 2581 2582 2582 2585 2586 2588 2588 2591 2592 2594 2594 2597 2598 2600 2600 2603 2604 2606 2606 2609 2610 2612 2612 2615 2616 2616 2618 2620 2622 2622 2624 2626 2628 2628 2631 2632 2634 2634 2636 2639 2640 2640 2643 2644 2646 2646 2648 2650 2652 2652 2655 2656 2658 2658 2658 2661 2663 2664 2666 2666 2669 2670 2672 2672 2675 2676 2678 2678 2681 2682 2684 2684 2687 2688 2690 2690 2693 2694 2696 2696 2699 2700 2702 2702 2705 2706 2708 2712 2713 2714
3 5 8 9 9 10
3 5 8 9 9 10
2 4 6 8 8 10 12 14 16 18 21 24 25 26
3 3 5 6 9 9 11 12 15 15 17 18 21 21 23 24 27 27 29 30 33 33 35 37 39 39 41 42 45 45 47 48 51 51 53 54 57 57 59 60 63 63 65 66 69 69 71 72 75 75 77 78 81 81 83 84 87 87 89 90 93 93 95 96 99 99 101 102 105 105 107 108 111 111 113 114 117 117 119 121 121 123 124 127 127 129 130 133 133 135 136 139 139 141 142 145 145 147 148 151 151 153 154 157 157 159 160 163 163 165 166 169 169 171 172 175 175 177 178 181 181 183 184 187 187 189 190 193 193 195 196 199 199 201 202 205 205 207 208 211 211 213 214 217 217 219 220 223 223 225 226 229 229 231 232 235 235 237 238 241 241 243 244 247 247 249 250 253 253 255 256 259 259 261 262 265 265 267 268 271 271 273 274 277 277 279 280 283 283 285 286 289 289 291 292 295 295 297 298 301 301 303 304 307 307 309 310 310 313 314 317 317 319 320 323 323 325 325 327 329 330 333 333 335 336 339 339 341 343 343 345 346 349 349 351 352 355 355 357 358 361 361 363 364 367 367 369 370 373 373 375 376 379 379 381 382 385 385 387 388 391 391 393 394 397 397 399 400 403 403 405 406 409 409 411 412 415 415 417 418 421 421 423 424 427 427 429 430 433 433 435 436 439 439 441 442 445 445 447 448 451 454 455 456

3 3 4 7 9 9 10 13 15 15 16 19 21 21 22 25 27 27 28 31 33 33 34 37 39 39 40 43 45 45 46 49 51 51 52 55 57 57 58 61 63 63 64 67 69 69 69 70 73 75 75 76 79 81 81 82 85 87 87 88 91 93 93 94 97 99 99 100 103 105 105 106 109 111 111 112 115 117 117 118 121 123 123 124 127 129 131 131 132 135 137 137 138 141 143 143 144 147 149 149 151 153 155 155 157 159 161 161 162 165 167 167 169 171 173 173 175 177 177 178 181 183 183 184 187 189 189 191 193 195 195 197 199 201 201 203 205 207 207 209 211 213 213 215 217 217 218 221 223 223 225 227 229 229 231 233 235 235 237 239 241 241 243 245 247 247 249 251 251 253 255 257 257 258 261 263 263 264 267 269 269 271 273 275 275 276 279 281 281 282 285 287 287 288 291 293 293 294 297 299 299 300 303 305 305 306 309 311 311 312 315 317 317 318 321 323 323 324 327 329 329 330 333 335 335 336 339 341 341 342 345 347 347 348 351 353 353 354 357 359 359 360 363 365 365 366 369 371 371 372 375 377 377 378 381 383 383 384 387 389 389 390 393 395 395 396 399 401 401 402 405 407 407 408 411 413 413 414 417 419 419 420 423 425 425 426 429 431 431 432 435 437 437 438 441 443 446 447 448

3 3 4 7 9 9 10 13 15 15 16 19 21 21 22 25 27 27 28 31 33 33 34 37 39 39 40 43 45 45 46 49 51 51 52 55 57 57 58 61 63 63 64 67 69 69 69 70 73 75 75 76 79 81 81 82 85 87 87 88 91 93 93 94 97 99 99 100 103 105 105 106 109 111 111 112 115 117 117 118 121 123 123 124 127 129 131 131 132 135 137 137 138 141 143 143 144 147 149 149 151 153 155 155 157 159 161 161 162 165 167 167 169 171 173 173 175 177 177 178 181 183 183 184 187 189 189 191 193 195 195 197 199 201 201 203 205 207 207 209 211 213 213 215 217 217 218 221 223 223 225 227 229 229 231 233 235 235 237 239 241 241 243 245 247 247 249 251 251 253 255 257 257 258 261 263 263 264 267 269 269 271 273 275 275 276 279 281 281 282 285 287 287 288 291 293 293 294 297 299 299 300 303 305 305 306 309 311 311 312 315 317 317 318 321 323 323 324 327 329 329 330 333 335 335 336 339 341 341 342 345 347 347 348 351 353 353 354 357 359 359 360 363 365 365 366 369 371 371 372 375 377 377 378 381 383 383 384 387 389 389 390 393 395 395 396 399 401 401 402 405 407 407 408 411 413 413 414 417 419 419 420 423 425 425 426 429 431 431 432 435 437 437 438 441 443 446 447 448
3 3 5 7 9 9 11 13 15 15 17 19 21 21 23 25 27 27 29 31 33 33 35 37 39 39 41 43 45 45 47 49 51 51 53 55 57 57 59 61 63 63 65 67 69 69 71 73 75 75 77 79 81 81 83 85 87 90 91 92
3 3 5 7 9 9 11 13 15 15 17 19 21 21 23 25 27 27 29 31 33 33 35 37 39 39 41 43 45 45 47 49 51 51 53 55 57 57 59 61 63 63 65 67 69 69 71 73 75 75 77 79 81 81 83 85 87 90 91 92
2 2 4 7 8 8 10 13 14 14 16 19 20 20 22 25 26 26 28 31 32 32 34 37 38 38 40 43 44 44 46 49 50 50 52 55 56 56 58 61 62 62 64 67 68 68 70 73 74 74 76 79 80 80 82 85 86 86 88 91 92 92 94 97 98 98 100 103 104 104 106 109 110 110 112 115 116 116 118 121 122 122 124 127 128 128 130 133 134 134 136 139 140 140 142 145 146 146 148 151 152 152 154 156 156 158 161 162 162 164 167 168 168 170 173 174 174 176 179 180 180 182 185 186 186 188 191 192 192 194 197 198 198 200 203 204 204 206 209 210 210 212 215 216 216 218 221 222 222 224 227 228 228 230 233 234 234 236 239 240 240 242 245 246 246 248 251 252 252 254 257 258 258 260 263 264 264 266 269 270 270 272 275 276 276 278 281 282 282 284 287 288 288 290 293 294 294 296 299 300 300 302 305 306 306 308 311 312 312 314 317 318 318 320 323 324 324 326 329 330 330 332 335 336 336 338 341 342 342 344 347 348 348 350 353 354 354 356 359 360 360 362 365 366 366 368 371 372 372 374 377 378 378 380 382 382 384 387 388 388 390 393 394 394 396 399 400 400 402 405 406 406 408 411 412 412 414 417 418 418 420 423 424 424 426 429 430 430 432 435 436 436 438 441 442 442 444 447 448 448 450 453 454 454 456 459 460 460 462 465 466 466 468 471 472 472 474 477 478 478 480 483 484 484 486 489 490 490 492 495 496 496 498 500 500 502 505 506 506 508 511 512 512 514 517 518 518 520 523 524 524 526 529 530 530 532 535 536 536 538 541 542 542 544 547 548 548 550 553 554 554 556 559 560 560 562 565 566 566 568 571 572 572 574 577 578 578 580 583 584 584 586 589 590 590 592 595 596 596 598 601 602 602 604 607 608 608 610 613 614 614 616 619 620 620 622 625 626 626 628 631 632 632 634 637 638 638 640 643 644 644 646 649 650 650 652 655 656 656 659 660 660 662 665 666 666 668 671 672 672 674 677 678 678 680 683 684 684 686 689 690 690 692 695 696 696 698 701 702 702 704 707 708 708 710 713 714 714 716 719 720 720 722 725 726 726 728 731 732 732 734 737 738 738 740 743 744 744 746 749 750 750 752 755 756 756 758 761 762 762 764 767 768 768 770 773 774 774 776 779 780 780 782 785 786 786 788 791 792 792 795 796 796 798 801 802 802 804 807 808 808 810 813 814 814 816 819 820 820 822 825 826 826 828 831 832 832 834 837 838 838 840 843 844 844 846 849 850 850 852 855 856 856 858 861 862 862 864 867 868 868 870 873 874 874 876 879 880 880 882 885 886 886 888 891 892 892 894 897 898 898 900 903 904 904 906 909 910 910 912 915 916 916 918 921 922 922 924 927 928 928 930 933 934 934 936 939 940 940 942 945 946 946 948 951 952 952 954 957 958 958 960 963 964 964 966 969 970 970 972 975 976 976 978 981 982 982 984 987 988 988 990 993 994 994 996 999 1000 1000 1002 1005 1006 1006 1008 1011 1012 1012 1014 1017 1018 1018 1020 1023 1024 1024 1026 1029 1030 1030 1032 1035 1036 1036 1038 1041 1042 1042 1044 1047 1048 1048 1050 1053 1054 1054 1056 1059 1060 1060 1062 1065 1066 1066 1068 1071 1072 1072 1074 1077 1078 1078 1080 1083 1084 1084 1086 1089 1090 1090 1092 1095 1096 1096 1098 1101 1102 1102 1104 1107 1108 1108 1110 1113 1114 1114 1116 1119 1120 1120 1122 1125 1126 1126 1128 1131 1132 1132 1134 1137 1138 1138 1140 1143 1144 1144 1146 1149 1150 1150 1152 1155 1156 1156 1158 1161 1162 1162 1164 1167 1168 1168 1170 1173 1174 1174 1176 1179 1180 1180 1182 1185 1186 1186 1188 1191 1192 1192 1194 1197 1198 1198 1200 1203 1204 1204 1206 1209 1210 1210 1212 1215 1216 1216 1218 1221 1222 1222 1224 1227 1228 1228 1230 1233 1234 1234 1236 1239 1240 1240 1242 1245 1246 1246 1248 1251 1252 1252 1254 1257 1258 1258 1260 1263 1264 1264 1266 1269 1270 1270 1272 1275 1276 1276 1279 1280 1280 1282 1285 1286 1286 1288 1291 1292 1292 1294 1297 1298 1298 1300 1303 1304 1304 1306 1309 1310 1310 1312 1315 1316 1316 1318 1321 1322 1322 1324 1327 1328 1328 1330 1333 1334 1334 1336 1339 1340 1340 1342 1345 1346 1346 1348 1351 1352 1352 1354 1357 1358 1358 1360 1363 1364 1364 1366 1369 1370 1370 1372 1375 1376 1376 1378 1381 1382 1382 1384 1387 1388 1388 1390 1393 1394 1394 1396 1399 1400 1400 1402 1405 1406 1406 1408 1411 1412 1412 1414 1417 1418 1418 1420 1423 1424 1424 1426 1429 1430 1430 1432 1435 1436 1436 1438 1441 1442 1442 1444 1447 1448 1448 1450 1453 1454 1454 1456 1459 1460 1460 1462 1465 1466 1466 1468 1471 1472 1472 1474 1477 1478 1478 1480 1483 1484 1484 1486 1489 1490 1490 1492 1495 1496 1496 1498 1501 1502 1502 1504 1507 1508 1508 1510 1513 1514 1514 1516 1519 1520 1520 1522 1525 1526 1526 1528 1531 1532 1532 1534 1537 1538 1538 1541 1542 1542 1544 1547 1548 1548 1550 1553 1554 1554 1556 1559 1560 1560 1562 1565 1566 1566 1568 1571 1572 1572 1574 1577 1578 1580 1580 1582 1585 1586 1586 1588 1591 1592 1592 1594 1596 1598 1598 1600 1603 1604 1604 1606 1609 1610 1610 1612 1612 1614 1616 1619 1620 1620 1622 1625 1626 1626 1628 1630 1630 1632 1635 1636 1636 1638 1641 1642 1642 1644 1647 1648 1648 1648 1650 1652 1655 1656 1656 1658 1658 1660 1662 1665 1666 1666 1668 1668 1670 1673 1674 1676 1676 1678 1681 1682 1682 1684 1687 1688 1688 1690 1693 1694 1694 1696 1698 1700 1700 1702 1702 1704 1706 1709 1710 1710 1712 1715 1716 1716 1718 1721 1722 1722 1724 1727 1728 1728 1730 1732 1734 1734 1736 1739 1740 1740 1742 1745 1746 1746 1748 1751 1752 1752 1754 1754 1756 1758 1761 1762 1762 1765 1766 1766 1768 1771 1772 1772 1774 1777 1778 1778 1780 1783 1784 1784 1786 1789 1790 1790 1792 1795 1796 1796 1798 1801 1802 1802 1804 1806 1808 1808 1810 1813 1814 1814 1816 1819 1820 1820 1822 1825 1826 1826 1828 1831 1832 1832 1834 1837 1838 1838 1840 1843 1844 1844 1846 1846 1848 1851 1852 1854 1854 1856 1859 1860 1860 1862 1864 1866 1866 1868 1870 1870 1872 1874 1874 1876 1879 1880 1880 1882 1882 1884 1886 1889 1890 1890 1892 1895 1896 1896 1898 1901 1902 1902 1904 1907 1908 1908 1910 1913 1914 1914 1916 1918 1920 1920 1922 1925 1926 1926 1928 1931 1932 1932 1934 1937 1938 1938 1940 1940 1942 1945 1946 1948 1948 1950 1953 1954 1954 1956 1959 1960 1960 1962 1964 1966 1966 1968 1971 1972 1972 1974 1976 1976 1978 1978 1980 1982 1985 1986 1986 1988 1991 1992 1992 1994 1994 1996 1999 2000 2000 2002 2002 2004 2007 2008 2010 2010 2012 2015 2016 2016 2018 2021 2022 2022 2024 2027 2028 2028 2030 2033 2034 2034 2036 2039 2040 2040 2042 2045 2046 2046 2048 2051 2052 2052 2054 2057 2058 2058 2060 2063 2064 2064 2066 2069 2070 2070 2072 2075 2076 2076 2078 2081 2082 2082 2085 2086 2086 2088 2091 2092 2092 2094 2097 2098 2098 2100 2103 2104 2104 2106 2109 2110 2110 2112 2115 2116 2116 2118 2121 2122 2122 2124 2127 2128 2128 2130 2133 2134 2134 2136 2139 2140 2140 2142 2145 2146 2146 2148 2151 2152 2152 2154 2157 2158 2158 2158 2160 2162 2164 2167 2168 2168 2170 2173 2174 2174 2176 2179 2180 2180 2182 2182 2184 2187 2188 2190 2190 2192 2195 2196 2196 2198 2201 2202 2202 2204 2207 2208 2208 2210 2213 2214 2214 2216 2216 2218 2221 2222 2224 2224 2226 2229 2230 2230 2232 2234 2236 2236 2238 2238 2240 2243 2244 2246 2246 2246 2248 2250 2252 2255 2256 2256 2258 2258 2260 2263 2264 2264 2266 2269 2270 2270 2272 2275 2276 2276 2278 2281 2282 2282 2284 2287 2288 2288 2290 2293 2294 2294 2296 2299 2300 2300 2302 2305 2306 2306 2308 2310 2312 2312 2314 2317 2318 2318 2320 2323 2324 2324 2326 2329 2330 2332 2332 2334 2337 2338 2338 2340 2343 2344 2344 2346 2349 2350 2350 2352 2355 2356 2356 2358 2361 2362 2362 2364 2367 2368 2368 2370 2373 2374 2374 2376 2379 2380 2380 2382 2385 2386 2386 2388 2391 2392 2392 2394 2397 2398 2398 2400 2403 2404 2404 2406 2409 2410 2410 2412 2415 2416 2416 2418 2421 2422 2422 2424 2427 2428 2428 2430 2432 2432 2434 2437 2438 2438 2440 2443 2444 2444 2446 2449 2450 2450 2452 2455 2456 2456 2458 2461 2462 2462 2464 2467 2468 2468 2470 2473 2474 2474 2476 2479 2480 2480 2482 2485 2486 2486 2489 2490 2490 2492 2495 2496 2496 2498 2501 2502 2502 2504 2507 2508 2508 2510 2513 2514 2514 2516 2519 2520 2520 2522 2525 2526 2526 2528 2531 2532 2532 2534 2537 2538 2538 2540 2543 2544 2544 2546 2549 2550 2550 2552 2555 2556 2556 2558 2561 2562 2562 2564 2567 2568 2568 2570 2573 2574 2574 2576 2579 2580 2580 2582 2585 2586 2586 2588 2591 2592 2592 2594 2597 2598 2598 2600 2603 2604 2604 2606 2609 2610 2610 2612 2614 2614 2616 2619 2620 2620 2622 2625 2626 2626 2628 2631 2632 2632 2634 2637 2638 2638 2640 2643 2644 2646 2646 2648 2651 2652 2654 2654 2656 2659 2660 2660 2662 2665 2666 2666 2668 2671 2672 2672 2674 2677 2678 2678 2680 2683 2684 2684 2686 2689 2690 2690 2692 2695 2696 2696 2698 2701 2702 2702 2704 2707 2708 2708 2710 2713 2714 2714 2716 2719 2720 2720 2722 2725 2726 2726 2728 2731 2732 2732 2734 2737 2738 2738 2740 2743 2744 2744 2746 2749 2750 2750 2752 2755 2756 2756 2758 2761 2762 2762 2764 2767 2768 2768 2770 2773 2774 2774 2776 2779 2780 2780 2782 2785 2786 2786 2788 2791 2792 2792 2794 2797 2798 2798 2800 2803 2804 2804 2806 2809 2810 2810 2812 2815 2816 2816 2818 2821 2822 2822 2824 2827 2828 2828 2830 2833 2834 2834 2836 2839 2840 2840 2842 2845 2846 2846 2848 2851 2852 2852 2854 2857 2858 2858 2860 2863 2864 2864 2866 2869 2870 2870 2872 2875 2876 2876 2878 2881 2882 2882 2884 2887 2888 2888 2890 2893 2894 2894 2896 2899 2900 2900 2902 2905 2906 2906 2908 2911 2912 2912 2914 2917 2918 2918 2920 2923 2924 2924 2926 2929 2930 2930 2932 2935 2936 2936 2938 2941 2942 2942 2944 2947 2948 2948 2950 2953 2954 2954 2956 2959 2960 2960 2962 2965 2966 2966 2968 2971 2972 2972 2975 2976 2976 2978 2981 2982 2982 2984 2987 2988 2988 2990 2993 2994 2994 2996 2999 3000 3000 3002 3005 3006 3006 3008 3011 3012 3012 3014 3017 3018 3018 3020 3023 3024 3024 3026 3029 3030 3030 3032 3035 3036 3036 3038 3041 3042 3042 3044 3047 3048 3048 3050 3053 3054 3054 3056 3059 3060 3060 3062 3065 3066 3066 3068 3071 3072 3072 3074 3077 3078 3078 3080 3083 3084 3084 3086 3089 3090 3090 3092 3095 3096 3096 3098 3101 3102 3102 3104 3107 3108 3108 3110 3113 3114 3114 3116 3119 3120 3120 3122 3125 3126 3126 3128 3131 3132 3134 3134 3136 3138 3140 3142 3144 3147 3147 3149 3151 3151 3153 3154 3157 3157 3159 3160 3163 3163 3165 3166 3169 3169 3171 3172 3175 3175 3177 3178 3181 3181 3183 3185 3187 3187 3189 3190 3193 3193 3195 3196 3199 3199 3201 3202 3205 3205 3207 3208 3211 3211 3213 3214 3217 3217 3219 3220 3223 3223 3225 3226 3229 3229 3231 3232 3235 3235 3237 3238 3241 3241 3243 3244 3247 3247 3249 3250 3253 3253 3255 3256 3259 3259 3261 3262 3265 3265 3267 3269 3269 3271 3272 3275 3275 3277 3278 3281 3281 3283 3284 3287 3287 3289 3290 3293 3293 3295 3296 3299 3299 3301 3302 3305 3305 3307 3308 3311 3311 3313 3314 3317 3317 3319 3320 3323 3323 3325 3326 3329 3329 3331 3332 3335 3335 3337 3338 3341 3341 3343 3344 3347 3347 3349 3350 3353 3353 3355 3356 3359 3359 3361 3362 3365 3365 3367 3368 3371 3371 3373 3374 3377 3377 3379 3380 3383 3383 3385 3386 3389 3389 3391 3392 3395 3395 3397 3398 3401 3401 3403 3404 3407 3407 3409 3410 3413 3413 3415 3416 3419 3419 3421 3422 3425 3425 3427 3428 3431 3431 3433 3434 3437 3437 3439 3440 3443 3443 3445 3446 3449 3449 3451 3452 3455 3455 3457 3458 3458 3461 3462 3465 3465 3467 3468 3471 3471 3473 3473 3475 3477 3478 3481 3481 3483 3484 3487 3487 3489 3491 3491 3493 3494 3497 3497 3499 3500 3503 3503 3505 3506 3509 3509 3511 3512 3515 3515 3517 3518 3521 3521 3523 3524 3527 3527 3529 3530 3533 3533 3535 3536 3539 3539 3541 3542 3545 3545 3547 3548 3551 3551 3553 3554 3557 3557 3559 3560 3563 3563 3565 3566 3569 3569 3571 3572 3575 3575 3577 3578 3581 3581 3583 3584 3587 3587 3589 3590 3593 3593 3595 3596 3599 3602 3603 3604
3 3 4 7 9 9 10 13 15 15 16 19 21 21 22 25 27 27 28 31 33 33 34 37 39 39 40 43 45 45 46 49 51 51 52 55 57 57 58 61 63 63 64 67 69 69 69 70 73 75 75 76 79 81 81 82 85 87 87 88 91 93 93 94 97 99 99 100 103 105 105 106 109 111 111 112 115 117 117 118 121 123 123 124 127 129 131 131 132 135 137 137 138 141 143 143 144 147 149 149 151 153 155 155 157 159 161 161 162 165 167 167 169 171 173 173 175 177 177 178 181 183 183 184 187 189 189 191 193 195 195 197 199 201 201 203 205 207 207 209 211 213 213 215 217 217 218 221 223 223 225 227 229 229 231 233 235 235 237 239 241 241 243 245 247 247 249 251 251 253 255 257 257 258 261 263 263 264 267 269 269 271 273 275 275 276 279 281 281 282 285 287 287 288 291 293 293 294 297 299 299 300 303 305 305 306 309 311 311 312 315 317 317 318 321 323 323 324 327 329 329 330 333 335 335 336 339 341 341 342 345 347 347 348 351 353 353 354 357 359 359 360 363 365 365 366 369 371 371 372 375 377 377 378 381 383 383 384 387 389 389 390 393 395 395 396 399 401 401 402 405 407 407 408 411 413 413 414 417 419 419 420 423 425 425 426 429 431 431 432 435 437 437 438 441 443 446 447 448
3 3 5 7 9 9 11 13 15 15 17 19 21 21 23 25 27 27 29 31 33 33 35 37 39 39 41 43 45 45 47 49 51 51 53 55 57 57 59 61 63 63 65 67 69 69 71 73 75 75 77 79 81 81 83 85 87 90 91 92
3 3 4 7 9 9 10 13 15 15 16 19 21 21 22 25 27 27 28 31 33 33 34 37 39 39 40 43 45 45 46 49 51 51 52 55 57 57 58 61 63 63 64 67 69 69 69 70 73 75 75 76 79 81 81 82 85 87 87 88 91 93 93 94 97 99 99 100 103 105 105 106 109 111 111 112 115 117 117 118 121 123 123 124 127 129 131 131 132 135 137 137 138 141 143 143 144 147 149 149 151 153 155 155 157 159 161 161 162 165 167 167 169 171 173 173 175 177 177 178 181 183 183 184 187 189 189 191 193 195 195 197 199 201 201 203 205 207 207 209 211 213 213 215 217 217 218 221 223 223 225 227 229 229 231 233 235 235 237 239 241 241 243 245 247 247 249 251 251 253 255 257 257 258 261 263 263 264 267 269 269 271 273 275 275 276 279 281 281 282 285 287 287 288 291 293 293 294 297 299 299 300 303 305 305 306 309 311 311 312 315 317 317 318 321 323 323 324 327 329 329 330 333 335 335 336 339 341 341 342 345 347 347 348 351 353 353 354 357 359 359 360 363 365 365 366 369 371 371 372 375 377 377 378 381 383 383 384 387 389 389 390 393 395 395 396 399 401 401 402 405 407 407 408 411 413 413 414 417 419 419 420 423 425 425 426 429 431 431 432 435 437 437 438 441 443 446 447 448
3 3 5 7 9 9 11 13 15 15 17 19 21 21 23 25 27 27 29 31 33 33 35 37 39 39 41 43 45 45 47 49 51 51 53 55 57 57 59 61 63 63 65 67 69 69 71 73 75 75 77 79 81 81 83 85 87 90 91 92

2 2 4 6 8 8 10 12 14 14 16 18 20 20 22 24 26 26 28 30 32 32 34 36 38 38 40 42 44 44 46 48 50 50 52 54 56 56 58 60 62 62 64 66 68 68 70 72 74 74 76 78 80 80 82 84 86 86 88 90 90 92 94 96 96 98 100 102 102 104 106 108 108 110 112 114 114 116 116 118 120 122 124 124 126 128 130 130 132 134 136 136 138 140 142 142 144 146 148 148 150 152 154 154 156 158 160 160 162 164 166 166 168 170 172 172 174 176 178 178 180 182 184 184 186 188 190 190 192 194 196 196 198 200 202 202 204 204 206 208 210 212 212 214 216 218 218 220 222 224 224 226 228 230 230 232 234 236 236 238 240 242 242 244 244 246 248 250 252 252 254 256 258 258 260 262 262 264 266 268 268 270 272 274 274 276 276 278 280 282 284 284 286 288 290 290 292 294 296 296 298 300 302 302 304 306 308 308 310 312 314 314 316 318 318 320 322 324 324 326 328 328 330 332 334 334 336 338 340 340 342 344 346 346 348 350 352 352 354 356 358 358 360 362 364 364 366 368 370 370 372 374 376 376 378 380 382 382 384 386 388 388 390 392 394 394 396 398 400 400 402 404 406 406 408 410 412 412 414 416 418 418 420 422 424 424 426 428 430 430 432 434 436 436 438 440 442 442 444 446 448 448 450 452 454 454 456 458 460 460 462 464 464 466 468 470 470 472 474 476 476 478 480 480 482 484 486 486 488 490 492 492 494 496 498 498 500 502 504 504 506 508 510 510 512 514 516 516 518 520 522 522 524 526 528 528 530 532 534 534 536 538 540 540 542 544 546 546 548 550 552 552 554 556 558 558 560 562 564 564 566 568 570 570 572 574 576 576 578 580 582 582 584 586 588 592 593 594
2 2 4 6 8 8 10 12 14 14 16 18 20 20 22 24 24 26 28 30 30 32 34 36 36 38 40 42 42 44 46 46 48 50 52 52 54 56 56 58 60 62 62 64 66 68 68 70 72 74 74 76 78 80 80 82 84 86 86 88 90 92 92 94 96 98 98 100 102 104 104 106 108 110 110 112 114 116 116 118 120 122 122 124 126 128 128 130 132 134 134 136 138 140 140 142 144 146 146 148 150 152 152 154 156 158 158 160 162 164 164 166 168 170 170 172 174 176 176 178 180 182 182 184 186 188 188 190 192 192 194 196 198 198 200 202 204 204 206 208 210 210 212 214 216 216 218 220 222 222 224 226 228 228 230 232 234 234 236 238 240 240 242 244 246 246 248 250 252 252 254 256 258 258 260 262 264 264 266 268 270 270 272 274 276 276 278 280 282 282 284 286 288 288 290 290 292 294 296 298 298 300 302 304 304 306 308 310 310 312 314 316 316 318 320 322 322 324 326 328 328 330 332 334 334 336 338 340 340 342 344 346 346 348 350 352 352 354 356 358 358 360 362 364 364 366 368 370 370 372 374 376 376 378 380 382 382 384 386 388 388 390 392 394 394 396 398 400 400 402 404 406 406 408 410 412 412 414 416 418 418 420 422 424 424 426 428 430 432 432 434 436 438 438 440 442 444 444 446 448 450 450 452 454 456 456 458 460 462 462 464 466 468 468 470 472 474 474 476 478 480 480 482 482 484 486 488 490 490 492 494 496 496 498 500 502 502 504 506 508 508 510 512 514 514 516 518 520 520 522 524 526 526 528 530 532 532 534 536 538 538 540 542 544 544 546 548 550 550 552 554 556 558 558 560 562 564 564 566 568 570 570 572 574 576 576 578 580 582 582 584 586 588 588 590 592 594 594 596 598 600 600 602 604 606 606 608 610 612 612 614 616 618 618 620 622 624 624 626 628 630 630 632 634 636 636 638 640 642 642 644 646 648 648 650 653 654 654 656 658 660 660 662 664 666 668 670 673 675 675 677 678 681 681 683 684 687 687 689 690 693 693 695 696 699 699 701 702 705 705 707 709 711 711 713 714 717 717 719 720 723 723 725 726 729 729 731 732 735 735 737 738 741 741 743 744 747 747 749 750 753 753 755 756 759 759 761 762 765 765 767 768 771 771 773 774 777 777 779 780 783 783 785 786 789 789 791 793 793 795 796 799 799 801 802 805 805 807 808 811 811 813 814 817 817 819 820 823 823 825 826 829 829 831 832 835 835 837 838 841 841 843 844 847 847 849 850 853 853 855 856 859 859 861 862 865 865 867 868 871 871 873 874 877 877 879 880 883 883 885 886 889 889 891 892 895 895 897 898 901 901 903 904 907 907 909 910 913 913 915 916 919 919 921 922 925 925 927 928 931 931 933 934 937 937 939 940 943 943 945 946 949 949 951 952 955 955 957 958 961 961 963 964 967 967 969 970 973 973 975 976 979 979 981 982 982 985 986 989 989 991 992 995 995 997 997 999 1001 1002 1005 1005 1007 1008 1011 1011 1013 1015 1015 1017 1018 1021 1021 1023 1024 1027 1027 1029 1030 1033 1033 1035 1036 1039 1039 1041 1042 1045 1045 1047 1048 1051 1051 1053 1054 1057 1057 1059 1060 1063 1063 1065 1066 1069 1069 1071 1072 1075 1075 1077 1078 1081 1081 1083 1084 1087 1087 1089 1090 1093 1093 1095 1096 1099 1099 1101 1102 1105 1105 1107 1108 1111 1111 1113 1114 1117 1117 1119 1120 1123 1126 1127 1128
2 2 4 6 8 8 10 12 14 14 16 18 20 20 22 24 26 26 28 30 32 32 34 36 38 38 40 42 44 44 46 48 50 50 52 54 56 56 58 60 62 62 64 66 68 68 70 72 74 74 76 78 80 80 82 84 86 86 88 90 90 92 94 96 96 98 100 102 102 104 106 108 108 110 112 114 114 116 116 118 120 122 124 124 126 128 130 130 132 134 136 136 138 140 142 142 144 146 148 148 150 152 154 154 156 158 160 160 162 164 166 166 168 170 172 172 174 176 178 178 180 182 184 184 186 188 190 190 192 194 196 196 198 200 202 202 204 204 206 208 210 212 212 214 216 218 218 220 222 224 224 226 228 230 230 232 234 236 236 238 240 242 242 244 244 246 248 250 252 252 254 256 258 258 260 262 262 264 266 268 268 270 272 274 274 276 276 278 280 282 284 284 286 288 290 290 292 294 296 296 298 300 302 302 304 306 308 308 310 312 314 314 316 318 318 320 322 324 324 326 328 328 330 332 334 334 336 338 340 340 342 344 346 346 348 350 352 352 354 356 358 358 360 362 364 364 366 368 370 370 372 374 376 376 378 380 382 382 384 386 388 388 390 392 394 394 396 398 400 400 402 404 406 406 408 410 412 412 414 416 418 418 420 422 424 424 426 428 430 430 432 434 436 436 438 440 442 442 444 446 448 448 450 452 454 454 456 458 460 460 462 464 464 466 468 470 470 472 474 476 476 478 480 480 482 484 486 486 488 490 492 492 494 496 498 498 500 502 504 504 506 508 510 510 512 514 516 516 518 520 522 522 524 526 528 528 530 532 534 534 536 538 540 540 542 544 546 546 548 550 552 552 554 556 558 558 560 562 564 564 566 568 570 570 572 574 576 576 578 580 582 582 584 586 588 592 593 594
2 2 4 6 8 8 10 12 14 14 16 18 20 20 22 24 26 26 28 30 32 32 34 36 38 38 40 42 44 44 46 48 50 50 52 54 56 56 58 60 62 62 64 66 68 68 70 72 74 74 76 78 80 80 82 84 86 86 88 90 90 92 94 96 96 98 100 102 102 104 106 108 108 110 112 114 114 116 116 118 120 122 124 124 126 128 130 130 132 134 136 136 138 140 142 142 144 146 148 148 150 152 154 154 156 158 160 160 162 164 166 166 168 170 172 172 174 176 178 178 180 182 184 184 186 188 190 190 192 194 196 196 198 200 202 202 204 204 206 208 210 212 212 214 216 218 218 220 222 224 224 226 228 230 230 232 234 236 236 238 240 242 242 244 244 246 248 250 252 252 254 256 258 258 260 262 262 264 266 268 268 270 272 274 274 276 276 278 280 282 284 284 286 288 290 290 292 294 296 296 298 300 302 302 304 306 308 308 310 312 314 314 316 318 318 320 322 324 324 326 328 328 330 332 334 334 336 338 340 340 342 344 346 346 348 350 352 352 354 356 358 358 360 362 364 364 366 368 370 370 372 374 376 376 378 380 382 382 384 386 388 388 390 392 394 394 396 398 400 400 402 404 406 406 408 410 412 412 414 416 418 418 420 422 424 424 426 428 430 430 432 434 436 436 438 440 442 442 444 446 448 448 450 452 454 454 456 458 460 460 462 464 464 466 468 470 470 472 474 476 476 478 480 480 482 484 486 486 488 490 492 492 494 496 498 498 500 502 504 504 506 508 510 510 512 514 516 516 518 520 522 522 524 526 528 528 530 532 534 534 536 538 540 540 542 544 546 546 548 550 552 552 554 556 558 558 560 562 564 564 566 568 570 570 572 574 576 576 578 580 582 582 584 586 588 592 593 594
2 2 4 6 8 8 10 12 14 14 16 18 20 20 22 24 24 26 28 30 30 32 34 36 36 38 40 42 42 44 46 46 48 50 52 52 54 56 56 58 60 62 62 64 66 68 68 70 72 74 74 76 78 80 80 82 84 86 86 88 90 92 92 94 96 98 98 100 102 104 104 106 108 110 110 112 114 116 116 118 120 122 122 124 126 128 128 130 132 134 134 136 138 140 140 142 144 146 146 148 150 152 152 154 156 158 158 160 162 164 164 166 168 170 170 172 174 176 176 178 180 182 182 184 186 188 188 190 192 192 194 196 198 198 200 202 204 204 206 208 210 210 212 214 216 216 218 220 222 222 224 226 228 228 230 232 234 234 236 238 240 240 242 244 246 246 248 250 252 252 254 256 258 258 260 262 264 264 266 268 270 270 272 274 276 276 278 280 282 282 284 286 288 288 290 290 292 294 296 298 298 300 302 304 304 306 308 310 310 312 314 316 316 318 320 322 322 324 326 328 328 330 332 334 334 336 338 340 340 342 344 346 346 348 350 352 352 354 356 358 358 360 362 364 364 366 368 370 370 372 374 376 376 378 380 382 382 384 386 388 388 390 392 394 394 396 398 400 400 402 404 406 406 408 410 412 412 414 416 418 418 420 422 424 424 426 428 430 430 432 432 434 436 438 438 440 442 444 444 446 448 450 450 452 454 456 456 458 460 462 462 464 466 468 468 470 472 474 474 476 478 480 480 482 484 486 486 488 490 492 494 494 496 498 500 500 502 504 506 506 508 510 512 512 514 516 518 518 520 522 524 524 526 528 530 530 532 534 536 536 538 540 542 542 544 544 546 548 550 552 552 554 556 558 558 560 562 564 564 566 568 570 570 572 574 576 576 578 580 582 582 584 586 588 588 590 592 594 594 596 598 600 600 602 604 606 606 608 610 612 612 614 616 618 620 620 622 624 626 626 628 630 632 632 634 636 638 638 640 642 644 644 646 648 650 650 652 654 656 656 658 660 662 662 664 666 668 668 670 672 674 674 676 678 680 680 682 684 686 686 688 690 692 692 694 696 698 698 700 702 704 704 706 708 710 710 712 715 716 716 718 720 722 722 724 726 728 730 730 732 734 736 736 738 740 742 742 744 746 748 748 750 752 754 754 756 758 760 760 762 764 766 766 768 770 772 772 774 776 778 778 780 782 784 784 786 788 790 790 792 794 796 796 798 800 802 802 804 806 808 808 810 812 814 814 816 818 820 820 822 824 826 826 828 830 832 832 834 836 838 838 840 842 844 844 846 848 850 850 852 854 856 856 858 860 862 862 864 866 868 868 870 872 872 874 876 878 878 880 882 884 884 886 888 890 890 892 894 896 896 898 900 902 902 904 906 908 908 910 912 914 914 916 918 920 920 922 924 926 926 928 930 932 932 934 936 938 938 940 942 944 944 946 948 950 950 952 954 956 956 958 960 962 962 964 966 968 968 970 972 974 974 976 978 980 980 982 984 986 986 988 990 992 992 994 996 998 998 1000 1002 1004 1004 1006 1008 1010 1010 1012 1014 1016 1016 1018 1020 1022 1022 1024 1026 1028 1028 1030 1032 1034 1034 1036 1038 1040 1040 1042 1044 1046 1046 1048 1050 1052 1052 1054 1056 1058 1058 1060 1062 1064 1064 1066 1068 1070 1070 1072 1074 1076 1076 1078 1080 1082 1082 1084 1086 1088 1088 1090 1092 1094 1094 1096 1098 1100 1100 1102 1104 1106 1106 1108 1110 1112 1112 1114 1116 1118 1118 1120 1122 1124 1124 1126 1128 1130 1130 1132 1134 1136 1136 1138 1140 1142 1142 1144 1146 1148 1148 1150 1152 1154 1154 1156 1158 1160 1160 1162 1164 1166 1166 1168 1170 1172 1172 1174 1176 1178 1178 1180 1182 1184 1184 1186 1188 1190 1190 1192 1194 1196 1196 1198 1200 1202 1202 1204 1206 1208 1208 1210 1212 1214 1214 1216 1218 1220 1220 1222 1224 1226 1226 1228 1230 1232 1232 1234 1236 1238 1238 1240 1242 1244 1246 1248 1250 1252 1252 1254 1256 1258 1258 1260 1262 1264 1264 1266 1268 1270 1270 1272 1274 1276 1276 1278 1280 1282 1282 1284 1286 1288 1288 1290 1292 1294 1296 1296 1298 1300 1302 1302 1304 1306 1308 1308 1310 1312 1314 1314 1316 1318 1320 1320 1322 1324 1326 1326 1328 1330 1332 1334 1336 1338 1340 1342 1344 1344 1346 1348 1350 1352 1354 1356 1358 1360 1362 1362 1364 1366 1368 1368 1370 1372 1374 1374 1376 1378 1380 1382 1384 1384 1386 1388 1388 1390 1392 1394 1396 1398 1400 1402 1402 1404 1406 1408 1408 1410 1412 1414 1414 1416 1418 1420 1420 1422 1424 1426 1426 1428 1430 1432 1434 1434 1436 1438 1440 1440 1442 1444 1446 1446 1448 1450 1452 1452 1454 1456 1458 1458 1460 1462 1464 1464 1466 1468 1470 1472 1474 1476 1478 1478 1480 1482 1484 1484 1486 1488 1490 1490 1492 1494 1496 1500 1501 1502


3 3 5 7 9 9 11 13 15 15 17 19 21 21 23 25 27 27 29 31 33 33 35 37 39 39 41 43 45 45 47 49 51 51 53 55 57 57 59 61 63 63 65 67 69 69 71 73 75 75 77 79 81 81 83 85 87 87 89 91 93 93 95 97 99 99 101 103 105 105 107 109 111 111 113 115 117 117 119 121 123 123 125 127 127 129 131 133 133 135 137 139 139 141 143 145 145 147 149 151 151 153 155 157 157 159 161 163 163 165 167 169 169 171 173 175 175 177 179 179 181 183 185 185 187 189 191 191 193 195 197 197 199 201 203 203 205 207 209 209 211 213 215 215 217 219 221 221 223 225 227 227 229 231 233 233 235 237 239 239 241 243 245 245 247 249 251 251 253 255 257 257 259 261 263 263 265 267 269 269 271 273 275 275 277 279 281 281 283 285 287 287 289 291 293 293 295 297 299 299 301 303 305 305 307 309 311 311 313 315 317 317 319 321 323 323 325 327 329 329 331 333 335 335 337 339 341 341 343 345 347 347 349 351 351 353 355 357 357 359 361 363 363 365 367 369 369 371 373 375 375 377 379 381 381 383 385 387 387 389 391 393 393 395 397 399 399 401 403 405 405 407 409 411 411 413 415 417 417 419 421 423 423 425 427 429 429 431 433 435 435 437 439 441 441 443 445 447 447 449 451 453 453 455 457 459 459 461 463 465 467 467 469 471 473 475 477 477 479 481 483 483 485 487 489 489 491 493 495 495 497 499 501 503 505 505 507 509 511 511 513 515 517 517 519 521 523 525 527 529 531 531 533 535 537 537 539 541 543 545 547 547 549 551 553 555 557 559 561 563 565 565 567 569 571 571 573 575 577 577 579 581 583 585 587 587 589 591 593 595 597 597 599 601 603 603 605 607 609 611 613 613 615 617 619 619 621 623 625 625 627 629 631 631 633 635 637 637 639 641 643 645 647 647 649 651 653 655 655 657 659 661 661 663 665 667 667 669 671 673 673 675 677 679 679 681 683 685 685 687 689 691 693 695 697 699 699 701 703 705 705 707 709 711 713 713 715 717 717 719 721 723 723 725 727 729 731 731 733 735 737 739 741 743 745 747 749 749 751 753 755 757 759 759 761 763 765 767 769 771 773 775 777 779 781 781 783 785 787 787 789 791 793 795 797 797 799 801 803 805 807 809 811 811 813 815 817 819 821 821 823 825 827 829 831 833 835 837 839 841 843 845 847 849 851 853 855 855 857 859 861 863 865 867 870 871 872
2 2 4 7 8 8 10 13 14 14 16 19 20 20 22 25 26 26 28 31 32 32 34 37 38 38 40 43 44 44 46 49 50 50 52 55 56 56 58 61 62 62 64 67 68 68 70 73 74 74 76 79 80 80 82 85 86 86 88 91 92 92 94 97 98 98 100 103 104 104 106 109 110 110 112 115 116 116 118 121 122 122 124 127 128 128 130 133 134 134 136 139 140 140 142 145 146 146 148 151 152 152 154 156 156 158 161 162 162 164 167 168 168 170 173 174 174 176 179 180 180 182 185 186 186 188 191 192 192 194 197 198 198 200 203 204 204 206 209 210 210 212 215 216 216 218 221 222 222 224 227 228 228 230 233 234 234 236 239 240 240 242 245 246 246 248 251 252 252 254 257 258 258 260 263 264 264 266 269 270 270 272 275 276 276 278 281 282 282 284 287 288 288 290 293 294 294 296 299 300 300 302 305 306 306 308 311 312 312 314 317 318 318 320 323 324 324 326 329 330 330 332 335 336 336 338 341 342 342 344 347 348 348 350 353 354 354 356 359 360 360 362 365 366 366 368 371 372 372 374 377 378 378 380 382 382 384 387 388 388 390 393 394 394 396 399 400 400 402 405 406 406 408 411 412 412 414 417 418 418 420 423 424 424 426 429 430 430 432 435 436 436 438 441 442 442 444 447 448 448 450 453 454 454 456 459 460 460 462 465 466 466 468 471 472 472 474 477 478 478 480 483 484 484 486 489 490 490 492 495 496 496 498 500 500 502 505 506 506 508 511 512 512 514 517 518 518 520 523 524 524 526 529 530 530 532 535 536 536 538 541 542 542 544 547 548 548 550 553 554 554 556 559 560 560 562 565 566 566 568 571 572 572 574 577 578 578 580 583 584 584 586 589 590 590 592 595 596 596 598 601 602 602 604 607 608 608 610 613 614 614 616 619 620 620 622 625 626 626 628 631 632 632 634 637 638 638 640 643 644 644 646 649 650 650 652 655 656 656 659 660 660 662 665 666 666 668 671 672 672 674 677 678 678 680 683 684 684 686 689 690 690 692 695 696 696 698 701 702 702 704 707 708 708 710 713 714 714 716 719 720 720 722 725 726 726 728 731 732 732 734 737 738 738 740 743 744 744 746 749 750 750 752 755 756 756 758 761 762 762 764 767 768 768 770 773 774 774 776 779 780 780 782 785 786 786 788 791 792 792 795 796 796 798 801 802 802 804 807 808 808 810 813 814 814 816 819 820 820 822 825 826 826 828 831 832 832 834 837 838 838 840 843 844 844 846 849 850 850 852 855 856 856 858 861 862 862 864 867 868 868 870 873 874 874 876 879 880 880 882 885 886 886 888 891 892 892 894 897 898 898 900 903 904 904 906 909 910 910 912 915 916 916 918 921 922 922 924 927 928 928 930 933 934 934 936 939 940 940 942 945 946 946 948 951 952 952 954 957 958 958 960 963 964 964 966 969 970 970 972 975 976 976 978 981 982 982 984 987 988 988 990 993 994 994 996 999 1000 1000 1002 1005 1006 1006 1008 1011 1012 1012 1014 1017 1018 1018 1020 1023 1024 1024 1026 1029 1030 1030 1032 1035 1036 1036 1038 1041 1042 1042 1044 1047 1048 1048 1050 1053 1054 1054 1056 1059 1060 1060 1062 1065 1066 1066 1068 1071 1072 1072 1074 1077 1078 1078 1080 1083 1084 1084 1086 1089 1090 1090 1092 1095 1096 1096 1098 1101 1102 1102 1104 1107 1108 1108 1110 1113 1114 1114 1116 1119 1120 1120 1122 1125 1126 1126 1128 1131 1132 1132 1134 1137 1138 1138 1140 1143 1144 1144 1146 1149 1150 1150 1152 1155 1156 1156 1158 1161 1162 1162 1164 1167 1168 1168 1170 1173 1174 1174 1176 1179 1180 1180 1182 1185 1186 1186 1188 1191 1192 1192 1194 1197 1198 1198 1200 1203 1204 1204 1206 1209 1210 1210 1212 1215 1216 1216 1218 1221 1222 1222 1224 1227 1228 1228 1230 1233 1234 1234 1236 1239 1240 1240 1242 1245 1246 1246 1248 1251 1252 1252 1254 1257 1258 1258 1260 1263 1264 1264 1266 1269 1270 1270 1272 1275 1276 1276 1279 1280 1280 1282 1285 1286 1286 1288 1291 1292 1292 1294 1297 1298 1298 1300 1303 1304 1304 1306 1309 1310 1310 1312 1315 1316 1316 1318 1321 1322 1322 1324 1327 1328 1328 1330 1333 1334 1334 1336 1339 1340 1340 1342 1345 1346 1346 1348 1351 1352 1352 1354 1357 1358 1358 1360 1363 1364 1364 1366 1369 1370 1370 1372 1375 1376 1376 1378 1381 1382 1382 1384 1387 1388 1388 1390 1393 1394 1394 1396 1399 1400 1400 1402 1405 1406 1406 1408 1411 1412 1412 1414 1417 1418 1418 1420 1423 1424 1424 1426 1429 1430 1430 1432 1435 1436 1436 1438 1441 1442 1442 1444 1447 1448 1448 1450 1453 1454 1454 1456 1459 1460 1460 1462 1465 1466 1466 1468 1471 1472 1472 1474 1477 1478 1478 1480 1483 1484 1484 1486 1489 1490 1490 1492 1495 1496 1496 1498 1501 1502 1502 1504 1507 1508 1508 1510 1513 1514 1514 1516 1519 1520 1520 1522 1525 1526 1526 1528 1531 1532 1532 1534 1537 1538 1538 1541 1542 1542 1544 1547 1548 1548 1550 1553 1554 1554 1556 1559 1560 1560 1562 1565 1566 1566 1568 1571 1572 1572 1574 1577 1578 1580 1580 1582 1585 1586 1586 1588 1591 1592 1592 1594 1596 1598 1598 1600 1603 1604 1604 1606 1609 1610 1610 1612 1612 1614 1616 1619 1620 1620 1622 1625 1626 1626 1628 1630 1630 1632 1635 1636 1636 1638 1641 1642 1642 1644 1647 1648 1648 1648 1650 1652 1655 1656 1656 1658 1658 1660 1662 1665 1666 1666 1668 1668 1670 1673 1674 1676 1676 1678 1681 1682 1682 1684 1687 1688 1688 1690 1693 1694 1694 1696 1698 1700 1700 1702 1702 1704 1706 1709 1710 1710 1712 1715 1716 1716 1718 1721 1722 1722 1724 1727 1728 1728 1730 1732 1734 1734 1736 1739 1740 1740 1742 1745 1746 1746 1748 1751 1752 1752 1754 1754 1756 1758 1761 1762 1762 1765 1766 1766 1768 1771 1772 1772 1774 1777 1778 1778 1780 1783 1784 1784 1786 1789 1790 1790 1792 1795 1796 1796 1798 1801 1802 1802 1804 1806 1808 1808 1810 1813 1814 1814 1816 1819 1820 1820 1822 1825 1826 1826 1828 1831 1832 1832 1834 1837 1838 1838 1840 1843 1844 1844 1846 1846 1848 1851 1852 1854 1854 1856 1859 1860 1860 1862 1864 1866 1866 1868 1870 1870 1872 1874 1874 1876 1879 1880 1880 1882 1882 1884 1886 1889 1890 1890 1892 1895 1896 1896 1898 1901 1902 1902 1904 1907 1908 1908 1910 1913 1914 1914 1916 1918 1920 1920 1922 1925 1926 1926 1928 1931 1932 1932 1934 1937 1938 1938 1940 1940 1942 1945 1946 1948 1948 1950 1953 1954 1954 1956 1959 1960 1960 1962 1964 1966 1966 1968 1971 1972 1972 1974 1976 1976 1978 1978 1980 1982 1985 1986 1986 1988 1991 1992 1992 1994 1994 1996 1999 2000 2000 2002 2002 2004 2007 2008 2010 2010 2012 2015 2016 2016 2018 2021 2022 2022 2024 2027 2028 2028 2030 2033 2034 2034 2036 2039 2040 2040 2042 2045 2046 2046 2048 2051 2052 2052 2054 2057 2058 2058 2060 2063 2064 2064 2066 2069 2070 2070 2072 2075 2076 2076 2078 2081 2082 2082 2085 2086 2086 2088 2091 2092 2092 2094 2097 2098 2098 2100 2103 2104 2104 2106 2109 2110 2110 2112 2115 2116 2116 2118 2121 2122 2122 2124 2127 2128 2128 2130 2133 2134 2134 2136 2139 2140 2140 2142 2145 2146 2146 2148 2151 2152 2152 2154 2157 2158 2158 2158 2160 2162 2164 2167 2168 2168 2170 2173 2174 2174 2176 2179 2180 2180 2182 2182 2184 2187 2188 2190 2190 2192 2195 2196 2196 2198 2201 2202 2202 2204 2207 2208 2208 2210 2213 2214 2214 2216 2216 2218 2221 2222 2224 2224 2226 2229 2230 2230 2232 2234 2236 2236 2238 2238 2240 2243 2244 2246 2246 2246 2248 2250 2252 2255 2256 2256 2258 2258 2260 2263 2264 2264 2266 2269 2270 2270 2272 2275 2276 2276 2278 2281 2282 2282 2284 2287 2288 2288 2290 2293 2294 2294 2296 2299 2300 2300 2302 2305 2306 2306 2308 2310 2312 2312 2314 2317 2318 2318 2320 2323 2324 2324 2326 2329 2330 2332 2332 2334 2337 2338 2338 2340 2343 2344 2344 2346 2349 2350 2350 2352 2355 2356 2356 2358 2361 2362 2362 2364 2367 2368 2368 2370 2373 2374 2374 2376 2379 2380 2380 2382 2385 2386 2386 2388 2391 2392 2392 2394 2397 2398 2398 2400 2403 2404 2404 2406 2409 2410 2410 2412 2415 2416 2416 2418 2421 2422 2422 2424 2427 2428 2428 2430 2432 2432 2434 2437 2438 2438 2440 2443 2444 2444 2446 2449 2450 2450 2452 2455 2456 2456 2458 2461 2462 2462 2464 2467 2468 2468 2470 2473 2474 2474 2476 2479 2480 2480 2482 2485 2486 2486 2489 2490 2490 2492 2495 2496 2496 2498 2501 2502 2502 2504 2507 2508 2508 2510 2513 2514 2514 2516 2519 2520 2520 2522 2525 2526 2526 2528 2531 2532 2532 2534 2537 2538 2538 2540 2543 2544 2544 2546 2549 2550 2550 2552 2555 2556 2556 2558 2561 2562 2562 2564 2567 2568 2568 2570 2573 2574 2574 2576 2579 2580 2580 2582 2585 2586 2586 2588 2591 2592 2592 2594 2597 2598 2598 2600 2603 2604 2604 2606 2609 2610 2610 2612 2614 2614 2616 2619 2620 2620 2622 2625 2626 2626 2628 2631 2632 2632 2634 2637 2638 2638 2640 2643 2644 2646 2646 2648 2651 2652 2654 2654 2656 2659 2660 2660 2662 2665 2666 2666 2668 2671 2672 2672 2674 2677 2678 2678 2680 2683 2684 2684 2686 2689 2690 2690 2692 2695 2696 2696 2698 2701 2702 2702 2704 2707 2708 2708 2710 2713 2714 2714 2716 2719 2720 2720 2722 2725 2726 2726 2728 2731 2732 2732 2734 2737 2738 2738 2740 2743 2744 2744 2746 2749 2750 2750 2752 2755 2756 2756 2758 2761 2762 2762 2764 2767 2768 2768 2770 2773 2774 2774 2776 2779 2780 2780 2782 2785 2786 2786 2788 2791 2792 2792 2794 2797 2798 2798 2800 2803 2804 2804 2806 2809 2810 2810 2812 2815 2816 2816 2818 2821 2822 2822 2824 2827 2828 2828 2830 2833 2834 2834 2836 2839 2840 2840 2842 2845 2846 2846 2848 2851 2852 2852 2854 2857 2858 2858 2860 2863 2864 2864 2866 2869 2870 2870 2872 2875 2876 2876 2878 2881 2882 2882 2884 2887 2888 2888 2890 2893 2894 2894 2896 2899 2900 2900 2902 2905 2906 2906 2908 2911 2912 2912 2914 2917 2918 2918 2920 2923 2924 2924 2926 2929 2930 2930 2932 2935 2936 2936 2938 2941 2942 2942 2944 2947 2948 2948 2950 2953 2954 2954 2956 2959 2960 2960 2962 2965 2966 2966 2968 2971 2972 2972 2975 2976 2976 2978 2981 2982 2982 2984 2987 2988 2988 2990 2993 2994 2994 2996 2999 3000 3000 3002 3005 3006 3006 3008 3011 3012 3012 3014 3017 3018 3018 3020 3023 3024 3024 3026 3029 3030 3030 3032 3035 3036 3036 3038 3041 3042 3042 3044 3047 3048 3048 3050 3053 3054 3054 3056 3059 3060 3060 3062 3065 3066 3066 3068 3071 3072 3072 3074 3077 3078 3078 3080 3083 3084 3084 3086 3089 3090 3090 3092 3095 3096 3096 3098 3101 3102 3102 3104 3107 3108 3108 3110 3113 3114 3114 3116 3119 3120 3120 3122 3125 3126 3126 3128 3131 3132 3136 3137 3138
3 3 5 6 9 9 11 12 15 15 17 18 21 21 23 24 27 27 29 30 33 33 35 36 39 39 41 42 45 47 49 51 53 55 57 59 61 63 65 67 69 71 73 75 77 79 81 83 85 87 89 91 93 95 97 99 101 103 105 107 109 111 113 115 117 119 121 123 125 127 129 131 133 135 137 139 141 143 145 147 149 151 153 155 157 159 161 163 165 167 169 171 173 175 177 179 181 183 185 187 189 191 193 195 197 199 201 203 205 207 209 211 213 215 217 219 221 223 225 227 229 231 233 235 237 239 241 243 245 247 249 251 253 255 257 259 261 263 265 267 269 271 273 275 277 279 281 283 285 287 289 291 293 295 297 299 301 303 305 307 309 311 313 315 317 319 321 323 325 327 329 331 333 335 337 339 341 343 345 347 349 351 353 355 357 359 361 361 363 364 367 369 371 371 373 374 377 377 379 380 383 385 387 389 391 393 395 397 399 401 403 405 407 409 411 413 415 415 417 418 421 421 423 424 427 427 429 430 433 433 435 436 439 439 441 442 445 445 447 448 451 451 453 454 457 457 459 460 463 465 465 467 468 471 473 473 475 476 479 479 481 482 485 487 487 489 490 493 493 495 496 499 499 501 502 505 507 509 511 511 513 514 517 517 519 520 523 523 525 526 529 529 531 532 535 535 537 538 541 541 543 544 547 547 549 550 553 553 555 556 559 559 560 563 563 565 566 569 569 571 572 575 575 577 578 581 581 583 584 587 587 589 590 593 593 595 596 599 599 601 602 605 607 607 609 610 613 613 615 616 619 619 620 623 625 627 627 629 630 633 633 635 636 639 639 641 642 645 645 646 649 649 651 652 655 655 657 658 661 661 663 663 665 666 668 671 671 673 674 677 679 681 681 683 684 687 687 689 690 693 693 695 696 699 699 701 702 705 707 709 709 711 712 715 715 717 717 719 720 722 725 725 727 728 731 731 733 734 737 737 739 740 743 743 743 745 746 748 751 751 753 754 757 757 759 760 763 763 765 765 766 769 770 773 773 775 776 779 779 781 782 785 785 787 788 791 791 793 794 797 797 799 800 803 803 805 806 809 809 811 812 815 815 817 818 821 821 823 824 827 827 829 830 833 833 835 836 839 839 841 842 845 845 847 848 851 851 853 854 857 857 859 860 863 863 865 866 869 869 871 872 875 875 877 878 881 881 881 883 884 886 889 889 891 892 895 895 897 898 901 901 903 904 907 907 909 911 911 913 914 917 917 919 920 923 923 925 926 929 929 931 932 935 935 937 938 941 941 943 944 947 947 949 950 953 953 955 956 959 959 961 962 965 965 967 968 971 971 972 972 974 976 978 978 980 982 984 984 986 988 990 992 992 994 996 998 998 1000 1002 1004 1004 1006 1008 1010 1010 1012 1014 1016 1016 1018 1020 1022 1022 1024 1026 1028 1028 1030 1032 1034 1034 1036 1038 1040 1040 1042 1044 1046 1048 1048 1050 1052 1054 1054 1056 1058 1060 1060 1060 1062 1064 1066 1068 1068 1070 1072 1072 1074 1076 1078 1078 1080 1082 1084 1084 1086 1088 1090 1090 1092 1094 1096 1096 1098 1100 1102 1102 1104 1106 1108 1108 1110 1112 1114 1114 1116 1118 1120 1120 1122 1124 1126 1126 1128 1130 1132 1132 1134 1136 1138 1138 1140 1142 1144 1144 1146 1148 1150 1150 1152 1154 1156 1156 1158 1160 1162 1162 1164 1166 1168 1168 1170 1172 1174 1174 1176 1178 1180 1180 1182 1184 1186 1186 1188 1190 1192 1192 1194 1196 1198 1198 1200 1202 1204 1204 1206 1208 1210 1210 1212 1214 1216 1216 1218 1220 1222 1222 1224 1226 1228 1228 1230 1232 1234 1234 1236 1238 1238 1240 1242 1242 1244 1244 1246 1248 1250 1252 1252 1254 1256 1258 1258 1260 1262 1264 1264 1266 1268 1270 1270 1272 1274 1276 1276 1278 1280 1282 1282 1284 1286 1288 1288 1290 1292 1294 1294 1296 1298 1300 1300 1302 1304 1306 1306 1308 1310 1312 1312 1314 1316 1318 1318 1320 1322 1324 1324 1326 1328 1328 1330 1332 1334 1334 1336 1338 1340 1340 1342 1344 1346 1346 1348 1350 1352 1352 1354 1356 1358 1358 1360 1362 1364 1364 1366 1368 1370 1370 1372 1374 1376 1376 1378 1380 1382 1382 1384 1386 1388 1390 1392 1392 1394 1396 1398 1400 1402 1402 1404 1406 1408 1408 1410 1412 1414 1414 1416 1418 1420 1420 1422 1424 1426 1426 1428 1430 1432 1434 1436 1438 1440 1440 1442 1444 1444 1444 1446 1448 1450 1452 1452 1454 1456 1458 1458 1460 1462 1464 1464 1466 1468 1470 1470 1472 1474 1476 1478 1480 1480 1482 1484 1486 1486 1488 1490 1492 1494 1494 1496 1498 1500 1500 1502 1504 1504 1506 1508 1510 1510 1512 1514 1516 1516 1518 1520 1522 1522 1524 1526 1528 1528 1530 1532 1534 1534 1536 1538 1540 1540 1542 1544 1546 1546 1548 1550 1552 1554 1554 1556 1558 1562 1563 1564
3 3 5 7 9 9 11 13 15 15 17 19 21 21 23 25 27 27 29 31 33 33 35 37 39 39 41 43 45 45 47 49 51 51 53 55 57 57 59 61 63 63 65 67 69 69 71 73 75 75 77 79 81 81 83 85 87 87 89 91 93 93 95 97 99 99 101 103 105 105 107 109 111 111 113 115 117 117 119 121 123 123 125 127 127 129 131 133 133 135 137 139 139 141 143 145 145 147 149 151 151 153 155 157 157 159 161 163 163 165 167 169 169 171 173 175 175 177 179 179 181 183 185 185 187 189 191 191 193 195 197 197 199 201 203 203 205 207 209 209 211 213 215 215 217 219 221 221 223 225 227 227 229 231 233 233 235 237 239 239 241 243 245 245 247 249 251 251 253 255 257 257 259 261 263 263 265 267 269 269 271 273 275 275 277 279 281 281 283 285 287 287 289 291 293 293 295 297 299 299 301 303 305 305 307 309 311 311 313 315 317 317 319 321 323 323 325 327 329 329 331 333 335 335 337 339 341 341 343 345 347 347 349 351 351 353 355 357 357 359 361 363 363 365 367 369 369 371 373 375 375 377 379 381 381 383 385 387 387 389 391 393 393 395 397 399 399 401 403 405 405 407 409 411 411 413 415 417 417 419 421 423 423 425 427 429 429 431 433 435 435 437 439 441 441 443 445 447 447 449 451 453 453 455 457 459 459 461 463 465 467 467 469 471 473 475 477 477 479 481 483 483 485 487 489 489 491 493 495 495 497 499 501 503 505 505 507 509 511 511 513 515 517 517 519 521 523 525 527 529 531 531 533 535 537 537 539 541 543 545 547 547 549 551 553 555 557 559 561 563 565 565 567 569 571 571 573 575 577 577 579 581 583 585 587 587 589 591 593 595 597 597 599 601 603 603 605 607 609 611 613 613 615 617 619 619 621 623 625 625 627 629 631 631 633 635 637 637 639 641 643 645 647 647 649 651 653 655 655 657 659 661 661 663 665 667 667 669 671 673 673 675 677 679 679 681 683 685 685 687 689 691 693 695 697 699 699 701 703 705 705 707 709 711 713 713 715 717 717 719 721 723 723 725 727 729 731 731 733 735 737 739 741 743 745 747 749 749 751 753 755 757 759 759 761 763 765 767 769 771 773 775 777 779 781 781 783 785 787 787 789 791 793 795 797 797 799 801 803 805 807 809 811 811 813 815 817 819 821 821 823 825 827 829 831 833 835 837 839 841 843 845 847 849 851 853 855 855 857 859 861 863 865 867 870 871 872

3 5 5 6 9 11 11 12 15 17 17 18 21 23 25 25 26 29 31 31 32 35 37 37 38 41 43 43 44 47 49 49 50 53 55 55 56 59 61 61 62 65 67 67 68 71 73 73 74 77 79 79 80 83 85 85 86 89 91 91 92 95 97 97 98 101 103 103 104 107 109 109 110 113 115 115 116 119 121 121 122 125 127 127 128 131 133 133 135 135 136 139 141 141 142 145 147 147 148 151 153 153 154 157 159 159 160 163 165 165 166 169 169 170 173 175 175 176 179 181 181 182 185 187 187 188 191 193 193 194 197 199 199 200 203 205 205 206 209 211 211 212 215 217 217 218 221 223 223 224 227 229 229 230 233 235 235 236 239 241 241 242 245 245 246 249 251 251 252 255 255 257 259 259 260 263 265 265 266 269 271 271 272 275 277 277 278 281 283 283 285 287 289 289 290 293 295 295 296 299 301 301 302 305 307 307 308 311 313 313 314 317 319 319 320 323 325 325 326 329 331 331 332 332 334 337 339 341 341 342 345 347 347 348 351 353 353 354 357 359 359 360 363 365 365 366 369 371 371 372 375 377 377 379 381 381 382 385 387 387 388 391 393 393 394 397 399 399 400 403 405 405 406 409 411 411 412 415 417 417 418 421 423 423 424 427 429 429 430 433 435 435 436 439 441 441 442 445 447 447 448 451 453 453 455 457 459 459 460 463 465 465 466 469 471 471 472 475 477 477 479 481 483 483 485 487 487 488 491 493 493 494 494 496 499 501 503 503 504 507 509 509 510 513 515 515 516 519 521 521 522 525 527 527 528 531 533 533 534 537 539 539 540 543 545 545 545 546 548 551 553 553 554 557 559 559 560 563 565 565 566 569 571 571 572 575 577 577 578 581 583 583 584 587 589 589 590 593 595 595 596 596 598 601 603 605 605 606 609 611 611 612 615 617 617 619 621 623 623 625 627 629 629 630 633 635 635 636 639 641 643 643 645 647 649 649 650 653 655 657 659 659 660 663 665 665 666 669 671 671 672 675 675 676 679 681 681 682 685 687 687 688 691 693 693 694 697 699 699 699 700 702 705 707 707 708 708 711 713 713 714 717 719 719 720 723 725 725 727 729 729 730 733 733 734 737 739 739 740 743 745 745 746 749 751 751 752 755 757 757 758 761 763 763 764 767 769 769 770 773 775 775 776 779 781 781 782 785 787 787 787 788 790 793 795 795 796 799 801 801 802 805 807 807 808 811 813 813 814 817 819 819 820 823 825 825 826 829 831 831 832 835 835 836 839 841 841 842 845 847 847 848 851 853 853 854 854 856 859 861 861 862 865 867 867 868 871 873 873 873 874 876 879 881 881 882 885 887 887 888 891 893 893 894 897 899 899 900 903 905 905 906 909 911 911 912 915 917 917 918 921 921 922 925 925 926 929 931 931 932 935 937 937 938 941 943 943 944 947 949 949 950 953 955 955 956 959 961 961 962 965 967 967 968 968 970 973 975 977 977 978 981 981 982 985 987 987 988 991 993 993 994 997 999 999 1000 1003 1005 1005 1006 1009 1011 1011 1012 1015 1017 1017 1018 1021 1023 1023 1023 1024 1026 1029 1031 1033 1033 1034 1037 1039 1039 1039 1040 1040 1042 1044 1047 1049 1051 1051 1052 1055 1057 1057 1058 1061 1063 1063 1064 1067 1069 1069 1070 1073 1075 1075 1076 1079 1081 1081 1082 1085 1087 1087 1088 1091 1093 1093 1094 1097 1099 1099 1100 1103 1105 1105 1106 1109 1111 1111 1112 1115 1115 1116 1119 1121 1121 1122 1125 1125 1126 1126 1128 1131 1133 1133 1134 1134 1136 1139 1139 1140 1143 1143 1144 1144 1146 1148 1151 1153 1153 1153 1154 1154 1156 1158 1161 1163 1165 1165 1166 1169 1171 1171 1172 1175 1177 1177 1178 1181 1181 1182 1185 1187 1187 1188 1191 1193 1193 1194 1197 1199 1199 1200 1203 1203 1204 1204 1206 1209 1211 1213 1213 1214 1217 1219 1219 1220 1223 1223 1224 1227 1229 1229 1230 1233 1235 1235 1236 1239 1241 1241 1242 1245 1247 1247 1248 1251 1253 1253 1255 1257 1259 1259 1260 1263 1265 1265 1265 1266 1269 1271 1273 1273 1274 1277 1279 1279 1280 1283 1283 1284 1287 1289 1289 1290 1293 1295 1295 1296 1299 1301 1301 1302 1305 1307 1307 1307 1308 1310 1312 1315 1317 1317 1318 1321 1323 1323 1324 1327 1329 1329 1330 1333 1335 1335 1336 1339 1339 1340 1343 1345 1345 1346 1349 1349 1350 1353 1355 1355 1356 1359 1361 1361 1362 1362 1364 1367 1369 1371 1371 1372 1375 1377 1377 1378 1381 1383 1383 1384 1387 1389 1389 1390 1393 1393 1394 1397 1399 1399 1400 1403 1403 1404 1407 1409 1409 1409 1410 1412 1415 1415 1416 1419 1421 1421 1421 1421 1422 1424 1426 1428 1428 1430 1432 1435 1437 1439 1439 1439 1440 1440 1442 1444 1447 1449 1451 1451 1452 1452 1454 1457 1459 1461 1461 1462 1465 1467 1467 1467 1468 1470 1473 1475 1475 1476 1479 1481 1481 1482 1485 1487 1487 1488 1491 1493 1493 1494 1497 1497 1498 1501 1503 1503 1504 1507 1507 1508 1511 1513 1513 1514 1517 1519 1519 1520 1523 1523 1524 1527 1529 1529 1530 1533 1535 1535 1535 1536 1538 1540 1543 1543 1544 1547 1549 1549 1550 1550 1552 1554 1557 1559 1559 1560 1563 1563 1565 1567 1567 1568 1571 1571 1572 1575 1577 1577 1578 1581 1583 1583 1584 1587 1587 1588 1591 1593 1593 1594 1597 1599 1599 1600 1603 1605 1605 1605 1606 1608 1611 1613 1613 1614 1617 1619 1619 1620 1623 1625 1625 1626 1626 1628 1631 1633 1633 1634 1637 1637 1638 1638 1640 1643 1645 1645 1646 1649 1651 1651 1652 1655 1657 1657 1658 1661 1661 1662 1665 1667 1667 1667 1668 1668 1670 1672 1675 1677 1679 1679 1680 1683 1685 1685 1686 1689 1689 1689 1690 1692 1695 1697 1697 1698 1701 1703 1703 1703 1704 1706 1709 1711 1711 1711 1712 1714 1717 1719 1719 1720 1723 1723 1724 1727 1727 1728 1728 1730 1733 1735 1737 1737 1738 1741 1741 1742 1745 1747 1747 1748 1751 1753 1753 1754 1757 1759 1759 1760 1763 1765 1765 1766 1769 1771 1771 1772 1775 1777 1777 1778 1781 1783 1783 1784 1787 1789 1789 1790 1793 1795 1795 1795 1796 1798 1798 1800 1803 1805 1805 1806 1809 1809 1810 1813 1815 1815 1816 1819 1821 1821 1822 1825 1825 1826 1829 1831 1831 1832 1835 1837 1837 1838 1841 1841 1842 1845 1847 1849 1849 1850 1853 1853 1854 1857 1859 1859 1860 1863 1865 1865 1866 1869 1869 1870 1873 1875 1875 1875 1876 1878 1881 1883 1883 1884 1887 1889 1889 1890 1893 1895 1895 1896 1899 1901 1901 1902 1905 1907 1907 1907 1908 1910 1913 1915 1915 1916 1919 1921 1921 1922 1925 1927 1927 1928 1931 1933 1933 1934 1934 1936 1939 1941 1941 1942 1945 1945 1946 1949 1951 1951 1952 1955 1955 1956 1959 1959 1960 1963 1965 1965 1966 1969 1971 1971 1971 1972 1974 1974 1976 1979 1981 1983 1983 1984 1987 1989 1989 1990 1993 1995 1995 1995 1996 1998 2001 2003 2003 2004 2007 2007 2007 2008 2010 2013 2015 2015 2016 2019 2021 2021 2022 2025 2027 2027 2027 2028 2030 2033 2035 2037 2037 2038 2041 2043 2043 2044 2047 2049 2049 2049 2050 2052 2055 2057 2057 2058 2061 2063 2063 2064 2067 2069 2069 2070 2073 2075 2075 2076 2079 2081 2081 2082 2085 2087 2087 2088 2091 2093 2093 2094 2094 2096 2099 2101 2101 2102 2105 2107 2107 2108 2111 2113 2113 2114 2117 2119 2119 2120 2123 2125 2125 2126 2129 2131 2131 2132 2132 2134 2137 2137 2138 2141 2143 2143 2143 2144 2146 2149 2151 2151 2151 2152 2152 2152 2154 2156 2158 2161 2163 2165 2165 2166 2166 2168 2170 2173 2175 2175 2176 2179 2181 2181 2182 2185 2187 2187 2188 2191 2193 2193 2194 2197 2199 2199 2200 2203 2203 2204 2207 2207 2208 2211 2213 2213 2214 2217 2219 2219 2220 2223 2223 2223 2224 2226 2229 2231 2231 2232 2235 2237 2237 2238 2241 2243 2243 2244 2247 2247 2248 2251 2251 2252 2255 2257 2257 2258 2261 2261 2262 2265 2267 2267 2268 2271 2273 2273 2274 2277 2277 2278 2281 2283 2283 2284 2287 2289 2289 2290 2293 2295 2295 2295 2296 2298 2301 2303 2305 2305 2306 2309 2311 2311 2312 2315 2317 2317 2318 2321 2323 2323 2324 2327 2329 2329 2330 2333 2335 2335 2336 2339 2341 2341 2342 2345 2347 2347 2348 2351 2353 2353 2354 2357 2357 2358 2361 2363 2363 2364 2367 2369 2369 2370 2373 2375 2375 2376 2376 2376 2378 2380 2383 2385 2385 2386 2389 2391 2391 2392 2392 2394 2397 2399 2399 2400 2403 2405 2405 2406 2409 2409 2410 2413 2415 2415 2416 2419 2421 2421 2422 2425 2425 2427 2429 2429 2430 2433 2435 2435 2436 2439 2439 2440 2443 2445 2445 2446 2446 2448 2451 2453 2453 2454 2457 2459 2459 2460 2460 2462 2465 2467 2469 2469 2470 2473 2473 2474 2477 2479 2479 2480 2483 2485 2485 2486 2489 2491 2491 2491 2492 2494 2497 2497 2498 2501 2501 2502 2505 2507 2507 2509 2511 2511 2512 2515 2517 2517 2518 2521 2523 2523 2524 2527 2529 2529 2531 2533 2535 2535 2536 2539 2541 2541 2542 2545 2547 2547 2548 2551 2553 2553 2554 2557 2559 2559 2561 2563 2563 2564 2567 2567 2568 2571 2571 2572 2575 2577 2577 2578 2581 2583 2583 2584 2587 2589 2589 2590 2593 2593 2594 2597 2599 2599 2600 2603 2605 2605 2606 2609 2611 2611 2612 2615 2617 2617 2618 2618 2620 2623 2625 2627 2627 2628 2631 2633 2633 2633 2634 2636 2639 2641 2643 2643 2644 2647 2649 2649 2649 2650 2652 2655 2657 2657 2658 2661 2663 2663 2663 2664 2666 2668 2671 2671 2672 2675 2677 2677 2678 2681 2683 2683 2683 2684 2686 2689 2689 2690 2693 2695 2695 2696 2699 2701 2701 2702 2705 2707 2707 2708 2711 2713 2713 2714 2714 2716 2719 2721 2723 2723 2723 2724 2726 2726 2728 2731 2733 2735 2735 2736 2739 2741 2741 2742 2745 2747 2747 2748 2751 2753 2753 2754 2757 2759 2759 2760 2763 2765 2765 2766 2769 2771 2771 2772 2775 2777 2777 2778 2781 2783 2783 2784 2787 2787 2787 2788 2788 2790 2792 2795 2797 2799 2799 2800 2803 2803 2804 2807 2809 2809 2810 2810 2812 2815 2817 2819 2819 2820 2823 2825 2825 2826 2829 2831 2831 2832 2835 2837 2837 2838 2841 2843 2843 2844 2847 2849 2849 2850 2853 2855 2855 2856 2859 2861 2861 2862 2865 2867 2867 2868 2871 2871 2872 2875 2877 2877 2877 2878 2880 2883 2885 2885 2886 2889 2891 2891 2892 2895 2897 2897 2897 2898 2900 2903 2905 2905 2905 2906 2908 2911 2913 2913 2913 2914 2917 2919 2921 2921 2922 2925 2927 2927 2928 2931 2933 2933 2934 2937 2939 2939 2940 2943 2943 2944 2947 2949 2949 2950 2950 2952 2955 2957 2959 2959 2960 2963 2965 2965 2966 2969 2971 2971 2971 2972 2974 2977 2977 2978 2981 2983 2983 2984 2987 2989 2989 2990 2993 2995 2995 2996 2999 2999 3000 3003 3005 3005 3005 3006 3008 3011 3013 3013 3014 3017 3017 3018 3021 3023 3023 3024 3027 3029 3029 3030 3033 3035 3035 3036 3039 3039 3040 3043 3045 3045 3046 3046 3046 3048 3050 3052 3055 3057 3059 3059 3060 3063 3063 3064 3064 3066 3069 3071 3071 3072 3075 3077 3077 3078 3081 3081 3082 3085 3085 3086 3089 3089 3090 3093 3095 3095 3096 3099 3101 3101 3102 3105 3107 3107 3107 3108 3110 3113 3115 3115 3116 3116 3118 3121 3123 3123 3123 3124 3126 3126 3128 3131 3133 3135 3135 3136 3139 3141 3141 3142 3142 3144 3147 3149 3151 3151 3152 3155 3157 3157 3158 3158 3160 3160 3162 3165 3167 3169 3169 3170 3173 3175 3175 3175 3176 3178 3180 3183 3185 3185 3186 3189 3191 3191 3192 3192 3194 3196 3199 3199 3200 3203 3205 3205 3206 3206 3208 3211 3213 3215 3215 3216 3216 3218 3218 3220 3223 3225 3225 3226 3229 3229 3230 3233 3235 3235 3236 3239 3241 3241 3241 3242 3244 3247 3249 3249 3250 3253 3255 3255 3256 3259 3261 3261 3262 3265 3267 3267 3268 3271 3273 3273 3274 3274 3276 3279 3281 3283 3283 3283 3284 3286 3289 3291 3291 3292 3295 3297 3297 3297 3298 3300 3303 3305 3305 3306 3309 3311 3311 3312 3312 3314 3316 3319 3321 3321 3322 3325 3327 3327 3328 3331 3333 3333 3334 3334 3336 3339 3341 3343 3343 3344 3347 3347 3348 3351 3353 3353 3354 3357 3357 3358 3361 3361 3362 3365 3367 3367 3368 3371 3373 3373 3373 3374 3376 3379 3381 3381 3382 3385 3387 3387 3388 3391 3393 3393 3394 3397 3399 3399 3400 3403 3405 3405 3406 3409 3411 3411 3412 3415 3417 3417 3417 3418 3420 3423 3425 3425 3426 3429 3431 3431 3432 3435 3437 3437 3437 3438 3440 3443 3445 3445 3446 3449 3451 3451 3452 3455 3457 3457 3458 3461 3463 3463 3463 3464 3466 3469 3471 3471 3472 3475 3477 3477 3479 3479 3480 3483 3485 3485 3486 3489 3491 3491 3491 3492 3494 3497 3499 3501 3501 3501 3502 3504 3504 3506 3506 3508 3511 3513 3515 3515 3516 3519 3521 3521 3522 3522 3524 3527 3529 3531 3531 3532 3532 3534 3537 3539 3541 3541 3543 3543 3544 3547 3549 3549 3550 3553 3553 3554 3557 3559 3559 3560 3560 3562 3565 3567 3569 3569 3570 3573 3573 3574 3577 3579 3579 3580 3583 3585 3585 3586 3589 3591 3591 3592 3595 3595 3596 3599 3601 3601 3602 3605 3607 3607 3607 3608 3608 3610 3613 3614 3617 3619 3619 3620 3623 3625 3625 3626 3629 3631 3631 3632 3635 3635 3636 3639 3639 3640 3643 3645 3645 3646 3649 3649 3650 3653 3655 3655 3656 3659 3661 3661 3662 3665 3667 3667 3668 3671 3673 3673 3674 3677 3679 3679 3681 3683 3683 3683 3684 3686 3689 3691 3691 3692 3695 3697 3697 3698 3701 3703 3703 3704 3707 3709 3709 3710 3713 3715 3715 3716 3719 3719 3720 3723 3725 3725 3726 3729 3731 3731 3732 3735 3737 3737 3738 3741 3741 3742 3745 3747 3747 3748 3751 3751 3752 3755 3757 3757 3758 3761 3763 3763 3764 3764 3766 3769 3771 3771 3772 3775 3777 3777 3778 3781 3783 3783 3785 3787 3787 3788 3791 3791 3792 3795 3797 3797 3798 3801 3803 3803 3804 3804 3806 3809 3811 3811 3812 3815 3817 3817 3818 3821 3823 3823 3823 3824 3826 3829 3831 3833 3833 3834 3837 3839 3839 3840 3843 3845 3845 3846 3849 3851 3851 3852 3852 3854 3857 3859 3859 3860 3863 3865 3865 3865 3866 3868 3871 3871 3872 3875 3875 3876 3879 3881 3881 3881 3882 3884 3887 3889 3889 3890 3893 3893 3894 3897 3899 3899 3900 3900 3902 3905 3905 3906 3909 3911 3911 3912 3915 3917 3917 3918 3921 3923 3923 3923 3924 3926 3929 3929 3930 3933 3935 3935 3936 3939 3941 3941 3942 3945 3945 3946 3946 3948 3951 3953 3953 3954 3957 3959 3959 3960 3963 3965 3965 3966 3969 3971 3971 3972 3975 3977 3977 3978 3981 3983 3983 3984 3987 3989 3989 3990 3990 3992 3995 3997 3999 3999 4000 4003 4005 4005 4006 4009 4011 4011 4012 4015 4017 4017 4018 4021 4023 4023 4024 4027 4029 4029 4030 4033 4035 4035 4036 4036 4038 4041 4043 4045 4045 4046 4049 4051 4051 4051 4052 4054 4057 4059 4059 4060 4063 4065 4065 4066 4069 4071 4071 4072 4075 4077 4077 4078 4081 4083 4083 4084 4087 4087 4088 4091 4091 4091 4092 4094 4097 4099 4099 4100 4103 4105 4105 4105 4106 4108 4111 4113 4113 4114 4117 4119 4119 4120 4123 4125 4125 4125 4126 4128 4128 4130 4132 4135 4137 4137 4138 4141 4143 4143 4144 4147 4147 4148 4151 4153 4153 4153 4154 4156 4159 4161 4161 4162 4162 4165 4165 4166 4169 4169 4170 4173 4173 4175 4177 4179 4179 4180 4183 4185 4185 4186 4189 4191 4191 4192 4195 4197 4197 4198 4201 4203 4203 4204 4207 4209 4209 4210 4213 4215 4215 4216 4219 4221 4221 4222 4225 4227 4227 4228 4231 4233 4233 4234 4234 4236 4236 4238 4240 4242 4245 4247 4249 4249 4250 4253 4255 4255 4256 4259 4261 4261 4262 4265 4267 4267 4268 4271 4273 4273 4274 4277 4279 4279 4279 4280 4282 4285 4287 4287 4287 4288 4290 4293 4295 4295 4296 4299 4299 4300 4303 4305 4305 4306 4309 4311 4311 4312 4315 4317 4317 4317 4318 4320 4323 4325 4325 4326 4329 4331 4331 4332 4335 4337 4337 4338 4341 4343 4343 4344 4347 4349 4349 4350 4353 4355 4355 4356 4359 4359 4360 4360 4362 4365 4367 4367 4368 4371 4373 4373 4374 4377 4379 4379 4379 4380 4380 4382 4384 4387 4389 4389 4390 4393 4393 4394 4397 4399 4399 4400 4403 4403 4404 4407 4409 4409 4409 4410 4412 4415 4417 4419 4419 4420 4420 4422 4425 4427 4429 4429 4430 4433 4435 4435 4436 4439 4441 4441 4442 4445 4445 4446 4449 4451 4451 4452 4455 4457 4457 4458 4461 4463 4463 4465 4467 4469 4469 4470 4473 4473 4474 4477 4479 4479 4480 4483 4483 4484 4487 4487 4488 4491 4493 4493 4494 4497 4499 4499 4500 4503 4505 4505 4506 4509 4509 4509 4510 4512 4515 4515 4516 4519 4521 4521 4522 4525 4525 4526 4529 4531 4531 4532 4535 4537 4537 4538 4541 4543 4543 4544 4547 4549 4549 4549 4550 4552 4555 4555 4556 4559 4561 4561 4562 4565 4567 4567 4568 4571 4571 4572 4575 4575 4576 4579 4579 4580 4583 4585 4585 4586 4589 4591 4591 4592 4595 4597 4597 4598 4601 4603 4603 4604 4607 4607 4608 4611 4613 4613 4614 4614 4616 4619 4621 4623 4623 4624 4624 4626 4629 4631 4633 4633 4634 4637 4637 4638 4641 4643 4643 4643 4644 4646 4649 4651 4651 4652 4655 4657 4657 4658 4661 4663 4663 4664 4667 4669 4669 4669 4670 4672 4675 4677 4677 4678 4681 4683 4683 4684 4687 4689 4689 4690 4693 4695 4695 4695 4696 4698 4701 4703 4703 4704 4707 4709 4709 4710 4713 4713 4714 4717 4719 4719 4720 4723 4723 4724 4727 4727 4728 4731 4733 4733 4733 4734 4736 4739 4741 4741 4742 4745 4747 4747 4748 4751 4753 4753 4754 4757 4759 4759 4760 4763 4763 4764 4767 4767 4769 4771 4773 4773 4774 4777 4779 4779 4779 4780 4782 4782 4784 4787 4789 4791 4791 4792 4792 4794 4797 4799 4801 4801 4802 4805 4807 4807 4808 4811 4813 4813 4814 4817 4817 4818 4821 4823 4823 4824 4827 4829 4829 4829 4830 4832 4834 4837 4837 4838 4841 4843 4843 4844 4847 4849 4849 4850 4853 4855 4855 4857 4857 4858 4861 4861 4862 4865 4867 4867 4868 4871 4871 4872 4875 4877 4877 4878 4881 4883 4883 4883 4884 4886 4889 4891 4893 4893 4894 4897 4897 4898 4898 4900 4903 4905 4907 4907 4908 4911 4913 4913 4914 4917 4919 4919 4920 4923 4925 4925 4926 4929 4931 4931 4932 4935 4937 4937 4938 4941 4941 4942 4945 4947 4947 4948 4948 4950 4952 4955 4955 4956 4959 4959 4960 4963 4965 4965 4966 4969 4971 4971 4972 4975 4975 4976 4979 4981 4981 4982 4985 4985 4986 4989 4991 4991 4992 4995 4997 4997 4998 5001 5003 5003 5004 5007 5009 5009 5010 5013 5013 5015 5015 5016 5018 5021 5021 5022 5022 5024 5026 5029 5029 5031 5033 5035 5035 5036 5039 5041 5041 5041 5042 5042 5044 5046 5049 5051 5053 5053 5054 5057 5059 5059 5060 5063 5065 5065 5066 5069 5069 5070 5073 5075 5075 5076 5079 5081 5081 5082 5085 5087 5087 5088 5091 5093 5093 5094 5097 5099 5099 5100 5103 5105 5105 5106 5106 5108 5110 5113 5115 5115 5116 5119 5119 5120 5123 5123 5124 5127 5127 5127 5128 5131 5133 5135 5135 5136 5139 5141 5141 5142 5145 5145 5146 5149 5151 5151 5152 5155 5157 5157 5158 5161 5161 5162 5165 5165 5166 5169 5171 5171 5172 5175 5177 5177 5178 5181 5181 5182 5185 5185 5186 5189 5189 5190 5190 5190 5192 5195 5197 5199 5199 5200 5203 5205 5205 5206 5209 5209 5210 5213 5215 5215 5216 5219 5221 5221 5221 5222 5224 5227 5229 5229 5230 5233 5233 5234 5234 5234 5236 5238 5241 5243 5245 5245 5245 5246 5248 5250 5250 5252 5255 5257 5257 5258 5261 5263 5263 5264 5264 5267 5267 5268 5271 5271 5272 5275 5277 5277 5278 5281 5281 5282 5285 5287 5287 5288 5291 5291 5292 5295 5297 5297 5298 5301 5303 5303 5304 5307 5309 5309 5310 5313 5315 5315 5316 5319 5321 5321 5322 5322 5324 5327 5329 5331 5331 5332 5335 5335 5336 5339 5341 5341 5341 5342 5344 5347 5349 5349 5350 5353 5353 5354 5357 5357 5358 5361 5361 5362 5365 5365 5366 5369 5371 5371 5372 5375 5377 5377 5378 5381 5383 5383 5383 5384 5386 5389 5391 5391 5392 5395 5395 5396 5399 5401 5401 5402 5405 5407 5407 5408 5411 5411 5412 5415 5417 5417 5418 5421 5423 5423 5423 5424 5426 5429 5431 5431 5432 5435 5437 5437 5439 5439 5440 5443 5445 5445 5446 5449 5451 5451 5452 5455 5457 5457 5458 5461 5463 5463 5464 5467 5469 5469 5470 5473 5475 5475 5476 5479 5481 5481 5482 5485 5487 5487 5488 5491 5493 5493 5494 5497 5499 5499 5500 5503 5505 5505 5506 5509 5511 5511 5512 5515 5517 5517 5518 5521 5523 5523 5524 5527 5527 5528 5528 5531 5531 5532 5535 5537 5537 5538 5541 5543 5543 5544 5547 5549 5549 5550 5553 5555 5555 5556 5559 5559 5560 5563 5565 5565 5566 5569 5571 5571 5572 5575 5577 5577 5578 5581 5583 5583 5585 5587 5587 5588 5591 5593 5593 5594 5597 5599 5599 5600 5603 5605 5605 5606 5609 5611 5611 5612 5615 5617 5617 5618 5621 5623 5623 5625 5627 5627 5628 5631 5633 5633 5634 5637 5639 5639 5640 5643 5645 5645 5646 5649 5649 5650 5653 5655 5655 5656 5659 5661 5661 5662 5665 5667 5667 5668 5671 5673 5673 5674 5677 5679 5679 5680 5683 5685 5685 5686 5689 5691 5691 5692 5695 5697 5697 5698 5701 5703 5703 5704 5707 5709 5709 5711 5713 5715 5715 5716 5719 5721 5721 5722 5725 5727 5727 5728 5731 5733 5733 5734 5737 5739 5739 5740 5743 5745 5745 5746 5749 5751 5751 5752 5755 5755 5756 5759 5761 5761 5762 5765 5767 5767 5768 5771 5773 5773 5774 5777 5779 5779 5780 5783 5785 5785 5786 5789 5791 5791 5792 5795 5797 5797 5798 5801 5803 5803 5805 5807 5809 5809 5810 5813 5815 5815 5817 5819 5821 5821 5822 5825 5827 5827 5828 5831 5831 5832 5835 5837 5837 5838 5841 5843 5843 5844 5847 5849 5849 5850 5853 5855 5855 5856 5859 5861 5861 5862 5865 5865 5866 5869 5871 5871 5872 5875 5877 5877 5878 5881 5883 5883 5884 5887 5889 5889 5890 5893 5895 5895 5896 5899 5901 5901 5902 5905 5907 5907 5908 5911 5913 5913 5914 5914 5916 5919 5921 5923 5923 5924 5927 5929 5929 5930 5933 5935 5935 5936 5939 5941 5941 5942 5945 5947 5947 5948 5948 5950 5953 5955 5957 5957 5958 5961 5963 5963 5964 5967 5969 5969 5970 5973 5975 5975 5976 5979 5981 5981 5982 5985 5987 5987 5989 5991 5991 5992 5995 5997 5997 5998 6001 6003 6003 6004 6007 6009 6009 6010 6013 6015 6015 6016 6019 6021 6021 6022 6025 6027 6027 6028 6031 6033 6033 6034 6037 6039 6039 6040 6043 6045 6045 6046 6049 6051 6051 6052 6055 6057 6057 6058 6061 6063 6063 6064 6067 6069 6069 6070 6073 6075 6075 6076 6079 6081 6081 6082 6085 6087 6087 6088 6091 6093 6093 6094 6097 6099 6099 6100 6103 6103 6104 6107 6109 6109 6110 6113 6115 6115 6116 6119 6121 6121 6122 6125 6127 6127 6128 6131 6133 6133 6134 6137 6139 6139 6140 6143 6145 6145 6146 6149 6151 6151 6152 6155 6157 6157 6158 6161 6163 6163 6164 6167 6169 6169 6170 6173 6175 6175 6176 6179 6181 6181 6182 6185 6187 6187 6188 6191 6193 6193 6194 6197 6199 6199 6200 6203 6205 6205 6206 6209 6211 6211 6212 6215 6217 6217 6218 6221 6223 6223 6224 6227 6229 6229 6230 6233 6235 6235 6236 6239 6241 6241 6242 6245 6247 6247 6247 6248 6250 6253 6255 6255 6256 6259 6261 6261 6262 6265 6267 6268 6268 6270 6270 6273 6274 6274 6276 6279 6280 6280 6282 6282 6284 6286 6289 6290 6292 6292 6294 6296 6298 6298 6300 6302 6304 6304 6306 6308 6310 6310 6312 6314 6316 6316 6318 6320 6322 6322 6324 6326 6328 6328 6330 6332 6334 6334 6336 6338 6338 6340 6342 6344 6344 6346 6348 6350 6350 6352 6354 6356 6356 6358 6360 6362 6362 6364 6366 6368 6368 6370 6372 6374 6374 6376 6378 6380 6380 6382 6384 6386 6386 6388 6390 6392 6392 6394 6396 6398 6398 6400 6402 6404 6404 6406 6408 6410 6410 6412 6414 6414 6416 6418 6420 6420 6422 6424 6426 6426 6428 6430 6432 6432 6432 6434 6436 6438 6440 6440 6442 6444 6446 6446 6448 6450 6452 6452 6454 6456 6456 6458 6460 6462 6462 6464 6466 6468 6468 6470 6472 6474 6474 6476 6478 6480 6480 6482 6484 6486 6486 6488 6490 6492 6492 6494 6496 6498 6498 6500 6502 6504 6504 6506 6508 6510 6510 6512 6514 6516 6516 6518 6520 6522 6522 6524 6526 6528 6528 6530 6532 6534 6534 6536 6538 6540 6540 6542 6544 6546 6546 6548 6550 6552 6552 6554 6556 6558 6558 6560 6562 6564 6564 6566 6568 6570 6570 6572 6574 6576 6576 6578 6580 6582 6582 6584 6586 6588 6588 6590 6592 6594 6594 6596 6598 6600 6600 6602 6604 6606 6606 6608 6610 6612 6612 6614 6616 6618 6618 6620 6622 6624 6624 6626 6628 6630 6630 6632 6634 6636 6636 6638 6640 6642 6642 6644 6646 6648 6648 6650 6652 6654 6654 6656 6656 6658 6660 6660 6662 6664 6664 6666 6668 6670 6670 6672 6674 6676 6676 6678 6680 6682 6682 6684 6686 6688 6688 6690 6692 6694 6694 6696 6698 6700 6700 6702 6704 6706 6706 6708 6710 6712 6712 6714 6716 6718 6718 6720 6722 6724 6724 6726 6728 6730 6730 6732 6734 6736 6736 6738 6740 6742 6742 6744 6746 6748 6748 6750 6752 6754 6754 6756 6758 6760 6760 6762 6764 6766 6766 6768 6770 6772 6772 6774 6776 6778 6778 6780 6782 6784 6784 6784 6786 6788 6790 6792 6794 6794 6796 6798 6800 6800 6802 6804 6806 6806 6808 6810 6812 6812 6814 6816 6818 6818 6820 6822 6824 6824 6826 6828 6830 6830 6832 6834 6836 6836 6838 6840 6842 6842 6844 6846 6848 6848 6850 6852 6854 6854 6856 6858 6860 6860 6862 6864 6866 6866 6868 6868 6870 6872 6874 6874 6876 6878 6880 6882 6882 6884 6886 6888 6888 6890 6892 6894 6896 6896 6898 6900 6902 6902 6904 6906 6908 6908 6910 6912 6914 6914 6916 6918 6920 6920 6922 6924 6926 6926 6928 6930 6930 6932 6934 6936 6936 6938 6940 6942 6942 6944 6944 6946 6948 6950 6952 6952 6954 6956 6958 6958 6960 6962 6964 6964 6966 6968 6970 6970 6972 6974 6976 6976 6978 6980 6982 6982 6984 6986 6988 6988 6990 6992 6994 6994 6996 6998 7000 7000 7002 7004 7006 7006 7008 7010 7012 7012 7014 7016 7018 7018 7020 7020 7022 7024 7026 7028 7028 7030 7032 7034 7034 7036 7038 7040 7040 7042 7044 7046 7046 7048 7050 7052 7052 7054 7056 7056 7058 7060 7062 7062 7064 7066 7068 7068 7070 7072 7074 7074 7076 7078 7080 7080 7082 7084 7086 7086 7088 7090 7092 7092 7094 7096 7098 7098 7100 7102 7104 7104 7106 7108 7110 7110 7112 7114 7116 7116 7118 7120 7122 7122 7124 7126 7128 7128 7130 7132 7134 7134 7136 7138 7140 7140 7142 7144 7146 7146 7148 7150 7152 7152 7154 7156 7158 7158 7160 7162 7164 7164 7166 7169 7170 7170 7172 7174 7176 7176 7178 7180 7182 7182 7184 7186 7188 7188 7190 7192 7194 7194 7196 7199 7199 7200 7200 7202 7204 7206 7206 7208 7210 7212 7214 7214 7216 7218 7220 7220 7222 7224 7226 7226 7228 7230 7230 7232 7232 7234 7236 7238 7240 7240 7242 7244 7246 7246 7248 7250 7252 7252 7254 7256 7258 7258 7260 7262 7264 7264 7266 7268 7270 7270 7272 7274 7276 7276 7278 7280 7280 7282 7284 7286 7286 7288 7290 7292 7292 7294 7296 7298 7298 7300 7302 7302 7304 7306 7308 7310 7312 7314 7314 7316 7318 7320 7320 7322 7324 7326 7326 7328 7330 7332 7332 7334 7336 7338 7338 7340 7342 7344 7344 7344 7346 7348 7350 7352 7352 7354 7356 7358 7358 7358 7360 7362 7364 7366 7366 7368 7370 7372 7372 7374 7376 7378 7378 7380 7382 7384 7384 7386 7388 7390 7390 7392 7394 7396 7396 7398 7400 7402 7402 7404 7406 7406 7408 7410 7412 7412 7414 7416 7418 7418 7420 7423 7424 7424 7426 7428 7430 7430 7432 7434 7436 7436 7438 7440 7442 7442 7444 7446 7448 7448 7450 7452 7454 7454 7456 7458 7460 7460 7462 7464 7466 7466 7468 7470 7472 7472 7474 7476 7478 7478 7480 7482 7484 7484 7486 7489 7490 7490 7492 7494 7496 7496 7498 7500 7502 7502 7504 7506 7508 7508 7510 7512 7514 7514 7516 7516 7518 7520 7522 7524 7524 7526 7528 7530 7530 7532 7534 7536 7536 7538 7540 7540 7542 7544 7546 7546 7548 7550 7552 7552 7554 7557 7558 7558 7560 7562 7564 7564 7566 7569 7570 7570 7572 7572 7574 7576 7578 7580 7580 7582 7585 7586 7586 7588 7590 7592 7592 7594 7596 7598 7598 7600 7603 7604 7604 7606 7609 7610 7610 7612 7614 7616 7616 7618 7620 7622 7622 7624 7626 7628 7628 7630 7632 7634 7634 7636 7638 7640 7640 7642 7644 7646 7646 7648 7651 7652 7652 7654 7657 7658 7658 7660 7663 7664 7664 7666 7668 7670 7670 7672 7675 7676 7676 7678 7681 7682 7682 7684 7686 7688 7688 7690 7690 7692 7694 7697 7698 7698 7700 7703 7704 7704 7706 7709 7710 7710 7712 7714 7716 7716 7718 7720 7722 7722 7724 7726 7728 7728 7730 7732 7734 7734 7736 7739 7740 7740 7742 7745 7746 7746 7748 7750 7752 7752 7754 7756 7758 7758 7760 7763 7764 7764 7766 7768 7770 7770 7772 7774 7776 7776 7778 7780 7782 7782 7784 7787 7788 7788 7790 7792 7794 7794 7796 7799 7800 7800 7802 7805 7806 7806 7808 7811 7812 7812 7814 7816 7818 7818 7820 7822 7824 7824 7826 7828 7830 7830 7832 7835 7836 7836 7838 7841 7842 7842 7844 7847 7848 7848 7850 7852 7854 7854 7856 7858 7860 7860 7862 7865 7866 7866 7868 7868 7870 7873 7874 7876 7876 7878 7880 7882 7882 7884 7887 7888 7888 7890 7892 7894 7894 7896 7898 7900 7900 7902 7904 7906 7906 7908 7908 7910 7913 7914 7914 7916 7919 7920 7920 7920 7922 7924 7927 7928 7928 7930 7933 7934 7934 7936 7939 7940 7940 7942 7945 7946 7946 7946 7948 7950 7953 7954 7954 7956 7958 7960 7960 7962 7965 7966 7968 7968 7970 7972 7974 7974 7976 7978 7980 7980 7982 7984 7986 7986 7988 7990 7992 7992 7994 7996 7998 7998 8000 8002 8002 8004 8006 8008 8008 8010 8012 8014 8014 8016 8018 8020 8020 8022 8024 8026 8026 8028 8030 8032 8032 8034 8036 8038 8038 8040 8042 8044 8044 8046 8048 8050 8050 8052 8054 8056 8056 8058 8060 8060 8062 8064 8066 8066 8066 8068 8070 8072 8074 8074 8076 8078 8080 8080 8082 8084 8086 8086 8088 8090 8092 8092 8094 8096 8098 8098 8100 8102 8102 8104 8106 8108 8108 8110 8112 8114 8114 8116 8118 8120 8120 8122 8124 8126 8126 8128 8128 8130 8132 8134 8136 8136 8138 8140 8142 8142 8144 8146 8148 8148 8150 8152 8154 8154 8156 8158 8160 8160 8162 8164 8166 8166 8168 8170 8172 8172 8174 8176 8178 8178 8180 8182 8184 8184 8186 8186 8188 8190 8192 8194 8194 8196 8198 8200 8200 8202 8204 8206 8206 8208 8210 8212 8212 8214 8214 8216 8218 8220 8222 8222 8222 8224 8226 8228 8230 8232 8232 8234 8236 8238 8238 8240 8242 8244 8244 8246 8246 8248 8250 8252 8254 8254 8256 8258 8260 8260 8262 8262 8264 8266 8268 8270 8270 8272 8272 8274 8276 8278 8280 8280 8282 8284 8286 8286 8288 8290 8292 8292 8294 8296 8298 8298 8300 8302 8304 8304 8306 8308 8308 8310 8312 8314 8314 8316 8318 8320 8320 8322 8324 8326 8326 8328 8330 8332 8332 8334 8336 8338 8338 8340 8342 8344 8344 8346 8348 8350 8350 8352 8354 8356 8356 8358 8360 8362 8362 8364 8366 8368 8368 8370 8372 8374 8374 8376 8378 8380 8380 8382 8384 8386 8386 8388 8390 8392 8392 8394 8396 8398 8398 8400 8402 8404 8404 8406 8408 8410 8410 8412 8414 8416 8416 8418 8420 8420 8422 8424 8426 8426 8428 8430 8432 8432 8434 8436 8438 8438 8440 8442 8444 8444 8446 8448 8450 8450 8452 8454 8456 8456 8458 8460 8462 8462 8464 8466 8468 8468 8470 8472 8474 8474 8476 8478 8480 8480 8482 8484 8486 8486 8488 8490 8492 8492 8494 8496 8498 8498 8500 8502 8504 8504 8506 8508 8510 8510 8512 8514 8516 8516 8518 8520 8522 8522 8524 8526 8528 8528 8530 8532 8534 8534 8536 8538 8540 8540 8542 8544 8546 8546 8548 8550 8552 8552 8554 8556 8558 8558 8560 8562 8564 8564 8566 8568 8570 8570 8572 8574 8576 8576 8578 8580 8582 8582 8584 8586 8588 8588 8590 8592 8594 8594 8596 8598 8600 8600 8602 8604 8606 8606 8608 8610 8612 8612 8614 8616 8618 8618 8620 8622 8624 8624 8626 8628 8630 8630 8632 8634 8636 8636 8638 8640 8642 8642 8644 8646 8648 8648 8650 8652 8654 8654 8656 8658 8660 8660 8662 8664 8666 8666 8668 8670 8672 8672 8674 8676 8678 8678 8680 8682 8684 8684 8686 8688 8690 8690 8692 8694 8696 8696 8698 8700 8702 8702 8704 8706 8708 8708 8710 8712 8714 8714 8716 8718 8720 8720 8722 8724 8726 8726 8728 8730 8732 8732 8734 8736 8738 8738 8740 8742 8742 8744 8746 8748 8748 8750 8752 8754 8754 8756 8758 8760 8760 8762 8764 8766 8766 8768 8770 8772 8772 8774 8776 8778 8778 8780 8780 8782 8784 8786 8788 8788 8790 8792 8794 8794 8796 8798 8800 8800 8802 8804 8806 8806 8808 8810 8812 8812 8814 8816 8818 8818 8820 8822 8824 8824 8826 8828 8830 8830 8832 8834 8836 8836 8838 8840 8842 8842 8844 8846 8848 8848 8850 8852 8854 8854 8856 8856 8858 8860 8862 8864 8864 8866 8868 8870 8870 8872 8874 8876 8876 8878 8880 8882 8882 8884 8886 8888 8888 8890 8892 8894 8894 8894 8896 8898 8900 8902 8904 8904 8906 8908 8910 8910 8912 8914 8916 8916 8918 8920 8922 8922 8924 8926 8928 8928 8930 8932 8934 8934 8936 8938 8940 8940 8942 8944 8946 8946 8948 8950 8952 8952 8954 8956 8958 8960 8960 8962 8964 8966 8966 8968 8970 8972 8972 8974 8976 8978 8978 8980 8982 8984 8984 8986 8988 8990 8990 8992 8994 8996 8996 8998 9000 9002 9002 9004 9006 9008 9008 9010 9012 9014 9014 9016 9018 9020 9020 9022 9024 9026 9026 9028 9030 9032 9032 9034 9036 9036 9038 9040 9042 9042 9044 9046 9048 9048 9050 9052 9054 9054 9056 9058 9060 9060 9062 9062 9064 9066 9068 9070 9070 9072 9074 9076 9076 9078 9080 9082 9082 9084 9086 9088 9088 9090 9092 9094 9094 9096 9098 9100 9100 9102 9104 9106 9106 9108 9110 9112 9112 9114 9116 9118 9118 9120 9122 9124 9124 9126 9128 9130 9130 9132 9134 9136 9136 9138 9140 9142 9142 9144 9146 9148 9148 9150 9152 9154 9154 9156 9156 9158 9160 9162 9162 9164 9166 9168 9168 9170 9172 9174 9174 9176 9178 9180 9180 9182 9184 9186 9186 9188 9190 9192 9192 9194 9196 9198 9198 9200 9202 9202 9204 9206 9208 9208 9210 9212 9214 9214 9216 9218 9220 9220 9222 9224 9226 9226 9228 9230 9232 9232 9234 9236 9238 9238 9240 9242 9244 9244 9246 9248 9250 9250 9252 9254 9256 9256 9258 9260 9262 9262 9264 9266 9268 9270 9272 9272 9274 9276 9278 9278 9280 9282 9284 9284 9286 9288 9290 9290 9292 9294 9296 9296 9298 9300 9302 9302 9302 9304 9306 9308 9310 9310 9312 9314 9316 9316 9318 9320 9322 9322 9324 9326 9328 9328 9330 9332 9334 9334 9336 9338 9340 9340 9342 9344 9346 9346 9348 9350 9352 9352 9354 9354 9356 9358 9360 9360 9362 9364 9366 9368 9368 9370 9372 9374 9374 9376 9378 9380 9380 9382 9384 9386 9386 9388 9390 9392 9392 9394 9396 9398 9398 9400 9402 9404 9404 9406 9408 9410 9410 9412 9414 9416 9416 9418 9420 9422 9422 9424 9426 9428 9428 9430 9432 9434 9434 9436 9438 9440 9440 9442 9444 9446 9446 9448 9450 9452 9452 9454 9456 9458 9458 9460 9462 9464 9464 9466 9468 9470 9470 9472 9472 9474 9476 9478 9480 9480 9482 9484 9486 9486 9488 9490 9492 9492 9494 9496 9498 9498 9500 9502 9504 9504 9506 9508 9510 9510 9512 9514 9516 9516 9518 9520 9522 9522 9524 9526 9528 9528 9530 9532 9534 9534 9536 9538 9540 9540 9540 9542 9544 9546 9548 9548 9550 9552 9554 9554 9556 9558 9560 9560 9562 9564 9564 9566 9568 9570 9570 9572 9574 9576 9576 9578 9580 9582 9582 9584 9586 9588 9588 9590 9592 9594 9594 9596 9598 9600 9600 9602 9604 9606 9606 9608 9610 9612 9612 9614 9616 9618 9618 9620 9622 9622 9624 9626 9628 9628 9630 9632 9634 9634 9636 9638 9640 9640 9642 9644 9646 9646 9648 9650 9652 9652 9654 9656 9658 9658 9660 9662 9662 9664 9666 9668 9668 9670 9672 9674 9674 9676 9678 9680 9680 9682 9684 9686 9686 9688 9690 9692 9692 9694 9696 9698 9698 9700 9702 9704 9704 9706 9708 9710 9710 9712 9714 9714 9716 9718 9720 9720 9722 9724 9726 9726 9728 9730 9732 9732 9734 9736 9738 9738 9740 9742 9744 9744 9746 9748 9750 9750 9752 9754 9756 9756 9758 9760 9762 9762 9764 9766 9768 9768 9770 9772 9774 9774 9776 9778 9780 9780 9782 9784 9786 9786 9788 9790 9792 9792 9794 9796 9798 9798 9800 9802 9804 9804 9806 9808 9810 9810 9812 9814 9816 9816 9818 9820 9820 9822 9824 9826 9826 9828 9830 9832 9832 9834 9836 9838 9838 9840 9842 9844 9844 9846 9848 9850 9850 9852 9854 9856 9856 9858 9860 9862 9862 9864 9866 9868 9868 9870 9872 9874 9874 9876 9878 9880 9880 9882 9884 9886 9886 9888 9890 9892 9892 9894 9896 9898 9898 9900 9902 9904 9904 9906 9908 9910 9910 9912 9914 9916 9916 9918 9920 9922 9922 9924 9926 9928 9928 9930 9932 9934 9934 9936 9938 9940 9940 9942 9944 9946 9946 9948 9950 9952 9952 9954 9956 9958 9958 9960 9962 9964 9964 9966 9968 9970 9970 9972 9974 9976 9976 9978 9980 9982 9982 9984 9986 9988 9988 9990 9992 9994 9994 9996 9998 10000 10000 10002 10004 10006 10006 10008 10010 10012 10012 10014 10016 10018 10018 10020 10022 10024 10024 10026 10028 10030 10030 10032 10035 10036 10036 10038 10040 10042 10042 10044 10046 10048 10048 10050 10052 10054 10058 10059 10060
3 3 5 7 9 9 11 13 15 15 17 19 21 21 23 25 27 27 29 31 33 33 35 37 39 39 41 43 45 45 47 49 51 51 53 55 57 57 59 61 63 63 65 67 69 69 71 73 75 75 77 79 81 81 83 85 87 90 91 92
3 3 5 7 9 9 11 13 15 15 17 19 21 21 23 25 27 27 29 31 33 33 35 37 39 39 41 43 45 45 47 49 51 51 53 55 57 57 59 61 63 63 65 67 69 69 71 73 75 75 77 79 81 81 83 85 87 87 89 91 93 93 95 97 99 99 101 103 105 105 107 109 111 111 113 115 117 117 119 121 123 123 125 127 127 129 131 133 133 135 137 139 139 141 143 145 145 147 149 151 151 153 155 157 157 159 161 163 163 165 167 169 169 171 173 175 175 177 179 179 181 183 185 185 187 189 191 191 193 195 197 197 199 201 203 203 205 207 209 209 211 213 215 215 217 219 221 221 223 225 227 227 229 231 233 233 235 237 239 239 241 243 245 245 247 249 251 251 253 255 257 257 259 261 263 263 265 267 269 269 271 273 275 275 277 279 281 281 283 285 287 287 289 291 293 293 295 297 299 299 301 303 305 305 307 309 311 311 313 315 317 317 319 321 323 323 325 327 329 329 331 333 335 335 337 339 341 341 343 345 347 347 349 351 351 353 355 357 357 359 361 363 363 365 367 369 369 371 373 375 375 377 379 381 381 383 385 387 387 389 391 393 393 395 397 399 399 401 403 405 405 407 409 411 411 413 415 417 417 419 421 423 423 425 427 429 429 431 433 435 435 437 439 441 441 443 445 447 447 449 451 453 453 455 457 459 459 461 463 465 467 467 469 471 473 475 477 477 479 481 483 483 485 487 489 489 491 493 495 495 497 499 501 503 505 505 507 509 511 511 513 515 517 517 519 521 523 525 527 529 531 531 533 535 537 537 539 541 543 545 547 547 549 551 553 555 557 559 561 563 565 565 567 569 571 571 573 575 577 577 579 581 583 585 587 587 589 591 593 595 597 597 599 601 603 603 605 607 609 611 613 613 615 617 619 619 621 623 625 625 627 629 631 631 633 635 637 637 639 641 643 645 647 647 649 651 653 655 655 657 659 661 661 663 665 667 667 669 671 673 673 675 677 679 679 681 683 685 685 687 689 691 693 695 697 699 699 701 703 705 705 707 709 711 713 713 715 717 717 719 721 723 723 725 727 729 731 731 733 735 737 739 741 743 745 747 749 749 751 753 755 757 759 759 761 763 765 767 769 771 773 775 777 779 781 781 783 785 787 787 789 791 793 795 797 797 799 801 803 805 807 809 811 811 813 815 817 819 821 821 823 825 827 829 831 833 835 837 839 841 843 845 847 849 851 853 855 855 857 859 861 863 865 867 870 871 872

2 5 6 8 8 11 12 14 14 17 18 18 20 23 24 26 26 28 30 30 33 34 36 36 39 40 40 43 44 46 46 49 50 52 52 55 56 58 58 61 62 64 64 66 68 68 71 72 74 74 77 78 80 80 83 84 86 86 88 90 90 92 94 94 97 98 100 100 103 104 106 106 109 110 112 112 115 116 116 118 120 120 123 124 126 126 129 130 132 132 135 136 138 138 141 142 142 145 146 148 148 151 152 152 155 156 158 158 161 162 164 164 167 168 170 170 173 174 176 176 178 180 180 183 184 186 186 189 190 192 192 194 197 198 200 200 203 204 204 207 208 210 210 212 214 214 217 218 220 220 223 224 226 226 228 230 230 232 234 234 236 238 240 242 244 246 248 250 254 255 256
2 4 6 6 8 11 12 12 15 16 16 18 21 22 22 24 26 28 28 30 32 32 34 36 36 38 41 42 42 44 46 46 46 48 48 50 53 54 54 56 58 58 60 62 64 64 64 66 68 70 70 72 72 74 77 78 78 80 80 82 82 84 84 86 86 89 90 90 93 93 95 95 97 97 99 99 101 101 103 105 107 107 109 111 113 113 115 117 119 119 121 121 123 123 125 125 127 128 130 130 132 135 136 136 136 138 140 142 142 144 147 148 148 150 153 154 154 156 158 160 160 162 165 168 169 169 170
3 4 7 7 9 11 13 13 15 16 19 19 21 22 25 25 27 28 31 31 33 34 37 37 39 41 43 43 45 46 49 49 51 53 53 55 57 59 59 61 62 65 65 67 68 71 71 73 75 77 77 79 81 83 83 85 86 89 89 91 92 95 95 97 98 101 101 103 104 107 107 109 111 113 113 115 116 119 119 121 122 125 125 127 129 131 131 133 135 137 137 139 141 143 143 145 147 149 151 151 153 153 155 157 159 159 161 162 165 165 167 168 171 171 173 175 177 177 179 181 183 183 185 187 189 189 191 193 195 195 197 198 201 201 203 205 205 207 209 209 211 213 213 215 217 219 219 221 223 223 225 225 227 227 229 229 231 231 233 233 235 235 237 237 239 239 241 241 243 243 245 245 247 247 249 251 251 253 255 255 257 258 261 261 263 265 267 267 269 270 273 273 275 277 279 279 281 283 283 285 286 290 291 291 292
3 5 7 7 9 11 13 13 15 15 16 16 19 19 21 23 25 27 29 31 32 35 37 37 37 37 37 37 37 37 37 38 40 40 42 42 44 44 46 46 49 49 50 53 53 55 55 57 59 61 61 63 65 67 67 68 71 71 73 74 77 77 79 80 84 85 85 86
3 5 7 7 9 11 13 13 15 16 19 19 21 23 25 25 27 29 31 31 33 34 37 37 39 41 43 43 45 47 49 49 51 52 55 55 57 59 61 61 62 65 65 67 69 69 71 73 75 75 77 78 81 81 83 85 87 87 89 91 93 93 94 97 97 99 99 101 101 103 103 105 105 107 107 109 109 111 111 113 113 115 115 117 117 119 120 123 123 125 127 129 129 131 133 135 135 137 139 142 143 143 144
2 4 4 6 9 10 10 12 14 14 16 18 18 20 22 26 27 27 28
2 4 4 6 9 10 10 12 14 14 16 18 20 20 22 25 26 26 28 30 32 32 34 37 38 42 43 43 44
3 4 7 7 9 10 13 13 15 17 19 19 21 23 25 25 27 28 31 31 33 35 37 37 39 40 43 43 45 47 48 51 51 53 55 55 57 59 59 61 62 65 65 67 69 71 71 73 75 75 77 77 79 79 81 82 86 87 87 88
2 5 6 6 8 10 12 12 14 17 18 18 20 20 23 23 24 27 28 28 30 33 34 34 36 39 40 40 42 42 44 47 48 48 50 52 54 54 56 58 60 60 60 62 62 64 66 68 70 70 72 75 76 78 78 80 82 84 84 86 88 88 90 92 92 94 96 98 100 100 102 104 104 106 109 110 114 115 115 116
2 4 6 8 8 8 11 13 14 16 16 18 21 22 22 24 26 28 28 30 33 34 34 36 39 40 42 42 44 46 48 48 48 48 48 51 53 55 55 57 59 61 61 63 65 67 67 69 71 73 73 75 76 78 78 78 80 83 84 84 86 89 90 90 93 94 96 96 96 96 99 101 103 103 105 106 108 108 111 112 114 114 117 118 120 120 122 122 124 126 128 128 130 132 134 134 134 134 137 138 140 140 143 144 146 146 149 150 152 152 155 156 158 158 161 162 164 164 166 166 168 170 172 172 175 176 178 178 181 182 184 184 187 188 190 190 192 194 196 196 199 199 201 203 205 205 207 208 210 210 213 214 216 216 218 218 220 222 224 224 227 228 230 230 233 234 236 236 239 240 242 242 242 242 242 244 246 248 248 250 252 254 254 257 258 260 260 263 264 266 266 268 268 271 272 274 274 277 278 280 280 283 284 286 286 286 286 288 290 292 292 294 296 298 298 301 302 304 304 307 308 310 310 310 313 315 316 318 318 321 322 324 324 327 328 330 330 333 334 336 336 339 340 342 342 344 346 348 348 351 352 354 354 357 358 360 360 363 363 365 366 368 368 371 372 374 374 377 378 380 380 382 384 386 386 388 390 392 392 394 394 396 398 400 400 403 404 406 406 408 410 412 412 412 414 414 417 418 420 422 422 425 426 428 428 428 431 433 435 435 437 439 441 441 443 445 447 448 448 451 452 454 454 457 458 460 460 463 464 466 466 469 470 472 472 475 476 478 478 481 482 484 484 487 488 490 490 493 494 496 496 496 496 498 500 502 502 505 506 508 508 511 512 514 514 517 518 520 520 523 524 526 526 528 530 532 532 534 536 538 538 540 542 544 544 547 548 550 550 550 553 554 554 557 558 558 560 562 564 564 567 568 570 570 573 574 576 576 579 580 582 582 585 586 588 588 590 592 594 594 596 598 600 600 603 604 606 606 608 610 612 612 614 616 618 618 618 618 621 623 625 627 628 628 630 630 633 635 636 636 639 640 642 642 644 646 648 648 651 652 654 654 657 658 660 660 663 664 666 666 668 670 672 672 674 674 677 679 680 680 683 684 686 686 689 690 692 692 694 696 698 698 698 701 703 705 705 707 709 711 712 712 715 716 718 718 721 722 724 724 726 728 730 730 733 734 736 736 739 740 742 742 742 742 745 747 749 749 749 750 753 754 756 756 759 760 762 762 765 766 768 768 770 772 774 774 777 778 780 780 783 784 786 786 789 790 792 792 795 796 798 798 801 802 804 804 807 808 810 810 813 814 816 816 819 820 822 822 824 826 828 828 828 828 831 831 831 833 835 837 837 839 841 843 843 845 846 849 849 849 849 851 853 855 855 857 859 861 861 863 865 867 867 869 870 873 873 875 876 879 879 881 882 885 885 887 889 891 892 892 895 896 898 898 900 902 904 904 907 908 910 910 913 914 916 916 919 920 922 922 922 925 927 929 930 930 933 934 936 936 939 940 942 942 945 946 948 948 951 952 954 954 957 958 960 960 962 964 966 966 969 970 972 972 974 976 978 978 981 982 984 984 984 987 989 991 992 992 992 994 997 997 999 999 1001 1003 1005 1006 1008 1008 1011 1012 1014 1014 1014 1017 1018 1018 1020 1022 1024 1024 1027 1028 1028 1028 1030 1030 1033 1034 1036 1036 1036 1039 1040 1042 1044 1044 1044 1046 1049 1049 1050 1050 1053 1054 1056 1058 1060 1060 1062 1064 1066 1066 1066 1068 1068 1071 1072 1074 1074 1077 1078 1080 1080 1083 1084 1086 1086 1086 1089 1091 1091 1093 1094 1096 1096 1099 1100 1102 1102 1102 1105 1107 1109 1110 1110 1113 1114 1116 1116 1119 1119 1121 1122 1124 1124 1127 1128 1130 1130 1132 1134 1136 1136 1136 1139 1140 1142 1142 1142 1145 1145 1146 1148 1150 1152 1154 1154 1154 1157 1158 1160 1162 1162 1165 1166 1168 1168 1168 1168 1171 1172 1174 1174 1177 1178 1180 1180 1183 1184 1186 1186 1186 1188 1190 1192 1194 1194 1194 1194 1197 1199 1201 1202 1204 1204 1206 1208 1210 1210 1212 1212 1214 1216 1218 1218 1218 1221 1221 1223 1224 1226 1226 1229 1230 1232 1232 1235 1236 1238 1238 1238 1241 1242 1244 1246 1246 1249 1250 1252 1252 1255 1256 1258 1258 1261 1261 1262 1264 1266 1266 1268 1270 1272 1272 1272 1275 1276 1278 1280 1280 1283 1284 1286 1286 1286 1288 1288 1291 1292 1294 1294 1297 1298 1300 1300 1303 1304 1306 1306 1309 1310 1312 1312 1315 1316 1318 1318 1321 1322 1324 1324 1327 1328 1330 1330 1333 1334 1336 1336 1339 1340 1342 1342 1345 1346 1348 1348 1348 1350 1352 1352 1355 1356 1358 1358 1361 1362 1364 1364 1366 1366 1369 1371 1372 1374 1374 1374 1374 1377 1379 1381 1382 1384 1384 1387 1388 1388 1388 1391 1392 1394 1396 1396 1399 1400 1402 1402 1402 1405 1405 1407 1408 1410 1410 1412 1414 1416 1416 1419 1420 1422 1422 1424 1426 1428 1428 1431 1432 1432 1435 1436 1438 1438 1441 1442 1444 1444 1444 1444 1447 1449 1451 1451 1453 1454 1456 1456 1456 1459 1461 1462 1464 1464 1467 1468 1470 1470 1473 1474 1476 1476 1476 1479 1480 1482 1484 1484 1486 1488 1490 1490 1493 1494 1496 1496 1496 1496 1499 1499 1501 1503 1503 1504 1506 1508 1508 1511 1512 1514 1516 1516 1519 1520 1522 1522 1525 1526 1528 1528 1531 1532 1534 1534 1537 1538 1538 1541 1542 1542 1545 1546 1548 1548 1551 1552 1554 1554 1554 1556 1558 1560 1560 1563 1564 1566 1566 1566 1568 1570 1572 1572 1574 1576 1578 1578 1580 1583 1584 1584 1586 1589 1590 1592 1592 1595 1595 1596 1599 1600 1600 1603 1604 1606 1606 1608 1610 1612 1612 1612 1615 1616 1616 1618 1620 1622 1622 1625 1626 1628 1628 1631 1632 1634 1634 1637 1638 1640 1640 1643 1644 1646 1646 1646 1646 1649 1651 1653 1653 1653 1655 1657 1659 1661 1661 1662 1662 1665 1666 1666 1668 1670 1672 1674 1674 1676 1678 1680 1680 1680 1682 1685 1686 1686 1688 1688 1690 1693 1695 1696 1698 1698 1700 1702 1704 1704 1706 1709 1710 1710 1712 1715 1715 1716 1716 1718 1720 1723 1724 1724 1726 1726 1729 1730 1730 1730 1732 1734 1737 1738 1738 1738 1740 1743 1744 1746 1746 1748 1751 1752 1752 1754 1757 1758 1758 1760 1760 1762 1762 1764 1767 1768 1768 1768 1770 1773 1774 1776 1776 1776 1776 1776 1778 1781 1782 1784 1786 1786 1788 1791 1792 1792 1794 1797 1798 1798 1800 1802 1804 1804 1806 1809 1810 1810 1810 1812 1815 1815 1816 1818 1820 1820 1822 1825 1826 1826 1828 1830 1832 1832 1834 1837 1838 1838 1840 1842 1844 1844 1846 1849 1850 1850 1852 1854 1856 1856 1858 1861 1862 1862 1864 1866 1868 1868 1870 1873 1874 1874 1876 1879 1880 1880 1882 1884 1886 1886 1888 1890 1892 1892 1894 1896 1898 1898 1898 1901 1902 1904 1904 1904 1904 1904 1906 1908 1910 1912 1912 1912 1915 1916 1918 1918 1921 1922 1924 1924 1924 1926 1926 1929 1930 1932 1932 1934 1936 1938 1938 1938 1941 1942 1945 1946 1946 1949 1950 1952 1952 1955 1956 1958 1958 1961 1962 1964 1964 1967 1968 1970 1970 1970 1970 1973 1973 1974 1976 1976 1979 1980 1982 1982 1985 1986 1988 1988 1988 1988 1991 1992 1994 1994 1996 1998 2000 2000 2003 2004 2006 2006 2009 2010 2012 2012 2012 2015 2016 2018 2018 2021 2022 2024 2024 2026 2028 2030 2030 2030 2033 2034 2037 2038 2038 2041 2042 2044 2044 2044 2044 2047 2048 2050 2050 2053 2054 2056 2056 2059 2060 2062 2062 2065 2066 2068 2068 2071 2072 2074 2074 2077 2078 2080 2080 2082 2084 2084 2087 2088 2088 2088 2088 2090 2090 2092 2094 2096 2096 2099 2100 2102 2104 2104 2104 2104 2106 2108 2110 2110 2110 2112 2112 2114 2117 2118 2118 2120 2123 2124 2124 2126 2129 2130 2130 2132 2135 2136 2136 2138 2141 2142 2142 2144 2147 2148 2148 2150 2153 2154 2154 2156 2156 2159 2160 2160 2162 2165 2166 2166 2168 2171 2172 2174 2174 2174 2176 2179 2180 2180 2182 2185 2186 2186 2188 2191 2192 2192 2192 2194 2197 2198 2200 2200 2202 2205 2206 2206 2208 2211 2212 2212 2214 2214 2216 2219 2220 2220 2222 2224 2224 2226 2229 2230 2230 2232 2235 2236 2236 2238 2241 2242 2242 2244 2247 2248 2248 2251 2251 2252 2254 2256 2256 2256 2258 2261 2262 2262 2264 2267 2268 2268 2270 2273 2274 2274 2276 2279 2280 2280 2282 2285 2286 2286 2288 2291 2292 2292 2295 2295 2297 2298 2300 2300 2302 2304 2304 2306 2309 2310 2310 2313 2314 2316 2316 2316 2319 2320 2323 2324 2324 2324 2326 2329 2330 2330 2332 2335 2336 2336 2338 2341 2342 2344 2344 2347 2348 2350 2350 2352 2354 2356 2356 2356 2359 2360 2363 2364 2364 2367 2368 2370 2370 2373 2374 2376 2376 2376 2379 2380 2383 2384 2384 2387 2388 2390 2390 2390 2390 2393 2394 2396 2396 2398 2400 2402 2402 2405 2406 2406 2409 2409 2411 2412 2414 2416 2416 2418 2420 2422 2422 2424 2426 2428 2428 2431 2432 2434 2434 2437 2438 2440 2440 2443 2444 2446 2446 2449 2450 2452 2452 2452 2455 2456 2458 2458 2460 2462 2464 2464 2466 2468 2470 2470 2472 2472 2474 2476 2478 2478 2478 2478 2478 2481 2482 2484 2484 2487 2488 2490 2490 2492 2492 2492 2494 2494 2496 2498 2498 2500 2503 2504 2504 2504 2507 2508 2510 2512 2512 2514 2516 2516 2518 2520 2522 2522 2524 2524 2526 2528 2530 2530 2533 2534 2536 2536 2536 2536 2539 2540 2542 2542 2545 2546 2548 2548 2548 2550 2553 2554 2554 2554 2556 2559 2560 2560 2562 2564 2566 2566 2569 2570 2570 2572 2574 2576 2576 2578 2580 2582 2582 2585 2586 2588 2588 2591 2592 2594 2594 2597 2598 2600 2600 2603 2604 2606 2606 2609 2610 2612 2612 2615 2616 2618 2618 2618 2618 2618 2620 2622 2624 2624 2626 2628 2630 2630 2633 2634 2636 2636 2639 2640 2642 2642 2645 2646 2648 2648 2648 2650 2653 2654 2654 2657 2658 2660 2660 2663 2664 2666 2666 2669 2670 2672 2672 2675 2676 2678 2678 2680 2682 2684 2684 2687 2688 2690 2690 2693 2694 2696 2696 2696 2696 2699 2701 2701 2703 2703 2705 2707 2709 2711 2713 2713 2715 2715 2717 2718 2720 2720 2722 2724 2726 2726 2728 2730 2732 2732 2735 2736 2738 2738 2741 2742 2744 2744 2747 2748 2750 2750 2753 2754 2756 2756 2758 2760 2762 2762 2765 2766 2768 2768 2768 2768 2770 2773 2774 2774 2777 2778 2780 2780 2783 2784 2786 2786 2788 2790 2792 2792 2794 2794 2796 2798 2800 2800 2803 2804 2806 2806 2808 2810 2810 2813 2814 2816 2816 2819 2820 2822 2822 2822 2825 2826 2829 2829 2831 2832 2835 2835 2837 2838 2840 2840 2843 2844 2846 2846 2849 2850 2852 2852 2855 2856 2858 2858 2861 2862 2864 2864 2867 2868 2870 2870 2873 2874 2876 2876 2876 2876 2876 2878 2881 2882 2882 2884 2886 2888 2888 2891 2892 2894 2894 2897 2898 2900 2900 2903 2904 2904 2906 2908 2908 2911 2912 2914 2914 2914 2914 2914 2916 2919 2919 2920 2920 2922 2924 2926 2928 2930 2930 2933 2934 2936 2936 2939 2940 2942 2942 2945 2946 2948 2948 2951 2951 2952 2954 2956 2956 2959 2959 2961 2962 2964 2964 2964 2966 2966 2968 2968 2971 2973 2974 2976 2976 2979 2980 2982 2982 2985 2986 2988 2988 2991 2992 2992 2995 2996 2996 2998 3000 3002 3002 3005 3006 3008 3008 3011 3012 3014 3014 3014 3017 3018 3020 3020 3023 3024 3024 3026 3028 3028 3031 3032 3034 3034 3037 3038 3040 3040 3043 3044 3046 3048 3048 3050 3050 3052 3054 3056 3056 3059 3060 3062 3062 3065 3066 3068 3068 3071 3072 3074 3074 3077 3078 3080 3080 3083 3084 3086 3086 3089 3090 3092 3092 3095 3096 3098 3098 3101 3102 3104 3104 3107 3108 3108 3111 3112 3112 3115 3116 3118 3118 3121 3122 3124 3124 3124 3124 3124 3126 3129 3130 3130 3132 3135 3136 3136 3138 3141 3142 3142 3144 3147 3148 3148 3148 3150 3153 3154 3154 3156 3158 3160 3162 3162 3165 3166 3168 3168 3168 3168 3168 3170 3173 3174 3176 3176 3179 3180 3182 3182 3184 3186 3188 3188 3191 3192 3194 3194 3197 3198 3200 3200 3203 3203 3204 3206 3208 3208 3211 3212 3214 3214 3217 3218 3220 3220 3223 3224 3226 3226 3226 3226 3226 3229 3229 3230 3232 3235 3235 3237 3238 3241 3241 3243 3245 3247 3247 3249 3251 3253 3253 3255 3257 3259 3259 3261 3263 3265 3265 3267 3267 3268 3271 3271 3273 3275 3277 3279 3279 3281 3283 3285 3285 3285 3287 3289 3291 3291 3293 3295 3297 3297 3299 3301 3303 3303 3305 3306 3309 3309 3311 3312 3315 3315 3317 3319 3321 3321 3323 3324 3326 3326 3329 3330 3330 3333 3334 3334 3337 3338 3340 3340 3343 3344 3346 3346 3349 3350 3352 3352 3352 3352 3354 3354 3356 3358 3360 3360 3362 3364 3366 3366 3366 3369 3370 3372 3374 3374 3377 3378 3380 3382 3382 3385 3386 3388 3388 3391 3392 3394 3394 3397 3398 3400 3400 3403 3404 3406 3406 3406 3406 3408 3410 3412 3412 3414 3416 3418 3418 3420 3422 3424 3424 3426 3428 3430 3430 3433 3434 3436 3436 3436 3439 3440 3442 3442 3445 3446 3448 3448 3451 3452 3454 3454 3457 3458 3460 3460 3460 3462 3462 3464 3467 3468 3468 3470 3473 3474 3474 3476 3478 3480 3480 3482 3484 3486 3486 3486 3488 3490 3492 3492 3495 3496 3498 3498 3500 3502 3504 3504 3506 3508 3510 3510 3512 3514 3516 3516 3518 3520 3522 3522 3524 3526 3528 3528 3528 3531 3532 3535 3535 3535 3535 3536 3539 3540 3540 3542 3545 3546 3546 3548 3550 3552 3552 3555 3556 3558 3558 3560 3562 3564 3564 3567 3568 3570 3570 3570 3573 3574 3577 3577 3579 3580 3580 3583 3584 3586 3586 3586 3586 3589 3589 3590 3592 3594 3596 3596 3598 3598 3600 3603 3604 3604 3606 3609 3610 3610 3612 3615 3616 3616 3616 3616 3618 3620 3622 3624 3627 3628 3628 3630 3632 3632 3632 3634 3634 3637 3638 3640 3640 3643 3644 3646 3646 3649 3650 3652 3652 3652 3654 3654 3654 3654 3654 3654 3657 3658 3660 3660 3663 3664 3666 3666 3669 3670 3672 3672 3674 3676 3678 3678 3681 3682 3684 3684 3686 3688 3690 3690 3692 3694 3696 3696 3699 3700 3702 3702 3704 3706 3708 3708 3711 3712 3714 3714 3714 3716 3719 3720 3720 3722 3724 3724 3727 3728 3730 3730 3733 3734 3736 3736 3736 3739 3741 3743 3743 3745 3746 3748 3748 3751 3752 3754 3754 3754 3757 3757 3759 3761 3762 3764 3764 3767 3768 3770 3770 3773 3774 3776 3776 3776 3778 3778 3780 3782 3784 3786 3786 3789 3790 3792 3792 3795 3796 3798 3798 3801 3802 3804 3804 3806 3808 3810 3810 3813 3814 3816 3816 3818 3820 3822 3822 3825 3826 3828 3828 3831 3832 3834 3834 3837 3838 3840 3840 3840 3842 3845 3846 3846 3848 3851 3852 3852 3855 3856 3858 3858 3861 3862 3864 3864 3867 3868 3870 3870 3872 3874 3876 3876 3879 3880 3882 3882 3882 3885 3886 3886 3886 3889 3890 3892 3894 3894 3896 3898 3900 3900 3902 3904 3906 3906 3909 3909 3910 3912 3914 3914 3917 3918 3920 3920 3923 3924 3926 3926 3928 3930 3932 3932 3932 3934 3937 3938 3940 3940 3940 3942 3944 3946 3946 3948 3950 3952 3952 3955 3956 3958 3958 3958 3958 3961 3962 3965 3965 3967 3968 3970 3970 3972 3974 3976 3976 3979 3980 3982 3982 3985 3986 3988 3988 3991 3992 3994 3994 3996 3998 3998 4000 4002 4002 4004 4006 4008 4008 4008 4010 4010 4013 4014 4016 4016 4019 4020 4022 4022 4025 4026 4028 4028 4028 4031 4032 4034 4034 4036 4038 4040 4040 4043 4044 4046 4046 4049 4050 4052 4052 4052 4055 4057 4059 4059 4061 4063 4065 4065 4067 4069 4071 4071 4073 4075 4077 4077 4079 4081 4083 4083 4085 4086 4088 4088 4091 4092 4094 4094 4097 4098 4100 4100 4102 4104 4104 4107 4108 4110 4110 4113 4114 4116 4116 4119 4120 4122 4122 4122 4122 4122 4122 4124 4127 4128 4128 4131 4132 4135 4135 4137 4138 4141 4142 4142 4145 4146 4148 4148 4151 4152 4154 4154 4157 4158 4160 4160 4163 4164 4166 4166 4168 4168 4171 4172 4174 4174 4177 4178 4180 4180 4183 4184 4186 4186 4188 4190 4192 4192 4194 4194 4196 4196 4199 4200 4202 4202 4202 4204 4207 4208 4210 4210 4213 4214 4216 4216 4219 4219 4220 4222 4224 4224 4227 4228 4230 4230 4233 4234 4236 4236 4239 4241 4241 4243 4245 4247 4248 4248 4251 4252 4254 4254 4256 4258 4260 4260 4260 4263 4263 4265 4267 4269 4270 4270 4270 4270 4273 4274 4277 4277 4278 4280 4282 4282 4285 4286 4288 4288 4288 4290 4292 4294 4296 4296 4299 4300 4302 4302 4305 4306 4308 4308 4310 4312 4314 4314 4317 4318 4320 4320 4322 4325 4326 4326 4326 4326 4328 4331 4332 4332 4334 4336 4338 4338 4338 4338 4338 4341 4342 4344 4344 4346 4346 4348 4351 4352 4352 4354 4357 4358 4358 4360 4362 4364 4364 4366 4368 4370 4370 4372 4374 4376 4376 4378 4381 4382 4382 4382 4382 4382 4384 4386 4389 4390 4390 4390 4392 4394 4396 4398 4398 4398 4400 4403 4404 4406 4406 4408 4412 4413 4413 4414
2 4 4 6 8 8 10 10 12 15 16 16 19 20 20 22 22 24 26 29 30 30 33 34 34 36 38 40 40 42 44 44 46 48 48 51 51 52 54 54 56 58 58 60 62 62 64 64 66 69 70 70 72 74 74 76 79 80 82 82 84 86 86 88 91 92 92 94 96 96 99 100 100 102 102 104 106 108 108 110 112 112 115 116 116 118 120 120 122 124 124 126 128 130 130 130 133 134 136 136 138 140 140 143 143 144 146 146 148 150 150 153 154 154 156 158 158 160 162 164 164 166 168 168 170 172 174 174 176 178 178 178 180 182 184 184 186 188 188 190 192 192 194 196 198 198 198 201 202 204 206 206 208 210 210 212 214 216 216 218 220 222 222 224 227 228 228 230 230 232 232 234 236 238 238 240 242 244 244 246 248 250 250 252 252 254 254 256 256 258 260 262 262 264 267 268 268 270 272 272 274 276 278 278 280 280 282 284 286 288 288 290 292 292 294 296 296 298 298 300 300 302 302 304 304 306 308 311 312 312 314 316 318 318 320 322 324 324 324 326 328 331 332 332 334 334 336 336 338 340 342 342 344 346 348 348 350 352 354 354 356 356 358 358 360 362 364 366 366 368 371 372 372 374 376 378 378 380 380 380 382 384 386 388 388 390 390 390 392 395 395 396 398 398 398 400 400 402 405 406 406 408 408 410 413 413 414 414 417 417 419 420 422 422 424 424 426 429 430 432 432 434 434 436 439 441 441 442 445 446 446 448 450 452 452 454 456 458 458 460 462 464 464 466 466 468 468 471 472 474 476 478 478 480 480 482 482 484 484 486 488 490 490 490 492 492 494 494 494 496 498 500 500 502 502 502 502 504 506 508 510 510 512 514 516 518 520 520 522 522 524 526 526 528 530 532 532 534 536 536 538 538 540 542 544 544 546 548 550 550 550 552 552 554 556 556 558 561 562 562 562 564 566 566 568 570 570 573 575 576 576 576 576 576 578 580 582 584 586 588 588 590 590 592 594 596 598 598 598 600 602 604 604 604 606 606 606 608 608 610 612 614 616 618 620 620 622 624 624 626 629 630 630 632 634 636 636 638 640 642 642 644 646 648 648 650 650 650 652 654 656 656 658 658 660 660 662 662 664 664 664 667 669 670 672 672 674 676 678 678 680 680 682 684 686 686 688 688 690 690 692 695 696 696 696 699 699 700 702 704 704 706 706 708 708 710 710 712 714 714 716 716 718 718 720 720 720 722 724 724 726 726 728 731 732 732 734 736 738 738 738 738 740 742 744 746 746 748 750 752 752 754 754 754 756 759 760 762 764 764 764 766 766 768 770 773 774 774 776 778 778 780 780 782 784 784 786 786 789 791 792 794 796 796 796 798 798 798 801 801 801 802 805 805 806 806 808 810 810 812 815 816 818 818 820 820 823 823 823 824 826 828 828 830 832 832 834 836 838 838 838 838 840 840 842 844 844 846 848 850 852 852 854 856 856 856 858 860 863 864 864 866 866 868 870 872 874 874 876 876 878 878 880 882 884 886 886 888 890 890 892 892 892 894 896 898 898 900 903 904 904 904 906 906 908 908 908 911 912 914 916 919 920 920 922 924 926 926 928 930 932 932 934 936 938 938 940 942 944 944 946 946 946 948 950 952 954 954 954 956 958 958 960 960 962 965 966 966 968 968 970 970 973 974 976 978 980 980 982 984 986 986 988 990 992 992 994 994 996 999 1000 1002 1002 1004 1004 1006 1008 1010 1010 1012 1012 1014 1016 1018 1018 1020 1020 1022 1022 1024 1026 1028 1028 1030 1030 1032 1035 1036 1036 1038 1040 1042 1042 1044 1044 1046 1046 1046 1048 1050 1052 1054 1054 1056 1058 1060 1060 1062 1064 1066 1068 1068 1070 1072 1072 1074 1076 1076 1078 1081 1082 1082 1084 1086 1088 1088 1090 1090 1090 1092 1094 1096 1098 1100 1102 1102 1102 1102 1102 1104 1106 1109 1110 1110 1110 1112 1115 1115 1117 1118 1120 1122 1124 1124 1126 1128 1130 1130 1132 1132 1132 1134 1134 1136 1136 1138 1140 1142 1142 1144 1144 1147 1148 1150 1152 1154 1154 1156 1158 1160 1160 1162 1162 1165 1166 1168 1168 1170 1172 1174 1174 1176 1176 1178 1178 1180 1182 1185 1186 1186 1188 1188 1190 1190 1192 1195 1196 1196 1198 1200 1202 1202 1204 1204 1206 1209 1209 1210 1212 1212 1214 1214 1214 1216 1218 1218 1220 1222 1222 1224 1226 1228 1228 1230 1230 1232 1232 1234 1237 1238 1240 1240 1242 1244 1244 1246 1246 1248 1250 1250 1252 1255 1257 1257 1258 1258 1260 1262 1262 1264 1266 1266 1268 1268 1270 1273 1274 1274 1276 1278 1280 1280 1282 1282 1284 1284 1286 1286 1289 1291 1292 1292 1294 1296 1298 1300 1300 1300 1300 1302 1304 1306 1308 1310 1310 1312 1314 1314 1316 1319 1320 1320 1322 1324 1326 1326 1328 1331 1332 1332 1334 1336 1338 1338 1340 1340 1343 1343 1343 1344 1346 1346 1348 1350 1350 1350 1350 1352 1355 1357 1358 1358 1358 1360 1362 1365 1366 1366 1368 1368 1370 1370 1370 1373 1373 1374 1376 1378 1380 1380 1382 1385 1385 1387 1389 1390 1390 1392 1394 1396 1396 1398 1400 1400 1400 1402 1402 1404 1406 1406 1406 1406 1409 1411 1412 1412 1412 1414 1416 1418 1418 1418 1420 1420 1422 1424 1426 1428 1428 1430 1432 1434 1434 1436 1436 1438 1441 1442 1444 1444 1446 1446 1448 1450 1450 1452 1452 1454 1456 1459 1460 1460 1462 1462 1464 1466 1466 1469 1470 1470 1472 1472 1474 1474 1476 1478 1480 1482 1484 1484 1486 1488 1490 1490 1492 1494 1496 1496 1498 1498 1500 1502 1504 1506 1506 1508 1508 1510 1512 1515 1516 1516 1516 1518 1518 1520 1522 1524 1526 1528 1528 1530 1532 1532 1532 1534 1536 1538 1540 1540 1542 1544 1544 1546 1548 1550 1550 1552 1554 1556 1556 1558 1560 1562 1562 1564 1567 1567 1568 1570 1570 1572 1574 1574 1576 1578 1578 1580 1580 1582 1584 1586 1588 1588 1590 1593 1593 1594 1594 1597 1598 1598 1598 1600 1602 1604 1604 1606 1608 1610 1610 1612 1614 1616 1616 1618 1618 1620 1620 1622 1624 1624 1624 1624 1626 1626 1628 1628 1630 1632 1634 1634 1636 1638 1640 1640 1642 1642 1644 1644 1646 1649 1650 1652 1652 1654 1657 1658 1658 1660 1660 1662 1662 1664 1666 1668 1668 1670 1670 1672 1675 1676 1676 1678 1680 1682 1682 1684 1686 1688 1688 1690 1690 1690 1693 1694 1696 1696 1698 1700 1702 1702 1704 1704 1706 1708 1710 1712 1712 1714 1716 1718 1718 1720 1722 1724 1724 1726 1726 1728 1728 1731 1732 1734 1734 1736 1738 1740 1740 1742 1742 1742 1744 1746 1748 1750 1750 1752 1752 1754 1756 1759 1760 1760 1762 1764 1766 1766 1768 1768 1770 1772 1774 1776 1776 1778 1780 1782 1782 1784 1786 1788 1788 1790 1790 1792 1795 1796 1798 1798 1800 1802 1804 1804 1806 1808 1808 1810 1810 1812 1812 1814 1817 1818 1820 1820 1820 1820 1822 1822 1824 1827 1828 1830 1830 1832 1834 1836 1836 1838 1841 1841 1842 1844 1846 1846 1848 1848 1850 1852 1854 1854 1854 1856 1856 1858 1858 1860 1860 1862 1862 1864 1866 1869 1870 1872 1872 1874 1876 1878 1878 1880 1882 1884 1884 1886 1888 1890 1890 1892 1894 1896 1896 1898 1900 1902 1902 1904 1904 1906 1908 1910 1912 1912 1914 1916 1918 1918 1920 1922 1924 1924 1926 1926 1928 1931 1932 1934 1934 1934 1936 1936 1938 1940 1942 1944 1946 1946 1946 1948 1948 1950 1952 1954 1954 1956 1958 1960 1960 1962 1962 1964 1967 1968 1970 1970 1972 1974 1976 1976 1978 1978 1980 1982 1984 1986 1986 1988 1988 1988 1990 1990 1990 1992 1995 1996 1998 1998 2000 2002 2004 2004 2006 2008 2008 2010 2012 2012 2014 2017 2018 2018 2020 2022 2024 2024 2026 2028 2028 2030 2032 2034 2034 2036 2038 2040 2040 2042 2044 2046 2046 2048 2050 2052 2052 2054 2057 2058 2058 2060 2060 2062 2065 2066 2068 2068 2070 2070 2072 2074 2074 2076 2076 2078 2080 2082 2084 2084 2084 2086 2086 2088 2088 2091 2092 2095 2096 2096 2096 2098 2098 2100 2102 2102 2105 2106 2108 2108 2108 2110 2112 2114 2116 2116 2118 2118 2120 2122 2124 2124 2124 2126 2128 2130 2130 2132 2135 2135 2136 2138 2140 2140 2142 2144 2146 2146 2148 2148 2150 2152 2154 2154 2156 2156 2159 2159 2160 2160 2162 2162 2165 2166 2166 2168 2170 2172 2172 2174 2176 2178 2178 2180 2182 2184 2184 2186 2186 2188 2188 2190 2190 2190 2192 2192 2192 2194 2197 2198 2198 2200 2202 2204 2204 2206 2208 2208 2210 2210 2212 2212 2214 2216 2219 2220 2220 2222 2225 2226 2226 2226 2228 2228 2230 2232 2234 2236 2236 2236 2238 2238 2240 2242 2244 2244 2246 2246 2248 2250 2253 2254 2254 2256 2256 2256 2258 2258 2260 2260 2262 2265 2266 2266 2268 2271 2272 2272 2274 2277 2278 2278 2280 2282 2284 2284 2286 2288 2290 2290 2292 2292 2292 2292 2294 2296 2299 2300 2302 2302 2304 2304 2306 2308 2308 2310 2312 2314 2314 2316 2318 2320 2320 2322 2324 2324 2326 2329 2330 2330 2332 2332 2335 2337 2338 2338 2340 2340 2342 2342 2345 2346 2348 2348 2350 2350 2352 2355 2356 2356 2358 2360 2362 2362 2364 2367 2367 2368 2370 2372 2372 2374 2374 2376 2378 2378 2380 2380 2382 2384 2386 2386 2388 2390 2392 2392 2394 2397 2398 2398 2400 2400 2402 2404 2404 2406 2406 2406 2406 2408 2410 2413 2414 2416 2416 2416 2418 2420 2420 2422 2425 2426 2426 2428 2428 2430 2433 2434 2436 2436 2438 2440 2442 2442 2444 2446 2448 2448 2450 2452 2454 2454 2456 2458 2460 2460 2462 2464 2466 2466 2468 2470 2472 2472 2474 2476 2476 2476 2478 2480 2482 2482 2484 2486 2488 2488 2490 2492 2494 2494 2496 2496 2498 2500 2502 2504 2504 2506 2509 2510 2510 2512 2514 2514 2516 2516 2518 2520 2522 2522 2524 2524 2526 2528 2530 2530 2532 2532 2534 2534 2536 2536 2536 2538 2538 2540 2540 2542 2545 2546 2549 2550 2552 2552 2554 2557 2558 2558 2560 2560 2562 2562 2564 2564 2566 2568 2568 2570 2570 2572 2574 2576 2576 2578 2580 2582 2584 2584 2584 2586 2589 2590 2592 2592 2594 2596 2598 2598 2600 2602 2604 2604 2606 2606 2608 2610 2610 2612 2615 2616 2616 2618 2618 2620 2622 2622 2624 2624 2626 2626 2628 2630 2632 2634 2634 2636 2638 2640 2640 2642 2644 2646 2646 2648 2648 2650 2650 2652 2652 2654 2654 2657 2658 2661 2662 2665 2666 2666 2666 2668 2668 2668 2670 2672 2674 2676 2676 2678 2680 2682 2682 2684 2684 2686 2686 2688 2688 2690 2692 2692 2694 2694 2696 2696 2698 2701 2702 2704 2704 2706 2706 2708 2710 2712 2712 2714 2716 2718 2718 2718 2721 2722 2724 2726 2726 2728 2730 2730 2732 2735 2736 2736 2738 2738 2741 2742 2742 2745 2746 2748 2748 2748 2750 2752 2755 2756 2756 2756 2756 2759 2761 2762 2764 2764 2764 2766 2766 2766 2768 2770 2773 2775 2776 2778 2778 2780 2780 2780 2780 2782 2784 2786 2788 2790 2790 2790 2792 2795 2796 2798 2798 2800 2800 2802 2804 2804 2806 2808 2808 2808 2810 2813 2814 2814 2816 2818 2820 2820 2822 2824 2824 2826 2828 2830 2830 2832 2834 2836 2836 2838 2838 2840 2840 2842 2842 2844 2847 2848 2848 2848 2851 2853 2854 2854 2856 2858 2860 2860 2862 2864 2864 2866 2866 2868 2868 2870 2873 2874 2876 2876 2878 2880 2882 2882 2882 2884 2886 2888 2891 2892 2892 2894 2896 2896 2898 2900 2902 2902 2902 2902 2904 2907 2908 2910 2910 2910 2910 2912 2912 2914 2916 2916 2918 2920 2923 2925 2926 2926 2928 2930 2930 2932 2935 2936 2936 2936 2938 2941 2942 2942 2945 2947 2948 2948 2950 2952 2954 2954 2956 2956 2956 2958 2960 2960 2962 2962 2964 2967 2968 2968 2970 2973 2974 2974 2976 2976 2978 2980 2980 2982 2985 2985 2986 2986 2988 2991 2992 2992 2994 2994 2996 2998 3000 3000 3002 3002 3004 3006 3006 3006 3008 3010 3010 3012 3015 3016 3019 3020 3020 3020 3022 3022 3024 3026 3029 3030 3032 3032 3034 3036 3036 3038 3040 3042 3042 3044 3044 3046 3048 3048 3050 3050 3052 3054 3056 3058 3058 3060 3060 3063 3063 3064 3066 3068 3068 3068 3070 3070 3072 3074 3076 3076 3078 3080 3082 3082 3084 3086 3088 3088 3090 3092 3092 3092 3094 3096 3098 3098 3100 3100 3100 3100 3100 3102 3102 3104 3104 3106 3108 3110 3110 3112 3112 3114 3114 3116 3116 3116 3118 3120 3122 3122 3124 3124 3126 3129 3130 3130 3132 3134 3136 3136 3138 3140 3142 3142 3144 3144 3146 3149 3150 3152 3152 3154 3154 3157 3158 3161 3162 3162 3164 3166 3168 3168 3170 3172 3174 3174 3176 3179 3180 3180 3182 3184 3186 3186 3188 3191 3191 3192 3192 3192 3194 3194 3196 3198 3200 3200 3202 3204 3206 3206 3208 3211 3211 3212 3214 3216 3216 3218 3220 3222 3222 3224 3224 3224 3226 3228 3230 3232 3232 3234 3236 3238 3238 3240 3240 3242 3245 3246 3248 3248 3250 3252 3254 3254 3256 3256 3256 3258 3258 3260 3260 3262 3264 3266 3266 3268 3268 3270 3273 3275 3276 3276 3278 3278 3280 3283 3283 3284 3287 3288 3288 3290 3293 3294 3294 3296 3299 3300 3300 3302 3305 3306 3306 3308 3310 3312 3312 3312 3314 3316 3318 3320 3320 3322 3322 3324 3326 3329 3330 3330 3332 3332 3332 3334 3334 3336 3338 3340 3342 3342 3344 3344 3346 3348 3348 3350 3352 3354 3354 3354 3356 3356 3358 3360 3362 3362 3362 3364 3367 3368 3370 3370 3372 3374 3376 3376 3378 3378 3380 3382 3385 3386 3386 3388 3390 3392 3392 3394 3396 3398 3398 3400 3402 3402 3402 3404 3407 3408 3408 3410 3412 3412 3412 3414 3414 3416 3418 3420 3420 3422 3424 3424 3426 3428 3428 3430 3430 3432 3434 3436 3436 3438 3440 3442 3442 3444 3444 3446 3449 3450 3452 3452 3454 3454 3456 3459 3460 3460 3462 3465 3466 3466 3468 3470 3472 3472 3474 3476 3478 3478 3480 3480 3482 3484 3486 3488 3488 3490 3493 3494 3494 3494 3496 3496 3498 3498 3498 3498 3500 3503 3504 3504 3506 3506 3508 3510 3512 3512 3514 3514 3516 3516 3518 3518 3520 3520 3523 3524 3524 3526 3528 3530 3532 3532 3534 3534 3534 3536 3538 3538 3538 3540 3540 3542 3542 3544 3544 3546 3548 3550 3552 3552 3554 3554 3556 3558 3558 3560 3563 3564 3564 3566 3568 3570 3570 3572 3574 3576 3576 3578 3578 3580 3580 3582 3584 3584 3586 3588 3590 3590 3592 3592 3594 3596 3596 3598 3600 3602 3602 3604 3604 3606 3608 3611 3612 3612 3614 3617 3618 3618 3620 3622 3622 3624 3626 3628 3628 3630 3632 3634 3634 3636 3636 3638 3640 3642 3642 3642 3642 3644 3646 3646 3648 3650 3652 3654 3656 3658 3658 3660 3660 3660 3662 3665 3666 3666 3668 3668 3670 3672 3675 3676 3676 3678 3681 3682 3682 3684 3686 3688 3688 3688 3690 3692 3694 3696 3696 3698 3698 3700 3702 3704 3704 3706 3708 3710 3710 3712 3712 3714 3717 3718 3720 3720 3720 3722 3724 3726 3728 3728 3730 3732 3734 3734 3736 3736 3738 3738 3740 3742 3745 3746 3746 3746 3748 3748 3750 3752 3752 3754 3756 3756 3756 3758 3758 3760 3762 3765 3766 3766 3766 3768 3768 3768 3768 3770 3773 3774 3776 3779 3780 3780 3782 3784 3786 3786 3788 3788 3790 3790 3792 3794 3797 3798 3798 3800 3800 3802 3804 3807 3808 3808 3810 3810 3812 3814 3814 3816 3816 3816 3818 3818 3820 3822 3822 3824 3826 3829 3830 3830 3830 3832 3834 3836 3836 3836 3836 3838 3838 3840 3842 3844 3844 3846 3848 3848 3850 3850 3853 3854 3856 3858 3858 3860 3860 3862 3864 3864 3867 3868 3868 3870 3873 3875 3876 3876 3878 3878 3880 3882 3884 3884 3886 3886 3888 3888 3888 3890 3890 3893 3895 3896 3896 3898 3900 3902 3902 3904 3906 3908 3908 3910 3910 3912 3912 3914 3917 3919 3920 3922 3922 3924 3926 3928 3928 3928 3930 3930 3933 3934 3934 3934 3936 3938 3941 3942 3942 3944 3946 3948 3948 3950 3950 3953 3954 3956 3958 3958 3958 3960 3962 3962 3964 3966 3966 3968 3970 3970 3972 3975 3976 3976 3978 3980 3982 3982 3984 3986 3988 3988 3990 3992 3994 3994 3996 3996 3996 3998 4000 4000 4002 4004 4006 4008 4008 4008 4010 4012 4015 4016 4016 4018 4018 4018 4020 4020 4023 4024 4024 4026 4028 4028 4030 4032 4034 4034 4034 4036 4036 4036 4038 4038 4038 4040 4040 4042 4044 4044 4044 4046 4048 4050 4053 4054 4054 4056 4056 4058 4058 4061 4063 4064 4064 4066 4066 4068 4068 4070 4070 4072 4072 4074 4074 4077 4078 4078 4078 4080 4082 4085 4086 4086 4088 4090 4092 4092 4094 4094 4096 4096 4096 4098 4100 4103 4104 4106 4108 4108 4108 4108 4110 4112 4114 4116 4116 4118 4118 4120 4123 4124 4126 4126 4126 4126 4128 4128 4130 4130 4132 4134 4134 4134 4136 4138 4138 4138 4141 4143 4144 4144 4146 4146 4149 4150 4150 4152 4155 4156 4158 4158 4158 4160 4160 4160 4162 4165 4167 4168 4170 4170 4172 4172 4172 4174 4174 4174 4176 4176 4179 4180 4182 4184 4184 4184 4186 4186 4188 4191 4192 4194 4196 4196 4198 4200 4202 4202 4202 4204 4206 4208 4208 4210 4210 4212 4214 4216 4218 4218 4220 4220 4222 4222 4224 4227 4228 4228 4228 4230 4230 4232 4234 4236 4236 4238 4238 4238 4240 4242 4244 4247 4248 4248 4250 4250 4252 4252 4254 4254 4256 4256 4258 4260 4262 4262 4262 4264 4267 4268 4268 4270 4272 4274 4274 4274 4274 4277 4277 4278 4280 4280 4282 4284 4284 4286 4288 4288 4290 4292 4294 4294 4296 4298 4300 4300 4300 4302 4304 4306 4308 4308 4310 4310 4310 4312 4314 4316 4318 4318 4320 4322 4324 4324 4324 4324 4326 4328 4328 4330 4333 4333 4334 4334 4334 4336 4336 4336 4336 4336 4338 4338 4340 4342 4342 4345 4347 4349 4350 4350 4352 4354 4356 4356 4356 4358 4360 4362 4362 4364 4364 4366 4368 4370 4372 4372 4372 4372 4374 4374 4376 4378 4381 4381 4382 4384 4386 4386 4388 4388 4388 4390 4390 4393 4394 4396 4398 4398 4400 4402 4404 4404 4404 4404 4406 4406 4406 4408 4410 4410 4412 4414 4416 4419 4420 4420 4420 4422 4422 4422 4424 4426 4426 4428 4431 4432 4432 4434 4436 4436 4436 4438 4438 4440 4440 4442 4444 4446 4448 4448 4450 4450 4452 4452 4454 4457 4458 4460 4460 4462 4464 4464 4464 4466 4468 4470 4472 4472 4474 4476 4478 4478 4480 4480 4483 4484 4484 4484 4486 4486 4488 4490 4492 4494 4494 4496 4496 4498 4500 4502 4504 4504 4506 4508 4510 4510 4510 4512 4512 4514 4514 4517 4519 4520 4520 4522 4525 4526 4526 4528 4528 4530 4530 4532 4532 4534 4536 4536 4538 4541 4542 4542 4542 4544 4544 4546 4548 4550 4550 4552 4554 4556 4556 4556 4558 4558 4560 4560 4562 4564 4564 4566 4568 4570 4573 4574 4574 4574 4576 4578 4580 4583 4584 4584 4584 4586 4586 4588 4591 4591 4592 4594 4596 4596 4596 4598 4600 4602 4602 4604 4604 4604 4606 4606 4608 4610 4612 4612 4614 4616 4618 4621 4622 4622 4622 4624 4626 4629 4630 4630 4632 4632 4634 4634 4636 4636 4638 4640 4642 4642 4644 4646 4648 4648 4650 4650 4652 4652 4654 4656 4658 4658 4660 4662 4664 4664 4666 4666 4668 4670 4673 4674 4674 4676 4678 4680 4680 4682 4682 4684 4684 4686 4686 4688 4690 4692 4692 4694 4696 4698 4698 4698 4700 4700 4702 4704 4704 4704 4706 4706 4708 4710 4710 4712 4712 4712 4714 4716 4718 4718 4720 4722 4722 4724 4726 4728 4730 4730 4732 4734 4736 4736 4738 4738 4740 4742 4742 4745 4745 4746 4746 4746 4746 4748 4750 4750 4750 4752 4754 4756 4756 4758 4758 4760 4762 4762 4764 4764 4766 4769 4770 4772 4772 4774 4774 4776 4778 4781 4782 4782 4782 4784 4786 4788 4788 4790 4792 4794 4794 4794 4796 4798 4800 4800 4802 4802 4804 4806 4806 4806 4808 4808 4808 4808 4810 4813 4814 4814 4816 4818 4818 4818 4820 4823 4824 4826 4826 4828 4830 4832 4834 4834 4834 4836 4838 4838 4840 4843 4845 4846 4846 4848 4848 4848 4850 4852 4855 4856 4856 4856 4858 4860 4862 4864 4864 4866 4868 4870 4870 4870 4872 4872 4874 4876 4876 4878 4880 4882 4882 4882 4884 4886 4888 4890 4892 4892 4892 4894 4897 4898 4900 4900 4902 4904 4906 4908 4908 4908 4910 4912 4914 4914 4916 4918 4918 4920 4922 4922 4922 4924 4926 4928 4930 4930 4932 4934 4936 4936 4938 4940 4940 4943 4944 4944 4944 4946 4948 4948 4951 4953 4954 4956 4956 4958 4960 4962 4962 4964 4966 4966 4968 4971 4972 4972 4974 4976 4976 4978 4981 4982 4982 4984 4986 4988 4988 4990 4993 4994 4994 4994 4997 4997 4997 4998 5000 5003 5004 5004 5006 5009 5010 5010 5010 5012 5014 5017 5018 5018 5021 5022 5022 5022 5024 5027 5029 5030 5030 5030 5032 5034 5034 5034 5037 5038 5040 5040 5040 5042 5042 5045 5046 5048 5050 5050 5052 5052 5052 5054 5056 5058 5061 5062 5062 5064 5066 5066 5068 5070 5070 5070 5072 5074 5076 5078 5078 5080 5082 5084 5084 5086 5086 5086 5088 5090 5093 5095 5096 5096 5098 5098 5100 5100 5102 5104 5106 5108 5108 5108 5110 5113 5114 5116 5116 5118 5120 5122 5122 5124 5126 5126 5128 5128 5130 5132 5134 5134 5134 5136 5136 5138 5140 5142 5144 5146 5146 5148 5148 5150 5152 5155 5156 5156 5158 5158 5160 5160 5162 5162 5162 5165 5165 5166 5166 5168 5170 5170 5172 5174 5176 5176 5176 5178 5180 5182 5184 5184 5186 5186 5188 5190 5190 5192 5194 5196 5196 5198 5198 5200 5200 5202 5202 5205 5205 5207 5209 5210 5212 5212 5214 5216 5218 5218 5220 5220 5222 5224 5226 5226 5228 5228 5230 5230 5232 5232 5234 5234 5236 5238 5240 5242 5244 5244 5246 5248 5250 5250 5252 5255 5256 5256 5258 5258 5258 5261 5261 5262 5264 5264 5264 5266 5268 5268 5270 5273 5274 5274 5276 5276 5276 5278 5281 5282 5284 5284 5286 5286 5288 5290 5290 5292 5292 5294 5296 5298 5298 5300 5300 5302 5304 5304 5306 5308 5308 5310 5313 5314 5314 5316 5316 5318 5318 5320 5322 5324 5326 5326 5326 5328 5328 5330 5332 5334 5337 5338 5338 5340 5340 5342 5344 5346 5346 5346 5348 5348 5350 5350 5350 5353 5353 5354 5354 5357 5358 5361 5362 5364 5364 5364 5367 5367 5369 5369 5369 5371 5373 5374 5377 5377 5378 5380 5382 5384 5384 5386 5388 5390 5390 5392 5394 5394 5396 5398 5400 5400 5400 5402 5402 5404 5406 5408 5408 5410 5410 5412 5412 5414 5414 5416 5418 5418 5420 5422 5422 5424 5426 5428 5428 5430 5432 5432 5434 5436 5438 5438 5440 5440 5442 5442 5444 5444 5446 5446 5448 5450 5450 5450 5452 5454 5456 5456 5458 5458 5461 5462 5464 5466 5466 5468 5470 5472 5472 5474 5476 5478 5478 5480 5482 5484 5484 5486 5489 5490 5490 5490 5490 5492 5494 5494 5494 5496 5498 5498 5500 5502 5502 5504 5506 5508 5508 5510 5512 5512 5514 5517 5518 5518 5520 5522 5524 5524 5526 5526 5526 5528 5530 5533 5534 5534 5536 5538 5540 5540 5540 5542 5542 5544 5546 5546 5548 5551 5552 5552 5554 5554 5557 5558 5560 5562 5562 5564 5564 5566 5566 5566 5569 5570 5572 5572 5572 5574 5576 5578 5578 5580 5582 5584 5584 5586 5586 5589 5590 5592 5594 5594 5596 5598 5600 5600 5600 5602 5604 5604 5606 5608 5608 5610 5610 5613 5614 5616 5618 5618 5620 5622 5624 5624 5624 5626 5628 5628 5630 5632 5634 5636 5636 5638 5638 5638 5640 5642 5644 5646 5646 5648 5650 5652 5652 5654 5654 5654 5654 5656 5659 5660 5662 5664 5664 5664 5666 5669 5669 5670 5673 5674 5676 5676 5678 5681 5682 5682 5684 5684 5684 5686 5688 5690 5692 5694 5694 5696 5699 5700 5700 5702 5704 5704 5707 5708 5708 5710 5710 5712 5712 5712 5715 5716 5716 5716 5718 5718 5718 5718 5720 5722 5722 5724 5726 5726 5728 5730 5732 5732 5734 5736 5738 5738 5740 5740 5742 5744 5747 5748 5748 5750 5750 5753 5754 5757 5758 5758 5760 5762 5764 5764 5766 5768 5768 5770 5773 5774 5774 5776 5778 5780 5780 5782 5782 5785 5785 5787 5788 5790 5792 5792 5794 5796 5798 5798 5800 5802 5802 5804 5807 5808 5808 5810 5812 5814 5814 5816 5818 5820 5820 5822 5824 5826 5826 5828 5828 5830 5832 5834 5834 5836 5839 5840 5840 5842 5844 5846 5846 5848 5850 5852 5852 5854 5857 5858 5858 5860 5862 5864 5864 5866 5868 5868 5870 5870 5873 5874 5874 5876 5876 5878 5880 5883 5884 5884 5886 5889 5890 5890 5892 5895 5896 5896 5896 5898 5901 5902 5902 5904 5904 5906 5908 5910 5910 5912 5914 5916 5916 5918 5921 5922 5922 5924 5924 5926 5928 5928 5930 5930 5932 5934 5936 5936 5938 5941 5942 5942 5944 5946 5948 5948 5950 5952 5954 5954 5956 5958 5960 5960 5962 5962 5964 5966 5968 5970 5970 5972 5974 5976 5976 5978 5978 5981 5982 5982 5985 5986 5986 5988 5990 5992 5992 5994 5996 5998 5998 6000 6002 6004 6004 6006 6008 6008 6010 6012 6014 6014 6016 6018 6020 6020 6022 6024 6026 6026 6028 6028 6030 6033 6035 6036 6036 6038 6038 6040 6040 6042 6044 6046 6046 6046 6048 6050 6052 6054 6056 6056 6058 6061 6062 6062 6064 6066 6068 6068 6070 6072 6074 6074 6076 6078 6080 6082 6082 6084 6087 6088 6088 6090 6092 6094 6094 6096 6098 6100 6100 6102 6102 6102 6104 6104 6107 6108 6110 6112 6112 6112 6114 6116 6116 6119 6120 6120 6122 6124 6126 6126 6128 6130 6132 6132 6134 6136 6138 6138 6140 6140 6142 6142 6144 6144 6144 6146 6148 6151 6151 6152 6152 6154 6156 6156 6158 6160 6162 6164 6164 6164 6166 6166 6169 6169 6170 6172 6172 6172 6174 6174 6176 6176 6178 6180 6182 6184 6186 6186 6188 6188 6191 6192 6194 6194 6194 6196 6196 6198 6201 6202 6204 6206 6206 6208 6208 6210 6212 6214 6214 6216 6216 6219 6220 6220 6223 6224 6224 6226 6226 6226 6226 6229 6230 6232 6235 6236 6238 6238 6240 6240 6242 6244 6247 6248 6248 6250 6250 6252 6255 6257 6258 6258 6260 6262 6264 6264 6266 6266 6268 6268 6270 6272 6274 6274 6276 6276 6278 6280 6282 6282 6284 6286 6288 6288 6290 6292 6294 6294 6296 6298 6300 6300 6300 6300 6300 6302 6304 6306 6306 6306 6308 6308 6310 6312 6315 6316 6316 6316 6318 6318 6320 6322 6324 6324 6326 6328 6330 6330 6330 6332 6334 6337 6338 6338 6340 6340 6342 6342 6344 6346 6348 6348 6350 6352 6352 6352 6354 6354 6356 6356 6358 6360 6362 6362 6364 6367 6368 6370 6370 6372 6374 6374 6376 6376 6378 6380 6380 6382 6384 6384 6386 6388 6390 6390 6392 6394 6394 6396 6399 6400 6400 6402 6404 6406 6406 6408 6408 6410 6412 6412 6415 6416 6416 6418 6420 6422 6422 6424 6426 6426 6428 6431 6432 6432 6434 6434 6436 6438 6441 6442 6442 6442 6444 6444 6446 6448 6448 6451 6452 6452 6454 6456 6458 6458 6460 6462 6464 6464 6466 6468 6468 6470 6470 6472 6474 6476 6476 6476 6478 6480 6480 6482 6482 6484 6486 6488 6488 6490 6490 6492 6494 6496 6496 6498 6500 6502 6502 6504 6506 6506 6506 6508 6511 6513 6514 6514 6516 6518 6520 6520 6522 6522 6524 6526 6528 6528 6530 6532 6534 6534 6534 6536 6538 6540 6540 6542 6544 6546 6546 6546 6548 6548 6550 6552 6554 6554 6556 6556 6558 6558 6560 6560 6562 6564 6566 6566 6569 6570 6570 6572 6572 6574 6576 6578 6580 6580 6582 6584 6586 6588 6588 6590 6592 6592 6594 6596 6596 6598 6600 6602 6602 6604 6606 6608 6608 6610 6612 6614 6614 6616 6618 6620 6620 6620 6622 6622 6624 6626 6626 6628 6628 6631 6633 6634 6636 6636 6638 6640 6642 6642 6644 6646 6648 6648 6650 6653 6654 6654 6656 6656 6659 6660 6662 6662 6664 6664 6666 6668 6670 6670 6672 6674 6676 6676 6678 6678 6680 6682 6684 6684 6686 6686 6686 6688 6690 6692 6695 6695 6696 6698 6700 6700 6700 6702 6704 6706 6708 6710 6710 6712 6712 6714 6714 6716 6716 6718 6721 6721 6722 6725 6726 6726 6728 6728 6730 6732 6734 6734 6736 6738 6738 6741 6742 6742 6744 6744 6746 6746 6749 6750 6752 6752 6754 6756 6758 6758 6760 6760 6762 6764 6764 6766 6769 6770 6770 6772 6774 6776 6776 6778 6780 6782 6782 6784 6786 6788 6788 6790 6792 6794 6794 6796 6796 6798 6800 6803 6804 6804 6806 6806 6809 6809 6810 6810 6813 6815 6816 6816 6816 6818 6820 6820 6822 6822 6824 6826 6826 6826 6828 6828 6830 6832 6834 6834 6836 6836 6838 6840 6842 6842 6844 6844 6846 6848 6850 6852 6852 6854 6856 6858 6858 6860 6860 6860 6862 6864 6866 6868 6870 6870 6872 6874 6876 6876 6878 6881 6882 6882 6884 6884 6886 6888 6890 6890 6892 6892 6895 6895 6896 6896 6898 6898 6900 6902 6904 6904 6906 6908 6910 6910 6912 6914 6916 6916 6916 6918 6918 6920 6922 6925 6926 6926 6928 6930 6932 6932 6932 6934 6934 6936 6939 6940 6942 6942 6944 6946 6948 6948 6950 6950 6952 6954 6957 6958 6958 6960 6960 6962 6964 6966 6966 6968 6968 6971 6971 6972 6974 6974 6976 6976 6976 6978 6980 6982 6984 6986 6986 6988 6990 6992 6992 6992 6994 6994 6996 6996 6998 7000 7000 7002 7002 7004 7004 7006 7006 7008 7008 7010 7012 7014 7016 7016 7018 7021 7022 7022 7024 7024 7026 7026 7028 7030 7032 7034 7034 7036 7038 7040 7040 7042 7042 7045 7046 7046 7048 7050 7050 7052 7055 7056 7058 7058 7060 7062 7062 7064 7064 7066 7068 7070 7072 7072 7074 7074 7076 7078 7078 7080 7082 7082 7082 7084 7086 7088 7088 7090 7090 7090 7090 7092 7092 7094 7097 7099 7100 7102 7102 7104 7104 7106 7109 7111 7113 7114 7114 7116 7116 7118 7118 7120 7122 7124 7126 7126 7126 7128 7128 7130 7130 7132 7134 7134 7136 7139 7140 7140 7142 7145 7146 7146 7148 7151 7152 7152 7154 7156 7156 7158 7161 7162 7162 7164 7166 7168 7168 7170 7172 7174 7174 7176 7176 7178 7181 7182 7182 7184 7186 7188 7188 7190 7190 7193 7194 7194 7197 7198 7198 7200 7202 7204 7204 7206 7206 7208 7211 7212 7214 7214 7216 7216 7218 7220 7222 7224 7224 7226 7228 7228 7230 7230 7232 7234 7236 7238 7238 7240 7240 7242 7244 7246 7246 7248 7250 7252 7252 7252 7254 7256 7258 7260 7262 7262 7264 7264 7266 7266 7268 7268 7270 7270 7272 7275 7276 7276 7278 7280 7282 7282 7284 7286 7288 7288 7288 7290 7290 7290 7290 7292 7292 7294 7296 7299 7301 7302 7304 7304 7306 7306 7308 7310 7313 7314 7314 7316 7318 7320 7320 7322 7322 7324 7326 7329 7330 7330 7330 7332 7332 7334 7337 7338 7340 7343 7343 7344 7346 7346 7348 7351 7351 7352 7352 7354 7356 7356 7358 7361 7362 7362 7364 7367 7368 7368 7370 7372 7374 7374 7374 7376 7376 7378 7380 7380 7383 7384 7384 7386 7389 7389 7390 7393 7394 7394 7396 7398 7400 7400 7402 7404 7406 7406 7408 7408 7410 7412 7415 7416 7416 7418 7418 7421 7422 7424 7424 7426 7428 7428 7430 7430 7432 7432 7434 7436 7438 7440 7440 7440 7442 7444 7446 7449 7450 7450 7452 7454 7456 7456 7458 7458 7461 7462 7465 7466 7466 7468 7470 7472 7472 7472 7474 7474 7476 7476 7476 7476 7478 7480 7482 7484 7486 7488 7488 7488 7488 7490 7492 7492 7494 7496 7496 7496 7499 7500 7502 7504 7504 7506 7509 7511 7512 7514 7514 7514 7516 7518 7520 7522 7522 7524 7527 7528 7528 7528 7530 7532 7534 7534 7536 7538 7540 7540 7542 7542 7544 7544 7546 7546 7548 7548 7550 7552 7554 7556 7558 7558 7558 7560 7562 7565 7566 7566 7568 7568 7570 7572 7572 7574 7574 7576 7576 7578 7578 7580 7582 7584 7586 7586 7586 7588 7590 7592 7592 7594 7594 7594 7596 7599 7600 7602 7602 7604 7604 7606 7608 7610 7612 7612 7614 7616 7618 7618 7620 7620 7620 7622 7624 7626 7626 7628 7630 7632 7632 7634 7634 7636 7638 7638 7638 7640 7640 7642 7644 7646 7648 7648 7648 7650 7652 7654 7656 7656 7658 7660 7660 7662 7662 7662 7665 7666 7666 7668 7670 7672 7672 7674 7674 7676 7678 7678 7678 7680 7682 7684 7686 7686 7688 7690 7692 7692 7694 7694 7696 7698 7698 7700 7702 7704 7704 7704 7706 7708 7710 7710 7712 7712 7714 7716 7718 7720 7720 7722 7724 7724 7726 7728 7730 7730 7732 7734 7736 7736 7738 7738 7738 7741 7743 7743 7744 7744 7746 7746 7748 7748 7750 7752 7754 7756 7756 7758 7760 7762 7762 7764 7766 7768 7768 7770 7770 7772 7772 7775 7776 7778 7780 7782 7782 7784 7786 7788 7788 7788 7788 7790 7792 7794 7794 7796 7798 7800 7800 7802 7802 7804 7806 7808 7808 7810 7810 7810 7812 7814 7816 7816 7818 7818 7818 7820 7822 7824 7827 7828 7828 7830 7832 7834 7834 7836 7838 7838 7840 7840 7843 7844 7844 7844 7846 7848 7848 7850 7853 7854 7856 7856 7858 7858 7860 7860 7862 7862 7864 7864 7866 7866 7868 7871 7872 7872 7874 7876 7878 7878 7880 7880 7882 7884 7886 7888 7888 7890 7890 7892 7892 7894 7894 7896 7898 7900 7902 7902 7902 7904 7906 7908 7908 7910 7913 7914 7914 7916 7918 7920 7920 7922 7922 7924 7926 7928 7928 7930 7932 7934 7934 7936 7938 7940 7942 7942 7944 7946 7948 7948 7950 7952 7952 7954 7954 7954 7956 7956 7958 7961 7961 7962 7964 7966 7966 7968 7968 7970 7970 7972 7974 7976 7978 7978 7980 7982 7984 7984 7984 7986 7986 7988 7991 7992 7992 7994 7994 7996 7998 8000 8000 8000 8002 8002 8002 8004 8004 8006 8009 8010 8010 8010 8012 8014 8014 8016 8016 8019 8021 8022 8022 8024 8024 8026 8028 8031 8032 8032 8032 8032 8034 8037 8038 8038 8040 8040 8042 8042 8044 8046 8046 8048 8048 8048 8050 8050 8052 8054 8056 8056 8058 8060 8060 8062 8064 8064 8066 8068 8070 8070 8072 8074 8076 8076 8078 8078 8080 8082 8084 8086 8086 8088 8090 8092 8092 8094 8094 8096 8098 8098 8100 8102 8104 8106 8106 8108 8108 8110 8110 8110 8112 8114 8116 8116 8118 8120 8122 8124 8124 8126 8126 8128 8128 8130 8130 8130 8132 8132 8135 8137 8138 8138 8138 8138 8140 8142 8144 8146 8146 8148 8150 8153 8154 8154 8156 8158 8160 8160 8162 8164 8166 8166 8168 8168 8168 8170 8172 8172 8174 8176 8176 8178 8180 8180 8182 8184 8186 8186 8188 8191 8192 8192 8194 8194 8196 8198 8198 8200 8202 8204 8204 8206 8206 8206 8208 8210 8212 8212 8214 8216 8218 8218 8220 8220 8220 8222 8224 8226 8229 8230 8230 8232 8234 8236 8236 8236 8238 8240 8242 8242 8244 8246 8248 8248 8250 8253 8254 8254 8256 8258 8258 8258 8260 8262 8264 8266 8266 8268 8270 8270 8272 8272 8272 8274 8276 8278 8278 8280 8282 8284 8284 8286 8288 8290 8290 8292 8295 8296 8296 8296 8298 8300 8302 8304 8304 8304 8306 8306 8308 8311 8311 8312 8312 8315 8316 8318 8318 8320 8320 8322 8322 8324 8324 8327 8328 8330 8332 8332 8334 8336 8336 8338 8340 8342 8342 8344 8344 8347 8348 8351 8352 8352 8354 8356 8356 8358 8361 8362 8362 8362 8364 8364 8364 8366 8366 8368 8368 8371 8372 8372 8374 8376 8378 8378 8380 8382 8382 8384 8386 8388 8388 8390 8392 8394 8394 8396 8396 8398 8398 8400 8402 8404 8404 8406 8406 8408 8410 8412 8414 8414 8416 8418 8418 8418 8420 8423 8424 8424 8426 8429 8430 8432 8432 8434 8436 8438 8438 8440 8443 8444 8444 8446 8446 8448 8450 8450 8452 8452 8454 8454 8456 8458 8461 8463 8464 8464 8466 8468 8470 8470 8472 8474 8476 8476 8478 8478 8480 8482 8482 8484 8486 8488 8490 8490 8492 8495 8496 8496 8498 8498 8500 8502 8504 8506 8506 8508 8510 8512 8512 8514 8516 8518 8518 8518 8520 8523 8524 8524 8526 8529 8530 8530 8532 8534 8536 8536 8538 8538 8540 8542 8544 8544 8546 8546 8548 8548 8550 8550 8552 8554 8556 8556 8558 8560 8562 8562 8564 8564 8567 8568 8570 8570 8572 8574 8576 8576 8576 8578 8578 8580 8580 8582 8582 8584 8586 8588 8588 8588 8590 8590 8592 8594 8596 8596 8598 8601 8602 8602 8602 8604 8604 8606 8608 8610 8610 8610 8612 8612 8614 8617 8619 8620 8622 8622 8624 8624 8626 8626 8628 8628 8628 8628 8630 8632 8634 8634 8634 8636 8639 8640 8640 8642 8642 8644 8646 8649 8650 8650 8652 8654 8656 8656 8656 8658 8660 8660 8662 8664 8666 8668 8668 8670 8670 8672 8672 8674 8676 8678 8678 8678 8680 8682 8684 8684 8686 8686 8688 8690 8692 8694 8694 8696 8696 8698 8698 8698 8700 8702 8704 8706 8708 8710 8710 8712 8714 8716 8716 8718 8718 8720 8722 8724 8726 8726 8728 8728 8730 8732 8734 8734 8736 8738 8740 8740 8740 8742 8744 8744 8744 8746 8748 8750 8752 8752 8754 8754 8756 8756 8758 8758 8758 8760 8762 8762 8764 8766 8768 8770 8770 8772 8774 8776 8776 8778 8778 8778 8780 8782 8784 8784 8786 8789 8790 8790 8792 8794 8796 8796 8798 8798 8798 8800 8800 8803 8804 8804 8806 8808 8810 8810 8812 8814 8816 8816 8818 8818 8820 8820 8822 8822 8824 8824 8826 8829 8830 8832 8834 8834 8836 8836 8838 8840 8842 8842 8844 8844 8846 8846 8848 8848 8850 8852 8854 8854 8856 8856 8859 8860 8860 8862 8862 8862 8864 8866 8868 8868 8870 8872 8872 8874 8877 8878 8878 8880 8882 8884 8884 8886 8888 8890 8890 8890 8892 8892 8894 8894 8894 8896 8898 8898 8900 8902 8904 8904 8906 8908 8908 8910 8910 8912 8914 8914 8916 8916 8918 8920 8922 8922 8922 8922 8924 8926 8928 8931 8932 8932 8934 8934 8934 8937 8938 8940 8940 8942 8944 8946 8946 8948 8948 8951 8952 8954 8954 8954 8956 8958 8961 8961 8962 8964 8966 8966 8968 8971 8972 8972 8974 8977 8978 8978 8980 8982 8984 8984 8986 8988 8990 8990 8992 8992 8992 8994 8996 8998 9000 9002 9002 9004 9004 9004 9006 9008 9008 9008 9010 9012 9014 9016 9016 9018 9020 9022 9022 9022 9024 9024 9026 9028 9028 9030 9030 9032 9034 9036 9036 9038 9038 9041 9042 9044 9044 9046 9046 9048 9050 9052 9052 9052 9054 9056 9056 9059 9060 9062 9064 9064 9064 9066 9068 9068 9070 9070 9072 9075 9077 9078 9078 9078 9078 9080 9080 9082 9084 9086 9088 9088 9090 9093 9093 9094 9096 9098 9098 9098 9101 9102 9102 9104 9104 9106 9108 9110 9110 9110 9112 9114 9116 9118 9118 9118 9120 9120 9123 9124 9126 9126 9128 9128 9128 9128 9130 9130 9132 9134 9134 9136 9136 9138 9138 9140 9142 9142 9144 9146 9148 9148 9148 9150 9152 9152 9154 9157 9158 9158 9160 9162 9164 9164 9166 9169 9170 9170 9172 9172 9174 9176 9176 9178 9181 9182 9182 9182 9184 9186 9188 9190 9190 9190 9192 9194 9196 9196 9198 9201 9202 9202 9202 9204 9206 9208 9208 9210 9212 9212 9212 9214 9217 9219 9220 9220 9222 9222 9224 9224 9226 9228 9230 9232 9232 9232 9234 9236 9238 9240 9240 9242 9245 9246 9246 9246 9248 9250 9252 9254 9254 9256 9256 9258 9260 9262 9262 9264 9264 9264 9266 9266 9266 9269 9270 9272 9274 9276 9278 9278 9278 9280 9280 9282 9282 9284 9286 9289 9289 9290 9292 9294 9296 9296 9298 9301 9302 9302 9302 9304 9306 9306 9309 9309 9310 9312 9315 9316 9316 9316 9316 9318 9320 9320 9322 9324 9326 9328 9328 9330 9332 9332 9334 9336 9338 9338 9340 9340 9343 9344 9344 9344 9344 9346 9348 9350 9352 9352 9354 9357 9358 9358 9360 9363 9364 9364 9364 9366 9369 9370 9370 9370 9372 9372 9374 9376 9378 9378 9378 9380 9382 9384 9386 9386 9388 9391 9392 9392 9394 9394 9396 9398 9400 9402 9402 9402 9402 9404 9406 9408 9410 9412 9412 9412 9414 9416 9419 9420 9420 9420 9422 9422 9422 9425 9425 9426 9428 9428 9430 9432 9434 9434 9434 9436 9436 9438 9438 9440 9443 9444 9446 9448 9448 9450 9453 9454 9454 9454 9456 9458 9458 9458 9460 9462 9462 9464 9464 9464 9466 9468 9470 9472 9472 9474 9474 9474 9476 9478 9481 9483 9484 9484 9484 9486 9488 9490 9492 9492 9494 9496 9496 9498 9500 9502 9502 9502 9504 9506 9509 9510 9510 9510 9512 9512 9512 9514 9517 9519 9520 9520 9522 9522 9525 9527 9528 9528 9530 9530 9532 9534 9534 9537 9538 9540 9540 9542 9542 9542 9544 9546 9546 9548 9551 9552 9552 9555 9556 9556 9556 9558 9558 9560 9562 9564 9564 9564 9566 9568 9571 9571 9572 9572 9572 9575 9576 9576 9578 9580 9582 9584 9586 9586 9588 9588 9590 9590 9593 9594 9596 9596 9596 9598 9598 9601 9602 9604 9604 9607 9608 9608 9608 9610 9613 9613 9614 9616 9618 9618 9620 9622 9624 9624 9626 9626 9626 9628 9630 9630 9632 9634 9634 9636 9639 9640 9640 9642 9644 9646 9648 9648 9648 9650 9652 9654 9656 9656 9658 9660 9662 9662 9662 9664 9664 9666 9666 9668 9670 9673 9674 9674 9676 9679 9680 9680 9682 9684 9686 9686 9688 9691 9691 9692 9694 9696 9696 9696 9696 9696 9698 9700 9700 9702 9705 9706 9708 9708 9710 9710 9712 9714 9714 9717 9717 9718 9720 9723 9724 9724 9726 9728 9730 9730 9732 9735 9735 9736 9738 9738 9740 9742 9744 9744 9744 9746 9748 9748 9750 9752 9754 9754 9756 9756 9756 9758 9761 9762 9764 9766 9766 9766 9768 9768 9770 9770 9770 9773 9773 9774 9774 9774 9777 9779 9781 9782 9782 9784 9787 9788 9790 9790 9792 9794 9794 9796 9796 9796 9799 9800 9802 9802 9804 9804 9807 9808 9810 9810 9810 9812 9812 9814 9816 9818 9820 9820 9822 9822 9824 9826 9829 9830 9830 9832 9832 9834 9834 9837 9839 9840 9840 9842 9844 9844 9846 9846 9848 9850 9852 9852 9854 9854 9854 9856 9858 9858 9858 9860 9862 9864 9866 9866 9868 9870 9872 9872 9875 9876 9876 9878 9878 9880 9882 9882 9884 9884 9886 9888 9890 9890 9890 9892 9892 9894 9896 9898 9900 9900 9902 9902 9904 9907 9908 9908 9908 9910 9912 9912 9914 9916 9916 9919 9921 9922 9922 9924 9926 9926 9928 9928 9930 9930 9933 9934 9936 9936 9936 9938 9938 9941 9943 9944 9946 9946 9948 9950 9952 9952 9952 9954 9956 9958 9958 9958 9960 9962 9964 9966 9966 9968 9971 9972 9972 9974 9974 9977 9979 9980 9980 9980 9982 9982 9985 9986 9988 9991 9992 9994 9994 9994 9996 9996 9998 9998 10000 10002 10004 10006 10008 10008 10010 10012 10014 10014 10014 10016 10018 10018 10020 10022 10024 10024 10024 10026 10028 10030 10030 10032 10035 10036 10036 10038 10040 10042 10042 10044 10044 10044 10046 10048 10050 10053 10054 10054 10056 10056 10058 10060 10063 10064 10064 10064 10066 10066 10068 10068 10068 10070 10070 10073 10075 10076 10078 10080 10080 10080 10080 10082 10082 10085 10085 10086 10086 10088 10088 10090 10090 10092 10094 10094 10096 10098 10100 10100 10102 10102 10104 10106 10108 10110 10110 10112 10112 10114 10117 10118 10118 10120 10122 10124 10124 10124 10126 10128 10130 10133 10134 10134 10134 10136 10138 10140 10142 10142 10144 10144 10147 10148 10148 10150 10150 10152 10154 10157 10158 10158 10160 10160 10163 10163 10164 10164 10164 10166 10166 10169 10169 10170 10173 10174 10174 10176 10179 10180 10180 10180 10182 10182 10182 10182 10184 10186 10189 10190 10192 10192 10194 10196 10198 10198 10201 10201 10203 10203 10205 10207 10208 10210 10210 10212 10214 10216 10216 10218 10218 10220 10222 10224 10224 10226 10226 10228 10231 10232 10234 10234 10236 10238 10240 10240 10242 10244 10246 10246 10246 10248 10251 10252 10252 10254 10256 10258 10258 10260 10260 10262 10264 10267 10268 10268 10270 10272 10272 10274 10276 10278 10278 10280 10280 10280 10280 10282 10284 10286 10288 10290 10290 10290 10293 10293 10294 10294 10294 10296 10299 10300 10300 10302 10302 10304 10306 10306 10308 10311 10312 10312 10312 10314 10316 10318 10318 10320 10322 10324 10324 10326 10328 10330 10332 10332 10332 10334 10336 10338 10340 10340 10342 10342 10344 10344 10347 10348 10348 10350 10352 10354 10354 10354 10356 10358 10360 10360 10362 10364 10366 10366 10366 10368 10370 10372 10372 10374 10377 10378 10378 10378 10380 10380 10382 10384 10386 10389 10390 10390 10392 10392 10392 10395 10397 10397 10398 10400 10402 10402 10402 10404 10404 10404 10406 10408 10408 10410 10412 10414 10414 10416 10418 10420 10420 10422 10422 10424 10426 10428 10428 10430 10430 10430 10432 10434 10434 10437 10437 10438 10440 10440 10442 10444 10446 10446 10446 10448 10450 10452 10455 10456 10456 10458 10458 10460 10462 10462 10464 10464 10466 10466 10468 10468 10470 10473 10474 10474 10476 10479 10480 10480 10480 10482 10482 10482 10482 10484 10484 10486 10488 10490 10492 10494 10496 10498 10498 10498 10500 10500 10500 10500 10502 10504 10506 10508 10510 10512 10512 10514 10516 10518 10518 10518 10520 10520 10520 10522 10522 10524 10526 10528 10530 10530 10532 10534 10536 10536 10538 10540 10540 10542 10545 10546 10546 10546 10548 10550 10550 10552 10552 10554 10556 10556 10556 10558 10558 10558 10560 10562 10564 10566 10568 10568 10570 10572 10572 10572 10574 10577 10578 10580 10582 10582 10582 10584 10584 10586 10588 10590 10590 10592 10592 10592 10594 10596 10598 10600 10602 10602 10604 10604 10607 10607 10608 10608 10608 10610 10610 10612 10614 10616 10616 10618 10618 10621 10622 10622 10624 10626 10628 10630 10630 10632 10632 10634 10636 10638 10640 10640 10642 10645 10646 10646 10646 10648 10650 10650 10652 10654 10654 10656 10656 10658 10658 10660 10660 10660 10662 10664 10667 10668 10668 10670 10672 10672 10674 10677 10678 10678 10680 10680 10682 10682 10684 10684 10686 10688 10690 10690 10692 10692 10692 10692 10694 10697 10698 10701 10702 10702 10704 10704 10704 10706 10709 10710 10710 10712 10712 10714 10717 10718 10718 10718 10720 10720 10722 10724 10726 10728 10730 10730 10732 10735 10736 10736 10738 10740 10740 10742 10742 10744 10746 10748 10748 10748 10750 10750 10752 10752 10754 10757 10758 10758 10758 10760 10760 10760 10762 10764 10764 10766 10766 10768 10768 10768 10768 10771 10773 10775 10776 10776 10778 10780 10782 10782 10784 10787 10788 10788 10790 10790 10793 10795 10796 10798 10798 10800 10800 10802 10802 10804 10804 10804 10806 10806 10808 10808 10810 10810 10812 10814 10816 10816 10816 10819 10820 10820 10822 10824 10826 10826 10828 10828 10828 10830 10833 10835 10837 10838 10838 10838 10840 10840 10840 10842 10842 10844 10846 10846 10849 10850 10852 10852 10854 10856 10858 10858 10860 10863 10864 10864 10866 10868 10868 10870 10872 10874 10874 10876 10878 10880 10880 10882 10882 10882 10882 10885 10885 10887 10889 10890 10890 10892 10894 10896 10896 10898 10900 10902 10902 10904 10906 10906 10908 10910 10912 10912 10914 10914 10916 10919 10920 10920 10922 10924 10924 10926 10928 10930 10930 10932 10935 10936 10936 10938 10941 10941 10942 10945 10946 10946 10948 10948 10948 10950 10953 10954 10954 10954 10956 10958 10960 10960 10960 10962 10962 10964 10966 10966 10969 10969 10969 10970 10972 10972 10972 10974 10977 10977 10979 10979 10980 10983 10985 10986 10986 10986 10986 10988 10988 10990 10990 10992 10992 10995 10996 10998 10998 11000 11003 11003 11004 11006 11008 11008 11010 11012 11014 11014 11017 11018 11018 11020 11023 11024 11024 11026 11026 11026 11026 11029 11029 11030 11030 11033 11035 11036 11038 11038 11038 11040 11042 11045 11046 11046 11048 11048 11048 11050 11050 11053 11055 11056 11056 11058 11058 11060 11060 11062 11064 11067 11068 11070 11072 11072 11074 11076 11078 11078 11080 11082 11084 11084 11086 11086 11088 11090 11090 11092 11092 11094 11096 11096 11096 11099 11101 11102 11102 11104 11106 11108 11108 11110 11112 11114 11114 11116 11116 11118 11120 11120 11122 11122 11122 11124 11126 11128 11128 11130 11133 11133 11134 11137 11138 11138 11140 11142 11144 11144 11146 11146 11146 11148 11150 11150 11152 11154 11157 11157 11158 11158 11161 11162 11164 11166 11166 11166 11168 11170 11172 11174 11174 11176 11176 11178 11178 11178 11180 11182 11184 11184 11186 11188 11190 11190 11192 11194 11196 11196 11198 11198 11200 11202 11204 11206 11206 11208 11211 11211 11212 11214 11216 11216 11216 11218 11218 11220 11220 11222 11224 11227 11228 11228 11228 11230 11232 11232 11232 11232 11234 11237 11238 11240 11240 11242 11244 11246 11246 11248 11250 11252 11252 11252 11254 11254 11256 11258 11260 11262 11264 11264 11266 11266 11268 11268 11268 11270 11272 11272 11274 11274 11276 11279 11280 11280 11282 11282 11282 11284 11286 11289 11290 11290 11292 11294 11296 11296 11298 11300 11302 11302 11302 11304 11304 11306 11308 11308 11310 11310 11310 11312 11312 11312 11314 11316 11318 11320 11322 11322 11324 11326 11328 11328 11330 11330 11332 11334 11334 11336 11336 11338 11340 11342 11342 11344 11346 11348 11348 11348 11350 11352 11355 11356 11358 11358 11358 11358 11360 11362 11362 11365 11366 11368 11370 11370 11372 11374 11376 11376 11376 11378 11378 11380 11380 11382 11385 11386 11386 11388 11391 11392 11392 11392 11394 11394 11396 11399 11400 11402 11402 11404 11404 11406 11408 11410 11412 11412 11414 11414 11416 11419 11419 11420 11423 11424 11426 11426 11426 11428 11430 11432 11435 11436 11436 11436 11438 11438 11440 11442 11444 11444 11446 11448 11448 11450 11452 11454 11454 11456 11458 11460 11460 11462 11464 11464 11466 11466 11468 11470 11470 11472 11474 11476 11476 11476 11478 11478 11480 11482 11484 11486 11489 11490 11490 11492 11495 11496 11496 11498 11500 11502 11502 11504 11504 11504 11506 11506 11508 11508 11510 11512 11514 11516 11516 11516 11518 11518 11518 11520 11522 11525 11525 11526 11528 11528 11528 11530 11533 11533 11535 11535 11536 11538 11541 11542 11542 11544 11544 11544 11546 11548 11550 11552 11554 11554 11554 11556 11556 11559 11559 11560 11562 11564 11566 11566 11568 11570 11572 11574 11574 11576 11576 11578 11578 11580 11580 11582 11582 11584 11586 11588 11588 11588 11590 11592 11594 11594 11596 11596 11598 11600 11602 11602 11604 11604 11606 11609 11610 11612 11612 11614 11616 11618 11618 11620 11620 11620 11622 11625 11626 11628 11628 11630 11632 11634 11634 11636 11638 11640 11640 11642 11642 11642 11644 11644 11647 11647 11648 11650 11652 11652 11652 11654 11654 11654 11656 11656 11656 11656 11658 11660 11662 11664 11666 11666 11668 11671 11672 11672 11674 11674 11674 11676 11678 11678 11680 11682 11682 11682 11684 11686 11686 11689 11690 11692 11692 11694 11694 11694 11697 11697 11697 11698 11698 11700 11702 11704 11704 11706 11708 11708 11708 11710 11712 11714 11716 11716 11718 11720 11720 11722 11725 11726 11726 11726 11728 11730 11733 11734 11734 11734 11736 11739 11739 11740 11740 11740 11742 11744 11744 11744 11746 11748 11750 11750 11752 11754 11756 11756 11758 11761 11762 11762 11764 11764 11767 11768 11770 11772 11772 11772 11774 11776 11778 11780 11780 11782 11782 11784 11786 11786 11788 11788 11790 11792 11794 11796 11796 11798 11798 11798 11798 11800 11800 11800 11802 11804 11806 11809 11810 11812 11814 11814 11816 11818 11820 11820 11822 11822 11824 11827 11827 11828 11828 11830 11832 11832 11832 11834 11836 11836 11838 11840 11840 11842 11842 11845 11846 11849 11850 11850 11850 11852 11854 11854 11857 11858 11858 11860 11863 11863 11864 11866 11868 11868 11868 11870 11870 11872 11872 11874 11874 11874 11876 11878 11878 11878 11880 11882 11884 11884 11886 11886 11888 11888 11890 11893 11894 11894 11896 11896 11899 11900 11900 11902 11904 11906 11906 11908 11910 11912 11912 11912 11914 11916 11918 11918 11920 11920 11923 11923 11924 11926 11928 11928 11930 11932 11934 11934 11934 11936 11936 11936 11938 11938 11940 11943 11945 11946 11948 11948 11948 11950 11952 11952 11954 11956 11958 11960 11962 11962 11962 11964 11966 11968 11968 11970 11972 11974 11974 11974 11976 11978 11980 11982 11982 11984 11984 11986 11986 11988 11991 11992 11992 11994 11996 11998 11998 12000 12000 12002 12004 12004 12006 12006 12009 12010 12013 12014 12014 12016 12016 12018 12020 12020 12022 12022 12025 12027 12028 12028 12028 12030 12032 12035 12036 12036 12038 12038 12040 12042 12044 12044 12046 12048 12050 12050 12050 12052 12054 12057 12058 12058 12060 12060 12060 12062 12062 12064 12066 12068 12070 12070 12072 12072 12074 12076 12078 12078 12078 12080 12082 12084 12086 12086 12088 12088 12090 12093 12094 12094 12096 12099 12100 12100 12102 12104 12106 12106 12108 12110 12110 12112 12114 12116 12116 12118 12118 12120 12122 12122 12124 12124 12126 12128 12128 12130 12130 12133 12135 12136 12136 12136 12138 12140 12140 12142 12144 12146 12146 12148 12148 12148 12148 12150 12152 12155 12155 12156 12158 12158 12158 12160 12162 12162 12164 12166 12166 12168 12170 12172 12172 12174 12176 12176 12178 12181 12182 12182 12184 12186 12186 12188 12190 12192 12192 12194 12194 12196 12196 12198 12198 12200 12203 12204 12204 12204 12206 12206 12206 12209 12210 12212 12212 12214 12217 12218 12218 12220 12222 12224 12224 12226 12228 12228 12230 12233 12234 12234 12236 12238 12240 12240 12240 12242 12244 12244 12247 12248 12248 12250 12250 12250 12252 12254 12256 12258 12260 12260 12262 12264 12266 12266 12268 12270 12272 12272 12274 12276 12278 12278 12280 12282 12284 12284 12286 12286 12288 12290 12292 12294 12294 12296 12296 12298 12298 12300 12302 12304 12304 12306 12306 12308 12308 12308 12310 12313 12314 12314 12314 12316 12318 12318 12320 12322 12324 12324 12326 12329 12330 12330 12330 12332 12334 12334 12336 12338 12338 12338 12340 12340 12342 12342 12344 12346 12348 12348 12350 12350 12352 12352 12354 12356 12358 12358 12360 12363 12364 12366 12366 12368 12368 12370 12370 12372 12372 12374 12377 12378 12380 12382 12382 12384 12386 12388 12388 12390 12392 12392 12394 12397 12398 12398 12400 12400 12402 12402 12402 12404 12406 12408 12408 12410 12410 12410 12412 12414 12416 12416 12418 12418 12420 12423 12424 12426 12426 12428 12430 12432 12432 12434 12436 12438 12438 12440 12442 12442 12444 12447 12448 12448 12448 12450 12452 12452 12454 12456 12456 12458 12460 12460 12462 12464 12466 12466 12468 12468 12468 12470 12470 12472 12474 12474 12477 12478 12478 12480 12483 12484 12484 12484 12486 12486 12488 12491 12492 12494 12494 12494 12496 12498 12501 12502 12502 12504 12504 12506 12509 12510 12512 12512 12514 12517 12518 12518 12520 12522 12524 12524 12526 12526 12528 12530 12530 12532 12534 12534 12536 12538 12540 12540 12542 12542 12545 12545 12545 12546 12548 12550 12552 12552 12554 12556 12558 12558 12560 12562 12562 12564 12567 12568 12568 12570 12572 12574 12574 12574 12576 12576 12578 12580 12582 12584 12584 12586 12588 12588 12590 12593 12594 12594 12596 12596 12598 12598 12600 12602 12602 12602 12604 12606 12606 12608 12611 12612 12612 12614 12616 12618 12618 12620 12622 12624 12624 12626 12628 12628 12630 12632 12632 12632 12634 12636 12636 12638 12640 12640 12643 12644 12646 12646 12646 12648 12650 12652 12652 12654 12656 12658 12658 12660 12660 12662 12662 12664 12666 12668 12668 12670 12672 12672 12674 12676 12676 12678 12680 12682 12682 12684 12684 12687 12687 12688 12690 12690 12692 12692 12692 12692 12695 12696 12698 12700 12700 12700 12702 12702 12704 12704 12704 12706 12708 12710 12712 12714 12714 12716 12716 12718 12720 12722 12722 12724 12724 12726 12728 12730 12732 12732 12732 12734 12737 12738 12740 12742 12742 12744 12746 12748 12748 12750 12752 12754 12754 12756 12756 12758 12761 12762 12762 12764 12764 12766 12768 12768 12770 12772 12774 12774 12776 12776 12779 12780 12780 12783 12784 12784 12786 12788 12790 12790 12792 12792 12794 12796 12798 12800 12800 12802 12802 12804 12806 12808 12810 12810 12812 12812 12814 12816 12818 12818 12820 12822 12824 12824 12826 12826 12828 12828 12830 12832 12832 12832 12834 12836 12836 12838 12838 12838 12838 12840 12843 12845 12846 12848 12848 12850 12850 12853 12854 12856 12858 12858 12860 12862 12864 12864 12866 12866 12869 12870 12870 12873 12874 12874 12876 12876 12878 12880 12882 12884 12884 12886 12888 12890 12890 12892 12894 12896 12896 12896 12898 12900 12900 12902 12902 12904 12906 12908 12910 12910 12910 12912 12912 12912 12914 12917 12918 12921 12922 12924 12924 12926 12926 12928 12930 12932 12934 12934 12934 12936 12938 12938 12940 12940 12942 12944 12947 12948 12948 12948 12948 12950 12950 12952 12954 12956 12956 12956 12958 12958 12960 12960 12962 12964 12966 12968 12968 12970 12970 12972 12974 12976 12976 12978 12978 12980 12982 12984 12984 12986 12986 12988 12990 12990 12992 12992 12994 12994 12997 12998 13000 13000 13002 13002 13004 13006 13006 13008 13008 13010 13013 13014 13016 13016 13016 13018 13021 13022 13022 13024 13026 13028 13028 13030 13032 13034 13034 13036 13039 13040 13040 13042 13044 13046 13046 13046 13048 13050 13050 13052 13054 13056 13058 13058 13060 13062 13064 13064 13064 13066 13066 13069 13070 13072 13072 13072 13074 13074 13076 13078 13081 13082 13082 13084 13086 13088 13088 13090 13090 13090 13092 13094 13096 13096 13098 13098 13100 13102 13105 13106 13106 13106 13108 13110 13110 13112 13114 13116 13118 13118 13120 13120 13122 13124 13126 13128 13128 13130 13133 13134 13134 13136 13136 13138 13140 13142 13142 13144 13146 13146 13148 13148 13150 13152 13152 13155 13156 13158 13160 13160 13162 13164 13164 13166 13168 13170 13170 13172 13172 13175 13175 13176 13178 13178 13180 13180 13180 13183 13184 13184 13186 13188 13188 13190 13192 13194 13194 13196 13199 13199 13200 13200 13203 13204 13204 13206 13206 13208 13210 13212 13214 13214 13216 13216 13216 13218 13220 13222 13222 13224 13226 13228 13228 13230 13232 13234 13234 13236 13236 13239 13240 13240 13242 13244 13244 13246 13249 13250 13250 13252 13254 13256 13256 13258 13258 13258 13258 13260 13263 13265 13266 13268 13270 13270 13270 13272 13275 13276 13276 13278 13280 13282 13282 13284 13284 13286 13288 13290 13290 13292 13294 13296 13296 13298 13301 13302 13302 13304 13306 13308 13308 13308 13310 13310 13312 13314 13314 13316 13319 13319 13320 13320 13322 13322 13324 13327 13328 13330 13330 13332 13332 13334 13336 13339 13340 13340 13342 13342 13344 13346 13349 13350 13350 13352 13355 13355 13356 13356 13356 13359 13360 13360 13363 13364 13366 13368 13368 13370 13370 13372 13374 13376 13376 13378 13381 13382 13382 13384 13386 13386 13388 13390 13392 13392 13394 13396 13396 13398 13401 13402 13402 13404 13406 13408 13408 13410 13410 13410 13413 13414 13414 13416 13416 13418 13420 13422 13422 13424 13424 13426 13429 13430 13430 13432 13432 13434 13436 13438 13438 13440 13440 13442 13444 13446 13446 13448 13448 13450 13450 13450 13452 13455 13457 13458 13458 13460 13463 13464 13464 13467 13467 13469 13470 13472 13474 13474 13476 13476 13478 13478 13480 13483 13484 13486 13486 13488 13491 13492 13492 13492 13492 13494 13494 13496 13498 13498 13500 13502 13504 13506 13506 13508 13508 13508 13511 13511 13512 13514 13514 13516 13519 13520 13520 13522 13524 13524 13526 13528 13530 13530 13532 13532 13534 13537 13538 13540 13540 13542 13542 13544 13546 13546 13548 13550 13552 13552 13554 13556 13558 13558 13560 13562 13562 13564 13564 13567 13567 13568 13570 13572 13572 13572 13574 13576 13578 13580 13582 13582 13584 13586 13588 13588 13590 13590 13592 13594 13597 13598 13598 13600 13602 13604 13604 13606 13609 13610 13610 13612 13615 13615 13616 13616 13618 13618 13620 13622 13624 13626 13626 13628 13630 13632 13632 13634 13634 13636 13639 13641 13642 13642 13644 13647 13648 13648 13650 13650 13652 13652 13652 13654 13657 13657 13658 13661 13662 13662 13664 13666 13668 13668 13670 13672 13674 13674 13676 13679 13680 13680 13680 13682 13684 13684 13686 13686 13688 13688 13690 13692 13694 13694 13696 13699 13700 13700 13702 13704 13706 13706 13708 13708 13708 13710 13710 13712 13714 13716 13716 13718 13721 13722 13722 13722 13724 13726 13726 13728 13731 13732 13732 13734 13734 13736 13738 13741 13742 13742 13742 13744 13744 13746 13749 13750 13752 13752 13754 13754 13756 13756 13758 13761 13762 13762 13764 13764 13766 13768 13770 13772 13772 13774 13776 13778 13778 13780 13780 13783 13784 13786 13786 13788 13788 13790 13792 13794 13794 13796 13796 13798 13798 13800 13800 13800 13802 13805 13807 13808 13808 13810 13813 13814 13814 13816 13819 13820 13820 13820 13822 13822 13822 13824 13826 13828 13828 13830 13833 13833 13834 13837 13838 13838 13838 13840 13840 13842 13844 13844 13847 13849 13851 13852 13852 13854 13854 13854 13856 13858 13858 13860 13862 13862 13864 13864 13866 13868 13868 13870 13872 13874 13874 13876 13878 13878 13880 13883 13884 13884 13886 13888 13890 13890 13892 13895 13895 13896 13898 13900 13900 13902 13904 13906 13906 13908 13908 13910 13910 13912 13914 13916 13916 13918 13918 13920 13923 13923 13924 13926 13929 13930 13930 13932 13934 13936 13936 13938 13941 13941 13942 13944 13944 13946 13948 13948 13951 13952 13952 13954 13956 13958 13958 13960 13960 13960 13963 13963 13963 13965 13966 13966 13968 13968 13970 13973 13974 13974 13976 13976 13978 13980 13980 13982 13984 13986 13988 13988 13990 13990 13992 13994 13996 13996 13998 13998 13998 13998 14001 14002 14004 14006 14006 14008 14011 14012 14012 14014 14014 14017 14019 14020 14022 14022 14024 14027 14028 14028 14030 14033 14034 14034 14036 14038 14040 14040 14042 14042 14044 14046 14046 14048 14050 14052 14054 14054 14056 14056 14058 14060 14060 14063 14064 14064 14066 14068 14070 14072 14072 14074 14074 14077 14078 14078 14080 14082 14084 14084 14086 14088 14090 14090 14092 14092 14092 14094 14096 14098 14100 14100 14102 14105 14106 14106 14106 14108 14110 14110 14110 14112 14115 14117 14118 14118 14118 14120 14123 14124 14124 14126 14126 14128 14131 14132 14134 14134 14136 14138 14140 14140 14140 14142 14144 14144 14144 14146 14148 14150 14150 14152 14155 14156 14158 14158 14160 14160 14162 14164 14167 14168 14168 14170 14172 14174 14174 14176 14179 14180 14180 14180 14182 14184 14186 14188 14188 14188 14190 14192 14192 14194 14196 14196 14198 14200 14200 14202 14204 14206 14206 14206 14208 14211 14211 14212 14214 14214 14216 14218 14220 14220 14222 14225 14226 14226 14228 14228 14230 14233 14234 14236 14236 14238 14238 14240 14242 14244 14244 14246 14248 14250 14250 14252 14254 14256 14256 14256 14258 14261 14262 14262 14262 14264 14267 14268 14270 14272 14272 14272 14274 14276 14278 14278 14278 14280 14282 14284 14287 14288 14288 14288 14290 14293 14293 14293 14294 14294 14296 14298 14298 14300 14300 14303 14305 14305 14307 14309 14309 14311 14313 14315 14315 14317 14319 14321 14321 14323 14325 14325 14327 14329 14330 14330 14330 14332 14334 14337 14338 14338 14338 14340 14340 14342 14344 14347 14349 14351 14352 14352 14354 14354 14356 14359 14360 14360 14362 14362 14362 14364 14366 14366 14368 14370 14372 14372 14374 14376 14378 14378 14380 14382 14384 14384 14386 14388 14388 14390 14393 14394 14394 14394 14396 14398 14398 14400 14400 14400 14403 14404 14404 14406 14408 14410 14410 14412 14412 14414 14416 14418 14420 14420 14422 14425 14426 14426 14428 14428 14430 14433 14434 14436 14436 14438 14438 14440 14442 14442 14444 14446 14446 14448 14450 14450 14452 14452 14454 14454 14456 14456 14458 14458 14460 14460 14462 14465 14467 14468 14468 14470 14470 14472 14472 14474 14476 14478 14480 14480 14482 14485 14486 14486 14488 14490 14490 14492 14494 14496 14496 14498 14498 14500 14502 14502 14504 14504 14506 14509 14510 14512 14512 14514 14516 14518 14518 14520 14520 14522 14522 14524 14526 14528 14528 14530 14532 14534 14534 14534 14536 14538 14538 14541 14543 14544 14544 14546 14548 14548 14550 14552 14554 14554 14556 14558 14560 14560 14562 14564 14566 14566 14568 14570 14572 14572 14574 14574 14576 14578 14580 14582 14584 14584 14586 14586 14588 14588 14590 14590 14592 14594 14594 14594 14596 14598 14601 14601 14602 14605 14606 14606 14608 14608 14610 14612 14615 14616 14616 14618 14620 14622 14622 14624 14626 14626 14628 14628 14630 14632 14632 14632 14635 14636 14636 14639 14640 14642 14642 14644 14647 14648 14648 14650 14653 14654 14654 14656 14656 14658 14660 14662 14662 14664 14666 14668 14668 14670 14673 14674 14674 14676 14676 14678 14681 14682 14682 14684 14684 14686 14686 14688 14691 14692 14692 14694 14696 14698 14700 14700 14702 14702 14704 14704 14706 14708 14710 14710 14712 14715 14716 14718 14718 14720 14722 14724 14724 14726 14729 14730 14730 14732 14732 14734 14736 14738 14740 14740 14740 14742 14742 14744 14746 14746 14748 14750 14750 14752 14752 14755 14755 14755 14756 14758 14760 14760 14762 14765 14766 14766 14768 14770 14772 14772 14774 14777 14778 14780 14780 14782 14782 14782 14784 14786 14786 14788 14791 14793 14794 14794 14796 14798 14800 14800 14802 14804 14806 14806 14808 14808 14808 14810 14812 14814 14814 14816 14819 14819 14820 14823 14824 14824 14826 14826 14828 14830 14832 14832 14832 14834 14836 14838 14838 14840 14843 14844 14844 14846 14848 14850 14850 14852 14854 14854 14856 14858 14860 14860 14862 14864 14866 14866 14866 14868 14868 14870 14870 14873 14874 14874 14876 14878 14880 14880 14882 14882 14884 14884 14886 14888 14888 14890 14892 14894 14894 14896 14899 14900 14900 14902 14904 14906 14906 14908 14910 14910 14912 14915 14916 14916 14916 14916 14918 14918 14921 14921 14922 14922 14924 14924 14926 14926 14928 14930 14932 14932 14934 14937 14937 14938 14938 14940 14942 14942 14944 14944 14946 14946 14948 14948 14950 14950 14952 14954 14956 14958 14958 14958 14960 14960 14963 14965 14966 14966 14968 14968 14970 14972 14974 14974 14976 14978 14980 14980 14982 14984 14986 14986 14986 14988 14990 14990 14992 14995 14996 14996 14998 15000 15002 15002 15004 15006 15006 15008 15008 15010 15012 15012 15012 15014 15014 15016 15019 15020 15020 15022 15024 15026 15026 15028 15031 15032 15032 15034 15034 15036 15038 15038 15040 15040 15042 15042 15044 15044 15046 15046 15048 15050 15052 15052 15054 15056 15058 15058 15058 15060 15062 15062 15064 15064 15066 15066 15068 15068 15070 15073 15074 15074 15076 15076 15078 15081 15082 15082 15084 15086 15088 15088 15090 15092 15092 15094 15094 15096 15096 15098 15100 15102 15102 15105 15106 15108 15108 15110 15112 15114 15116 15116 15118 15120 15122 15122 15124 15124 15124 15126 15126 15126 15128 15131 15132 15132 15134 15136 15138 15138 15140 15142 15142 15144 15146 15148 15148 15150 15150 15150 15152 15152 15155 15156 15156 15158 15160 15162 15165 15166 15166 15168 15170 15172 15172 15174 15174 15176 15176 15176 15178 15181 15182 15184 15186 15186 15188 15190 15192 15192 15194 15194 15197 15197 15198 15198 15200 15203 15204 15204 15206 15206 15206 15208 15210 15213 15214 15214 15216 15218 15220 15220 15222 15225 15226 15226 15226 15228 15228 15230 15230 15232 15234 15234 15236 15238 15240 15240 15242 15242 15244 15244 15244 15246 15246 15248 15251 15252 15254 15256 15256 15258 15260 15262 15262 15264 15264 15264 15267 15268 15268 15268 15270 15272 15272 15274 15274 15276 15278 15278 15280 15282 15284 15284 15286 15286 15288 15290 15292 15294 15294 15296 15298 15300 15300 15302 15304 15304 15306 15308 15310 15310 15312 15315 15315 15316 15319 15320 15320 15322 15325 15326 15326 15326 15328 15330 15330 15332 15334 15334 15336 15338 15340 15340 15340 15342 15344 15344 15344 15346 15349 15350 15350 15352 15352 15352 15354 15357 15359 15359 15361 15361 15363 15364 15366 15368 15368 15370 15372 15374 15374 15376 15378 15380 15380 15382 15384 15386 15386 15388 15390 15390 15392 15395 15396 15396 15398 15400 15402 15402 15404 15407 15408 15408 15410 15410 15410 15412 15415 15415 15416 15416 15418 15418 15421 15421 15422 15424 15424 15426 15429 15429 15430 15432 15434 15434 15436 15438 15438 15440 15443 15444 15444 15446 15448 15450 15450 15452 15452 15454 15457 15458 15458 15460 15460 15460 15462 15462 15464 15467 15467 15469 15470 15470 15472 15474 15476 15476 15478 15480 15482 15482 15484 15486 15488 15488 15488 15490 15492 15494 15496 15496 15498 15498 15498 15500 15502 15502 15504 15507 15508 15508 15508 15510 15510 15512 15512 15514 15516 15518 15520 15520 15522 15524 15526 15526 15528 15530 15532 15532 15532 15534 15536 15538 15540 15540 15542 15542 15545 15545 15546 15549 15550 15550 15552 15554 15554 15556 15559 15560 15560 15562 15564 15566 15566 15568 15570 15572 15572 15574 15576 15578 15578 15580 15582 15582 15584 15584 15584 15586 15588 15591 15593 15594 15594 15596 15596 15596 15598 15600 15603 15605 15605 15606 15606 15609 15610 15610 15610 15612 15614 15617 15618 15618 15620 15622 15624 15624 15626 15628 15630 15630 15632 15632 15634 15636 15638 15638 15640 15640 15643 15643 15644 15647 15648 15648 15650 15652 15652 15654 15656 15656 15658 15661 15662 15662 15664 15664 15666 15668 15670 15672 15672 15674 15674 15677 15678 15680 15682 15682 15684 15686 15688 15688 15690 15690 15692 15694 15696 15698 15698 15700 15700 15702 15702 15705 15706 15706 15708 15708 15710 15712 15714 15716 15716 15718 15720 15722 15722 15724 15726 15728 15728 15730 15730 15730 15732 15734 15736 15736 15738 15740 15740 15742 15744 15746 15746 15748 15748 15750 15752 15752 15754 15756 15756 15758 15761 15763 15764 15764 15766 15766 15768 15770 15770 15772 15774 15774 15776 15778 15780 15780 15782 15784 15786 15786 15788 15791 15791 15792 15792 15795 15796 15796 15798 15800 15800 15802 15804 15806 15806 15808 15808 15810 15812 15812 15815 15816 15816 15818 15818 15820 15820 15822 15824 15824 15826 15826 15829 15829 15830 15830 15832 15834 15836 15836 15838 15840 15842 15842 15844 15846 15846 15846 15848 15850 15852 15852 15852 15854 15857 15857 15858 15860 15860 15860 15862 15864 15867 15868 15868 15870 15872 15874 15874 15876 15879 15879 15880 15883 15884 15884 15886 15886 15888 15890 15892 15894 15894 15896 15898 15900 15900 15902 15904 15906 15906 15906 15908 15910 15912 15914 15914 15916 15916 15918 15920 15922 15924 15924 15926 15926 15928 15930 15933 15934 15934 15936 15938 15938 15940 15942 15944 15944 15944 15946 15948 15950 15952 15952 15954 15956 15958 15958 15958 15960 15962 15964 15964 15966 15968 15970 15970 15972 15972 15972 15974 15976 15978 15978 15980 15982 15984 15984 15984 15986 15988 15988 15990 15992 15994 15996 15996 15998 16001 16002 16002 16004 16006 16006 16008 16010 16012 16012 16014 16014 16017 16017 16017 16018 16021 16022 16022 16024 16026 16028 16028 16028 16030 16032 16034 16034 16036 16036 16038 16040 16043 16044 16044 16044 16044 16046 16048 16048 16048 16050 16052 16054 16054 16056 16058 16058 16061 16062 16062 16064 16064 16066 16066 16066 16068 16070 16070 16072 16075 16076 16076 16076 16078 16078 16081 16082 16084 16084 16086 16089 16089 16090 16093 16094 16094 16094 16096 16098 16101 16102 16102 16104 16104 16104 16106 16109 16110 16112 16114 16114 16116 16116 16119 16120 16122 16124 16126 16126 16128 16131 16132 16132 16134 16136 16138 16138 16140 16143 16144 16144 16146 16146 16148 16150 16152 16152 16154 16154 16156 16158 16160 16162 16162 16164 16164 16166 16168 16168 16170 16172 16174 16174 16176 16176 16176 16178 16180 16180 16182 16182 16184 16187 16188 16190 16192 16192 16194 16197 16198 16198 16200 16202 16204 16204 16206 16206 16208 16210 16210 16212 16214 16214 16216 16218 16221 16222 16222 16224 16226 16226 16228 16231 16232 16232 16234 16236 16238 16238 16240 16240 16242 16244 16246 16246 16248 16250 16250 16252 16254 16256 16256 16258 16260 16262 16262 16262 16264 16266 16268 16268 16270 16272 16272 16274 16276 16278 16278 16280 16282 16284 16284 16286 16288 16290 16290 16290 16292 16292 16294 16294 16297 16298 16298 16298 16300 16300 16302 16305 16306 16308 16308 16310 16312 16314 16314 16316 16318 16320 16320 16320 16322 16324 16324 16326 16328 16330 16330 16332 16334 16336 16336 16338 16338 16340 16343 16344 16344 16346 16348 16350 16350 16352 16354 16356 16356 16358 16358 16360 16362 16364 16364 16366 16366 16368 16368 16370 16372 16374 16374 16376 16378 16378 16380 16380 16382 16382 16384 16384 16386 16386 16388 16390 16390 16392 16394 16396 16396 16398 16398 16400 16402 16402 16402 16404 16406 16406 16408 16408 16410 16412 16414 16416 16416 16418 16421 16421 16422 16422 16425 16426 16426 16428 16431 16432 16434 16434 16436 16436 16436 16439 16440 16443 16444 16444 16446 16449 16450 16450 16452 16454 16456 16456 16458 16458 16458 16460 16462 16462 16462 16464 16466 16468 16468 16470 16470 16470 16472 16474 16476 16478 16478 16480 16480 16482 16484 16486 16488 16488 16490 16490 16492 16494 16494 16497 16498 16498 16500 16502 16504 16504 16504 16506 16506 16506 16508 16510 16513 16514 16516 16516 16518 16520 16520 16522 16524 16526 16526 16526 16528 16530 16532 16532 16534 16536 16538 16538 16540 16542 16544 16544 16546 16549 16549 16550 16553 16554 16554 16556 16558 16560 16560 16562 16564 16566 16566 16568 16570 16570 16573 16574 16574 16576 16578 16580 16580 16582 16585 16586 16586 16588 16590 16592 16592 16594 16594 16594 16594 16597 16597 16598 16600 16600 16602 16604 16604 16606 16608 16610 16610 16612 16614 16614 16614 16616 16618 16618 16620 16620 16622 16625 16627 16628 16628 16630 16632 16634 16634 16637 16638 16638 16640 16640 16642 16642 16644 16644 16646 16648 16648 16650 16650 16650 16652 16654 16657 16658 16658 16660 16663 16664 16664 16666 16668 16670 16670 16672 16672 16674 16674 16676 16676 16678 16680 16682 16682 16684 16684 16686 16686 16688 16690 16692 16694 16696 16696 16696 16698 16698 16700 16700 16702 16704 16704 16706 16708 16710 16710 16712 16712 16714 16714 16716 16716 16718 16720 16720 16722 16722 16725 16726 16726 16728 16730 16732 16732 16734 16736 16736 16738 16740 16742 16742 16744 16746 16748 16748 16750 16753 16754 16754 16756 16756 16758 16758 16760 16762 16762 16764 16766 16768 16768 16770 16770 16772 16774 16776 16776 16778 16778 16778 16780 16783 16784 16787 16788 16788 16790 16790 16792 16795 16796 16796 16798 16800 16802 16802 16802 16804 16806 16808 16811 16812 16812 16812 16814 16816 16816 16818 16820 16820 16822 16822 16824 16824 16826 16826 16828 16828 16830 16832 16832 16834 16836 16838 16838 16840 16842 16844 16844 16846 16846 16846 16848 16850 16853 16854 16854 16856 16856 16859 16860 16863 16864 16864 16866 16866 16866 16869 16870 16872 16872 16874 16874 16876 16876 16878 16881 16882 16884 16884 16886 16888 16888 16888 16890 16890 16893 16895 16896 16898 16898 16898 16900 16900 16900 16902 16904 16906 16909 16910 16910 16912 16914 16914 16916 16918 16918 16920 16920 16922 16924 16924 16926 16929 16930 16930 16932 16932 16934 16934 16936 16938 16938 16940 16943 16944 16944 16946 16948 16950 16950 16952 16952 16954 16954 16956 16956 16958 16960 16960 16963 16964 16964 16966 16969 16970 16972 16974 16974 16976 16978 16980 16980 16982 16982 16984 16986 16986 16988 16990 16990 16992 16994 16996 16996 16998 16998 17000 17002 17005 17006 17006 17006 17008 17010 17010 17012 17012 17012 17014 17016 17018 17020 17020 17020 17022 17024 17026 17026 17028 17030 17032 17032 17034 17034 17034 17036 17038 17040 17040 17042 17044 17046 17046 17048 17048 17050 17052 17054 17054 17056 17059 17060 17060 17062 17062 17064 17066 17066 17068 17068 17070 17070 17072 17074 17076 17076 17078 17078 17080 17080 17080 17082 17082 17085 17085 17087 17088 17088 17090 17090 17092 17095 17096 17096 17098 17098 17100 17102 17104 17106 17106 17108 17108 17111 17112 17112 17114 17116 17118 17118 17120 17122 17124 17126 17126 17128 17128 17130 17130 17132 17134 17136 17136 17138 17138 17140 17140 17142 17144 17146 17146 17146 17148 17151 17151 17152 17155 17157 17158 17158 17160 17162 17164 17164 17166 17166 17169 17170 17172 17172 17174 17176 17178 17178 17180 17180 17182 17182 17184 17186 17186 17188 17188 17190 17190 17190 17192 17195 17196 17196 17196 17198 17201 17202 17202 17204 17204 17206 17206 17209 17211 17212 17214 17216 17216 17216 17218 17218 17220 17222 17224 17227 17228 17228 17230 17232 17234 17234 17236 17238 17238 17238 17240 17243 17244 17244 17246 17249 17250 17250 17252 17252 17254 17254 17256 17256 17258 17261 17261 17262 17265 17266 17266 17266 17268 17268 17270 17272 17272 17274 17276 17276 17279 17280 17280 17282 17284 17284 17286 17288 17290 17290 17292 17292 17294 17296 17298 17300 17300 17300 17302 17304 17307 17308 17308 17310 17310 17310 17312 17312 17314 17316 17316 17318 17320 17320 17320 17322 17324 17326 17326 17328 17330 17332 17332 17334 17336 17336 17338 17341 17342 17342 17342 17344 17346 17346 17349 17350 17352 17352 17354 17356 17358 17358 17360 17360 17360 17362 17365 17366 17368 17370 17370 17372 17374 17376 17376 17378 17378 17380 17383 17384 17387 17388 17388 17390 17392 17394 17394 17396 17396 17398 17400 17402 17402 17402 17402 17404 17404 17406 17406 17408 17408 17410 17413 17414 17416 17416 17418 17420 17422 17424 17426 17426 17426 17428 17428 17428 17430 17432 17435 17436 17438 17438 17440 17440 17443 17443 17444 17444 17446 17446 17448 17451 17452 17454 17454 17454 17456 17456 17458 17460 17462 17462 17464 17467 17467 17467 17469 17471 17472 17474 17474 17476 17479 17480 17480 17482 17484 17486 17486 17488 17491 17492 17492 17494 17494 17496 17496 17498 17500 17502 17504 17504 17506 17506 17508 17510 17510 17510 17512 17512 17514 17516 17518 17520 17520 17522 17524 17524 17524 17526 17529 17530 17530 17532 17534 17536 17536 17538 17540 17540 17542 17545 17546 17546 17548 17548 17550 17550 17550 17552 17554 17556 17556 17558 17560 17562 17562 17564 17567 17568 17568 17570 17572 17574 17574 17576 17578 17578 17580 17582 17584 17584 17584 17586 17589 17589 17590 17592 17594 17596 17596 17596 17598 17600 17602 17602 17604 17607 17608 17608 17608 17608 17611 17611 17613 17614 17614 17616 17618 17622 17623 17623 17624
3 4 4 6 8 8 11 12 12 14 17 18 18 21 21 22 24 26 29 32 33 33 34
2 4 7 8 8 11 12 12 14 17 18 18 21 22 22 25 26 26 28 31 32 32 35 36 36 38 41 42 42 45 47 48 51 51 53 55 55 57 57 59 60 63 63 65 66 69 69 71 73 75 75 77 77 79 80 83 83 85 87 87 89 90 93 93 95 97 97 99 101 102 105 105 107 109 109 111 112 115 115 117 119 121 121 123 125 127 127 129 131 133 133 133 135 137 139 141 141 143 145 145 147 149 150 153 153 154 157 157 159 160 163 163 165 167 167 169 170 173 173 175 176 179 179 181 182 185 185 187 187 189 191 193 193 195 196 199 199 201 203 203 205 206 209 209 211 211 213 214 217 217 219 220 223 223 225 227 227 229 231 233 235 235 237 238 241 241 243 243 245 246 249 249 251 253 253 255 256 259 259 261 263 263 264 267 267 268 271 271 273 274 277 277 279 280 283 283 284 287 287 289 290 293 293 295 297 299 299 301 301 303 305 307 309 309 310 313 313 315 317 317 319 321 323 323 325 325 327 327 329 330 333 333 335 337 337 339 340 343 343 345 346 349 349 351 353 355 355 357 359 359 361 362 365 365 367 368 371 371 373 373 375 376 379 379 381 382 385 385 387 388 391 391 392 395 395 395 395 395 397 399 401 401 403 405 407 407 409 411 413 413 413 414 416 419 421 422 422 424 424 426 429 430 430 432 434 434 436 438 440 440 442 444 446 446 448 450 450 452 454 454 456 458 460 460 462 464 464 466 466 468 470 470 472 475 476 476 478 481 482 482 482 484 486 486 488 490 492 492 494 497 498 498 500 500 502 504 506 506 508 510 510 512 514 516 516 518 521 522 522 524 524 526 529 530 530 532 534 534 536 538 540 540 542 544 546 546 548 551 552 552 554 554 556 558 560 560 562 564 564 566 569 570 570 572 575 577 578 578 580 580 582 584 587 588 588 590 592 592 594 597 598 598 600 603 604 604 606 606 608 611 612 612 614 617 618 618 621 622 622 624 627 628 628 630 633 634 634 637 639 641 641 642 642 645 647 647 647 649 651 653 653 655 657 657 659 661 663 663 665 667 669 669 671 672 675 675 675 677 678 681 681 683 685 687 687 689 691 691 692 695 695 697 698 701 701 703 705 707 707 709 711 713 713 715 715 717 718 721 721 723 725 727 727 729 731 731 733 734 737 737 739 741 743 743 745 745 747 749 751 753 753 754 757 757 759 760 763 763 765 767 767 769 771 773 773 775 777 777 779 781 783 783 784 787 787 789 790 793 793 795 797 799 799 801 803 803 805 806 809 809 809 809 811 812 815 815 816 819 819 821 823 825 825 827 829 829 831 833 835 835 837 839 841 841 843 845 847 847 849 849 851 852 855 855 857 859 861 861 863 864 867 867 869 871 871 873 875 877 877 879 880 883 883 885 887 887 889 890 893 893 894 897 897 899 900 903 903 904 907 907 909 911 913 913 915 917 917 919 921 922 925 925 927 927 929 930 933 933 935 937 937 939 940 943 943 945 947 949 949 950 952 954 956 958 958 960 962 964 964 966 968 970 970 973 974 974 976 978 978 980 982 984 986 986 988 988 990 990 992 994 996 996 999 999 1000 1003 1003 1005 1006 1009 1009 1011 1012 1015 1015 1017 1019 1019 1021 1023 1025 1027 1027 1028 1031 1032 1032 1035 1036 1036 1038 1041 1043 1043 1044 1044 1046 1049 1050 1050 1052 1052 1054 1057 1058 1058 1060 1063 1064 1064 1066 1068 1068 1070 1073 1074 1074 1076 1078 1078 1081 1081 1083 1085 1085 1087 1087 1089 1091 1093 1093 1095 1097 1099 1099 1101 1103 1103 1105 1106 1109 1109 1111 1113 1115 1115 1117 1118 1121 1121 1123 1124 1127 1127 1129 1130 1133 1133 1134 1137 1137 1139 1139 1141 1143 1143 1145 1147 1149 1151 1151 1153 1153 1155 1156 1159 1159 1161 1163 1163 1165 1167 1169 1169 1171 1172 1175 1175 1177 1179 1181 1183 1183 1184 1187 1187 1189 1191 1193 1193 1195 1197 1199 1199 1201 1201 1203 1205 1207 1207 1209 1211 1211 1213 1215 1217 1217 1219 1220 1223 1223 1224 1227 1227 1229 1230 1233 1233 1235 1237 1237 1239 1240 1243 1243 1245 1247 1247 1247 1247 1249 1251 1253 1253 1255 1257 1259 1259 1261 1262 1265 1265 1267 1269 1269 1271 1272 1275 1275 1277 1277 1279 1281 1283 1283 1285 1286 1289 1289 1290 1293 1293 1295 1297 1298 1300 1300 1303 1303 1305 1306 1309 1309 1311 1313 1313 1315 1317 1319 1319 1321 1323 1323 1325 1327 1329 1331 1331 1333 1333 1335 1337 1337 1339 1341 1341 1343 1345 1347 1347 1349 1351 1351 1353 1355 1355 1357 1359 1361 1361 1363 1365 1367 1367 1369 1370 1373 1373 1375 1377 1377 1379 1381 1383 1383 1385 1387 1389 1389 1391 1393 1393 1395 1396 1399 1399 1400 1403 1403 1405 1407 1407 1409 1410 1413 1413 1415 1416 1419 1419 1420 1423 1423 1425 1426 1429 1429 1431 1433 1433 1435 1436 1439 1439 1441 1441 1441 1443 1443 1445 1446 1449 1449 1451 1453 1453 1455 1457 1459 1459 1461 1463 1465 1467 1467 1469 1469 1471 1473 1475 1475 1477 1479 1480 1483 1483 1485 1485 1487 1489 1489 1491 1492 1495 1495 1497 1498 1501 1501 1502 1505 1505 1507 1509 1510 1513 1513 1515 1515 1517 1519 1521 1521 1523 1524 1527 1527 1529 1531 1531 1533 1535 1537 1537 1539 1541 1541 1543 1545 1547 1547 1549 1551 1553 1555 1555 1557 1557 1559 1561 1561 1563 1565 1565 1567 1567 1569 1570 1573 1573 1574 1577 1577 1579 1580 1583 1583 1585 1587 1589 1589 1591 1592 1595 1595 1597 1599 1599 1601 1602 1605 1605 1605 1605 1607 1609 1609 1611 1613 1613 1615 1617 1619 1619 1621 1621 1623 1624 1627 1627 1629 1630 1633 1633 1633 1633 1635 1637 1637 1639 1640 1643 1643 1645 1647 1649 1649 1651 1653 1655 1655 1657 1659 1659 1660 1663 1663 1665 1665 1667 1669 1671 1671 1673 1674 1677 1677 1679 1680 1683 1683 1685 1687 1689 1689 1691 1692 1695 1695 1697 1699 1701 1701 1703 1705 1705 1707 1707 1709 1710 1713 1715 1715 1717 1717 1719 1721 1721 1722 1725 1726 1726 1726 1728 1730 1730 1733 1734 1734 1737 1737 1737 1739 1741 1741 1743 1745 1747 1747 1749 1750 1753 1753 1754 1757 1757 1757 1759 1761 1763 1763 1765 1767 1767 1769 1770 1773 1773 1775 1775 1775 1777 1777 1778 1781 1783 1783 1783 1785 1785 1785 1787 1789 1791 1791 1793 1795 1797 1797 1797 1799 1801 1803 1803 1805 1807 1809 1811 1811 1813 1813 1815 1815 1817 1817 1819 1821 1823 1823 1825 1827 1827 1827 1829 1829 1830 1833 1833 1835 1837 1839 1839 1841 1841 1843 1843 1843 1845 1847 1849 1849 1851 1852 1855 1855 1857 1859 1859 1859 1861 1863 1865 1865 1867 1869 1871 1871 1871 1873 1875 1877 1877 1879 1881 1883 1885 1885 1887 1888 1891 1891 1893 1894 1897 1897 1899 1901 1901 1903 1904 1907 1907 1909 1911 1913 1913 1915 1915 1915 1917 1917 1917 1917 1919 1921 1923 1923 1925 1927 1929 1929 1929 1931 1932 1935 1935 1937 1938 1941 1941 1943 1945 1945 1947 1949 1951 1951 1953 1954 1957 1957 1958 1961 1961 1963 1965 1967 1967 1969 1971 1973 1973 1975 1975 1977 1978 1981 1981 1983 1985 1987 1987 1989 1990 1993 1993 1994 1997 1997 1999 2000 2003 2003 2005 2006 2008 2008 2011 2011 2013 2015 2017 2017 2019 2019 2021 2023 2025 2025 2027 2027 2029 2030 2033 2033 2035 2036 2039 2039 2040 2042 2044 2044 2047 2047 2049 2050 2053 2053 2055 2055 2057 2057 2057 2057 2059 2061 2063 2063 2065 2066 2069 2069 2071 2071 2073 2075 2077 2077 2079 2081 2083 2083 2085 2086 2089 2089 2091 2093 2095 2095 2095 2097 2098 2101 2101 2103 2105 2105 2107 2109 2111 2111 2113 2115 2117 2117 2119 2120 2123 2123 2125 2125 2127 2128 2131 2131 2133 2135 2135 2137 2139 2141 2141 2143 2144 2147 2147 2149 2149 2151 2152 2155 2155 2157 2158 2161 2161 2163 2164 2167 2167 2169 2171 2173 2173 2173 2175 2175 2177 2179 2181 2183 2183 2183 2185 2185 2185 2187 2187 2187 2187 2189 2189 2191 2192 2195 2195 2197 2198 2201 2201 2203 2203 2205 2207 2209 2209 2210 2213 2213 2215 2216 2219 2219 2221 2222 2225 2225 2227 2229 2229 2231 2231 2233 2235 2237 2237 2239 2241 2241 2243 2245 2247 2247 2249 2250 2253 2253 2255 2257 2259 2259 2260 2263 2263 2265 2265 2267 2269 2271 2272 2272 2275 2275 2276 2279 2281 2281 2283 2283 2284 2286 2288 2288 2291 2291 2293 2294 2297 2297 2299 2301 2303 2305 2305 2307 2307 2308 2311 2313 2313 2315 2315 2316 2319 2319 2320 2323 2323 2325 2327 2329 2329 2331 2333 2335 2335 2335 2337 2338 2341 2341 2343 2345 2345 2347 2348 2351 2351 2352 2355 2355 2357 2359 2361 2361 2363 2365 2367 2367 2369 2371 2371 2373 2373 2375 2376 2379 2379 2381 2383 2385 2385 2387 2389 2389 2391 2393 2395 2395 2397 2398 2401 2401 2403 2404 2407 2407 2409 2411 2413 2413 2414 2417 2417 2419 2419 2421 2422 2425 2425 2427 2429 2429 2431 2433 2435 2435 2437 2439 2441 2441 2441 2443 2445 2447 2447 2449 2451 2451 2451 2451 2453 2455 2456 2459 2459 2461 2463 2465 2465 2465 2467 2468 2471 2471 2473 2475 2475 2477 2477 2479 2480 2483 2483 2484 2487 2487 2489 2491 2492 2495 2495 2497 2497 2499 2500 2502 2504 2506 2506 2508 2510 2510 2512 2515 2516 2516 2518 2521 2521 2521 2521 2523 2525 2527 2527 2529 2531 2533 2533 2535 2536 2539 2541 2541 2542 2544 2546 2546 2548 2550 2553 2553 2555 2557 2557 2559 2559 2561 2563 2565 2565 2567 2568 2571 2571 2573 2573 2575 2577 2579 2579 2581 2582 2585 2585 2587 2589 2591 2591 2593 2595 2595 2597 2597 2599 2601 2603 2603 2605 2606 2609 2609 2611 2611 2613 2615 2616 2616 2618 2620 2622 2622 2624 2627 2628 2628 2630 2632 2632 2634 2634 2636 2636 2636 2638 2641 2642 2642 2644 2646 2648 2648 2650 2650 2652 2652 2654 2656 2656 2658 2661 2662 2662 2664 2666 2666 2668 2670 2670 2672 2675 2676 2676 2678 2680 2680 2682 2684 2686 2686 2688 2690 2690 2692 2695 2696 2696 2698 2700 2702 2702 2704 2707 2708 2708 2710 2710 2712 2714 2716 2716 2718 2720 2722 2722 2724 2726 2726 2728 2730 2732 2732 2734 2736 2736 2738 2741 2743 2743 2745 2746 2749 2749 2751 2753 2755 2755 2756 2759 2759 2761 2762 2764 2764 2766 2768 2768 2770 2772 2774 2774 2776 2778 2778 2780 2782 2782 2784 2787 2788 2788 2791 2792 2792 2794 2796 2798 2798 2800 2803 2804 2804 2806 2806 2808 2811 2812 2812 2815 2816 2816 2818 2820 2822 2822 2824 2826 2828 2828 2830 2832 2834 2834 2836 2836 2839 2839 2840 2842 2842 2845 2845 2847 2849 2851 2851 2853 2855 2855 2857 2858 2861 2861 2863 2865 2866 2869 2869 2869 2871 2872 2875 2875 2877 2879 2879 2881 2882 2885 2885 2887 2888 2891 2891 2893 2895 2897 2897 2897 2899 2900 2903 2903 2905 2907 2907 2909 2909 2911 2911 2913 2913 2915 2916 2919 2919 2921 2923 2925 2925 2925 2925 2925 2927 2929 2931 2931 2933 2935 2935 2937 2939 2941 2941 2943 2944 2947 2947 2949 2949 2951 2952 2955 2955 2957 2959 2961 2961 2963 2965 2965 2967 2968 2971 2971 2973 2974 2977 2977 2979 2979 2981 2982 2985 2985 2987 2989 2991 2991 2993 2995 2997 2997 2998 3001 3003 3003 3003 3005 3007 3009 3009 3011 3013 3013 3015 3015 3015 3017 3019 3019 3019 3021 3023 3025 3025 3027 3029 3029 3031 3032 3035 3035 3037 3038 3038 3041 3041 3043 3045 3047 3047 3049 3051 3053 3053 3055 3057 3059 3059 3059 3061 3063 3065 3065 3067 3069 3071 3071 3073 3073 3075 3077 3079 3079 3081 3083 3085 3085 3087 3088 3091 3091 3093 3095 3097 3097 3099 3101 3103 3103 3103 3105 3107 3109 3109 3111 3113 3113 3115 3116 3119 3119 3121 3121 3123 3125 3125 3127 3129 3131 3131 3133 3135 3135 3137 3139 3141 3141 3143 3145 3147 3147 3149 3151 3153 3153 3155 3157 3159 3159 3159 3161 3163 3165 3165 3167 3167 3169 3169 3171 3172 3175 3175 3177 3179 3181 3181 3183 3184 3187 3187 3189 3191 3191 3193 3194 3197 3197 3199 3201 3201 3203 3204 3207 3207 3209 3210 3213 3213 3215 3217 3217 3219 3221 3223 3223 3225 3227 3229 3229 3230 3233 3234 3234 3236 3238 3240 3240 3242 3244 3244 3246 3248 3250 3250 3252 3254 3256 3256 3258 3260 3262 3262 3264 3266 3266 3268 3270 3272 3272 3274 3276 3278 3278 3280 3282 3284 3284 3287 3288 3288 3290 3293 3294 3294 3296 3298 3298 3300 3302 3304 3304 3306 3308 3308 3310 3313 3314 3314 3317 3318 3318 3320 3322 3324 3324 3324 3326 3329 3330 3330 3332 3335 3336 3336 3338 3340 3342 3342 3345 3346 3346 3348 3350 3350 3352 3354 3356 3356 3358 3360 3360 3362 3364 3366 3366 3368 3371 3372 3372 3375 3376 3376 3378 3380 3382 3382 3384 3386 3386 3388 3390 3392 3392 3394 3396 3398 3398 3400 3402 3402 3404 3406 3408 3408 3410 3412 3414 3414 3416 3418 3418 3420 3422 3424 3424 3426 3428 3430 3430 3432 3434 3434 3436 3439 3440 3440 3442 3444 3444 3446 3448 3450 3450 3452 3454 3456 3456 3458 3460 3460 3462 3464 3466 3466 3468 3470 3472 3472 3472 3474 3476 3478 3478 3480 3482 3484 3484 3487 3488 3488 3490 3493 3494 3494 3496 3498 3500 3500 3502 3504 3504 3506 3508 3510 3510 3512 3514 3514 3516 3518 3520 3520 3522 3524 3524 3526 3528 3530 3530 3532 3534 3536 3536 3538 3540 3540 3542 3544 3546 3546 3548 3550 3552 3552 3554 3556 3556 3558 3560 3562 3562 3564 3566 3568 3568 3571 3572 3572 3574 3577 3578 3578 3580 3582 3584 3584 3586 3588 3588 3590 3592 3594 3594 3596 3598 3600 3600 3602 3604 3604 3606 3608 3610 3610 3612 3614 3616 3616 3618 3620 3620 3622 3624 3626 3626 3629 3630 3630 3632 3634 3636 3636 3638 3640 3640 3642 3644 3646 3646 3648 3650 3652 3652 3655 3656 3656 3658 3660 3662 3662 3664 3666 3668 3668 3670 3670 3672 3674 3676 3676 3678 3680 3682 3682 3684 3684 3686 3688 3688 3690 3692 3694 3694 3696 3698 3698 3700 3702 3704 3704 3706 3708 3710 3712 3712 3714 3716 3716 3718 3720 3722 3722 3724 3726 3726 3728 3730 3732 3732 3734 3736 3736 3738 3740 3742 3742 3744 3746 3746 3748 3750 3750 3752 3754 3756 3756 3758 3760 3760 3762 3764 3766 3766 3768 3770 3770 3772 3774 3776 3776 3778 3780 3780 3782 3784 3784 3786 3786 3788 3790 3792 3792 3794 3796 3798 3798 3800 3802 3804 3804 3806 3808 3810 3810 3812 3814 3816 3816 3818 3820 3822 3822 3824 3826 3828 3828 3830 3832 3834 3834 3836 3838 3840 3840 3842 3844 3846 3846 3848 3850 3852 3854 3854 3856 3858 3858 3860 3862 3864 3864 3866 3868 3868 3870 3872 3874 3874 3876 3878 3880 3880 3882 3884 3884 3886 3888 3890 3890 3892 3894 3894 3896 3898 3900 3900 3902 3904 3904 3906 3908 3910 3910 3912 3914 3916 3916 3918 3920 3920 3922 3924 3926 3928 3928 3930 3932 3934 3934 3936 3938 3938 3940 3942 3944 3944 3946 3950 3951 3951 3951 3951 3951 3951 3951 3951 3951 3952
2 4 4 6 8 10 10 12 15 16 16 18 18 20 20 22 22 24 24 26 26 28 28 30 30 32 34 34 34 34 34 34 34 37 38 40 40 43 43 45 46 48 48 50 50 50 52 52 52 55 56 56 58 60 60 63 64 64 64 66 66 66 66 68 70 70 70 70 72 72 74 77 78 81 82 82 84 86 86 88 88 91 92 94 94 96 96 98 100 100 102 104 106 106 108 108 108 108 111 111 112 112 112 114 116 118 118 120 122 124 126 126 128 130 132 132 134 136 138 140 142 142 144 144 144 146 146 146 148 148 150 150 152 154 156 158 160 160 162 164 166 166 169 170 170 172 174 176 176 178 180 182 182 182 184 186 186 188 190 192 192 194 196 198 198 200 202 204 204 206 206 208 210 212 214 214 216 219 220 220 222 225 226 226 228 228 230 230 232 232 234 234 236 236 238 238 240 242 242 242 242 245 246 248 250 250 252 255 256 256 258 260 262 262 264 266 268 268 270 272 274 274 276 276 278 280 283 284 284 284 286 286 286 288 291 293 294 294 296 296 298 298 300 300 302 302 304 304 304 304 304 306 308 310 310 312 312 314 316 316 318 320 322 324 324 326 326 328 330 330 332 335 336 338 338 340 340 342 342 342 344 346 346 348 350 352 354 354 356 358 360 360 362 364 366 366 368 368 370 370 372 374 374 376 376 378 380 382 382 384 386 388 388 390 392 394 394 396 396 398 400 402 402 404 406 408 408 410 412 412 414 416 416 418 420 422 422 424 426 428 428 430 432 434 434 436 439 440 440 442 444 446 446 448 450 450 452 454 456 456 458 460 464 465 465 466
3 5 5 7 9 9 11 13 15 17 17 18 21 21 23 25 27 27 29 31 33 33 35 37 39 39 41 43 45 45 47 49 50 53 53 55 57 57 59 60 63 63 65 65 67 69 69 71 73 73 75 75 77 79 81 83 83 85 85 85 87 87 89 91 93 93 95 95 97 99 101 101 103 105 105 107 109 109 111 113 115 115 115 117 119 121 121 123 124 127 127 129 130 133 133 135 135 135 137 139 141 142 144 146 146 149 149 149 150 153 153 155 157 159 161 161 163 165 165 167 167 169 169 171 172 175 175 177 178 181 183 183 183 185 186 189 191 191 191 193 194 197 197 199 201 203 203 205 205 207 208 211 213 213 213 213 215 215 217 219 220 222 225 225 225 227 229 230 233 233 235 236 239 239 241 241 243 245 245 245 247 247 249 251 253 253 255 257 257 259 259 261 261 263 265 265 267 269 271 271 273 275 277 277 279 279 281 283 284 286 286 289 289 289 291 291 291 291 291 293 294 297 297 299 301 302 302 304 304 307 307 307 309 311 313 313 315 316 318 321 321 323 325 325 325 327 327 329 331 333 333 333 333 335 335 337 337 338 341 341 343 345 347 347 349 350 352 352 355 355 357 359 361 361 362 365 365 367 369 371 371 373 375 375 377 379 381 381 383 385 385 387 389 391 391 393 394 394 394 397 397 398 401 401 403 403 405 407 407 409 409 411 411 412 414 417 418 418 420 423 424 424 427 429 429 430 430 432 435 436 436 439 440 440 442 442 444 447 448 448 451 452 452 454 457 458 458 460 462 462 464 466 469 471 471 471 473 473 473 473 473 475 475 477 477 479 481 482 485 485 487 489 489 489 491 493 495 495 496 499 499 501 501 503 503 505 507 509 509 511 511 511 513 513 513 515 515 517 519 521 521 523 525 525 527 527 529 531 533 535 535 537 537 539 541 543 543 543 543 545 547 549 549 551 553 553 553 555 555 557 559 561 563 563 565 565 567 567 569 569 571 573 575 577 577 579 581 581 583 583 583 583 585 587 589 589 590 593 593 595 595 597 599 601 603 603 605 607 607 609 609 611 611 611 611 613 615 617 617 618 621 621 623 623 624 626 628 628 630 632 635 635 635 635 637 639 641 641 643 645 645 647 647 649 651 653 653 655 657 659 661 661 663 663 665 667 669 669 670 673 673 675 677 677 679 679 681 683 685 687 687 689 691 691 693 693 693 695 697 699 699 701 703 705 705 707 709 709 711 713 715 715 717 719 721 721 723 725 727 727 729 729 731 733 735 735 735 737 739 741 743 743 745 747 749 750 753 753 755 755 757 757 757 757 759 759 761 761 763 765 767 767 767 769 771 773 775 775 777 777 779 781 783 783 785 787 789 789 791 791 793 795 795 797 797 799 799 801 803 805 805 807 807 807 807 809 811 811 811 811 813 813 815 817 819 819 821 823 823 825 827 829 831 831 833 833 835 837 837 839 841 841 841 843 845 845 845 847 849 849 851 851 853 855 855 857 859 859 859 861 863 863 865 866 869 869 871 873 873 875 875 877 879 879 881 881 883 885 887 889 889 889 891 891 893 895 895 897 899 899 901 901 901 903 903 905 907 907 909 909 911 913 915 915 917 917 919 921 921 923 923 925 927 927 929 929 929 931 933 935 935 936 939 939 941 942 945 945 945 945 947 949 951 951 953 953 954 957 957 959 961 963 963 963 963 964 964 967 967 968 971 971 973 974 977 977 979 981 983 983 985 987 989 989 991 993 993 993 995 995 995 995 995 997 999 1001 1001 1003 1003 1005 1007 1007 1009 1009 1009 1011 1013 1015 1015 1017 1017 1019 1021 1023 1023 1025 1027 1029 1029 1030 1033 1033 1035 1035 1035 1035 1037 1039 1041 1043 1044 1047 1047 1049 1049 1051 1051 1051 1051 1051 1053 1053 1055 1057 1057 1059 1059 1061 1063 1065 1065 1065 1065 1065 1067 1067 1067 1069 1071 1073 1073 1075 1075 1077 1077 1079 1079 1080 1083 1083 1085 1087 1089 1089 1091 1093 1093 1095 1097 1098 1100 1103 1103 1103 1105 1105 1107 1109 1109 1111 1113 1113 1115 1117 1119 1119 1120 1122 1122 1125 1125 1126 1129 1129 1131 1131 1133 1133 1135 1135 1137 1139 1141 1141 1141 1142 1145 1145 1147 1147 1147 1149 1150 1153 1153 1155 1157 1159 1159 1161 1162 1165 1165 1167 1169 1171 1171 1173 1175 1177 1177 1179 1181 1183 1183 1183 1183 1185 1185 1185 1186 1189 1189 1191 1192 1195 1195 1197 1199 1201 1201 1203 1203 1205 1207 1208 1211 1211 1211 1213 1214 1217 1217 1219 1221 1223 1224 1227 1227 1227 1229 1231 1233 1235 1235 1237 1239 1241 1241 1241 1243 1243 1245 1247 1248 1251 1251 1251 1253 1255 1257 1257 1259 1259 1261 1263 1265 1267 1267 1267 1269 1271 1271 1273 1273 1275 1277 1279 1279 1281 1283 1283 1283 1285 1285 1285 1287 1289 1291 1291 1293 1295 1295 1297 1299 1300 1302 1302 1305 1305 1306 1308 1311 1311 1311 1313 1315 1315 1315 1317 1318 1321 1321 1322 1325 1325 1327 1327 1329 1331 1332 1334 1334 1337 1337 1339 1341 1341 1342 1344 1344 1346 1346 1348 1351 1351 1351 1352 1354 1354 1357 1357 1359 1361 1362 1365 1365 1365 1365 1367 1367 1368 1370 1370 1373 1375 1377 1377 1377 1377 1379 1380 1383 1383 1385 1387 1387 1389 1391 1391 1391 1391 1391 1393 1393 1395 1397 1399 1401 1401 1403 1404 1407 1407 1407 1407 1407 1409 1410 1413 1413 1415 1415 1415 1417 1417 1417 1419 1420 1423 1423 1424 1427 1427 1429 1431 1433 1435 1435 1437 1437 1439 1441 1441 1441 1441 1441 1441 1443 1443 1443 1443 1445 1445 1447 1447 1449 1451 1453 1454 1456 1456 1459 1459 1459 1461 1463 1463 1463 1463 1463 1465 1465 1466 1469 1471 1471 1471 1473 1475 1477 1477 1477 1479 1480 1483 1483 1483 1483 1485 1487 1489 1489 1489 1491 1493 1496 1497 1497 1497 1498
2 4 6 6 8 10 12 12 14 16 18 18 20 22 24 24 26 28 30 30 32 34 36 36 38 40 42 42 44 46 48 48 50 53 54 54 56 58 62 63 63 64

2 4 6 8 8 11 12 14 14 17 18 20 20 23 24 26 26 29 30 32 32 34 36 38 38 41 42 44 44 47 48 50 50 53 54 56 56 58 60 62 62 65 66 68 68 71 72 74 74 78 79 80
3 5 7 7 9 11 13 13 15 17 19 19 21 22 25 25 27 29 31 31 33 35 37 37 39 41 43 43 45 47 49 49 51 53 55 55 57 59 61 61 63 65 67 67 69 71 73 73 75 77 79 79 81 83 85 85 87 89 91 91 93 95 97 97 99 101 103 103 105 107 109 109 111 113 115 115 117 119 121 121 123 125 127 127 129 131 133 133 135 137 139 139 141 143 145 145 147 149 151 151 153 155 157 157 159 161 163 163 165 167 169 169 171 173 175 175 177 179 181 181 183 185 187 187 189 191 193 193 195 197 199 199 201 203 205 205 207 209 211 211 213 215 217 217 219 221 223 223 225 227 229 229 231 232 235 235 237 239 239 241 243 245 245 247 249 251 251 253 255 257 257 259 261 263 263 265 267 269 269 271 273 275 275 277 279 281 281 283 285 287 287 289 291 293 293 295 297 299 299 301 303 305 305 307 307 309 310 313 315 315 317 319 321 321 323 324 327 327 329 331 333 333 335 337 339 339 341 343 345 345 347 349 351 351 353 355 357 357 359 361 363 363 365 366 369 369 371 372 375 375 377 378 381 381 383 385 387 387 389 391 393 393 395 397 399 399 401 402 405 405 407 409 411 411 413 413 414 417 419 421 421 423 424 427 427 429 430 433 433 435 437 439 439 441 442 445 445 447 449 451 451 453 455 457 457 459 460 460 463 465 465 467 469 471 471 473 475 477 477 479 481 483 483 485 486 489 489 491 492 495 495 497 498 501 501 503 505 507 507 509 510 513 513 515 516 519 519 521 522 525 525 527 528 531 531 533 533 534 537 539 541 541 543 544 547 547 549 550 553 553 555 556 559 559 561 563 565 565 567 568 571 571 573 575 577 577 579 581 583 583 585 587 589 589 591 592 595 595 597 599 601 601 603 605 607 607 609 610 613 613 615 617 619 619 621 622 625 625 627 629 631 631 633 633 635 637 639 639 641 643 645 645 647 649 651 651 653 655 657 657 659 660 663 663 665 667 669 669 671 673 675 675 677 679 681 681 683 685 685 687 689 691 691 693 695 697 697 699 701 703 703 705 707 709 709 711 713 715 715 717 719 721 721 723 725 727 727 729 731 733 733 735 737 739 739 741 743 743 745 747 749 749 751 753 755 755 757 758 761 761 763 765 767 767 769 771 773 773 775 777 779 779 781 783 785 785 787 789 791 791 793 795 797 797 799 801 803 803 805 807 809 809 811 813 815 815 817 819 821 821 823 825 827 827 829 831 833 833 835 837 839 839 841 842 845 845 847 848 851 851 853 854 857 857 859 860 863 863 865 867 869 869 871 872 875 875 877 879 881 881 883 885 887 887 889 891 893 893 895 896 899 899 901 902 905 905 907 909 911 911 913 915 917 917 919 921 923 923 925 927 929 929 931 933 935 935 937 939 941 941 943 945 947 947 949 951 953 953 955 956 959 959 961 963 965 967 967 969 971 973 973 975 977 979 979 981 983 985 985 987 989 989 991 992 995 995 997 999 1001 1001 1003 1004 1007 1007 1009 1011 1013 1013 1015 1016 1019 1019 1021 1022 1025 1025 1027 1029 1031 1031 1033 1035 1037 1037 1039 1041 1043 1043 1045 1046 1049 1049 1051 1052 1055 1055 1057 1058 1061 1061 1063 1064 1067 1067 1069 1070 1073 1073 1075 1076 1079 1079 1081 1082 1085 1085 1087 1088 1091 1091 1093 1094 1097 1097 1099 1100 1103 1103 1103 1105 1107 1108 1111 1111 1113 1114 1117 1117 1119 1120 1123 1123 1125 1126 1129 1129 1131 1132 1135 1135 1137 1138 1141 1141 1143 1144 1147 1147 1149 1151 1153 1153 1155 1156 1159 1159 1161 1162 1165 1165 1167 1168 1171 1171 1173 1174 1177 1177 1179 1180 1183 1183 1185 1186 1189 1189 1191 1192 1195 1195 1197 1198 1201 1201 1203 1204 1207 1207 1209 1211 1213 1213 1215 1216 1219 1219 1221 1222 1225 1225 1227 1228 1231 1231 1233 1234 1237 1237 1239 1240 1243 1243 1245 1246 1249 1249 1251 1252 1255 1255 1256 1259 1259 1261 1262 1265 1265 1267 1268 1271 1271 1273 1274 1277 1280 1281 1282

3 3 5 7 9 9 11 13 15 15 17 19 21 21 23 25 27 27 29 31 33 33 35 37 39 39 41 43 45 45 47 49 51 51 53 55 57 57 59 61 61 63 65 67 67 69 71 73 73 75 77 79 79 81 83 85 85 87 89 91 91 93 95 97 97 99 101 103 103 105 107 109 109 111 113 115 115 117 119 121 121 123 125 127 127 129 131 133 133 135 137 139 139 141 143 145 145 147 149 151 151 153 155 157 157 159 161 163 163 165 167 169 169 171 173 175 175 177 179 181 181 183 185 187 187 189 191 193 193 195 197 199 199 201 203 205 205 207 209 211 211 213 215 217 217 219 221 223 223 225 227 229 229 231 233 235 235 237 239 241 241 243 245 247 247 249 251 251 253 255 257 257 259 261 263 263 265 267 269 271 273 273 274 276 279 279 281 282 285 285 287 288 291 291 293 294 297 297 299 300 303 303 305 306 309 309 311 312 315 315 317 318 321 321 323 324 327 327 329 330 333 333 335 336 339 339 341 342 345 345 347 348 351 351 353 354 357 357 359 360 363 363 365 366 369 369 371 373 375 375 377 378 381 381 383 384 387 387 389 390 393 393 395 397 399 399 401 402 405 405 407 408 411 411 413 415 415 417 418 421 421 423 424 427 427 429 430 433 433 435 436 439 439 441 441 443 444 446 449 449 451 452 455 455 457 459 461 461 463 464 467 467 469 470 473 473 475 476 479 479 481 482 485 485 487 488 491 491 493 494 497 497 499 501 501 503 504 507 507 509 510 513 513 515 516 519 519 521 522 525 525 525 527 529 530 533 533 535 536 539 539 541 542 545 545 547 548 551 551 553 553 555 557 559 559 561 563 565 565 567 569 571 571 573 575 577 577 579 580 583 583 585 587 587 589 590 593 593 595 596 599 599 601 603 605 605 607 607 608 610 613 613 615 616 619 619 621 623 625 625 627 629 631 631 633 635 637 637 639 641 643 643 645 647 649 649 651 653 655 655 657 659 661 661 663 665 667 667 669 671 673 673 675 677 679 679 681 683 685 685 687 688 691 691 693 694 697 697 699 700 703 703 705 706 709 709 711 712 715 715 717 719 721 721 723 724 727 727 729 730 733 733 735 736 739 739 741 743 745 745 747 748 751 751 753 755 755 757 758 761 761 763 764 767 767 769 770 773 773 775 777 779 779 781 782 785 785 787 788 791 791 793 794 797 797 799 800 803 803 805 806 809 809 811 813 815 815 817 818 821 821 823 824 827 827 829 830 833 833 835 836 839 839 841 842 845 845 847 848 851 851 853 854 857 857 859 861 861 863 864 867 867 869 870 873 873 875 876 879 879 881 882 885 885 887 888 891 891 893 894 897 897 899 900 903 905 905 907 908 911 911 913 913 915 916 918 921 921 923 923 924 926 929 931 931 933 934 937 937 939 940 943 943 945 946 949 949 951 952 955 955 957 958 961 961 963 964 967 967 969 970 973 973 975 976 979 979 981 982 985 985 987 988 991 991 993 993 994 997 998 1001 1001 1003 1004 1007 1007 1009 1010 1013 1013 1015 1017 1019 1019 1021 1023 1025 1025 1027 1028 1031 1031 1033 1034 1037 1037 1039 1040 1043 1043 1045 1046 1049 1049 1051 1052 1055 1055 1057 1057 1059 1061 1063 1065 1065 1067 1068 1071 1071 1073 1075 1077 1077 1079 1080 1083 1083 1085 1086 1089 1089 1091 1092 1095 1095 1097 1099 1101 1101 1103 1105 1107 1107 1109 1110 1113 1113 1115 1116 1119 1119 1121 1123 1125 1125 1127 1128 1131 1131 1133 1134 1137 1137 1139 1140 1143 1143 1145 1146 1149 1149 1151 1152 1155 1155 1157 1158 1161 1161 1163 1164 1167 1167 1169 1170 1173 1173 1175 1176 1179 1179 1181 1183 1185 1185 1187 1188 1191 1191 1193 1194 1197 1197 1199 1201 1203 1203 1205 1207 1209 1209 1211 1212 1215 1215 1217 1218 1221 1221 1223 1224 1227 1227 1229 1230 1233 1233 1235 1236 1239 1239 1241 1243 1245 1245 1247 1248 1251 1251 1252 1255 1255 1257 1258 1261 1261 1263 1264 1267 1267 1269 1270 1273 1273 1275 1277 1279 1279 1281 1282 1285 1285 1287 1289 1289 1291 1292 1295 1295 1297 1298 1301 1301 1303 1305 1307 1307 1309 1311 1313 1313 1315 1316 1319 1319 1321 1323 1325 1325 1327 1328 1331 1331 1331 1333 1334 1337 1339 1339 1341 1342 1345 1345 1347 1348 1351 1351 1353 1354 1357 1357 1359 1359 1361 1362 1365 1367 1367 1369 1371 1373 1373 1375 1376 1379 1379 1381 1382 1385 1385 1387 1388 1391 1391 1393 1394 1397 1397 1399 1401 1403 1403 1405 1407 1409 1409 1411 1412 1415 1415 1417 1418 1421 1421 1423 1424 1427 1427 1429 1431 1433 1433 1435 1436 1439 1439 1441 1442 1445 1445 1447 1449 1451 1451 1453 1454 1457 1457 1459 1460 1463 1463 1465 1466 1469 1469 1471 1472 1475 1475 1477 1478 1481 1481 1482 1485 1487 1487 1489 1489 1491 1493 1495 1495 1497 1499 1501 1501 1503 1504 1507 1507 1509 1511 1513 1513 1515 1516 1519 1519 1521 1521 1522 1525 1527 1529 1529 1531 1533 1535 1535 1537 1538 1541 1541 1543 1545 1547 1547 1549 1551 1553 1553 1555 1557 1559 1559 1561 1563 1565 1565 1567 1568 1571 1571 1573 1574 1577 1577 1579 1581 1583 1583 1584 1587 1587 1589 1590 1593 1593 1595 1596 1599 1599 1601 1602 1605 1605 1607 1608 1611 1611 1611 1613 1615 1616 1619 1619 1621 1622 1625 1625 1627 1628 1631 1631 1633 1634 1637 1637 1639 1639 1640 1643 1645 1647 1647 1649 1651 1651 1653 1655 1657 1657 1659 1660 1663 1663 1665 1666 1669 1669 1671 1673 1675 1675 1677 1679 1681 1681 1683 1684 1687 1687 1689 1690 1693 1693 1695 1697 1699 1699 1701 1703 1705 1705 1707 1708 1711 1711 1713 1715 1717 1717 1719 1720 1723 1723 1725 1726 1729 1729 1731 1733 1735 1735 1737 1738 1741 1741 1743 1744 1747 1747 1749 1750 1753 1753 1755 1757 1759 1759 1761 1762 1765 1765 1767 1768 1771 1771 1773 1774 1777 1777 1779 1780 1783 1783 1785 1786 1789 1789 1791 1792 1795 1795 1797 1797 1799 1800 1803 1803 1805 1806 1809 1809 1811 1812 1815 1815 1817 1818 1821 1821 1823 1824 1827 1827 1829 1830 1833 1833 1835 1836 1839 1839 1841 1842 1845 1845 1847 1848 1851 1851 1853 1854 1857 1857 1859 1860 1863 1863 1865 1867 1869 1869 1871 1872 1875 1875 1877 1878 1881 1881 1883 1884 1887 1887 1889 1890 1893 1893 1895 1896 1899 1899 1901 1902 1905 1905 1907 1908 1911 1911 1913 1914 1917 1917 1919 1920 1923 1923 1925 1926 1929 1929 1931 1932 1935 1935 1937 1939 1941 1941 1943 1944 1947 1947 1949 1950 1953 1953 1955 1956 1959 1959 1961 1962 1965 1965 1967 1968 1971 1971 1973 1974 1977 1977 1979 1981 1983 1983 1985 1986 1989 1989 1991 1993 1995 1995 1997 1998 2001 2001 2003 2004 2007 2007 2009 2010 2013 2013 2015 2016 2019 2019 2021 2023 2025 2025 2027 2028 2031 2031 2033 2035 2037 2037 2039 2040 2043 2043 2045 2046 2049 2049 2051 2052 2055 2055 2056 2059 2059 2061 2063 2063 2065 2067 2069 2069 2071 2073 2075 2077 2077 2079 2080 2083 2083 2085 2086 2089 2089 2091 2093 2093 2095 2097 2099 2099 2101 2102 2105 2105 2107 2108 2111 2111 2113 2115 2117 2117 2119 2121 2123 2123 2125 2126 2129 2129 2131 2133 2135 2135 2137 2139 2141 2141 2143 2145 2147 2147 2149 2150 2153 2153 2155 2157 2159 2159 2161 2163 2165 2165 2167 2169 2171 2171 2173 2175 2177 2177 2178 2181 2181 2183 2184 2184 2187 2187 2188 2191 2191 2193 2194 2197 2199 2199 2201 2202 2205 2205 2207 2209 2211 2211 2213 2213 2214 2216 2219 2221 2221 2223 2224 2227 2227 2229 2230 2233 2233 2235 2237 2239 2239 2241 2242 2245 2245 2247 2248 2251 2251 2253 2255 2257 2257 2259 2261 2263 2263 2265 2267 2269 2269 2271 2272 2275 2275 2277 2278 2281 2281 2283 2284 2287 2287 2289 2290 2293 2293 2295 2297 2299 2299 2301 2303 2305 2305 2307 2309 2311 2311 2313 2314 2317 2317 2319 2320 2323 2323 2325 2326 2329 2329 2331 2332 2335 2335 2337 2339 2341 2341 2343 2345 2347 2347 2349 2350 2353 2353 2355 2355 2357 2358 2361 2361 2363 2364 2367 2367 2369 2371 2373 2373 2375 2377 2379 2379 2381 2383 2385 2385 2387 2389 2391 2391 2393 2395 2397 2397 2399 2401 2403 2403 2405 2407 2409 2409 2411 2413 2415 2415 2417 2419 2421 2421 2423 2425 2427 2427 2429 2431 2433 2433 2435 2437 2439 2439 2441 2443 2443 2445 2447 2449 2449 2451 2453 2455 2455 2457 2459 2461 2461 2463 2465 2467 2467 2469 2471 2473 2473 2475 2477 2479 2479 2481 2483 2485 2485 2487 2489 2491 2491 2491 2493 2495 2497 2499 2499 2501 2503 2505 2505 2507 2509 2511 2511 2513 2513 2515 2517 2519 2521 2521 2523 2525 2527 2527 2529 2531 2533 2533 2535 2535 2536 2539 2541 2543 2543 2545 2547 2549 2549 2551 2553 2555 2555 2557 2559 2561 2561 2563 2565 2567 2567 2569 2571 2573 2573 2575 2577 2579 2579 2581 2583 2585 2585 2587 2589 2589 2591 2593 2595 2595 2597 2599 2601 2601 2603 2605 2607 2607 2609 2611 2613 2613 2615 2616 2619 2619 2621 2622 2625 2625 2627 2628 2631 2631 2633 2635 2635 2637 2637 2638 2641 2643 2645 2645 2647 2648 2651 2651 2653 2654 2657 2657 2659 2660 2663 2663 2665 2666 2669 2669 2671 2672 2675 2675 2677 2678 2681 2681 2683 2685 2687 2687 2689 2691 2693 2693 2695 2696 2699 2699 2701 2702 2702 2705 2706 2709 2709 2711 2712 2715 2715 2717 2717 2718 2721 2723 2725 2725 2727 2728 2731 2731 2733 2734 2737 2737 2739 2740 2743 2743 2745 2747 2749 2749 2751 2753 2755 2755 2757 2758 2761 2761 2763 2765 2767 2767 2769 2771 2773 2773 2775 2776 2779 2779 2781 2783 2785 2785 2787 2789 2791 2791 2793 2794 2797 2797 2799 2801 2803 2803 2805 2807 2809 2809 2811 2812 2815 2815 2817 2818 2821 2821 2823 2824 2827 2827 2829 2831 2833 2833 2835 2836 2839 2839 2841 2842 2845 2845 2847 2849 2851 2851 2853 2854 2857 2857 2859 2861 2863 2863 2865 2867 2869 2869 2871 2872 2875 2875 2877 2879 2881 2881 2883 2885 2887 2887 2889 2890 2893 2893 2895 2896 2899 2899 2901 2902 2905 2905 2907 2909 2911 2911 2913 2914 2917 2917 2919 2920 2923 2923 2925 2926 2929 2929 2931 2933 2935 2935 2937 2938 2941 2941 2943 2945 2947 2947 2949 2951 2953 2953 2955 2956 2959 2959 2961 2961 2963 2964 2966 2969 2969 2971 2972 2975 2975 2977 2978 2981 2981 2983 2985 2987 2987 2989 2990 2993 2993 2995 2996 2999 2999 3001 3002 3005 3005 3007 3008 3011 3011 3013 3014 3017 3017 3019 3020 3023 3023 3025 3027 3029 3029 3031 3033 3035 3035 3037 3037 3038 3041 3043 3045 3045 3047 3048 3051 3051 3053 3054 3057 3057 3059 3060 3063 3063 3065 3066 3069 3069 3071 3072 3075 3075 3077 3078 3081 3081 3083 3085 3087 3087 3089 3091 3093 3093 3095 3096 3099 3099 3101 3102 3105 3105 3107 3108 3111 3111 3113 3114 3117 3117 3119 3120 3123 3123 3125 3126 3129 3129 3131 3133 3135 3135 3136 3139 3139 3141 3141 3142 3145 3146 3149 3149 3151 3152 3155 3155 3157 3159 3161 3161 3163 3164 3167 3167 3169 3170 3173 3173 3175 3176 3179 3179 3181 3182 3185 3185 3187 3188 3191 3191 3193 3195 3195 3197 3197 3199 3201 3202 3205 3205 3205 3207 3207 3208 3211 3213 3215 3217 3217 3219 3220 3223 3223 3225 3226 3229 3229 3231 3233 3235 3235 3237 3238 3241 3241 3243 3244 3247 3247 3249 3250 3253 3253 3255 3257 3259 3259 3261 3263 3265 3265 3267 3268 3271 3271 3273 3273 3275 3276 3278 3281 3281 3283 3285 3287 3287 3289 3290 3293 3293 3295 3295 3296 3299 3301 3303 3303 3305 3305 3306 3308 3311 3313 3313 3315 3316 3319 3319 3321 3322 3325 3325 3327 3328 3331 3331 3333 3335 3337 3337 3339 3340 3343 3343 3345 3346 3349 3349 3351 3352 3355 3355 3357 3358 3361 3361 3363 3365 3367 3367 3369 3370 3373 3373 3375 3377 3379 3379 3381 3382 3385 3385 3387 3388 3391 3391 3393 3395 3397 3399 3399 3401 3402 3405 3405 3407 3408 3411 3411 3413 3415 3417 3417 3419 3420 3423 3423 3425 3427 3429 3429 3431 3432 3435 3438 3439 3440
3 5 7 7 9 10 13 13 15 17 19 19 21 22 25 25 27 29 31 31 33 35 37 37 39 41 43 45 47 47 49 51 53 53 55 57 59 61 61 63 63 64 67 67 69 71 73 73 75 77 79 81 81 83 84 86 89 89 91 92 95 95 97 97 97 98 101 101 103 103 105 107 109 109 111 113 115 115 117 118 121 121 123 124 127 127 129 131 133 133 135 136 139 139 141 142 145 145 147 148 151 151 153 154 157 157 159 160 163 163 165 166 169 169 171 173 175 175 177 178 181 181 183 184 187 189 189 189 191 193 195 195 197 198 201 201 203 205 207 207 209 210 213 213 215 217 219 219 221 223 225 225 227 229 231 233 235 235 237 239 241 241 243 245 247 247 249 251 253 253 255 256 259 259 261 262 265 265 267 268 271 271 273 275 277 279 279 281 282 285 285 287 288 291 291 293 295 297 297 299 301 303 303 305 307 308 311 311 311 313 314 317 317 319 320 323 323 325 326 329 329 331 333 335 335 337 339 341 341 343 344 347 347 349 351 353 353 355 357 359 359 361 363 365 365 367 369 371 371 373 375 377 377 379 381 383 383 385 386 389 389 391 392 395 397 397 397 399 401 403 403 405 407 409 409 411 412 415 417 417 417 419 420 423 423 425 426 429 429 431 433 435 435 437 439 441 441 443 445 447 447 448 451 451 453 455 457 457 459 461 463 463 465 467 469 469 471 473 475 475 477 478 481 481 483 484 487 487 489 490 493 493 495 497 499 499 501 502 505 505 507 508 511 511 513 514 517 517 519 521 523 523 525 526 529 529 531 532 535 537 539 539 539 541 541 543 545 547 547 549 550 553 553 555 557 559 561 561 561 563 564 567 567 569 571 573 573 575 577 579 579 581 583 585 585 587 588 591 591 593 595 597 597 599 600 603 603 605 607 609 609 611 613 615 615 617 619 619 621 623 623 625 626 629 629 631 633 635 635 637 639 641 641 643 645 647 647 649 651 653 653 655 657 659 659 660 663 664 666 666 669 671 672 674 674 677 677 678 680 680 682 684 687 688 688 690 692 694 694 696 699 700 700 704 705 706
3 5 7 7 9 10 13 13 15 17 19 19 21 22 25 25 27 29 31 31 33 35 37 37 39 41 43 45 47 47 49 51 53 53 55 57 59 61 61 63 63 64 67 67 69 71 73 73 75 77 79 81 81 83 84 86 89 89 91 92 95 95 97 97 97 98 101 101 103 103 105 107 109 109 111 113 115 115 117 118 121 121 123 124 127 127 129 131 133 133 135 136 139 139 141 142 145 145 147 148 151 151 153 154 157 157 159 160 163 163 165 166 169 169 171 173 175 175 177 178 181 181 183 184 187 189 189 189 191 193 195 195 197 198 201 201 203 205 207 207 209 210 213 213 215 217 219 219 221 223 225 225 227 229 231 233 235 235 237 239 241 241 243 245 247 247 249 251 253 253 255 256 259 259 261 262 265 265 267 268 271 271 273 275 277 279 279 281 282 285 285 287 288 291 291 293 295 297 297 299 301 303 303 305 307 308 311 311 311 313 314 317 317 319 320 323 323 325 326 329 329 331 333 335 335 337 339 341 341 343 344 347 347 349 351 353 353 355 357 359 359 361 363 365 365 367 369 371 371 373 375 377 377 379 381 383 383 385 386 389 389 391 392 395 397 397 397 399 401 403 403 405 407 409 409 411 412 415 417 417 417 419 420 423 423 425 426 429 429 431 433 435 435 437 439 441 441 443 445 447 447 448 451 451 453 455 457 457 459 461 463 463 465 467 469 469 471 473 475 475 477 478 481 481 483 484 487 487 489 490 493 493 495 497 499 499 501 502 505 505 507 508 511 511 513 514 517 517 519 521 523 523 525 526 529 529 531 532 535 537 539 539 539 541 541 543 545 547 547 549 550 553 553 555 557 559 561 561 561 563 564 567 567 569 571 573 573 575 577 579 579 581 583 585 585 587 588 591 591 593 595 597 597 599 600 603 603 605 607 609 609 611 613 615 615 617 619 619 621 623 623 625 626 629 629 631 633 635 635 637 639 641 641 643 645 647 647 649 651 653 653 655 657 659 659 660 663 664 666 666 669 671 672 674 674 677 677 678 680 680 682 684 687 688 688 690 692 694 694 696 699 700 700 704 705 706
3 4 7 7 9 11 11 13 15 15 17 18 21 21 23 25 27 27 29 31 33 33 35 37 39 39 41 43 45 47 49 49 51 53 55 55 57 59 61 61 62 65 67 67 68 71 73 73 74 77 79 79 80 83 85 85 87 89 89 90 90 92 92 95 95 97 97 99 99 101 103 105 105 107 108 111 111 113 114 117 117 119 121 123 123 125 126 129 129 131 133 135 135 137 138 141 141 143 144 147 147 149 150 153 153 155 157 159 159 161 163 163 165 167 168 171 171 173 174 177 177 179 181 183 183 185 186 190 191 191 192
3 5 7 9 9 11 11 13 15 17 17 18 21 21 23 25 27 29 29 29 31 33 35 35 36 39 39 41 43 45 45 47 48 51 51 53 55 57 57 59 61 61 63 64 67 67 69 71 73 73 75 77 79 79 81 83 85 85 87 88 91 91 93 95 97 97 99 102 103 103 104
3 5 5 7 9 9 11 13 15 15 17 19 21 21 23 25 25 27 29 29 30 32 34 37 37 37 37 38 41 41 43 44 47 47 47 49 51 53 53 55 57 57 59 61 61 63 65 65 67 67 69 69 71 73 73 75 75 76 76 79 79 80 83 85 85 85 87 89 91 91 91 93 94 97 97 99 100 103 103 105 107 107 109 111 111 112 115 115 117 119 120 120 120 122 122 125 125 125 127 127 129 131 131 133 133 135 137 139 139 141 141 143 145 145 147 149 151 151 153 155 157 157 159 161 164 165 165 166
3 4 7 7 9 10 13 13 15 17 19 19 21 22 25 25 27 29 31 31 33 34 37 37 39 41 43 43 43 45 46 48 51 51 53 54 57 57 58 61 61 63 64 67 67 69 71 73 73 73 75 76 79 81 81 83 84 87 87 89 90 93 93 95 96 99 99 101 101 102 105 107 109 109 111 112 115 115 117 119 121 121 123 125 125 127 127 128 128 131 133 133 135 136 139 139 140 143 143 145 147 147 147 149 150 153 153 155 156 159 159 161 162 165 165 167 169 171 171 173 176 177 177 178
3 4 7 7 7 7 7 7 7 7 8 10 13 15 17 19 19 21 23 25 27 29 29 31 32 35 35 37 38 41 41 43 44 47 47 49 50 53 53 55 56 59 59 60 63 63 65 66 69 69 71 72 75 75 77 78 81 81 83 84 87 87 89 91 93 93 95 96 99 99 101 102 105 105 106 109 109 109 111 113 116 117 117 118
2 5 6 6 8 10 12 12 14 17 18 18 20 23 24 24 26 28 30 30 32 35 36 36 38 41 42 42 44 47 48 48 50 53 54 54 56 58 60 60 62 64 66 66 68 70 72 72 74 76 78 78 80 82 84 84 86 89 90 90 92 94 96 96 98 101 102 102 104 106 110 111 111 112
2 4 6 6 9 10 12 12 14 16 16 19 20 22 22 25 26 28 28 31 32 34 34 36 39 40 40 40 42 44 44 46 48 48 50 52 52 55 56 58 58 60 62 62 65 66 68 68 70 72 74 74 77 78 81 81 82 84 84 86 88 90 90 92 94 96 98 98 98 98 100 102 102 104 106 108 108 110 110 112 112 115 116 116 119 120 122 122 125 126 128 128 130 132 134 134 137 138 140 140 142 144 146 146 149 150 154 155 155 156
3 4 7 7 9 10 13 13 15 16 19 19 21 22 25 25 27 28 31 31 33 34 37 37 39 40 43 43 44 47 47 49 51 53 53 55 56 59 59 61 61 63 64 67 67 69 70 73 73 75 77 77 78 81 81 83 84 87 87 89 91 91 93 93 95 97 98 101 101 103 104 107 107 109 111 111 113 114 117 117 119 120 123 123 125 126 129 129 131 133 133 135 136 139 139 141 141 143 143 145 145 147 149 149 151 153 155 155 157 158 161 161 163 164 167 167 169 170 173 173 175 177 179 179 181 183 186 187 187 188
3 5 7 7 9 11 11 13 14 17 17 19 20 23 23 25 27 27 29 31 31 33 33 35 35 37 37 39 39 41 41 43 44 47 47 49 51 53 53 55 55 57 59 61 61 63 65 65 67 69 69 70 73 73 74 77 77 79 79 81 81 83 83 85 87 89 89 91 92 95 95 97 99 99 101 103 105 105 107 109 111 111 113 113 115 116 119 119 121 123 123 125 127 127 129 131 131 133 135 135 137 138 141 141 143 145 147 147 148 151 151 153 154 157 157 159 160 163 163 165 167 169 169 171 173 175 175 177 178 182 183 183 184
2 5 5 6 9 11 11 12 15 18 19 19 20

3 5 7 7 9 10 13 13 15 16 19 19 21 22 25 25 27 28 31 31 33 35 37 37 39 40 43 43 45 46 49 49 51 52 55 55 57 59 62 63 63 64
3 4 7 7 9 11 13 13 15 17 19 19 21 23 25 25 27 29 31 31 33 35 37 37 39 41 44 45 45 46
3 5 7 7 9 10 13 13 15 17 19 19 21 23 25 25 27 29 31 31 33 35 37 37 39 41 43 43 45 47 49 49 51 53 55 55 57 59 61 61 63 65 67 67 69 71 73 73 75 78 79 79 80
2 4 6 6 8 10 12 12 14 16 18 18 20 22 24 24 26 28 30 30 32 34 36 36 38 41 42 42 44 47 48 48 50 53 54 54 56 59 60 60 62 65 66 66 68 70 70 72 74 76 76 76 79 80 82 82 84 86 88 88 90 92 94 94 96 98 100 100 102 104 106 106 108 110 112 112 114 116 116 118 120 122 122 124 126 126 128 131 132 132 134 137 138 138 140 143 144 144 146 148 150 150 152 155 156 156 158 161 162 162 164 167 168 168 170 172 174 174 176 178 180 180 182 185 188 189 189 190
3 5 7 7 9 11 13 13 15 17 19 19 21 23 25 25 27 29 31 31 33 34 37 37 39 41 43 43 44 47 49 49 51 51 53 55 57 57 59 60 63 63 65 67 69 69 71 72 75 75 77 79 81 81 83 84 87 87 89 90 93 93 95 97 99 99 101 103 105 105 107 108 111 111 113 115 117 117 119 120 123 123 125 126 129 129 131 133 135 135 137 138 141 141 143 144 147 147 149 150 153 153 155 156 159 159 161 163 165 165 166 169 169 171 172 175 175 177 179 181 181 183 185 187 187 189 191 193 193 195 196 199 199 201 203 205 205 207 209 209 211 212 215 215 217 218 221 221 223 224 227 227 229 230 233 233 235 236 239 239 241 242 245 245 247 248 251 251 253 255 257 257 259 261 263 263 265 267 267 269 271 273 275 277 279 280 282 284 286 289 289 289 289 289 289 289 289 289 289 289 291 293 295 295 297 299 301 301 303 304 307 309 309 311 311 313 315 317 317 319 321 323 323 325 326 329 329 331 333 336 337 337 338
3 5 7 7 9 11 13 13 15 17 19 19 21 23 25 25 27 29 31 31 33 35 37 37 39 41 43 43 45 47 49 49 51 53 55 55 57 59 61 61 63 65 67 67 69 70 73 73 75 77 77 79 81 83 83 85 87 89 89 91 92 95 95 97 98 101 101 103 104 107 107 109 110 113 113 115 117 119 119 121 123 125 125 127 129 131 131 133 135 137 137 139 140 143 143 145 147 149 149 151 152 155 155 157 159 161 161 163 164 167 167 169 171 173 173 175 177 179 179 181 182 185 185 187 189 191 191 193 194 197 197 199 201 203 203 205 207 209 209 211 213 215 215 217 219 221 221 223 225 227 227 229 231 233 233 235 237 239 239 241 243 245 245 247 248 251 251 253 255 257 257 259 261 263 263 265 267 269 269 271 272 275 275 277 278 281 281 283 285 287 287 289 290 293 293 295 297 299 299 301 303 306 307 307 308
3 5 7 7 9 11 13 13 15 17 19 19 21 23 25 25 27 28 31 31 33 35 37 37 39 41 43 43 45 47 49 49 51 53 55 55 57 59 61 61 63 65 68 69 69 70
3 5 7 7 9 10 13 13 15 17 19 19 21 23 25 25 27 29 31 31 33 35 37 37 39 41 43 43 45 46 49 49 51 53 55 55 57 59 61 61 63 65 68 69 69 70
3 5 7 7 9 11 12 15 15 17 17 19 21 23 23 25 27 29 29 31 32 35 35 37 39 41 41 43 45 47 47 49 51 53 53 55 56 59 59 61 63 65 67 67 67 67 69 71 73 73 75 77 79 79 81 83 85 85 87 89 91 91 93 95 97 97 99 100 103 103 105 107 107 109 111 113 113 115 117 119 119 121 123 125 125 127 129 131 131 133 135 137 137 139 141 143 143 145 147 149 149 151 153 155 155 157 158 161 161 163 165 167 167 169 171 173 173 175 177 179 181 181 181 183 184 187 187 189 190 193 193 195 197 199 199 201 203 205 205 207 208 211 211 213 214 217 217 219 221 223 223 225 227 227 229 230 232 235 235 235 237 239 241 241 243 245 247 247 249 251 253 253 255 257 259 259 261 263 265 265 267 269 271 271 273 275 277 277 279 280 283 283 285 287 289 289 291 293 295 295 297 299 301 301 303 305 307 307 309 311 313 313 315 316 319 319 321 323 326 327 327 328
3 4 7 7 9 10 13 13 15 16 19 19 21 23 25 25 27 29 31 31 33 34 37 37 39 40 43 43 45 47 49 49 51 53 55 55 57 59 61 61 63 64 67 67 69 71 73 73 75 77 79 79 81 83 85 85 87 88 92 93 93 94
3 5 7 7 9 10 13 13 15 16 19 19 21 23 25 25 27 28 31 31 33 34 37 37 39 40 43 43 45 47 49 49 51 53 55 55 57 59 61 61 63 65 67 67 69 71 73 73 75 77 79 79 81 83 85 85 87 89 91 91 93 94 96 99 99 99 101 103 105 105 107 109 111 111 113 114 117 117 119 121 123 123 125 127 129 129 131 133 135 135 137 139 141 143 143 143 145 147 149 149 151 153 155 155 157 159 161 161 163 165 167 167 169 171 173 175 175 175 175 176 179 179 181 181 183 183 185 187 189 189 191 193 195 195 197 198 198 201 201 203 203 205 205 207 207 209 209 211 211 213 213 215 217 219 219 221 223 225 225 227 228 231 231 233 234 237 237 239 241 243 243 245 247 249 249 251 253 255 255 257 259 261 261 263 265 267 267 269 271 273 273 275 277 279 279 281 282 286 287 287 288
3 5 5 7 9 11 11 13 15 17 17 19 21 23 23 25 26 29 29 31 33 35 35 37 39 41 41 43 45 47 47 49 51 53 53 55 57 60 61 61 62
3 5 7 7 9 11 13 13 15 17 19 19 21 23 25 25 27 29 31 31 33 34 37 37 39 41 43 43 45 46 49 49 51 52 55 55 57 59 61 61 63 64 67 67 69 71 73 73 75 77 79 79 81 83 85 85 87 89 92 93 93 94
3 5 5 7 9 11 11 13 14 17 17 19 21 23 23 25 27 29 29 31 33 33 35 35 37 39 41 41 43 44 47 47 49 51 53 53 55 56 60 61 61 62
2 5 5 7 7 9 9 11 13 14 17 17 19 19 19 21 23 25 25 27 29 31 31 33 34 37 37 39 41 43 43 45 47 47 49 49 51 52 55 55 57 59 61 61 63 65 67 67 69 71 73 73 74 77 77 79 81 83 83 85 87 90 91 91 92
2 5 5 7 7 9 9 11 13 15 17 19 21 23 25 27 29 31 31 31 31 31 31 31 31 31 31 31 33 35 35 37 37 39 39 41 41 43 43 45 45 47 48 51 51 53 55 57 57 59 60 63 63 65 66 69 69 71 72 75 75 77 79 81 81 83 85 87 87 89 91 93 93 95 96 99 99 101 103 105 105 107 108 111 111 113 115 117 117 119 120 123 123 125 127 129 129 131 133 135 135 137 138 141 141 143 145 147 147 149 151 153 153 155 157 159 159 161 163 165 165 167 168 171 171 173 175 178 179 179 180
3 4 7 7 9 11 13 13 15 16 19 19 21 22 25 25 27 29 31 31 33 35 37 37 39 40 43 43 45 47 49 49 51 53 55 55 57 59 61 61 63 65 67 67 69 70 73 73 75 77 79 79 81 83 85 85 87 89 91 91 93 95 97 97 99 101 101 103 105 108 109 109 110
3 5 7 7 9 11 13 13 15 17 17 19 21 23 23 25 27 27 29 31 33 33 35 37 37 39 39 41 43 45 47 49 49 49 49 49 51 53 53 54 56 56 59 59 61 61 63 63 65 65 67 69 71 71 73 75 78 79 79 80
3 5 7 7 9 11 13 13 15 16 19 19 20 23 23 25 27 29 29 31 33 33 35 37 40 41 41 42
3 4 7 7 9 11 11 13 15 17 17 19 20 23 23 25 27 29 29 31 32 35 35 37 39 41 41 43 45 47 47 49 50 53 53 55 57 59 59 61 63 65 65 67 69 71 71 73 75 77 77 79 79 81 83 85 85 86 88 88 91 91 93 93 95 97 99 99 101 103 105 105 107 109 111 111 113 115 117 117 119 121 123 123 125 126 129 129 131 133 135 135 137 139 141 141 143 145 147 147 149 150 153 153 155 157 159 159 161 162 165 165 167 168 171 171 173 175 177 177 179 181 183 183 185 187 189 189 191 193 195 197 199 201 203 205 205 205 205 205 205 205 205 207 208 211 211 213 215 217 217 219 221 223 223 225 227 230 231 231 232
3 5 7 7 8 11 11 13 13 15 15 17 19 20 23 23 25 25 25 27 29 31 31 33 35 37 37 39 40 43 43 45 47 49 49 51 53 53 55 55 57 58 61 61 63 65 67 67 69 71 73 73 75 77 79 79 80 83 83 85 87 90 91 91 92
3 5 7 7 9 10 13 13 15 17 19 19 21 23 23 24 27 27 29 29 31 31 33 33 35 37 39 39 41 42 45 45 47 48 51 51 53 54 57 57 59 60 63 63 65 67 69 69 71 72 75 75 77 78 81 81 83 84 87 87 89 91 93 93 95 96 99 99 101 102 105 105 107 109 111 111 113 114 117 117 119 121 124 125 125 126
2 2 5 6 8 8 11 12 12 14 16 18 18 21 22 24 24 27 28 28 31 32 34 34 36 38 40 40 43 44 46 46 49 50 52 52 55 56 58 58 61 62 64 64 66 68 70 70 72 74 76 76 78 80 82 82 84 86 88 88 91 92 94 94 97 98 100 100 103 104 106 106 109 110 112 112 115 116 118 118 121 122 124 124 127 128 130 130 133 134 136 136 138 140 142 142 145 146 148 148 151 152 154 154 157 158 160 160 163 164 166 166 169 170 172 172 175 176 178 178 181 182 184 184 187 188 190 190 193 194 196 196 199 200 202 202 205 206 208 208 211 212 214 214 217 218 220 220 222 224 226 226 229 230 232 232 235 236 238 238 241 242 244 244 247 248 250 250 252 254 256 256 259 260 262 262 265 266 268 268 271 272 274 274 277 278 280 280 283 284 286 286 288 290 292 292 294 296 298 298 301 302 304 304 304 307 309 310 312 312 315 316 318 318 321 322 324 324 327 328 330 330 333 334 334 336 338 340 340 343 344 346 346 349 350 352 352 354 356 358 358 361 362 364 364 367 368 370 370 373 374 376 376 379 380 382 382 384 386 388 388 391 392 394 394 397 398 400 400 403 404 406 406 409 410 412 412 415 416 418 418 420 420 422 424 426 426 428 430 432 432 434 436 438 438 440 442 444 444 446 448 450 450 452 454 456 456 458 460 462 462 464 466 468 468 470 472 474 474 476 478 480 482 482 485 486 488 488 491 492 494 494 494 497 498 500 500 503 504 506 506 509 510 512 512 515 516 516 519 520 522 522 525 525 527 528 530 532 532 535 536 538 538 540 542 544 544 547 548 550 550 553 554 556 556 559 560 562 562 565 566 568 568 571 572 574 574 577 578 580 580 583 584 586 586 589 590 592 592 595 596 598 598 600 600 602 604 604 606 608 610 610 612 614 616 616 618 620 622 622 624 626 628 628 630 632 632 634 636 638 638 640 642 644 646 646 649 650 652 652 655 656 658 658 660 662 662 665 666 668 668 671 672 674 674 677 677 679 680 682 684 684 687 688 690 690 693 693 695 696 698 700 700 703 704 706 706 709 710 712 712 715 716 718 718 721 722 724 724 727 728 730 730 733 733 735 736 738 740 740 742 744 744 747 748 750 750 753 754 756 756 759 760 762 762 765 766 768 768 771 772 774 774 777 778 780 780 783 784 786 786 789 790 792 792 795 796 798 798 801 802 804 804 807 808 808 811 812 814 814 817 818 820 820 822 824 824 827 828 830 830 833 834 836 836 838 840 840 843 844 846 846 849 850 852 852 855 856 858 858 860 862 864 864 867 868 870 870 873 874 876 876 879 880 882 882 885 886 888 888 891 892 894 894 897 898 900 900 903 904 906 906 909 910 912 912 914 916 918 918 921 922 924 924 924 926 929 930 932 932 935 936 938 938 941 942 942 944 946 948 948 950 952 954 954 957 958 960 960 963 964 966 966 968 970 970 973 974 976 976 979 980 982 982 985 986 988 988 991 992 994 994 997 998 1000 1000 1003 1004 1006 1006 1008 1010 1012 1012 1015 1016 1018 1018 1021 1022 1024 1024 1027 1028 1028 1031 1032 1034 1034 1034 1037 1039 1040 1042 1042 1045 1046 1048 1048 1051 1052 1054 1054 1057 1058 1060 1060 1063 1064 1066 1066 1069 1070 1072 1072 1074 1076 1078 1078 1081 1082 1084 1084 1086 1088 1090 1090 1093 1094 1096 1096 1099 1100 1102 1102 1105 1106 1108 1108 1110 1112 1114 1114 1117 1118 1120 1120 1122 1124 1126 1126 1129 1130 1132 1132 1135 1136 1138 1138 1141 1142 1144 1144 1147 1148 1150 1150 1152 1154 1156 1156 1158 1160 1162 1162 1165 1165 1167 1168 1170 1172 1172 1174 1174 1177 1178 1180 1180 1183 1184 1186 1186 1189 1190 1190 1193 1194 1196 1198 1198 1200 1202 1204 1206 1208 1208 1210 1212 1214 1214 1217 1218 1220 1220 1222 1224 1224 1227 1228 1230 1230 1233 1234 1236 1236 1239 1240 1242 1242 1244 1246 1248 1248 1250 1252 1254 1254 1256 1258 1260 1260 1262 1264 1264 1266 1268 1270 1270 1273 1274 1276 1276 1279 1280 1282 1282 1285 1286 1288 1288 1290 1292 1294 1294 1297 1298 1300 1300 1302 1304 1306 1306 1308 1310 1312 1312 1315 1316 1318 1318 1321 1322 1324 1324 1326 1328 1328 1331 1332 1334 1334 1337 1338 1340 1340 1343 1344 1346 1346 1349 1350 1352 1352 1355 1356 1358 1358 1361 1362 1364 1364 1367 1368 1370 1370 1373 1374 1376 1376 1379 1380 1382 1382 1385 1386 1388 1388 1390 1392 1394 1394 1397 1398 1400 1400 1403 1404 1406 1406 1409 1410 1412 1412 1415 1416 1416 1418 1420 1422 1422 1425 1426 1428 1428 1431 1432 1434 1434 1437 1438 1440 1440 1443 1444 1446 1446 1448 1450 1452 1452 1452 1455 1456 1458 1460 1460 1463 1464 1466 1466 1468 1470 1472 1472 1474 1476 1478 1478 1480 1482 1484 1484 1487 1488 1488 1491 1492 1494 1494 1496 1498 1500 1500 1502 1504 1506 1506 1509 1510 1512 1512 1514 1516 1518 1518 1520 1522 1524 1524 1527 1528 1530 1530 1532 1534 1536 1536 1539 1540 1542 1542 1545 1546 1548 1548 1551 1552 1554 1554 1556 1558 1560 1560 1563 1564 1566 1566 1569 1570 1572 1572 1575 1576 1578 1578 1581 1582 1584 1584 1587 1588 1590 1590 1593 1594 1596 1596 1599 1600 1602 1602 1605 1606 1608 1608 1611 1612 1614 1614 1617 1618 1620 1620 1622 1624 1626 1626 1628 1630 1632 1632 1635 1636 1638 1638 1640 1642 1644 1644 1646 1648 1650 1650 1653 1654 1656 1656 1658 1660 1662 1662 1665 1666 1668 1668 1671 1672 1674 1674 1677 1678 1680 1680 1683 1683 1685 1686 1688 1690 1690 1693 1694 1696 1696 1698 1700 1702 1702 1705 1706 1708 1708 1710 1712 1714 1714 1716 1718 1720 1720 1722 1724 1726 1726 1728 1730 1730 1733 1734 1736 1736 1739 1740 1742 1742 1745 1746 1748 1748 1751 1752 1754 1754 1756 1758 1760 1764 1765 1766
3 4 7 7 9 10 13 13 15 16 19 19 21 22 25 25 26 29 29 31 32 35 35 37 38 41 41 41 41 41 41 42 44 47 49 51 53 53 55 57 59 59 61 62 65 65 67 69 71 71 73 74 77 77 79 80 83 83 85 87 89 89 91 92 95 95 97 99 101 101 103 104 107 107 109 110 113 113 115 117 119 119 121 122 125 125 127 128 131 131 133 135 137 137 139 140 143 143 145 147 149 149 151 152 155 155 157 159 161 161 163 164 167 167 169 171 173 173 175 176 179 179 181 182 185 185 187 188 191 191 193 194 197 197 199 200 203 203 205 206 209 209 211 212 215 215 217 218 221 221 223 224 227 227 229 231 233 233 235 236 239 239 241 242 245 245 246 249 249 251 253 255 255 257 259 261 261 263 264 267 267 269 270 273 273 274 277 277 277 278 280 283 283 285 286 289 289 291 292 295 295 297 298 301 301 303 304 307 307 309 310 313 313 315 317 319 319 321 322 325 325 327 329 332 333 333 334
3 5 7 7 9 11 13 13 15 16 19 19 21 22 25 25 27 29 31 31 33 35 37 37 39 41 43 43 45 47 49 49 51 53 55 55 57 59 59 61 63 63 65 66 69 69 71 72 75 75 77 79 81 81 83 85 87 87 89 91 93 93 95 97 99 99 101 103 105 105 107 109 111 111 113 115 117 117 119 121 123 123 125 126 129 129 131 133 133 135 136 139 139 141 143 143 145 147 149 149 151 153 154 157 157 159 159 161 163 165 165 167 168 171 171 173 175 177 177 179 181 183 183 185 187 189 189 191 193 195 195 197 198 202 203 203 204
3 5 7 7 9 10 13 13 15 17 19 19 21 23 25 25 27 29 31 31 33 34 37 37 39 40 43 43 45 47 49 49 51 53 55 55 57 58 61 61 63 65 67 67 69 71 73 73 75 76 79 79 81 83 85 85 87 89 91 91 93 95 97 97 99 101 103 103 105 107 109 109 111 112 115 115 117 119 121 121 123 124 127 127 129 130 133 133 135 136 139 139 141 142 145 145 147 149 151 151 153 154 157 157 159 161 163 163 165 166 169 169 171 173 175 175 177 179 181 181 183 184 187 187 189 191 191 193 195 197 197 199 200 203 203 205 206 209 209 211 212 215 215 217 218 221 221 223 225 227 227 229 231 233 233 235 236 239 239 241 242 245 245 247 248 250 253 253 255 255 256 259 259 261 263 263 265 267 269 269 271 273 275 275 277 279 281 281 283 285 287 287 289 290 293 293 295 296 299 299 301 303 303 305 307 309 309 311 312 315 315 317 318 321 321 323 324 327 327 329 331 333 333 335 337 339 339 341 343 345 345 347 348 351 351 353 355 357 357 359 361 361 363 364 368 369 369 370
3 4 6 6 8 10 12 12 14 16 18 18 21 22 24 24 27 28 30 30 32 34 34 37 38 40 40 43 44 46 46 48 50 52 52 55 56 58 58 61 62 64 64 66 68 70 70 73 74 76 76 79 80 82 82 85 86 88 88 91 92 94 94 97 98 100 100 102 104 106 106 108 110 112 112 115 116 118 118 121 122 124 124 127 128 130 130 133 134 136 136 138 140 140 143 144 146 146 149 150 152 152 154 157 158 158 160 160 163 164 166 166 169 170 172 172 175 176 178 178 180 182 184 184 187 188 190 190 193 194 196 196 198 200 202 202 205 206 208 208 210 212 214 214 217 218 220 220 223 224 226 226 228 230 230 233 234 236 236 238 240 242 242 244 246 248 248 250 252 255 256 256 258 258 260 262 264 264 266 268 270 270 273 274 276 276 279 280 282 282 285 286 288 288 291 292 294 294 297 298 300 300 303 304 306 306 309 310 312 312 315 316 318 318 320 322 322 325 326 328 328 330 332 334 334 336 339 340 340 340 343 344 346 346 349 350 352 352 354 356 360 361 361 362
2 4 6 8 8 10 12 14 14 16 18 20 20 22 24 26 26 28 30 32 32 34 36 38 38 40 42 44 44 46 48 50 50 52 54 56 56 58 60 62 62 64 66 68 68 70 72 74 74 76 78 80 80 82 84 86 86 90 91 92
2 5 6 8 8 11 12 14 14 17 18 20 20 23 24 26 26 29 30 32 32 35 36 38 38 41 42 44 44 47 48 50 50 53 54 56 56 59 60 62 62 65 66 68 68 71 72 74 74 74 77 78 80 80 83 84 86 86 89 90 92 92 95 96 98 98 101 102 104 104 107 108 110 110 113 114 116 116 119 120 122 122 125 126 128 128 130 133 134 136 136 139 140 142 142 145 146 148 148 150 152 154 154 156 158 160 160 163 164 166 166 168 170 172 172 174 176 179 179 180 182 182 185 186 188 188 190 192 194 194 196 198 200 200 202 204 206 206 208 210 212 212 214 216 219 219 220 222 222 224 226 228 228 230 232 234 234 236 238 240 240 242 244 246 246 248 250 252 254 254 256 256 259 260 262 262 265 266 268 268 270 272 274 274 277 278 280 280 283 284 286 286 289 290 292 292 295 296 298 298 301 302 304 304 307 308 310 310 313 314 316 316 319 320 322 322 325 326 328 328 331 332 334 334 337 338 340 340 343 344 346 346 349 350 352 352 355 356 358 358 361 362 364 364 367 368 370 370 373 374 376 376 379 380 382 382 385 386 388 388 391 392 394 394 397 398 400 400 403 404 406 406 409 410 412 412 415 416 418 418 421 422 424 424 427 428 430 430 433 434 436 436 439 440 442 442 446 447 448

2 5 6 8 8 11 12 14 14 17 18 20 20 23 24 26 26 29 30 32 32 35 36 38 38 41 42 44 44 47 48 50 50 53 54 56 56 59 60 62 62 65 66 68 68 71 72 74 74 74 77 78 80 80 83 84 86 86 89 90 92 92 95 96 98 98 101 102 104 104 107 108 110 110 113 114 116 116 119 120 122 122 125 126 128 128 130 133 134 136 136 139 140 142 142 145 146 148 148 150 152 154 154 156 158 160 160 163 164 166 166 168 170 172 172 174 176 179 179 180 182 182 185 186 188 188 190 192 194 194 196 198 200 200 202 204 206 206 208 210 212 212 214 216 219 219 220 222 222 224 226 228 228 230 232 234 234 236 238 240 240 242 244 246 246 248 250 252 254 254 256 256 259 260 262 262 265 266 268 268 270 272 274 274 277 278 280 280 283 284 286 286 289 290 292 292 295 296 298 298 301 302 304 304 307 308 310 310 313 314 316 316 319 320 322 322 325 326 328 328 331 332 334 334 337 338 340 340 343 344 346 346 349 350 352 352 355 356 358 358 361 362 364 364 367 368 370 370 373 374 376 376 379 380 382 382 385 386 388 388 391 392 394 394 397 398 400 400 403 404 406 406 409 410 412 412 415 416 418 418 421 422 424 424 427 428 430 430 433 434 436 436 439 440 442 442 446 447 448
2 4 7 8 10 10 13 14 16 16 19 20 22 22 25 26 28 28 31 32 34 34 37 38 40 40 43 44 46 46 49 50 52 52 55 56 58 58 61 62 64 64 67 68 70 70 73 74 76 76 79 80 82 82 85 86 88 88 91 92 94 94 97 98 100 100 103 104 106 106 109 110 112 112 115 115 116 116 119 120 122 122 125 126 128 128 131 132 134 134 137 138 140 140 143 144 146 146 148 151 152 154 154 157 158 160 160 163 164 166 166 169 170 172 172 174 176 176 178 181 182 184 184 186 188 191 192 194 194 197 198 200 200 202 205 206 208 208 211 212 214 214 217 218 220 220 222 224 227 228 230 230 233 234 236 236 239 240 242 242 245 246 249 250 250 252 252 254 256 259 260 262 262 265 266 268 268 270 272 274 276 278 281 282 284 284 287 288 290 290 292 294 296 298 300 302 304 306 308 310 313 314 316 316 318 320 322 324 326 328 330 332 334 336 338 340 342 345 346 348 348 350 352 354 356 359 360 362 362 365 366 368 368 371 372 374 374 377 378 380 380 382 384 387 388 390 390 392 395 396 398 398 401 402 404 404 407 409 410 412 414 414 417 418 420 420 423 424 426 426 429 430 432 432 435 436 438 438 441 442 444 444 447 448 450 450 453 454 456 456 459 460 462 462 465 466 468 468 471 472 474 474 477 478 480 480 483 484 486 486 488 490 493 495 496 498 498 501 502 505 506 508 508 511 512 514 514 516 519 520 522 522 524 526 529 530 532 532 535 536 538 538 541 542 544 544 547 548 550 550 553 554 556 556 559 560 562 562 565 566 568 568 571 572 574 574 576 578 580 582 584 587 588 590 590 593 594 596 596 599 600 602 602 605 606 608 608 610 612 614 616 618 620 622 624 627 628 630 630 633 634 636 636 639 640 642 642 645 646 648 648 650 652 654 656 658 660 662 664 666 668 670 672 674 676 678 680 682 684 686 688 690 692 694 696 698 700 702 704 706 708 708 710 712 712 714 716 718 720 722 724 726 728 730 732 734 736 738 740 742 744 746 748 751 752 754 754 756 756 758 758 761 762 765 765 766 768 768 771 772 774 774 776 778 781 782 784 784 786 788 791 792 792 794 794 797 798 800 800 803 804 806 806 809 810 813 814 814 816 816 818 820 822 824 826 828 830 830 833 834 836 836 839 840 842 844 844 847 848 848 850 850 852 854 856 856 859 860 862 864 864 866 866 868 870 872 872 874 876 879 880 882 882 885 886 888 888 891 893 894 896 896 898 898 900 902 904 906 908 908 910 912 914 916 919 920 920 922 922 924 926 928 931 932 934 934 936 938 940 940 942 944 946 948 951 952 954 954 956 958 960 960 962 964 966 968 970 972 972 974 976 978 978 981 982 984 984 987 988 990 990 993 994 996 996 998 1000 1002 1002 1005 1006 1008 1008 1011 1012 1014 1014 1017 1018 1020 1020 1023 1024 1027 1028 1028 1030 1030 1033 1034 1036 1036 1038 1040 1042 1044 1047 1048 1050 1050 1053 1054 1056 1056 1058 1060 1062 1062 1064 1066 1068 1070 1072 1074 1076 1079 1080 1083 1083 1084 1086 1086 1089 1090 1092 1092 1095 1097 1098 1100 1100 1102 1102 1104 1106 1108 1108 1111 1112 1114 1114 1116 1119 1120 1122 1122 1124 1126 1128 1130 1132 1134 1137 1138 1140 1140 1142 1144 1146 1148 1148 1150 1153 1154 1156 1156 1158 1160 1162 1164 1166 1166 1169 1170 1172 1172 1174 1176 1178 1180 1183 1184 1184 1186 1186 1189 1190 1192 1192 1194 1196 1198 1200 1202 1202 1204 1206 1208 1208 1211 1212 1214 1214 1216 1218 1220 1220 1222 1224 1226 1229 1230 1232 1232 1235 1236 1238 1238 1240 1243 1244 1246 1246 1248 1250 1252 1252 1254 1256 1258 1260 1262 1264 1267 1267 1268 1270 1270 1272 1275 1276 1278 1280 1280 1280 1282 1285 1287 1288 1290 1290 1292 1292 1294 1296 1299 1300 1302 1302 1305 1306 1309 1310 1310 1312 1312 1314 1316 1318 1321 1322 1324 1324 1326 1328 1330 1330 1333 1334 1336 1336 1339 1340 1342 1342 1344 1346 1349 1350 1352 1352 1354 1356 1358 1361 1362 1364 1364 1366 1368 1371 1372 1374 1374 1377 1378 1380 1380 1382 1384 1386 1386 1389 1390 1392 1392 1394 1396 1398 1400 1400 1402 1404 1406 1406 1409 1410 1412 1412 1415 1416 1418 1418 1420 1423 1424 1427 1428 1428 1430 1430 1433 1435 1437 1438 1438 1441 1442 1444 1444 1447 1448 1450 1450 1452 1454 1456 1456 1459 1460 1462 1462 1464 1466 1468 1468 1470 1472 1474 1476 1478 1478 1481 1482 1484 1484 1487 1488 1490 1490 1492 1494 1496 1496 1499 1500 1502 1502 1504 1506 1508 1510 1512 1512 1515 1516 1518 1518 1521 1522 1524 1524 1526 1528 1530 1532 1534 1534 1536 1538 1540 1540 1543 1544 1546 1546 1548 1550 1552 1552 1554 1556 1558 1558 1560 1563 1564 1566 1566 1569 1570 1572 1572 1575 1576 1578 1578 1580 1582 1584 1584 1586 1588 1590 1593 1594 1594 1597 1599 1600 1602 1602 1602 1604 1606 1609 1610 1612 1612 1615 1616 1618 1618 1621 1622 1624 1624 1627 1628 1630 1630 1632 1634 1636 1636 1639 1641 1642 1644 1644 1644 1647 1648 1650 1652 1652 1654 1654 1656 1659 1660 1662 1662 1665 1666 1668 1668 1670 1673 1674 1676 1676 1676 1679 1679 1680 1682 1682 1685 1686 1688 1688 1690 1692 1695 1696 1698 1698 1701 1702 1704 1704 1706 1709 1710 1712 1712 1714 1716 1718 1718 1720 1723 1724 1727 1728 1730 1730 1733 1734 1736 1736 1739 1740 1742 1742 1745 1746 1748 1748 1751 1752 1754 1754 1757 1758 1760 1760 1763 1764 1766 1766 1769 1770 1772 1772 1775 1776 1778 1778 1781 1782 1784 1784 1787 1788 1790 1790 1793 1794 1796 1796 1799 1800 1802 1802 1805 1806 1806 1808 1808 1808 1810 1810 1812 1814 1816 1816 1818 1820 1823 1824 1826 1826 1828 1830 1832 1835 1836 1838 1838 1840 1842 1845 1846 1848 1848 1851 1852 1854 1854 1857 1858 1860 1860 1862 1864 1866 1866 1868 1870 1872 1872 1874 1877 1878 1881 1882 1882 1885 1886 1886 1888 1888 1890 1892 1895 1896 1898 1898 1901 1902 1904 1904 1907 1908 1910 1910 1913 1914 1916 1916 1919 1920 1922 1922 1925 1926 1928 1928 1931 1932 1934 1934 1937 1938 1940 1940 1943 1944 1946 1946 1949 1951 1952 1954 1954 1956 1956 1959 1960 1962 1962 1965 1966 1968 1968 1970 1972 1974 1977 1978 1978 1980 1982 1982 1985 1985 1986 1988 1988 1990 1992 1994 1994 1997 1999 2000 2002 2004 2004 2007 2008 2010 2010 2013 2014 2016 2016 2018 2020 2022 2022 2025 2026 2028 2028 2030 2032 2035 2036 2038 2038 2040 2043 2044 2046 2046 2049 2050 2052 2052 2054 2056 2058 2061 2062 2064 2066 2066 2066 2069 2070 2072 2072 2075 2076 2078 2078 2081 2082 2084 2084 2087 2088 2090 2092 2092 2092 2095 2096 2098 2098 2101 2102 2104 2104 2106 2109 2110 2112 2114 2114 2114 2117 2118 2120 2120 2123 2124 2126 2126 2129 2130 2133 2134 2134 2136 2136 2139 2140 2142 2142 2144 2147 2148 2150 2150 2153 2154 2156 2156 2159 2160 2162 2162 2164 2167 2168 2170 2170 2173 2174 2176 2176 2179 2180 2182 2182 2184 2186 2188 2191 2193 2194 2194 2196 2198 2198 2200 2202 2204 2204 2206 2208 2211 2212 2214 2214 2216 2218 2221 2221 2222 2224 2224 2227 2228 2230 2230 2232 2234 2237 2237 2239 2240 2242 2242 2244 2246 2246 2248 2248 2251 2252 2254 2254 2257 2258 2260 2260 2263 2264 2266 2266 2268 2270 2272 2272 2274 2276 2279 2280 2282 2282 2285 2286 2288 2288 2290 2290 2293 2294 2296 2296 2298 2301 2302 2304 2304 2307 2309 2310 2312 2312 2315 2316 2316 2319 2320 2320 2323 2323 2324 2326 2326 2329 2330 2332 2332 2335 2336 2338 2338 2341 2342 2344 2344 2347 2348 2350 2350 2353 2354 2356 2356 2359 2360 2362 2362 2364 2366 2369 2371 2372 2374 2374 2376 2376 2379 2380 2382 2382 2385 2386 2388 2388 2390 2392 2394 2394 2396 2398 2401 2402 2404 2404 2407 2408 2411 2412 2412 2414 2414 2417 2419 2420 2422 2422 2424 2424 2427 2429 2430 2432 2432 2432 2435 2436 2438 2438 2440 2442 2442 2445 2446 2448 2448 2450 2453 2454 2456 2458 2458 2460 2462 2465 2466 2468 2468 2471 2472 2474 2474 2476 2478 2480 2480 2482 2484 2487 2488 2490 2490 2492 2495 2496 2498 2498 2501 2502 2504 2504 2506 2508 2510 2510 2513 2515 2516 2518 2518 2518 2521 2522 2524 2524 2526 2528 2531 2532 2534 2534 2537 2538 2540 2540 2543 2544 2546 2546 2549 2550 2552 2552 2555 2556 2558 2558 2560 2562 2564 2566 2569 2570 2572 2572 2574 2576 2579 2579 2580 2582 2582 2585 2586 2589 2590 2590 2592 2592 2594 2596 2598 2598 2601 2602 2604 2604 2607 2608 2610 2610 2613 2614 2616 2616 2619 2620 2622 2622 2625 2626 2628 2628 2630 2632 2634 2636 2638 2638 2640 2642 2645 2646 2648 2648 2651 2652 2654 2654 2657 2658 2660 2660 2662 2664 2667 2668 2670 2670 2672 2674 2676 2676 2678 2680 2682 2684 2684 2686 2686 2689 2690 2692 2692 2695 2696 2698 2698 2701 2702 2704 2704 2707 2708 2710 2710 2713 2714 2716 2716 2719 2720 2722 2722 2725 2726 2728 2728 2730 2733 2734 2734 2736 2739 2740 2742 2742 2745 2747 2748 2750 2750 2752 2752 2755 2756 2759 2760 2760 2762 2762 2765 2766 2768 2768 2771 2772 2775 2776 2776 2778 2778 2781 2782 2784 2784 2787 2788 2790 2790 2793 2794 2797 2797 2798 2800 2800 2803 2804 2806 2806 2808 2810 2813 2814 2816 2816 2819 2820 2822 2822 2824 2826 2829 2830 2830 2832 2832 2835 2836 2838 2838 2841 2842 2844 2844 2847 2849 2850 2852 2852 2854 2854 2857 2858 2860 2860 2863 2864 2866 2866 2869 2870 2872 2872 2875 2876 2878 2878 2880 2882 2884 2884 2887 2888 2890 2890 2893 2894 2896 2896 2899 2900 2902 2902 2905 2906 2908 2908 2911 2912 2914 2914 2917 2918 2921 2921 2922 2924 2924 2926 2928 2930 2930 2933 2934 2937 2938 2938 2940 2942 2942 2944 2944 2947 2948 2951 2951 2953 2954 2954 2956 2956 2958 2960 2962 2962 2965 2966 2968 2968 2971 2972 2974 2974 2977 2978 2980 2980 2982 2984 2986 2988 2988 2991 2992 2994 2994 2997 2998 3000 3000 3003 3004 3006 3008 3008 3008 3010 3012 3014 3014 3017 3018 3020 3020 3022 3024 3026 3026 3029 3030 3032 3032 3035 3036 3038 3038 3041 3042 3044 3044 3047 3048 3050 3050 3053 3054 3056 3056 3059 3061 3062 3064 3064 3066 3066 3069 3070 3072 3072 3074 3076 3078 3078 3081 3082 3084 3084 3087 3088 3090 3090 3092 3094 3096 3096 3099 3100 3102 3102 3105 3107 3109 3111 3113 3115 3115 3117 3119 3121 3121 3123 3125 3127 3127 3129 3131 3133 3133 3135 3137 3138 3141 3141 3143 3145 3147 3147 3149 3151 3153 3153 3155 3157 3159 3159 3161 3163 3164 3164 3167 3168 3170 3170 3173 3174 3176 3176 3179 3180 3182 3182 3185 3187 3188 3190 3190 3192 3192 3195 3196 3198 3198 3201 3202 3204 3204 3206 3208 3210 3210 3213 3214 3216 3216 3219 3220 3222 3222 3225 3226 3228 3228 3231 3232 3234 3234 3237 3238 3240 3240 3243 3244 3246 3246 3249 3250 3252 3252 3255 3256 3259 3260 3262 3262 3262 3264 3264 3267 3268 3270 3273 3273 3274 3274 3277 3278 3280 3280 3283 3284 3286 3286 3289 3290 3292 3292 3294 3297 3297 3298 3300 3300 3303 3304 3306 3306 3309 3310 3312 3312 3315 3316 3318 3318 3320 3322 3325 3325 3326 3328 3328 3330 3332 3334 3334 3337 3338 3341 3342 3342 3342 3345 3346 3348 3348 3351 3352 3354 3354 3357 3358 3360 3360 3363 3364 3366 3366 3369 3370 3372 3372 3375 3376 3378 3378 3381 3382 3384 3384 3386 3388 3391 3392 3394 3394 3397 3398 3400 3400 3403 3404 3406 3406 3409 3410 3412 3412 3414 3417 3418 3420 3420 3422 3424 3427 3428 3428 3430 3430 3432 3434 3434 3437 3438 3440 3440 3443 3444 3446 3446 3449 3450 3452 3452 3455 3456 3459 3461 3462 3462 3465 3466 3466 3468 3468 3471 3473 3474 3476 3476 3476 3478 3480 3480 3482 3484 3486 3486 3489 3490 3493 3494 3496 3496 3496 3499 3500 3503 3504 3504 3506 3506 3509 3510 3512 3512 3515 3516 3519 3520 3520 3522 3522 3524 3526 3529 3530 3530 3532 3532 3535 3536 3539 3539 3540 3540 3542 3545 3546 3549 3550 3550 3552 3552 3555 3557 3558 3560 3560 3560 3563 3564 3566 3566 3568 3570 3573 3574 3576 3576 3579 3581 3582 3584 3584 3586 3586 3589 3590 3592 3592 3595 3596 3599 3600 3600 3602 3602 3605 3606 3608 3610 3610 3610 3613 3614 3616 3616 3619 3620 3622 3622 3624 3627 3628 3630 3630 3632 3635 3636 3638 3638 3640 3643 3644 3646 3646 3649 3650 3652 3652 3654 3656 3659 3661 3663 3663 3665 3667 3669 3670 3673 3673 3675 3677 3679 3681 3681 3683 3685 3687 3688 3691 3691 3693 3695 3697 3697 3699 3701 3703 3703 3705 3707 3709 3709 3711 3712 3715 3715 3717 3719 3721 3723 3723 3725 3727 3729 3729 3731 3733 3735 3735 3737 3739 3739 3741 3743 3745 3747 3747 3749 3751 3753 3753 3755 3757 3759 3759 3761 3763 3765 3767 3767 3769 3771 3773 3773 3775 3777 3779 3779 3781 3783 3785 3787 3789 3789 3791 3792 3792 3794 3796 3799 3800 3802 3802 3804 3806 3808 3811 3812 3814 3814 3817 3818 3820 3820 3823 3824 3826 3826 3828 3830 3832 3832 3835 3836 3838 3838 3841 3842 3844 3844 3846 3849 3850 3852 3852 3855 3856 3858 3858 3860 3862 3864 3866 3869 3870 3872 3872 3875 3876 3878 3878 3881 3883 3884 3886 3886 3888 3888 3890 3893 3894 3896 3896 3898 3900 3902 3905 3906 3908 3908 3910 3912 3915 3916 3918 3918 3921 3922 3924 3924 3926 3929 3930 3932 3932 3935 3936 3938 3938 3940 3942 3944 3944 3946 3948 3950 3950 3952 3954 3957 3957 3958 3960 3960 3963 3964 3966 3966 3969 3970 3972 3972 3974 3976 3978 3978 3981 3982 3984 3984 3986 3988 3991 3992 3994 3994 3997 3998 4000 4000 4003 4004 4006 4006 4009 4010 4012 4012 4014 4016 4018 4018 4021 4022 4024 4024 4026 4028 4030 4032 4034 4034 4036 4038 4040 4040 4042 4044 4046 4048 4050 4052 4055 4056 4058 4058 4060 4062 4064 4066 4068 4070 4072 4074 4077 4078 4080 4080 4082 4084 4087 4088 4090 4090 4093 4094 4096 4096 4098 4100 4103 4104 4106 4106 4109 4110 4112 4112 4115 4116 4118 4118 4120 4122 4125 4126 4128 4128 4131 4132 4134 4134 4136 4138 4140 4142 4145 4146 4148 4148 4150 4152 4154 4156 4159 4160 4162 4162 4164 4166 4169 4170 4172 4172 4174 4176 4179 4180 4182 4182 4185 4185 4186 4188 4188 4191 4192 4194 4194 4197 4198 4201 4202 4202 4204 4204 4207 4208 4210 4210 4213 4214 4216 4216 4218 4218 4220 4220 4223 4224 4226 4226 4229 4230 4232 4232 4235 4236 4238 4238 4241 4242 4244 4244 4247 4248 4250 4250 4253 4254 4256 4256 4258 4260 4262 4262 4265 4266 4268 4268 4271 4272 4274 4274 4277 4278 4280 4280 4283 4284 4286 4286 4288 4290 4293 4293 4294 4296 4296 4298 4300 4303 4304 4306 4306 4309 4310 4312 4312 4315 4316 4318 4318 4321 4322 4324 4324 4327 4328 4330 4330 4333 4334 4336 4336 4339 4341 4342 4344 4344 4346 4346 4349 4350 4352 4354 4354 4354 4357 4358 4360 4360 4363 4364 4366 4366 4369 4370 4372 4372 4375 4376 4378 4378 4380 4382 4385 4386 4388 4388 4391 4392 4394 4394 4397 4398 4400 4400 4402 4404 4406 4406 4409 4410 4413 4414 4414 4416 4418 4418 4418 4421 4422 4424 4424 4427 4428 4430 4430 4433 4434 4436 4436 4439 4441 4442 4444 4444 4446 4446 4449 4450 4452 4452 4454 4456 4458 4460 4462 4464 4466 4468 4470 4470 4473 4474 4476 4476 4478 4480 4482 4484 4487 4488 4490 4492 4492 4492 4494 4496 4499 4501 4502 4504 4504 4506 4506 4508 4510 4513 4514 4516 4516 4518 4521 4522 4524 4524 4527 4528 4530 4530 4533 4534 4536 4536 4538 4540 4543 4544 4546 4546 4548 4550 4553 4554 4557 4557 4558 4560 4560 4562 4564 4566 4568 4570 4572 4575 4575 4576 4576 4578 4581 4582 4584 4584 4587 4588 4590 4590 4593 4594 4596 4596 4599 4601 4602 4604 4604 4606 4608 4611 4613 4614 4616 4616 4618 4618 4621 4622 4624 4624 4627 4628 4630 4630 4632 4634 4636 4638 4640 4642 4644 4646 4648 4650 4652 4654 4656 4658 4660 4662 4664 4666 4668 4670 4670 4672 4675 4676 4676 4678 4680 4682 4684 4686 4688 4690 4690 4693 4694 4696 4696 4699 4700 4702 4702 4704 4706 4708 4710 4713 4714 4716 4716 4718 4720 4722 4722 4724 4726 4728 4730 4733 4734 4736 4736 4738 4740 4743 4744 4746 4746 4748 4750 4752 4754 4756 4758 4761 4762 4764 4764 4767 4768 4770 4770 4773 4774 4777 4777 4778 4780 4780 4783 4784 4786 4786 4789 4790 4792 4792 4795 4796 4798 4798 4801 4802 4804 4804 4807 4808 4810 4810 4813 4814 4816 4816 4819 4820 4820 4823 4824 4827 4828 4828 4830 4830 4833 4834 4836 4836 4839 4840 4842 4842 4845 4846 4848 4848 4850 4852 4855 4856 4858 4858 4861 4863 4864 4866 4866 4868 4868 4871 4872 4874 4874 4877 4878 4880 4880 4883 4884 4886 4886 4889 4890 4892 4892 4894 4896 4899 4900 4902 4902 4904 4906 4908 4908 4911 4912 4914 4914 4917 4918 4920 4920 4923 4925 4926 4928 4928 4930 4932 4935 4936 4938 4938 4941 4942 4944 4944 4947 4948 4950 4950 4953 4954 4956 4956 4959 4960 4962 4964 4964 4964 4966 4969 4970 4973 4974 4974 4976 4976 4978 4981 4982 4984 4984 4986 4988 4990 4993 4994 4996 4996 4999 5000 5002 5002 5004 5006 5008 5008 5011 5012 5014 5014 5017 5018 5020 5020 5023 5024 5024 5026 5026 5029 5030 5032 5032 5035 5036 5039 5039 5041 5043 5045 5047 5049 5049 5051 5053 5053 5055 5056 5059 5059 5061 5063 5065 5065 5066 5069 5069 5071 5073 5075 5077 5079 5079 5081 5083 5085 5085 5087 5089 5091 5093 5095 5097 5099 5099 5101 5103 5105 5105 5107 5109 5111 5111 5113 5115 5117 5117 5119 5121 5123 5123 5125 5127 5129 5129 5131 5132 5135 5135 5137 5139 5141 5143 5145 5147 5149 5149 5151 5153 5155 5155 5157 5159 5161 5163 5165 5167 5167 5169 5170 5173 5173 5175 5177 5179 5179 5181 5183 5185 5187 5188 5191 5191 5191 5193 5195 5197 5198 5201 5201 5203 5205 5207 5207 5209 5209 5211 5213 5215 5215 5217 5219 5221 5221 5223 5224 5227 5227 5229 5231 5233 5233 5235 5237 5238 5238 5238 5241 5242 5242 5245 5246 5248 5248 5251 5252 5254 5254 5256 5258 5260 5262 5265 5266 5268 5268 5270 5273 5274 5276 5276 5279 5280 5282 5282 5285 5286 5288 5288 5291 5292 5294 5294 5297 5298 5301 5302 5302 5304 5304 5306 5308 5311 5311 5313 5314 5316 5316 5316 5319 5320 5322 5322 5325 5327 5328 5330 5330 5332 5332 5335 5336 5338 5338 5341 5342 5344 5344 5346 5348 5351 5352 5354 5354 5357 5358 5360 5360 5362 5365 5366 5368 5368 5371 5372 5374 5374 5377 5378 5381 5382 5382 5384 5384 5387 5388 5390 5390 5392 5394 5397 5398 5400 5400 5403 5404 5406 5406 5408 5410 5413 5413 5414 5416 5416 5418 5420 5423 5424 5426 5426 5428 5430 5433 5434 5436 5436 5439 5440 5442 5442 5445 5446 5448 5448 5451 5452 5454 5454 5457 5458 5460 5460 5463 5464 5466 5466 5469 5470 5472 5472 5475 5476 5478 5478 5481 5482 5484 5484 5487 5488 5490 5490 5493 5494 5496 5496 5499 5500 5502 5502 5505 5506 5508 5508 5511 5512 5514 5514 5517 5518 5520 5520 5522 5524 5527 5528 5530 5530 5532 5532 5535 5536 5538 5538 5541 5542 5542 5545 5546 5548 5548 5551 5552 5554 5554 5556 5558 5561 5562 5564 5564 5567 5568 5571 5571 5573 5574 5576 5576 5578 5578 5580 5583 5584 5586 5586 5588 5590 5593 5594 5596 5596 5599 5600 5602 5602 5604 5606 5609 5610 5612 5612 5615 5616 5618 5618 5621 5622 5624 5624 5627 5628 5630 5630 5632 5634 5637 5638 5640 5640 5643 5644 5646 5646 5649 5650 5652 5652 5655 5657 5658 5660 5660 5662 5662 5665 5666 5668 5668 5671 5672 5674 5674 5677 5678 5680 5680 5682 5684 5687 5688 5690 5690 5693 5694 5696 5696 5698 5700 5703 5704 5706 5706 5708 5710 5713 5714 5716 5716 5719 5720 5723 5724 5724 5724 5726 5729 5730 5732 5732 5734 5736 5739 5741 5742 5744 5744 5744 5746 5748 5751 5752 5754 5754 5757 5758 5760 5760 5762 5764 5767 5768 5770 5770 5773 5774 5776 5776 5778 5780 5782 5785 5786 5788 5788 5790 5792 5794 5796 5798 5800 5803 5804 5806 5806 5809 5810 5812 5812 5814 5816 5819 5820 5822 5822 5825 5826 5828 5828 5830 5832 5834 5834 5837 5838 5840 5840 5842 5844 5846 5846 5849 5850 5852 5852 5854 5856 5859 5860 5862 5862 5865 5866 5868 5868 5871 5872 5874 5874 5877 5878 5880 5880 5882 5884 5886 5888 5890 5892 5894 5897 5898 5900 5900 5903 5904 5906 5906 5909 5910 5912 5912 5915 5916 5918 5918 5921 5922 5924 5924 5926 5928 5930 5930 5933 5934 5936 5936 5939 5940 5942 5942 5944 5947 5948 5950 5950 5952 5952 5955 5956 5958 5958 5961 5962 5964 5964 5967 5968 5970 5970 5973 5974 5976 5976 5979 5980 5982 5982 5985 5986 5988 5988 5991 5992 5995 5996 5996 5998 5998 6000 6002 6004 6004 6007 6008 6010 6010 6012 6014 6016 6016 6019 6020 6022 6022 6025 6026 6028 6028 6031 6032 6034 6034 6037 6038 6040 6040 6043 6044 6047 6048 6048 6050 6050 6053 6054 6056 6056 6059 6060 6062 6062 6065 6066 6068 6068 6071 6072 6074 6074 6077 6078 6080 6080 6083 6084 6087 6088 6088 6090 6090 6093 6094 6096 6096 6099 6100 6102 6102 6105 6106 6108 6108 6111 6112 6114 6116 6116 6118 6118 6121 6122 6124 6124 6127 6128 6130 6130 6133 6134 6136 6136 6139 6140 6142 6142 6145 6146 6148 6148 6151 6152 6154 6154 6157 6158 6160 6160 6163 6164 6166 6166 6169 6170 6172 6172 6175 6176 6178 6178 6181 6182 6184 6184 6187 6188 6190 6190 6193 6194 6196 6196 6199 6200 6202 6202 6205 6206 6208 6208 6210 6212 6215 6215 6216 6218 6218 6221 6222 6224 6224 6227 6228 6230 6230 6233 6234 6236 6236 6239 6240 6242 6242 6244 6246 6248 6248 6251 6252 6254 6254 6257 6258 6260 6260 6263 6264 6267 6269 6269 6270 6272 6272 6272 6275 6276 6279 6280 6280 6282 6282 6285 6286 6289 6290 6290 6292 6292 6295 6296 6298 6298 6301 6302 6304 6304 6307 6308 6311 6311 6312 6312 6314 6314 6316 6319 6320 6320 6322 6322 6325 6326 6328 6328 6331 6332 6335 6336 6336 6338 6338 6341 6342 6344 6344 6346 6348 6350 6350 6352 6355 6355 6356 6358 6358 6360 6362 6364 6364 6367 6368 6370 6370 6373 6374 6376 6376 6379 6380 6382 6382 6385 6386 6388 6388 6391 6392 6394 6394 6397 6398 6400 6400 6403 6404 6407 6407 6408 6410 6412 6412 6414 6414 6417 6418 6420 6420 6423 6424 6426 6426 6429 6430 6432 6432 6435 6436 6438 6438 6441 6442 6444 6444 6447 6448 6450 6450 6453 6454 6456 6456 6459 6460 6462 6462 6465 6466 6468 6468 6471 6472 6474 6474 6477 6478 6480 6480 6483 6484 6486 6486 6489 6490 6492 6492 6495 6496 6496 6498 6498 6501 6502 6505 6505 6506 6508 6508 6511 6512 6515 6516 6516 6518 6518 6521 6522 6524 6524 6526 6528 6531 6532 6534 6534 6536 6536 6536 6539 6540 6542 6542 6545 6546 6549 6550 6550 6550 6553 6554 6557 6558 6558 6561 6562 6562 6565 6565 6567 6569 6570 6572 6572 6572 6574 6574 6577 6578 6580 6580 6583 6584 6586 6586 6589 6590 6592 6592 6595 6596 6598 6598 6600 6602 6604 6604 6607 6608 6610 6610 6613 6614 6616 6616 6619 6620 6622 6622 6625 6626 6628 6628 6631 6632 6634 6634 6637 6638 6640 6640 6643 6644 6647 6648 6648 6650 6650 6653 6654 6656 6656 6659 6660 6662 6662 6665 6666 6668 6668 6671 6672 6674 6674 6677 6678 6680 6680 6683 6684 6686 6686 6689 6690 6693 6693 6694 6696 6696 6699 6700 6702 6702 6705 6706 6708 6708 6711 6712 6714 6714 6717 6718 6720 6720 6723 6724 6726 6726 6729 6730 6732 6732 6735 6736 6738 6738 6741 6742 6744 6744 6746 6748 6750 6750 6753 6754 6756 6756 6758 6760 6762 6762 6765 6766 6768 6768 6771 6772 6775 6775 6776 6778 6778 6781 6782 6784 6784 6787 6788 6790 6790 6793 6794 6796 6796 6799 6800 6802 6802 6805 6806 6808 6808 6811 6812 6814 6814 6816 6818 6820 6822 6824 6827 6828 6831 6832 6832 6832 6835 6836 6838 6838 6840 6843 6844 6844 6846 6848 6850 6852 6855 6856 6858 6858 6860 6863 6864 6867 6868 6868 6868 6870 6872 6874 6876 6879 6880 6880 6882 6884 6886 6888 6891 6892 6894 6894 6896 6898 6900 6902 6904 6907 6908 6908 6910 6912 6914 6917 6918 6920 6920 6922 6924 6926 6928 6930 6932 6934 6936 6938 6940 6943 6944 6944 6946 6948 6950 6952 6954 6956 6958 6960 6963 6964 6967 6967 6968 6970 6970 6973 6974 6976 6976 6979 6980 6982 6982 6985 6987 6988 6990 6990 6990 6993 6994 6996 6996 6999 7000 7002 7002 7005 7006 7008 7008 7010 7012 7014 7016 7019 7020 7020 7022 7025 7027 7028 7030 7030 7032 7032 7035 7036 7038 7038 7040 7043 7044 7046 7046 7048 7050 7052 7055 7056 7058 7058 7060 7063 7065 7066 7068 7068 7070 7073 7074 7074 7076 7078 7080 7082 7084 7087 7088 7090 7090 7093 7094 7096 7096 7098 7100 7102 7105 7106 7108 7108 7110 7112 7114 7116 7118 7120 7122 7124 7126 7129 7130 7130 7132 7135 7136 7138 7138 7140 7143 7144 7144 7146 7148 7151 7153 7155 7155 7157 7159 7161 7161 7163 7165 7167 7167 7169 7171 7171 7173 7175 7177 7177 7179 7181 7183 7183 7185 7187 7189 7191 7191 7191 7193 7195 7197 7197 7199 7201 7203 7203 7205 7207 7209 7209 7211 7213 7215 7215 7217 7219 7221 7221 7223 7225 7227 7227 7229 7231 7233 7233 7235 7237 7239 7239 7241 7243 7245 7245 7247 7249 7251 7251 7253 7253 7254 7254 7256 7258 7260 7262 7264 7266 7268 7270 7273 7274 7274 7276 7279 7280 7282 7282 7284 7287 7288 7290 7290 7293 7295 7296 7298 7298 7298 7301 7302 7304 7304 7306 7308 7310 7312 7315 7316 7318 7318 7320 7322 7325 7326 7328 7330 7330 7332 7335 7336 7339 7341 7341 7341 7343 7344 7346 7346 7348 7348 7350 7353 7354 7354 7356 7359 7360 7362 7362 7365 7366 7368 7368 7370 7372 7374 7376 7378 7380 7383 7384 7384 7387 7388 7390 7390 7393 7394 7394 7396 7399 7400 7402 7402 7404 7407 7408 7408 7410 7412 7414 7417 7418 7418 7420 7422 7425 7426 7428 7428 7431 7432 7434 7434 7437 7438 7440 7440 7442 7444 7446 7449 7450 7452 7452 7455 7456 7458 7458 7461 7462 7464 7464 7467 7468 7471 7471 7472 7472 7475 7476 7478 7478 7481 7482 7484 7484 7487 7488 7490 7490 7493 7494 7496 7496 7499 7500 7502 7502 7505 7506 7508 7508 7511 7512 7514 7514 7517 7518 7520 7520 7523 7524 7526 7526 7529 7530 7532 7532 7535 7536 7539 7540 7540 7542 7542 7545 7546 7548 7548 7551 7552 7554 7554 7557 7558 7561 7562 7562 7564 7564 7567 7568 7570 7570 7573 7575 7576 7578 7578 7578 7581 7583 7585 7585 7586 7588 7588 7591 7592 7595 7595 7596 7598 7598 7601 7602 7604 7604 7607 7608 7611 7611 7612 7614 7614 7617 7618 7620 7620 7623 7624 7626 7626 7629 7630 7632 7634 7634 7636 7638 7640 7642 7644 7647 7648 7648 7650 7653 7654 7654 7656 7659 7660 7660 7663 7664 7666 7666 7668 7671 7672 7674 7674 7676 7679 7681 7682 7684 7684 7684 7686 7688 7691 7692 7695 7696 7696 7696 7698 7700 7703 7704 7706 7706 7709 7710 7712 7712 7715 7716 7718 7718 7720 7722 7724 7727 7728 7728 7731 7732 7734 7734 7736 7738 7740 7743 7744 7746 7746 7748 7751 7752 7752 7754 7757 7758 7760 7760 7762 7764 7766 7769 7770 7770 7772 7775 7776 7778 7778 7780 7782 7785 7786 7786 7788 7791 7792 7794 7794 7796 7799 7800 7800 7802 7805 7806 7806 7808 7811 7812 7814 7814 7816 7818 7821 7823 7825 7825 7827 7829 7831 7831 7833 7835 7837 7837 7839 7841 7843 7843 7845 7847 7849 7849 7851 7853 7855 7855 7857 7859 7861 7861 7863 7865 7867 7867 7869 7871 7873 7873 7875 7877 7879 7879 7881 7883 7885 7885 7887 7889 7891 7891 7893 7895 7897 7897 7899 7901 7903 7903 7905 7907 7909 7909 7911 7913 7915 7915 7917 7919 7921 7921 7923 7925 7927 7927 7929 7931 7933 7933 7935 7937 7939 7939 7941 7943 7945 7945 7947 7949 7951 7951 7953 7955 7957 7957 7959 7961 7963 7963 7965 7967 7969 7969 7971 7973 7975 7975 7977 7979 7981 7981 7983 7985 7987 7987 7989 7991 7993 7993 7995 7997 7999 7999 8001 8003 8005 8005 8007 8009 8011 8011 8013 8015 8017 8017 8019 8021 8023 8023 8025 8027 8029 8029 8031 8033 8035 8035 8037 8039 8041 8041 8043 8045 8047 8047 8049 8051 8053 8053 8055 8057 8057 8059 8061 8063 8063 8065 8067 8069 8069 8071 8073 8075 8075 8077 8079 8081 8081 8083 8085 8087 8087 8088 8088 8090 8092 8094 8097 8098 8100 8100 8102 8105 8106 8106 8108 8110 8113 8114 8117 8118 8118 8118 8120 8123 8124 8126 8126 8128 8130 8132 8135 8136 8138 8138 8140 8142 8145 8146 8149 8149 8151 8152 8154 8156 8156 8158 8158 8158 8161 8162 8164 8167 8169 8169 8171 8172 8172 8174 8174 8176 8178 8181 8183 8184 8184 8186 8186 8188 8190 8193 8194 8197 8197 8199 8200 8202 8202 8204 8204 8206 8209 8210 8212 8212 8214 8217 8218 8218 8220 8222 8225 8226 8228 8228 8230 8233 8234 8236 8236 8239 8241 8242 8245 8246 8246 8246 8249 8250 8252 8252 8255 8256 8258 8258 8260 8262 8265 8266 8268 8268 8270 8272 8274 8276 8278 8281 8282 8282 8284 8286 8289 8290 8292 8292 8295 8296 8298 8298 8301 8302 8304 8304 8306 8309 8310 8310 8312 8314 8317 8319 8320 8320 8320 8322 8325 8326 8328 8328 8330 8333 8334 8336 8336 8339 8340 8343 8343 8344 8346 8346 8349 8350 8352 8352 8355 8356 8358 8358 8361 8363 8364 8367 8368 8368 8368 8370 8370 8373 8374 8376 8376 8379 8380 8382 8382 8385 8386 8388 8388 8391 8392 8394 8394 8396 8399 8399 8400 8402 8402 8405 8406 8408 8408 8411 8412 8414 8414 8417 8418 8420 8420 8423 8424 8426 8426 8429 8430 8432 8432 8434 8436 8439 8441 8442 8444 8444 8446 8446 8448 8451 8452 8452 8454 8456 8458 8460 8462 8464 8466 8468 8470 8472 8474 8476 8478 8480 8483 8484 8484 8486 8488 8491 8492 8494 8494 8496 8499 8500 8500 8502 8504 8506 8509 8510 8512 8512 8514 8517 8519 8520 8520 8522 8522 8525 8526 8528 8528 8530 8532 8535 8537 8537 8538 8538 8541 8542 8544 8544 8546 8548 8551 8552 8552 8554 8557 8558 8560 8560 8563 8564 8564 8566 8569 8570 8573 8574 8574 8576 8576 8579 8580 8582 8582 8584 8586 8589 8590 8592 8592 8595 8597 8598 8600 8600 8603 8604 8604 8606 8606 8609 8610 8612 8612 8614 8616 8618 8620 8622 8624 8627 8628 8630 8630 8632 8635 8636 8638 8638 8640 8642 8645 8646 8648 8648 8650 8653 8654 8656 8656 8658 8660 8662 8664 8666 8668 8670 8673 8674 8674 8676 8678 8680 8682 8684 8686 8689 8690 8692 8692 8694 8696 8698 8700 8702 8705 8706 8708 8708 8710 8712 8715 8716 8718 8718 8720 8722 8725 8726 8726 8728 8730 8732 8734 8736 8739 8740 8742 8742 8744 8746 8748 8751 8752 8754 8754 8756 8758 8760 8763 8764 8766 8766 8768 8770 8772 8775 8776 8776 8778 8780 8782 8784 8786 8788 8790 8793 8794 8794 8796 8796 8798 8800 8803 8804 8806 8806 8808 8810 8813 8814 8816 8816 8818 8820 8823 8825 8826 8826 8828 8828 8831 8832 8834 8834 8837 8838 8841 8842 8842 8844 8844 8846 8848 8850 8852 8855 8856 8859 8859 8860 8862 8862 8864 8867 8868 8870 8870 8872 8874 8876 8879 8880 8882 8882 8884 8887 8888 8888 8891 8892 8894 8894 8896 8898 8901 8902 8904 8904 8906 8908 8910 8912 8914 8917 8918 8918 8920 8922 8925 8926 8928 8928 8931 8932 8934 8934 8936 8938 8941 8942 8944 8944 8947 8948 8950 8950 8953 8954 8956 8956 8958 8960 8962 8964 8966 8968 8971 8973 8974 8976 8976 8978 8978 8980 8983 8984 8986 8986 8988 8991 8992 8992 8995 8996 8998 8998 9000 9003 9004 9006 9006 9009 9010 9012 9012 9015 9016 9019 9020 9020 9020 9022 9024 9027 9027 9028 9030 9030 9033 9034 9036 9036 9038 9038 9041 9042 9044 9044 9047 9048 9051 9052 9052 9054 9054 9057 9058 9060 9060 9063 9064 9067 9068 9068 9068 9071 9072 9074 9074 9077 9078 9080 9080 9083 9084 9086 9086 9089 9090 9092 9092 9095 9096 9098 9098 9101 9102 9104 9104 9107 9108 9110 9110 9113 9115 9116 9118 9118 9121 9121 9122 9124 9124 9127 9128 9130 9130 9133 9134 9136 9136 9139 9140 9142 9142 9145 9146 9148 9148 9151 9152 9154 9154 9156 9158 9160 9160 9163 9164 9166 9166 9169 9170 9172 9172 9175 9176 9178 9178 9181 9182 9184 9184 9187 9188 9190 9190 9193 9194 9196 9196 9199 9200 9202 9202 9205 9206 9208 9208 9211 9212 9215 9216 9216 9218 9218 9220 9222 9224 9224 9227 9228 9230 9230 9232 9234 9236 9236 9239 9240 9242 9242 9245 9246 9248 9248 9251 9252 9254 9254 9256 9256 9259 9260 9262 9262 9264 9266 9268 9268 9271 9272 9274 9274 9277 9278 9280 9280 9283 9284 9286 9286 9289 9290 9292 9292 9295 9296 9298 9298 9301 9302 9304 9304 9306 9308 9310 9310 9313 9314 9316 9316 9319 9320 9322 9322 9325 9326 9328 9328 9331 9332 9334 9334 9337 9338 9340 9340 9343 9344 9346 9346 9349 9350 9352 9352 9355 9356 9358 9358 9361 9362 9364 9364 9367 9368 9370 9370 9372 9374 9376 9378 9380 9382 9385 9386 9388 9388 9390 9392 9395 9396 9398 9398 9401 9402 9404 9404 9407 9408 9410 9410 9413 9414 9416 9416 9419 9420 9422 9422 9425 9426 9428 9428 9431 9432 9432 9434 9436 9438 9438 9441 9442 9444 9444 9446 9448 9450 9450 9453 9454 9456 9456 9459 9460 9462 9462 9465 9466 9468 9468 9471 9472 9474 9474 9477 9478 9480 9480 9483 9484 9486 9486 9488 9490 9492 9492 9494 9496 9498 9498 9501 9502 9504 9504 9507 9508 9510 9510 9512 9514 9516 9516 9519 9520 9522 9522 9524 9524 9526 9528 9530 9530 9533 9534 9536 9536 9539 9540 9542 9542 9545 9546 9548 9548 9551 9552 9554 9554 9557 9558 9560 9560 9562 9564 9566 9566 9569 9570 9572 9572 9574 9576 9578 9578 9581 9582 9584 9584 9587 9588 9590 9590 9593 9594 9596 9596 9598 9600 9602 9602 9605 9606 9608 9608 9610 9612 9614 9614 9617 9618 9620 9620 9623 9624 9627 9627 9628 9630 9630 9632 9635 9636 9636 9636 9639 9640 9643 9644 9644 9647 9648 9648 9650 9650 9653 9654 9656 9656 9659 9660 9662 9662 9665 9666 9668 9668 9671 9672 9674 9674 9677 9678 9680 9680 9683 9684 9686 9686 9689 9690 9692 9694 9694 9696 9696 9699 9700 9702 9702 9705 9706 9708 9708 9711 9712 9714 9716 9716 9718 9718 9721 9722 9724 9724 9727 9728 9730 9730 9733 9734 9734 9736 9736 9738 9738 9741 9741 9742 9742 9744 9744 9746 9746 9748 9750 9753 9753 9754 9754 9756 9756 9759 9760 9760 9763 9763 9763 9764 9766 9766 9769 9770 9770 9773 9774 9776 9778 9778 9781 9782 9784 9784 9786 9786 9786 9789 9790 9792 9792 9795 9796 9798 9798 9801 9802 9804 9806 9806 9808 9808 9811 9812 9814 9814 9817 9818 9820 9820 9823 9824 9826 9826 9828 9830 9832 9832 9835 9836 9838 9838 9840 9842 9844 9844 9847 9848 9850 9850 9853 9854 9856 9856 9859 9860 9862 9862 9865 9866 9868 9868 9871 9872 9874 9874 9877 9878 9880 9880 9883 9884 9886 9886 9889 9890 9892 9892 9895 9896 9898 9898 9900 9902 9904 9904 9906 9908 9908 9911 9912 9914 9914 9917 9918 9921 9921 9922 9924 9924 9927 9928 9930 9930 9932 9934 9936 9936 9939 9940 9942 9942 9944 9946 9948 9948 9951 9952 9954 9954 9957 9958 9960 9960 9962 9964 9966 9966 9969 9970 9972 9972 9975 9976 9978 9978 9981 9982 9984 9984 9987 9988 9990 9990 9992 9994 9998 9999 9999 10000







2 4 7 8 8 11 12 12 14 17 18 18 20 23 24 24 26 29 30 30 32 35 36 36 38 41 42 42 44 47 48 48 50 53 54 54 57 58 58 60 63 64 64 66 69 70 70 72 75 76 76 79 80 80 82 85 86 86 88 91 92 92 94 97 98 98 100 103 104 104 106 109 110 110 112 115 116 116 118 120 120 122 125 126 126 128 131 132 132 134 137 138 138 140 143 144 144 146 149 150 150 152 155 156 156 158 161 162 162 164 167 168 168 170 173 174 174 176 179 180 180 182 185 186 186 188 191 192 192 194 197 198 198 200 203 204 204 206 209 210 210 212 215 216 216 218 221 222 222 224 227 228 228 230 233 234 234 236 239 240 240 242 245 246 246 248 251 252 252 254 257 258 258 260 263 264 264 266 269 270 270 272 275 276 276 278 278 280 283 284 284 288 289 290
2 4 7 8 8 10 13 14 14 16 19 20 20 22 24 27 28 28 30 33 34 34 36 39 40 40 42 45 46 46 48 51 52 52 54 57 58 58 60 63 64 64 66 68 70 70 72 74 74 76 79 80 80 82 85 86 86 88 91 92 92 94 97 98 98 100 102 102 105 106 106 108 111 112 112 114 116 116 118 118 120 123 124 124 126 129 130 130 132 135 136 136 138 141 142 142 144 147 148 148 150 153 154 154 156 159 161 162 162 164 164 166 169 170 170 172 175 176 176 178 181 182 182 185 186 186 188 191 192 192 194 197 198 198 200 203 204 204 206 209 210 210 212 215 216 216 219 220 220 223 224 224 226 229 230 230 232 235 236 236 238 241 242 242 244 247 248 248 250 253 254 254 256 259 260 260 262 264 267 269 269 270 270 272 274 277 278 278 280 280 282 285 286 286 288 290 293 295 295 296 296 298 301 302 302 304 307 308 308 310 313 314 314 316 319 320 320 322 325 326 326 328 331 332 332 334 337 338 338 341 342 342 344 347 348 348 350 352 354 354 357 358 358 360 363 364 364 366 369 370 370 372 375 376 376 378 381 382 382 384 387 388 388 390 393 394 394 396 399 400 400 402 405 406 406 408 411 412 412 414 417 418 418 420 423 424 424 426 429 430 430 432 434 436 436 438 441 442 442 444 447 448 448 450 453 454 454 456 459 460 460 462 465 466 466 468 471 472 472 474 477 478 478 480 483 484 484 486 489 490 490 492 495 496 496 498 501 502 502 504 507 508 508 510 513 514 514 516 519 520 520 522 525 526 526 528 531 532 532 534 537 538 538 540 543 544 544 548 549 550
2 4 7 8 8 10 13 14 14 16 19 20 20 22 25 26 26 29 30 30 32 35 36 36 38 41 42 42 44 47 48 48 50 53 54 54 57 58 58 60 63 64 64 66 69 70 70 72 75 76 76 78 81 82 82 84 87 88 88 90 93 94 94 96 99 100 100 102 105 106 106 108 111 112 112 114 117 118 118 120 123 124 124 126 129 130 130 132 135 136 136 138 141 142 142 145 146 146 148 151 152 152 154 157 158 158 160 163 164 164 166 169 170 170 172 175 176 176 178 181 182 182 184 187 188 188 191 192 192 194 197 198 198 200 203 204 204 206 209 210 210 212 215 216 216 218 221 222 222 224 227 228 228 230 233 234 234 236 239 240 240 242 245 246 246 248 251 252 252 254 257 258 258 260 263 264 264 266 269 270 270 272 275 276 276 278 281 282 282 284 287 288 288 290 293 294 294 296 299 300 300 302 305 306 306 308 311 312 312 314 317 318 318 320 323 324 324 327 328 328 330 333 334 334 336 339 340 340 342 345 346 346 350 351 352
2 5 6 6 8 10 12 12 14 16 18 18 20 23 26 27 27 28
3 4 4 6 9 10 10 12 15 16 16 18 18 20 23 24 24 26 29 30 30 32 35 36 38 38 40 43 44 48 49 49 50
2 2 4 7 8 8 10 13 14 14 16 19 20 20 22 25 26 26 28 31 32 32 34 37 38 38 40 43 44 44 46 49 50 50 52 55 56 56 58 61 62 62 64 67 68 68 70 73 74 74 76 79 80 80 82 85 86 88 88 90 93 94 94 96 99 100 100 102 105 106 106 108 111 112 112 114 117 118 118 118 121 123 125 125 127 128 131 131 133 135 137 137 139 141 143 143 144 147 148 148 150 153 154 154 156 158 160 160 162 165 166 168 168 170 173 174 174 176 179 180 180 182 185 186 186 188 191 192 192 194 197 198 198 200 203 204 204 206 209 210 210 212 215 216 216 218 221 222 222 224 227 228 228 230 233 234 234 236 239 240 240 242 244 244 246 249 250 250 252 255 256 256 258 260 260 263 263 265 266 269 269 271 272 275 275 277 278 281 281 283 284 287 287 289 290 293 293 295 296 299 300 300 302 305 306 306 308 311 312 312 314 317 318 318 320 323 324 324 326 329 330 330 332 334 336 336 336 338 338 340 342 344 344 346 349 350 350 350 352 355 356 358 358 360 362 364 364 366 368 370 370 372 374 376 376 378 380 382 382 385 385 387 388 391 391 393 394 397 397 399 400 403 403 405 406 409 409 411 412 415 415 417 418 421 421 423 424 427 427 429 430 432 432 434 434 436 439 441 442 442 444 447 448 448 450 453 454 454 456 456 458 461 462 464 464 466 468 470 470 472 474 476 476 478 480 482 482 484 484 486 489 490 492 492 494 497 498 498 500 503 504 504 506 508 510 510 512 514 516 516 518 520 522 522 524 526 528 528 530 532 534 534 536 536 538 540 542 544 546 548 548 550 553 556 557 558
3 5 7 9 11 11 12 15 15 17 19 19 21 23 26 27 27 28
3 5 5 7 9 11 11 13 15 17 17 19 20 22 25 25 25 27 29 31 33 33 35 37 39 39 41 43 45 45 47 49 51 51 53 55 57 57 58 61 61 63 65 65 67 68 71 71 73 74 77 77 80 81 82
2 4 6 8 8 10 12 14 14 16 16 19 20 22 22 24 26 28 28 31 31 33 33 35 35 37 39 41 41 43 45 45 47 47 47 49 51 53 53 55 56 59 59 60 63 63 64 67 67 69 71 73 75 77 79 81 81 83 84 87 87 89 91 91 93 94 97 97 99 100 103 103 105 105 107 109 110 110 112 115 116 116 116 118 118 120 122 124 124 126 128 130 130 130 132 135 135 136 139 140 142 142 144 147 148 148 148 148 150 152 152 155 156 158 158 160 160 162 162 164 166 166 169 170 172 172 175 175 177 178 181 181 183 183 185 186 188 191 191 192 192 192 194 196 196 198 201 202 202 204 206 206 208 211 212 212 214 217 218 218 220 223 224 224 226 229 230 230 232 235 236 236 238 241 242 242 244 247 248 248 250 252 252 254 257 258 258 260 263 264 264 266 269 270 270 272 275 276 276 278 280 280 282 285 286 288 288 290 293 295 297 297 298 298 300 303 304 307 307 309 309 311 311 312 315 315 317 319 321 322 322 325 325 325 327 327 328 330 332 334 334 336 336 339 340 340 342 344 346 346 348 350 352 352 354 354 357 358 360 362 362 365 365 366 368 368 370 372 374 374 376 378 380 380 382 384 384 386 388 390 390 392 394 396 396 396 396 398 398 400 402 404 404 407 408 408 410 412 414 414 416 418 418 420 422 424 424 426 428 430 430 430 430 432 434 434 436 438 438 440 442 444 444 447 448 448 450 453 454 456 456 458 460 462 462 464 467 468 468 470 472 472 474 476 476 479 480 480 482 484 486 486 488 490 490 492 494 496 496 499 500 500 502 504 504 506 508 510 510 512 515 516 516 516 518 520 522 522 524 526 530 531 531 531 531 532
3 5 6 9 9 11 12 15 15 17 19 21 23 23 25 25 27 28 31 31 33 34 37 37 39 41 41 43 44 47 47 49 51 53 53 55 57 59 59 61 63 65 65 67 69 69 71 72 75 75 77 78 81 81 82 85 85 87 89 91 91 93 95 97 97 99 101 103 104 104 107 107 109 110 113 113 115 116 119 119 121 123 123 125 127 129 129 131 132 135 135 137 139 141 141 143 145 145 147 149 151 151 153 155 157 157 159 161 161 163 165 166 169 169 171 171 173 175 177 177 179 181 183 183 185 186 189 189 191 192 195 195 197 199 199 201 202 205 205 207 208 211 211 213 214 217 217 219 220 223 223 225 226 229 229 231 233 233 235 237 239 239 241 242 245 245 247 249 251 251 253 255 257 257 259 260 263 263 265 266 269 269 270 273 273 275 276 279 279 281 283 285 285 287 289 290 292 292 295 295 296 298 300 300 302 304 306 306 308 310 310 312 314 316 316 318 321 322 322 324 327 328 328 330 333 334 334 337 338 338 340 343 344 344 346 348 348 350 353 354 354 356 358 360 360 362 364 366 366 368 370 372 372 374 376 376 378 380 382 382 384 386 388 388 390 393 394 394 396 398 400 400 402 405 406 406 408 411 412 412 415 416 416 418 421 422 422 424 426 428 428 430 432 434 434 437 437 439 439 441 441 443 444 447 447 449 451 451 453 454 457 457 459 461 463 463 465 466 469 469 471 472 475 475 477 478 481 481 483 485 485 487 488 491 491 493 495 497 497 499 500 503 503 505 507 509 509 510 513 513 515 516 519 519 521 522 525 525 527 529 529 531 532 535 535 537 538 541 541 543 544 547 547 549 550 553 553 555 556 559 559 561 563 563 565 566 569 569 570 572 574 574 576 579 580 580 582 585 586 586 588 591 592 592 594 596 596 598 600 602 602 604 606 608 608 611 611 612 612 615 615 617 619 620 623 623 625 625 627 628 631 631 633 634 637 637 639 641 641 642 645 645 647 649 651 651 653 655 657 657 659 661 662 665 665 667 667 669 670 673 673 675 676 679 679 680 683 683 685 687 689 689 691 692 695 695 697 698 701 701 703 704 707 707 709 711 713 713 715 717 717 717 719 721 723 723 725 727 729 729 731 732 735 735 737 737 738 741 741 743 745 745 747 748 751 753 753 755 755 757 758 761 761 763 764 767 767 769 770 773 773 775 776 779 779 781 783 783 785 786 789 789 791 793 795 795 797 799 801 803 803 805 805 807 809 811 811 813 815 817 817 819 821 821 823 825 827 827 829 831 833 833 835 837 839 839 841 843 845 847 847 849 849 851 852 855 855 857 858 861 861 862 864 864 866 869 870 870 872 875 876 876 878 881 882 882 884 887 888 888 891 893 893 895 897 899 899 901 903 905 905 907 908 908 908 910 912 914 914 916 919 920 920 922 925 926 926 928 931 932 932 934 936 936 938 941 942 942 944 947 948 948 950 952 952 952 954 956 958 958 960 962 964 964 966 969 970 970 972 975 976 976 978 981 982 982 985 985 987 987 989 991 993 993 995 997 999 999 1001 1002 1005 1007 1007 1009 1009 1011 1013 1015 1015 1017 1018 1021 1021 1022 1025 1025 1027 1028 1031 1031 1033 1035 1037 1037 1039 1041 1043 1043 1045 1047 1049 1049 1051 1052 1052 1052 1054 1056 1058 1058 1060 1063 1064 1064 1066 1069 1070 1070 1072 1075 1076 1076 1078 1081 1082 1082 1084 1086 1088 1088 1090 1090 1093 1093 1093 1095 1096 1099 1099 1101 1103 1105 1105 1107 1109 1110 1113 1113 1115 1115 1117 1118 1121 1121 1123 1124 1127 1127 1129 1131 1131 1133 1134 1137 1137 1139 1141 1143 1143 1145 1147 1147 1149 1151 1153 1153 1155 1157 1158 1161 1161 1163 1163 1165 1167 1169 1169 1171 1173 1175 1175 1177 1179 1179 1181 1183 1185 1185 1187 1189 1191 1191 1193 1195 1197 1197 1199 1200 1203 1203 1205 1206 1209 1209 1211 1213 1213 1215 1216 1219 1219 1221 1223 1225 1225 1227 1229 1231 1231 1233 1234 1237 1237 1239 1241 1243 1243 1245 1247 1249 1249 1251 1253 1253 1255 1257 1259 1261 1261 1263 1263 1265 1267 1269 1269 1271 1273 1275 1275 1277 1278 1281 1281 1283 1284 1287 1287 1289 1291 1291 1293 1295 1297 1299 1301 1301 1303 1304 1307 1307 1309 1310 1313 1313 1315 1316 1319 1319 1321 1322 1325 1325 1327 1329 1329 1331 1333 1333 1335 1335 1337 1337 1339 1339 1341 1343 1345 1345 1347 1349 1351 1351 1353 1355 1357 1357 1359 1361 1361 1363 1365 1366 1369 1369 1371 1371 1373 1375 1377 1377 1379 1380 1383 1383 1385 1386 1389 1389 1391 1392 1395 1395 1397 1399 1399 1401 1402 1405 1405 1407 1409 1411 1411 1413 1415 1417 1417 1419 1421 1423 1423 1425 1427 1429 1429 1431 1432 1435 1435 1437 1439 1439 1441 1443 1443 1445 1446 1449 1449 1451 1453 1455 1455 1457 1457 1459 1459 1461 1461 1463 1465 1467 1467 1469 1471 1471 1473 1475 1477 1477 1479 1480 1483 1483 1485 1486 1489 1489 1491 1492 1495 1495 1497 1499 1499 1501 1502 1505 1505 1507 1508 1511 1511 1513 1515 1517 1517 1519 1521 1523 1523 1524 1527 1527 1529 1531 1533 1533 1535 1536 1539 1539 1541 1542 1544 1547 1547 1549 1549 1551 1553 1555 1555 1557 1559 1561 1561 1563 1564 1567 1567 1569 1570 1573 1573 1574 1577 1577 1579 1581 1583 1583 1585 1586 1589 1589 1591 1593 1595 1595 1597 1599 1601 1601 1603 1604 1607 1607 1609 1610 1613 1613 1615 1617 1617 1618 1621 1621 1623 1624 1627 1627 1629 1630 1633 1633 1635 1636 1639 1639 1641 1642 1645 1645 1647 1648 1651 1651 1653 1655 1655 1657 1659 1661 1661 1663 1665 1667 1667 1668 1671 1671 1673 1675 1677 1677 1679 1681 1683 1683 1684 1687 1687 1689 1690 1693 1693 1695 1696 1699 1699 1701 1703 1705 1707 1707 1709 1709 1711 1712 1715 1715 1717 1718 1721 1721 1722 1725 1725 1727 1729 1730 1730 1733 1733 1735 1737 1739 1739 1741 1743 1745 1745 1746 1749 1749 1751 1753 1755 1755 1757 1759 1761 1761 1763 1765 1765 1767 1769 1771 1771 1773 1774 1777 1777 1779 1781 1783 1783 1785 1786 1786 1789 1789 1791 1792 1795 1795 1797 1799 1799 1801 1802 1805 1805 1807 1808 1811 1811 1813 1814 1817 1817 1819 1820 1823 1823 1825 1827 1829 1829 1831 1833 1835 1835 1836 1839 1839 1841 1842 1845 1845 1847 1848 1851 1851 1853 1855 1857 1857 1859 1859 1861 1863 1863 1865 1867 1869 1869 1871 1873 1873 1875 1876 1879 1879 1881 1882 1885 1885 1887 1889 1891 1891 1893 1895 1897 1897 1899 1900 1903 1903 1905 1906 1909 1909 1911 1912 1912 1915 1915 1915 1917 1917 1919 1919 1919 1921 1921 1923 1925 1925 1927 1929 1931 1931 1933 1935 1937 1937 1939 1941 1943 1943 1945 1947 1947 1949 1951 1953 1955 1955 1957 1959 1961 1961 1963 1965 1965 1967 1969 1971 1971 1973 1975 1977 1977 1979 1981 1981 1983 1985 1985 1987 1988 1991 1991 1993 1995 1997 1999 1999 2001 2003 2005 2005 2007 2009 2009 2011 2012 2015 2015 2017 2018 2021 2021 2023 2025 2025 2027 2029 2031 2031 2033 2035 2037 2037 2039 2041 2043 2043 2045 2047 2049 2049 2051 2052 2055 2055 2056 2058 2058 2061 2061 2063 2063 2065 2067 2069 2069 2071 2073 2075 2075 2077 2079 2081 2081 2083 2083 2084 2084 2087 2087 2089 2090 2093 2093 2095 2096 2096 2098 2100 2102 2102 2104 2106 2108 2108 2110 2113 2114 2114 2116 2119 2120 2120 2122 2125 2126 2126 2128 2130 2130 2132 2135 2136 2136 2138 2140 2142 2142 2144 2147 2148 2148 2150 2152 2154 2154 2157 2158 2158 2160 2163 2164 2164 2166 2169 2170 2170 2172 2174 2176 2176 2178 2181 2182 2182 2184 2186 2186 2188 2191 2192 2192 2194 2197 2198 2198 2200 2202 2204 2204 2206 2208 2210 2210 2212 2215 2216 2216 2218 2220 2222 2222 2225 2227 2227 2229 2230 2233 2233 2235 2236 2239 2239 2241 2243 2245 2245 2247 2249 2251 2251 2253 2255 2257 2257 2259 2261 2263 2263 2265 2267 2267 2267 2267 2269 2271 2271 2273 2275 2277 2277 2279 2281 2283 2283 2284 2287 2287 2289 2290 2293 2293 2295 2296 2299 2299 2301 2303 2303 2305 2307 2308 2311 2311 2313 2314 2317 2317 2319 2321 2323 2323 2325 2327 2327 2329 2331 2333 2333 2335 2337 2339 2339 2341 2343 2343 2345 2347 2349 2349 2351 2353 2355 2355 2357 2359 2361 2361 2363 2364 2367 2367 2369 2370 2370 2373 2374 2374 2376 2378 2380 2380 2382 2385 2386 2386 2388 2390 2392 2392 2394 2397 2398 2398 2400 2403 2404 2404 2406 2409 2410 2410 2413 2413 2415 2415 2417 2418 2421 2421 2423 2425 2427 2427 2429 2431 2433 2433 2435 2436 2439 2439 2441 2442 2445 2445 2447 2449 2449 2451 2453 2455 2455 2457 2459 2461 2461 2463 2465 2467 2467 2469 2470 2473 2473 2474 2477 2477 2479 2480 2483 2483 2485 2486 2489 2489 2489 2489 2491 2493 2493 2495 2497 2499 2499 2501 2503 2505 2505 2507 2509 2509 2511 2513 2515 2517 2517 2517 2519 2521 2523 2523 2525 2527 2527 2529 2531 2533 2533 2535 2537 2539 2539 2541 2543 2545 2545 2547 2548 2551 2551 2553 2554 2557 2559 2559 2559 2561 2562 2565 2565 2567 2569 2569 2569 2571 2573 2575 2575 2577 2579 2581 2581 2583 2585 2587 2587 2588 2591 2591 2593 2594 2597 2597 2599 2600 2603 2603 2605 2607 2607 2609 2610 2613 2613 2615 2616 2619 2619 2621 2622 2625 2625 2627 2628 2631 2631 2633 2635 2635 2635 2637 2638 2641 2641 2643 2645 2647 2647 2649 2651 2653 2653 2655 2657 2659 2659 2661 2663 2663 2665 2667 2667 2669 2671 2673 2673 2675 2677 2679 2679 2681 2683 2683 2685 2687 2689 2689 2691 2693 2695 2695 2697 2699 2699 2701 2702 2705 2705 2707 2709 2711 2711 2713 2715 2717 2717 2719 2721 2723 2723 2725 2727 2729 2729 2731 2733 2733 2735 2737 2739 2739 2741 2743 2745 2745 2747 2748 2751 2751 2753 2754 2757 2757 2758 2761 2761 2763 2765 2767 2767 2769 2771 2773 2773 2775 2777 2779 2779 2781 2783 2785 2785 2787 2787 2789 2789 2789 2791 2792 2795 2795 2797 2799 2801 2801 2803 2804 2807 2807 2809 2811 2813 2813 2814 2817 2817 2819 2819 2821 2823 2823 2825 2827 2829 2829 2831 2833 2833 2835 2837 2839 2839 2841 2843 2845 2845 2847 2849 2851 2851 2853 2855 2857 2857 2859 2861 2863 2863 2865 2867 2867 2869 2871 2873 2873 2875 2877 2879 2879 2881 2883 2883 2885 2887 2889 2889 2891 2893 2895 2895 2897 2899 2899 2901 2902 2905 2905 2907 2909 2911 2911 2913 2915 2917 2917 2919 2921 2923 2923 2925 2927 2929 2929 2931 2933 2933 2935 2937 2939 2939 2941 2942 2945 2945 2947 2949 2951 2951 2953 2955 2957 2957 2959 2961 2961 2963 2965 2967 2967 2969 2970 2973 2973 2975 2977 2979 2979 2981 2983 2983 2985 2987 2989 2989 2991 2993 2995 2995 2997 2999 2999 3001 3003 3003 3005 3006 3009 3009 3011 3013 3014 3017 3017 3019 3021 3023 3023 3025 3027 3029 3029 3030 3033 3033 3035 3037 3039 3039 3041 3043 3045 3045 3047 3048 3051 3051 3053 3055 3057 3057 3059 3060 3063 3063 3065 3066 3069 3069 3071 3073 3075 3075 3077 3079 3079 3081 3083 3085 3085 3087 3089 3089 3091 3093 3095 3095 3097 3099 3101 3101 3103 3104 3107 3109 3109 3111 3111 3113 3115 3117 3117 3119 3121 3123 3123 3124 3127 3127 3129 3131 3133 3133 3135 3136 3139 3139 3141 3142 3145 3145 3147 3148 3151 3151 3153 3154 3157 3157 3159 3161 3161 3163 3165 3167 3167 3169 3171 3173 3175 3175 3177 3177 3179 3180 3183 3183 3185 3186 3189 3189 3191 3193 3193 3195 3196 3199 3199 3201 3202 3205 3205 3207 3208 3211 3211 3213 3214 3217 3217 3219 3220 3223 3223 3225 3226 3229 3229 3231 3233 3233 3235 3236 3239 3239 3241 3243 3245 3245 3247 3249 3251 3251 3253 3254 3257 3257 3259 3260 3263 3263 3265 3267 3267 3269 3271 3273 3273 3275 3276 3279 3279 3281 3283 3285 3285 3287 3288 3291 3291 3293 3295 3297 3297 3299 3301 3301 3303 3304 3307 3307 3309 3310 3313 3313 3315 3316 3316 3319 3319 3320 3323 3323 3325 3326 3329 3329 3331 3332 3335 3335 3337 3339 3339 3341 3343 3344 3347 3347 3349 3350 3353 3353 3355 3356 3359 3359 3360 3363 3363 3365 3367 3369 3369 3371 3372 3375 3375 3376 3379 3379 3379 3379 3379 3381 3382 3385 3385 3387 3389 3391 3391 3393 3394 3397 3397 3399 3400 3403 3403 3405 3406 3409 3409 3411 3413 3413 3415 3416 3419 3419 3421 3422 3425 3425 3427 3428 3431 3433 3433 3435 3435 3437 3439 3441 3441 3443 3445 3447 3447 3449 3451 3451 3453 3454 3457 3457 3459 3461 3463 3463 3465 3466 3469 3469 3471 3472 3475 3475 3476 3479 3479 3481 3483 3485 3485 3487 3488 3491 3491 3493 3494 3497 3497 3499 3500 3503 3503 3504 3507 3507 3509 3511 3511 3513 3514 3517 3517 3519 3520 3523 3523 3525 3526 3529 3529 3531 3532 3535 3535 3537 3539 3539 3541 3543 3545 3545 3547 3549 3551 3551 3553 3554 3557 3557 3559 3560 3563 3563 3565 3567 3567 3569 3571 3573 3573 3575 3577 3579 3579 3581 3582 3584 3587 3587 3589 3589 3591 3592 3595 3595 3597 3598 3601 3601 3603 3605 3605 3607 3608 3611 3611 3613 3614 3617 3617 3619 3621 3623 3623 3625 3626 3629 3629 3631 3632 3635 3635 3636 3639 3639 3641 3643 3643 3645 3647 3649 3649 3651 3652 3655 3657 3657 3659 3659 3661 3662 3665 3665 3667 3668 3671 3671 3673 3675 3675 3677 3678 3681 3681 3683 3684 3687 3687 3689 3691 3693 3693 3695 3697 3699 3699 3701 3703 3705 3705 3707 3709 3709 3711 3713 3715 3715 3717 3719 3720 3723 3723 3725 3727 3729 3729 3731 3732 3735 3735 3737 3738 3741 3741 3743 3745 3745 3747 3748 3751 3751 3753 3754 3757 3757 3759 3760 3763 3765 3765 3767 3767 3769 3771 3773 3773 3775 3776 3779 3779 3781 3783 3783 3785 3787 3788 3791 3791 3793 3794 3797 3797 3799 3800 3803 3803 3805 3806 3809 3809 3810 3812 3812 3814 3817 3818 3818 3820 3823 3824 3824 3826 3829 3830 3830 3832 3835 3835 3835 3837 3838 3841 3841 3843 3844 3847 3847 3849 3850 3853 3853 3855 3856 3859 3859 3861 3862 3865 3865 3867 3868 3871 3871 3873 3874 3877 3877 3879 3881 3881 3883 3884 3887 3887 3889 3890 3893 3893 3895 3896 3899 3899 3901 3902 3905 3907 3907 3907 3908 3911 3911 3913 3914 3917 3917 3919 3920 3923 3923 3925 3927 3929 3929 3930 3933 3933 3935 3936 3939 3939 3941 3943 3945 3945 3947 3948 3951 3951 3953 3954 3957 3957 3959 3961 3961 3963 3964 3967 3967 3969 3970 3973 3973 3975 3976 3979 3979 3981 3982 3985 3985 3987 3988 3991 3991 3993 3995 3995 3997 3998 4001 4001 4003 4004 4007 4007 4009 4011 4013 4013 4015 4017 4017 4019 4021 4023 4023 4025 4026 4029 4029 4031 4032 4035 4035 4036 4039 4039 4041 4043 4043 4045 4046 4049 4049 4051 4052 4055 4055 4057 4059 4061 4061 4063 4064 4067 4067 4069 4070 4073 4073 4075 4077 4077 4079 4081 4083 4085 4085 4087 4089 4090 4093 4093 4095 4095 4097 4098 4101 4101 4103 4104 4107 4107 4109 4111 4111 4113 4114 4117 4117 4119 4120 4123 4123 4125 4126 4129 4129 4131 4132 4135 4135 4137 4139 4139 4141 4143 4145 4145 4147 4148 4151 4151 4153 4155 4157 4157 4159 4161 4163 4163 4165 4167 4169 4169 4170 4173 4173 4175 4176 4179 4179 4181 4182 4185 4185 4187 4189 4191 4191 4193 4194 4197 4197 4199 4200 4203 4203 4205 4207 4207 4209 4210 4213 4213 4215 4216 4219 4219 4221 4222 4225 4225 4227 4228 4231 4231 4233 4234 4237 4237 4239 4240 4243 4243 4245 4247 4247 4249 4250 4253 4253 4255 4257 4259 4259 4261 4262 4265 4265 4267 4268 4271 4271 4272 4275 4275 4277 4278 4281 4281 4283 4284 4287 4287 4289 4290 4293 4293 4295 4297 4297 4299 4301 4303 4303 4305 4305 4307 4309 4309 4311 4312 4315 4315 4317 4318 4321 4321 4323 4325 4325 4327 4329 4331 4331 4333 4334 4337 4337 4339 4340 4343 4343 4345 4346 4349 4349 4351 4353 4353 4355 4356 4359 4359 4361 4362 4365 4365 4367 4368 4371 4371 4373 4374 4377 4377 4379 4381 4383 4383 4385 4387 4387 4389 4390 4393 4393 4395 4397 4399 4399 4401 4402 4405 4405 4407 4409 4411 4411 4412 4415 4415 4417 4419 4419 4421 4422 4425 4425 4427 4428 4431 4431 4433 4434 4437 4437 4439 4441 4441 4443 4444 4447 4447 4449 4450 4453 4453 4455 4456 4459 4459 4461 4462 4465 4465 4467 4468 4471 4471 4473 4475 4475 4477 4479 4481 4481 4483 4484 4487 4487 4489 4490 4493 4493 4495 4497 4497 4499 4501 4503 4503 4505 4506 4509 4509 4511 4512 4515 4515 4516 4519 4519 4521 4523 4525 4525 4527 4529 4531 4531 4533 4534 4537 4537 4539 4540 4543 4543 4545 4547 4547 4549 4551 4553 4553 4555 4556 4559 4559 4561 4562 4565 4565 4567 4569 4569 4571 4572 4575 4575 4577 4578 4581 4581 4583 4584 4587 4587 4589 4590 4593 4593 4594 4597 4597 4599 4601 4603 4605 4605 4607 4609 4611 4611 4613 4615 4615 4617 4618 4621 4621 4623 4625 4627 4627 4629 4631 4633 4633 4635 4636 4639 4639 4641 4643 4643 4645 4647 4649 4649 4651 4652 4655 4655 4656 4659 4659 4661 4662 4665 4665 4667 4668 4671 4671 4673 4675 4675 4677 4678 4681 4681 4682 4684 4687 4688 4688 4690 4692 4694 4694 4696 4698 4700 4700 4702 4705 4706 4706 4708 4710 4712 4712 4714 4716 4718 4718 4720 4722 4724 4724 4726 4728 4728 4730 4732 4734 4734 4736 4738 4740 4740 4742 4744 4746 4746 4748 4750 4752 4752 4754 4756 4756 4758 4761 4762 4762 4764 4766 4768 4768 4770 4773 4774 4774 4777 4777 4778 4778 4780 4782 4784 4784 4786 4788 4790 4790 4792 4795 4796 4796 4798 4800 4802 4802 4804 4806 4808 4808 4810 4812 4812 4814 4816 4818 4818 4820 4823 4824 4824 4826 4829 4830 4830 4832 4835 4836 4836 4838 4840 4840 4842 4844 4846 4846 4848 4851 4852 4852 4854 4856 4858 4858 4860 4862 4864 4864 4866 4868 4868 4870 4873 4874 4874 4876 4878 4880 4880 4882 4884 4886 4886 4888 4890 4892 4892 4894 4896 4896 4898 4900 4902 4902 4904 4907 4908 4908 4910 4913 4914 4914 4916 4918 4920 4920 4922 4924 4926 4926 4928 4931 4932 4932 4934 4936 4938 4938 4940 4942 4944 4944 4946 4949 4950 4950 4952 4954 4956 4956 4958 4960 4962 4962 4964 4966 4966 4968 4970 4972 4972 4974 4977 4978 4978 4980 4983 4984 4984 4986 4989 4990 4990 4992 4994 4994 4996 4998 5000 5000 5002 5004 5006 5006 5008 5011 5012 5012 5014 5017 5018 5018 5020 5022 5022 5024 5026 5028 5028 5030 5032 5034 5034 5036 5038 5040 5040 5042 5044 5044 5046 5048 5051 5052 5052 5054 5056 5058 5058 5060 5062 5064 5064 5066 5068 5068 5070 5072 5074 5074 5076 5078 5081 5083 5083 5084 5084 5086 5086 5088 5088 5090 5093 5094 5094 5096 5098 5100 5100 5102 5105 5106 5106 5108 5110 5112 5112 5114 5116 5118 5118 5120 5122 5124 5124 5126 5128 5128 5130 5133 5134 5134 5136 5139 5140 5140 5142 5145 5146 5146 5148 5150 5150 5152 5154 5156 5156 5158 5160 5162 5162 5164 5166 5168 5168 5170 5173 5174 5174 5176 5178 5178 5180 5182 5184 5184 5186 5189 5190 5190 5193 5194 5194 5196 5198 5198 5200 5200 5202 5204 5206 5206 5210 5211 5211 5211 5211 5211 5211 5211 5211 5211 5211 5211 5211 5211 5211 5212
3 5 7 7 8 11 11 13 15 17 17 19 21 23 23 25 27 29 29 31 33 35 35 37 39 39 41 43 45 47 47 49 50 53 53 55 57 59 59 61 63 65 65 67 69 69 71 73 75 77 77 79 81 83 83 85 86 89 89 91 93 95 95 97 99 99 101 103 105 105 107 109 111 111 113 115 117 117 119 121 123 123 125 127 127 129 131 133 133 135 137 139 139 141 143 145 145 147 149 151 151 153 155 155 157 158 161 161 163 165 167 167 169 171 173 173 175 177 179 179 181 183 185 185 187 189 189 191 193 195 195 197 199 201 201 203 205 207 207 209 211 213 213 215 217 219 219 220 223 223 225 227 229 229 231 233 235 235 237 238 241 241 243 244 247 247 249 251 253 253 255 257 257 259 261 263 263 265 267 269 269 271 273 275 275 277 279 281 281 283 285 287 287 289 291 291 293 295 296 299 299 301 301 303 305 307 307 309 310 313 313 315 317 319 319 321 323 325 325 327 329 329 331 333 335 335 337 339 341 341 343 345 347 347 349 351 353 353 355 357 357 359 361 363 363 365 367 369 369 371 373 375 375 377 378 381 381 383 385 387 387 389 391 391 393 395 397 397 399 401 403 403 405 407 409 409 411 413 415 415 417 419 419 421 423 425 425 427 429 431 431 433 434 437 437 439 441 443 443 445 447 449 449 451 453 453 455 457 459 459 461 463 465 465 467 468 471 471 473 475 477 477 479 481 483 483 485 487 487 489 491 493 493 495 497 499 499 501 502 505 505 507 508 511 511 513 515 515 517 519 521 521 523 525 527 527 529 531 533 533 535 537 539 539 541 543 545 545 547 549 549 551 553 555 555 557 559 561 561 563 565 567 567 569 571 571 573 575 576 579 579 581 581 583 585 587 587 589 591 593 593 595 597 599 599 601 603 605 605 607 609 609 611 612 615 615 617 618 621 621 623 625 627 627 629 631 633 633 635 637 639 639 641 643 643 645 647 649 649 651 653 655 655 657 659 661 661 663 665 665 667 669 671 671 673 675 677 677 679 681 683 683 685 687 689 689 691 691 693 693 695 697 699 699 701 703 705 705 707 709 711 711 713 715 717 717 719 721 723 723 725 727 729 729 731 733 733 735 735 735 737 739 741 741 743 745 747 747 749 751 753 753 755 757 759 759 761 763 765 765 767 769 769 771 773 774 777 777 777 779 781 783 783 785 787 789 789 791 791 793 794 797 797 799 800 803 803 805 807 809 809 811 813 815 815 817 819 819 821 823 825 825 827 828 831 831 833 834 837 837 839 841 843 843 845 846 849 849 851 852 855 855 857 859 859 860 863 863 865 867 868 871 871 873 875 877 877 879 880 883 883 885 887 889 889 891 893 895 895 897 899 899 901 901 903 906 907 908
3 5 7 7 9 10 13 13 15 17 19 19 21 23 25 25 27 29 31 31 33 35 37 37 39 41 43 43 45 47 49 49 51 53 55 55 57 59 61 61 63 65 67 67 69 71 73 73 75 78 79 79 80
3 5 7 7 9 10 13 13 15 17 19 19 21 23 25 25 27 29 31 31 32 34 34 36 36 39 39 41 41 43 43 45 45 47 47 49 49 51 51 53 53 55 55 57 57 59 59 61 61 63 65 67 67 68 72 73 73 74
3 5 7 7 9 11 13 13 15 17 19 19 21 23 25 25 27 29 31 31 33 35 37 37 39 40 43 43 45 46 49 49 51 53 55 55 57 59 61 61 63 64 67 67 69 71 73 73 75 77 79 79 81 83 85 85 87 89 91 91 93 95 97 97 99 101 103 103 105 107 110 111 111 112
3 5 7 7 9 11 13 13 15 16 19 19 21 23 25 25 27 29 31 31 33 35 37 37 39 41 43 43 45 47 49 49 51 53 55 55 57 59 61 61 63 65 67 67 69 71 73 73 75 77 79 79 81 83 85 85 87 89 91 91 93 95 97 97 99 101 101 103 105 105 107 107 109 111 113 113 115 117 119 119 121 123 125 125 127 129 131 131 133 135 137 137 139 141 143 143 145 147 149 149 151 152 155 155 157 159 161 161 163 165 167 167 169 171 173 173 175 177 177 179 181 183 183 185 187 189 189 191 192 195 195 197 199 200 203 203 205 207 209 209 211 213 215 215 217 219 221 223 223 223 223 224 226 226 229 229 231 231 233 233 235 237 239 239 241 243 245 245 247 249 251 251 253 255 257 257 259 260 263 263 265 267 269 269 271 273 275 275 277 278 281 281 283 285 288 289 289 290
2 5 6 6 8 11 12 14 14 17 18 20 20 22 25 26 28 28 31 32 34 34 37 38 40 40 42 42 45 46 48 48 51 52 54 54 57 58 60 60 62 64 66 66 69 70 72 72 75 76 78 78 80 82 82 85 86 88 88 91 92 94 94 97 98 100 100 103 104 106 106 109 110 112 112 115 116 118 118 120 122 122 125 126 128 128 130 132 134 134 137 138 140 140 143 144 146 146 149 150 152 152 154 156 158 158 161 162 164 164 167 168 170 170 173 174 174 177 178 180 180 183 184 186 186 189 190 192 192 195 196 198 198 201 202 204 204 207 208 210 210 213 214 216 216 219 221 222 225 225 226 226 229 230 232 232 235 236 238 238 241 242 244 244 247 248 250 250 252 255 256 258 258 261 262 264 264 267 268 270 270 273 274 276 276 279 280 282 282 285 286 288 288 291 292 294 294 297 298 300 300 303 304 306 306 308 310 310 313 314 316 316 319 320 322 322 325 326 328 328 331 332 335 336 336 338 338 341 342 344 344 347 348 350 350 353 354 356 356 359 360 362 362 365 366 368 368 370 372 374 376 376 379 380 382 382 385 386 388 388 391 392 394 394 397 398 400 400 402 402 404 407 408 410 410 413 414 416 416 419 420 422 422 425 426 428 428 431 432 434 434 437 438 440 440 443 444 446 446 449 450 452 452 455 456 458 458 461 462 464 464 467 468 470 470 473 474 476 476 479 480 482 482 485 486 488 488 491 492 494 494 496 498 501 502 502 504 506 508 508 511 512 512 514 516 519 520 520 522 522 524 527 528 528 530 533 534 534 536 539 540 540 543 544 544 546 549 550 550 552 555 556 556 558 561 562 562 564 567 568 568 570 572 575 576 576 578 578 580 583 584 584 586 589 590 590 592 594 597 598 598 598 600 603 604 604 606 609 610 610 612 615 616 616 618 621 622 622 624 627 628 628 630 633 634 634 636 639 640 640 642 644 646 646 648 651 652 652 654 657 658 658 660 663 664 664 666 669 670 670 672 675 676 676 678 681 682 682 684 686 688 688 690 692 694 694 696 699 700 700 702 705 706 706 708 711 712 712 714 716 718 718 720 723 724 724 726 729 730 730 732 734 736 736 739 740 740 742 745 746 746 748 751 752 752 754 757 758 758 760 763 765 766 766 766 768 771 772 772 774 777 778 778 780 783 784 784 786 789 790 790 792 795 796 796 798 801 802 802 804 807 808 808 810 813 814 814 816 818 821 822 822 824 824 826 829 830 830 832 834 836 836 838 841 842 842 844 846 849 850 850 852 852 854 857 858 858 860 863 864 864 866 869 870 870 872 875 876 876 879 880 880 882 885 886 886 888 891 892 892 894 897 898 898 900 903 904 904 906 908 908 910 912 914 914 916 919 920 920 922 925 926 926 928 931 932 932 934 936 938 938 940 943 944 944 946 948 950 950 952 955 956 956 958 960 962 962 964 967 968 968 970 973 974 974 976 979 980 980 982 985 986 986 988 991 992 992 994 997 998 998 1000 1003 1004 1004 1006 1009 1010 1010 1012 1015 1016 1016 1018 1021 1022 1022 1024 1027 1028 1028 1030 1033 1034 1034 1036 1039 1040 1040 1042 1045 1046 1046 1048 1051 1052 1052 1054 1057 1058 1058 1060 1063 1064 1064 1066 1069 1070 1070 1072 1074 1076 1076 1079 1080 1080 1082 1084 1086 1086 1088 1091 1092 1092 1094 1097 1098 1098 1100 1102 1104 1104 1106 1109 1110 1110 1112 1115 1116 1116 1118 1121 1122 1122 1124 1127 1128 1128 1130 1133 1134 1134 1136 1139 1140 1140 1142 1145 1146 1146 1148 1151 1152 1152 1154 1157 1158 1158 1160 1163 1164 1164 1166 1169 1170 1170 1172 1175 1176 1176 1178 1181 1182 1182 1184 1187 1188 1188 1190 1193 1194 1194 1196 1199 1200 1200 1202 1205 1206 1206 1208 1211 1212 1212 1214 1217 1218 1218 1220 1223 1224 1224 1226 1228 1230 1230 1232 1235 1236 1236 1238 1241 1242 1242 1244 1247 1248 1248 1250 1253 1254 1254 1256 1259 1260 1260 1262 1265 1266 1266 1268 1270 1272 1272 1274 1277 1278 1278 1280 1283 1284 1284 1286 1289 1290 1290 1292 1295 1296 1296 1298 1301 1302 1302 1304 1307 1308 1308 1310 1312 1314 1314 1317 1318 1318 1320 1322 1325 1326 1326 1329 1330 1330 1332 1334 1336 1336 1338 1341 1342 1342 1344 1346 1348 1348 1350 1352 1354 1354 1356 1358 1360 1360 1362 1364 1366 1366 1368 1370 1372 1372 1374 1377 1378 1378 1380 1383 1384 1384 1386 1388 1390 1390 1392 1395 1396 1396 1398 1400 1402 1402 1404 1406 1408 1408 1410 1412 1414 1414 1416 1418 1420 1422 1422 1422 1424 1426 1428 1428 1430 1432 1434 1434 1436 1439 1440 1440 1442 1444 1446 1446 1448 1451 1452 1452 1454 1457 1458 1458 1460 1462 1464 1464 1466 1468 1470 1470 1472 1474 1474 1476 1478 1480 1480 1482 1485 1486 1486 1488 1490 1492 1492 1494 1497 1498 1498 1500 1502 1504 1504 1506 1509 1510 1510 1512 1515 1516 1516 1518 1520 1522 1522 1524 1527 1528 1528 1530 1533 1534 1534 1536 1538 1540 1540 1542 1544 1546 1546 1548 1550 1552 1552 1555 1556 1556 1558 1560 1562 1562 1564 1566 1568 1568 1570 1572 1574 1574 1576 1578 1580 1580 1582 1584 1584 1586 1588 1590 1590 1592 1595 1596 1596 1598 1600 1602 1602 1604 1606 1608 1608 1610 1612 1614 1614 1616 1618 1620 1620 1622 1624 1626 1626 1628 1630 1632 1632 1634 1637 1638 1638 1640 1642 1644 1644 1646 1649 1650 1650 1652 1655 1656 1656 1658 1660 1662 1662 1664 1666 1668 1668 1670 1672 1674 1674 1676 1678 1680 1680 1682 1684 1686 1686 1688 1691 1692 1692 1694 1696 1698 1700 1700 1700 1702 1704 1706 1706 1708 1710 1712 1712 1714 1716 1718 1718 1720 1723 1724 1724 1726 1728 1730 1730 1732 1734 1736 1736 1738 1741 1742 1742 1744 1746 1748 1748 1750 1752 1754 1754 1756 1759 1760 1760 1762 1764 1766 1766 1768 1771 1772 1772 1774 1776 1778 1778 1780 1783 1784 1784 1786 1788 1790 1790 1792 1794 1796 1796 1798 1800 1802 1802 1804 1807 1808 1808 1810 1812 1814 1814 1816 1818 1820 1820 1822 1824 1826 1826 1828 1830 1832 1832 1834 1836 1838 1838 1840 1842 1844 1844 1846 1848 1850 1850 1852 1854 1856 1856 1858 1860 1862 1862 1864 1866 1868 1868 1870 1872 1874 1874 1876 1879 1880 1880 1882 1884 1886 1886 1888 1890 1892 1892 1894 1896 1899 1900 1900 1902 1904 1906 1906 1908 1910 1912 1912 1914 1916 1918 1918 1920 1923 1924 1924 1926 1929 1930 1930 1932 1934 1937 1938 1938 1938 1940 1942 1944 1944 1946 1948 1951 1952 1952 1954 1957 1958 1958 1960 1963 1964 1966 1966 1966 1968 1970 1972 1972 1974 1976 1978 1978 1982 1983 1984
2 4 6 8 8 11 12 14 14 17 18 20 20 23 24 26 26 29 30 32 32 34 36 38 38 41 42 44 44 47 48 50 50 53 54 56 56 58 60 62 62 65 66 68 68 71 72 74 74 78 79 80

3 5 7 7 9 10 13 13 15 17 19 19 21 22 25 25 27 29 31 31 33 35 37 37 39 41 43 45 47 47 49 51 53 53 55 57 59 61 61 63 63 64 67 67 69 71 73 73 75 77 79 81 81 83 84 86 89 89 91 92 95 95 97 97 97 98 101 101 103 103 105 107 109 109 111 113 115 115 117 118 121 121 123 124 127 127 129 131 133 133 135 136 139 139 141 142 145 145 147 148 151 151 153 154 157 157 159 160 163 163 165 166 169 169 171 173 175 175 177 178 181 181 183 184 187 189 189 189 191 193 195 195 197 198 201 201 203 205 207 207 209 210 213 213 215 217 219 219 221 223 225 225 227 229 231 233 235 235 237 239 241 241 243 245 247 247 249 251 253 253 255 256 259 259 261 262 265 265 267 268 271 271 273 275 277 279 279 281 282 285 285 287 288 291 291 293 295 297 297 299 301 303 303 305 307 308 311 311 311 313 314 317 317 319 320 323 323 325 326 329 329 331 333 335 335 337 339 341 341 343 344 347 347 349 351 353 353 355 357 359 359 361 363 365 365 367 369 371 371 373 375 377 377 379 381 383 383 385 386 389 389 391 392 395 397 397 397 399 401 403 403 405 407 409 409 411 412 415 417 417 417 419 420 423 423 425 426 429 429 431 433 435 435 437 439 441 441 443 445 447 447 448 451 451 453 455 457 457 459 461 463 463 465 467 469 469 471 473 475 475 477 478 481 481 483 484 487 487 489 490 493 493 495 497 499 499 501 502 505 505 507 508 511 511 513 514 517 517 519 521 523 523 525 526 529 529 531 532 535 537 539 539 539 541 541 543 545 547 547 549 550 553 553 555 557 559 561 561 561 563 564 567 567 569 571 573 573 575 577 579 579 581 583 585 585 587 588 591 591 593 595 597 597 599 600 603 603 605 607 609 609 611 613 615 615 617 619 619 621 623 623 625 626 629 629 631 633 635 635 637 639 641 641 643 645 647 647 649 651 653 653 655 657 659 659 660 663 664 666 666 669 671 672 674 674 677 677 678 680 680 682 684 687 688 688 690 692 694 694 696 699 700 700 704 705 706
3 5 7 7 9 10 13 13 15 17 19 19 21 22 25 25 27 29 31 31 33 35 37 37 39 41 43 45 47 47 49 51 53 53 55 57 59 61 61 63 63 64 67 67 69 71 73 73 75 77 79 81 81 83 84 86 89 89 91 92 95 95 97 97 97 98 101 101 103 103 105 107 109 109 111 113 115 115 117 118 121 121 123 124 127 127 129 131 133 133 135 136 139 139 141 142 145 145 147 148 151 151 153 154 157 157 159 160 163 163 165 166 169 169 171 173 175 175 177 178 181 181 183 184 187 189 189 189 191 193 195 195 197 198 201 201 203 205 207 207 209 210 213 213 215 217 219 219 221 223 225 225 227 229 231 233 235 235 237 239 241 241 243 245 247 247 249 251 253 253 255 256 259 259 261 262 265 265 267 268 271 271 273 275 277 279 279 281 282 285 285 287 288 291 291 293 295 297 297 299 301 303 303 305 307 308 311 311 311 313 314 317 317 319 320 323 323 325 326 329 329 331 333 335 335 337 339 341 341 343 344 347 347 349 351 353 353 355 357 359 359 361 363 365 365 367 369 371 371 373 375 377 377 379 381 383 383 385 386 389 389 391 392 395 397 397 397 399 401 403 403 405 407 409 409 411 412 415 417 417 417 419 420 423 423 425 426 429 429 431 433 435 435 437 439 441 441 443 445 447 447 448 451 451 453 455 457 457 459 461 463 463 465 467 469 469 471 473 475 475 477 478 481 481 483 484 487 487 489 490 493 493 495 497 499 499 501 502 505 505 507 508 511 511 513 514 517 517 519 521 523 523 525 526 529 529 531 532 535 537 539 539 539 541 541 543 545 547 547 549 550 553 553 555 557 559 561 561 561 563 564 567 567 569 571 573 573 575 577 579 579 581 583 585 585 587 588 591 591 593 595 597 597 599 600 603 603 605 607 609 609 611 613 615 615 617 619 619 621 623 623 625 626 629 629 631 633 635 635 637 639 641 641 643 645 647 647 649 651 653 653 655 657 659 659 660 663 664 666 666 669 671 672 674 674 677 677 678 680 680 682 684 687 688 688 690 692 694 694 696 699 700 700 704 705 706
2 4 6 6 8 11 12 12 14 17 18 18 20 22 24 24 26 28 30 30 32 35 36 36 38 41 42 42 44 47 48 48 50 53 54 54 56 59 60 60 62 65 66 66 68 70 72 75 75 76 76 78 81 82 82 84 86 88 88 90 93 94 94 96 99 100 100 102 105 106 106 108 111 112 112 114 117 118 118 120 123 124 124 126 129 130 130 132 135 136 136 138 141 142 142 144 146 148 148 150 153 154 154 156 158 160 160 162 165 166 166 168 171 172 172 174 177 178 178 180 183 184 184 186 189 190 190 192 195 196 196 198 201 202 202 204 207 208 208 210 212 212 214 214 216 216 218 218 220 220 222 224 226 226 228 231 232 232 234 237 238 238 240 243 244 244 246 248 250 250 252 254 256 256 258 261 262 262 264 266 268 268 270 273 274 274 276 279 280 280 282 284 286 286 288 290 292 292 294 297 298 298 300 303 304 304 306 309 310 310 312 314 316 316 318 321 322 322 324 327 328 328 330 333 334 334 336 339 340 340 343 344 344 347 348 348 350 353 354 354 356 359 360 360 362 364 366 366 368 371 372 372 374 377 378 378 380 383 384 384 386 389 390 390 392 395 396 396 399 400 400 402 405 406 406 408 410 412 412 414 417 418 418 420 423 424 424 426 429 430 430 432 434 436 436 438 441 442 442 444 446 448 448 450 453 454 454 456 458 460 460 462 464 466 466 468 471 472 472 474 477 478 478 480 483 484 484 486 489 489 492 493 493 494
2 4 6 6 8 11 12 12 14 16 18 18 20 22 24 24 26 28 30 30 32 35 36 36 38 41 42 42 44 46 48 48 50 52 54 54 56 59 60 60 62 64 66 66 68 70 72 72 74 77 78 78 80 82 84 84 86 88 90 90 92 94 96 96 98 100 102 102 104 106 108 108 110 113 114 114 116 118 120 120 122 125 126 126 128 131 132 132 134 137 138 138 140 143 144 144 146 148 150 150 152 155 156 156 158 160 162 162 164 167 168 168 170 172 174 174 176 178 180 180 182 185 186 186 188 190 190 192 194 196 196 198 201 202 202 204 207 208 208 210 213 214 214 216 219 220 220 222 224 226 226 228 230 232 232 234 237 238 238 240 243 244 244 246 246 249 251 252 254 254 257 258 258 260 262 262 264 266 268 268 270 272 274 274 276 278 280 280 282 284 286 286 288 291 292 292 294 297 298 298 300 302 302 304 306 308 308 310 313 314 314 316 319 320 320 322 325 326 326 328 330 332 332 334 336 338 338 340 342 344 344 346 349 350 350 352 354 356 356 358 360 360 362 365 368 369 369 370
2 2 4 6 8 11 11 13 13 15 17 17 19 21 21 23 25 27 27 29 31 31 33 35 37 37 38 38 40 43 44 44 46 49 50 53 53 54 57 59 59 60 63 65 65 66 69 71 71 73 75 75 77 79 79 81 83 85 85 86 89 91 91 91 93 94 97 97 99 101 101 103 105 105 107 107 108 111 111 112 115 117 117 119 121 121 123 125 127 127 128 131 133 133 135 137 137 139 141 143 143 145 147 149 149 151 151 153 155 157 157 159 159 160 163 165 167 167 169 171 171 173 173 174 174 176 179 181 183 183 185 185 186 189 189 190 193 193 195 195 196 199 199 201 203 203 205 207 209 209 211 213 213 214 217 217 219 219 221 223 223 225 227 227 229 231 233 233 234 237 239 239 240 243 245 245 247 247 248 251 254 255 255 256
2 4 7 7 9 11 13 13 15 17 19 19 19 20 20 22 24 24 26 28 28 30 32 35 35 36 39 39 39 41 43 45 45 47 49 51 51 53 55 57 57 57 59 59 61 63 63 65 66 69 69 71 72 75 75 77 78 81 81 83 85 87 87 89 91 93 93 95 97 99 99 101 103 105 105 107 109 109 111 113 115 115 115 115 115 115 117 117 118 121 121 121 123 124 127 129 129 131 132 135 135 135 135 135 135 137 139 141 143 143 145 147 149 149 149 151 153 155 157 157 159 161 163 165 165 165 166 169 170 172 172 174 176 178 178 181 182 185 185 187 189 189 191 193 193 195 196 199 199 199 201 202 205 205 207 209 211 213 215 217 217 219 220 223 223 223 224 227 229 231 231 232 232 234 237 239 239 239 241 243 243 245 246 249 249 249 251 252 255 257 257 259 260 263 265 267 267 269 271 271 272 275 277 277 278 281 283 283 284 287 289 289 290 293 295 295 297 299 301 301 302 305 307 307 309 311 313 313 314 317 319 319 320 323 326 327 328
2 5 7 7 8 11 13 13 14 17 19 19 21 23 25 25 26 29 31 31 33 35 37 37 39 41 43 43 45 47 49 49 50 53 55 55 56 59 61 61 62 65 67 67 68 71 73 73 74 77 79 79 80 83 85 85 86 89 91 91 92 95 97 97 99 101 103 103 104 107 109 109 110 113 113 114 117 117 118 121 123 123 124 127 129 129 130 133 135 135 136 139 142 143 143 144
2 4 6 6 8 10 10 13 14 16 16 18 20 22 22 25 26 26 29 30 32 32 34 36 38 38 40 42 44 44 47 48 50 50 53 54 56 56 58 60 62 62 65 66 68 68 71 72 74 74 77 78 80 80 83 84 86 86 88 90 92 92 94 96 96 98 100 102 102 105 106 108 108 111 112 114 114 116 120 121 121 122
3 4 6 6 9 10 12 12 15 16 18 18 20 22 22 25 26 28 28 31 32 34 34 37 38 40 40 42 44 46 46 49 50 52 52 55 56 58 58 61 62 64 64 67 68 70 70 72 74 76 76 78 80 82 82 84 86 88 88 90 92 92 95 96 98 98 101 102 104 104 107 108 110 110 113 114 116 116 118 120 122 122 125 126 128 128 130 132 134 134 137 138 140 140 143 144 146 146 149 150 152 152 154 156 158 158 161 162 164 164 167 168 170 170 173 174 176 176 179 180 184 185 185 186
3 4 6 6 9 10 12 12 15 16 18 18 21 22 24 24 26 28 30 30 33 34 36 36 38 40 40 43 44 46 46 48 50 52 52 55 56 58 58 61 62 64 64 67 68 70 70 73 74 76 76 79 80 82 82 85 86 88 88 91 92 94 94 97 98 100 100 103 104 106 106 109 110 113 114 114 116 116 119 120 122 122 124 126 128 128 131 132 134 134 137 138 141 142 142 144 144 146 148 148 150 152 154 154 156 158 160 160 163 164 166 166 169 170 172 172 175 176 178 178 181 182 184 184 186 188 190 190 192 194 196 196 199 200 202 202 205 206 208 208 211 212 214 214 217 218 220 220 222 224 226 226 228 230 234 235 235 236
3 4 7 7 9 10 13 13 15 16 19 19 21 22 25 25 27 29 31 31 33 34 37 37 39 41 43 43 45 47 47 49 51 53 53 55 57 59 59 61 63 65 65 67 69 69 71 72 75 75 77 78 81 81 81 83 83 83 84 87 89 92 93 93 94
3 4 6 6 9 10 12 12 14 16 18 18 20 22 24 24 27 28 30 30 33 34 36 36 39 40 42 42 45 46 48 48 51 52 54 54 57 58 60 60 62 64 67 67 68 70 70 72 72 74 77 79 80 80 80 80 82 84 86 86 89 90 92 92 95 96 98 98 101 102 104 104 106 108 110 110 113 114 116 116 119 120 122 122 125 126 128 128 130 132 136 137 137 138
2 4 6 6 8 11 12 12 14 16 18 18 20 22 24 24 26 28 30 30 32 35 36 36 38 41 42 42 44 46 48 48 50 52 54 54 56 59 60 60 62 64 66 66 68 70 72 72 74 77 78 78 80 82 84 84 86 88 90 90 92 94 96 96 98 100 102 102 104 106 108 108 110 113 114 114 116 118 120 120 122 125 126 126 128 131 132 132 134 137 138 138 140 143 144 144 146 148 150 150 152 155 156 156 158 160 162 162 164 167 168 168 170 172 174 174 176 178 180 180 182 185 186 186 188 190 190 192 194 196 196 198 201 202 202 204 207 208 208 210 213 214 214 216 219 220 220 222 224 226 226 228 230 232 232 234 237 238 238 240 243 244 244 246 246 249 251 252 254 254 257 258 258 260 262 262 264 266 268 268 270 272 274 274 276 278 280 280 282 284 286 286 288 291 292 292 294 297 298 298 300 302 302 304 306 308 308 310 313 314 314 316 319 320 320 322 325 326 326 328 330 332 332 334 336 338 338 340 342 344 344 346 349 350 350 352 354 356 356 358 360 360 362 365 368 369 369 370
2 5 7 7 9 11 13 13 15 17 19 19 20 23 25 25 26 29 31 31 33 35 35 36 39 41 41 42 45 47 47 49 51 53 53 54 57 59 59 60 63 65 65 67 69 71 71 72 75 77 77 78 81 83 83 84 87 89 89 90 93 95 95 96 99 101 101 103 105 107 107 109 111 113 113 114 117 119 119 120 123 125 125 126 129 131 131 132 135 137 137 139 141 141 142 145 147 147 148 151 153 153 155 155 156 159 161 161 162 165 167 167 168 171 173 173 174 177 179 179 181 183 185 185 186 189 191 191 192 195 197 197 199 201 203 203 204 207 209 209 211 213 215 215 216 219 221 221 222 225 227 227 229 231 231 232 235 237 237 239 241 243 243 245 247 249 249 251 253 253 254 257 259 259 261 263 265 265 267 269 271 271 272 275 277 277 278 281 283 283 284 287 289 289 290 293 295 295 296 299 301 301 302 305 307 307 308 311 313 313 314 317 319 319 321 323 323 324 327 329 329 331 333 335 335 337 337 338 341 341 342 345 347 347 348 351 353 353 355 357 360 361 361 362

2 5 6 6 8 10 12 12 14 16 18 18 20 23 24 24 26 28 30 30 32 34 36 36 38 40 42 42 44 46 48 48 50 52 54 54 56 58 58 60 62 62 64 66 68 68 70 72 74 74 76 79 80 80 82 85 86 86 88 91 92 92 94 96 100 101 101 102

3 3 4 4 6 6 8 10 10 12 14 16 16 18 20 22 22 24 26 28 28 30 32 34 34 36 38 42 43 43 44
3 4 7 9 9 10 13 15 15 16 19 21 21 22 25 27 27 28 31 33 33 34 37 39 39 40 43 45 45 47 48 51 53 53 54 57 59 59 60 63 65 65 66 69 71 71 72 75 77 77 78 81 83 83 84 87 89 89 90 93 95 95 96 99 101 101 103 105 107 109 111 113 115 115 116 119 121 121 122 125 127 127 129 131 133 135 136 139 139 141 143 144 147 147 149 149 150 153 155 155 156 159 159 161 162 164 167 167 169 169 170 173 173 174 177 179 179 180 183 184 187 187 189 189 190 193 195 197 197 199 199 201 202 204 207 207 207 208 211 213 213 214 217 219 219 220 223 225 225 226 229 231 231 233 235 237 237 238 241 243 243 244 247 249 249 250 253 254 254 257 259 259 260 263 265 265 267 269 270 273 275 275 276 279 281 281 283 285 286 286 289 291 291 293 295 297 297 298 301 303 303 304 307 309 309 311 313 315 317 317 319 321 321 323 324 327 327 329 329 329 331 333 335 335 337 339 341 341 343 345 347 349 349 351 351 353 355 357 357 359 361 363 363 365 367 369 369 371 373 375 375 376 379 381 381 383 385 387 387 389 391 393 393 395 397 399 399 401 403 405 405 406 409 411 411 413 415 416 419 421 423 423 425 425 427 429 431 431 433 435 437 437 439 441 443 443 444 447 449 449 450 453 455 455 456 459 461 461 463 465 467 467 468 471 473 473 475 477 478 478 481 483 485 485 487 487 488 491 493 495 495 495 497 499 501 501 502 505 507 507 509 511 513 513 514 517 519 519 520 523 525 527 527 527 528 531 533 535 535 535 536 539 541 541 542 545 547 549 549 551 551 552 555 557 557 558 561 563 563 564 567 569 569 570 573 575 577 577 579 579 580 583 585 587 587 589 589 590 593 595 597 598 601 601 603 605 605 605 607 607 609 611 611 612 615 617 619 619 619 621 623 625 625 626 629 630 630 633 635 635 636 639 641 641 642 645 647 647 648 651 653 653 654 657 659 659 660 663 665 665 666 669 671 671 672 675 677 677 679 681 683 683 684 687 689 689 691 693 695 695 696 699 701 701 703 705 707 707 709 711 713 713 715 717 719 719 721 723 725 725 727 729 731 731 732 735 737 737 738 741 743 743 744 747 748 748 751 753 753 755 757 759 759 760 763 765 765 766 769 771 771 772 775 776 776 779 781 781 782 785 787 787 788 791 793 793 794 797 799 799 800 803 805 805 806 809 811 811 812 815 817 817 819 821 823 823 824 827 829 829 830 833 835 835 837 839 841 841 843 845 847 847 849 851 853 853 855 857 859 859 861 863 865 865 867 869 871 871 873 874 877 879 879 879 881 883 885 885 887 889 891 891 893 895 897 897 899 901 903 903 905 907 909 909 911 913 915 915 917 919 921 921 922 925 927 927 929 931 933 933 935 937 939 939 940 943 945 945 947 949 951 951 953 955 957 957 959 961 963 963 965 967 967 969 971 973 973 975 977 979 979 981 983 985 985 987 989 991 991 993 995 997 997 999 1001 1003 1003 1005 1007 1009 1009 1011 1013 1015 1015 1017 1019 1021 1021 1023 1025 1027 1027 1029 1031 1033 1033 1035 1037 1039 1039 1041 1043 1045 1045 1047 1049 1051 1051 1052 1055 1057 1057 1058 1061 1063 1063 1065 1067 1069 1069 1071 1073 1075 1075 1077 1079 1081 1081 1083 1085 1087 1087 1089 1091 1093 1093 1095 1097 1099 1099 1101 1103 1105 1105 1107 1109 1111 1111 1113 1115 1116 1119 1121 1121 1121 1123 1125 1127 1127 1129 1131 1133 1133 1135 1137 1139 1141 1141 1143 1145 1147 1147 1149 1151 1153 1153 1155 1157 1159 1159 1161 1162 1165 1167 1167 1167 1169 1171 1173 1173 1175 1177 1177 1178 1181 1183 1183 1185 1187 1189 1189 1190 1193 1195 1195 1197 1198 1201 1203 1203 1203 1204 1207 1209 1209 1210 1210 1213 1215 1215 1216 1219 1221 1221 1222 1225 1227 1227 1228 1231 1233 1233 1234 1237 1239 1239 1240 1243 1245 1245 1246 1249 1251 1251 1252 1255 1257 1257 1258 1261 1263 1263 1264 1267 1269 1269 1270 1273 1275 1275 1277 1279 1279 1280 1283 1285 1285 1286 1289 1291 1291 1292 1295 1296 1296 1299 1301 1303 1303 1305 1305 1306 1309 1311 1311 1312 1315 1317 1317 1318 1321 1322 1322 1325 1327 1327 1328 1331 1333 1333 1334 1337 1339 1339 1340 1343 1345 1345 1346 1349 1351 1351 1352 1355 1357 1357 1358 1361 1363 1365 1365 1365 1366 1369 1371 1371 1372 1374 1377 1379 1379 1381 1381 1382 1385 1387 1387 1388 1391 1393 1393 1394 1397 1399 1399 1400 1403 1405 1407 1407 1407 1408 1411 1413 1415 1417 1417 1417 1418 1421 1423 1423 1425 1427 1429 1429 1430 1433 1435 1437 1437 1439 1439 1440 1443 1445 1445 1446 1449 1451 1451 1453 1455 1457 1457 1459 1461 1462 1465 1467 1467 1469 1471 1472 1475 1475 1477 1477 1479 1481 1483 1483 1485 1487 1489 1489 1490 1493 1495 1495 1497 1499 1501 1501 1502 1505 1507 1507 1509 1511 1512 1512 1515 1517 1517 1519 1521 1522 1522 1525 1527 1527 1529 1531 1533 1533 1534 1537 1539 1539 1540 1543 1545 1547 1547 1549 1549 1550 1553 1555 1555 1556 1559 1561 1561 1562 1565 1567 1567 1568 1571 1573 1573 1574 1577 1579 1579 1580 1582 1585 1587 1587 1587 1589 1591 1593 1595 1595 1595 1597 1599 1601 1601 1602 1605 1607 1607 1608 1611 1613 1613 1614 1617 1619 1621 1621 1621 1622 1625 1627 1627 1629 1630 1633 1635 1635 1635 1637 1639 1641 1641 1642 1645 1647 1647 1649 1651 1653 1653 1654 1657 1659 1659 1660 1663 1665 1665 1666 1669 1671 1673 1673 1674 1677 1677 1679 1679 1680 1683 1685 1685 1686 1689 1691 1691 1692 1695 1697 1697 1698 1701 1703 1703 1704 1707 1709 1709 1710 1713 1715 1715 1716 1719 1721 1721 1722 1725 1727 1727 1728 1731 1733 1735 1735 1736 1739 1739 1741 1741 1742 1745 1747 1747 1748 1750 1753 1755 1755 1755 1756 1759 1761 1761 1762 1765 1767 1767 1769 1771 1772 1774 1774 1777 1777 1779 1779 1781 1783 1784 1787 1787 1789 1789 1790 1793 1795 1795 1797 1799 1800 1802 1805 1805 1807 1807 1809 1809 1811 1813 1815 1815 1816 1819 1821 1821 1822 1825 1827 1827 1828 1831 1833 1833 1834 1837 1839 1841 1841 1841 1842 1845 1847 1847 1848 1851 1853 1853 1854 1856 1859 1861 1861 1863 1863 1864 1867 1869 1869 1870 1873 1875 1875 1876 1879 1881 1883 1883 1885 1885 1886 1889 1891 1891 1892 1895 1897 1897 1899 1901 1903 1903 1904 1907 1909 1909 1910 1913 1915 1915 1916 1918 1921 1923 1925 1925 1925 1926 1929 1931 1931 1932 1934 1936 1936 1939 1939 1940 1943 1945 1945 1946 1948 1951 1953 1953 1953 1954 1956 1959 1960 1960 1960 1963 1965 1967 1967 1969 1969 1971 1973 1975 1975 1976 1979 1981 1981 1982 1985 1986 1989 1989 1991 1991 1992 1995 1997 1997 1998 2001 2003 2005 2005 2005 2006 2009 2010 2013 2013 2014 2014 2017 2019 2019 2020 2023 2025 2027 2027 2029 2029 2030 2033 2035 2035 2036 2039 2041 2041 2042 2044 2047 2049 2049 2051 2051 2052 2055 2057 2057 2058 2060 2063 2065 2065 2067 2067 2068 2071 2073 2073 2074 2077 2078 2078 2081 2083 2085 2085 2087 2087 2088 2091 2093 2093 2094 2097 2099 2099 2100 2103 2104 2104 2107 2109 2109 2110 2113 2115 2115 2116 2119 2121 2123 2123 2123 2124 2127 2128 2131 2131 2133 2133 2134 2137 2139 2139 2140 2143 2145 2145 2146 2149 2151 2151 2153 2154 2157 2159 2159 2159 2160 2163 2165 2165 2166 2168 2171 2173 2173 2174 2177 2179 2179 2179 2180 2182 2185 2187 2187 2188 2191 2191 2193 2193 2195 2196 2198 2201 2201 2201 2202 2205 2207 2207 2208 2211 2213 2213 2215 2217 2217 2218 2221 2223 2223 2224 2227 2229 2229 2230 2232 2235 2237 2239 2239 2239 2240 2243 2245 2245 2247 2249 2251 2251 2253 2255 2257 2257 2259 2260 2263 2265 2265 2267 2267 2269 2271 2271 2272 2275 2277 2277 2279 2281 2281 2283 2285 2287 2287 2289 2291 2293 2293 2295 2297 2299 2299 2301 2303 2303 2304 2307 2309 2309 2311 2312 2315 2317 2317 2319 2319 2320 2323 2325 2325 2327 2329 2331 2331 2333 2335 2337 2337 2339 2341 2343 2343 2345 2347 2349 2349 2351 2353 2355 2355 2357 2359 2361 2361 2362 2362 2365 2365 2367 2367 2369 2370 2373 2373 2374 2377 2377 2379 2380 2383 2383 2384 2387 2387 2389 2390 2393 2393 2394 2397 2399 2399 2401 2402 2405 2405 2407 2408 2411 2413 2413 2413 2415 2416 2419 2419 2420 2423 2425 2426 2429 2429 2429 2431 2431 2433 2434 2437 2437 2438 2441 2443 2443 2444 2446 2449 2451 2453 2453 2453 2453 2455 2457 2459 2459 2460 2463 2465 2466 2466 2469 2469 2471 2472 2475 2475 2477 2478 2481 2481 2482 2485 2487 2489 2489 2491 2491 2492 2495 2497 2497 2498 2500 2503 2505 2505 2505 2507 2508 2511 2511 2513 2514 2517 2517 2519 2520 2523 2523 2525 2526 2529 2529 2531 2532 2535 2535 2536 2539 2541 2541 2542 2545 2547 2547 2548 2551 2551 2552 2555 2557 2557 2559 2560 2563 2563 2564 2567 2569 2569 2570 2573 2575 2575 2577 2578 2580 2583 2583 2583 2585 2587 2589 2589 2591 2592 2595 2595 2596 2599 2601 2601 2602 2605 2607 2607 2609 2610 2613 2613 2615 2617 2619 2620 2623 2623 2625 2626 2628 2631 2631 2633 2633 2635 2636 2639 2639 2640 2643 2645 2646 2649 2649 2649 2650 2653 2655 2655 2656 2659 2661 2661 2662 2665 2667 2667 2669 2669 2671 2673 2675 2675 2676 2679 2681 2681 2683 2685 2685 2687 2689 2691 2691 2693 2695 2697 2697 2698 2701 2703 2703 2705 2707 2709 2709 2711 2713 2715 2715 2717 2719 2721 2721 2722 2725 2727 2727 2728 2731 2731 2733 2733 2735 2737 2737 2739 2741 2743 2743 2745 2747 2749 2751 2751 2753 2753 2755 2757 2759 2759 2761 2763 2765 2765 2767 2769 2771 2771 2773 2775 2777 2777 2779 2779 2781 2783 2785 2785 2787 2789 2791 2791 2793 2795 2797 2797 2799 2801 2803 2805 2805 2805 2807 2809 2811 2811 2813 2815 2817 2817 2819 2821 2823 2823 2825 2827 2829 2829 2831 2833 2835 2835 2837 2839 2841 2841 2843 2845 2847 2849 2849 2851 2853 2853 2855 2855 2857 2859 2861 2863 2863 2863 2865 2867 2869 2869 2871 2873 2875 2875 2877 2879 2881 2881 2883 2885 2885 2886 2889 2891 2891 2891 2893 2895 2897 2897 2899 2901 2903 2903 2905 2907 2907 2909 2911 2913 2913 2915 2917 2919 2919 2921 2923 2925 2925 2927 2929 2931 2931 2933 2935 2937 2939 2939 2941 2941 2943 2945 2947 2947 2949 2951 2953 2953 2955 2957 2959 2959 2961 2963 2965 2965 2967 2969 2971 2973 2973 2975 2975 2977 2979 2981 2981 2983 2985 2987 2987 2989 2991 2993 2993 2994 2997 2999 2999 3001 3003 3005 3005 3007 3009 3011 3011 3013 3015 3017 3017 3019 3021 3023 3023 3025 3027 3029 3031 3031 3033 3033 3035 3037 3039 3039 3041 3043 3045 3045 3047 3049 3051 3051 3053 3055 3057 3057 3059 3061 3063 3065 3065 3067 3067 3068 3071 3073 3073 3075 3077 3079 3079 3081 3083 3085 3087 3089 3089 3091 3093 3095 3097 3097 3099 3099 3101 3103 3105 3105 3107 3109 3111 3111 3113 3115 3117 3119 3119 3121 3121 3123 3125 3127 3127 3129 3131 3133 3133 3135 3137 3139 3139 3141 3143 3145 3145 3146 3149 3151 3151 3153 3155 3157 3157 3159 3161 3163 3163 3165 3167 3169 3169 3171 3173 3175 3175 3177 3179 3181 3181 3183 3185 3187 3187 3189 3191 3193 3195 3195 3197 3197 3199 3201 3203 3203 3205 3207 3209 3209 3211 3213 3215 3215 3217 3219 3221 3221 3223 3225 3227 3227 3229 3231 3233 3233 3234 3237 3239 3239 3241 3243 3245 3245 3247 3249 3251 3251 3253 3255 3257 3257 3259 3261 3263 3263 3265 3267 3269 3269 3271 3273 3275 3275 3277 3279 3281 3281 3283 3285 3287 3287 3289 3291 3293 3293 3295 3297 3299 3299 3301 3303 3305 3305 3307 3309 3311 3311 3313 3315 3317 3317 3319 3321 3323 3323 3325 3327 3329 3329 3331 3333 3333 3335 3337 3338 3341 3341 3343 3343 3345 3347 3349 3349 3351 3353 3355 3355 3356 3359 3361 3361 3363 3365 3367 3367 3369 3371 3373 3373 3375 3377 3379 3379 3381 3383 3385 3385 3387 3389 3391 3391 3393 3395 3397 3397 3399 3401 3403 3403 3405 3407 3409 3409 3411 3413 3415 3415 3417 3419 3421 3421 3423 3425 3427 3427 3429 3431 3433 3433 3435 3437 3439 3439 3441 3443 3445 3445 3447 3449 3451 3451 3453 3455 3457 3457 3458 3461 3463 3463 3465 3467 3469 3469 3471 3473 3475 3475 3477 3479 3481 3481 3483 3485 3487 3487 3488 3491 3493 3493 3495 3497 3499 3499 3501 3503 3505 3505 3507 3509 3509 3510 3513 3515 3515 3517 3519 3521 3521 3523 3525 3527 3529 3529 3531 3533 3535 3535 3537 3539 3541 3541 3543 3545 3547 3547 3549 3550 3553 3553 3555 3556 3559 3559 3561 3563 3565 3565 3567 3568 3571 3571 3573 3574 3577 3577 3579 3581 3583 3583 3585 3587 3589 3589 3591 3592 3595 3595 3597 3598 3601 3601 3603 3604 3607 3607 3609 3610 3613 3613 3615 3616 3619 3619 3621 3623 3625 3627 3627 3629 3631 3633 3633 3635 3635 3637 3639 3641 3641 3643 3645 3647 3647 3649 3651 3653 3653 3655 3657 3659 3659 3661 3663 3665 3665 3667 3669 3671 3671 3673 3675 3677 3677 3679 3680 3683 3685 3685 3686 3689 3691 3691 3692 3695 3697 3699 3699 3701 3701 3702 3705 3707 3707 3708 3711 3713 3713 3714 3717 3719 3719 3720 3723 3725 3725 3726 3729 3731 3731 3732 3735 3737 3737 3738 3741 3743 3743 3744 3747 3749 3749 3750 3753 3755 3755 3756 3759 3761 3761 3762 3765 3767 3767 3768 3771 3772 3775 3775 3777 3777 3778 3781 3783 3783 3784 3787 3789 3789 3790 3793 3795 3795 3796 3799 3801 3801 3802 3805 3807 3807 3808 3811 3813 3813 3814 3817 3819 3819 3821 3823 3825 3825 3827 3829 3831 3831 3832 3835 3837 3837 3839 3841 3843 3843 3844 3847 3849 3849 3850 3853 3855 3855 3856 3859 3861 3861 3862 3865 3867 3867 3868 3871 3873 3873 3874 3877 3879 3879 3881 3882 3885 3887 3887 3888 3891 3893 3893 3894 3897 3899 3899 3900 3903 3905 3905 3906 3909 3911 3911 3912 3915 3917 3917 3918 3921 3923 3923 3924 3927 3929 3929 3930 3933 3935 3935 3936 3939 3941 3941 3942 3945 3947 3947 3948 3951 3953 3953 3954 3957 3959 3959 3960 3963 3965 3965 3966 3969 3971 3971 3973 3975 3976 3979 3979 3981 3983 3984 3987 3987 3989 3990 3993 3993 3995 3996 3999 3999 4001 4002 4005 4005 4007 4007 4009 4010 4013 4013 4015 4016 4019 4019 4021 4022 4025 4025 4027 4028 4031 4031 4033 4034 4037 4037 4039 4040 4043 4043 4045 4046 4049 4049 4051 4052 4055 4055 4057 4058 4061 4061 4063 4064 4067 4067 4069 4070 4073 4073 4075 4076 4079 4079 4081 4082 4085 4085 4087 4088 4091 4091 4093 4094 4097 4097 4099 4100 4103 4103 4105 4106 4109 4109 4111 4112 4115 4115 4117 4118 4121 4121 4123 4124 4127 4127 4129 4130 4133 4133 4135 4136 4139 4139 4141 4142 4145 4147 4147 4149 4149 4151 4152 4155 4155 4157 4158 4161 4161 4163 4165 4166 4168 4171 4171 4171 4173 4174 4177 4177 4179 4180 4183 4183 4185 4186 4189 4189 4191 4192 4195 4195 4197 4198 4201 4201 4203 4204 4207 4207 4209 4210 4213 4213 4215 4216 4219 4219 4221 4222 4225 4225 4227 4228 4231 4231 4233 4234 4237 4237 4239 4240 4243 4243 4245 4246 4249 4249 4251 4252 4255 4255 4257 4258 4261 4261 4262 4265 4267 4267 4269 4269 4271 4272 4275 4275 4277 4278 4281 4281 4283 4284 4287 4287 4289 4290 4293 4293 4294 4297 4299 4299 4301 4302 4305 4305 4307 4308 4311 4311 4313 4314 4317 4317 4319 4320 4323 4323 4324 4327 4329 4329 4331 4332 4335 4335 4337 4338 4341 4341 4343 4344 4347 4347 4349 4350 4353 4353 4355 4356 4359 4359 4361 4362 4365 4365 4367 4368 4371 4371 4373 4374 4377 4377 4379 4380 4383 4383 4385 4386 4389 4389 4391 4393 4394 4396 4396 4399 4399 4401 4402 4405 4405 4407 4408 4411 4411 4413 4415 4417 4417 4419 4421 4422 4425 4425 4427 4428 4431 4431 4433 4434 4437 4437 4439 4440 4443 4443 4445 4447 4449 4449 4451 4453 4455 4455 4457 4458 4461 4461 4463 4464 4466 4466 4469 4469 4471 4472 4475 4475 4476 4478 4480 4480 4482 4484 4486 4486 4488 4490 4492 4492 4494 4496 4498 4498 4500 4502 4504 4504 4506 4508 4510 4510 4512 4514 4516 4516 4518 4520 4522 4522 4524 4526 4528 4528 4530 4532 4534 4534 4536 4538 4540 4540 4542 4544 4546 4546 4548 4550 4552 4552 4554 4556 4558 4558 4560 4562 4564 4564 4567 4567 4569 4570 4573 4573 4575 4576 4579 4579 4581 4582 4585 4585 4587 4588 4590 4593 4593 4593 4595 4596 4599 4599 4601 4602 4605 4605 4607 4608 4611 4611 4613 4614 4617 4617 4619 4620 4623 4623 4625 4626 4629 4629 4631 4632 4635 4635 4637 4639 4640 4643 4643 4645 4645 4647 4647 4648 4651 4651 4653 4654 4657 4657 4659 4660 4663 4663 4665 4666 4669 4669 4671 4672 4675 4677 4677 4679 4679 4681 4682 4685 4685 4687 4688 4691 4691 4693 4694 4697 4697 4699 4701 4703 4704 4707 4707 4709 4710 4713 4713 4715 4716 4719 4719 4721 4723 4725 4725 4727 4729 4731 4731 4733 4735 4736 4739 4741 4741 4741 4743 4745 4747 4747 4749 4751 4753 4753 4755 4756 4759 4759 4761 4762 4765 4765 4767 4768 4771 4771 4773 4774 4777 4777 4779 4779 4781 4782 4785 4785 4787 4789 4791 4791 4793 4795 4796 4799 4799 4801 4803 4803 4805 4806 4809 4809 4811 4813 4813 4814 4818 4819 4819 4820
2 2 5 6 6 8 11 12 12 14 16 18 18 20 23 24 24 26 28 30 30 32 34 36 36 38 41 42 42 44 46 48 48 50 52 52 54 57 58 58 60 63 64 64 66 68 70 70 72 75 76 76 78 81 82 82 84 87 88 88 90 93 94 94 96 96 99 100 102 104 104 106 108 110 110 112 114 114 116 118 120 120 122 124 126 126 128 130 132 132 134 136 138 138 140 140 142 145 146 150 151 152
3 4 7 7 9 10 13 13 15 17 19 19 21 22 25 25 27 28 31 31 33 35 37 37 39 41 43 43 45 47 47 49 51 53 53 55 57 57 59 60 63 63 65 66 69 69 71 72 75 75 77 78 82 83 83 84
2 2 4 6 8 10 10 12 15 16 16 18 21 22 24 26 26 28 31 32 32 34 36 38 38 40 42 42 44 47 48 48 50 52 54 54 56 58 60 62 62 65 66 66 68 70 70 72 74 76 76 78 80 82 82 84 86 88 88 90 93 96 97 98
2 4 6 6 8 10 13 14 14 14 16 18 21 22 22 22 24 26 28 28 30 32 34 34 36 38 40 40 42 44 46 46 48 50 52 52 54 57 58 58 60 63 64 64 66 69 70 72 72 74 74 76 78 80 80 82 85 86 86 88 90 92 92 94 97 98 98 100 102 104 104 106 108 110 110 112 114 116 116 118 120 122 122 124 127 128 128 131 131 133 135 137 137 139 141 143 143 145 147 149 149 151 152 154 154 156 158 161 161 161 163 164 167 167 169 170 173 173 175 176 179 179 181 182 184 187 187 187 189 190 193 193 195 196 199 199 201 202 205 205 207 208 211 211 213 214 216 219 219 219 221 222 225 225 227 228 231 231 233 234 237 237 239 240 242 245 245 245 247 248 250 253 253 253 255 256 259 259 261 262 265 265 267 268 270 273 273 273 275 276 278 278 280 282 284 284 287 287 287 289 291 293 293 295 297 299 299 301 303 305 305 307 309 311 311 313 315 317 317 319 321 323 325 325 325 325 327 329 331 331 333 335 337 337 339 341 343 343 345 347 349 349 351 353 355 355 357 359 361 361 363 365 367 367 369 370 373 373 375 377 379 379 381 382 385 385 387 389 391 393 393 395 397 399 401 401 403 405 407 407 409 411 413 413 415 417 417 419 421 423 423 425 427 429 431 431 433 434 437 437 439 440 443 443 443 445 446 449 449 451 453 453 453 454 457 457 459 461 461 463 464 467 467 469 470 473 473 473 475 476 479 479 481 482 485 485 487 487 487 487 487 488 491 492 492 494 497 498 498 501 501 501 501 501 501 503 503 503 503 505 505 507 508 511 511 513 515 517 517 519 519 521 523 525 525 527 527 529 530 532 534 534 536 539 540 540 543 543 543 543 543 543 543 543 543 544 547 547 547 547 547 547 547 547 547 549 549 551 553 555 555 557 559 561 561 563 565 567 567 569 571 573 573 575 577 579 579 581 583 585 585 587 589 591 591 593 595 597 597 599 601 603 603 605 607 609 609 611 613 615 615 617 619 621 623 623 625 626 629 629 631 633 635 635 637 639 641 643 643 644 647 648 648 650 652 654 654 657 657 659 659 661 661 663 665 667 667 669 671 673 675 675 677 678 681 681 683 685 687 687 689 689 689 691 691 693 695 695 697 698 701 701 703 703 705 705 707 707 709 711 713 713 715 717 717 719 719 721 721 723 725 725 725 725 727 727 727 727 727 729 731 733 733 735 737 738 741 741 743 745 745 747 747 749 751 754 755 755 756
3 4 7 7 9 11 13 13 15 17 19 19 21 22 25 25 27 28 31 31 33 34 37 37 39 41 43 43 45 46 49 49 51 52 55 55 57 59 61 61 63 65 67 67 69 71 73 73 75 77 79 81 81 81 83 85 87 87 89 91 93 93 95 97 99 99 101 103 105 105 107 109 111 111 113 115 115 117 118 121 121 123 125 127 127 129 131 133 133 135 137 139 139 141 143 145 145 147 149 151 151 153 155 157 157 159 161 162 165 165 167 167 169 171 173 173 175 177 179 179 181 183 183 185 187 189 189 191 193 196 197 197 198
2 4 6 6 8 10 12 12 14 16 18 18 20 22 24 24 26 28 30 30 32 34 36 36 38 41 42 42 44 47 48 48 50 53 54 54 56 59 60 60 62 65 66 66 68 70 70 72 74 76 76 76 79 80 82 82 84 86 88 88 90 92 94 94 96 98 100 100 102 104 106 106 108 110 112 112 114 116 116 118 120 122 122 124 126 126 128 131 132 132 134 137 138 138 140 143 144 144 146 148 150 150 152 155 156 156 158 161 162 162 164 167 168 168 170 172 174 174 176 178 180 180 182 185 188 189 189 190
2 2 4 6 8 8 10 12 14 14 16 19 20 20 22 24 24 26 29 30 30 33 34 34 36 39 40 40 42 44 44 46 48 50 50 53 54 56 56 58 61 62 62 64 67 68 68 70 70 72 74 77 78 78 80 83 84 84 86 89 90 90 93 94 94 96 99 100 100 103 104 104 106 109 110 110 112 115 116 116 118 118 120 122 124 124 126 126 128 130 133 134 136 136 138 140 140 142 145 146 146 148 150 152 152 154 156 158 158 160 163 164 164 166 168 168 170 173 174 174 176 178 180 180 182 184 184 186 189 190 190 192 195 196 196 198 201 202 202 205 206 206 208 211 212 212 214 217 218 218 220 223 224 224 226 229 230 230 232 235 236 236 238 241 242 242 244 247 248 248 250 253 254 254 256 259 260 260 262 262 265 266 266 269 270 272 272 274 276 276 278 280 282 282 284 284 287 289 290 292 292 294 297 298 300 300 302 304 306 306 308 310 310 312 312 314 314 314 316 316 319 320 322 322 324 324 326 328 330 330 332 334 334 336 339 340 340 342 345 345 346 348 348 350 353 354 354 356 358 360 360 362 364 366 366 368 370 370 372 375 376 376 378 381 382 382 382 382 384 384 386 389 390 390 392 394 396 396 398 400 402 402 404 406 406 408 411 412 412 414 416 418 418 420 422 422 424 426 428 428 430 432 434 434 436 439 440 440 442 444 446 446 448 450 452 452 452 454 456 458 458 460 462 464 464 464 466 468 468 470 472 474 474 476 478 480 482 482 484 487 488 490 490 492 495 496 496 499 500 500 502 505 506 506 508 511 511 512 515 516 516 518 520 522 522 524 524 524 527 529 530 532 532 534 534 536 539 540 540 542 542 545 546 548 548 550 550 552 554 556 556 558 561 562 562 564 564 567 569 570 572 572 574 577 578 578 580 580 582 584 586 588 588 590 593 594 594 596 599 600 600 602 605 606 606 608 608 610 612 612 612 614 614 616 618 618 621 622 622 624 626 628 628 630 633 634 636 636 638 641 642 642 644 647 648 648 650 650 653 654 656 658 658 660 660 662 662 664 667 669 670 672 672 674 677 678 678 680 680 682 685 686 686 688 691 692 692 694 696 696 698 701 702 702 704 704 707 708 711 712 712 714 716 718 718 720 723 724 724 726 729 730 730 732 734 736 736 738 740 740 742 742 744 744 746 748 748 748 750 753 754 757 758 758 760 763 764 764 766 769 770 770 773 774 776 778 778 780 783 784 784 786 788 788 790 793 794 794 796 799 800 800 802 804 806 806 808 811 812 812 814 817 818 818 820 820 822 822 824 824 826 829 830 832 832 834 836 836 838 840 842 842 844 846 848 848 850 852 854 854 856 856 858 860 860 862 862 864 867 868 868 870 873 874 874 877 878 878 880 883 884 884 886 889 889 890 893 894 894 896 899 900 902 902 904 906 906 906 908 908 910 913 914 914 916 919 921 922 922 924 927 928 928 930 933 934 934 936 938 938 940 943 944 944 946 949 950 950 952 955 956 956 958 961 962 962 964 967 967 968 970 970 970 972 975 977 978 980 980 982 982 985 987 988 990 990 993 993 995 996 998 998 1000 1003 1004 1004 1006 1009 1010 1010 1012 1012 1014 1014 1016 1018 1020 1020 1023 1024 1026 1026 1028 1028 1030 1033 1034 1034 1036 1039 1040 1040 1042 1045 1045 1046 1046 1048 1051 1052 1052 1054 1057 1058 1058 1060 1063 1064 1064 1066 1069 1070 1070 1072 1074 1076 1076 1078 1078 1080 1082 1084 1084 1086 1086 1088 1091 1092 1094 1094 1096 1096 1099 1101 1102 1102 1104 1104 1106 1106 1106 1108 1108 1110 1110 1112 1114 1117 1118 1120 1120 1122 1125 1126 1126 1128 1128 1130 1130 1132 1134 1134 1136 1139 1139 1140 1142 1142 1144 1146 1148 1148 1150 1152 1154 1154 1156 1159 1160 1160 1162 1164 1164 1166 1166 1169 1170 1170 1172 1175 1176 1176 1178 1181 1182 1182 1184 1186 1188 1188 1190 1193 1194 1194 1197 1198 1198 1200 1203 1204 1204 1206 1209 1210 1210 1212 1215 1216 1216 1218 1220 1222 1222 1224 1226 1226 1226 1228 1230 1232 1232 1234 1236 1236 1238 1240 1242 1242 1244 1244 1247 1249 1250 1252 1252 1254 1256 1258 1258 1260 1260 1262 1264 1264 1264 1266 1266 1268 1271 1272 1272 1274 1277 1278 1278 1280 1283 1284 1284 1286 1289 1290 1290 1292 1295 1296 1296 1298 1298 1300 1302 1304 1304 1306 1309 1310 1310 1312 1314 1316 1316 1318 1320 1322 1322 1324 1324 1326 1328 1328 1330 1333 1334 1336 1336 1338 1340 1342 1342 1344 1346 1346 1348 1350 1352 1352 1354 1354 1354 1356 1356 1358 1358 1360 1363 1364 1364 1366 1366 1368 1368 1370 1370 1370 1372 1372 1375 1376 1376 1378 1381 1382 1382 1382 1384 1387 1388 1390 1390 1392 1394 1396 1396 1396 1396 1396 1398 1398 1400 1403 1404 1406 1406 1408 1410 1410 1412 1415 1416 1418 1418 1420 1422 1422 1424 1427 1428 1428 1430 1433 1434 1436 1436 1438 1440 1442 1444 1444 1446 1449 1450 1450 1452 1452 1454 1457 1458 1460 1460 1460 1463 1465 1466 1468 1468 1471 1472 1472 1474 1474 1476 1478 1478 1481 1482 1482 1484 1486 1488 1488 1490 1492 1494 1494 1496 1498 1500 1500 1500 1502 1504 1504 1506 1509 1510 1510 1512 1514 1516 1516 1518 1520 1522 1522 1524 1526 1528 1528 1530 1532 1532 1534 1536 1538 1540 1540 1542 1544 1546 1548 1548 1550 1552 1554 1554 1556 1558 1560 1562 1565 1566 1566 1568 1570 1573 1575 1577 1577 1579 1581 1583 1583 1585 1585 1587 1588 1591 1591 1593 1594 1597 1597 1599 1600 1603 1603 1605 1606 1609 1609 1611 1613 1613 1615 1616 1619 1619 1621 1622 1625 1625 1627 1628 1631 1631 1633 1634 1637 1637 1639 1640 1643 1645 1645 1647 1648 1651 1653 1655 1657 1659 1661 1664 1665 1666
3 5 7 7 9 11 13 13 15 17 19 19 21 23 25 27 27 29 29 31 33 35 35 37 39 41 41 43 44 47 47 49 51 53 53 55 57 59 59 61 63 63 65 67 69 69 71 73 75 75 77 79 81 81 83 85 87 87 89 90 93 93 95 97 99 99 101 103 105 105 107 109 111 111 113 115 117 117 119 121 121 123 125 127 127 129 131 133 133 135 137 139 139 141 143 145 145 147 149 151 151 153 155 157 157 159 161 163 163 165 167 169 169 171 172 175 175 177 178 181 183 183 185 185 187 188 191 191 193 195 197 197 199 200 203 203 205 206 209 209 211 213 216 217 217 218
2 4 4 7 8 8 10 12 14 14 16 19 20 20 22 24 26 26 28 30 32 32 34 37 38 38 40 42 44 46 46 48 48 50 52 54 54 56 59 60 60 62 65 66 66 68 71 72 72 74 76 78 78 80 83 83 84 86 86 86 88 90 92 92 94 97 98 98 100 103 104 104 106 109 110 110 112 114 116 116 118 121 122 122 124 127 128 128 130 133 134 136 136 136 136 138 140 142 142 144 147 148 148 150 153 154 154 156 159 160 160 162 164 166 166 168 171 172 172 174 176 178 178 180 183 184 184 186 188 190 190 192 194 196 196 198 201 202 202 204 207 208 208 210 212 214 214 216 219 220 220 222 224 228 229 229 230
2 5 6 6 8 11 12 12 14 17 18 18 20 22 24 24 26 28 30 30 32 35 36 36 38 41 42 42 44 47 48 48 50 53 54 54 56 59 60 60 62 65 66 66 68 71 72 74 74 74 76 79 80 80 82 85 86 86 88 90 93 95 95 96 96 98 101 102 102 104 106 108 108 110 112 114 114 116 118 118 120 122 124 124 126 128 130 130 132 134 136 136 138 141 142 142 144 146 148 148 150 152 154 154 156 158 160 160 162 164 166 166 168 171 172 172 174 177 178 178 180 183 184 184 186 188 190 190 192 195 196 196 198 200 202 202 205 206 206 208 211 212 212 214 217 218 218 220 223 224 224 226 228 232 233 233 234
2 5 6 6 8 11 12 12 14 16 18 18 20 23 24 24 26 29 30 32 32 34 34 36 38 40 40 43 44 44 46 48 48 50 50 52 54 54 56 59 60 60 62 65 66 66 68 70 72 72 74 77 78 78 81 82 82 84 87 88 88 90 92 94 94 97 98 98 100 103 104 104 106 109 110 110 112 115 116 116 118 120 124 125 125 126
3 5 7 7 9 10 14 15 15 16
2 2 4 6 6 8 11 12 12 14 16 18 18 20 23 24 24 26 28 30 30 32 34 36 38 40 40 42 44 46 46 48 50 52 52 54 54 56 58 60 62 62 65 66 66 68 68 70 72 74 74 76 76 78 80 80 82 85 87 88 88 90 93 94 94 96 96 99 100 102 102 104 106 108 108 110 112 114 114 116 119 120 120 122 125 126 126 128 130 132 132 134 137 138 138 140 143 144 144 146 149 150 150 152 155 156 156 158 161 162 162 164 167 168 168 170 172 174 174 176 179 180 180 180 182 185 186 188 188 190 192 194 194 196 199 200 200 202 204 206 206 208 211 212 212 214 216 218 218 220 222 224 226 228 228 230 232 234 234 236 238 240 240 242 244 246 246 248 250 252 252 254 257 258 258 260 263 264 264 266 269 270 272 272 274 276 278 278 280 283 284 284 286 289 290 290 292 294 296 296 298 300 302 302 302 304 306 309 310 310 312 315 316 316 318 321 322 322 324 327 328 328 330 332 334 334 336 338 340 340 342 345 346 346 348 350 352 352 354 356 358 358 360 362 364 364 366 368 370 370 372 374 376 376 378 380 382 382 384 387 388 388 388 390 393 394 396 396 398 400 402 402 404 406 408 408 408 410 413 414 416 416 418 421 422 422 424 427 428 428 430 432 434 434 436 438 440 440 442 444 444 446 449 450 450 452 454 456 456 458 460 462 462 464 466 468 468 470 472 474 474 476 479 480 480 482 485 486 486 488 491 492 492 494 496 498 498 500 503 504 504 506 509 510 510 512 515 516 516 518 520 522 522 524 527 528 528 528 530 530 533 534 536 538 540 540 542 544 546 546 548 551 552 552 552 554 556 558 560 560 562 565 566 566 568 570 572 572 574 576 578 578 580 582 584 584 586 589 590 590 592 594 596 596 598 601 602 602 604 606 608 608 610 612 614 614 616 616 618 620 622 622 624 627 628 628 630 632 634 634 636 638 640 640 642 644 646 646 648 650 652 652 654 656 658 661 661 662 665 667 667 668 668 670 673 675 675 676 679 681 683 683 685 686 689 689 691 693 695 695 697 698 701 704 705 706
2 4 6 6 8 11 14 15 15 16
3 5 7 7 9 10 13 13 15 17 19 19 21 22 25 25 27 29 31 31 33 35 35 37 39 39 41 42 45 45 47 48 51 51 53 55 57 57 59 61 61 63 64 67 67 69 69 71 72 75 75 77 77 78 81 81 83 85 87 87 89 91 91 92 95 95 97 99 99 101 102 105 105 105 107 109 111 113 113 115 117 117 119 121 121 123 124 127 127 128 131 131 133 134 137 137 139 141 141 143 144 147 147 149 152 153 153 154
3 4 7 7 9 10 13 13 15 16 19 19 21 22 25 25 26 29 29 31 33 35 35 37 38 41 41 43 43 45 46 49 49 51 52 55 55 57 59 59 60 63 63 65 66 69 69 71 73 73 75 75 77 79 80 83 83 85 86 89 89 91 93 93 95 96 99 99 101 102 105 105 107 108 111 111 113 115 115 117 118 121 121 123 123 125 125 127 127 129 131 131 133 135 137 137 139 140 143 143 145 146 150 151 151 152
3 5 7 7 9 11 13 13 15 16 19 19 21 22 25 25 27 28 31 31 33 35 37 37 39 40 43 43 45 46 49 49 51 53 55 55 57 59 59 61 63 65 67 67 67 67 69 71 73 73 73 75 77 78 81 83 83 85 85 87 89 91 91 93 95 97 97 99 101 103 103 105 107 109 109 111 112 115 115 117 119 121 121 123 124 127 127 129 131 131 132 135 135 137 137 139 141 143 143 145 147 149 149 151 152 155 155 157 159 159 161 163 165 165 167 169 169 171 173 175 175 177 179 181 181 183 185 187 187 189 191 193 193 195 196 199 199 201 202 205 205 207 209 209 211 212 215 215 217 219 220 223 223 223 223 225 227 229 229 231 233 233 235 235 237 239 241 241 243 245 247 247 249 250 253 253 255 257 259 259 261 263 263 265 267 269 269 269 271 273 273 275 277 277 279 280 283 283 285 286 289 289 291 293 295 295 296 299 299 301 301 303 303 305 305 307 307 309 309 311 311 313 313 315 316 319 319 321 322 325 325 327 328 331 331 333 334 337 337 339 340 343 343 345 346 349 349 351 352 355 355 357 359 361 361 362 365 365 367 367 369 369 371 373 375 375 377 378 382 383 383 384
2 4 8 9 9 10
2 4 8 9 9 10
2 5 6 6 8 11 12 12 14 16 18 18 20 23 24 24 27 28 28 30 33 34 34 36 39 40 40 42 45 46 46 48 51 52 52 54 57 58 58 60 62 64 64 66 68 70 70 72 75 76 76 78 81 82 82 84 87 88 88 90 92 94 94 96 99 100 100 102 105 106 106 108 110 112 112 114 117 118 118 120 123 124 124 126 129 130 130 132 135 136 136 138 141 142 142 144 147 148 148 150 153 154 154 156 159 160 160 162 164 166 168 170 172 174 176 178 180 183 185 187 189 191 191 191 191 193 194 196 199 199 200 200 200 200 200 200 200 200 200 200 200 200 200 200 200 200 200 202 205 208 209 209 210
2 5 7 7 8 11 13 13 15 17 19 19 20 23 25 25 27 29 31 31 32 35 37 37 38 41 43 43 45 47 49 49 51 53 53 54 57 59 59 60 63 65 65 65 66 69 71 73 73 75 77 79 79 81 83 85 85 86 89 91 91 93 95 95 97 99 101 101 102 105 107 107 109 111 111 112 115 117 117 117 117 119 121 123 125 125 127 129 131 131 132 135 137 137 138 141 143 143 144 147 147 148 151 153 153 154 157 159 159 160 163 165 165 167 169 169 170 173 176 177 177 178
3 5 5 7 8 12 13 13 14
2 2 4 4 6 8 8 10 12 12 14 16 16 18 20 20 22 24 24 26 28 28 31 32 34 34 37 38 40 40 43 44 46 46 48 50 52 52 54 56 56 58 60 60 62 62 65 66 68 68 71 72 74 74 77 78 80 80 82 84 84 86 88 88 90 92 94 94 97 98 102 103 103 104
2 2 5 6 6 8 10 10 10 10 13 14 16 16 18 20 20 22 24 26 26 29 30 32 32 34 36 38 38 41 42 44 44 47 48 50 50 52 54 54 57 58 60 60 63 64 66 66 68 70 70 72 74 76 76 79 80 82 82 84 86 88 88 91 92 94 94 97 98 100 100 103 104 106 106 108 110 112 112 115 116 118 118 120 122 124 124 126 128 130 130 133 134 136 136 139 140 142 142 144 146 146 149 150 152 152 155 156 158 158 161 162 164 164 167 168 170 170 173 174 176 176 179 180 182 182 184 186 188 188 191 192 192 194 196 198 198 201 202 206 207 207 208
2 5 7 7 8 11 13 13 14 17 19 19 21 23 25 25 26 29 29 31 33 33 34 37 39 39 40 43 45 45 46 49 51 51 53 55 57 57 58 61 63 63 65 67 69 69 71 73 73 75 77 77 78 81 83 83 84 87 89 89 90 93 95 95 96 99 101 101 102 105 107 107 109 111 113 113 115 117 119 119 121 123 125 125 127 129 131 131 132 135 137 137 138 141 143 143 144 147 149 149 150 153 155 155 157 159 161 161 163 165 165 166 169 171 171 172 175 177 177 178 181 183 183 184 187 189 189 190 193 195 195 197 199 201 201 202 205 207 207 208 211 213 213 214 217 219 219 220 223 225 225 227 229 231 231 233 235 237 237 238 241 243 243 245 247 249 249 250 253 255 255 257 259 261 261 263 265 267 267 268 271 273 273 274 277 279 279 281 283 285 285 287 289 292 293 293 294
2 4 7 8 8 10 13 14 14 16 19 20 20 22 25 26 26 28 31 32 32 34 36 38 38 40 43 44 44 46 49 50 50 52 55 56 56 58 61 62 62 64 67 68 68 70 73 74 74 76 79 80 80 82 85 86 86 88 91 92 92 94 97 98 98 100 103 104 104 106 109 110 110 112 115 116 116 118 120 120 122 125 126 126 128 131 132 132 134 137 138 138 140 143 144 144 146 149 150 150 152 155 156 156 158 161 162 162 164 167 168 168 170 173 174 174 176 179 180 180 182 185 186 186 188 191 192 192 194 197 198 198 200 203 204 204 206 209 210 210 212 215 216 216 218 221 222 222 224 227 228 228 230 233 234 234 236 239 240 240 242 245 246 246 248 251 252 252 254 257 258 258 260 263 264 264 266 269 270 270 272 275 276 276 278 281 282 282 284 287 288 288 290 293 294 294 296 299 300 300 302 305 306 306 308 311 312 312 315 316 316 318 321 322 322 324 326 328 331 331 332 332 334 337 338 338 340 342 342 344 347 348 348 350 353 354 354 356 359 360 360 362 365 366 366 368 371 372 372 374 377 378 378 380 383 384 384 386 389 390 390 392 395 396 396 398 401 402 402 404 407 408 408 410 413 414 414 416 419 420 420 422 425 426 426 428 431 432 432 434 437 438 438 440 443 444 444 446 449 450 450 454 455 456

2 4 6 8 8 10 12 14 14 16 18 20 20 22 24 26 26 28 30 32 32 34 36 38 38 40 42 44 44 46 48 50 50 52 54 56 56 58 60 62 62 64 66 68 68 70 72 74 74 76 78 80 80 82 84 86 86 90 91 92
2 5 6 8 8 11 12 14 14 17 18 20 20 23 24 26 26 29 30 32 32 35 36 38 38 41 42 44 44 47 48 50 50 53 54 56 56 59 60 62 62 65 66 68 68 71 72 74 74 74 77 78 80 80 83 84 86 86 89 90 92 92 95 96 98 98 101 102 104 104 107 108 110 110 113 114 116 116 119 120 122 122 125 126 128 128 130 133 134 136 136 139 140 142 142 145 146 148 148 150 152 154 154 156 158 160 160 163 164 166 166 168 170 172 172 174 176 179 179 180 182 182 185 186 188 188 190 192 194 194 196 198 200 200 202 204 206 206 208 210 212 212 214 216 219 219 220 222 222 224 226 228 228 230 232 234 234 236 238 240 240 242 244 246 246 248 250 252 254 254 256 256 259 260 262 262 265 266 268 268 270 272 274 274 277 278 280 280 283 284 286 286 289 290 292 292 295 296 298 298 301 302 304 304 307 308 310 310 313 314 316 316 319 320 322 322 325 326 328 328 331 332 334 334 337 338 340 340 343 344 346 346 349 350 352 352 355 356 358 358 361 362 364 364 367 368 370 370 373 374 376 376 379 380 382 382 385 386 388 388 391 392 394 394 397 398 400 400 403 404 406 406 409 410 412 412 415 416 418 418 421 422 424 424 427 428 430 430 433 434 436 436 439 440 442 442 446 447 448

2 5 6 8 8 11 12 14 14 17 18 20 20 23 24 26 26 29 30 32 32 35 36 38 38 41 42 44 44 47 48 50 50 53 54 56 56 59 60 62 62 65 66 68 68 71 72 74 74 74 77 78 80 80 83 84 86 86 89 90 92 92 95 96 98 98 101 102 104 104 107 108 110 110 113 114 116 116 119 120 122 122 125 126 128 128 130 133 134 136 136 139 140 142 142 145 146 148 148 150 152 154 154 156 158 160 160 163 164 166 166 168 170 172 172 174 176 179 179 180 182 182 185 186 188 188 190 192 194 194 196 198 200 200 202 204 206 206 208 210 212 212 214 216 219 219 220 222 222 224 226 228 228 230 232 234 234 236 238 240 240 242 244 246 246 248 250 252 254 254 256 256 259 260 262 262 265 266 268 268 270 272 274 274 277 278 280 280 283 284 286 286 289 290 292 292 295 296 298 298 301 302 304 304 307 308 310 310 313 314 316 316 319 320 322 322 325 326 328 328 331 332 334 334 337 338 340 340 343 344 346 346 349 350 352 352 355 356 358 358 361 362 364 364 367 368 370 370 373 374 376 376 379 380 382 382 385 386 388 388 391 392 394 394 397 398 400 400 403 404 406 406 409 410 412 412 415 416 418 418 421 422 424 424 427 428 430 430 433 434 436 436 439 440 442 442 446 447 448


2 4 6 8 8 10 12 14 14 16 18 20 20 22 24 26 26 28 30 32 32 34 36 38 38 40 42 44 44 46 48 50 50 52 54 56 56 58 60 62 62 64 66 68 68 70 72 74 74 76 78 80 80 82 84 86 86 90 91 92
2 4 6 8 8 10 12 14 14 16 18 20 20 22 24 26 26 28 30 32 32 34 36 38 38 40 42 44 44 46 48 50 50 52 54 56 56 58 60 62 62 64 66 68 68 70 72 74 74 76 78 80 80 82 84 86 86 90 91 92
2 4 6 8 8 10 12 14 14 16 18 20 20 22 24 26 26 28 30 32 32 34 36 38 38 40 42 44 44 46 48 50 50 52 54 56 56 58 60 62 62 64 66 68 68 70 72 74 74 76 78 80 80 82 84 86 86 90 91 92



3 3 5 6 9 9 11 12 15 15 17 18 21 21 23 24 27 27 29 30 33 33 35 37 39 39 41 42 45 45 47 48 51 51 53 54 57 57 59 60 63 63 65 66 69 69 71 72 75 75 77 78 81 81 83 84 87 87 89 90 93 93 95 96 99 99 101 102 105 105 107 108 111 111 113 114 117 117 119 121 121 123 124 127 127 129 130 133 133 135 136 139 139 141 142 145 145 147 148 151 151 153 154 157 157 159 160 163 163 165 166 169 169 171 172 175 175 177 178 181 181 183 184 187 187 189 190 193 193 195 196 199 199 201 202 205 205 207 208 211 211 213 214 217 217 219 220 223 223 225 226 229 229 231 232 235 235 237 238 241 241 243 244 247 247 249 250 253 253 255 256 259 259 261 262 265 265 267 268 271 271 273 274 277 277 279 280 283 283 285 286 289 289 291 292 295 295 297 298 301 301 303 304 307 307 309 310 310 313 314 317 317 319 320 323 323 325 325 327 329 330 333 333 335 336 339 339 341 343 343 345 346 349 349 351 352 355 355 357 358 361 361 363 364 367 367 369 370 373 373 375 376 379 379 381 382 385 385 387 388 391 391 393 394 397 397 399 400 403 403 405 406 409 409 411 412 415 415 417 418 421 421 423 424 427 427 429 430 433 433 435 436 439 439 441 442 445 445 447 448 451 454 455 456
3 3 4 7 9 9 10 13 15 15 16 19 21 21 22 25 27 27 28 31 33 33 34 37 39 39 40 43 45 45 46 49 51 51 52 55 57 57 58 61 63 63 64 67 69 69 69 70 73 75 75 76 79 81 81 82 85 87 87 88 91 93 93 94 97 99 99 100 103 105 105 106 109 111 111 112 115 117 117 118 121 123 123 124 127 129 131 131 132 135 137 137 138 141 143 143 144 147 149 149 151 153 155 155 157 159 161 161 162 165 167 167 169 171 173 173 175 177 177 178 181 183 183 184 187 189 189 191 193 195 195 197 199 201 201 203 205 207 207 209 211 213 213 215 217 217 218 221 223 223 225 227 229 229 231 233 235 235 237 239 241 241 243 245 247 247 249 251 251 253 255 257 257 258 261 263 263 264 267 269 269 271 273 275 275 276 279 281 281 282 285 287 287 288 291 293 293 294 297 299 299 300 303 305 305 306 309 311 311 312 315 317 317 318 321 323 323 324 327 329 329 330 333 335 335 336 339 341 341 342 345 347 347 348 351 353 353 354 357 359 359 360 363 365 365 366 369 371 371 372 375 377 377 378 381 383 383 384 387 389 389 390 393 395 395 396 399 401 401 402 405 407 407 408 411 413 413 414 417 419 419 420 423 425 425 426 429 431 431 432 435 437 437 438 441 443 446 447 448
3 3 5 7 9 9 11 13 15 15 17 19 21 21 23 25 27 27 29 31 33 33 35 37 39 39 41 43 45 45 47 49 51 51 53 55 57 57 59 61 63 63 65 67 69 69 71 73 75 75 77 79 81 81 83 85 87 90 91 92

3 3 4 7 9 9 10 13 15 15 16 19 21 21 22 25 27 27 28 31 33 33 34 37 39 39 40 43 45 45 46 49 51 51 52 55 57 57 58 61 63 63 64 67 69 69 69 70 73 75 75 76 79 81 81 82 85 87 87 88 91 93 93 94 97 99 99 100 103 105 105 106 109 111 111 112 115 117 117 118 121 123 123 124 127 129 131 131 132 135 137 137 138 141 143 143 144 147 149 149 151 153 155 155 157 159 161 161 162 165 167 167 169 171 173 173 175 177 177 178 181 183 183 184 187 189 189 191 193 195 195 197 199 201 201 203 205 207 207 209 211 213 213 215 217 217 218 221 223 223 225 227 229 229 231 233 235 235 237 239 241 241 243 245 247 247 249 251 251 253 255 257 257 258 261 263 263 264 267 269 269 271 273 275 275 276 279 281 281 282 285 287 287 288 291 293 293 294 297 299 299 300 303 305 305 306 309 311 311 312 315 317 317 318 321 323 323 324 327 329 329 330 333 335 335 336 339 341 341 342 345 347 347 348 351 353 353 354 357 359 359 360 363 365 365 366 369 371 371 372 375 377 377 378 381 383 383 384 387 389 389 390 393 395 395 396 399 401 401 402 405 407 407 408 411 413 413 414 417 419 419 420 423 425 425 426 429 431 431 432 435 437 437 438 441 443 446 447 448
3 3 5 7 9 9 11 13 15 15 17 19 21 21 23 25 27 27 29 31 33 33 35 37 39 39 41 43 45 45 47 49 51 51 53 55 57 57 59 61 63 63 65 67 69 69 71 73 75 75 77 79 81 81 83 85 87 90 91 92
2 2 4 7 8 8 10 13 14 14 16 19 20 20 22 25 26 26 28 31 32 32 34 37 38 38 40 43 44 44 46 49 50 50 52 55 56 56 58 61 62 62 64 67 68 68 70 73 74 74 76 79 80 80 82 85 86 86 88 91 92 92 94 97 98 98 100 103 104 104 106 109 110 110 112 115 116 116 118 121 122 122 124 127 128 128 130 133 134 134 136 139 140 140 142 145 146 146 148 151 152 152 154 156 156 158 161 162 162 164 167 168 168 170 173 174 174 176 179 180 180 182 185 186 186 188 191 192 192 194 197 198 198 200 203 204 204 206 209 210 210 212 215 216 216 218 221 222 222 224 227 228 228 230 233 234 234 236 239 240 240 242 245 246 246 248 251 252 252 254 257 258 258 260 263 264 264 266 269 270 270 272 275 276 276 278 281 282 282 284 287 288 288 290 293 294 294 296 299 300 300 302 305 306 306 308 311 312 312 314 317 318 318 320 323 324 324 326 329 330 330 332 335 336 336 338 341 342 342 344 347 348 348 350 353 354 354 356 359 360 360 362 365 366 366 368 371 372 372 374 377 378 378 380 382 382 384 387 388 388 390 393 394 394 396 399 400 400 402 405 406 406 408 411 412 412 414 417 418 418 420 423 424 424 426 429 430 430 432 435 436 436 438 441 442 442 444 447 448 448 450 453 454 454 456 459 460 460 462 465 466 466 468 471 472 472 474 477 478 478 480 483 484 484 486 489 490 490 492 495 496 496 498 500 500 502 505 506 506 508 511 512 512 514 517 518 518 520 523 524 524 526 529 530 530 532 535 536 536 538 541 542 542 544 547 548 548 550 553 554 554 556 559 560 560 562 565 566 566 568 571 572 572 574 577 578 578 580 583 584 584 586 589 590 590 592 595 596 596 598 601 602 602 604 607 608 608 610 613 614 614 616 619 620 620 622 625 626 626 628 631 632 632 634 637 638 638 640 643 644 644 646 649 650 650 652 655 656 656 659 660 660 662 665 666 666 668 671 672 672 674 677 678 678 680 683 684 684 686 689 690 690 692 695 696 696 698 701 702 702 704 707 708 708 710 713 714 714 716 719 720 720 722 725 726 726 728 731 732 732 734 737 738 738 740 743 744 744 746 749 750 750 752 755 756 756 758 761 762 762 764 767 768 768 770 773 774 774 776 779 780 780 782 785 786 786 788 791 792 792 795 796 796 798 801 802 802 804 807 808 808 810 813 814 814 816 819 820 820 822 825 826 826 828 831 832 832 834 837 838 838 840 843 844 844 846 849 850 850 852 855 856 856 858 861 862 862 864 867 868 868 870 873 874 874 876 879 880 880 882 885 886 886 888 891 892 892 894 897 898 898 900 903 904 904 906 909 910 910 912 915 916 916 918 921 922 922 924 927 928 928 930 933 934 934 936 939 940 940 942 945 946 946 948 951 952 952 954 957 958 958 960 963 964 964 966 969 970 970 972 975 976 976 978 981 982 982 984 987 988 988 990 993 994 994 996 999 1000 1000 1002 1005 1006 1006 1008 1011 1012 1012 1014 1017 1018 1018 1020 1023 1024 1024 1026 1029 1030 1030 1032 1035 1036 1036 1038 1041 1042 1042 1044 1047 1048 1048 1050 1053 1054 1054 1056 1059 1060 1060 1062 1065 1066 1066 1068 1071 1072 1072 1074 1077 1078 1078 1080 1083 1084 1084 1086 1089 1090 1090 1092 1095 1096 1096 1098 1101 1102 1102 1104 1107 1108 1108 1110 1113 1114 1114 1116 1119 1120 1120 1122 1125 1126 1126 1128 1131 1132 1132 1134 1137 1138 1138 1140 1143 1144 1144 1146 1149 1150 1150 1152 1155 1156 1156 1158 1161 1162 1162 1164 1167 1168 1168 1170 1173 1174 1174 1176 1179 1180 1180 1182 1185 1186 1186 1188 1191 1192 1192 1194 1197 1198 1198 1200 1203 1204 1204 1206 1209 1210 1210 1212 1215 1216 1216 1218 1221 1222 1222 1224 1227 1228 1228 1230 1233 1234 1234 1236 1239 1240 1240 1242 1245 1246 1246 1248 1251 1252 1252 1254 1257 1258 1258 1260 1263 1264 1264 1266 1269 1270 1270 1272 1275 1276 1276 1279 1280 1280 1282 1285 1286 1286 1288 1291 1292 1292 1294 1297 1298 1298 1300 1303 1304 1304 1306 1309 1310 1310 1312 1315 1316 1316 1318 1321 1322 1322 1324 1327 1328 1328 1330 1333 1334 1334 1336 1339 1340 1340 1342 1345 1346 1346 1348 1351 1352 1352 1354 1357 1358 1358 1360 1363 1364 1364 1366 1369 1370 1370 1372 1375 1376 1376 1378 1381 1382 1382 1384 1387 1388 1388 1390 1393 1394 1394 1396 1399 1400 1400 1402 1405 1406 1406 1408 1411 1412 1412 1414 1417 1418 1418 1420 1423 1424 1424 1426 1429 1430 1430 1432 1435 1436 1436 1438 1441 1442 1442 1444 1447 1448 1448 1450 1453 1454 1454 1456 1459 1460 1460 1462 1465 1466 1466 1468 1471 1472 1472 1474 1477 1478 1478 1480 1483 1484 1484 1486 1489 1490 1490 1492 1495 1496 1496 1498 1501 1502 1502 1504 1507 1508 1508 1510 1513 1514 1514 1516 1519 1520 1520 1522 1525 1526 1526 1528 1531 1532 1532 1534 1537 1538 1538 1541 1542 1542 1544 1547 1548 1548 1550 1553 1554 1554 1556 1559 1560 1560 1562 1565 1566 1566 1568 1571 1572 1572 1574 1577 1578 1580 1580 1582 1585 1586 1586 1588 1591 1592 1592 1594 1596 1598 1598 1600 1603 1604 1604 1606 1609 1610 1610 1612 1612 1614 1616 1619 1620 1620 1622 1625 1626 1626 1628 1630 1630 1632 1635 1636 1636 1638 1641 1642 1642 1644 1647 1648 1648 1648 1650 1652 1655 1656 1656 1658 1658 1660 1662 1665 1666 1666 1668 1668 1670 1673 1674 1676 1676 1678 1681 1682 1682 1684 1687 1688 1688 1690 1693 1694 1694 1696 1698 1700 1700 1702 1702 1704 1706 1709 1710 1710 1712 1715 1716 1716 1718 1721 1722 1722 1724 1727 1728 1728 1730 1732 1734 1734 1736 1739 1740 1740 1742 1745 1746 1746 1748 1751 1752 1752 1754 1754 1756 1758 1761 1762 1762 1765 1766 1766 1768 1771 1772 1772 1774 1777 1778 1778 1780 1783 1784 1784 1786 1789 1790 1790 1792 1795 1796 1796 1798 1801 1802 1802 1804 1806 1808 1808 1810 1813 1814 1814 1816 1819 1820 1820 1822 1825 1826 1826 1828 1831 1832 1832 1834 1837 1838 1838 1840 1843 1844 1844 1846 1846 1848 1851 1852 1854 1854 1856 1859 1860 1860 1862 1864 1866 1866 1868 1870 1870 1872 1874 1874 1876 1879 1880 1880 1882 1882 1884 1886 1889 1890 1890 1892 1895 1896 1896 1898 1901 1902 1902 1904 1907 1908 1908 1910 1913 1914 1914 1916 1918 1920 1920 1922 1925 1926 1926 1928 1931 1932 1932 1934 1937 1938 1938 1940 1940 1942 1945 1946 1948 1948 1950 1953 1954 1954 1956 1959 1960 1960 1962 1964 1966 1966 1968 1971 1972 1972 1974 1976 1976 1978 1978 1980 1982 1985 1986 1986 1988 1991 1992 1992 1994 1994 1996 1999 2000 2000 2002 2002 2004 2007 2008 2010 2010 2012 2015 2016 2016 2018 2021 2022 2022 2024 2027 2028 2028 2030 2033 2034 2034 2036 2039 2040 2040 2042 2045 2046 2046 2048 2051 2052 2052 2054 2057 2058 2058 2060 2063 2064 2064 2066 2069 2070 2070 2072 2075 2076 2076 2078 2081 2082 2082 2085 2086 2086 2088 2091 2092 2092 2094 2097 2098 2098 2100 2103 2104 2104 2106 2109 2110 2110 2112 2115 2116 2116 2118 2121 2122 2122 2124 2127 2128 2128 2130 2133 2134 2134 2136 2139 2140 2140 2142 2145 2146 2146 2148 2151 2152 2152 2154 2157 2158 2158 2158 2160 2162 2164 2167 2168 2168 2170 2173 2174 2174 2176 2179 2180 2180 2182 2182 2184 2187 2188 2190 2190 2192 2195 2196 2196 2198 2201 2202 2202 2204 2207 2208 2208 2210 2213 2214 2214 2216 2216 2218 2221 2222 2224 2224 2226 2229 2230 2230 2232 2234 2236 2236 2238 2238 2240 2243 2244 2246 2246 2246 2248 2250 2252 2255 2256 2256 2258 2258 2260 2263 2264 2264 2266 2269 2270 2270 2272 2275 2276 2276 2278 2281 2282 2282 2284 2287 2288 2288 2290 2293 2294 2294 2296 2299 2300 2300 2302 2305 2306 2306 2308 2310 2312 2312 2314 2317 2318 2318 2320 2323 2324 2324 2326 2329 2330 2332 2332 2334 2337 2338 2338 2340 2343 2344 2344 2346 2349 2350 2350 2352 2355 2356 2356 2358 2361 2362 2362 2364 2367 2368 2368 2370 2373 2374 2374 2376 2379 2380 2380 2382 2385 2386 2386 2388 2391 2392 2392 2394 2397 2398 2398 2400 2403 2404 2404 2406 2409 2410 2410 2412 2415 2416 2416 2418 2421 2422 2422 2424 2427 2428 2428 2430 2432 2432 2434 2437 2438 2438 2440 2443 2444 2444 2446 2449 2450 2450 2452 2455 2456 2456 2458 2461 2462 2462 2464 2467 2468 2468 2470 2473 2474 2474 2476 2479 2480 2480 2482 2485 2486 2486 2489 2490 2490 2492 2495 2496 2496 2498 2501 2502 2502 2504 2507 2508 2508 2510 2513 2514 2514 2516 2519 2520 2520 2522 2525 2526 2526 2528 2531 2532 2532 2534 2537 2538 2538 2540 2543 2544 2544 2546 2549 2550 2550 2552 2555 2556 2556 2558 2561 2562 2562 2564 2567 2568 2568 2570 2573 2574 2574 2576 2579 2580 2580 2582 2585 2586 2586 2588 2591 2592 2592 2594 2597 2598 2598 2600 2603 2604 2604 2606 2609 2610 2610 2612 2614 2614 2616 2619 2620 2620 2622 2625 2626 2626 2628 2631 2632 2632 2634 2637 2638 2638 2640 2643 2644 2646 2646 2648 2651 2652 2654 2654 2656 2659 2660 2660 2662 2665 2666 2666 2668 2671 2672 2672 2674 2677 2678 2678 2680 2683 2684 2684 2686 2689 2690 2690 2692 2695 2696 2696 2698 2701 2702 2702 2704 2707 2708 2708 2710 2713 2714 2714 2716 2719 2720 2720 2722 2725 2726 2726 2728 2731 2732 2732 2734 2737 2738 2738 2740 2743 2744 2744 2746 2749 2750 2750 2752 2755 2756 2756 2758 2761 2762 2762 2764 2767 2768 2768 2770 2773 2774 2774 2776 2779 2780 2780 2782 2785 2786 2786 2788 2791 2792 2792 2794 2797 2798 2798 2800 2803 2804 2804 2806 2809 2810 2810 2812 2815 2816 2816 2818 2821 2822 2822 2824 2827 2828 2828 2830 2833 2834 2834 2836 2839 2840 2840 2842 2845 2846 2846 2848 2851 2852 2852 2854 2857 2858 2858 2860 2863 2864 2864 2866 2869 2870 2870 2872 2875 2876 2876 2878 2881 2882 2882 2884 2887 2888 2888 2890 2893 2894 2894 2896 2899 2900 2900 2902 2905 2906 2906 2908 2911 2912 2912 2914 2917 2918 2918 2920 2923 2924 2924 2926 2929 2930 2930 2932 2935 2936 2936 2938 2941 2942 2942 2944 2947 2948 2948 2950 2953 2954 2954 2956 2959 2960 2960 2962 2965 2966 2966 2968 2971 2972 2972 2975 2976 2976 2978 2981 2982 2982 2984 2987 2988 2988 2990 2993 2994 2994 2996 2999 3000 3000 3002 3005 3006 3006 3008 3011 3012 3012 3014 3017 3018 3018 3020 3023 3024 3024 3026 3029 3030 3030 3032 3035 3036 3036 3038 3041 3042 3042 3044 3047 3048 3048 3050 3053 3054 3054 3056 3059 3060 3060 3062 3065 3066 3066 3068 3071 3072 3072 3074 3077 3078 3078 3080 3083 3084 3084 3086 3089 3090 3090 3092 3095 3096 3096 3098 3101 3102 3102 3104 3107 3108 3108 3110 3113 3114 3114 3116 3119 3120 3120 3122 3125 3126 3126 3128 3131 3132 3136 3137 3138

2 2 4 6 8 8 10 12 14 14 16 18 20 20 22 24 24 26 28 30 30 32 34 36 36 38 40 42 42 44 46 46 48 50 52 52 54 56 56 58 60 62 62 64 66 68 68 70 72 74 74 76 78 80 80 82 84 86 86 88 90 92 92 94 96 98 98 100 102 104 104 106 108 110 110 112 114 116 116 118 120 122 122 124 126 128 128 130 132 134 134 136 138 140 140 142 144 146 146 148 150 152 152 154 156 158 158 160 162 164 164 166 168 170 170 172 174 176 176 178 180 182 182 184 186 188 188 190 192 192 194 196 198 198 200 202 204 204 206 208 210 210 212 214 216 216 218 220 222 222 224 226 228 228 230 232 234 234 236 238 240 240 242 244 246 246 248 250 252 252 254 256 258 258 260 262 264 264 266 268 270 270 272 274 276 276 278 280 282 282 284 286 288 288 290 290 292 294 296 298 298 300 302 304 304 306 308 310 310 312 314 316 316 318 320 322 322 324 326 328 328 330 332 334 334 336 338 340 340 342 344 346 346 348 350 352 352 354 356 358 358 360 362 364 364 366 368 370 370 372 374 376 376 378 380 382 382 384 386 388 388 390 392 394 394 396 398 400 400 402 404 406 406 408 410 412 412 414 416 418 418 420 422 424 424 426 428 430 430 432 432 434 436 438 438 440 442 444 444 446 448 450 450 452 454 456 456 458 460 462 462 464 466 468 468 470 472 474 474 476 478 480 480 482 484 486 486 488 490 492 494 494 496 498 500 500 502 504 506 506 508 510 512 512 514 516 518 518 520 522 524 524 526 528 530 530 532 534 536 536 538 540 542 542 544 544 546 548 550 552 552 554 556 558 558 560 562 564 564 566 568 570 570 572 574 576 576 578 580 582 582 584 586 588 588 590 592 594 594 596 598 600 600 602 604 606 606 608 610 612 612 614 616 618 620 620 622 624 626 626 628 630 632 632 634 636 638 638 640 642 644 644 646 648 650 650 652 654 656 656 658 660 662 662 664 666 668 668 670 672 674 674 676 678 680 680 682 684 686 686 688 690 692 692 694 696 698 698 700 702 704 704 706 708 710 710 712 715 716 716 718 720 722 722 724 726 728 730 730 732 734 736 736 738 740 742 742 744 746 748 748 750 752 754 754 756 758 760 760 762 764 766 766 768 770 772 772 774 776 778 778 780 782 784 784 786 788 790 790 792 794 796 796 798 800 802 802 804 806 808 808 810 812 814 814 816 818 820 820 822 824 826 826 828 830 832 832 834 836 838 838 840 842 844 844 846 848 850 850 852 854 856 856 858 860 862 862 864 866 868 868 870 872 872 874 876 878 878 880 882 884 884 886 888 890 890 892 894 896 896 898 900 902 902 904 906 908 908 910 912 914 914 916 918 920 920 922 924 926 926 928 930 932 932 934 936 938 938 940 942 944 944 946 948 950 950 952 954 956 956 958 960 962 962 964 966 968 968 970 972 974 974 976 978 980 980 982 984 986 986 988 990 992 992 994 996 998 998 1000 1002 1004 1004 1006 1008 1010 1010 1012 1014 1016 1016 1018 1020 1022 1022 1024 1026 1028 1028 1030 1032 1034 1034 1036 1038 1040 1040 1042 1044 1046 1046 1048 1050 1052 1052 1054 1056 1058 1058 1060 1062 1064 1064 1066 1068 1070 1070 1072 1074 1076 1076 1078 1080 1082 1082 1084 1086 1088 1088 1090 1092 1094 1094 1096 1098 1100 1100 1102 1104 1106 1106 1108 1110 1112 1112 1114 1116 1118 1118 1120 1122 1124 1124 1126 1128 1130 1130 1132 1134 1136 1136 1138 1140 1142 1142 1144 1146 1148 1148 1150 1152 1154 1154 1156 1158 1160 1160 1162 1164 1166 1166 1168 1170 1172 1172 1174 1176 1178 1178 1180 1182 1184 1184 1186 1188 1190 1190 1192 1194 1196 1196 1198 1200 1202 1202 1204 1206 1208 1208 1210 1212 1214 1214 1216 1218 1220 1220 1222 1224 1226 1226 1228 1230 1232 1232 1234 1236 1238 1238 1240 1242 1244 1246 1248 1250 1252 1252 1254 1256 1258 1258 1260 1262 1264 1264 1266 1268 1270 1270 1272 1274 1276 1276 1278 1280 1282 1282 1284 1286 1288 1288 1290 1292 1294 1296 1296 1298 1300 1302 1302 1304 1306 1308 1308 1310 1312 1314 1314 1316 1318 1320 1320 1322 1324 1326 1326 1328 1330 1332 1334 1336 1338 1340 1342 1344 1344 1346 1348 1350 1352 1354 1356 1358 1360 1362 1362 1364 1366 1368 1368 1370 1372 1374 1374 1376 1378 1380 1382 1384 1384 1386 1388 1388 1390 1392 1394 1396 1398 1400 1402 1402 1404 1406 1408 1408 1410 1412 1414 1414 1416 1418 1420 1420 1422 1424 1426 1426 1428 1430 1432 1434 1434 1436 1438 1440 1440 1442 1444 1446 1446 1448 1450 1452 1452 1454 1456 1458 1458 1460 1462 1464 1464 1466 1468 1470 1472 1474 1476 1478 1478 1480 1482 1484 1484 1486 1488 1490 1490 1492 1494 1496 1500 1501 1502

2 2 4 6 8 8 10 12 14 14 16 18 20 20 22 24 26 26 28 30 32 32 34 36 38 38 40 42 44 44 46 48 50 50 52 54 56 56 58 60 62 62 64 66 68 68 70 72 74 74 76 78 80 80 82 84 86 86 88 90 90 92 94 96 96 98 100 102 102 104 106 108 108 110 112 114 114 116 116 118 120 122 124 124 126 128 130 130 132 134 136 136 138 140 142 142 144 146 148 148 150 152 154 154 156 158 160 160 162 164 166 166 168 170 172 172 174 176 178 178 180 182 184 184 186 188 190 190 192 194 196 196 198 200 202 202 204 204 206 208 210 212 212 214 216 218 218 220 222 224 224 226 228 230 230 232 234 236 236 238 240 242 242 244 244 246 248 250 252 252 254 256 258 258 260 262 262 264 266 268 268 270 272 274 274 276 276 278 280 282 284 284 286 288 290 290 292 294 296 296 298 300 302 302 304 306 308 308 310 312 314 314 316 318 318 320 322 324 324 326 328 328 330 332 334 334 336 338 340 340 342 344 346 346 348 350 352 352 354 356 358 358 360 362 364 364 366 368 370 370 372 374 376 376 378 380 382 382 384 386 388 388 390 392 394 394 396 398 400 400 402 404 406 406 408 410 412 412 414 416 418 418 420 422 424 424 426 428 430 430 432 434 436 436 438 440 442 442 444 446 448 448 450 452 454 454 456 458 460 460 462 464 464 466 468 470 470 472 474 476 476 478 480 480 482 484 486 486 488 490 492 492 494 496 498 498 500 502 504 504 506 508 510 510 512 514 516 516 518 520 522 522 524 526 528 528 530 532 534 534 536 538 540 540 542 544 546 546 548 550 552 552 554 556 558 558 560 562 564 564 566 568 570 570 572 574 576 576 578 580 582 582 584 586 588 592 593 594
3 3 5 7 9 9 11 13 15 15 17 19 21 21 23 25 27 27 29 31 33 33 35 37 39 39 41 43 45 45 47 49 51 51 53 55 57 57 59 61 63 63 65 67 69 69 71 73 75 75 77 79 81 81 83 85 87 87 89 91 93 93 95 97 99 99 101 103 105 105 107 109 111 111 113 115 117 117 119 121 123 123 125 127 127 129 131 133 133 135 137 139 139 141 143 145 145 147 149 151 151 153 155 157 157 159 161 163 163 165 167 169 169 171 173 175 175 177 179 179 181 183 185 185 187 189 191 191 193 195 197 197 199 201 203 203 205 207 209 209 211 213 215 215 217 219 221 221 223 225 227 227 229 231 233 233 235 237 239 239 241 243 245 245 247 249 251 251 253 255 257 257 259 261 263 263 265 267 269 269 271 273 275 275 277 279 281 281 283 285 287 287 289 291 293 293 295 297 299 299 301 303 305 305 307 309 311 311 313 315 317 317 319 321 323 323 325 327 329 329 331 333 335 335 337 339 341 341 343 345 347 347 349 351 351 353 355 357 357 359 361 363 363 365 367 369 369 371 373 375 375 377 379 381 381 383 385 387 387 389 391 393 393 395 397 399 399 401 403 405 405 407 409 411 411 413 415 417 417 419 421 423 423 425 427 429 429 431 433 435 435 437 439 441 441 443 445 447 447 449 451 453 453 455 457 459 459 461 463 465 467 467 469 471 473 475 477 477 479 481 483 483 485 487 489 489 491 493 495 495 497 499 501 503 505 505 507 509 511 511 513 515 517 517 519 521 523 525 527 529 531 531 533 535 537 537 539 541 543 545 547 547 549 551 553 555 557 559 561 563 565 565 567 569 571 571 573 575 577 577 579 581 583 585 587 587 589 591 593 595 597 597 599 601 603 603 605 607 609 611 613 613 615 617 619 619 621 623 625 625 627 629 631 631 633 635 637 637 639 641 643 645 647 647 649 651 653 655 655 657 659 661 661 663 665 667 667 669 671 673 673 675 677 679 679 681 683 685 685 687 689 691 693 695 697 699 699 701 703 705 705 707 709 711 713 713 715 717 717 719 721 723 723 725 727 729 731 731 733 735 737 739 741 743 745 747 749 749 751 753 755 757 759 759 761 763 765 767 769 771 773 775 777 779 781 781 783 785 787 787 789 791 793 795 797 797 799 801 803 805 807 809 811 811 813 815 817 819 821 821 823 825 827 829 831 833 835 837 839 841 843 845 847 849 851 853 855 855 857 859 861 863 865 867 870 871 872
3 3 5 7 9 9 11 13 15 15 17 19 21 21 23 25 27 27 29 31 33 33 35 37 39 39 41 43 45 45 47 49 51 51 53 55 57 57 59 61 63 63 65 67 69 69 71 73 75 75 77 79 81 81 83 85 87 87 89 91 93 93 95 97 99 99 101 103 105 105 107 109 111 111 113 115 117 117 119 121 123 123 125 127 127 129 131 133 133 135 137 139 139 141 143 145 145 147 149 151 151 153 155 157 157 159 161 163 163 165 167 169 169 171 173 175 175 177 179 179 181 183 185 185 187 189 191 191 193 195 197 197 199 201 203 203 205 207 209 209 211 213 215 215 217 219 221 221 223 225 227 227 229 231 233 233 235 237 239 239 241 243 245 245 247 249 251 251 253 255 257 257 259 261 263 263 265 267 269 269 271 273 275 275 277 279 281 281 283 285 287 287 289 291 293 293 295 297 299 299 301 303 305 305 307 309 311 311 313 315 317 317 319 321 323 323 325 327 329 329 331 333 335 335 337 339 341 341 343 345 347 347 349 351 351 353 355 357 357 359 361 363 363 365 367 369 369 371 373 375 375 377 379 381 381 383 385 387 387 389 391 393 393 395 397 399 399 401 403 405 405 407 409 411 411 413 415 417 417 419 421 423 423 425 427 429 429 431 433 435 435 437 439 441 441 443 445 447 447 449 451 453 453 455 457 459 459 461 463 465 467 467 469 471 473 475 477 477 479 481 483 483 485 487 489 489 491 493 495 495 497 499 501 503 505 505 507 509 511 511 513 515 517 517 519 521 523 525 527 529 531 531 533 535 537 537 539 541 543 545 547 547 549 551 553 555 557 559 561 563 565 565 567 569 571 571 573 575 577 577 579 581 583 585 587 587 589 591 593 595 597 597 599 601 603 603 605 607 609 611 613 613 615 617 619 619 621 623 625 625 627 629 631 631 633 635 637 637 639 641 643 645 647 647 649 651 653 655 655 657 659 661 661 663 665 667 667 669 671 673 673 675 677 679 679 681 683 685 685 687 689 691 693 695 697 699 699 701 703 705 705 707 709 711 713 713 715 717 717 719 721 723 723 725 727 729 731 731 733 735 737 739 741 743 745 747 749 749 751 753 755 757 759 759 761 763 765 767 769 771 773 775 777 779 781 781 783 785 787 787 789 791 793 795 797 797 799 801 803 805 807 809 811 811 813 815 817 819 821 821 823 825 827 829 831 833 835 837 839 841 843 845 847 849 851 853 855 855 857 859 861 863 865 867 870 871 872
3 3 5 7 9 9 11 13 15 15 17 19 21 21 23 25 27 27 29 31 33 33 35 37 39 39 41 43 45 45 47 49 51 51 53 55 57 57 59 61 63 63 65 67 69 69 71 73 75 75 77 79 81 81 83 85 87 90 91 92



2 4 6 8 10 10 12 14 16 18 20 20 22 24 24 26 28 30 30 32 34 34 36 38 40 40 42 44 46 46 48 50 52 54 56 58 58 60 62 62 64 66 68 70 72 72 74 76 78 80 82 82 84 86 88 90 90 92 94 96 98 100 102 104 106 108 108 110 112 114 116 118 120 120 122 126 127 128
2 4 6 6 8 10 12 12 14 16 18 18 20 23 24 24 26 28 28 30 33 34 34 36 38 40 40 42 44 46 46 48 50 54 55 55 56
3 5 5 7 7 9 9 11 11 13 13 15 15 17 17 19 19 21 21 23 23 25 25 27 29 31 31 32 35 35 37 38 41 41 43 45 47 47 49 50 53 53 55 56 59 59 61 62 65 65 67 68 71 71 73 74 76 79 79 79 81 82 86 87 87 88
2 5 6 6 8 10 12 12 14 16 18 18 20 23 24 24 26 29 30 30 32 35 36 36 38 40 42 42 44 47 48 48 50 53 54 54 56 58 60 60 62 64 66 66 68 70 72 72 72 74 76 78 80 80 82 84 86 86 88 90 92 92 94 96 98 98 100 102 104 104 106 108 110 110 112 114 114 116 119 120 120 122 124 126 126 128 130 132 132 134 136 138 138 140 142 144 144 146 148 150 150 152 154 156 156 158 158 160 163 164 166 166 168 170 174 175 175 176
3 5 5 7 8 11 11 13 13 15 15 17 17 19 19 21 21 23 25 26 29 29 29 31 32 35 35 37 39 41 41 43 45 47 47 49 51 51 53 54 57 57 59 60 63 63 65 66 70 71 71 72
2 5 6 6 8 10 12 12 14 16 18 18 20 22 24 24 26 28 30 30 32 35 36 36 38 40 42 42 44 47 48 48 50 52 54 54 56 58 60 60 62 64 66 66 68 71 72 72 74 76 76 78 81 82 82 84 86 88 88 90 93 94 94 96 98 100 100 102 104 106 106 108 110 114 115 115 116
2 4 4 6 8 10 10 12 14 16 16 18 20 20 22 25 26 26 28 30 32 32 34 37 38 38 40 43 44 44 46 49 50 50 52 55 56 56 58 60 62 62 64 66 68 68 70 73 74 74 76 79 80 80 82 85 86 86 88 90 92 92 94 97 98 98 100 102 104 104 106 108 110 110 112 114 116 116 118 120 124 125 125 126
3 3 5 7 9 9 11 13 13 15 17 19 19 21 23 25 25 27 29 31 31 33 35 35 37 39 41 41 43 45 47 47 49 51 53 53 55 57 59 59 61 63 65 65 67 69 71 71 73 75 75 77 79 81 81 83 85 85 87 89 91 91 93 95 97 97 99 101 101 103 105 107 109 109 111 113 115 115 117 119 119 121 123 125 125 127 129 131 131 133 133 135 137 139 139 141 143 143 145 147 149 150 150 152 155 156 156 158 160 162 162 165 166 168 168 171 172 172 175 176 178 178 181 182 184 184 187 188 190 190 193 194 196 196 199 200 202 202 204 206 206 209 210 210 213 214 216 216 219 220 222 222 224 224 227 228 230 230 233 234 236 236 239 240 242 242 244 244 247 248 250 250 253 254 256 256 259 260 262 262 265 266 268 268 271 272 274 274 277 278 280 280 283 283 285 287 289 289 291 293 293 295 297 299 299 301 303 305 305 307 309 311 311 313 313 315 317 319 319 321 323 323 325 327 329 329 331 333 335 335 337 339 341 341 343 345 347 347 349 351 353 353 355 355 357 358 358 358 361 363 364 364 366 368 370 370 373 374 376 376 379 380 382 382 385 386 388 388 391 392 394 394 397 398 398 401 402 404 404 407 408 410 410 413 414 416 416 419 420 420 423 423 425 427 429 430 430 433 433 435 437 437 439 441 442 442 445 445 447 448 450 450 453 454 456 456 458 460 462 462 465 466 468 468 471 472 474 474 477 478 480 480 483 484 486 486 489 490 490 493 494 496 496 499 500 502 502 505 506 508 508 511 512 512 515 516 518 518 521 522 522 524 526 528 528 531 532 534 534 537 538 538 541 542 544 544 547 548 548 551 551 553 553 555 557 559 559 561 563 565 565 567 569 571 571 573 575 577 577 579 581 581 583 585 587 587 589 591 593 594 594 597 598 600 600 602 604 604 607 608 608 611 612 614 614 617 618 620 620 623 624 626 626 629 630 632 632 635 635 637 638 640 642 642 645 646 646 649 650 652 652 654 656 656 659 660 660 663 664 666 666 669 670 670 672 672 675 676 678 678 680 682 682 684 686 686 689 690 690 692 694 696 696 699 700 702 702 705 706 708 708 711 712 714 714 716 716 719 720 722 722 725 726 728 728 731 732 734 734 734 737 739 739 741 743 744 744 747 748 750 750 753 754 756 756 759 760 762 762 765 766 768 768 771 772 772 775 775 777 779 781 781 783 785 787 788 788 790 792 794 794 796 798 798 801 802 804 804 807 808 810 810 813 814 816 816 819 820 820 823 824 826 826 829 830 830 832 832 835 836 836 839 840 842 842 845 846 848 850 850 852 854 856 856 859 859 861 863 863 865 867 867 869 871 873 873 875 877 879 879 881 883 884 884 887 888 890 890 893 894 896 896 899 900 902 902 905 906 908 908 910 912 914 914 916 918 920 920 920 922 925 926 928 928 930 932 934 934 936 938 940 940 943 944 946 946 949 950 952 952 955 956 958 958 961 962 964 964 967 968 970 970 973 974 976 976 979 980 982 982 985 986 988 988 991 992 994 994 997 998 1000 1000 1003 1004 1006 1006 1009 1010 1010 1013 1014 1016 1016 1019 1020 1022 1022 1025 1026 1028 1028 1031 1032 1032 1035 1036 1038 1038 1041 1042 1042 1045 1045 1047 1049 1050 1050 1053 1054 1056 1056 1058 1060 1060 1063 1064 1066 1066 1069 1070 1072 1072 1075 1076 1076 1079 1080 1082 1082 1085 1086 1088 1088 1091 1092 1094 1094 1097 1098 1100 1100 1103 1104 1106 1106 1109 1110 1112 1112 1114 1116 1118 1118 1121 1122 1124 1124 1127 1128 1130 1130 1133 1134 1136 1136 1139 1140 1142 1142 1144 1146 1148 1148 1151 1152 1154 1154 1156 1158 1160 1160 1162 1164 1166 1166 1168 1170 1172 1172 1174 1176 1178 1178 1180 1182 1184 1184 1186 1188 1190 1190 1192 1194 1198 1199 1200
2 4 6 6 8 11 12 12 14 17 18 18 20 23 24 24 26 29 30 30 32 35 36 36 38 41 42 42 44 47 48 48 50 53 54 54 54 57 58 60 60 62 65 66 66 68 71 74 75 75 76
2 4 6 6 8 10 12 12 14 14 17 18 18 20 22 24 24 26 29 30 30 32 35 36 36 38 40 42 42 44 46 48 48 50 53 54 54 56 59 60 60 62 64 66 66 68 70 72 72 74 76 78 78 78 78 81 82 84 86 86 88 90 92 92 94 97 98 98 100 102 104 104 106 108 110 110 112 114 116 116 118 120 122 122 124 127 128 128 130 132 134 134 136 138 140 140 142 145 148 149 149 150
2 4 6 6 8 10 12 12 14 16 18 18 20 20 23 24 27 28 28 30 32 34 34 37 37 39 41 43 43 45 45 47 48 51 51 53 54 57 57 59 60 63 63 65 66 69 69 71 73 73 75 76 79 79 81 83 85 86 86 88 88 90 90 92 92 94 97 98 98 100 103 104 104 106 109 110 110 112 115 116 116 118 121 122 122 124 127 128 128 130 130 133 134 136 138 138 140 143 144 144 146 149 150 150 152 155 156 158 158 160 162 164 164 166 169 170 170 172 175 175 176 178 180 180 182 184 186 186 188 191 192 192 194 196 198 198 200 202 204 204 206 209 210 210 212 214 216 216 218 220 222 222 224 227 228 228 230 232 234 234 236 238 240 240 242 242 245 246 246 248 250 252 252 254 256 258 258 261 261 262 262 265 265 267 269 271 271 273 275 277 277 279 280 283 283 285 287 289 289 291 293 295 295 297 298 301 301 303 304 304 307 308 311 311 313 315 317 317 319 320 323 323 325 326 329 329 331 333 335 335 337 338 341 341 343 344 347 347 349 350 353 353 355 356 359 359 361 362 365 365 367 369 371 371 373 375 377 377 379 380 383 383 385 386 389 389 391 393 395 395 395 396 399 399 400 400 402 404 406 406 408 410 412 412 414 416 416 418 420 422 422 424 426 428 428 430 432 434 437 439 439 441 442 444 444 447 448 448 450 452 454 454 456 458 458 460 462 464 464 467 468 470 470 473 474 476 476 478 480 480 483 484 486 486 489 490 492 492 495 496 498 498 501 502 504 504 507 508 510 510 513 514 516 518 518 520 523 523 524 526 528 528 528 531 532 535 535 537 537 538 541 543 545 545 547 548 551 551 551 553 554 557 557 559 560 563 563 565 566 569 569 571 572 575 575 577 579 581 581 583 584 587 587 589 591 593 593 595 596 599 599 601 602 605 605 607 609 611 611 613 613 614 617 618 621 621 623 625 627 627 629 630 633 633 635 637 639 639 641 641 642 645 647 649 649 651 652 655 655 657 659 661 661 663 663 664 667 669 671 671 673 674 677 677 679 681 683 683 685 686 689 689 691 692 695 695 697 697 698 701 703 705 705 707 708 711 711 713 714 717 717 719 721 723 723 725 726 729 729 731 732 735 735 737 737 738 741 743 745 745 747 748 751 751 753 754 757 757 759 760 763 763 765 765 766 769 771 773 773 775 776 779 779 781 782 785 785 787 788 791 791 793 794 797 797 797 798 801 802 802 804 807 808 808 810 813 814 814 816 819 820 820 822 825 826 826 828 831 832 832 834 837 838 838 840 843 844 844 846 849 850 850 852 855 856 856 858 861 862 862 862 864 867 869 870 870 872 875 876 876 878 881 882 882 884 887 888 888 890 893 894 894 896 899 900 900 902 905 906 906 908 911 912 912 914 917 918 918 920 923 924 924 926 929 930 930 932 935 936 936 938 941 942 942 944 947 948 948 950 953 954 954 954 956 959 961 962 962 964 967 968 968 970 973 974 977 977 978 978 980 982 982 984 986 990 991 991 992
