0 95 190 191 192 193 194 218 242 243 244 245 246 258 270 271 272 273 274 282 290 291 292 293 294 301 308 309 310 311 312 380 448 449 450 451 452 471 490 491 492 493 494 518 542 543 544 545 546 549 552 553 554 555 556 580 604 605 606 616 626 630 634 647 660 661 662 663 664 671 678 679 680 681 682 683 684 688 692 694 696 698 700 703 706 750 794 801 808 809 810 811 812 819 826 827 828 829 830 833 836 837 838 839 840 845 850 851 852 853 854 855 856 858 860 862 864 866 868 869 870 871 872 875 878 879 880 881 882 885 888 889 890 891 892 895 898 900 902 911 920 921 922 923 924 931 938 939 940 942 944 945 946 947 948 952 956 958 960 962 964 967 970 975 980 985 990 991 992 993 994 1008 1022 1023 1024 1025 1026 1027 1028 1029 1030 1031 1032 1035 1038 1039 1040 1042 1044 1045 1046 1048 1050 1053 1056 1057 1058 1059 1060 1064 1068 1069 1070 1071 1072 1074 1076 1079 1082 1083 1084 1093 1102 1103 1104 1105 1106 1112 1118 1119 1120 1121 1122 1127 1132 1133 1134 1135 1136 1145 1154 1155 1156 1157 1158 1159 1160 1161 1162 1165 1168 1169 1170 1171 1172 1195 1218 1219 1220 1225 1230 1231 1232 1233 1234 1235 1236 1237 1238 1241 1244 1245 1246 1247 1248 1250 1252 1253 1254 1255 1256 1258 1260 1261 1262 1271 1280 1281 1282 1283 1284 1285 1286 1297 1308 1309 1310 1311 1312 1949 0 59 1312 1417
0 154 308 309 310 311 312 361 410 411 412 413 414 583 752 753 754 755 756 1127 1498 1499 1500 1501 1502 1518 1534 1535 1536 1537 1538 1540 1542 1543 1544 1545 1546 2087 0 113 1546 1629
0 9849 19698 19699 19700 19792 19884 19885 19886 19887 19888 19940 19992 19993 19994 19995 19996 20006 20016 20017 20018 20019 20020 20095 20170 20171 20172 20173 20174 20252 20330 20331 20332 20333 20334 20515 20696 20697 20698 20699 20700 20837 20974 20975 20976 20977 20978 20993 21008 21009 21010 21011 21012 21025 21038 21041 21044 21045 21046 21047 21048 21049 21050 21051 21052 21053 21054 21055 21056 21065 21074 22478 23882 23883 23884 23885 23886 23890 23894 23895 23896 23897 23898 25125 26352 26353 26354 26355 26356 26397 26438 26439 26440 26441 26442 27548 28654 28655 28656 28657 28658 29057 29456 29457 29458 29459 29460 29534 29608 29609 29610 29611 29612 30535 30535 31426 9849 12964
0 6829 13658 24810 6829 10381 24810 27393
0 6829 13658 24810 6829 11982 24810 26499

0 4709 9418 9717 10016 10017 10018 12498 0 693 10018 10888
0 184 368 369 370 371 372 378 384 385 386 387 388 519 650 651 652 653 654 794 934 935 936 937 938 986 1034 1035 1036 1037 1038 1148 1258 1259 1260 1261 1262 1313 1364 1365 1366 1367 1368 1456 1544 1545 1546 1547 1548 1698 1848 1849 1850 1851 1852 1853 1854 1855 1856 1976 2096 2097 2098 2099 2100 2103 2106 2107 2108 2109 2110 2113 2116 2117 2118 2119 2120 2209 2298 2299 2300 2301 2302 2303 2304 2305 2306 2414 2522 2524 2526 2553 2580 2581 2582 2583 2584 2786 2988 2989 2990 2991 2992 3109 3226 3227 3228 3229 3230 3324 3418 3419 3420 3421 3422 3453 3484 3485 3486 3487 3488 3529 3570 3571 3572 3573 3574 3618 3662 3663 3664 3665 3666 3673 3680 3681 3682 3683 3684 3700 3716 3717 3718 3719 3720 3751 3782 3783 3784 3785 3786 3809 3832 3833 3834 3835 3836 3890 3944 3945 3946 3947 3948 3952 3956 3957 3958 3959 3960 3962 3964 3965 3966 3967 3968 4107 3968 4046 0 64
0 125 250 251 252 253 254 278 302 303 304 305 306 310 314 315 316 317 318 471 318 428 0 33
0 188 376 377 378 379 380 413 446 447 448 449 450 614 778 779 780 781 782 850 918 919 920 921 922 932 942 943 944 945 946 964 982 983 984 985 986 1088 1190 1191 1192 1193 1194 1608 1194 1575 0 53
0 193 386 387 388 389 390 429 468 469 470 471 472 566 660 675 690 691 692 693 694 759 824 832 840 918 996 997 998 999 1000 1210 1420 1468 1516 1519 1522 1524 1526 1534 1542 1591 1640 1646 1652 1751 1850 1851 1852 1853 1854 1979 2104 2105 2106 2107 2108 2131 2154 2155 2156 2157 2158 2175 2192 2195 2198 2200 2202 2203 2204 2205 2206 2263 2320 2498 2676 2733 2790 2798 2806 2874 2942 2943 2944 2945 2946 2971 2996 3002 3008 3016 3024 3025 3026 3027 3028 3172 0 166 3028 3113
0 167 334 384 434 438 442 448 454 456 458 466 474 502 530 531 532 533 534 536 538 540 542 567 592 594 596 605 614 615 616 617 618 621 624 625 626 627 628 652 676 677 678 679 680 716 752 756 760 777 794 795 796 797 798 799 800 801 802 803 804 846 888 889 890 891 892 894 896 913 930 931 932 933 934 974 1014 1036 1058 1064 1070 1092 1114 1122 1130 1138 1146 1175 1204 1328 1328 1434 167 259
0 369 738 739 740 741 742 767 792 793 794 795 796 988 1180 1181 1182 1183 1184 1479 1774 1775 1776 1777 1778 1829 1880 1881 1882 1883 1884 2119 0 346 1884 1954
0 479 958 959 960 961 962 1157 1352 1353 1354 1355 1356 1508 1660 1661 1662 1663 1664 1775 1886 1887 1888 1889 1890 2034 2178 2179 2180 2181 2182 2184 2186 2187 2188 2189 2190 2194 2198 2212 2226 2227 2228 2233 2238 2239 2240 2241 2242 2244 2246 2247 2248 2249 2250 2251 2252 2253 2254 2255 2256 2258 2260 2262 2264 2265 2266 2305 2344 2345 2346 2347 2348 2388 2428 2429 2430 2431 2432 2610 2788 2789 2790 2791 2792 2824 2856 2857 2858 2859 2860 2980 3100 3101 3102 3103 3104 3105 3106 3107 3108 3137 3166 3168 3170 3171 3172 3173 3174 3175 3176 3177 3178 3179 3180 3181 3182 3184 3186 3188 3190 3192 3194 3196 3198 3200 3202 3204 3206 3208 3210 3212 3214 3216 3218 3223 3228 3229 3230 3231 3232 3233 3234 3235 3236 3237 3238 3240 3242 3244 3246 3342 3438 3439 3440 3441 3442 3484 3526 3527 3528 3529 3530 3661 3792 3793 3794 3795 3796 3938 4080 4081 4082 4083 4084 4093 4102 4103 4104 4105 4106 4361 4616 4617 4618 4619 4620 4677 4734 4735 4736 4737 4738 4760 4782 4783 4784 4785 4786 4924 5062 5063 5064 5065 5066 5301 0 266 5066 5168
0 332 664 665 666 667 668 670 672 673 674 675 676 1251 1826 1827 1828 1829 1830 1860 1890 1891 1892 1894 1896 1897 1898 1899 1900 1901 1902 1903 1904 1905 1906 1908 1910 1911 1912 1913 1914 1918 1922 1923 1924 1925 1926 1927 1928 1929 1930 1931 1932 1933 1934 1935 1936 1937 1938 1939 1940 1941 1942 1943 1944 1945 1946 1947 1948 1949 1950 1951 1952 1953 1954 1955 1956 1957 1958 1959 1960 1961 1962 2208 0 271 1962 2003
0 929 1858 1859 1860 1861 1862 2143 2424 2425 2426 2427 2428 2464 2500 2501 2502 2503 2504 2510 2516 2517 2518 2519 2520 2565 2610 2611 2612 2613 2614 2665 2716 2717 2718 2719 2720 2752 2784 2785 2786 2787 2788 2969 0 821 2788 2815
0 181 362 363 364 365 366 367 368 369 370 417 464 465 466 467 468 478 488 489 490 491 492 537 582 583 584 585 586 807 1028 1029 1030 1031 1032 1174 1316 1317 1318 1319 1320 1445 1570 1571 1572 1573 1574 1842 2110 2111 2112 2113 2114 2159 2204 2205 2206 2207 2208 2302 0 121 2208 2241
0 509 1018 1019 1020 1021 1022 1077 1132 1133 1134 1135 1136 1169 1202 1203 1204 1205 1206 1224 1242 1243 1244 1245 1246 1256 1266 1267 1268 1269 1270 1275 1280 1281 1282 1283 1284 1347 1410 1411 1412 1413 1414 1533 1652 1653 1654 1655 1656 1657 1658 1659 1660 1661 1662 1699 1736 1737 1738 1739 1740 1886 2032 2033 2034 2035 2036 2435 0 300 2036 2061
0 399 798 799 800 801 802 875 948 952 956 985 1014 1015 1016 1073 1130 1131 1132 1133 1134 1234 1334 1335 1336 1337 1338 1353 1368 1370 1372 1466 1560 1561 1562 1563 1564 1667 1770 1771 1772 1773 1774 1802 1830 1831 1832 1833 1834 1872 1910 1911 1912 1913 1914 1976 2038 2039 2040 2041 2042 2050 2058 2059 2060 2061 2062 2125 2188 2189 2190 2191 2192 2282 2372 2373 2374 2375 2376 2391 2406 2407 2408 2409 2410 2466 2522 2523 2524 2525 2526 2527 2528 2529 2530 2553 2576 2577 2578 2579 2580 3185 0 150 2580 2810
0 111 222 223 224 225 226 295 364 365 366 367 368 369 370 372 374 375 376 390 404 406 408 409 410 411 412 420 428 460 492 493 494 495 496 505 514 543 572 588 604 606 608 610 612 644 676 689 702 703 704 705 706 725 744 745 746 747 748 760 772 773 774 775 776 786 796 797 798 799 800 811 822 823 824 825 826 830 834 847 860 867 874 875 876 877 878 895 912 991 1070 1095 1120 1135 1150 1151 1152 1153 1154 1165 1176 1177 1178 1179 1180 1199 1218 1220 1222 1224 1226 1234 1242 1243 1244 1246 1248 1261 1274 1277 1280 1294 1308 1310 1312 1314 1316 1325 1334 1335 1336 1349 1362 1365 1368 1369 1370 1371 1372 1373 1374 1375 1376 1377 1378 1393 1408 1409 1410 1411 1412 1417 1422 1423 1424 1425 1426 1433 1440 1451 1462 1469 1476 1477 1478 1479 1480 1484 1488 1489 1490 1491 1492 1501 1510 1511 1512 1513 1514 1515 1516 1517 1518 1535 1552 1553 1554 1555 1556 1578 1600 1601 1602 1603 1604 1617 1630 1631 1632 1633 1634 1636 1638 1639 1640 1641 1642 1643 1644 1655 1666 1667 1668 1670 1672 1673 1674 1676 1678 1685 1692 1693 1694 1695 1696 1697 1698 1699 1700 1707 1714 1715 1716 1717 1718 1725 1732 1734 1736 1737 1738 1739 1740 1752 1764 1765 1766 1767 1768 1776 1784 1785 1786 1787 1788 1789 1790 1791 1792 1793 1794 1810 1826 1827 1828 1829 1830 1835 1840 1841 1842 1843 1844 1850 1856 1857 1858 1859 1860 1870 1880 1881 1882 1903 1924 1925 1926 1927 1928 1936 1944 1945 1946 1947 1948 1966 1984 1994 2004 2009 2014 2015 2016 2017 2018 2022 2026 2028 2030 2032 2034 2074 2114 2115 2116 2117 2118 2125 2132 2133 2134 2135 2136 2182 2228 2229 2230 2231 2232 2285 2338 2339 2340 2341 2342 2374 2406 2447 2488 2496 2504 2507 2510 2523 2536 2537 2538 2539 2540 2568 2596 2597 2598 3323 3323 3793 111 133
0 145 290 291 292 293 294 445 596 597 598 599 600 683 766 767 768 769 770 912 1054 1055 1056 1057 1058 1175 1292 1293 1294 1295 1296 1402 1508 1509 1510 1511 1512 1794 2076 2077 2078 2079 2080 2111 2142 2143 2144 2145 2146 2171 2196 2197 2198 2199 2200 2299 2398 2399 2400 2401 2402 2764 0 117 2402 2712
0 5789 11578 11662 11746 11747 11748 12005 12262 12263 12264 12265 12266 12293 12320 12321 12322 12323 12324 12325 12326 12327 12328 12329 12330 12342 12354 12355 12356 12357 12358 12362 12366 12367 12368 12369 12370 12375 12380 12381 12382 12388 12394 12395 12396 12397 12398 12463 12528 12529 12530 12531 12532 12585 12638 12639 12640 12641 12642 12643 12644 12645 12646 12658 12670 14167 15664 15668 15672 15673 15674 15675 15676 15677 15678 15684 15690 15691 15692 17182 18672 18852 19032 19033 19034 19035 19036 19037 19038 19098 19158 19159 19160 19161 19162 19308 19454 19460 19466 19472 19478 19479 19480 19521 19562 19563 19564 19565 19566 19568 19570 19571 19572 19573 19574 19586 19598 19599 19600 19601 19602 19604 19606 19607 19608 19609 19610 19647 19684 19685 19686 19687 19688 19689 19690 19692 19694 19696 19698 19705 19712 19713 19714 19715 19716 19733 19750 19751 19752 19753 19754 19761 19768 19769 19770 19771 19772 19778 19784 19785 19786 19787 19788 19793 19798 19799 19800 19801 19802 19840 19878 19879 19880 19881 19882 19899 19916 19917 19918 19919 19920 19943 19966 19967 19968 19969 19970 19971 19972 19975 19978 19979 19980 19981 19982 19990 19998 19999 20000 20001 20002 20027 20052 20053 20054 20055 20056 20081 20106 20107 20108 20109 20110 20121 20132 20133 20134 20135 20136 20141 20146 20147 20148 20149 20150 20216 20282 20283 20284 20303 20322 20323 20324 20325 20326 20330 20334 20335 20336 20337 20338 20345 20352 20353 20354 20355 20356 20362 20368 20369 20370 20371 20372 20413 20454 20455 20456 20457 20458 20459 20460 20461 20462 20463 20464 20484 20504 20505 20506 20507 20508 20517 20526 20532 20538 20539 20540 20541 20542 20547 20552 20553 20554 20555 20556 20563 20570 20571 20572 20573 20574 20581 20588 20589 20590 20591 20592 20594 20596 20597 20598 20599 20600 20604 20608 20609 20610 20611 20612 20613 20614 20620 20626 20627 20628 20629 20630 20645 20660 20661 20662 20663 20664 20665 20666 20667 20668 20669 20670 20681 20692 20693 20694 20695 20696 20699 20702 20703 20704 20705 20706 20709 20712 20713 20714 20715 20716 20717 20718 20719 20720 20721 20722 20738 20754 20755 20756 20757 20758 20759 20760 20761 20762 20763 20764 20854 20944 20945 20946 20947 20948 21003 21058 21059 21060 21061 21062 21080 21098 21099 21100 21101 21102 21103 21104 21105 21106 21107 21108 21111 21114 21115 21116 21117 21118 21119 21120 21149 21178 21179 21180 21181 21182 21198 21214 21215 21216 21217 21218 21266 21314 21315 21316 21317 21318 21319 21320 21348 21376 21377 21378 21379 21380 21390 21400 21401 21402 21403 21404 21416 21428 21429 21430 21431 21432 21453 21474 21475 21476 21477 21478 21482 21486 21487 21488 21489 21490 21491 21492 21493 21494 21500 21506 21507 21508 21509 21510 21515 21520 21521 21522 21523 21524 21525 21526 21527 21528 21529 21530 21537 21544 21545 21546 21547 21548 21563 21578 21579 21580 21581 21582 21584 21586 21587 21588 21589 21590 21597 21604 21605 21606 21607 21608 21623 21638 21639 21640 21641 21642 21652 21662 21663 21664 21665 21666 21671 21676 21677 21678 21679 21680 21682 21684 21685 21686 21687 21688 21690 21692 21693 21694 21695 21696 21710 21724 21725 21726 21727 21728 21739 21750 21751 21752 21753 21754 21755 21756 21757 21758 21759 21760 21775 21790 21791 21792 21793 21794 21808 21822 21823 21824 21825 21826 21827 21828 21829 21830 21831 21832 21833 21834 21841 21848 21849 21850 21851 21852 21866 21880 21881 21882 21883 21884 21898 21912 21913 21914 21915 21916 21917 21918 21919 21920 21921 21922 21924 21926 21927 21928 21929 21930 21937 21944 21945 21946 21947 21948 21959 21970 21971 21972 21973 21974 21995 22016 22017 22018 22019 22020 22033 22046 22047 22048 22049 22050 22084 22118 22119 22120 22121 22122 22123 22124 22137 22150 22151 22152 22153 22154 22155 22156 22157 22158 22159 22160 22168 22176 22177 22178 22179 22180 22187 22194 22195 22196 22197 22198 22202 22206 22207 22208 22209 22210 22232 22254 22255 22256 22257 22258 22272 22286 22288 22290 22291 22292 22293 22294 22297 22300 22301 22302 22303 22304 22305 22306 22307 22308 22309 22310 22311 22312 22319 22326 22392 22458 22459 22460 22461 22462 22680 22898 22899 22900 22901 22902 22949 22996 22997 22998 22999 23000 23008 23016 28650 0 3763 28650 30243
0 5789 11578 11662 11746 11747 11748 12005 12262 12263 12264 12265 12266 12293 12320 12321 12322 12323 12324 12325 12326 12327 12328 12329 12330 12342 12354 12355 12356 12357 12358 12362 12366 12367 12368 12369 12370 12375 12380 12381 12382 12388 12394 12395 12396 12397 12398 12463 12528 12529 12530 12531 12532 12585 12638 12639 12640 12641 12642 12643 12644 12645 12646 12658 12670 14167 15664 15668 15672 15673 15674 15675 15676 15677 15678 15684 15690 15691 15692 17182 18672 18852 19032 19033 19034 19035 19036 19037 19038 19098 19158 19159 19160 19161 19162 19308 19454 19460 19466 19472 19478 19479 19480 19521 19562 19563 19564 19565 19566 19568 19570 19571 19572 19573 19574 19586 19598 19599 19600 19601 19602 19604 19606 19607 19608 19609 19610 19647 19684 19685 19686 19687 19688 19689 19690 19692 19694 19696 19698 19705 19712 19713 19714 19715 19716 19733 19750 19751 19752 19753 19754 19761 19768 19769 19770 19771 19772 19778 19784 19785 19786 19787 19788 19793 19798 19799 19800 19801 19802 19840 19878 19879 19880 19881 19882 19899 19916 19917 19918 19919 19920 19943 19966 19967 19968 19969 19970 19971 19972 19975 19978 19979 19980 19981 19982 19990 19998 19999 20000 20001 20002 20027 20052 20053 20054 20055 20056 20081 20106 20107 20108 20109 20110 20121 20132 20133 20134 20135 20136 20141 20146 20147 20148 20149 20150 20216 20282 20283 20284 20303 20322 20323 20324 20325 20326 20330 20334 20335 20336 20337 20338 20345 20352 20353 20354 20355 20356 20362 20368 20369 20370 20371 20372 20413 20454 20455 20456 20457 20458 20459 20460 20461 20462 20463 20464 20484 20504 20505 20506 20507 20508 20517 20526 20532 20538 20539 20540 20541 20542 20547 20552 20553 20554 20555 20556 20563 20570 20571 20572 20573 20574 20581 20588 20589 20590 20591 20592 20594 20596 20597 20598 20599 20600 20604 20608 20609 20610 20611 20612 20613 20614 20620 20626 20627 20628 20629 20630 20645 20660 20661 20662 20663 20664 20665 20666 20667 20668 20669 20670 20681 20692 20693 20694 20695 20696 20699 20702 20703 20704 20705 20706 20709 20712 20713 20714 20715 20716 20717 20718 20719 20720 20721 20722 20738 20754 20755 20756 20757 20758 20759 20760 20761 20762 20763 20764 20854 20944 20945 20946 20947 20948 21003 21058 21059 21060 21061 21062 21080 21098 21099 21100 21101 21102 21103 21104 21105 21106 21107 21108 21111 21114 21115 21116 21117 21118 21119 21120 21149 21178 21179 21180 21181 21182 21198 21214 21215 21216 21217 21218 21266 21314 21315 21316 21317 21318 21319 21320 21348 21376 21377 21378 21379 21380 21390 21400 21401 21402 21403 21404 21416 21428 21429 21430 21431 21432 21453 21474 21475 21476 21477 21478 21482 21486 21487 21488 21489 21490 21491 21492 21493 21494 21500 21506 21507 21508 21509 21510 21515 21520 21521 21522 21523 21524 21525 21526 21527 21528 21529 21530 21537 21544 21545 21546 21547 21548 21563 21578 21579 21580 21581 21582 21584 21586 21587 21588 21589 21590 21597 21604 21605 21606 21607 21608 21623 21638 21639 21640 21641 21642 21652 21662 21663 21664 21665 21666 21671 21676 21677 21678 21679 21680 21682 21684 21685 21686 21687 21688 21690 21692 21693 21694 21695 21696 21710 21724 21725 21726 21727 21728 21739 21750 21751 21752 21753 21754 21755 21756 21757 21758 21759 21760 21775 21790 21791 21792 21793 21794 21808 21822 21823 21824 21825 21826 21827 21828 21829 21830 21831 21832 21833 21834 21841 21848 21849 21850 21851 21852 21866 21880 21881 21882 21883 21884 21898 21912 21913 21914 21915 21916 21917 21918 21919 21920 21921 21922 21924 21926 21927 21928 21929 21930 21937 21944 21945 21946 21947 21948 21959 21970 21971 21972 21973 21974 21995 22016 22017 22018 22019 22020 22033 22046 22047 22048 22049 22050 22084 22118 22119 22120 22121 22122 22123 22124 22137 22150 22151 22152 22153 22154 22155 22156 22157 22158 22159 22160 22168 22176 22177 22178 22179 22180 22187 22194 22195 22196 22197 22198 22202 22206 22207 22208 22209 22210 22232 22254 22255 22256 22257 22258 22272 22286 22288 22290 22291 22292 22293 22294 22297 22300 22301 22302 22303 22304 22305 22306 22307 22308 22309 22310 22311 22312 22319 22326 22392 22458 22459 22460 22461 22462 22680 22898 22899 22900 22901 22902 22949 22996 22997 22998 22999 23000 23008 23016 28650 0 3763 28650 30155
0 130 260 261 262 263 264 830 1396 1397 1398 1399 1400 1406 1412 1413 1414 1415 1416 1589 1762 1763 1764 1765 1766 1815 1864 1867 1870 2231 2592 2593 2594 2595 2596 2717 2838 2839 2840 2841 2842 2869 2896 2897 2898 2899 2900 2959 3018 3020 3022 3024 3026 3028 3030 3031 3032 3033 3034 3035 3036 3038 3040 3061 3082 3083 3084 3085 3086 3087 3088 3089 3090 3091 3092 3093 3094 3095 3096 3097 3098 3099 3100 3101 3102 3103 3104 3105 3106 3107 3108 3109 3110 3118 3126 3128 3130 3232 3334 3335 3336 3337 3338 3407 3476 3477 3478 3479 3480 3627 3774 3775 3776 3777 3778 3779 3780 3843 3906 3907 3908 3909 3910 3956 4002 4003 4004 4005 4006 4013 4020 4021 4022 4023 4024 4134 130 239 4134 4157
0 381 762 763 764 818 872 879 886 887 888 889 890 904 918 919 920 922 924 925 926 928 930 933 936 937 938 939 940 943 946 947 948 949 950 956 962 963 964 965 966 967 968 969 970 976 982 983 984 985 986 991 996 997 998 999 1000 1002 1004 1005 1006 1007 1008 1102 1196 1197 1198 1199 1200 1201 1202 1203 1204 1205 1206 1212 1218 1219 1220 1221 1222 1230 1238 1239 1240 1241 1242 1250 1258 1259 1260 1261 1262 1298 1334 1335 1336 1337 1338 1355 1372 1373 1374 1375 1376 1388 1400 1401 1402 1403 1404 1421 1438 1439 1440 1441 1442 1447 1452 1453 1454 1455 1456 1473 1490 1491 1492 1493 1494 1495 1496 1497 1498 1520 1542 1543 1544 1545 1546 1551 1556 1557 1558 1559 1560 1583 1606 1608 1610 1612 1614 1615 1616 1617 1618 1619 1620 1627 1634 1635 1636 1637 1638 1648 1658 1659 1660 1661 1662 1664 1666 1672 1678 1683 1688 1689 1690 1691 1692 1694 1696 1697 1698 1699 1700 1701 1702 1703 1704 1705 1706 1707 1708 1709 1710 1711 1712 1716 1720 1721 1722 1723 1724 1725 1726 1727 1728 1729 1730 1731 1732 1733 1734 1735 1736 1737 1738 1739 1740 1741 1742 1743 1744 1745 1746 1755 1764 1765 1766 1767 1768 1774 1780 1781 1782 1783 1784 1788 1792 1794 1796 1798 1800 1803 1806 1807 1808 1809 1810 1812 1814 1815 1816 1817 1818 1840 1862 1863 1864 1865 1866 1882 1898 1899 1900 1901 1902 1906 1910 1912 1914 1916 1918 1926 1934 1937 1940 1943 1946 1950 1954 1956 1958 1960 1962 1970 1978 1979 1980 1981 1982 1992 2002 2003 2004 2005 2006 2014 2022 2023 2024 2025 2026 2028 2030 2031 2032 2033 2034 2035 2036 2037 2038 2039 2040 2061 2082 2083 2084 2085 2086 2087 2088 2089 2090 2091 2092 2094 2096 2097 2098 2099 2100 2105 2110 2111 2112 2113 2114 2123 2132 2133 2134 2135 2136 2146 2156 2157 2158 2159 2160 2163 2166 2167 2168 2169 2170 2179 2188 2189 2190 2191 2192 2200 2208 2209 2210 2211 2212 2218 2224 2225 2226 2227 2228 2239 2250 2251 2252 2253 2254 2255 2256 2257 2258 2259 2260 2302 2344 2345 2346 2347 2348 2349 2350 2351 2352 2353 2354 2363 2372 2373 2374 2375 2376 2383 2390 2391 2392 2393 2394 2403 2412 2413 2414 2415 2416 2417 2418 2426 2434 2435 2436 2450 2464 2465 2466 2481 2496 2497 2498 2499 2500 2503 2506 2507 2508 2509 2510 2516 2522 2523 2524 2525 2526 2534 2542 2543 2544 2545 2546 2563 2580 2581 2582 2583 2584 2595 2606 2607 2608 2609 2610 2620 2630 2631 2632 2633 2634 2652 2670 2673 2676 2683 2690 2691 2692 2693 2694 2696 2698 2699 2700 2701 2702 2703 2704 2705 2706 2713 2720 2721 2722 2723 2724 2726 2728 2729 2730 2731 2732 2762 2792 2793 2794 2795 2796 2844 2892 2893 2894 2895 2896 2902 2908 2909 2910 2911 2912 2921 2930 2931 2932 2933 2934 2948 2962 2963 2964 2965 2966 2973 2980 2981 2982 2983 2984 2985 2986 2988 2990 2992 2994 2999 3004 3005 3006 3007 3008 3012 3016 3017 3018 3019 3020 3039 3058 3059 3060 3061 3062 3068 3074 3075 3076 3077 3078 3085 3092 3094 3096 3098 3100 3104 3108 3109 3110 3111 3112 3113 3114 3115 3116 3117 3118 3119 3120 3121 3122 3123 3124 3134 3144 3145 3146 3147 3148 3153 3158 3159 3160 3161 3162 3169 3176 3177 3178 3179 3180 3186 3192 3193 3194 3195 3196 3205 3214 3215 3216 3217 3218 3224 3230 3231 3232 3233 3234 3255 3276 3278 3280 3282 3284 3286 3288 3289 3290 3291 3292 3301 3310 3312 3314 3316 3318 3329 3340 3341 3342 3343 3344 3353 3362 3363 3364 3365 3366 3380 3394 3395 3396 3397 3398 3406 3414 3419 3424 3433 3442 3444 3446 3448 3450 3466 3482 3483 3484 3485 3486 3513 3540 3542 3544 3546 3548 3575 3602 3603 3604 3605 3606 3607 3608 3613 3618 3620 3622 3624 3626 3627 3628 3632 3636 3641 3646 3649 3652 3655 3658 3666 3674 3675 3676 3677 3678 3679 3680 3681 3682 3683 3684 3701 3718 3719 3720 3721 3722 3723 3724 3725 3726 3727 3728 3729 3730 3732 3734 3736 3738 3743 3748 3749 3750 3751 3752 3768 3784 3785 3786 3787 3788 3792 3796 3797 3798 3799 3800 3833 3866 3868 3870 3872 3874 3890 3906 3908 3910 3912 3914 3916 3918 3919 3920 3921 3922 3925 3928 3929 3930 3931 3932 3939 3946 3947 3948 3951 3954 3955 3956 3962 3968 3969 3970 3972 3974 3975 3976 3993 4010 4011 4012 4013 4014 4016 4018 4019 4020 4021 4022 4024 4026 4027 4028 4029 4030 4032 4034 4035 4036 4037 4038 4039 4040 4042 4044 4046 4048 4049 4050 4051 4052 4053 4054 4055 4056 4057 4058 4059 4060 4062 4064 4065 4066 4067 4068 4094 4120 4121 4122 4123 4124 4127 4130 4133 4136 4140 4144 4145 4146 4147 4148 4156 4164 4165 4166 4167 4168 4174 4180 4181 4182 4183 4184 4185 4186 4187 4188 4191 4194 4195 4196 4197 4198 4199 4200 4201 4202 4215 4228 4229 4230 4231 4232 4255 4278 4280 4282 4284 4286 4293 4300 4301 4302 4303 4304 4305 4306 4308 4310 4312 4314 4318 4322 4323 4324 4325 4326 4334 4342 4343 4344 4345 4346 4347 4348 4349 4350 4351 4352 4360 4368 4369 4370 4371 4372 4373 4374 4375 4376 4379 4382 4384 4386 4388 4390 4391 4392 4394 4396 4398 4400 4401 4402 4403 4404 4405 4406 4410 4414 4416 4418 4420 4422 4423 4424 4425 4426 4427 4428 4435 4442 4443 4444 4445 4446 4468 4490 4491 4492 4493 4494 4502 4510 4512 4514 4516 4518 4523 4528 4530 4532 4534 4536 4552 4568 4569 4570 4571 4572 4579 4586 4587 4588 4589 4590 4592 4594 4595 4596 4613 4630 4633 4636 4639 4642 4644 4646 4647 4648 4649 4650 4658 4666 4667 4668 4669 4670 4671 4672 4674 4676 4678 4680 4684 4688 4693 4698 4743 4788 4798 4808 4810 4812 4817 4822 4823 4824 4825 4826 4861 4896 4897 4898 4899 4900 4907 4914 4915 4916 4917 4918 4929 4940 4941 4942 4943 4944 4965 4986 4987 4988 4989 4990 5002 5014 5015 5016 5017 5018 5019 5020 5021 5022 5023 5024 5031 5038 5039 5040 5041 5042 5057 5072 5073 5074 5075 5076 5084 5092 5100 5108 5109 5110 5112 5114 5116 5118 5120 5122 5123 5124 5125 5126 5136 5146 5147 5148 5149 5150 5175 5200 5201 5202 5203 5204 5208 5212 5213 5214 5215 5216 5217 5218 5219 5220 5221 5222 5229 5236 5238 5240 5242 5244 5249 5254 5255 5256 5257 5258 5261 5264 5265 5266 5267 5268 5275 5282 5283 5284 5285 5286 5287 5288 5289 5290 5296 5302 5303 5304 5305 5306 5341 5376 5378 5380 5389 5398 5399 5400 5401 5402 5415 5428 5429 5430 5431 5432 5440 5448 5449 5450 5451 5452 5482 5512 5513 5514 5575 5636 5637 5638 5640 5642 5643 5644 5646 5648 5654 5660 5661 5662 5663 5664 5678 5692 5693 5694 5695 5696 5702 5708 5709 5710 5711 5712 5761 5810 5811 5812 5813 5814 5841 5868 5869 5870 5872 5874 5876 5878 5880 5882 5883 5884 5885 5886 5887 5888 5889 5890 5891 5892 5893 5894 5895 5896 5897 5898 5899 5900 5901 5902 5903 5904 5905 5906 5907 5908 5909 5910 5911 5912 5913 5914 5915 5916 5917 5918 5919 5920 5921 5922 5923 5924 5925 5926 5927 5928 5929 5930 5931 5932 5933 5934 5935 5936 5937 5938 5973 6008 6009 6010 6011 6012 6017 6022 6023 6024 6025 6026 6037 6048 6049 6050 6051 6052 6053 6054 6055 6056 6057 6058 6061 6064 6065 6066 6067 6068 6069 6070 6071 6072 6073 6074 6079 6084 6085 6086 6087 6088 6097 6106 6108 6110 6112 6114 6121 6128 6129 6130 6131 6132 6177 6222 6223 6224 6225 6226 6227 6228 6229 6230 6231 6232 6233 6234 6235 6236 6237 6238 6251 6264 6265 6266 6267 6268 6269 6270 6271 6272 6273 6274 6279 6284 6285 6286 6287 6288 6304 6320 6321 6322 6323 6324 6351 6378 6379 6380 6381 6382 6393 6404 6406 6408 6410 6412 6417 6422 6423 6424 6425 6426 6429 6432 6433 6434 6435 6436 6446 6456 6457 6458 6459 6460 6472 6484 6485 6486 6487 6488 6493 6498 6499 6500 6501 6502 6504 6506 6508 6510 6512 6514 6536 6558 6559 6560 6561 6562 6564 6566 6592 6618 6619 6620 6621 6622 6881 7140 7141 7142 7154 7166 7167 7168 7169 7170 7342 7514 7515 7516 7517 7518 7949 7518 7687 0 32
0 830 1660 1661 1662 1663 1664 1706 1748 1755 1762 1763 1764 1765 1766 1787 1808 1809 1810 1811 1812 1820 1828 1829 1830 1831 1832 1840 1848 1851 1854 1857 1860 1862 1864 1865 1866 1867 1868 1874 1880 1881 1882 1883 1884 1888 1892 1893 1894 1895 1896 1898 1900 1901 1902 1903 1904 1905 1906 1907 1908 1916 1924 1925 1926 1927 1928 1939 1950 1951 1952 1953 1954 1961 1968 1969 1970 1971 1972 1988 2004 2005 2006 2007 2008 2015 2022 2023 2024 2025 2026 2030 2034 2035 2036 2037 2038 2053 2068 2069 2070 2071 2072 2111 2150 2151 2152 2153 2154 2177 2200 2201 2202 2203 2204 2206 2208 2209 2210 2211 2212 2214 2216 2217 2218 2219 2220 2223 2226 2227 2228 2229 2230 2239 2248 2249 2250 2251 2252 2253 2254 2255 2256 2257 2258 2264 2270 2271 2272 2273 2274 2280 2286 2287 2288 2289 2290 2294 2298 2299 2300 2301 2302 2305 2308 2309 2310 2311 2312 2317 2322 2323 2324 2325 2326 2336 2346 2347 2348 2349 2350 2351 2352 2363 2374 2375 2376 2377 2378 2379 2380 2381 2382 2383 2384 2399 2414 2415 2416 2417 2418 2422 2426 2427 2428 2429 2430 2440 2450 2451 2452 2453 2454 2458 2462 2463 2464 2465 2466 2488 2510 2512 2514 2516 2518 2520 2522 2523 2524 2525 2526 2533 2540 2542 2544 2546 2548 2560 2572 2573 2574 2575 2576 2579 2582 2583 2584 2585 2586 2589 2592 2593 2594 2595 2596 2608 2620 2621 2622 2623 2624 2628 2632 2633 2634 2635 2636 2642 2648 2649 2650 2651 2652 2660 2668 2669 2670 2671 2672 2678 2684 2686 2688 2690 2692 2700 2708 2710 2712 2714 2716 2717 2718 2719 2720 2721 2722 2726 2730 2731 2732 2733 2734 2738 2742 2745 2748 2751 2754 2756 2758 2760 2762 2764 2766 2778 2790 2791 2792 2793 2794 2798 2802 2804 2806 2808 2810 2830 2850 2851 2852 2853 2854 2855 2856 2857 2858 2859 2860 2866 2872 2880 2888 2892 2896 2897 2898 2900 2902 2904 2906 2907 2908 2911 2914 2915 2916 2917 2918 2919 2920 2921 2922 2923 2924 2925 2926 2928 2930 2932 2934 2937 2940 2941 2942 2943 2944 2946 2948 2949 2950 2951 2952 2962 2972 2973 2974 2975 2976 2980 2984 2986 2988 3023 3058 3059 3060 3061 3062 3064 3066 3067 3068 3069 3070 3094 3118 3121 3124 3127 3130 3137 3144 3145 3146 3147 3148 3150 3152 3153 3154 3155 3156 3165 3174 3175 3176 3177 3178 3204 3230 3231 3232 3233 3234 3238 3242 3243 3244 3267 3290 3291 3292 3293 3294 3316 3338 3339 3340 3341 3342 3343 3344 3345 3346 3347 3348 3365 3382 3383 3384 3385 3386 3409 3432 3433 3434 3435 3436 3440 3444 3445 3446 3447 3448 3452 3456 3457 3458 3459 3460 3464 3468 3469 3470 3471 3472 3473 3474 3475 3476 3535 3594 3595 3596 3597 3598 3608 3618 3619 3620 3621 3622 3625 3628 3629 3630 3631 3632 3643 3654 3655 3656 3657 3658 3683 3708 3709 3710 3711 3712 3718 3724 3725 3726 3727 3728 3736 3744 3745 3746 3747 3748 3756 3764 3765 3766 3767 3768 3773 3778 3779 3780 3781 3782 3796 3810 3811 3812 3813 3814 3820 3826 3827 3828 3829 3830 3834 3838 3839 3840 3841 3842 3851 3860 3861 3862 3869 3876 3877 3878 3879 3880 3929 3978 3979 3980 3981 3982 3988 3994 3995 3996 3997 3998 4006 4014 4015 4016 4017 4018 4023 4028 4029 4030 4031 4032 4055 4078 4079 4080 4081 4082 4098 4114 4115 4116 4117 4118 4136 4154 4156 4158 4160 4162 4169 4176 4177 4178 4179 4180 4181 4182 4188 4194 4195 4196 4197 4198 4218 4238 4240 4242 4244 4246 4249 4252 4254 4256 4258 4260 4272 4284 4285 4286 4287 4288 4299 4310 4311 4312 4313 4314 4315 4316 4317 4318 4319 4320 4323 4326 4327 4328 4329 4330 4354 4378 4379 4380 4381 4382 4383 4384 4395 4406 4408 4410 4411 4412 4413 4414 4417 4420 4555 4690 4691 4692 4693 4694 6167 4694 5914 0 47
0 172 344 345 346 347 348 415 482 483 484 485 486 653 820 821 822 823 824 896 968 969 970 971 972 980 988 989 990 991 992 993 994 995 996 1087 1178 1179 1180 1181 1182 1247 1312 1313 1314 1315 1316 1317 1318 1735 2152 2153 2154 2155 2156 2259 2362 2363 2364 2558 2752 2753 2754 2755 2756 2925 3094 3095 3096 3097 3098 3213 3328 3329 3330 3331 3332 3592 0 119 3332 3353
0 72 144 145 146 147 148 172 196 197 198 199 200 206 212 213 214 215 216 226 236 237 238 239 240 249 258 259 260 261 262 279 296 297 298 299 300 343 386 387 388 389 390 432 474 475 476 477 478 479 480 481 482 483 484 518 552 553 554 555 556 557 558 559 560 561 562 612 662 664 666 668 670 675 680 681 682 683 684 743 802 803 804 805 806 825 844 845 846 847 848 887 926 927 928 929 930 945 960 961 962 963 964 984 1004 1005 1006 1007 1008 1024 1040 1041 1042 1043 1044 1053 1062 1063 1064 1065 1066 1116 1166 1167 1168 1170 1172 1274 1376 1377 1378 1379 1380 1392 1404 1405 1406 1407 1408 1434 1460 1461 1462 1463 1464 1468 1472 1473 1474 1475 1476 1478 1480 1482 1484 1486 1488 1500 1512 1513 1514 1515 1516 1551 1586 1589 1592 1609 1626 1627 1628 1629 1630 1632 1634 1642 1650 1651 1652 1653 1654 1661 1668 1669 1670 1671 1672 1678 1684 1685 1686 1687 1688 1690 1692 1693 1694 1695 1696 1776 1856 1857 1858 1859 1860 1868 1876 1877 1878 1879 1880 1891 1902 1903 1904 1905 1906 1926 1946 1947 1948 1949 1950 1972 1994 1996 1998 2000 2002 2011 2020 2021 2022 2023 2024 2037 2050 2051 2052 2053 2054 2083 2112 2113 2114 2115 2116 2121 2126 2127 2128 2129 2130 2137 2144 2145 2146 2147 2148 2153 2158 2159 2160 2161 2162 2180 2198 2199 2200 2201 2202 2208 2214 2215 2216 2217 2218 2221 2224 2225 2226 2227 2228 2244 2260 2261 2262 2263 2264 2281 2298 2299 2300 2302 2304 2314 2324 2325 2326 2327 2328 2356 2384 2385 2386 2387 2388 2414 2440 2441 2442 2443 2444 2452 2460 2461 2462 2463 2464 2496 2528 2530 2532 2534 2536 2539 2542 2543 2544 2545 2546 2556 2566 2567 2568 2573 2578 2580 2582 2584 2586 2599 2612 2613 2614 2615 2616 2632 2648 2649 2650 2651 2652 2675 2698 2699 2700 2701 2702 2718 2734 2735 2736 2737 2738 2769 2800 2801 2802 2803 2804 2823 2842 2843 2844 2845 2846 2847 2848 2849 2850 2851 2852 2905 2958 2959 2960 2961 2962 2963 2964 2965 2966 2967 2968 2999 3030 3031 3032 3033 3034 3060 3086 3087 3088 3089 3090 3114 3138 3139 3140 3141 3142 3143 3144 3145 3146 3157 3168 3169 3170 3171 3172 3181 3190 3191 3192 3193 3194 3199 3204 3205 3206 3207 3208 3223 3238 3240 3242 3244 3246 3254 3262 3263 3264 3265 3266 3306 3346 3347 3348 3349 3350 3351 3352 3353 3354 3362 3370 3371 3372 3373 3374 3382 3390 3391 3392 3393 3394 3407 3420 3421 3422 3423 3424 3432 3440 3442 3444 3446 3448 3453 3458 3459 3460 3461 3462 3463 3464 3465 3466 3467 3468 3497 3526 3530 3534 3561 3588 3589 3590 3591 3592 3595 3598 3599 3600 3601 3602 3633 3664 3665 3666 3667 3668 3684 3700 3701 3702 3703 3704 3710 3716 3717 3718 3719 3720 3734 3748 3749 3750 3824 3898 3899 3900 3901 3902 3951 4000 4001 4002 4003 4004 4009 4014 4015 4016 4017 4018 4039 4060 4061 4062 4063 4064 4085 4106 4107 4108 4109 4110 4120 4130 4132 4134 4136 4138 4169 4200 4201 4202 4203 4204 4259 4314 4315 4316 4317 4318 4385 4452 4453 4454 4455 4456 4477 4498 4499 4500 4501 4502 4537 4572 4573 4574 4575 4576 4594 4612 4613 4614 4615 4616 4639 4662 4663 4664 4665 4666 4675 4684 4685 4686 4687 4688 4693 4698 4699 4700 4701 4702 4705 4708 4709 4710 4711 4712 4719 4726 4727 4728 4729 4730 4734 4738 4739 4740 4741 4742 4787 4832 4833 4834 4835 4836 4889 4942 4944 4946 4948 4950 4966 4982 4983 4984 4985 4986 4997 5008 5009 5010 5011 5012 5018 5024 5025 5026 5027 5028 5038 5048 5049 5050 5051 5052 5058 5064 5065 5066 5067 5068 5083 5098 5099 5100 5101 5102 5125 5148 5149 5150 5151 5152 5212 5272 5273 5274 5275 5276 5289 5302 5303 5304 5305 5306 5312 5318 5319 5320 5321 5322 5335 5348 5349 5350 5351 5352 5387 5422 5423 5424 5425 5426 5440 5454 5455 5456 5457 5458 5460 5462 5467 5472 5473 5474 5475 5476 5477 5478 5488 5498 5499 5500 5501 5502 5521 5540 5541 5542 5543 5544 5547 5550 5551 5552 5553 5554 5569 5584 5585 5586 5587 5588 5596 5604 5605 5606 5607 5608 5610 5612 5613 5614 5615 5616 5620 5624 5625 5626 5627 5628 5633 5638 5639 5640 5641 5642 5661 5680 5681 5682 5683 5684 5702 5720 5721 5722 5723 5724 5756 5788 5789 5790 5791 5792 5808 5824 5825 5826 5827 5828 5856 5884 5885 5886 5887 5888 5903 5918 5923 5928 5945 5962 5963 5964 5965 5966 5972 5978 5980 5982 5984 5986 5991 5996 5997 5998 5999 6000 6014 6028 6030 6032 6034 6036 6038 6040 6042 6044 6046 6048 6050 6052 6053 6054 6055 6056 6057 6058 6060 6062 6066 6070 6073 6076 6077 6078 6079 6080 6085 6090 6091 6092 6093 6094 6095 6096 6097 6098 6099 6100 6101 6102 6103 6104 6105 6106 6111 6116 6117 6118 6119 6120 6140 6160 6162 6164 6166 6168 6186 6204 6205 6206 6207 6208 6234 6260 6261 6262 6263 6264 6322 6380 6381 6382 6383 6384 6387 6390 6391 6392 6393 6394 6399 6404 6405 6406 6407 6408 6432 6456 6457 6458 6459 6460 6525 6590 6591 6592 6593 6594 6612 6630 6631 6632 6633 6634 6643 6652 6656 6660 6661 6662 6663 6664 6668 6672 6673 6674 6675 6676 6684 6692 6693 6694 6695 6696 6700 6704 6708 6712 6738 6764 6765 6766 6767 6768 6772 6776 6777 6778 6779 6780 6828 6876 6877 6878 6879 6880 6901 6922 6923 6924 6925 6926 6927 6928 6929 6930 6931 6932 6935 6938 6939 6940 6941 6942 6949 6956 6957 6958 6959 6960 6965 6970 6971 6972 6973 6974 6976 6978 6979 6980 6981 6982 6997 7012 7013 7014 7015 7016 7057 7098 7099 7100 7101 7102 7109 7116 7117 7118 7119 7120 7235 7350 7351 7352 7353 7354 7361 7368 7369 7370 7414 7458 7459 7460 7461 7462 7463 7464 7465 7466 7517 7568 7569 7570 7571 7572 7599 7626 7627 7628 7629 7630 7637 7644 7646 7648 7650 7652 7659 7666 7668 7670 7672 7674 7742 7810 7811 7812 7813 7814 7824 7834 7835 7836 7837 7838 7855 7872 7873 7874 7875 7876 7911 7946 7947 7948 7949 7950 7956 7962 7963 7964 7965 7966 7974 7982 7983 7984 7985 7986 7996 8006 8007 8008 8009 8010 8013 8016 8017 8018 8019 8020 8023 8026 8027 8028 8029 8030 8044 8058 8059 8060 8061 8062 8077 8092 8093 8094 8095 8096 8109 8122 8123 8124 8125 8126 8147 8168 8169 8170 8171 8172 8175 8178 8179 8180 8181 8182 8196 8210 8211 8212 8213 8214 8216 8218 8219 8220 8221 8222 8262 8302 8303 8304 8305 8306 8350 8394 8395 8396 8397 8398 8414 8430 8431 8432 8433 8434 8435 8436 8437 8438 8439 8440 8443 8446 8449 8452 8455 8458 8474 8490 8491 8492 8493 8494 8503 8512 8513 8514 8515 8516 8528 8540 8541 8542 8543 8544 8565 8586 8587 8588 8589 8590 8591 8592 8593 8594 8595 8596 8599 8602 8603 8604 8605 8606 8611 8616 8617 8618 8619 8620 8626 8632 8633 8634 8635 8636 8659 8682 8683 8684 8685 8686 8708 8730 8731 8732 8733 8734 8743 8752 8753 8754 8755 8756 8767 8778 8779 8780 8781 8782 8789 8796 8797 8798 8799 8800 8810 8820 8821 8822 8823 8824 8849 8874 8875 8876 8877 8878 8901 8924 8925 8926 8927 8928 8945 8962 8963 8964 8965 8966 8997 9028 9029 9030 9031 9032 9035 9038 9039 9040 9041 9042 9050 9058 9059 9060 9061 9062 9074 9086 9087 9088 9089 9090 9097 9104 9105 9106 9107 9108 9132 9156 9157 9158 9159 9160 9209 9258 9259 9260 9261 9262 9331 9400 9401 9402 9403 9404 9423 9442 9443 9444 9445 9446 9471 9496 9497 9498 9499 9500 9525 9550 9551 9552 9553 9554 9569 9584 9585 9586 9587 9588 9609 9630 9636 9642 9659 9676 9677 9678 9679 9680 9690 9700 9718 9736 9754 9772 9774 9776 9778 9780 9793 9806 9809 9812 9815 9818 9822 9826 9827 9828 9829 9830 9849 9868 9869 9870 9871 9872 9882 9892 9893 9894 9895 9896 9906 9916 9917 9918 9919 9920 9930 9940 9941 9942 9943 9944 9954 9964 9966 9968 9970 9972 10041 10110 10111 10112 10113 10114 10128 10142 10143 10144 10145 10146 10157 10168 10169 10170 10171 10172 10240 10308 10309 10310 10311 10312 10315 10318 10320 10322 10324 10326 10328 10330 10331 10332 10333 10334 10351 10368 10369 10370 10371 10372 10373 10374 10375 10376 10383 10390 10391 10392 10393 10394 10434 10474 10475 10476 10477 10478 10479 10480 10481 10482 10483 10484 10522 10560 10561 10562 10563 10564 10572 10580 10581 10582 10583 10584 10599 10614 10615 10616 10617 10618 10622 10626 10681 10736 10737 10738 10739 10740 10782 10824 10825 10826 10827 10828 10895 10962 10969 10976 10977 10978 10979 10980 10989 10998 10999 11000 11001 11002 11004 11006 11007 11008 11009 11010 11017 11024 11025 11026 11027 11028 11029 11030 11031 11032 11033 11034 11046 11058 11059 11060 11089 11118 11119 11120 11121 11122 11123 11124 11132 11140 11141 11142 11143 11144 11147 11150 11175 11200 11202 11204 11206 11208 11209 11210 11212 11214 11216 11218 11223 11228 11229 11230 11231 11232 11268 11304 11305 11306 11307 11308 11340 11372 11373 11374 11375 11376 11382 11388 11389 11390 11391 11392 11400 11408 11409 11410 11411 11412 11443 11474 11475 11476 11477 11478 11485 11492 11493 11494 11495 11496 11514 11532 11533 11534 11535 11536 11552 11568 11569 11570 11571 11572 11579 11586 11587 11588 11589 11590 11602 11614 11615 11616 11642 11668 11669 11670 11671 11672 11684 11696 11697 11698 11699 11700 11712 11724 11725 11726 11727 11728 11736 11744 11745 11746 11747 11748 11755 11762 11763 11764 11765 11766 11773 11780 11781 11782 11783 11784 11791 11798 11799 11800 11801 11802 11840 11878 11879 11880 11881 11882 11896 11910 11911 11912 11913 11914 11921 11928 11929 11930 11931 11932 11935 11938 11939 11940 11941 11942 11980 12018 12019 12020 12021 12022 12024 12026 12027 12028 12029 12030 12031 12032 12033 12034 12055 12076 12077 12078 12079 12080 12113 12146 12147 12148 12149 12150 12151 12152 12153 12154 12155 12156 12159 12162 12163 12164 12165 12166 12171 12176 12177 12178 12179 12180 12182 12184 12185 12186 12187 12188 12191 12194 12195 12196 12197 12198 12222 12246 12247 12248 12249 12250 12251 12252 12253 12254 12255 12256 12262 12268 12269 12270 12271 12272 12275 12278 12279 12280 12281 12282 12312 12342 12343 12344 12345 12346 12360 12374 12375 12376 12377 12378 12382 12386 12387 12388 12389 12390 12398 12406 12407 12408 12409 12410 12430 12450 12451 12452 12453 12454 12477 12500 12501 12502 12503 12504 12509 12514 12517 12520 12522 12524 12525 12526 12527 12528 12532 12536 12537 12538 12542 12546 12547 12548 12558 12568 12574 12580 12581 12582 12583 12584 12589 12594 12595 12596 12597 12598 12600 12602 12604 12606 12607 12608 12610 12612 12613 12614 12615 12616 12656 12696 12697 12698 12699 12700 12740 12780 12781 12782 12783 12784 12806 12828 12829 12830 12831 12832 12843 12854 12855 12856 12857 12858 12890 12922 12923 12924 12925 12926 12954 12982 12983 12984 12985 12986 13010 13034 13035 13036 13037 13038 13041 13044 13045 13046 13047 13048 13080 13112 13113 13114 13115 13116 13127 13138 13139 13140 13141 13142 13171 13200 13201 13202 13203 13204 13219 13234 13235 13236 13237 13238 13256 13274 13277 13280 13281 13282 13283 13284 13285 13286 13290 13294 13296 13298 13300 13302 13320 13338 13339 13340 13341 13342 13349 13356 13357 13358 13359 13360 13393 13426 13427 13428 13436 13444 13445 13446 13447 13448 13451 13454 13455 13456 13457 13458 13477 13496 13497 13498 13499 13500 13504 13508 13511 13514 13528 13542 13543 13544 13545 13546 13614 13682 13683 13684 13685 13686 13687 13688 13689 13690 13762 13834 13835 13836 13837 13838 13870 13902 13904 13906 13908 13910 13915 13920 13921 13922 13923 13924 13928 13932 13933 13934 13935 13936 13976 14016 14020 14024 14026 14028 14057 14086 14087 14088 14089 14090 14100 14110 14111 14112 14113 14114 14124 14134 14135 14136 14137 14138 14167 14196 14197 14198 14199 14200 14202 14204 14205 14206 14207 14208 14217 14226 14227 14228 14229 14230 14238 14246 14248 14250 14252 14254 14256 14258 14259 14260 14261 14262 14284 14306 14307 14308 14309 14310 14319 14328 14329 14330 14331 14332 14338 14344 14345 14346 14347 14348 14349 14350 14351 14352 14353 14354 14363 14372 14373 14374 14375 14376 14378 14380 14391 14402 14409 14416 14417 14418 14419 14420 14465 14510 14511 14512 14513 14514 14530 14546 14547 14548 14584 14620 14621 14622 14623 14624 14654 14684 14685 14686 14687 14688 14721 14754 14755 14756 14757 14758 14780 14802 14803 14804 14806 14808 14811 14814 14815 14816 14817 14818 14819 14820 14821 14822 14825 14828 14829 14830 14831 14832 14833 14834 14835 14836 14837 14838 14839 14840 14841 14842 14843 14844 14845 14846 14847 14848 14849 14850 14851 14852 14853 14854 14855 14856 14857 14858 14859 14860 14861 14862 14863 14864 14865 14866 14867 14868 14877 14886 14887 14888 14889 14890 14891 14892 14893 14894 14895 14896 14897 14898 14899 14900 14901 14902 14903 14904 14905 14906 14907 14908 14909 14910 14911 14912 14913 14914 14915 14916 14917 14918 14919 14920 14921 14922 14923 14924 14925 14926 14927 14928 14929 14930 14931 14932 14933 14934 14935 14936 14937 14938 14939 14940 14941 14942 14943 14944 14945 14946 14947 14948 14949 14950 14951 14952 14953 14954 14955 14956 14957 14958 14959 14960 14974 14988 14989 14990 14991 14992 14993 14994 14995 14996 14997 14998 14999 15000 15001 15002 15003 15004 15005 15006 15007 15008 15009 15010 15011 15012 15013 15014 15033 15052 15053 15054 15055 15056 15057 15058 15059 15060 15061 15062 15063 15064 15065 15066 15067 15068 15071 15074 15075 15076 15077 15078 15079 15080 15081 15082 15083 15084 15085 15086 15087 15088 15090 15092 15093 15094 15095 15096 15097 15098 15105 15112 15114 15116 15118 15120 15148 15176 15190 15204 15205 15206 15207 15208 15212 15216 15217 15218 15219 15220 15232 15244 15246 15248 15250 15252 15255 15258 15259 15260 15261 15262 15385 15508 15509 15510 15511 15512 15548 15584 15585 15586 15587 15588 15618 15648 15649 15650 15651 15652 15671 15690 15691 15692 15693 15694 15705 15716 15717 15718 15719 15720 15750 15780 15782 15784 15786 15788 15802 15816 15817 15818 15819 15820 15826 15832 15833 15834 15835 15836 15846 15856 15857 15858 15859 15860 15983 16106 16107 16108 16109 16110 16112 16114 16115 16116 16117 16118 16204 72 106 16204 16231
0 86 172 173 174 175 176 223 270 271 272 289 306 307 308 309 310 311 312 338 364 365 366 367 368 377 386 387 388 389 390 479 568 569 570 571 572 631 690 691 692 693 694 714 734 735 736 737 738 778 818 819 820 821 822 881 940 941 942 943 944 1016 1088 1089 1090 1091 1092 1114 1136 1137 1138 1139 1140 1158 1176 1178 1180 1182 1184 1188 1192 1193 1194 1195 1196 1206 1216 1217 1218 1219 1220 1226 1232 1233 1234 1235 1236 1265 1294 1295 1296 1297 1298 1312 1326 1327 1328 1329 1330 1346 1362 1363 1364 1365 1366 1373 1380 1381 1382 1383 1384 1395 1406 1407 1408 1409 1410 1414 1418 1419 1420 1421 1422 1435 1448 1449 1450 1451 1452 1499 1546 1547 1548 1549 1550 1556 1562 1563 1564 1565 1566 1595 1624 1625 1626 1627 1628 1633 1638 1639 1640 1641 1642 1669 1696 1697 1698 1699 1700 1712 1724 1725 1726 1727 1728 1729 1730 1731 1732 1733 1734 1782 1830 1831 1832 1833 1834 1838 1842 1843 1844 1845 1846 1879 1912 1913 1914 1915 1916 1965 2014 2015 2016 2017 2018 2022 2026 2027 2028 2029 2030 2034 2038 2039 2040 2041 2042 2051 2060 2061 2062 2063 2064 2076 2088 2089 2090 2091 2092 2112 2132 2133 2134 2135 2136 2139 2142 2143 2144 2145 2146 2149 2152 2153 2154 2155 2156 2161 2166 2167 2168 2169 2170 2215 2260 2261 2262 2263 2264 2321 2378 2379 2380 2381 2382 2399 2416 2417 2418 2419 2420 2463 2506 2507 2508 2509 2510 2555 2600 2602 2604 2606 2608 2625 2642 2643 2644 2645 2646 2728 2810 2811 2812 2813 2814 2827 2840 2841 2842 2843 2844 2855 2866 2867 2868 2869 2870 2908 2946 2947 2948 2949 2950 2978 3006 3007 3008 3009 3010 3036 3062 3063 3064 3065 3066 3089 3112 3113 3114 3115 3116 3121 3126 3127 3128 3129 3130 3179 3228 3229 3230 3231 3232 3244 3256 3257 3258 3269 3280 3281 3282 3283 3284 3287 3290 3292 3294 3296 3298 3337 3376 3377 3378 3379 3380 3390 3400 3401 3402 3403 3404 3419 3434 3435 3436 3437 3438 3452 3466 3467 3468 3469 3470 3493 3516 3517 3518 3519 3520 3531 3542 3544 3546 3548 3550 3556 3562 3563 3564 3565 3566 3574 3582 3583 3584 3585 3586 3603 3620 3621 3622 3624 3626 3627 3628 3629 3630 3637 3644 3645 3646 3647 3648 3649 3650 3651 3652 3653 3654 3659 3664 3665 3666 3667 3668 3705 3742 3744 3746 3776 3806 3807 3808 3809 3810 3814 3818 3819 3820 3821 3822 3829 3836 3837 3838 3839 3840 3866 3892 3893 3894 3895 3896 3897 3898 3899 3900 3901 3902 3906 3910 3911 3912 3913 3914 3924 3934 3935 3936 3937 3938 3960 3982 3983 3984 3985 3986 3987 3988 3989 3990 3991 3992 3993 3994 4001 4008 4009 4010 4011 4012 4018 4024 4025 4026 4027 4028 4044 4060 4061 4062 4063 4064 4091 4118 4120 4122 4123 4124 4125 4126 4129 4132 4133 4134 4135 4136 4137 4138 4143 4148 4149 4150 4151 4152 4155 4158 4159 4160 4161 4162 4163 4164 4165 4166 4167 4168 4169 4170 4171 4172 4173 4174 4175 4176 4177 4178 4179 4180 4213 4246 4247 4248 4249 4250 4295 4340 4341 4342 4343 4344 4353 4362 4363 4364 4365 4366 4376 4386 4387 4388 4389 4390 4399 4408 4409 4410 4411 4412 4446 4480 4481 4482 4524 4566 4567 4568 4569 4570 4575 4580 4581 4582 4583 4584 4602 4620 4621 4622 4623 4624 4641 4658 4659 4660 4661 4662 4664 4666 4667 4668 4669 4670 4684 4698 4699 4700 4701 4702 4724 4746 4747 4748 4749 4750 4754 4758 4759 4760 4761 4762 4829 4896 4897 4898 4899 4900 4909 4918 4919 4920 4921 4922 4973 5024 5025 5026 5027 5028 5038 5048 5049 5050 5051 5052 5082 5112 5113 5114 5115 5116 5140 5164 5165 5166 5167 5168 5200 5232 5233 5234 5235 5236 5264 5292 5293 5294 5295 5296 5299 5302 5303 5304 5305 5306 5349 5392 5393 5394 5395 5396 5465 5534 5535 5536 5537 5538 5541 5544 5545 5546 5547 5548 5579 5610 5611 5612 5613 5614 5617 5620 5621 5622 5623 5624 5714 5804 5805 5806 5807 5808 5832 5856 5857 5858 5859 5860 5863 5866 5867 5868 5869 5870 5875 5880 5881 5882 5883 5884 5894 5904 5905 5906 5907 5908 5924 5940 5941 5942 5943 5944 5963 5982 5983 5984 5985 5986 5987 5988 5989 5990 5999 6008 6009 6010 6011 6012 6016 6020 6021 6022 6023 6024 6027 6030 6031 6032 6033 6034 6094 6154 6155 6156 6157 6158 6163 6168 6169 6170 6171 6172 6190 6208 6209 6210 6211 6212 6255 6298 6299 6300 6301 6302 6324 6346 6347 6348 6349 6350 6364 6378 6379 6380 6381 6382 6383 6384 6392 6400 6401 6402 6403 6404 6413 6422 6423 6424 6425 6426 6440 6454 6455 6456 6457 6458 6482 6506 6507 6508 6509 6510 6526 6542 6543 6544 6545 6546 6603 6660 6662 6664 6666 6668 6676 6684 6685 6686 6687 6688 6699 6710 6711 6712 6713 6714 6731 6748 6749 6750 6751 6752 6755 6758 6759 6760 6761 6762 6813 6864 6865 6866 6867 6868 6870 6872 6873 6874 6875 6876 6917 6958 6959 6960 6961 6962 6989 7016 7017 7018 7019 7020 7025 7030 7031 7032 7033 7034 7058 7082 7083 7084 7085 7086 7170 7254 7255 7256 7257 7258 7267 7276 7277 7278 7279 7280 7297 7314 7315 7316 7317 7318 7323 7328 7329 7330 7331 7332 7351 7370 7371 7372 7373 7374 7379 7384 7385 7386 7387 7388 7468 86 145 7468 7494
0 86 172 173 174 175 176 178 180 181 182 183 184 228 272 273 274 275 276 278 280 281 282 301 320 321 322 323 324 390 456 457 458 459 460 466 472 473 474 475 476 490 504 506 508 510 512 542 572 573 574 575 576 577 578 579 580 604 628 629 630 631 632 637 642 643 644 645 646 676 706 707 708 709 710 711 712 748 784 785 786 787 788 864 940 941 942 976 1010 1011 1012 1015 1018 1019 1020 1021 1022 1030 1038 1039 1040 1041 1042 1045 1048 1050 1052 1054 1056 1068 1080 1081 1082 1083 1084 1088 1092 1093 1094 1095 1096 1101 1106 1107 1108 1116 1124 1156 1188 1189 1190 1191 1192 1193 1194 1213 1232 1233 1234 1235 1236 1237 1238 1240 1242 1244 1246 1247 1248 1249 1250 1251 1252 1253 1254 1255 1256 1257 1258 1259 1260 1261 1262 1263 1264 1265 1266 1267 1268 1269 1270 1271 1272 1273 1274 1275 1276 1277 1278 1279 1280 1281 1282 1283 1284 1285 1286 1287 1288 1289 1290 1291 1292 1293 1294 1295 1296 1297 1298 1299 1300 1301 1302 1303 1304 1305 1306 1307 1308 1309 1310 1311 1312 1313 1314 1315 1316 1317 1318 1326 1334 1335 1336 1337 1338 1339 1340 1341 1342 1343 1344 1351 1358 1359 1360 1361 1362 1363 1364 1365 1366 1367 1368 1369 1370 1373 1376 1377 1378 1379 1380 1381 1382 1383 1384 1385 1386 1387 1388 1389 1390 1391 1392 1393 1394 1395 1396 1397 1398 1399 1400 1401 1402 1403 1404 1405 1406 1407 1408 1409 1410 1411 1412 1416 1420 1424 1428 1432 1436 1445 1454 1459 1464 1465 1466 1469 1472 1480 1488 1501 1514 1515 1516 1517 1518 1559 1600 1601 1602 1603 1604 1626 1648 1649 1650 1651 1652 1677 1702 1703 1704 1705 1706 1717 1728 1729 1730 1744 1758 1759 1760 1761 1762 1763 1764 1765 1766 1774 1782 1783 1784 1785 1786 1822 1858 1859 1860 1861 1862 1871 1880 1881 1882 1894 1906 1915 1924 1925 1926 1927 1928 1929 1930 1931 1932 1933 1934 1944 1954 1955 1956 1957 1958 1963 1968 1969 1970 1971 1972 1975 1978 1980 1982 1984 1986 1988 1990 1991 1992 1993 1994 2011 2028 2029 2030 2031 2032 2033 2034 2035 2036 2037 2038 2039 2040 2047 2054 2055 2056 2057 2058 2067 2076 2077 2078 2079 2080 2082 2084 2085 2086 2087 2088 2117 2146 2147 2148 2149 2150 2160 2170 2171 2172 2173 2174 2184 2194 2195 2196 2197 2198 2227 2256 2260 2264 2265 2266 2267 2268 2289 2310 2311 2312 2313 2314 2332 2350 2351 2352 2353 2354 2358 2362 2363 2364 2365 2366 2371 2376 2378 2380 2382 2384 2416 2448 2449 2450 2451 2452 2524 2596 2597 2598 2599 2600 2669 2738 2739 2740 2741 2742 2757 2772 2773 2774 2775 2776 2777 2778 2779 2780 2784 2788 2790 2792 2810 2828 2829 2830 2831 2832 2835 2838 2839 2840 2841 2842 2852 2862 2863 2864 2895 2926 2927 2928 2929 2930 2937 2944 2945 2946 2947 2948 2966 2984 2986 2988 2990 2992 2996 3000 3001 3002 3003 3004 3026 3048 3049 3050 3051 3052 3053 3054 3069 3084 3085 3086 3087 3088 3117 3146 3147 3148 3149 3150 3161 3172 3173 3174 3175 3176 3208 3240 3241 3242 3243 3244 3247 3250 3251 3252 3253 3254 3278 3302 3303 3304 3305 3306 3334 3362 3363 3364 3365 3366 3398 3430 3431 3432 3433 3434 3445 3456 3457 3458 3459 3460 3482 3504 3505 3506 3507 3508 3540 3572 3573 3574 3575 3576 3583 3590 3591 3592 3593 3594 3634 3674 3675 3676 3677 3678 3680 3682 3683 3684 3685 3686 3688 3690 3691 3692 3693 3694 3696 3698 3725 3752 3753 3754 3756 3758 3759 3760 3761 3762 3767 3772 3773 3774 3775 3776 3781 3786 3787 3788 3789 3790 3798 3806 3807 3808 3843 3878 3879 3880 3881 3882 3890 3898 3899 3900 3901 3902 3906 3910 3911 3912 3913 3914 3928 3942 3943 3944 3945 3946 3976 4006 4007 4008 4009 4010 4013 4016 4017 4018 4019 4020 4026 4032 4033 4034 4035 4036 4037 4038 4039 4040 4041 4042 4043 4044 4068 4092 4093 4094 4095 4096 4099 4102 4103 4104 4105 4106 4108 4110 4111 4112 4113 4114 4119 4124 4125 4126 4127 4128 4131 4134 4135 4136 4137 4138 4139 4140 4141 4142 4143 4144 4177 4210 4211 4212 4213 4214 4236 4258 4259 4260 4261 4262 4291 4320 4321 4322 4323 4324 4335 4346 4347 4348 4349 4350 4361 4372 4373 4374 4375 4376 4429 4482 4483 4484 4485 4486 4493 4500 4501 4502 4503 4504 4511 4518 4519 4520 4521 4522 4529 4536 4537 4538 4539 4540 4561 4582 4583 4584 4585 4586 4589 4592 4593 4594 4595 4596 4604 4612 4613 4614 4615 4616 4643 4670 4671 4672 4683 4694 4695 4696 4697 4698 4705 4712 4713 4714 4715 4716 4732 4748 4749 4750 4751 4752 4770 4788 4789 4790 4791 4792 4799 4806 4807 4808 4809 4810 4841 4872 4873 4874 4875 4876 4880 4884 4885 4886 4887 4888 4891 4894 4895 4896 4897 4898 4911 4924 4925 4926 4927 4928 4953 4978 4979 4980 4981 4982 5016 5050 5051 5052 5053 5054 5055 5056 5057 5058 5059 5060 5065 5070 5072 5074 5076 5078 5079 5080 5082 5084 5086 5088 5089 5090 5091 5092 5119 5146 5147 5148 5149 5150 5159 5168 5169 5170 5171 5172 5207 5242 5243 5244 5252 5260 5261 5262 5263 5264 5271 5278 5279 5280 5281 5282 5284 5286 5287 5288 5289 5290 5299 5308 5309 5310 5311 5312 5324 5336 5501 5666 5681 5696 5697 5698 5699 5700 5708 5716 5717 5718 5719 5720 5758 5796 5797 5798 5799 5800 5801 5802 5803 5804 5805 5806 5846 5886 5887 5888 5889 5890 5900 5910 5911 5912 5913 5914 5915 5916 5917 5918 5919 5920 5921 5922 5923 5924 5927 5930 5931 5932 5933 5934 5935 5936 5937 5938 5939 5940 5941 5942 5943 5944 5952 5960 5961 5962 5963 5964 5966 5968 5970 5972 5974 5976 5979 5982 5983 5984 5985 5986 6054 6122 6123 6124 6125 6126 6127 6128 6129 6130 6140 6150 6151 6152 6153 6154 6168 6182 6183 6184 6185 6186 6229 6272 6273 6274 6275 6276 6301 6326 6328 6330 6332 6334 6335 6336 6337 6338 6339 6340 6348 6356 6357 6358 6359 6360 6370 6380 6381 6382 6383 6384 6394 6404 6405 6406 6407 6408 6409 6410 6411 6412 6421 6430 6431 6432 6433 6434 6453 6472 6473 6474 6475 6476 6480 6484 6486 6488 6490 6492 6493 6494 6495 6496 6509 6522 6524 6526 6527 6528 6529 6530 6548 6566 6572 6578 6606 6634 6640 6646 6652 6658 6664 6670 6691 6712 6713 6714 6715 6716 6731 6746 6747 6748 6749 6750 6821 6821 6871 86 113
0 81 162 164 166 213 260 261 262 263 264 267 270 271 272 273 274 278 282 283 284 285 286 310 334 335 336 337 338 346 354 356 358 360 362 410 458 459 460 461 462 512 562 563 564 565 566 590 614 615 616 617 618 626 634 635 636 637 638 640 642 643 644 645 646 657 668 669 670 671 672 694 716 717 718 719 720 763 806 807 808 809 810 811 812 813 814 815 816 832 848 849 850 851 852 857 862 863 864 865 866 910 954 955 956 957 958 973 988 989 990 991 992 995 998 999 1000 1001 1002 1006 1010 1011 1012 1013 1014 1023 1032 1033 1034 1035 1036 1056 1076 1077 1078 1079 1080 1096 1112 1113 1114 1115 1116 1126 1136 1137 1138 1139 1140 1144 1148 1149 1150 1151 1152 1153 1154 1155 1156 1184 1212 1213 1214 1215 1216 1256 1296 1297 1298 1299 1300 1349 1398 1399 1400 1401 1402 1405 1408 1409 1410 1411 1412 1436 1460 1461 1462 1463 1464 1470 1476 1477 1478 1479 1480 1481 1482 1485 1488 1489 1490 1491 1492 1561 1630 1631 1632 1633 1634 1653 1672 1673 1674 1675 1676 1699 1722 1723 1724 1725 1726 1729 1732 1733 1734 1735 1736 1753 1770 1771 1772 1773 1774 1784 1794 1795 1796 1797 1798 1830 1862 1863 1864 1865 1866 1890 1914 1915 1916 1917 1918 1947 1976 1978 1980 1981 1982 1983 1984 1985 1986 1996 2006 2007 2008 2009 2010 2061 2112 2113 2114 2115 2116 2125 2134 2135 2136 2137 2138 2205 2272 2273 2274 2275 2276 2303 2330 2331 2332 2333 2334 2348 2362 2363 2364 2365 2366 2368 2370 2371 2372 2373 2374 2375 2376 2377 2378 2394 2410 2411 2412 2413 2414 2432 2450 2451 2452 2453 2454 2459 2464 2465 2466 2467 2468 2510 2552 2553 2554 2577 2600 2601 2602 2603 2604 2614 2624 2625 2626 2627 2628 2637 2646 2647 2648 2649 2650 2660 2670 2671 2672 2673 2674 2683 2692 2693 2694 2695 2696 2704 2712 2713 2714 2715 2716 2752 2788 2789 2790 2791 2792 2825 2858 2859 2860 2861 2862 2863 2864 2865 2866 2867 2868 2869 2870 2871 2872 2873 2874 2875 2876 2877 2878 2879 2880 2883 2886 2887 2888 2889 2890 2895 2900 2901 2902 2903 2904 2905 2906 2909 2912 2915 2918 2945 2972 2973 2974 2975 2976 2992 3008 3009 3010 3011 3012 3018 3024 3025 3026 3027 3028 3035 3042 3043 3044 3045 3046 3070 3094 3095 3096 3097 3098 3108 3118 3119 3120 3121 3122 3126 3130 3131 3132 3133 3134 3135 3136 3137 3138 3139 3140 3165 3190 3191 3192 3193 3194 3195 3196 3197 3198 3205 3212 3213 3214 3215 3216 3220 3224 3225 3226 3227 3228 3257 3286 3287 3288 3289 3290 3292 3294 3331 3368 3369 3370 3371 3372 3377 3382 3383 3384 3385 3386 3387 3388 3389 3390 3391 3392 3393 3394 3395 3396 3397 3398 3403 3408 3409 3410 3411 3412 3414 3416 3417 3418 3444 3470 3471 3472 3473 3474 3480 3486 3488 3490 3492 3494 3505 3516 3517 3518 3519 3520 3543 3566 3567 3568 3569 3570 3584 3598 3599 3600 3601 3602 3628 3654 3655 3656 3657 3658 3684 3710 3711 3712 3713 3714 3726 3738 3740 3742 3744 3746 3759 3772 3773 3774 3775 3776 3777 3778 3779 3780 3790 3800 3801 3802 3803 3804 3805 3806 3807 3808 3809 3810 3858 3906 3907 3908 3909 3910 3911 3912 3913 3914 3919 3924 3925 3926 3927 3928 3951 3974 3975 3976 3977 3978 4004 4030 4031 4032 4033 4034 4069 4104 4105 4106 4107 4108 4139 4170 4171 4172 4173 4174 4185 4196 4197 4198 4199 4200 4213 4226 4227 4228 4229 4230 4259 4288 4289 4290 4291 4292 4344 4396 4397 4398 4399 4400 4407 4414 4415 4416 4417 4418 4427 4436 4438 4440 4442 4444 4447 4450 4451 4452 4453 4454 4495 4536 4537 4538 4539 4540 4583 4626 4627 4628 4629 4630 4705 4780 4781 4782 4783 4784 4829 4874 4875 4876 4877 4878 4887 4896 4897 4898 4899 4900 4903 4906 4907 4908 4909 4910 4930 4950 4951 4952 4953 4954 4966 4978 4979 4980 4981 4982 4991 5000 5001 5002 5003 5004 5008 5012 5013 5014 5015 5016 5020 5024 5025 5026 5027 5028 5065 5102 5103 5104 5105 5106 5117 5128 5129 5130 5131 5132 5149 5166 5167 5168 5169 5170 5185 5200 5201 5202 5203 5204 5208 5212 5213 5214 5215 5216 5264 5312 5313 5314 5315 5316 5317 5318 5319 5320 5321 5322 5334 5346 5347 5348 5349 5350 5377 5404 5405 5406 5407 5408 5413 5418 5419 5420 5421 5422 5430 5438 5439 5440 5441 5442 5469 5496 5497 5498 5499 5500 5547 5594 5595 5596 5597 5598 5611 5624 5625 5626 5627 5628 5632 5636 5637 5638 5639 5640 5651 5662 5663 5664 5665 5666 5673 5680 5681 5682 5683 5684 5700 5716 5717 5718 5719 5720 5734 5748 5749 5750 5751 5752 5781 5810 5811 5812 5813 5814 5831 5848 5849 5850 5851 5852 5853 5854 5855 5856 5859 5862 5864 5866 5868 5870 5911 5952 5953 5954 5955 5956 5999 6042 6043 6044 6045 6046 6065 6084 6085 6086 6087 6088 6096 6104 6105 6106 6107 6108 6166 6224 6225 6226 6268 6310 6311 6312 6313 6314 6449 6584 6585 6586 6587 6588 6622 6656 6657 6658 6659 6660 6669 6678 6679 6680 6681 6682 6690 6698 6699 6700 6701 6702 6716 6730 6731 6732 6735 6738 6739 6740 6741 6742 6767 6792 6793 6794 6795 6796 6797 6798 6837 6876 6877 6878 6879 6880 6966 6966 7025 81 109
0 1025 2050 2098 2146 2147 2148 2149 2150 2265 2380 2381 2382 2383 2384 2424 2464 2465 2466 2467 2468 2543 2618 2619 2620 2621 2622 2637 2652 2653 2654 2655 2656 2675 2694 2695 2696 2697 2698 2857 3016 3017 3018 3019 3020 3126 3232 3233 3234 3235 3236 3283 3330 3331 3332 3333 3334 3499 3664 3665 3666 3667 3668 3712 3756 3757 3758 3759 3760 3770 3780 3781 3782 3783 3784 3878 3972 3973 3974 3975 3976 4056 4136 4137 4138 4139 4140 4190 4240 4241 4242 4243 4244 4292 4340 4341 4342 4343 4344 4388 4432 4433 4434 4435 4436 4447 4458 4459 4460 4461 4462 4464 4466 4467 4468 4469 4470 4547 4624 4625 4626 4810 4994 4995 4996 4997 4998 5018 5038 5039 5040 5041 5042 5218 5394 5395 5396 5397 5398 5399 5400 5401 5402 5403 5404 5532 5660 5661 5662 5663 5664 5785 5906 5907 5908 5909 5910 6050 6190 6191 6192 6193 6194 6198 6202 6203 6204 6205 6206 6250 6294 6295 6296 6297 6298 6315 6332 6333 6334 6335 6336 6446 6556 6557 6558 6559 6560 6575 6590 6591 6592 6593 6594 6600 6606 6607 6608 6609 6610 6618 6626 6627 6628 6629 6630 6632 6634 6635 6636 6637 6638 6649 6660 6661 6662 6663 6664 6669 6674 6675 6676 6677 6678 6681 6684 6685 6686 6687 6688 6721 6754 6755 6756 6757 6758 6789 6820 6821 6822 6823 6824 6859 6894 6895 6896 6897 6898 6901 6904 6905 6906 6907 6908 6914 6920 6921 6922 6923 6924 6932 6940 6941 6942 6943 6944 6955 6966 6967 6968 6969 6970 6971 6972 6973 6974 6975 6976 6981 6986 6987 6988 6989 6990 7009 7028 7029 7030 7031 7032 7043 7054 7055 7056 7057 7058 7067 7076 7077 7078 7079 7080 7100 7120 7121 7122 7123 7124 7128 7132 7133 7134 7135 7136 7137 7138 7139 7140 7146 7152 7153 7154 7155 7156 7160 7164 7165 7166 7167 7168 7169 7170 7171 7172 7177 7182 7183 7184 7185 7186 7187 7188 7359 7530 7532 7534 7535 7536 7537 7538 7549 7560 7561 7562 7563 7564 7619 7674 7676 7678 7680 7682 7683 7684 7687 7690 7693 7696 7703 7710 7711 7712 7713 7714 7733 7752 7753 7754 7755 7756 7778 7800 7801 7802 7803 7804 7807 7810 7811 7812 7813 7814 7846 7878 7879 7880 7881 7882 7911 7940 7941 7942 7943 7944 7966 7988 7989 7990 7991 7992 8007 8022 8023 8024 8025 8026 8063 8100 8101 8102 8103 8104 8119 8134 8135 8136 8137 8138 8157 8176 8177 8178 8179 8180 8188 8196 8197 8198 8199 8200 8204 8208 8209 8210 8211 8212 8220 8228 8229 8230 8231 8232 8260 8288 12217 8288 11753 0 423
0 4095 8190 8196 8202 8203 8204 8205 8206 8211 8216 8217 8218 8219 8220 8229 8238 8239 8240 8241 8242 8266 8290 8291 8292 8293 8294 8295 8296 8298 8300 8302 8304 8307 8310 8311 8312 8313 8314 8324 8334 8335 8336 8337 8338 8346 8354 8355 8356 8357 8358 8359 8360 8362 8364 8366 8368 8374 8380 8381 8382 8383 8384 8400 8416 8417 8418 8419 8420 8423 8426 8427 8428 8429 8430 8453 8476 8478 8480 8482 8484 8487 8490 8491 8492 8493 8494 8498 8502 8505 8508 8511 8514 8515 8516 8517 8518 8519 8520 8532 8544 8545 8546 8547 8548 8558 8568 8569 8570 8571 8572 8574 8576 8577 8578 8579 8580 8589 8598 8599 8600 8601 8602 8604 8606 8607 8608 8609 8610 8620 8630 8632 8634 8636 8638 8645 8652 8653 8654 8655 8656 8669 8682 8683 8684 8685 8686 8687 8688 8689 8690 8691 8692 8699 8706 8707 8708 8717 8726 8727 8728 8729 8730 8731 8732 8733 8734 8735 8736 8743 8750 8751 8752 8753 8754 8768 8782 8784 8786 8788 8790 8791 8792 8793 8794 8795 8796 8797 8798 8799 8800 8801 8802 8803 8804 8805 8806 8807 8808 8813 8818 8819 8820 8821 8822 8824 8826 8827 8828 8829 8830 8832 8834 8835 8836 8837 8838 8842 8846 8847 8848 8849 8850 8852 8854 8855 8856 8857 8858 8859 8860 8861 8862 8863 8864 8872 8880 8881 8882 8883 8884 8889 8894 8895 8896 8897 8898 8899 8900 8901 8902 8903 8904 8907 8910 8911 8912 8913 8914 8928 8942 9287 9632 9635 9638 9646 9654 9655 9656 9657 9658 9661 9664 9665 9666 9667 9668 9675 9682 9683 9684 9685 9686 9692 9698 9699 9700 9701 9702 9719 9736 9738 9740 9742 9744 9754 9764 9765 9766 9767 9768 9770 9772 9773 9774 9775 9776 9783 9790 9791 9792 9793 9794 9795 9796 9797 9798 9799 9800 9802 9804 9805 9806 9807 9808 9822 9836 9840 9844 9848 9852 9855 9858 9860 9862 9864 9866 9873 9880 9881 9882 9883 9884 9886 9888 9889 9890 9891 9892 9894 9896 9897 9898 9899 9900 9912 9924 9925 9926 9927 9928 9941 9954 9955 9956 9957 9958 9964 9970 9972 9974 9976 9978 9989 10000 10001 10002 10003 10004 10018 10032 10033 10034 10036 10038 10039 10040 10041 10042 10043 10044 10046 10048 10050 10052 10057 10062 10063 10064 10065 10066 10068 10070 10071 10072 10073 10074 10083 10092 10093 10094 10095 10096 10100 10104 10105 10106 10107 10108 10115 10122 10123 10124 10125 10126 10128 10130 10131 10132 10133 10134 10141 10148 10149 10150 10151 10152 10153 10154 10157 10160 10163 10166 10170 10174 10175 10176 10177 10178 10191 10204 10205 10206 10207 10208 10213 10218 10219 10220 10221 10222 10223 10224 10225 10226 10227 10228 10234 10240 10241 10242 10245 10248 10258 10268 10270 10272 10274 10276 10282 10288 10289 10290 10291 10292 10298 10304 10305 10306 10307 10308 10309 10310 10311 10312 10313 10314 10326 10338 10340 10342 10343 10344 10345 10346 10347 10348 10355 10362 10363 10364 10365 10366 10380 10394 10395 10396 10397 10398 10418 10438 10439 10440 10441 10442 10445 10448 10449 10450 10451 10452 10478 10504 10676 10848 10849 10850 10859 10868 10869 10870 10871 10872 10882 10892 10893 10894 10895 10896 10897 10898 10900 10902 10904 10906 10920 10934 10935 10936 10937 10938 10945 10952 10953 10954 10955 10956 10957 10958 10959 10960 10961 10962 10963 10964 10966 10968 10970 10972 10978 10984 10985 10986 10987 10988 10994 11000 11002 11004 11006 11008 11009 11010 11011 11012 11013 11014 11017 11020 11021 11022 11023 11024 11030 11036 11037 11038 11039 11040 11042 11044 11045 11046 11047 11048 11057 11066 11067 11068 11069 11070 11071 11072 11073 11074 11075 11076 11081 11086 11087 11088 11089 11090 11092 11094 11096 11098 11100 11102 11111 11120 11121 11122 11123 11124 11126 11128 11130 11132 11134 11136 11144 11152 11153 11154 11155 11156 11178 11200 11201 11202 11212 11222 11223 11224 11225 11226 11230 11234 11235 11236 11237 11238 11260 11282 11283 11284 11285 11286 11320 11354 11355 11356 11357 11358 11367 11376 11377 11378 11379 11380 11382 11384 11385 11386 11387 11388 11393 11398 11399 11400 11401 11402 11406 11410 11411 11412 11413 11414 11440 11466 11467 11468 11469 11470 11478 11486 11487 11488 11489 11490 11492 11494 11495 11496 11497 11498 11511 11524 11525 11526 11527 11528 11533 11538 11539 11540 11541 11542 11549 11556 11557 11558 11559 11560 11564 11568 11569 11570 11571 11572 11625 11678 11679 11680 11681 11682 11683 11684 11685 11686 11687 11688 11690 11692 11693 11694 11695 11696 11698 11700 11701 11702 11703 11704 11706 11708 11709 11710 11711 11712 11726 11740 11741 11742 11743 11744 11747 11750 11751 11752 11753 11754 11766 11778 11949 12120 12136 12152 12153 12154 12155 12156 12162 12168 12169 12170 12171 12172 12180 12188 12189 12190 12191 12192 12214 12236 12237 12238 12239 12240 12242 12244 12245 12246 12247 12248 12260 12272 12273 12274 12275 12276 12279 12282 12284 12286 12288 12290 12306 12322 12323 12324 12325 12326 12379 12432 12433 12434 12435 12436 12440 12444 12445 12446 12447 12448 12451 12454 12455 12456 12457 12458 12467 12476 12477 12478 12479 12480 12535 12590 12591 12592 12593 12594 12606 12618 12619 12620 12621 12622 12734 12846 12847 12848 12849 12850 12861 12872 12873 12874 12875 12876 12879 12882 12883 12884 12885 12886 12900 12914 12915 12916 12917 12918 12922 12926 12927 12928 12929 12930 12938 12946 12947 12948 12949 12950 12954 12958 12959 12960 12961 12962 12970 12978 12979 12980 12981 12982 12993 13004 13005 13006 13007 13008 13009 13010 13011 13012 13013 13014 13035 13056 13057 13058 13059 13060 13068 13076 13078 13080 13082 13084 13090 13096 13097 13098 13099 13100 13105 13110 13111 13112 13113 13114 13140 13166 13168 13170 13172 13174 13182 13190 13191 13192 13193 13194 13208 13222 13223 13224 13225 13226 13246 13266 13267 13268 13269 13270 13276 13282 13283 13284 13285 13286 13289 13292 13293 13294 13295 13296 13330 13364 13365 13366 13367 13368 13396 13424 13425 13426 13427 13428 13441 13454 13455 13456 13457 13458 13459 13460 13462 13464 13466 13468 13547 13626 13627 13628 13629 13630 13656 13682 13683 13684 13685 13686 13698 13710 13711 13712 13713 13714 13731 13748 13749 13750 13751 13752 13756 13760 13761 13762 13763 13764 13784 13804 13805 13806 13807 13808 13810 13812 13813 13814 13815 13816 13843 13870 13871 13872 13873 13874 13889 13904 13905 13906 13907 13908 13910 13912 13913 13914 13915 13916 13921 13926 13927 13928 13929 13930 13947 13964 13965 13966 13967 13968 13974 13980 13981 13982 13983 13984 13998 14012 14014 14016 14018 14020 14022 14024 14025 14026 14027 14028 14041 14054 14055 14056 14057 14058 14062 14066 14067 14068 14412 14756 14763 14770 14771 14772 14773 14774 14778 14782 14784 14786 14788 14790 14850 14910 14911 14912 14913 14914 14923 14932 14933 14934 14935 14936 14943 14950 14951 14952 14953 14954 14969 14984 14985 14986 14987 14988 14990 14992 14993 14994 14995 14996 15013 15030 15031 15032 15033 15034 15039 15044 15045 15046 15047 15048 15054 15060 15061 15062 15063 15064 15085 15106 15108 15110 15112 15114 15150 15186 15187 15188 15189 15190 15215 15240 15241 15242 15243 15244 15246 15248 15249 15250 15251 15252 15260 15268 15269 15270 15271 15272 15286 15300 15302 15304 15306 15308 15321 15334 15335 15336 15337 15338 15344 15350 15351 15352 15353 15354 15360 15366 15367 15368 15369 15370 15378 15386 15387 15388 15389 15390 15396 15402 15404 15406 15408 15410 15416 15422 15423 15424 15425 15426 15435 15444 15446 15448 15450 15452 15456 15460 15461 15462 15463 15464 15472 15480 15481 15482 15483 15484 15486 15488 15658 15828 15836 15844 15846 15848 15850 15852 15854 15856 15858 15860 15862 15864 15865 15866 15867 15868 15869 15870 15874 15878 15880 15882 15884 15886 15887 15888 15889 15890 15891 15892 15894 15896 15898 15900 15902 15904 15912 15920 15921 15922 15923 15924 15925 15926 15927 15928 15929 15930 15946 15962 15964 15966 15968 15970 15977 15984 15985 15986 15987 15988 16001 16014 16015 16016 16017 16018 16026 16034 16036 16038 16040 16042 16046 16050 16051 16052 16053 16054 16088 16122 16123 16124 16125 16126 16177 16228 16230 16232 16234 16236 16254 16272 16273 16274 16275 16276 16325 16374 16376 16378 16380 16382 16404 16426 16427 16428 16429 16430 16434 16438 16439 16440 16441 16442 16445 16448 16449 16450 16451 16452 16457 16462 16464 16466 16468 16470 16493 16516 16517 16518 16519 16520 16521 16522 16523 16524 16525 16526 16533 16540 16541 16542 16543 16544 16546 16548 16549 16550 16551 16552 16565 16578 16582 16586 16590 16594 16596 16598 16600 16602 16604 16606 16613 16620 16621 16622 16623 16624 16627 16630 16631 16632 16633 16634 16635 16636 16637 16638 16639 16640 16642 16644 16646 16648 16650 16652 16674 16696 16698 16700 16702 16704 16724 16744 16745 16746 16747 16748 16750 16752 16753 16754 16755 16756 16757 16758 16759 16760 16761 16762 16766 16770 16772 16774 16776 16778 16780 16782 16783 16784 16785 16786 16800 16814 16815 16816 16817 16818 16820 16822 16825 16828 16831 16834 16835 16836 16838 16840 16842 16844 16849 16854 16855 16856 16857 16858 16859 16860 16861 16862 16863 16864 16867 16870 16872 16874 16876 16878 16896 16914 16915 16916 16920 16924 16925 16926 16927 16928 16937 16946 16947 16948 16949 16950 16952 16954 16955 16956 16957 16958 16967 16976 16977 16978 16979 16980 16983 16986 16989 16992 16995 16998 17010 17022 17023 17024 17025 17026 17027 17028 17032 17036 17037 17038 17039 17040 17041 17042 17043 17044 17045 17046 17050 17054 17055 17056 17057 17058 17059 17060 17061 17062 17063 17064 17070 17076 17078 17080 17082 17084 17092 17100 17101 17102 17103 17104 17106 17108 17110 17112 17125 17138 17139 17140 17141 17142 17147 17152 17153 17154 17155 17156 17158 17160 17162 17164 17168 17172 17173 17174 17175 17176 17180 17184 17185 17186 17187 17188 17197 17206 17207 17208 17209 17210 17211 17212 17218 17224 17225 17226 17227 17228 17229 17230 17232 17234 17236 17238 17239 17240 17241 17242 17243 17244 17245 17246 17248 17250 17252 17254 17256 17258 17259 17260 17261 17262 17263 17264 17267 17270 17271 17272 17273 17274 17275 17276 17277 17278 17279 17280 17286 17292 17293 17294 17295 17296 17297 17298 17299 17300 17305 17310 17311 17312 17313 17314 17317 17320 17321 17322 17323 17324 17325 17326 17327 17328 17329 17330 17351 17372 17373 17374 17375 17376 17378 17380 17382 17384 17386 17388 17393 17398 17399 17400 17401 17402 17403 17404 17405 17406 17407 17408 17409 17410 17411 17412 17413 17414 17416 17418 17420 17422 17423 17424 17425 17426 17428 17430 17432 17434 17436 17438 17439 17440 17441 17442 17443 17444 17449 17454 17456 17458 17460 17462 17468 17474 17475 17476 17477 17478 17484 17490 17491 17492 17493 17494 17498 17502 17503 17504 17505 17506 17508 17510 17511 17512 17513 17514 17516 17518 17519 17520 17521 17522 17529 17536 17537 17538 17539 17540 17551 17562 17563 17564 17565 17566 17567 17568 17569 17570 17571 17572 17575 17578 17579 17580 17581 17582 17585 17588 17589 17590 17591 17592 17595 17598 17599 17600 17601 17602 17603 17604 17605 17606 17610 17614 17615 17616 17617 17618 17622 17626 17627 17628 17629 17630 17634 17638 17640 17642 17645 17648 17650 17652 17654 17656 17658 17660 17662 17664 17670 17676 17677 17678 17679 17680 17681 17682 17683 17684 17685 17686 17687 17688 17689 17690 17691 17692 17693 17694 17695 17696 17697 17698 17699 17700 17701 17702 17708 17714 17715 17716 17717 17718 17720 17722 17723 17724 17725 17726 17731 17736 17737 17738 17739 17740 17742 17744 17746 17748 17750 17752 17753 17754 17756 17758 17760 17762 17767 17772 17773 17774 17775 17776 17777 17778 17779 17780 17783 17786 17787 17788 17789 17790 17796 17802 17803 17804 17805 17806 17820 17834 17835 17836 17837 17838 17839 17840 17842 17844 17846 17848 17850 17852 17853 17854 17856 17858 17859 17860 17861 17862 17863 17864 17866 17868 17869 17870 17872 17874 17876 17878 17880 17882 17883 17884 17885 17886 17887 17888 17889 17890 17891 17892 17893 17894 17895 17896 17897 17898 17903 17908 17909 17910 17911 17912 17916 17920 17921 17922 17923 17924 17933 17942 17943 17944 17945 17946 17949 17952 17953 17954 17955 17956 17970 17984 17986 17988 17990 17992 17995 17998 17999 18000 18001 18002 18005 18008 18009 18010 18011 18012 18013 18014 18015 18016 18017 18018 18019 18020 18021 18022 18023 18024 18029 18034 18035 18036 18037 18038 18041 18044 18047 18050 18053 18056 18061 18066 18069 18072 18075 18078 18079 18080 18082 18084 18090 18096 18097 18098 18099 18100 18109 18118 18119 18120 18121 18122 18123 18124 18125 18126 18127 18128 18136 18144 18145 18146 18147 18148 18156 18164 18165 18166 18167 18168 18170 18172 18174 18176 18178 18180 18181 18182 18184 18186 18188 18190 18195 18200 18204 18208 18212 18216 18217 18218 18219 18220 18221 18222 18228 18234 18236 18238 18240 18242 18246 18250 18251 18252 18253 18254 18264 18274 18275 18276 18277 18278 18286 18294 18295 18296 18297 18298 18300 18302 18305 18308 18309 18310 18312 18314 18316 18318 18319 18320 18321 18322 18323 18324 18328 18332 18333 18334 18335 18336 18337 18338 18339 18340 18341 18342 18343 18344 18345 18346 18348 18350 18351 18352 18353 18354 18356 18358 18359 18360 18361 18362 18368 18374 18375 18376 18377 18378 18379 18380 18381 18382 18383 18384 18385 18386 18387 18388 18403 18418 18420 18422 18424 18426 18433 18440 18441 18442 18443 18444 18447 18450 18451 18452 18453 18454 18455 18456 18457 18458 18466 18474 18475 18476 18477 18478 18480 18482 18485 18488 18493 18498 18499 18500 18502 18504 18505 18506 18507 18508 18509 18510 18511 18512 18513 18514 18516 18518 18520 18522 18528 18534 18535 18536 18537 18538 18544 18550 18552 18554 18556 18558 18559 18560 18561 18562 18563 18564 18567 18570 18571 18572 18573 18574 18580 18586 18587 18588 18589 18590 18598 18606 18607 18608 18609 18610 18613 18616 18617 18618 18619 18620 18621 18622 18623 18624 18625 18626 18634 18642 18644 18646 18648 18650 18654 18658 18662 18666 18668 18670 18672 18674 18685 18696 18697 18698 18699 18700 18704 18708 18709 18710 18711 18712 18713 18714 18715 18716 18717 18718 18721 18724 18725 18726 18727 18728 18730 18732 18734 18736 18738 18740 18752 18764 18766 18768 18770 18772 18776 18780 18781 18782 18783 18784 18792 18800 18801 18802 18803 18804 18807 18810 18811 18812 18813 18814 18835 18856 18857 18858 18859 18860 18871 18882 18883 18884 18885 18886 18888 18890 18892 18894 18896 18898 18915 18932 18933 18934 18935 18936 18943 18950 18951 18952 18953 18954 18955 18956 18957 18958 18959 18960 18963 18966 18967 18968 18973 18978 18980 18982 18984 18986 18999 19012 19013 19014 19015 19016 19019 19022 19023 19024 19025 19026 19031 19036 19037 19038 19039 19040 19044 19048 19049 19050 19051 19052 19060 19068 19070 19072 19074 19076 19088 19100 19103 19106 19109 19112 19115 19118 19119 19120 19121 19122 19128 19134 19136 19138 19140 19142 19147 19152 19153 19154 19156 19158 19160 19162 19164 19166 19171 19176 19177 19178 19179 19180 19184 19188 19189 19190 19191 19192 19193 19194 19195 19196 19197 19198 19207 19216 19218 19220 19222 19224 19226 19228 19229 19230 19231 19232 19243 19254 19255 19256 19257 19258 19259 19260 19261 19262 19263 19264 19278 19292 19293 19294 19295 19296 19314 19332 19333 19334 19335 19336 19337 19338 19339 19340 19341 19342 19343 19344 19345 19346 19347 19348 19350 19352 19353 19354 19355 19356 19361 19366 19367 19368 19369 19370 19371 19372 19373 19374 19375 19376 19379 19382 19384 19386 19388 19390 19396 19402 19403 19404 19405 19406 19407 19408 19409 19410 19411 19412 19415 19418 19419 19420 19421 19422 19424 19426 19427 19428 19429 19430 19432 19434 19435 19436 19450 19464 19465 19466 19467 19468 19470 19472 19473 19474 19475 19476 19489 19502 19503 19504 19505 19506 19515 19524 19525 19526 19527 19528 19531 19534 19535 19536 19537 19538 19540 19542 19544 19546 19547 19548 19549 19550 19555 19560 19572 19584 19585 19586 19587 19588 19612 19636 19637 19638 19639 19640 19650 19660 19661 19662 19663 19664 19668 19672 19673 19674 19675 19676 19690 19704 19705 19706 19707 19708 19713 19718 19719 19720 19721 19722 19725 19728 19729 19730 19731 19732 19761 19790 19792 19794 19796 19798 19822 19846 19847 19848 19849 19850 19861 19872 19873 19874 19875 19876 19913 19950 19951 19952 19953 19954 19962 19970 19971 19972 19973 19974 19977 19980 19981 19982 19983 19984 20029 20074 20076 20078 20080 20082 20109 20136 20137 20138 20139 20140 20152 20164 20165 20166 20167 20168 20177 20186 20187 20188 20189 20190 20220 20250 20251 20252 20253 20254 20259 20264 20265 20266 20267 20268 20269 20270 20271 20272 20273 20274 20378 20482 20483 20484 20485 20486 20487 20488 20489 20490 20491 20492 20498 20504 20505 20506 20507 20508 20514 20520 20521 20522 20523 20524 20552 20580 20581 20582 20583 20584 20588 20592 20593 20594 20595 20596 20604 20612 20613 20614 20615 20616 20617 20618 20619 20620 20621 20622 20655 20688 20690 20692 20694 20696 20703 20710 20712 20714 20716 20718 20722 20726 20727 20728 20729 20730 20737 20744 20745 20746 20747 20748 20771 20794 20795 20796 20797 20798 20825 20852 20853 20854 20855 20856 20883 20910 20911 20912 20913 20914 20917 20920 20921 20922 20923 20924 20942 20960 20961 20962 20963 20964 21008 21052 21053 21054 21055 21056 21089 21122 21123 21124 21125 21126 21162 21198 21199 21200 21201 21202 21219 21236 21237 21238 21239 21240 21247 21254 21255 21256 21257 21258 21284 21310 21311 21312 21313 21314 21323 21332 21333 21334 21335 21336 21338 21340 21341 21342 21343 21344 21387 21430 21431 21432 21433 21434 21436 21438 21439 21440 21441 21442 21457 21472 21473 21474 21475 21476 21487 21498 21499 21500 21501 21502 21524 21546 21547 21548 21549 21550 21569 21588 21589 21590 21591 21592 21598 21604 21605 21606 21607 21608 21621 21634 21636 21638 21640 21642 21661 21680 21681 21682 21699 21716 21717 21718 21719 21720 21767 21814 21815 21816 21817 21818 21840 21862 21863 21864 21865 21866 21870 21874 21875 21876 21877 21878 21879 21880 21881 21882 21883 21884 21888 21892 21893 21894 21895 21896 21907 21918 21919 21920 21921 21922 21924 21926 21927 21928 21929 21930 21947 21964 21965 21966 21967 21968 21973 21978 21979 21980 21981 21982 21983 21984 21985 21986 21987 21988 21992 21996 21997 21998 21999 22000 22022 22044 22046 22048 22050 22052 22086 22120 22121 22122 22123 22124 22150 22176 22177 22178 22179 22180 22182 22184 22185 22186 22187 22188 22211 22234 22235 22236 22237 22238 22239 22240 22242 22244 22246 22248 22251 22254 22255 22256 22257 22258 22265 22272 22273 22274 22275 22276 22282 22288 22289 22290 22291 22292 22298 22304 22305 22306 22307 22308 22313 22318 22319 22320 22321 22322 22324 22326 22327 22328 22329 22330 22336 22342 22343 22344 22345 22346 22353 22360 22362 22364 22366 22368 22377 22386 22742 23098 23099 23100 23101 23102 23171 23240 23382 23524 23545 23566 23577 23588 24613 23588 24077 4095 5258
0 3076 6152 6198 6244 6245 6246 6247 6248 6254 6260 6261 6262 6263 6264 6409 6554 6555 6556 6557 6558 6605 6652 6653 6654 6655 6656 6741 6826 6827 6828 6829 6830 6847 6864 6865 6866 6867 6868 6929 6990 6991 6992 6993 6994 7049 7104 7105 7106 7107 7108 7249 7390 7391 7392 7393 7394 7415 7436 7437 7438 7439 7440 7451 7462 7463 7464 7465 7466 7536 7606 7607 7608 7609 7610 7683 7756 7757 7758 7759 7760 7771 7782 7783 7784 7785 7786 7866 7946 7947 7948 8010 8072 8073 8074 8075 8076 8167 8258 8259 8260 8261 8262 8269 8276 8277 8278 8279 8280 8301 8322 8323 8324 8325 8326 8346 8366 8367 8368 8370 8372 8373 8374 8376 8378 8462 8546 8547 8548 8549 8550 8551 8552 8553 8554 8555 8556 8596 8636 8637 8638 8639 8640 8688 8736 8737 8738 8739 8740 8846 8952 8953 8954 8955 8956 8968 8980 8981 8982 8983 8984 9021 9058 9059 9060 9061 9062 9093 9124 9125 9126 9127 9128 9175 9222 9223 9224 9225 9226 9325 9424 9425 9426 9427 9428 9460 9492 9493 9494 9495 9496 9511 9526 9527 9528 9529 9530 9534 9538 9539 9540 9541 9542 9545 9548 9549 9550 9551 9552 9553 9554 9555 9556 9600 9644 9645 9646 9647 9648 9665 9682 9683 9684 9685 9686 9796 9906 9907 9908 9909 9910 9925 9940 9941 9942 9943 9944 9950 9956 9957 9958 9959 9960 9967 9974 9975 9976 9977 9978 9979 9980 9981 9982 9984 9986 9987 9988 9989 9990 9993 9996 9997 9998 10005 10012 10013 10014 10015 10016 10021 10026 10027 10028 10029 10030 10033 10036 10037 10038 10039 10040 10041 10042 10043 10044 10047 10050 10051 10052 10053 10054 10067 10080 10081 10082 10083 10084 10098 10112 10113 10114 10115 10116 10147 10178 10179 10180 10181 10182 10191 10200 10201 10202 10203 10204 10228 10252 10423 10594 10595 10596 10597 10598 10599 10600 10603 10606 10607 10608 10609 10610 10611 10612 10613 10614 10625 10636 10637 10638 10639 10640 10651 10662 10663 10664 10665 10666 10668 10670 10671 10672 10673 10674 10675 10676 10677 10678 10679 10680 10685 10690 10691 10692 10693 10694 10722 10750 10752 10754 10756 10758 10767 10776 10777 10778 10779 10780 10808 10836 10837 10838 10839 10840 10862 10884 10885 10886 10887 10888 10899 10910 10911 10912 10913 10914 10923 10932 10933 10934 10935 10936 10981 11026 11028 11030 11032 11034 11045 11056 11057 11058 11059 11060 11069 11078 11079 11080 11081 11082 11108 11134 11135 11136 11137 11138 11147 11156 11157 11158 11159 11160 11183 11206 11207 11208 11209 11210 11248 11286 11287 11288 11289 11290 11312 11334 11335 11336 11337 11338 11353 11368 11369 11370 11371 11372 11386 11400 11401 11402 11403 11404 11415 11426 11427 11428 11432 11436 11437 11438 11439 11440 11660 11880 11882 11884 11886 11888 11889 11890 11891 11892 11893 11894 11895 11896 11897 11898 12020 12142 12143 12144 12145 12146 12181 12216 12217 12218 12219 12220 12256 12292 12293 12294 12295 12296 12439 12582 12583 12584 12585 12586 12607 12628 12629 12630 12631 12632 12663 12694 12695 12696 12697 12698 12710 12722 12723 12724 12725 12726 12766 12806 12807 12808 12809 12810 12845 12880 12881 12882 12883 12884 12923 12962 12963 12964 12965 12966 13077 13188 13189 13190 13191 13192 13205 13218 13219 13220 13221 13222 13245 13268 13269 13270 13271 13272 13317 13362 13363 13364 13365 13366 13472 13578 13579 13580 13581 13582 13629 13676 13677 13678 13679 13680 13756 13832 13833 13834 13835 13836 13854 13872 15751 15751 17017 3076 4032

0 3076 6152 6198 6244 6245 6246 6247 6248 6254 6260 6261 6262 6263 6264 6409 6554 6555 6556 6557 6558 6605 6652 6653 6654 6655 6656 6741 6826 6827 6828 6829 6830 6847 6864 6865 6866 6867 6868 6929 6990 6991 6992 6993 6994 7049 7104 7105 7106 7107 7108 7249 7390 7391 7392 7393 7394 7415 7436 7437 7438 7439 7440 7451 7462 7463 7464 7465 7466 7536 7606 7607 7608 7609 7610 7683 7756 7757 7758 7759 7760 7771 7782 7783 7784 7785 7786 7866 7946 7947 7948 8010 8072 8073 8074 8075 8076 8167 8258 8259 8260 8261 8262 8269 8276 8277 8278 8279 8280 8301 8322 8323 8324 8325 8326 8346 8366 8367 8368 8370 8372 8373 8374 8376 8378 8462 8546 8547 8548 8549 8550 8551 8552 8553 8554 8555 8556 8596 8636 8637 8638 8639 8640 8688 8736 8737 8738 8739 8740 8846 8952 8953 8954 8955 8956 8968 8980 8981 8982 8983 8984 9021 9058 9059 9060 9061 9062 9093 9124 9125 9126 9127 9128 9175 9222 9223 9224 9225 9226 9325 9424 9425 9426 9427 9428 9460 9492 9493 9494 9495 9496 9511 9526 9527 9528 9529 9530 9534 9538 9539 9540 9541 9542 9545 9548 9549 9550 9551 9552 9553 9554 9555 9556 9600 9644 9645 9646 9647 9648 9665 9682 9683 9684 9685 9686 9796 9906 9907 9908 9909 9910 9925 9940 9941 9942 9943 9944 9950 9956 9957 9958 9959 9960 9967 9974 9975 9976 9977 9978 9979 9980 9981 9982 9984 9986 9987 9988 9989 9990 9993 9996 9997 9998 10005 10012 10013 10014 10015 10016 10021 10026 10027 10028 10029 10030 10033 10036 10037 10038 10039 10040 10041 10042 10043 10044 10047 10050 10051 10052 10053 10054 10067 10080 10081 10082 10083 10084 10098 10112 10113 10114 10115 10116 10147 10178 10179 10180 10181 10182 10191 10200 10201 10202 10203 10204 10228 10252 10423 10594 10595 10596 10597 10598 10599 10600 10603 10606 10607 10608 10609 10610 10611 10612 10613 10614 10625 10636 10637 10638 10639 10640 10651 10662 10663 10664 10665 10666 10668 10670 10671 10672 10673 10674 10675 10676 10677 10678 10679 10680 10685 10690 10691 10692 10693 10694 10722 10750 10752 10754 10756 10758 10767 10776 10777 10778 10779 10780 10808 10836 10837 10838 10839 10840 10862 10884 10885 10886 10887 10888 10899 10910 10911 10912 10913 10914 10923 10932 10933 10934 10935 10936 10981 11026 11028 11030 11032 11034 11045 11056 11057 11058 11059 11060 11069 11078 11079 11080 11081 11082 11108 11134 11135 11136 11137 11138 11147 11156 11157 11158 11159 11160 11183 11206 11207 11208 11209 11210 11248 11286 11287 11288 11289 11290 11312 11334 11335 11336 11337 11338 11353 11368 11369 11370 11371 11372 11386 11400 11401 11402 11403 11404 11415 11426 11427 11428 11432 11436 11437 11438 11439 11440 11660 11880 11882 11884 11886 11888 11889 11890 11891 11892 11893 11894 11895 11896 11897 11898 12020 12142 12143 12144 12145 12146 12181 12216 12217 12218 12219 12220 12256 12292 12293 12294 12295 12296 12439 12582 12583 12584 12585 12586 12607 12628 12629 12630 12631 12632 12663 12694 12695 12696 12697 12698 12710 12722 12723 12724 12725 12726 12766 12806 12807 12808 12809 12810 12845 12880 12881 12882 12883 12884 12923 12962 12963 12964 12965 12966 13077 13188 13189 13190 13191 13192 13205 13218 13219 13220 13221 13222 13245 13268 13269 13270 13271 13272 13317 13362 13363 13364 13365 13366 13472 13578 13579 13580 13581 13582 13629 13676 13677 13678 13679 13680 13756 13832 13833 13834 13835 13836 13854 13872 15751 15751 17037 3076 4032
0 4797 9594 9607 9620 9621 9622 9623 9624 9666 9708 9709 9710 9711 9712 9713 9714 9716 9718 9720 9722 9738 9754 9755 9756 9757 9758 9878 9998 9999 10000 10001 10002 10006 10010 10011 10012 10013 10014 10053 10092 10093 10094 10095 10096 10123 10150 10151 10152 10153 10154 10156 10158 10159 10160 10161 10162 10165 10168 10169 10170 10171 10172 10173 10174 10175 10176 10177 10178 10216 10254 10255 10256 10257 10258 10259 10260 10261 10262 10263 10264 10266 10268 10269 10270 10271 10272 10274 10276 13520 10276 12892 0 1498
0 3926 7852 7860 7868 7869 7870 7871 7872 7884 7896 7897 7898 7899 7900 7912 7924 7925 7926 7927 7928 7946 7964 7965 7966 7967 7968 7997 8026 8027 8028 8029 8030 8064 8098 8099 8100 8101 8102 8106 8110 8111 8112 8113 8114 8122 8130 8131 8132 8133 8134 8143 8152 8153 8154 8155 8156 8157 8158 8159 8160 8161 8162 8164 8166 8167 8168 8169 8170 8175 8180 8181 8182 8183 8184 8187 8190 8191 8192 8193 8194 8205 8216 8217 8218 8219 8220 8226 8232 8233 8234 8235 8236 8329 8422 8423 8424 8425 8426 8434 8442 8443 8444 8445 8446 8479 8512 8513 8514 8515 8516 8521 8526 8527 8528 8529 8530 8541 8552 8553 8554 8555 8556 8565 8574 8575 8576 8577 8578 8605 8632 8638 8644 8645 8646 8647 8648 8653 8658 8659 8660 8661 8662 8671 8680 8681 8682 8683 8684 8694 8704 8705 8706 8707 8708 8712 8716 8717 8718 8719 8720 8728 8736 8737 8738 8739 8740 8745 8750 8751 8752 8753 8754 8760 8766 8767 8768 8769 8770 8771 8772 8773 8774 8778 8782 8783 8784 8785 8786 8791 8796 8797 8798 8799 8800 8805 8810 8812 8814 8816 8818 8823 8828 8829 8830 8831 8832 8834 8836 8837 8838 8839 8840 8880 8920 8921 8922 8923 8924 8925 8926 8927 8928 8942 8956 8957 8958 8959 8960 8968 8976 8977 8978 8979 8980 8996 9012 9013 9014 9015 9016 9028 9040 9041 9042 9043 9044 9046 9048 9049 9050 9051 9052 9054 9056 9058 9060 9084 9108 9109 9110 9111 9112 9118 9124 9125 9126 9127 9128 9170 9212 9214 9216 9218 9220 9229 9238 9239 9240 9241 9242 9277 9312 9313 9314 9315 9316 9321 9326 9327 9328 9329 9330 9473 9616 9617 9618 9619 9620 9628 9636 9637 9638 9639 9640 9646 9652 9653 9654 9655 9656 9663 9670 9671 9672 9673 9674 9694 9714 9715 9716 9717 9718 9722 9726 9727 9728 9729 9730 9738 9746 9747 9748 9749 9750 9785 9820 9822 9824 9826 9828 9843 9858 9859 9860 9861 9862 9919 9976 9977 9978 9979 9980 10068 10156 10157 10158 10159 10160 10166 10172 10173 10174 10175 10176 10209 10242 10243 10244 10245 10246 10308 10370 10371 10372 10373 10374 10400 10426 10427 10428 10429 10430 10442 10454 10455 10456 10457 10458 10477 10496 10497 10498 10499 10500 10523 10546 10547 10548 10549 10550 10552 10554 10555 10556 10557 10558 10560 10562 10563 10564 10565 10566 10578 10590 10591 10592 10593 10594 10605 10616 10617 10618 10619 10620 10642 10664 10665 10666 10667 10668 10694 10720 10721 10722 10723 10724 10737 10750 10752 10754 10756 10758 10764 10770 15567 10770 15087 0 870
0 4797 9594 9607 9620 9621 9622 9623 9624 9666 9708 9709 9710 9711 9712 9713 9714 9716 9718 9720 9722 9738 9754 9755 9756 9757 9758 9878 9998 9999 10000 10001 10002 10006 10010 10011 10012 10013 10014 10053 10092 10093 10094 10095 10096 10123 10150 10151 10152 10153 10154 10156 10158 10159 10160 10161 10162 10165 10168 10169 10170 10171 10172 10173 10174 10175 10176 10177 10178 10216 10254 10255 10256 10257 10258 10259 10260 10261 10262 10263 10264 10266 10268 10269 10270 10271 10272 10274 10276 13520 10276 12933 0 1498
0 3926 7852 7860 7868 7869 7870 7871 7872 7884 7896 7897 7898 7899 7900 7912 7924 7925 7926 7927 7928 7946 7964 7965 7966 7967 7968 7997 8026 8027 8028 8029 8030 8064 8098 8099 8100 8101 8102 8106 8110 8111 8112 8113 8114 8122 8130 8131 8132 8133 8134 8143 8152 8153 8154 8155 8156 8157 8158 8159 8160 8161 8162 8164 8166 8167 8168 8169 8170 8175 8180 8181 8182 8183 8184 8187 8190 8191 8192 8193 8194 8205 8216 8217 8218 8219 8220 8226 8232 8233 8234 8235 8236 8329 8422 8423 8424 8425 8426 8434 8442 8443 8444 8445 8446 8479 8512 8513 8514 8515 8516 8521 8526 8527 8528 8529 8530 8541 8552 8553 8554 8555 8556 8565 8574 8575 8576 8577 8578 8605 8632 8638 8644 8645 8646 8647 8648 8653 8658 8659 8660 8661 8662 8671 8680 8681 8682 8683 8684 8694 8704 8705 8706 8707 8708 8712 8716 8717 8718 8719 8720 8728 8736 8737 8738 8739 8740 8745 8750 8751 8752 8753 8754 8760 8766 8767 8768 8769 8770 8771 8772 8773 8774 8778 8782 8783 8784 8785 8786 8791 8796 8797 8798 8799 8800 8805 8810 8812 8814 8816 8818 8823 8828 8829 8830 8831 8832 8834 8836 8837 8838 8839 8840 8880 8920 8921 8922 8923 8924 8925 8926 8927 8928 8942 8956 8957 8958 8959 8960 8968 8976 8977 8978 8979 8980 8996 9012 9013 9014 9015 9016 9028 9040 9041 9042 9043 9044 9046 9048 9049 9050 9051 9052 9054 9056 9058 9060 9084 9108 9109 9110 9111 9112 9118 9124 9125 9126 9127 9128 9170 9212 9214 9216 9218 9220 9229 9238 9239 9240 9241 9242 9277 9312 9313 9314 9315 9316 9321 9326 9327 9328 9329 9330 9473 9616 9617 9618 9619 9620 9628 9636 9637 9638 9639 9640 9646 9652 9653 9654 9655 9656 9663 9670 9671 9672 9673 9674 9694 9714 9715 9716 9717 9718 9722 9726 9727 9728 9729 9730 9738 9746 9747 9748 9749 9750 9785 9820 9822 9824 9826 9828 9843 9858 9859 9860 9861 9862 9919 9976 9977 9978 9979 9980 10068 10156 10157 10158 10159 10160 10166 10172 10173 10174 10175 10176 10209 10242 10243 10244 10245 10246 10308 10370 10371 10372 10373 10374 10400 10426 10427 10428 10429 10430 10442 10454 10455 10456 10457 10458 10477 10496 10497 10498 10499 10500 10523 10546 10547 10548 10549 10550 10552 10554 10555 10556 10557 10558 10560 10562 10563 10564 10565 10566 10578 10590 10591 10592 10593 10594 10605 10616 10617 10618 10619 10620 10642 10664 10665 10666 10667 10668 10694 10720 10721 10722 10723 10724 10737 10750 10752 10754 10756 10758 10764 10770 15567 10770 15127 0 897
0 1879 3758 3828 3898 3899 3900 3901 3902 3957 4012 4013 4014 4015 4016 4110 4204 4205 4206 4207 4208 4251 4294 4295 4296 4298 4300 4301 4302 4303 4304 4325 4346 4347 4348 4349 4350 4361 4372 4373 4374 4375 4376 4405 4434 4435 4436 4437 4438 4439 4440 4441 4442 4445 4448 4449 4450 4460 4470 4471 4472 4473 4474 4479 4484 4485 4486 4487 4488 4491 4494 4496 4498 4500 4502 4505 4508 4509 4510 4511 4512 4522 4532 4533 4534 4535 4536 4538 4540 4541 4542 4543 4544 4562 4580 4581 4582 4583 4584 4597 4610 4611 4612 4613 4614 4637 4660 4661 4662 4663 4664 4677 4690 4691 4692 4693 4694 4705 4716 4717 4718 4719 4720 4721 4722 4723 4724 4725 4726 4729 4732 4733 4734 4735 4736 4740 4744 4745 4746 4747 4748 4752 4756 4758 4760 4762 4764 4766 4768 4769 4770 4771 4772 4787 4802 4803 4804 4805 4806 4811 4816 4817 4818 4819 4820 4824 4828 4829 4830 4831 4832 4840 4848 4849 4850 4851 4852 4855 4858 4859 4860 4861 4862 4864 4866 4867 4868 4869 4870 4881 4892 4893 4894 4900 4906 4907 4908 4909 4910 4940 4970 4971 4972 4973 4974 4976 4978 4980 4982 4984 4986 5012 5038 5039 5040 5041 5042 5060 5078 5079 5080 5081 5082 5087 5092 5094 5096 5098 5100 5111 5122 5123 5124 5125 5126 5131 5136 5138 5140 5142 5144 5149 5154 5155 5156 5157 5158 5162 5166 5167 5168 5169 5170 5191 5212 5213 5214 5215 5216 5232 5248 5251 5254 5257 5260 5273 5286 5287 5288 5289 5290 5300 5310 5311 5312 5313 5314 5328 5342 5343 5344 5345 5346 5351 5356 5357 5358 5359 5360 5363 5366 5369 5372 5373 5374 5377 5380 5381 5382 5385 5388 5390 5392 5394 5396 5421 5446 5447 5448 5449 5450 5453 5456 5457 5458 5459 5460 5490 5520 5521 5522 5523 5524 5531 5538 5539 5540 5541 5542 5549 5556 5557 5558 5559 5560 5576 5592 5593 5594 5595 5596 5606 5616 5617 5618 5619 5620 5632 5644 5645 5646 5647 5648 5657 5666 5667 5668 5669 5670 5706 5742 5743 5744 5745 5746 5747 5748 5749 5750 5751 5752 5856 5960 5961 5962 5963 5964 5965 5966 5967 5968 5969 5970 5971 5972 5973 5974 5975 5976 5980 5984 5985 5986 5987 5988 5994 6000 6001 6002 6003 6004 6032 6060 6061 6062 6063 6064 6068 6072 6073 6074 6075 6076 6084 6092 6093 6094 6095 6096 6097 6098 6099 6100 6101 6102 6106 6110 6111 6112 6113 6114 6135 6156 6270 6384 6385 6386 6387 6388 6474 6560 6561 6562 6563 6564 6643 6722 6723 6724 6725 6726 6767 6808 6809 6810 6811 6812 6869 6926 6927 6928 6929 6930 7020 7110 7112 7114 7116 7118 7186 7254 7255 7256 7257 7258 7492 7726 7727 7728 7729 7730 7749 7768 7769 7770 7771 7772 7800 7828 7829 7830 7831 7832 7859 7886 7908 7930 7931 7932 7933 7934 7935 7936 7937 7938 7939 7940 7961 7982 7983 7984 7985 7986 7993 8000 8001 8002 8003 8004 8031 8058 8059 8060 8061 8062 8093 8124 8125 8126 8127 8128 8189 8250 8251 8252 8253 8254 8255 8256 8257 8258 8259 8260 8272 8284 8285 8286 8287 8288 8289 8290 8291 8292 8293 8294 8295 8296 8297 8298 8315 8332 8333 8334 8335 8336 8372 8408 8409 8410 8411 8412 8429 8446 8447 8448 8449 8450 8457 8464 8465 8466 8467 8468 8469 8470 8471 8472 8473 8474 8498 8522 8523 8524 8525 8526 8528 8530 8531 8532 8533 8534 8540 8546 8547 8548 8549 8550 8552 8554 8555 8556 8557 8558 8568 8578 8579 8580 8581 8582 8594 8606 8626 8646 8647 8648 8649 8650 8652 8654 8655 8656 8657 8658 8673 8688 8689 8690 8691 8692 8703 8714 8715 8716 8717 8718 8740 8762 8763 8764 8765 8766 8792 8818 8819 8820 8821 8822 8831 8840 8841 8842 8843 8844 8847 8850 8852 8854 8856 8858 8939 9020 9021 9022 9023 9024 9027 9030 9031 9032 9033 9034 9061 9088 9089 9090 9091 9092 9093 9094 9095 9096 9097 9098 9103 9108 9109 9110 9111 9112 9180 9248 9249 9250 9251 9252 9286 9320 9321 9322 9323 9324 9434 9544 9545 9546 9547 9548 9676 9804 9805 9806 9807 9808 10041 10274 10275 10276 10277 10278 10347 10416 10470 10524 10525 10526 10527 10528 10533 10538 10539 10540 10541 10542 10552 10562 10563 10564 10565 10566 10584 10602 10603 10604 10605 10606 10642 10678 10679 10680 10681 10682 10755 10828 10830 10832 10834 10836 10971 11106 11107 11108 11109 11110 11142 11174 11175 11176 11177 11178 11185 11192 11193 11194 11195 11196 11271 11346 11347 11348 11349 11350 11445 11540 11541 11542 11543 11544 11559 11574 11575 11576 11577 11578 11591 11604 11605 11606 11607 11608 11631 11654 11655 11656 11657 11658 11810 11962 11963 11964 11965 11966 12013 12060 12061 12062 12063 12064 12229 12394 12395 12396 12397 12398 12453 12508 12509 12510 12511 12512 12653 12794 12795 12796 12797 12798 12810 12822 12823 12824 12825 12826 12834 12842 12843 12844 12845 12846 12857 12868 12869 12870 12871 12872 12901 12930 12932 12934 12936 12938 12944 12950 12951 12952 12959 12966 12967 12968 12969 12970 12975 12980 12981 12982 12983 12984 12987 12990 12992 12994 12996 12998 13001 13004 13005 13006 13007 13008 13018 13028 13029 13030 13031 13032 13034 13036 13037 13038 13039 13040 13096 13152 13153 13154 13155 13156 13169 13182 13183 13184 13185 13186 13197 13208 13209 13210 13211 13212 13213 13214 13215 13216 13217 13218 13221 13224 13225 13226 13227 13228 13232 13236 13237 13238 13239 13240 13244 13248 13250 13252 13254 13256 13258 13260 13261 13262 13263 13264 13279 13294 13295 13296 13297 13298 13303 13308 13309 13310 13311 13312 13329 13346 13347 13348 13349 13350 13352 13354 13355 13356 13357 13358 13375 13392 13393 13394 13396 13398 13428 13458 13459 13460 13461 13462 13464 13466 13468 13470 13472 13474 13500 13526 13527 13528 13529 13530 13548 13566 13567 13568 13569 13570 13575 13580 13582 13584 13586 13588 13599 13610 13611 13612 13613 13614 13619 13624 13626 13628 13630 13632 13637 13642 13643 13644 13645 13646 13650 13654 13655 13656 13657 13658 13679 13700 13701 13702 13703 13704 13720 13736 13739 13742 13745 13748 13761 13774 13775 13776 13777 13778 13788 13798 13799 13800 13801 13802 13816 13830 13831 13832 13833 13834 13839 13844 13845 13846 13847 13848 13854 13860 13861 13862 13863 13864 13867 13870 13872 13874 13876 13878 13903 13928 13929 13930 13931 13932 13935 13938 13939 13940 13941 13942 13950 13958 13959 13960 13961 13962 13999 14036 14037 14038 14039 14040 14067 14094 14095 14096 14097 14098 14110 14122 14123 14124 14125 14126 14135 14144 14145 14146 14147 14148 14184 14220 14221 14222 14223 14224 14225 14226 14227 14228 14229 14230 14334 14438 14439 14440 14441 14442 14443 14444 14445 14446 14447 14448 14454 14460 14461 14462 14463 14464 14470 14476 14477 14478 14479 14480 14508 14536 14537 14538 14539 14540 14544 14548 14549 14550 14551 14552 14560 14568 14569 14570 14571 14572 14573 14574 14575 14576 14577 14578 14611 14644 14646 14648 14650 14652 14659 14666 14668 14670 14672 14674 14678 14682 14683 14684 14685 14686 14693 14700 14701 14702 14703 14704 14719 14734 14735 14736 14737 14738 14773 14808 14809 14810 14811 14812 14839 14866 14867 14868 14869 14870 14873 14876 14877 14878 14879 14880 14943 15006 15007 15008 15009 15010 15030 15050 15051 15052 15056 15060 15061 15062 15069 15076 15077 15078 15079 15080 15091 15102 15103 15104 15105 15106 15130 15154 15155 15156 15157 15158 15175 15192 15193 15194 15195 15196 15203 15210 15211 15212 15213 15214 15231 15248 15249 15250 15251 15252 15260 15268 15269 15270 15271 15272 15280 15288 15289 15290 15291 15292 15293 15294 15296 15298 15299 15300 15301 15302 15345 15388 15389 15390 15391 15392 15394 15396 15397 15398 15399 15400 15415 15430 15431 15432 15433 15434 15445 15456 15457 15458 15459 15460 15463 15466 15467 15468 15474 15480 15481 15482 15490 15498 15499 15500 15502 15504 15505 15506 15507 15508 15519 15530 15531 15532 15537 15542 15543 15544 15547 15550 15551 15552 15556 15560 15561 15562 15563 15564 15573 15582 15583 15584 15585 15586 15589 15592 15594 15596 15598 15600 15613 15626 15627 15628 15636 15644 15645 15646 15660 15674 15675 15676 15677 15678 15685 15692 15693 15694 15729 15764 15765 15766 15769 15772 15773 15774 15775 15776 15798 15820 15821 15822 15823 15824 15828 15832 15833 15834 15835 15836 15837 15838 15839 15840 15841 15842 15846 15850 15851 15852 15853 15854 15855 15856 15866 15876 15877 15878 15879 15880 15882 15884 15885 15886 15887 15888 15905 15922 15923 15924 15925 15926 15931 15936 15937 15938 15939 15940 15941 15942 15943 15944 15945 15946 15973 16000 16001 16002 16003 16004 16005 16006 16007 16008 16030 16052 16053 16054 16065 16076 16077 16078 16079 16080 16106 16132 16133 16134 16135 16136 16138 16140 16141 16142 16143 16144 16145 16146 17995 17995 19043 1879 2454
0 4797 9594 9607 9620 9621 9622 9623 9624 9666 9708 9709 9710 9711 9712 9713 9714 9716 9718 9720 9722 9738 9754 9755 9756 9757 9758 9878 9998 9999 10000 10001 10002 10006 10010 10011 10012 10013 10014 10053 10092 10093 10094 10095 10096 10123 10150 10151 10152 10153 10154 10156 10158 10159 10160 10161 10162 10165 10168 10169 10170 10171 10172 10173 10174 10175 10176 10177 10178 10216 10254 10255 10256 10257 10258 10259 10260 10261 10262 10263 10264 10266 10268 10269 10270 10271 10272 10274 10276 13520 10276 12295 0 1500
0 4797 9594 9607 9620 9621 9622 9623 9624 9666 9708 9709 9710 9711 9712 9713 9714 9716 9718 9720 9722 9738 9754 9755 9756 9757 9758 9878 9998 9999 10000 10001 10002 10006 10010 10011 10012 10013 10014 10053 10092 10093 10094 10095 10096 10123 10150 10151 10152 10153 10154 10156 10158 10159 10160 10161 10162 10165 10168 10169 10170 10171 10172 10173 10174 10175 10176 10177 10178 10216 10254 10255 10256 10257 10258 10259 10260 10261 10262 10263 10264 10266 10268 10269 10270 10271 10272 10274 10276 13520 10276 12935 0 1498




0 6998 13996 17625 0 5608 13996 15247
0 848 1696 1701 1706 1707 1708 1709 1710 1715 1720 1722 1724 1726 1728 1740 1752 1753 1754 1755 1756 1759 1762 1763 1764 1765 1766 1790 1814 1815 1816 1817 1818 1847 1876 1877 1878 1879 1880 1894 1908 1913 1918 1922 1926 1927 1928 1929 1930 1931 1932 1933 1934 1935 1936 1939 1942 1943 1944 1945 1946 1954 1962 1963 1964 1965 1966 1976 1986 1987 1988 1989 1990 1991 1992 2032 2072 2073 2074 2075 2076 2098 2120 2121 2122 2123 2124 2127 2130 2132 2134 2136 2138 2143 2148 2149 2150 2151 2152 2158 2164 2282 2400 2405 2410 2602 2794 2799 2804 2806 2808 2809 2810 2811 2812 2821 2830 2831 2832 2833 2834 2838 2842 2843 2844 2845 2846 2856 2866 2867 2868 2869 2870 2871 2872 2873 2874 2875 2876 2877 2878 2879 2880 2881 2882 2883 2884 2885 2886 2896 2906 2907 2908 2909 2910 2914 2918 2919 2920 2921 2922 2938 2954 2955 2956 2957 2958 2960 2962 2963 2964 2965 2966 2968 2970 2973 2976 2979 2982 2984 2986 2987 2988 2989 2990 2994 2998 3023 3048 3067 3086 3087 3088 3089 3090 3096 3102 3104 3106 3108 3110 3113 3116 3118 3120 3122 3124 3127 3130 3132 3134 3136 3138 3149 3160 3161 3162 3163 3164 3170 3176 3177 3178 3179 3180 3188 3196 3197 3198 3199 3200 3203 3206 3207 3208 3209 3210 3211 3212 3213 3214 3215 3216 3220 3224 3225 3226 3227 3228 3237 3246 3247 3248 3249 3250 3252 3254 3255 3256 3257 3258 3265 3272 3273 3274 3275 3276 3283 3290 3291 3292 3293 3294 3295 3296 3297 3298 3299 3300 3302 3304 3305 3306 3307 3308 3313 3318 3319 3320 3321 3322 3330 3338 3340 3342 3344 3346 3348 3350 3352 3354 3356 3358 3361 3364 3365 3366 3367 3368 3379 3390 3391 3392 3393 3394 3397 3400 3705 4010 4019 4028 4029 4030 4031 4032 4034 4036 4037 4038 4039 4040 4048 4056 4057 4058 4059 4060 4078 4096 4098 4100 4102 4104 4110 4116 4117 4118 4119 4120 4126 4132 4133 4134 4135 4136 4137 4138 4143 4148 4149 4150 4151 4152 4156 4160 4161 4162 4163 4164 4165 4166 4169 4172 4175 4178 4181 4184 4185 4186 4187 4188 4190 4192 4193 4194 4195 4196 4198 4200 4202 4204 4206 4208 4214 4220 4221 4222 4223 4224 4234 4244 4245 4246 4247 4248 4249 4250 4251 4252 4259 4266 4268 4270 4272 4274 4276 4278 4281 4284 4287 4290 4295 4300 4301 4302 4303 4304 4309 4314 4315 4316 4317 4318 4322 4326 4327 4328 4329 4330 4332 4334 4335 4336 4337 4338 4342 4346 4349 4352 4355 4358 4363 4368 4369 4370 4371 4372 4384 4396 4397 4398 4399 4400 4407 4414 4546 4678 4686 4694 4695 4696 4697 4698 4713 4728 4729 4730 4731 4732 4742 4752 4757 4762 4763 4764 4765 4766 4767 4768 4785 4802 4803 4804 4805 4806 4807 4808 4809 4810 4811 4812 4817 4822 4823 4824 4825 4826 4828 4830 4832 4834 4836 4838 4860 4882 4884 4886 4888 4890 4893 4896 4898 4900 4902 4904 4905 4906 4907 4908 4909 4910 4911 4912 4913 4914 4915 4916 4920 4924 4925 4926 4927 4928 4940 4952 4953 4954 4955 4956 4957 4958 4960 4962 4964 4966 4973 4980 4981 4982 4983 4984 4990 4996 4997 4998 4999 5000 5001 5002 5003 5004 5005 5006 5008 5010 5013 5016 5019 5022 5023 5024 5026 5028 5030 5032 5042 5052 5054 5056 5058 5060 5086 5112 5113 5114 5150 5186 5193 5200 5201 5202 5203 5204 5212 5220 5221 5222 5223 5224 5230 5236 5237 5238 5239 5240 5242 5244 5245 5246 5247 5248 5249 5250 5251 5252 5256 5260 5265 5270 5273 5276 5277 5278 5279 5280 5284 5288 5293 5298 5299 5300 5301 5302 5308 5314 5315 5316 5317 5318 5332 5346 5347 5348 5349 5350 5361 5372 5373 5374 5375 5376 5377 5378 5379 5380 5381 5382 5385 5388 5389 5390 5395 5400 5410 5420 5421 5422 5423 5424 5425 5426 5428 5430 5432 5434 5438 5442 5443 5444 5445 5446 5460 5474 5475 5476 5477 5478 5483 5488 5489 5490 5491 5492 5497 5502 5507 5512 5534 5556 5558 5560 5562 5564 5583 5602 5603 5604 5605 5606 5618 5630 5631 5632 5633 5634 5640 5646 5647 5648 5649 5650 5671 5692 5693 5694 5695 5696 5699 5702 5704 5706 5708 5710 5712 5714 5715 5716 5717 5718 5719 5720 5721 5722 5723 5724 5728 5732 5747 5762 5764 5766 5767 5768 5769 5770 5771 5772 5773 5774 5775 5776 5783 5790 5792 5794 5796 5798 5803 5808 5809 5810 5811 5812 5823 5834 5835 5836 5837 5838 5841 5844 5845 5846 5847 5848 5849 5850 5851 5852 5853 5854 5857 5860 5861 5862 5863 5864 5870 5876 5877 5878 5879 5880 5881 5882 5883 5884 5885 5886 5889 5892 5893 5894 5895 5896 5898 5900 5902 5904 5906 5908 5912 5916 5917 5918 5919 5920 5937 5954 5955 5956 5957 5958 5959 5960 5962 5964 5966 5968 5973 5978 5983 5988 5994 6000 6001 6002 6003 6004 6005 6006 6007 6008 6009 6010 6014 6018 6020 6022 6024 6026 6035 6044 6047 6050 6053 6056 6057 6058 6060 6062 6064 6066 6069 6072 6075 6078 6081 6084 6086 6088 6091 6094 6095 6096 6098 6100 6102 6104 6106 6108 6110 6112 6113 6114 6115 6116 6122 6128 6129 6130 6131 6132 6133 6134 6135 6136 6137 6138 6140 6142 6144 6146 6148 6150 6152 6154 6155 6156 6157 6158 6160 6162 6164 6166 6168 6170 6177 6184 6185 6186 6187 6188 6189 6190 6193 6196 6199 6202 6205 6208 6212 6216 6224 6232 6233 6234 6235 6236 6237 6238 6242 6246 6248 6250 6252 6254 6259 6264 6265 6266 6267 6268 6270 6272 6273 6274 6275 6276 6282 6288 6289 6290 6291 6292 6294 6296 6297 6298 6299 6300 6304 6308 6310 6312 6313 6314 6315 6316 6317 6318 6324 6330 6331 6332 6333 6334 6335 6336 6337 6338 6339 6340 6341 6342 6343 6344 6345 6346 6347 6348 6353 6358 6359 6360 6361 6362 6368 6374 6375 6376 6377 6378 6380 6382 6383 6384 6385 6386 6388 6390 6395 6400 6401 6402 6403 6404 6408 6412 6413 6414 6415 6416 6417 6418 6419 6420 6421 6422 6423 6424 6425 6426 6427 6428 6429 6430 6435 6440 6442 6444 6446 6448 6452 6456 6457 6458 6459 6460 6463 6466 6467 6468 6469 6470 6471 6472 6473 6474 6475 6476 6484 6492 6493 6494 6495 6496 6497 6498 6499 6500 6501 6502 6508 6514 6515 6516 6591 6666 6667 6668 6671 6674 6676 6678 6680 6682 6684 6686 6688 6690 6692 6694 6695 6696 6697 6698 6701 6704 6705 6706 6707 6708 6717 6726 6727 6728 6729 6730 6731 6732 6733 6734 6735 6736 6743 6750 6751 6752 6753 6754 6772 6790 6791 6792 6793 6794 6796 6798 6799 6800 6801 6802 6806 6810 6811 6812 6813 6814 6815 6816 6817 6818 6819 6820 6821 6822 6823 6824 6825 6826 6827 6828 6829 6830 6834 6838 6842 6846 6849 6852 6853 6854 6855 6856 6858 6860 6861 6862 6863 6864 6877 6890 6891 6892 6893 6894 6904 6914 6915 6916 6917 6918 6919 6920 6925 6930 6931 6932 6934 6936 6937 6938 6939 6940 6941 6942 6944 6946 6950 6954 6957 6960 6961 6962 6963 6964 6971 6978 6979 6980 6981 6982 6985 6988 6989 6990 6991 6992 6993 6994 6995 6996 6997 6998 7005 7012 7013 7014 7015 7016 7019 7022 7024 7026 7027 7028 7030 7032 7033 7034 7035 7036 7037 7038 7040 7042 7044 7046 7049 7052 7053 7054 7056 7058 7060 7062 7074 7086 7089 7092 7094 7096 7100 7104 7108 7112 7113 7114 7279 848 1248 7279 7353
0 166 332 333 334 335 336 396 456 457 458 459 460 539 618 619 620 621 622 648 674 675 676 677 678 785 892 893 894 936 978 983 988 1187 1386 1391 1396 1420 1444 1445 1446 1447 1448 1538 1628 1630 1632 1633 1634 1635 1636 1640 1644 1645 1646 1647 1648 1656 1664 1666 1668 1670 1672 1684 1696 1697 1698 1699 1700 1708 1716 1717 1718 1724 1730 1731 1732 1733 1734 1735 1736 1737 1738 1739 1740 1741 1742 1744 1746 1748 1750 1764 1778 1779 1780 1781 1782 1794 1806 1807 1808 1809 1810 1811 1812 1813 1814 1815 1816 1817 1818 1819 1820 1821 1822 1823 1824 2148 2472 2473 2474 2475 2476 2576 2676 2686 2696 2697 2698 2699 2700 2701 2702 2703 2704 2705 2706 2712 2718 2719 2720 2721 2722 2727 2732 2733 2734 2735 2736 2759 2782 2785 2788 2791 2794 2797 2800 2805 2810 2814 2818 2819 2820 2821 2822 2832 2842 2843 2844 2845 2846 2863 2880 2882 2884 2886 2888 2893 2898 3746 4594 4599 4604 4605 4606 4607 4608 4613 4618 4620 4622 4624 4626 4638 4650 4651 4652 4653 4654 4657 4660 4661 4662 4663 4664 4688 4712 4713 4714 4715 4716 4745 4774 4775 4776 4777 4778 4792 4806 4811 4816 4820 4824 4825 4826 4827 4828 4829 4830 4831 4832 4833 4834 4837 4840 4841 4842 4843 4844 4852 4860 4861 4862 4863 4864 4874 4884 4885 4886 4887 4888 4889 4890 4930 4970 4971 4972 4973 4974 4996 5018 5019 5020 5021 5022 5025 5028 5030 5032 5034 5036 5041 5046 5047 5048 5049 5050 5056 5062 5180 5298 5303 5308 5500 5692 5697 5702 5704 5706 5707 5708 5709 5710 5719 5728 5729 5730 5731 5732 5736 5740 5741 5742 5743 5744 5754 5764 5765 5766 5767 5768 5769 5770 5771 5772 5773 5774 5775 5776 5777 5778 5779 5780 5781 5782 5783 5784 5794 5804 5805 5806 5807 5808 5812 5816 5817 5818 5819 5820 5836 5852 5853 5854 5855 5856 5858 5860 5861 5862 5863 5864 5866 5868 5871 5874 5877 5880 5882 5884 5885 5886 5887 5888 5892 5896 5921 5946 5965 5984 5985 5986 5987 5988 5994 6000 6002 6004 6006 6008 6011 6014 6016 6018 6020 6022 6025 6028 6030 6032 6034 6036 6047 6058 6059 6060 6061 6062 6068 6074 6075 6076 6077 6078 6086 6094 6095 6096 6097 6098 6101 6104 6105 6106 6107 6108 6109 6110 6111 6112 6113 6114 6118 6122 6123 6124 6125 6126 6135 6144 6145 6146 6147 6148 6150 6152 6153 6154 6155 6156 6163 6170 6171 6172 6173 6174 6181 6188 6189 6190 6191 6192 6193 6194 6195 6196 6197 6198 6200 6202 6203 6204 6205 6206 6211 6216 6217 6218 6219 6220 6228 6236 6238 6240 6242 6244 6246 6248 6250 6252 6254 6256 6259 6262 6263 6264 6265 6266 6277 6288 6289 6290 6291 6292 6295 6298 6603 6908 6917 6926 6927 6928 6929 6930 6932 6934 6935 6936 6937 6938 6946 6954 6955 6956 6957 6958 6976 6994 6996 6998 7000 7002 7008 7014 7015 7016 7017 7018 7024 7030 7031 7032 7033 7034 7035 7036 7041 7046 7047 7048 7049 7050 7054 7058 7059 7060 7061 7062 7063 7064 7067 7070 7073 7076 7079 7082 7083 7084 7085 7086 7088 7090 7091 7092 7093 7094 7096 7098 7100 7102 7104 7106 7112 7118 7119 7120 7121 7122 7132 7142 7143 7144 7145 7146 7147 7148 7149 7150 7157 7164 7166 7168 7170 7172 7174 7176 7179 7182 7185 7188 7193 7198 7199 7200 7201 7202 7207 7212 7213 7214 7215 7216 7220 7224 7225 7226 7227 7228 7230 7232 7233 7234 7235 7236 7240 7244 7247 7250 7253 7256 7261 7266 7267 7268 7269 7270 7282 7294 7295 7296 7297 7298 7305 7312 7444 7576 7584 7592 7593 7594 7595 7596 7611 7626 7627 7628 7629 7630 7640 7650 7655 7660 7661 7662 7663 7664 7665 7666 7683 7700 7701 7702 7703 7704 7705 7706 7707 7708 7709 7710 7715 7720 7721 7722 7723 7724 7726 7728 7730 7732 7734 7736 7758 7780 7782 7784 7786 7788 7791 7794 7796 7798 7800 7802 7803 7804 7805 7806 7807 7808 7809 7810 7811 7812 7813 7814 7818 7822 7823 7824 7825 7826 7838 7850 7851 7852 7853 7854 7855 7856 7858 7860 7862 7864 7871 7878 7879 7880 7881 7882 7888 7894 7895 7896 7897 7898 7899 7900 7901 7902 7903 7904 7906 7908 7911 7914 7917 7920 7921 7922 7924 7926 7928 7930 7940 7950 7952 7954 7956 7958 7984 8010 8011 8012 8048 8084 8091 8098 8099 8100 8101 8102 8110 8118 8119 8120 8121 8122 8128 8134 8135 8136 8137 8138 8140 8142 8143 8144 8145 8146 8147 8148 8149 8150 8154 8158 8163 8168 8171 8174 8175 8176 8177 8178 8182 8186 8191 8196 8197 8198 8199 8200 8206 8212 8213 8214 8215 8216 8230 8244 8245 8246 8247 8248 8259 8270 8271 8272 8273 8274 8275 8276 8277 8278 8279 8280 8283 8286 8287 8288 8293 8298 8308 8318 8319 8320 8321 8322 8323 8324 8326 8328 8330 8332 8336 8340 8341 8342 8343 8344 8358 8372 8373 8374 8375 8376 8381 8386 8387 8388 8389 8390 8395 8400 8405 8410 8432 8454 8456 8458 8460 8462 8481 8500 8501 8502 8503 8504 8516 8528 8529 8530 8531 8532 8538 8544 8545 8546 8547 8548 8569 8590 8591 8592 8593 8594 8597 8600 8602 8604 8606 8608 8610 8612 8613 8614 8615 8616 8617 8618 8619 8620 8621 8622 8626 8630 8645 8660 8662 8664 8665 8666 8667 8668 8669 8670 8671 8672 8673 8674 8681 8688 8690 8692 8694 8696 8701 8706 8707 8708 8709 8710 8721 8732 8733 8734 8735 8736 8739 8742 8743 8744 8745 8746 8747 8748 8749 8750 8751 8752 8755 8758 8759 8760 8761 8762 8768 8774 8775 8776 8777 8778 8779 8780 8781 8782 8783 8784 8787 8790 8791 8792 8793 8794 8796 8798 8800 8802 8804 8806 8810 8814 8815 8816 8817 8818 8835 8852 8853 8854 8855 8856 8857 8858 8860 8862 8864 8866 8871 8876 8881 8886 8892 8898 8899 8900 8901 8902 8903 8904 8905 8906 8907 8908 8912 8916 8918 8920 8922 8924 8933 8942 8945 8948 8951 8954 8955 8956 8958 8960 8962 8964 8967 8970 8973 8976 8979 8982 8984 8986 8989 8992 8993 8994 8996 8998 9000 9002 9004 9006 9008 9010 9011 9012 9013 9014 9020 9026 9027 9028 9029 9030 9031 9032 9033 9034 9035 9036 9038 9040 9042 9044 9046 9048 9050 9052 9053 9054 9055 9056 9058 9060 9062 9064 9066 9068 9075 9082 9083 9084 9085 9086 9087 9088 9091 9094 9097 9100 9103 9106 9110 9114 9122 9130 9131 9132 9133 9134 9135 9136 9140 9144 9146 9148 9150 9152 9157 9162 9163 9164 9165 9166 9168 9170 9171 9172 9173 9174 9180 9186 9187 9188 9189 9190 9192 9194 9195 9196 9197 9198 9202 9206 9208 9210 9211 9212 9213 9214 9215 9216 9222 9228 9229 9230 9231 9232 9233 9234 9235 9236 9237 9238 9239 9240 9241 9242 9243 9244 9245 9246 9251 9256 9257 9258 9259 9260 9266 9272 9273 9274 9275 9276 9278 9280 9281 9282 9283 9284 9286 9288 9293 9298 9299 9300 9301 9302 9306 9310 9311 9312 9313 9314 9315 9316 9317 9318 9319 9320 9321 9322 9323 9324 9325 9326 9327 9328 9333 9338 9340 9342 9344 9346 9350 9354 9355 9356 9357 9358 9361 9364 9365 9366 9367 9368 9369 9370 9371 9372 9373 9374 9382 9390 9391 9392 9393 9394 9395 9396 9397 9398 9399 9400 9406 9412 9413 9414 9489 9564 9565 9566 9569 9572 9574 9576 9578 9580 9582 9584 9586 9588 9590 9592 9593 9594 9595 9596 9599 9602 9603 9604 9605 9606 9615 9624 9625 9626 9627 9628 9629 9630 9631 9632 9633 9634 9641 9648 9649 9650 9651 9652 9670 9688 9689 9690 9691 9692 9694 9696 9697 9698 9699 9700 9704 9708 9709 9710 9711 9712 9713 9714 9715 9716 9717 9718 9719 9720 9721 9722 9723 9724 9725 9726 9727 9728 9732 9736 9740 9744 9747 9750 9751 9752 9753 9754 9756 9758 9759 9760 9761 9762 9775 9788 9789 9790 9791 9792 9802 9812 9813 9814 9815 9816 9817 9818 9823 9828 9829 9830 9832 9834 9835 9836 9837 9838 9839 9840 9842 9844 9848 9852 9855 9858 9859 9860 9861 9862 9869 9876 9877 9878 9879 9880 9883 9886 9887 9888 9889 9890 9891 9892 9893 9894 9895 9896 9903 9910 9911 9912 9913 9914 9917 9920 9922 9924 9925 9926 9928 9930 9931 9932 9933 9934 9935 9936 9938 9940 9942 9944 9947 9950 9951 9952 9954 9956 9958 9960 9972 9984 9987 9990 9992 9994 9998 10002 10006 10010 10011 10012 10237 10462 10463 10464 10465 10466 11290 166 303 10466 10770
0 70 140 141 142 143 144 255 366 367 368 369 370 445 520 521 522 523 524 530 536 537 538 539 540 633 726 727 728 729 730 792 854 855 856 857 858 895 932 933 934 935 936 1051 1166 1167 1168 1169 1170 1397 1624 1625 1626 1627 1628 1671 1714 1715 1716 1717 1718 1801 1801 1844 70 93
0 94 188 192 196 197 198 199 200 211 222 238 254 255 256 257 258 301 344 345 346 347 348 357 366 367 368 369 370 382 394 409 424 425 426 427 428 429 430 431 432 437 442 443 444 445 446 447 448 453 458 459 460 461 462 465 468 544 620 621 622 623 624 642 660 661 662 695 728 729 730 731 732 777 822 823 824 825 826 829 832 833 834 835 836 847 858 874 890 891 892 893 894 895 896 912 928 947 966 982 998 1006 1014 1015 1016 1017 1018 1027 1036 1037 1038 1039 1040 1067 1094 1095 1096 1152 1208 1209 1210 1245 1280 1281 1282 1283 1284 1288 1292 1293 1294 1295 1296 1373 1450 1451 1452 1453 1454 1455 1456 1471 1486 1487 1488 1489 1490 1491 1492 1493 1494 1495 1496 1498 1500 1501 1502 1503 1504 1505 1506 1507 1508 1515 1522 1523 1524 1525 1526 1527 1528 1529 1530 1531 1532 1534 1536 1537 1538 1550 1562 1563 1564 1565 1566 1569 1572 1586 1600 1601 1602 1605 1608 1621 1634 1638 1642 1653 1664 1665 1666 1667 1668 1673 1678 1682 1686 1687 1688 1689 1690 1701 1712 1763 1814 1815 1816 1857 1898 1899 1900 1901 1902 1983 2064 2065 2066 2085 2104 2107 2110 2111 2112 2113 2114 2115 2116 2133 2150 2151 2152 2156 2160 2161 2162 2172 2182 2183 2184 2248 0 72 2184 2209
0 477 954 955 956 957 958 1045 1132 1133 1134 1135 1136 1184 1232 1233 1234 1235 1236 1402 1568 1569 1570 1571 1572 2179 0 433 1572 1626
0 194 388 389 390 391 392 394 396 397 398 399 400 543 686 687 688 689 690 709 728 729 730 731 732 765 798 799 800 801 802 874 946 948 950 951 952 953 954 955 956 957 958 959 960 961 962 963 964 965 966 969 972 973 974 975 976 977 978 982 986 1015 1044 1045 1046 1047 1048 1147 1246 1255 1264 1410 1556 1557 1558 1559 1560 1562 1564 1565 1566 1567 1568 1571 1574 1575 1576 1577 1578 1597 1616 1617 1618 1619 1620 1651 1682 1683 1684 1685 1686 1746 1806 1807 1808 1809 1810 1862 1914 1915 1916 1917 1918 1954 1990 1991 1992 1993 1994 2007 2020 2021 2022 2023 2024 2208 2392 2393 2394 2395 2396 2429 2462 2463 2464 2465 2466 2498 2530 2531 2532 2533 2534 2725 2725 2823 194 286
0 8151 16302 16342 16382 16389 16396 16397 16398 16399 16400 16465 16530 16531 16532 16533 16534 16816 17098 17436 17774 17782 17790 17834 17878 17879 17880 17881 17882 17989 18096 18101 18106 18121 18136 18137 18138 18139 18140 18146 18152 18153 18154 18155 18156 18157 18158 18159 18160 18235 18310 18311 18312 18313 18314 18322 18330 18331 18332 18333 18334 18459 18584 18585 18586 18587 18588 18713 18838 18839 18840 18841 18842 18843 18844 18845 18846 18847 18848 18948 19048 19049 19050 19051 19052 19055 19058 19059 19060 19061 19062 19066 19070 19071 19072 19073 19074 19075 19076 19077 19078 19079 19080 19170 19260 19261 19262 19263 19264 19296 19328 19329 19330 19331 19332 19337 19342 19343 19344 19345 19346 19348 19350 19351 19352 19353 19354 19365 19376 19377 19378 19379 19380 19412 19444 19445 19446 19447 19448 19548 19648 19650 19652 19654 19656 19743 19830 19831 19832 19833 19834 19848 19862 19863 19864 19865 19866 19916 19966 19967 19968 19969 19970 20064 20158 20159 20160 20161 20162 20165 20168 20169 20170 20171 20172 20178 20184 20185 20186 20187 20188 20263 20338 20339 20340 20341 20342 20420 20498 20499 20500 20501 20502 20522 20542 20543 20544 20545 20546 20569 20592 20593 20594 20595 20596 20870 21144 21145 21146 21147 21148 21163 21178 21179 21180 21181 21182 21202 21222 21223 21224 21225 21226 21406 21586 21587 21588 21589 21590 21611 21632 21633 21634 21635 21636 21662 21688 21689 21690 21691 21692 21713 21734 21735 21736 21737 21738 21836 21934 22097 22260 22261 22262 22263 22264 22426 22588 22589 22590 22591 22592 22593 22594 22595 22596 22697 22798 22799 22800 22801 22802 23099 23396 23397 23398 23399 23400 23424 23448 23449 23450 23451 23452 23554 23656 23657 23658 23659 23660 23666 23672 23673 23674 23675 23676 23677 23678 23679 23680 23755 23830 23831 23832 23833 23834 23842 23850 23851 23852 23853 23854 23895 23936 23937 23938 23939 23940 24149 24358 24359 24360 24361 24362 24434 24506 24507 24508 24509 24510 24539 24568 24569 24570 24571 24572 24575 24578 24579 24580 24581 24582 24586 24590 24591 24592 24593 24594 24624 24654 24655 24656 24657 24658 24719 24780 24781 24782 24783 24784 24806 24828 24829 24830 24831 24832 24841 24850 24851 24852 24853 24854 24859 24864 24865 24866 24867 24868 24870 24872 24873 24874 24875 24876 24887 24898 24899 24900 24901 24902 25035 25168 25170 25172 25276 25380 25381 25382 35231 0 7521 25382 27082
0 4729 9458 9461 9464 9465 9466 9467 9468 9472 9476 9477 9478 9479 9480 9642 9804 9805 9806 9807 9808 9861 9914 9950 9986 9987 9988 9989 9990 10059 10128 10129 10130 10131 10132 10140 10148 10149 10150 10151 10152 10169 10186 10187 10188 10189 10190 10197 10204 10205 10206 10207 10208 10228 10248 10249 10250 10251 10252 10266 10280 10281 10282 10283 10284 10478 10672 10673 10674 10675 10676 10678 10680 10681 10682 10685 10688 10689 10690 10691 10692 10703 10714 10715 10716 10717 10718 10719 10720 10721 10722 10723 10724 10866 11008 11009 11010 11011 11012 11100 11188 11189 11190 11191 11192 11207 11222 11223 11224 11225 11226 11252 11278 11279 11280 11281 11282 11432 11582 11583 11584 11585 11586 11628 11670 11671 11672 11673 11674 11744 11814 11815 11816 11817 11818 11895 11972 11973 11974 11975 11976 12157 12338 12339 12340 12341 12342 12457 12572 12573 12574 12575 12576 12625 12674 12675 12676 12677 12678 12693 12708 12713 12718 12719 12720 12721 12722 12732 12742 12743 12744 12745 12746 12797 12848 12849 12850 12851 12852 12853 12854 12855 12856 12857 12858 12871 12884 12885 12886 12887 12888 12986 13084 13085 13086 13087 13088 13109 13130 13131 13132 13133 13134 13170 13206 13207 13208 13209 13210 13222 13234 13235 13236 13237 13238 13263 13288 13289 13290 13291 13292 13296 13300 13301 13302 13303 13304 13311 13318 13473 13628 13629 13630 13631 13632 13654 13676 13677 13678 13679 13680 13816 13952 13953 13954 13955 13956 13964 13972 13973 13974 13975 13976 14022 14068 14069 14070 14071 14072 14323 14574 14575 14576 14577 14578 14698 14818 14819 14820 14821 14822 15104 15386 15387 15388 15389 15390 15523 15656 15657 15658 15659 15660 16375 17090 20845 20845 22625 4729 6638
0 4729 9458 9461 9464 9465 9466 9467 9468 9472 9476 9477 9478 9479 9480 9642 9804 9805 9806 9807 9808 9861 9914 9950 9986 9987 9988 9989 9990 10059 10128 10129 10130 10131 10132 10140 10148 10149 10150 10151 10152 10169 10186 10187 10188 10189 10190 10197 10204 10205 10206 10207 10208 10228 10248 10249 10250 10251 10252 10266 10280 10281 10282 10283 10284 10478 10672 10673 10674 10675 10676 10678 10680 10681 10682 10685 10688 10689 10690 10691 10692 10703 10714 10715 10716 10717 10718 10719 10720 10721 10722 10723 10724 10866 11008 11009 11010 11011 11012 11100 11188 11189 11190 11191 11192 11207 11222 11223 11224 11225 11226 11252 11278 11279 11280 11281 11282 11432 11582 11583 11584 11585 11586 11628 11670 11671 11672 11673 11674 11744 11814 11815 11816 11817 11818 11895 11972 11973 11974 11975 11976 12157 12338 12339 12340 12341 12342 12457 12572 12573 12574 12575 12576 12625 12674 12675 12676 12677 12678 12693 12708 12713 12718 12719 12720 12721 12722 12732 12742 12743 12744 12745 12746 12797 12848 12849 12850 12851 12852 12853 12854 12855 12856 12857 12858 12871 12884 12885 12886 12887 12888 12986 13084 13085 13086 13087 13088 13109 13130 13131 13132 13133 13134 13170 13206 13207 13208 13209 13210 13222 13234 13235 13236 13237 13238 13263 13288 13289 13290 13291 13292 13296 13300 13301 13302 13303 13304 13311 13318 13473 13628 13629 13630 13631 13632 13654 13676 13677 13678 13679 13680 13816 13952 13953 13954 13955 13956 13964 13972 13973 13974 13975 13976 14022 14068 14069 14070 14071 14072 14323 14574 14575 14576 14577 14578 14698 14818 14819 14820 14821 14822 15104 15386 15387 15388 15389 15390 15523 15656 15657 15658 15659 15660 16375 17090 20845 20845 23107 4729 6649
0 276 552 553 554 555 556 729 902 904 906 911 916 917 918 919 920 931 942 968 994 998 1002 1004 1006 1041 1076 1078 1080 1087 1094 1095 1096 1149 1202 1203 1204 1205 1206 1233 1260 1261 1262 1263 1264 1291 1318 1319 1320 1321 1322 1336 1350 1351 1352 1353 1354 1388 1422 1423 1424 1425 1426 1449 1472 1473 1474 1475 1476 1482 1488 1489 1490 1491 1492 1524 1556 1557 1558 1559 1560 1590 1620 1621 1622 1623 1624 1783 1942 1945 1948 1993 2038 2039 2040 2041 2042 2154 276 530 2154 2182
0 112 224 225 226 227 228 380 532 533 534 535 536 740 112 153 740 880
0 329 658 659 660 661 662 667 672 673 674 675 676 739 802 803 804 805 806 928 1050 1051 1052 1053 1054 1094 1134 1135 1136 1137 1138 1492 1492 1736 329 405
0 1 2 265 528 529 530 582 634 635 636 637 638 682 726 727 728 729 730 887 1044 1045 1046 1047 1048 1113 1178 1179 1180 1181 1182 1285 1388 1389 1390 1391 1392 1425 1458 1460 1462 1589 1716 1717 1718 1719 1720 1820 1920 1921 1922 1940 1958 1959 1960 1961 1962 2101 2240 2241 2242 2243 2244 2265 2286 2287 2288 2289 2290 2297 2304 2305 2306 2307 2308 2309 2310 2311 2312 2381 2450 2451 265 486 2381 2415
0 1 2 4 6 48 90 91 92 93 94 139 184 185 186 187 188 200 212 213 214 215 216 235 254 255 256 257 258 346 434 435 436 468 500 501 502 503 504 508 512 514 516 571 626 629 632 641 650 651 652 653 654 714 774 775 776 805 834 835 836 837 838 964 1090 1093 1096 1134 1172 1173 1174 1254 1334 1336 1338 1363 1388 1389 1390 1391 1392 1464 1536 1537 1538 1539 1540 1581 1622 1623 1624 1625 1626 1630 1634 1635 1636 1637 1638 1684 1730 1731 1732 1733 1734 1795 1856 1857 1858 1859 1860 1878 1896 1897 1898 1899 1900 1979 2058 2059 2060 2061 2062 2113 2164 2167 2170 2212 2254 2255 2256 2322 2388 2389 2390 2391 2392 2484 2576 2577 2578 2579 2580 2718 2856 2857 2858 2859 2860 2896 2932 2933 2934 2935 2936 3097 3258 3259 3260 3261 3262 3343 3424 3425 3426 3427 3428 3533 3638 3639 3640 3641 3642 3674 3706 3707 3708 3709 3710 3732 3754 3755 3756 3757 3758 3840 3922 3923 3924 3925 3926 3931 3936 3937 3938 3939 3940 3984 4028 4029 4030 4031 4032 4141 4250 4251 4252 4253 4254 4258 4262 4263 4264 4280 4296 4297 4298 4299 4300 4306 4312 4315 4318 4319 4320 4321 4322 4339 4356 4357 4358 4359 4360 4387 4414 4415 4416 4417 4418 4457 4496 4497 4498 4499 4500 4638 4776 4777 4778 4779 4780 4843 4906 4907 4908 4909 4910 4928 4946 4947 4948 4949 4950 5095 5240 5241 5242 5243 5244 5389 5534 5535 5536 5537 5538 5579 5620 5621 5622 5623 5624 5690 5756 5757 5758 5759 5760 5970 6180 6181 6182 6212 6242 6243 6244 6245 6246 6249 6252 6253 6254 6255 6256 6323 6390 6391 6392 6393 6394 6426 6458 6459 6460 6682 6904 6906 6908 6910 6912 6914 6916 6920 6924 6946 6968 6969 346 414 5970 5989
0 117 234 235 236 237 238 240 242 243 244 254 264 265 266 267 268 269 270 334 398 399 400 401 402 472 542 543 544 545 546 550 554 555 556 557 558 580 602 603 604 605 606 667 728 729 730 731 732 812 892 893 894 895 896 962 1028 1029 1030 1031 1032 1033 1034 1035 1036 1203 1370 1371 1372 1373 1374 1554 1734 1735 1736 1737 1738 1812 1886 1887 1888 1889 1890 1992 2094 2095 2096 2097 2098 2204 2310 2311 2312 2313 2314 2347 2380 2381 2382 2383 2384 2402 2420 2421 2422 2423 2424 2459 2494 2495 2496 2497 2498 2559 2620 2621 2622 2623 2624 2629 2634 2635 2636 2637 2638 2709 2780 2781 2782 2783 2784 2830 2876 2877 2878 2879 2880 2935 2990 2991 2992 2993 2994 3037 3080 3081 3082 3083 3084 3113 3142 3143 3144 3145 3146 3180 3214 3215 3216 3217 3218 3276 3334 3335 3336 3337 3338 3400 3462 3463 3464 3465 3466 3529 3592 3593 3594 3595 3596 3675 3754 3755 3756 3757 3758 3829 3900 3901 3902 3903 3904 3998 4092 4093 4094 4095 4096 4249 4402 4403 4404 4405 4406 4497 4588 4589 4590 4591 4592 4593 4594 4595 4596 4755 4914 4915 4916 4917 4918 4919 4920 4932 4944 4945 4946 4947 4948 4949 4950 4970 4990 4991 4992 4993 4994 5019 5044 5045 5046 5047 5048 5163 5278 5279 5280 5281 5282 5311 5340 5341 5342 5343 5344 5388 5432 5433 5434 5435 5436 5437 5438 5462 5486 5487 5488 5489 5490 5575 5660 5661 5662 5663 5664 5706 5748 5749 5750 5751 5752 5942 117 190 5942 6028

0 351 702 706 710 714 718 722 726 730 734 760 786 787 788 789 790 1197 1604 1605 1606 1607 1608 1789 1970 1971 1972 1973 1974 2179 2384 2385 2386 2387 2388 2450 2512 2513 2514 2515 2516 2595 2595 2650 351 541
0 113 226 227 228 229 230 380 530 531 532 533 534 685 836 837 838 839 840 886 932 933 934 935 936 1160 1384 1385 1386 1387 1388 1506 1624 1625 1626 1627 1628 1729 1830 1831 1832 1833 1834 1845 1856 1857 1858 1859 1860 2065 2270 2271 2272 2273 2274 2421 2568 2569 2570 2571 2572 2577 2582 2583 2584 2585 2586 2611 2636 2637 2638 2639 2640 2698 2756 2757 2758 2759 2760 2842 2924 2925 2926 2927 2928 2993 3058 3060 3062 3064 3066 3068 3070 3072 3074 3076 3078 3080 3082 3084 3086 3104 3122 3123 3124 3125 3126 3226 3326 3327 3328 3329 3330 3389 3448 3449 3450 3451 3452 3486 3520 3521 3522 3523 3524 3550 3576 3577 3578 3579 3580 3589 3598 3602 3606 3612 3618 3622 3626 3630 3634 3638 3642 3650 3658 3659 3660 3661 3662 3664 3666 3667 3668 3669 3670 3673 3676 3677 3678 3679 3680 3755 3830 3831 3832 3833 3834 3836 3838 3842 3846 3852 3858 3859 3860 3861 3862 3877 3892 3893 3894 3895 3896 3901 3906 3907 3908 3909 3910 4009 4108 4109 4110 4111 4112 4436 4760 4761 4762 4763 4764 4812 4860 4861 4862 4863 4864 4935 5006 5007 5008 5009 5010 5020 5030 5031 5032 5033 5034 5058 5082 5083 5084 5085 5086 5121 5156 5157 5158 5159 5160 5253 5346 5347 5348 5349 5350 5355 5360 5361 5362 5363 5364 5520 5676 5677 5678 5679 5680 5746 5812 5813 5814 5815 5816 5855 5894 5895 5896 5897 5898 6069 6240 6241 6242 6243 6244 6561 6878 6879 6880 6881 6882 6905 6928 6929 6930 6931 6932 6975 7018 7019 7020 7021 7022 7064 7106 7107 7108 7109 7110 7346 7582 7583 7584 7585 7586 7673 7760 7761 7762 7763 7764 7926 8088 8089 8090 8091 8092 8123 8154 8155 8156 8157 8158 8222 8286 8287 8288 8289 8290 8364 8438 8442 8446 8514 8582 8584 8586 8587 8588 8589 8590 8591 8592 8593 8594 8595 8596 8597 8598 8687 8776 8777 8778 8779 8780 8781 8782 8783 8784 8793 8802 8803 8804 8805 8806 8819 8832 8833 8834 8835 8836 8888 8940 8942 8944 8946 8948 9043 9138 9139 9140 9141 9142 9217 9292 9293 9294 9295 9296 9424 9552 9553 9554 9555 9556 9695 9834 9835 9836 9837 9838 10363 10888 10889 10890 10945 11000 11001 11002 11003 11004 11048 11092 11096 11100 11111 11122 11123 11124 11125 11126 11168 11210 11211 11212 11213 11214 11245 11276 11277 11278 11279 11280 11356 11432 11433 11434 11435 11436 11486 11536 11537 11538 11539 11540 11647 11754 11755 11756 11757 11758 11838 11918 11919 11920 11921 11922 11925 11928 11929 11930 11931 11932 11933 11934 11935 11936 11937 11938 11963 11988 11989 11990 11991 11992 12034 12076 12077 12078 12079 12080 12145 12210 12211 12212 12213 12214 12261 12308 12309 12310 12311 12312 12344 12376 12377 12378 12379 12380 12404 12428 12429 12430 12431 12432 12540 12648 12649 12650 12651 12652 12681 12710 12711 12712 12713 12714 12769 12824 12825 12826 12827 12828 12854 12880 12881 12882 12883 12884 12895 12906 12907 12908 12909 12910 12920 12930 12931 12932 12933 12934 13196 13196 13411 113 137
0 390 780 781 782 783 784 829 874 875 876 877 878 884 890 891 892 893 894 1152 1410 1411 1412 1413 1414 1430 1446 1447 1448 1449 1450 1568 1686 1687 1688 1689 1690 1770 1850 1851 1852 1853 1854 2028 2202 2203 2204 2205 2206 2265 2324 2325 2326 2327 2328 2359 2390 2391 2392 2393 2394 2422 2450 2451 2452 2453 2454 2455 2456 2457 2458 2459 2460 2652 2844 2845 2846 2847 2848 2862 2876 2877 2878 2879 2880 3141 3402 3403 3404 3474 3544 3545 3546 3547 3548 3631 3714 3715 3716 3717 3718 3730 3742 3743 3744 3745 3746 3768 3790 3791 3792 3793 3794 3818 3842 3843 3844 3845 3846 3890 3934 3935 3936 3937 3938 3965 3992 3993 3994 3995 3996 4159 4159 4283 390 451
0 148 296 297 298 369 440 441 442 443 444 495 546 547 548 549 550 590 630 631 632 633 634 638 642 643 644 645 646 716 786 787 788 789 790 836 882 883 884 885 886 890 894 895 896 897 898 1121 1344 1345 1346 1355 1364 1365 1366 1367 1368 1665 1962 1963 1964 1965 1966 2069 2172 2173 2174 2175 2176 2566 2566 2716 148 173
0 94 188 192 196 197 198 199 200 211 222 238 254 255 256 257 258 301 344 345 346 347 348 357 366 367 368 369 370 382 394 409 424 425 426 427 428 429 430 431 432 437 442 443 444 445 446 447 448 453 458 459 460 461 462 465 468 544 620 621 622 623 624 642 660 661 662 695 728 729 730 731 732 777 822 823 824 825 826 829 832 833 834 835 836 847 858 874 890 891 892 893 894 895 896 912 928 947 966 982 998 1006 1014 1015 1016 1017 1018 1027 1036 1037 1038 1039 1040 1067 1094 1095 1096 1152 1208 1209 1210 1245 1280 1281 1282 1283 1284 1288 1292 1293 1294 1295 1296 1373 1450 1451 1452 1453 1454 1455 1456 1471 1486 1487 1488 1489 1490 1491 1492 1493 1494 1495 1496 1498 1500 1501 1502 1503 1504 1505 1506 1507 1508 1515 1522 1523 1524 1525 1526 1527 1528 1529 1530 1531 1532 1534 1536 1537 1538 1550 1562 1563 1564 1565 1566 1569 1572 1586 1600 1601 1602 1605 1608 1621 1634 1638 1642 1653 1664 1665 1666 1667 1668 1673 1678 1682 1686 1687 1688 1689 1690 1701 1712 1763 1814 1815 1816 1857 1898 1899 1900 1901 1902 1983 2064 2065 2066 2085 2104 2107 2110 2111 2112 2113 2114 2115 2116 2133 2150 2151 2152 2156 2160 2161 2162 2172 2182 2183 2184 2248 0 72 2184 2209
0 71 142 143 144 145 146 190 234 236 238 241 244 245 246 247 248 250 252 253 254 259 264 265 266 276 286 287 288 289 290 293 296 297 298 299 300 320 340 341 342 343 344 346 348 349 350 351 352 356 360 361 362 363 364 368 372 374 376 377 378 379 380 384 388 392 396 399 402 403 404 405 406 407 408 411 414 415 416 417 418 421 424 425 426 427 428 429 430 431 432 433 434 435 436 437 438 439 440 442 444 445 446 447 448 451 454 455 456 457 458 459 460 461 462 463 464 465 466 468 470 471 472 473 474 476 478 479 480 481 482 484 486 487 488 489 490 491 492 493 494 495 496 497 498 500 502 503 504 505 506 509 512 513 514 515 516 517 518 519 520 521 522 523 524 525 526 527 528 529 530 531 532 533 534 535 536 538 540 541 542 543 544 546 548 549 550 551 552 553 554 555 556 557 558 561 564 565 566 567 568 570 572 573 574 575 576 577 578 585 592 593 594 595 596 597 598 599 600 601 602 603 604 605 606 607 608 609 610 611 612 614 616 617 618 619 620 621 622 625 628 629 630 631 632 633 634 635 636 637 638 639 640 641 642 646 650 651 652 653 654 656 658 659 660 661 662 666 670 671 672 673 674 677 680 683 686 687 688 689 690 703 716 720 724 725 726 727 728 729 730 731 732 733 734 735 736 737 738 741 744 745 746 747 748 750 752 753 754 755 756 760 764 765 766 767 768 770 772 773 774 775 776 780 784 785 786 787 788 790 792 793 794 795 796 797 798 801 804 805 806 807 808 809 810 811 812 813 814 818 822 823 824 825 826 830 834 835 836 839 842 843 844 846 848 849 850 851 852 856 860 861 862 863 864 866 868 869 870 871 872 876 880 881 882 883 884 887 890 891 892 893 894 900 906 907 908 909 910 912 914 915 916 917 918 919 920 921 922 923 924 926 928 929 930 931 932 933 934 938 942 943 944 945 946 948 950 951 952 953 954 958 962 963 964 965 966 970 974 978 982 984 986 987 988 989 990 991 992 993 994 996 998 999 1000 1001 1002 1005 1008 1009 1010 1011 1012 1013 1014 1015 1016 1018 1020 1021 1022 1023 1024 1025 1026 1027 1028 1030 1032 1033 1034 1035 1036 1037 1038 1039 1040 1042 1044 1045 1046 1047 1048 1049 1050 1052 1054 1055 1056 1057 1058 1059 1060 1061 1062 1063 1064 1066 1068 1069 1070 1071 1072 1077 1082 1083 1084 1085 1086 1091 1096 1097 1098 1099 1100 1104 1108 1109 1110 1111 1112 1114 1116 1117 1118 1119 1120 1121 1122 1123 1124 1126 1128 1129 1130 1131 1132 1133 1134 1135 1136 1138 1140 1141 1142 1143 1144 1145 1146 1147 1148 1149 1150 1153 1156 1157 1158 1159 1160 1162 1164 1165 1166 1167 1168 1169 1170 1177 1184 1185 1186 1187 1188 1194 1200 1201 1202 1203 1204 1208 1212 1213 1214 1215 1216 1223 1230 1231 1232 1233 1234 1235 1236 1238 1240 1241 1242 1243 1244 1247 1250 1251 1252 1253 1254 1258 1262 1263 1264 1265 1266 1268 1270 1271 1272 1273 1274 1277 1280 1282 1284 1285 1286 1287 1288 1291 1294 1295 1296 1297 1298 1299 1300 1301 1302 1303 1304 1305 1306 1307 1308 1311 1314 1315 1316 1317 1318 1319 1320 1321 1322 1324 1326 1327 1328 1329 1330 1331 1332 1333 1334 1337 1340 1341 1342 1343 1344 1346 1348 1349 1350 1351 1352 1354 1356 1357 1358 1359 1360 1361 1362 1363 1364 1365 1366 1368 1370 1371 1372 1373 1374 1375 1376 1377 1378 1380 1382 1383 1384 1385 1386 1387 1388 1389 1390 1393 1396 1397 1398 1399 1400 1406 1412 1413 1414 1415 1416 1419 1422 1423 1424 1425 1426 1427 1428 1429 1430 1432 1434 1435 1436 1437 1438 1439 1440 1441 1442 1444 1446 1447 1448 1449 1450 1453 1456 1457 1458 1459 1460 1463 1466 1467 1468 1469 1470 1471 1472 1475 1478 1479 1480 1483 1486 1487 1488 1489 1490 1493 1496 1497 1498 1499 1500 1501 1502 1503 1504 1505 1506 1507 1508 1509 1510 1511 1512 1515 1518 1519 1520 1521 1522 1523 1524 1525 1526 1527 1528 1529 1530 1531 1532 1533 1534 1535 1536 1537 1538 1539 1540 1542 1544 1545 1546 1547 1548 1550 1552 1553 1554 1555 1556 1557 1558 1560 1562 1563 1564 1565 1566 1567 1568 1569 1570 1571 1572 1573 1574 1575 1576 1577 1578 1581 1584 1585 1586 1587 1588 1594 1600 1601 1602 1603 1604 1605 1606 1609 1612 1613 1614 1615 1616 1617 1618 1619 1620 1621 1622 1623 1624 1625 1626 1627 1628 1629 1630 1631 1632 1634 1636 1637 1638 1639 1640 1641 1642 1643 1644 1645 1646 1648 1650 1651 1652 1653 1654 1655 1656 1657 1658 1659 1660 1661 1662 1663 1664 1665 1666 1667 1668 1669 1670 1676 1682 1687 1692 1693 1694 1696 1698 1699 1700 1701 1702 1703 1704 1705 1706 1707 1708 1711 1714 1715 1716 1717 1718 1720 1722 1723 1724 1725 1726 1729 1732 1733 1734 1735 1736 1737 1738 1739 1740 1743 1746 1750 1754 1759 1764 1765 1766 1767 1768 1770 1772 1773 1774 1775 1776 1778 1780 1781 1782 1783 1784 1785 1786 1787 1788 1791 1794 1795 1796 1797 1798 1800 1802 1806 1810 1811 1812 1813 1814 1818 1822 1825 1828 1829 1830 1831 1832 1843 1854 1855 1856 1857 1858 1859 1860 1861 1862 1865 1868 1869 1870 1871 1872 1874 1876 1877 1878 1879 1880 1884 1888 1889 1890 1891 1892 1896 1900 1902 1904 1905 1906 1907 1908 1915 1922 1923 1924 1925 1926 1927 1928 1929 1930 1931 1932 1940 1948 1949 1950 1951 1952 1964 1976 1990 2004 2016 2028 2029 2030 2031 2032 2033 2034 2036 2038 2039 2040 2041 2042 2045 2048 2049 2050 2051 2052 2053 2054 2060 2066 2090 2114 2117 2120 2121 2122 2123 2124 2125 2126 2127 2128 2130 2132 2133 2134 2135 2136 2137 2138 2139 2140 2143 2146 2147 2148 2149 2150 2152 2154 2155 2156 2157 2158 2159 2160 2162 2164 2165 2166 2167 2168 2169 2170 2171 2172 2175 2178 2179 2180 2181 2182 2189 2196 2197 2198 2199 2200 2202 2204 2205 2206 2207 2208 2209 2210 2211 2212 2214 2216 2220 2224 2225 2226 2227 2228 2229 2230 2231 2232 2235 2238 2239 2240 2241 2242 2244 2246 2247 2248 2249 2250 2253 2256 2257 2258 2259 2260 2261 2262 2263 2264 2266 2268 2269 2270 2271 2272 2273 2274 2275 2276 2278 2280 2281 2282 2283 2284 2286 2288 2289 2290 2292 2294 2296 2298 2299 2300 2301 2302 2305 2308 2309 2310 2311 2312 2313 2314 2316 2318 2319 2320 2321 2322 2323 2324 2326 2328 2329 2330 2331 2332 2333 2334 2335 2336 2338 2340 2341 2342 2343 2344 2345 2346 2347 2348 2351 2354 2355 2356 2357 2358 2365 2372 2373 2374 2375 2376 2380 2384 2386 2388 2389 2390 2391 2392 2393 2394 2395 2396 2399 2402 2403 2404 2405 2406 2408 2410 2411 2412 2413 2414 2418 2422 2423 2424 2425 2426 2428 2430 2431 2432 2433 2434 2438 2442 2443 2444 2445 2446 2452 2458 2478 2498 2508 2518 2534 2550 2569 2588 2592 2596 2650 2704 2708 2712 2755 2798 2801 2804 2807 2810 2811 2812 2813 2814 2815 2816 2817 2818 2819 2820 2821 2822 2823 2824 2825 2826 2827 2828 2830 2832 2833 2834 2835 2836 2837 2838 2840 2842 2845 2848 2849 2850 2851 2852 2853 2854 2855 2856 2857 2858 2860 2862 2863 2864 2865 2866 2868 2870 2871 2872 2873 2874 2875 2876 2877 2878 2880 2882 2883 2884 2885 2886 2887 2888 2889 2890 2892 2894 2895 2896 2897 2898 2901 2904 2908 2912 2913 2914 2918 2922 2926 2930 2931 2932 2933 2934 2935 2936 2937 2938 2939 2940 2944 2948 2949 2950 2951 2952 2956 2960 2961 2962 2963 2964 2966 2968 2969 2970 2971 2972 2973 2974 2978 2982 2983 2984 2985 2986 2993 3000 3003 3006 3007 3008 3009 3010 3014 3018 3019 3020 3021 3022 3028 3034 3035 3036 3037 3038 3040 3042 3045 3048 3049 3050 3051 3052 3054 3056 3057 3058 3059 3060 3064 3068 3069 3070 3071 3072 3074 3076 3077 3078 3079 3080 3084 3088 3089 3090 3096 3102 3103 3104 3106 3108 3109 3110 3111 3112 3116 3120 3121 3122 3123 3124 3130 3136 3137 3138 3139 3140 3144 3148 3149 3150 3151 3152 3154 3156 3157 3158 3159 3160 3164 3168 3175 3182 3183 3184 3185 3186 3190 3194 3195 3196 3197 3198 3200 3202 3203 3204 3205 3206 3209 3212 3213 3214 3215 3216 3217 3218 3221 3224 3225 3226 3227 3228 3231 3234 3242 3250 3251 3252 3253 3254 3256 3258 3259 3260 3261 3262 3265 3268 3269 3270 3271 3272 3275 3278 3279 3280 3281 3282 3285 3288 3289 3290 3291 3292 3293 3294 3295 3296 3297 3298 3309 3320 3321 3322 3323 3324 3325 3326 3327 3328 3329 3330 3331 3332 3335 3338 3339 3340 3341 3342 3343 3344 3350 3356 3364 3372 3377 3382 3386 3390 3391 3392 3393 3394 3395 3396 3397 3398 3399 3400 3401 3402 3403 3404 3405 3406 3408 3410 3414 3418 3419 3420 3421 3422 3423 3424 3425 3426 3428 3430 3431 3432 3433 3434 3435 3436 3437 3438 3440 3442 3443 3444 3445 3446 3457 3468 3469 3470 3473 3476 3478 3480 3482 3484 3486 3488 3489 3490 3491 3492 3493 3494 3495 3496 3497 3498 3500 3502 3503 3504 3505 3506 3507 3508 3509 3510 3511 3512 3514 3516 3517 3518 3519 3520 3521 3522 3523 3524 3525 3526 3527 3528 3529 3530 3531 3532 3533 3534 3535 3536 3538 3540 3541 3542 3543 3544 3548 3552 3553 3554 3555 3556 3558 3560 3561 3562 3563 3564 3566 3568 3569 3570 3571 3572 3573 3574 3577 3580 3581 3582 3583 3584 3585 3586 3587 3588 3589 3590 3591 3592 3593 3594 3596 3598 3602 3606 3607 3608 3609 3610 3611 3612 3619 3626 3627 3628 3629 3630 3632 3634 3635 3636 3637 3638 3642 3646 3647 3648 3649 3650 3657 3664 3668 3672 3673 3674 3675 3676 3681 3686 3690 3694 3696 3698 3699 3700 3701 3702 3704 3706 3707 3708 3709 3710 3711 3712 3713 3714 3728 3742 3743 3744 3768 3792 3793 3794 3795 3796 3946 0 48 3796 3816
0 363 726 727 728 729 730 815 900 901 902 903 904 910 916 917 918 919 920 947 974 975 976 977 978 1035 1092 1093 1094 1095 1096 1116 1136 1137 1138 1139 1140 1245 1350 1351 1352 1353 1354 1363 1372 1373 1374 1375 1376 1377 1378 1379 1380 1381 1382 1443 1504 1505 1506 1507 1508 1577 1646 1647 1648 1649 1650 1684 1718 1719 1720 1722 1724 1725 1726 1727 1728 1747 1766 1767 1768 1769 1770 1836 1902 1903 1904 1905 1906 2056 2206 2207 2208 2209 2210 2258 2306 2307 2308 2309 2310 2417 2524 2525 2526 2527 2528 2534 2540 2541 2542 2543 2544 2575 2606 2607 2608 2624 2640 2641 2642 2643 2644 2673 2702 2705 2708 2768 2828 2829 2830 2831 2832 2833 2834 2835 2836 2837 2838 2895 2952 2953 2954 2955 2956 2970 2984 2985 2986 2987 2988 3055 3122 3123 3124 3125 3126 3209 3292 3293 3294 3295 3296 3470 3644 3645 3646 3647 3648 3724 3800 3801 3802 3803 3804 3892 3980 3981 3982 3983 3984 3997 4010 4011 4012 4013 4014 4139 0 312 4014 4072
0 258 516 517 518 519 520 598 676 677 678 679 680 730 780 781 782 783 784 824 864 865 866 867 868 906 944 945 946 947 948 986 1024 1025 1026 1027 1028 1047 1066 1067 1068 1069 1070 1083 1096 1097 1098 1099 1100 1116 1132 1133 1134 1135 1136 1172 1208 1209 1210 1211 1212 1220 1228 1229 1230 1231 1232 1251 1270 1271 1272 1273 1274 1308 1342 1343 1344 1345 1346 1395 1444 1445 1446 1447 1448 1618 1618 1762 258 281
0 106 212 213 214 215 216 508 800 801 802 803 804 821 838 839 840 841 842 1039 1236 1237 1238 1239 1240 1304 1368 1369 1370 1371 1372 1526 1680 1681 1682 1683 1684 1844 2004 2005 2006 2007 2008 2266 2266 2501 106 133
0 864 1728 1729 1730 1731 1732 1860 1988 1989 1990 1991 1992 2389 2389 2680 864 916
0 361 722 723 724 725 726 740 754 757 760 761 762 763 764 765 766 767 768 769 770 771 772 773 774 775 776 777 778 779 780 781 782 783 784 785 786 787 788 789 790 791 792 793 794 795 796 797 798 799 800 801 802 803 804 805 806 807 808 809 810 811 812 813 814 815 816 817 818 819 820 821 822 823 824 825 826 827 828 829 830 831 832 833 834 835 836 837 838 839 840 841 842 847 852 854 856 858 860 862 864 868 872 874 876 878 880 882 884 886 888 901 914 915 916 917 918 921 924 925 926 927 928 929 930 931 932 933 934 973 1012 1018 1024 1048 1072 1079 1086 1210 1334 1335 1336 1337 1338 1448 1558 1559 1560 1561 1562 1743 1924 1925 1926 1927 1928 1986 2044 2045 2046 2047 2048 2118 2118 2149 361 423
0 295 590 591 592 593 594 778 962 963 964 965 966 1043 1120 1121 1122 1123 1124 1126 1128 1129 1130 1131 1132 1133 1134 1172 1210 1211 1212 1213 1214 1575 1936 1937 1938 1947 1956 1957 1958 1959 1960 1986 2012 2013 2014 2015 2016 2114 2212 2213 2214 2215 2216 2259 2302 2303 2304 2305 2306 2433 2560 2561 2562 2563 2564 2648 2732 2733 2734 2735 2736 2742 2748 2749 2750 2751 2752 2793 2834 2835 2836 2837 2838 2857 2876 2877 2878 2879 2880 3223 3223 3467 295 366
0 127 254 255 256 257 258 390 522 523 524 525 526 535 544 545 546 547 548 596 644 645 646 647 648 650 652 654 656 676 696 698 700 702 704 713 722 723 724 725 726 727 728 729 730 731 732 733 734 735 736 737 738 739 740 741 742 743 744 745 746 747 748 749 750 753 756 757 758 759 760 780 800 802 804 806 808 809 810 811 812 820 828 829 830 831 832 833 834 835 836 840 844 845 846 847 848 849 850 852 854 856 858 859 860 861 862 863 864 865 866 867 868 869 870 871 872 873 874 875 876 877 878 879 880 881 882 883 884 885 886 887 888 889 890 891 892 893 894 895 896 897 898 899 900 901 902 903 904 905 906 907 908 909 910 911 912 913 914 915 916 935 954 961 968 1014 1060 1061 1062 1063 1064 1126 1188 1189 1190 1191 1192 1225 1258 1259 1260 1261 1262 1417 1417 1535 127 146
0 204 408 409 410 411 412 562 712 713 714 715 716 755 794 795 796 797 798 953 1108 1109 1110 1111 1112 1142 1172 1173 1174 1175 1176 1201 1226 1227 1228 1229 1230 1477 1724 1725 1726 1810 1894 1895 1896 1897 1898 1976 2054 2055 2056 2057 2058 2062 2066 2067 2068 2069 2070 2149 2228 2229 2230 2308 2386 2387 2388 2389 2390 2416 2442 2443 2444 2445 2446 2473 2500 2501 2502 2503 2504 2531 2558 2559 2560 2561 2562 2617 2672 2673 2674 2675 2676 2677 2678 2679 2680 2681 2682 2714 2746 2747 2748 2749 2750 2818 2886 2887 2888 2889 2890 2952 3014 3015 3016 3017 3018 3043 3068 3069 3070 3071 3072 3079 3086 3087 3088 3089 3090 3141 3141 3172 204 249
0 184 368 369 370 371 372 527 682 683 684 685 686 879 1072 1073 1074 1075 1076 1188 1300 1301 1302 1303 1304 1355 1406 1407 1408 1409 1410 1466 1522 1523 1524 1525 1526 1606 1686 1687 1688 1689 1690 1700 1710 1711 1712 1713 1714 1785 1856 1857 1858 1859 1860 2211 2562 2563 2564 2565 2566 2609 2652 2653 2654 2655 2656 2658 2660 2661 2662 2663 2664 2679 2694 2695 2696 2697 2698 2955 3212 3213 3214 3215 3216 3238 3260 3261 3262 3263 3264 3356 3448 3449 3450 3451 3452 3521 3590 3591 3592 3593 3594 3621 3648 3649 3650 3651 3652 3680 3708 3709 3710 3711 3712 3852 3992 3993 3994 3995 3996 4047 4098 4099 4100 4101 4102 4112 4122 4123 4124 4125 4126 4260 4394 4395 4396 4397 4398 4431 4464 4465 4466 4467 4468 4480 4492 4493 4494 4495 4496 4693 4890 4891 4892 4893 4894 4971 5048 5049 5050 5071 5092 5093 5094 5095 5096 5123 5150 5151 5152 5153 5154 5164 5174 5175 5176 5177 5178 5425 5672 5673 5674 5675 5676 5714 5752 5753 5754 5755 5756 5838 5920 5921 5922 5923 5924 5926 5928 5932 5936 5966 5996 5997 5998 5999 6000 6165 6330 6331 6332 6333 6334 6439 6439 6464 184 231
0 347 694 695 696 697 698 749 800 801 802 803 804 910 1016 1017 1018 1019 1020 1028 1036 1037 1038 1047 1056 1059 1062 1085 1108 1109 1110 1111 1112 1355 1355 1446 347 390
0 226 452 453 454 455 456 560 664 665 666 667 668 814 960 961 962 963 964 1021 1078 1079 1080 1081 1082 1153 1224 1225 1226 1227 1228 1337 1446 1447 1448 1449 1450 1569 1688 1689 1690 1691 1692 2039 2039 2293 226 284
0 392 784 785 786 787 788 874 960 961 962 963 964 1130 1296 1297 1298 1299 1300 1508 1716 1717 1718 1760 1802 1803 1804 1805 1806 1911 2016 2017 2018 2019 2020 2051 2082 2083 2084 2085 2086 2152 2218 2219 2220 2221 2222 2579 2579 2756 392 513
0 215 430 431 432 433 434 607 780 781 782 783 784 785 786 860 934 935 936 937 938 982 1026 1027 1028 1029 1030 1141 1252 1253 1254 1255 1256 1449 1642 1643 1644 1645 1646 1703 1760 1761 1762 1763 1764 1818 1872 1873 1874 1875 1876 1907 1938 1939 1940 1941 1942 1991 2040 2041 2042 2043 2044 2099 2154 2155 2156 2157 2158 2252 2346 2347 2348 2349 2350 2380 2410 2411 2412 2413 2414 2485 2556 2557 2558 2559 2560 2689 2818 2819 2820 2821 2822 2935 3048 3049 3050 3051 3052 3053 3054 3055 3056 3057 3058 3092 3126 3127 3128 3129 3130 3268 3268 3305 215 278
0 154 308 309 310 311 312 320 328 330 332 334 336 367 398 399 400 401 402 470 538 539 540 541 542 566 590 591 592 593 594 625 656 657 658 659 660 707 754 755 756 757 758 793 828 829 830 831 832 845 858 859 860 861 862 916 970 971 972 973 974 1012 1050 1051 1052 1053 1054 1095 1136 1137 1138 1139 1140 1169 1198 1199 1200 1201 1202 1325 1448 1449 1450 1468 1486 1487 1488 1489 1490 1531 1572 1573 1574 1575 1576 1655 1734 1735 1736 1737 1738 1748 1758 1759 1760 1761 1762 1960 2158 2159 2160 2161 2162 2284 2406 2407 2408 2409 2410 2436 2462 2463 2464 2465 2466 2613 2760 2761 2762 2764 2766 2767 2768 2769 2770 2794 2818 2819 2820 2821 2822 2938 3054 3055 3056 3057 3058 3217 3376 3377 3378 3379 3380 3470 3560 3561 3562 3563 3564 3654 3744 3745 3746 3747 3748 3785 3822 3823 3824 3825 3826 3839 3852 3853 3854 3855 3856 4016 4176 4177 4178 4179 4180 4457 4457 4593 154 173

0 23745 47490 47491 47492 47494 47496 47497 47498 47499 47500 47505 47510 47511 47512 47513 47514 47515 47516 47517 47518 47519 47520 47521 47522 47528 47534 47536 47538 47540 47542 47545 47548 47549 47550 47551 47552 47557 47562 47563 47564 47565 47566 47567 47568 47569 47570 47571 47572 47577 47582 47583 47584 47585 47586 47587 47588 47589 47590 47591 47592 47595 47598 47600 47602 47604 47606 47609 47612 47613 47614 47615 47616 47621 47626 47627 47628 47629 47630 47647 47664 47665 47666 47667 47668 47700 47732 47733 47734 47735 47736 47739 47742 47743 47744 47745 47746 47749 47752 47753 47754 47755 47756 47760 47764 47765 47766 47789 47812 47813 47814 47815 47816 47839 47862 47863 47864 47865 47866 47894 47922 47923 47924 47925 47926 47941 47956 47957 47958 47959 47960 47964 47968 47969 47970 47971 47972 47986 48000 48001 48002 48003 48004 48008 48012 48013 48014 48015 48016 48025 48034 48035 48036 48037 48038 48043 48048 48049 48050 48051 48052 48064 48076 48077 48078 48079 48080 48118 48156 48157 48158 48159 48160 48161 48162 48163 48164 48165 48166 48219 48272 48273 48274 48275 48276 48288 48300 48301 48302 48303 48304 48314 48324 48325 48326 48327 48328 48335 48342 48343 48344 48345 48346 48347 48348 48349 48350 48351 48352 48380 48408 48409 48410 48419 48428 48429 48430 48431 48432 48433 48434 48435 48436 48437 48438 48445 48452 48453 48454 48455 48456 48468 48480 48481 48482 48483 48484 48485 48486 48487 48488 48489 48490 48537 48584 48585 48586 48587 48588 48592 48596 48597 48598 48599 48600 48602 48604 48605 48606 48607 48608 48610 48612 48613 48614 48615 48616 48622 48628 48629 48630 48631 48632 48644 48656 48657 48658 48659 48660 48661 48662 48663 48664 48671 48678 48679 48680 48681 48682 48687 48692 48693 48694 48695 48696 48699 48702 48703 48704 48705 48706 48707 48708 48709 48710 48781 48852 48853 48854 48855 48856 48868 48880 48881 48882 48883 48884 48890 48896 48897 48898 48899 48900 48933 48966 48967 48968 48969 48970 48989 49008 49009 49010 49011 49012 49031 49050 49051 49052 49053 49054 49091 49128 49129 49130 49131 49132 49169 49206 49207 49208 49209 49210 49221 49232 49233 49234 49235 49236 49239 49242 49243 49244 49245 49246 49259 49272 49273 49274 49275 49276 49280 49284 49285 49286 49287 49288 49311 49334 49335 49336 49337 49338 49344 49350 49351 49352 49353 49354 49372 49390 49391 49392 49393 49394 49395 49396 49397 49398 49438 49478 49479 49480 49481 49482 49494 49506 49507 49508 49509 49510 49526 49542 49543 49544 49545 49546 49547 49548 49549 49550 49551 49552 49556 49560 49561 49562 49563 49564 49565 49566 49567 49568 49569 49570 49575 49580 49581 49582 49583 49584 49597 49610 49611 49612 49613 49614 49623 49632 49633 49634 49635 49636 49663 49690 49691 49692 49693 49694 49695 49696 49697 49698 49699 49700 49701 49702 49703 49704 49705 49706 49724 49742 49743 49744 49745 49746 49793 49840 49841 49842 49843 49844 49904 49964 49965 49966 49967 49968 49972 49976 49977 49978 49979 49980 49986 49992 49993 49994 49995 49996 50028 50060 50061 50062 50063 50064 50100 50136 50137 50138 50139 50140 50179 50218 50219 50220 50221 50222 50249 50276 50277 50278 50279 50280 50331 50382 50383 50384 50385 50386 50388 50390 50391 50392 50393 50394 50397 50400 50401 50402 50403 50404 50436 50468 50469 50470 50471 50472 50485 50498 50499 50500 50501 50502 50514 50526 50527 50528 50529 50530 50541 50552 50553 50554 50555 50556 50576 50596 50597 50598 50599 50600 50607 50614 50615 50616 50617 50618 50625 50632 50633 50634 50635 50636 50641 50646 50647 50648 50649 50650 50653 50656 50657 50658 50659 50660 50676 50692 50693 50694 50695 50696 50771 50846 50847 50848 50849 50850 50898 50946 50947 50948 50949 50950 50968 50986 50987 50988 50989 50990 51092 51194 51195 51196 51197 51198 51204 51210 51211 51212 51213 51214 51244 51274 51275 51276 51277 51278 51279 51280 51281 51282 51283 51284 51289 51294 51295 51296 51297 51298 51316 51334 51335 51336 51337 51338 51340 51342 51343 51344 51345 51346 51348 51350 51351 51352 51353 51354 51355 51356 51357 51358 51359 51360 51364 51368 51369 51370 51371 51372 51385 51398 51399 51400 51401 51402 51428 51454 51455 51456 51457 51458 51462 51466 51467 51468 51469 51470 51472 51474 51475 51476 51477 51478 51479 51480 51491 51502 51503 51504 51505 51506 51535 51564 51565 51566 51567 51568 51623 51678 51679 51680 51681 51682 51683 51684 51685 51686 51687 51688 51702 51716 51717 51718 51719 51720 51732 51744 51745 51746 51747 51748 51754 51760 51761 51762 51763 51764 51817 51870 51871 51872 51873 51874 51931 51988 51989 51990 51991 51992 52015 52038 52039 52040 52041 52042 52047 52052 52054 52056 52058 52060 52075 52090 52091 52092 52093 52094 52096 52098 52099 52100 52101 52102 52125 52148 52149 52150 52151 52152 52170 52188 52189 52190 52191 52192 52195 52198 52199 52200 52201 52202 52269 52336 52337 52338 52339 52340 52352 52364 52365 52366 52367 52368 52391 52414 52415 52416 52417 52418 52419 52420 52421 52422 52423 52424 52481 52538 52539 52540 52541 52542 52543 52544 52545 52546 52547 52548 52549 52550 52551 52552 52553 52554 52576 52598 52599 52600 52601 52602 52605 52608 52609 52610 52611 52612 52643 52674 52675 52676 52677 52678 52685 52692 52693 52694 52695 52696 52747 52798 52799 52800 52801 52802 52810 52818 52819 52820 52821 52822 52830 52838 52839 52840 52841 52842 52844 52846 52847 52848 52849 52850 52865 52880 52881 52882 52935 52988 52989 52990 52991 52992 52994 52996 52997 52998 52999 53000 53036 53072 53073 53074 53075 53076 53080 53084 53085 53086 53087 53088 53110 53132 53133 53134 53135 53136 53138 53140 53141 53142 53143 53144 53172 53200 53201 53202 53203 53204 53216 53228 53229 53230 53231 53232 53238 53244 53245 53246 53247 53248 53250 53252 53253 53254 53255 53256 53306 53356 53357 53358 53359 53360 53380 53400 53401 53402 53403 53404 53413 53422 53423 53424 53425 53426 53448 53470 53471 53472 53473 53474 53486 53498 53499 53500 53542 53584 53585 53586 53587 53588 53637 53686 53687 53688 53689 53690 53709 53728 53729 53730 53731 53732 53736 53740 53741 53742 53743 53744 53753 53762 53763 53764 53765 53766 53814 53862 53863 53864 53865 53866 53869 53872 53873 53874 53876 53878 53879 53880 53881 53882 53916 53950 53951 53952 53953 53954 53976 53998 53999 54000 54001 54002 54009 54016 54017 54018 54019 54020 54038 54056 54057 54058 54059 54060 54066 54072 54073 54074 54075 54076 54108 54140 54141 54142 54143 54144 54149 54154 54155 54156 54157 54158 54176 54194 54195 54196 54197 54198 54201 54204 54205 54206 54207 54208 54229 54250 54251 54252 54253 54254 54281 54308 54309 54310 54311 54312 54316 54320 54321 54322 54323 54324 54326 54328 54329 54330 54331 54332 54334 54336 54337 54338 54339 54340 54351 54362 54363 54364 54365 54366 54373 54380 54381 54382 54383 54384 54407 54430 54431 54432 54433 54434 54484 54534 54535 54536 54537 54538 54539 54540 54541 54542 54543 54544 54545 54546 54547 54548 54549 54550 54551 54552 54564 54576 54577 54578 54579 54580 54583 54586 54587 54588 54589 54590 54597 54604 54605 54606 54607 54608 54609 54610 54611 54612 54636 54660 54661 54662 54663 54664 54671 54678 54686 54694 54695 54696 54697 54698 54717 54736 54737 54738 54739 54740 54758 54776 54777 54778 54779 54780 54781 54782 54783 54784 54813 54842 54843 54844 54845 54846 54853 54860 54861 54862 54863 54864 54887 54910 54911 54912 54913 54914 54927 54940 54941 54942 54943 54944 54955 54966 54967 54968 54969 54970 54973 54976 54977 54978 54979 54980 54998 55016 55017 55018 55019 55020 55039 55058 55059 55060 55061 55062 55065 55068 55069 55070 55071 55072 55078 55084 55085 55086 55087 55088 55143 55198 55199 55200 55201 55202 55206 55210 55211 55212 55213 55214 55226 55238 55239 55240 55241 55242 55258 55274 55275 55276 55277 55278 55279 55280 55286 55292 55293 55294 55295 55296 55297 55298 55299 55300 55301 55302 55306 55310 55311 55312 55313 55314 55338 55362 55363 55364 55365 55366 55368 55370 55371 55372 55373 55374 55392 55410 55411 55412 55413 55414 55419 55424 55425 55426 55427 55428 55429 55430 55431 55432 55433 55434 55435 55436 55437 55438 55439 55440 55447 55454 55455 55456 55457 55458 55459 55460 55461 55462 55479 55496 55497 55498 55499 55500 55539 55578 55579 55580 55581 55582 55642 55702 55703 55704 55705 55706 55714 55722 55723 55724 55725 55726 55728 55730 55731 55732 55733 55734 55749 55764 55765 55766 55819 55872 55873 55874 55875 55876 55878 55880 55881 55882 55883 55884 55886 55888 55889 55890 55891 55892 55925 55958 55959 55960 55961 55962 55989 56016 56017 56018 56019 56020 56022 56024 56025 56026 56027 56028 56029 56030 56031 56032 56061 56090 56091 56092 56093 56094 56111 56128 56129 56130 56131 56132 56134 56136 56137 56138 56139 56140 56155 56170 56171 56172 56173 56174 56194 56214 56215 56216 56217 56218 56229 56240 56241 56242 56243 56244 56245 56246 56247 56248 56249 56250 56303 56356 56357 56358 56359 56360 56363 56366 56367 56368 56369 56370 56373 56376 56377 56378 56379 56380 56384 56388 56389 56390 56393 56396 56397 56398 56399 56400 56411 56422 56423 56424 56425 56426 56433 56440 56441 56442 56443 56444 56462 56480 56481 56482 56483 56484 56507 56530 56531 56532 56533 56534 56559 56584 56585 56586 56587 56588 56592 56596 56597 56598 56599 56600 56648 56696 56697 56698 56699 56700 56733 56766 56767 56768 56805 56842 56843 56844 56845 56846 56868 56890 56891 56892 56893 56894 56898 56902 56903 56904 56905 56906 56911 56916 56917 56918 56919 56920 56921 56922 56923 56924 56925 56926 56939 56952 56953 56954 56955 56956 56962 56968 56969 56970 56971 56972 57004 57036 57037 57038 57039 57040 57045 57050 57051 57052 57053 57054 57055 57056 57057 57058 57059 57060 57080 57100 57101 57102 57103 57104 57144 57184 57185 57186 57187 57188 57196 57204 57205 57206 57207 57208 57212 57216 57217 57218 57219 57220 57222 57224 57225 57226 57227 57228 57230 57232 57233 57234 57235 57236 57255 57274 57275 57276 57277 57278 57292 57306 57307 57308 57309 57310 57313 57316 57317 57318 57319 57320 57321 57322 57323 57324 57378 57432 57433 57434 57435 57436 57437 57438 57439 57440 57441 57442 57456 57470 57471 57472 57473 57474 57486 57498 57499 57500 57501 57502 57508 57514 57515 57516 57517 57518 57551 57584 57585 57586 57587 57588 57603 57618 57619 57620 57621 57622 57625 57628 57629 57630 57631 57632 57644 57656 57657 57658 57659 57660 57685 57710 57711 57712 57713 57714 57732 57750 57751 57752 57753 57754 57770 57786 57787 57788 57789 57790 57796 57802 57803 57804 57805 57806 57811 57816 57818 57820 57822 57824 57830 57836 57837 57838 57839 57840 57851 57862 57863 57864 57865 57866 57883 57900 57901 57902 57903 57904 57909 57914 57915 57916 57917 57918 57919 57920 57921 57922 57923 57924 57940 57956 57957 57958 57959 57960 57963 57966 57967 57968 57969 57970 58037 58104 58105 58106 58107 58108 58120 58132 58133 58134 58135 58136 58166 58196 58197 58198 58199 58200 58224 58248 58249 58250 58251 58252 58281 58310 58311 58312 58313 58314 58324 58334 58335 58336 58337 58338 58355 58372 58373 58374 58375 58376 58461 58546 58547 58548 58549 58550 58555 58560 58561 58562 58563 58564 58572 58580 58581 58582 58583 58584 58592 58600 58601 58602 58603 58604 58606 58608 58609 58610 58611 58612 58627 58642 58643 58644 58697 58750 58751 58752 58753 58754 58756 58758 58759 58760 58761 58762 58803 58844 58845 58846 58847 58848 58873 58898 58899 58900 58901 58902 58950 58998 58999 59000 59001 59002 59004 59006 59007 59008 59009 59010 59028 59046 59047 59048 59049 59050 59107 59164 59165 59166 59167 59168 59172 59176 59177 59178 59179 59180 59202 59224 59225 59226 59227 59228 59240 59252 59253 59254 59257 59260 59261 59262 59263 59264 59271 59278 59279 59280 59281 59282 59293 59304 59305 59306 59307 59308 59336 59364 59365 59366 59367 59368 59390 59412 59413 59414 59415 59416 59432 59448 59449 59450 59451 59452 59466 59480 59481 59482 59483 59484 59488 59492 59493 59494 59495 59496 59500 59504 59505 59506 59507 59508 59517 59526 59527 59528 59529 59530 59582 59634 59635 59636 59673 59710 59711 59712 59713 59714 59736 59758 59759 59760 59761 59762 59769 59776 59777 59778 59779 59780 59805 59830 59831 59832 59833 59834 59872 59910 59911 59912 59913 59914 59915 59916 59917 59918 59919 59920 59927 59934 59935 59936 59937 59938 59946 59954 59955 59956 59957 59958 59961 59964 59965 59966 59967 59968 60017 60066 60067 60068 60069 60070 60074 60078 60079 60080 60081 60082 60084 60086 60087 60088 60089 60090 60092 60094 60095 60096 60097 60098 60103 60108 60109 60110 60111 60112 60117 60122 60123 60124 60125 60126 60133 60140 60141 60142 60143 60144 60149 60154 60155 60156 60164 60172 60173 60174 60175 60176 60179 60182 60183 60184 60185 60186 60187 60188 60189 60190 60204 60218 60219 60220 60221 60222 60262 60302 60303 60304 60305 60306 60307 60308 60309 60310 60324 60338 60339 60340 60341 60342 60344 60346 60347 60348 60349 60350 60359 60368 60369 60370 60371 60372 60396 60420 60421 60422 60423 60424 60439 60454 60455 60456 60457 60458 60477 60496 60497 60498 60499 60500 60519 60538 60539 60540 60541 60542 60571 60600 60601 60602 60603 60604 60611 60618 60619 60620 60621 60622 60645 60668 60669 60670 60671 60672 60685 60698 60699 60700 60701 60702 60713 60724 60725 60726 60727 60728 60770 60812 60813 60814 60815 60816 60819 60822 60823 60824 60825 60826 60849 60872 60873 60874 60875 60876 60878 60880 60881 60882 60883 60884 60924 60964 60965 60966 60967 60968 60980 60992 60993 60994 60995 60996 61014 61032 61033 61034 61035 61036 61047 61058 61059 61060 61061 61062 61063 61064 61065 61066 61092 61118 61119 61120 61121 61122 61148 61174 61175 61176 61177 61178 61188 61198 61199 61200 61201 61202 61219 61236 61237 61238 61239 61240 61277 61314 61315 61316 61317 61318 61337 61356 61357 61358 61359 61360 61411 61462 61463 61464 61465 61466 61468 61470 61471 61472 61473 61474 61489 61504 61505 61506 61559 61612 61613 61614 61615 61616 61618 61620 61621 61622 61623 61624 61628 61632 61633 61634 61635 61636 61667 61698 61699 61700 61701 61702 61724 61746 61747 61748 61749 61750 61757 61764 61765 61766 61767 61768 61769 61770 61771 61772 61777 61782 61783 61784 61785 61786 61809 61832 61833 61834 61835 61836 61841 61846 61847 61848 61849 61850 61861 61872 61873 61874 61875 61876 61878 61880 61881 61882 61883 61884 61906 61928 61929 61930 61931 61932 61954 61976 61977 61978 61979 61980 62005 62030 62031 62032 62033 62034 62043 62052 62053 62054 62055 62056 62078 62100 62101 62102 62103 62104 62107 62110 62111 62112 62113 62114 62122 62130 62131 62132 62155 62178 62179 62180 62181 62182 62200 62218 62219 62220 62221 62222 62271 62320 62321 62322 62323 62324 62403 62482 62483 62484 62485 62486 62489 62492 62493 62494 62495 62496 62499 62502 62503 62504 62521 62538 62539 62540 62541 62542 62561 62580 62581 62582 62583 62584 62606 62628 62629 62630 62631 62632 62665 62698 62699 62700 62701 62702 62740 62778 62779 62780 62781 62782 62783 62784 62785 62786 62787 62788 62804 62820 62821 62822 62823 62824 62827 62830 62831 62832 62833 62834 62855 62876 62877 62878 62879 62880 62907 62934 62935 62936 62937 62938 62939 62940 62941 62942 62943 62944 62946 62948 62949 62950 62951 62952 62954 62956 62957 62958 62959 62960 62962 62964 62965 62966 62967 62968 62987 63006 63007 63008 63009 63010 63024 63038 63039 63040 63041 63042 63045 63048 63049 63050 63051 63052 63053 63054 63055 63056 63059 63062 63063 63064 63065 63066 63096 63126 63127 63128 63129 63130 63151 63172 63173 63174 63175 63176 63177 63178 63179 63180 63193 63206 63207 63208 63209 63210 63221 63232 63233 63234 63235 63236 63237 63238 63239 63240 63265 63290 63291 63292 63293 63294 63308 63322 63323 63324 63325 63326 63345 63364 63365 63366 63367 63368 63384 63400 63401 63402 63403 63404 63405 63406 63407 63408 63409 63410 63411 63412 63413 63414 63438 63462 63463 63464 63465 63466 63478 63490 63491 63492 63493 63494 63531 63568 63569 63570 63571 63572 63583 63594 63595 63596 63597 63598 63615 63632 63633 63634 63635 63636 63664 63692 63693 63694 63695 63696 63702 63708 63709 63710 63711 63712 63713 63714 63769 63824 63825 63826 63827 63828 63829 63830 63831 63832 63833 63834 63836 63838 63839 63840 63841 63842 63854 63866 63867 63868 63869 63870 63893 63916 63917 63918 63919 63920 63921 63922 63923 63924 63925 63926 63930 63934 63935 63936 63937 63938 63961 63984 88459 0 20172 63984 66879
0 546 1092 1093 1094 1095 1096 1289 546 944 1289 1342
0 193 386 387 388 389 390 764 764 990 193 246
0 1820 3640 3910 4180 4600 5020 5106 5192 5548 5904 5905 5906 5907 5908 5977 6046 6188 6330 6351 6372 6383 6394 7419 0 714 7419 7942
0 1025 2050 2098 2146 2147 2148 2149 2150 2265 2380 2381 2382 2383 2384 2424 2464 2465 2466 2467 2468 2543 2618 2619 2620 2621 2622 2637 2652 2653 2654 2655 2656 2675 2694 2695 2696 2697 2698 2857 3016 3017 3018 3019 3020 3126 3232 3233 3234 3235 3236 3283 3330 3331 3332 3333 3334 3499 3664 3665 3666 3667 3668 3712 3756 3757 3758 3759 3760 3770 3780 3781 3782 3783 3784 3878 3972 3973 3974 3975 3976 4056 4136 4137 4138 4139 4140 4190 4240 4241 4242 4243 4244 4292 4340 4341 4342 4343 4344 4388 4432 4433 4434 4435 4436 4447 4458 4459 4460 4461 4462 4464 4466 4467 4468 4469 4470 4547 4624 4625 4626 4810 4994 4995 4996 4997 4998 5018 5038 5039 5040 5041 5042 5218 5394 5395 5396 5397 5398 5399 5400 5401 5402 5403 5404 5532 5660 5661 5662 5663 5664 5785 5906 5907 5908 5909 5910 6050 6190 6191 6192 6193 6194 6198 6202 6203 6204 6205 6206 6250 6294 6295 6296 6297 6298 6315 6332 6333 6334 6335 6336 6446 6556 6557 6558 6559 6560 6575 6590 6591 6592 6593 6594 6600 6606 6607 6608 6609 6610 6618 6626 6627 6628 6629 6630 6632 6634 6635 6636 6637 6638 6649 6660 6661 6662 6663 6664 6669 6674 6675 6676 6677 6678 6681 6684 6685 6686 6687 6688 6721 6754 6755 6756 6757 6758 6789 6820 6821 6822 6823 6824 6859 6894 6895 6896 6897 6898 6901 6904 6905 6906 6907 6908 6914 6920 6921 6922 6923 6924 6932 6940 6941 6942 6943 6944 6955 6966 6967 6968 6969 6970 6971 6972 6973 6974 6975 6976 6981 6986 6987 6988 6989 6990 7009 7028 7029 7030 7031 7032 7043 7054 7055 7056 7057 7058 7067 7076 7077 7078 7079 7080 7100 7120 7121 7122 7123 7124 7128 7132 7133 7134 7135 7136 7137 7138 7139 7140 7146 7152 7153 7154 7155 7156 7160 7164 7165 7166 7167 7168 7169 7170 7171 7172 7177 7182 7183 7184 7185 7186 7187 7188 7359 7530 7532 7534 7535 7536 7537 7538 7549 7560 7561 7562 7563 7564 7619 7674 7676 7678 7680 7682 7683 7684 7687 7690 7693 7696 7703 7710 7711 7712 7713 7714 7733 7752 7753 7754 7755 7756 7778 7800 7801 7802 7803 7804 7807 7810 7811 7812 7813 7814 7846 7878 7879 7880 7881 7882 7911 7940 7941 7942 7943 7944 7966 7988 7989 7990 7991 7992 8007 8022 8023 8024 8025 8026 8063 8100 8101 8102 8103 8104 8119 8134 8135 8136 8137 8138 8157 8176 8177 8178 8179 8180 8188 8196 8197 8198 8199 8200 8204 8208 8209 8210 8211 8212 8220 8228 8229 8230 8231 8232 8260 8288 12217 1025 1594 12217 12714

0 3926 7852 7860 7868 7869 7870 7871 7872 7884 7896 7897 7898 7899 7900 7912 7924 7925 7926 7927 7928 7946 7964 7965 7966 7967 7968 7997 8026 8027 8028 8029 8030 8064 8098 8099 8100 8101 8102 8106 8110 8111 8112 8113 8114 8122 8130 8131 8132 8133 8134 8143 8152 8153 8154 8155 8156 8157 8158 8159 8160 8161 8162 8164 8166 8167 8168 8169 8170 8175 8180 8181 8182 8183 8184 8187 8190 8191 8192 8193 8194 8205 8216 8217 8218 8219 8220 8226 8232 8233 8234 8235 8236 8329 8422 8423 8424 8425 8426 8434 8442 8443 8444 8445 8446 8479 8512 8513 8514 8515 8516 8521 8526 8527 8528 8529 8530 8541 8552 8553 8554 8555 8556 8565 8574 8575 8576 8577 8578 8605 8632 8638 8644 8645 8646 8647 8648 8653 8658 8659 8660 8661 8662 8671 8680 8681 8682 8683 8684 8694 8704 8705 8706 8707 8708 8712 8716 8717 8718 8719 8720 8728 8736 8737 8738 8739 8740 8745 8750 8751 8752 8753 8754 8760 8766 8767 8768 8769 8770 8771 8772 8773 8774 8778 8782 8783 8784 8785 8786 8791 8796 8797 8798 8799 8800 8805 8810 8812 8814 8816 8818 8823 8828 8829 8830 8831 8832 8834 8836 8837 8838 8839 8840 8880 8920 8921 8922 8923 8924 8925 8926 8927 8928 8942 8956 8957 8958 8959 8960 8968 8976 8977 8978 8979 8980 8996 9012 9013 9014 9015 9016 9028 9040 9041 9042 9043 9044 9046 9048 9049 9050 9051 9052 9054 9056 9058 9060 9084 9108 9109 9110 9111 9112 9118 9124 9125 9126 9127 9128 9170 9212 9214 9216 9218 9220 9229 9238 9239 9240 9241 9242 9277 9312 9313 9314 9315 9316 9321 9326 9327 9328 9329 9330 9473 9616 9617 9618 9619 9620 9628 9636 9637 9638 9639 9640 9646 9652 9653 9654 9655 9656 9663 9670 9671 9672 9673 9674 9694 9714 9715 9716 9717 9718 9722 9726 9727 9728 9729 9730 9738 9746 9747 9748 9749 9750 9785 9820 9822 9824 9826 9828 9843 9858 9859 9860 9861 9862 9919 9976 9977 9978 9979 9980 10068 10156 10157 10158 10159 10160 10166 10172 10173 10174 10175 10176 10209 10242 10243 10244 10245 10246 10308 10370 10371 10372 10373 10374 10400 10426 10427 10428 10429 10430 10442 10454 10455 10456 10457 10458 10477 10496 10497 10498 10499 10500 10523 10546 10547 10548 10549 10550 10552 10554 10555 10556 10557 10558 10560 10562 10563 10564 10565 10566 10578 10590 10591 10592 10593 10594 10605 10616 10617 10618 10619 10620 10642 10664 10665 10666 10667 10668 10694 10720 10721 10722 10723 10724 10737 10750 10752 10754 10756 10758 10764 10770 15567 3926 6982 15567 16133

0 3926 7852 7860 7868 7869 7870 7871 7872 7884 7896 7897 7898 7899 7900 7912 7924 7925 7926 7927 7928 7946 7964 7965 7966 7967 7968 7997 8026 8027 8028 8029 8030 8064 8098 8099 8100 8101 8102 8106 8110 8111 8112 8113 8114 8122 8130 8131 8132 8133 8134 8143 8152 8153 8154 8155 8156 8157 8158 8159 8160 8161 8162 8164 8166 8167 8168 8169 8170 8175 8180 8181 8182 8183 8184 8187 8190 8191 8192 8193 8194 8205 8216 8217 8218 8219 8220 8226 8232 8233 8234 8235 8236 8329 8422 8423 8424 8425 8426 8434 8442 8443 8444 8445 8446 8479 8512 8513 8514 8515 8516 8521 8526 8527 8528 8529 8530 8541 8552 8553 8554 8555 8556 8565 8574 8575 8576 8577 8578 8605 8632 8638 8644 8645 8646 8647 8648 8653 8658 8659 8660 8661 8662 8671 8680 8681 8682 8683 8684 8694 8704 8705 8706 8707 8708 8712 8716 8717 8718 8719 8720 8728 8736 8737 8738 8739 8740 8745 8750 8751 8752 8753 8754 8760 8766 8767 8768 8769 8770 8771 8772 8773 8774 8778 8782 8783 8784 8785 8786 8791 8796 8797 8798 8799 8800 8805 8810 8812 8814 8816 8818 8823 8828 8829 8830 8831 8832 8834 8836 8837 8838 8839 8840 8880 8920 8921 8922 8923 8924 8925 8926 8927 8928 8942 8956 8957 8958 8959 8960 8968 8976 8977 8978 8979 8980 8996 9012 9013 9014 9015 9016 9028 9040 9041 9042 9043 9044 9046 9048 9049 9050 9051 9052 9054 9056 9058 9060 9084 9108 9109 9110 9111 9112 9118 9124 9125 9126 9127 9128 9170 9212 9214 9216 9218 9220 9229 9238 9239 9240 9241 9242 9277 9312 9313 9314 9315 9316 9321 9326 9327 9328 9329 9330 9473 9616 9617 9618 9619 9620 9628 9636 9637 9638 9639 9640 9646 9652 9653 9654 9655 9656 9663 9670 9671 9672 9673 9674 9694 9714 9715 9716 9717 9718 9722 9726 9727 9728 9729 9730 9738 9746 9747 9748 9749 9750 9785 9820 9822 9824 9826 9828 9843 9858 9859 9860 9861 9862 9919 9976 9977 9978 9979 9980 10068 10156 10157 10158 10159 10160 10166 10172 10173 10174 10175 10176 10209 10242 10243 10244 10245 10246 10308 10370 10371 10372 10373 10374 10400 10426 10427 10428 10429 10430 10442 10454 10455 10456 10457 10458 10477 10496 10497 10498 10499 10500 10523 10546 10547 10548 10549 10550 10552 10554 10555 10556 10557 10558 10560 10562 10563 10564 10565 10566 10578 10590 10591 10592 10593 10594 10605 10616 10617 10618 10619 10620 10642 10664 10665 10666 10667 10668 10694 10720 10721 10722 10723 10724 10737 10750 10752 10754 10756 10758 10764 10770 15567 3926 6982 15567 16076
0 4797 9594 9607 9620 9621 9622 9623 9624 9666 9708 9709 9710 9711 9712 9713 9714 9716 9718 9720 9722 9738 9754 9755 9756 9757 9758 9878 9998 9999 10000 10001 10002 10006 10010 10011 10012 10013 10014 10053 10092 10093 10094 10095 10096 10123 10150 10151 10152 10153 10154 10156 10158 10159 10160 10161 10162 10165 10168 10169 10170 10171 10172 10173 10174 10175 10176 10177 10178 10216 10254 10255 10256 10257 10258 10259 10260 10261 10262 10263 10264 10266 10268 10269 10270 10271 10272 10274 10276 13520 4797 8096 13520 14561
0 4797 9594 9607 9620 9621 9622 9623 9624 9666 9708 9709 9710 9711 9712 9713 9714 9716 9718 9720 9722 9738 9754 9755 9756 9757 9758 9878 9998 9999 10000 10001 10002 10006 10010 10011 10012 10013 10014 10053 10092 10093 10094 10095 10096 10123 10150 10151 10152 10153 10154 10156 10158 10159 10160 10161 10162 10165 10168 10169 10170 10171 10172 10173 10174 10175 10176 10177 10178 10216 10254 10255 10256 10257 10258 10259 10260 10261 10262 10263 10264 10266 10268 10269 10270 10271 10272 10274 10276 13520 4797 6585 13520 14105
0 4095 8190 8196 8202 8203 8204 8205 8206 8211 8216 8217 8218 8219 8220 8229 8238 8239 8240 8241 8242 8266 8290 8291 8292 8293 8294 8295 8296 8298 8300 8302 8304 8307 8310 8311 8312 8313 8314 8324 8334 8335 8336 8337 8338 8346 8354 8355 8356 8357 8358 8359 8360 8362 8364 8366 8368 8374 8380 8381 8382 8383 8384 8400 8416 8417 8418 8419 8420 8423 8426 8427 8428 8429 8430 8453 8476 8478 8480 8482 8484 8487 8490 8491 8492 8493 8494 8498 8502 8505 8508 8511 8514 8515 8516 8517 8518 8519 8520 8532 8544 8545 8546 8547 8548 8558 8568 8569 8570 8571 8572 8574 8576 8577 8578 8579 8580 8589 8598 8599 8600 8601 8602 8604 8606 8607 8608 8609 8610 8620 8630 8632 8634 8636 8638 8645 8652 8653 8654 8655 8656 8669 8682 8683 8684 8685 8686 8687 8688 8689 8690 8691 8692 8699 8706 8707 8708 8717 8726 8727 8728 8729 8730 8731 8732 8733 8734 8735 8736 8743 8750 8751 8752 8753 8754 8768 8782 8784 8786 8788 8790 8791 8792 8793 8794 8795 8796 8797 8798 8799 8800 8801 8802 8803 8804 8805 8806 8807 8808 8813 8818 8819 8820 8821 8822 8824 8826 8827 8828 8829 8830 8832 8834 8835 8836 8837 8838 8842 8846 8847 8848 8849 8850 8852 8854 8855 8856 8857 8858 8859 8860 8861 8862 8863 8864 8872 8880 8881 8882 8883 8884 8889 8894 8895 8896 8897 8898 8899 8900 8901 8902 8903 8904 8907 8910 8911 8912 8913 8914 8928 8942 9287 9632 9635 9638 9646 9654 9655 9656 9657 9658 9661 9664 9665 9666 9667 9668 9675 9682 9683 9684 9685 9686 9692 9698 9699 9700 9701 9702 9719 9736 9738 9740 9742 9744 9754 9764 9765 9766 9767 9768 9770 9772 9773 9774 9775 9776 9783 9790 9791 9792 9793 9794 9795 9796 9797 9798 9799 9800 9802 9804 9805 9806 9807 9808 9822 9836 9840 9844 9848 9852 9855 9858 9860 9862 9864 9866 9873 9880 9881 9882 9883 9884 9886 9888 9889 9890 9891 9892 9894 9896 9897 9898 9899 9900 9912 9924 9925 9926 9927 9928 9941 9954 9955 9956 9957 9958 9964 9970 9972 9974 9976 9978 9989 10000 10001 10002 10003 10004 10018 10032 10033 10034 10036 10038 10039 10040 10041 10042 10043 10044 10046 10048 10050 10052 10057 10062 10063 10064 10065 10066 10068 10070 10071 10072 10073 10074 10083 10092 10093 10094 10095 10096 10100 10104 10105 10106 10107 10108 10115 10122 10123 10124 10125 10126 10128 10130 10131 10132 10133 10134 10141 10148 10149 10150 10151 10152 10153 10154 10157 10160 10163 10166 10170 10174 10175 10176 10177 10178 10191 10204 10205 10206 10207 10208 10213 10218 10219 10220 10221 10222 10223 10224 10225 10226 10227 10228 10234 10240 10241 10242 10245 10248 10258 10268 10270 10272 10274 10276 10282 10288 10289 10290 10291 10292 10298 10304 10305 10306 10307 10308 10309 10310 10311 10312 10313 10314 10326 10338 10340 10342 10343 10344 10345 10346 10347 10348 10355 10362 10363 10364 10365 10366 10380 10394 10395 10396 10397 10398 10418 10438 10439 10440 10441 10442 10445 10448 10449 10450 10451 10452 10478 10504 10676 10848 10849 10850 10859 10868 10869 10870 10871 10872 10882 10892 10893 10894 10895 10896 10897 10898 10900 10902 10904 10906 10920 10934 10935 10936 10937 10938 10945 10952 10953 10954 10955 10956 10957 10958 10959 10960 10961 10962 10963 10964 10966 10968 10970 10972 10978 10984 10985 10986 10987 10988 10994 11000 11002 11004 11006 11008 11009 11010 11011 11012 11013 11014 11017 11020 11021 11022 11023 11024 11030 11036 11037 11038 11039 11040 11042 11044 11045 11046 11047 11048 11057 11066 11067 11068 11069 11070 11071 11072 11073 11074 11075 11076 11081 11086 11087 11088 11089 11090 11092 11094 11096 11098 11100 11102 11111 11120 11121 11122 11123 11124 11126 11128 11130 11132 11134 11136 11144 11152 11153 11154 11155 11156 11178 11200 11201 11202 11212 11222 11223 11224 11225 11226 11230 11234 11235 11236 11237 11238 11260 11282 11283 11284 11285 11286 11320 11354 11355 11356 11357 11358 11367 11376 11377 11378 11379 11380 11382 11384 11385 11386 11387 11388 11393 11398 11399 11400 11401 11402 11406 11410 11411 11412 11413 11414 11440 11466 11467 11468 11469 11470 11478 11486 11487 11488 11489 11490 11492 11494 11495 11496 11497 11498 11511 11524 11525 11526 11527 11528 11533 11538 11539 11540 11541 11542 11549 11556 11557 11558 11559 11560 11564 11568 11569 11570 11571 11572 11625 11678 11679 11680 11681 11682 11683 11684 11685 11686 11687 11688 11690 11692 11693 11694 11695 11696 11698 11700 11701 11702 11703 11704 11706 11708 11709 11710 11711 11712 11726 11740 11741 11742 11743 11744 11747 11750 11751 11752 11753 11754 11766 11778 11949 12120 12136 12152 12153 12154 12155 12156 12162 12168 12169 12170 12171 12172 12180 12188 12189 12190 12191 12192 12214 12236 12237 12238 12239 12240 12242 12244 12245 12246 12247 12248 12260 12272 12273 12274 12275 12276 12279 12282 12284 12286 12288 12290 12306 12322 12323 12324 12325 12326 12379 12432 12433 12434 12435 12436 12440 12444 12445 12446 12447 12448 12451 12454 12455 12456 12457 12458 12467 12476 12477 12478 12479 12480 12535 12590 12591 12592 12593 12594 12606 12618 12619 12620 12621 12622 12734 12846 12847 12848 12849 12850 12861 12872 12873 12874 12875 12876 12879 12882 12883 12884 12885 12886 12900 12914 12915 12916 12917 12918 12922 12926 12927 12928 12929 12930 12938 12946 12947 12948 12949 12950 12954 12958 12959 12960 12961 12962 12970 12978 12979 12980 12981 12982 12993 13004 13005 13006 13007 13008 13009 13010 13011 13012 13013 13014 13035 13056 13057 13058 13059 13060 13068 13076 13078 13080 13082 13084 13090 13096 13097 13098 13099 13100 13105 13110 13111 13112 13113 13114 13140 13166 13168 13170 13172 13174 13182 13190 13191 13192 13193 13194 13208 13222 13223 13224 13225 13226 13246 13266 13267 13268 13269 13270 13276 13282 13283 13284 13285 13286 13289 13292 13293 13294 13295 13296 13330 13364 13365 13366 13367 13368 13396 13424 13425 13426 13427 13428 13441 13454 13455 13456 13457 13458 13459 13460 13462 13464 13466 13468 13547 13626 13627 13628 13629 13630 13656 13682 13683 13684 13685 13686 13698 13710 13711 13712 13713 13714 13731 13748 13749 13750 13751 13752 13756 13760 13761 13762 13763 13764 13784 13804 13805 13806 13807 13808 13810 13812 13813 13814 13815 13816 13843 13870 13871 13872 13873 13874 13889 13904 13905 13906 13907 13908 13910 13912 13913 13914 13915 13916 13921 13926 13927 13928 13929 13930 13947 13964 13965 13966 13967 13968 13974 13980 13981 13982 13983 13984 13998 14012 14014 14016 14018 14020 14022 14024 14025 14026 14027 14028 14041 14054 14055 14056 14057 14058 14062 14066 14067 14068 14412 14756 14763 14770 14771 14772 14773 14774 14778 14782 14784 14786 14788 14790 14850 14910 14911 14912 14913 14914 14923 14932 14933 14934 14935 14936 14943 14950 14951 14952 14953 14954 14969 14984 14985 14986 14987 14988 14990 14992 14993 14994 14995 14996 15013 15030 15031 15032 15033 15034 15039 15044 15045 15046 15047 15048 15054 15060 15061 15062 15063 15064 15085 15106 15108 15110 15112 15114 15150 15186 15187 15188 15189 15190 15215 15240 15241 15242 15243 15244 15246 15248 15249 15250 15251 15252 15260 15268 15269 15270 15271 15272 15286 15300 15302 15304 15306 15308 15321 15334 15335 15336 15337 15338 15344 15350 15351 15352 15353 15354 15360 15366 15367 15368 15369 15370 15378 15386 15387 15388 15389 15390 15396 15402 15404 15406 15408 15410 15416 15422 15423 15424 15425 15426 15435 15444 15446 15448 15450 15452 15456 15460 15461 15462 15463 15464 15472 15480 15481 15482 15483 15484 15486 15488 15658 15828 15836 15844 15846 15848 15850 15852 15854 15856 15858 15860 15862 15864 15865 15866 15867 15868 15869 15870 15874 15878 15880 15882 15884 15886 15887 15888 15889 15890 15891 15892 15894 15896 15898 15900 15902 15904 15912 15920 15921 15922 15923 15924 15925 15926 15927 15928 15929 15930 15946 15962 15964 15966 15968 15970 15977 15984 15985 15986 15987 15988 16001 16014 16015 16016 16017 16018 16026 16034 16036 16038 16040 16042 16046 16050 16051 16052 16053 16054 16088 16122 16123 16124 16125 16126 16177 16228 16230 16232 16234 16236 16254 16272 16273 16274 16275 16276 16325 16374 16376 16378 16380 16382 16404 16426 16427 16428 16429 16430 16434 16438 16439 16440 16441 16442 16445 16448 16449 16450 16451 16452 16457 16462 16464 16466 16468 16470 16493 16516 16517 16518 16519 16520 16521 16522 16523 16524 16525 16526 16533 16540 16541 16542 16543 16544 16546 16548 16549 16550 16551 16552 16565 16578 16582 16586 16590 16594 16596 16598 16600 16602 16604 16606 16613 16620 16621 16622 16623 16624 16627 16630 16631 16632 16633 16634 16635 16636 16637 16638 16639 16640 16642 16644 16646 16648 16650 16652 16674 16696 16698 16700 16702 16704 16724 16744 16745 16746 16747 16748 16750 16752 16753 16754 16755 16756 16757 16758 16759 16760 16761 16762 16766 16770 16772 16774 16776 16778 16780 16782 16783 16784 16785 16786 16800 16814 16815 16816 16817 16818 16820 16822 16825 16828 16831 16834 16835 16836 16838 16840 16842 16844 16849 16854 16855 16856 16857 16858 16859 16860 16861 16862 16863 16864 16867 16870 16872 16874 16876 16878 16896 16914 16915 16916 16920 16924 16925 16926 16927 16928 16937 16946 16947 16948 16949 16950 16952 16954 16955 16956 16957 16958 16967 16976 16977 16978 16979 16980 16983 16986 16989 16992 16995 16998 17010 17022 17023 17024 17025 17026 17027 17028 17032 17036 17037 17038 17039 17040 17041 17042 17043 17044 17045 17046 17050 17054 17055 17056 17057 17058 17059 17060 17061 17062 17063 17064 17070 17076 17078 17080 17082 17084 17092 17100 17101 17102 17103 17104 17106 17108 17110 17112 17125 17138 17139 17140 17141 17142 17147 17152 17153 17154 17155 17156 17158 17160 17162 17164 17168 17172 17173 17174 17175 17176 17180 17184 17185 17186 17187 17188 17197 17206 17207 17208 17209 17210 17211 17212 17218 17224 17225 17226 17227 17228 17229 17230 17232 17234 17236 17238 17239 17240 17241 17242 17243 17244 17245 17246 17248 17250 17252 17254 17256 17258 17259 17260 17261 17262 17263 17264 17267 17270 17271 17272 17273 17274 17275 17276 17277 17278 17279 17280 17286 17292 17293 17294 17295 17296 17297 17298 17299 17300 17305 17310 17311 17312 17313 17314 17317 17320 17321 17322 17323 17324 17325 17326 17327 17328 17329 17330 17351 17372 17373 17374 17375 17376 17378 17380 17382 17384 17386 17388 17393 17398 17399 17400 17401 17402 17403 17404 17405 17406 17407 17408 17409 17410 17411 17412 17413 17414 17416 17418 17420 17422 17423 17424 17425 17426 17428 17430 17432 17434 17436 17438 17439 17440 17441 17442 17443 17444 17449 17454 17456 17458 17460 17462 17468 17474 17475 17476 17477 17478 17484 17490 17491 17492 17493 17494 17498 17502 17503 17504 17505 17506 17508 17510 17511 17512 17513 17514 17516 17518 17519 17520 17521 17522 17529 17536 17537 17538 17539 17540 17551 17562 17563 17564 17565 17566 17567 17568 17569 17570 17571 17572 17575 17578 17579 17580 17581 17582 17585 17588 17589 17590 17591 17592 17595 17598 17599 17600 17601 17602 17603 17604 17605 17606 17610 17614 17615 17616 17617 17618 17622 17626 17627 17628 17629 17630 17634 17638 17640 17642 17645 17648 17650 17652 17654 17656 17658 17660 17662 17664 17670 17676 17677 17678 17679 17680 17681 17682 17683 17684 17685 17686 17687 17688 17689 17690 17691 17692 17693 17694 17695 17696 17697 17698 17699 17700 17701 17702 17708 17714 17715 17716 17717 17718 17720 17722 17723 17724 17725 17726 17731 17736 17737 17738 17739 17740 17742 17744 17746 17748 17750 17752 17753 17754 17756 17758 17760 17762 17767 17772 17773 17774 17775 17776 17777 17778 17779 17780 17783 17786 17787 17788 17789 17790 17796 17802 17803 17804 17805 17806 17820 17834 17835 17836 17837 17838 17839 17840 17842 17844 17846 17848 17850 17852 17853 17854 17856 17858 17859 17860 17861 17862 17863 17864 17866 17868 17869 17870 17872 17874 17876 17878 17880 17882 17883 17884 17885 17886 17887 17888 17889 17890 17891 17892 17893 17894 17895 17896 17897 17898 17903 17908 17909 17910 17911 17912 17916 17920 17921 17922 17923 17924 17933 17942 17943 17944 17945 17946 17949 17952 17953 17954 17955 17956 17970 17984 17986 17988 17990 17992 17995 17998 17999 18000 18001 18002 18005 18008 18009 18010 18011 18012 18013 18014 18015 18016 18017 18018 18019 18020 18021 18022 18023 18024 18029 18034 18035 18036 18037 18038 18041 18044 18047 18050 18053 18056 18061 18066 18069 18072 18075 18078 18079 18080 18082 18084 18090 18096 18097 18098 18099 18100 18109 18118 18119 18120 18121 18122 18123 18124 18125 18126 18127 18128 18136 18144 18145 18146 18147 18148 18156 18164 18165 18166 18167 18168 18170 18172 18174 18176 18178 18180 18181 18182 18184 18186 18188 18190 18195 18200 18204 18208 18212 18216 18217 18218 18219 18220 18221 18222 18228 18234 18236 18238 18240 18242 18246 18250 18251 18252 18253 18254 18264 18274 18275 18276 18277 18278 18286 18294 18295 18296 18297 18298 18300 18302 18305 18308 18309 18310 18312 18314 18316 18318 18319 18320 18321 18322 18323 18324 18328 18332 18333 18334 18335 18336 18337 18338 18339 18340 18341 18342 18343 18344 18345 18346 18348 18350 18351 18352 18353 18354 18356 18358 18359 18360 18361 18362 18368 18374 18375 18376 18377 18378 18379 18380 18381 18382 18383 18384 18385 18386 18387 18388 18403 18418 18420 18422 18424 18426 18433 18440 18441 18442 18443 18444 18447 18450 18451 18452 18453 18454 18455 18456 18457 18458 18466 18474 18475 18476 18477 18478 18480 18482 18485 18488 18493 18498 18499 18500 18502 18504 18505 18506 18507 18508 18509 18510 18511 18512 18513 18514 18516 18518 18520 18522 18528 18534 18535 18536 18537 18538 18544 18550 18552 18554 18556 18558 18559 18560 18561 18562 18563 18564 18567 18570 18571 18572 18573 18574 18580 18586 18587 18588 18589 18590 18598 18606 18607 18608 18609 18610 18613 18616 18617 18618 18619 18620 18621 18622 18623 18624 18625 18626 18634 18642 18644 18646 18648 18650 18654 18658 18662 18666 18668 18670 18672 18674 18685 18696 18697 18698 18699 18700 18704 18708 18709 18710 18711 18712 18713 18714 18715 18716 18717 18718 18721 18724 18725 18726 18727 18728 18730 18732 18734 18736 18738 18740 18752 18764 18766 18768 18770 18772 18776 18780 18781 18782 18783 18784 18792 18800 18801 18802 18803 18804 18807 18810 18811 18812 18813 18814 18835 18856 18857 18858 18859 18860 18871 18882 18883 18884 18885 18886 18888 18890 18892 18894 18896 18898 18915 18932 18933 18934 18935 18936 18943 18950 18951 18952 18953 18954 18955 18956 18957 18958 18959 18960 18963 18966 18967 18968 18973 18978 18980 18982 18984 18986 18999 19012 19013 19014 19015 19016 19019 19022 19023 19024 19025 19026 19031 19036 19037 19038 19039 19040 19044 19048 19049 19050 19051 19052 19060 19068 19070 19072 19074 19076 19088 19100 19103 19106 19109 19112 19115 19118 19119 19120 19121 19122 19128 19134 19136 19138 19140 19142 19147 19152 19153 19154 19156 19158 19160 19162 19164 19166 19171 19176 19177 19178 19179 19180 19184 19188 19189 19190 19191 19192 19193 19194 19195 19196 19197 19198 19207 19216 19218 19220 19222 19224 19226 19228 19229 19230 19231 19232 19243 19254 19255 19256 19257 19258 19259 19260 19261 19262 19263 19264 19278 19292 19293 19294 19295 19296 19314 19332 19333 19334 19335 19336 19337 19338 19339 19340 19341 19342 19343 19344 19345 19346 19347 19348 19350 19352 19353 19354 19355 19356 19361 19366 19367 19368 19369 19370 19371 19372 19373 19374 19375 19376 19379 19382 19384 19386 19388 19390 19396 19402 19403 19404 19405 19406 19407 19408 19409 19410 19411 19412 19415 19418 19419 19420 19421 19422 19424 19426 19427 19428 19429 19430 19432 19434 19435 19436 19450 19464 19465 19466 19467 19468 19470 19472 19473 19474 19475 19476 19489 19502 19503 19504 19505 19506 19515 19524 19525 19526 19527 19528 19531 19534 19535 19536 19537 19538 19540 19542 19544 19546 19547 19548 19549 19550 19555 19560 19572 19584 19585 19586 19587 19588 19612 19636 19637 19638 19639 19640 19650 19660 19661 19662 19663 19664 19668 19672 19673 19674 19675 19676 19690 19704 19705 19706 19707 19708 19713 19718 19719 19720 19721 19722 19725 19728 19729 19730 19731 19732 19761 19790 19792 19794 19796 19798 19822 19846 19847 19848 19849 19850 19861 19872 19873 19874 19875 19876 19913 19950 19951 19952 19953 19954 19962 19970 19971 19972 19973 19974 19977 19980 19981 19982 19983 19984 20029 20074 20076 20078 20080 20082 20109 20136 20137 20138 20139 20140 20152 20164 20165 20166 20167 20168 20177 20186 20187 20188 20189 20190 20220 20250 20251 20252 20253 20254 20259 20264 20265 20266 20267 20268 20269 20270 20271 20272 20273 20274 20378 20482 20483 20484 20485 20486 20487 20488 20489 20490 20491 20492 20498 20504 20505 20506 20507 20508 20514 20520 20521 20522 20523 20524 20552 20580 20581 20582 20583 20584 20588 20592 20593 20594 20595 20596 20604 20612 20613 20614 20615 20616 20617 20618 20619 20620 20621 20622 20655 20688 20690 20692 20694 20696 20703 20710 20712 20714 20716 20718 20722 20726 20727 20728 20729 20730 20737 20744 20745 20746 20747 20748 20771 20794 20795 20796 20797 20798 20825 20852 20853 20854 20855 20856 20883 20910 20911 20912 20913 20914 20917 20920 20921 20922 20923 20924 20942 20960 20961 20962 20963 20964 21008 21052 21053 21054 21055 21056 21089 21122 21123 21124 21125 21126 21162 21198 21199 21200 21201 21202 21219 21236 21237 21238 21239 21240 21247 21254 21255 21256 21257 21258 21284 21310 21311 21312 21313 21314 21323 21332 21333 21334 21335 21336 21338 21340 21341 21342 21343 21344 21387 21430 21431 21432 21433 21434 21436 21438 21439 21440 21441 21442 21457 21472 21473 21474 21475 21476 21487 21498 21499 21500 21501 21502 21524 21546 21547 21548 21549 21550 21569 21588 21589 21590 21591 21592 21598 21604 21605 21606 21607 21608 21621 21634 21636 21638 21640 21642 21661 21680 21681 21682 21699 21716 21717 21718 21719 21720 21767 21814 21815 21816 21817 21818 21840 21862 21863 21864 21865 21866 21870 21874 21875 21876 21877 21878 21879 21880 21881 21882 21883 21884 21888 21892 21893 21894 21895 21896 21907 21918 21919 21920 21921 21922 21924 21926 21927 21928 21929 21930 21947 21964 21965 21966 21967 21968 21973 21978 21979 21980 21981 21982 21983 21984 21985 21986 21987 21988 21992 21996 21997 21998 21999 22000 22022 22044 22046 22048 22050 22052 22086 22120 22121 22122 22123 22124 22150 22176 22177 22178 22179 22180 22182 22184 22185 22186 22187 22188 22211 22234 22235 22236 22237 22238 22239 22240 22242 22244 22246 22248 22251 22254 22255 22256 22257 22258 22265 22272 22273 22274 22275 22276 22282 22288 22289 22290 22291 22292 22298 22304 22305 22306 22307 22308 22313 22318 22319 22320 22321 22322 22324 22326 22327 22328 22329 22330 22336 22342 22343 22344 22345 22346 22353 22360 22362 22364 22366 22368 22377 22386 22742 23098 23099 23100 23101 23102 23171 23240 23382 23524 23545 23566 23577 23588 24613 25638 25686 25734 25735 25736 25737 25738 25853 25968 25969 25970 25971 25972 26012 26052 26053 26054 26055 26056 26131 26206 26207 26208 26209 26210 26225 26240 26241 26242 26243 26244 26263 26282 26283 26284 26285 26286 26445 26604 26605 26606 26607 26608 26714 26820 26821 26822 26823 26824 26871 26918 26919 26920 26921 26922 27087 27252 27253 27254 27255 27256 27300 27344 27345 27346 27347 27348 27358 27368 27369 27370 27371 27372 27466 27560 27561 27562 27563 27564 27644 27724 27725 27726 27727 27728 27778 27828 27829 27830 27831 27832 27880 27928 27929 27930 27931 27932 27976 28020 28021 28022 28023 28024 28035 28046 28047 28048 28049 28050 28052 28054 28055 28056 28057 28058 28135 28212 28213 28214 28398 28582 28583 28584 28585 28586 28606 28626 28627 28628 28629 28630 28806 28982 28983 28984 28985 28986 28987 28988 28989 28990 28991 28992 29120 29248 29249 29250 29251 29252 29373 29494 29495 29496 29497 29498 29638 29778 29779 29780 29781 29782 29786 29790 29791 29792 29793 29794 29838 29882 29883 29884 29885 29886 29903 29920 29921 29922 29923 29924 30034 30144 30145 30146 30147 30148 30163 30178 30179 30180 30181 30182 30188 30194 30195 30196 30197 30198 30206 30214 30215 30216 30217 30218 30220 30222 30223 30224 30225 30226 30237 30248 30249 30250 30251 30252 30257 30262 30263 30264 30265 30266 30269 30272 30273 30274 30275 30276 30309 30342 30343 30344 30345 30346 30377 30408 30409 30410 30411 30412 30447 30482 30483 30484 30485 30486 30489 30492 30493 30494 30495 30496 30502 30508 30509 30510 30511 30512 30520 30528 30529 30530 30531 30532 30543 30554 30555 30556 30557 30558 30559 30560 30561 30562 30563 30564 30569 30574 30575 30576 30577 30578 30597 30616 30617 30618 30619 30620 30631 30642 30643 30644 30645 30646 30655 30664 30665 30666 30667 30668 30688 30708 30709 30710 30711 30712 30716 30720 30721 30722 30723 30724 30725 30726 30727 30728 30734 30740 30741 30742 30743 30744 30748 30752 30753 30754 30755 30756 30757 30758 30759 30760 30765 30770 30771 30772 30773 30774 30775 30776 30947 31118 31120 31122 31123 31124 31125 31126 31137 31148 31149 31150 31151 31152 31207 31262 31264 31266 31268 31270 31271 31272 31275 31278 31281 31284 31291 31298 31299 31300 31301 31302 31321 31340 31341 31342 31343 31344 31366 31388 31389 31390 31391 31392 31395 31398 31399 31400 31401 31402 31434 31466 31467 31468 31469 31470 31499 31528 31529 31530 31531 31532 31554 31576 31577 31578 31579 31580 31595 31610 31611 31612 31613 31614 31651 31688 31689 31690 31691 31692 31707 31722 31723 31724 31725 31726 31745 31764 31765 31766 31767 31768 31776 31784 31785 31786 31787 31788 31792 31796 31797 31798 31799 31800 31808 31816 31817 31818 31819 31820 31848 31876 35805 0 2999 35805 36466
0 3926 7852 7860 7868 7869 7870 7871 7872 7884 7896 7897 7898 7899 7900 7912 7924 7925 7926 7927 7928 7946 7964 7965 7966 7967 7968 7997 8026 8027 8028 8029 8030 8064 8098 8099 8100 8101 8102 8106 8110 8111 8112 8113 8114 8122 8130 8131 8132 8133 8134 8143 8152 8153 8154 8155 8156 8157 8158 8159 8160 8161 8162 8164 8166 8167 8168 8169 8170 8175 8180 8181 8182 8183 8184 8187 8190 8191 8192 8193 8194 8205 8216 8217 8218 8219 8220 8226 8232 8233 8234 8235 8236 8329 8422 8423 8424 8425 8426 8434 8442 8443 8444 8445 8446 8479 8512 8513 8514 8515 8516 8521 8526 8527 8528 8529 8530 8541 8552 8553 8554 8555 8556 8565 8574 8575 8576 8577 8578 8605 8632 8638 8644 8645 8646 8647 8648 8653 8658 8659 8660 8661 8662 8671 8680 8681 8682 8683 8684 8694 8704 8705 8706 8707 8708 8712 8716 8717 8718 8719 8720 8728 8736 8737 8738 8739 8740 8745 8750 8751 8752 8753 8754 8760 8766 8767 8768 8769 8770 8771 8772 8773 8774 8778 8782 8783 8784 8785 8786 8791 8796 8797 8798 8799 8800 8805 8810 8812 8814 8816 8818 8823 8828 8829 8830 8831 8832 8834 8836 8837 8838 8839 8840 8880 8920 8921 8922 8923 8924 8925 8926 8927 8928 8942 8956 8957 8958 8959 8960 8968 8976 8977 8978 8979 8980 8996 9012 9013 9014 9015 9016 9028 9040 9041 9042 9043 9044 9046 9048 9049 9050 9051 9052 9054 9056 9058 9060 9084 9108 9109 9110 9111 9112 9118 9124 9125 9126 9127 9128 9170 9212 9214 9216 9218 9220 9229 9238 9239 9240 9241 9242 9277 9312 9313 9314 9315 9316 9321 9326 9327 9328 9329 9330 9473 9616 9617 9618 9619 9620 9628 9636 9637 9638 9639 9640 9646 9652 9653 9654 9655 9656 9663 9670 9671 9672 9673 9674 9694 9714 9715 9716 9717 9718 9722 9726 9727 9728 9729 9730 9738 9746 9747 9748 9749 9750 9785 9820 9822 9824 9826 9828 9843 9858 9859 9860 9861 9862 9919 9976 9977 9978 9979 9980 10068 10156 10157 10158 10159 10160 10166 10172 10173 10174 10175 10176 10209 10242 10243 10244 10245 10246 10308 10370 10371 10372 10373 10374 10400 10426 10427 10428 10429 10430 10442 10454 10455 10456 10457 10458 10477 10496 10497 10498 10499 10500 10523 10546 10547 10548 10549 10550 10552 10554 10555 10556 10557 10558 10560 10562 10563 10564 10565 10566 10578 10590 10591 10592 10593 10594 10605 10616 10617 10618 10619 10620 10642 10664 10665 10666 10667 10668 10694 10720 10721 10722 10723 10724 10737 10750 10752 10754 10756 10758 10764 10770 15567 3926 6982 15567 15682
0 4797 9594 9607 9620 9621 9622 9623 9624 9666 9708 9709 9710 9711 9712 9713 9714 9716 9718 9720 9722 9738 9754 9755 9756 9757 9758 9878 9998 9999 10000 10001 10002 10006 10010 10011 10012 10013 10014 10053 10092 10093 10094 10095 10096 10123 10150 10151 10152 10153 10154 10156 10158 10159 10160 10161 10162 10165 10168 10169 10170 10171 10172 10173 10174 10175 10176 10177 10178 10216 10254 10255 10256 10257 10258 10259 10260 10261 10262 10263 10264 10266 10268 10269 10270 10271 10272 10274 10276 13520 4797 8096 13520 14148
0 3926 7852 7860 7868 7869 7870 7871 7872 7884 7896 7897 7898 7899 7900 7912 7924 7925 7926 7927 7928 7946 7964 7965 7966 7967 7968 7997 8026 8027 8028 8029 8030 8064 8098 8099 8100 8101 8102 8106 8110 8111 8112 8113 8114 8122 8130 8131 8132 8133 8134 8143 8152 8153 8154 8155 8156 8157 8158 8159 8160 8161 8162 8164 8166 8167 8168 8169 8170 8175 8180 8181 8182 8183 8184 8187 8190 8191 8192 8193 8194 8205 8216 8217 8218 8219 8220 8226 8232 8233 8234 8235 8236 8329 8422 8423 8424 8425 8426 8434 8442 8443 8444 8445 8446 8479 8512 8513 8514 8515 8516 8521 8526 8527 8528 8529 8530 8541 8552 8553 8554 8555 8556 8565 8574 8575 8576 8577 8578 8605 8632 8638 8644 8645 8646 8647 8648 8653 8658 8659 8660 8661 8662 8671 8680 8681 8682 8683 8684 8694 8704 8705 8706 8707 8708 8712 8716 8717 8718 8719 8720 8728 8736 8737 8738 8739 8740 8745 8750 8751 8752 8753 8754 8760 8766 8767 8768 8769 8770 8771 8772 8773 8774 8778 8782 8783 8784 8785 8786 8791 8796 8797 8798 8799 8800 8805 8810 8812 8814 8816 8818 8823 8828 8829 8830 8831 8832 8834 8836 8837 8838 8839 8840 8880 8920 8921 8922 8923 8924 8925 8926 8927 8928 8942 8956 8957 8958 8959 8960 8968 8976 8977 8978 8979 8980 8996 9012 9013 9014 9015 9016 9028 9040 9041 9042 9043 9044 9046 9048 9049 9050 9051 9052 9054 9056 9058 9060 9084 9108 9109 9110 9111 9112 9118 9124 9125 9126 9127 9128 9170 9212 9214 9216 9218 9220 9229 9238 9239 9240 9241 9242 9277 9312 9313 9314 9315 9316 9321 9326 9327 9328 9329 9330 9473 9616 9617 9618 9619 9620 9628 9636 9637 9638 9639 9640 9646 9652 9653 9654 9655 9656 9663 9670 9671 9672 9673 9674 9694 9714 9715 9716 9717 9718 9722 9726 9727 9728 9729 9730 9738 9746 9747 9748 9749 9750 9785 9820 9822 9824 9826 9828 9843 9858 9859 9860 9861 9862 9919 9976 9977 9978 9979 9980 10068 10156 10157 10158 10159 10160 10166 10172 10173 10174 10175 10176 10209 10242 10243 10244 10245 10246 10308 10370 10371 10372 10373 10374 10400 10426 10427 10428 10429 10430 10442 10454 10455 10456 10457 10458 10477 10496 10497 10498 10499 10500 10523 10546 10547 10548 10549 10550 10552 10554 10555 10556 10557 10558 10560 10562 10563 10564 10565 10566 10578 10590 10591 10592 10593 10594 10605 10616 10617 10618 10619 10620 10642 10664 10665 10666 10667 10668 10694 10720 10721 10722 10723 10724 10737 10750 10752 10754 10756 10758 10764 10770 15567 3926 6955 15567 15682
0 4797 9594 9607 9620 9621 9622 9623 9624 9666 9708 9709 9710 9711 9712 9713 9714 9716 9718 9720 9722 9738 9754 9755 9756 9757 9758 9878 9998 9999 10000 10001 10002 10006 10010 10011 10012 10013 10014 10053 10092 10093 10094 10095 10096 10123 10150 10151 10152 10153 10154 10156 10158 10159 10160 10161 10162 10165 10168 10169 10170 10171 10172 10173 10174 10175 10176 10177 10178 10216 10254 10255 10256 10257 10258 10259 10260 10261 10262 10263 10264 10266 10268 10269 10270 10271 10272 10274 10276 13520 4797 8096 13520 14117

0 3076 6152 6198 6244 6245 6246 6247 6248 6254 6260 6261 6262 6263 6264 6409 6554 6555 6556 6557 6558 6605 6652 6653 6654 6655 6656 6741 6826 6827 6828 6829 6830 6847 6864 6865 6866 6867 6868 6929 6990 6991 6992 6993 6994 7049 7104 7105 7106 7107 7108 7249 7390 7391 7392 7393 7394 7415 7436 7437 7438 7439 7440 7451 7462 7463 7464 7465 7466 7536 7606 7607 7608 7609 7610 7683 7756 7757 7758 7759 7760 7771 7782 7783 7784 7785 7786 7866 7946 7947 7948 8010 8072 8073 8074 8075 8076 8167 8258 8259 8260 8261 8262 8269 8276 8277 8278 8279 8280 8301 8322 8323 8324 8325 8326 8346 8366 8367 8368 8370 8372 8373 8374 8376 8378 8462 8546 8547 8548 8549 8550 8551 8552 8553 8554 8555 8556 8596 8636 8637 8638 8639 8640 8688 8736 8737 8738 8739 8740 8846 8952 8953 8954 8955 8956 8968 8980 8981 8982 8983 8984 9021 9058 9059 9060 9061 9062 9093 9124 9125 9126 9127 9128 9175 9222 9223 9224 9225 9226 9325 9424 9425 9426 9427 9428 9460 9492 9493 9494 9495 9496 9511 9526 9527 9528 9529 9530 9534 9538 9539 9540 9541 9542 9545 9548 9549 9550 9551 9552 9553 9554 9555 9556 9600 9644 9645 9646 9647 9648 9665 9682 9683 9684 9685 9686 9796 9906 9907 9908 9909 9910 9925 9940 9941 9942 9943 9944 9950 9956 9957 9958 9959 9960 9967 9974 9975 9976 9977 9978 9979 9980 9981 9982 9984 9986 9987 9988 9989 9990 9993 9996 9997 9998 10005 10012 10013 10014 10015 10016 10021 10026 10027 10028 10029 10030 10033 10036 10037 10038 10039 10040 10041 10042 10043 10044 10047 10050 10051 10052 10053 10054 10067 10080 10081 10082 10083 10084 10098 10112 10113 10114 10115 10116 10147 10178 10179 10180 10181 10182 10191 10200 10201 10202 10203 10204 10228 10252 10423 10594 10595 10596 10597 10598 10599 10600 10603 10606 10607 10608 10609 10610 10611 10612 10613 10614 10625 10636 10637 10638 10639 10640 10651 10662 10663 10664 10665 10666 10668 10670 10671 10672 10673 10674 10675 10676 10677 10678 10679 10680 10685 10690 10691 10692 10693 10694 10722 10750 10752 10754 10756 10758 10767 10776 10777 10778 10779 10780 10808 10836 10837 10838 10839 10840 10862 10884 10885 10886 10887 10888 10899 10910 10911 10912 10913 10914 10923 10932 10933 10934 10935 10936 10981 11026 11028 11030 11032 11034 11045 11056 11057 11058 11059 11060 11069 11078 11079 11080 11081 11082 11108 11134 11135 11136 11137 11138 11147 11156 11157 11158 11159 11160 11183 11206 11207 11208 11209 11210 11248 11286 11287 11288 11289 11290 11312 11334 11335 11336 11337 11338 11353 11368 11369 11370 11371 11372 11386 11400 11401 11402 11403 11404 11415 11426 11427 11428 11432 11436 11437 11438 11439 11440 11660 11880 11882 11884 11886 11888 11889 11890 11891 11892 11893 11894 11895 11896 11897 11898 12020 12142 12143 12144 12145 12146 12181 12216 12217 12218 12219 12220 12256 12292 12293 12294 12295 12296 12439 12582 12583 12584 12585 12586 12607 12628 12629 12630 12631 12632 12663 12694 12695 12696 12697 12698 12710 12722 12723 12724 12725 12726 12766 12806 12807 12808 12809 12810 12845 12880 12881 12882 12883 12884 12923 12962 12963 12964 12965 12966 13077 13188 13189 13190 13191 13192 13205 13218 13219 13220 13221 13222 13245 13268 13269 13270 13271 13272 13317 13362 13363 13364 13365 13366 13472 13578 13579 13580 13581 13582 13629 13676 13677 13678 13679 13680 13756 13832 13833 13834 13835 13836 13854 13872 15751 0 2182 13872 14547
0 1879 3758 3828 3898 3899 3900 3901 3902 3957 4012 4013 4014 4015 4016 4110 4204 4205 4206 4207 4208 4251 4294 4295 4296 4298 4300 4301 4302 4303 4304 4325 4346 4347 4348 4349 4350 4361 4372 4373 4374 4375 4376 4405 4434 4435 4436 4437 4438 4439 4440 4441 4442 4445 4448 4449 4450 4460 4470 4471 4472 4473 4474 4479 4484 4485 4486 4487 4488 4491 4494 4496 4498 4500 4502 4505 4508 4509 4510 4511 4512 4522 4532 4533 4534 4535 4536 4538 4540 4541 4542 4543 4544 4562 4580 4581 4582 4583 4584 4597 4610 4611 4612 4613 4614 4637 4660 4661 4662 4663 4664 4677 4690 4691 4692 4693 4694 4705 4716 4717 4718 4719 4720 4721 4722 4723 4724 4725 4726 4729 4732 4733 4734 4735 4736 4740 4744 4745 4746 4747 4748 4752 4756 4758 4760 4762 4764 4766 4768 4769 4770 4771 4772 4787 4802 4803 4804 4805 4806 4811 4816 4817 4818 4819 4820 4824 4828 4829 4830 4831 4832 4840 4848 4849 4850 4851 4852 4855 4858 4859 4860 4861 4862 4864 4866 4867 4868 4869 4870 4881 4892 4893 4894 4900 4906 4907 4908 4909 4910 4940 4970 4971 4972 4973 4974 4976 4978 4980 4982 4984 4986 5012 5038 5039 5040 5041 5042 5060 5078 5079 5080 5081 5082 5087 5092 5094 5096 5098 5100 5111 5122 5123 5124 5125 5126 5131 5136 5138 5140 5142 5144 5149 5154 5155 5156 5157 5158 5162 5166 5167 5168 5169 5170 5191 5212 5213 5214 5215 5216 5232 5248 5251 5254 5257 5260 5273 5286 5287 5288 5289 5290 5300 5310 5311 5312 5313 5314 5328 5342 5343 5344 5345 5346 5351 5356 5357 5358 5359 5360 5363 5366 5369 5372 5373 5374 5377 5380 5381 5382 5385 5388 5390 5392 5394 5396 5421 5446 5447 5448 5449 5450 5453 5456 5457 5458 5459 5460 5490 5520 5521 5522 5523 5524 5531 5538 5539 5540 5541 5542 5549 5556 5557 5558 5559 5560 5576 5592 5593 5594 5595 5596 5606 5616 5617 5618 5619 5620 5632 5644 5645 5646 5647 5648 5657 5666 5667 5668 5669 5670 5706 5742 5743 5744 5745 5746 5747 5748 5749 5750 5751 5752 5856 5960 5961 5962 5963 5964 5965 5966 5967 5968 5969 5970 5971 5972 5973 5974 5975 5976 5980 5984 5985 5986 5987 5988 5994 6000 6001 6002 6003 6004 6032 6060 6061 6062 6063 6064 6068 6072 6073 6074 6075 6076 6084 6092 6093 6094 6095 6096 6097 6098 6099 6100 6101 6102 6106 6110 6111 6112 6113 6114 6135 6156 6178 6200 6201 6202 6203 6204 6205 6206 6207 6208 6209 6210 6231 6252 6253 6254 6255 6256 6263 6270 6271 6272 6273 6274 6301 6328 6329 6330 6331 6332 6363 6394 6395 6396 6397 6398 6459 6520 6521 6522 6523 6524 6525 6526 6527 6528 6529 6530 6542 6554 6555 6556 6557 6558 6559 6560 6561 6562 6563 6564 6565 6566 6567 6568 6585 6602 6603 6604 6605 6606 6642 6678 6679 6680 6681 6682 6699 6716 6717 6718 6719 6720 6727 6734 6735 6736 6737 6738 6739 6740 6741 6742 6743 6744 6768 6792 6793 6794 6795 6796 6798 6800 6801 6802 6803 6804 6810 6816 6817 6818 6819 6820 6822 6824 6825 6826 6827 6828 6838 6848 6849 6850 6851 6852 6864 6876 6896 6916 6917 6918 6919 6920 6922 6924 6925 6926 6927 6928 6943 6958 6959 6960 6961 6962 6973 6984 6985 6986 6987 6988 7010 7032 7033 7034 7035 7036 7062 7088 7089 7090 7091 7092 7101 7110 7111 7112 7113 7114 7117 7120 7122 7124 7126 7128 7209 7290 7291 7292 7293 7294 7297 7300 7301 7302 7303 7304 7331 7358 7359 7360 7361 7362 7363 7364 7365 7366 7367 7368 7373 7378 7379 7380 7381 7382 7450 7518 7519 7520 7521 7522 7556 7590 7591 7592 7593 7594 7704 7814 7815 7816 7817 7818 7946 8074 8075 8076 8077 8078 8311 8544 8545 8546 8547 8548 8617 8686 8828 8970 8991 9012 9023 9034 9082 9130 9131 9132 9133 9134 9249 9364 9365 9366 9367 9368 9408 9448 9449 9450 9451 9452 9527 9602 9603 9604 9605 9606 9621 9636 9637 9638 9639 9640 9659 9678 9679 9680 9681 9682 9841 10000 10001 10002 10003 10004 10110 10216 10217 10218 10219 10220 10267 10314 10315 10316 10317 10318 10483 10648 10649 10650 10651 10652 10696 10740 10741 10742 10743 10744 10754 10764 10765 10766 10767 10768 10862 10956 10957 10958 10959 10960 11040 11120 11121 11122 11123 11124 11174 11224 11225 11226 11227 11228 11276 11324 11325 11326 11327 11328 11372 11416 11417 11418 11419 11420 11431 11442 11443 11444 11445 11446 11448 11450 11451 11452 11453 11454 11531 11608 11609 11610 11794 11978 11979 11980 11981 11982 12002 12022 12023 12024 12025 12026 12202 12378 12379 12380 12381 12382 12383 12384 12385 12386 12387 12388 12516 12644 12645 12646 12647 12648 12769 12890 12891 12892 12893 12894 13034 13174 13175 13176 13177 13178 13182 13186 13187 13188 13189 13190 13234 13278 13279 13280 13281 13282 13299 13316 13317 13318 13319 13320 13430 13540 13541 13542 13543 13544 13559 13574 13575 13576 13577 13578 13584 13590 13591 13592 13593 13594 13602 13610 13611 13612 13613 13614 13616 13618 13619 13620 13621 13622 13633 13644 13645 13646 13647 13648 13653 13658 13659 13660 13661 13662 13665 13668 13669 13670 13671 13672 13705 13738 13739 13740 13741 13742 13773 13804 13805 13806 13807 13808 13843 13878 13879 13880 13881 13882 13885 13888 13889 13890 13891 13892 13898 13904 13905 13906 13907 13908 13916 13924 13925 13926 13927 13928 13939 13950 13951 13952 13953 13954 13955 13956 13957 13958 13959 13960 13965 13970 13971 13972 13973 13974 13993 14012 14013 14014 14015 14016 14027 14038 14039 14040 14041 14042 14051 14060 14061 14062 14063 14064 14084 14104 14105 14106 14107 14108 14112 14116 14117 14118 14119 14120 14121 14122 14123 14124 14130 14136 14137 14138 14139 14140 14144 14148 14149 14150 14151 14152 14153 14154 14155 14156 14161 14166 14167 14168 14169 14170 14171 14172 14343 14514 14516 14518 14519 14520 14521 14522 14533 14544 14545 14546 14547 14548 14603 14658 14660 14662 14664 14666 14667 14668 14671 14674 14677 14680 14687 14694 14695 14696 14697 14698 14717 14736 14737 14738 14739 14740 14762 14784 14785 14786 14787 14788 14791 14794 14795 14796 14797 14798 14830 14862 14863 14864 14865 14866 14895 14924 14925 14926 14927 14928 14950 14972 14973 14974 14975 14976 14991 15006 15007 15008 15009 15010 15047 15084 15085 15086 15087 15088 15103 15118 15119 15120 15121 15122 15141 15160 15161 15162 15163 15164 15172 15180 15181 15182 15183 15184 15188 15192 15193 15194 15195 15196 15204 15212 15213 15214 15215 15216 15244 15272 19201 0 1336 19201 19779
0 3076 6152 6198 6244 6245 6246 6247 6248 6254 6260 6261 6262 6263 6264 6409 6554 6555 6556 6557 6558 6605 6652 6653 6654 6655 6656 6741 6826 6827 6828 6829 6830 6847 6864 6865 6866 6867 6868 6929 6990 6991 6992 6993 6994 7049 7104 7105 7106 7107 7108 7249 7390 7391 7392 7393 7394 7415 7436 7437 7438 7439 7440 7451 7462 7463 7464 7465 7466 7536 7606 7607 7608 7609 7610 7683 7756 7757 7758 7759 7760 7771 7782 7783 7784 7785 7786 7866 7946 7947 7948 8010 8072 8073 8074 8075 8076 8167 8258 8259 8260 8261 8262 8269 8276 8277 8278 8279 8280 8301 8322 8323 8324 8325 8326 8346 8366 8367 8368 8370 8372 8373 8374 8376 8378 8462 8546 8547 8548 8549 8550 8551 8552 8553 8554 8555 8556 8596 8636 8637 8638 8639 8640 8688 8736 8737 8738 8739 8740 8846 8952 8953 8954 8955 8956 8968 8980 8981 8982 8983 8984 9021 9058 9059 9060 9061 9062 9093 9124 9125 9126 9127 9128 9175 9222 9223 9224 9225 9226 9325 9424 9425 9426 9427 9428 9460 9492 9493 9494 9495 9496 9511 9526 9527 9528 9529 9530 9534 9538 9539 9540 9541 9542 9545 9548 9549 9550 9551 9552 9553 9554 9555 9556 9600 9644 9645 9646 9647 9648 9665 9682 9683 9684 9685 9686 9796 9906 9907 9908 9909 9910 9925 9940 9941 9942 9943 9944 9950 9956 9957 9958 9959 9960 9967 9974 9975 9976 9977 9978 9979 9980 9981 9982 9984 9986 9987 9988 9989 9990 9993 9996 9997 9998 10005 10012 10013 10014 10015 10016 10021 10026 10027 10028 10029 10030 10033 10036 10037 10038 10039 10040 10041 10042 10043 10044 10047 10050 10051 10052 10053 10054 10067 10080 10081 10082 10083 10084 10098 10112 10113 10114 10115 10116 10147 10178 10179 10180 10181 10182 10191 10200 10201 10202 10203 10204 10228 10252 10423 10594 10595 10596 10597 10598 10599 10600 10603 10606 10607 10608 10609 10610 10611 10612 10613 10614 10625 10636 10637 10638 10639 10640 10651 10662 10663 10664 10665 10666 10668 10670 10671 10672 10673 10674 10675 10676 10677 10678 10679 10680 10685 10690 10691 10692 10693 10694 10722 10750 10752 10754 10756 10758 10767 10776 10777 10778 10779 10780 10808 10836 10837 10838 10839 10840 10862 10884 10885 10886 10887 10888 10899 10910 10911 10912 10913 10914 10923 10932 10933 10934 10935 10936 10981 11026 11028 11030 11032 11034 11045 11056 11057 11058 11059 11060 11069 11078 11079 11080 11081 11082 11108 11134 11135 11136 11137 11138 11147 11156 11157 11158 11159 11160 11183 11206 11207 11208 11209 11210 11248 11286 11287 11288 11289 11290 11312 11334 11335 11336 11337 11338 11353 11368 11369 11370 11371 11372 11386 11400 11401 11402 11403 11404 11415 11426 11427 11428 11432 11436 11437 11438 11439 11440 11660 11880 11882 11884 11886 11888 11889 11890 11891 11892 11893 11894 11895 11896 11897 11898 12020 12142 12143 12144 12145 12146 12181 12216 12217 12218 12219 12220 12256 12292 12293 12294 12295 12296 12439 12582 12583 12584 12585 12586 12607 12628 12629 12630 12631 12632 12663 12694 12695 12696 12697 12698 12710 12722 12723 12724 12725 12726 12766 12806 12807 12808 12809 12810 12845 12880 12881 12882 12883 12884 12923 12962 12963 12964 12965 12966 13077 13188 13189 13190 13191 13192 13205 13218 13219 13220 13221 13222 13245 13268 13269 13270 13271 13272 13317 13362 13363 13364 13365 13366 13472 13578 13579 13580 13581 13582 13629 13676 13677 13678 13679 13680 13756 13832 13833 13834 13835 13836 13854 13872 15751 0 2428 13872 14549
0 3076 6152 6198 6244 6245 6246 6247 6248 6254 6260 6261 6262 6263 6264 6409 6554 6555 6556 6557 6558 6605 6652 6653 6654 6655 6656 6741 6826 6827 6828 6829 6830 6847 6864 6865 6866 6867 6868 6929 6990 6991 6992 6993 6994 7049 7104 7105 7106 7107 7108 7249 7390 7391 7392 7393 7394 7415 7436 7437 7438 7439 7440 7451 7462 7463 7464 7465 7466 7536 7606 7607 7608 7609 7610 7683 7756 7757 7758 7759 7760 7771 7782 7783 7784 7785 7786 7866 7946 7947 7948 8010 8072 8073 8074 8075 8076 8167 8258 8259 8260 8261 8262 8269 8276 8277 8278 8279 8280 8301 8322 8323 8324 8325 8326 8346 8366 8367 8368 8370 8372 8373 8374 8376 8378 8462 8546 8547 8548 8549 8550 8551 8552 8553 8554 8555 8556 8596 8636 8637 8638 8639 8640 8688 8736 8737 8738 8739 8740 8846 8952 8953 8954 8955 8956 8968 8980 8981 8982 8983 8984 9021 9058 9059 9060 9061 9062 9093 9124 9125 9126 9127 9128 9175 9222 9223 9224 9225 9226 9325 9424 9425 9426 9427 9428 9460 9492 9493 9494 9495 9496 9511 9526 9527 9528 9529 9530 9534 9538 9539 9540 9541 9542 9545 9548 9549 9550 9551 9552 9553 9554 9555 9556 9600 9644 9645 9646 9647 9648 9665 9682 9683 9684 9685 9686 9796 9906 9907 9908 9909 9910 9925 9940 9941 9942 9943 9944 9950 9956 9957 9958 9959 9960 9967 9974 9975 9976 9977 9978 9979 9980 9981 9982 9984 9986 9987 9988 9989 9990 9993 9996 9997 9998 10005 10012 10013 10014 10015 10016 10021 10026 10027 10028 10029 10030 10033 10036 10037 10038 10039 10040 10041 10042 10043 10044 10047 10050 10051 10052 10053 10054 10067 10080 10081 10082 10083 10084 10098 10112 10113 10114 10115 10116 10147 10178 10179 10180 10181 10182 10191 10200 10201 10202 10203 10204 10228 10252 10423 10594 10595 10596 10597 10598 10599 10600 10603 10606 10607 10608 10609 10610 10611 10612 10613 10614 10625 10636 10637 10638 10639 10640 10651 10662 10663 10664 10665 10666 10668 10670 10671 10672 10673 10674 10675 10676 10677 10678 10679 10680 10685 10690 10691 10692 10693 10694 10722 10750 10752 10754 10756 10758 10767 10776 10777 10778 10779 10780 10808 10836 10837 10838 10839 10840 10862 10884 10885 10886 10887 10888 10899 10910 10911 10912 10913 10914 10923 10932 10933 10934 10935 10936 10981 11026 11028 11030 11032 11034 11045 11056 11057 11058 11059 11060 11069 11078 11079 11080 11081 11082 11108 11134 11135 11136 11137 11138 11147 11156 11157 11158 11159 11160 11183 11206 11207 11208 11209 11210 11248 11286 11287 11288 11289 11290 11312 11334 11335 11336 11337 11338 11353 11368 11369 11370 11371 11372 11386 11400 11401 11402 11403 11404 11415 11426 11427 11428 11432 11436 11437 11438 11439 11440 11660 11880 11882 11884 11886 11888 11889 11890 11891 11892 11893 11894 11895 11896 11897 11898 12020 12142 12143 12144 12145 12146 12181 12216 12217 12218 12219 12220 12256 12292 12293 12294 12295 12296 12439 12582 12583 12584 12585 12586 12607 12628 12629 12630 12631 12632 12663 12694 12695 12696 12697 12698 12710 12722 12723 12724 12725 12726 12766 12806 12807 12808 12809 12810 12845 12880 12881 12882 12883 12884 12923 12962 12963 12964 12965 12966 13077 13188 13189 13190 13191 13192 13205 13218 13219 13220 13221 13222 13245 13268 13269 13270 13271 13272 13317 13362 13363 13364 13365 13366 13472 13578 13579 13580 13581 13582 13629 13676 13677 13678 13679 13680 13756 13832 13833 13834 13835 13836 13854 13872 15751 0 2182 13872 14498
0 1879 3758 3828 3898 3899 3900 3901 3902 3957 4012 4013 4014 4015 4016 4110 4204 4205 4206 4207 4208 4251 4294 4295 4296 4298 4300 4301 4302 4303 4304 4325 4346 4347 4348 4349 4350 4361 4372 4373 4374 4375 4376 4405 4434 4435 4436 4437 4438 4439 4440 4441 4442 4445 4448 4449 4450 4460 4470 4471 4472 4473 4474 4479 4484 4485 4486 4487 4488 4491 4494 4496 4498 4500 4502 4505 4508 4509 4510 4511 4512 4522 4532 4533 4534 4535 4536 4538 4540 4541 4542 4543 4544 4562 4580 4581 4582 4583 4584 4597 4610 4611 4612 4613 4614 4637 4660 4661 4662 4663 4664 4677 4690 4691 4692 4693 4694 4705 4716 4717 4718 4719 4720 4721 4722 4723 4724 4725 4726 4729 4732 4733 4734 4735 4736 4740 4744 4745 4746 4747 4748 4752 4756 4758 4760 4762 4764 4766 4768 4769 4770 4771 4772 4787 4802 4803 4804 4805 4806 4811 4816 4817 4818 4819 4820 4824 4828 4829 4830 4831 4832 4840 4848 4849 4850 4851 4852 4855 4858 4859 4860 4861 4862 4864 4866 4867 4868 4869 4870 4881 4892 4893 4894 4900 4906 4907 4908 4909 4910 4940 4970 4971 4972 4973 4974 4976 4978 4980 4982 4984 4986 5012 5038 5039 5040 5041 5042 5060 5078 5079 5080 5081 5082 5087 5092 5094 5096 5098 5100 5111 5122 5123 5124 5125 5126 5131 5136 5138 5140 5142 5144 5149 5154 5155 5156 5157 5158 5162 5166 5167 5168 5169 5170 5191 5212 5213 5214 5215 5216 5232 5248 5251 5254 5257 5260 5273 5286 5287 5288 5289 5290 5300 5310 5311 5312 5313 5314 5328 5342 5343 5344 5345 5346 5351 5356 5357 5358 5359 5360 5363 5366 5369 5372 5373 5374 5377 5380 5381 5382 5385 5388 5390 5392 5394 5396 5421 5446 5447 5448 5449 5450 5453 5456 5457 5458 5459 5460 5490 5520 5521 5522 5523 5524 5531 5538 5539 5540 5541 5542 5549 5556 5557 5558 5559 5560 5576 5592 5593 5594 5595 5596 5606 5616 5617 5618 5619 5620 5632 5644 5645 5646 5647 5648 5657 5666 5667 5668 5669 5670 5706 5742 5743 5744 5745 5746 5747 5748 5749 5750 5751 5752 5856 5960 5961 5962 5963 5964 5965 5966 5967 5968 5969 5970 5971 5972 5973 5974 5975 5976 5980 5984 5985 5986 5987 5988 5994 6000 6001 6002 6003 6004 6032 6060 6061 6062 6063 6064 6068 6072 6073 6074 6075 6076 6084 6092 6093 6094 6095 6096 6097 6098 6099 6100 6101 6102 6106 6110 6111 6112 6113 6114 6135 6156 6270 6384 6385 6386 6387 6388 6474 6560 6561 6562 6563 6564 6643 6722 6723 6724 6725 6726 6767 6808 6809 6810 6811 6812 6869 6926 6927 6928 6929 6930 7020 7110 7112 7114 7116 7118 7186 7254 7255 7256 7257 7258 7492 7726 7727 7728 7729 7730 7749 7768 7769 7770 7771 7772 7800 7828 7829 7830 7831 7832 7859 7886 7908 7930 7931 7932 7933 7934 7935 7936 7937 7938 7939 7940 7961 7982 7983 7984 7985 7986 7993 8000 8001 8002 8003 8004 8031 8058 8059 8060 8061 8062 8093 8124 8125 8126 8127 8128 8189 8250 8251 8252 8253 8254 8255 8256 8257 8258 8259 8260 8272 8284 8285 8286 8287 8288 8289 8290 8291 8292 8293 8294 8295 8296 8297 8298 8315 8332 8333 8334 8335 8336 8372 8408 8409 8410 8411 8412 8429 8446 8447 8448 8449 8450 8457 8464 8465 8466 8467 8468 8469 8470 8471 8472 8473 8474 8498 8522 8523 8524 8525 8526 8528 8530 8531 8532 8533 8534 8540 8546 8547 8548 8549 8550 8552 8554 8555 8556 8557 8558 8568 8578 8579 8580 8581 8582 8594 8606 8626 8646 8647 8648 8649 8650 8652 8654 8655 8656 8657 8658 8673 8688 8689 8690 8691 8692 8703 8714 8715 8716 8717 8718 8740 8762 8763 8764 8765 8766 8792 8818 8819 8820 8821 8822 8831 8840 8841 8842 8843 8844 8847 8850 8852 8854 8856 8858 8939 9020 9021 9022 9023 9024 9027 9030 9031 9032 9033 9034 9061 9088 9089 9090 9091 9092 9093 9094 9095 9096 9097 9098 9103 9108 9109 9110 9111 9112 9180 9248 9249 9250 9251 9252 9286 9320 9321 9322 9323 9324 9434 9544 9545 9546 9547 9548 9676 9804 9805 9806 9807 9808 10041 10274 10275 10276 10277 10278 10347 10416 10470 10524 10525 10526 10527 10528 10533 10538 10539 10540 10541 10542 10552 10562 10563 10564 10565 10566 10584 10602 10603 10604 10605 10606 10642 10678 10679 10680 10681 10682 10755 10828 10830 10832 10834 10836 10971 11106 11107 11108 11109 11110 11142 11174 11175 11176 11177 11178 11185 11192 11193 11194 11195 11196 11271 11346 11347 11348 11349 11350 11445 11540 11541 11542 11543 11544 11559 11574 11575 11576 11577 11578 11591 11604 11605 11606 11607 11608 11631 11654 11655 11656 11657 11658 11810 11962 11963 11964 11965 11966 12013 12060 12061 12062 12063 12064 12229 12394 12395 12396 12397 12398 12453 12508 12509 12510 12511 12512 12653 12794 12795 12796 12797 12798 12810 12822 12823 12824 12825 12826 12834 12842 12843 12844 12845 12846 12857 12868 12869 12870 12871 12872 12901 12930 12932 12934 12936 12938 12944 12950 12951 12952 12959 12966 12967 12968 12969 12970 12975 12980 12981 12982 12983 12984 12987 12990 12992 12994 12996 12998 13001 13004 13005 13006 13007 13008 13018 13028 13029 13030 13031 13032 13034 13036 13037 13038 13039 13040 13096 13152 13153 13154 13155 13156 13169 13182 13183 13184 13185 13186 13197 13208 13209 13210 13211 13212 13213 13214 13215 13216 13217 13218 13221 13224 13225 13226 13227 13228 13232 13236 13237 13238 13239 13240 13244 13248 13250 13252 13254 13256 13258 13260 13261 13262 13263 13264 13279 13294 13295 13296 13297 13298 13303 13308 13309 13310 13311 13312 13329 13346 13347 13348 13349 13350 13352 13354 13355 13356 13357 13358 13375 13392 13393 13394 13396 13398 13428 13458 13459 13460 13461 13462 13464 13466 13468 13470 13472 13474 13500 13526 13527 13528 13529 13530 13548 13566 13567 13568 13569 13570 13575 13580 13582 13584 13586 13588 13599 13610 13611 13612 13613 13614 13619 13624 13626 13628 13630 13632 13637 13642 13643 13644 13645 13646 13650 13654 13655 13656 13657 13658 13679 13700 13701 13702 13703 13704 13720 13736 13739 13742 13745 13748 13761 13774 13775 13776 13777 13778 13788 13798 13799 13800 13801 13802 13816 13830 13831 13832 13833 13834 13839 13844 13845 13846 13847 13848 13854 13860 13861 13862 13863 13864 13867 13870 13872 13874 13876 13878 13903 13928 13929 13930 13931 13932 13935 13938 13939 13940 13941 13942 13950 13958 13959 13960 13961 13962 13999 14036 14037 14038 14039 14040 14067 14094 14095 14096 14097 14098 14110 14122 14123 14124 14125 14126 14135 14144 14145 14146 14147 14148 14184 14220 14221 14222 14223 14224 14225 14226 14227 14228 14229 14230 14334 14438 14439 14440 14441 14442 14443 14444 14445 14446 14447 14448 14454 14460 14461 14462 14463 14464 14470 14476 14477 14478 14479 14480 14508 14536 14537 14538 14539 14540 14544 14548 14549 14550 14551 14552 14560 14568 14569 14570 14571 14572 14573 14574 14575 14576 14577 14578 14611 14644 14646 14648 14650 14652 14659 14666 14668 14670 14672 14674 14678 14682 14683 14684 14685 14686 14693 14700 14701 14702 14703 14704 14719 14734 14735 14736 14737 14738 14773 14808 14809 14810 14811 14812 14839 14866 14867 14868 14869 14870 14873 14876 14877 14878 14879 14880 14943 15006 15007 15008 15009 15010 15030 15050 15051 15052 15056 15060 15061 15062 15069 15076 15077 15078 15079 15080 15091 15102 15103 15104 15105 15106 15130 15154 15155 15156 15157 15158 15175 15192 15193 15194 15195 15196 15203 15210 15211 15212 15213 15214 15231 15248 15249 15250 15251 15252 15260 15268 15269 15270 15271 15272 15280 15288 15289 15290 15291 15292 15293 15294 15296 15298 15299 15300 15301 15302 15345 15388 15389 15390 15391 15392 15394 15396 15397 15398 15399 15400 15415 15430 15431 15432 15433 15434 15445 15456 15457 15458 15459 15460 15463 15466 15467 15468 15474 15480 15481 15482 15490 15498 15499 15500 15502 15504 15505 15506 15507 15508 15519 15530 15531 15532 15537 15542 15543 15544 15547 15550 15551 15552 15556 15560 15561 15562 15563 15564 15573 15582 15583 15584 15585 15586 15589 15592 15594 15596 15598 15600 15613 15626 15627 15628 15636 15644 15645 15646 15660 15674 15675 15676 15677 15678 15685 15692 15693 15694 15729 15764 15765 15766 15769 15772 15773 15774 15775 15776 15798 15820 15821 15822 15823 15824 15828 15832 15833 15834 15835 15836 15837 15838 15839 15840 15841 15842 15846 15850 15851 15852 15853 15854 15855 15856 15866 15876 15877 15878 15879 15880 15882 15884 15885 15886 15887 15888 15905 15922 15923 15924 15925 15926 15931 15936 15937 15938 15939 15940 15941 15942 15943 15944 15945 15946 15973 16000 16001 16002 16003 16004 16005 16006 16007 16008 16030 16052 16053 16054 16065 16076 16077 16078 16079 16080 16106 16132 16133 16134 16135 16136 16138 16140 16141 16142 16143 16144 16145 16146 17995 0 1325 16146 16885


0 3415 6830 6834 6838 6839 6840 6841 6842 6870 6898 6899 6900 6901 6902 6906 6910 6911 6912 6913 6914 6922 6930 6931 6932 6933 6934 6935 6936 6937 6938 6939 6940 6973 7006 7008 7010 7012 7014 7021 7028 7030 7032 7034 7036 7040 7044 7045 7046 7047 7048 7055 7062 7063 7064 7065 7066 7081 7096 7097 7098 7099 7100 7135 7170 7171 7172 7173 7174 7201 7228 7229 7230 7231 7232 7235 7238 7239 7240 7241 7242 7305 7368 7369 7370 7371 7372 7405 7438 7439 7440 7441 7442 7478 7514 7515 7516 7517 7518 7535 7552 7553 7554 7555 7556 7563 7570 7571 7572 7573 7574 7579 7584 7585 7586 7587 7588 7608 7628 7629 7630 7631 7632 7641 7650 7651 7652 7653 7654 7656 7658 7660 7662 7705 7748 7749 7750 7751 7752 7754 7756 7757 7758 7759 7760 7775 7790 7791 7792 7793 7794 7805 7816 7817 7818 7819 7820 7842 7864 7865 7866 7867 7868 7894 7920 7921 7922 7923 7924 7937 7950 7952 7954 7956 7958 7980 8002 8003 8004 8018 8032 8033 8034 8035 8036 8083 8130 8131 8132 8133 8134 8156 8178 8179 8180 8181 8182 8186 8190 8191 8192 8193 8194 8195 8196 8197 8198 8199 8200 8204 8208 8209 8210 8211 8212 8223 8234 8235 8236 8237 8238 8240 8242 8243 8244 8245 8246 8263 8280 8281 8282 8283 8284 8289 8294 8295 8296 8297 8298 8299 8300 8301 8302 8303 8304 8331 8358 8360 8362 8364 8366 8400 8434 8435 8436 8437 8438 8440 8442 8443 8444 8445 8446 8469 8492 8493 8494 8495 8496 8498 8500 8501 8502 8503 8504 8527 8550 8551 8552 8553 8554 8555 8556 8558 8560 8562 8564 8567 8570 8571 8572 8573 8574 8581 8588 8589 8590 8591 8592 8598 8604 8605 8606 8607 8608 8614 8620 8621 8622 8623 8624 8629 8634 8635 8636 8637 8638 8640 8642 8643 8644 8645 8646 8652 8658 8659 8660 8661 8662 8669 8676 8678 8680 8682 8684 8693 8702 8703 8704 8705 8706 8710 8714 8715 8716 8717 8718 8729 8740 8910 9080 9088 9096 9102 9108 9114 9120 9121 9122 9123 9124 9125 9126 9130 9134 9135 9136 9137 9138 9140 9142 9143 9144 9145 9146 9148 9150 9152 9154 9156 9158 9166 9174 9175 9176 9177 9178 9179 9180 9181 9182 9183 9184 9192 9200 9201 9202 9203 9204 9225 9246 9247 9248 9249 9250 9273 9296 9297 9298 9299 9300 9302 9304 9306 9308 9310 9312 9320 9328 9329 9330 9331 9332 9339 9346 9347 9348 9349 9350 9356 9362 9363 9364 9365 9366 9413 9460 9461 9462 9463 9464 9482 9500 9501 9502 9503 9504 9541 9578 9579 9580 9581 9582 9586 9590 9591 9592 9593 9594 9595 9596 9598 9600 9602 9604 9611 9618 9692 9766 9767 9768 9769 9770 9797 9824 9825 9826 9846 9866 9868 9870 9872 9874 9879 9884 9885 9886 9887 9888 9892 9896 9897 9898 9899 9900 9983 10066 10067 10068 10069 10070 10087 10104 10105 10106 10138 10170 10171 10172 10173 10174 10220 10266 10267 10268 10269 10270 10287 10304 10305 10306 10307 10308 10315 10322 10323 10324 10356 10388 10389 10390 10407 10424 10425 10426 10427 10428 10485 10542 10543 10544 10545 10546 10626 10706 10707 10708 10721 10734 10735 10736 10737 10738 10754 10770 10771 10772 10785 10798 10799 10800 10807 10814 10815 10816 10831 10846 10847 10848 10849 10850 10895 10940 10941 10942 10943 10944 11052 11160 11161 11162 11163 11164 11172 11180 11181 11182 11218 11254 11255 11256 11257 11258 11362 11466 11484 11502 11529 11556 11557 11558 11559 11560 11575 11590 11591 11592 11593 11594 11638 11682 11683 11684 11789 11894 11895 11896 11897 11898 11944 11990 11991 11992 11993 11994 12015 12036 12037 12038 12039 12040 12051 12062 12063 12064 12065 12066 12095 12124 12125 12126 12127 12128 12129 12130 12131 12132 12138 12144 12145 12146 12147 12148 12149 12150 12155 12160 12161 12162 12163 12164 12169 12174 12175 12176 12177 12178 12181 12184 12186 12188 12190 12192 12195 12198 12199 12200 12201 12202 12212 12222 12223 12224 12225 12226 12228 12230 12231 12232 12233 12234 12252 12270 12271 12272 12309 12346 12347 12348 12361 12374 12375 12376 12377 12378 12389 12400 12401 12402 12403 12404 12405 12406 12485 12564 12565 12566 12593 12620 12621 12622 12623 12624 12658 12692 12693 12694 12695 12696 12752 12808 12820 12832 12833 12834 12835 12836 12844 12852 12853 12854 12870 12886 12889 12892 12905 12918 12919 12920 12930 12940 12941 12942 12943 12944 12958 12972 12973 12974 12979 12984 12985 12986 12987 12988 12989 12990 12991 12992 12994 12996 13000 13004 13007 13010 13012 13014 13039 13064 13065 13066 13069 13072 13073 13074 13075 13076 13122 13168 13169 13170 13171 13172 13199 13226 13227 13228 13240 13252 13253 13254 13255 13256 13265 13274 13275 13276 13312 13348 13349 13350 13351 13352 13353 13354 13355 13356 13460 13564 13565 13566 13567 13568 13569 13570 13571 13572 13578 13584 13585 13586 13592 13598 13599 13600 13628 13656 13657 13658 13662 13666 13667 13668 13676 13684 13685 13686 13687 13688 13689 13690 13723 13756 13758 13760 13767 13774 13775 13776 13777 13778 13779 13780 13784 13788 13789 13790 13797 13804 17287 3415 5760 17287 18711
0 4095 8190 8196 8202 8203 8204 8205 8206 8211 8216 8217 8218 8219 8220 8229 8238 8239 8240 8241 8242 8266 8290 8291 8292 8293 8294 8295 8296 8298 8300 8302 8304 8307 8310 8311 8312 8313 8314 8324 8334 8335 8336 8337 8338 8346 8354 8355 8356 8357 8358 8359 8360 8362 8364 8366 8368 8374 8380 8381 8382 8383 8384 8400 8416 8417 8418 8419 8420 8423 8426 8427 8428 8429 8430 8453 8476 8478 8480 8482 8484 8487 8490 8491 8492 8493 8494 8498 8502 8505 8508 8511 8514 8515 8516 8517 8518 8519 8520 8532 8544 8545 8546 8547 8548 8558 8568 8569 8570 8571 8572 8574 8576 8577 8578 8579 8580 8589 8598 8599 8600 8601 8602 8604 8606 8607 8608 8609 8610 8620 8630 8632 8634 8636 8638 8645 8652 8653 8654 8655 8656 8669 8682 8683 8684 8685 8686 8687 8688 8689 8690 8691 8692 8699 8706 8707 8708 8717 8726 8727 8728 8729 8730 8731 8732 8733 8734 8735 8736 8743 8750 8751 8752 8753 8754 8768 8782 8784 8786 8788 8790 8791 8792 8793 8794 8795 8796 8797 8798 8799 8800 8801 8802 8803 8804 8805 8806 8807 8808 8813 8818 8819 8820 8821 8822 8824 8826 8827 8828 8829 8830 8832 8834 8835 8836 8837 8838 8842 8846 8847 8848 8849 8850 8852 8854 8855 8856 8857 8858 8859 8860 8861 8862 8863 8864 8872 8880 8881 8882 8883 8884 8889 8894 8895 8896 8897 8898 8899 8900 8901 8902 8903 8904 8907 8910 8911 8912 8913 8914 8928 8942 9287 9632 9635 9638 9646 9654 9655 9656 9657 9658 9661 9664 9665 9666 9667 9668 9675 9682 9683 9684 9685 9686 9692 9698 9699 9700 9701 9702 9719 9736 9738 9740 9742 9744 9754 9764 9765 9766 9767 9768 9770 9772 9773 9774 9775 9776 9783 9790 9791 9792 9793 9794 9795 9796 9797 9798 9799 9800 9802 9804 9805 9806 9807 9808 9822 9836 9840 9844 9848 9852 9855 9858 9860 9862 9864 9866 9873 9880 9881 9882 9883 9884 9886 9888 9889 9890 9891 9892 9894 9896 9897 9898 9899 9900 9912 9924 9925 9926 9927 9928 9941 9954 9955 9956 9957 9958 9964 9970 9972 9974 9976 9978 9989 10000 10001 10002 10003 10004 10018 10032 10033 10034 10036 10038 10039 10040 10041 10042 10043 10044 10046 10048 10050 10052 10057 10062 10063 10064 10065 10066 10068 10070 10071 10072 10073 10074 10083 10092 10093 10094 10095 10096 10100 10104 10105 10106 10107 10108 10115 10122 10123 10124 10125 10126 10128 10130 10131 10132 10133 10134 10141 10148 10149 10150 10151 10152 10153 10154 10157 10160 10163 10166 10170 10174 10175 10176 10177 10178 10191 10204 10205 10206 10207 10208 10213 10218 10219 10220 10221 10222 10223 10224 10225 10226 10227 10228 10234 10240 10241 10242 10245 10248 10258 10268 10270 10272 10274 10276 10282 10288 10289 10290 10291 10292 10298 10304 10305 10306 10307 10308 10309 10310 10311 10312 10313 10314 10326 10338 10340 10342 10343 10344 10345 10346 10347 10348 10355 10362 10363 10364 10365 10366 10380 10394 10395 10396 10397 10398 10418 10438 10439 10440 10441 10442 10445 10448 10449 10450 10451 10452 10478 10504 10676 10848 10849 10850 10859 10868 10869 10870 10871 10872 10882 10892 10893 10894 10895 10896 10897 10898 10900 10902 10904 10906 10920 10934 10935 10936 10937 10938 10945 10952 10953 10954 10955 10956 10957 10958 10959 10960 10961 10962 10963 10964 10966 10968 10970 10972 10978 10984 10985 10986 10987 10988 10994 11000 11002 11004 11006 11008 11009 11010 11011 11012 11013 11014 11017 11020 11021 11022 11023 11024 11030 11036 11037 11038 11039 11040 11042 11044 11045 11046 11047 11048 11057 11066 11067 11068 11069 11070 11071 11072 11073 11074 11075 11076 11081 11086 11087 11088 11089 11090 11092 11094 11096 11098 11100 11102 11111 11120 11121 11122 11123 11124 11126 11128 11130 11132 11134 11136 11144 11152 11153 11154 11155 11156 11178 11200 11201 11202 11212 11222 11223 11224 11225 11226 11230 11234 11235 11236 11237 11238 11260 11282 11283 11284 11285 11286 11320 11354 11355 11356 11357 11358 11367 11376 11377 11378 11379 11380 11382 11384 11385 11386 11387 11388 11393 11398 11399 11400 11401 11402 11406 11410 11411 11412 11413 11414 11440 11466 11467 11468 11469 11470 11478 11486 11487 11488 11489 11490 11492 11494 11495 11496 11497 11498 11511 11524 11525 11526 11527 11528 11533 11538 11539 11540 11541 11542 11549 11556 11557 11558 11559 11560 11564 11568 11569 11570 11571 11572 11625 11678 11679 11680 11681 11682 11683 11684 11685 11686 11687 11688 11690 11692 11693 11694 11695 11696 11698 11700 11701 11702 11703 11704 11706 11708 11709 11710 11711 11712 11726 11740 11741 11742 11743 11744 11747 11750 11751 11752 11753 11754 11766 11778 11949 12120 12136 12152 12153 12154 12155 12156 12162 12168 12169 12170 12171 12172 12180 12188 12189 12190 12191 12192 12214 12236 12237 12238 12239 12240 12242 12244 12245 12246 12247 12248 12260 12272 12273 12274 12275 12276 12279 12282 12284 12286 12288 12290 12306 12322 12323 12324 12325 12326 12379 12432 12433 12434 12435 12436 12440 12444 12445 12446 12447 12448 12451 12454 12455 12456 12457 12458 12467 12476 12477 12478 12479 12480 12535 12590 12591 12592 12593 12594 12606 12618 12619 12620 12621 12622 12734 12846 12847 12848 12849 12850 12861 12872 12873 12874 12875 12876 12879 12882 12883 12884 12885 12886 12900 12914 12915 12916 12917 12918 12922 12926 12927 12928 12929 12930 12938 12946 12947 12948 12949 12950 12954 12958 12959 12960 12961 12962 12970 12978 12979 12980 12981 12982 12993 13004 13005 13006 13007 13008 13009 13010 13011 13012 13013 13014 13035 13056 13057 13058 13059 13060 13068 13076 13078 13080 13082 13084 13090 13096 13097 13098 13099 13100 13105 13110 13111 13112 13113 13114 13140 13166 13168 13170 13172 13174 13182 13190 13191 13192 13193 13194 13208 13222 13223 13224 13225 13226 13246 13266 13267 13268 13269 13270 13276 13282 13283 13284 13285 13286 13289 13292 13293 13294 13295 13296 13330 13364 13365 13366 13367 13368 13396 13424 13425 13426 13427 13428 13441 13454 13455 13456 13457 13458 13459 13460 13462 13464 13466 13468 13547 13626 13627 13628 13629 13630 13656 13682 13683 13684 13685 13686 13698 13710 13711 13712 13713 13714 13731 13748 13749 13750 13751 13752 13756 13760 13761 13762 13763 13764 13784 13804 13805 13806 13807 13808 13810 13812 13813 13814 13815 13816 13843 13870 13871 13872 13873 13874 13889 13904 13905 13906 13907 13908 13910 13912 13913 13914 13915 13916 13921 13926 13927 13928 13929 13930 13947 13964 13965 13966 13967 13968 13974 13980 13981 13982 13983 13984 13998 14012 14014 14016 14018 14020 14022 14024 14025 14026 14027 14028 14041 14054 14055 14056 14057 14058 14062 14066 14067 14068 14412 14756 14763 14770 14771 14772 14773 14774 14778 14782 14784 14786 14788 14790 14850 14910 14911 14912 14913 14914 14923 14932 14933 14934 14935 14936 14943 14950 14951 14952 14953 14954 14969 14984 14985 14986 14987 14988 14990 14992 14993 14994 14995 14996 15013 15030 15031 15032 15033 15034 15039 15044 15045 15046 15047 15048 15054 15060 15061 15062 15063 15064 15085 15106 15108 15110 15112 15114 15150 15186 15187 15188 15189 15190 15215 15240 15241 15242 15243 15244 15246 15248 15249 15250 15251 15252 15260 15268 15269 15270 15271 15272 15286 15300 15302 15304 15306 15308 15321 15334 15335 15336 15337 15338 15344 15350 15351 15352 15353 15354 15360 15366 15367 15368 15369 15370 15378 15386 15387 15388 15389 15390 15396 15402 15404 15406 15408 15410 15416 15422 15423 15424 15425 15426 15435 15444 15446 15448 15450 15452 15456 15460 15461 15462 15463 15464 15472 15480 15481 15482 15483 15484 15486 15488 15658 15828 15836 15844 15846 15848 15850 15852 15854 15856 15858 15860 15862 15864 15865 15866 15867 15868 15869 15870 15874 15878 15880 15882 15884 15886 15887 15888 15889 15890 15891 15892 15894 15896 15898 15900 15902 15904 15912 15920 15921 15922 15923 15924 15925 15926 15927 15928 15929 15930 15946 15962 15964 15966 15968 15970 15977 15984 15985 15986 15987 15988 16001 16014 16015 16016 16017 16018 16026 16034 16036 16038 16040 16042 16046 16050 16051 16052 16053 16054 16088 16122 16123 16124 16125 16126 16177 16228 16230 16232 16234 16236 16254 16272 16273 16274 16275 16276 16325 16374 16376 16378 16380 16382 16404 16426 16427 16428 16429 16430 16434 16438 16439 16440 16441 16442 16445 16448 16449 16450 16451 16452 16457 16462 16464 16466 16468 16470 16493 16516 16517 16518 16519 16520 16521 16522 16523 16524 16525 16526 16533 16540 16541 16542 16543 16544 16546 16548 16549 16550 16551 16552 16565 16578 16582 16586 16590 16594 16596 16598 16600 16602 16604 16606 16613 16620 16621 16622 16623 16624 16627 16630 16631 16632 16633 16634 16635 16636 16637 16638 16639 16640 16642 16644 16646 16648 16650 16652 16674 16696 16698 16700 16702 16704 16724 16744 16745 16746 16747 16748 16750 16752 16753 16754 16755 16756 16757 16758 16759 16760 16761 16762 16766 16770 16772 16774 16776 16778 16780 16782 16783 16784 16785 16786 16800 16814 16815 16816 16817 16818 16820 16822 16825 16828 16831 16834 16835 16836 16838 16840 16842 16844 16849 16854 16855 16856 16857 16858 16859 16860 16861 16862 16863 16864 16867 16870 16872 16874 16876 16878 16896 16914 16915 16916 16920 16924 16925 16926 16927 16928 16937 16946 16947 16948 16949 16950 16952 16954 16955 16956 16957 16958 16967 16976 16977 16978 16979 16980 16983 16986 16989 16992 16995 16998 17010 17022 17023 17024 17025 17026 17027 17028 17032 17036 17037 17038 17039 17040 17041 17042 17043 17044 17045 17046 17050 17054 17055 17056 17057 17058 17059 17060 17061 17062 17063 17064 17070 17076 17078 17080 17082 17084 17092 17100 17101 17102 17103 17104 17106 17108 17110 17112 17125 17138 17139 17140 17141 17142 17147 17152 17153 17154 17155 17156 17158 17160 17162 17164 17168 17172 17173 17174 17175 17176 17180 17184 17185 17186 17187 17188 17197 17206 17207 17208 17209 17210 17211 17212 17218 17224 17225 17226 17227 17228 17229 17230 17232 17234 17236 17238 17239 17240 17241 17242 17243 17244 17245 17246 17248 17250 17252 17254 17256 17258 17259 17260 17261 17262 17263 17264 17267 17270 17271 17272 17273 17274 17275 17276 17277 17278 17279 17280 17286 17292 17293 17294 17295 17296 17297 17298 17299 17300 17305 17310 17311 17312 17313 17314 17317 17320 17321 17322 17323 17324 17325 17326 17327 17328 17329 17330 17351 17372 17373 17374 17375 17376 17378 17380 17382 17384 17386 17388 17393 17398 17399 17400 17401 17402 17403 17404 17405 17406 17407 17408 17409 17410 17411 17412 17413 17414 17416 17418 17420 17422 17423 17424 17425 17426 17428 17430 17432 17434 17436 17438 17439 17440 17441 17442 17443 17444 17449 17454 17456 17458 17460 17462 17468 17474 17475 17476 17477 17478 17484 17490 17491 17492 17493 17494 17498 17502 17503 17504 17505 17506 17508 17510 17511 17512 17513 17514 17516 17518 17519 17520 17521 17522 17529 17536 17537 17538 17539 17540 17551 17562 17563 17564 17565 17566 17567 17568 17569 17570 17571 17572 17575 17578 17579 17580 17581 17582 17585 17588 17589 17590 17591 17592 17595 17598 17599 17600 17601 17602 17603 17604 17605 17606 17610 17614 17615 17616 17617 17618 17622 17626 17627 17628 17629 17630 17634 17638 17640 17642 17645 17648 17650 17652 17654 17656 17658 17660 17662 17664 17670 17676 17677 17678 17679 17680 17681 17682 17683 17684 17685 17686 17687 17688 17689 17690 17691 17692 17693 17694 17695 17696 17697 17698 17699 17700 17701 17702 17708 17714 17715 17716 17717 17718 17720 17722 17723 17724 17725 17726 17731 17736 17737 17738 17739 17740 17742 17744 17746 17748 17750 17752 17753 17754 17756 17758 17760 17762 17767 17772 17773 17774 17775 17776 17777 17778 17779 17780 17783 17786 17787 17788 17789 17790 17796 17802 17803 17804 17805 17806 17820 17834 17835 17836 17837 17838 17839 17840 17842 17844 17846 17848 17850 17852 17853 17854 17856 17858 17859 17860 17861 17862 17863 17864 17866 17868 17869 17870 17872 17874 17876 17878 17880 17882 17883 17884 17885 17886 17887 17888 17889 17890 17891 17892 17893 17894 17895 17896 17897 17898 17903 17908 17909 17910 17911 17912 17916 17920 17921 17922 17923 17924 17933 17942 17943 17944 17945 17946 17949 17952 17953 17954 17955 17956 17970 17984 17986 17988 17990 17992 17995 17998 17999 18000 18001 18002 18005 18008 18009 18010 18011 18012 18013 18014 18015 18016 18017 18018 18019 18020 18021 18022 18023 18024 18029 18034 18035 18036 18037 18038 18041 18044 18047 18050 18053 18056 18061 18066 18069 18072 18075 18078 18079 18080 18082 18084 18090 18096 18097 18098 18099 18100 18109 18118 18119 18120 18121 18122 18123 18124 18125 18126 18127 18128 18136 18144 18145 18146 18147 18148 18156 18164 18165 18166 18167 18168 18170 18172 18174 18176 18178 18180 18181 18182 18184 18186 18188 18190 18195 18200 18204 18208 18212 18216 18217 18218 18219 18220 18221 18222 18228 18234 18236 18238 18240 18242 18246 18250 18251 18252 18253 18254 18264 18274 18275 18276 18277 18278 18286 18294 18295 18296 18297 18298 18300 18302 18305 18308 18309 18310 18312 18314 18316 18318 18319 18320 18321 18322 18323 18324 18328 18332 18333 18334 18335 18336 18337 18338 18339 18340 18341 18342 18343 18344 18345 18346 18348 18350 18351 18352 18353 18354 18356 18358 18359 18360 18361 18362 18368 18374 18375 18376 18377 18378 18379 18380 18381 18382 18383 18384 18385 18386 18387 18388 18403 18418 18420 18422 18424 18426 18433 18440 18441 18442 18443 18444 18447 18450 18451 18452 18453 18454 18455 18456 18457 18458 18466 18474 18475 18476 18477 18478 18480 18482 18485 18488 18493 18498 18499 18500 18502 18504 18505 18506 18507 18508 18509 18510 18511 18512 18513 18514 18516 18518 18520 18522 18528 18534 18535 18536 18537 18538 18544 18550 18552 18554 18556 18558 18559 18560 18561 18562 18563 18564 18567 18570 18571 18572 18573 18574 18580 18586 18587 18588 18589 18590 18598 18606 18607 18608 18609 18610 18613 18616 18617 18618 18619 18620 18621 18622 18623 18624 18625 18626 18634 18642 18644 18646 18648 18650 18654 18658 18662 18666 18668 18670 18672 18674 18685 18696 18697 18698 18699 18700 18704 18708 18709 18710 18711 18712 18713 18714 18715 18716 18717 18718 18721 18724 18725 18726 18727 18728 18730 18732 18734 18736 18738 18740 18752 18764 18766 18768 18770 18772 18776 18780 18781 18782 18783 18784 18792 18800 18801 18802 18803 18804 18807 18810 18811 18812 18813 18814 18835 18856 18857 18858 18859 18860 18871 18882 18883 18884 18885 18886 18888 18890 18892 18894 18896 18898 18915 18932 18933 18934 18935 18936 18943 18950 18951 18952 18953 18954 18955 18956 18957 18958 18959 18960 18963 18966 18967 18968 18973 18978 18980 18982 18984 18986 18999 19012 19013 19014 19015 19016 19019 19022 19023 19024 19025 19026 19031 19036 19037 19038 19039 19040 19044 19048 19049 19050 19051 19052 19060 19068 19070 19072 19074 19076 19088 19100 19103 19106 19109 19112 19115 19118 19119 19120 19121 19122 19128 19134 19136 19138 19140 19142 19147 19152 19153 19154 19156 19158 19160 19162 19164 19166 19171 19176 19177 19178 19179 19180 19184 19188 19189 19190 19191 19192 19193 19194 19195 19196 19197 19198 19207 19216 19218 19220 19222 19224 19226 19228 19229 19230 19231 19232 19243 19254 19255 19256 19257 19258 19259 19260 19261 19262 19263 19264 19278 19292 19293 19294 19295 19296 19314 19332 19333 19334 19335 19336 19337 19338 19339 19340 19341 19342 19343 19344 19345 19346 19347 19348 19350 19352 19353 19354 19355 19356 19361 19366 19367 19368 19369 19370 19371 19372 19373 19374 19375 19376 19379 19382 19384 19386 19388 19390 19396 19402 19403 19404 19405 19406 19407 19408 19409 19410 19411 19412 19415 19418 19419 19420 19421 19422 19424 19426 19427 19428 19429 19430 19432 19434 19435 19436 19450 19464 19465 19466 19467 19468 19470 19472 19473 19474 19475 19476 19489 19502 19503 19504 19505 19506 19515 19524 19525 19526 19527 19528 19531 19534 19535 19536 19537 19538 19540 19542 19544 19546 19547 19548 19549 19550 19555 19560 19572 19584 19585 19586 19587 19588 19612 19636 19637 19638 19639 19640 19650 19660 19661 19662 19663 19664 19668 19672 19673 19674 19675 19676 19690 19704 19705 19706 19707 19708 19713 19718 19719 19720 19721 19722 19725 19728 19729 19730 19731 19732 19761 19790 19792 19794 19796 19798 19822 19846 19847 19848 19849 19850 19861 19872 19873 19874 19875 19876 19913 19950 19951 19952 19953 19954 19962 19970 19971 19972 19973 19974 19977 19980 19981 19982 19983 19984 20029 20074 20076 20078 20080 20082 20109 20136 20137 20138 20139 20140 20152 20164 20165 20166 20167 20168 20177 20186 20187 20188 20189 20190 20220 20250 20251 20252 20253 20254 20259 20264 20265 20266 20267 20268 20269 20270 20271 20272 20273 20274 20378 20482 20483 20484 20485 20486 20487 20488 20489 20490 20491 20492 20498 20504 20505 20506 20507 20508 20514 20520 20521 20522 20523 20524 20552 20580 20581 20582 20583 20584 20588 20592 20593 20594 20595 20596 20604 20612 20613 20614 20615 20616 20617 20618 20619 20620 20621 20622 20655 20688 20690 20692 20694 20696 20703 20710 20712 20714 20716 20718 20722 20726 20727 20728 20729 20730 20737 20744 20745 20746 20747 20748 20771 20794 20795 20796 20797 20798 20825 20852 20853 20854 20855 20856 20883 20910 20911 20912 20913 20914 20917 20920 20921 20922 20923 20924 20942 20960 20961 20962 20963 20964 21008 21052 21053 21054 21055 21056 21089 21122 21123 21124 21125 21126 21162 21198 21199 21200 21201 21202 21219 21236 21237 21238 21239 21240 21247 21254 21255 21256 21257 21258 21284 21310 21311 21312 21313 21314 21323 21332 21333 21334 21335 21336 21338 21340 21341 21342 21343 21344 21387 21430 21431 21432 21433 21434 21436 21438 21439 21440 21441 21442 21457 21472 21473 21474 21475 21476 21487 21498 21499 21500 21501 21502 21524 21546 21547 21548 21549 21550 21569 21588 21589 21590 21591 21592 21598 21604 21605 21606 21607 21608 21621 21634 21636 21638 21640 21642 21661 21680 21681 21682 21699 21716 21717 21718 21719 21720 21767 21814 21815 21816 21817 21818 21840 21862 21863 21864 21865 21866 21870 21874 21875 21876 21877 21878 21879 21880 21881 21882 21883 21884 21888 21892 21893 21894 21895 21896 21907 21918 21919 21920 21921 21922 21924 21926 21927 21928 21929 21930 21947 21964 21965 21966 21967 21968 21973 21978 21979 21980 21981 21982 21983 21984 21985 21986 21987 21988 21992 21996 21997 21998 21999 22000 22022 22044 22046 22048 22050 22052 22086 22120 22121 22122 22123 22124 22150 22176 22177 22178 22179 22180 22182 22184 22185 22186 22187 22188 22211 22234 22235 22236 22237 22238 22239 22240 22242 22244 22246 22248 22251 22254 22255 22256 22257 22258 22265 22272 22273 22274 22275 22276 22282 22288 22289 22290 22291 22292 22298 22304 22305 22306 22307 22308 22313 22318 22319 22320 22321 22322 22324 22326 22327 22328 22329 22330 22336 22342 22343 22344 22345 22346 22353 22360 22362 22364 22366 22368 22377 22386 23836 0 2960 23836 24562
0 1450 2900 2921 2942 2943 2944 2945 2946 2984 3022 3023 3024 3025 3026 3029 3032 3033 3034 3035 3036 3679 4322 4323 4324 4325 4326 4382 4438 4439 4440 4441 4442 4463 4484 4485 4486 4487 4488 4511 4534 4535 4536 4537 4538 5261 5984 5987 5990 5991 5992 6015 6038 6039 6040 6067 6094 6095 6096 6123 6150 6152 6154 6156 6158 6159 6160 6186 6212 6213 6214 6229 6244 6245 6246 6266 6286 6287 6288 6321 6354 6355 6356 6418 6480 6481 6482 6483 6484 6485 6486 6510 6534 6535 6536 6548 6560 6561 6562 6572 6582 6583 6584 6616 6648 6649 6650 6652 6654 6655 6656 6670 6684 6685 6686 6694 6702 6703 6704 6707 6710 6711 6712 6727 6742 6743 6744 6746 6748 6749 6750 6755 6760 6761 6762 6768 6774 6775 6776 6786 6796 6797 6798 6804 6810 6811 6812 6825 6838 6840 6842 6844 6846 6847 6848 6866 6884 6885 6886 6900 6914 6915 6916 6942 6968 6969 6970 7003 7036 7037 7038 7047 7056 7057 7058 7065 7072 7073 7074 7089 7104 7105 7106 7108 7110 7111 7112 7115 7118 7119 7120 7133 7146 7147 7148 7153 7158 7159 7160 7166 7172 7173 7174 7195 7216 7218 7220 7256 7292 7293 7294 7319 7344 7345 7346 7348 7350 7351 7352 7360 7368 7369 7370 7384 7398 7399 7400 7414 7428 7429 7430 7436 7442 7443 7444 7450 7456 7457 7458 7460 7462 7463 7464 7469 7474 7475 7476 7482 7488 7489 7490 7497 7504 7506 7508 7517 7526 7527 7528 7532 7536 7537 7538 7546 7554 7555 7556 7558 7560 7730 7900 7908 7916 7918 7920 7922 7924 7926 7928 7929 7930 7931 7932 7936 7940 7942 7944 7945 7946 7947 7948 7950 7952 7954 7956 7964 7972 7973 7974 7975 7976 7977 7978 7994 8010 8012 8014 8021 8028 8029 8030 8043 8056 8057 8058 8066 8074 8076 8078 8082 8086 8087 8088 8122 8156 8157 8158 8209 8260 8262 8264 8282 8300 8301 8302 8417 8532 8533 8534 8545 8556 8558 8560 8595 8630 8636 8642 8643 8644 8648 8652 8653 8654 8692 8730 8731 8732 8740 8748 8749 8750 8755 8760 8761 8762 8763 8764 8793 8822 8823 8824 8832 8840 8841 8842 8843 8844 8847 8850 8851 8852 8853 8854 8865 8876 8877 8878 8903 8928 8929 8930 8935 8940 8941 8942 8949 8956 8957 8958 8962 8966 8967 8968 9021 9074 9075 9076 9080 9084 9085 9086 9254 9422 9430 9438 9630 9822 9823 9824 9825 9826 9915 10004 10005 10006 10007 10008 10032 10056 10057 10058 10059 10060 10079 10098 10099 10100 10101 10102 10125 10148 10149 10150 10151 10152 10208 10264 10265 10266 10267 10268 10289 10310 10311 10312 10313 10314 10337 10360 10361 10362 10363 10364 10814 11264 11452 11640 11641 11642 11643 11644 11645 11646 12202 12758 12759 12760 12761 12762 12780 12798 12799 12800 12801 12802 13867 14932 15290 15648 15649 15650 15651 15652 16289 16926 16927 16928 16929 16930 17349 17768 17769 17770 17771 17772 17883 17994 17997 18000 18001 18002 18020 18038 18039 18040 18041 18042 18043 18044 18045 18046 18047 18048 18049 18050 18052 18054 18056 18058 18059 18060 18061 18062 18063 18064 18067 18070 18071 18072 18073 18074 18075 18076 18077 18078 18079 18080 18108 18136 18137 18138 18139 18140 18141 18142 18143 18144 18145 18146 18166 18186 18696 19206 19211 19216 19217 19218 19219 19220 19221 19222 19223 19224 19225 19226 19229 19232 19233 19234 19235 19236 19239 19242 19243 19244 19245 19246 19252 19258 19259 19260 19261 19262 19268 19274 19275 19276 19277 19278 19291 19304 19305 19306 19307 19308 19325 19342 19346 19350 19351 19352 19353 19354 19355 19356 19358 19360 19362 19364 19370 19376 19547 19718 19727 19736 19741 19746 19781 19816 19817 19818 19819 19820 19828 19836 19837 19838 19839 19840 19843 19846 19847 19848 19849 19850 19855 19860 19861 19862 19893 19924 19925 19926 19927 19928 19933 19938 19939 19940 19941 19942 19948 19954 19955 19956 19957 19958 19959 19960 19961 19962 19966 19970 19971 19972 19973 19974 20027 20080 20081 20082 20086 20090 20091 20092 20093 20094 20096 20098 20099 20100 20101 20102 20112 20122 20123 20124 20125 20126 20133 20140 20141 20142 20143 20144 20165 20186 20187 20188 20247 20306 20307 20308 20309 20310 20312 20314 20315 20316 20317 20318 20319 20320 20321 20322 20346 20370 20371 20372 20373 20374 20409 20444 20445 20446 20447 20448 20468 20488 20489 20490 20491 20492 20500 20508 20509 20510 20511 20512 20513 20514 20530 20546 20547 20548 20549 20550 20563 20576 20577 20578 20579 20580 20590 20600 20601 20602 20603 20604 20605 20606 20607 20608 20627 20646 20647 20648 20649 20650 20659 20668 20670 20672 20674 20676 20681 20686 20687 20688 20689 20690 20691 20692 20693 20694 20695 20696 20800 20904 20905 20906 20907 20908 20916 20924 20925 20926 20927 20928 20929 20930 20931 20932 20933 20934 20938 20942 20943 20944 20945 20946 20953 20960 20961 20962 20963 20964 20984 21004 21005 21006 21007 21008 21012 21016 21017 21018 21019 21020 21026 21032 21033 21034 21035 21036 21037 21038 21039 21040 21041 21042 21052 21062 21063 21064 21065 21066 21077 21088 21089 21090 21091 21092 21104 21116 21118 21120 21122 21124 21139 21154 21156 21158 21160 21162 21166 21170 21171 21172 21173 21174 21182 21190 21191 21192 21193 21194 21195 21196 21204 21212 21214 21216 21218 21220 21224 21228 21229 21230 21231 21232 21259 21286 21287 21288 21289 21290 21293 21296 21297 21298 21300 21302 21303 21304 21305 21306 21326 21346 21347 21348 21349 21350 21353 21356 21357 21358 21359 21360 21378 21396 21397 21398 21399 21400 21408 21416 21417 21418 21419 21420 21438 21456 21457 21458 21459 21460 21476 21492 21493 21494 21495 21496 21529 21562 21563 21564 21565 21566 21587 21608 21609 21610 21611 21612 21652 21692 21693 21694 21695 21696 21701 21706 21825 21944 21945 21946 21947 21948 22075 22202 22203 22204 22205 22206 22277 22348 22349 22350 22351 22352 22365 22378 22416 22454 22455 22456 22457 22458 22485 22512 22513 22514 22515 22516 22578 22640 22641 22642 22643 22644 22933 23222 23223 23224 23225 23226 23387 23548 23549 23550 23551 23552 23628 23704 23705 23706 23707 23708 23776 23844 23845 23846 23847 23848 23915 23982 23983 23984 23985 23986 24025 24064 24065 24066 24067 24068 24095 24122 24251 24380 24381 24382 24383 24384 24406 24428 24429 24430 24431 24432 24448 24464 24465 24466 24467 24468 24469 24470 24494 24518 24519 24520 24537 24554 24555 24556 24557 24558 24565 24572 24573 24574 24575 24576 24611 24646 24647 24648 24649 24650 24676 24702 24703 24704 24705 24706 24717 24728 24730 24732 24734 24736 24746 24756 24757 24758 24759 24760 24762 24764 24765 24766 24767 24768 24785 24802 24803 24804 24805 24806 24811 24816 24817 24818 24819 24820 24821 24822 24823 24824 24825 24826 24830 24834 24835 24836 24837 24838 24860 24882 24883 24884 24885 24886 24948 25010 25011 25012 25013 25014 25016 25018 25019 25020 25021 25022 25045 25068 25069 25070 25071 25072 25073 25074 25076 25078 25080 25082 25085 25088 25089 25090 25091 25092 25099 25106 25107 25108 25109 25110 25116 25122 25123 25124 25125 25126 25132 25138 25139 25140 25141 25142 25147 25152 25153 25154 25155 25156 25158 25160 25161 25162 25163 25164 25170 25176 25177 25178 25179 25180 25187 25194 25196 25198 25200 25202 25211 25220 25221 25222 25223 25224 25225 25226 25227 25228 25229 25230 25232 25234 25235 25236 25237 25238 25249 25260 25430 25600 25608 25616 25618 25620 25622 25624 25626 25628 25630 25632 25634 25636 25638 25640 25641 25642 25643 25644 25645 25646 25650 25654 25655 25656 25657 25658 25660 25662 25663 25664 25665 25666 25668 25670 25672 25674 25676 25678 25686 25694 25695 25696 25697 25698 25699 25700 25701 25702 25703 25704 25712 25720 25721 25722 25723 25724 25745 25766 25767 25768 25769 25770 25793 25816 25817 25818 25819 25820 25822 25824 25826 25828 25830 25832 25833 25834 25835 25836 25837 25838 25844 25850 25851 25852 25853 25854 25863 25872 25874 25876 25896 25916 25917 25918 25919 25920 25961 26002 26003 26004 26005 26006 26013 26020 26021 26022 26023 26024 26066 26108 26109 26110 26111 26112 26113 26114 26116 26118 26120 26122 26128 26134 26135 26136 26137 26138 26147 26156 26157 26158 26159 26160 26161 26162 26163 26164 26165 26166 26205 26244 26245 26246 26247 26248 26270 26292 26293 26294 26295 26296 26299 26302 26310 26318 26319 26320 26321 26322 26323 26324 26355 26386 26387 26388 26391 26394 26395 26396 26397 26398 26404 26410 26411 26412 26413 26414 26418 26422 26423 26424 26425 26426 26441 26456 26457 26458 26459 26460 26527 26594 26595 26596 26597 26598 26606 26614 26615 26616 26619 26622 26623 26624 26629 26634 26635 26636 26667 26698 26699 26700 26701 26702 26703 26704 26709 26714 26715 26716 26717 26718 26725 26732 26733 26734 26735 26736 26740 26744 26745 26746 26747 26748 26801 26854 26855 26856 26857 26858 26862 26866 26867 26868 26881 26894 26895 26896 26897 26898 26905 26912 26913 26914 26915 26916 26931 26946 27012 27078 27079 27080 27081 27082 27084 27086 27087 27088 27089 27090 27091 27092 27093 27094 27118 27142 27143 27144 27145 27146 27181 27216 27217 27218 27219 27220 27249 27278 27279 27280 27281 27282 27298 27314 27315 27316 27317 27318 27331 27344 27345 27346 27347 27348 27358 27368 27369 27370 27371 27372 27598 27824 27825 27826 27827 27828 27836 27844 28042 28240 28241 28242 28243 28244 30258 1450 2333 28244 29349
0 3415 6830 6834 6838 6839 6840 6841 6842 6870 6898 6899 6900 6901 6902 6906 6910 6911 6912 6913 6914 6922 6930 6931 6932 6933 6934 6935 6936 6937 6938 6939 6940 6973 7006 7008 7010 7012 7014 7021 7028 7030 7032 7034 7036 7040 7044 7045 7046 7047 7048 7055 7062 7063 7064 7065 7066 7081 7096 7097 7098 7099 7100 7135 7170 7171 7172 7173 7174 7201 7228 7229 7230 7231 7232 7235 7238 7239 7240 7241 7242 7305 7368 7369 7370 7371 7372 7405 7438 7439 7440 7441 7442 7478 7514 7515 7516 7517 7518 7535 7552 7553 7554 7555 7556 7563 7570 7571 7572 7573 7574 7579 7584 7585 7586 7587 7588 7608 7628 7629 7630 7631 7632 7641 7650 7651 7652 7653 7654 7656 7658 7660 7662 7705 7748 7749 7750 7751 7752 7754 7756 7757 7758 7759 7760 7775 7790 7791 7792 7793 7794 7805 7816 7817 7818 7819 7820 7842 7864 7865 7866 7867 7868 7894 7920 7921 7922 7923 7924 7937 7950 7952 7954 7956 7958 7980 8002 8003 8004 8018 8032 8033 8034 8035 8036 8083 8130 8131 8132 8133 8134 8156 8178 8179 8180 8181 8182 8186 8190 8191 8192 8193 8194 8195 8196 8197 8198 8199 8200 8204 8208 8209 8210 8211 8212 8223 8234 8235 8236 8237 8238 8240 8242 8243 8244 8245 8246 8263 8280 8281 8282 8283 8284 8289 8294 8295 8296 8297 8298 8299 8300 8301 8302 8303 8304 8331 8358 8360 8362 8364 8366 8400 8434 8435 8436 8437 8438 8440 8442 8443 8444 8445 8446 8469 8492 8493 8494 8495 8496 8498 8500 8501 8502 8503 8504 8527 8550 8551 8552 8553 8554 8555 8556 8558 8560 8562 8564 8567 8570 8571 8572 8573 8574 8581 8588 8589 8590 8591 8592 8598 8604 8605 8606 8607 8608 8614 8620 8621 8622 8623 8624 8629 8634 8635 8636 8637 8638 8640 8642 8643 8644 8645 8646 8652 8658 8659 8660 8661 8662 8669 8676 8678 8680 8682 8684 8693 8702 8703 8704 8705 8706 8710 8714 8715 8716 8717 8718 8729 8740 8910 9080 9088 9096 9102 9108 9114 9120 9121 9122 9123 9124 9125 9126 9130 9134 9135 9136 9137 9138 9140 9142 9143 9144 9145 9146 9148 9150 9152 9154 9156 9158 9166 9174 9175 9176 9177 9178 9179 9180 9181 9182 9183 9184 9192 9200 9201 9202 9203 9204 9225 9246 9247 9248 9249 9250 9273 9296 9297 9298 9299 9300 9302 9304 9306 9308 9310 9312 9320 9328 9329 9330 9331 9332 9339 9346 9347 9348 9349 9350 9356 9362 9363 9364 9365 9366 9413 9460 9461 9462 9463 9464 9482 9500 9501 9502 9503 9504 9541 9578 9579 9580 9581 9582 9586 9590 9591 9592 9593 9594 9595 9596 9598 9600 9602 9604 9611 9618 9692 9766 9767 9768 9769 9770 9797 9824 9825 9826 9846 9866 9868 9870 9872 9874 9879 9884 9885 9886 9887 9888 9892 9896 9897 9898 9899 9900 9983 10066 10067 10068 10069 10070 10087 10104 10105 10106 10138 10170 10171 10172 10173 10174 10220 10266 10267 10268 10269 10270 10287 10304 10305 10306 10307 10308 10315 10322 10323 10324 10356 10388 10389 10390 10407 10424 10425 10426 10427 10428 10485 10542 10543 10544 10545 10546 10626 10706 10707 10708 10721 10734 10735 10736 10737 10738 10754 10770 10771 10772 10785 10798 10799 10800 10807 10814 10815 10816 10831 10846 10847 10848 10849 10850 10895 10940 10941 10942 10943 10944 11052 11160 11161 11162 11163 11164 11172 11180 11181 11182 11218 11254 11255 11256 11257 11258 11362 11466 11484 11502 11529 11556 11557 11558 11559 11560 11575 11590 11591 11592 11593 11594 11638 11682 11683 11684 11789 11894 11895 11896 11897 11898 11944 11990 11991 11992 11993 11994 12015 12036 12037 12038 12039 12040 12051 12062 12063 12064 12065 12066 12095 12124 12125 12126 12127 12128 12129 12130 12131 12132 12138 12144 12145 12146 12147 12148 12149 12150 12155 12160 12161 12162 12163 12164 12169 12174 12175 12176 12177 12178 12181 12184 12186 12188 12190 12192 12195 12198 12199 12200 12201 12202 12212 12222 12223 12224 12225 12226 12228 12230 12231 12232 12233 12234 12252 12270 12271 12272 12309 12346 12347 12348 12361 12374 12375 12376 12377 12378 12389 12400 12401 12402 12403 12404 12405 12406 12485 12564 12565 12566 12593 12620 12621 12622 12623 12624 12658 12692 12693 12694 12695 12696 12752 12808 12820 12832 12833 12834 12835 12836 12844 12852 12853 12854 12870 12886 12889 12892 12905 12918 12919 12920 12930 12940 12941 12942 12943 12944 12958 12972 12973 12974 12979 12984 12985 12986 12987 12988 12989 12990 12991 12992 12994 12996 13000 13004 13007 13010 13012 13014 13039 13064 13065 13066 13069 13072 13073 13074 13075 13076 13122 13168 13169 13170 13171 13172 13199 13226 13227 13228 13240 13252 13253 13254 13255 13256 13265 13274 13275 13276 13312 13348 13349 13350 13351 13352 13353 13354 13355 13356 13460 13564 13565 13566 13567 13568 13569 13570 13571 13572 13578 13584 13585 13586 13592 13598 13599 13600 13628 13656 13657 13658 13662 13666 13667 13668 13676 13684 13685 13686 13687 13688 13689 13690 13723 13756 13758 13760 13767 13774 13775 13776 13777 13778 13779 13780 13784 13788 13789 13790 13797 13804 17287 3415 5764 17287 18524

0 4098 8196 8197 8198 8206 8214 8215 8216 8217 8218 8230 8242 8243 8244 8245 8246 8258 8270 8271 8272 8273 8274 8304 8334 8352 8370 8371 8372 8373 8374 8390 8406 8407 8408 8409 8410 8427 8444 8445 8446 8447 8448 8452 8456 8457 8458 8459 8460 8468 8476 8477 8478 8479 8480 8489 8498 8499 8500 8501 8502 8506 8510 8511 8512 8513 8514 8519 8524 8525 8526 8527 8528 8531 8534 8535 8536 8537 8538 8549 8560 8561 8562 8563 8564 8570 8576 8577 8578 8579 8580 8608 8636 8637 8638 8639 8640 8667 8694 8695 8696 8697 8698 8725 8752 8753 8754 8755 8756 8759 8762 8763 8764 8765 8766 8775 8784 8786 8788 8790 8792 8810 8828 8829 8830 8831 8832 8837 8842 8843 8844 8845 8846 8855 8864 8875 8886 8887 8888 8889 8890 8898 8906 8907 8908 8909 8910 8923 8936 8937 8938 8939 8940 8947 8954 8955 8956 8957 8958 8976 8994 8995 8996 8997 8998 9001 9004 9005 9006 9007 9008 9009 9010 9011 9012 9015 9018 9019 9020 9021 9022 9047 9072 9073 9074 9075 9076 9096 9116 9117 9118 9119 9120 9121 9122 9123 9124 9125 9126 9130 9134 9135 9136 9137 9138 9159 9180 9181 9182 9183 9184 9185 9186 9187 9188 9189 9190 9211 9232 9233 9234 9235 9236 9238 9240 9241 9242 9243 9244 9245 9246 9247 9248 9249 9250 9258 9266 9267 9268 9269 9270 9272 9274 9275 9276 9277 9278 9280 9282 9284 9286 9288 9290 9291 9292 9293 9294 9295 9296 9297 9298 9299 9300 9301 9302 9310 9318 9319 9320 9321 9322 9323 9324 9325 9326 9327 9328 9334 9340 9341 9342 9343 9344 9355 9366 9367 9368 9369 9370 9374 9378 9379 9380 9381 9382 9394 9406 9407 9408 9409 9410 9413 9416 9418 9420 9422 9424 9440 9456 9457 9458 9459 9460 9468 9476 9477 9478 9479 9480 9485 9490 9491 9492 9493 9494 9524 9554 9555 9556 9557 9558 9569 9580 9582 9584 9585 9586 9588 9590 9591 9592 9599 9606 9607 9608 9609 9610 9626 9642 9643 9644 9645 9646 9648 9650 9651 9652 9653 9654 9670 9686 9687 9688 9689 9690 9693 9696 9697 9698 9699 9700 9721 9742 9743 9744 9745 9746 9754 9762 9763 9764 9765 9766 9767 9768 9769 9770 9776 9782 9783 9784 9785 9786 9787 9788 9789 9790 9791 9792 9806 9820 9821 9822 9823 9824 9899 9974 9975 9976 9977 9978 10012 10046 10047 10048 10049 10050 10052 10054 10055 10056 10057 10058 10059 10060 10061 10062 10063 10064 10073 10082 10083 10084 10085 10086 10103 10120 10121 10122 10123 10124 10126 10128 10129 10130 10131 10132 10135 10138 10139 10140 10141 10142 10145 10148 10149 10150 10151 10152 10156 10160 10161 10162 10163 10164 10189 10214 10215 10216 10217 10218 10225 10232 10234 10236 10238 10240 10244 10248 10249 10250 10251 10252 10253 10254 10255 10256 10257 10258 10259 10260 10261 10262 10265 10268 10269 10270 10271 10272 10273 10274 10275 10276 10284 10292 10293 10294 10295 10296 10304 10312 10314 10316 10318 10320 10327 10334 10336 10338 10340 10342 10350 10358 10359 10360 10361 10362 10383 10404 10405 10406 10407 10408 10417 10426 10427 10428 10429 10430 10440 10450 10451 10452 10453 10454 10457 10460 10461 10462 10463 10464 10465 10466 10482 10498 10499 10500 10501 10502 10512 10522 10523 10524 10525 10526 10532 10538 10539 10540 10541 10542 10553 10564 10565 10566 10567 10568 10584 10600 10601 10602 10603 10604 10612 10620 10621 10622 10623 10624 10628 10632 10633 10634 10635 10636 10637 10638 10639 10640 10641 10642 10643 10644 10645 10646 10652 10658 10659 10660 10661 10662 10671 10680 10681 10682 10683 10684 10685 10686 10687 10688 10689 10690 10705 10720 10721 10722 10723 10724 10738 10752 10753 10754 10755 10756 10764 10772 10773 10774 10775 10776 10781 10786 10803 10820 10821 10822 10823 10824 10836 10848 10849 10850 10851 10852 10854 10856 10864 10872 10883 10894 10895 10896 10897 10898 10911 10924 10925 10926 10927 10928 10979 11030 11031 11032 11033 11034 11035 11036 11037 11038 11042 11046 11047 11048 11049 11050 11066 11082 11083 11084 11085 11086 11090 11094 11095 11096 11097 11098 11100 11102 11103 11104 11105 11106 11107 11108 11111 11114 11115 11116 11117 11118 11119 11120 11121 11122 11123 11124 11130 11136 11137 11138 11139 11140 11145 11150 11151 11152 11154 11156 11327 11498 11503 11508 11509 11510 11511 11512 11513 11514 11515 11516 11517 11518 11519 11520 11521 11522 11523 11524 11537 11550 11551 11552 11553 11554 11555 11556 11557 11558 11559 11560 11562 11564 11565 11566 11567 11568 11587 11606 11607 11608 11609 11610 11613 11616 11617 11618 11619 11620 11623 11626 11627 11628 11629 11630 11634 11638 11639 11640 11641 11642 11643 11644 11649 11654 11655 11656 11657 11658 11670 11682 11683 11684 11685 11686 11709 11732 11733 11734 11735 11736 11739 11742 11743 11744 11745 11746 11747 11748 11749 11750 11751 11752 11753 11754 11755 11756 11757 11758 11767 11776 11777 11778 11779 11780 11781 11782 11783 11784 11795 11806 11807 11808 11809 11810 11812 11814 11815 11816 11817 11818 11819 11820 11821 11822 11823 11824 11825 11826 11827 11828 11829 11830 11831 11832 11834 11836 11837 11838 11839 11840 11842 11844 11845 11846 11847 11848 11849 11850 11855 11860 11861 11862 11863 11864 11878 11892 11893 11894 11895 11896 11901 11906 11908 11910 11912 11914 11915 11916 11917 11918 11919 11920 11927 11934 11935 11936 11937 11938 11960 11982 11983 11984 11985 11986 11988 11990 11992 11994 11996 11998 11999 12000 12001 12002 12003 12004 12005 12006 12009 12012 12013 12014 12015 12016 12019 12022 12023 12024 12025 12026 12030 12034 12035 12036 12037 12038 12043 12048 12049 12050 12051 12052 12053 12054 12055 12056 12057 12058 12064 12070 12071 12072 12073 12074 12080 12086 12087 12088 12089 12090 12091 12092 12093 12094 12102 12110 12111 12112 12113 12114 12116 12118 12120 12122 12123 12124 12125 12126 12127 12128 12138 12148 12150 12152 12154 12156 12162 12168 12170 12172 12174 12176 12180 12184 12185 12186 12187 12188 12202 12216 12217 12218 12219 12220 12221 12222 12223 12224 12225 12226 12230 12234 12235 12236 12238 12240 12241 12242 12243 12244 12246 12248 12249 12250 12251 12252 12255 12258 12259 12260 12261 12262 12263 12264 12265 12266 12267 12268 12269 12270 12271 12272 12273 12274 12277 12280 12281 12282 12283 12284 12285 12286 12287 12288 12289 12290 12297 12304 12305 12306 12307 12308 12310 12312 12313 12314 12315 12316 12318 12320 12321 12322 12323 12324 12327 12330 12333 12336 12339 12342 12345 12348 12349 12350 12351 12352 12365 12378 12379 12380 12381 12382 12388 12394 12395 12396 12397 12398 12404 12410 12411 12412 12413 12414 12416 12418 12420 12422 12424 12426 12428 12430 12432 12434 12435 12436 12437 12438 12439 12440 12442 12444 12445 12446 12447 12448 12449 12450 12451 12452 12453 12454 12455 12456 12457 12458 12459 12460 12462 12464 12469 12474 12475 12476 12477 12478 12479 12480 12481 12482 12483 12484 12487 12490 12491 12492 12493 12494 12496 12498 12499 12500 12501 12502 12508 12514 12515 12516 12517 12518 12519 12520 12521 12522 12531 12540 12541 12542 12543 12544 12549 12554 12555 12556 12557 12558 12559 12560 12561 12562 12563 12564 12565 12566 12567 12568 12569 12570 12571 12572 12581 12590 12591 12592 12593 12594 12595 12596 12597 12598 12599 12600 12601 12602 12603 12604 12606 12608 12609 12610 12611 12612 12615 12618 12619 12620 12621 12622 12625 12628 12629 12630 12631 12632 12633 12634 12635 12636 12637 12638 12639 12640 12641 12642 12643 12644 12645 12646 12647 12648 12649 12650 12659 12668 12669 12670 12671 12672 12673 12674 12677 12680 12681 12682 12683 12684 12685 12686 12688 12690 12691 12692 12693 12694 12695 12696 12703 12710 12711 12712 12713 12714 12715 12716 12717 12718 12719 12720 12721 12722 12723 12724 12725 12726 12727 12728 12729 12730 12731 12732 12733 12734 12736 12738 12743 12748 12749 12750 12751 12752 12757 12762 12763 12764 12765 12766 12768 12770 12771 12772 12773 12774 12776 12778 12779 12780 12781 12782 12783 12784 12785 12786 12787 12788 12789 12790 12791 12792 12793 12794 12795 12796 12798 12800 12801 12802 12803 12804 12806 12808 12810 12812 12813 12814 12816 12818 12819 12820 12822 12824 12825 12826 12827 12828 12834 12840 12841 12842 12843 12844 12849 12854 12855 12856 12857 12858 12868 12878 12879 12880 12881 12882 12883 12884 12885 12886 12888 12890 12891 12892 12894 12896 12898 12900 12902 12904 12905 12906 12907 12908 12909 12910 12911 12912 12913 12914 12915 12916 12918 12920 12921 12922 12923 12924 12925 12926 12927 12928 12930 12932 12933 12934 12937 12940 12941 12942 12946 12950 12951 12952 12953 12954 12955 12956 12957 12958 12959 12960 12962 12964 12966 12968 12969 12970 12972 12974 12975 12976 12978 12980 12981 12982 12983 12984 12990 12996 12997 12998 12999 13000 13001 13002 13005 13008 13009 13010 13011 13012 13021 13030 13031 13032 13033 13034 13038 13042 13044 13046 13048 13050 13053 13056 13057 13058 13059 13060 13061 13062 13063 13064 13065 13066 13067 13068 13069 13070 13071 13072 13073 13074 13075 13076 13077 13078 13079 13080 13081 13082 13083 13084 13085 13086 13087 13088 13089 13090 13094 13098 13099 13100 13101 13102 13105 13108 13109 13110 13111 13112 13113 13114 13116 13118 13119 13120 13121 13122 13127 13132 13134 13136 13137 13138 13139 13140 13143 13146 13147 13148 13150 13152 13154 13156 13158 13160 13164 13168 13169 13170 13171 13172 13173 13174 13175 13176 13178 13180 13182 13184 13186 13188 13189 13190 13191 13192 13193 13194 13195 13196 13197 13198 13199 13200 13201 13202 13203 13204 13205 13206 13207 13208 13209 13210 13218 13226 13227 13228 13229 13230 13231 13232 13236 13240 13241 13242 13243 13244 13247 13250 13251 13252 13253 13254 13255 13256 13257 13258 13259 13260 13261 13262 13263 13264 13265 13266 13267 13268 13269 13270 13271 13272 13273 13274 13275 13276 13277 13278 13279 13280 13281 13282 13283 13284 13285 13286 13289 13292 13294 13296 13298 13300 13302 13304 13306 13308 13316 13324 13325 13326 13327 13328 13329 13330 13331 13332 13333 13334 13338 13342 13343 13344 13345 13346 13356 13366 13367 13368 13369 13370 13371 13372 13373 13374 13375 13376 13378 13380 13381 13382 13383 13384 13388 13392 13393 13394 13396 13398 13399 13400 13401 13402 13403 13404 13405 13406 13407 13408 13409 13410 13411 13412 13413 13414 13415 13416 13417 13418 13419 13420 13421 13422 13423 13424 13425 13426 13430 13434 13435 13436 13437 13438 13439 13440 13441 13442 13443 13444 13445 13446 13447 13448 13450 13452 13453 13454 13455 13456 13458 13460 13461 13462 13463 13464 13470 13476 13477 13478 13479 13480 13481 13482 13483 13484 13485 13486 13487 13488 13489 13490 13491 13492 13495 13498 13499 13500 13501 13502 13503 13504 13505 13506 13507 13508 13521 13534 13535 13536 13537 13538 13539 13540 13541 13542 13543 13544 13545 13546 13547 13548 13549 13550 13551 13552 13556 13560 13561 13562 13563 13564 13573 13582 13585 13588 13590 13592 13593 13594 13595 13596 13599 13602 13603 13604 13605 13606 13607 13608 13611 13614 13615 13616 13617 13618 13619 13620 13621 13622 13623 13624 13626 13628 13630 13632 13633 13634 13635 13636 13641 13646 13647 13648 13649 13650 13656 13662 13664 13666 13667 13668 13669 13670 13671 13672 13673 13674 13675 13676 13677 13678 13679 13680 13683 13686 13687 13688 13689 13690 13691 13692 13693 13694 13695 13696 13700 13704 13705 13706 13707 13708 13712 13716 13717 13718 13719 13720 13727 13734 13735 13736 13737 13738 13739 13740 13741 13742 13743 13744 13745 13746 13748 13750 13751 13752 13753 13754 13756 13758 13759 13760 13761 13762 13763 13764 13765 13766 13767 13768 13769 13770 13771 13772 13773 13774 13775 13776 13777 13778 13779 13780 13786 13792 13793 13794 13795 13796 13797 13798 13799 13800 13801 13802 13803 13804 13808 13812 13813 13814 13815 13816 13826 13836 13837 13838 13839 13840 13841 13842 13843 13844 13845 13846 13847 13848 13849 13850 13851 13852 13855 13858 13859 13860 13861 13862 13865 13868 13869 13870 13871 13872 13873 13874 13875 13876 13877 13878 13879 13880 13881 13882 13883 13884 13885 13886 13887 13888 13889 13890 13891 13892 13896 13900 13901 13902 13903 13904 13906 13908 13910 13912 13913 13914 13915 13916 13917 13918 13919 13920 13921 13922 13923 13924 13927 13930 13931 13932 13933 13934 13941 13948 13949 13950 13951 13952 13953 13954 13961 13968 13969 13970 13971 13972 13979 13986 13987 13988 13989 13990 13991 13992 13993 13994 13995 13996 13998 14000 14001 14002 14003 14004 14006 14008 14009 14010 14011 14012 14020 14028 14029 14030 14031 14032 14038 14044 14045 14046 14047 14048 14049 14050 14051 14052 14053 14054 14055 14056 14062 14068 14069 14070 14071 14072 14074 14076 14077 14078 14079 14080 14088 14096 14097 14098 14099 14100 14103 14106 14107 14108 14109 14110 14111 14112 14113 14114 14115 14116 14117 14118 14119 14120 14121 14122 14123 14124 14125 14126 14127 14128 14129 14130 14132 14134 14135 14136 14137 14138 14139 14140 14141 14142 14143 14144 14145 14146 14151 14156 14157 14158 14159 14160 14161 14162 14164 14166 14178 14190 14191 14192 14193 14194 14195 14196 14197 14198 14199 14200 14202 14204 14205 14206 14207 14208 14210 14212 14213 14214 14215 14216 14217 14218 14219 14220 14221 14222 14223 14224 14225 14226 14227 14228 14229 14230 14232 14234 14235 14236 14237 14238 14242 14246 14247 14248 14249 14250 14251 14252 14253 14254 14255 14256 14258 14260 14261 14262 14263 14264 14273 14282 14283 14284 14285 14286 14290 14294 14295 14296 14297 14298 14299 14300 14301 14302 14303 14304 14305 14306 14308 14310 14311 14312 14313 14314 14315 14316 14317 14318 14320 14322 14323 14324 14325 14326 14329 14332 14333 14334 14335 14336 14337 14338 14339 14340 14343 14346 14347 14348 14349 14350 14351 14352 14353 14354 14355 14356 14358 14360 14362 14364 14365 14366 14367 14368 14369 14370 14376 14382 14383 14384 14385 14386 14391 14396 14397 14398 14399 14400 14409 14418 14420 14422 14424 14426 14430 14434 14435 14436 14437 14438 14439 14440 14441 14442 14443 14444 14451 14458 14459 14460 14461 14462 14467 14472 14473 14474 14475 14476 14482 14488 14490 14492 14494 14496 14497 14498 14499 14500 14501 14502 14503 14504 14505 14506 14508 14510 14511 14512 14513 14514 14520 14526 14527 14528 14529 14530 14536 14542 14543 14544 14545 14546 14547 14548 14549 14550 14551 14552 14553 14554 14555 14556 14557 14558 14559 14560 14561 14562 14563 14564 14565 14566 14567 14568 14569 14570 14571 14572 14573 14574 14575 14576 14577 14578 14579 14580 14581 14582 14583 14584 14585 14586 14587 14588 14589 14590 14591 14592 14593 14594 14596 14598 14599 14600 14601 14602 14605 14608 14610 14612 14614 14616 14618 14620 14622 14624 14634 14644 14645 14646 14647 14648 14649 14650 14651 14652 14653 14654 14655 14656 14657 14658 14659 14660 14661 14662 14663 14664 14665 14666 14671 14676 14677 14678 14679 14680 14681 14682 14683 14684 14699 14714 14715 14716 14717 14718 14723 14728 14729 14730 14731 14732 14735 14738 14739 14740 14741 14742 14743 14744 14746 14748 14749 14750 14751 14752 14753 14754 14755 14756 14757 14758 14760 14762 14764 14766 14768 14770 14771 14772 14773 14774 14775 14776 14781 14786 14787 14788 14789 14790 14792 14794 14795 14796 14797 14798 14800 14802 14803 14804 14805 14806 14807 14808 14809 14810 14811 14812 14813 14814 14815 14816 14817 14818 14822 14826 14827 14828 14829 14830 14835 14840 14844 14848 14849 14850 14852 14854 14855 14856 14857 14858 14859 14860 14861 14862 14863 14864 14867 14870 14871 14872 14873 14874 14876 14878 14879 14880 14881 14882 14883 14884 14886 14888 14889 14890 14891 14892 14893 14894 14905 14916 14917 14918 14919 14920 14921 14922 14923 14924 14925 14926 14928 14930 14931 14932 14933 14934 14937 14940 14941 14942 14943 14944 14945 14946 14947 14948 14952 14956 14957 14958 14959 14960 14963 14966 14967 14968 14970 14972 14973 14974 14975 14976 14985 14994 14995 14996 14997 14998 14999 15000 15002 15004 15005 15006 15007 15008 15009 15010 15011 15012 15013 15014 15016 15018 15019 15020 15021 15022 15023 15024 15026 15028 15029 15030 15031 15032 15033 15034 15035 15036 15037 15038 15041 15044 15045 15046 15047 15048 15049 15050 15051 15052 15053 15054 15055 15056 15057 15058 15059 15060 15063 15066 15067 15068 15069 15070 15071 15072 15073 15074 15075 15076 15082 15088 15089 15090 15091 15092 15093 15094 15095 15096 15098 15100 15101 15102 15103 15104 15105 15106 15107 15108 15109 15110 15111 15112 15113 15114 15115 15116 15119 15122 15123 15124 15125 15126 15127 15128 15130 15132 15134 15136 15143 15150 15151 15152 15153 15154 15169 15184 15185 15186 15187 15188 15189 15190 15192 15194 15196 15198 15202 15206 15208 15210 15212 15214 15217 15220 15221 15222 15223 15224 15225 15226 15227 15228 15230 15232 15233 15234 15235 15236 15238 15240 15241 15242 15243 15244 15245 15246 15247 15248 15249 15250 15251 15252 15253 15254 15258 15262 15263 15264 15265 15266 15267 15268 15269 15270 15271 15272 15273 15274 15275 15276 15278 15280 15281 15282 15283 15284 15299 15314 15315 15316 15317 15318 15321 15324 15325 15326 15327 15328 15330 15332 15333 15334 15335 15336 15339 15342 15344 15346 15348 15350 15352 15354 15355 15356 15357 15358 15360 15362 15363 15364 15365 15366 15371 15376 15377 15378 15379 15380 15381 15382 15383 15384 15388 15392 15393 15394 15395 15396 15397 15398 15400 15402 15403 15404 15405 15406 15410 15414 15415 15416 15417 15418 15423 15428 15429 15430 15431 15432 15433 15434 15435 15436 15437 15438 15439 15440 15441 15442 15451 15460 15461 15462 15463 15464 15465 15466 15469 15472 15474 15476 15478 15480 15482 15484 15485 15486 15487 15488 15494 15500 15501 15502 15503 15504 15505 15506 15507 15508 15509 15510 15511 15512 15513 15514 15515 15516 15517 15518 15519 15520 15521 15522 15523 15524 15528 15532 15533 15534 15535 15536 15544 15552 15554 15556 15558 15560 15561 15562 15563 15564 15565 15566 15567 15568 15570 15572 15574 15576 15577 15578 15579 15580 15581 15582 15587 15592 15594 15596 15598 15600 15603 15606 15607 15608 15609 15610 15611 15612 15613 15614 15619 15624 15625 15626 15627 15628 15629 15630 15634 15638 15639 15640 15641 15642 15643 15644 15645 15646 15652 15658 15659 15660 15661 15662 15665 15668 15669 15670 15671 15672 15673 15674 15675 15676 15677 15678 15679 15680 15681 15682 15685 15688 15690 15692 15693 15694 15695 15696 15697 15698 15700 15702 15704 15706 15708 15710 15711 15712 15713 15714 15716 15718 15719 15720 15722 15724 15725 15726 15728 15730 15732 15734 15736 15738 15739 15740 15741 15742 15743 15744 15745 15746 15747 15748 15749 15750 15752 15754 15756 15758 15759 15760 15761 15762 15763 15764 15766 15768 15769 15770 15771 15772 15778 15784 15785 15786 15787 15788 15789 15790 15798 15806 15807 15808 15809 15810 15811 15812 15813 15814 15815 15816 15817 15818 15819 15820 15821 15822 15823 15824 15830 15836 15838 15840 15842 15844 15848 15852 15853 15854 15855 15856 15857 15858 15859 15860 15861 15862 15863 15864 15865 15866 15867 15868 15870 15872 15873 15874 15875 15876 15878 15880 15881 15882 15883 15884 15885 15886 15887 15888 15895 15902 15903 15904 15905 15906 15907 15908 15910 15912 15913 15914 15915 15916 15917 15918 15922 15926 15927 15928 15930 15932 15933 15934 15936 15938 15939 15940 15941 15942 15943 15944 15945 15946 15947 15948 15949 15950 15951 15952 15955 15958 15959 15960 15961 15962 15963 15964 15965 15966 15967 15968 15969 15970 15971 15972 15973 15974 15975 15976 15979 15982 15983 15984 15985 15986 15989 15992 15993 15994 15995 15996 15997 15998 15999 16000 16001 16002 16003 16004 16007 16010 16011 16012 16013 16014 16020 16026 16027 16028 16029 16030 16032 16034 16035 16036 16037 16038 16039 16040 16041 16042 16043 16044 16045 16046 16047 16048 16050 16052 16053 16054 16055 16056 16057 16058 16061 16064 16065 16066 16067 16068 16069 16070 16071 16072 16073 16074 16075 16076 16079 16082 16083 16084 16085 16086 16090 16094 16095 16096 16097 16098 16099 16100 16102 16104 16107 16110 16111 16112 16113 16114 16118 16122 16124 16126 16128 16130 16133 16136 16137 16138 16139 16140 16141 16142 16143 16144 16154 16164 16165 16166 16167 16168 16169 16170 16171 16172 16174 16176 16177 16178 16180 16182 16184 16186 16187 16188 16189 16190 16191 16192 16193 16194 16195 16196 16197 16198 16199 16200 16201 16202 16203 16204 16205 16206 16208 16210 16212 16214 16216 16218 16220 16222 16223 16224 16225 16226 16231 16236 16237 16238 16239 16240 16245 16250 16251 16252 16253 16254 16260 16266 16267 16268 16269 16270 16271 16272 16273 16274 16275 16276 16277 16278 16279 16280 16281 16282 16283 16284 16289 16294 16295 16296 16297 16298 16304 16310 16311 16312 16313 16314 16320 16326 16327 16328 16329 16330 16331 16332 16333 16334 16336 16338 16340 16342 16344 16346 16347 16348 16349 16350 16357 16364 16365 16366 16367 16368 16373 16378 16379 16380 16381 16382 16383 16384 16389 16394 16395 16396 16397 16398 16403 16408 16409 16410 16411 16412 16413 16414 16415 16416 16418 16420 16422 16424 16432 16440 16442 16444 16445 16446 16447 16448 16449 16450 16451 16452 16453 16454 16455 16456 16457 16458 16459 16460 16462 16464 16465 16466 16467 16468 16469 16470 16471 16472 16474 16476 16477 16478 16479 16480 16481 16482 16483 16484 16485 16486 16487 16488 16489 16490 16491 16492 16493 16494 16497 16500 16503 16506 16507 16508 16509 16510 16514 16518 16519 16520 16521 16522 16523 16524 16525 16526 16527 16528 16529 16530 16531 16532 16533 16534 16535 16536 16541 16546 16549 16552 16555 16558 16559 16560 16561 16562 16567 16572 16574 16576 16578 16580 16581 16582 16583 16584 16585 16586 16588 16590 16591 16592 16593 16594 16596 16598 16600 16602 16604 16606 16607 16608 16609 16610 16617 16624 16625 16626 16627 16628 16629 16630 16631 16632 16633 16634 16635 16636 16637 16638 16639 16640 16643 16646 16647 16648 16649 16650 16651 16652 16654 16656 16657 16658 16659 16660 16661 16662 16663 16664 16665 16666 16667 16668 16669 16670 16671 16672 16673 16674 16675 16676 16677 16678 16679 16680 16681 16682 16686 16690 16691 16692 16693 16694 16696 16698 16700 16702 16704 16706 16707 16708 16709 16710 16711 16712 16720 16728 16729 16730 16731 16732 16733 16734 16735 16736 16737 16738 16739 16740 16741 16742 16743 16744 16752 16760 16761 16762 16763 16764 16770 16776 16777 16778 16779 16780 16793 16806 16808 16810 16812 16814 16822 16830 16832 16834 16835 16836 16837 16838 16839 16840 16846 16852 16853 16854 16855 16856 16857 16858 16859 16860 16861 16862 16863 16864 16866 16868 16869 16870 16871 16872 16873 16874 16878 16882 16884 16886 16888 16890 16891 16892 16893 16894 16895 16896 16898 16900 16902 16904 16906 16908 16909 16910 16912 16914 16915 16916 16917 16918 16919 16920 16921 16922 16923 16924 16925 16926 16927 16928 16930 16932 16933 16934 16940 16946 16947 16948 16949 16950 16951 16952 16953 16954 16957 16960 16961 16962 16963 16964 16972 16980 16981 16982 16983 16984 16985 16986 16987 16988 16989 16990 16991 16992 16994 16996 16997 16998 16999 17000 17005 17010 17012 17014 17015 17016 17017 17018 17019 17020 17028 17036 17038 17040 17042 17044 17049 17054 17055 17056 17057 17058 17059 17060 17061 17062 17063 17064 17066 17068 17069 17070 17071 17072 17073 17074 17075 17076 17077 17078 17079 17080 17083 17086 17087 17088 17089 17090 17091 17092 17093 17094 17095 17096 17097 17098 17099 17100 17103 17106 17107 17108 17109 17110 17111 17112 17115 17118 17119 17120 17121 17122 17123 17124 17125 17126 17127 17128 17129 17130 17131 17132 17133 17134 17135 17136 17137 17138 17140 17142 17143 17144 17145 17146 17148 17150 17151 17152 17153 17154 17156 17158 17160 17162 17163 17164 17165 17166 17167 17168 17169 17170 17175 17180 17181 17182 17183 17184 17188 17192 17193 17194 17195 17196 17197 17198 17199 17200 17201 17202 17203 17204 17205 17206 17207 17208 17216 17224 17226 17228 17230 17232 17243 17254 17255 17256 17257 17258 17259 17260 17262 17264 17266 17268 17269 17270 17271 17272 17273 17274 17276 17278 17281 17284 17287 17290 17298 17306 17307 17308 17309 17310 17311 17312 17313 17314 17321 17328 17329 17330 17331 17332 17338 17344 17345 17346 17347 17348 17349 17350 17351 17352 17353 17354 17355 17356 17357 17358 17359 17360 17361 17362 17363 17364 17365 17366 17367 17368 17369 17370 17371 17372 17373 17374 17375 17376 17377 17378 17379 17380 17381 17382 17383 17384 17385 17386 17387 17388 17391 17394 17395 17396 17397 17398 17399 17400 17401 17402 17403 17404 17405 17406 17409 17412 17414 17416 17418 17420 17422 17424 17425 17426 17427 17428 17431 17434 17435 17436 17437 17438 17446 17454 17455 17456 17457 17458 17459 17460 17466 17472 17473 17474 17475 17476 17477 17478 17482 17486 17487 17488 17489 17490 17494 17498 17499 17500 17501 17502 17503 17504 17506 17508 17509 17510 17511 17512 17513 17514 17515 17516 17517 17518 17529 17540 17541 17542 17543 17544 17546 17548 17549 17550 17552 17554 17555 17556 17557 17558 17559 17560 17562 17564 17565 17566 17567 17568 17569 17570 17571 17572 17574 17576 17577 17578 17579 17580 17581 17582 17585 17588 17589 17590 17591 17592 17593 17594 17595 17596 17597 17598 17599 17600 17601 17602 17603 17604 17605 17606 17607 17608 17609 17610 17611 17612 17613 17614 17615 17616 17618 17620 17622 17624 17626 17628 17633 17638 17639 17640 17641 17642 17646 17650 17651 17652 17653 17654 17665 17676 17678 17680 17682 17684 17696 17708 17709 17710 17711 17712 17714 17716 17717 17718 17719 17720 17724 17728 17729 17730 17731 17732 17740 17748 17749 17750 17751 17752 17753 17754 17755 17756 17757 17758 17760 17762 17763 17764 17769 17774 17775 17776 17777 17778 17783 17788 17789 17790 17791 17792 17800 17808 17809 17810 17811 17812 17813 17814 17815 17816 17817 17818 17819 17820 17822 17824 17826 17828 17829 17830 17831 17832 17833 17834 17835 17836 17839 17842 17843 17844 17845 17846 17847 17848 17849 17850 17851 17852 17853 17854 17855 17856 17857 17858 17860 17862 17864 17866 17868 17870 17878 17886 17887 17888 17889 17890 17893 17896 17897 17898 17900 17902 17903 17904 17905 17906 17907 17908 17909 17910 17911 17912 17913 17914 17915 17916 17918 17920 17921 17922 17923 17924 17927 17930 17931 17932 17933 17934 17938 17942 17943 17944 17945 17946 17950 17954 17955 17956 17957 17958 17960 17962 17963 17964 17966 17968 17969 17970 17971 17972 17973 17974 17982 17990 17991 17992 17993 17994 17997 18000 18001 18002 18003 18004 18007 18010 18011 18012 18013 18014 18015 18016 18017 18018 18019 18020 18021 18022 18024 18026 18027 18028 18029 18030 18031 18032 18033 18034 18036 18038 18039 18040 18042 18044 18045 18046 18047 18048 18050 18052 18053 18054 18055 18056 18057 18058 18059 18060 18063 18066 18067 18068 18069 18070 18071 18072 18073 18074 18075 18076 18077 18078 18079 18080 18081 18082 18084 18086 18088 18090 18091 18092 18093 18094 18095 18096 18098 18100 18101 18102 18103 18104 18108 18112 18113 18114 18115 18116 18117 18118 18119 18120 18121 18122 18123 18124 18125 18126 18134 18142 18143 18144 18145 18146 18148 18150 18151 18152 18153 18154 18155 18156 18157 18158 18159 18160 18161 18162 18173 18184 18185 18186 18187 18188 18194 18200 18201 18202 18203 18204 18205 18206 18207 18208 18209 18210 18211 18212 18213 18214 18220 18226 18227 18228 18229 18230 18231 18232 18233 18234 18235 18236 18237 18238 18239 18240 18247 18254 18255 18256 18257 18258 18262 18266 18267 18268 18269 18270 18271 18272 18273 18274 18275 18276 18277 18278 18279 18280 18281 18282 18284 18286 18288 18290 18292 18294 18296 18298 18299 18300 18301 18302 18303 18304 18305 18306 18307 18308 18309 18310 18311 18312 18313 18314 18315 18316 18317 18318 18319 18320 18321 18322 18323 18324 18325 18326 18327 18328 18329 18330 18331 18332 18335 18338 18339 18340 18341 18342 18343 18344 18345 18346 18347 18348 18349 18350 18351 18352 18353 18354 18355 18356 18357 18358 18359 18360 18361 18362 18363 18364 18365 18366 18368 18370 18371 18372 18373 18374 18375 18376 18377 18378 18380 18382 18383 18384 18385 18386 18387 18388 18389 18390 18391 18392 18393 18394 18402 18410 18411 18412 18413 18414 18419 18424 18425 18426 18427 18428 18429 18430 18431 18432 18433 18434 18435 18436 18439 18442 18443 18444 18445 18446 18449 18452 18453 18454 18455 18456 18462 18468 18469 18470 18471 18472 18475 18478 18479 18480 18483 18486 18487 18488 18489 18490 18491 18492 18493 18494 18495 18496 18497 18498 18500 18502 18504 18506 18508 18510 18511 18512 18513 18514 18515 18516 18517 18518 18519 18520 18521 18522 18523 18524 18527 18530 18531 18532 18533 18534 18535 18536 18541 18546 18547 18548 18549 18550 18551 18552 18553 18554 18555 18556 18562 18568 18569 18570 18571 18572 18578 18584 18586 18588 18589 18590 18591 18592 18593 18594 18595 18596 18597 18598 18599 18600 18601 18602 18603 18604 18610 18616 18618 18620 18621 18622 18623 18624 18625 18626 18627 18628 18638 18648 18649 18650 18651 18652 18653 18654 18655 18656 18657 18658 18659 18660 18661 18662 18665 18668 18669 18670 18671 18672 18674 18676 18677 18678 18679 18680 18681 18682 18683 18684 18685 18686 18687 18688 18689 18690 18691 18692 18693 18694 18695 18696 18697 18698 18699 18700 18701 18702 18703 18704 18708 18712 18713 18714 18715 18716 18718 18720 18721 18722 18723 18724 18729 18734 18735 18736 18737 18738 18739 18740 18741 18742 18743 18744 18749 18754 18756 18758 18759 18760 18761 18762 18763 18764 18766 18768 18769 18770 18771 18772 18775 18778 18779 18780 18782 18784 18785 18786 18787 18788 18789 18790 18791 18792 18793 18794 18795 18796 18797 18798 18799 18800 18801 18802 18803 18804 18805 18806 18807 18808 18809 18810 18811 18812 18813 18814 18818 18822 18823 18824 18825 18826 18829 18832 18833 18834 18835 18836 18840 18844 18845 18846 18847 18848 18850 18852 18853 18854 18855 18856 18857 18858 18859 18860 18861 18862 18863 18864 18865 18866 18867 18868 18870 18872 18873 18874 18875 18876 18877 18878 18879 18880 18881 18882 18883 18884 18885 18886 18887 18888 18890 18892 18894 18896 18897 18898 18899 18900 18901 18902 18903 18904 18905 18906 18908 18910 18912 18914 18919 18924 18925 18926 18927 18928 18933 18938 18939 18940 18941 18942 18950 18958 18959 18960 18961 18962 18963 18964 18966 18968 18970 18972 18973 18974 18976 18978 18979 18980 18984 18988 18990 18992 18993 18994 18996 18998 18999 19000 19002 19004 19005 19006 19008 19010 19011 19012 19013 19014 19015 19016 19017 19018 19019 19020 19021 19022 19023 19024 19025 19026 19027 19028 19029 19030 19031 19032 19034 19036 19037 19038 19039 19040 19045 19050 19051 19052 19053 19054 19055 19056 19057 19058 19062 19066 19067 19068 19069 19070 19073 19076 19077 19078 19079 19080 19083 19086 19087 19088 19089 19090 19096 19102 19104 19106 19108 19110 19112 19114 19115 19116 19117 19118 19119 19120 19122 19124 19125 19126 19127 19128 19131 19134 19138 19142 19143 19144 19145 19146 19147 19148 19149 19150 19151 19152 19153 19154 19155 19156 19157 19158 19159 19160 19162 19164 19165 19166 19167 19168 19169 19170 19171 19172 19173 19174 19175 19176 19177 19178 19182 19186 19187 19188 19189 19190 19193 19196 19198 19200 19202 19204 19205 19206 19207 19208 19209 19210 19211 19212 19214 19216 19217 19218 19219 19220 19221 19222 19223 19224 19225 19226 19227 19228 19229 19230 19231 19232 19233 19234 19235 19236 19238 19240 19241 19242 19244 19246 19252 19258 19259 19260 19261 19262 19264 19266 19267 19268 19269 19270 19272 19274 19276 19278 19282 19286 19287 19288 19289 19290 19291 19292 19293 19294 19295 19296 19297 19298 19304 19310 19311 19312 19313 19314 19315 19316 19317 19318 19319 19320 19321 19322 19323 19324 19335 19346 19348 19350 19352 19354 19355 19356 19357 19358 19359 19360 19361 19362 19363 19364 19365 19366 19371 19376 19378 19380 19382 19384 19385 19386 19387 19388 19389 19390 19391 19392 19393 19394 19395 19396 19397 19398 19399 19400 19401 19402 19407 19412 19413 19414 19415 19416 19417 19418 19419 19420 19424 19428 19429 19430 19431 19432 19438 19444 19445 19446 19447 19448 19451 19454 19455 19456 19457 19458 19459 19460 19462 19464 19466 19468 19473 19478 19480 19482 19483 19484 19486 19488 19489 19490 19491 19492 19493 19494 19495 19496 19497 19498 19499 19500 19501 19502 19503 19504 19505 19506 19507 19508 19511 19514 19516 19518 19519 19520 19521 19522 19523 19524 19525 19526 19527 19528 19529 19530 19531 19532 19533 19534 19535 19536 19538 19540 19541 19542 19543 19544 19546 19548 19549 19550 19551 19552 19558 19564 19565 19566 19567 19568 19569 19570 19571 19572 19573 19574 19575 19576 19577 19578 19579 19580 19586 19592 19593 19594 19595 19596 19597 19598 19599 19600 19601 19602 19603 19604 19605 19606 19611 19616 19618 19620 19622 19624 19629 19634 19635 19636 19637 19638 19639 19640 19641 19642 19643 19644 19645 19646 19648 19650 19654 19658 19659 19660 19661 19662 19668 19674 19675 19676 19677 19678 19679 19680 19681 19682 19683 19684 19689 19694 19695 19696 19697 19698 19699 19700 19701 19702 19703 19704 19705 19706 19708 19710 19712 19714 19720 19726 19727 19728 19729 19730 19736 19742 19744 19746 19748 19750 19751 19752 19753 19754 19755 19756 19759 19762 19763 19764 19765 19766 19772 19778 19779 19780 19781 19782 19794 19806 19807 19808 19809 19810 19811 19812 19813 19814 19815 19816 19821 19826 19827 19828 19829 19830 19832 19834 19835 19836 19837 19838 19839 19840 19841 19842 19843 19844 19845 19846 19854 19862 19863 19864 19865 19866 19878 19890 19891 19892 19893 19894 19906 19918 19919 19920 19921 19922 19969 20016 20017 20018 20019 20020 20021 20022 20023 20024 20058 20092 20093 20094 20095 20096 20100 20104 20105 20106 20107 20108 20115 20122 20123 20124 20125 20126 20130 20134 20135 20136 20141 20146 20147 20148 20149 20150 20165 20180 20181 20182 20183 20184 20187 20190 20191 20192 20193 20194 20200 20206 20207 20208 20209 20210 20235 20260 20261 20262 20263 20264 20301 20338 20339 20340 20341 20342 20351 20360 20361 20362 20379 20396 20397 20398 20399 20400 20403 20406 20407 20408 20409 20410 20414 20418 20419 20420 20421 20422 20425 20428 20429 20430 20431 20432 20434 20436 20438 20440 20442 20444 20445 20446 20447 20448 20463 20478 20479 20480 20481 20482 20487 20492 20493 20494 20495 20496 20507 20518 20519 20520 20521 20522 20527 20532 20533 20534 20535 20536 20538 20540 20541 20542 20543 20544 20552 20560 20561 20562 20563 20564 20573 20582 20583 20584 20585 20586 20603 20620 20621 20622 20623 20624 20629 20634 20635 20636 20637 20638 20644 20650 20651 20652 20653 20654 20657 20660 20661 20662 20663 20664 20668 20672 20673 20674 20675 20676 20710 20744 20745 20746 20747 20748 20753 20758 20759 20760 20761 20762 20765 20768 20769 20770 20771 20772 20773 20774 20775 20776 20777 20778 20779 20780 20781 20782 20787 20792 20793 20794 20795 20796 20801 20806 20807 20808 20809 20810 20815 20820 20822 20824 20826 20828 20829 20830 20831 20832 20833 20834 20837 20840 20841 20842 20843 20844 20846 20848 20849 20850 20851 20852 20853 20854 20855 20856 20857 20858 20860 20862 20863 20864 20865 20866 20884 20902 20903 20904 20905 20906 20908 20910 20911 20912 20913 20914 20915 20916 20917 20918 20919 20920 20931 20942 20943 20944 20945 20946 20948 20950 20952 20954 20958 20962 20963 20964 20965 20966 20970 20974 20975 20976 20977 20978 20981 20984 20985 20986 20987 20988 20996 21004 21005 21006 21007 21008 21023 21038 21039 21040 21041 21042 21043 21044 21045 21046 21058 21070 21071 21072 21073 21074 21077 21080 21082 21084 21086 21088 21092 21096 21098 21100 21102 21104 21114 21124 21125 21126 21127 21128 21136 21144 21145 21146 21147 21148 21184 21220 21221 21222 21223 21224 21231 21238 21239 21240 21241 21242 21245 21248 21250 21252 21253 21254 21256 21258 21259 21260 21262 21264 21265 21266 21267 21268 21273 21278 21279 21280 21281 21282 21285 21288 21289 21290 21291 21292 21306 21320 21321 21322 21323 21324 21340 21356 21357 21358 21359 21360 21361 21362 21363 21364 21368 21372 21373 21374 21375 21376 21393 21410 21411 21412 21413 21414 21432 21450 21451 21452 21453 21454 21519 21584 21585 21586 21587 21588 21605 21622 21623 21624 21625 21626 21637 21648 21649 21650 21654 21658 21659 21660 21661 21662 21676 21690 21691 21692 21693 21694 21696 21698 21699 21700 21701 21702 21710 21718 21719 21720 21721 21722 21724 21726 21727 21728 21729 21730 21731 21732 21733 21734 21735 21736 21740 21744 21745 21746 21747 21748 21752 21756 21757 21758 21759 21760 21794 21828 21829 21830 21831 21832 21856 21880 21881 21882 21883 21884 21891 21898 21900 21902 21904 21906 21917 21928 21929 21930 21931 21932 21959 21986 21988 21990 21992 21994 22000 22006 22007 22008 22009 22010 22011 22012 22013 22014 22015 22016 22051 22086 22087 22088 22089 22090 22096 22102 22103 22104 22105 22106 22109 22112 22113 22114 22115 22116 22150 22184 22185 22186 22187 22188 22189 22190 22191 22192 22233 22274 22275 22276 22277 22278 22279 22280 22282 22284 22286 22288 22304 22320 22321 22322 22323 22324 22326 22328 22329 22330 22331 22332 22346 22360 22361 22362 22363 22364 22387 22410 22411 22412 22413 22414 22436 22458 22459 22460 22461 22462 22474 22486 22487 22488 22489 22490 22515 22540 22541 22542 22543 22544 22560 22576 22577 22578 22579 22580 22584 22588 22589 22590 22591 22592 22597 22602 22603 22604 22605 22606 22639 22672 22673 22674 22675 22676 22703 22730 22731 22732 22733 22734 22736 22738 22739 22740 22741 22742 22745 22748 22749 22750 22751 22752 22753 22754 22755 22756 22757 22758 22796 22834 22835 22836 22837 22838 22839 22840 22841 22842 22843 22844 22846 22848 22849 22850 22851 22852 22865 22878 22879 22880 22881 22882 22887 22892 22893 22894 22895 22896 22903 22910 22911 22912 22913 22914 22918 22922 22923 22924 22925 22926 22927 22928 22947 22966 22967 22968 22969 22970 22978 22986 22988 22990 22992 22994 23000 23006 23007 23008 23009 23010 23011 23012 23021 23030 23032 23034 23036 23038 23044 23050 23051 23052 23053 23054 23056 23058 23060 23062 23093 23124 23127 23130 23131 23132 23133 23134 23138 23142 23143 23144 23145 23146 23153 23160 23161 23162 23163 23164 23186 23208 23210 23212 23214 23216 23217 23218 23219 23220 23221 23222 23224 23226 23227 23228 23229 23230 23231 23232 23234 23236 23238 23240 23245 23250 23251 23252 23254 23256 23257 23258 23259 23260 23262 23264 23265 23266 23267 23268 23270 23272 23273 23274 23275 23276 23278 23280 23282 23284 23286 23288 23296 23304 23305 23306 23307 23308 23323 23338 23339 23340 23341 23342 23361 23380 23381 23382 23383 23384 23389 23394 23395 23396 23397 23398 23399 23400 23403 23406 23409 23412 23415 23418 23419 23420 23421 23422 23427 23432 23433 23434 23435 23436 23443 23450 23451 23452 23453 23454 23455 23456 23458 23460 23463 23466 23467 23468 23469 23470 23471 23472 23473 23474 23475 23476 23488 23500 23501 23502 23503 23504 23512 23520 23521 23522 23523 23524 23525 23526 23528 23530 23531 23532 23533 23534 23542 23550 23551 23552 23553 23554 23556 23558 23559 23560 23561 23562 23563 23564 23565 23566 23570 23574 23577 23580 23583 23586 23588 23590 23591 23592 23593 23594 23595 23596 23597 23598 23599 23600 23610 23620 23621 23622 23623 23624 23635 23646 23647 23648 23649 23650 23657 23664 23665 23666 23667 23668 23671 23674 23675 23676 23677 23678 23681 23684 23685 23686 23687 23688 23691 23694 23696 23698 23700 23702 23706 23710 23711 23712 23713 23714 23723 23732 23733 23734 23735 23736 23754 23772 23774 23776 23778 23780 23791 23802 23803 23804 23805 23806 23815 23824 23826 23828 23830 23832 23839 23846 23848 23850 23852 23854 23855 23856 23858 23860 23862 23864 23870 23876 23877 23878 23879 23880 23896 23912 23913 23914 23915 23916 23919 23922 23923 23924 23925 23926 23928 23930 23931 23932 23933 23934 23939 23944 23945 23946 23947 23948 23958 23968 23969 23970 23971 23972 23975 23978 23980 23982 23984 23986 23989 23992 23993 23994 23995 23996 24000 24004 24007 24010 24013 24016 24017 24018 24019 24020 24021 24022 24034 24046 24047 24048 24049 24050 24060 24070 24071 24072 24073 24074 24076 24078 24079 24080 24081 24082 24091 24100 24101 24102 24103 24104 24106 24108 24109 24110 24111 24112 24114 24116 24117 24118 24119 24120 24127 24134 24136 24138 24140 24142 24173 24204 24205 24206 24215 24224 24225 24226 24227 24228 24229 24230 24231 24232 24233 24234 24241 24248 24249 24250 24251 24252 24266 24280 24282 24284 24286 24288 24289 24290 24291 24292 24293 24294 24295 24296 24297 24298 24299 24300 24301 24302 24303 24304 24305 24306 24311 24316 24317 24318 24319 24320 24322 24324 24325 24326 24327 24328 24330 24332 24333 24334 24335 24336 24340 24344 24345 24346 24347 24348 24350 24352 24353 24354 24355 24356 24357 24358 24359 24360 24361 24362 24376 24390 24391 24392 24393 24394 24395 24396 24397 24398 24399 24400 24403 24406 24407 24408 24409 24410 24414 24418 24419 24420 24421 24422 24431 24440 24442 24444 24446 24448 24449 24450 24451 24452 24453 24454 24457 24460 24461 24462 24463 24464 24466 24468 24469 24470 24471 24472 24473 24474 24476 24478 24480 24482 24484 24486 24488 24490 24498 24506 24508 24510 24512 24514 24525 24536 24537 24538 24539 24540 24541 24542 24543 24544 24545 24546 24554 24562 24563 24564 24565 24566 24577 24588 24589 24590 24591 24592 24604 24616 24617 24618 24619 24620 24622 24624 24625 24626 24627 24628 24631 24634 24635 24636 24637 24638 24649 24660 24661 24662 24663 24664 24670 24676 24677 24678 24679 24680 24686 24692 24693 24694 24695 24696 24697 24698 24747 24796 24797 24798 24799 24800 24994 25188 25189 25190 25191 25192 25251 25310 25330 25350 25351 25352 25353 25354 25359 25364 25366 25368 25370 25372 25382 25392 25394 25396 25397 25398 25399 25400 25402 25404 25405 25406 25407 25408 25434 25460 25461 25462 25463 25464 25470 25476 25479 25482 25485 25488 25498 25508 25509 25510 25511 25512 25526 25540 25541 25542 25544 25546 25547 25548 25549 25550 25551 25552 25554 25556 25558 25560 25564 25568 25570 25572 25573 25574 25576 25578 25579 25580 25581 25582 25583 25584 25585 25586 25595 25604 25605 25606 25607 25608 25612 25616 25617 25618 25619 25620 25627 25634 25635 25636 25637 25638 25648 25658 25659 25660 25661 25662 25663 25664 25667 25670 25673 25676 25680 25684 25685 25686 25687 25688 25693 25698 25699 25700 25701 25702 25709 25716 25717 25718 25719 25720 25725 25730 25731 25732 25733 25734 25742 25750 25751 25752 25755 25758 25768 25778 25780 25782 25783 25784 25786 25788 25789 25790 25795 25800 25801 25802 25803 25804 25810 25816 25817 25818 25819 25820 25821 25822 25823 25824 25825 25826 25828 25830 25831 25832 25833 25834 25845 25856 25858 25860 25862 25864 25865 25866 25867 25868 25872 25876 25877 25878 25879 25880 25903 25926 25927 25928 25929 25930 25934 25938 25939 25940 25941 25942 25948 25954 25955 25956 25957 25958 25959 25960 25961 25962 25963 25964 25965 25966 25967 25968 25969 25970 25996 26022 26023 26024 26025 26026 26027 26028 26029 26030 26031 26032 26036 26040 26042 26044 26046 26048 26049 26050 26051 26052 26053 26054 26059 26064 26066 26068 26070 26072 26078 26084 26085 26086 26087 26088 26092 26096 26098 26100 26102 26104 26113 26122 26123 26124 26125 26126 26167 26208 26209 26210 26211 26212 26216 26220 26221 26222 26223 26224 26228 26232 26233 26234 26235 26236 26244 26252 26253 26254 26255 26256 26260 26264 26265 26266 26267 26268 26271 26274 26275 26276 26277 26278 26286 26294 26295 26296 26297 26298 26306 26314 26315 26316 26317 26318 26321 26324 26371 26418 26426 26434 26487 26540 26541 26542 26543 26544 26553 26562 26563 26564 26565 26566 26618 26670 26682 26694 26695 26696 26697 26698 26736 26774 26775 26776 26777 26778 26782 26786 26787 26788 26789 26790 26791 26792 26794 26796 26797 26798 26800 26802 26829 26856 26857 26858 26859 26860 26862 26864 26865 26866 26867 26868 26870 26872 26873 26874 26875 26876 26895 26914 26915 26916 26917 26918 26921 26924 26925 26926 26927 26928 26929 26930 26931 26932 26933 26934 26939 26944 26945 26946 26957 26968 26969 26970 26971 26972 26978 26984 26985 26986 26987 26988 26995 27002 27003 27004 27005 27006 27025 27044 27045 27046 27063 27080 27081 27082 27083 27084 27131 27178 27180 27182 27183 27184 27188 27192 27193 27194 27195 27196 27204 27212 27213 27214 27215 27216 27222 27228 27229 27230 27231 27232 27243 27254 27255 27256 27257 27258 27269 27280 27281 27282 27283 27284 27286 27288 27289 27290 27291 27292 27293 27294 27299 27304 27305 27306 27307 27308 27319 27330 27331 27332 27333 27334 27335 27336 27341 27346 27347 27348 27349 27350 27351 27352 27353 27354 27355 27356 27357 27358 27359 27360 27361 27362 27382 27402 27403 27404 27405 27406 27410 27414 27416 27418 27420 27422 27434 27446 27447 27448 27449 27450 27454 27458 27836 28214 28244 28274 28275 28276 28277 28278 28283 28288 28289 28290 28291 28292 28295 28298 28299 28300 28301 28302 28304 28306 28307 28308 28309 28310 28315 28320 28321 28322 28323 28324 28329 28334 28335 28336 28337 28338 28343 28348 28350 28352 28354 28356 28361 28366 28367 28368 28369 28370 28372 28374 28375 28376 28377 28378 28385 28392 28393 28394 28395 28396 28399 28402 28403 28404 28405 28406 28417 28428 28429 28430 28431 28432 28448 28464 28465 28466 28467 28468 28474 28480 28481 28482 28483 28484 28488 28492 28493 28494 28495 28496 28499 28502 28503 28504 28505 28506 28514 28522 28523 28524 28525 28526 28539 28552 28553 28554 28555 28556 28557 28558 28559 28560 28561 28562 28563 28564 28565 28566 28578 28590 28591 28592 28593 28594 28597 28600 28602 28604 28606 28608 28624 28640 28641 28642 28643 28644 28645 28646 28647 28648 28684 28720 28721 28722 28723 28724 28739 28754 28755 28756 28757 28758 28761 28764 28766 28768 28770 28772 28775 28778 28779 28780 28781 28782 28786 28790 28791 28792 28793 28794 28795 28796 28797 28798 28801 28804 28805 28806 28807 28808 28833 28858 28859 28860 28861 28862 28867 28872 28873 28874 28875 28876 28881 28886 28887 28888 28889 28890 28907 28924 28925 28926 28927 28928 28929 28930 28931 28932 28933 28934 28943 28952 28953 28954 28955 28956 28962 28968 28969 28970 28971 28972 28973 28974 28975 28976 28977 28978 29059 29140 29141 29142 29143 29144 29163 29182 29183 29184 29185 29186 29197 29208 29209 29210 29211 29212 29214 29216 29217 29218 29219 29220 29231 29242 29243 29244 29245 29246 29247 29248 29249 29250 29251 29252 29256 29260 29261 29262 29263 29264 29268 29272 29273 29274 29275 29276 29296 29316 29317 29318 29319 29320 29332 29344 29345 29346 29347 29348 29349 29350 29351 29352 29376 29400 29401 29402 29403 29404 29411 29418 29420 29422 29424 29426 29433 29440 29441 29442 29443 29444 29448 29452 29453 29454 29455 29456 29464 29472 29473 29474 29475 29476 29484 29492 29494 29496 29498 29500 29507 29514 29516 29518 29520 29522 29530 29538 29539 29540 29541 29542 29557 29572 29573 29574 29575 29576 29581 29586 29587 29588 29589 29590 29603 29616 29617 29618 29619 29620 29626 29632 29633 29634 29635 29636 29639 29642 29643 29644 29645 29646 29673 29700 29701 29702 29703 29704 29710 29716 29717 29718 29719 29720 29731 29742 29743 29744 29745 29746 29776 29806 29807 29808 29809 29810 29811 29812 29814 29816 29818 29820 29836 29852 29853 29854 29855 29856 29873 29890 29891 29892 29893 29894 29940 29986 29987 29988 29989 29990 30024 30058 30059 30060 30061 30062 30064 30066 30067 30068 30069 30070 30087 30104 30105 30106 30107 30108 30112 30116 30117 30118 30119 30120 30159 30198 30199 30200 30201 30202 30224 30246 30247 30248 30249 30250 30254 30258 30259 30260 30261 30262 30264 30266 30267 30268 30269 30270 30271 30272 30273 30274 30276 30278 30279 30280 30281 30282 30283 30284 30285 30286 30287 30288 30297 30306 30307 30308 30309 30310 30315 30320 30321 30322 30323 30324 30327 30330 30331 30332 30333 30334 30352 30370 30371 30372 30373 30374 30375 30376 30377 30378 30379 30380 30381 30382 30384 30386 30387 30388 30389 30390 30391 30392 30405 30418 30419 30420 30421 30422 30427 30432 30433 30434 30435 30436 30443 30450 30451 30452 30453 30454 30458 30462 30463 30464 30465 30466 30467 30468 30492 30516 30517 30518 30519 30520 30523 30526 30528 30530 30532 30534 30540 30546 30571 30596 30597 30598 30599 30600 30627 30654 30655 30656 30657 30658 30686 30714 30715 30716 30717 30718 30723 30728 30729 30730 30731 30732 30733 30734 30735 30736 30737 30738 30761 30784 30785 30786 30787 30788 30789 30790 30791 30792 30802 30812 30813 30814 30815 30816 30817 30818 30819 30820 30821 30822 30832 30842 30843 30844 30845 30846 30873 30900 30901 30902 30903 30904 30908 30912 30913 30914 30915 30916 30918 30920 30921 30922 30923 30924 30951 30978 30979 30980 30981 30982 30984 30986 30987 30988 30989 30990 31001 31012 31013 31014 31015 31016 31017 31018 31019 31020 31022 31024 31025 31026 31027 31028 31029 31030 31033 31036 31037 31038 31039 31040 31041 31042 31043 31044 31045 31046 31052 31058 31059 31060 31061 31062 31079 31096 31097 31098 31099 31100 31113 31126 31127 31128 31129 31130 31132 31134 31136 31138 31140 31142 31143 31144 31145 31146 31164 31182 31184 31186 31187 31188 31195 31202 31203 31204 31205 31206 31209 31212 31213 31214 31216 31218 31219 31220 31222 31224 31284 31344 31345 31346 31347 31348 31357 31366 31367 31368 31369 31370 31377 31384 31385 31386 31387 31388 31403 31418 31419 31420 31421 31422 31424 31426 31427 31428 31429 31430 31447 31464 31465 31466 31467 31468 31473 31478 31479 31480 31481 31482 31510 31538 31540 31542 31544 31546 31582 31618 31619 31620 31621 31622 31623 31624 31625 31626 31650 31674 31675 31676 31677 31678 31680 31682 31683 31684 31685 31686 31694 31702 31703 31704 31705 31706 31720 31734 31735 31736 31737 31738 31739 31740 31741 31742 31755 31768 31769 31770 31771 31772 31773 31774 31776 31778 31783 31788 31789 31790 31791 31792 31798 31804 31805 31806 31807 31808 31810 31812 31813 31814 31815 31816 31817 31818 31819 31820 31824 31828 31829 31830 31831 31832 31838 31844 31845 31846 31847 31848 31849 31850 31851 31852 31858 31864 31865 31866 31867 31868 31869 31870 31871 31872 31881 31890 31891 31892 31893 31894 31898 31902 31903 31904 31905 31906 31914 31922 31923 31924 31925 31926 31928 31930 31931 31932 31933 31934 31936 31938 31939 31940 31942 31944 31946 31948 31950 31952 31953 31954 31955 31956 31957 31958 31959 31960 31961 31962 31963 31964 31966 31968 31971 31974 31977 31980 31987 31994 31995 31996 31997 31998 32001 32004 32005 32006 32007 32008 32010 32012 32013 32014 32015 32016 32021 32026 32027 32028 32029 32030 32031 32032 32033 32034 32035 32036 32037 32038 32039 32040 32041 32042 32061 32080 32081 32082 32083 32084 32085 32086 32087 32088 32089 32090 32093 32096 32097 32098 32099 32100 32101 32102 32103 32104 32105 32106 32111 32116 32117 32118 32119 32120 32123 32126 32129 32132 32135 32138 32143 32148 32149 32150 32151 32152 32153 32154 32155 32156 32157 32158 32159 32160 32162 32164 32165 32166 32167 32168 32169 32170 32174 32178 32179 32180 32181 32182 32191 32200 32201 32202 32203 32204 32205 32206 32207 32208 32209 32210 32218 32226 32227 32228 32229 32230 32241 32252 32254 32256 32258 32260 32261 32262 32264 32266 32268 32270 32275 32280 32284 32288 32292 32296 32297 32298 32299 32300 32301 32302 32308 32314 32316 32318 32320 32322 32326 32330 32331 32332 32333 32334 32344 32354 32355 32356 32357 32358 32366 32374 32377 32380 32383 32386 32387 32388 32390 32392 32394 32396 32397 32398 32399 32400 32401 32402 32406 32410 32412 32414 32416 32418 32419 32420 32421 32422 32423 32424 32426 32428 32429 32430 32431 32432 32441 32450 32451 32452 32453 32454 32455 32456 32457 32458 32459 32460 32476 32492 32494 32496 32498 32500 32507 32514 32515 32516 32517 32518 32521 32524 32525 32526 32527 32528 32537 32546 32548 32550 32552 32554 32560 32566 32569 32572 32575 32578 32579 32580 32582 32584 32586 32588 32594 32600 32601 32602 32603 32604 32610 32616 32618 32620 32622 32624 32625 32626 32627 32628 32629 32630 32633 32636 32637 32638 32639 32640 32646 32652 32653 32654 32655 32656 32660 32664 32665 32666 32667 32668 32671 32674 32675 32676 32677 32678 32681 32684 32685 32686 32687 32688 32689 32690 32691 32692 32693 32694 32696 32698 32699 32700 32701 32702 32707 32712 32715 32718 32721 32724 32731 32738 32740 32742 32744 32746 32762 32778 32779 32780 32781 32782 32783 32784 32785 32786 32787 32788 32791 32794 32795 32796 32797 32798 32801 32804 32805 32806 32807 32808 32821 32834 32835 32836 32837 32838 32842 32846 32847 32848 32849 32850 32858 32866 32867 32868 32869 32870 32910 32950 32952 32954 32956 32958 32980 33002 33003 33004 33005 33006 33008 33010 33011 33012 33013 33014 33015 33016 33017 33018 33019 33020 33021 33022 33023 33024 33025 33026 33027 33028 33029 33030 33031 33032 33037 33042 33044 33046 33048 33050 33067 33084 33085 33086 33087 33088 33093 33098 33439 33780 33790 33800 33801 33802 33803 33804 33806 33808 33809 33810 33811 33812 33825 33838 33839 33840 33841 33842 33843 33844 33845 33846 33847 33848 33855 33862 33863 33864 33865 33866 33869 33872 33873 33874 33875 33876 33879 33882 33883 33884 33885 33886 33887 33888 33889 33890 33932 33974 33975 33976 33977 33978 33988 33998 33999 34000 34001 34002 34009 34016 34017 34018 34019 34020 34031 34042 34043 34044 34045 34046 34051 34056 34057 34058 34059 34060 34063 34066 34067 34068 34069 34070 34072 34074 34075 34076 34077 34078 34104 34130 34132 34134 34136 34138 34156 34174 34175 34176 34177 34178 34180 34182 34183 34184 34185 34186 34200 34214 34215 34216 34217 34218 34255 34292 34293 34294 34295 34296 34297 34298 34299 34300 34307 34314 34315 34316 34317 34318 34321 34324 34325 34326 34327 34328 34352 34376 34377 34378 34379 34380 34399 34418 34419 34420 34421 34422 34423 34424 34425 34426 34427 34428 34435 34442 34443 34444 34446 34448 34449 34450 34451 34452 34453 34454 34455 34456 34457 34458 34471 34484 34485 34486 34487 34488 34490 34492 34493 34494 34495 34496 34530 34564 34565 34566 34567 34568 34575 34582 34583 34584 34585 34586 34587 34588 34589 34590 34591 34592 34599 34606 34607 34608 34609 34610 34618 34626 34627 34628 34629 34630 34648 34666 34667 34668 34669 34670 34677 34684 34783 34882 34883 34884 34885 34886 34933 34980 34981 34982 34983 34984 35085 35186 35187 35188 35189 35190 35191 35192 35193 35194 35195 35196 35257 35318 35319 35320 35321 35322 35377 35432 35433 35434 35435 35436 35530 35624 35625 35626 35627 35628 35631 35634 35635 35636 35637 35638 35680 35722 35723 35724 35725 35726 35747 35768 35769 35770 35771 35772 35783 35794 35795 35796 35797 35798 35827 35856 35858 35860 35862 35864 35870 35876 35877 35878 35885 35892 35893 35894 35895 35896 35901 35906 35907 35908 35909 35910 35913 35916 35918 35920 35922 35924 35927 35930 35931 35932 35933 35934 35943 35952 35953 35954 35955 35956 35957 35958 35959 35960 35962 35964 35965 35966 35967 35968 36024 36080 36081 36082 36083 36084 36097 36110 36111 36112 36113 36114 36125 36136 36137 36138 36139 36140 36141 36142 36143 36144 36145 36146 36149 36152 36153 36154 36155 36156 36160 36164 36165 36166 36167 36168 36172 36176 36178 36180 36182 36184 36186 36188 36189 36190 36191 36192 36196 36200 36201 36202 36203 36204 36214 36224 36225 36226 36227 36228 36233 36238 36239 36240 36241 36242 36259 36276 36278 36280 36282 36284 36285 36286 36287 36288 36289 36290 36307 36324 36325 36326 36327 36328 36329 36330 36360 36390 36392 36394 36396 36398 36399 36400 36402 36404 36406 36408 36434 36460 36461 36462 36463 36464 36482 36500 36501 36502 36503 36504 36509 36514 36516 36518 36520 36522 36533 36544 36545 36546 36547 36548 36553 36558 36559 36560 36561 36562 36563 36564 36565 36566 36571 36576 36577 36578 36579 36580 36584 36588 36589 36590 36591 36592 36604 36616 36617 36618 36619 36620 36628 36636 36637 36638 36639 36640 36656 36672 36675 36678 36681 36684 36697 36710 36711 36712 36713 36714 36718 36722 36723 36724 36725 36726 36728 36730 36731 36732 36733 36734 36736 36738 36739 36740 36741 36742 36756 36770 36771 36772 36773 36774 36779 36784 36785 36786 36792 36798 36799 36800 36801 36802 36805 36808 36810 36812 36814 36816 36841 36866 36867 36868 36869 36870 36873 36876 36877 36878 36879 36880 36924 36968 36969 36970 36971 36972 36973 36974 36975 36976 36977 36978 36979 36980 36994 37008 37009 37010 37011 37012 37024 37036 37037 37038 37039 37040 37049 37058 37059 37060 37061 37062 37064 37066 37067 37068 37069 37070 37074 37078 37080 37082 37084 37086 37095 37104 37105 37106 37107 37108 37112 37116 37117 37118 37119 37120 37131 37142 37158 37174 37175 37176 37177 37178 37284 37390 37391 37392 37393 37394 37440 37486 37494 37502 37508 37514 37520 37526 37527 37528 37529 37530 37531 37532 37536 37540 37541 37542 37543 37544 37546 37548 37549 37550 37551 37552 37554 37556 37558 37560 37562 37564 37572 37580 37581 37582 37583 37584 37585 37586 37587 37588 37589 37590 37612 37634 37635 37636 37637 37638 37639 37640 37641 37642 37643 37644 37664 37684 37685 37686 37687 37688 37696 37704 37705 37706 37707 37708 37742 37776 37777 37778 37779 37780 37804 37828 37829 37830 37831 37832 37862 37892 37893 37894 37895 37896 37928 37960 37961 37962 37963 37964 37979 37994 37995 37996 37997 37998 38002 38006 38007 38008 38009 38010 38013 38016 38017 38018 38019 38020 38021 38022 38023 38024 38031 38038 38039 38040 38041 38042 38078 38114 38115 38116 38117 38118 38135 38152 38153 38154 38155 38156 38165 38174 38175 38176 38177 38178 38190 38202 38203 38204 38205 38206 38227 38248 38249 38250 38251 38252 38265 38278 38279 38280 38281 38282 38333 38384 38385 38386 38387 38388 38410 38432 38433 38434 38435 38436 38440 38444 38445 38446 38447 38448 38450 38452 38453 38454 38455 38456 38457 38458 38461 38464 38465 38466 38467 38468 38469 38470 38471 38472 38473 38474 38475 38476 38477 38478 38482 38486 38487 38488 38489 38490 38503 38516 38517 38518 38519 38520 38523 38526 38527 38528 38529 38530 38543 38556 38557 38558 38559 38560 38561 38562 38563 38564 38565 38566 38568 38570 38571 38572 38573 38574 38587 38600 38601 38602 38603 38604 38609 38614 38615 38616 38617 38618 38625 38632 38633 38634 38635 38636 38637 38638 38809 38980 38983 38986 38987 38988 38989 38990 39032 39074 39075 39076 39077 39078 39083 39088 39089 39090 39091 39092 39104 39116 39117 39118 39119 39120 39131 39142 39143 39144 39145 39146 39148 39150 39151 39152 39153 39154 39155 39156 39157 39158 39159 39160 39161 39162 39163 39164 39167 39170 39171 39172 39173 39174 39182 39190 39191 39192 39193 39194 39214 39234 39236 39238 39240 39242 39251 39260 39261 39262 39263 39264 39289 39314 39316 39318 39320 39322 39323 39324 39325 39326 39327 39328 39351 39374 39376 39378 39380 39382 39391 39400 39401 39402 39403 39404 39405 39406 39407 39408 39416 39424 39425 39426 39427 39428 39456 39484 39485 39486 39487 39488 39504 39520 39522 39524 39526 39528 39531 39534 39535 39536 39537 39538 39545 39552 39553 39554 39555 39556 39570 39584 39585 39586 39587 39588 39589 39590 39591 39592 39593 39594 39596 39598 39599 39600 39601 39602 39619 39636 39637 39638 39639 39640 39663 39686 39688 39690 39692 39694 39703 39712 39713 39714 39715 39716 39724 39732 39733 39734 39735 39736 39763 39790 39791 39792 39793 39794 39816 39838 39839 39840 39841 39842 39857 39872 39873 39874 39875 39876 39893 39910 39911 39912 39913 39914 39925 39936 39937 39938 39939 39940 39941 39942 39943 39944 39958 39972 39973 39974 39975 39976 39987 39998 39999 40000 40001 40002 40004 40006 40007 40008 40009 40010 40021 40032 40033 40034 40035 40036 40056 40076 40077 40078 40079 40080 40092 40104 40105 40106 40107 40108 40133 40158 40159 40160 40161 40162 40169 40176 40178 40180 40182 40184 40191 40198 40199 40200 40201 40202 40206 40210 40211 40212 40213 40214 40222 40230 40231 40232 40233 40234 40242 40250 40252 40254 40256 40258 40265 40272 40274 40276 40278 40280 40288 40296 40297 40298 40299 40300 40317 40334 40335 40336 40337 40338 40341 40344 40345 40346 40347 40348 40385 40422 40424 40426 40428 40430 40431 40432 40433 40434 40435 40436 40447 40458 40459 40460 40461 40462 40468 40474 40475 40476 40477 40478 40489 40500 40501 40502 40503 40504 40534 40564 40565 40566 40567 40568 40569 40570 40572 40574 40576 40578 40594 40610 40611 40612 40613 40614 40655 40696 40697 40698 40699 40700 40735 40770 40771 40772 40773 40774 40810 40846 40847 40848 40849 40850 40860 40870 40871 40872 40873 40874 40957 41040 41041 41042 41043 41044 41094 41144 41145 41146 41147 41148 41212 41276 41277 41278 41279 41280 41287 41294 41295 41296 41297 41298 41322 41346 41348 41350 41352 41354 41360 41366 41367 41368 41369 41370 41374 41378 41379 41380 41381 41382 41440 41498 41499 41500 41501 41502 41513 41524 41525 41526 41527 41528 41622 41716 41717 41718 41719 41720 41728 41736 44812 0 3613 41736 42246
0 4797 9594 9607 9620 9621 9622 9623 9624 9666 9708 9709 9710 9711 9712 9713 9714 9716 9718 9720 9722 9738 9754 9755 9756 9757 9758 9878 9998 9999 10000 10001 10002 10006 10010 10011 10012 10013 10014 10053 10092 10093 10094 10095 10096 10123 10150 10151 10152 10153 10154 10156 10158 10159 10160 10161 10162 10165 10168 10169 10170 10171 10172 10173 10174 10175 10176 10177 10178 10216 10254 10255 10256 10257 10258 10259 10260 10261 10262 10263 10264 10266 10268 10269 10270 10271 10272 10274 10276 13520 4797 8096 13520 14095
0 3415 6830 6834 6838 6839 6840 6841 6842 6870 6898 6899 6900 6901 6902 6906 6910 6911 6912 6913 6914 6922 6930 6931 6932 6933 6934 6935 6936 6937 6938 6939 6940 6973 7006 7008 7010 7012 7014 7021 7028 7030 7032 7034 7036 7040 7044 7045 7046 7047 7048 7055 7062 7063 7064 7065 7066 7081 7096 7097 7098 7099 7100 7135 7170 7171 7172 7173 7174 7201 7228 7229 7230 7231 7232 7235 7238 7239 7240 7241 7242 7305 7368 7369 7370 7371 7372 7405 7438 7439 7440 7441 7442 7478 7514 7515 7516 7517 7518 7535 7552 7553 7554 7555 7556 7563 7570 7571 7572 7573 7574 7579 7584 7585 7586 7587 7588 7608 7628 7629 7630 7631 7632 7641 7650 7651 7652 7653 7654 7656 7658 7660 7662 7705 7748 7749 7750 7751 7752 7754 7756 7757 7758 7759 7760 7775 7790 7791 7792 7793 7794 7805 7816 7817 7818 7819 7820 7842 7864 7865 7866 7867 7868 7894 7920 7921 7922 7923 7924 7937 7950 7952 7954 7956 7958 7980 8002 8003 8004 8018 8032 8033 8034 8035 8036 8083 8130 8131 8132 8133 8134 8156 8178 8179 8180 8181 8182 8186 8190 8191 8192 8193 8194 8195 8196 8197 8198 8199 8200 8204 8208 8209 8210 8211 8212 8223 8234 8235 8236 8237 8238 8240 8242 8243 8244 8245 8246 8263 8280 8281 8282 8283 8284 8289 8294 8295 8296 8297 8298 8299 8300 8301 8302 8303 8304 8331 8358 8360 8362 8364 8366 8400 8434 8435 8436 8437 8438 8440 8442 8443 8444 8445 8446 8469 8492 8493 8494 8495 8496 8498 8500 8501 8502 8503 8504 8527 8550 8551 8552 8553 8554 8555 8556 8558 8560 8562 8564 8567 8570 8571 8572 8573 8574 8581 8588 8589 8590 8591 8592 8598 8604 8605 8606 8607 8608 8614 8620 8621 8622 8623 8624 8629 8634 8635 8636 8637 8638 8640 8642 8643 8644 8645 8646 8652 8658 8659 8660 8661 8662 8669 8676 8678 8680 8682 8684 8693 8702 8703 8704 8705 8706 8710 8714 8715 8716 8717 8718 8729 8740 8910 9080 9088 9096 9102 9108 9114 9120 9121 9122 9123 9124 9125 9126 9130 9134 9135 9136 9137 9138 9140 9142 9143 9144 9145 9146 9148 9150 9152 9154 9156 9158 9166 9174 9175 9176 9177 9178 9179 9180 9181 9182 9183 9184 9192 9200 9201 9202 9203 9204 9225 9246 9247 9248 9249 9250 9273 9296 9297 9298 9299 9300 9302 9304 9306 9308 9310 9312 9320 9328 9329 9330 9331 9332 9339 9346 9347 9348 9349 9350 9356 9362 9363 9364 9365 9366 9413 9460 9461 9462 9463 9464 9482 9500 9501 9502 9503 9504 9541 9578 9579 9580 9581 9582 9586 9590 9591 9592 9593 9594 9595 9596 9598 9600 9602 9604 9611 9618 9692 9766 9767 9768 9769 9770 9797 9824 9825 9826 9846 9866 9868 9870 9872 9874 9879 9884 9885 9886 9887 9888 9892 9896 9897 9898 9899 9900 9983 10066 10067 10068 10069 10070 10087 10104 10105 10106 10138 10170 10171 10172 10173 10174 10220 10266 10267 10268 10269 10270 10287 10304 10305 10306 10307 10308 10315 10322 10323 10324 10356 10388 10389 10390 10407 10424 10425 10426 10427 10428 10485 10542 10543 10544 10545 10546 10626 10706 10707 10708 10721 10734 10735 10736 10737 10738 10754 10770 10771 10772 10785 10798 10799 10800 10807 10814 10815 10816 10831 10846 10847 10848 10849 10850 10895 10940 10941 10942 10943 10944 11052 11160 11161 11162 11163 11164 11172 11180 11181 11182 11218 11254 11255 11256 11257 11258 11362 11466 11484 11502 11529 11556 11557 11558 11559 11560 11575 11590 11591 11592 11593 11594 11638 11682 11683 11684 11789 11894 11895 11896 11897 11898 11944 11990 11991 11992 11993 11994 12015 12036 12037 12038 12039 12040 12051 12062 12063 12064 12065 12066 12095 12124 12125 12126 12127 12128 12129 12130 12131 12132 12138 12144 12145 12146 12147 12148 12149 12150 12155 12160 12161 12162 12163 12164 12169 12174 12175 12176 12177 12178 12181 12184 12186 12188 12190 12192 12195 12198 12199 12200 12201 12202 12212 12222 12223 12224 12225 12226 12228 12230 12231 12232 12233 12234 12252 12270 12271 12272 12309 12346 12347 12348 12361 12374 12375 12376 12377 12378 12389 12400 12401 12402 12403 12404 12405 12406 12485 12564 12565 12566 12593 12620 12621 12622 12623 12624 12658 12692 12693 12694 12695 12696 12752 12808 12820 12832 12833 12834 12835 12836 12844 12852 12853 12854 12870 12886 12889 12892 12905 12918 12919 12920 12930 12940 12941 12942 12943 12944 12958 12972 12973 12974 12979 12984 12985 12986 12987 12988 12989 12990 12991 12992 12994 12996 13000 13004 13007 13010 13012 13014 13039 13064 13065 13066 13069 13072 13073 13074 13075 13076 13122 13168 13169 13170 13171 13172 13199 13226 13227 13228 13240 13252 13253 13254 13255 13256 13265 13274 13275 13276 13312 13348 13349 13350 13351 13352 13353 13354 13355 13356 13460 13564 13565 13566 13567 13568 13569 13570 13571 13572 13578 13584 13585 13586 13592 13598 13599 13600 13628 13656 13657 13658 13662 13666 13667 13668 13676 13684 13685 13686 13687 13688 13689 13690 13723 13756 13758 13760 13767 13774 13775 13776 13777 13778 13779 13780 13784 13788 13789 13790 13797 13804 17287 3415 5786 17287 18695

0 3604 7208 7317 7426 7427 7428 7429 7430 7550 7670 7671 7672 7673 7674 7737 7800 7810 7820 7829 7838 7958 8078 8079 8080 8081 8082 8105 8128 8133 8138 8679 9220 9221 9222 9223 9224 9330 9436 9441 9446 9779 10112 10113 10114 10115 10116 10152 10188 10189 10190 10191 10192 10218 10244 10245 10246 10248 10250 10273 10296 10297 10298 10299 10300 10350 10400 10415 10430 10440 10450 10452 10454 10456 10458 10513 10568 10569 10570 10571 10572 10585 10598 10599 10600 10601 10602 10689 10776 10791 10806 10928 11050 11065 11080 11188 11296 11297 11298 11299 11300 11379 11458 11460 11462 11464 11466 11472 11478 11479 11480 11481 11482 11582 11682 11687 11692 11858 12024 12039 12054 12150 12246 12247 12248 12249 12250 12383 12516 12517 12518 12519 12520 12529 12538 12539 12540 12541 12542 12544 12546 12551 12556 12558 12560 12561 12562 12563 12564 12594 12624 12634 12644 12685 12726 12727 12728 12729 12730 12748 12766 12767 12768 12769 12770 12784 12798 12799 12800 12801 12802 12872 12942 12943 12944 12945 12946 12957 12968 12973 12978 13139 13300 13301 13302 13303 13304 13457 13610 13611 13612 13613 13614 14033 14452 14467 14482 14483 14484 14485 14486 14674 14862 14867 14872 14935 14998 14999 15000 15001 15002 15077 15152 15182 15212 15272 15332 15333 15334 15335 15336 15933 16530 16531 16532 16533 16534 17006 17478 17498 17518 17553 17588 17589 17590 17603 17616 17664 17712 17753 17794 17811 17828 18063 18298 18826 19354 19357 19360 19433 19506 19786 20066 20899 20066 20786 0 2748
0 493 986 987 988 989 990 1063 1136 1137 1138 1139 1140 1196 1252 1253 1254 1279 1304 1305 1306 1307 1308 1473 1638 1639 1640 1641 1642 1667 1692 1698 1704 1725 1746 1750 1754 1760 1766 1767 1768 1769 1770 1785 1800 1805 1810 1828 1846 1849 1852 1853 1854 1855 1856 1859 1862 1863 1864 1865 1866 1867 1868 1869 1870 1872 1874 1875 1876 1879 1882 1921 1960 1963 1966 1967 1968 1969 1970 1974 1978 1982 1986 1990 1994 1997 2000 2001 2002 2003 2004 2008 2012 2016 2020 2024 2028 2036 2044 2056 2068 2073 2078 2079 2080 2081 2082 2097 2112 2113 2114 2115 2116 2158 2200 2201 2202 2203 2204 2205 2206 2212 2218 2246 2274 2276 2278 2280 2282 2283 2284 2286 2288 2289 2290 2291 2292 2311 2330 2334 2338 2352 2366 2367 2368 2369 2370 2371 2372 2408 2444 2445 2446 2447 2448 2502 2556 2557 2558 2559 2560 2668 2776 2777 2778 2779 2780 2937 0 432 2780 2805
0 182 364 365 366 367 368 380 392 393 394 395 396 416 436 437 438 439 440 488 536 537 538 539 540 560 580 581 582 583 584 587 590 591 592 593 594 614 634 635 636 637 638 647 656 657 658 659 660 675 690 691 692 694 696 697 698 699 700 721 742 743 744 745 746 758 770 771 772 773 774 838 902 903 904 905 906 981 1056 1057 1058 1059 1060 1086 1112 1113 1114 1115 1116 1118 1120 1121 1122 1123 1124 1127 1130 1131 1132 1133 1134 1142 1150 1151 1152 1153 1154 1219 1284 1285 1286 1287 1288 1302 1316 1317 1318 1319 1320 1331 1342 1343 1344 1345 1346 1347 1348 1349 1350 1351 1352 1356 1360 1361 1362 1363 1364 1370 1376 1377 1378 1379 1380 1417 1454 1455 1456 1457 1458 1459 1460 1461 1462 1544 1626 1627 1628 1629 1630 1710 1790 1791 1792 1793 1794 1836 1878 1879 1880 1881 1882 1947 2012 2013 2014 2015 2016 2040 2064 2065 2066 2067 2068 2079 2090 2091 2092 2093 2094 2164 2234 2235 2236 2237 2238 2252 2266 2267 2268 2269 2270 2314 2358 2359 2360 2361 2362 2363 2364 2365 2366 2367 2368 2375 2382 2383 2384 2385 2386 2510 2634 2638 2642 2644 2646 2648 2650 2652 2654 2656 2658 2660 2662 2664 2666 2668 2670 2672 2674 2676 2678 2680 2682 2684 2686 2690 2694 2720 2746 2751 2756 2758 2760 2761 2762 2779 2796 2797 2798 2799 2800 2819 2838 2839 2840 2841 2842 2881 2920 2921 2922 2923 2924 2962 3000 3001 3002 3003 3004 3038 3072 3073 3074 3143 3212 3213 3214 3215 3216 3341 3341 3431 182 207
0 164 328 329 330 331 332 437 542 543 544 545 546 549 552 553 554 555 556 558 560 564 568 572 576 580 584 588 592 596 600 604 608 612 616 624 632 653 674 686 698 702 706 710 714 718 722 726 730 749 768 770 772 773 774 1093 1412 1413 1414 1415 1416 1433 1450 1451 1452 1453 1454 1589 1724 1725 1726 1728 1730 1731 1732 1733 1734 1839 1944 1945 1946 1947 1948 2135 2135 2277 164 211
0 206 412 413 414 415 416 470 524 525 526 527 528 669 810 811 812 813 814 819 824 825 826 827 828 916 1004 1005 1006 1007 1008 1172 1336 1337 1338 1339 1340 1452 1564 1565 1566 1567 1568 1622 1676 1677 1678 1679 1680 1732 1784 1785 1786 1787 1788 1859 1930 1931 1932 1933 1934 1940 1946 1948 1950 1996 2042 2043 2044 2046 2048 2049 2050 2051 2052 2087 2122 2123 2124 2125 2126 2183 2240 2241 2242 2243 2244 2256 2268 2269 2270 2271 2272 2479 2686 2692 2698 2700 2702 2704 2706 2708 2710 2712 2714 2716 2718 2720 2722 2724 2726 2728 2730 2734 2738 2740 2742 2760 2778 2779 2780 2781 2782 2783 2784 2785 2786 2787 2788 2789 2790 2791 2792 2793 2794 2963 3132 3133 3134 3135 3136 3389 3389 3585 206 228
0 83 166 170 174 175 176 177 178 179 180 195 210 214 218 512 806 810 814 873 932 933 934 935 936 1096 0 65 936 1021
0 210 420 421 422 461 500 501 502 503 504 766 1028 1029 1030 1038 1046 1047 1048 1049 1050 1122 1194 1195 1196 1197 1198 1263 1328 1329 1330 1331 1332 1373 1414 1415 1416 1417 1418 1434 1450 1755 0 193 1450 1551
0 123 246 247 248 249 250 325 400 401 402 403 404 424 444 445 446 447 448 476 504 505 506 508 510 522 534 535 536 537 538 566 594 595 596 597 598 694 790 791 792 793 794 880 966 989 1012 1013 1014 1015 1016 1056 1096 1103 1110 1141 1172 1173 1174 1210 1246 1247 1248 1249 1250 1261 1272 1273 1274 1275 1276 1349 1422 1424 1426 1427 1428 1429 1430 1462 1494 1495 1496 1497 1498 1640 1640 1758 123 144
0 204 408 409 410 411 412 438 464 465 466 467 468 474 480 481 482 483 484 489 494 495 496 497 498 499 500 501 502 506 510 511 512 513 514 517 520 521 522 523 524 525 526 527 528 530 532 535 538 544 550 551 552 553 554 556 558 559 560 573 586 591 596 597 598 609 620 621 622 643 664 676 688 689 690 691 692 737 782 802 822 823 824 825 826 839 852 854 856 874 892 894 896 901 906 909 912 915 918 921 924 925 926 928 930 932 934 935 936 937 938 953 968 1060 0 148 1060 1094
0 251 502 503 504 505 506 519 532 541 550 551 552 553 554 555 556 557 558 559 560 561 562 567 572 573 574 575 576 577 578 579 580 581 582 585 588 589 590 591 592 593 594 596 598 599 600 601 602 603 604 605 606 607 608 611 614 615 616 617 618 621 624 625 626 627 628 629 630 631 632 633 634 635 636 637 638 639 640 641 642 643 644 645 646 649 652 653 654 655 656 657 658 659 660 661 662 663 664 665 666 667 668 669 670 671 672 673 674 679 684 685 686 687 688 689 690 691 692 693 694 695 696 697 698 703 708 709 710 711 712 713 714 715 716 717 718 719 720 721 722 723 724 725 726 727 728 729 730 731 732 733 734 737 740 741 742 743 744 747 750 751 752 753 754 757 760 761 762 763 764 765 766 771 776 777 778 779 780 781 782 783 784 785 786 787 788 789 790 791 792 795 798 799 800 801 802 805 808 810 812 813 814 815 816 817 818 819 820 821 822 825 828 829 830 831 832 835 838 839 840 843 846 847 848 849 850 851 852 853 854 857 860 861 862 863 864 865 866 867 868 869 870 873 876 877 878 879 880 881 882 883 884 885 886 887 888 889 890 891 892 893 894 895 896 897 898 899 900 904 908 909 910 911 912 913 914 915 916 917 918 919 920 921 922 923 924 929 934 935 936 937 938 939 940 941 942 943 944 945 946 947 948 949 950 951 952 953 954 955 956 957 958 959 960 961 962 963 964 965 966 967 968 969 970 971 972 973 974 975 976 977 978 979 980 981 982 983 984 985 986 987 988 989 990 991 992 993 994 997 1000 1001 1002 1003 1004 1005 1006 1007 1008 1009 1010 1017 1024 1025 1026 1027 1028 1029 1030 1031 1032 1033 1034 1035 1036 1037 1038 1039 1040 1041 1042 1043 1044 1045 1046 1047 1048 1049 1050 1051 1052 1053 1054 1055 1056 1057 1058 1059 1060 1061 1062 1065 1068 1069 1070 1071 1072 1073 1074 1075 1076 1077 1078 1079 1080 1081 1082 1083 1084 1085 1086 1087 1088 1089 1090 1091 1092 1093 1094 1095 1096 1097 1098 1099 1100 1101 1102 1103 1104 1105 1106 1107 1108 1109 1110 1111 1112 1113 1114 1118 1122 1123 1124 1125 1126 1127 1128 1129 1130 1131 1132 1133 1134 1135 1136 1137 1138 1139 1140 1141 1142 1143 1144 1147 1150 1151 1152 1153 1154 1155 1156 1157 1158 1159 1160 1161 1162 1163 1164 1165 1166 1167 1168 1169 1170 1171 1172 1173 1174 1175 1176 1177 1178 1181 1184 1185 1186 1187 1188 1189 1190 1191 1192 1193 1194 1197 1200 1201 1202 1203 1204 1205 1206 1207 1208 1209 1210 1211 1212 1213 1214 1215 1216 1217 1218 1219 1220 1221 1222 1223 1224 1225 1226 1227 1228 1229 1230 1231 1232 1233 1234 1235 1236 1237 1238 1239 1240 1241 1242 1243 1244 1245 1246 1247 1248 1253 1258 1259 1260 1261 1262 1263 1264 1265 1266 1267 1268 1269 1270 1271 1272 1273 1274 1275 1276 1277 1278 1279 1280 1285 1290 1291 1292 1293 1294 1295 1296 1297 1298 1299 1300 1301 1302 1303 1304 1305 1306 1307 1308 1309 1310 1311 1312 1315 1318 1319 1320 1321 1322 1323 1324 1325 1326 1327 1328 1329 1330 1336 1342 1344 1346 1347 1348 1349 1350 1351 1352 1355 1358 1359 1360 1361 1362 1363 1364 1365 1366 1367 1368 1371 1374 1375 1376 1377 1378 1379 1380 1381 1382 1383 1384 1385 1386 1387 1388 1389 1390 1391 1392 1393 1394 1395 1396 1397 1398 1399 1400 1403 1406 1407 1408 1409 1410 1411 1412 1413 1414 1415 1416 1417 1418 1419 1420 1421 1422 1423 1424 1425 1426 1427 1428 1429 1430 1431 1432 1435 1438 1439 1440 1441 1442 1443 1444 1446 1448 1449 1450 1451 1452 1453 1454 1455 1456 1457 1458 1459 1460 1461 1462 1463 1464 1465 1466 1467 1468 1469 1470 1471 1472 1473 1474 1475 1476 1477 1478 1479 1480 1481 1482 1483 1484 1486 1488 1489 1490 1491 1492 1493 1494 1495 1496 1497 1498 1499 1500 1501 1502 1503 1504 1505 1506 1507 1508 1509 1510 1511 1512 1513 1514 1515 1516 1517 1518 1519 1520 1521 1522 1523 1524 1525 1526 1527 1528 1529 1530 1531 1532 1533 1534 1535 1536 1537 1538 1539 1540 1541 1542 1543 1544 1545 1546 1547 1548 1549 1550 1551 1552 1553 1554 1555 1556 1557 1558 1559 1560 1561 1562 1563 1564 1565 1566 1580 1594 1595 1596 1597 1598 1599 1600 1601 1602 1603 1604 1605 1606 1607 1608 1609 1610 1615 1620 1621 1622 1623 1624 1625 1626 1627 1628 1629 1630 1631 1632 1633 1634 1635 1636 1643 1650 1651 1652 1653 1654 1655 1656 1657 1658 1659 1660 1661 1662 1663 1664 1665 1666 1667 1668 1669 1670 1671 1672 1673 1674 1678 1682 1683 1684 1685 1686 1687 1688 1689 1690 1691 1692 1693 1694 1695 1696 1697 1698 1701 1704 1705 1706 1707 1708 1709 1710 1711 1712 1713 1714 1715 1716 1717 1718 1719 1720 1725 1730 1732 1734 1735 1736 1737 1738 1739 1740 1741 1742 1743 1744 1747 1750 1751 1752 1753 1754 1757 1760 1761 1762 1763 1764 1765 1766 1767 1768 1769 1770 1771 1772 1773 1774 1775 1776 1779 1782 1783 1784 1785 1786 1787 1788 1789 1790 1791 1792 1793 1794 1795 1796 1797 1798 1799 1800 1801 1802 1803 1804 1809 1814 1816 1818 1819 1820 1821 1822 1823 1824 1825 1826 1827 1828 1829 1830 1831 1832 1833 1834 1835 1836 1837 1838 1839 1840 1841 1842 1843 1844 1849 1854 1855 1856 1857 1858 1860 1862 1868 1874 1878 1882 1883 1884 1885 1886 1887 1888 1889 1890 1891 1892 1895 1898 1902 1906 1907 1908 1909 1910 1911 1912 1913 1914 1915 1916 1919 1922 1923 1924 1925 1926 1927 1928 1929 1930 1933 1936 1938 1940 1941 1942 1943 1944 1949 1954 1955 1956 1957 1958 1959 1960 1961 1962 1963 1964 1965 1966 1967 1968 1969 1970 1973 1976 1977 1978 1979 1980 1981 1982 1983 1984 1985 1986 1987 1988 1989 1990 1991 1992 2000 2008 2009 2010 2011 2012 2015 2018 2019 2020 2021 2022 2023 2024 2029 2034 2035 2036 2037 2038 2039 2040 2041 2042 2043 2044 2045 2046 2047 2048 2049 2050 2051 2052 2053 2054 2055 2056 2059 2062 2063 2064 2065 2066 2068 2070 2071 2072 2073 2074 2075 2076 2078 2080 2081 2082 2083 2084 2087 2090 2091 2092 2093 2094 2101 2108 2109 2110 2111 2112 2113 2114 2115 2116 2117 2118 2119 2120 2121 2122 2123 2124 2129 2134 2136 2138 2139 2140 2141 2142 2143 2144 2145 2146 2147 2148 2149 2150 2151 2152 2153 2154 2156 2158 2159 2160 2161 2162 2165 2168 2170 2172 2173 2174 2175 2176 2177 2178 2179 2180 2181 2182 2187 2192 2193 2194 2195 2196 2197 2198 2199 2200 2201 2202 2203 2204 2209 2214 2215 2216 2217 2218 2219 2220 2221 2222 2223 2224 2225 2226 2228 2230 2231 2232 2233 2234 2235 2236 2237 2238 2239 2240 2241 2242 2243 2244 2245 2246 2247 2248 2251 2254 2255 2256 2257 2258 2259 2260 2262 2264 2265 2266 2267 2268 2269 2270 2271 2272 2273 2274 2275 2276 2277 2278 2279 2280 2281 2282 2283 2284 2285 2286 2287 2288 2289 2290 2291 2292 2293 2294 2295 2296 2297 2298 2299 2300 2301 2302 2303 2304 2305 2306 2307 2308 2309 2310 2311 2312 2313 2314 2315 2316 2317 2318 2319 2320 2321 2322 2323 2324 2325 2326 2327 2328 2329 2330 2331 2332 2334 2336 2337 2338 2339 2340 2343 2346 2347 2348 2349 2350 2351 2352 2353 2354 2356 2358 2359 2360 2361 2362 2363 2364 2365 2366 2369 2372 2374 2376 2378 2380 2381 2382 2383 2384 2385 2386 2387 2388 2389 2390 2391 2392 2393 2394 2396 2398 2399 2400 2401 2402 2403 2404 2405 2406 2407 2408 2409 2410 2411 2412 2413 2414 2417 2420 2421 2422 2423 2424 2425 2426 2430 2434 2438 2442 2443 2444 2445 2446 2447 2448 2449 2450 2451 2452 2455 2458 2459 2460 2461 2462 2463 2464 2465 2466 2467 2468 2469 2470 2471 2472 2473 2474 2475 2476 2477 2478 2479 2480 2481 2482 2485 2488 2489 2490 2491 2492 2493 2494 2495 2496 2497 2498 2499 2500 2501 2502 2503 2504 2505 2506 2507 2508 2509 2510 2511 2512 2515 2518 2519 2520 2521 2522 2525 2528 2529 2530 2531 2532 2534 2536 2537 2538 2539 2540 2541 2542 2544 2546 2547 2548 2549 2550 2551 2552 2553 2554 2555 2556 2557 2558 2559 2560 2561 2562 2563 2564 2565 2566 2567 2568 2569 2570 2571 2572 2573 2574 2575 2576 2579 2582 2583 2584 2585 2586 2587 2588 2589 2590 2591 2592 2593 2594 2595 2596 2597 2598 2599 2600 2601 2602 2603 2604 2605 2606 2607 2608 2609 2610 2611 2612 2613 2614 2615 2616 2617 2618 2619 2620 2621 2622 2623 2624 2626 2628 2629 2630 2631 2632 2633 2634 2635 2636 2637 2638 2639 2640 2641 2642 2643 2644 2645 2646 2647 2648 2649 2650 2651 2652 2653 2654 2655 2656 2657 2658 2659 2660 2661 2662 2663 2664 2665 2666 2667 2668 2669 2670 2671 2672 2673 2674 2677 2680 2681 2682 2683 2684 2685 2686 2687 2688 2689 2690 2691 2692 2693 2694 2695 2696 2697 2698 2699 2700 2701 2702 2703 2704 2705 2706 2707 2708 2709 2710 2711 2712 2713 2714 2715 2716 2717 2718 2719 2720 2721 2722 2723 2724 2726 2728 2729 2730 2731 2732 2733 2734 2735 2736 2737 2738 2740 2742 2743 2744 2745 2746 2747 2748 2749 2750 2751 2752 2753 2754 2755 2756 2757 2758 2759 2760 2761 2762 2763 2764 2765 2766 2770 2774 2775 2776 2777 2778 2780 2782 2783 2784 2785 2786 2787 2788 2789 2790 2791 2792 2793 2794 2795 2796 2797 2798 2799 2800 2801 2802 2805 2808 2809 2810 2811 2812 2813 2814 2815 2816 2817 2818 2819 2820 2821 2822 2823 2824 2825 2826 2827 2828 2829 2830 2837 2844 2845 2846 2850 2854 2860 2866 2867 2868 2869 2870 2871 2872 2873 2874 2875 2876 2877 2878 2879 2880 2881 2882 2883 2884 2885 2886 2887 2888 2889 2890 2891 2892 2893 2894 2895 2896 2897 2898 2899 2900 2901 2902 2903 2904 2905 2906 2907 2908 2909 2910 2911 2912 2913 2914 2915 2916 2917 2918 2919 2920 2921 2922 2923 2924 2925 2926 2927 2928 2929 2930 2931 2932 2933 2934 2935 2936 2937 2938 2941 2944 2945 2946 2947 2948 2949 2950 2951 2952 2953 2954 2955 2956 2957 2958 2959 2960 2961 2962 2963 2964 2965 2966 2967 2968 2969 2970 2971 2972 2973 2974 2975 2976 2977 2978 2981 2984 2985 2986 2987 2988 2991 2994 2995 2996 2997 2998 2999 3000 3001 3002 3003 3004 3005 3006 3008 3010 3011 3012 3013 3014 3015 3016 3017 3018 3019 3020 3021 3022 3024 3026 3027 3028 3029 3030 3035 3040 3041 3042 3043 3044 3045 3046 3047 3048 3049 3050 3051 3052 3055 3058 3059 3060 3061 3062 3067 3072 3073 3074 3075 3076 3077 3078 3079 3080 3081 3082 3083 3084 3085 3086 3087 3088 3091 3094 3095 3096 3097 3098 3099 3100 3101 3102 3103 3104 3105 3106 3107 3108 3109 3110 3113 3116 3117 3118 3119 3120 3121 3122 3125 3128 3129 3130 3131 3132 3133 3134 3135 3136 3139 3142 3143 3144 3145 3146 3147 3148 3149 3150 3151 3152 3153 3154 3155 3156 3157 3158 3159 3160 3161 3162 3163 3164 3175 3186 3187 3188 3189 3190 3191 3192 3194 3196 3197 3198 3199 3200 3201 3202 3203 3204 3205 3206 3207 3208 3209 3210 3211 3212 3217 3222 3223 3224 3225 3226 3227 3228 3229 3230 3231 3232 3233 3234 3235 3236 3237 3238 3239 3240 3241 3242 3243 3244 3245 3246 3247 3248 3249 3250 3251 3252 3253 3254 3256 3258 3259 3260 3261 3262 3263 3264 3265 3266 3267 3268 3269 3270 3272 3274 3275 3276 3277 3278 3293 3308 3310 3312 3313 3314 3315 3316 3317 3318 3319 3320 3321 3322 3323 3324 3325 3326 3327 3328 3337 3346 3347 3348 3349 3350 3353 3356 3357 3358 3359 3360 3363 3366 3367 3368 3369 3370 3373 3376 3377 3378 3379 3380 3393 3406 3408 3410 3412 3414 3462 3510 3511 3512 3513 3514 3517 3520 3522 3524 3526 3528 3540 3552 3562 3572 3573 3574 3575 3576 3577 3578 3579 3580 3581 3582 3589 3596 3597 3598 3599 3600 3603 3606 3607 3608 3609 3610 3613 3616 3620 3624 3625 3626 3627 3628 3629 3630 3631 3632 3633 3634 3653 3672 3679 3686 3688 3690 3692 3694 3695 3696 3702 3708 3710 3712 3713 3714 3715 3716 3725 3734 3735 3736 3737 3738 3743 3748 3749 3750 3751 3752 3753 3754 3755 3756 3757 3758 3759 3760 3761 3762 3763 3764 3765 3766 3769 3772 3773 3774 3775 3776 3777 3778 3779 3780 3781 3782 3785 3788 3789 3790 3791 3792 3799 3806 3807 3808 3809 3810 3813 3816 3817 3818 3819 3820 3825 3830 3831 3832 3833 3834 3835 3836 3837 3838 3839 3840 3841 3842 3851 3860 3868 3876 3878 3880 3881 3882 3883 3884 3885 3886 3887 3888 3889 3890 3891 3892 3893 3894 3895 3896 3897 3898 3901 3904 3905 3906 3907 3908 3913 3918 3919 3920 3921 3922 3923 3924 3925 3926 3927 3928 3929 3930 3932 3934 3935 3936 3937 3938 3939 3940 3941 3942 3943 3944 3945 3946 3947 3948 3949 3950 3951 3952 3953 3954 3955 3956 3957 3958 3963 3968 3969 3970 3971 3972 3973 3974 3975 3976 3977 3978 3979 3980 3981 3982 3983 3984 3985 3986 3989 3992 3993 3994 3995 3996 3997 3998 3999 4000 4001 4002 4003 4004 4005 4006 4007 4008 4009 4010 4011 4012 4013 4014 4015 4016 4017 4018 4019 4020 4021 4022 4023 4024 4025 4026 4027 4028 4029 4030 4031 4032 4033 4034 4037 4040 4041 4042 4043 4044 4045 4046 4047 4048 4049 4050 4051 4052 4053 4054 4055 4056 4057 4058 4059 4060 4061 4062 4069 4076 4077 4078 4079 4080 4081 4082 4083 4084 4085 4086 4089 4092 4093 4094 4103 4112 4113 4114 4115 4116 4117 4118 4119 4120 4121 4122 4123 4124 4125 4126 4128 4130 4131 4132 4133 4134 4137 4140 4141 4142 4143 4144 4145 4146 4148 4150 4151 4152 4153 4154 4155 4156 4163 4170 4172 4174 4179 4184 4185 4186 4187 4188 4190 4192 4193 4194 4195 4196 4197 4198 4201 4204 4205 4206 4207 4208 4211 4214 4215 4216 4217 4218 4223 4228 4229 4230 4231 4232 4233 4234 4235 4236 4237 4238 4239 4240 4241 4242 4243 4244 4245 4246 4247 4248 4249 4250 4251 4252 4254 4256 4258 4260 4261 4262 4263 4264 4265 4266 4267 4268 4269 4270 4271 4272 4273 4274 4275 4276 4277 4278 4279 4280 4281 4282 4283 4284 4285 4286 4287 4288 4293 4298 4299 4300 4301 4302 4303 4304 4305 4306 4307 4308 4309 4310 4311 4312 4313 4314 4315 4316 4317 4318 4319 4320 4321 4322 4323 4324 4325 4326 4327 4328 4329 4330 4331 4332 4335 4338 4339 4340 4341 4342 4343 4344 4345 4346 4347 4348 4349 4350 4351 4352 4353 4354 4355 4356 4357 4358 4359 4360 4361 4362 4363 4364 4365 4366 4371 4376 4377 4378 4379 4380 4385 4390 4391 4392 4393 4394 4397 4400 4401 4402 4403 4404 4405 4406 4407 4408 4409 4410 4411 4412 4413 4414 4415 4416 4419 4422 4423 4424 4425 4426 4427 4428 4429 4430 4431 4432 4433 4434 4435 4436 4437 4438 4439 4440 4441 4442 4443 4444 4445 4446 4447 4448 4449 4450 4453 4456 4457 4458 4459 4460 4461 4462 4463 4464 4465 4466 4467 4468 4469 4470 4471 4472 4473 4474 4475 4476 4477 4478 4481 4484 4485 4486 4487 4488 4491 4494 4495 4496 4497 4498 4499 4500 4501 4502 4503 4504 4505 4506 4507 4508 4509 4510 4511 4512 4513 4514 4515 4516 4517 4518 4519 4520 4521 4522 4523 4524 4525 4526 4527 4528 4533 4538 4539 4540 4541 4542 4543 4544 4549 4554 4555 4556 4557 4558 4559 4560 4562 4564 4566 4568 4569 4570 4571 4572 4573 4574 4575 4576 4577 4578 4579 4580 4581 4582 4583 4584 4585 4586 4587 4588 4589 4590 4591 4592 4593 4594 4595 4596 4597 4598 4599 4600 4601 4602 4607 4612 4613 4614 4615 4616 4617 4618 4619 4620 4621 4622 4623 4624 4625 4626 4627 4628 4629 4630 4631 4632 4633 4634 4635 4636 4637 4638 4639 4640 4641 4642 4643 4644 4645 4646 4653 4660 4662 4664 4668 4672 4674 4676 4677 4678 4679 4680 4681 4682 4683 4684 4685 4686 4690 4694 4695 4696 4697 4698 4700 4702 4704 4706 4707 4708 4709 4710 4711 4712 4713 4714 4715 4716 4717 4718 4719 4720 4721 4722 4723 4724 4725 4726 4727 4728 4729 4730 4731 4732 4733 4734 4735 4736 4737 4738 4739 4740 4741 4742 4743 4744 4745 4746 4747 4748 4749 4750 4752 4754 4755 4756 4757 4758 4761 4764 4765 4766 4767 4768 4771 4774 4775 4776 4777 4778 4779 4780 4781 4782 4783 4784 4785 4786 4787 4788 4793 4798 4799 4800 4801 4802 4805 4808 4809 4810 4811 4812 4813 4814 4815 4816 4817 4818 4819 4820 4821 4822 4823 4824 4825 4826 4829 4832 4833 4834 4835 4836 4837 4838 4839 4840 4841 4842 4843 4844 4845 4846 4847 4848 4849 4850 4851 4852 4853 4854 4855 4856 4857 4858 4859 4860 4861 4862 4863 4864 4865 4866 4867 4868 4869 4870 4872 4874 4876 4878 4879 4880 4881 4882 4883 4884 4885 4886 4887 4888 4893 4898 4899 4900 4901 4902 4903 4904 4905 4906 4907 4908 4909 4910 4911 4912 4913 4914 4915 4916 4917 4918 4919 4920 4921 4922 4923 4924 4925 4926 4929 4932 4933 4934 4935 4936 4937 4938 4939 4940 4941 4942 4943 4944 4945 4946 4947 4948 4949 4950 4951 4952 4953 4954 4955 4956 4957 4958 4959 4960 4961 4962 4965 4968 4969 4970 4971 4972 4973 4974 4975 4976 4977 4978 4979 4980 4981 4982 4983 4984 4987 4990 4991 4992 4993 4994 4995 4996 4997 4998 4999 5000 5001 5002 5003 5004 5005 5006 5007 5008 5010 5012 5013 5014 5015 5016 5017 5018 5019 5020 5021 5022 5023 5024 5026 5028 5029 5030 5031 5032 5033 5034 5035 5036 5037 5038 5039 5040 5041 5042 5043 5044 5045 5046 5047 5048 5049 5050 5053 5056 5057 5058 5059 5060 5061 5062 5065 5068 5069 5070 5071 5072 5073 5074 5075 5076 5077 5078 5081 5084 5085 5086 5087 5088 5089 5090 5091 5092 5093 5094 5095 5096 5097 5098 5099 5100 5101 5102 5105 5108 5109 5110 5111 5112 5113 5114 5115 5116 5117 5118 5119 5120 5121 5122 5123 5124 5125 5126 5127 5128 5129 5130 5131 5132 5133 5134 5135 5136 5137 5138 5139 5140 5141 5142 5143 5144 5145 5146 5147 5148 5149 5150 5151 5152 5153 5154 5155 5156 5157 5158 5159 5160 5161 5162 5163 5164 5165 5166 5167 5168 5169 5170 5171 5172 5173 5174 5175 5176 5177 5178 5179 5180 5181 5182 5183 5184 5185 5186 5187 5188 5189 5190 5191 5192 5195 5198 5199 5200 5201 5202 5203 5204 5205 5206 5207 5208 5209 5210 5211 5212 5213 5214 5215 5216 5217 5218 5219 5220 5221 5222 5227 5232 5244 5256 5257 5258 5259 5260 5261 5262 5263 5264 5265 5266 5269 5272 5273 5274 5275 5276 5277 5278 5280 5282 5283 5284 5285 5286 5287 5288 5290 5292 5293 5294 5295 5296 5297 5298 5299 5300 5301 5302 5305 5308 5309 5310 5311 5312 5315 5318 5319 5320 5321 5322 5323 5324 5325 5326 5327 5328 5329 5330 5331 5332 5333 5334 5337 5340 5341 5342 5343 5344 5345 5346 5347 5348 5349 5350 5351 5352 5353 5354 5355 5356 5357 5358 5359 5360 5361 5362 5363 5364 5365 5366 5367 5368 5375 5382 5383 5384 5385 5386 5387 5388 5389 5390 5391 5392 5399 5406 5408 5410 5411 5412 5413 5414 5419 5424 5425 5426 5427 5428 5429 5430 5431 5432 5433 5434 5435 5436 5437 5438 5439 5440 5441 5442 5443 5444 5445 5446 5447 5448 5449 5450 5451 5452 5457 5462 5463 5464 5465 5466 5467 5468 5469 5470 5471 5472 5473 5474 5475 5476 5477 5478 5479 5480 5481 5482 5483 5484 5487 5490 5491 5492 5493 5494 5497 5500 5501 5502 5503 5504 5505 5506 5507 5508 5509 5510 5511 5512 5513 5514 5515 5516 5521 5526 5527 5528 5529 5530 5533 5536 5537 5538 5539 5540 5541 5542 5543 5544 5545 5546 5547 5548 5549 5550 5551 5552 5555 5558 5559 5560 5561 5562 5565 5568 5570 5572 5574 5576 5577 5578 5579 5580 5581 5582 5583 5584 5585 5586 5587 5588 5593 5598 5600 5602 5604 5606 5607 5608 5609 5610 5611 5612 5613 5614 5615 5616 5617 5618 5619 5620 5621 5622 5625 5628 5629 5630 5631 5632 5633 5634 5635 5636 5637 5638 5641 5644 5646 5648 5650 5652 5654 5656 5657 5658 5659 5660 5661 5662 5663 5664 5665 5666 5667 5668 5669 5670 5671 5672 5673 5674 5676 5678 5679 5680 5681 5682 5683 5684 5685 5686 5687 5688 5693 5698 5699 5700 5701 5702 5703 5704 5705 5706 5707 5708 5709 5710 5711 5712 5713 5714 5729 5744 5745 5746 5747 5748 5749 5750 5751 5752 5753 5754 5755 5756 5757 5758 5759 5760 5761 5762 5763 5764 5765 5766 5767 5768 5769 5770 5771 5772 5773 5774 5775 5776 5777 5778 5779 5780 5781 5782 5783 5784 5785 5786 5787 5788 5789 5790 5791 5792 5793 5794 5795 5796 5797 5798 5799 5800 5801 5802 5803 5804 5805 5806 5809 5812 5813 5814 5815 5816 5817 5818 5819 5820 5821 5822 5823 5824 5825 5826 5827 5828 5829 5830 5831 5832 5833 5834 5835 5836 5837 5838 5851 5864 5865 5866 5867 5868 5869 5870 5871 5872 5874 5876 5877 5878 5879 5880 5881 5882 5883 5884 5885 5886 5887 5888 5889 5890 5891 5892 5893 5894 5895 5896 5897 5898 5899 5900 5901 5902 5903 5904 5905 5906 5907 5908 5909 5910 5911 5912 5913 5914 5915 5916 5917 5918 5919 5920 5921 5922 5925 5928 5929 5930 5931 5932 5933 5934 5935 5936 5937 5938 5941 5944 5945 5946 5947 5948 5949 5950 5951 5952 5953 5954 5955 5956 5957 5958 5959 5960 5961 5962 5963 5964 5965 5966 5967 5968 5969 5970 5971 5972 5975 5978 5979 5980 5981 5982 5983 5984 5986 5988 5990 5992 5993 5994 5995 5996 5999 6002 6012 6022 6023 6024 6025 6026 6029 6032 6033 6034 6035 6036 6037 6038 6039 6040 6041 6042 6043 6044 6045 6046 6047 6048 6049 6050 6055 6060 6061 6062 6063 6064 6065 6066 6067 6068 6069 6070 6073 6076 6077 6078 6079 6080 6083 6086 6088 6090 6091 6092 6093 6094 6095 6096 6097 6098 6099 6100 6103 6106 6107 6108 6109 6110 6113 6116 6117 6118 6119 6120 6121 6122 6123 6124 6125 6126 6127 6128 6129 6130 6131 6132 6135 6138 6139 6140 6141 6142 6143 6144 6145 6146 6147 6148 6149 6150 6151 6152 6153 6154 6155 6156 6160 6164 6168 6172 6174 6176 6178 6180 6181 6182 6183 6184 6187 6190 6192 6194 6195 6196 6197 6198 6199 6200 6201 6202 6203 6204 6207 6210 6211 6212 6213 6214 6215 6216 6217 6218 6219 6220 6223 6226 6227 6228 6229 6230 6231 6232 6233 6234 6235 6236 6237 6238 6239 6240 6241 6242 6243 6244 6245 6246 6247 6248 6249 6250 6251 6252 6253 6254 6259 6264 6265 6266 6267 6268 6269 6270 6271 6272 6273 6274 6275 6276 6277 6278 6279 6280 6281 6282 6283 6284 6285 6286 6287 6288 6289 6290 6291 6292 6293 6294 6295 6296 6297 6298 6301 6304 6312 6320 6322 6324 6325 6326 6327 6328 6329 6330 6331 6332 6333 6334 6341 6348 6349 6350 6351 6352 6353 6354 6355 6356 6357 6358 6361 6364 6365 6366 6367 6368 6371 6374 6375 6376 6377 6378 6383 6388 6390 6392 6393 6394 6395 6396 6397 6398 6399 6400 6401 6402 6405 6408 6409 6410 6411 6412 6413 6414 6415 6416 6417 6418 6421 6424 6426 6428 6429 6430 6431 6432 6433 6434 6435 6436 6437 6438 6439 6440 6441 6442 6443 6444 6447 6450 6451 6452 6453 6454 6457 6460 6461 6462 6463 6464 6465 6466 6467 6468 6475 6482 6483 6484 6485 6486 6489 6492 6494 6496 6497 6498 6499 6500 6501 6502 6503 6504 6509 6514 6515 6516 6519 6522 6523 6524 6525 6526 6527 6528 6529 6530 6531 6532 6533 6534 6535 6536 6537 6538 6539 6540 6541 6542 6543 6544 6548 6552 6553 6554 6555 6556 6557 6558 6559 6560 6561 6562 6563 6564 6565 6566 6579 6592 6593 6594 6597 6600 6602 6604 6605 6606 6607 6608 6609 6610 6611 6612 6613 6614 6617 6620 6621 6622 6623 6624 6625 6626 6627 6628 6629 6630 6633 6636 6638 6640 6641 6642 6643 6644 6647 6650 6651 6652 6653 6654 6661 6668 6669 6670 6671 6672 6673 6674 6675 6676 6677 6678 6679 6680 6681 6682 6683 6684 6685 6686 6687 6688 6689 6690 6699 6708 6709 6710 6711 6712 6713 6714 6715 6716 6717 6718 6719 6720 6721 6722 6723 6724 6725 6726 6731 6736 6737 6738 6739 6740 6741 6742 6743 6744 6745 6746 6747 6748 6749 6750 6751 6752 6753 6754 6755 6756 6757 6758 6759 6760 6761 6762 6763 6764 6771 6778 6779 6780 6781 6782 6783 6784 6785 6786 6787 6788 6789 6790 6791 6792 6793 6794 6795 6796 6797 6798 6799 6800 6815 6830 6832 6834 6937 0 231 6834 6861
0 104 208 209 210 228 246 247 248 261 274 275 276 277 278 279 280 286 292 293 294 296 298 299 300 301 302 303 304 305 306 328 350 351 352 367 382 383 384 385 386 388 390 391 392 421 450 451 452 470 488 489 490 491 492 496 500 501 502 518 534 535 536 539 542 543 544 545 546 547 548 551 554 555 556 563 570 572 574 576 578 610 642 664 686 687 688 698 708 709 710 711 712 747 782 783 784 796 808 809 810 813 816 818 820 821 822 823 824 843 862 863 864 869 874 875 876 881 886 887 888 903 918 919 920 923 926 927 928 929 930 942 954 955 956 957 958 964 970 971 972 975 978 981 984 986 988 1001 1014 1015 1016 1035 1054 1055 1056 1078 1100 1101 1102 1110 1118 1119 1120 1121 1122 1136 1150 1151 1152 1160 1168 1169 1170 1171 1172 1189 1206 1207 1208 1220 1232 1233 1234 1235 1236 1245 1254 1255 1256 1261 1266 1267 1268 1269 1270 1271 1272 1273 1274 1288 1302 1303 1304 1305 1306 1309 1312 1325 1338 1339 1340 1350 1360 1361 1362 1363 1364 1367 1370 1371 1372 1373 1374 1375 1376 1377 1378 1379 1380 1381 1382 1388 1394 1395 1396 1397 1398 1399 1400 1402 1404 1405 1406 1407 1408 1410 1412 1413 1414 1415 1416 1418 1420 1421 1422 1423 1424 1426 1428 1430 1432 1434 1436 1437 1438 1439 1440 1441 1442 1444 1446 1447 1448 1451 1454 1455 1456 1457 1458 1460 1462 1463 1464 1465 1466 1467 1468 1469 1470 1471 1472 1473 1474 1475 1476 1477 1478 1479 1480 1481 1482 1483 1484 1486 1488 1489 1490 1491 1492 1493 1494 1495 1496 1497 1498 1499 1500 1501 1502 1504 1506 1507 1508 1509 1510 1512 1514 1515 1516 1517 1518 1519 1520 1521 1522 1523 1524 1525 1526 1527 1528 1531 1534 1536 1538 1539 1540 1541 1542 1544 1546 1547 1548 1549 1550 1551 1552 1553 1554 1555 1556 1557 1558 1559 1560 1561 1562 1563 1564 1565 1566 1567 1568 1570 1572 1573 1574 1575 1576 1577 1578 1579 1580 1581 1582 1583 1584 1585 1586 1587 1588 1590 1592 1593 1594 1595 1596 1597 1598 1599 1600 1601 1602 1603 1604 1605 1606 1607 1608 1609 1610 1611 1612 1613 1614 1615 1616 1617 1618 1619 1620 1621 1622 1623 1624 1625 1626 1627 1628 1629 1630 1631 1632 1633 1634 1635 1636 1637 1638 1639 1640 1641 1642 1643 1644 1645 1646 1647 1648 1649 1650 1651 1652 1654 1656 1657 1658 1659 1660 1662 1664 1665 1666 1667 1668 1669 1670 1671 1672 1673 1674 1675 1676 1677 1678 1679 1680 1681 1682 1683 1684 1685 1686 1687 1688 1690 1692 1693 1694 1695 1696 1698 1700 1701 1702 1703 1704 1705 1706 1707 1708 1709 1710 1711 1712 1713 1714 1715 1716 1717 1718 1719 1720 1721 1722 1723 1724 1725 1726 1727 1728 1730 1732 1733 1734 1735 1736 1737 1738 1739 1740 1741 1742 1743 1744 1745 1746 1747 1748 1749 1750 1751 1752 1753 1754 1755 1756 1757 1758 1759 1760 1762 1764 1765 1766 1767 1768 1769 1770 1771 1772 1773 1774 1775 1776 1777 1778 1779 1780 1781 1782 1783 1784 1785 1786 1787 1788 1789 1790 1791 1792 1793 1794 1795 1796 1797 1798 1799 1800 1802 1804 1805 1806 1807 1808 1809 1810 1811 1812 1813 1814 1815 1816 1817 1818 1819 1820 1821 1822 1823 1824 1825 1826 1827 1828 1829 1830 1832 1834 1835 1836 1837 1838 1839 1840 1841 1842 1843 1844 1845 1846 1847 1848 1849 1850 1851 1852 1854 1856 1857 1858 1859 1860 1862 1864 1865 1866 1867 1868 1871 1874 1876 1878 1879 1880 1881 1882 1883 1884 1885 1886 1887 1888 1889 1890 1891 1892 1893 1894 1895 1896 1897 1898 1899 1900 1901 1902 1903 1904 1905 1906 1907 1908 1909 1910 1911 1912 1913 1914 1915 1916 1917 1918 1919 1920 1921 1922 1923 1924 1925 1926 1927 1928 1929 1930 1932 1934 1935 1936 1937 1938 1940 1942 1943 1944 1945 1946 1947 1948 1949 1950 1951 1952 1953 1954 1955 1956 1958 1960 1961 1962 1963 1964 1966 1968 1969 1970 1971 1972 1973 1974 1975 1976 1977 1978 1979 1980 1981 1982 1983 1984 1985 1986 1987 1988 1989 1990 1991 1992 1993 1994 1995 1996 1997 1998 2000 2002 2003 2004 2005 2006 2007 2008 2009 2010 2011 2012 2013 2014 2015 2016 2017 2018 2019 2020 2021 2022 2023 2024 2025 2026 2027 2028 2029 2030 2031 2032 2033 2034 2035 2036 2037 2038 2039 2040 2041 2042 2043 2044 2045 2046 2047 2048 2049 2050 2051 2052 2053 2054 2055 2056 2057 2058 2059 2060 2061 2062 2063 2064 2065 2066 2067 2068 2069 2070 2071 2072 2073 2074 2076 2078 2080 2082 2083 2084 2085 2086 2087 2088 2089 2090 2091 2092 2093 2094 2095 2096 2097 2098 2099 2100 2101 2102 2103 2104 2105 2106 2107 2108 2109 2110 2111 2112 2113 2114 2115 2116 2117 2118 2119 2120 2121 2122 2123 2124 2125 2126 2127 2128 2129 2130 2131 2132 2133 2134 2138 2142 2143 2144 2145 2146 2147 2148 2149 2150 2151 2152 2153 2154 2155 2156 2157 2158 2159 2160 2162 2164 2165 2166 2167 2168 2169 2170 2171 2172 2173 2174 2176 2178 2179 2180 2181 2182 2184 2186 2187 2188 2189 2190 2192 2194 2195 2196 2197 2198 2200 2202 2203 2204 2205 2206 2207 2208 2209 2210 2211 2212 2213 2214 2215 2216 2217 2218 2220 2222 2224 2226 2227 2228 2229 2230 2231 2232 2233 2234 2235 2236 2237 2238 2239 2240 2241 2242 2243 2244 2245 2246 2248 2250 2251 2252 2253 2254 2255 2256 2257 2258 2259 2260 2261 2262 2263 2264 2265 2266 2267 2268 2269 2270 2271 2272 2274 2276 2277 2278 2279 2280 2281 2282 2283 2284 2285 2286 2288 2290 2291 2292 2293 2294 2295 2296 2297 2298 2300 2302 2303 2304 2305 2306 2307 2308 2309 2310 2311 2312 2313 2314 2315 2316 2317 2318 2319 2320 2321 2322 2323 2324 2325 2326 2327 2328 2330 2332 2333 2334 2335 2336 2338 2340 2341 2342 2343 2344 2345 2346 2347 2348 2349 2350 2351 2352 2353 2354 2355 2356 2357 2358 2359 2360 2361 2362 2363 2364 2366 2368 2369 2370 2371 2372 2373 2374 2375 2376 2377 2378 2379 2380 2381 2382 2383 2384 2385 2386 2387 2388 2389 2390 2391 2392 2393 2394 2395 2396 2397 2398 2399 2400 2401 2402 2403 2404 2406 2408 2409 2410 2411 2412 2413 2414 2415 2416 2417 2418 2419 2420 2421 2422 2423 2424 2425 2426 2427 2428 2429 2430 2431 2432 2433 2434 2435 2436 2438 2440 2441 2442 2443 2444 2445 2446 2447 2448 2449 2450 2451 2452 2454 2456 2457 2458 2459 2460 2461 2462 2463 2464 2465 2466 2467 2468 2469 2470 2471 2472 2473 2474 2475 2476 2477 2478 2479 2480 2481 2482 2483 2484 2485 2486 2487 2488 2489 2490 2491 2492 2493 2494 2495 2496 2497 2498 2500 2502 2503 2504 2505 2506 2507 2508 2509 2510 2511 2512 2513 2514 2515 2516 2517 2518 2519 2520 2521 2522 2523 2524 2525 2526 2527 2528 2529 2530 2531 2532 2533 2534 2535 2536 2537 2538 2539 2540 2541 2542 2543 2544 2545 2546 2547 2548 2549 2550 2551 2552 2553 2554 2556 2558 2559 2560 2561 2562 2563 2564 2566 2568 2569 2570 2571 2572 2573 2574 2576 2578 2579 2580 2581 2582 2583 2584 2585 2586 2587 2588 2589 2590 2592 2594 2595 2596 2597 2598 2599 2600 2601 2602 2603 2604 2605 2606 2607 2608 2609 2610 2611 2612 2613 2614 2615 2616 2618 2620 2621 2622 2623 2624 2626 2628 2629 2630 2631 2632 2634 2636 2637 2638 2641 2644 2645 2646 2647 2648 2649 2650 2653 2656 2657 2658 2659 2660 2663 2666 2667 2668 2669 2670 2671 2672 2673 2674 2675 2676 2677 2678 2679 2680 2681 2682 2684 2686 2689 2692 2693 2694 2695 2696 2698 2700 2701 2702 2703 2704 2705 2706 2707 2708 2709 2710 2711 2712 2713 2714 2718 2722 2725 2728 2729 2730 2731 2732 2733 2734 2735 2736 2737 2738 2739 2740 2741 2742 2743 2744 2745 2746 2747 2748 2749 2750 2751 2752 2753 2754 2755 2756 2757 2758 2759 2760 2761 2762 2763 2764 2765 2766 2767 2768 2769 2770 2772 2774 2775 2776 2777 2778 2780 2782 2783 2784 2785 2786 2787 2788 2789 2790 2791 2792 2793 2794 2795 2796 2797 2798 2799 2800 2801 2802 2803 2804 2805 2806 2807 2808 2809 2810 2811 2812 2813 2814 2815 2816 2817 2818 2819 2820 2822 2824 2825 2826 2827 2828 2830 2832 2833 2834 2835 2836 2837 2838 2839 2840 2841 2842 2843 2844 2845 2846 2847 2848 2849 2850 2851 2852 2853 2854 2855 2856 2857 2858 2859 2860 2861 2862 2863 2864 2865 2866 2867 2868 2869 2870 2871 2872 2873 2874 2875 2876 2877 2878 2879 2880 2881 2882 2883 2884 2885 2886 2887 2888 2889 2890 2892 2894 2895 2896 2897 2898 2900 2902 2903 2904 2905 2906 2907 2908 2909 2910 2911 2912 2913 2914 2915 2916 2917 2918 2919 2920 2921 2922 2923 2924 2925 2926 2927 2928 2929 2930 2931 2932 2933 2934 2935 2936 2937 2938 2939 2940 2941 2942 2944 2946 2947 2948 2949 2950 2952 2954 2955 2956 2957 2958 2960 2962 2963 2964 2965 2966 2967 2968 2969 2970 2971 2972 2973 2974 2976 2978 2979 2980 2982 2984 2985 2986 2987 2988 2991 2994 2995 2996 2997 2998 2999 3000 3001 3002 3003 3004 3009 3014 3015 3016 3017 3018 3019 3020 3021 3022 3023 3024 3025 3026 3027 3028 3029 3030 3031 3032 3033 3034 3035 3036 3038 3040 3041 3042 3043 3044 3046 3048 3049 3050 3051 3052 3053 3054 3055 3056 3057 3058 3059 3060 3061 3062 3063 3064 3065 3066 3068 3070 3071 3072 3073 3074 3075 3076 3077 3078 3079 3080 3081 3082 3083 3084 3086 3088 3089 3090 3091 3092 3093 3094 3095 3096 3097 3098 3099 3100 3101 3102 3103 3104 3105 3106 3107 3108 3110 3112 3113 3114 3115 3116 3117 3118 3119 3120 3121 3122 3123 3124 3125 3126 3127 3128 3129 3130 3132 3134 3135 3136 3137 3138 3139 3140 3141 3142 3143 3144 3145 3146 3147 3148 3149 3150 3151 3152 3153 3154 3156 3158 3159 3160 3161 3162 3163 3164 3165 3166 3167 3168 3169 3170 3171 3172 3174 3176 3177 3178 3179 3180 3182 3184 3185 3186 3187 3188 3189 3190 3191 3192 3193 3194 3195 3196 3197 3198 3200 3202 3203 3204 3205 3206 3207 3208 3209 3210 3212 3214 3215 3216 3217 3218 3220 3222 3223 3224 3225 3226 3227 3228 3229 3230 3231 3232 3233 3234 3235 3236 3237 3238 3239 3240 3241 3242 3243 3244 3245 3246 3247 3248 3249 3250 3252 3254 3255 3256 3257 3258 3260 3262 3263 3264 3265 3266 3268 3270 3271 3272 3273 3274 3276 3278 3279 3280 3281 3282 3284 3286 3287 3288 3289 3290 3292 3294 3295 3296 3297 3298 3300 3302 3303 3304 3305 3306 3307 3308 3309 3310 3311 3312 3313 3314 3315 3316 3318 3320 3321 3322 3323 3324 3325 3326 3327 3328 3329 3330 3331 3332 3333 3334 3337 3340 3342 3344 3345 3346 3347 3348 3349 3350 3351 3352 3353 3354 3355 3356 3357 3358 3359 3360 3361 3362 3363 3364 3365 3366 3368 3370 3371 3372 3373 3374 3375 3376 3377 3378 3379 3380 3381 3382 3383 3384 3386 3388 3389 3390 3391 3392 3393 3394 3395 3396 3397 3398 3399 3400 3401 3402 3403 3404 3405 3406 3407 3408 3409 3410 3411 3412 3413 3414 3417 3420 3421 3422 3423 3424 3425 3426 3427 3428 3429 3430 3431 3432 3433 3434 3435 3436 3437 3438 3440 3442 3443 3444 3445 3446 3447 3448 3449 3450 3451 3452 3453 3454 3455 3456 3458 3460 3461 3462 3463 3464 3466 3468 3469 3470 3471 3472 3474 3476 3477 3478 3479 3480 3481 3482 3483 3484 3485 3486 3487 3488 3489 3490 3492 3494 3495 3496 3497 3498 3500 3502 3503 3504 3505 3506 3507 3508 3509 3510 3511 3512 3513 3514 3515 3516 3517 3518 3519 3520 3521 3522 3523 3524 3525 3526 3527 3528 3529 3530 3531 3532 3533 3534 3535 3536 3537 3538 3539 3540 3541 3542 3544 3546 3547 3548 3549 3550 3551 3552 3553 3554 3555 3556 3557 3558 3560 3562 3563 3564 3565 3566 3567 3568 3569 3570 3571 3572 3573 3574 3575 3576 3578 3580 3581 3582 3583 3584 3585 3586 3588 3590 3591 3592 3593 3594 3595 3596 3597 3598 3599 3600 3601 3602 3603 3604 3605 3606 3608 3610 3611 3612 3613 3614 3616 3618 3619 3620 3621 3622 3624 3626 3627 3628 3629 3630 3631 3632 3633 3634 3635 3636 3637 3638 3639 3640 3641 3642 3643 3644 3645 3646 3647 3648 3649 3650 3652 3654 3655 3656 3657 3658 3659 3660 3661 3662 3663 3664 3665 3666 3667 3668 3670 3672 3673 3674 3675 3676 3677 3678 3680 3682 3683 3684 3685 3686 3687 3688 3689 3690 3691 3692 3693 3694 3695 3696 3697 3698 3699 3700 3704 3708 3709 3710 3711 3712 3714 3716 3717 3718 3719 3720 3722 3724 3725 3726 3727 3728 3730 3732 3733 3734 3735 3736 3741 3746 3747 3748 3749 3750 3752 3754 3755 3756 3757 3758 3759 3760 3761 3762 3764 3766 3767 3768 3769 3770 3771 3772 3773 3774 3775 3776 3777 3778 3779 3780 3781 3782 3783 3784 3785 3786 3787 3788 3789 3790 3792 3794 3795 3796 3797 3798 3799 3800 3801 3802 3803 3804 3805 3806 3807 3808 3809 3810 3811 3812 3813 3814 3815 3816 3817 3818 3819 3820 3821 3822 3826 3830 3831 3832 3833 3834 3835 3836 3837 3838 3839 3840 3842 3844 3845 3846 3847 3848 3849 3850 3851 3852 3853 3854 3855 3856 3857 3858 3859 3860 3861 3862 3863 3864 3865 3866 3868 3870 3871 3872 3873 3874 3876 3878 3879 3880 3881 3882 3884 3886 3887 3888 3889 3890 3892 3894 3895 3896 3897 3898 3899 3900 3901 3902 3903 3904 3905 3906 3907 3908 3909 3910 3911 3912 3915 3918 3919 3920 3921 3922 3923 3924 3925 3926 3927 3928 3930 3932 3933 3934 3935 3936 3938 3940 3941 3942 3943 3944 3946 3948 3949 3950 3951 3952 3954 3956 3957 3958 3959 3960 3962 3964 3965 3966 3967 3968 3970 3972 3973 3974 3975 3976 3977 3978 3979 3980 3981 3982 3983 3984 3985 3986 3988 3990 3991 3992 3993 3994 3996 3998 3999 4000 4001 4002 4003 4004 4005 4006 4007 4008 4009 4010 4011 4012 4014 4016 4017 4018 4019 4020 4021 4022 4024 4026 4027 4028 4029 4030 4031 4032 4033 4034 4036 4038 4039 4040 4041 4042 4043 4044 4045 4046 4047 4048 4049 4050 4051 4052 4053 4054 4055 4056 4057 4058 4059 4060 4061 4062 4063 4064 4065 4066 4067 4068 4069 4070 4071 4072 4074 4076 4077 4078 4079 4080 4082 4084 4085 4086 4088 4090 4091 4092 4093 4094 4095 4096 4098 4100 4101 4102 4103 4104 4105 4106 4107 4108 4109 4110 4111 4112 4113 4114 4115 4116 4117 4118 4119 4120 4122 4124 4125 4126 4127 4128 4129 4130 4131 4132 4133 4134 4135 4136 4137 4138 4139 4140 4141 4142 4143 4144 4145 4146 4147 4148 4149 4150 4151 4152 4153 4154 4155 4156 4157 4158 4159 4160 4161 4162 4163 4164 4166 4168 4169 4170 4171 4172 4173 4174 4175 4176 4177 4178 4180 4182 4183 4184 4185 4186 4187 4188 4189 4190 4191 4192 4193 4194 4198 4202 4203 4204 4205 4206 4207 4208 4209 4210 4211 4212 4213 4214 4215 4216 4218 4220 4221 4222 4223 4224 4225 4226 4227 4228 4229 4230 4231 4232 4234 4236 4237 4238 4239 4240 4241 4242 4244 4246 4247 4248 4249 4250 4251 4252 4253 4254 4255 4256 4257 4258 4260 4262 4263 4264 4265 4266 4267 4268 4270 4272 4273 4274 4275 4276 4277 4278 4279 4280 4281 4282 4283 4284 4285 4286 4287 4288 4289 4290 4291 4292 4293 4294 4295 4296 4297 4298 4299 4300 4301 4302 4303 4304 4305 4306 4307 4308 4309 4310 4311 4312 4313 4314 4315 4316 4317 4318 4319 4320 4321 4322 4323 4324 4325 4326 4328 4330 4331 4332 4333 4334 4335 4336 4337 4338 4339 4340 4342 4344 4345 4346 4348 4350 4351 4352 4353 4354 4355 4356 4357 4358 4359 4360 4361 4362 4363 4364 4366 4368 4369 4370 4371 4372 4375 4378 4379 4380 4382 4384 4385 4386 4387 4388 4390 4392 4393 4394 4395 4396 4398 4400 4401 4402 4403 4404 4406 4408 4409 4410 4411 4412 4416 4420 4421 4422 4423 4424 4425 4426 4427 4428 4429 4430 4432 4434 4435 4436 4437 4438 4439 4440 4441 4442 4443 4444 4445 4446 4447 4448 4450 4452 4453 4454 4455 4456 4458 4460 4461 4462 4463 4464 4465 4466 4468 4470 4471 4472 4473 4474 4475 4476 4477 4478 4479 4480 4481 4482 4483 4484 4485 4486 4487 4488 4490 4492 4493 4494 4495 4496 4498 4500 4501 4502 4503 4504 4505 4506 4507 4508 4510 4512 4513 4514 4515 4516 4517 4518 4519 4520 4521 4522 4523 4524 4525 4526 4527 4528 4529 4530 4532 4534 4535 4536 4537 4538 4539 4540 4541 4542 4543 4544 4545 4546 4547 4548 4550 4552 4553 4554 4555 4556 4558 4560 4561 4562 4563 4564 4566 4568 4569 4570 4571 4572 4574 4576 4577 4578 4579 4580 4581 4582 4583 4584 4585 4586 4587 4588 4589 4590 4591 4592 4593 4594 4595 4596 4597 4598 4599 4600 4601 4602 4603 4604 4605 4606 4607 4608 4609 4610 4611 4612 4613 4614 4615 4616 4617 4618 4619 4620 4621 4622 4624 4626 4627 4628 4629 4630 4631 4632 4633 4634 4635 4636 4637 4638 4639 4640 4641 4642 4643 4644 4646 4648 4649 4650 4651 4652 4653 4654 4655 4656 4657 4658 4659 4660 4661 4662 4663 4664 4665 4666 4667 4668 4669 4670 4671 4672 4673 4674 4675 4676 4677 4678 4679 4680 4682 4684 4685 4686 4687 4688 4690 4692 4693 4694 4695 4696 4697 4698 4699 4700 4701 4702 4703 4704 4705 4706 4708 4710 4711 4712 4713 4714 4715 4716 4717 4718 4719 4720 4721 4722 4723 4724 4725 4726 4728 4730 4732 4734 4735 4736 4737 4738 4740 4742 4743 4744 4745 4746 4748 4750 4751 4752 4753 4754 4755 4756 4757 4758 4759 4760 4761 4762 4763 4764 4766 4768 4769 4770 4771 4772 4773 4774 4775 4776 4777 4778 4779 4780 4781 4782 4784 4786 4787 4788 4789 4790 4792 4794 4795 4796 4797 4798 4800 4802 4803 4804 4805 4806 4808 4810 4811 4812 4813 4814 4815 4816 4817 4818 4819 4820 4821 4822 4823 4824 4826 4828 4829 4830 4831 4832 4833 4834 4835 4836 4837 4838 4839 4840 4841 4842 4843 4844 4845 4846 4848 4850 4851 4852 4853 4854 4855 4856 4857 4858 4859 4860 4861 4862 4863 4864 4865 4866 4867 4868 4869 4870 4871 4872 4873 4874 4876 4878 4879 4880 4881 4882 4884 4886 4887 4888 4889 4890 4891 4892 4893 4894 4895 4896 4897 4898 4899 4900 4901 4902 4903 4904 4906 4908 4909 4910 4911 4912 4913 4914 4915 4916 4917 4918 4921 4924 4925 4926 4927 4928 4929 4930 4932 4934 4935 4936 4937 4938 4940 4942 4943 4944 4945 4946 4948 4950 4951 4952 4953 4954 4956 4958 4959 4960 4961 4962 4963 4964 4965 4966 4967 4968 4969 4970 4971 4972 4974 4976 4977 4978 4979 4980 4981 4982 4983 4984 4985 4986 4987 4988 4989 4990 4991 4992 4993 4994 4995 4996 4997 4998 4999 5000 5002 5004 5005 5006 5007 5008 5009 5010 5011 5012 5013 5014 5015 5016 5017 5018 5020 5022 5023 5024 5025 5026 5028 5030 5031 5032 5033 5034 5035 5036 5037 5038 5039 5040 5041 5042 5043 5044 5046 5048 5049 5050 5051 5052 5054 5056 5057 5058 5059 5060 5061 5062 5063 5064 5065 5066 5067 5068 5069 5070 5075 5080 5081 5082 5083 5084 5086 5088 5089 5090 5091 5092 5093 5094 5095 5096 5097 5098 5099 5100 5101 5102 5104 5106 5107 5108 5109 5110 5111 5112 5113 5114 5115 5116 5117 5118 5119 5120 5121 5122 5123 5124 5125 5126 5127 5128 5129 5130 5131 5132 5133 5134 5135 5136 5137 5138 5139 5140 5142 5144 5145 5146 5147 5148 5150 5152 5153 5154 5155 5156 5157 5158 5159 5160 5161 5162 5163 5164 5165 5166 5168 5170 5171 5172 5173 5174 5175 5176 5177 5178 5179 5180 5181 5182 5184 5186 5187 5188 5190 5192 5193 5194 5195 5196 5207 5218 5219 5220 5221 5222 5224 5226 5227 5228 5229 5230 5231 5232 5233 5234 5235 5236 5237 5238 5239 5240 5241 5242 5243 5244 5245 5246 5247 5248 5249 5250 5251 5252 5255 5258 5259 5260 5261 5262 5263 5264 5265 5266 5267 5268 5269 5270 5271 5272 5273 5274 5276 5278 5279 5280 5281 5282 5284 5286 5287 5288 5289 5290 5291 5292 5293 5294 5295 5296 5297 5298 5299 5300 5301 5302 5303 5304 5305 5306 5307 5308 5309 5310 5311 5312 5313 5314 5315 5316 5317 5318 5319 5320 5321 5322 5323 5324 5325 5326 5328 5330 5331 5332 5333 5334 5335 5336 5337 5338 5339 5340 5341 5342 5343 5344 5345 5346 5347 5348 5349 5350 5351 5352 5353 5354 5355 5356 5357 5358 5359 5360 5361 5362 5363 5364 5365 5366 5367 5368 5369 5370 5371 5372 5373 5374 5375 5376 5378 5380 5381 5382 5383 5384 5385 5386 5387 5388 5389 5390 5391 5392 5393 5394 5396 5398 5399 5400 5401 5402 5404 5406 5407 5408 5409 5410 5411 5412 5413 5414 5415 5416 5417 5418 5419 5420 5422 5424 5425 5426 5427 5428 5429 5430 5431 5432 5433 5434 5435 5436 5437 5438 5440 5442 5443 5444 5445 5446 5447 5448 5450 5452 5453 5454 5455 5456 5457 5458 5459 5460 5461 5462 5463 5464 5465 5466 5467 5468 5469 5470 5471 5472 5473 5474 5475 5476 5477 5478 5479 5480 5481 5482 5483 5484 5485 5486 5487 5488 5489 5490 5491 5492 5493 5494 5495 5496 5497 5498 5499 5500 5501 5502 5503 5504 5505 5506 5507 5508 5510 5512 5513 5514 5515 5516 5517 5518 5519 5520 5521 5522 5523 5524 5525 5526 5527 5528 5529 5530 5531 5532 5533 5534 5535 5536 5537 5538 5539 5540 5541 5542 5543 5544 5545 5546 5547 5548 5549 5550 5551 5552 5553 5554 5555 5556 5557 5558 5559 5560 5561 5562 5563 5564 5565 5566 5567 5568 5570 5572 5573 5574 5575 5576 5577 5578 5579 5580 5581 5582 5583 5584 5585 5586 5587 5588 5589 5590 5591 5592 5593 5594 5595 5596 5597 5598 5599 5600 5601 5602 5603 5604 5605 5606 5607 5608 5609 5610 5611 5612 5613 5614 5615 5616 5617 5618 5621 5624 5625 5626 5627 5628 5629 5630 5631 5632 5634 5636 5637 5638 5639 5640 5641 5642 5643 5644 5645 5646 5647 5648 5649 5650 5651 5652 5653 5654 5655 5656 5657 5658 5659 5660 5661 5662 5663 5664 5665 5666 5667 5668 5669 5670 5671 5672 5674 5676 5678 5680 5681 5682 5683 5684 5686 5688 5689 5690 5691 5692 5693 5694 5695 5696 5697 5698 5699 5700 5701 5702 5703 5704 5705 5706 5707 5708 5709 5710 5711 5712 5713 5714 5715 5716 5717 5718 5719 5720 5722 5724 5725 5726 5727 5728 5730 5732 5733 5734 5735 5736 5737 5738 5739 5740 5741 5742 5743 5744 5745 5746 5747 5748 5749 5750 5751 5752 5753 5754 5755 5756 5757 5758 5759 5760 5761 5762 5763 5764 5765 5766 5767 5768 5769 5770 5771 5772 5773 5774 5775 5776 5778 5780 5781 5782 5783 5784 5785 5786 5787 5788 5790 5792 5793 5794 5795 5796 5797 5798 5799 5800 5801 5802 5803 5804 5805 5806 5807 5808 5809 5810 5811 5812 5813 5814 5815 5816 5817 5818 5819 5820 5821 5822 5823 5824 5825 5826 5827 5828 5829 5830 5831 5832 5834 5836 5837 5838 5839 5840 5841 5842 5843 5844 5845 5846 5847 5848 5849 5850 5851 5852 5853 5854 5855 5856 5857 5858 5859 5860 5861 5862 5863 5864 5865 5866 5867 5868 5869 5870 5871 5872 5873 5874 5876 5878 5879 5880 5881 5882 5883 5884 5885 5886 5887 5888 5889 5890 5891 5892 5894 5896 5897 5898 5899 5900 5901 5902 5903 5904 5905 5906 5907 5908 5909 5910 5912 5914 5915 5916 5917 5918 5919 5920 5921 5922 5923 5924 5925 5926 5927 5928 5929 5930 5931 5932 5933 5934 5935 5936 5937 5938 5939 5940 5941 5942 5943 5944 5945 5946 5948 5950 5951 5952 5953 5954 5955 5956 5957 5958 5960 5962 5963 5964 5965 5966 5967 5968 5969 5970 5971 5972 5973 5974 5975 5976 5978 5980 5981 5982 5983 5984 5985 5986 5987 5988 5989 5990 5991 5992 5993 5994 5995 5996 5997 5998 5999 6000 6001 6002 6003 6004 6005 6006 6007 6008 6009 6010 6011 6012 6013 6014 6015 6016 6018 6020 6021 6022 6023 6024 6026 6028 6029 6030 6031 6032 6033 6034 6035 6036 6037 6038 6039 6040 6041 6042 6043 6044 6045 6046 6047 6048 6050 6052 6053 6054 6056 6058 6059 6060 6061 6062 6064 6066 6067 6068 6069 6070 6072 6074 6075 6076 6077 6078 6079 6080 6081 6082 6083 6084 6085 6086 6087 6088 6090 6092 6094 6096 6097 6098 6099 6100 6102 6104 6105 6106 6107 6108 6109 6110 6111 6112 6113 6114 6115 6116 6117 6118 6119 6120 6121 6122 6124 6126 6127 6128 6129 6130 6131 6132 6133 6134 6135 6136 6138 6140 6141 6142 6143 6144 6145 6146 6147 6148 6149 6150 6151 6152 6153 6154 6156 6158 6159 6160 6161 6162 6163 6164 6165 6166 6167 6168 6169 6170 6171 6172 6173 6174 6175 6176 6177 6178 6179 6180 6181 6182 6183 6184 6185 6186 6187 6188 6190 6192 6193 6194 6195 6196 6197 6198 6199 6200 6201 6202 6203 6204 6206 6208 6209 6210 6211 6212 6213 6214 6215 6216 6217 6218 6219 6220 6221 6222 6224 6226 6227 6228 6229 6230 6231 6232 6233 6234 6235 6236 6237 6238 6240 6242 6243 6244 6245 6246 6247 6248 6249 6250 6251 6252 6253 6254 6255 6256 6257 6258 6259 6260 6261 6262 6263 6264 6265 6266 6267 6268 6269 6270 6272 6274 6275 6276 6277 6278 6279 6280 6281 6282 6283 6284 6285 6286 6287 6288 6289 6290 6291 6292 6293 6294 6295 6296 6297 6298 6300 6302 6303 6304 6305 6306 6308 6310 6311 6312 6313 6314 6315 6316 6318 6320 6322 6324 6325 6326 6327 6328 6330 6332 6333 6334 6335 6336 6338 6340 6341 6342 6343 6344 6345 6346 6347 6348 6349 6350 6351 6352 6353 6354 6355 6356 6357 6358 6359 6360 6361 6362 6364 6366 6367 6368 6369 6370 6371 6372 6373 6374 6375 6376 6377 6378 6379 6380 6382 6384 6385 6386 6387 6388 6389 6390 6391 6392 6394 6396 6397 6398 6399 6400 6402 6404 6405 6406 6407 6408 6409 6410 6411 6412 6413 6414 6415 6416 6417 6418 6419 6420 6422 6424 6425 6426 6427 6428 6429 6430 6431 6432 6433 6434 6435 6436 6437 6438 6439 6440 6441 6442 6443 6444 6445 6446 6448 6450 6451 6452 6453 6454 6456 6458 6459 6460 6461 6462 6464 6466 6467 6468 6469 6470 6472 6474 6475 6476 6477 6478 6479 6480 6481 6482 6483 6484 6485 6486 6487 6488 6490 6492 6493 6494 6495 6496 6497 6498 6499 6500 6501 6502 6503 6504 6505 6506 6507 6508 6509 6510 6511 6512 6513 6514 6516 6518 6519 6520 6522 6524 6525 6526 6527 6528 6530 6532 6533 6534 6535 6536 6538 6540 6541 6542 6543 6544 6545 6546 6547 6548 6549 6550 6551 6552 6553 6554 6556 6558 6559 6560 6561 6562 6563 6564 6565 6566 6568 6570 6571 6572 6573 6574 6576 6578 6579 6580 6581 6582 6583 6584 6585 6586 6587 6588 6589 6590 6591 6592 6593 6594 6595 6596 6597 6598 6599 6600 6601 6602 6603 6604 6605 6606 6607 6608 6609 6610 6611 6612 6613 6614 6615 6616 6617 6618 6619 6620 6621 6622 6623 6624 6625 6626 6627 6628 6630 6632 6633 6634 6635 6636 6638 6640 6641 6642 6643 6644 6646 6648 6649 6650 6651 6652 6653 6654 6655 6656 6657 6658 6659 6660 6661 6662 6663 6664 6665 6666 6667 6668 6669 6670 6671 6672 6673 6674 6675 6676 6677 6678 6680 6682 6684 6686 6687 6688 6689 6690 6691 6692 6694 6696 6697 6698 6699 6700 6701 6702 6703 6704 6705 6706 6707 6708 6709 6710 6711 6712 6713 6714 6715 6716 6718 6720 6721 6722 6723 6724 6726 6728 6729 6730 6731 6732 6734 6736 6737 6738 6739 6740 6742 6744 6745 6746 6747 6748 6749 6750 6752 6754 6755 6756 6757 6758 6759 6760 6761 6762 6764 6766 6767 6768 6769 6770 6771 6772 6773 6774 6775 6776 6777 6778 6780 6782 6783 6784 6785 6786 6787 6788 6789 6790 6791 6792 6793 6794 6795 6796 6798 6800 6801 6802 6803 6804 6806 6808 6809 6810 6811 6812 6813 6814 6816 6818 6819 6820 6821 6822 6823 6824 6825 6826 6827 6828 6829 6830 6831 6832 6833 6834 6836 6838 6839 6840 6841 6842 6843 6844 6845 6846 6847 6848 6849 6850 6851 6852 6853 6854 6855 6856 6857 6858 6859 6860 6861 6862 6864 6866 6867 6868 6869 6870 6872 6874 6875 6876 6877 6878 6879 6880 6881 6882 6884 6886 6887 6888 6889 6890 6892 6894 6895 6896 6897 6898 6899 6900 6901 6902 6903 6904 6905 6906 6907 6908 6909 6910 6911 6912 6914 6916 6917 6918 6919 6920 6921 6922 6923 6924 6928 6932 6933 6934 6935 6936 6937 6938 6939 6940 6941 6942 6943 6944 6945 6946 6947 6948 6949 6950 6951 6952 6954 6956 6957 6958 6959 6960 6961 6962 6963 6964 6965 6966 6967 6968 6969 6970 6972 6974 6975 6976 6977 6978 6979 6980 6981 6982 6983 6984 6985 6986 6987 6988 6989 6990 6991 6992 6993 6994 6995 6996 6997 6998 7000 7002 7003 7004 7005 7006 7007 7008 7009 7010 7011 7012 7014 7016 7017 7018 7019 7020 7022 7024 7025 7026 7027 7028 7030 7032 7033 7034 7035 7036 7037 7038 7039 7040 7041 7042 7043 7044 7045 7046 7047 7048 7049 7050 7051 7052 7053 7054 7055 7056 7057 7058 7059 7060 7061 7062 7063 7064 7066 7068 7069 7070 7071 7072 7073 7074 7075 7076 7077 7078 7079 7080 7082 7084 7085 7086 7087 7088 7089 7090 7092 7094 7095 7096 7097 7098 7100 7102 7103 7104 7105 7106 7107 7108 7109 7110 7111 7112 7113 7114 7116 7118 7119 7120 7121 7122 7123 7124 7125 7126 7127 7128 7129 7130 7131 7132 7133 7134 7135 7136 7137 7138 7140 7142 7143 7144 7145 7146 7147 7148 7149 7150 7151 7152 7153 7154 7155 7156 7157 7158 7162 7166 7167 7168 7169 7170 7172 7174 7175 7176 7177 7178 7179 7180 7181 7182 7183 7184 7185 7186 7187 7188 7189 7190 7191 7192 7193 7194 7195 7196 7197 7198 7199 7200 7201 7202 7203 7204 7205 7206 7208 7210 7211 7212 7213 7214 7215 7216 7217 7218 7219 7220 7221 7222 7224 7226 7227 7228 7229 7230 7231 7232 7233 7234 7235 7236 7237 7238 7239 7240 7241 7242 7243 7244 7245 7246 7247 7248 7249 7250 7251 7252 7253 7254 7255 7256 7257 7258 7259 7260 7261 7262 7263 7264 7265 7266 7267 7268 7269 7270 7271 7272 7273 7274 7275 7276 7277 7278 7279 7280 7281 7282 7283 7284 7285 7286 7287 7288 7289 7290 7291 7292 7293 7294 7295 7296 7297 7298 7299 7300 7301 7302 7303 7304 7305 7306 7307 7308 7309 7310 7311 7312 7313 7314 7315 7316 7318 7320 7321 7322 7323 7324 7325 7326 7327 7328 7329 7330 7331 7332 7333 7334 7335 7336 7337 7338 7339 7340 7341 7342 7344 7346 7347 7348 7349 7350 7351 7352 7356 7360 7361 7362 7363 7364 7366 7368 7369 7370 7371 7372 7373 7374 7375 7376 7377 7378 7379 7380 7381 7382 7383 7384 7385 7386 7387 7388 7389 7390 7391 7392 7393 7394 7395 7396 7397 7398 7399 7400 7401 7402 7403 7404 7405 7406 7407 7408 7409 7410 7412 7414 7415 7416 7417 7418 7420 7422 7423 7424 7425 7426 7428 7430 7431 7432 7433 7434 7435 7436 7437 7438 7439 7440 7441 7442 7443 7444 7445 7446 7447 7448 7449 7450 7451 7452 7454 7456 7457 7458 7459 7460 7461 7462 7463 7464 7465 7466 7467 7468 7469 7470 7472 7474 7475 7476 7477 7478 7479 7480 7481 7482 7483 7484 7485 7486 7487 7488 7489 7490 7491 7492 7493 7494 7495 7496 7497 7498 7499 7500 7501 7502 7503 7504 7505 7506 7507 7508 7509 7510 7511 7512 7513 7514 7515 7516 7517 7518 7519 7520 7521 7522 7523 7524 7525 7526 7527 7528 7529 7530 7531 7532 7533 7534 7535 7536 7537 7538 7539 7540 7541 7542 7543 7544 7545 7546 7547 7548 7550 7552 7553 7554 7555 7556 7557 7558 7559 7560 7561 7562 7563 7564 7565 7566 7567 7568 7569 7570 7571 7572 7573 7574 7575 7576 7577 7578 7579 7580 7581 7582 7583 7584 7585 7586 7588 7590 7591 7592 7593 7594 7595 7596 7597 7598 7599 7600 7601 7602 7603 7604 7605 7606 7607 7608 7609 7610 7611 7612 7613 7614 7616 7618 7619 7620 7621 7622 7623 7624 7625 7626 7627 7628 7630 7632 7633 7634 7635 7636 7637 7638 7639 7640 7641 7642 7643 7644 7645 7646 7647 7648 7649 7650 7652 7654 7655 7656 7657 7658 7660 7662 7663 7664 7665 7666 7668 7670 7671 7672 7673 7674 7675 7676 7677 7678 7679 7680 7681 7682 7684 7686 7687 7688 7689 7690 7691 7692 7693 7694 7695 7696 7697 7698 7699 7700 7701 7702 7704 7706 7707 7708 7709 7710 7711 7712 7713 7714 7715 7716 7717 7718 7719 7720 7721 7722 7723 7724 7725 7726 7727 7728 7729 7730 7732 7734 7735 7736 7737 7738 7739 7740 7741 7742 7743 7744 7745 7746 7747 7748 7750 7752 7753 7754 7755 7756 7757 7758 7759 7760 7761 7762 7763 7764 7765 7766 7767 7768 7770 7772 7773 7774 7775 7776 7777 7778 7779 7780 7781 7782 7783 7784 7785 7786 7788 7790 7791 7792 7793 7794 7796 7798 7799 7800 7801 7802 7803 7804 7805 7806 7807 7808 7809 7810 7812 7814 7815 7816 7817 7818 7820 7822 7823 7824 7825 7826 7828 7830 7831 7832 7833 7834 7836 7838 7839 7840 7841 7842 7844 7846 7847 7848 7849 7850 7851 7852 7853 7854 7855 7856 7857 7858 7859 7860 7861 7862 7863 7864 7865 7866 7867 7868 7869 7870 7872 7874 7875 7876 7877 7878 7880 7882 7883 7884 7885 7886 7888 7890 7891 7892 7893 7894 7896 7898 7899 7900 7901 7902 7903 7904 7906 7908 7909 7910 7911 7912 7914 7916 7917 7918 7919 7920 7921 7922 7923 7924 7929 7934 7935 7936 7937 7938 7939 7940 7941 7942 7944 7946 7947 7948 7949 7950 7952 7954 7955 7956 7957 7958 7960 7962 7963 7964 7965 7966 7968 7970 7971 7972 7973 7974 7977 7980 7982 7984 7985 7986 7987 7988 7989 7990 7991 7992 7993 7994 7995 7996 7998 8000 8001 8002 8003 8004 8005 8006 8007 8008 8009 8010 8011 8012 8013 8014 8016 8018 8019 8020 8021 8022 8024 8026 8027 8028 8029 8030 8032 8034 8035 8036 8037 8038 8039 8040 8041 8042 8043 8044 8045 8046 8047 8048 8050 8052 8053 8054 8055 8056 8057 8058 8059 8060 8061 8062 8063 8064 8065 8066 8067 8068 8069 8070 8071 8072 8073 8074 8075 8076 8077 8078 8079 8080 8081 8082 8083 8084 8086 8088 8089 8090 8091 8092 8093 8094 8096 8098 8099 8100 8101 8102 8104 8106 8107 8108 8109 8110 8112 8114 8115 8116 8117 8118 8119 8120 8121 8122 8123 8124 8125 8126 8128 8130 8131 8132 8133 8134 8136 8138 8139 8140 8141 8142 8143 8144 8145 8146 8147 8148 8149 8150 8151 8152 8153 8154 8156 8158 8159 8160 8161 8162 8163 8164 8166 8168 8169 8170 8171 8172 8174 8176 8177 8178 8179 8180 8182 8184 8185 8186 8187 8188 8190 8192 8193 8194 8195 8196 8198 8200 8201 8202 8203 8204 8205 8206 8207 8208 8209 8210 8211 8212 8213 8214 8215 8216 8217 8218 8220 8222 8223 8224 8225 8226 8227 8228 8229 8230 8231 8232 8234 8236 8237 8238 8239 8240 8241 8242 8244 8246 8247 8248 8249 8250 8251 8252 8253 8254 8255 8256 8257 8258 8259 8260 8261 8262 8263 8264 8265 8266 8270 8274 8275 8276 8277 8278 8279 8280 8282 8284 8285 8286 8287 8288 8289 8290 8291 8292 8293 8294 8295 8296 8297 8298 8299 8300 8301 8302 8303 8304 8305 8306 8307 8308 8309 8310 8311 8312 8313 8314 8316 8318 8319 8320 8321 8322 8323 8324 8326 8328 8329 8330 8332 8334 8335 8336 8337 8338 8340 8342 8343 8344 8346 8348 8349 8350 8351 8352 8353 8354 8355 8356 8357 8358 8359 8360 8362 8364 8365 8366 8367 8368 8370 8372 8373 8374 8375 8376 8378 8380 8381 8382 8383 8384 8386 8388 8390 8392 8393 8394 8395 8396 8397 8398 8399 8400 8401 8402 8404 8406 8407 8408 8409 8410 8411 8412 8413 8414 8415 8416 8417 8418 8419 8420 8422 8424 8425 8426 8427 8428 8429 8430 8431 8432 8433 8434 8435 8436 8437 8438 8439 8440 8441 8442 8443 8444 8445 8446 8447 8448 8449 8450 8451 8452 8453 8454 8456 8458 8459 8460 8461 8462 8463 8464 8465 8466 8467 8468 8469 8470 8471 8472 8473 8474 8476 8478 8481 8484 8486 8488 8489 8490 8491 8492 8494 8496 8497 8498 8499 8500 8501 8502 8503 8504 8505 8506 8507 8508 8509 8510 8512 8514 8515 8516 8517 8518 8519 8520 8521 8522 8523 8524 8525 8526 8527 8528 8530 8532 8533 8534 8535 8536 8537 8538 8539 8540 8541 8542 8543 8544 8545 8546 8547 8548 8549 8550 8551 8552 8553 8554 8555 8556 8557 8558 8559 8560 8561 8562 8563 8564 8565 8566 8568 8570 8571 8572 8573 8574 8575 8576 8577 8578 8579 8580 8581 8582 8583 8584 8585 8586 8587 8588 8589 8590 8591 8592 8594 8596 8597 8598 8599 8600 8602 8604 8605 8606 8607 8608 8609 8610 8612 8614 8615 8616 8617 8618 8620 8622 8623 8624 8625 8626 8627 8628 8629 8630 8631 8632 8633 8634 8635 8636 8637 8638 8639 8640 8641 8642 8643 8644 8645 8646 8648 8650 8651 8652 8653 8654 8656 8658 8659 8660 8661 8662 8664 8666 8667 8668 8669 8670 8672 8674 8675 8676 8677 8678 8679 8680 8684 8688 8689 8690 8691 8692 8694 8696 8697 8698 8699 8700 8701 8702 8707 8712 8713 8714 8715 8716 8717 8718 8719 8720 8721 8722 8723 8724 8725 8726 8727 8728 8729 8730 8731 8732 8733 8734 8735 8736 8737 8738 8739 8740 8741 8742 8743 8744 8746 8748 8749 8750 8751 8752 8754 8756 8757 8758 8759 8760 8762 8764 8765 8766 8767 8768 8769 8770 8771 8772 8773 8774 8775 8776 8777 8778 8780 8782 8783 8784 8785 8786 8787 8788 8789 8790 8791 8792 8794 8796 8797 8798 8799 8800 8802 8804 8805 8806 8807 8808 8809 8810 8811 8812 8813 8814 8815 8816 8817 8818 8820 8822 8823 8824 8825 8826 8828 8830 8831 8832 8833 8834 8835 8836 8837 8838 8839 8840 8841 8842 8843 8844 8845 8846 8847 8848 8849 8850 8851 8852 8853 8854 8855 8856 8857 8858 8859 8860 8861 8862 8863 8864 8865 8866 8868 8870 8871 8872 8873 8874 8876 8878 8879 8880 8881 8882 8883 8884 8885 8886 8887 8888 8889 8890 8891 8892 8893 8894 8895 8896 8897 8898 8899 8900 8901 8902 8903 8904 8905 8906 8907 8908 8909 8910 8911 8912 8913 8914 8919 8924 8925 8926 8927 8928 8930 8932 8933 8934 8935 8936 8937 8938 8940 8942 8943 8944 8945 8946 8947 8948 8949 8950 8952 8954 8955 8956 8957 8958 8960 8962 8963 8964 8965 8966 8968 8970 8971 8972 8973 8974 8976 8978 8979 8980 8981 8982 8983 8984 8985 8986 8987 8988 8989 8990 8991 8992 8993 8994 8995 8996 8997 8998 8999 9000 9001 9002 9003 9004 9005 9006 9007 9008 9009 9010 9011 9012 9013 9014 9015 9016 9017 9018 9019 9020 9021 9022 9023 9024 9025 9026 9027 9028 9029 9030 9031 9032 9033 9034 9036 9038 9039 9040 9041 9042 9043 9044 9045 9046 9047 9048 9049 9050 9051 9052 9053 9054 9056 9058 9059 9060 9061 9062 9064 9066 9067 9068 9069 9070 9071 9072 9073 9074 9075 9076 9077 9078 9080 9082 9083 9084 9085 9086 9088 9090 9091 9092 9093 9094 9095 9096 9097 9098 9099 9100 9101 9102 9104 9106 9107 9108 9109 9110 9112 9114 9115 9116 9117 9118 9119 9120 9121 9122 9123 9124 9125 9126 9127 9128 9130 9132 9133 9134 9135 9136 9137 9138 9139 9140 9141 9142 9143 9144 9145 9146 9147 9148 9149 9150 9151 9152 9153 9154 9155 9156 9157 9158 9159 9160 9161 9162 9163 9164 9166 9168 9169 9170 9171 9172 9173 9174 9175 9176 9177 9178 9179 9180 9181 9182 9183 9184 9185 9186 9188 9190 9191 9192 9193 9194 9196 9198 9199 9200 9201 9202 9203 9204 9205 9206 9207 9208 9209 9210 9211 9212 9213 9214 9215 9216 9217 9218 9219 9220 9222 9224 9225 9226 9227 9228 9230 9232 9233 9234 9235 9236 9237 9238 9239 9240 9241 9242 9243 9244 9245 9246 9247 9248 9250 9252 9253 9254 9255 9256 9257 9258 9259 9260 9261 9262 9263 9264 9265 9266 9267 9268 9270 9272 9273 9274 9275 9276 9278 9280 9281 9282 9284 9286 9287 9288 9290 9292 9293 9294 9295 9296 9297 9298 9299 9300 9301 9302 9303 9304 9305 9306 9307 9308 9309 9310 9311 9312 9313 9314 9315 9316 9317 9318 9319 9320 9321 9322 9323 9324 9325 9326 9327 9328 9329 9330 9331 9332 9333 9334 9335 9336 9337 9338 9339 9340 9341 9342 9343 9344 9345 9346 9347 9348 9349 9350 9353 9356 9358 9360 9361 9362 9363 9364 9366 9368 9369 9370 9371 9372 9374 9376 9377 9378 9379 9380 9382 9384 9385 9386 9387 9388 9389 9390 9391 9392 9393 9394 9395 9396 9397 9398 9400 9402 9403 9404 9405 9406 9408 9410 9411 9412 9413 9414 9415 9416 9418 9420 9421 9422 9423 9424 9426 9428 9429 9430 9431 9432 9433 9434 9435 9436 9438 9440 9441 9442 9443 9444 9445 9446 9447 9448 9449 9450 9451 9452 9453 9454 9455 9456 9457 9458 9459 9460 9461 9462 9463 9464 9465 9466 9467 9468 9471 9474 9475 9476 9477 9478 9479 9480 9481 9482 9484 9486 9487 9488 9489 9490 9491 9492 9493 9494 9495 9496 9497 9498 9500 9502 9503 9504 9505 9506 9507 9508 9510 9512 9513 9514 9515 9516 9517 9518 9519 9520 9521 9522 9523 9524 9525 9526 9528 9530 9531 9532 9533 9534 9536 9538 9539 9540 9541 9542 9543 9544 9545 9546 9547 9548 9549 9550 9551 9552 9553 9554 9555 9556 9557 9558 9559 9560 9561 9562 9563 9564 9565 9566 9567 9568 9569 9570 9571 9572 9573 9574 9575 9576 9577 9578 9579 9580 9581 9582 9584 9586 9587 9588 9589 9590 9591 9592 9593 9594 9595 9596 9597 9598 9599 9600 9602 9604 9605 9606 9607 9608 9609 9610 9611 9612 9613 9614 9615 9616 9617 9618 9619 9620 9621 9622 9623 9624 9625 9626 9627 9628 9629 9630 9631 9632 9633 9634 9635 9636 9637 9638 9639 9640 9642 9644 9645 9646 9647 9648 9649 9650 9651 9652 9653 9654 9655 9656 9657 9658 9659 9660 9662 9664 9665 9666 9667 9668 9670 9672 9673 9674 9675 9676 9677 9678 9679 9680 9681 9682 9683 9684 9685 9686 9687 9688 9689 9690 9691 9692 9693 9694 9696 9698 9699 9700 9701 9702 9703 9704 9705 9706 9707 9708 9709 9710 9711 9712 9713 9714 9716 9718 9719 9720 9721 9722 9723 9724 9726 9728 9729 9730 9731 9732 9733 9734 9735 9736 9737 9738 9739 9740 9741 9742 9744 9746 9747 9748 9749 9750 9751 9752 9753 9754 9755 9756 9757 9758 9759 9760 9761 9762 9763 9764 9765 9766 9767 9768 9769 9770 9771 9772 9774 9776 9777 9778 9779 9780 9781 9782 9783 9784 9785 9786 9787 9788 9789 9790 9791 9792 9793 9794 9795 9796 9797 9798 9799 9800 9801 9802 9803 9804 9805 9806 9807 9808 9810 9812 9813 9814 9815 9816 9818 9820 9821 9822 9823 9824 9825 9826 9827 9828 9829 9830 9831 9832 9833 9834 9835 9836 9837 9838 9839 9840 9841 9842 9843 9844 9846 9848 9849 9850 9851 9852 9854 9856 9857 9858 9859 9860 9862 9864 9865 9866 9867 9868 9869 9870 9871 9872 9873 9874 9875 9876 9877 9878 9879 9880 9881 9882 9883 9884 9885 9886 9887 9888 9889 9890 9891 9892 9893 9894 9896 9898 9900 9902 9903 9904 9905 9906 9907 9908 9909 9910 9911 9912 9913 9914 9916 9918 9919 9920 9921 9922 9924 9926 9927 9928 9929 9930 9931 9932 9933 9934 9935 9936 9937 9938 9939 9940 9942 9944 9945 9946 9947 9948 9949 9950 9952 9954 9955 9956 9957 9958 9959 9960 9961 9962 9966 9970 9971 9972 9973 9974 9975 9976 9977 9978 9979 9980 9981 9982 9983 9984 9985 9986 9987 9988 9990 9992 9993 9994 9995 9996 9998 10000 10001 10002 10003 10004 10005 10006 10008 10010 10011 10012 10013 10014 10015 10016 10017 10018 10019 10020 10021 10022 10023 10024 10025 10026 10028 10030 10031 10032 10033 10034 10035 10036 10037 10038 10039 10040 10042 10044 10045 10046 10047 10048 10049 10050 10051 10052 10053 10054 10055 10056 10057 10058 10059 10060 10061 10062 10063 10064 10065 10066 10067 10068 10070 10072 10073 10074 10075 10076 10078 10080 10081 10082 10083 10084 10085 10086 10087 10088 10089 10090 10091 10092 10093 10094 10095 10096 10097 10098 10099 10100 10101 10102 10103 10104 10105 10106 10107 10108 10109 10110 10111 10112 10113 10114 10115 10116 10117 10118 10119 10120 10121 10122 10123 10124 10125 10126 10127 10128 10129 10130 10131 10132 10133 10134 10135 10136 10137 10138 10139 10140 10141 10142 10143 10144 10146 10148 10149 10150 10151 10152 10154 10156 10157 10158 10159 10160 10161 10162 10163 10164 10165 10166 10167 10168 10169 10170 10171 10172 10173 10174 10175 10176 10177 10178 10179 10180 10181 10182 10183 10184 10185 10186 10188 10190 10191 10192 10195 10198 10199 10200 10201 10202 10203 10204 10205 10206 10207 10208 10209 10210 10211 10212 10213 10214 10216 10218 10219 10220 10221 10222 10224 10226 10227 10228 10229 10230 10231 10232 10233 10234 10235 10236 10237 10238 10240 10242 10243 10244 10245 10246 10248 10250 10251 10252 10253 10254 10255 10256 10257 10258 10259 10260 10261 10262 10264 10266 10267 10268 10269 10270 10272 10274 10275 10276 10277 10278 10279 10280 10281 10282 10283 10284 10285 10286 10288 10290 10291 10292 10293 10294 10295 10296 10297 10298 10299 10300 10301 10302 10303 10304 10305 10306 10307 10308 10309 10310 10311 10312 10313 10314 10315 10316 10317 10318 10319 10320 10321 10322 10323 10324 10325 10326 10327 10328 10329 10330 10331 10332 10333 10334 10335 10336 10337 10338 10339 10340 10341 10342 10343 10344 10345 10346 10347 10348 10349 10350 10351 10352 10353 10354 10355 10356 10357 10358 10359 10360 10361 10362 10363 10364 10365 10366 10367 10368 10369 10370 10371 10372 10374 10376 10377 10378 10379 10380 10381 10382 10383 10384 10385 10386 10388 10390 10392 10394 10395 10396 10397 10398 10399 10400 10401 10402 10403 10404 10407 10410 10412 10414 10415 10416 10417 10418 10419 10420 10421 10422 10423 10424 10425 10426 10427 10428 10429 10430 10431 10432 10433 10434 10435 10436 10437 10438 10440 10442 10443 10444 10445 10446 10448 10450 10451 10452 10453 10454 10456 10458 10459 10460 10461 10462 10463 10464 10465 10466 10467 10468 10469 10470 10471 10472 10473 10474 10475 10476 10477 10478 10479 10480 10481 10482 10483 10484 10485 10486 10487 10488 10489 10490 10491 10492 10493 10494 10495 10496 10497 10498 10499 10500 10501 10502 10503 10504 10505 10506 10507 10508 10509 10510 10512 10514 10515 10516 10517 10518 10519 10520 10522 10524 10525 10526 10527 10528 10529 10530 10531 10532 10533 10534 10535 10536 10537 10538 10539 10540 10541 10542 10543 10544 10545 10546 10547 10548 10549 10550 10551 10552 10553 10554 10555 10556 10557 10558 10559 10560 10561 10562 10567 10572 10573 10574 10577 10580 10582 10584 10585 10586 10587 10588 10590 10592 10593 10594 10595 10596 10597 10598 10599 10600 10601 10602 10603 10604 10605 10606 10608 10610 10612 10614 10615 10616 10617 10618 10620 10622 10623 10624 10625 10626 10631 10636 10637 10638 10639 10640 10642 10644 10645 10646 10647 10648 10649 10650 10651 10652 10653 10654 10655 10656 10657 10658 10659 10660 10662 10664 10665 10666 10667 10668 10669 10670 10671 10672 10673 10674 10675 10676 10677 10678 10679 10680 10682 10684 10685 10686 10687 10688 10690 10692 10693 10694 10695 10696 10698 10700 10701 10702 10703 10704 10705 10706 10707 10708 10709 10710 10711 10712 10713 10714 10715 10716 10717 10718 10719 10720 10721 10722 10723 10724 10725 10726 10727 10728 10729 10730 10731 10732 10733 10734 10735 10736 10737 10738 10739 10740 10741 10742 10743 10744 10745 10746 10747 10748 10749 10750 10751 10752 10753 10754 10755 10756 10757 10758 10759 10760 10761 10762 10763 10764 10765 10766 10767 10768 10769 10770 10771 10772 10773 10774 10775 10776 10777 10778 10779 10780 10782 10784 10785 10786 10787 10788 10789 10790 10791 10792 10793 10794 10795 10796 10797 10798 10799 10800 10801 10802 10803 10804 10805 10806 10807 10808 10809 10810 10811 10812 10813 10814 10815 10816 10817 10818 10820 10822 10823 10824 10825 10826 10827 10828 10829 10830 10831 10832 10833 10834 10835 10836 10837 10838 10839 10840 10841 10842 10843 10844 10846 10848 10849 10850 10851 10852 10854 10856 10857 10858 10859 10860 10861 10862 10863 10864 10865 10866 10867 10868 10869 10870 10872 10874 10875 10876 10877 10878 10879 10880 10881 10882 10884 10886 10887 10888 10889 10890 10891 10892 10893 10894 10895 10896 10897 10898 10899 10900 10901 10902 10904 10906 10908 10910 10911 10912 10913 10914 10915 10916 10917 10918 10919 10920 10921 10922 10923 10924 10926 10928 10929 10930 10931 10932 10934 10936 10937 10938 10939 10940 10942 10944 10945 10946 10947 10948 10950 10952 10953 10954 10955 10956 10958 10960 10961 10962 10963 10964 10966 10968 10969 10970 10971 10972 10973 10974 10976 10978 10979 10980 10981 10982 10984 10986 10987 10988 10989 10990 10992 10994 10995 10996 10997 10998 11000 11002 11003 11004 11005 11006 11007 11008 11009 11010 11011 11012 11013 11014 11016 11018 11019 11020 11021 11022 11024 11026 11027 11028 11029 11030 11032 11034 11035 11036 11037 11038 11039 11040 11042 11044 11045 11046 11047 11048 11050 11052 11053 11054 11055 11056 11057 11058 11059 11060 11061 11062 11063 11064 11065 11066 11067 11068 11070 11072 11074 11076 11077 11078 11079 11080 11081 11082 11083 11084 11085 11086 11087 11088 11089 11090 11091 11092 11094 11096 11097 11098 11099 11100 11101 11102 11103 11104 11105 11106 11107 11108 11109 11110 11111 11112 11113 11114 11115 11116 11117 11118 11119 11120 11121 11122 11123 11124 11125 11126 11127 11128 11129 11130 11131 11132 11134 11136 11137 11138 11139 11140 11142 11144 11145 11146 11147 11148 11149 11150 11151 11152 11153 11154 11155 11156 11157 11158 11159 11160 11161 11162 11163 11164 11165 11166 11167 11168 11170 11172 11173 11174 11175 11176 11177 11178 11179 11180 11181 11182 11183 11184 11185 11186 11187 11188 11189 11190 11191 11192 11193 11194 11196 11198 11199 11200 11201 11202 11203 11204 11205 11206 11207 11208 11209 11210 11211 11212 11213 11214 11215 11216 11217 11218 11219 11220 11221 11222 11224 11226 11228 11230 11231 11232 11233 11234 11235 11236 11237 11238 11239 11240 11241 11242 11243 11244 11245 11246 11247 11248 11249 11250 11252 11254 11255 11256 11257 11258 11260 11262 11263 11264 11265 11266 11267 11268 11269 11270 11271 11272 11273 11274 11275 11276 11277 11278 11279 11280 11281 11282 11283 11284 11285 11286 11287 11288 11289 11290 11291 11292 11293 11294 11295 11296 11297 11298 11299 11300 11301 11302 11303 11304 11309 11314 11315 11316 11317 11318 11319 11320 11321 11322 11323 11324 11325 11326 11328 11330 11331 11332 11333 11334 11336 11338 11339 11340 11341 11342 11343 11344 11345 11346 11347 11348 11349 11350 11351 11352 11353 11354 11355 11356 11357 11358 11359 11360 11362 11364 11365 11366 11367 11368 11370 11372 11373 11374 11375 11376 11377 11378 11379 11380 11381 11382 11383 11384 11385 11386 11387 11388 11389 11390 11391 11392 11393 11394 11395 11396 11397 11398 11399 11400 11401 11402 11403 11404 11405 11406 11407 11408 11410 11412 11413 11414 11415 11416 11417 11418 11419 11420 11421 11422 11423 11424 11425 11426 11427 11428 11430 11432 11433 11434 11435 11436 11438 11440 11441 11442 11443 11444 11445 11446 11447 11448 11449 11450 11451 11452 11453 11454 11455 11456 11457 11458 11459 11460 11461 11462 11463 11464 11466 11468 11469 11470 11471 11472 11474 11476 11477 11478 11479 11480 11482 11484 11485 11486 11487 11488 11489 11490 11491 11492 11493 11494 11495 11496 11497 11498 11499 11500 11502 11504 11505 11506 11507 11508 11509 11510 11511 11512 11513 11514 11515 11516 11518 11520 11521 11522 11523 11524 11526 11528 11529 11530 11531 11532 11533 11534 11536 11538 11539 11540 11541 11542 11543 11544 11545 11546 11547 11548 11549 11550 11552 11554 11555 11556 11557 11558 11559 11560 11561 11562 11563 11564 11565 11566 11567 11568 11569 11570 11571 11572 11573 11574 11575 11576 11577 11578 11579 11580 11581 11582 11583 11584 11585 11586 11587 11588 11589 11590 11591 11592 11593 11594 11595 11596 11597 11598 11599 11600 11601 11602 11603 11604 11605 11606 11607 11608 11609 11610 11611 11612 11613 11614 11615 11616 11617 11618 11621 11624 11625 11626 11627 11628 11629 11630 11632 11634 11635 11636 11637 11638 11639 11640 11641 11642 11643 11644 11645 11646 11647 11648 11649 11650 11651 11652 11654 11656 11657 11658 11659 11660 11661 11662 11663 11664 11665 11666 11667 11668 11669 11670 11671 11672 11673 11674 11675 11676 11677 11678 11679 11680 11682 11684 11685 11686 11687 11688 11689 11690 11691 11692 11693 11694 11695 11696 11697 11698 11699 11700 11701 11702 11703 11704 11705 11706 11707 11708 11710 11712 11713 11714 11715 11716 11717 11718 11719 11720 11721 11722 11723 11724 11725 11726 11727 11728 11729 11730 11731 11732 11733 11734 11735 11736 11738 11740 11741 11742 11743 11744 11745 11746 11747 11748 11749 11750 11751 11752 11753 11754 11755 11756 11757 11758 11759 11760 11761 11762 11764 11766 11767 11768 11769 11770 11772 11774 11775 11776 11777 11778 11779 11780 11781 11782 11783 11784 11785 11786 11787 11788 11789 11790 11791 11792 11793 11794 11795 11796 11797 11798 11799 11800 11801 11802 11803 11804 11805 11806 11807 11808 11810 11812 11813 11814 11815 11816 11817 11818 11819 11820 11821 11822 11823 11824 11826 11828 11829 11830 11831 11832 11833 11834 11835 11836 11837 11838 11839 11840 11841 11842 11843 11844 11845 11846 11847 11848 11849 11850 11852 11854 11855 11856 11857 11858 11859 11860 11861 11862 11863 11864 11865 11866 11867 11868 11869 11870 11871 11872 11873 11874 11875 11876 11877 11878 11879 11880 11881 11882 11883 11884 11885 11886 11887 11888 11889 11890 11891 11892 11893 11894 11895 11896 11897 11898 11899 11900 11901 11902 11904 11906 11907 11908 11909 11910 11911 11912 11913 11914 11915 11916 11917 11918 11919 11920 11922 11924 11925 11926 11927 11928 11929 11930 11931 11932 11933 11934 11936 11938 11939 11940 11942 11944 11945 11946 11947 11948 11949 11950 11951 11952 11954 11956 11957 11958 11959 11960 11961 11962 11964 11966 11967 11968 11969 11970 11971 11972 11973 11974 11975 11976 11977 11978 11983 11988 11989 11990 11991 11992 11993 11994 11996 11998 11999 12000 12001 12002 12003 12004 12005 12006 12007 12008 12010 12012 12013 12014 12015 12016 12017 12018 12019 12020 12021 12022 12023 12024 12025 12026 12027 12028 12029 12030 12031 12032 12033 12034 12035 12036 12037 12038 12039 12040 12042 12044 12045 12046 12047 12048 12049 12050 12052 12054 12055 12056 12057 12058 12059 12060 12061 12062 12063 12064 12065 12066 12067 12068 12069 12070 12071 12072 12073 12074 12075 12076 12077 12078 12079 12080 12081 12082 12083 12084 12085 12086 12087 12088 12089 12090 12091 12092 12093 12094 12095 12096 12097 12098 12099 12100 12101 12102 12103 12104 12105 12106 12108 12110 12111 12112 12113 12114 12115 12116 12118 12120 12121 12122 12123 12124 12125 12126 12127 12128 12130 12132 12133 12134 12135 12136 12137 12138 12139 12140 12141 12142 12143 12144 12145 12146 12147 12148 12149 12150 12151 12152 12153 12154 12155 12156 12158 12160 12161 12162 12163 12164 12166 12168 12169 12170 12171 12172 12173 12174 12175 12176 12177 12178 12179 12180 12181 12182 12183 12184 12185 12186 12187 12188 12189 12190 12191 12192 12193 12194 12196 12198 12199 12200 12201 12202 12204 12206 12207 12208 12209 12210 12211 12212 12213 12214 12216 12218 12219 12220 12221 12222 12223 12224 12225 12226 12227 12228 12229 12230 12231 12232 12234 12236 12237 12238 12239 12240 12241 12242 12243 12244 12245 12246 12247 12248 12249 12250 12251 12252 12253 12254 12255 12256 12257 12258 12260 12262 12263 12264 12265 12266 12268 12270 12271 12272 12273 12274 12275 12276 12277 12278 12279 12280 12281 12282 12283 12284 12285 12286 12287 12288 12289 12290 12291 12292 12293 12294 12295 12296 12297 12298 12299 12300 12301 12302 12303 12304 12305 12306 12307 12308 12309 12310 12311 12312 12314 12316 12317 12318 12319 12320 12321 12322 12323 12324 12325 12326 12327 12328 12330 12332 12333 12334 12335 12336 12337 12338 12339 12340 12341 12342 12343 12344 12345 12346 12347 12348 12349 12350 12351 12352 12353 12354 12355 12356 12357 12358 12359 12360 12361 12362 12363 12364 12365 12366 12367 12368 12369 12370 12371 12372 12373 12374 12375 12376 12377 12378 12379 12380 12381 12382 12383 12384 12385 12386 12387 12388 12389 12390 12391 12392 12393 12394 12395 12396 12397 12398 12399 12400 12401 12402 12403 12404 12405 12406 12407 12408 12409 12410 12411 12412 12413 12414 12415 12416 12418 12420 12421 12422 12425 12428 12429 12430 12433 12436 12439 12442 12443 12444 12445 12446 12447 12448 12449 12450 12452 12454 12455 12456 12457 12458 12459 12460 12461 12462 12463 12464 12465 12466 12467 12468 12470 12472 12473 12474 12475 12476 12477 12478 12479 12480 12481 12482 12483 12484 12485 12486 12487 12488 12489 12490 12491 12492 12493 12494 12495 12496 12497 12498 12499 12500 12502 12504 12505 12506 12507 12508 12509 12510 12511 12512 12513 12514 12515 12516 12517 12518 12519 12520 12521 12522 12523 12524 12525 12526 12527 12528 12529 12530 12531 12532 12533 12534 12535 12536 12537 12538 12539 12540 12542 12544 12545 12546 12547 12548 12549 12550 12551 12552 12553 12554 12556 12558 12559 12560 12561 12562 12564 12566 12567 12568 12569 12570 12572 12574 12575 12576 12577 12578 12579 12580 12582 12584 12585 12586 12587 12588 12590 12592 12593 12594 12595 12596 12597 12598 12599 12600 12601 12602 12603 12604 12605 12606 12607 12608 12609 12610 12611 12612 12613 12614 12615 12616 12617 12618 12619 12620 12621 12622 12623 12624 12625 12626 12627 12628 12629 12630 12631 12632 12634 12636 12637 12638 12639 12640 12641 12642 12643 12644 12645 12646 12647 12648 12649 12650 12652 12654 12655 12656 12657 12658 12660 12662 12663 12664 12665 12666 12667 12668 12669 12670 12671 12672 12673 12674 12675 12676 12677 12678 12679 12680 12681 12682 12683 12684 12685 12686 12688 12690 12691 12692 12693 12694 12695 12696 12697 12698 12699 12700 12701 12702 12705 12708 12709 12710 12714 12718 12719 12720 12721 12722 12724 12726 12727 12728 12729 12730 12731 12732 12733 12734 12735 12736 12737 12738 12739 12740 12741 12742 12743 12744 12745 12746 12747 12748 12749 12750 12751 12752 12753 12754 12755 12756 12758 12760 12761 12762 12763 12764 12766 12768 12769 12770 12771 12772 12773 12774 12776 12778 12779 12780 12781 12782 12783 12784 12785 12786 12788 12790 12791 12792 12793 12794 12795 12796 12797 12798 12799 12800 12801 12802 12803 12804 12806 12808 12809 12810 12811 12812 12814 12816 12817 12818 12819 12820 12821 12822 12823 12824 12825 12826 12827 12828 12829 12830 12831 12832 12833 12834 12835 12836 12837 12838 12839 12840 12841 12842 12844 12846 12847 12848 12849 12850 12851 12852 12853 12854 12855 12856 12857 12858 12859 12860 12861 12862 12863 12864 12865 12866 12867 12868 12869 12870 12871 12872 12873 12874 12875 12876 12877 12878 12879 12880 12881 12882 12883 12884 12885 12886 12888 12890 12891 12892 12893 12894 12896 12898 12899 12900 12901 12902 12904 12906 12907 12908 12909 12910 12912 12914 12915 12916 12917 12918 12919 12920 12921 12922 12923 12924 12925 12926 12927 12928 12930 12932 12933 12934 12935 12936 12937 12938 12939 12940 12941 12942 12943 12944 12945 12946 12947 12948 12949 12950 12951 12952 12953 12954 12955 12956 12957 12958 12959 12960 12961 12962 12963 12964 12965 12966 12967 12968 12970 12972 12973 12974 12975 12976 12978 12980 12981 12982 12983 12984 12985 12986 12988 12990 12992 12994 12996 12998 12999 13000 13001 13002 13003 13004 13005 13006 13007 13008 13009 13010 13011 13012 13013 13014 13015 13016 13017 13018 13019 13020 13021 13022 13023 13024 13025 13026 13027 13028 13029 13030 13031 13032 13033 13034 13035 13036 13037 13038 13039 13040 13041 13042 13044 13046 13047 13048 13049 13050 13051 13052 13053 13054 13055 13056 13057 13058 13059 13060 13061 13062 13064 13066 13067 13068 13069 13070 13071 13072 13073 13074 13075 13076 13077 13078 13080 13082 13083 13084 13085 13086 13087 13088 13089 13090 13091 13092 13094 13096 13097 13098 13099 13100 13101 13102 13103 13104 13105 13106 13107 13108 13109 13110 13111 13112 13113 13114 13115 13116 13117 13118 13119 13120 13121 13122 13123 13124 13125 13126 13128 13130 13131 13132 13133 13134 13135 13136 13138 13140 13141 13142 13143 13144 13145 13146 13147 13148 13149 13150 13151 13152 13154 13156 13157 13158 13159 13160 13162 13164 13165 13166 13167 13168 13169 13170 13171 13172 13173 13174 13175 13176 13177 13178 13179 13180 13181 13182 13183 13184 13185 13186 13189 13192 13193 13194 13195 13196 13197 13198 13199 13200 13201 13202 13203 13204 13205 13206 13207 13208 13209 13210 13212 13214 13215 13216 13217 13218 13219 13220 13221 13222 13223 13224 13225 13226 13227 13228 13229 13230 13231 13232 13233 13234 13235 13236 13237 13238 13239 13240 13242 13244 13245 13246 13247 13248 13249 13250 13251 13252 13253 13254 13255 13256 13257 13258 13259 13260 13261 13262 13263 13264 13265 13266 13267 13268 13269 13270 13271 13272 13273 13274 13275 13276 13278 13280 13281 13282 13283 13284 13285 13286 13287 13288 13289 13290 13291 13292 13293 13294 13295 13296 13297 13298 13299 13300 13302 13304 13305 13306 13307 13308 13309 13310 13311 13312 13313 13314 13315 13316 13317 13318 13319 13320 13321 13322 13323 13324 13325 13326 13327 13328 13329 13330 13331 13332 13333 13334 13335 13336 13337 13338 13339 13340 13342 13344 13345 13346 13347 13348 13350 13352 13353 13354 13355 13356 13357 13358 13359 13360 13361 13362 13363 13364 13365 13366 13368 13370 13371 13372 13373 13374 13375 13376 13377 13378 13379 13380 13381 13382 13383 13384 13385 13386 13387 13388 13389 13390 13392 13394 13395 13396 13397 13398 13399 13400 13401 13402 13403 13404 13405 13406 13407 13408 13409 13410 13411 13412 13413 13414 13415 13416 13417 13418 13419 13420 13421 13422 13423 13424 13425 13426 13427 13428 13429 13430 13431 13432 13434 13436 13437 13438 13439 13440 13442 13444 13445 13446 13447 13448 13450 13452 13453 13454 13455 13456 13457 13458 13460 13462 13463 13464 13466 13468 13469 13470 13471 13472 13473 13474 13477 13480 13482 13484 13485 13486 13487 13488 13489 13490 13491 13492 13493 13494 13496 13498 13500 13502 13503 13504 13506 13508 13509 13510 13511 13512 13514 13516 13517 13518 13519 13520 13522 13524 13525 13526 13527 13528 13529 13530 13531 13532 13533 13534 13535 13536 13537 13538 13539 13540 13541 13542 13543 13544 13545 13546 13547 13548 13549 13550 13551 13552 13553 13554 13555 13556 13557 13558 13559 13560 13561 13562 13563 13564 13565 13566 13567 13568 13569 13570 13571 13572 13573 13574 13575 13576 13577 13578 13579 13580 13581 13582 13583 13584 13585 13586 13587 13588 13589 13590 13591 13592 13594 13596 13597 13598 13599 13600 13601 13602 13603 13604 13605 13606 13607 13608 13609 13610 13612 13614 13615 13616 13617 13618 13620 13622 13623 13624 13625 13626 13627 13628 13629 13630 13632 13634 13635 13636 13637 13638 13640 13642 13643 13644 13645 13646 13647 13648 13649 13650 13651 13652 13653 13654 13655 13656 13657 13658 13659 13660 13661 13662 13663 13664 13666 13668 13669 13670 13671 13672 13673 13674 13675 13676 13677 13678 13679 13680 13681 13682 13684 13686 13687 13688 13689 13690 13691 13692 13693 13694 13695 13696 13697 13698 13699 13700 13701 13702 13703 13704 13705 13706 13707 13708 13709 13710 13711 13712 13713 13714 13715 13716 13717 13718 13719 13720 13721 13722 13723 13724 13725 13726 13727 13728 13729 13730 13731 13732 13733 13734 13735 13736 13737 13738 13739 13740 13741 13742 13743 13744 13745 13746 13747 13748 13749 13750 13751 13752 13753 13754 13755 13756 13757 13758 13759 13760 13761 13762 13763 13764 13765 13766 13767 13768 13769 13770 13771 13772 13773 13774 13775 13776 13777 13778 13779 13780 13781 13782 13783 13784 13785 13786 13787 13788 13789 13790 13791 13792 13793 13794 13795 13796 13797 13798 13799 13800 13801 13802 13803 13804 13805 13806 13807 13808 13809 13810 13811 13812 13813 13814 13815 13816 13817 13818 13819 13820 13821 13822 13823 13824 13825 13826 13828 13830 13831 13832 13833 13834 13836 13838 13839 13840 13841 13842 13843 13844 13845 13846 13847 13848 13849 13850 13852 13854 13855 13856 13858 13860 13861 13862 13863 13864 13866 13868 13869 13870 13871 13872 13874 13876 13877 13878 13879 13880 13881 13882 13883 13884 13885 13886 13887 13888 13890 13892 13893 13894 13895 13896 13897 13898 13899 13900 13901 13902 13903 13904 13905 13906 13907 13908 13909 13910 13911 13912 13913 13914 13915 13916 13917 13918 13919 13920 13921 13922 13923 13924 13925 13926 13927 13928 13930 13932 13933 13934 13935 13936 13937 13938 13940 13942 13943 13944 13945 13946 13947 13948 13949 13950 13951 13952 13953 13954 13955 13956 13958 13960 13961 13962 13963 13964 13965 13966 13967 13968 13969 13970 13971 13972 13973 13974 13976 13978 13979 13980 13981 13982 13983 13984 13985 13986 13987 13988 13989 13990 13991 13992 13993 13994 13995 13996 13997 13998 14000 14002 14003 14004 14005 14006 14007 14008 14009 14010 14011 14012 14013 14014 14015 14016 14017 14018 14020 14022 14023 14024 14025 14026 14028 14030 14031 14032 14033 14034 14035 14036 14037 14038 14040 14042 14043 14044 14045 14046 14047 14048 14049 14050 14051 14052 14053 14054 14055 14056 14057 14058 14059 14060 14061 14062 14063 14064 14065 14066 14067 14068 14069 14070 14071 14072 14073 14074 14075 14076 14077 14078 14079 14080 14082 14084 14085 14086 14087 14088 14089 14090 14095 14100 14101 14102 14103 14104 14105 14106 14107 14108 14109 14110 14112 14114 14115 14116 14117 14118 14119 14120 14121 14122 14123 14124 14125 14126 14127 14128 14129 14130 14131 14132 14133 14134 14135 14136 14137 14138 14140 14142 14143 14144 14146 14148 14149 14150 14151 14152 14153 14154 14155 14156 14157 14158 14159 14160 14161 14162 14163 14164 14165 14166 14167 14168 14169 14170 14172 14174 14175 14176 14177 14178 14179 14180 14182 14184 14185 14186 14187 14188 14189 14190 14191 14192 14193 14194 14195 14196 14197 14198 14199 14200 14201 14202 14203 14204 14205 14206 14208 14210 14211 14212 14213 14214 14215 14216 14217 14218 14219 14220 14221 14222 14224 14226 14227 14228 14229 14230 14231 14232 14233 14234 14235 14236 14238 14240 14241 14242 14243 14244 14245 14246 14247 14248 14249 14250 14251 14252 14253 14254 14255 14256 14257 14258 14260 14262 14263 14264 14265 14266 14268 14270 14271 14272 14273 14274 14275 14276 14277 14278 14279 14280 14281 14282 14283 14284 14285 14286 14287 14288 14289 14290 14291 14292 14293 14294 14295 14296 14299 14302 14303 14304 14305 14306 14307 14308 14310 14312 14313 14314 14315 14316 14317 14318 14319 14320 14321 14322 14324 14326 14327 14328 14329 14330 14331 14332 14333 14334 14335 14336 14337 14338 14339 14340 14341 14342 14343 14344 14345 14346 14347 14348 14349 14350 14351 14352 14353 14354 14355 14356 14357 14358 14359 14360 14361 14362 14363 14364 14365 14366 14367 14368 14369 14370 14374 14378 14379 14380 14381 14382 14383 14384 14385 14386 14387 14388 14389 14390 14391 14392 14393 14394 14395 14396 14397 14398 14399 14400 14401 14402 14403 14404 14405 14406 14407 14408 14409 14410 14411 14412 14413 14414 14415 14416 14417 14418 14419 14420 14421 14422 14423 14424 14425 14426 14427 14428 14429 14430 14431 14432 14433 14434 14436 14438 14439 14440 14441 14442 14443 14444 14445 14446 14447 14448 14449 14450 14451 14452 14454 14456 14457 14458 14459 14460 14462 14464 14465 14466 14467 14468 14469 14470 14471 14472 14473 14474 14475 14476 14477 14478 14479 14480 14481 14482 14483 14484 14485 14486 14487 14488 14489 14490 14491 14492 14493 14494 14495 14496 14497 14498 14499 14500 14502 14504 14505 14506 14507 14508 14509 14510 14511 14512 14513 14514 14515 14516 14517 14518 14519 14520 14521 14522 14523 14524 14525 14526 14527 14528 14529 14530 14531 14532 14533 14534 14535 14536 14537 14538 14539 14540 14541 14542 14543 14544 14545 14546 14547 14548 14549 14550 14551 14552 14553 14554 14555 14556 14557 14558 14559 14560 14561 14562 14563 14564 14565 14566 14567 14568 14569 14570 14571 14572 14573 14574 14575 14576 14577 14578 14579 14580 14581 14582 14583 14584 14585 14586 14588 14590 14591 14592 14593 14594 14596 14598 14599 14600 14601 14602 14603 14604 14605 14606 14607 14608 14609 14610 14611 14612 14613 14614 14616 14618 14619 14620 14621 14622 14623 14624 14625 14626 14627 14628 14629 14630 14631 14632 14633 14634 14635 14636 14637 14638 14639 14640 14641 14642 14643 14644 14645 14646 14647 14648 14649 14650 14651 14652 14653 14654 14655 14656 14658 14660 14661 14662 14663 14664 14665 14666 14667 14668 14669 14670 14671 14672 14673 14674 14675 14676 14677 14678 14679 14680 14681 14682 14683 14684 14685 14686 14687 14688 14689 14690 14691 14692 14693 14694 14695 14696 14698 14700 14701 14702 14703 14704 14705 14706 14707 14708 14709 14710 14711 14712 14713 14714 14715 14716 14717 14718 14719 14720 14721 14722 14723 14724 14726 14728 14729 14730 14731 14732 14733 14734 14735 14736 14737 14738 14739 14740 14741 14742 14744 14746 14747 14748 14749 14750 14752 14754 14755 14756 14757 14758 14760 14762 14763 14764 14765 14766 14768 14770 14771 14772 14773 14774 14775 14776 14777 14778 14779 14780 14781 14782 14783 14784 14785 14786 14787 14788 14789 14790 14791 14792 14793 14794 14795 14796 14797 14798 14799 14800 14801 14802 14803 14804 14805 14806 14807 14808 14809 14810 14811 14812 14813 14814 14815 14816 14817 14818 14819 14820 14822 14824 14825 14826 14827 14828 14829 14830 14831 14832 14833 14834 14839 14844 14845 14846 14847 14848 14849 14850 14851 14852 14853 14854 14855 14856 14857 14858 14860 14862 14863 14864 14865 14866 14867 14868 14869 14870 14871 14872 14873 14874 14875 14876 14877 14878 14879 14880 14881 14882 14883 14884 14885 14886 14887 14888 14890 14892 14893 14894 14895 14896 14897 14898 14899 14900 14901 14902 14903 14904 14905 14906 14907 14908 14910 14912 14913 14914 14915 14916 14918 14920 14921 14922 14923 14924 14925 14926 14927 14928 14929 14930 14931 14932 14933 14934 14935 14936 14937 14938 14939 14940 14941 14942 14943 14944 14945 14946 14947 14948 14949 14950 14951 14952 14953 14954 14955 14956 14957 14958 14959 14960 14961 14962 14963 14964 14965 14966 14967 14968 14969 14970 14971 14972 14973 14974 14976 14978 14979 14980 14981 14982 14983 14984 14985 14986 14987 14988 14989 14990 14991 14992 14993 14994 14996 14998 14999 15000 15001 15002 15003 15004 15005 15006 15007 15008 15009 15010 15011 15012 15013 15014 15015 15016 15017 15018 15019 15020 15021 15022 15023 15024 15025 15026 15027 15028 15029 15030 15031 15032 15033 15034 15035 15036 15037 15038 15039 15040 15041 15042 15043 15044 15045 15046 15047 15048 15049 15050 15051 15052 15053 15054 15055 15056 15057 15058 15059 15060 15061 15062 15063 15064 15065 15066 15067 15068 15069 15070 15071 15072 15073 15074 15075 15076 15077 15078 15079 15080 15081 15082 15083 15084 15085 15086 15087 15088 15089 15090 15091 15092 15093 15094 15095 15096 15097 15098 15099 15100 15101 15102 15103 15104 15105 15106 15108 15110 15111 15112 15113 15114 15116 15118 15119 15120 15121 15122 15123 15124 15125 15126 15127 15128 15129 15130 15131 15132 15133 15134 15135 15136 15138 15140 15141 15142 15143 15144 15146 15148 15149 15150 15151 15152 15154 15156 15157 15158 15159 15160 15162 15164 15165 15166 15167 15168 15170 15172 15173 15174 15175 15176 15177 15178 15179 15180 15181 15182 15183 15184 15186 15188 15189 15190 15191 15192 15194 15196 15197 15198 15199 15200 15201 15202 15203 15204 15205 15206 15207 15208 15209 15210 15211 15212 15213 15214 15215 15216 15217 15218 15219 15220 15222 15224 15225 15226 15227 15228 15229 15230 15232 15234 15235 15236 15238 15240 15241 15242 15243 15244 15245 15246 15247 15248 15249 15250 15251 15252 15253 15254 15256 15258 15259 15260 15261 15262 15263 15264 15267 15270 15271 15272 15273 15274 15275 15276 15277 15278 15279 15280 15281 15282 15283 15284 15286 15288 15289 15290 15291 15292 15294 15296 15297 15298 15299 15300 15301 15302 15303 15304 15305 15306 15307 15308 15309 15310 15311 15312 15313 15314 15315 15316 15317 15318 15319 15320 15321 15322 15323 15324 15325 15326 15327 15328 15329 15330 15331 15332 15334 15336 15337 15338 15339 15340 15342 15344 15345 15346 15347 15348 15350 15352 15353 15354 15355 15356 15357 15358 15359 15360 15361 15362 15363 15364 15365 15366 15367 15368 15369 15370 15371 15372 15373 15374 15375 15376 15377 15378 15379 15380 15381 15382 15384 15386 15387 15388 15389 15390 15391 15392 15394 15396 15397 15398 15399 15400 15401 15402 15403 15404 15405 15406 15407 15408 15409 15410 15412 15414 15415 15416 15417 15418 15419 15420 15421 15422 15423 15424 15425 15426 15427 15428 15429 15430 15432 15434 15435 15436 15437 15438 15440 15442 15443 15444 15445 15446 15448 15450 15451 15452 15453 15454 15456 15458 15459 15460 15461 15462 15463 15464 15465 15466 15467 15468 15469 15470 15471 15472 15473 15474 15475 15476 15477 15478 15479 15480 15481 15482 15483 15484 15485 15486 15487 15488 15489 15490 15491 15492 15493 15494 15496 15498 15499 15500 15501 15502 15503 15504 15505 15506 15507 15508 15509 15510 15511 15512 15513 15514 15515 15516 15517 15518 15519 15520 15521 15522 15523 15524 15525 15526 15527 15528 15529 15530 15531 15532 15533 15534 15535 15536 15537 15538 15539 15540 15542 15544 15545 15546 15547 15548 15550 15552 15553 15554 15555 15556 15558 15560 15562 15564 15565 15566 15567 15568 15569 15570 15571 15572 15573 15574 15575 15576 15577 15578 15579 15580 15581 15582 15583 15584 15585 15586 15587 15588 15590 15592 15593 15594 15595 15596 15598 15600 15601 15602 15603 15604 15605 15606 15607 15608 15609 15610 15611 15612 15613 15614 15615 15616 15617 15618 15619 15620 15621 15622 15624 15626 15627 15628 15629 15630 15631 15632 15633 15634 15635 15636 15637 15638 15639 15640 15641 15642 15643 15644 15645 15646 15647 15648 15651 15654 15655 15656 15657 15658 15659 15660 15661 15662 15663 15664 15665 15666 15667 15668 15669 15670 15671 15672 15673 15674 15675 15676 15677 15678 15679 15680 15681 15682 15683 15684 15685 15686 15688 15690 15691 15692 15693 15694 15695 15696 15698 15700 15701 15702 15703 15704 15705 15706 15707 15708 15709 15710 15711 15712 15713 15714 15715 15716 15717 15718 15719 15720 15721 15722 15723 15724 15726 15728 15729 15730 15731 15732 15733 15734 15735 15736 15737 15738 15739 15740 15741 15742 15743 15744 15745 15746 15747 15748 15749 15750 15751 15752 15753 15754 15755 15756 15757 15758 15759 15760 15761 15762 15763 15764 15765 15766 15767 15768 15769 15770 15772 15774 15775 15776 15777 15778 15780 15782 15783 15784 15785 15786 15787 15788 15789 15790 15791 15792 15793 15794 15795 15796 15797 15798 15799 15800 15801 15802 15803 15804 15805 15806 15807 15808 15809 15810 15811 15812 15813 15814 15815 15816 15817 15818 15819 15820 15821 15822 15823 15824 15825 15826 15827 15828 15829 15830 15832 15834 15835 15836 15837 15838 15839 15840 15841 15842 15843 15844 15845 15846 15847 15848 15850 15852 15853 15854 15855 15856 15857 15858 15859 15860 15861 15862 15863 15864 15865 15866 15867 15868 15870 15872 15873 15874 15875 15876 15877 15878 15879 15880 15881 15882 15884 15886 15887 15888 15889 15890 15891 15892 15893 15894 15895 15896 15897 15898 15899 15900 15901 15902 15903 15904 15905 15906 15907 15908 15909 15910 15911 15912 15913 15914 15915 15916 15917 15918 15919 15920 15921 15922 15923 15924 15925 15926 15927 15928 15930 15932 15933 15934 15935 15936 15937 15938 15939 15940 15941 15942 15943 15944 15945 15946 15947 15948 15949 15950 15951 15952 15953 15954 15955 15956 15957 15958 15959 15960 15961 15962 15963 15964 15965 15966 15967 15968 15969 15970 15971 15972 15973 15974 15975 15976 15977 15978 15979 15980 15981 15982 15983 15984 15985 15986 15987 15988 15989 15990 15991 15992 15993 15994 15996 15998 15999 16000 16001 16002 16004 16006 16007 16008 16009 16010 16012 16014 16015 16016 16017 16018 16019 16020 16021 16022 16023 16024 16025 16026 16027 16028 16029 16030 16032 16034 16035 16036 16037 16038 16040 16042 16043 16044 16045 16046 16047 16048 16049 16050 16051 16052 16053 16054 16055 16056 16058 16060 16061 16062 16063 16064 16065 16066 16067 16068 16069 16070 16071 16072 16073 16074 16075 16076 16077 16078 16079 16080 16081 16082 16083 16084 16086 16088 16089 16090 16091 16092 16093 16094 16095 16096 16097 16098 16099 16100 16101 16102 16103 16104 16105 16106 16107 16108 16109 16110 16111 16112 16113 16114 16115 16116 16117 16118 16119 16120 16121 16122 16124 16126 16127 16128 16129 16130 16131 16132 16133 16134 16135 16136 16137 16138 16139 16140 16141 16142 16144 16146 16147 16148 16149 16150 16151 16152 16153 16154 16155 16156 16157 16158 16159 16160 16161 16162 16163 16164 16165 16166 16167 16168 16170 16172 16173 16174 16175 16176 16177 16178 16179 16180 16181 16182 16183 16184 16185 16186 16187 16188 16189 16190 16191 16192 16193 16194 16195 16196 16197 16198 16199 16200 16201 16202 16203 16204 16205 16206 16207 16208 16209 16210 16211 16212 16213 16214 16216 16218 16219 16220 16221 16222 16224 16226 16227 16228 16229 16230 16231 16232 16233 16234 16235 16236 16237 16238 16239 16240 16241 16242 16244 16246 16248 16250 16252 16254 16255 16256 16257 16258 16259 16260 16261 16262 16263 16264 16265 16266 16268 16270 16271 16272 16273 16274 16276 16278 16279 16280 16281 16282 16283 16284 16285 16286 16287 16288 16289 16290 16292 16294 16295 16296 16297 16298 16300 16302 16303 16304 16305 16306 16308 16310 16311 16312 16313 16314 16315 16316 16317 16318 16319 16320 16321 16322 16323 16324 16325 16326 16327 16328 16329 16330 16331 16332 16333 16334 16335 16336 16338 16340 16341 16342 16343 16344 16345 16346 16347 16348 16349 16350 16351 16352 16353 16354 16355 16356 16357 16358 16359 16360 16361 16362 16363 16364 16365 16366 16367 16368 16369 16370 16371 16372 16373 16374 16375 16376 16377 16378 16383 16388 16389 16390 16391 16392 16394 16396 16397 16398 16399 16400 16402 16404 16405 16406 16407 16408 16409 16410 16411 16412 16413 16414 16415 16416 16417 16418 16419 16420 16421 16422 16423 16424 16425 16426 16427 16428 16430 16432 16433 16434 16435 16436 16437 16438 16439 16440 16441 16442 16443 16444 16445 16446 16447 16448 16449 16450 16451 16452 16453 16454 16456 16458 16459 16460 16461 16462 16463 16464 16465 16466 16467 16468 16469 16470 16471 16472 16473 16474 16475 16476 16477 16478 16480 16482 16483 16484 16486 16488 16489 16490 16491 16492 16494 16496 16497 16498 16499 16500 16501 16502 16503 16504 16505 16506 16507 16508 16509 16510 16511 16512 16513 16514 16515 16516 16517 16518 16519 16520 16521 16522 16523 16524 16525 16526 16527 16528 16529 16530 16531 16532 16533 16534 16535 16536 16537 16538 16539 16540 16541 16542 16543 16544 16546 16548 16549 16550 16551 16552 16553 16554 16555 16556 16557 16558 16559 16560 16561 16562 16566 16570 16571 16572 16573 16574 16575 16576 16577 16578 16581 16584 16586 16588 16589 16590 16591 16592 16593 16594 16595 16596 16597 16598 16599 16600 16601 16602 16604 16606 16607 16608 16609 16610 16611 16612 16613 16614 16615 16616 16617 16618 16619 16620 16621 16622 16623 16624 16625 16626 16628 16630 16631 16632 16633 16634 16635 16636 16638 16640 16641 16642 16643 16644 16645 16646 16647 16648 16649 16650 16651 16652 16653 16654 16656 16658 16659 16660 16661 16662 16664 16666 16667 16668 16669 16670 16672 16674 16675 16676 16677 16678 16679 16680 16681 16682 16683 16684 16685 16686 16687 16688 16689 16690 16691 16692 16693 16694 16695 16696 16697 16698 16700 16702 16703 16704 16705 16706 16707 16708 16709 16710 16711 16712 16715 16718 16719 16720 16721 16722 16723 16724 16725 16726 16727 16728 16729 16730 16732 16734 16735 16736 16737 16738 16740 16742 16743 16744 16745 16746 16747 16748 16749 16750 16751 16752 16753 16754 16755 16756 16757 16758 16759 16760 16761 16762 16763 16764 16765 16766 16768 16770 16771 16772 16773 16774 16775 16776 16777 16778 16779 16780 16781 16782 16783 16784 16785 16786 16787 16788 16789 16790 16792 16794 16795 16796 16797 16798 16799 16800 16801 16802 16803 16804 16805 16806 16807 16808 16809 16810 16812 16814 16815 16816 16817 16818 16819 16820 16821 16822 16823 16824 16825 16826 16827 16828 16829 16830 16831 16832 16833 16834 16836 16838 16839 16840 16841 16842 16843 16844 16845 16846 16847 16848 16849 16850 16851 16852 16853 16854 16855 16856 16857 16858 16859 16860 16861 16862 16864 16866 16867 16868 16869 16870 16872 16874 16875 16876 16877 16878 16879 16880 16881 16882 16883 16884 16885 16886 16887 16888 16889 16890 16891 16892 16894 16896 16897 16898 16899 16900 16902 16904 16905 16906 16909 16912 16913 16914 16915 16916 16917 16918 16919 16920 16921 16922 16923 16924 16925 16926 16927 16928 16929 16930 16931 16932 16933 16934 16935 16936 16937 16938 16939 16940 16941 16942 16943 16944 16946 16948 16949 16950 16951 16952 16953 16954 16955 16956 16957 16958 16959 16960 16961 16962 16964 16966 16967 16968 16969 16970 16971 16972 16973 16974 16975 16976 16977 16978 16979 16980 16982 16984 16985 16986 16987 16988 16989 16990 16991 16992 16993 16994 16995 16996 16997 16998 17000 17002 17003 17004 17005 17006 17007 17008 17009 17010 17011 17012 17013 17014 17015 17016 17017 17018 17020 17022 17023 17024 17025 17026 17027 17028 17029 17030 17031 17032 17034 17036 17037 17038 17039 17040 17041 17042 17043 17044 17045 17046 17047 17048 17049 17050 17052 17054 17055 17056 17057 17058 17060 17062 17063 17064 17065 17066 17067 17068 17069 17070 17071 17072 17073 17074 17075 17076 17077 17078 17079 17080 17081 17082 17083 17084 17085 17086 17087 17088 17089 17090 17091 17092 17093 17094 17095 17096 17097 17098 17100 17102 17103 17104 17105 17106 17107 17108 17109 17110 17111 17112 17113 17114 17115 17116 17118 17120 17121 17122 17123 17124 17125 17126 17127 17128 17129 17130 17131 17132 17133 17134 17136 17138 17139 17140 17141 17142 17144 17146 17147 17148 17149 17150 17151 17152 17153 17154 17155 17156 17157 17158 17159 17160 17161 17162 17163 17164 17165 17166 17167 17168 17169 17170 17171 17172 17173 17174 17175 17176 17177 17178 17179 17180 17181 17182 17184 17186 17187 17188 17189 17190 17192 17194 17195 17196 17197 17198 17200 17202 17203 17204 17205 17206 17207 17208 17209 17210 17211 17212 17213 17214 17215 17216 17218 17220 17221 17222 17223 17224 17226 17228 17229 17230 17231 17232 17233 17234 17235 17236 17237 17238 17239 17240 17241 17242 17243 17244 17245 17246 17247 17248 17249 17250 17251 17252 17253 17254 17256 17258 17259 17260 17261 17262 17264 17266 17267 17268 17269 17270 17271 17272 17273 17274 17275 17276 17277 17278 17279 17280 17281 17282 17283 17284 17285 17286 17287 17288 17289 17290 17291 17292 17293 17294 17295 17296 17297 17298 17300 17302 17303 17304 17305 17306 17308 17310 17311 17312 17313 17314 17315 17316 17318 17320 17321 17322 17323 17324 17325 17326 17327 17328 17329 17330 17331 17332 17333 17334 17335 17336 17337 17338 17339 17340 17341 17342 17343 17344 17345 17346 17347 17348 17349 17350 17352 17354 17355 17356 17357 17358 17359 17360 17361 17362 17363 17364 17365 17366 17367 17368 17369 17370 17371 17372 17373 17374 17375 17376 17378 17380 17381 17382 17383 17384 17386 17388 17389 17390 17391 17392 17394 17396 17397 17398 17399 17400 17401 17402 17404 17406 17407 17408 17410 17412 17413 17414 17415 17416 17417 17418 17419 17420 17422 17424 17425 17426 17427 17428 17429 17430 17432 17434 17435 17436 17437 17438 17439 17440 17441 17442 17443 17444 17445 17446 17447 17448 17449 17450 17451 17452 17454 17456 17457 17458 17459 17460 17461 17462 17464 17466 17467 17468 17469 17470 17471 17472 17473 17474 17475 17476 17477 17478 17479 17480 17482 17484 17485 17486 17487 17488 17489 17490 17491 17492 17493 17494 17495 17496 17497 17498 17499 17500 17501 17502 17503 17504 17505 17506 17507 17508 17509 17510 17511 17512 17513 17514 17515 17516 17517 17518 17519 17520 17521 17522 17523 17524 17529 17534 17535 17536 17537 17538 17540 17542 17543 17544 17545 17546 17548 17550 17551 17552 17553 17554 17555 17556 17557 17558 17559 17560 17561 17562 17563 17564 17565 17566 17567 17568 17569 17570 17571 17572 17573 17574 17576 17578 17579 17580 17581 17582 17583 17584 17585 17586 17587 17588 17589 17590 17591 17592 17593 17594 17595 17596 17597 17598 17599 17600 17601 17602 17604 17606 17607 17608 17609 17610 17611 17612 17613 17614 17616 17618 17619 17620 17621 17622 17623 17624 17625 17626 17627 17628 17629 17630 17632 17634 17635 17636 17637 17638 17639 17640 17641 17642 17643 17644 17645 17646 17647 17648 17649 17650 17651 17652 17653 17654 17655 17656 17657 17658 17660 17662 17663 17664 17665 17666 17667 17668 17669 17670 17671 17672 17673 17674 17675 17676 17677 17678 17679 17680 17681 17682 17683 17684 17685 17686 17687 17688 17689 17690 17691 17692 17693 17694 17695 17696 17697 17698 17699 17700 17701 17702 17703 17704 17705 17706 17707 17708 17709 17710 17711 17712 17713 17714 17716 17718 17719 17720 17721 17722 17723 17724 17725 17726 17727 17728 17729 17730 17731 17732 17733 17734 17735 17736 17738 17740 17741 17742 17743 17744 17746 17748 17749 17750 17751 17752 17753 17754 17755 17756 17757 17758 17759 17760 17761 17762 17763 17764 17765 17766 17767 17768 17769 17770 17771 17772 17773 17774 17775 17776 17777 17778 17779 17780 17781 17782 17783 17784 17785 17786 17787 17788 17789 17790 17791 17792 17793 17794 17795 17796 17797 17798 17799 17800 17801 17802 17803 17804 17805 17806 17807 17808 17809 17810 17811 17812 17813 17814 17815 17816 17817 17818 17819 17820 17821 17822 17823 17824 17825 17826 17827 17828 17829 17830 17831 17832 17833 17834 17835 17836 17837 17838 17839 17840 17841 17842 17844 17846 17847 17848 17849 17850 17852 17854 17855 17856 17857 17858 17860 17862 17863 17864 17865 17866 17867 17868 17869 17870 17871 17872 17873 17874 17875 17876 17877 17878 17880 17882 17883 17884 17885 17886 17887 17888 17889 17890 17891 17892 17893 17894 17895 17896 17897 17898 17899 17900 17901 17902 17903 17904 17905 17906 17907 17908 17909 17910 17911 17912 17914 17916 17917 17918 17919 17920 17922 17924 17925 17926 17927 17928 17929 17930 17931 17932 17933 17934 17935 17936 17937 17938 17939 17940 17941 17942 17943 17944 17945 17946 17947 17948 17949 17950 17951 17952 17953 17954 17955 17956 17957 17958 17960 17962 17963 17964 17965 17966 17968 17970 17971 17972 17973 17974 17975 17976 17977 17978 17979 17980 17981 17982 17984 17986 17987 17988 17989 17990 17991 17992 17994 17996 17997 17998 17999 18000 18002 18004 18005 18006 18007 18008 18009 18010 18011 18012 18013 18014 18015 18016 18018 18020 18021 18022 18023 18024 18025 18026 18027 18028 18029 18030 18031 18032 18033 18034 18035 18036 18037 18038 18039 18040 18041 18042 18044 18046 18047 18048 18049 18050 18052 18054 18055 18056 18057 18058 18060 18062 18063 18064 18065 18066 18067 18068 18069 18070 18071 18072 18073 18074 18075 18076 18078 18080 18081 18082 18083 18084 18085 18086 18088 18090 18091 18092 18093 18094 18096 18098 18099 18100 18101 18102 18103 18104 18108 18112 18113 18114 18115 18116 18118 18120 18121 18122 18123 18124 18126 18128 18129 18130 18131 18132 18133 18134 18135 18136 18137 18138 18139 18140 18141 18142 18144 18146 18147 18148 18149 18150 18151 18152 18153 18154 18155 18156 18157 18158 18159 18160 18162 18164 18165 18166 18167 18168 18169 18170 18171 18172 18173 18174 18175 18176 18177 18178 18179 18180 18181 18182 18183 18184 18185 18186 18187 18188 18190 18192 18193 18194 18195 18196 18197 18198 18200 18202 18203 18204 18205 18206 18207 18208 18209 18210 18211 18212 18213 18214 18216 18218 18219 18220 18221 18222 18224 18226 18227 18228 18229 18230 18231 18232 18233 18234 18235 18236 18237 18238 18239 18240 18242 18244 18245 18246 18247 18248 18249 18250 18251 18252 18253 18254 18255 18256 18257 18258 18259 18260 18262 18264 18265 18266 18267 18268 18270 18272 18273 18274 18275 18276 18278 18280 18281 18282 18283 18284 18285 18286 18287 18288 18289 18290 18291 18292 18294 18296 18297 18298 18299 18300 18302 18304 18305 18306 18307 18308 18309 18310 18311 18312 18313 18314 18315 18316 18317 18318 18320 18322 18323 18324 18325 18326 18327 18328 18329 18330 18331 18332 18333 18334 18335 18336 18337 18338 18339 18340 18341 18342 18343 18344 18345 18346 18347 18348 18350 18352 18353 18354 18355 18356 18357 18358 18360 18362 18364 18366 18368 18370 18371 18372 18373 18374 18376 18378 18380 18382 18383 18384 18385 18386 18388 18390 18391 18392 18393 18394 18395 18396 18397 18398 18399 18400 18401 18402 18403 18404 18406 18408 18409 18410 18411 18412 18413 18414 18415 18416 18417 18418 18419 18420 18423 18426 18427 18428 18430 18432 18433 18434 18435 18436 18437 18438 18439 18440 18441 18442 18443 18444 18445 18446 18451 18456 18457 18458 18459 18460 18461 18462 18463 18464 18465 18466 18467 18468 18469 18470 18471 18472 18473 18474 18476 18478 18479 18480 18481 18482 18484 18486 18487 18488 18489 18490 18492 18494 18495 18496 18497 18498 18499 18500 18501 18502 18503 18504 18505 18506 18507 18508 18510 18512 18513 18514 18515 18516 18518 18520 18521 18522 18523 18524 18525 18526 18527 18528 18529 18530 18531 18532 18534 18536 18537 18538 18539 18540 18542 18544 18545 18546 18547 18548 18549 18550 18551 18552 18553 18554 18555 18556 18557 18558 18560 18562 18563 18564 18565 18566 18568 18570 18571 18572 18573 18574 18575 18576 18577 18578 18579 18580 18581 18582 18583 18584 18586 18588 18589 18590 18591 18592 18593 18594 18595 18596 18597 18598 18599 18600 18601 18602 18603 18604 18608 18612 18613 18614 18615 18616 18617 18618 18620 18622 18623 18624 18625 18626 18627 18628 18629 18630 18631 18632 18633 18634 18635 18636 18638 18640 18641 18642 18643 18644 18645 18646 18647 18648 18649 18650 18651 18652 18653 18654 18655 18656 18657 18658 18659 18660 18661 18662 18664 18666 18667 18668 18669 18670 18671 18672 18673 18674 18675 18676 18677 18678 18679 18680 18681 18682 18683 18684 18685 18686 18687 18688 18690 18692 18693 18694 18695 18696 18698 18700 18701 18702 18703 18704 18706 18708 18709 18710 18711 18712 18713 18714 18715 18716 18717 18718 18719 18720 18721 18722 18724 18726 18727 18728 18729 18730 18731 18732 18733 18734 18735 18736 18737 18738 18739 18740 18741 18742 18743 18744 18746 18748 18749 18750 18751 18752 18753 18754 18755 18756 18757 18758 18759 18760 18761 18762 18763 18764 18765 18766 18767 18768 18769 18770 18771 18772 18773 18774 18775 18776 18777 18778 18779 18780 18781 18782 18784 18786 18787 18788 18790 18792 18793 18794 18795 18796 18797 18798 18800 18802 18803 18804 18805 18806 18808 18810 18811 18812 18813 18814 18816 18818 18819 18820 18821 18822 18824 18826 18827 18828 18829 18830 18831 18832 18833 18834 18835 18836 18837 18838 18839 18840 18841 18842 18843 18844 18845 18846 18847 18848 18849 18850 18851 18852 18853 18854 18855 18856 18858 18860 18861 18862 18863 18864 18866 18868 18869 18870 18871 18872 18874 18876 18877 18878 18879 18880 18881 18882 18884 18886 18887 18888 18889 18890 18891 18892 18893 18894 18895 18896 18897 18898 18899 18900 18901 18902 18903 18904 18905 18906 18907 18908 18909 18910 18912 18914 18915 18916 18917 18918 18920 18922 18923 18924 18925 18926 18927 18928 18929 18930 18933 18936 18937 18938 18939 18940 18941 18942 18943 18944 18945 18946 18947 18948 18949 18950 18951 18952 18953 18954 18955 18956 18957 18958 18959 18960 18961 18962 18963 18964 18965 18966 18967 18968 18970 18972 18974 18976 18977 18978 18979 18980 18982 18984 18985 18986 18987 18988 18990 18992 18993 18994 18995 18996 18997 18998 19000 19002 19003 19004 19005 19006 19007 19008 19009 19010 19011 19012 19013 19014 19015 19016 19017 19018 19020 19022 19023 19024 19025 19026 19027 19028 19029 19030 19031 19032 19033 19034 19035 19036 19038 19040 19041 19042 19043 19044 19045 19046 19047 19048 19049 19050 19051 19052 19053 19054 19055 19056 19057 19058 19059 19060 19061 19062 19063 19064 19066 19068 19069 19070 19071 19072 19073 19074 19076 19078 19079 19080 19081 19082 19083 19084 19085 19086 19087 19088 19089 19090 19091 19092 19094 19096 19097 19098 19099 19100 19101 19102 19103 19104 19105 19106 19107 19108 19110 19112 19113 19114 19115 19116 19117 19118 19119 19120 19121 19122 19123 19124 19125 19126 19127 19128 19129 19130 19131 19132 19133 19134 19135 19136 19137 19138 19140 19142 19143 19144 19145 19146 19147 19148 19149 19150 19151 19152 19153 19154 19155 19156 19158 19160 19161 19162 19163 19164 19166 19168 19169 19170 19171 19172 19173 19174 19175 19176 19177 19178 19179 19180 19181 19182 19183 19184 19185 19186 19187 19188 19189 19190 19191 19192 19193 19194 19195 19196 19197 19198 19199 19200 19201 19202 19205 19208 19210 19212 19213 19214 19215 19216 19218 19220 19221 19222 19223 19224 19226 19228 19229 19230 19231 19232 19234 19236 19237 19238 19239 19240 19241 19242 19243 19244 19245 19246 19247 19248 19249 19250 19251 19252 19253 19254 19255 19256 19257 19258 19259 19260 19262 19264 19265 19266 19267 19268 19270 19272 19273 19274 19275 19276 19277 19278 19279 19280 19281 19282 19283 19284 19285 19286 19287 19288 19289 19290 19291 19292 19293 19294 19295 19296 19298 19300 19301 19302 19303 19304 19306 19308 19309 19310 19311 19312 19313 19314 19315 19316 19317 19318 19319 19320 19321 19322 19323 19324 19326 19328 19329 19330 19331 19332 19333 19334 19335 19336 19337 19338 19339 19340 19341 19342 19343 19344 19345 19346 19347 19348 19349 19350 19351 19352 19353 19354 19356 19358 19359 19360 19361 19362 19364 19366 19367 19368 19369 19370 19372 19374 19375 19376 19377 19378 19379 19380 19381 19382 19383 19384 19385 19386 19388 19390 19391 19392 19393 19394 19396 19398 19399 19400 19401 19402 19403 19404 19405 19406 19407 19408 19409 19410 19411 19412 19413 19414 19415 19416 19417 19418 19419 19420 19421 19422 19423 19424 19426 19428 19429 19430 19431 19432 19433 19434 19435 19436 19437 19438 19439 19440 19441 19442 19444 19446 19447 19448 19449 19450 19451 19452 19453 19454 19455 19456 19457 19458 19459 19460 19462 19464 19465 19466 19467 19468 19469 19470 19471 19472 19473 19474 19475 19476 19477 19478 19479 19480 19481 19482 19483 19484 19485 19486 19487 19488 19489 19490 19491 19492 19493 19494 19495 19496 19497 19498 19499 19500 19501 19502 19503 19504 19505 19506 19507 19508 19509 19510 19511 19512 19514 19516 19517 19518 19519 19520 19521 19522 19523 19524 19525 19526 19527 19528 19532 19536 19537 19538 19539 19540 19544 19548 19549 19550 19551 19552 19553 19554 19555 19556 19558 19560 19562 19564 19565 19566 19567 19568 19570 19572 19573 19574 19575 19576 19578 19580 19581 19582 19583 19584 19586 19588 19589 19590 19591 19592 19593 19594 19595 19596 19597 19598 19599 19600 19601 19602 19603 19604 19605 19606 19607 19608 19609 19610 19611 19612 19613 19614 19615 19616 19617 19618 19619 19620 19621 19622 19623 19624 19625 19626 19627 19628 19629 19630 19631 19632 19633 19634 19635 19636 19637 19638 19639 19640 19642 19644 19645 19646 19647 19648 19650 19652 19653 19654 19655 19656 19657 19658 19659 19660 19661 19662 19663 19664 19665 19666 19668 19670 19672 19674 19675 19676 19677 19678 19679 19680 19681 19682 19683 19684 19685 19686 19687 19688 19689 19690 19691 19692 19693 19694 19695 19696 19698 19700 19701 19702 19703 19704 19705 19706 19707 19708 19709 19710 19711 19712 19713 19714 19715 19716 19717 19718 19719 19720 19721 19722 19723 19724 19725 19726 19727 19728 19729 19730 19731 19732 19733 19734 19735 19736 19738 19740 19741 19742 19743 19744 19746 19748 19749 19750 19751 19752 19753 19754 19755 19756 19757 19758 19759 19760 19762 19764 19765 19766 19767 19768 19770 19772 19773 19774 19775 19776 19777 19778 19779 19780 19782 19784 19785 19786 19787 19788 19789 19790 19791 19792 19793 19794 19795 19796 19797 19798 19799 19800 19801 19802 19803 19804 19805 19806 19807 19808 19809 19810 19811 19812 19813 19814 19815 19816 19817 19818 19819 19820 19821 19822 19823 19824 19825 19826 19827 19828 19829 19830 19831 19832 19833 19834 19835 19836 19837 19838 19841 19844 19845 19846 19847 19848 19849 19850 19852 19854 19855 19856 19857 19858 19860 19862 19863 19864 19865 19866 19867 19868 19869 19870 19871 19872 19873 19874 19875 19876 19877 19878 19879 19880 19881 19882 19883 19884 19885 19886 19887 19888 19889 19890 19891 19892 19893 19894 19895 19896 19897 19898 19899 19900 19901 19902 19903 19904 19905 19906 19908 19910 19911 19912 19913 19914 19915 19916 19920 19924 19925 19926 19927 19928 19930 19932 19933 19934 19935 19936 19937 19938 19939 19940 19941 19942 19943 19944 19945 19946 19947 19948 19949 19950 19951 19952 19953 19954 19955 19956 19957 19958 19959 19960 19961 19962 19963 19964 19965 19966 19967 19968 19969 19970 19971 19972 19973 19974 19975 19976 19977 19978 19979 19980 19981 19982 19983 19984 19985 19986 19987 19988 19989 19990 19991 19992 19993 19994 19995 19996 19998 20000 20001 20002 20003 20004 20005 20006 20007 20008 20009 20010 20011 20012 20013 20014 20016 20018 20019 20020 20021 20022 20024 20026 20027 20028 20029 20030 20032 20034 20035 20036 20037 20038 20039 20040 20041 20042 20043 20044 20045 20046 20047 20048 20050 20052 20053 20054 20055 20056 20058 20060 20061 20062 20063 20064 20065 20066 20068 20070 20071 20072 20073 20074 20076 20078 20079 20080 20081 20082 20084 20086 20087 20088 20089 20090 20091 20092 20093 20094 20095 20096 20097 20098 20099 20100 20101 20102 20103 20104 20105 20106 20107 20108 20110 20112 20113 20114 20115 20116 20117 20118 20119 20120 20121 20122 20123 20124 20125 20126 20127 20128 20130 20132 20133 20134 20135 20136 20137 20138 20140 20142 20143 20144 20145 20146 20147 20148 20151 20154 20155 20156 20158 20160 20161 20162 20163 20164 20165 20166 20167 20168 20169 20170 20171 20172 20173 20174 20176 20178 20179 20180 20181 20182 20184 20186 20187 20188 20189 20190 20192 20194 20195 20196 20197 20198 20199 20200 20201 20202 20203 20204 20205 20206 20207 20208 20210 20212 20213 20214 20215 20216 20217 20218 20219 20220 20221 20222 20223 20224 20225 20226 20227 20228 20230 20232 20233 20234 20235 20236 20241 20246 20247 20248 20249 20250 20251 20252 20253 20254 20255 20256 20257 20258 20259 20260 20262 20264 20265 20266 20267 20268 20269 20270 20271 20272 20273 20274 20275 20276 20277 20278 20280 20282 20283 20284 20285 20286 20288 20290 20291 20292 20293 20294 20295 20296 20297 20298 20299 20300 20301 20302 20303 20304 20305 20306 20307 20308 20309 20310 20311 20312 20313 20314 20315 20316 20317 20318 20319 20320 20321 20322 20323 20324 20325 20326 20327 20328 20329 20330 20332 20334 20335 20336 20337 20338 20340 20342 20343 20344 20345 20346 20347 20348 20350 20352 20353 20354 20355 20356 20357 20358 20359 20360 20362 20364 20366 20368 20369 20370 20371 20372 20373 20374 20375 20376 20377 20378 20379 20380 20381 20382 20384 20386 20387 20388 20389 20390 20392 20394 20395 20396 20397 20398 20399 20400 20401 20402 20403 20404 20405 20406 20407 20408 20409 20410 20411 20412 20413 20414 20415 20416 20417 20418 20419 20420 20422 20424 20425 20426 20427 20428 20429 20430 20431 20432 20433 20434 20435 20436 20437 20438 20439 20440 20441 20442 20443 20444 20445 20446 20447 20448 20449 20450 20451 20452 20453 20454 20455 20456 20457 20458 20459 20460 20461 20462 20463 20464 20465 20466 20467 20468 20469 20470 20471 20472 20473 20474 20475 20476 20477 20478 20479 20480 20481 20482 20485 20488 20489 20490 20491 20492 20493 20494 20496 20498 20499 20500 20501 20502 20503 20504 20505 20506 20507 20508 20509 20510 20511 20512 20513 20514 20516 20518 20519 20520 20521 20522 20523 20524 20525 20526 20527 20528 20529 20530 20533 20536 20537 20538 20539 20540 20541 20542 20543 20544 20545 20546 20547 20548 20549 20550 20551 20552 20553 20554 20555 20556 20557 20558 20560 20562 20563 20564 20565 20566 20567 20568 20569 20570 20571 20572 20573 20574 20575 20576 20577 20578 20579 20580 20581 20582 20584 20586 20587 20588 20589 20590 20591 20592 20594 20596 20597 20598 20599 20600 20601 20602 20603 20604 20605 20606 20607 20608 20610 20612 20613 20614 20615 20616 20618 20620 20621 20622 20623 20624 20625 20626 20627 20628 20629 20630 20631 20632 20633 20634 20635 20636 20637 20638 20639 20640 20641 20642 20643 20644 20645 20646 20647 20648 20649 20650 20651 20652 20653 20654 20655 20656 20657 20658 20659 20660 20661 20662 20663 20664 20665 20666 20667 20668 20669 20670 20671 20672 20673 20674 20675 20676 20677 20678 20679 20680 20681 20682 20683 20684 20686 20688 20689 20690 20691 20692 20694 20696 20697 20698 20699 20700 20703 20706 20708 20710 20711 20712 20714 20716 20717 20718 20719 20720 20722 20724 20725 20726 20727 20728 20729 20730 20731 20732 20733 20734 20735 20736 20737 20738 20739 20740 20741 20742 20743 20744 20745 20746 20747 20748 20749 20750 20752 20754 20755 20756 20757 20758 20759 20760 20762 20764 20765 20766 20767 20768 20770 20772 20773 20774 20775 20776 20779 20782 20784 20786 20787 20788 20789 20790 20791 20792 20793 20794 20795 20796 20797 20798 20799 20800 20801 20802 20803 20804 20805 20806 20807 20808 20809 20810 20811 20812 20813 20814 20815 20816 20817 20818 20819 20820 20821 20822 20823 20824 20825 20826 20827 20828 20829 20830 20831 20832 20834 20836 20837 20838 20839 20840 20841 20842 20843 20844 20845 20846 20847 20848 20849 20850 20852 20854 20855 20856 20857 20858 20860 20862 20863 20864 20865 20866 20867 20868 20869 20870 20871 20872 20873 20874 20875 20876 20878 20880 20881 20882 20883 20884 20885 20886 20888 20890 20891 20892 20893 20894 20895 20896 20897 20898 20899 20900 20901 20902 20903 20904 20905 20906 20907 20908 20909 20910 20911 20912 20914 20916 20917 20918 20919 20920 20921 20922 20923 20924 20925 20926 20927 20928 20929 20930 20931 20932 20933 20934 20935 20936 20937 20938 20939 20940 20941 20942 20943 20944 20945 20946 20947 20948 20949 20950 20951 20952 20953 20954 20955 20956 20957 20958 20959 20960 20961 20962 20963 20964 20965 20966 20967 20968 20969 20970 20971 20972 20973 20974 20975 20976 20977 20978 20979 20980 20981 20982 20983 20984 20985 20986 20987 20988 20989 20990 20991 20992 20993 20994 20995 20996 20997 20998 20999 21000 21001 21002 21003 21004 21005 21006 21007 21008 21009 21010 21011 21012 21013 21014 21015 21016 21017 21018 21020 21022 21023 21024 21025 21026 21027 21028 21030 21032 21033 21034 21035 21036 21037 21038 21039 21040 21041 21042 21043 21044 21045 21046 21047 21048 21049 21050 21051 21052 21053 21054 21055 21056 21057 21058 21062 21066 21067 21068 21069 21070 21071 21072 21073 21074 21075 21076 21077 21078 21079 21080 21081 21082 21084 21086 21087 21088 21089 21090 21091 21092 21093 21094 21095 21096 21097 21098 21099 21100 21101 21102 21104 21106 21107 21108 21109 21110 21112 21114 21115 21116 21117 21118 21119 21120 21121 21122 21123 21124 21125 21126 21127 21128 21129 21130 21131 21132 21133 21134 21135 21136 21137 21138 21139 21140 21141 21142 21143 21144 21145 21146 21148 21150 21151 21152 21153 21154 21155 21156 21157 21158 21159 21160 21161 21162 21163 21164 21166 21168 21169 21170 21171 21172 21173 21174 21175 21176 21177 21178 21179 21180 21181 21182 21183 21184 21185 21186 21187 21188 21189 21190 21191 21192 21194 21196 21197 21198 21199 21200 21202 21204 21205 21206 21207 21208 21210 21212 21213 21214 21215 21216 21217 21218 21219 21220 21221 21222 21223 21224 21226 21228 21229 21230 21231 21232 21233 21234 21235 21236 21237 21238 21239 21240 21241 21242 21243 21244 21246 21248 21249 21250 21251 21252 21253 21254 21255 21256 21257 21258 21259 21260 29771 0 77 29771 30384
0 90 180 210 240 243 246 276 306 361 416 447 478 502 526 527 528 529 530 574 618 619 620 650 680 698 716 758 800 801 802 984 0 70 984 1101
0 943 1886 1932 1978 1979 1980 1981 1982 1985 1988 1991 1994 1999 2004 2005 2006 2007 2008 2020 2032 2033 2034 2065 2096 2099 2102 2108 2114 2115 2116 2117 2118 2129 2140 2143 2146 2160 2174 2175 2176 2177 2178 2218 2258 2278 2298 2299 2300 2301 2302 2305 2308 2311 2314 2317 2320 2330 2340 2341 2342 2343 2344 2350 2356 2357 2358 2359 2360 2374 2388 2389 2390 2391 2392 2393 2394 2403 2412 2413 2414 2415 2416 2419 2422 2425 2428 2434 2440 2441 2442 2443 2444 2455 2466 2469 2472 2477 2482 2502 2522 2523 2524 2525 2526 2531 2536 2540 2544 2547 2550 2551 2552 2553 2554 2560 2566 2567 2568 2569 2570 2574 2578 2579 2580 2581 2582 2583 2584 2585 2586 2587 2588 2597 2606 2622 2638 2639 2640 2641 2642 2645 2648 2651 2654 2657 2660 2663 2666 2667 2668 2669 2670 2681 2692 2695 2698 2723 2748 2749 2750 2751 2752 2755 2758 2761 2764 2770 2776 2777 2778 2779 2780 2786 2792 2793 2794 2795 2796 2800 2804 2805 2806 2807 2808 2810 2812 2827 2842 2843 2844 2845 2846 2855 2864 2865 2866 2867 2868 2871 2874 2877 2880 2898 2916 2917 2918 2919 2920 2922 2924 2939 2954 2955 2956 2957 2958 2967 2976 2977 2978 2979 2980 2983 2986 2989 2992 2995 2998 3008 3018 3019 3020 3021 3022 3026 3030 3031 3032 3033 3034 3036 3038 3063 3088 3089 3090 3091 3092 3095 3098 3101 3104 3117 3130 3131 3132 3133 3134 3138 3142 3145 3148 3151 3154 3156 3158 3167 3176 3177 3178 3180 3182 3183 3184 3185 3186 3196 3206 3207 3208 3209 3210 3213 3216 3219 3222 3228 3234 3235 3236 3237 3238 3249 3260 3261 3262 3263 3264 3266 3268 3284 3300 3309 3318 3319 3320 3321 3322 3325 3328 3331 3334 3336 3338 3339 3340 3355 3370 3371 3372 3373 3374 3376 3378 3393 3408 3418 3428 3429 3430 3431 3432 3435 3438 3441 3444 3462 3480 3481 3482 3483 3484 3490 3496 3497 3498 3499 3500 3509 3518 3519 3520 3521 3522 3536 3550 3553 3556 3562 3568 3569 3570 3571 3572 3583 3594 3595 3596 3597 3598 3600 3602 3617 3632 3633 3634 3635 3636 3645 3654 3655 3656 3657 3658 3659 3660 3661 3662 3663 3664 3665 3666 3669 3672 3685 3698 3699 3700 3701 3702 3706 3710 3711 3712 3713 3714 3715 3716 3717 3718 3719 3720 3729 3738 3743 3748 3749 3750 3751 3752 3753 3754 3755 3756 3765 3774 3775 3776 3777 3778 3781 3784 3787 3790 3796 3802 3803 3804 3805 3806 3812 3818 3819 3820 3821 3822 3826 3830 3833 3836 3839 3842 3846 3850 3868 3886 3887 3888 3889 3890 3893 3896 3899 3902 3905 3908 3923 3938 3941 3944 3958 3972 3973 3974 3975 3976 3986 3996 3997 3998 3999 4000 4003 4006 4009 4012 4018 4024 4025 4026 4027 4028 4039 4050 4051 4052 4053 4054 4056 4058 4083 4108 4109 4110 4111 4112 4115 4118 4121 4124 4130 4136 4137 4138 4139 4140 4151 4162 4163 4164 4165 4166 4168 4170 4195 4220 4221 4222 4223 4224 4227 4230 4233 4236 4242 4248 4249 4250 4251 4252 4258 4264 4265 4266 4267 4268 4272 4276 4277 4278 4279 4280 4282 4284 4298 4312 4313 4314 4315 4316 4330 4344 4347 4350 4368 4386 4387 4388 4389 4390 4406 4422 4423 4424 4425 4426 4427 4428 4429 4430 4436 4442 4445 4448 4449 4450 4451 4452 4455 4458 4461 4464 4470 4476 4477 4478 4479 4480 4491 4502 4503 4504 4505 4506 4508 4510 4524 4538 4539 4540 4541 4542 4552 4562 4563 4564 4565 4566 4569 4572 4575 4578 4584 4590 4591 4592 4593 4594 4600 4606 4607 4608 4609 4610 4614 4618 4619 4620 4621 4622 4624 4626 4627 4628 4636 4644 4660 4676 4677 4678 4679 4680 4683 4686 4689 4692 4705 4718 4719 4720 4721 4722 4726 4730 4731 4732 4733 4734 4735 4736 4737 4738 4739 4740 4754 4768 4769 4770 4771 4772 4782 4792 4793 4794 4795 4796 4799 4802 4805 4808 4809 4810 4811 4812 4817 4822 4823 4824 4825 4826 4832 4838 4839 4840 4841 4842 4846 4850 4851 4852 4853 4854 4856 4858 4872 4886 4887 4888 4889 4890 4900 4910 4911 4912 4913 4914 4917 4920 4923 4926 4932 4938 4939 4940 4941 4942 4953 4964 4965 4966 4967 4968 4971 4974 4981 4988 4994 5000 5001 5002 5003 5004 5005 5006 5007 5008 5017 5026 5027 5028 5029 5030 5038 5046 5049 5052 5053 5054 5055 5056 5057 5058 5069 5080 5083 5086 5100 5114 5115 5116 5117 5118 5130 5142 5145 5148 5149 5150 5151 5152 5153 5154 5160 5166 5167 5168 5169 5170 5181 5192 5195 5198 5206 5214 5264 5314 5364 5414 5420 5426 5427 5428 5429 5430 5431 5432 5433 5434 5443 5452 5453 5454 5455 5456 5459 5462 5465 5468 5474 5480 5481 5482 5483 5484 5490 5496 5497 5498 5499 5500 5504 5508 5509 5510 5511 5512 5514 5516 5530 5544 5545 5546 5547 5548 5558 5568 5569 5570 5571 5572 5573 5574 5575 5576 5577 5578 5579 5580 5583 5586 5592 5598 5599 5600 5601 5602 5608 5614 5615 5616 5617 5618 5622 5626 5629 5632 5646 5660 5661 5662 5663 5664 5665 5666 5667 5668 5677 5686 5687 5688 5689 5690 5693 5696 5699 5702 5708 5714 5715 5716 5717 5718 5729 5740 5743 5746 5754 5762 5763 5764 5765 5766 5767 5768 5769 5770 5774 5778 5779 5780 5781 5782 5783 5784 5785 5786 5795 5804 5805 5806 5807 5808 5809 5810 5811 5812 5813 5814 5815 5816 5821 5826 5827 5828 5829 5830 5833 5836 5837 5838 5839 5840 5841 5842 5864 5886 5887 5888 5889 5890 5895 5900 5901 5902 5913 5924 5927 5930 5938 5946 5947 5948 5949 5950 5951 5952 5957 5962 5963 5964 5974 5984 5985 5986 5987 5988 5991 5994 5999 6004 6007 6010 6011 6012 6013 6014 6015 6016 6017 6018 6019 6020 6021 6022 6031 6040 6043 6046 6054 6062 6068 6074 6075 6076 6077 6078 6079 6080 6083 6086 6087 6088 6103 6118 6121 6124 6125 6126 6127 6128 6129 6130 6131 6132 6143 6154 6155 6156 6157 6158 6160 6162 6176 6190 6191 6192 6193 6194 6204 6214 6215 6216 6217 6218 6226 6234 6237 6240 6241 6242 6243 6244 6245 6246 6257 6268 6271 6274 6290 6306 6319 6332 6335 6338 6341 6344 6347 6350 6351 6352 6353 6354 6360 6366 6367 6368 6369 6370 6374 6378 6381 6384 6392 6400 6401 6402 6403 6404 6409 6414 6415 6416 6417 6418 6420 6422 6423 6424 6425 6426 6431 6436 6437 6438 6439 6440 6441 6442 6443 6444 6445 6446 6449 6452 6455 6458 6461 6464 6465 6466 6467 6468 6469 6470 6471 6472 6473 6474 6475 6476 6477 6478 6486 6494 6495 6496 6497 6498 6500 6502 6505 6508 6516 6524 6525 6526 6527 6528 6533 6538 6539 6540 6541 6542 6546 6550 6556 6562 6563 6564 6565 6566 6569 6572 6575 6578 6584 6590 6591 6592 6593 6594 6605 6616 6617 6618 6619 6620 6622 6624 6638 6652 6653 6654 6655 6656 6670 6684 6687 6690 6696 6702 6703 6704 6705 6706 6707 6708 6709 6710 6711 6712 6721 6730 6733 6736 6750 6764 6765 6766 6767 6768 6782 6796 6799 6802 6808 6814 6815 6816 6817 6818 6829 6840 6843 6846 6860 6874 6875 6876 6877 6878 6898 6918 6919 6920 6921 6922 6930 6938 6939 6940 6941 6942 6944 6946 6949 6952 6966 6980 6981 6982 6983 6984 6988 6992 6998 7004 7005 7006 7007 7008 7009 7010 7011 7012 7013 7014 7015 7016 7019 7022 7027 7032 7033 7034 7035 7036 7037 7038 7039 7040 7044 7048 7049 7050 7051 7052 7058 7064 7067 7070 7084 7098 7099 7100 7101 7102 7116 7130 7133 7136 7141 7146 7147 7148 7149 7150 7151 7152 7153 7154 7165 7176 7179 7182 7211 7240 7243 7246 7249 7252 7253 7254 7255 7256 7267 7278 7281 7284 7313 7342 7345 7348 7351 7354 7355 7356 7357 7358 7407 7456 7457 7458 7459 7460 7464 7468 7469 7470 7471 7472 7478 7484 7487 7490 7504 7518 7519 7520 7521 7522 7532 7542 7543 7544 7545 7546 7549 7552 7555 7558 7560 7562 7563 7564 7565 7566 7567 7568 7569 7570 7581 7592 7595 7598 7612 7626 7627 7628 7629 7630 7650 7670 7671 7672 7673 7674 7685 7696 7699 7702 7716 7730 7731 7732 7733 7734 7748 7762 7765 7768 7771 7774 7775 7776 7777 7778 7821 7864 7867 7870 7873 7876 7877 7878 7879 7880 7891 7902 7905 7908 7922 7936 7937 7938 7939 7940 7951 7962 7963 7964 7965 7966 7967 7968 7969 7970 7972 7974 7975 7976 7977 7978 7983 7988 7989 7990 7991 7992 7993 7994 7995 7996 8007 8018 8021 8024 8038 8052 8053 8054 8055 8056 8076 8096 8097 8098 8099 8100 8111 8122 8125 8128 8154 8180 8181 8182 8183 8184 8185 8186 8187 8188 8190 8192 8193 8194 8195 8196 8202 8208 8209 8210 8211 8212 8223 8234 8237 8240 8254 8268 8269 8270 8271 8272 8283 8294 8297 8300 8302 8304 8305 8306 8307 8308 8313 8318 8319 8320 8321 8322 8323 8324 8325 8326 8337 8348 8351 8354 8383 8412 8415 8418 8421 8424 8427 8430 8431 8432 8433 8434 8445 8456 8459 8462 8470 8478 8479 8480 8481 8482 8487 8492 8493 8494 8495 8496 8506 8516 8517 8518 8519 8520 8523 8526 8529 8532 8538 8544 8545 8546 8547 8548 8559 8570 8573 8576 8602 8628 8631 8634 8636 8638 8639 8640 8641 8642 8645 8648 8651 8654 8655 8656 8657 8658 8669 8680 8683 8686 8786 8886 8912 8938 8941 8944 8946 8948 8949 8950 8951 8952 8954 8956 8957 8958 8959 8960 8963 8966 8967 8968 8969 8970 8981 8992 8995 8998 9027 9056 9059 9062 9065 9068 9071 9074 9075 9076 9077 9078 9089 9100 9101 9102 9103 9104 9114 9124 9125 9126 9127 9128 9133 9138 9139 9140 9141 9142 9152 9162 9163 9164 9165 9166 9167 9168 9169 9170 9171 9172 9173 9174 9177 9180 9183 9186 9188 9190 9191 9192 9193 9194 9195 9196 9197 9198 9209 9220 9223 9226 9261 9296 9297 9298 9299 9300 9311 9322 9325 9328 9363 9398 9448 9498 9499 9500 9511 9522 9525 9528 9542 9556 9557 9558 9559 9560 9572 9584 9585 9586 9587 9588 9594 9600 9603 9606 9607 9608 9609 9610 9611 9612 9623 9634 9637 9640 9654 9668 9669 9670 9671 9672 9686 9700 9705 9710 9711 9712 9713 9714 9760 9806 9807 9808 9826 9844 9845 9846 9847 9848 9868 9888 9894 9900 9903 9906 9907 9908 9909 9910 9911 9912 9923 9934 9945 9956 9957 9958 9959 9960 9976 9992 9993 9994 9995 9996 9997 9998 9999 10000 10001 10002 10008 10014 10017 10020 10022 10024 10035 10046 10049 10052 10066 10080 10081 10082 10083 10084 10100 10116 10119 10122 10123 10124 10125 10126 10127 10128 10129 10130 10131 10132 10133 10134 10143 10152 10155 10158 10185 10212 10213 10214 10215 10216 10219 10222 10225 10228 10231 10234 10235 10236 10237 10238 10239 10240 10251 10262 10279 10296 10297 10298 10299 10300 10310 10320 10321 10322 10323 10324 10325 10326 10327 10328 10329 10330 10336 10342 10345 10348 10349 10350 10351 10352 10353 10354 10355 10356 10357 10358 10359 10360 10369 10378 10381 10384 10398 10412 10413 10414 10415 10416 10432 10448 10451 10454 10457 10460 10461 10462 10463 10464 10465 10466 10467 10468 10469 10470 10471 10472 10481 10490 10493 10496 10510 10524 10525 10526 10527 10528 10538 10548 10549 10550 10551 10552 10560 10568 10571 10574 10575 10576 10577 10578 10579 10580 10591 10602 10603 10604 10605 10606 10608 10610 10624 10638 10639 10640 10641 10642 10652 10662 10663 10664 10665 10666 10667 10668 10669 10670 10671 10672 10678 10684 10687 10690 10691 10692 10693 10694 10695 10696 10707 10718 10719 10720 10721 10722 10725 10728 10751 10774 10775 10776 10777 10778 10780 10782 10786 10790 10791 10792 10793 10794 10796 10798 10799 10800 10801 10802 10803 10804 10826 10848 10849 10850 10851 10852 10870 10888 10889 10890 10891 10892 10894 10896 10897 10898 10899 10900 10901 10902 10904 10906 10909 10912 10913 10914 10915 10916 10917 10918 10929 10940 10941 10942 10943 10944 10946 10948 10962 10976 10977 10978 10979 10980 10990 11000 11001 11002 11003 11004 11005 11006 11007 11008 11009 11010 11013 11016 11019 11022 11025 11028 11029 11030 11031 11032 11033 11034 11045 11056 11059 11062 11076 11090 11091 11092 11093 11094 11104 11114 11115 11116 11117 11118 11119 11120 11121 11122 11123 11124 11126 11128 11129 11130 11131 11132 11133 11134 11136 11138 11141 11144 11145 11146 11147 11148 11149 11150 11161 11172 11173 11174 11175 11176 11178 11180 11188 11196 11197 11198 11199 11200 11205 11210 11211 11212 11213 11214 11224 11234 11235 11236 11237 11238 11239 11240 11241 11242 11243 11244 11245 11246 11248 11250 11253 11256 11257 11258 11261 11264 11265 11266 11267 11268 11269 11270 11271 11272 11273 11274 11275 11276 11285 11294 11295 11296 11297 11298 11300 11302 11311 11320 11321 11322 11323 11324 11326 11328 11329 11330 11332 11334 11335 11336 11337 11338 11350 11362 11363 11364 11365 11366 11367 11368 11371 11374 11377 11380 11383 11386 11387 11388 11389 11390 11401 11412 11415 11418 11432 11446 11447 11448 11449 11450 11460 11470 11471 11472 11473 11474 11475 11476 11477 11478 11479 11480 11481 11482 11485 11488 11491 11494 11496 11498 11499 11500 11501 11502 11503 11504 11505 11506 11517 11528 11529 11530 11531 11532 11534 11536 11563 11590 11591 11592 11593 11594 11596 11598 11599 11600 11601 11602 11603 11604 11606 11608 11609 11610 11611 11612 11613 11614 11615 11616 11617 11618 11619 11620 11621 11622 11623 11624 11635 11646 11649 11652 11671 11690 11691 11692 11694 11696 11700 11704 11708 11712 11714 11716 11719 11722 11725 11728 11729 11730 11731 11732 11733 11734 11745 11756 11759 11762 11771 11780 11781 11782 11783 11784 11786 11788 11789 11790 11792 11794 11795 11796 11797 11798 11810 11822 11823 11824 11825 11826 11827 11828 11831 11834 11837 11840 11843 11846 11847 11848 11849 11850 11851 11852 11853 11854 11855 11856 11865 11874 11877 11880 11889 11898 11899 11900 11901 11902 11906 11910 11911 11912 11913 11914 11924 11934 11935 11936 11937 11938 11939 11940 11941 11942 11943 11944 11945 11946 11949 11952 11955 11958 11961 11964 11965 11966 11967 11968 11979 11990 11993 11996 12023 12050 12051 12052 12053 12054 12057 12060 12063 12066 12069 12072 12073 12074 12075 12076 12077 12078 12089 12100 12103 12106 12114 12122 12128 12134 12135 12136 12137 12138 12154 12170 12173 12176 12179 12182 12183 12184 12185 12186 12187 12188 12199 12210 12213 12216 12224 12232 12238 12244 12245 12246 12247 12248 12262 12276 12279 12282 12287 12292 12293 12294 12295 12296 12297 12298 12299 12300 12311 12322 12325 12328 12355 12382 12383 12384 12385 12386 12392 12398 12401 12404 12405 12406 12407 12408 12409 12410 12421 12432 12435 12438 12447 12456 12457 12458 12459 12460 12464 12468 12469 12470 12471 12472 12478 12484 12487 12490 12491 12492 12493 12494 12495 12496 12505 12514 12517 12520 12521 12522 12523 12524 12525 12526 12529 12532 12535 12538 12541 12544 12547 12550 12551 12552 12553 12554 12565 12576 12577 12578 12579 12580 12582 12584 12598 12612 12613 12614 12615 12616 12626 12636 12637 12638 12639 12640 12641 12642 12643 12644 12645 12646 12647 12648 12651 12654 12657 12660 12663 12666 12667 12668 12669 12670 12681 12692 12693 12694 12695 12696 12698 12700 12708 12716 12717 12718 12719 12720 12748 12776 12777 12778 12779 12780 12796 12812 12815 12818 12968 13118 13134 13150 13153 13156 13187 13218 13221 13224 13225 13226 13227 13228 13229 13230 13241 13252 13253 13254 13255 13256 13258 13260 13261 13262 13295 13328 13331 13334 13335 13336 13337 13338 13339 13340 13351 13362 13365 13368 13402 13436 13439 13442 13443 13444 13445 13446 13447 13448 13459 13470 13473 13476 13490 13504 13505 13506 13507 13508 13527 13546 13549 13552 13553 13554 13555 13556 13557 13558 13586 13614 13615 13616 13617 13618 13630 13642 13643 13644 13645 13646 13648 13650 13651 13652 13653 13654 13655 13656 13671 13686 13687 13688 13689 13690 13692 13694 13697 13700 13714 13728 13729 13730 13731 13732 13751 13770 13773 13776 13777 13778 13779 13780 13781 13782 13787 13792 13793 13794 13795 13796 13806 13816 13817 13818 13819 13820 13823 13826 13829 13832 13834 13836 13837 13838 13839 13840 13851 13862 13865 13868 13903 13938 13939 13940 13941 13942 13953 13964 13967 13970 13989 14008 14009 14010 14017 14024 14025 14026 14027 14028 14034 14040 14043 14046 14047 14048 14049 14050 14051 14052 14063 14074 14075 14076 14077 14078 14080 14082 14096 14110 14111 14112 14113 14114 14133 14152 14155 14158 14159 14160 14161 14162 14163 14164 14186 14208 14209 14210 14211 14212 14230 14248 14249 14250 14251 14252 14253 14254 14257 14260 14262 14264 14265 14266 14268 14270 14271 14272 14273 14274 14275 14276 14287 14298 14301 14304 14312 14320 14321 14322 14323 14324 14329 14334 14351 14368 14371 14374 14377 14380 14381 14382 14383 14384 14385 14386 14397 14408 14411 14414 14422 14430 14431 14432 14433 14434 14439 14444 14445 14446 14447 14448 14464 14480 14483 14486 14489 14492 14493 14494 14495 14496 14497 14498 14509 14520 14523 14526 14540 14554 14555 14556 14557 14558 14570 14582 14583 14584 14585 14586 14589 14592 14595 14598 14601 14604 14605 14606 14607 14608 14609 14610 14621 14632 14635 14638 14647 14656 14657 14658 14659 14660 14664 14668 14669 14670 14671 14672 14678 14684 14688 14692 14693 14694 14695 14696 14697 14698 14699 14700 14701 14702 14708 14714 14717 14720 14721 14722 14723 14724 14725 14726 14737 14748 14749 14750 14751 14752 14754 14756 14765 14774 14775 14776 14777 14778 14782 14786 14787 14788 14789 14790 14802 14814 14815 14816 14817 14818 14821 14824 14827 14830 14833 14836 14866 14896 14897 14898 14899 14900 14901 14902 14903 14904 14919 14934 14937 14940 14943 14946 14947 14948 14949 14950 14951 14952 14963 14974 14977 14980 14989 14998 14999 15000 15001 15002 15006 15010 15011 15012 15013 15014 15024 15034 15035 15036 15037 15038 15039 15040 15041 15042 15043 15044 15047 15050 15053 15056 15059 15062 15063 15064 15065 15066 15067 15068 15079 15090 15091 15092 15093 15094 15096 15098 15107 15116 15117 15118 15119 15120 15124 15128 15129 15130 15131 15132 15139 15146 15147 15148 15149 15150 15154 15158 15159 15160 15161 15162 15165 15168 15171 15174 15177 15180 15181 15182 15183 15184 15185 15186 15197 15208 15211 15214 15228 15242 15243 15244 15245 15246 15252 15258 15271 15284 15287 15290 15291 15292 15293 15294 15295 15296 15307 15318 15321 15324 15333 15342 15343 15344 15345 15346 15350 15354 15355 15356 15357 15358 15370 15382 15383 15384 15385 15386 15389 15392 15395 15398 15401 15404 15405 15406 15407 15408 15409 15410 15421 15432 15435 15438 15446 15454 15455 15456 15457 15458 15463 15468 15469 15470 15471 15472 15479 15486 15487 15488 15489 15490 15498 15506 15509 15512 15513 15514 15515 15516 15517 15518 15529 15540 15543 15546 15554 15562 15563 15564 15565 15566 15592 15618 15619 15620 15621 15622 15633 15644 15647 15650 15658 15666 15667 15668 15669 15670 15686 15702 15703 15704 15705 15706 15708 15710 15716 15722 15725 15728 15729 15730 15731 15732 15733 15734 15745 15756 15759 15762 15770 15778 15779 15780 15781 15782 15801 15820 15823 15826 15829 15832 15833 15834 15835 15836 15837 15838 15849 15860 15863 15866 15874 15882 15883 15884 15885 15886 15891 15896 15897 15898 15899 15900 15920 15940 15941 15942 15943 15944 15985 16026 16029 16032 16033 16034 16035 16036 16037 16038 16056 16074 16077 16080 16094 16108 16109 16110 16111 16112 16128 16144 16147 16150 16151 16152 16153 16154 16155 16156 16167 16178 16181 16184 16215 16246 16249 16252 16255 16258 16259 16260 16261 16262 16263 16264 16303 16342 16343 16344 16345 16346 16351 16356 16357 16358 16359 16360 16362 16364 16367 16370 16383 16396 16399 16402 16437 16472 16473 16474 16475 16476 16487 16498 16501 16504 16539 16574 16575 16576 16577 16578 16619 16660 16661 16662 16663 16664 16670 16676 16679 16682 16683 16684 16685 16686 16687 16688 16699 16710 16713 16716 16724 16732 16733 16734 16735 16736 16762 16788 16789 16790 16791 16792 16803 16814 16817 16820 16828 16836 16837 16838 16839 16840 16866 16892 16893 16894 16895 16896 16907 16918 16921 16924 16932 16940 16941 16942 16943 16944 16970 16996 16997 16998 16999 17000 17011 17022 17025 17028 17063 17098 17099 17100 17101 17102 17113 17124 17127 17130 17138 17146 17147 17148 17149 17150 17176 17202 17203 17204 17205 17206 17217 17228 17231 17234 17242 17250 17251 17252 17253 17254 17276 17298 17301 17304 17307 17310 17311 17312 17313 17314 17315 17316 17327 17338 17339 17340 17341 17342 17371 17400 17403 17406 17407 17408 17409 17410 17411 17412 17418 17424 17425 17426 17427 17428 17439 17450 17453 17456 17464 17472 17473 17474 17475 17476 17486 17496 17497 17498 17514 17530 17531 17532 17533 17534 17545 17556 17559 17562 17584 17606 17607 17608 17609 17610 17622 17634 17635 17636 17637 17638 17649 17660 17663 17666 17688 17710 17711 17712 17713 17714 17726 17738 17739 17740 17741 17742 17753 17764 17767 17770 17792 17814 17815 17816 17817 17818 17822 17826 17827 17828 17829 17830 17836 17842 17845 17848 17849 17850 17851 17852 17853 17854 17890 17926 17927 17928 17929 17930 17941 17952 17955 17958 17988 18018 18019 18020 18021 18022 18042 18062 18063 18064 18065 18066 18077 18088 18091 18094 18102 18110 18111 18112 18113 18114 18140 18166 18167 18168 18169 18170 18181 18192 18195 18198 18206 18214 18215 18216 18217 18218 18243 18268 18271 18274 18275 18276 18277 18278 18279 18280 18291 18302 18305 18308 18316 18324 18325 18326 18327 18328 18333 18338 18339 18340 18341 18342 18361 18380 18383 18386 18387 18388 18389 18390 18391 18392 18437 18482 18483 18484 18485 18486 18488 18490 18491 18492 18493 18494 18495 18496 18507 18518 18519 18520 18521 18522 18524 18526 18557 18588 18591 18594 18595 18596 18597 18598 18599 18600 18611 18622 18625 18628 18636 18644 18645 18646 18647 18648 18667 18686 18722 18758 18759 18760 18761 18762 18778 18794 18797 18800 18801 18802 18803 18804 18805 18806 18817 18828 18831 18834 18848 18862 18863 18864 18865 18866 18882 18898 18901 18904 18905 18906 18907 18908 18909 18910 18921 18932 18935 18938 18972 19006 19009 19012 19013 19014 19015 19016 19017 19018 19029 19040 19043 19046 19060 19074 19075 19076 19077 19078 19097 19116 19119 19122 19223 19324 19325 19326 19327 19328 19339 19350 19353 19356 19390 19424 19427 19430 19431 19432 19455 19478 19479 19480 19481 19482 19508 19534 19535 19536 19537 19538 19560 19582 19583 19584 19585 19586 19591 19596 19597 19598 19599 19600 19613 19626 19632 19638 19641 19644 19645 19646 19647 19648 19649 19650 19672 19694 19695 19696 19697 19698 19724 19750 19751 19752 19753 19754 19762 19770 19771 19772 19773 19774 19793 19812 19813 19814 19815 19816 19829 19842 19849 19856 19857 19858 19859 19860 19871 19882 19885 19888 19923 19958 19959 19960 19961 19962 19973 19984 19987 19990 20004 20018 20019 20020 20021 20022 20092 20162 20163 20164 20165 20166 20177 20188 20191 20194 20229 20264 20265 20266 20267 20268 20279 20290 20293 20296 20331 20366 20367 20368 20369 20370 20381 20392 20395 20398 20406 20414 20415 20416 20417 20418 20444 20470 20471 20472 20473 20474 20485 20496 20499 20502 20580 20658 20794 20930 20931 20932 20933 20934 20954 20974 20975 20976 20977 20978 20989 21000 21003 21006 21070 21134 21135 21136 21137 21138 21201 21264 21514 21764 21832 21832 21873 0 442
0 101 202 203 204 213 222 223 224 225 226 234 242 243 244 245 246 254 262 266 270 274 278 282 286 290 294 298 302 306 310 314 318 353 388 396 404 412 420 428 436 440 444 446 448 450 452 456 460 464 468 469 470 471 472 479 486 488 490 491 492 493 494 497 500 501 502 503 504 505 506 507 508 509 510 511 512 513 514 515 516 517 518 520 522 523 524 525 526 527 528 529 530 531 532 533 534 535 536 537 538 540 542 544 546 548 550 552 554 556 558 559 560 561 562 566 570 574 578 584 590 591 592 593 594 595 596 603 610 611 612 613 614 617 620 621 622 623 624 627 630 634 638 639 640 642 644 648 652 653 654 657 660 661 662 663 664 665 666 667 668 671 674 675 676 677 678 681 684 685 686 690 694 695 696 697 698 702 706 707 708 709 710 713 716 718 720 725 730 731 732 733 734 737 740 741 742 743 744 747 750 751 752 753 754 761 768 769 770 771 772 773 774 775 776 790 804 805 806 807 808 811 814 815 816 817 818 822 826 830 834 838 842 846 850 854 858 862 866 870 874 878 882 885 888 892 896 900 904 916 928 936 944 945 946 947 948 951 954 955 956 957 958 961 964 965 966 967 968 971 974 975 976 977 978 981 984 985 986 987 988 989 990 991 992 993 994 995 996 997 998 1001 1004 1005 1006 1007 1008 1009 1010 1011 1012 1013 1014 1015 1016 1017 1018 1020 1022 1024 1026 1027 1028 1029 1030 1031 1032 1033 1034 1035 1036 1037 1038 1039 1040 1041 1042 1043 1044 1045 1046 1047 1048 1049 1050 1051 1052 1053 1054 1055 1056 1057 1058 1059 1060 1064 1068 1069 1070 1071 1072 1073 1074 1075 1076 1077 1078 1079 1080 1081 1082 1083 1084 1085 1086 1087 1088 1089 1090 1091 1092 1093 1094 1102 1110 1132 1154 1155 1156 1157 1158 1159 1160 1163 1166 1167 1168 1169 1170 1173 1176 1177 1178 1179 1180 1182 1184 1185 1186 1187 1188 1189 1190 1193 1196 1197 1198 1199 1200 1214 1228 1229 1230 1283 1336 1337 1338 1339 1340 1341 1342 1343 1344 1380 1416 1417 1418 1419 1420 1431 1442 1443 1444 1445 1446 1472 1498 1499 1500 1501 1502 1562 1622 1623 1624 1625 1626 1643 1660 1661 1662 1735 1808 1809 1810 1811 1812 1817 1822 1823 1824 1825 1826 2148 0 68 1826 1857
0 71 142 144 146 176 206 210 214 239 264 266 268 269 270 271 272 274 276 278 280 282 284 286 288 290 292 293 294 297 300 303 306 308 310 311 312 313 314 316 318 319 320 321 322 323 324 325 326 327 328 330 332 333 334 335 336 337 338 339 340 342 344 345 346 348 350 351 352 353 354 355 356 357 358 359 360 361 362 363 364 365 366 367 368 369 370 371 372 373 374 375 376 377 378 380 382 383 384 385 386 387 388 390 392 393 394 395 396 397 398 399 400 401 402 403 404 405 406 407 408 409 410 413 416 417 418 420 422 423 424 428 432 433 434 435 436 437 438 444 450 451 452 453 454 457 460 461 462 463 464 465 466 468 470 472 474 479 484 486 488 489 490 492 494 496 498 499 500 501 502 503 504 505 506 507 508 509 510 511 512 515 518 520 522 523 524 525 526 528 530 531 532 533 534 535 536 537 538 540 542 544 546 548 550 552 554 565 576 579 582 584 586 587 588 590 592 597 602 603 604 605 606 607 608 609 610 615 620 621 622 623 624 625 626 627 628 629 630 632 634 635 636 637 638 640 642 649 656 657 658 659 660 665 670 672 674 676 678 680 682 695 708 710 712 720 728 729 730 731 732 733 734 736 738 739 740 742 744 745 746 748 750 752 754 756 758 760 762 766 770 772 774 775 776 777 778 779 780 785 790 792 794 796 798 800 802 807 812 813 814 815 816 818 820 825 830 833 836 838 840 842 844 857 870 872 874 882 890 895 900 902 904 905 906 907 908 910 912 914 916 921 926 927 928 929 930 932 934 937 940 942 944 946 948 955 962 963 964 965 966 971 976 978 980 989 998 999 1000 1001 1002 1007 1012 1016 1020 1027 1034 1035 1036 1037 1038 1043 1048 1052 1056 1063 1070 1071 1072 1073 1074 1079 1084 1086 1088 1090 1092 1099 1106 1107 1108 1109 1110 1115 1120 1122 1124 1126 1128 1130 1132 1134 1136 1139 1142 1143 1144 1145 1146 1162 1178 1179 1180 1181 1182 1187 1192 1194 1196 1198 1200 1207 1214 1215 1216 1217 1218 1223 1228 1230 1232 1234 1236 1243 1250 1251 1252 1253 1254 1259 1264 1266 1268 1277 1286 1287 1288 1289 1290 1295 1300 1304 1308 1315 1322 1323 1324 1327 1330 1331 1332 1337 1342 1344 1346 1348 1350 1352 1354 1359 1364 1365 1366 1367 1368 1369 1370 1372 1374 1381 1388 1389 1390 1391 1392 1397 1402 1404 1406 1408 1410 1412 1414 1421 1428 1429 1430 1431 1432 1437 1442 1444 1446 1448 1450 1457 1464 1465 1466 1467 1468 1473 1478 1480 1482 1484 1486 1488 1490 1495 1500 1501 1502 1503 1504 1510 1516 1517 1518 1520 1522 1524 1526 1533 1540 1541 1542 1543 1544 1549 1554 1556 1558 1560 1562 1569 1576 1577 1578 1581 1584 1585 1586 1591 1596 1598 1600 1602 1604 1606 1608 1613 1618 1619 1620 1621 1622 1627 1632 1634 1636 1638 1640 1647 1654 1655 1656 1657 1658 1663 1668 1670 1672 1674 1676 1678 1680 1687 1694 1695 1696 1697 1698 1703 1708 1710 1712 1714 1716 1718 1720 1727 1734 1735 1736 1737 1738 1743 1748 1750 1752 1754 1756 1758 1760 1766 1772 1778 1784 1785 1786 1788 1790 1792 1794 1801 1808 1809 1810 1811 1812 1817 1822 1824 1826 1828 1830 1837 1844 1845 1846 1847 1848 1850 1852 1855 1858 1860 1862 1867 1872 1874 1876 1883 1890 1891 1892 1893 1894 1895 1896 1897 1898 1902 1906 1908 1910 1912 1914 1920 1926 1927 1928 1929 1930 1931 1932 1937 1942 1944 1946 1948 1950 1957 1964 1965 1966 1967 1968 1970 1972 1973 1974 1975 1976 1978 1980 1982 1984 1986 1988 1990 1992 1994 1996 1997 1998 2001 2004 2007 2010 2011 2012 2013 2014 2015 2016 2017 2018 2019 2020 2021 2022 2023 2024 2025 2026 2028 2030 2031 2032 2034 2036 2038 2040 2048 2056 2061 2066 2068 2070 2073 2076 2077 2078 2079 2080 2082 2084 2085 2086 2087 2088 2089 2090 2091 2092 2094 2096 2097 2098 2108 2118 2119 2120 2121 2122 2123 2124 2129 2134 2139 2144 2153 2162 2163 2164 2165 2166 2168 2170 2173 2176 2178 2180 2182 2184 2186 2188 2190 2192 2201 2210 2212 2214 2216 2218 2231 2244 2246 2248 2250 2252 2256 2260 2261 2262 2263 2264 2272 2280 2282 2284 2286 2288 2296 2304 2309 2314 2316 2318 2319 2320 2321 2322 2333 2344 2357 2370 2372 2374 2376 2378 2380 2382 2395 2408 2410 2412 2414 2416 2429 2442 2443 2444 2445 2446 2448 2450 2465 2480 2482 2484 2490 2496 2497 2498 2499 2500 2508 2516 2518 2520 2522 2524 2537 2550 2552 2554 2556 2558 2566 2574 2579 2584 2586 2588 2591 2594 2596 2598 2611 2624 2626 2628 2643 2658 2660 2662 2664 2666 2668 2670 2672 2674 2683 2692 2694 2696 2698 2700 2713 2726 2728 2730 2732 2734 2747 2760 2762 2764 2766 2768 2781 2794 2796 2798 2804 2810 2816 2822 2825 2828 2830 2832 2833 2834 2838 2842 2843 2844 2846 2848 2850 2852 2862 2872 2875 2878 2880 2882 2884 2886 2887 2888 2892 2896 2897 2898 2909 2920 2922 2924 2925 2926 2927 2928 2929 2930 2931 2932 2945 2958 2959 2960 2961 2962 2973 2984 2987 2990 2993 2996 2997 2998 2999 3000 3001 3002 3003 3004 3006 3008 3010 3012 3022 3032 3035 3038 3040 3042 3044 3046 3047 3048 3053 3058 3062 3066 3067 3068 3070 3072 3074 3076 3078 3080 3105 3130 3131 3132 3133 3134 3135 3136 3139 3142 3143 3144 3145 3146 3148 3150 3154 3158 3160 3162 3168 3174 3177 3180 3181 3182 3185 3188 3189 3190 3191 3192 3194 3196 3198 3200 3213 3226 3228 3230 3232 3234 3236 3238 3249 3260 3262 3264 3266 3268 3276 3284 3289 3294 3296 3298 3300 3302 3303 3304 3305 3306 3308 3310 3312 3314 3320 3326 3329 3332 3334 3336 3337 3338 3339 3340 3350 3360 3363 3366 3368 3370 3371 3372 3375 3378 3380 3382 3395 3408 3410 3412 3413 3414 3415 3416 3425 3434 3439 3444 3446 3448 3449 3450 3451 3452 3453 3454 3455 3456 3457 3458 3464 3470 3471 3472 3475 3478 3479 3480 3482 3484 3486 3488 3489 3490 3491 3492 3493 3494 3500 3506 3507 3508 3509 3510 3516 3522 3523 3524 3525 3526 3535 3544 3545 3546 3547 3548 3549 3550 3553 3556 3559 3562 3563 3564 3565 3566 3567 3568 3569 3570 3571 3572 3573 3574 3575 3576 3577 3578 3580 3582 3588 3594 3595 3596 3597 3598 3604 3610 3611 3612 3613 3614 3615 3616 3623 3630 3631 3632 3633 3634 3635 3636 3642 3648 3649 3650 3651 3652 3653 3654 3661 3668 3669 3670 3671 3672 3673 3674 3675 3676 3677 3678 3681 3684 3686 3688 3689 3690 3691 3692 3693 3694 3695 3696 3703 3710 3711 3712 3713 3714 3715 3716 3722 3728 3729 3730 3731 3732 3733 3734 3741 3748 3749 3750 3751 3752 3753 3754 3760 3766 3768 3770 3772 3774 3775 3776 3788 3800 3802 3804 3805 3806 3807 3808 3809 3810 3821 3832 3833 3834 3835 3836 3837 3838 3840 3842 3852 3862 3863 3864 3865 3866 3867 3868 3869 3870 3871 3872 3875 3878 3880 3882 3884 3886 3899 3912 3923 3934 3935 3936 3937 3938 3939 3940 3942 3944 3946 3948 3958 3968 3969 3970 3971 3972 3973 3974 3975 3976 3977 3978 3980 3982 3983 3984 3985 3986 3987 3988 3989 3990 3991 3992 4005 4018 4022 4026 4028 4030 4032 4034 4038 4042 4047 4052 4057 4062 4064 4066 4077 4088 4090 4092 4094 4096 4137 4178 4180 4182 4188 4194 4195 4196 4197 4198 4204 4210 4212 4214 4216 4218 4225 4232 4234 4236 4240 4244 4246 4248 4255 4262 4263 4264 4265 4266 4268 4270 4272 4274 4280 4286 4291 4296 4299 4302 4304 4306 4308 4310 4320 4330 4331 4332 4333 4334 4336 4338 4340 4342 4348 4354 4358 4362 4365 4368 4372 4376 4380 4384 4390 4396 4399 4402 4404 4406 4408 4410 4412 4414 4416 4418 4422 4426 4429 4432 4437 4442 4446 4450 4452 4454 4456 4458 4467 4476 4480 4484 4488 4492 4501 4510 4512 4514 4515 4516 4517 4518 4519 4520 4521 4522 4524 4526 4528 4530 4531 4532 4533 4534 4535 4536 4537 4538 4540 4542 4544 4546 4754 4754 4937 71 110
0 145 290 291 292 293 294 445 596 597 598 599 600 683 766 767 768 769 770 912 1054 1055 1056 1057 1058 1175 1292 1293 1294 1295 1296 1402 1508 1509 1510 1511 1512 1794 2076 2077 2078 2079 2080 2111 2142 2143 2144 2145 2146 2171 2196 2197 2198 2199 2200 2299 2398 2399 2400 2401 2402 2764 0 117 2402 2712

0 3753 7506 7601 7696 7697 7698 7699 7700 7751 7802 7803 7804 7805 7806 7842 7878 7879 7880 7881 7882 7905 7928 7929 7930 7931 7932 7978 8024 8025 8026 8027 8028 8119 8210 8211 8212 8213 8214 8224 8234 8235 8236 8237 8238 8240 8242 8243 8244 8245 8246 8277 8308 8309 8310 8311 8312 8474 8636 8637 8638 8639 8640 8686 8732 8733 8734 8735 8736 8854 8972 8973 8974 8975 8976 9234 9492 10930 10930 11568 3753 5110
0 3748 7496 7504 7512 7542 7572 7592 7612 7613 7614 7615 7616 7627 7638 7639 7640 7641 7642 7660 7678 7679 7680 7681 7682 7704 7726 7727 7728 7729 7730 7743 7756 7757 7758 7759 7760 7770 7780 7781 7782 7783 7784 7858 7932 7933 7934 7935 7936 7987 8038 8039 8040 8041 8042 8055 8068 8069 8070 8071 8072 8121 8170 8171 8172 8173 8174 8175 8176 8177 8178 8179 8180 8255 8330 8331 8332 8333 8334 8346 8358 8359 8360 8361 8362 8366 8370 8371 8372 8373 8374 8376 8378 8379 8380 8381 8382 8387 8392 8393 8394 8395 8396 8415 8434 8435 8436 8437 8438 8444 8450 8451 8452 8453 8454 8475 8496 8497 8498 8499 8500 8502 8504 8505 8506 8507 8508 8518 8528 8529 8530 8531 8532 8546 8560 8561 8562 8563 8564 8587 8610 8611 8612 8613 8614 8623 8632 8633 8634 8635 8636 8640 8644 8645 8646 8647 8648 8651 8654 8655 8656 8657 8658 8667 8676 8677 8678 8679 8680 8684 8688 8689 8690 8691 8692 8720 8748 8749 8750 8751 8752 8755 8758 8759 8760 8761 8762 8764 8766 8767 8768 8769 8770 8869 8968 8969 8970 8971 8972 8976 8980 8981 8982 8983 8984 8985 8986 8987 8988 8989 8990 9010 9030 9031 9032 9033 9034 9047 9060 9061 9062 9063 9064 9067 9070 9071 9072 9073 9074 9100 9126 9127 9128 9129 9130 9180 9230 9231 9232 9240 9248 9249 9250 9251 9252 9280 9308 9309 9310 9311 9312 9345 9378 9379 9380 9381 9382 9400 9418 9419 9420 9421 9422 9424 9426 9427 9428 9429 9430 9434 9438 9439 9440 9441 9442 9443 9444 9445 9446 9447 9448 9451 9454 9455 9456 9457 9458 9463 9468 9469 9470 9471 9472 9474 9476 9477 9478 9479 9480 9483 9486 9487 9488 9489 9490 9508 9526 9833 10140 10141 10142 10143 10144 10347 10550 10556 10562 10563 10564 10565 10566 10570 10574 10575 10576 10577 10578 10590 10602 10603 10604 10605 10606 10613 10620 10621 10622 10623 10624 10629 10634 10635 10636 10637 10638 10639 10640 10641 10642 10643 10644 10653 10662 10663 10664 10665 10666 10703 10740 10741 10742 10743 10744 10754 10764 10765 10766 10767 10768 10774 10780 10781 10782 10783 10784 10785 10786 10787 10788 10789 10790 10817 10844 10845 10846 10847 10848 10865 10882 10883 10884 10885 10886 10905 10924 10925 10926 10927 10928 10929 10930 10931 10932 10933 10934 11024 11114 11115 11116 11117 11118 11138 11158 11159 11160 11161 11162 11163 11164 11165 11166 11172 11178 11179 11180 11181 11182 11192 11202 11203 11204 11205 11206 11215 11224 11225 11226 11227 11228 11257 11286 11287 11288 11289 11290 11314 11338 11339 11340 11341 11342 11375 11408 11409 11410 11411 11412 11423 11434 11435 11436 11437 11438 11439 11440 11442 11444 11445 11446 11447 11448 11455 11462 11463 11464 11465 11466 11474 11482 11483 11484 11485 11486 11511 11536 11537 11538 11539 11540 11546 11552 11553 11554 11555 11556 11564 11572 11573 11574 11575 11576 11608 11640 11641 11642 11643 11644 11657 11670 11671 11672 11673 11674 11677 11680 11681 11682 11683 11684 11701 11718 11719 11720 11721 11722 11730 11738 11739 11740 11741 11742 11796 11850 11851 11852 11853 11854 11855 11856 11857 11858 11874 11890 11891 11892 11893 11894 11903 11912 11913 11914 11915 11916 11933 11950 11951 11952 11953 11954 12023 12092 12093 12094 12095 12096 12139 12182 12183 12184 12185 12186 12240 12294 12295 12296 12297 12298 12303 12308 12309 12310 12311 12312 12338 12364 12365 12366 12367 12368 12378 12388 12389 12390 12391 12392 12402 12412 12413 12414 12415 12416 12452 12488 12489 12490 12491 12492 12499 12506 12507 12508 12509 12510 12517 12524 12525 12526 12527 12528 12533 12538 12539 12540 12541 12542 12561 12580 12581 12582 12583 12584 12607 12630 12643 12656 12657 12658 12659 12660 12663 12666 12667 12668 12669 12670 12710 12750 12751 12752 12753 12754 12785 12816 12817 12818 12819 12820 12838 12856 12857 12858 12859 12860 12870 12880 12881 12882 12883 12884 12968 13052 13053 13054 13055 13056 13070 13084 13085 13086 13087 13088 13089 13090 13091 13092 13151 13210 13211 13212 13213 13214 13230 13246 13247 13248 13249 13250 13299 13348 13349 13350 13351 13352 13360 13368 13369 13370 13371 13372 13399 13426 13427 13428 13429 13430 13469 13508 13509 13510 13511 13512 13516 13520 13521 13522 13523 13524 13530 13536 13537 13538 13539 13540 13571 13602 13603 13604 13605 13606 13646 13686 13687 13688 13693 13698 13699 13700 13701 13702 13809 13916 13917 13918 13919 13920 13927 13934 13935 13936 13937 13938 13946 13954 13955 13956 13957 13958 13980 14002 14004 14006 14009 14012 14016 14020 14021 14022 14023 14024 14041 14058 14059 14060 14061 14062 14080 14098 14099 14100 14101 14102 14112 14122 14123 14124 14125 14126 14133 14140 14141 14142 14143 14144 14156 14168 14169 14170 14171 14172 14179 14186 14187 14188 14189 14190 14205 14220 14221 14222 14223 14224 14238 14252 14253 14254 14255 14256 14308 14360 14361 14362 14363 14364 14373 14382 14383 14384 14385 14386 14896 15406 15407 15408 15409 15410 15413 15416 15417 15418 15419 15420 15511 15602 15603 15604 15605 15606 15698 15790 15791 15792 15793 15794 16112 16430 16431 16432 16433 16434 16448 16462 16463 16464 16465 16466 16467 16468 16469 16470 16471 16472 16654 16836 16837 16838 16839 16840 16901 16962 16963 16964 16965 16966 16992 17018 17019 17020 17021 17022 17111 17200 17201 17202 17203 17204 17232 17260 17261 17262 17263 17264 17394 17524 17525 17526 17527 17528 17535 17542 17543 17544 17545 17546 17615 17684 17685 17686 17687 17688 17756 17824 17825 17826 17827 17828 18153 18478 18479 18480 18481 18482 18483 18484 18485 18486 18487 18488 18639 18790 18791 18792 18793 18794 18812 18830 18831 18832 18833 18834 18846 18858 18859 18860 18861 18862 18975 19088 19121 19154 19155 19156 19157 19158 19160 19162 19163 19164 19165 19166 19341 19516 19517 19518 19519 19520 19551 19582 19583 19584 19622 19660 19661 19662 19663 19664 19721 19778 19779 19780 19781 19782 20056 20330 20331 20332 20333 20334 20341 20348 20349 20350 20351 20352 20446 20540 20541 20542 20543 20544 20637 20730 20731 20732 20733 20734 20977 21220 21221 21222 21223 21224 21236 21248 21249 21250 21251 21252 21279 21306 21307 21308 21309 21310 21722 22134 22135 22136 22137 22138 22231 22324 22325 22326 22327 22328 22367 22406 22407 22408 22409 22410 22469 22528 22529 22530 22531 22532 22591 22650 22651 22652 22653 22654 22664 22674 22675 22676 22677 22678 22697 22716 22717 22718 22719 22720 22727 22734 22735 22736 22737 22738 22788 22838 22839 22840 22841 22842 22920 22998 22999 23000 23001 23002 23017 23032 23033 23034 23035 23036 23037 23038 23084 23130 23131 23132 23133 23134 23149 23164 23165 23166 23167 23168 23173 23178 23179 23180 23181 23182 23211 23240 23241 23242 23243 23244 23257 23270 23271 23272 23273 23274 23381 23488 23489 23490 23491 23492 23509 23526 23527 23528 23529 23530 23547 23564 23565 23566 23567 23568 23595 23622 23623 23624 23625 23626 23743 23860 23861 23862 23863 23864 23898 23932 23933 23934 23935 23936 23945 23954 23955 23956 23957 23958 23965 23972 23973 23974 23975 23976 23990 24004 24005 24006 24007 24008 24011 24014 24016 24018 24020 24022 24030 24038 24039 24040 24041 24042 24113 24184 24185 24186 24187 24188 24228 24268 24269 24270 24271 24272 24277 24282 24283 24284 24285 24286 24307 24328 24329 24330 24331 24332 24395 24458 24459 24460 24461 24462 24474 24486 24487 24488 24489 24490 24497 24504 24505 24506 24507 24508 24522 24536 24537 24538 24539 24540 24541 24542 24543 24544 24595 24646 24647 24648 24649 24650 24656 24662 24663 24664 24665 24666 24680 24694 24695 24696 24697 24698 24721 24744 26621 3748 5323 26621 26644

0 4097 8194 8216 8238 8239 8240 8241 8242 8285 8328 8329 8330 8331 8332 8333 8334 8335 8336 8337 8338 8352 8366 8367 8368 8369 8370 8398 8426 8427 8428 8429 8430 8500 8570 8571 8572 8573 8574 8636 8698 8699 8700 8701 8702 8705 8708 8709 8710 8711 8712 8728 8744 8745 8746 8747 8748 8760 8772 8773 8774 8779 8784 8785 8786 8787 8788 8910 9032 9033 9034 9035 9036 9037 9038 9039 9040 9041 9042 9050 9058 9059 9060 9061 9062 9074 9086 9087 9088 9089 9090 9092 9094 9095 9096 9097 9098 9119 9140 9142 9144 9146 9148 9184 9220 9221 9222 9223 9224 9241 9258 9259 9260 9261 9262 9264 9266 9267 9268 9269 9270 9276 9282 9283 9284 9285 9286 9309 9332 9333 9334 9335 9336 9388 9440 9441 9442 9443 9444 9453 9462 9463 9464 9465 9466 9540 9614 9615 9616 9617 9618 9718 9818 9819 9820 9821 9822 9830 9838 9839 9840 9841 9842 9881 9920 9921 9922 9923 9924 10054 10184 10185 10186 10187 10188 10292 10396 10397 10398 10399 10400 10409 10418 10419 10420 10421 10422 10438 10454 10455 10456 10457 10458 10483 10508 10509 10510 10511 10512 10527 10542 10543 10544 10545 10546 10592 10638 10639 10640 10641 10642 10663 10684 10685 10686 10687 10688 10771 10854 10855 10856 10857 10858 10869 10880 10881 10882 10883 10884 10917 10950 10951 10952 10953 10954 11005 11056 11057 11058 11059 11060 11071 11082 11083 11084 11085 11086 11157 11228 11570 11912 11918 11924 11925 11926 11927 11928 11947 11966 11967 11968 11969 11970 11993 12016 12017 12018 12019 12020 12029 12038 12045 12052 12053 12054 12055 12056 12057 12058 12060 12062 12063 12064 12065 12066 12076 12086 12087 12088 12089 12090 12120 12150 12151 12152 12153 12154 12161 12168 12169 12170 12171 12172 12177 12182 12183 12184 12185 12186 12194 12202 12203 12204 12205 12206 12209 12212 12213 12214 12215 12216 12230 12244 12245 12246 12247 12248 12276 12304 12305 12306 12307 12308 12311 12314 12315 12316 12317 12318 12320 12322 12323 12324 12325 12326 12349 12372 12373 12374 12375 12376 12389 12402 12403 12404 12405 12406 12414 12422 12423 12424 12425 12426 12453 12480 12481 12482 12483 12484 12485 12486 12487 12488 12489 12490 12512 12534 12535 12536 12537 12538 12542 12546 12547 12548 12549 12550 12586 12622 12623 12624 12625 12626 12648 12670 12671 12672 12673 12674 12693 12712 12713 12714 12715 12716 12730 12744 12745 12746 12747 12748 12749 12750 12751 12752 12811 12870 12871 12872 12873 12874 12879 12884 12885 12886 12887 12888 12898 12908 12909 12910 12911 12912 12940 12968 12969 12970 12971 12972 12991 13010 13011 13012 13013 13014 13015 13016 13017 13018 13026 13034 13035 13036 13037 13038 13041 13044 13045 13046 13047 13048 13056 13064 13065 13066 13067 13068 13127 13186 13187 13188 13189 13190 13196 13202 13203 13204 13205 13206 13237 13268 13269 13270 13271 13272 13273 13274 13275 13276 13277 13278 13286 13294 13295 13296 13297 13298 13330 13362 13363 13364 13366 13368 13369 13370 13371 13372 13381 13390 13391 13392 13393 13394 13398 13402 13403 13404 13405 13406 13471 13536 13537 13538 13539 13540 13542 13544 13545 13546 13547 13548 13549 13550 13590 13630 13631 13632 13633 13634 13637 13640 13642 13644 13646 13648 13650 13652 13653 13654 13655 13656 13657 13658 13749 13840 13841 13842 13843 13844 13856 13868 13869 13870 13871 13872 13877 13882 13883 13884 13885 13886 14033 14180 14181 14182 14183 14184 14192 14200 14201 14202 14203 14204 14225 14246 16122 17998 18000 18002 18003 18004 18005 18006 18011 18016 18017 18018 18019 18020 18098 18176 18177 18178 18179 18180 18219 18258 18259 18260 20135 22010 22011 22012 22137 22262 22263 22264 22265 22266 22270 22274 22275 22276 22277 22278 22392 22506 22507 22508 22509 22510 22526 22542 22543 22544 22545 22546 22566 22586 22587 22588 22589 22590 22594 22598 22599 22600 22601 22602 22617 22632 22633 22634 22635 22636 22654 22672 22673 22674 22675 22676 22714 22752 22753 22754 22755 22756 22766 22776 22777 22778 22779 22780 23209 23638 23639 23640 23641 23642 23836 24030 24031 24032 24033 24034 24186 24338 24339 24340 24341 24342 24361 24380 24381 24382 24383 24384 24421 24458 24459 24460 24461 24462 24492 24522 24523 24524 24525 24526 24528 24530 24531 24532 24533 24534 24571 24608 24609 24610 24611 24612 24618 24624 24625 24626 24627 24628 24637 24646 24647 24648 24649 24650 24707 24764 24765 24766 24767 24768 24778 24788 24789 24790 24791 24792 24795 24798 24799 24800 24801 24802 24803 24804 24805 24806 24817 24828 24829 24830 24831 24832 24850 24868 24869 24870 24871 24872 24874 24876 24877 24878 24879 24880 24922 24964 24965 24966 24967 24968 24998 25028 25031 25034 25037 25040 25046 25052 25053 25054 25055 25056 25060 25064 25066 25068 25070 25072 25074 25076 25077 25078 25079 25080 25090 25100 25101 25102 25103 25104 25130 25156 25157 25158 25159 25160 25170 25180 25181 25182 25183 25184 25222 25260 25261 25262 25263 25264 25266 25268 25269 25270 25271 25272 25315 25358 25359 25360 25361 25362 25368 25374 25375 25376 25377 25378 25391 25404 25405 25406 25407 25408 25409 25410 25411 25412 25413 25414 25418 25422 25423 25424 25429 25434 25435 25436 25437 25438 25439 25440 25442 25444 25446 25448 25462 25476 25477 25478 25479 25480 25547 25614 25615 25616 25617 25618 25650 25682 25683 25684 25685 25686 25691 25696 25697 25698 25699 25700 25703 25706 25707 25708 25709 25710 25715 25720 25733 25746 25747 25748 25749 25750 25751 25752 25753 25754 25755 25756 25757 25758 25759 25760 25780 25800 25801 25802 25803 25804 25805 25806 25807 25808 25813 25818 25819 25820 25821 25822 25849 25876 25877 25878 25879 25880 25882 25884 25885 25886 25887 25888 25908 25928 25929 25930 25931 25932 25934 25936 25937 25938 25939 25940 25943 25946 25947 25948 25949 25950 25965 25980 25981 25982 25983 25984 25991 25998 25999 26000 26001 26002 26017 26032 26033 26034 26035 26036 26051 26066 26067 26068 26069 26070 26089 26108 26109 26110 26111 26112 26113 26114 26115 26116 26125 26134 26135 26136 26137 26138 26176 26214 26215 26216 26217 26218 26251 26284 26285 26286 26287 26288 26303 26318 26319 26320 26321 26322 26363 26404 26405 26406 26407 26408 26419 26430 26431 26432 26433 26434 26440 26446 26447 26448 26449 26450 26456 26462 26463 26464 26465 26466 26493 26520 26521 26522 26523 26524 26541 26558 26559 26560 26561 26562 26563 26564 26565 26566 26568 26570 26571 26572 26573 26574 26589 26604 26605 26606 26607 26608 26609 26610 26611 26612 26613 26614 26619 26624 26625 26626 26627 26628 26688 26748 26749 26750 26751 26752 26775 26798 26799 26800 26801 26802 26822 26842 26843 26844 26845 26846 26852 26858 26861 26864 26867 26870 26879 26888 26889 26890 26891 26892 26901 26910 26911 26912 26913 26914 26923 26932 26933 26934 26935 26936 26955 26974 26975 26976 26977 26978 26982 26986 26987 26988 26989 26990 27004 27018 27019 27020 27021 27022 27076 27130 27131 27132 27133 27134 27138 27142 27143 27144 27145 27146 27157 27168 27169 27170 27171 27172 27192 27212 27213 27214 27215 27216 27220 27224 27225 27226 27227 27228 27234 27240 27241 27242 27243 27244 27252 27260 27261 27262 27263 27264 27275 27286 27287 27288 27289 27290 27310 27330 27331 27332 27333 27334 27338 27342 27343 27344 27345 27346 27354 27362 27363 27364 27365 27366 27376 27386 27387 27388 27389 27390 27400 27410 27411 27412 27413 27414 27424 27434 27435 27436 27437 27438 27462 27486 27487 27488 27489 27490 27517 27544 27545 27546 27547 27548 27552 27556 27557 27558 27559 27560 27561 27562 27563 27564 27594 27624 27625 27626 27627 27628 27655 27682 27683 27684 27685 27686 27700 27714 27715 27716 27717 27718 27752 27786 27787 27788 27789 27790 27791 27792 27793 27794 27795 27796 27838 27880 27881 27882 27927 27972 27973 27974 27975 27976 27980 27984 27985 27986 27987 27988 27990 27992 27993 27994 27995 27996 28001 28006 28007 28008 28009 28010 28029 28048 28049 28050 28051 28052 28058 28064 28065 28066 28067 28068 28078 28088 28089 28090 28091 28092 28102 28112 28113 28114 28115 28116 28117 28118 28120 28122 28123 28124 28125 28126 28136 28146 28147 28148 28149 28150 28166 28182 28183 28184 28185 28186 28199 28212 28213 28214 28215 28216 28217 28218 28219 28220 28226 28232 28233 28234 28235 28236 28241 28246 28247 28248 28249 28250 28258 28266 28267 28268 28269 28270 28273 28276 28277 28278 28279 28280 28294 28308 28309 28310 28311 28312 28340 28368 28369 28370 28371 28372 28375 28378 28379 28380 28381 28382 28384 28386 28387 28388 28389 28390 28427 28464 28465 28466 28467 28468 28476 28484 28485 28486 28487 28488 28492 28496 28497 28498 28499 28500 28519 28538 28539 28540 28541 28542 28544 28546 28547 28548 28549 28550 28574 28598 28599 28600 28601 28602 28606 28610 28611 28612 28613 28614 28650 28686 28687 28688 28689 28690 28732 28774 28775 28776 28777 28778 28786 28794 28795 28796 28797 28798 28803 28808 28809 28810 28811 28812 28813 28814 28815 28816 28864 28912 28920 28928 28931 28934 28935 28936 28937 28938 28943 28948 28949 28950 28951 28952 28962 28972 28973 28974 28975 28976 28992 29008 29009 29010 29011 29012 29023 29034 29035 29036 29037 29038 29057 29076 29077 29078 29079 29080 29081 29082 29083 29084 29092 29100 29101 29102 29103 29104 29116 29128 29129 29130 29131 29132 29191 29250 29251 29252 29253 29254 29260 29266 29267 29268 29269 29270 29287 29304 29305 29306 29307 29308 29321 29334 29335 29336 29337 29338 29339 29340 29341 29342 29343 29344 29352 29360 29361 29362 29363 29364 29394 29424 29425 29426 29427 29428 29429 29430 29431 29432 29434 29436 29437 29438 29439 29440 29449 29458 29459 29460 29461 29462 29466 29470 29471 29472 29473 29474 29539 29604 29605 29606 29607 29608 29610 29612 29613 29614 29615 29616 29617 29618 29658 29698 29699 29700 29701 29702 29705 29708 29710 29712 29714 29716 29718 29720 29721 29722 29723 29724 29738 29752 29754 29756 29757 29758 29760 29762 29763 29764 29766 29768 29769 29770 29771 29772 29773 29774 29775 29776 29793 29810 29811 29812 29813 29814 29820 29826 29827 29828 29829 29830 29841 29852 29853 29854 29855 29856 29866 29876 29877 29878 29879 29880 29884 29888 29889 29890 29891 29892 29894 29896 29897 29898 29899 29900 29912 29924 29925 29926 29927 29928 29935 29942 29943 29944 29945 29946 29952 29958 29959 29960 29961 29962 29970 29978 29979 29980 29981 29982 29996 30010 30011 30012 30013 30014 30045 30076 30077 30078 30079 30080 30098 30116 30117 30118 30119 30120 30121 30122 30123 30124 30125 30126 30135 30144 30145 30146 30147 30148 30186 30224 30225 30226 30227 30228 30255 30282 30283 30284 30285 30286 30309 30332 30333 30334 30335 30336 30375 30414 30415 30416 30417 30418 30471 30524 30525 30526 30527 30528 30567 30606 30607 30608 30609 30610 30615 30620 30621 30622 30623 30624 30677 30730 30731 30732 30733 30734 30738 30742 30752 30762 30763 30764 30765 30766 30810 30854 30856 30858 30860 30862 30871 30880 30881 30882 30883 30884 30903 30922 30923 30924 30925 30926 30950 30974 30975 30976 30977 30978 30992 31006 31007 31008 31009 31010 31064 31118 31119 31120 31121 31122 31138 31154 31155 31156 31157 31158 31178 31198 31199 31200 31201 31202 31206 31210 31211 31212 31213 31214 31229 31244 31245 31246 31247 31248 31266 31284 31285 31286 31287 31288 31326 31364 31365 31366 31367 31368 31378 31388 31389 31390 31391 31392 31493 31594 31595 31596 31597 31598 31625 31652 31653 31654 31655 31656 31670 31684 31685 31686 31687 31688 31724 31760 31761 31762 31763 31764 31852 31940 31941 31942 31943 31944 31948 31952 31953 31954 31955 31956 31984 32012 32013 32014 32015 32016 32044 32072 32073 32074 32075 32076 32078 32080 32081 32082 32083 32084 32088 32092 32093 32094 32095 32096 32101 32106 32107 32108 32109 32110 32126 32142 32143 32144 32145 32146 32159 32172 32173 32174 32175 32176 32198 32220 32221 32222 32223 32224 32227 32230 32231 32232 32233 32234 32248 32262 32263 32264 32265 32266 32274 32282 32283 32284 32285 32286 32312 32338 32339 32340 32341 32342 32353 32364 32365 32366 32367 32368 32402 32436 32437 32438 32439 32440 32464 32488 32489 32490 32491 32492 32494 32496 32497 32498 32499 32500 32529 32558 32559 32560 32561 32562 32563 32564 32565 32566 32567 32568 32602 32636 32637 32638 32639 32640 32665 32690 32691 32692 32693 32694 32710 32726 32727 32728 32729 32730 32738 32746 32747 32748 32749 32750 32755 32760 32761 32762 32763 32764 32765 32766 32767 32768 32789 32810 32811 32812 32820 32828 32829 32830 32831 32832 32850 32868 32869 32870 32871 32872 32878 32884 32900 32916 32917 32918 32919 32920 32952 32984 32985 32986 32987 32988 32994 33000 33342 33684 33688 33692 33693 33694 33695 33696 33700 33704 33706 33708 33710 33712 33714 33716 33717 33718 33719 33720 33728 33736 33737 33738 33739 33740 33741 33742 33743 33744 33745 33746 33757 33768 33769 33770 33771 33772 33797 33822 33823 33824 33825 33826 33864 33902 33903 33904 33905 33906 33908 33910 33911 33912 33913 33914 33955 33996 33997 33998 33999 34000 34001 34002 34003 34004 34005 34006 34012 34018 34019 34020 34021 34022 34035 34048 34049 34050 34051 34052 34053 34054 34055 34056 34057 34058 34065 34072 34073 34074 34076 34078 34079 34080 34081 34082 34083 34084 34085 34086 34087 34088 34089 34090 34091 34092 34094 34096 34110 34124 34125 34126 34127 34128 34195 34262 34263 34264 34265 34266 34274 34282 34283 34284 34285 34286 34287 34288 34289 34290 34312 34334 34335 34336 34337 34338 34343 34348 34349 34350 34351 34352 34355 34358 34359 34360 34361 34362 34366 34370 34371 34372 34373 34374 34387 34400 34401 34402 34403 34404 34405 34406 34408 34410 34412 34414 34417 34420 34421 34422 34423 34424 34441 34458 34459 34460 34461 34462 34466 34470 34471 34472 34473 34474 34487 34500 34501 34502 34503 34504 34506 34508 34509 34510 34511 34512 34550 34588 34589 34590 34591 34592 34611 34630 34631 34632 34633 34634 34693 34752 34753 34754 34755 34756 34770 34784 34785 34786 34787 34788 34801 34814 34815 34816 34817 34818 34890 34962 34963 34964 34965 34966 34971 34976 34978 34980 34982 34984 35028 35072 35073 35074 35075 35076 35089 35102 35103 35104 35105 35106 35133 35160 35161 35162 35163 35164 35185 35206 35207 35208 35209 35210 35280 35350 35357 35364 35365 35366 35367 35368 35374 35380 35381 35382 35383 35384 35487 35590 35591 35592 35593 35594 35613 35632 35633 35634 35635 35636 35690 35744 35745 35746 35747 35748 35752 35756 35757 35758 35759 35760 35771 35782 35783 35784 35785 35786 35806 35826 35827 35828 35829 35830 35862 35894 35895 35896 35897 35898 35932 35966 35967 35968 35969 35970 35980 35990 35991 35992 35993 35994 36015 36036 36037 36038 36039 36040 36064 36088 36089 36090 36091 36092 36124 36156 36157 36158 36159 36160 36161 36162 36163 36164 36222 36280 36281 36282 36283 36284 36291 36298 36299 36300 36301 36302 36345 36388 36389 36390 36391 36392 36480 36568 36569 36570 36571 36572 36576 36580 36581 36582 36583 36584 36612 36640 36641 36642 36643 36644 36661 36678 36679 36680 36681 36682 36692 36702 36703 36704 36705 36706 36708 36710 36711 36712 36713 36714 36715 36716 36726 36736 36737 36738 36739 36740 36784 36828 36829 36830 36831 36832 36840 36848 36849 36850 36851 36852 36853 36854 36855 36856 36858 36860 36861 36862 36863 36864 36878 36892 36893 36894 36895 36896 36930 36964 36965 36966 36967 36968 36969 36970 36971 36972 37009 37046 37047 37048 37049 37050 37058 37066 37067 37068 37069 37070 37097 37124 37125 37126 37127 37128 37157 37186 37187 37188 37189 37190 37226 37262 37263 37264 37265 37266 37308 37350 37351 37352 37353 37354 37368 37382 37383 37384 37385 37386 37387 37388 37389 37390 37466 37542 37543 37544 37545 37546 37574 37602 37603 37604 37605 37606 37625 37644 37645 37646 37647 37648 37670 37692 37693 37694 37695 37696 37713 37730 37731 37732 37733 37734 37816 37898 37899 37900 37901 37902 37910 37918 37919 37920 37921 37922 37954 37986 37987 37988 37990 37992 37993 37994 37995 37996 37997 37998 37999 38000 38001 38002 38003 38004 38005 38006 38012 38018 38019 38020 38021 38022 38026 38030 38031 38032 38033 38034 38099 38164 38165 38166 38167 38168 38170 38172 38173 38174 38175 38176 38187 38198 38199 38200 38201 38202 38226 38250 38251 38252 38253 38254 38257 38260 38261 38262 38263 38264 38267 38270 38272 38274 38276 38278 38280 38282 38283 38284 38285 38286 38287 38288 38289 38290 38305 38320 38321 38322 38323 38324 38345 38366 38367 38368 38369 38370 38371 38372 38373 38374 38379 38384 38385 38386 38387 38388 38400 38412 38413 38414 38415 38416 38418 38420 38421 38422 38423 38424 38435 38446 38447 38448 38449 38450 38452 38454 38455 38456 38457 38458 38478 38498 38499 38500 38501 38502 38508 38514 38515 38516 38517 38518 38541 38564 38565 38566 38567 38568 38599 38630 38631 38632 38633 38634 38654 38674 38675 38676 38677 38678 38687 38696 38697 38698 38699 38700 38717 38734 38735 38736 38737 38738 38758 38778 38779 38780 38781 38782 38788 38794 38795 38796 38797 38798 38842 38886 38887 38888 38889 38890 38929 38968 38969 38970 38971 38972 39025 39078 39079 39080 39081 39082 39116 39150 39151 39152 39153 39154 39158 39162 39163 39164 39165 39166 39171 39176 39177 39178 39179 39180 39219 39258 39259 39260 39261 39262 39275 39288 39289 39290 39291 39292 39306 39320 39321 39322 39323 39324 39368 39412 39414 39416 39418 39420 39429 39438 39439 39440 39441 39442 39459 39476 39477 39478 39479 39480 39481 39482 39483 39484 39485 39486 39510 39534 39535 39536 39537 39538 39552 39566 39567 39568 39569 39570 39624 39678 39679 39680 39681 39682 39685 39688 39689 39690 39691 39692 39704 39716 39717 39718 39719 39720 39740 39760 39761 39762 39763 39764 39768 39772 39773 39774 39775 39776 39791 39806 39807 39808 39809 39810 39867 39924 39925 39926 39927 39928 39938 39948 39949 39950 39951 39952 40053 40154 40155 40156 40157 40158 40185 40212 40213 40214 40215 40216 40229 40242 40243 40244 40245 40246 40248 40250 40251 40252 40288 40324 40325 40326 40327 40328 40416 40504 40505 40506 40507 40508 40509 40510 40511 40512 40513 40514 40516 40518 40519 40520 40521 40522 40528 40534 40535 40536 40537 40538 40559 40580 40581 40582 40583 40584 40612 40640 40641 40642 40643 40644 40646 40648 40649 40650 40651 40652 40662 40672 40673 40674 40675 40676 40692 40708 40709 40710 40711 40712 40718 40724 40725 40726 40727 40728 40733 40738 40739 40740 40741 40742 40743 40744 40745 40746 40768 40790 40791 40792 40793 40794 40797 40800 40801 40802 40803 40804 40818 40832 40833 40834 40835 40836 40858 40880 40881 40882 40883 40884 40896 40908 40909 40910 40911 40912 40958 41004 41005 41006 41007 41008 41018 41028 41029 41030 41031 41032 41045 41058 41059 41060 41061 41062 41064 41066 41067 41068 41069 41070 41099 41128 41129 41130 41131 41132 41168 41204 41205 41206 41207 41208 41218 41228 41229 41230 41231 41232 41263 41294 41295 41296 41297 41298 41306 41314 41315 41316 41317 41318 41323 41328 41329 41330 41331 41332 41333 41334 41335 41336 41407 41478 41479 41480 41481 41482 41483 41484 41485 41486 41518 41550 41551 41552 41553 41554 41569 41584 41586 41588 41590 41592 41594 41596 41597 41598 41599 41600 41622 41644 41645 41646 41647 41648 41748 41848 41849 41850 41851 41852 41860 41868 41869 41870 41871 41872 41896 41920 41921 41922 41923 41924 41931 41938 41939 41940 41942 41944 41945 41946 41947 41948 41949 41950 41951 41952 41953 41954 41955 41956 41957 41958 41959 41960 41961 41962 41963 41964 41969 41974 41975 41976 41977 41978 41982 41986 41987 41988 41989 41990 41992 41994 41995 41996 41997 41998 42060 42122 42123 42124 42125 42126 42128 42130 42131 42132 42133 42134 42145 42156 42157 42158 42159 42160 42182 42204 42205 42206 42207 42208 42213 42218 42219 42220 42221 42222 42225 42228 42230 42232 42234 42236 42238 42240 42241 42242 42243 42244 42245 42246 42247 42248 42261 42274 42275 42276 42277 42278 42279 42280 42281 42282 42283 42284 42305 42326 42327 42328 42329 42330 42331 42332 42333 42334 42338 42342 42343 42344 42345 42346 42347 42348 42349 42350 42362 42374 42375 42376 42377 42378 42380 42382 42383 42384 42385 42386 42421 42456 42457 42458 42459 42460 42462 42464 42465 42466 42467 42468 42527 42586 42587 42588 42589 42590 42638 42686 42687 42688 42689 42690 42762 42834 42835 42836 42837 42838 42877 42916 42917 42918 42919 42920 42931 42942 42943 42944 42945 42946 42987 43028 43029 43030 43031 43032 43053 43074 43075 43076 43077 43078 43095 43112 43113 43114 43115 43116 43121 43126 43127 43128 43129 43130 43155 43180 43181 43182 43183 43184 43204 43224 43231 43238 43239 43240 43241 43242 43256 43270 43271 43272 43273 43274 43285 43296 43298 43300 43302 43304 43346 43388 43389 43390 43391 43392 43419 43446 43447 43448 43449 43450 43466 43482 43483 43484 43485 43486 43492 43498 45376 4097 6866 45376 45396
0 5789 11578 11662 11746 11747 11748 12005 12262 12263 12264 12265 12266 12293 12320 12321 12322 12323 12324 12325 12326 12327 12328 12329 12330 12342 12354 12355 12356 12357 12358 12362 12366 12367 12368 12369 12370 12375 12380 12381 12382 12388 12394 12395 12396 12397 12398 12463 12528 12529 12530 12531 12532 12585 12638 12639 12640 12641 12642 12643 12644 12645 12646 12658 12670 14167 15664 15668 15672 15673 15674 15675 15676 15677 15678 15684 15690 15691 15692 17182 18672 18852 19032 19033 19034 19035 19036 19037 19038 19098 19158 19159 19160 19161 19162 19308 19454 19460 19466 19472 19478 19479 19480 19521 19562 19563 19564 19565 19566 19568 19570 19571 19572 19573 19574 19586 19598 19599 19600 19601 19602 19604 19606 19607 19608 19609 19610 19647 19684 19685 19686 19687 19688 19689 19690 19692 19694 19696 19698 19705 19712 19713 19714 19715 19716 19733 19750 19751 19752 19753 19754 19761 19768 19769 19770 19771 19772 19778 19784 19785 19786 19787 19788 19793 19798 19799 19800 19801 19802 19840 19878 19879 19880 19881 19882 19899 19916 19917 19918 19919 19920 19943 19966 19967 19968 19969 19970 19971 19972 19975 19978 19979 19980 19981 19982 19990 19998 19999 20000 20001 20002 20027 20052 20053 20054 20055 20056 20081 20106 20107 20108 20109 20110 20121 20132 20133 20134 20135 20136 20141 20146 20147 20148 20149 20150 20216 20282 20283 20284 20303 20322 20323 20324 20325 20326 20330 20334 20335 20336 20337 20338 20345 20352 20353 20354 20355 20356 20362 20368 20369 20370 20371 20372 20413 20454 20455 20456 20457 20458 20459 20460 20461 20462 20463 20464 20484 20504 20505 20506 20507 20508 20517 20526 20532 20538 20539 20540 20541 20542 20547 20552 20553 20554 20555 20556 20563 20570 20571 20572 20573 20574 20581 20588 20589 20590 20591 20592 20594 20596 20597 20598 20599 20600 20604 20608 20609 20610 20611 20612 20613 20614 20620 20626 20627 20628 20629 20630 20645 20660 20661 20662 20663 20664 20665 20666 20667 20668 20669 20670 20681 20692 20693 20694 20695 20696 20699 20702 20703 20704 20705 20706 20709 20712 20713 20714 20715 20716 20717 20718 20719 20720 20721 20722 20738 20754 20755 20756 20757 20758 20759 20760 20761 20762 20763 20764 20854 20944 20945 20946 20947 20948 21003 21058 21059 21060 21061 21062 21080 21098 21099 21100 21101 21102 21103 21104 21105 21106 21107 21108 21111 21114 21115 21116 21117 21118 21119 21120 21149 21178 21179 21180 21181 21182 21198 21214 21215 21216 21217 21218 21266 21314 21315 21316 21317 21318 21319 21320 21348 21376 21377 21378 21379 21380 21390 21400 21401 21402 21403 21404 21416 21428 21429 21430 21431 21432 21453 21474 21475 21476 21477 21478 21482 21486 21487 21488 21489 21490 21491 21492 21493 21494 21500 21506 21507 21508 21509 21510 21515 21520 21521 21522 21523 21524 21525 21526 21527 21528 21529 21530 21537 21544 21545 21546 21547 21548 21563 21578 21579 21580 21581 21582 21584 21586 21587 21588 21589 21590 21597 21604 21605 21606 21607 21608 21623 21638 21639 21640 21641 21642 21652 21662 21663 21664 21665 21666 21671 21676 21677 21678 21679 21680 21682 21684 21685 21686 21687 21688 21690 21692 21693 21694 21695 21696 21710 21724 21725 21726 21727 21728 21739 21750 21751 21752 21753 21754 21755 21756 21757 21758 21759 21760 21775 21790 21791 21792 21793 21794 21808 21822 21823 21824 21825 21826 21827 21828 21829 21830 21831 21832 21833 21834 21841 21848 21849 21850 21851 21852 21866 21880 21881 21882 21883 21884 21898 21912 21913 21914 21915 21916 21917 21918 21919 21920 21921 21922 21924 21926 21927 21928 21929 21930 21937 21944 21945 21946 21947 21948 21959 21970 21971 21972 21973 21974 21995 22016 22017 22018 22019 22020 22033 22046 22047 22048 22049 22050 22084 22118 22119 22120 22121 22122 22123 22124 22137 22150 22151 22152 22153 22154 22155 22156 22157 22158 22159 22160 22168 22176 22177 22178 22179 22180 22187 22194 22195 22196 22197 22198 22202 22206 22207 22208 22209 22210 22232 22254 22255 22256 22257 22258 22272 22286 22288 22290 22291 22292 22293 22294 22297 22300 22301 22302 22303 22304 22305 22306 22307 22308 22309 22310 22311 22312 22319 22326 22392 22458 22459 22460 22461 22462 22680 22898 22899 22900 22901 22902 22949 22996 22997 22998 22999 23000 23008 23016 28650 23016 26230 5789 7734
0 5789 11578 11662 11746 11747 11748 12005 12262 12263 12264 12265 12266 12293 12320 12321 12322 12323 12324 12325 12326 12327 12328 12329 12330 12342 12354 12355 12356 12357 12358 12362 12366 12367 12368 12369 12370 12375 12380 12381 12382 12388 12394 12395 12396 12397 12398 12463 12528 12529 12530 12531 12532 12585 12638 12639 12640 12641 12642 12643 12644 12645 12646 12658 12670 14167 15664 15668 15672 15673 15674 15675 15676 15677 15678 15684 15690 15691 15692 17182 18672 18852 19032 19033 19034 19035 19036 19037 19038 19098 19158 19159 19160 19161 19162 19308 19454 19460 19466 19472 19478 19479 19480 19521 19562 19563 19564 19565 19566 19568 19570 19571 19572 19573 19574 19586 19598 19599 19600 19601 19602 19604 19606 19607 19608 19609 19610 19647 19684 19685 19686 19687 19688 19689 19690 19692 19694 19696 19698 19705 19712 19713 19714 19715 19716 19733 19750 19751 19752 19753 19754 19761 19768 19769 19770 19771 19772 19778 19784 19785 19786 19787 19788 19793 19798 19799 19800 19801 19802 19840 19878 19879 19880 19881 19882 19899 19916 19917 19918 19919 19920 19943 19966 19967 19968 19969 19970 19971 19972 19975 19978 19979 19980 19981 19982 19990 19998 19999 20000 20001 20002 20027 20052 20053 20054 20055 20056 20081 20106 20107 20108 20109 20110 20121 20132 20133 20134 20135 20136 20141 20146 20147 20148 20149 20150 20216 20282 20283 20284 20303 20322 20323 20324 20325 20326 20330 20334 20335 20336 20337 20338 20345 20352 20353 20354 20355 20356 20362 20368 20369 20370 20371 20372 20413 20454 20455 20456 20457 20458 20459 20460 20461 20462 20463 20464 20484 20504 20505 20506 20507 20508 20517 20526 20532 20538 20539 20540 20541 20542 20547 20552 20553 20554 20555 20556 20563 20570 20571 20572 20573 20574 20581 20588 20589 20590 20591 20592 20594 20596 20597 20598 20599 20600 20604 20608 20609 20610 20611 20612 20613 20614 20620 20626 20627 20628 20629 20630 20645 20660 20661 20662 20663 20664 20665 20666 20667 20668 20669 20670 20681 20692 20693 20694 20695 20696 20699 20702 20703 20704 20705 20706 20709 20712 20713 20714 20715 20716 20717 20718 20719 20720 20721 20722 20738 20754 20755 20756 20757 20758 20759 20760 20761 20762 20763 20764 20854 20944 20945 20946 20947 20948 21003 21058 21059 21060 21061 21062 21080 21098 21099 21100 21101 21102 21103 21104 21105 21106 21107 21108 21111 21114 21115 21116 21117 21118 21119 21120 21149 21178 21179 21180 21181 21182 21198 21214 21215 21216 21217 21218 21266 21314 21315 21316 21317 21318 21319 21320 21348 21376 21377 21378 21379 21380 21390 21400 21401 21402 21403 21404 21416 21428 21429 21430 21431 21432 21453 21474 21475 21476 21477 21478 21482 21486 21487 21488 21489 21490 21491 21492 21493 21494 21500 21506 21507 21508 21509 21510 21515 21520 21521 21522 21523 21524 21525 21526 21527 21528 21529 21530 21537 21544 21545 21546 21547 21548 21563 21578 21579 21580 21581 21582 21584 21586 21587 21588 21589 21590 21597 21604 21605 21606 21607 21608 21623 21638 21639 21640 21641 21642 21652 21662 21663 21664 21665 21666 21671 21676 21677 21678 21679 21680 21682 21684 21685 21686 21687 21688 21690 21692 21693 21694 21695 21696 21710 21724 21725 21726 21727 21728 21739 21750 21751 21752 21753 21754 21755 21756 21757 21758 21759 21760 21775 21790 21791 21792 21793 21794 21808 21822 21823 21824 21825 21826 21827 21828 21829 21830 21831 21832 21833 21834 21841 21848 21849 21850 21851 21852 21866 21880 21881 21882 21883 21884 21898 21912 21913 21914 21915 21916 21917 21918 21919 21920 21921 21922 21924 21926 21927 21928 21929 21930 21937 21944 21945 21946 21947 21948 21959 21970 21971 21972 21973 21974 21995 22016 22017 22018 22019 22020 22033 22046 22047 22048 22049 22050 22084 22118 22119 22120 22121 22122 22123 22124 22137 22150 22151 22152 22153 22154 22155 22156 22157 22158 22159 22160 22168 22176 22177 22178 22179 22180 22187 22194 22195 22196 22197 22198 22202 22206 22207 22208 22209 22210 22232 22254 22255 22256 22257 22258 22272 22286 22288 22290 22291 22292 22293 22294 22297 22300 22301 22302 22303 22304 22305 22306 22307 22308 22309 22310 22311 22312 22319 22326 22392 22458 22459 22460 22461 22462 22680 22898 22899 22900 22901 22902 22949 22996 22997 22998 22999 23000 23008 23016 28650 23016 26539 5789 7611
0 258 516 517 518 519 520 535 550 551 552 559 566 567 568 602 636 637 638 639 640 768 896 898 900 902 904 1007 1110 1111 1112 1113 1114 1148 1182 1183 1184 1185 1186 1214 1242 1721 2200 2206 2212 2213 2214 2215 2216 2222 2228 2229 2230 2231 2232 2332 2432 2433 2434 2435 2436 2479 2522 2523 2524 2525 2526 2582 2638 2639 2640 2641 2642 2669 2696 2697 2698 2699 2700 2720 2740 2741 2742 2743 2744 2764 2784 2785 2786 2787 2788 2789 2790 2791 2792 2793 2794 2813 2832 2844 2856 2857 2858 2859 2860 2881 2902 2903 2904 2905 2906 2919 2932 2933 2934 2935 2936 3078 3220 3221 3222 3223 3224 3383 3542 3543 3544 3545 3546 3725 3904 3905 3906 3907 3908 3960 4012 4013 4014 4015 4016 4018 4020 4021 4022 4023 4024 4031 4038 4039 4040 4041 4042 4087 4132 4133 4134 4135 4136 4224 4312 4441 4570 4572 4574 4590 4606 4607 4608 4609 4610 4640 4670 4671 4672 4673 4674 4922 5170 5171 5172 5173 5174 5304 5434 5435 5436 5437 5438 5686 5686 5879 258 344
0 410 820 821 822 823 824 825 826 827 828 892 956 957 958 959 960 1027 1094 1096 1098 1112 1126 1127 1128 1129 1130 1131 1132 1133 1134 1135 1136 1137 1138 1370 1602 1615 1628 1640 1652 1653 1654 1655 1656 1698 1740 1741 1742 1743 1744 1783 1822 1823 1824 1825 1826 1859 1892 1893 1894 1989 2084 2085 2086 2087 2088 2121 2154 2155 2156 2157 2158 2222 2286 2287 2288 2289 2290 2333 2376 2377 2378 2379 2380 2387 2394 2395 2396 2397 2398 2592 2786 2787 2788 2789 2790 2984 3178 3181 3184 3424 3424 3589 410 540
0 223 446 450 454 456 458 462 466 470 474 475 476 477 478 481 484 485 486 487 488 496 504 506 508 512 516 519 522 525 528 529 530 538 546 549 552 553 554 555 556 558 560 561 562 563 564 584 604 605 606 607 608 611 614 616 618 621 624 632 640 665 690 694 698 702 706 710 714 749 784 792 800 804 808 812 816 820 824 827 830 831 832 833 834 837 840 841 842 843 844 847 850 851 852 853 854 869 884 885 886 887 888 902 916 918 920 983 1046 1047 1048 1049 1050 1051 1052 1066 1080 1081 1082 1087 1092 1097 1102 1107 1112 1117 1122 1125 1128 1130 1132 1133 1134 1136 1138 1139 1140 1141 1142 1143 1144 1145 1146 1147 1148 1150 1152 1153 1154 1155 1156 1157 1158 1159 1160 1161 1162 1237 1312 1313 1314 1315 1316 1726 1726 1973 223 345
0 192 384 385 386 387 388 402 416 417 418 419 420 447 474 475 476 477 478 519 560 561 562 563 564 616 668 669 670 671 672 682 692 693 694 695 696 755 814 815 816 817 818 830 842 843 844 845 846 847 848 869 890 891 892 893 894 1000 1106 1110 1114 1123 1132 1133 1134 1135 1136 1256 1376 1377 1378 1379 1380 1450 1520 1521 1522 1523 1524 1525 1526 1583 1640 1641 1642 1643 1644 1646 1648 1649 1650 1651 1652 1735 1818 1819 1820 1821 1822 1935 2048 2049 2050 2051 2052 2053 2054 2055 2056 2181 2306 2307 2308 2309 2310 2404 2498 2499 2500 2501 2502 2520 2538 2539 2540 2705 2870 2873 2876 2879 2882 2888 2894 2974 3054 3055 3056 3057 3058 3138 3218 3219 3220 3298 3376 3377 3378 3466 3554 3555 3556 3557 3558 3617 3676 3677 3678 3679 3680 3767 3854 3855 3856 3857 3858 3921 3984 3985 3986 3987 3988 4053 4118 4126 4134 4331 192 307 4331 4360
0 145 290 291 292 293 294 304 314 315 316 317 318 319 320 321 322 323 324 328 332 333 334 335 336 339 342 343 344 658 972 973 974 975 976 992 1008 1009 1010 1011 1012 1031 1050 1051 1052 1053 1054 1131 1208 1209 1210 1211 1212 1237 1262 1263 1264 1265 1266 1279 1292 1294 1296 1364 1432 1433 1434 1435 1436 1465 1494 1495 1496 1497 1498 1605 1712 1713 1714 1715 1716 1822 1928 1929 1930 1931 1932 1962 1992 1993 1994 1995 1996 2120 2244 2245 2246 2247 2248 2335 2422 2423 2424 2425 2426 2464 2502 2507 2512 2531 2550 2555 2560 2565 2570 2734 145 240 2734 2803
0 224 448 449 450 451 452 521 590 591 592 593 594 655 716 717 718 719 720 723 726 727 728 729 730 783 836 881 926 957 988 1103 1218 1219 1220 1221 1222 1252 1282 1283 1284 1285 1286 1348 1410 1411 1412 1413 1414 1464 1514 1515 1516 1517 1518 1865 2212 2213 2214 2215 2216 2326 2436 2437 2438 2439 2440 2692 2944 2945 2946 2947 2948 3236 3524 3525 3526 3527 3528 3531 3534 3535 3536 3537 3538 3624 3710 3711 3712 3713 3714 3725 3736 3737 3738 3739 3740 3750 3760 3761 3762 3763 3764 3803 3842 3843 3844 3845 3846 3981 0 199 3846 3886
0 87 174 175 176 177 178 207 236 237 238 239 240 254 268 269 270 445 620 621 622 623 624 661 698 699 700 701 702 736 770 771 772 773 774 974 1174 1176 1178 1180 1182 1210 1238 1242 1246 1264 1282 1286 1290 1485 1680 1682 1684 1731 1778 1779 1780 1781 1782 1833 1884 1888 1892 2038 2184 2185 2186 2187 2188 2234 2280 2281 2282 2283 2284 2322 2360 2361 2362 2363 2364 2365 2366 2367 2368 2374 2380 2381 2382 2389 2396 2409 2422 2424 2426 2428 2430 2432 2434 2523 2612 2616 2620 2629 2638 2639 2640 2643 2646 2647 2648 2651 2654 2688 2722 2730 2738 2751 2764 2765 2766 2767 2768 2820 2872 2873 2874 2875 2876 2955 3034 3035 3036 3037 3038 3099 3160 3161 3162 3163 3164 3235 3306 3307 3308 3309 3310 3311 3312 3313 3314 3315 3316 3542 3316 3450 0 25
0 71 142 143 144 145 146 164 182 183 184 185 186 414 642 643 644 645 646 714 782 783 784 785 786 854 922 923 924 925 926 954 982 983 984 985 986 1018 1050 1051 1052 1053 1054 1125 1196 1198 1200 1286 1372 1373 1374 1375 1376 1416 1456 1457 1458 1459 1460 1471 1482 1486 1490 1491 1492 1493 1494 1500 1506 1507 1508 1509 1510 1589 1668 1672 1676 1720 1764 1766 1768 1826 1884 1885 1886 1887 1888 1906 1924 1948 1972 2059 2146 2147 2148 2149 2150 2151 2152 2153 2154 2209 2264 2265 2266 2267 2268 2275 2282 2283 2284 2334 2384 2385 2386 2387 2388 2615 2842 2843 2844 2845 2846 2904 2962 2963 2964 2965 2966 3002 3038 3042 3046 3089 3132 3133 3134 3135 3136 3167 3198 3202 3206 3208 3210 3212 3214 3216 3218 3349 3480 3481 3482 3483 3484 3658 3832 3833 3834 3835 3836 3845 3854 3855 3856 3857 3858 3966 4074 4075 4076 4077 4078 4218 4358 4359 4360 4361 4362 4453 4544 4545 4546 4547 4548 4803 71 125 4803 4831
0 173 346 347 348 349 350 371 392 393 394 500 606 607 608 609 610 645 680 681 682 683 684 760 836 840 844 889 934 936 938 942 946 948 950 952 954 956 958 962 966 1018 1070 1071 1072 1073 1074 1088 1102 1103 1104 1105 1106 1107 1108 1115 1122 1123 1124 1125 1126 1127 1128 1129 1130 1138 1146 1148 1150 1203 1256 1260 1264 1265 1266 1267 1268 1271 1274 1278 1282 1286 1290 1292 1294 1295 1296 1297 1298 1340 1382 1383 1384 1385 1386 1478 1570 1572 1574 1619 1664 1665 1666 1667 1668 1670 1672 1673 1674 1677 1680 1681 1682 1694 1706 1707 1708 1709 1710 1729 1748 1750 1752 1770 1788 1792 1796 1936 2076 2080 2084 2197 2310 2312 2314 2403 2492 2493 2494 2495 2496 2498 2500 2501 2502 2503 2504 2542 2580 2583 2586 2667 2748 2749 2750 2751 2752 2802 2852 2853 2854 2855 2856 2881 2906 2907 2908 2909 2910 2948 2986 2987 2988 2989 2990 3230 3470 3471 3472 3473 3474 3600 3600 3699 173 256
0 172 344 345 346 347 348 349 350 351 352 444 536 537 538 539 540 930 172 248 930 1059

0 240 480 481 482 483 484 716 948 949 950 951 952 1096 1240 1241 1242 1243 1244 1322 1400 1401 1402 1403 1404 1578 1752 1753 1754 1755 1756 1846 1936 1937 1938 1939 1940 1978 2016 2017 2018 2019 2020 2093 2166 2167 2168 2169 2170 2385 2600 2601 2602 2603 2604 2630 2656 2657 2658 2659 2660 2788 2788 2890 240 287
0 448 896 897 898 899 900 910 920 921 922 923 924 963 1002 1003 1004 1005 1006 1085 1164 1165 1166 1167 1168 1204 1240 1241 1242 1243 1244 1298 1352 1353 1354 1355 1356 1470 1584 1585 1586 1587 1588 1759 1759 1911 448 688
0 182 364 365 366 367 368 469 570 571 572 573 574 856 1138 1139 1140 1141 1142 1161 1180 1181 1182 1183 1184 1248 1312 1313 1314 1315 1316 1404 1492 1493 1494 1495 1496 1555 1614 1615 1616 1617 1618 1623 1628 1629 1630 1631 1632 1641 1650 1651 1652 1653 1654 1694 1734 1735 1736 1737 1738 1937 2136 2137 2138 2139 2140 2225 2310 2311 2312 2313 2314 2383 2452 2453 2454 2638 2638 2802 182 252
0 363 726 727 728 729 730 815 900 901 902 903 904 910 916 917 918 919 920 947 974 975 976 977 978 1035 1092 1093 1094 1095 1096 1116 1136 1137 1138 1139 1140 1245 1350 1351 1352 1353 1354 1363 1372 1373 1374 1375 1376 1377 1378 1379 1380 1381 1382 1443 1504 1505 1506 1507 1508 1577 1646 1647 1648 1649 1650 1684 1718 1719 1720 1722 1724 1725 1726 1727 1728 1747 1766 1767 1768 1769 1770 1836 1902 1903 1904 1905 1906 2056 2206 2207 2208 2209 2210 2258 2306 2307 2308 2309 2310 2417 2524 2525 2526 2527 2528 2534 2540 2541 2542 2543 2544 2575 2606 2607 2608 2624 2640 2641 2642 2643 2644 2673 2702 2705 2708 2768 2828 2829 2830 2831 2832 2833 2834 2835 2836 2837 2838 2895 2952 2953 2954 2955 2956 2970 2984 2985 2986 2987 2988 3055 3122 3123 3124 3125 3126 3209 3292 3293 3294 3295 3296 3470 3644 3645 3646 3647 3648 3724 3800 3801 3802 3803 3804 3892 3980 3981 3982 3983 3984 3997 4010 4011 4012 4013 4014 4139 0 312 4014 4072
0 230 460 461 462 463 464 491 518 519 520 521 522 685 848 849 850 851 852 872 892 893 894 895 896 939 982 983 984 985 986 1108 1230 1231 1232 1233 1234 1342 1450 1451 1452 1453 1454 1455 1456 1457 1458 1459 1460 1461 1462 1543 1624 1625 1626 1627 1628 1787 1946 1947 1948 1949 1950 2127 2304 2305 2306 2307 2308 2323 2338 2339 2340 2341 2342 2417 2492 2493 2494 2495 2496 2612 2728 2729 2730 2731 2732 2795 2858 2859 2860 2861 2862 2885 2908 2909 2910 2911 2912 2955 2998 2999 3000 3001 3002 3025 3048 3049 3050 3051 3052 3096 3140 3141 3142 3143 3144 3149 3154 3155 3156 3157 3158 3280 3402 3403 3404 3405 3406 3443 3480 3481 3482 3483 3484 3516 3548 3549 3550 3551 3552 3589 3626 3627 3628 3629 3630 3643 3656 3657 3658 3659 3660 3719 3778 3779 3780 3781 3782 3790 3798 3799 3800 3801 3802 3803 3804 3805 3806 3886 3966 3967 3968 3969 3970 3985 4000 4001 4002 4003 4004 4073 4142 4143 4144 4145 4146 4165 4184 4185 4186 4187 4188 4283 4378 4379 4380 4381 4382 4394 4406 4407 4408 4409 4410 4411 4412 4413 4414 4449 4484 4485 4486 4487 4488 4556 4624 4625 4626 4627 4628 4657 4686 4687 4688 4689 4690 4772 4854 4855 4856 4857 4858 4915 4972 4973 4974 4975 4976 4986 4996 4997 4998 4999 5000 5002 5004 5005 5006 5007 5008 5030 5052 5053 5054 5055 5056 5062 5068 5069 5070 5071 5072 5073 5074 5075 5076 5161 5246 5248 5250 5254 5258 5260 5262 5264 5266 5268 5270 5272 5274 5276 5278 5280 5282 5284 5286 5288 5290 5317 5344 5345 5346 5347 5348 5377 5406 5407 5408 5409 5410 5416 5422 5423 5424 5425 5426 5427 5428 5429 5430 5438 5446 5447 5448 5449 5450 5533 5616 5617 5618 5619 5620 5700 5780 5781 5782 5783 5784 5791 5798 5799 5800 5801 5802 6041 6041 6254 230 376
0 192 384 385 386 387 388 457 526 527 528 529 530 596 662 663 664 665 666 965 1264 1265 1266 1267 1268 1351 1434 1435 1436 1437 1438 1489 1540 1541 1542 1543 1544 1728 1912 1913 1914 1915 1916 1979 2042 2043 2044 2045 2046 2169 2292 2293 2294 2295 2296 2496 2696 2697 2698 2699 2700 2726 2752 2753 2754 2755 2756 2830 2904 2905 2906 2907 2908 3287 3666 3667 3668 3735 3802 3803 3804 3805 3806 3813 3820 3821 3822 3823 3824 3832 3840 3841 3842 3843 3844 3873 3902 3903 3904 3905 3906 3907 3908 3909 3910 3911 3912 3914 3916 3917 3918 3919 3920 3983 4046 4047 4048 4049 4050 4121 4192 4193 4194 4195 4196 4285 4374 4375 4376 4377 4378 4380 4382 4383 4384 4385 4386 4388 4390 4391 4392 4393 4394 4433 4472 4473 4474 4475 4476 4478 4480 4482 4484 4486 4488 4545 4602 4603 4604 4605 4606 4636 4666 4667 4668 4669 4670 4725 4780 4781 4782 4783 4784 4794 4804 4805 4806 4807 4808 4875 4942 4943 4944 4945 4946 5020 5094 5095 5096 5097 5098 5232 5366 5367 5368 5369 5370 5416 5462 5463 5464 5465 5466 5509 5552 5553 5554 5555 5556 5646 5736 5737 5738 5739 5740 5751 5762 5763 5764 5765 5766 5872 5978 5979 5980 5981 5982 6100 6218 6219 6220 6221 6222 6303 6384 6385 6386 6387 6388 6511 6634 6635 6636 6637 6638 6673 6708 6709 6710 6711 6712 6745 6778 6779 6780 6781 6782 6802 6822 6823 6824 6825 6826 6830 6834 6835 6836 6837 6838 6860 6882 6883 6884 6885 6886 6982 7078 7079 7080 7081 7082 7083 7084 7085 7086 7087 7088 7228 7368 7369 7370 7371 7372 7428 7484 7485 7486 7487 7488 7564 7640 7641 7642 7643 7644 8077 8077 8214 192 315
0 153 306 307 308 309 310 336 362 363 364 365 366 437 508 509 510 511 512 534 556 557 558 559 560 601 642 643 644 645 646 688 730 731 732 733 734 759 784 785 786 787 788 866 944 945 946 947 948 1014 1080 1081 1082 1083 1084 1135 1186 1187 1188 1189 1190 1572 1954 1955 1956 1957 1958 2146 2146 2297 153 228
0 174 348 349 350 351 352 439 526 527 528 529 530 553 576 577 578 579 580 645 710 711 712 713 714 885 1056 1057 1058 1059 1060 1062 1064 1065 1066 1067 1068 1129 1190 1191 1192 1193 1194 1233 1272 1273 1274 1275 1276 1280 1284 1285 1286 1287 1288 1342 1396 1397 1398 1399 1400 1476 1552 1553 1554 1555 1556 1709 1709 1822 174 252
0 360 720 721 722 723 724 849 974 975 976 977 978 979 980 981 982 1004 1026 1027 1028 1029 1030 1050 1070 1071 1072 1073 1074 1104 1134 1135 1136 1137 1138 1184 1230 1231 1232 1233 1234 1390 1546 1547 1548 1549 1550 1700 1850 1851 1852 1853 1854 1912 1970 1971 1972 1973 1974 2093 2212 2214 2216 2218 2220 2222 2224 2249 2274 2275 2276 2277 2278 2312 2346 2347 2348 2349 2350 2421 2492 2493 2494 2495 2496 2622 2748 2749 2750 2751 2752 2770 2788 2789 2790 2791 2792 2795 2798 2799 2800 2801 2802 2849 2896 2900 2904 2968 3032 3033 3034 3035 3036 3215 3394 3395 3396 3397 3398 3508 3618 3620 3622 3624 3626 3651 3676 3677 3678 3679 3680 3840 4000 4001 4002 4003 4004 4034 4064 4065 4066 4067 4068 4126 4184 4185 4186 4187 4188 4193 4198 4199 4200 4201 4202 4207 4212 4213 4214 4215 4216 4241 4266 4267 4268 4269 4270 4289 4308 4309 4310 4311 4312 4455 4598 4618 4638 4639 4640 4641 4642 4686 4730 4731 4732 4733 4734 4736 4738 4739 4740 4741 4742 4757 4772 4774 4776 4779 4782 4785 4788 4789 4790 4791 4792 4808 4824 4825 4826 4827 4828 4992 5156 5157 5158 5159 5160 5195 5230 5231 5232 5233 5234 5292 5350 5351 5352 5380 5408 5409 5410 5411 5412 5413 5414 5518 5622 5623 5624 5625 5626 5690 5754 5755 5756 5757 5758 5774 5790 5791 5792 5793 5794 5987 6180 6181 6182 6183 6184 6370 6556 6557 6558 6559 6560 6571 6582 6583 6584 6585 6586 6601 6616 6617 6618 6619 6620 6680 6740 6741 6742 6743 6744 6824 6904 6905 6906 6907 6908 6937 6966 6967 6968 6969 6970 7056 7142 7143 7144 7145 7146 7170 7194 7195 7196 7197 7198 7283 7368 7369 7370 7371 7372 7406 7440 7441 7442 7443 7444 7498 7552 7553 7554 7555 7556 7730 7730 7815 360 524
0 386 772 773 774 775 776 844 912 913 914 915 916 1014 1112 1113 1114 1115 1116 1238 1360 1361 1362 1363 1364 1495 1626 1627 1628 1629 1630 1778 1926 1927 1928 1929 1930 2002 2074 2075 2076 2077 2078 2182 2286 2287 2288 2289 2290 2315 2340 2341 2342 2343 2344 2464 2584 2585 2586 2587 2588 2732 2876 2877 2878 2879 2880 2938 2996 2997 2998 2999 3000 3561 4122 4123 4124 4125 4126 4402 4678 4679 4680 4681 4682 4685 4688 4689 4690 4691 4692 5107 5107 5331 386 446
0 216 432 433 434 435 436 451 466 467 468 469 470 487 504 505 506 507 508 522 536 537 538 539 540 657 774 775 776 777 778 822 866 867 868 869 870 897 924 925 926 927 928 966 1004 1005 1006 1007 1008 1009 1010 1011 1012 1013 1014 1069 1124 1125 1126 1127 1128 1130 1132 1133 1134 1135 1136 1141 1146 1147 1148 1149 1150 1153 1156 1157 1158 1159 1160 1171 1182 1183 1184 1185 1186 1219 1252 1253 1254 1255 1256 1283 1310 1311 1312 1313 1314 1315 1316 1332 1348 1349 1350 1351 1352 1373 1394 1395 1396 1397 1398 1474 1550 1551 1552 1553 1554 1615 1676 1677 1678 1679 1680 1837 1994 1995 1996 1997 1998 2002 2006 2007 2008 2009 2010 2270 2530 2531 2532 2533 2534 2535 2536 2551 2566 2567 2568 2569 2570 2571 2572 2573 2574 2575 2576 2577 2578 2579 2580 2581 2582 2583 2584 2585 2586 2587 2588 2589 2590 2592 2594 2596 2598 2600 2602 2608 2614 2616 2618 2620 2622 2624 2626 2632 2638 2639 2640 2641 2642 2643 2644 2645 2646 2647 2648 2722 2796 2798 2800 2802 2804 2805 2806 2807 2808 2809 2810 2811 2812 2813 2814 2815 2816 2832 2848 2849 2850 2851 2852 2895 2938 2939 2940 2941 2942 2946 2950 2951 2952 2953 2954 2995 3036 3037 3038 3039 3040 3057 3074 3075 3076 3077 3078 3304 3530 3531 3532 3533 3534 3638 3742 3743 3744 3745 3746 3892 4038 4039 4040 4041 4042 4099 4156 4157 4158 4159 4160 4231 4302 4303 4304 4305 4306 4415 4524 4525 4526 4527 4528 4647 4766 4767 4768 4769 4770 5117 5117 5371 216 270
0 208 416 417 418 460 502 503 504 505 506 611 716 717 718 719 720 751 782 783 784 785 786 852 918 919 920 921 922 1279 1636 1637 1638 1639 1640 1761 1882 1883 1884 1885 1886 1945 2004 2005 2006 2007 2008 2020 2032 2035 2038 2117 2196 2287 2378 2379 2380 2381 2382 2598 2598 2766 208 284
0 193 386 387 388 389 390 447 504 505 506 507 508 562 616 617 618 619 620 651 682 683 684 685 686 735 784 785 786 787 788 843 898 899 900 901 902 996 1090 1091 1092 1093 1094 1124 1154 1155 1156 1157 1158 1229 1300 1301 1302 1303 1304 1433 1562 1563 1564 1565 1566 1679 1792 1793 1794 1795 1796 1797 1798 1799 1800 1801 1802 1836 1870 1871 1872 1873 1874 2012 2150 2151 2152 2153 2154 2185 2216 2217 2218 2219 2220 2612 2612 2644 193 217
0 147 294 295 296 298 300 301 302 303 304 328 352 353 354 355 356 472 588 589 590 591 592 751 910 911 912 913 914 1004 1094 1095 1096 1097 1098 1188 1278 1279 1280 1281 1282 1319 1356 1357 1358 1359 1360 1373 1386 1387 1388 1389 1390 1550 1710 1711 1712 1713 1714 1991 1991 2152 147 173
0 212 424 425 426 427 428 429 430 444 458 459 460 461 462 463 464 465 466 484 502 503 504 505 506 520 534 535 536 537 538 551 564 565 566 567 568 665 762 763 764 765 766 774 782 783 784 785 786 830 874 875 876 877 878 914 950 951 952 953 954 957 960 961 962 963 964 1015 1066 1067 1068 1069 1070 1071 1072 1073 1074 1141 1208 1209 1210 1211 1212 1358 1504 1505 1506 1507 1508 1948 1948 2326 212 250
0 384 768 770 772 774 776 780 784 824 864 866 868 870 872 874 876 878 880 882 884 886 888 890 892 894 896 898 900 902 904 957 1010 1011 1012 1013 1014 1015 1016 1017 1018 1020 1022 1023 1024 1041 1058 1059 1060 1061 1062 1176 1290 1291 1292 1293 1294 1664 2034 2035 2036 2037 2038 2070 2102 2103 2104 2105 2106 2132 2158 2159 2160 2161 2162 2206 2250 2251 2252 2253 2254 2508 2762 2763 2764 2765 2766 2806 2846 2847 2848 2849 2850 2864 2878 2879 2880 2881 2882 2903 2924 2925 2926 2927 2928 2968 3008 3009 3010 3011 3012 3160 3308 3309 3310 3311 3312 3334 3356 3357 3358 3359 3360 3489 3618 3619 3620 3621 3622 3648 3674 3675 3676 3677 3678 3716 3754 3755 3756 3757 3758 3772 3786 3787 3788 3789 3790 3930 4070 4071 4072 4073 4074 4147 4220 4221 4222 4223 4224 4450 4676 4677 4678 4679 4680 4820 4960 4961 4962 4963 4964 5169 5374 5375 5376 5377 5378 5590 5590 5748 384 514
0 237 474 475 476 477 478 508 538 539 540 541 542 555 568 569 570 571 572 912 1252 1253 1254 1255 1256 1564 1872 1873 1874 1875 1876 1921 1966 1967 1968 1969 1970 1973 1976 1977 1978 1979 1980 2010 2040 2041 2042 2043 2044 2046 2048 2049 2050 2051 2052 2060 2068 2069 2070 2071 2072 2096 2120 2121 2122 2123 2124 2365 2606 2607 2608 2609 2610 2618 2626 2627 2628 2629 2630 2742 2854 2856 2858 2860 2862 2954 3046 3047 3048 3049 3050 3278 3506 3507 3508 3509 3510 3541 3572 3573 3574 3647 3720 3721 3722 3723 3724 3946 3946 4120 237 281
0 245 490 491 492 493 494 495 496 497 498 499 500 610 720 721 722 790 858 859 860 861 862 865 868 870 872 880 888 889 890 891 892 934 976 978 980 982 984 1087 1190 1192 1194 1196 1198 1200 1202 1204 1206 1257 1308 1310 1312 1337 1362 1364 1366 1368 1370 1372 1374 1376 1378 1380 1382 1435 1488 1489 1490 1491 1492 1504 1516 1517 1518 1519 1520 1593 1593 1637 245 275
0 233 466 467 468 469 470 475 480 481 482 483 484 528 572 573 574 575 576 609 642 643 644 758 872 873 874 875 876 878 880 894 908 926 944 945 946 947 948 1017 1017 1049 233 300
0 150 300 301 302 303 304 381 458 459 460 484 508 509 510 511 512 606 700 701 702 703 704 710 716 717 718 719 720 727 734 735 736 737 738 763 788 789 790 791 792 814 836 837 838 839 840 845 850 851 852 853 854 935 1016 1017 1018 1019 1020 1068 1116 1117 1118 1119 1120 1202 1284 1285 1286 1287 1288 1462 1636 1637 1638 1639 1640 1641 1642 1644 1646 1647 1648 1649 1650 1843 2036 2037 2038 2039 2040 2041 2042 2176 2310 2311 2312 2313 2314 2387 2460 2461 2462 2463 2464 2504 2544 2545 2546 2547 2548 2883 3218 3219 3220 3221 3222 3534 3846 3847 3848 3849 3850 3925 4000 4001 4002 4003 4004 4229 4454 4455 4456 4457 4458 4479 4500 4501 4502 4503 4504 4585 4666 4667 4668 4669 4670 5089 5508 5509 5510 5511 5512 5526 5540 5541 5542 5543 5544 5683 5822 5823 5824 5825 5826 6036 6246 6247 6248 6249 6250 6273 6296 6297 6298 6299 6300 6403 6506 6507 6508 6509 6510 6556 6602 6603 6604 6605 6606 6720 6834 6836 6838 6840 6842 6844 6846 6848 6850 6852 6854 6856 6858 6860 6862 6982 7102 7103 7104 7105 7106 7244 7382 7383 7384 7385 7386 7452 7518 7519 7520 7521 7522 7539 7556 7557 7558 7559 7560 8040 8040 8498 150 208
0 205 410 411 412 413 414 626 838 839 840 841 842 843 844 858 872 873 874 875 876 877 878 879 880 898 916 917 918 919 920 934 948 949 950 951 952 965 978 979 980 981 982 1079 1176 1177 1178 1179 1180 1188 1196 1197 1198 1199 1200 1244 1288 1289 1290 1291 1292 1328 1364 1365 1366 1367 1368 1371 1374 1375 1376 1377 1378 1429 1480 1481 1482 1483 1484 1485 1486 1487 1488 1555 1622 1623 1624 1625 1626 1772 1772 1889 205 231
0 173 346 347 348 349 350 370 390 391 392 393 394 803 1212 1213 1214 1215 1216 1250 1284 1287 1290 1331 1372 1373 1374 1375 1376 1377 1378 1379 1380 1443 1506 1507 1508 1509 1510 1586 1662 1663 1664 1665 1666 1793 1920 1921 1922 1923 1924 1968 2012 2013 2014 2015 2016 2036 2056 2057 2058 2059 2060 2178 2296 2297 2298 2299 2300 2423 2546 2547 2548 2549 2550 2558 2566 2567 2568 2569 2570 2704 2838 2839 2840 2841 2842 3121 3400 3401 3402 3403 3404 3405 3406 3407 3408 3409 3410 3442 3474 3475 3476 3477 3478 3503 3528 3529 3530 3531 3532 3556 3580 3581 3582 3583 3584 3587 3590 3591 3592 3593 3594 3724 3724 3836 173 204
0 1360 2720 2725 2730 2731 2732 2733 2734 2743 2752 2753 2754 2755 2756 2757 2758 2759 2760 2780 2800 2801 2802 2803 2804 2808 2812 2813 2814 2815 2816 2817 2818 2819 2820 2826 2832 2833 2834 2835 2836 2837 2838 2839 2840 2841 2842 2857 2872 2873 2874 2875 2876 2887 2898 2899 2900 2901 2902 2932 2962 2963 2964 2965 2966 2968 2970 2971 2972 2973 2974 2975 2976 2977 2978 2979 2980 2991 3002 3003 3004 3005 3006 3020 3034 3035 3036 3037 3038 3059 3080 3081 3082 3083 3084 3105 3126 3127 3128 3129 3130 3140 3150 3151 3152 3153 3154 3160 3166 3167 3168 3169 3170 3183 3196 3197 3198 3199 3200 3210 3220 3221 3222 3223 3224 3234 3244 3245 3246 3247 3248 3255 3262 3263 3264 3265 3266 3277 3288 3289 3290 3291 3292 3309 3326 3327 3328 3329 3330 3332 3334 3335 3336 3337 3338 3373 3408 3409 3410 3411 3412 3422 3432 3433 3434 3435 3436 3442 3448 3449 3450 3451 3452 3461 3470 3471 3472 3473 3474 3478 3482 3484 3486 3488 3490 3499 3508 3509 3510 3511 3512 3525 3538 3539 3540 3541 3542 3546 3550 3551 3552 3553 3554 3562 3570 3571 3572 3573 3574 3593 3612 3613 3614 3615 3616 3622 3628 3629 3630 3631 3632 3643 3654 3655 3656 3657 3658 3661 3664 3665 3666 3667 3668 3679 3690 3691 3692 3693 3694 3698 3702 3703 3704 3705 3706 3716 3726 3727 3728 3729 3730 3746 3762 3764 3766 3768 3770 3778 3786 3787 3788 3789 3790 3839 3888 3889 3890 3891 3892 3893 3894 3895 3896 3897 3898 3918 3938 3939 3940 3941 3942 3947 3952 3953 3954 3955 3956 3968 3980 3981 3982 3983 3984 3989 3994 3995 3996 3997 3998 4007 4016 4017 4018 4019 4020 4023 4026 4027 4028 4029 4030 4031 4032 4033 4034 4035 4036 4037 4038 4054 4070 4071 4072 4073 4074 4082 4090 4091 4092 4093 4094 4112 4130 4131 4132 4133 4134 4135 4136 4137 4138 4170 4202 4203 4204 4205 4206 4235 4264 4265 4266 4267 4268 4277 4286 4287 4288 4289 4290 4291 4292 4293 4294 4295 4296 4299 4302 4303 4304 4305 4306 4310 4314 4315 4316 4317 4318 4331 4344 4345 4346 4347 4348 4349 4350 4351 4352 4353 4354 4380 4406 4407 4408 4409 4410 4412 4414 4415 4416 4417 4418 4420 4422 4423 4424 4425 4426 4428 4430 4431 4432 4433 4434 4440 4446 4447 4448 4449 4450 4461 4472 4473 4474 4475 4476 4477 4478 4544 4610 4611 4612 4613 4614 4618 4622 4623 4624 4625 4626 4684 4742 4743 4744 4745 4746 4846 4946 4947 4948 4949 4950 4955 4960 4961 4962 4963 4964 4982 5000 5001 5002 5003 5004 5031 5058 5059 5060 5061 5062 5068 5074 5075 5076 5077 5078 5112 5146 5147 5148 5149 5150 5159 5168 5170 5172 5173 5174 5175 5176 5181 5186 5187 5188 5189 5190 5197 5204 5205 5206 5207 5208 5213 5218 5219 5220 5221 5222 5223 5224 5225 5226 5227 5228 5234 5240 5241 5242 5243 5244 5245 5246 5247 5248 5256 5264 5265 5266 5267 5268 5269 5270 5271 5272 5284 5296 5297 5298 5299 5300 5307 5314 5315 5316 5317 5318 5322 5326 5327 5328 5329 5330 5332 5334 5335 5336 5337 5338 5340 5342 5343 5344 5345 5346 5347 5348 5349 5350 5351 5352 5356 5360 5361 5362 5363 5364 5366 5368 5369 5370 5371 5372 5374 5376 5377 5378 5379 5380 5382 5384 5385 5386 5387 5388 5394 5400 5402 5404 5406 5408 5414 5420 5445 5470 5471 5472 5496 5520 5521 5522 5523 5524 5529 5534 5535 5536 5537 5538 5632 5726 5727 5728 5729 5730 5763 5796 5797 5798 5799 5800 5831 5862 5863 5864 5867 5870 5871 5872 5873 5874 5964 6054 6055 6056 6057 6058 6087 6116 6120 6124 6125 6126 6127 6128 6130 6132 6133 6134 6135 6136 6141 6146 6147 6148 6149 6150 6151 6152 6153 6154 6166 6178 6179 6180 6181 6182 6185 6188 6189 6190 6191 6192 6193 6194 6195 6196 6198 6200 6201 6202 6203 6204 6214 6224 6225 6226 6227 6228 6229 6230 6231 6232 6239 6246 6247 6248 6249 6250 6273 6296 6297 6298 6299 6300 6303 6306 6307 6308 6309 6310 6314 6318 6319 6320 6321 6322 6324 6326 6327 6328 6329 6330 6334 6338 6339 6340 6341 6342 6343 6344 6345 6346 6355 6364 6365 6366 6368 6370 6371 6372 6373 6374 6381 6388 6390 6392 6394 6396 6397 6398 6400 6402 6404 6406 6408 6410 6411 6412 6413 6414 6417 6420 6421 6422 6423 6424 6429 6434 6435 6436 6437 6438 6444 6450 6451 6452 6453 6454 6459 6464 6465 6466 6467 6468 6481 6494 6495 6496 6497 6498 6500 6502 6503 6504 6505 6506 6510 6514 6515 6516 6517 6518 6520 6522 6524 6526 6530 6534 6535 6536 6537 6538 6542 6546 6547 6548 6549 6550 6551 6552 6553 6554 6559 6564 6565 6566 6567 6568 6576 6584 6585 6586 6587 6588 6590 6592 6594 6596 6598 6600 6601 6602 6603 6604 6612 6620 6621 6622 6623 6624 6635 6646 6647 6648 6649 6650 6652 6654 6655 6656 6657 6658 6676 6694 6695 6696 6697 6698 6699 6700 6701 6702 6703 6704 6705 6706 6708 6710 6712 6714 6716 6718 6719 6720 6721 6722 6741 6760 6761 6762 6763 6764 6768 6772 6773 6774 6775 6776 6779 6782 6783 6784 6785 6786 6790 6794 6795 6796 6797 6798 6814 6830 6831 6832 6833 6834 6838 6842 6843 6844 6845 6846 6847 6848 6852 6856 6857 6858 6859 6860 6863 6866 6867 6868 6869 6870 6871 6872 6873 6874 6875 6876 6877 6878 6879 6880 6881 6882 6883 6884 6885 6886 6901 6916 6917 6918 6919 6920 6921 6922 6923 6924 6925 6926 6927 6928 6929 6930 6931 6932 6933 6934 6935 6936 6938 6940 6941 6942 6943 6944 6947 6950 6951 6952 6953 6954 6964 6974 6975 6976 6977 6978 6983 6988 6989 6990 6991 6992 6997 7002 7003 7004 7005 7006 7011 7016 7017 7018 7019 7020 7021 7022 7023 7024 7025 7026 7031 7036 7037 7038 7039 7040 7042 7044 7046 7048 7051 7054 7055 7056 7057 7058 7059 7060 7065 7070 7071 7072 7073 7074 7075 7076 7077 7078 7079 7080 7087 7094 7095 7096 7097 7098 7102 7106 7107 7108 7109 7110 7113 7116 7117 7118 7119 7120 7137 7154 7155 7156 7157 7158 7165 7172 7173 7174 7175 7176 7182 7188 7189 7190 7191 7192 7193 7194 7195 7196 7197 7198 7204 7210 7211 7212 7213 7214 7215 7216 7217 7218 7219 7220 7246 7272 7273 7274 7275 7276 7279 7282 7283 7284 7285 7286 7288 7290 7291 7292 7293 7294 7298 7302 7303 7304 7305 7306 7307 7308 7309 7310 7311 7312 7313 7314 7315 7316 7317 7318 7320 7322 7323 7324 7325 7326 7339 7352 7353 7354 7355 7356 7366 7376 7377 7378 7379 7380 7390 7400 7401 7402 7403 7404 7405 7406 7407 7408 7412 7416 7417 7418 7419 7420 7421 7422 7424 7426 7427 7428 7429 7430 7433 7436 7437 7438 7439 7440 7441 7442 7443 7444 7448 7452 7467 7482 7483 7484 7485 7486 7488 7490 7498 7506 7507 7508 7509 7510 7511 7512 7526 7540 7541 7542 7543 7544 7547 7550 7551 7552 7553 7554 7555 7556 7557 7558 7562 7566 7567 7568 7569 7570 7582 7594 7595 7596 7597 7598 7601 7604 7605 7606 7607 7608 7622 7636 7637 7638 7639 7640 7683 7726 7727 7728 7729 7730 7732 7734 7735 7736 7746 7756 7757 7758 7759 7760 7767 7774 7775 7776 7777 7778 7790 7802 7803 7804 7805 7806 7812 7818 7819 7820 7821 7822 7875 7928 7929 7930 7931 7932 7950 7968 7969 7970 7971 7972 7977 7982 7983 7984 7985 7986 7992 7998 7999 8000 8001 8002 8041 8080 8081 8082 8083 8084 8090 8096 8097 8098 8099 8100 8132 8164 8166 8168 8170 8172 8173 8174 8175 8176 8178 8180 8181 8182 8183 8184 8205 8226 8227 8228 8229 8230 8237 8244 8245 8246 8247 8248 8250 8252 8253 8254 8255 8256 8265 8274 8275 8276 8277 8278 8279 8280 8281 8282 8283 8284 8332 8380 8381 8382 8383 8384 8394 8404 8405 8406 8407 8408 8409 8410 8411 8412 8413 8414 8428 8442 8443 8444 8445 8446 8447 8448 8449 8450 8451 8452 8466 8480 8481 8482 8483 8484 8492 8500 8501 8502 8503 8504 8509 8514 8515 8516 8517 8518 8519 8520 8521 8522 8525 8528 8529 8530 8531 8532 8534 8536 8537 8538 8539 8540 8545 8550 8551 8552 8553 8554 8579 8604 8605 8606 8607 8608 8652 8696 8697 8698 8699 8700 8723 8746 8747 8748 8749 8750 8751 8752 8765 8778 8779 8780 8781 8782 8798 8814 8815 8816 8817 8818 8829 8840 8841 8842 8843 8844 8861 8878 8879 8880 8881 8882 8886 8890 8891 8892 8895 8898 8899 8900 8901 8902 8908 8914 8915 8916 8917 8918 8919 8920 8921 8922 8923 8924 8961 8998 8999 9000 9001 9002 9034 9066 9067 9068 9069 9070 9077 9084 9085 9086 9087 9088 9090 9092 9093 9094 9095 9096 9127 9158 9159 9160 9161 9162 9172 9182 9183 9184 9185 9186 9223 9260 9261 9262 9263 9264 9266 9268 9269 9270 9271 9272 9298 9324 9325 9326 9327 9328 9336 9344 9345 9346 9347 9348 9358 9368 9369 9370 9371 9372 9394 9416 9417 9418 9419 9420 9429 9438 9439 9440 9441 9442 9451 9460 9461 9462 9463 9464 9468 9472 9473 9474 9475 9476 9479 9482 9484 9486 9488 9490 9497 9504 9505 9506 9507 9508 9511 9514 9515 9516 9517 9518 9533 9548 9549 9550 9551 9552 9558 9564 9565 9566 9567 9568 9572 9576 9577 9578 9579 9580 9590 9600 9601 9602 9603 9604 9612 9620 9621 9622 9623 9624 9642 9660 9661 9662 9663 9664 9687 9710 9711 9712 9713 9714 9729 9744 9745 9746 9747 9748 9784 9820 9821 9822 9823 9824 9839 9854 9855 9856 9857 9858 9898 9938 9939 9940 9941 9942 9948 9954 9955 9956 9957 9958 9959 9960 9961 9962 9968 9974 9975 9976 9977 9978 9995 10012 10013 10014 10015 10016 10019 10022 10023 10024 10025 10026 10031 10036 10037 10038 10039 10040 10093 10146 10147 10148 10149 10150 10166 10182 10183 10184 10185 10186 10193 10200 10201 10202 10203 10204 10205 10206 10207 10208 10216 10224 10225 10226 10227 10228 10273 10318 10319 10320 10321 10322 10378 10434 10435 10436 10437 10438 10442 10446 10447 10448 10449 10450 10452 10454 11814 1360 2471 11814 11851
0 144 288 289 290 291 292 379 466 467 468 469 470 508 546 547 548 549 550 632 714 715 716 717 718 832 946 950 954 958 962 963 964 965 966 997 1028 1029 1030 1031 1032 1066 1100 1101 1102 1103 1104 1105 1106 1107 1108 1109 1110 1236 1362 1363 1364 1365 1366 1564 1762 1763 1764 1765 1766 1771 1776 1777 1778 1779 1780 1806 1832 1833 1834 1835 1836 1851 1866 1867 1868 1869 1870 1922 1974 1975 1976 1977 1978 2121 2264 2265 2266 2267 2268 2288 2308 2309 2310 2311 2312 2441 2570 2571 2572 2573 2574 2639 2704 2705 2706 2707 2708 2754 2800 2801 2802 2803 2804 2814 2824 2825 2826 2827 2828 2956 3084 3085 3086 3087 3088 3170 3252 3253 3254 3255 3256 3266 3276 3277 3278 3279 3280 3299 3318 3319 3320 3321 3322 3513 3704 3705 3706 3707 3708 3730 3752 3753 3754 3755 3756 3958 4160 4161 4162 4163 4164 4174 4184 4185 4186 4187 4188 4198 4208 4209 4210 4211 4212 4273 4334 4335 4336 4337 4338 4377 4416 4417 4418 4419 4420 4431 4442 4443 4444 4445 4446 4595 4744 4745 4746 4747 4748 4755 4762 4763 4764 4765 4766 4886 5006 5007 5008 5009 5010 5249 5488 5489 5490 5491 5492 5508 5524 5525 5526 5527 5528 5556 5584 5585 5586 5587 5588 5895 6202 6203 6204 6205 6206 6234 6262 6263 6264 6265 6266 6400 6534 6535 6536 6537 6538 6539 6540 6541 6542 6637 6732 6733 6734 6735 6736 6745 6754 6755 6756 6757 6758 6905 7052 7053 7054 7055 7056 7183 7310 7312 7314 7424 7534 7535 7536 7537 7538 7686 7834 7835 7836 7837 7838 7863 7888 7889 7890 7891 7892 7901 7910 7911 7912 7913 7914 7928 7942 7943 7944 7945 7946 8080 8214 8215 8216 8217 8218 8243 8268 8269 8270 8271 8272 8318 8364 8365 8366 8367 8368 8551 8734 8735 8736 8737 8738 9069 144 263 9069 9117
0 85 170 171 172 173 174 332 490 491 492 493 494 568 642 643 644 645 646 844 1042 1043 1044 1045 1046 1112 1178 1179 1180 1181 1182 1206 1230 1231 1232 1233 1234 1269 1304 1305 1306 1307 1308 1329 1350 1351 1352 1353 1354 1710 2066 2067 2068 2069 2070 2118 2166 2167 2168 2313 2458 2459 2460 2519 2578 2579 2580 2581 2582 2589 2596 2597 2598 2599 2600 2637 2674 2675 2676 2677 2678 2922 3166 3167 3168 3169 3170 3241 3312 3313 3314 3315 3316 3332 3348 3349 3350 3351 3352 3528 3704 3705 3706 3707 3708 3822 3936 3937 3938 3939 3940 3960 3980 3981 3982 3983 3984 3994 4004 4005 4006 4007 4008 4048 4088 4089 4090 4091 4092 4093 4094 4095 4096 4170 4244 4245 4246 4247 4248 4265 4282 4283 4284 4293 4302 4303 4304 4305 4306 4326 4346 4347 4348 4349 4350 4351 4352 4353 4354 4415 4476 4477 4478 4479 4480 4535 4590 4591 4592 4593 4594 4597 4600 4601 4602 4603 4604 4635 4666 4667 4668 4669 4670 4750 4830 4831 4832 4833 4834 5148 5462 5463 5464 5465 5466 5681 5896 5897 5898 5899 5900 6085 6085 6231 85 102
0 384 768 769 770 771 772 825 878 879 880 881 882 888 894 895 896 897 898 923 948 949 950 951 952 991 1030 1031 1032 1033 1034 1106 1178 1179 1180 1181 1182 1234 1286 1287 1288 1289 1290 1455 1620 1621 1622 1623 1624 1626 1628 1629 1630 1631 1632 1650 1668 1669 1670 1671 1672 1945 2218 2219 2220 2221 2222 2297 2372 2373 2374 2375 2376 2481 2586 2587 2588 2589 2590 2686 2782 2783 2784 2785 2786 3047 3308 3309 3310 3311 3312 3507 3702 3703 3704 3705 3706 3953 4200 4201 4202 4203 4204 4530 4856 4857 4858 4859 4860 4926 4992 4993 4994 4995 4996 5019 5042 5043 5044 5045 5046 5250 5454 5455 5456 5457 5458 5597 5736 5737 5738 5739 5740 5789 5838 5839 5840 5841 5842 5850 5858 5859 5860 5861 5862 5887 5912 5913 5914 5915 5916 5942 5968 5969 5970 5971 5972 6011 6050 6051 6052 6053 6054 6105 6156 6157 6158 6159 6160 6266 6372 6373 6374 6375 6376 6498 6620 6621 6622 6623 6624 6640 6656 6657 6658 6659 6660 6776 6892 6893 6894 6901 6908 6909 6910 6911 6912 7199 7486 7487 7488 7489 7490 7521 7552 7553 7554 7555 7556 7809 8062 8063 8064 8065 8066 8177 8288 8289 8290 8291 8292 8530 8768 8769 8770 8771 8772 8774 8776 8777 8778 8779 8780 8807 8834 8835 8836 8837 8838 9136 9434 9435 9436 9437 9438 9620 9802 9803 9804 9805 9806 9807 9808 9809 9810 9822 9834 9835 9836 9844 9852 9853 9854 9855 9856 9857 9858 9859 9860 9905 9950 9951 9952 9953 9954 10149 10344 10345 10346 10347 10348 10575 10802 10803 10804 10805 10806 10809 10812 10813 10814 10815 10816 10863 10910 10911 10912 10913 10914 11054 11194 11195 11196 11241 11286 11287 11288 11289 11290 11326 11362 11363 11364 11365 11366 11458 11550 11551 11552 11553 11554 11558 11562 11563 11564 11565 11566 11708 11850 11851 11852 11853 11854 12003 12152 12153 12154 12155 12156 12177 12198 12199 12200 12201 12202 12259 12316 12317 12318 12319 12320 12562 12804 12805 12806 12807 12808 12851 12894 12895 12896 12915 12934 12935 12936 12937 12938 13182 13182 13403 384 504
0 285 570 571 572 573 574 618 662 663 664 665 666 904 1142 1143 1144 1145 1146 1164 1182 1183 1184 1185 1186 1282 1378 1379 1380 1381 1382 1414 1446 1447 1448 1476 1504 1505 1506 1507 1508 1594 1680 1681 1682 1683 1684 1784 1884 1885 1886 1887 1888 1931 1974 1975 1976 1977 1978 2258 2538 2539 2540 2541 2542 2744 2946 2947 2948 2949 2950 3094 3238 3239 3240 3241 3242 3254 3266 3267 3268 3269 3270 3419 3568 3569 3570 3571 3572 3745 3918 3919 3920 3921 3922 3969 4016 4017 4018 4019 4020 4038 4056 4057 4058 4059 4060 4115 4170 4171 4172 4173 4174 4206 4238 4239 4240 4241 4242 4290 4338 4339 4340 4341 4342 4346 4350 4351 4352 4353 4354 4375 4396 4397 4398 4399 4400 4524 4648 4650 4652 4752 4852 4853 4854 4855 4856 5055 5254 5255 5256 5257 5258 5332 5406 5407 5408 5409 5410 5411 5412 5456 5500 5501 5502 5503 5504 5543 5582 5583 5584 5585 5586 5736 5886 5887 5888 5889 5890 5896 5902 5903 5904 5905 5906 6319 6732 6733 6734 6735 6736 6934 7132 7133 7134 7135 7136 7264 7392 7393 7394 7395 7396 7413 7430 7431 7432 7433 7434 7442 7450 7451 7452 7453 7454 7473 7492 7493 7494 7495 7496 7499 7502 7503 7504 7505 7506 7511 7516 7517 7518 7664 7810 7811 7812 7813 7814 8055 8296 8297 8298 8299 8300 8380 8460 8461 8462 8463 8464 8506 8548 8549 8550 8551 8552 8553 8554 8555 8556 8562 8568 8569 8570 8571 8572 8627 8682 8683 8684 8685 8686 8738 8790 8791 8792 8793 8794 8925 9056 9057 9058 9059 9060 9153 9246 9247 9248 9249 9250 9578 9906 9907 9908 9909 9910 9962 10014 10015 10016 10017 10018 10023 10028 10029 10030 10031 10032 10035 10038 10039 10040 10041 10042 10044 10046 10047 10048 10049 10050 10096 10142 10145 10148 10239 10330 10331 10332 10333 10334 10380 10426 10427 10428 10429 10430 10752 11074 11075 11076 11077 11078 11128 11178 11179 11180 11181 11182 11345 11508 11509 11510 11511 11512 11625 11738 11739 11740 11741 11742 11947 11742 11924 0 71
0 4797 9594 9607 9620 9621 9622 9623 9624 9666 9708 9709 9710 9711 9712 9713 9714 9716 9718 9720 9722 9738 9754 9755 9756 9757 9758 9878 9998 9999 10000 10001 10002 10006 10010 10011 10012 10013 10014 10053 10092 10093 10094 10095 10096 10123 10150 10151 10152 10153 10154 10156 10158 10159 10160 10161 10162 10165 10168 10169 10170 10171 10172 10173 10174 10175 10176 10177 10178 10216 10254 10255 10256 10257 10258 10259 10260 10261 10262 10263 10264 10266 10268 10269 10270 10271 10272 10274 10276 13520 10276 12935 0 1498
0 3926 7852 7860 7868 7869 7870 7871 7872 7884 7896 7897 7898 7899 7900 7912 7924 7925 7926 7927 7928 7946 7964 7965 7966 7967 7968 7997 8026 8027 8028 8029 8030 8064 8098 8099 8100 8101 8102 8106 8110 8111 8112 8113 8114 8122 8130 8131 8132 8133 8134 8143 8152 8153 8154 8155 8156 8157 8158 8159 8160 8161 8162 8164 8166 8167 8168 8169 8170 8175 8180 8181 8182 8183 8184 8187 8190 8191 8192 8193 8194 8205 8216 8217 8218 8219 8220 8226 8232 8233 8234 8235 8236 8329 8422 8423 8424 8425 8426 8434 8442 8443 8444 8445 8446 8479 8512 8513 8514 8515 8516 8521 8526 8527 8528 8529 8530 8541 8552 8553 8554 8555 8556 8565 8574 8575 8576 8577 8578 8605 8632 8638 8644 8645 8646 8647 8648 8653 8658 8659 8660 8661 8662 8671 8680 8681 8682 8683 8684 8694 8704 8705 8706 8707 8708 8712 8716 8717 8718 8719 8720 8728 8736 8737 8738 8739 8740 8745 8750 8751 8752 8753 8754 8760 8766 8767 8768 8769 8770 8771 8772 8773 8774 8778 8782 8783 8784 8785 8786 8791 8796 8797 8798 8799 8800 8805 8810 8812 8814 8816 8818 8823 8828 8829 8830 8831 8832 8834 8836 8837 8838 8839 8840 8880 8920 8921 8922 8923 8924 8925 8926 8927 8928 8942 8956 8957 8958 8959 8960 8968 8976 8977 8978 8979 8980 8996 9012 9013 9014 9015 9016 9028 9040 9041 9042 9043 9044 9046 9048 9049 9050 9051 9052 9054 9056 9058 9060 9084 9108 9109 9110 9111 9112 9118 9124 9125 9126 9127 9128 9170 9212 9214 9216 9218 9220 9229 9238 9239 9240 9241 9242 9277 9312 9313 9314 9315 9316 9321 9326 9327 9328 9329 9330 9473 9616 9617 9618 9619 9620 9628 9636 9637 9638 9639 9640 9646 9652 9653 9654 9655 9656 9663 9670 9671 9672 9673 9674 9694 9714 9715 9716 9717 9718 9722 9726 9727 9728 9729 9730 9738 9746 9747 9748 9749 9750 9785 9820 9822 9824 9826 9828 9843 9858 9859 9860 9861 9862 9919 9976 9977 9978 9979 9980 10068 10156 10157 10158 10159 10160 10166 10172 10173 10174 10175 10176 10209 10242 10243 10244 10245 10246 10308 10370 10371 10372 10373 10374 10400 10426 10427 10428 10429 10430 10442 10454 10455 10456 10457 10458 10477 10496 10497 10498 10499 10500 10523 10546 10547 10548 10549 10550 10552 10554 10555 10556 10557 10558 10560 10562 10563 10564 10565 10566 10578 10590 10591 10592 10593 10594 10605 10616 10617 10618 10619 10620 10642 10664 10665 10666 10667 10668 10694 10720 10721 10722 10723 10724 10737 10750 10752 10754 10756 10758 10764 10770 15567 10770 15006 0 870

0 3926 7852 7860 7868 7869 7870 7871 7872 7884 7896 7897 7898 7899 7900 7912 7924 7925 7926 7927 7928 7946 7964 7965 7966 7967 7968 7997 8026 8027 8028 8029 8030 8064 8098 8099 8100 8101 8102 8106 8110 8111 8112 8113 8114 8122 8130 8131 8132 8133 8134 8143 8152 8153 8154 8155 8156 8157 8158 8159 8160 8161 8162 8164 8166 8167 8168 8169 8170 8175 8180 8181 8182 8183 8184 8187 8190 8191 8192 8193 8194 8205 8216 8217 8218 8219 8220 8226 8232 8233 8234 8235 8236 8329 8422 8423 8424 8425 8426 8434 8442 8443 8444 8445 8446 8479 8512 8513 8514 8515 8516 8521 8526 8527 8528 8529 8530 8541 8552 8553 8554 8555 8556 8565 8574 8575 8576 8577 8578 8605 8632 8638 8644 8645 8646 8647 8648 8653 8658 8659 8660 8661 8662 8671 8680 8681 8682 8683 8684 8694 8704 8705 8706 8707 8708 8712 8716 8717 8718 8719 8720 8728 8736 8737 8738 8739 8740 8745 8750 8751 8752 8753 8754 8760 8766 8767 8768 8769 8770 8771 8772 8773 8774 8778 8782 8783 8784 8785 8786 8791 8796 8797 8798 8799 8800 8805 8810 8812 8814 8816 8818 8823 8828 8829 8830 8831 8832 8834 8836 8837 8838 8839 8840 8880 8920 8921 8922 8923 8924 8925 8926 8927 8928 8942 8956 8957 8958 8959 8960 8968 8976 8977 8978 8979 8980 8996 9012 9013 9014 9015 9016 9028 9040 9041 9042 9043 9044 9046 9048 9049 9050 9051 9052 9054 9056 9058 9060 9084 9108 9109 9110 9111 9112 9118 9124 9125 9126 9127 9128 9170 9212 9214 9216 9218 9220 9229 9238 9239 9240 9241 9242 9277 9312 9313 9314 9315 9316 9321 9326 9327 9328 9329 9330 9473 9616 9617 9618 9619 9620 9628 9636 9637 9638 9639 9640 9646 9652 9653 9654 9655 9656 9663 9670 9671 9672 9673 9674 9694 9714 9715 9716 9717 9718 9722 9726 9727 9728 9729 9730 9738 9746 9747 9748 9749 9750 9785 9820 9822 9824 9826 9828 9843 9858 9859 9860 9861 9862 9919 9976 9977 9978 9979 9980 10068 10156 10157 10158 10159 10160 10166 10172 10173 10174 10175 10176 10209 10242 10243 10244 10245 10246 10308 10370 10371 10372 10373 10374 10400 10426 10427 10428 10429 10430 10442 10454 10455 10456 10457 10458 10477 10496 10497 10498 10499 10500 10523 10546 10547 10548 10549 10550 10552 10554 10555 10556 10557 10558 10560 10562 10563 10564 10565 10566 10578 10590 10591 10592 10593 10594 10605 10616 10617 10618 10619 10620 10642 10664 10665 10666 10667 10668 10694 10720 10721 10722 10723 10724 10737 10750 10752 10754 10756 10758 10764 10770 15567 10770 15022 0 870
0 1845 3690 4120 4550 4564 4578 4579 4580 4581 4582 4605 4628 4629 4630 4631 4632 4634 4636 4638 4640 4642 4644 4652 4660 4661 4662 4663 4664 4745 4826 4827 4828 4829 4830 4871 4912 4914 4916 4918 4920 4921 4922 4924 4926 4928 4930 4936 4942 4943 4944 4945 4946 4997 5048 5049 5050 5051 5052 5074 5096 5097 5098 5099 5100 5112 5124 5125 5126 5127 5128 5142 5156 5157 5158 5159 5160 5180 5200 5201 5202 5203 5204 5210 5216 5217 5218 5219 5220 5224 5228 5229 5230 5231 5232 5259 5286 5287 5288 5289 5290 5307 5324 5325 5326 5327 5328 5365 5402 5403 5404 5405 5406 5430 5454 5455 5456 5481 5506 5507 5508 5509 5510 5582 5654 5655 5656 5657 5658 5676 5694 5695 5696 5697 5698 5765 5832 5833 5834 5835 5836 5857 5878 5879 5880 5881 5882 5942 6002 6078 6154 6155 6156 6157 6158 6286 6414 6415 6416 6417 6418 6439 6460 6461 6462 6463 6464 6584 6704 6705 6706 6707 6708 6754 6800 6801 6802 6915 7028 7032 7036 7037 7038 7039 7040 7185 7330 7362 7394 7422 7450 7451 7452 7453 7454 7516 7578 7579 7580 7581 7582 7705 7828 7917 8006 8007 8008 8009 8010 8066 8122 8123 8124 8125 8126 8132 8138 8139 8140 8141 8142 8168 8194 8223 8252 8274 8296 8299 8302 8305 8308 8315 8322 8323 8324 8325 8326 8713 9100 9101 9102 9103 9104 9127 9150 9151 9152 9153 9154 9155 9156 9157 9158 9172 9186 9199 9212 9271 9330 9331 9332 9333 9334 9348 9362 9363 9364 9365 9366 9387 9408 9531 9654 9668 9682 9770 9858 9885 9912 9914 9916 9917 9918 9919 9920 9936 9952 9953 9954 9955 9956 9979 10002 10010 10018 10314 10610 10613 10616 10617 10618 10619 10620 10621 10622 10623 10624 10626 10628 10630 10632 10640 10648 10649 10650 10651 10652 10653 10654 10670 10686 10687 10688 10689 10690 10691 10692 10695 10698 10699 10700 10702 10704 10705 10706 10707 10708 10720 10732 10734 10736 10737 10738 10739 10740 10741 10742 10743 10744 10745 10746 10747 10748 10756 10764 10765 10766 10773 10780 10781 10782 10783 10784 10797 10810 10811 10812 10813 10814 10815 10816 10817 10818 10819 10820 10825 10830 10831 10832 10833 10834 10837 10840 10841 10842 10847 10852 10855 10858 10861 10864 10865 10866 10870 10874 10875 10876 10877 10878 10879 10880 10881 10882 10883 10884 10885 10886 10887 10888 10889 10890 10891 10892 10893 10894 10895 10896 10897 10898 10899 10900 10904 10908 10909 10910 10911 10912 10918 10924 10926 10928 10930 10932 10933 10934 10935 10936 10937 10938 10939 10940 10941 10942 10943 10944 10945 10946 10947 10948 10949 10950 10956 10962 10963 10964 10965 10966 10967 10968 10969 10970 10971 10972 10982 10992 10993 10994 10995 10996 10997 10998 10999 11000 11001 11002 11009 11016 11017 11018 11019 11020 11021 11022 11023 11024 11025 11026 11031 11036 11037 11038 11040 11042 11043 11044 11045 11046 11048 11050 11065 11080 11081 11082 11083 11084 11085 11086 11087 11088 11089 11090 11091 11092 11093 11094 11096 11098 11099 11100 11101 11102 11103 11104 11105 11106 11107 11108 11109 11110 11111 11112 11113 11114 11115 11116 11117 11118 11119 11120 11130 11140 11142 11144 11146 11148 11161 11174 11175 11176 11177 11178 11195 11212 11213 11214 11215 11216 11218 11220 11221 11222 11223 11224 11243 11262 11263 11264 11265 11266 11273 11280 11281 11282 11283 11284 11294 11304 11305 11306 11308 11310 11311 11312 11315 11318 11319 11320 11321 11322 11323 11324 11325 11326 11327 11328 11329 11330 11333 11336 11337 11338 11339 11340 11345 11350 11352 11354 11356 11358 11360 11362 11363 11364 11365 11366 11367 11368 11371 11374 11375 11376 11379 11382 11383 11384 11388 11392 11393 11394 11395 11396 11401 11406 11407 11408 11409 11410 11411 11412 11413 11414 11415 11416 11417 11418 11419 11420 11421 11422 11425 11428 11429 11430 11439 11448 11450 11452 11459 11466 11467 11468 11471 11474 11477 11480 11481 11482 11488 11494 11496 11498 11503 11508 11509 11510 11512 11514 11516 11518 11540 11562 11564 11566 11580 11594 11595 11596 11601 11606 11607 11608 11612 11616 11617 11618 11622 11626 11627 11628 11631 11634 11635 11636 11638 11640 11641 11642 11643 11644 11645 11646 11648 11650 11663 11676 11677 11678 11679 11680 11681 11682 11683 11684 11686 11688 11693 11698 11699 11700 11701 11702 11703 11704 11707 11710 11712 11714 11717 11720 11721 11722 11723 11724 11734 11744 11745 11746 11750 11754 11758 11762 11763 11764 11765 11766 11767 11768 11773 11778 11779 11780 11781 11782 11783 11784 11785 11786 11787 11788 11790 11792 11793 11794 11795 11796 11807 11818 11819 11820 11827 11834 11835 11836 11837 11838 11840 11842 11843 11844 11845 11846 11847 11848 11849 11850 11853 11856 11857 11858 11859 11860 11864 11868 11869 11870 11871 11872 11888 11904 11905 11906 11907 11908 11909 11910 11911 11912 11913 11914 11915 11916 11918 11920 11921 11922 11935 11948 11949 11950 11951 11952 11954 11956 11957 11958 11959 11960 11962 11964 11965 11966 11967 11968 11969 11970 11971 11972 11973 11974 11975 11976 11986 11996 11997 11998 11999 12000 12005 12010 12011 12012 12013 12014 12015 12016 12017 12018 12023 12028 12029 12030 12031 12032 12034 12036 12037 12038 12039 12040 12041 12042 12043 12044 12049 12054 12055 12056 12057 12058 12061 12064 12065 12066 12067 12068 12069 12070 12071 12072 12080 12088 12089 12090 12091 12092 12093 12094 12095 12096 12102 12108 12109 12110 12119 12128 12129 12130 12131 12132 12134 12136 12138 12140 12142 12144 12145 12146 12149 12152 12155 12158 12159 12160 12161 12162 12165 12168 12169 12170 12171 12172 12177 12182 12183 12184 12188 12192 12200 12208 12212 12216 12217 12218 12219 12220 12222 12224 12225 12226 12227 12228 12234 12240 12241 12242 12244 12246 12249 12252 12253 12254 12255 12256 12259 12262 12264 12266 12268 12270 12271 12272 12273 12274 12275 12276 12290 12304 12305 12306 12307 12308 12316 12324 12325 12326 12327 12328 12335 12342 12343 12344 12345 12346 12350 12354 12355 12356 12357 12358 12373 12388 12389 12390 12391 12392 12397 12402 12403 12404 12405 12406 12420 12434 12435 12436 12437 12438 12439 12440 12441 12442 12449 12456 12457 12458 12459 12460 12476 12492 12493 12494 12498 12502 12503 12504 12512 12520 12521 12522 12523 12524 12530 12536 12537 12538 12539 12540 12544 12548 12549 12550 12551 12552 12554 12556 12561 12566 12567 12568 12571 12574 12575 12576 12580 12584 12585 12586 12588 12590 12591 12592 12593 12594 12595 12596 12597 12598 12599 12600 12601 12602 12603 12604 12610 12616 12617 12618 12619 12620 12621 12622 12623 12624 12629 12634 12635 12636 12637 12638 12639 12640 12641 12642 12643 12644 12672 12700 12701 12702 12703 12704 12705 12706 12712 12718 12719 12720 12723 12726 12727 12728 12756 12784 12785 12786 12796 12806 12807 12808 12809 12810 12811 12812 12817 12822 12823 12824 12825 12826 12827 12828 12836 12844 12845 12846 12847 12848 12851 12854 12855 12856 12858 12860 12861 12862 12863 12864 12872 12880 12881 12882 12883 12884 12885 12886 12887 12888 12892 12896 12897 12898 12899 12900 12901 12902 12903 12904 12910 12916 12917 12918 12919 12920 12922 12924 12925 12926 12943 12960 12961 12962 12963 12964 12968 12972 12973 12974 12975 12976 12982 12988 12989 12990 12991 12992 12993 12994 12995 12996 12997 12998 12999 13000 13001 13002 13009 13016 13017 13018 13019 13020 13021 13022 13034 13046 13047 13048 13049 13050 13051 13052 13054 13056 13057 13058 13059 13060 13067 13074 13076 13078 13080 13082 13089 13096 13098 13100 13104 13108 13109 13110 13111 13112 13113 13114 13115 13116 13117 13118 13119 13120 13123 13126 13127 13128 13129 13130 13131 13132 13133 13134 13135 13136 13143 13150 13151 13152 13153 13154 13155 13156 13157 13158 13163 13168 13169 13170 13171 13172 13174 13176 13178 13180 13184 13188 13189 13190 13191 13192 13193 13194 13195 13196 13197 13198 13207 13216 13217 13218 13227 13236 13237 13238 13239 13240 13245 13250 13251 13252 13253 13254 13260 13266 13267 13268 13269 13270 13290 13310 13311 13312 13313 13314 13315 13316 13317 13318 13319 13320 13321 13322 13323 13324 13325 13326 13327 13328 13329 13330 13336 13342 13343 13344 13345 13346 13359 13372 13373 13374 13377 13380 13381 13382 13383 13384 13386 13388 13389 13390 13391 13392 13403 13414 13415 13416 13417 13418 13421 13424 13425 13426 13427 13428 13438 13448 13451 13454 13455 13456 13457 13458 13460 13462 13463 13464 13465 13466 13468 13470 13471 13472 13473 13474 13479 13484 13485 13486 13487 13488 13511 13534 13535 13536 13537 13538 13539 13540 13541 13542 13543 13544 13546 13548 13741 13934 13935 13936 14083 14230 14241 14252 14253 14254 14255 14256 14281 14306 14307 14308 14309 14310 14331 14352 14353 14354 14355 14356 14365 14374 14375 14376 14377 14378 14380 14382 14383 14384 14385 14386 14394 14402 14403 14404 14408 14412 14413 14414 14415 14416 14418 14420 14421 14422 14423 14424 14430 14436 14437 14438 14439 14440 14442 14444 14445 14446 14447 14448 14451 14454 14455 14456 14457 14458 14463 14468 14469 14470 14478 14486 14487 14488 14489 14490 14494 14498 14499 14500 14501 14502 14505 14508 14509 14510 14511 14512 14517 14522 14523 14524 14533 14542 14543 14544 14545 14546 14548 14550 14551 14552 14553 14554 14565 14576 14577 14578 14579 14580 14583 14586 14587 14588 14589 14590 14601 14612 14613 14614 14615 14616 14617 14618 14627 14636 14637 14638 14639 14640 14646 14652 14653 14654 14655 14656 14657 14658 14659 14660 14661 14662 14664 14666 14667 14668 14669 14670 14672 14674 14675 14676 14678 14680 14681 14682 14683 14684 14689 14694 14695 14696 14697 14698 14699 14700 14702 14704 14705 14706 14708 14710 14711 14712 14713 14714 14715 14716 14717 14718 14719 14720 14721 14722 14723 14724 14725 14726 14727 14728 14729 14730 14731 14732 14734 14736 14737 14738 14739 14740 14749 14758 14759 14760 14761 14762 14763 14764 14767 14770 14771 14772 14773 14774 14775 14776 14777 14778 14779 14780 14781 14782 14783 14784 14785 14786 14797 14808 14809 14810 14811 14812 14813 14814 14815 14816 14817 14818 14819 14820 14821 14822 14823 14824 14825 14826 14829 14832 14833 14834 14835 14836 14844 14852 14853 14854 14858 14862 14863 14864 14865 14866 14873 14880 14881 14882 14883 14884 14899 14914 14915 14916 14917 14918 14919 14920 14930 14940 14941 14942 14943 14944 14950 14956 14957 14958 14959 14960 14966 14972 14973 14974 14975 14976 14980 14984 14985 14986 14987 14988 14996 15004 15005 15006 15007 15008 15021 15034 15035 15036 15037 15038 15054 15070 15071 15072 15073 15074 15082 15090 15091 15092 15093 15094 15105 15116 15117 15118 15119 15120 15129 15138 15140 15142 15144 15146 15167 15188 15189 15190 15191 15192 15194 15196 15197 15198 15199 15200 15204 15208 15209 15210 15211 15212 15214 15216 15217 15218 15219 15220 15266 15312 15313 15314 15315 15316 15322 15328 15329 15330 15331 15332 15333 15334 15337 15340 15341 15342 15343 15344 15345 15346 15347 15348 15352 15356 15357 15358 15359 15360 15362 15364 15365 15366 15368 15370 15371 15372 15373 15374 15375 15376 15377 15378 15379 15380 15383 15386 15387 15388 15389 15390 15392 15394 15395 15396 15397 15398 15400 15402 15403 15404 15405 15406 15407 15408 15409 15410 15411 15412 15413 15414 15415 15416 15417 15418 15420 15422 15423 15424 15425 15426 15427 15428 15429 15430 15431 15432 15433 15434 15435 15436 15437 15438 15439 15440 15448 15456 15457 15458 15459 15460 15462 15464 15465 15466 15467 15468 15479 15490 15491 15492 15493 15494 15495 15496 15497 15498 15499 15500 15503 15506 15507 15508 15509 15510 15515 15520 15521 15522 15523 15524 15525 15526 15527 15528 15529 15530 15533 15536 15537 15538 15539 15540 15541 15542 15543 15544 15545 15546 15548 15550 15551 15552 15553 15554 15555 15556 15557 15558 15559 15560 15561 15562 15563 15564 15565 15566 15567 15568 15569 15570 15572 15574 15584 15594 15595 15596 15597 15598 15599 15600 15601 15602 15603 15604 15605 15606 15607 15608 15609 15610 15616 15622 15623 15624 15625 15626 15628 15630 15633 15636 15637 15638 15641 15644 15645 15646 15649 15652 15654 15656 15658 15660 15664 15668 15669 15670 15671 15672 15682 15692 15693 15694 15695 15696 15698 15700 15701 15702 15703 15704 15712 15720 15721 15722 15736 15750 15751 15752 15753 15754 15755 15756 15757 15758 15759 15760 15761 15762 15771 15780 15781 15782 15783 15784 15791 15798 15799 15800 15801 15802 15806 15810 15811 15812 15813 15814 15815 15816 15817 15818 15820 15822 15824 15826 15827 15828 15829 15830 15831 15832 15833 15834 15835 15836 15837 15838 15845 15852 15853 15854 15855 15856 15857 15858 15864 15870 15871 15872 15873 15874 15880 15886 15887 15888 15889 15890 15894 15898 15899 15900 15901 15902 15903 15904 15905 15906 15908 15910 15911 15912 15913 15914 15920 15926 15927 15928 15929 15930 15937 15944 15946 15948 15950 15952 15953 15954 15955 15956 15958 15960 15961 15962 15963 15964 15968 15972 15973 15974 15975 15976 15977 15978 15979 15980 15981 15982 15983 15984 15986 15988 15989 15990 15991 15992 16003 16014 16028 16042 16043 16044 16045 16046 16061 16076 16077 16078 16079 16080 16093 16106 16107 16108 16109 16110 16121 16132 16133 16134 16143 16152 16153 16154 16155 16156 16157 16158 16159 16160 16161 16162 16167 16172 16173 16174 16175 16176 16182 16188 16189 16190 16191 16192 16193 16194 16195 16196 16197 16198 16199 16200 16201 16202 16203 16204 16205 16206 16216 16226 16227 16228 16229 16230 16252 16274 16275 16276 16277 16278 16279 16280 16281 16282 16283 16284 16285 16286 16287 16288 16289 16290 16299 16308 16309 16310 16311 16312 16315 16318 16319 16320 16321 16322 16330 16338 16339 16340 16341 16342 16347 16352 16353 16354 16355 16356 16357 16358 16359 16360 16362 16364 16365 16366 16367 16368 16376 16384 16385 16386 16387 16388 16391 16394 16395 16396 16397 16398 16399 16400 16401 16402 16404 16406 16407 16408 16409 16410 16412 16414 16416 16418 16419 16420 16421 16422 16423 16424 16425 16426 16427 16428 16429 16430 16431 16432 16434 16436 16438 16440 16441 16442 16443 16444 16445 16446 16450 16454 16455 16456 16457 16458 16460 16462 16463 16464 16465 16466 16468 16470 16472 16474 16476 16478 16486 16494 16495 16496 16497 16498 16499 16500 16501 16502 16503 16504 16509 16514 16515 16516 16517 16518 16519 16520 16521 16522 16523 16524 16525 16526 16533 16540 16542 16544 16546 16548 16554 16560 16561 16562 16563 16564 16569 16574 16575 16576 16577 16578 16585 16592 16593 16594 16595 16596 16597 16598 16599 16600 16613 16626 16627 16628 16629 16630 16631 16632 16633 16634 16635 16636 16637 16638 16640 16642 16643 16644 16645 16646 16647 16648 16649 16650 16651 16652 16653 16654 16660 16666 16667 16668 16669 16670 16679 16688 16690 16692 16695 16698 16699 16700 16701 16702 16727 16752 16753 16754 16756 16758 16759 16760 16761 16762 16765 16768 16769 16770 16772 16774 16775 16776 16777 16778 16809 16840 16841 16842 16843 16844 16851 16858 16859 16860 16861 16862 16873 16884 16885 16886 16894 16902 16903 16904 16905 16906 16918 16930 16931 16932 16933 16934 16935 16936 16937 16938 16940 16942 16944 16946 16952 16958 16959 16960 16961 16962 16971 16980 16981 16982 16983 16984 16985 16986 16989 16992 16993 16994 16995 16996 17017 17038 17039 17040 17046 17052 17053 17054 17055 17056 17057 17058 17059 17060 17061 17062 17068 17074 17075 17076 17077 17078 17098 17118 17119 17120 17121 17122 17123 17124 17125 17126 17127 17128 17129 17130 17131 17132 17133 17134 17135 17136 17144 17152 17153 17154 17155 17156 17166 17176 17177 17178 17179 17180 17181 17182 17183 17184 17186 17188 17189 17190 17191 17192 17193 17194 17195 17196 17202 17208 17209 17210 17211 17212 17213 17214 17215 17216 17217 17218 17220 17222 17223 17224 17225 17226 17233 17240 17241 17242 17243 17244 17250 17256 17257 17258 17259 17260 17264 17268 17269 17270 17271 17272 17279 17286 17287 17288 17291 17294 17295 17296 17297 17298 17299 17300 17301 17302 17303 17304 17305 17306 17307 17308 17312 17316 17317 17318 17319 17320 17322 17324 17325 17326 17327 17328 17331 17334 17335 17336 17341 17346 17347 17348 17349 17350 17356 17362 17363 17364 17365 17366 17369 17372 17373 17374 17375 17376 17377 17378 17379 17380 17385 17390 17391 17392 17393 17394 17398 17402 17403 17404 17405 17406 17416 17426 17427 17428 17429 17430 17432 17434 17435 17436 17437 17438 17440 17442 17443 17444 17445 17446 17448 17450 17451 17452 17453 17454 17460 17466 17467 17468 17469 17470 17487 17504 17505 17506 17507 17508 17509 17510 17518 17526 17527 17528 17529 17530 17534 17538 17539 17540 17541 17542 17543 17544 17545 17546 17547 17548 17549 17550 17551 17552 17553 17554 17555 17556 17567 17578 17579 17580 17581 17582 17583 17584 17585 17586 17587 17588 17589 17590 17591 17592 17595 17598 17600 17602 17603 17604 17611 17618 17619 17620 17621 17622 17626 17630 17631 17632 17633 17634 17635 17636 17637 17638 17646 17654 17655 17656 17657 17658 17663 17668 17669 17670 17679 17688 17689 17690 17691 17692 17706 17720 17721 17722 17723 17724 17735 17746 17747 17748 17749 17750 17751 17752 17753 17754 17759 17764 17765 17766 17767 17768 17769 17770 17771 17772 17773 17774 17783 17792 17793 17794 17795 17796 17797 17798 17799 17800 17806 17812 17813 17814 17815 17816 17819 17822 17823 17824 17825 17826 17837 17848 17849 17850 17851 17852 17854 17856 17857 17858 17859 17860 17863 17866 17867 17868 17869 17870 17883 17896 17897 17898 17899 17900 17905 17910 17911 17912 17913 17914 17925 17936 17937 17938 17939 17940 17943 17946 17947 17948 17949 17950 17951 17952 17953 17954 17955 17956 17966 17976 17977 17978 17979 17980 17981 17982 17983 17984 17993 18002 18003 18004 18005 18006 18007 18008 18009 18010 18011 18012 18013 18014 18015 18016 18017 18018 18019 18020 18042 18064 18065 18066 18067 18068 18069 18070 18071 18072 18073 18074 18088 18102 18103 18104 18105 18106 18114 18122 18123 18124 18125 18126 18128 18130 18131 18132 18133 18134 18142 18150 18151 18152 18153 18154 18155 18156 18159 18162 18163 18164 18165 18166 18175 18184 18185 18186 18187 18188 18192 18196 18197 18198 18199 18200 18209 18218 18219 18220 18221 18222 18223 18224 18226 18228 18229 18230 18231 18232 18235 18238 18239 18240 18241 18242 18245 18248 18249 18250 18251 18252 18254 18256 18257 18258 18259 18260 18262 18264 18265 18266 18267 18268 18269 18270 18271 18272 18273 18274 18277 18280 18281 18282 18283 18284 18287 18290 18291 18292 18293 18294 18296 18298 18299 18300 18301 18302 18303 18304 18305 18306 18312 18318 18320 18322 18324 18326 18328 18330 18331 18332 18333 18334 18340 18346 18347 18348 18349 18350 18354 18358 18359 18360 18361 18362 18364 18366 18367 18368 18369 18370 18375 18380 18381 18382 18383 18384 18386 18388 18389 18390 18391 18392 18397 18402 18404 18406 18408 18410 18417 18424 18425 18426 18427 18428 18441 18454 18455 18456 18457 18458 18530 18602 18603 18604 18605 18606 18607 18608 18625 18642 18643 18644 18645 18646 18653 18660 18661 18662 18663 18664 18674 18684 18685 18686 18687 18688 18691 18694 18695 18696 18697 18698 18708 18718 18719 18720 18733 18746 18754 18762 18765 18768 18771 18774 18775 18776 18778 18780 18782 18784 18785 18786 18787 18788 18789 18790 18794 18798 18799 18800 18801 18802 18803 18804 18805 18806 18807 18808 18809 18810 18811 18812 18814 18816 18818 18820 18822 18824 18829 18834 18835 18836 18837 18838 18840 18842 18843 18844 18845 18846 18847 18848 18849 18850 18851 18852 18853 18854 18856 18858 18860 18862 18868 18874 18875 18876 18877 18878 18884 18890 18892 18894 18896 18898 18905 18912 18913 18914 18915 18916 18920 18924 18925 18926 18927 18928 18936 18944 18945 18946 18947 18948 18949 18950 18951 18952 18953 18954 18961 18968 18969 18970 18972 18974 18975 18976 18977 18978 18982 18986 18987 18988 18989 18990 18993 18996 18997 18998 18999 19000 19018 19036 19037 19038 19039 19040 19050 19060 19061 19062 19063 19064 19065 19066 19086 19106 19107 19108 19109 19110 19113 19116 19117 19118 19119 19120 19136 19152 19153 19154 19155 19156 19165 19174 19175 19176 19177 19178 19179 19180 19181 19182 19187 19192 19193 19194 19195 19196 19208 19220 19221 19222 19223 19224 19225 19226 19234 19242 19243 19244 19245 19246 19253 19260 19261 19262 19263 19264 19297 19330 19331 19332 19333 19334 19336 19338 19339 19340 19341 19342 19366 19390 19391 19392 19393 19394 19420 19446 19447 19448 19449 19450 19451 19452 19453 19454 19455 19456 19458 19460 19461 19462 19464 19466 19467 19468 19469 19470 19471 19472 19473 19474 19475 19476 19510 19544 19545 19546 19547 19548 19561 19574 19575 19576 19577 19578 19579 19580 19581 19582 19583 19584 19585 19586 19590 19594 19595 19596 19643 19690 19693 19696 19699 19702 19708 19714 19716 19718 19721 19724 19725 19726 19727 19728 19734 19740 19741 19742 19743 19744 19748 19752 19753 19754 19755 19756 19758 19760 19761 19762 19763 19764 19765 19766 19767 19768 19769 19770 19771 19772 19773 19774 19777 19780 19781 19782 19783 19784 19785 19786 19787 19788 19789 19790 19791 19792 19793 19794 19795 19796 19797 19798 19800 19802 19803 19804 19805 19806 19807 19808 19809 19810 19811 19812 19813 19814 19815 19816 19817 19818 19823 19828 19829 19830 19831 19832 19835 19838 19839 19840 19841 19842 19843 19844 19845 19846 19848 19850 19851 19852 19853 19854 19855 19856 19857 19858 19863 19868 19869 19870 19871 19872 19873 19874 19875 19876 19880 19884 19885 19886 19887 19888 19889 19890 19891 19892 19893 19894 19895 19896 19897 19898 19899 19900 19902 19904 19905 19906 19907 19908 19920 19932 19933 19934 19935 19936 19939 19942 19945 19948 19950 19952 19953 19954 19956 19958 19959 19960 19961 19962 19963 19964 19965 19966 19967 19968 19972 19976 19977 19978 19979 19980 19981 19982 19983 19984 19987 19990 19991 19992 19993 19994 19995 19996 19997 19998 19999 20000 20001 20002 20004 20006 20008 20010 20012 20014 20025 20036 20037 20038 20039 20040 20041 20042 20043 20044 20052 20060 20062 20064 20066 20068 20074 20080 20081 20082 20083 20084 20085 20086 20088 20090 20091 20092 20093 20094 20096 20098 20099 20100 20102 20104 20105 20106 20107 20108 20111 20114 20115 20116 20120 20124 20125 20126 20127 20128 20132 20136 20137 20138 20139 20140 20141 20142 20144 20146 20147 20148 20161 20174 20175 20176 20177 20178 20179 20180 20181 20182 20183 20184 20189 20194 20195 20196 20197 20198 20206 20214 20215 20216 20217 20218 20221 20224 20225 20226 20227 20228 20232 20236 20237 20238 20239 20240 20241 20242 20243 20244 20245 20246 20247 20248 20256 20264 20265 20266 20267 20268 20277 20286 20287 20288 20289 20290 20297 20304 20305 20306 20307 20308 20315 20322 20324 20326 20328 20330 20343 20356 20357 20358 20359 20360 20362 20364 20365 20366 20367 20368 20369 20370 20394 20418 20419 20420 20421 20422 20423 20424 20425 20426 20427 20428 20446 20464 20465 20466 20471 20476 20477 20478 20479 20480 20481 20482 20484 20486 20495 20504 20505 20506 20511 20516 20517 20518 20519 20520 20521 20522 20527 20532 20533 20534 20538 20542 20543 20544 20545 20546 20551 20556 20557 20558 20559 20560 20563 20566 20567 20568 20569 20570 20573 20576 20577 20578 20579 20580 20587 20594 20595 20596 20597 20598 20607 20616 20617 20618 20619 20620 20626 20632 20633 20634 20636 20638 20640 20642 20651 20660 20661 20662 20663 20664 20667 20670 20671 20672 20677 20682 20683 20684 20696 20708 20709 20710 20711 20712 20713 20714 20715 20716 20717 20718 20719 20720 20721 20722 20724 20726 20727 20728 20730 20732 20733 20734 20736 20738 20739 20740 20741 20742 20745 20748 20749 20750 20752 20754 20756 20758 20759 20760 20761 20762 20763 20764 20767 20770 20771 20772 20773 20774 20775 20776 20777 20778 20779 20780 20781 20782 20788 20794 20802 20810 20811 20812 20813 20814 20822 20830 20831 20832 20833 20834 20837 20840 20841 20842 20843 20844 20848 20852 20853 20854 20855 20856 20874 20892 20893 20894 20895 20896 20897 20898 20899 20900 20921 20942 20943 20944 20945 20946 20953 20960 20961 20962 20963 20964 20983 21002 21003 21004 21005 21006 21016 21026 21027 21028 21029 21030 21041 21052 21053 21054 21073 21092 21093 21094 21095 21096 21105 21114 21115 21116 21117 21118 21124 21130 21131 21132 21133 21134 21135 21136 21137 21138 21139 21140 21158 21176 21177 21178 21179 21180 21199 21218 21219 21220 21221 21222 21232 21242 21243 21244 21248 21252 21253 21254 21255 21256 21302 21348 21349 21350 21351 21352 21354 21356 21357 21358 21366 21374 21375 21376 21382 21388 21389 21390 21397 21404 21405 21406 21407 21408 21414 21420 21421 21422 21428 21434 21435 21436 21442 21448 21449 21450 21454 21458 21459 21460 21466 21472 21473 21474 21475 21476 21477 21478 21479 21480 21481 21482 21483 21484 21485 21486 21494 21502 21503 21504 21505 21506 21530 21554 21556 21558 21565 21572 21574 21576 21578 21580 21584 21588 21589 21590 21591 21592 21593 21594 21596 21598 21600 21602 21606 21610 21611 21612 21620 21628 21629 21630 21631 21632 21640 21648 21650 21652 21654 21656 21688 21720 21721 21722 21724 21726 21727 21728 21731 21734 21735 21736 21737 21738 21748 21758 21759 21760 21762 21764 21765 21766 21767 21768 21769 21770 21771 21772 21776 21780 21781 21782 21785 21788 21789 21790 21791 21792 21809 21826 21827 21828 21837 21846 21847 21848 21849 21850 21868 21886 21887 21888 21889 21890 21898 21906 21907 21908 21909 21910 21917 21924 21925 21926 21927 21928 21930 21932 21934 21936 21947 21958 21959 21960 21961 21962 21963 21964 21965 21966 21967 21968 21969 21970 21971 21972 21977 21982 21983 21984 21985 21986 21996 22006 22007 22008 22009 22010 22019 22028 22029 22030 22031 22032 22042 22052 22053 22054 22055 22056 22059 22062 22064 22066 22068 22070 22071 22072 22073 22074 22075 22076 22077 22078 22079 22080 22081 22082 22083 22084 22085 22086 22087 22088 22089 22090 22091 22092 22093 22094 22100 22106 22107 22108 22109 22110 22124 22138 22139 22140 22141 22142 22147 22152 22153 22154 22155 22156 22157 22158 22159 22160 22165 22170 22171 22172 22188 22204 22205 22206 22207 22208 22211 22214 22215 22216 22217 22218 22225 22232 22233 22234 22235 22236 22237 22238 22239 22240 22241 22242 22244 22246 22247 22248 22249 22250 22266 22282 22283 22284 22285 22286 22312 22338 22339 22340 22341 22342 22343 22344 22345 22346 22347 22348 22349 22350 22351 22352 22353 22354 22381 22408 22409 22410 22411 22412 22414 22416 22417 22418 22419 22420 22427 22434 22435 22436 22437 22438 22440 22442 22443 22444 22445 22446 22451 22456 22457 22458 22459 22460 22461 22462 22463 22464 22472 22480 22481 22482 22483 22484 22487 22490 22491 22492 22493 22494 22495 22496 22497 22498 22499 22500 22502 22504 22505 22506 22507 22508 22509 22510 22511 22512 22513 22514 22517 22520 22521 22522 22523 22524 22528 22532 22533 22534 22535 22536 22545 22554 22555 22556 22557 22558 22561 22564 22565 22566 22567 22568 22569 22570 22571 22572 22589 22606 22607 22608 22609 22610 22614 22618 22619 22620 22634 22648 22649 22650 22667 22684 22685 22686 22706 22726 22727 22728 22729 22730 22734 22738 22739 22740 22741 22742 22743 22744 22745 22746 22749 22752 22753 22754 22758 22762 22763 22764 22765 22766 22767 22768 22772 22776 22778 22780 22782 22784 22785 22786 22787 22788 22789 22790 22791 22792 22797 22802 22803 22804 22812 22820 22821 22822 22823 22824 22826 22828 22829 22830 22831 22832 22833 22834 22835 22836 22837 22838 22839 22840 22848 22856 22857 22858 22859 22860 22862 22864 22865 22866 22871 22876 22877 22878 22879 22880 22882 22884 22885 22886 22893 22900 22901 22902 22903 22904 22905 22906 22907 22908 22913 22918 22919 22920 22921 22922 22923 22924 22925 22926 22927 22928 22929 22930 22931 22932 22939 22946 22947 22948 22950 22952 22954 22956 22958 22960 22961 22962 22963 22964 22971 22978 22979 22980 22981 22982 22986 22990 22991 22992 22993 22994 22996 22998 23001 23004 23005 23006 23008 23010 23011 23012 23013 23014 23015 23016 23017 23018 23022 23026 23027 23028 23029 23030 23035 23040 23041 23042 23043 23044 23045 23046 23079 23112 23113 23114 23119 23124 23126 23128 23139 23150 23151 23152 23157 23162 23164 23166 23171 23176 23177 23178 23182 23186 23187 23188 23209 23230 23231 23232 23248 23264 23267 23270 23283 23296 23297 23298 23299 23300 23322 23344 23345 23346 23347 23348 23350 23352 23353 23354 23363 23372 23376 23380 23383 23386 23388 23390 23391 23392 23395 23398 23399 23400 23401 23402 23403 23404 23405 23406 23407 23408 23419 23430 23431 23432 23438 23444 23445 23446 23449 23452 23453 23454 23455 23456 23464 23472 23473 23474 23475 23476 23479 23482 23483 23484 23486 23488 23489 23490 23504 23518 23519 23520 23521 23522 23530 23538 23539 23540 23545 23550 23551 23552 23553 23554 23555 23556 23562 23568 23569 23570 23577 23584 23597 23610 23611 23612 23613 23614 23615 23616 23617 23618 23626 23634 23635 23636 23637 23638 23648 23658 23659 23660 23661 23662 23663 23664 23665 23666 23673 23680 23681 23682 23683 23684 23698 23712 23713 23714 23715 23716 23723 23730 23731 23732 23733 23734 23739 23744 23745 23746 23747 23748 23749 23750 23751 23752 23753 23754 23755 23756 23757 23758 23759 23760 23807 23854 23855 23856 23886 23916 23917 23918 23919 23920 23921 23922 23923 23924 23939 23954 23955 23956 23957 23958 23961 23964 23965 23966 23967 23968 23970 23972 23973 23974 23975 23976 23984 23992 23993 23994 23995 23996 23997 23998 23999 24000 24004 24008 24009 24010 24011 24012 24013 24014 24015 24016 24025 24034 24035 24036 24037 24038 24055 24072 24073 24074 24075 24076 24080 24084 24085 24086 24087 24088 24096 24104 24105 24106 24107 24108 24109 24110 24111 24112 24119 24126 24127 24128 24129 24130 24139 24148 24149 24150 24151 24152 24155 24158 24159 24160 24161 24162 24173 24184 24186 24188 24190 24192 24199 24206 24207 24208 24209 24210 24212 24214 24218 24222 24223 24224 24225 24226 24227 24228 24229 24230 24234 24238 24239 24240 24241 24242 24243 24244 24245 24246 24247 24248 24256 24264 24265 24266 24267 24268 24273 24278 24279 24280 24281 24282 24283 24284 24285 24286 24293 24300 24301 24302 24303 24304 24305 24306 24307 24308 24324 24340 24349 24358 24359 24360 24361 24362 24374 24386 24387 24388 24389 24390 24403 24416 24417 24418 24419 24420 24423 24426 24427 24428 24429 24430 24439 24448 24449 24450 24451 24452 24460 24468 24469 24470 24471 24472 24476 24480 24481 24482 24483 24484 24487 24490 24491 24492 24493 24494 24502 24510 24511 24512 24513 24514 24516 24518 24519 24520 24521 24522 24524 24526 24527 24528 24530 24532 24533 24534 24535 24536 24537 24538 24539 24540 24541 24542 24543 24544 24545 24546 24553 24560 24561 24562 24563 24564 24565 24566 24567 24568 24573 24578 24579 24580 24582 24584 24585 24586 24587 24588 24593 24598 24599 24600 24601 24602 24606 24610 24611 24612 24613 24614 24615 24616 24619 24622 24623 24624 24625 24626 24639 24652 24653 24654 24655 24656 24659 24662 24663 24664 24665 24666 24669 24672 24673 24674 24675 24676 24695 24714 24715 24716 24717 24718 24719 24720 24721 24722 24723 24724 24754 24784 24785 24786 24787 24788 24789 24790 24791 24792 24793 24794 24795 24796 24815 24834 24835 24836 24837 24838 24840 24842 24843 24844 24845 24846 24847 24848 24849 24850 24859 24868 24873 24878 24879 24880 24881 24882 24906 24930 24931 24932 24933 24934 24957 24980 24981 24982 24983 24984 25026 25068 25069 25070 25078 25086 25087 25088 25089 25090 25091 25092 25129 25166 25167 25168 25182 25196 25197 25198 25199 25200 25296 25392 25393 25394 25395 25396 25471 25546 25548 25550 25551 25552 25553 25554 25559 25564 25565 25566 25567 25568 25571 25574 25575 25576 25577 25578 25581 25584 25585 25586 25587 25588 25593 25598 25599 25600 25601 25602 25603 25604 25605 25606 25618 25630 25631 25632 25633 25634 25637 25640 25641 25642 25643 25644 25659 25674 25675 25676 25678 25680 25681 25682 25693 25704 25705 25706 25707 25708 25723 25738 25739 25740 25741 25742 25743 25744 25752 25760 25762 25764 25766 25768 25774 25780 25781 25782 25783 25784 25785 25786 25787 25788 25789 25790 25798 25806 25807 25808 25809 25810 25811 25812 25813 25814 25817 25820 25821 25822 25823 25824 25825 25826 25827 25828 25829 25830 25832 25834 25835 25836 25837 25838 25840 25842 25843 25844 25845 25846 25847 25848 25849 25850 25852 25854 25855 25856 25857 25858 25859 25860 25861 25862 25863 25864 25866 25868 25869 25870 25879 25888 25889 25890 25891 25892 25895 25898 25899 25900 25901 25902 25903 25904 25906 25908 25909 25910 25911 25912 25923 25934 25935 25936 25937 25938 25939 25940 25941 25942 25943 25944 25945 25946 25947 25948 25953 25958 25959 25960 25961 25962 25964 25966 25967 25968 25973 25978 25979 25980 25981 25982 26004 26026 26027 26028 26029 26030 26035 26040 26041 26042 26043 26044 26045 26046 26047 26048 26058 26068 26069 26070 26075 26080 26081 26082 26083 26084 26085 26086 26087 26088 26089 26090 26091 26092 26093 26094 26107 26120 26122 26124 26126 26128 26144 26160 26161 26162 26163 26164 26165 26166 26167 26168 26169 26170 26175 26180 26181 26182 26183 26184 26192 26200 26201 26202 26203 26204 26215 26226 26227 26228 26229 26230 26238 26246 26247 26248 26249 26250 26260 26270 26271 26272 26273 26274 26295 26316 26317 26318 26319 26320 26322 26324 26325 26326 26327 26328 26336 26344 26345 26346 26347 26348 26384 26420 26421 26422 26423 26424 26428 26432 26433 26434 26435 26436 26439 26442 26443 26444 26445 26446 26448 26450 26451 26452 26454 26456 26458 26460 26462 26464 26466 26468 26471 26474 26475 26476 26477 26478 26483 26488 26489 26490 26492 26494 26495 26496 26497 26498 26500 26502 26503 26504 26505 26506 26508 26510 26511 26512 26513 26514 26515 26516 26517 26518 26523 26528 26529 26530 26531 26532 26533 26534 26535 26536 26537 26538 26539 26540 26546 26552 26553 26554 26555 26556 26557 26558 26559 26560 26561 26562 26563 26564 26565 26566 26567 26568 26576 26584 26585 26586 26587 26588 26589 26590 26591 26592 26597 26602 26603 26604 26605 26606 26612 26618 26619 26620 26621 26622 26624 26626 26628 26630 26632 26634 26638 26642 26643 26644 26645 26646 26650 26654 26655 26656 26661 26666 26667 26668 26669 26670 26673 26676 26677 26678 26679 26680 26681 26682 26683 26684 26685 26686 26687 26688 26689 26690 26693 26696 26697 26698 26700 26702 26738 26774 26775 26776 26777 26778 26791 26804 26805 26806 26807 26808 26814 26820 26821 26822 26823 26824 26831 26838 26840 26842 26862 26882 26883 26884 26885 26886 26890 26894 26895 26896 26897 26898 26901 26904 26905 26906 26910 26914 26915 26916 26917 26918 26919 26920 26922 26924 26925 26926 26927 26928 26929 26930 26931 26932 26933 26934 26935 26936 26937 26938 26945 26952 26953 26954 26955 26956 26957 26958 26974 26990 26991 26992 26993 26994 26995 26996 26997 26998 26999 27000 27005 27010 27011 27012 27015 27018 27019 27020 27021 27022 27031 27040 27041 27042 27043 27044 27063 27082 27083 27084 27103 27122 27123 27124 27125 27126 27141 27156 27157 27158 27159 27160 27173 27186 27187 27188 27189 27190 27206 27222 27223 27224 27225 27226 27230 27234 27235 27236 27249 27262 27263 27264 27265 27266 27267 27268 27271 27274 27275 27276 27277 27278 27287 27296 27297 27298 27299 27300 27307 27314 27315 27316 27324 27332 27333 27334 27335 27336 27343 27350 27351 27352 27353 27354 27355 27356 27357 27358 27359 27360 27365 27370 27371 27372 27373 27374 27376 27378 27379 27380 27381 27382 27394 27406 27407 27408 27409 27410 27420 27430 27431 27432 27440 27448 27449 27450 27451 27452 27460 27468 27469 27470 27471 27472 27474 27476 27477 27478 27479 27480 27483 27486 27487 27488 27489 27490 27496 27502 27503 27504 27512 27520 27521 27522 27540 27558 27559 27560 27565 27570 27572 27574 27576 27578 27580 27582 27586 27590 27591 27592 27593 27594 27595 27596 27597 27598 27599 27600 27605 27610 27611 27612 27613 27614 27623 27632 27633 27634 27635 27636 27640 27644 27645 27646 27647 27648 27649 27650 27651 27652 27653 27654 27661 27668 27669 27670 27671 27672 27673 27674 27675 27676 27678 27680 27681 27682 27683 27684 27685 27686 27687 27688 27689 27690 27696 27702 27703 27704 27705 27706 27738 27770 27771 27772 27773 27774 27782 27790 27792 27794 27796 27798 27801 27804 27805 27806 27807 27808 27810 27812 27813 27814 27815 27816 27829 27842 27843 27844 27845 27846 27847 27848 27849 27850 27859 27868 27869 27870 27871 27872 27878 27884 27885 27886 27887 27888 27891 27894 27895 27896 27897 27898 27913 27928 27929 27930 27931 27932 27934 27936 27937 27938 27939 27940 27945 27950 27951 27952 27953 27954 27967 27980 27981 27982 27983 27984 27985 27986 27987 27988 27989 27990 27991 27992 27993 27994 27996 27998 27999 28000 28001 28002 28015 28028 28029 28030 28031 28032 28035 28038 28039 28040 28041 28042 28070 28098 28099 28100 28101 28102 28103 28104 28105 28106 28107 28108 28113 28118 28119 28120 28121 28122 28123 28124 28125 28126 28146 28166 28167 28168 28169 28170 28171 28172 28173 28174 28175 28176 28177 28178 28179 28180 28181 28182 28192 28202 28203 28204 28205 28206 28207 28208 28209 28210 28220 28230 28231 28232 28233 28234 28236 28238 28239 28240 28241 28242 28247 28252 28253 28254 28255 28256 28259 28262 28263 28264 28265 28266 28268 28270 28271 28272 28273 28274 28283 28292 28293 28294 28295 28296 28300 28304 28305 28306 28307 28308 28312 28316 28317 28318 28319 28320 28327 28334 28335 28336 28337 28338 28350 28362 28363 28364 28365 28366 28368 28370 28371 28372 28373 28374 28377 28380 28381 28382 28383 28384 28389 28394 28395 28396 28397 28398 28407 28416 28417 28418 28419 28420 28427 28434 28435 28436 28437 28438 28441 28444 28445 28446 28447 28448 28449 28450 28451 28452 28462 28472 28473 28474 28475 28476 28478 28480 28481 28482 28483 28484 28486 28488 28489 28490 28491 28492 28494 28496 28497 28498 28499 28500 28502 28504 28505 28506 28507 28508 28511 28514 28515 28516 28517 28518 28535 28552 28553 28554 28555 28556 28564 28572 28573 28574 28575 28576 28577 28578 28579 28580 28581 28582 28586 28590 28591 28592 28593 28594 28595 28596 28597 28598 28599 28600 28601 28602 28603 28604 28605 28606 28607 28608 28610 28612 28613 28614 28615 28616 28624 28632 28633 28634 28635 28636 28637 28638 28639 28640 28641 28642 28643 28644 28645 28646 28649 28652 28653 28654 28655 28656 28657 28658 28665 28672 28673 28674 28675 28676 28680 28684 28685 28686 28687 28688 28689 28690 28691 28692 28700 28708 28709 28710 28711 28712 28720 28728 28729 28730 28731 28732 28735 28738 28741 28744 28745 28746 28747 28748 28757 28766 28767 28768 28769 28770 28774 28778 28779 28780 28781 28782 28785 28788 28789 28790 28791 28792 28797 28802 28803 28804 28805 28806 28808 28810 28811 28812 28813 28814 28821 28828 28830 28832 28834 28836 28852 28868 28869 28870 28871 28872 28875 28878 28879 28880 28881 28882 28883 28884 28885 28886 28887 28888 28889 28890 28899 28908 28910 28912 28914 28916 28917 28918 28919 28920 28921 28922 28939 28956 28957 28958 28959 28960 28967 28974 28975 28976 28977 28978 28987 28996 28997 28998 28999 29000 29003 29006 29007 29008 29009 29010 29022 29034 29035 29036 29037 29038 29045 29052 29053 29054 29055 29056 29060 29064 29065 29066 29067 29068 29092 29116 29117 29118 29119 29120 29121 29122 29123 29124 29125 29126 29142 29158 29159 29160 29161 29162 29180 29198 29200 29202 29204 29206 29210 29214 29215 29216 29217 29218 29231 29244 29245 29246 29247 29248 29249 29250 29251 29252 29260 29268 29269 29270 29271 29272 29273 29274 29275 29276 29278 29280 29281 29282 29283 29284 29297 29310 29311 29312 29313 29314 29315 29316 29317 29318 29319 29320 29327 29334 29335 29336 29337 29338 29361 29384 29385 29386 29387 29388 29389 29390 29401 29412 29413 29414 29415 29416 29417 29418 29419 29420 29421 29422 29423 29424 29425 29426 29427 29428 29429 29430 29431 29432 29433 29434 29439 29444 29446 29448 29450 29452 29459 29466 29467 29468 29469 29470 29477 29484 29485 29486 29487 29488 29493 29498 29499 29500 29501 29502 29510 29518 29519 29520 29521 29522 29527 29532 29533 29534 29535 29536 29560 29584 29585 29586 29587 29588 29608 29628 29629 29630 29631 29632 29637 29642 29643 29644 29645 29646 29651 29656 29657 29658 29659 29660 29661 29662 29663 29664 29665 29666 29674 29682 29683 29684 29685 29686 29687 29688 29689 29690 29695 29700 29701 29702 29703 29704 29712 29720 29721 29722 29723 29724 29726 29728 29729 29730 29731 29732 29736 29740 29741 29742 29743 29744 29746 29748 29749 29750 29751 29752 29755 29758 29759 29760 29761 29762 29786 29810 29811 29812 29813 29814 29815 29816 29817 29818 29824 29830 29831 29832 29833 29834 29837 29840 29841 29842 29843 29844 29852 29860 29861 29862 29863 29864 29866 29868 29869 29870 29871 29872 29881 29890 29891 29892 29893 29894 29897 29900 29901 29902 29903 29904 29905 29906 29908 29910 29912 29914 29920 29926 29927 29928 29929 29930 29934 29938 29939 29940 29941 29942 29952 29962 29963 29964 29965 29966 29967 29968 29969 29970 29971 29972 29974 29976 29977 29978 29979 29980 29988 29996 29997 29998 29999 30000 30001 30002 30003 30004 30011 30018 30020 30022 30024 30026 30031 30036 30037 30038 30039 30040 30042 30044 30045 30046 30047 30048 30066 30084 30085 30086 30087 30088 30096 30104 30105 30106 30107 30108 30110 30112 30113 30114 30115 30116 30128 30140 30143 30146 30147 30148 30149 30150 30151 30152 30154 30156 30157 30158 30159 30160 30161 30162 30163 30164 30165 30166 30167 30168 30169 30170 30171 30172 30173 30174 30178 30182 30184 30186 30187 30188 30189 30190 30191 30192 30193 30194 30195 30196 30200 30204 30205 30206 30207 30208 30209 30210 30211 30212 30216 30220 30221 30222 30226 30230 30232 30234 30235 30236 30237 30238 30239 30240 30243 30246 30247 30248 30250 30252 30253 30254 30255 30256 30257 30258 30259 30260 30261 30262 30267 30272 30273 30274 30275 30276 30277 30278 30279 30280 30281 30282 30283 30284 30285 30286 30291 30296 30297 30298 30299 30300 30301 30302 30303 30304 30306 30308 30310 30312 30313 30314 30315 30316 30317 30318 30319 30320 30324 30328 30330 30332 30333 30334 30335 30336 30337 30338 30343 30348 30351 30354 30355 30356 30358 30360 30364 30368 30369 30370 30375 30380 30385 30390 30391 30392 30393 30394 30395 30396 30397 30398 30401 30404 30405 30406 30407 30408 30409 30410 30411 30412 30413 30414 30431 30448 30449 30450 30451 30452 30453 30454 30455 30456 30457 30458 30459 30460 30486 30512 30513 30514 30515 30516 30534 30552 30553 30554 30555 30556 30558 30560 30567 30574 30578 30582 30583 30584 30587 30590 30593 30596 30598 30600 30601 30602 30604 30606 30607 30608 30609 30610 30611 30612 30613 30614 30615 30616 30617 30618 30619 30620 30622 30624 30626 30628 30630 30632 30633 30634 30636 30638 30639 30640 30641 30642 30643 30644 30645 30646 30648 30650 30651 30652 30653 30654 30655 30656 30657 30658 30659 30660 30661 30662 30663 30664 30666 30668 30669 30670 30672 30674 30676 30678 30680 30682 30683 30684 30685 30686 30687 30688 30689 30690 30691 30692 30693 30694 30695 30696 30697 30698 30700 30702 30705 30708 30710 30712 30714 30716 30717 30718 30719 30720 30721 30722 30725 30728 30730 30732 30733 30734 30736 30738 30739 30740 30741 30742 30743 30744 30745 30746 30747 30748 30749 30750 30751 30752 30753 30754 30757 30760 30761 30762 30763 30764 30766 30768 30775 30782 30783 30784 30786 30788 30790 30792 30801 30810 30811 30812 30813 30814 30819 30824 30825 30826 30827 30828 30831 30834 31004 31174 31176 31178 31179 31180 31181 31182 31194 31206 31207 31208 31209 31210 31214 31218 31219 31220 31221 31222 31223 31224 31252 31280 31281 31282 31283 31284 31306 31328 31329 31330 31331 31332 31334 31336 31337 31338 31339 31340 31342 31344 31345 31346 31347 31348 31355 31362 31363 31364 31365 31366 31385 31404 31405 31406 31407 31408 31411 31414 31415 31416 31417 31418 31433 31448 31449 31450 31451 31452 31454 31456 31457 31458 31459 31460 31471 31482 31483 31484 31485 31486 31493 31500 31501 31502 31505 31508 31509 31510 31511 31512 31514 31516 31519 31522 31523 31524 31527 31530 31531 31532 31533 31534 31535 31536 31537 31538 31539 31540 31541 31542 31543 31544 31545 31546 31547 31548 31549 31550 31551 31552 31555 31558 31559 31560 31561 31562 31563 31564 31565 31566 31567 31568 31569 31570 31572 31574 31575 31576 31577 31578 31579 31580 31581 31582 31583 31584 31585 31586 31587 31588 31589 31590 31591 31592 31594 31596 31597 31598 31599 31600 31601 31602 31603 31604 31605 31606 31607 31608 31609 31610 31611 31612 31613 31614 31615 31616 31617 31618 31621 31624 31625 31626 31627 31628 31630 31632 31633 31634 31635 31636 31637 31638 31639 31640 31641 31642 31643 31644 31645 31646 31650 31654 31655 31656 31657 31658 31659 31660 31661 31662 31663 31664 31665 31666 31668 31670 31671 31672 31673 31674 31675 31676 31677 31678 31679 31680 31681 31682 31683 31684 31685 31686 31689 31692 31693 31694 31695 31696 31697 31698 31700 31702 31704 31706 31708 31710 31712 31714 31715 31716 31718 31720 31721 31722 31723 31724 31725 31726 31728 31730 31731 31732 31733 31734 31739 31744 31745 31746 31747 31748 31752 31756 31757 31758 31759 31760 31763 31766 31767 31768 31769 31770 31798 31826 31827 31828 31829 31830 31854 31878 31879 31880 31881 31882 31886 31890 31891 31892 31893 31894 31895 31896 31900 31904 31905 31906 31907 31908 31910 31912 31913 31914 31915 31916 31927 31938 31939 31940 31941 31942 31943 31944 31945 31946 31947 31948 31951 31954 31955 31956 31957 31958 31961 31964 31966 31968 31970 31972 31973 31974 31975 31976 31977 31978 31981 31984 31985 31986 31987 31988 31989 31990 31991 31992 31993 31994 32000 32006 32007 32008 32009 32010 32011 32012 32013 32014 32015 32016 32017 32018 32019 32020 32030 32040 32041 32042 32043 32044 32051 32058 32059 32060 32061 32062 32063 32064 32065 32066 32067 32068 32069 32070 32071 32072 32078 32084 32085 32086 32087 32088 32102 32116 32117 32118 32119 32120 32121 32122 32124 32126 32127 32128 32129 32130 32132 32134 32137 32140 32142 32144 32145 32146 32147 32148 32149 32150 32151 32152 32153 32154 32155 32156 32157 32158 32162 32166 32167 32168 32169 32170 32171 32172 32173 32174 32175 32176 32177 32178 32179 32180 32183 32186 32187 32188 32189 32190 32192 32194 32196 32198 32199 32200 32201 32202 32205 32208 32211 32214 32216 32218 32219 32220 32222 32224 32225 32226 32227 32228 32229 32230 32231 32232 32233 32234 32235 32236 32237 32238 32239 32240 32242 32244 32245 32246 32247 32248 32250 32252 32253 32254 32256 32258 32260 32262 32266 32270 32272 32274 32275 32276 32277 32278 32279 32280 32281 32282 32286 32290 32291 32292 32293 32294 32295 32296 32297 32298 32299 32300 32303 32306 32308 32310 32311 32312 32313 32314 32315 32316 32317 32318 32319 32320 32322 32324 32325 32326 32327 32328 32330 32332 32333 32334 32335 32336 32337 32338 32339 32340 32341 32342 32343 32344 32345 32346 32347 32348 32349 32350 32352 32354 32355 32356 32357 32358 32359 32360 32362 32364 32365 32366 32367 32368 32369 32370 32371 32372 32373 32374 32375 32376 32377 32378 32380 32382 32383 32384 32385 32386 32387 32388 32389 32390 32391 32392 32393 32394 32395 32396 32398 32400 32401 32402 32403 32404 32405 32406 32407 32408 32413 32418 32419 32420 32421 32422 32423 32424 32425 32426 32427 32428 32431 32434 32436 32438 32440 32442 32443 32444 32445 32446 32447 32448 32449 32450 32451 32452 32453 32454 32458 32462 32463 32464 32465 32466 32467 32468 32469 32470 32471 32472 32487 32502 32503 32504 32505 32506 32511 32516 32517 32518 32519 32520 32521 32522 32523 32524 32525 32526 32527 32528 32529 32530 32531 32532 32536 32540 32541 32542 32543 32544 32554 32564 32565 32566 32567 32568 32580 32592 32593 32594 32595 32596 32598 32600 32603 32606 32609 32612 32616 32620 32621 32622 32623 32624 32637 32650 32651 32652 32653 32654 32690 32726 32727 32728 32729 32730 32737 32744 32745 32746 32747 32748 32758 32768 32769 32770 32771 32772 32821 32870 32871 32872 32873 32874 32876 32878 32879 32880 32881 32882 32918 32954 32955 32956 32957 32958 32973 32988 32989 32990 32991 32992 33017 33042 33043 33044 33045 33046 33086 33126 33127 33128 33129 33130 33153 33176 33178 33180 33182 33184 33198 33212 33213 33214 33215 33216 33224 33232 33233 33234 33235 33236 33255 33274 33275 33276 33277 33278 33282 33286 33287 33288 33289 33290 33293 33296 33297 33298 33299 33300 33302 33304 33305 33306 33307 33308 33309 33310 33311 33312 33313 33314 33349 33384 33386 33388 33390 33392 33407 33422 33423 33424 33425 33426 33441 33456 33457 33458 33459 33460 33474 33488 33489 33490 33491 33492 33496 33500 33501 33502 33503 33504 33525 33546 33547 33548 33549 33550 33577 33604 33605 33606 33607 33608 33611 33614 33615 33616 33617 33618 33620 33622 33623 33624 33625 33626 33650 33674 33675 33676 33677 33678 33705 33732 33733 33734 33738 33742 33743 33744 33745 33746 33748 33750 33751 33752 33753 33754 33787 33820 33821 33822 33823 33824 33856 33888 33889 33890 33891 33892 33893 33894 33895 33896 33897 33898 33911 33924 33925 33926 33928 33930 33931 33932 33933 33934 33935 33936 33937 33938 33939 33940 33941 33942 33943 33944 33945 33946 33949 33952 33954 33956 33957 33958 33959 33960 33961 33962 33963 33964 33966 33968 33969 33970 33971 33972 33973 33974 33977 33980 33981 33982 33984 33986 33987 33988 33989 33990 33993 33996 33998 34000 34005 34010 34011 34012 34013 34014 34015 34016 34017 34018 34019 34020 34021 34022 34023 34024 34025 34026 34027 34028 34029 34030 34032 34034 34035 34036 34038 34040 34041 34042 34043 34044 34045 34046 34047 34048 34050 34052 34054 34056 34057 34058 34059 34060 34061 34062 34063 34064 34066 34068 34069 34070 34071 34072 34074 34076 34077 34078 34080 34082 34083 34084 34087 34090 34091 34092 34093 34094 34095 34096 34098 34100 34102 34104 34106 34108 34110 34112 34113 34114 34115 34116 34117 34118 34119 34120 34122 34124 34136 34148 34149 34150 34151 34152 34154 34156 34157 34158 34159 34160 34162 34164 34165 34166 34173 34180 34181 34182 34183 34184 34186 34188 34189 34190 34191 34192 34198 34204 34205 34206 34208 34210 34211 34212 34213 34214 34216 34218 34219 34220 34222 34224 34225 34226 34229 34232 34233 34234 34235 34236 34238 34240 34244 34248 34249 34250 34251 34252 34253 34254 34256 34258 34259 34260 34261 34262 34263 34264 34265 34266 34267 34268 34272 34276 34277 34278 34279 34280 34282 34284 34285 34286 34287 34288 34289 34290 34291 34292 34293 34294 34296 34298 34299 34300 34301 34302 34304 34306 34307 34308 34309 34310 34311 34312 34320 34328 34329 34330 34331 34332 34333 34334 34335 34336 34343 34350 34351 34352 34353 34354 34363 34372 34373 34374 34375 34376 34384 34392 34393 34394 34395 34396 34397 34398 34399 34400 34401 34402 34406 34410 34411 34412 34413 34414 34416 34418 34419 34420 34421 34422 34434 34446 34447 34448 34449 34450 34452 34454 34455 34456 34457 34458 34461 34464 34465 34466 34467 34468 34469 34470 34483 34496 34497 34498 34499 34500 34503 34506 34507 34508 34509 34510 34514 34518 34519 34520 34521 34522 34533 34544 34545 34546 34547 34548 34551 34554 34555 34556 34557 34558 34562 34566 34571 34576 34577 34578 34579 34580 34581 34582 34583 34584 34585 34586 34591 34596 34597 34598 34599 34600 34602 34604 34605 34606 34608 34610 34611 34612 34614 34616 34617 34618 34619 34620 34625 34630 34631 34632 34633 34634 34635 34636 34637 34638 34639 34640 34641 34642 34643 34644 34645 34646 34647 34648 34651 34654 34655 34656 34657 34658 34659 34660 34662 34664 34665 34666 34667 34668 34669 34670 34671 34672 34674 34676 34677 34678 34679 34680 34681 34682 34683 34684 34685 34686 34687 34688 34689 34690 34691 34692 34694 34696 34697 34698 34699 34700 34708 34716 34717 34718 34719 34720 34721 34722 34723 34724 34725 34726 34727 34728 34729 34730 34731 34732 34742 34752 34753 34754 34755 34756 34759 34762 34763 34764 34765 34766 34767 34768 34769 34770 34771 34772 34774 34776 34778 34780 34781 34782 34783 34784 34785 34786 34787 34788 34789 34790 34791 34792 34793 34794 34795 34796 34799 34802 34803 34804 34805 34806 34807 34808 34811 34814 34815 34816 34817 34818 34819 34820 34821 34822 34823 34824 34825 34826 34827 34828 34829 34830 34831 34832 34833 34834 34836 34838 34839 34840 34841 34842 34843 34844 34846 34848 34849 34850 34851 34852 34853 34854 34855 34856 34858 34860 34861 34862 34863 34864 34867 34870 34872 34874 34877 34880 34881 34882 34883 34884 34885 34886 34887 34888 34889 34890 34891 34892 34893 34894 34898 34902 34904 34906 34907 34908 34909 34910 34911 34912 34914 34916 34917 34918 34919 34920 34925 34930 34931 34932 34933 34934 34937 34940 34941 34942 34943 34944 34945 34946 34947 34948 34949 34950 34951 34952 34954 34956 34958 34960 34961 34962 34965 34968 34971 34974 34975 34976 34977 34978 34979 34980 34983 34986 34992 34998 34999 35000 35001 35002 35003 35004 35005 35006 35007 35008 35009 35010 35012 35014 35015 35016 35017 35018 35019 35020 35021 35022 35025 35028 35029 35030 35031 35032 35033 35034 35035 35036 35037 35038 35039 35040 35041 35042 35043 35044 35046 35048 35050 35052 35055 35058 35059 35060 35061 35062 35063 35064 35065 35066 35068 35070 35071 35072 35073 35074 35075 35076 35077 35078 35080 35082 35084 35086 35087 35088 35089 35090 35092 35094 35095 35096 35097 35098 35099 35100 35101 35102 35103 35104 35106 35108 35110 35112 35113 35114 35115 35116 35117 35118 35121 35124 35126 35128 35129 35130 35131 35132 35135 35138 35142 35146 35147 35148 35149 35150 35151 35152 35153 35154 35157 35160 35161 35162 35163 35164 35166 35168 35169 35170 35171 35172 35173 35174 35175 35176 35177 35178 35179 35180 35181 35182 35185 35188 35189 35190 35192 35194 35195 35196 35197 35198 35199 35200 35201 35202 35203 35204 35205 35206 35207 35208 35209 35210 35211 35212 35213 35214 35216 35218 35219 35220 35221 35222 35223 35224 35225 35226 35227 35228 35230 35232 35233 35234 35235 35236 35242 35248 35253 35258 35259 35260 35261 35262 35263 35264 35265 35266 35267 35268 35270 35272 35273 35274 35275 35276 35277 35278 35279 35280 35282 35284 35285 35286 35288 35290 35291 35292 35293 35294 35295 35296 35297 35298 35299 35300 35303 35306 35310 35314 35315 35316 35317 35318 35319 35320 35324 35328 35329 35330 35331 35332 35345 35358 35359 35360 35361 35362 35397 35432 35434 35436 35437 35438 35442 35446 35448 35450 35457 35464 35465 35466 35467 35468 35469 35470 35471 35472 35473 35474 35476 35478 35480 35482 35483 35484 35485 35486 35489 35492 35493 35494 35496 35498 35503 35508 35509 35510 35511 35512 35516 35520 35523 35526 35527 35528 35529 35530 35539 35548 35549 35550 35551 35552 35560 35568 35569 35570 35571 35572 35573 35574 35577 35580 35581 35582 35583 35584 35585 35586 35587 35588 35589 35590 35591 35592 35593 35594 35615 35636 35641 35646 35648 35650 35652 35654 35655 35656 35657 35658 35659 35660 35666 35672 35677 35682 35683 35684 35685 35686 35687 35688 35692 35696 35697 35698 35699 35700 35701 35702 35704 35706 35707 35708 35709 35710 35712 35714 35716 35718 35720 35722 35730 35738 35739 35740 35741 35742 35743 35744 35745 35746 35747 35748 35749 35750 35752 35754 35756 35758 35764 35770 35771 35772 35773 35774 35780 35786 35788 35790 35792 35794 35805 35816 35817 35818 35819 35820 35821 35822 35823 35824 35825 35826 35827 35828 35836 35844 35845 35846 35847 35848 35853 35858 35859 35860 35861 35862 35869 35876 35877 35878 35879 35880 35881 35882 35883 35884 35885 35886 35887 35888 35889 35890 35891 35892 35899 35906 35907 35908 35909 35910 35920 35930 35931 35932 35933 35934 35945 35956 35957 35958 35959 35960 35973 35986 35987 35988 35989 35990 35996 36002 36003 36004 36005 36006 36009 36012 36013 36014 36015 36016 36018 36020 36021 36022 36023 36024 36033 36042 36043 36044 36045 36046 36056 36066 36067 36068 36069 36070 36073 36076 36077 36078 36079 36080 36081 36082 36083 36084 36093 36102 36103 36104 36105 36106 36122 36138 36139 36140 36141 36142 36147 36152 36153 36154 36155 36156 36160 36164 36165 36166 36167 36168 36198 36228 36229 36230 36231 36232 36259 36286 36287 36288 36289 36290 36317 36344 36373 36402 36403 36404 36405 36406 36416 36426 36427 36428 36429 36430 36431 36432 36433 36434 36435 36436 36437 36438 36439 36440 36441 36442 36454 36466 36467 36468 36469 36470 36493 36516 36517 36518 36519 36520 36529 36538 36539 36540 36541 36542 36544 36546 36547 36548 36549 36550 36569 36588 36589 36590 36591 36592 36600 36608 36609 36610 36611 36612 36624 36636 36637 36638 36639 36640 36643 36646 36647 36648 36649 36650 36660 36670 36671 36672 36673 36674 36675 36676 36678 36680 36682 36684 36688 36692 36694 36696 36698 36700 36703 36706 36707 36708 36709 36710 36741 36772 36774 36776 36778 36780 36786 36792 36793 36794 36795 36796 36811 36826 36827 36828 36829 36830 36838 36846 36847 36848 36849 36850 36851 36852 36853 36854 36858 36862 36871 36880 36881 36882 36883 36884 36896 36908 36909 36910 36924 36938 36939 36940 36941 36942 36950 36958 36959 36960 36961 36962 36964 36966 36967 36968 36969 36970 36994 37018 37019 37020 37021 37022 37030 37038 37039 37040 37041 37042 37049 37056 37057 37058 37059 37060 37061 37062 37233 37404 37451 37498 37499 37500 37501 37502 37506 37510 37511 37512 37513 37514 37582 37650 37651 37652 37653 37654 37664 37674 37675 37676 37677 37678 37761 37844 37845 37846 37847 37848 37856 37864 37865 37866 37867 37868 37907 37946 37947 37948 37949 37950 37981 38012 38013 38014 38015 38016 38031 38046 38047 38048 38049 38050 38063 38076 38077 38078 38079 38080 38122 38164 38165 38166 38167 38168 38192 38216 38217 38218 38219 38220 38237 38254 38255 38256 38257 38258 38267 38276 38277 38278 38279 38280 38289 38298 38299 38300 38301 38302 38311 38320 38333 38346 38347 38348 38349 38350 38389 38428 38429 38430 38431 38432 38499 38566 38567 38568 38569 38570 38593 38616 38617 38618 38619 38620 38630 38640 38641 38642 38643 38644 38649 38654 38655 38656 38657 38658 38707 38756 38757 38758 38759 38760 38833 38906 38907 38908 38909 38910 38965 39020 39021 39022 39023 39024 39029 39034 39035 39036 39037 39038 39061 39084 39085 39086 39087 39088 39108 39128 39129 39130 39131 39132 39139 39146 39147 39148 39149 39150 39155 39160 39161 39162 39163 39164 39176 39188 39189 39190 39191 39192 39194 39196 39197 39198 39199 39200 39225 39250 39251 39252 39253 39254 39255 39256 39257 39258 39274 39290 39291 39292 39293 39294 39300 39306 39307 39308 39309 39310 39311 39312 39313 39314 39315 39316 39317 39318 39321 39324 39325 39326 39327 39328 39334 39340 39341 39342 39343 39344 39355 39366 39367 39368 39369 39370 39379 39388 39389 39390 39391 39392 39395 39398 39399 39400 39401 39402 39413 39424 39425 39426 39427 39428 39450 39472 39473 39474 39475 39476 39477 39478 39479 39480 39500 39520 39521 39522 39523 39524 39531 39538 39539 39540 39541 39542 39549 39556 39557 39558 39559 39560 39561 39562 39563 39564 39583 39602 39603 39604 39605 39606 39619 39632 39633 39634 39635 39636 39640 39644 39645 39646 39647 39648 39649 39650 39651 39652 39655 39658 39659 39660 39662 39664 39672 39680 39681 39682 39683 39684 39685 39686 39688 39690 39691 39692 39693 39694 39695 39696 39697 39698 39699 39700 39705 39710 39713 39716 39720 39724 39725 39726 39727 39728 39729 39730 39731 39732 39733 39734 39735 39736 39737 39738 39754 39770 39771 39772 39773 39774 39806 39838 39839 39840 39841 39842 39870 39898 39899 39900 39901 39902 39903 39904 39905 39906 39910 39914 39915 39916 39917 39918 39974 40030 40031 40032 40033 40034 40077 40120 40121 40122 40123 40124 40125 40126 40127 40128 40129 40130 40153 40176 40177 40178 40179 40180 40195 40210 40211 40212 40213 40214 40274 40334 40335 40336 40337 40338 40343 40348 40349 40350 40351 40352 40378 40404 40405 40406 40407 40408 40436 40464 40465 40466 40467 40468 40474 40480 40481 40482 40483 40484 40496 40508 40509 40510 40511 40512 40518 40524 40525 40526 40527 40528 40533 40538 40539 40540 40541 40542 40545 40548 40549 40550 40551 40552 40553 40554 40555 40556 40557 40558 40587 40616 40617 40618 40638 40658 40659 40660 40661 40662 40693 40724 40725 40726 40727 40728 40729 40730 40731 40732 40737 40742 40743 40744 40745 40746 40776 40806 40807 40808 40809 40810 40820 40830 40831 40832 40833 40834 40881 40928 40929 40930 40931 40932 40942 40952 40953 40954 40955 40956 40972 40988 40989 40990 40991 40992 41011 41030 41031 41032 41033 41034 41035 41036 41037 41038 41039 41040 41047 41054 41055 41056 41057 41058 41060 41062 41063 41064 41065 41066 41088 41110 41111 41112 41113 41114 41119 41124 41125 41126 41127 41128 41210 41128 41190 0 515







0 555 1110 1124 1138 1139 1140 1141 1142 1143 1144 1146 1148 1158 1168 1169 1170 1171 1172 1174 1176 1177 1178 1179 1180 1183 1186 1187 1188 1189 1190 1197 1204 1205 1206 1207 1208 1218 1228 1229 1230 1231 1232 1236 1240 1242 1244 1246 1248 1255 1262 1263 1264 1265 1266 1284 1302 1312 1322 1326 1330 1331 1332 1333 1334 1350 1366 1367 1368 1369 1370 1379 1388 1389 1390 1391 1392 1393 1394 1395 1396 1403 1410 1411 1412 1413 1414 1420 1426 1427 1428 1429 1430 1437 1444 1445 1446 1447 1448 1450 1452 1453 1454 1455 1456 1458 1460 1461 1462 1463 1464 1466 1468 1469 1470 1471 1472 1473 1474 1484 1494 1497 1500 1501 1502 1503 1504 1505 1506 1507 1508 1509 1510 1512 1514 1515 1516 1517 1518 1520 1522 1524 1526 1528 1530 1534 1538 1539 1540 1541 1542 1546 1550 1551 1552 1553 1554 1562 1570 1572 1574 1576 1578 1583 1588 1589 1590 1591 1592 1593 1594 1595 1596 1597 1598 1605 1612 1613 1614 1615 1616 1618 1620 1622 1624 1626 1628 1631 1634 1636 1638 1640 1642 1644 1646 1648 1650 1652 1654 1659 1664 1665 1666 1667 1668 1671 1674 1675 1676 1682 1688 1689 1690 1691 1692 1693 1694 1700 1706 1707 1708 1709 1710 1715 1720 1721 1722 1723 1724 1725 1726 1727 1728 1729 1730 1731 1732 1733 1734 1735 1736 1738 1740 1741 1742 1743 1744 1745 1746 1747 1748 1749 1750 1758 1766 1767 1768 1769 1770 1771 1772 1773 1774 1775 1776 1778 1780 1783 1786 1789 1792 1798 1804 1805 1806 1807 1808 1811 1814 1842 1870 1873 1876 1879 1882 1883 1884 3299 3299 3738 555 922
0 889 1778 1798 1818 1819 1820 1821 1822 1825 1828 1829 1830 1831 1832 1852 1872 1873 1874 1875 1876 1877 1878 1886 1894 1905 1916 2019 2122 2125 2128 2129 2130 2131 2132 2141 2150 2151 2152 2153 2154 2162 2170 2171 2172 2173 2174 2180 2186 2187 2188 2189 2190 2195 2200 2201 2202 2203 2204 2208 2212 2213 2214 2215 2216 2224 2232 2233 2234 2235 2236 2240 2244 2254 2264 2273 2282 2283 2284 2285 2286 2290 2294 2295 2296 2297 2298 2313 2328 2329 2330 2331 2332 2335 2338 2339 2340 2341 2342 2355 2368 2370 2372 2373 2374 2375 2376 2403 2430 2432 2434 2436 2438 2467 2496 2501 2506 2516 2526 2562 2598 2599 2600 2601 2602 2603 2604 2606 2608 2610 2612 2616 2620 2621 2622 2623 2624 2629 2634 2636 2638 2770 2902 2907 2912 2913 2914 2915 2916 2933 2950 2952 2954 2956 2958 2959 2960 2961 2962 2963 2964 2965 2966 2967 2968 2975 2982 2983 2984 2985 2986 2987 2988 2989 2990 2991 2992 2993 2994 2995 2996 2997 2998 2999 3000 3001 3002 3003 3004 3006 3008 3010 3012 3021 3030 3031 3032 3033 3034 3050 3066 3067 3068 3069 3070 3083 3096 3097 3098 3099 3100 3107 3114 3115 3116 3117 3118 3119 3120 3135 3150 3155 3160 3170 3180 3181 3182 3183 3184 3185 3186 3194 3202 3203 3204 3205 3206 3209 3212 3214 3216 3218 3220 3226 3232 3233 3234 3235 3236 3252 3268 3269 3270 3271 3272 3279 3286 3287 3288 3289 3290 3293 3296 3297 3298 3299 3300 3301 3302 3303 3304 3306 3308 3311 3314 3315 3316 3317 3318 3319 3320 3368 3416 3418 3420 3432 3444 3450 3456 3457 3458 3459 3460 3461 3462 3463 3464 3469 3474 3476 3478 3480 3482 3492 3502 3503 3504 3505 3506 3509 3512 3515 3518 3521 3524 3525 3526 3528 3530 3532 3534 3537 3540 3541 3542 3543 3544 3560 3576 3577 3578 3579 3580 3583 3586 3588 3590 3592 3594 3603 3612 3773 3934 3935 3936 3937 3938 3939 3940 3946 3952 3953 3954 3955 3956 3957 3958 3959 3960 3965 3970 3971 3972 3973 3974 3977 3980 3981 3982 3983 3984 3991 3998 3999 4000 4001 4002 4006 4010 4011 4012 4013 4014 4023 4032 4033 4034 4035 4036 4045 4054 4056 4058 4060 4062 4065 4068 4069 4070 4071 4072 4078 4084 4085 4086 4087 4088 4090 4092 4093 4094 4285 4476 4478 4480 4481 4482 4483 4484 4485 4486 4488 4490 4492 4494 4495 4496 4497 4498 4499 4500 4509 4518 4519 4520 4521 4522 4538 4554 4555 4556 4557 4558 4569 4580 4581 4582 4583 4584 4586 4588 4589 4590 4591 4592 4599 4606 4607 4608 4609 4610 4617 4624 4627 4630 4633 4636 4637 4638 4640 4642 4644 4646 4666 4686 4687 4688 4689 4690 4694 4698 4699 4700 4701 4702 4707 4712 4713 4714 4715 4716 4718 4720 4723 4726 4729 4732 4733 4734 4736 4738 4740 4742 4743 4744 4745 4746 4747 4748 4751 4754 4755 4756 4757 4758 4760 4762 4763 4764 4765 4766 4771 4776 4777 4778 4779 4780 4786 4792 4793 4794 4795 4796 4806 4816 4817 4818 4819 4820 4825 4830 4831 4832 4833 4834 4839 4844 5473 5473 6006 889 1040
0 1184 2368 2381 2394 2395 2396 2397 2398 2412 2426 2427 2428 2429 2430 2432 2434 2436 2438 2440 2442 2458 2474 2475 2476 2477 2478 2483 2488 2498 2508 2522 2536 2537 2538 2539 2540 2549 2558 2559 2560 2561 2562 2566 2570 2571 2572 2573 2574 2575 2576 2578 2580 2582 2584 2589 2594 2639 2684 2694 2704 2705 2706 2707 2708 2710 2712 2713 2714 2715 2716 2726 2736 2737 2738 2739 2740 2741 2742 2743 2744 2745 2746 2748 2750 2751 2752 2753 2754 2760 2766 2767 2768 2769 2770 2772 2774 2777 2780 2783 2786 2792 2798 2799 2800 2801 2802 2808 2814 2815 2816 2817 2818 2820 2822 2823 2824 2825 2826 2846 2866 2867 2868 2869 2870 2875 2880 2881 2882 2883 2884 2889 2894 2895 2896 2897 2898 2900 2902 2904 2906 2908 2910 2924 2938 3657 4376 4380 4384 4387 4390 4393 4396 4398 4400 4401 4402 4403 4404 4407 4410 4411 4412 4413 4414 4433 4452 4453 4454 4455 4456 4466 4476 4477 4478 4479 4480 4489 4498 4499 4500 4501 4502 4507 4512 4513 4514 4515 4516 4520 4524 4539 4554 4556 4558 4559 4560 4561 4562 4576 4590 4591 4592 4593 4594 4598 4602 4603 4604 4605 4606 4617 4628 4629 4630 4631 4632 4636 4640 4641 4642 4643 4644 4654 4664 4665 4666 4667 4668 4690 4712 4713 4714 4715 4716 4721 4726 4727 4728 4729 4730 4733 4736 4737 4738 4739 4740 4746 4752 4753 4754 4755 4756 4759 4762 4765 4768 4771 4774 4777 4780 4781 4782 4783 4784 4796 4808 4809 4810 4811 4812 4823 4834 4835 4836 4837 4838 4841 4844 4845 4846 4847 4848 4849 4850 4851 4852 4853 4854 4855 4856 4857 4858 4859 4860 4862 4864 4865 4866 4867 4868 4869 4870 4872 4874 4876 4878 4879 4880 4882 4884 4886 4888 4896 4904 4907 4910 4913 4916 4921 4926 4927 4928 4929 4930 4934 4938 4943 4948 4955 4962 4963 4964 4965 4966 4975 4984 4985 4986 4987 4988 5003 5018 5019 5020 5021 5022 5029 5036 5925 5925 6306 1184 1248
0 467 934 935 936 937 938 959 980 981 982 983 984 1147 1310 1311 1312 1313 1314 1431 1548 1549 1550 1551 1552 1796 0 215 1552 1630
0 419 838 845 852 902 952 953 954 955 956 958 960 961 962 963 964 965 966 972 978 981 984 987 990 992 994 995 996 997 998 1038 1078 1079 1080 1081 1082 1085 1088 1114 1140 1141 1142 1143 1144 1160 1176 1288 0 388 1288 1321
0 112 224 226 228 229 230 231 232 236 240 241 242 243 244 246 248 249 250 251 252 281 310 311 312 313 314 321 328 329 330 331 332 336 340 341 342 343 344 345 346 347 348 349 350 361 372 373 374 375 376 378 380 381 382 383 384 400 416 417 418 419 420 427 434 435 436 437 438 443 448 449 450 451 452 470 488 489 490 491 492 494 496 497 498 499 500 501 502 508 514 516 518 520 522 529 536 537 538 539 540 542 544 545 546 547 548 550 552 553 554 555 556 560 564 565 566 567 568 579 590 592 594 596 598 614 630 631 632 633 634 640 646 648 650 652 654 677 700 701 702 703 704 709 714 715 716 717 718 731 744 745 746 747 748 755 762 763 764 765 766 768 770 772 774 776 778 780 782 789 796 797 798 799 800 807 814 815 816 817 818 829 840 841 842 843 844 853 862 863 864 865 866 871 876 877 878 879 880 892 904 906 908 910 912 942 972 973 974 975 976 986 996 997 998 999 1000 1007 1014 1015 1016 1017 1018 1021 1024 1025 1026 1027 1028 1044 1060 1061 1062 1063 1064 1086 1108 1109 1110 1111 1112 1117 1122 1123 1124 1138 1152 1153 1154 1155 1156 1157 1158 1161 1164 1167 1170 1172 1174 1175 1176 1184 1192 1206 1220 1221 1222 1223 1224 1233 1242 1243 1244 1245 1246 1258 1270 1271 1272 1273 1274 1280 1286 1287 1288 1289 1290 1292 1294 1295 1296 1297 1298 1302 1306 1307 1308 1309 1310 1313 1316 1335 1354 1355 1356 1357 1358 1375 1392 1393 1394 1395 1396 1402 1408 1409 1410 1411 1412 1419 1426 1427 1428 1429 1430 1435 1440 1441 1442 1443 1444 1450 1456 1457 1458 1459 1460 1483 1506 1510 1514 1515 1516 1517 1518 1524 1530 1531 1532 1533 1534 1541 1548 1549 1550 1551 1552 1553 1554 1559 1564 1565 1566 1567 1568 1574 1580 1581 1582 1583 1584 1607 1630 1632 1634 1636 1638 1640 1642 1643 1644 1645 1646 1661 1676 1681 1686 1687 1688 1689 1690 1695 1700 1701 1702 1703 1704 1706 1708 1709 1710 1711 1712 1730 1748 1749 1750 1751 1752 1754 1756 1758 1760 1762 1764 1766 1768 1769 1770 1771 1772 1778 1784 1785 1786 1787 1788 1795 1802 1803 1804 1805 1806 1817 1828 1829 1830 1831 1832 1833 1834 1835 1836 1837 1838 1839 1840 1841 1842 1843 1844 1845 1846 1847 1848 1868 1888 1889 1890 1891 1892 1893 1894 1895 1896 1904 1912 1913 1914 1915 1916 1923 1930 1931 1932 1933 1934 1939 1944 1945 1946 1947 1948 1978 2008 2009 2010 2011 2012 2013 2014 2015 2016 2018 2020 2021 2022 2023 2024 2027 2030 2031 2032 2033 2034 2050 2066 2067 2068 2069 2070 2075 2080 2081 2082 2083 2084 2107 2130 2133 2136 2139 2142 2151 2160 2161 2162 2163 2164 2171 2178 2179 2180 2181 2182 2186 2190 2197 2204 2205 2206 2207 2208 2256 2304 2312 2320 2335 2350 2362 2374 2375 2376 2377 2378 2527 112 197 2378 2403
0 2796 5592 5593 5594 5595 5596 5598 5600 5602 5604 5606 5608 5609 5610 5612 5614 5615 5616 5621 5626 5627 5628 5629 5630 5694 5694 5735 2796 2820
0 132 264 294 324 339 354 355 356 357 358 381 404 405 406 407 408 418 428 429 430 431 432 433 434 451 468 471 474 475 476 477 478 486 494 495 496 497 498 501 504 505 506 507 508 544 580 581 582 583 584 602 620 621 622 623 624 645 666 667 668 672 676 677 678 679 680 681 682 683 684 686 688 689 690 691 692 696 700 3496 3496 6271 132 152
0 51 102 103 104 105 106 107 108 140 172 173 174 175 176 187 198 199 200 201 202 203 204 209 214 215 216 217 218 227 236 244 252 253 254 259 264 265 266 267 268 285 302 304 306 311 316 323 330 331 332 333 334 372 410 411 412 413 414 443 472 473 474 494 514 515 516 529 542 543 544 567 590 669 748 757 766 767 768 772 776 817 858 859 860 861 862 871 880 881 882 887 892 893 894 895 896 913 930 931 932 933 934 936 938 939 940 941 942 949 956 969 982 983 984 985 986 988 990 991 992 993 994 1005 1016 1019 1022 1023 1024 1025 1026 1030 1034 1035 1036 1037 1038 1039 1040 1051 1062 1063 1064 1082 1100 1101 1102 1103 1104 1107 1110 1111 1112 1113 1114 1137 1160 1161 1162 1164 1166 1188 1210 1211 1212 1213 1214 1217 1220 1221 1222 1223 1224 1228 1232 1238 1244 1245 1246 1247 1248 1252 1256 1257 1258 1259 1260 1261 1262 1263 1264 1274 1284 1299 1314 1315 1316 1355 1394 1395 1396 1397 1398 1404 1410 1411 1412 1426 1440 1441 1442 1443 1444 1448 1452 1453 1454 1455 1456 1484 1512 1513 1514 1515 1516 1533 1550 1551 1552 1553 1554 1570 1586 1587 1588 1589 1590 1594 1598 1599 1600 1601 1602 1649 1696 1697 1698 1699 1700 1702 1704 1705 1706 1709 1712 1713 1714 1715 1716 1756 1796 1797 1798 1799 1800 1804 1808 1809 1810 1811 1812 1829 1846 1847 1848 1849 1850 1852 1854 1855 1856 1877 1898 1899 1900 1901 1902 1925 1948 1970 1992 1993 1994 1995 1996 1997 1998 1999 2000 2003 2006 2007 2008 2009 2010 2027 2044 2045 2046 2047 2048 2049 2050 2051 2052 2054 2056 2057 2058 2059 2060 2075 2090 2091 2092 2093 2094 2095 2096 2097 2098 2099 2100 2101 2102 2103 2104 2105 2106 2107 2108 2111 2114 2115 2116 2117 2118 2128 2138 2139 2140 2141 2142 2146 2150 2151 2152 2153 2154 2155 2156 2157 2158 2160 2162 2163 2164 2165 2166 2182 2198 2199 2200 2201 2202 2205 2208 2209 2210 2211 2212 2214 2216 2217 2218 2232 2246 2247 2248 2249 2250 2254 2258 2260 2262 2264 2266 2268 2270 2271 2272 2273 2274 2319 2364 2365 2366 2367 2368 2382 2396 2397 2398 2399 2400 2404 2408 2409 2410 2411 2412 2413 2414 2415 2416 2418 2420 2421 2422 2425 2428 2443 2458 2459 2460 2461 2462 2463 2464 2490 2516 2517 2518 2519 2520 2522 2524 2525 2526 2529 2532 2533 2534 2535 2536 2540 2544 2556 2568 2569 2570 2571 2572 2576 2580 2581 2582 2583 2584 2596 2608 2609 2610 2621 2632 2655 2678 2686 2694 2695 2696 2700 2704 2705 2706 2707 2708 2730 2752 2753 2754 2758 2762 2763 2764 2765 2766 2782 2798 2799 2800 2822 2844 2845 2846 2851 2856 2857 2858 2859 2860 2866 2872 2873 2874 2875 2876 2886 2896 2897 2898 2899 2900 2905 2910 2911 2912 2913 2914 3084 0 27 2914 2940
0 3703 7406 7409 7412 7413 7414 7415 7416 7418 7420 7421 7422 7423 7424 7425 7426 7428 7430 7431 7432 7434 7436 7437 7438 7440 7442 7443 7444 7445 7446 7449 7452 7453 7454 7455 7456 7457 7458 7459 7460 7474 7488 7489 7490 7491 7492 7494 7496 7497 7498 7499 7500 7502 7504 7505 7506 7507 7508 7509 7510 7512 7514 7516 7518 7519 7520 7521 7522 7524 7526 7527 7528 7529 7530 7533 7536 7537 7538 7539 7540 7541 7542 7543 7544 7561 7578 7579 7580 7581 7582 7584 7586 7587 7588 7589 7590 7591 7592 7594 7596 7597 7598 7600 7602 7603 7604 7606 7608 7609 7610 7611 7612 7615 7618 7619 7620 7621 7622 7623 7624 7625 7626 7643 7660 7661 7662 7663 7664 7666 7668 7669 7670 7671 7672 7673 7674 7676 7678 7680 7682 7683 7684 7685 7686 7688 7690 7691 7692 7693 7694 7697 7700 7701 7702 7703 7704 7705 7706 7707 7708 7725 7742 7743 7744 7745 7746 7747 7748 7749 7750 7751 7752 7753 7754 7755 7756 7759 7762 7763 7764 7765 7766 7768 7770 7771 7772 7773 7774 7777 7780 7781 7782 7783 7784 7785 7786 7787 7788 7805 7822 7823 7824 7825 7826 7828 7830 7831 7832 7833 7834 7837 7840 7841 7842 7843 7844 7846 7848 7849 7850 7851 7852 7855 7858 7859 7860 7861 7862 7863 7864 7865 7866 7880 7894 7895 7896 7897 7898 7900 7902 7903 7904 7905 7906 7908 7910 7911 7912 7913 7914 7917 7920 7921 7922 7923 7924 7926 7928 7929 7930 7931 7932 7935 7938 7939 7940 7941 7942 7943 7944 7945 7946 7963 7980 7981 7982 7983 7984 7986 7988 7989 7990 7991 7992 7993 7994 7996 7998 7999 8000 8002 8004 8005 8006 8008 8010 8011 8012 8013 8014 8017 8020 8021 8022 8023 8024 8025 8026 8027 8028 8048 8068 8069 8070 8071 8072 8073 8074 8076 8078 8080 8082 8085 8088 8089 8090 8091 8092 8095 8098 8099 8100 8101 8102 8103 8104 8105 8106 8123 8140 8141 8142 8143 8144 8145 8146 8147 8148 8149 8150 8151 8152 8153 8154 8157 8160 8161 8162 8163 8164 8166 8168 8169 8170 8171 8172 8175 8178 8179 8180 8181 8182 8183 8184 8185 8186 8200 8214 8215 8216 8217 8218 8220 8222 8223 8224 8225 8226 8228 8230 8231 8232 8233 8234 8237 8240 8241 8242 8243 8244 8246 8248 8249 8250 8251 8252 8255 8258 8259 8260 8261 8262 8263 8264 8265 8266 8283 8300 8301 8302 8303 8304 8306 8308 8309 8310 8311 8312 8315 8318 8319 8320 8321 8322 8324 8326 8327 8328 8329 8330 8333 8336 8337 8338 8339 8340 8341 8342 8343 8344 8361 8378 8379 8380 8381 8382 8384 8386 8387 8388 8389 8390 8393 8396 8397 8398 8399 8400 8402 8404 8405 8406 8407 8408 8411 8414 8415 8416 8417 8418 8419 8420 8421 8422 8436 8450 8451 8452 8453 8454 8456 8458 8459 8460 8461 8462 8464 8466 8467 8468 8469 8470 8471 8472 8474 8476 8478 8480 8481 8482 8483 8484 8486 8488 8489 8490 8491 8492 8495 8498 8499 8500 8501 8502 8503 8504 8505 8506 8523 8540 8541 8542 8543 8544 8546 8548 8549 8550 8551 8552 8555 8558 8559 8560 8561 8562 8564 8566 8567 8568 8569 8570 8573 8576 8577 8578 8579 8580 8581 8582 8583 8584 8601 8618 8619 8620 8621 8622 8624 8626 8627 8628 8629 8630 8633 8636 8637 8638 8639 8640 8642 8644 8645 8646 8647 8648 8651 8654 8655 8656 8657 8658 8659 8660 8661 8662 8676 8690 8691 8692 8693 8694 8696 8698 8699 8700 8701 8702 8704 8706 8707 8708 8709 8710 8711 8712 8714 8716 8717 8718 8720 8722 8723 8724 8726 8728 8729 8730 8731 8732 8735 8738 8739 8740 8741 8742 8743 8744 8745 8746 8755 8764 8765 8766 8774 8782 8783 8784 8785 8786 8788 8790 8791 8792 8793 8794 8795 8796 8798 8800 8801 8802 8804 8806 8807 8808 8810 8812 8813 8814 8815 8816 8819 8822 8823 8824 8825 8826 8827 8828 8829 8830 8844 8858 8859 8860 8861 8862 8864 8866 8867 8868 8869 8870 8872 8874 8875 8876 8877 8878 8884 8890 8891 8892 8893 8894 8897 8900 8901 8902 8903 8904 8905 8906 8907 8908 8925 8942 8943 8944 8945 8946 8948 8950 8951 8952 8953 8954 8960 8966 8967 8968 8969 8970 8973 8976 8977 8978 8979 8980 8981 8982 8983 8984 9001 9018 9019 9020 9021 9022 9023 9024 9025 9026 9027 9028 9029 9030 9031 9032 9035 9038 9039 9040 9041 9042 9044 9046 9047 9048 9049 9050 9053 9056 9057 9058 9059 9060 9061 9062 9063 9064 9081 9098 9099 9100 9101 9102 9104 9106 9107 9108 9109 9110 9111 9112 9114 9116 9117 9118 9120 9122 9123 9124 9126 9128 9129 9130 9131 9132 9135 9138 9139 9140 9141 9142 9143 9144 9145 9146 9160 9174 9175 9176 9177 9178 9180 9182 9183 9184 9185 9186 9188 9190 9191 9192 9193 9194 9195 9196 9198 9200 9201 9202 9204 9206 9207 9208 9210 9212 9213 9214 9215 9216 9219 9222 9223 9224 9225 9226 9227 9228 9229 9230 9250 9270 9271 9272 9273 9274 9275 9276 9278 9280 9282 9284 9287 9290 9291 9292 9293 9294 9297 9300 9301 9302 9303 9304 9305 9306 9307 9308 9335 9362 9363 9364 9365 9366 9369 9372 9373 9374 9375 9376 9377 9378 9379 9380 9400 9420 9421 9422 9423 9424 9427 9430 9431 9432 9433 9434 9436 9438 9439 9440 9441 9442 9445 9448 9449 9450 9451 9452 9453 9454 9455 9456 9483 9510 9511 9512 9513 9514 9517 9520 9521 9522 9523 9524 9525 9526 9527 9528 9542 9556 9557 9558 9559 9560 9565 9570 9571 9572 9573 9574 9577 9580 9581 9582 9583 9584 9586 9588 9589 9590 9591 9592 9595 9598 9599 9600 9601 9602 9603 9604 9605 9606 9623 9640 9641 9642 9643 9644 9646 9648 9649 9650 9651 9652 9653 9654 9656 9658 9659 9660 9662 9664 9665 9666 9668 9670 9671 9672 9673 9674 9677 9680 9681 9682 9683 9684 9685 9686 9687 9688 9705 9722 9723 9724 9725 9726 9728 9730 9731 9732 9733 9734 9737 9740 9741 9742 9743 9744 9746 9748 9749 9750 9751 9752 9757 9762 9763 9764 9778 9792 9793 9794 9795 9796 9798 9800 9801 9802 9803 9804 9806 9808 9809 9810 9811 9812 9815 9818 9819 9820 9821 9822 9824 9826 9827 9828 9829 9830 9833 9836 9837 9838 9839 9840 9841 9842 9843 9844 9858 9872 9873 9874 9875 9876 9881 9886 9887 9888 9889 9890 9891 9892 9894 9896 9897 9898 9900 9902 9903 9904 9906 9908 9909 9910 9911 9912 9915 9918 9919 9920 9921 9922 9923 9924 9925 9926 9940 9954 9955 9956 9957 9958 9960 9962 9963 9964 9965 9966 9967 9968 9969 9970 9971 9972 9973 9974 9975 9976 9977 9978 9980 9982 9983 9984 9986 9988 9989 9990 9992 9994 9995 9996 9997 9998 10001 10004 10005 10006 10007 10008 10009 10010 10011 10012 10029 10046 10047 10048 10049 10050 10052 10054 10055 10056 10057 10058 10061 10064 10065 10066 10067 10068 10070 10072 10073 10074 10075 10076 10079 10082 10083 10084 10085 10086 10087 10088 10089 10090 10104 10118 10119 10120 10121 10122 10124 10126 10127 10128 10129 10130 10132 10134 10135 10136 10137 10138 10141 10144 10145 10146 10147 10148 10150 10152 10153 10154 10155 10156 10159 10162 10163 10164 10165 10166 10167 10168 10169 10170 10187 10204 10205 10206 10207 10208 10209 10210 10211 10212 10213 10214 10215 10216 10217 10218 10221 10224 10225 10226 10227 10228 10230 10232 10233 10234 10235 10236 10239 10242 10243 10244 10245 10246 10247 10248 10249 10250 10258 10266 10267 10268 10276 10284 10285 10286 10287 10288 10290 10292 10293 10294 10295 10296 10299 10302 10303 10304 10305 10306 10308 10310 10311 10312 10313 10314 10317 10320 10321 10322 10323 10324 10325 10326 10327 10328 10336 10344 10345 10346 10357 10368 10369 10370 10371 10372 10375 10378 10379 10380 10381 10382 10384 10386 10387 10388 10389 10390 10393 10396 10397 10398 10399 10400 10401 10402 10403 10404 10421 10438 10439 10440 10441 10442 10443 10444 10445 10446 10447 10448 10449 10450 10451 10452 10453 10454 10456 10458 10460 10462 10465 10468 10469 10470 10471 10472 10475 10478 10479 10480 10481 10482 10483 10484 10485 10486 10500 10514 10515 10516 10517 10518 10520 10522 10523 10524 10525 10526 10528 10530 10531 10532 10533 10534 10537 10540 10541 10542 10543 10544 10546 10548 10549 10550 10551 10552 10555 10558 10559 10560 10561 10562 10563 10564 10565 10566 10574 10582 10583 10584 10595 10606 10607 10608 10609 10610 10613 10616 10617 10618 10619 10620 10622 10624 10625 10626 10627 10628 10631 10634 10635 10636 10637 10638 10639 10640 10641 10642 10662 10682 10683 10684 10685 10686 10689 10692 10693 10694 10695 10696 10698 10700 10701 10702 10703 10704 10707 10710 10711 10712 10713 10714 10715 10716 10717 10718 10738 10758 10759 10760 10761 10762 10765 10768 10769 10770 10771 10772 10774 10776 10777 10778 10779 10780 10783 10786 10787 10788 10789 10790 10791 10792 10793 10794 10801 10808 10809 10810 10811 10812 10818 10824 10825 10826 10827 10828 10830 10832 10833 10834 10835 10836 10837 10838 10839 10840 10841 10842 10843 10844 10845 10846 10849 10852 10853 10854 10855 10856 10858 10860 10861 10862 10863 10864 10867 10870 10871 10872 10873 10874 10875 10876 10877 10878 10892 10906 10907 10908 10909 10910 10913 10916 10917 10918 10919 10920 10921 10922 10923 10924 10925 10926 10929 10932 10933 10934 10935 10936 10938 10940 10941 10942 10943 10944 10947 10950 10951 10952 10953 10954 10955 10956 10957 10958 10966 10974 10975 10976 10984 10992 10993 10994 10995 10996 10998 11000 11001 11002 11003 11004 11007 11010 11011 11012 11013 11014 11016 11018 11019 11020 11021 11022 11025 11028 11029 11030 11031 11032 11033 11034 11035 11036 11056 11076 11077 11078 11079 11080 11081 11082 11084 11086 11088 11090 11091 11092 11093 11094 11096 11098 11099 11100 11101 11102 11105 11108 11109 11110 11111 11112 11113 11114 11115 11116 11133 11150 11151 11152 11153 11154 11156 11158 11159 11160 11161 11162 11163 11164 11166 11168 11169 11170 11172 11174 11175 11176 11178 11180 11181 11182 11183 11184 11187 11190 11191 11192 11193 11194 11195 11196 11197 11198 11205 11212 11213 11214 11215 11216 11217 11218 11229 11240 11241 11242 11243 11244 11245 11246 11248 11250 11252 11254 11255 11256 11257 11258 11260 11262 11263 11264 11265 11266 11269 11272 11273 11274 11275 11276 11277 11278 11279 11280 11297 11314 11315 11316 11317 11318 11320 11322 11323 11324 11325 11326 11329 11332 11333 11334 11335 11336 11338 11340 11341 11342 11343 11344 11347 11350 11351 11352 11353 11354 11355 11356 11357 11358 11372 11386 11387 11388 11389 11390 11392 11394 11395 11396 11397 11398 11400 11402 11403 11404 11405 11406 11409 11412 11413 11414 11415 11416 11418 11420 11421 11422 11423 11424 11427 11430 11431 11432 11433 11434 11435 11436 11437 11438 11455 11472 11473 11474 11475 11476 11478 11480 11481 11482 11483 11484 11487 11490 11491 11492 11493 11494 11496 11498 11499 11500 11501 11502 11505 11508 11509 11510 11511 11512 11513 11514 11515 11516 11520 11524 11525 11526 11527 11528 11540 11552 11553 11554 11555 11556 11558 11560 11561 11562 11563 11564 11567 11570 11571 11572 11573 11574 11576 11578 11579 11580 11581 11582 11584 11586 11587 11588 11589 11590 11591 11592 11593 11594 11595 11596 11597 11598 11607 11616 11627 11638 11639 11640 11641 11642 11645 11648 11649 11650 11651 11652 11654 11656 11657 11658 11659 11660 11663 11666 11667 11668 11669 11670 11671 11672 11673 11674 11688 11702 11708 11714 11715 11716 11717 11718 11719 11720 11722 11724 11726 11728 11729 11730 11731 11732 11734 11736 11737 11738 11739 11740 11743 11746 11747 11748 11749 11750 11751 11752 11753 11754 11763 11772 11773 11774 11779 11784 11785 11786 11787 11788 11790 11792 11795 11798 11799 11800 11801 11802 11803 11804 11806 11808 11810 11812 11813 11814 11815 11816 11818 11820 11821 11822 11823 11824 11827 11830 11831 11832 11833 11834 11835 11836 11837 11838 11855 11872 11873 11874 11875 11876 11878 11880 11881 11882 11883 11884 11887 11890 11891 11892 11893 11894 11896 11898 11899 11900 11901 11902 11904 11906 11907 11908 11909 11910 11911 11912 11913 11914 11915 11916 11917 11918 11935 11952 11953 11954 11955 11956 11958 11960 11961 11962 11963 11964 11967 11970 11971 11972 11973 11974 11976 11978 11979 11980 11981 11982 11985 11988 11989 11990 11991 11992 11993 11994 11995 11996 12010 12024 12025 12026 12027 12028 12033 12038 12039 12040 12041 12042 12045 12048 12049 12050 12051 12052 12054 12056 12057 12058 12059 12060 12063 12066 12067 12068 12069 12070 12071 12072 12073 12074 12094 12114 12115 12116 12117 12118 12121 12124 12125 12126 12127 12128 12130 12132 12133 12134 12135 12136 12139 12142 12143 12144 12145 12146 12147 12148 12149 12150 12170 12190 12191 12192 12193 12194 12197 12200 12201 12202 12203 12204 12206 12208 12209 12210 12211 12212 12215 12218 12219 12220 12221 12222 12223 12224 12225 12226 12240 12254 12255 12256 12257 12258 12260 12262 12263 12264 12265 12266 12268 12270 12271 12272 12273 12274 12277 12280 12281 12282 12283 12284 12286 12288 12289 12290 12291 12292 12295 12298 12299 12300 12301 12302 12303 12304 12305 12306 12311 12316 12317 12318 12319 12320 12328 12336 12337 12338 12339 12340 12345 12350 12351 12352 12353 12354 12355 12356 12358 12360 12362 12364 12367 12370 12371 12372 12373 12374 12377 12380 12381 12382 12383 12384 12385 12386 12387 12388 12396 12404 12405 12406 12417 12428 12429 12430 12431 12432 12433 12434 12436 12438 12440 12442 12443 12444 12445 12446 12448 12450 12451 12452 12453 12454 12457 12460 12461 12462 12463 12464 12465 12466 12467 12468 12485 12502 12503 12504 12505 12506 12507 12508 12509 12510 12511 12512 12513 12514 12515 12516 12518 12520 12522 12524 12525 12526 12527 12528 12530 12532 12533 12534 12535 12536 12539 12542 12543 12544 12545 12546 12547 12548 12549 12550 12567 12584 12585 12586 12587 12588 12590 12592 12593 12594 12595 12596 12602 12608 12609 12610 12611 12612 12614 12616 12617 12618 12619 12620 12621 12622 12623 12624 12625 12626 12627 12628 12633 12638 12639 12640 12641 12642 12650 12658 12659 12660 12661 12662 12667 12672 12673 12674 12675 12676 12679 12682 12683 12684 12685 12686 12688 12690 12691 12692 12693 12694 12697 12700 12701 12702 12703 12704 12705 12706 12707 12708 12725 12742 12743 12744 12745 12746 12748 12750 12751 12752 12753 12754 12755 12756 12758 12760 12762 12764 12767 12770 12771 12772 12773 12774 12777 12780 12781 12782 12783 12784 12785 12786 12787 12788 12802 12816 12817 12818 12819 12820 12822 12824 12825 12826 12827 12828 12830 12832 12833 12834 12835 12836 12837 12838 12840 12842 12844 12846 12847 12848 12849 12850 12852 12854 12855 12856 12857 12858 12861 12864 12865 12866 12867 12868 12869 12870 12871 12872 12892 12912 12913 12914 12915 12916 12917 12918 12920 12922 12924 12926 12927 12928 12929 12930 12932 12934 12935 12936 12937 12938 12939 12940 12943 12946 12947 12948 12949 12950 12951 12952 12953 12954 12968 12982 12983 12984 12985 12986 12988 12990 12991 12992 12993 12994 12996 12998 12999 13000 13001 13002 13005 13008 13009 13010 13011 13012 13014 13016 13017 13018 13019 13020 13021 13022 13025 13028 13029 13030 13031 13032 13033 13034 13035 13036 13053 13070 13071 13072 13073 13074 13076 13078 13079 13080 13081 13082 13083 13084 13086 13088 13090 13092 13093 13094 13095 13096 13098 13100 13101 13102 13103 13104 13107 13110 13111 13112 13113 13114 13115 13116 13117 13118 13138 13158 13159 13160 13161 13162 13165 13168 13169 13170 13171 13172 13174 13176 13177 13178 13179 13180 13183 13186 13187 13188 13189 13190 13191 13192 13193 13194 13214 13234 13235 13236 13237 13238 13241 13244 13245 13246 13247 13248 13250 13252 13253 13254 13255 13256 13259 13262 13263 13264 13265 13266 13267 13268 13269 13270 13278 13286 13287 13288 13299 13310 13311 13312 13313 13314 13315 13316 13318 13320 13322 13324 13325 13326 13327 13328 13330 13332 13333 13334 13335 13336 13339 13342 13343 13344 13345 13346 13347 13348 13349 13350 13364 13378 13379 13380 13381 13382 13384 13386 13387 13388 13389 13390 13392 13394 13395 13396 13397 13398 13404 13410 13411 13412 13413 13414 13417 13420 13421 13422 13423 13424 13425 13426 13427 13428 13448 13468 13469 13470 13471 13472 13475 13478 13479 13480 13481 13482 13484 13486 13487 13488 13489 13490 13493 13496 13497 13498 13499 13500 13501 13502 13503 13504 13510 13516 13517 13518 13519 13520 13533 13546 13547 13548 13549 13550 13556 13562 13563 13564 13565 13566 13569 13572 13573 13574 13575 13576 13577 13578 13579 13580 13594 13608 13609 13610 13611 13612 13614 13616 13617 13618 13619 13620 13622 13624 13625 13626 13627 13628 13629 13630 13632 13634 13636 13638 13639 13640 13641 13642 13644 13646 13647 13648 13649 13650 13653 13656 13657 13658 13659 13660 13661 13662 13663 13664 13681 13698 13699 13700 13701 13702 13704 13706 13707 13708 13709 13710 13713 13716 13717 13718 13719 13720 13722 13724 13725 13726 13727 13728 13731 13734 13735 13736 13737 13738 13739 13740 13741 13742 13762 13782 13783 13784 13785 13786 13787 13788 13790 13792 13794 13796 13797 13798 13799 13800 13802 13804 13805 13806 13807 13808 13811 13814 13815 13816 13817 13818 13819 13820 13821 13822 13836 13850 13851 13852 13853 13854 13859 13864 13865 13866 13867 13868 13869 13870 13872 13874 13876 13878 13881 13884 13885 13886 13887 13888 13891 13894 13895 13896 13897 13898 13899 13900 13901 13902 13916 13930 13931 13932 13933 13934 13939 13944 13945 13946 13947 13948 13954 13960 13961 13962 13963 13964 13967 13970 13971 13972 13973 13974 13975 13976 13977 13978 13992 14006 14007 14008 14009 14010 14015 14020 14021 14022 14023 14024 14025 14026 14028 14030 14032 14034 14035 14036 14037 14038 14040 14042 14043 14044 14045 14046 14049 14052 14053 14054 14055 14056 14057 14058 14059 14060 14068 14076 14077 14078 14083 14088 14089 14090 14091 14092 14094 14096 14099 14102 14103 14104 14105 14106 14112 14118 14119 14120 14121 14122 14125 14128 14129 14130 14131 14132 14133 14134 14135 14136 14156 14176 14177 14178 14179 14180 14183 14186 14187 14188 14189 14190 14192 14194 14195 14196 14197 14198 14201 14204 14205 14206 14207 14208 14230 14252 14253 14254 14255 14256 14262 14268 14269 14270 14271 14272 14275 14278 14279 14280 14281 14282 14283 14284 14285 14286 14292 14298 14299 14300 14301 14302 14303 14304 14305 14306 14314 14322 14323 14324 14325 14326 14328 14330 14331 14332 14333 14334 14335 14336 14338 14340 14341 14342 14344 14346 14347 14348 14350 14352 14353 14354 14355 14356 14359 14362 14363 14364 14365 14366 14367 14368 14369 14370 14387 14404 14405 14406 14407 14408 14410 14412 14413 14414 14415 14416 14419 14422 14423 14424 14425 14426 14428 14430 14431 14432 14433 14434 14437 14440 14441 14442 14443 14444 14445 14446 14447 14448 14468 14488 14489 14490 14491 14492 14493 14494 14496 14498 14499 14500 14502 14504 14505 14506 14508 14510 14511 14512 14513 14514 14517 14520 14521 14522 14523 14524 14525 14526 14527 14528 14542 14556 14557 14558 14559 14560 14562 14564 14565 14566 14567 14568 14570 14572 14573 14574 14575 14576 14577 14578 14580 14582 14584 14586 14589 14592 14593 14594 14595 14596 14599 14602 14603 14604 14605 14606 14607 14608 14609 14610 14627 14644 14645 14646 14647 14648 14650 14652 14653 14654 14655 14656 14657 14658 14660 14662 14664 14666 14669 14672 14673 14674 14675 14676 14679 14682 14683 14684 14685 14686 14687 14688 14689 14690 14707 14724 14725 14726 14727 14728 14730 14732 14733 14734 14735 14736 14739 14742 14743 14744 14745 14746 14748 14750 14751 14752 14753 14754 14757 14760 14761 14762 14763 14764 14765 14766 14767 14768 14785 14802 14803 14804 14805 14806 14808 14810 14811 14812 14813 14814 14815 14816 14818 14820 14822 14824 14825 14826 14827 14828 14830 14832 14833 14834 14835 14836 14839 14842 14843 14844 14845 14846 14847 14848 14849 14850 14867 14884 14887 14890 14891 14892 14893 14894 14900 14906 14907 14908 14909 14910 14913 14916 14917 14918 14919 14920 14921 14922 14923 14924 14944 14964 14965 14966 14967 14968 14971 14974 14975 14976 14977 14978 14986 14994 14995 14996 15013 15030 15031 15032 15033 15034 15036 15038 15039 15040 15041 15042 15045 15048 15049 15050 15051 15052 15054 15056 15057 15058 15059 15060 15063 15066 15067 15068 15069 15070 15071 15072 15073 15074 15091 15108 15109 15110 15111 15112 15114 15116 15117 15118 15119 15120 15121 15122 15124 15126 15127 15128 15130 15132 15133 15134 15136 15138 15139 15140 15141 15142 15145 15148 15149 15150 15151 15152 15153 15154 15155 15156 15176 15196 15197 15198 15199 15200 15203 15206 15207 15208 15209 15210 15212 15214 15215 15216 15217 15218 15221 15224 15225 15226 15227 15228 15229 15230 15231 15232 15252 15272 15273 15274 15275 15276 15279 15282 15283 15284 15285 15286 15288 15290 15291 15292 15293 15294 15297 15300 15301 15302 15303 15304 15305 15306 15307 15308 15316 15324 15325 15326 15337 15348 15349 15350 15351 15352 15355 15358 15359 15360 15361 15362 15364 15366 15367 15368 15369 15370 15373 15376 15377 15378 15379 15380 15381 15382 15383 15384 15404 15424 15425 15426 15427 15428 15431 15434 15435 15436 15437 15438 15440 15442 15443 15444 15445 15446 15449 15452 15453 15454 15455 15456 15457 15458 15459 15460 15474 15488 15489 15490 15491 15492 15497 15502 15503 15504 15505 15506 15507 15508 15510 15512 15513 15514 15516 15518 15519 15520 15522 15524 15525 15526 15527 15528 15531 15534 15535 15536 15537 15538 15539 15540 15541 15542 15559 15576 15577 15578 15579 15580 15582 15584 15585 15586 15587 15588 15591 15594 15595 15596 15597 15598 15600 15602 15603 15604 15605 15606 15609 15612 15613 15614 15615 15616 15617 15618 15619 15620 15628 15636 15637 15638 15649 15660 15661 15662 15663 15664 15665 15666 15668 15670 15671 15672 15674 15676 15677 15678 15680 15682 15683 15684 15685 15686 15689 15692 15693 15694 15695 15696 15697 15698 15699 15700 15714 15728 15729 15730 15731 15732 15737 15742 15743 15744 15745 15746 15747 15748 15750 15752 15754 15756 15759 15762 15763 15764 15765 15766 15769 15772 15773 15774 15775 15776 15777 15778 15779 15780 15785 15790 15791 15792 15793 15794 15805 15816 15819 15822 15823 15824 15825 15826 15829 15832 15833 15834 15835 15836 15838 15840 15841 15842 15843 15844 15847 15850 15851 15852 15853 15854 15855 15856 15857 15858 15875 15892 15893 15894 15895 15896 15898 15900 15901 15902 15903 15904 15905 15906 15908 15910 15911 15912 15914 15916 15917 15918 15920 15922 15923 15924 15925 15926 15929 15932 15933 15934 15935 15936 15937 15938 15939 15940 15957 15974 15975 15976 15977 15978 15979 15980 15981 15982 15983 15984 15985 15986 15992 15998 15999 16000 16001 16002 16005 16008 16009 16010 16011 16012 16013 16014 16015 16016 16040 16064 16065 16066 16067 16068 16070 16072 16073 16074 16075 16076 16079 16082 16083 16084 16085 16086 16087 16088 16089 16090 16110 16130 16131 16132 16133 16134 16137 16140 16141 16142 16143 16144 16146 16148 16149 16150 16151 16152 16155 16158 16159 16160 16161 16162 16184 16206 16207 16208 16209 16210 16216 16222 16223 16224 16225 16226 16229 16232 16233 16234 16235 16236 16237 16238 16239 16240 16257 16274 16275 16276 16277 16278 16280 16282 16283 16284 16285 16286 16292 16298 16299 16300 16301 16302 16305 16308 16309 16310 16311 16312 16313 16314 16315 16316 16317 16318 16338 16358 16359 16360 16361 16362 16368 16374 16375 16376 16377 16378 16381 16384 16385 16386 16387 16388 16389 16390 16391 16392 16412 16432 16433 16434 16435 16436 16439 16442 16443 16444 16445 16446 16448 16450 16451 16452 16453 16454 16457 16460 16461 16462 16463 16464 16465 16466 16467 16468 16485 16502 16503 16504 16505 16506 16508 16510 16511 16512 16513 16514 16517 16520 16521 16522 16523 16524 16526 16528 16529 16530 16531 16532 16535 16538 16539 16540 16541 16542 16543 16544 16545 16546 16566 16586 16587 16588 16589 16590 16596 16602 16603 16604 16605 16606 16609 16612 16613 16614 16615 16616 16617 16618 16619 16620 16640 16660 16661 16662 16663 16664 16670 16676 16677 16678 16679 16680 16683 16686 16687 16688 16689 16690 16691 16692 16693 16694 16702 16710 16711 16712 16720 16728 16729 16730 16731 16732 16734 16736 16737 16738 16739 16740 16741 16742 16744 16746 16748 16750 16753 16756 16757 16758 16759 16760 16763 16766 16767 16768 16769 16770 16771 16772 16773 16774 16791 16808 16811 16814 16815 16816 16817 16818 16819 16820 16822 16824 16825 16826 16828 16830 16831 16832 16834 16836 16837 16838 16839 16840 16843 16846 16847 16848 16849 16850 16851 16852 16853 16854 16874 16894 16895 16896 16897 16898 16899 16900 16902 16904 16906 16908 16911 16914 16915 16916 16917 16918 16921 16924 16925 16926 16927 16928 16929 16930 16931 16932 16949 16966 16967 16968 16969 16970 16972 16974 16975 16976 16977 16978 16981 16984 16985 16986 16987 16988 16990 16992 16993 16994 16995 16996 16999 17002 17003 17004 17005 17006 17007 17008 17009 17010 17027 17044 17045 17046 17047 17048 17050 17052 17053 17054 17055 17056 17059 17062 17063 17064 17065 17066 17068 17070 17071 17072 17073 17074 17077 17080 17081 17082 17083 17084 17085 17086 17087 17088 17102 17116 17117 17118 17119 17120 17122 17124 17125 17126 17127 17128 17130 17132 17133 17134 17135 17136 17139 17142 17143 17144 17145 17146 17148 17150 17151 17152 17153 17154 17157 17160 17161 17162 17163 17164 17165 17166 17167 17168 17188 17208 17209 17210 17211 17212 17215 17218 17219 17220 17221 17222 17224 17226 17227 17228 17229 17230 17233 17236 17237 17238 17239 17240 17241 17242 17243 17244 17264 17284 17285 17286 17287 17288 17294 17300 17301 17302 17303 17304 17307 17310 17311 17312 17313 17314 17315 17316 17317 17318 17319 17320 17321 17322 17323 17324 17342 17360 17361 17362 17363 17364 17370 17376 17377 17378 17379 17380 17383 17386 17387 17388 17389 17390 17391 17392 17393 17394 17411 17428 17429 17430 17431 17432 17434 17436 17437 17438 17439 17440 17446 17452 17453 17454 17455 17456 17459 17462 17463 17464 17465 17466 17467 17468 17469 17470 17484 17498 17499 17500 17501 17502 17507 17512 17513 17514 17515 17516 17519 17522 17523 17524 17525 17526 17528 17530 17531 17532 17533 17534 17537 17540 17541 17542 17543 17544 17545 17546 17547 17548 17568 17588 17589 17590 17591 17592 17595 17598 17599 17600 17601 17602 17604 17606 17607 17608 17609 17610 17613 17616 17617 17618 17619 17620 17621 17622 17623 17624 17632 17640 17641 17642 17653 17664 17665 17666 17667 17668 17674 17680 17681 17682 17683 17684 17687 17690 17691 17692 17693 17694 17695 17696 17697 17698 17712 17726 17727 17728 17729 17730 17735 17740 17741 17742 17743 17744 17747 17750 17751 17752 17753 17754 17756 17758 17759 17760 17761 17762 17765 17768 17769 17770 17771 17772 17773 17774 17775 17776 17796 17816 17817 17818 17819 17820 17826 17832 17833 17834 17835 17836 17839 17842 17843 17844 17845 17846 17847 17848 17849 17850 17870 17890 17891 17892 17893 17894 17900 17906 17907 17908 17909 17910 17913 17916 17917 17918 17919 17920 17921 17922 17923 17924 17944 17964 17965 17966 17967 17968 17971 17974 17975 17976 17977 17978 17980 17982 17983 17984 17985 17986 17989 17992 17993 17994 17995 17996 17997 17998 17999 18000 18020 18040 18041 18042 18043 18044 18050 18056 18057 18058 18059 18060 18063 18066 18067 18068 18069 18070 18071 18072 18073 18074 18094 18114 18115 18116 18117 18118 18119 18120 18122 18124 18126 18128 18131 18134 18135 18136 18137 18138 18141 18144 18145 18146 18147 18148 18149 18150 18151 18152 18169 18186 18189 18192 18193 18194 18195 18196 18202 18208 18209 18210 18211 18212 18217 18222 18223 18224 18244 18264 18265 18266 18267 18268 18271 18274 18275 18276 18277 18278 18280 18282 18283 18284 18285 18286 18289 18292 18293 18294 18295 18296 18297 18298 18299 18300 18320 18340 18341 18342 18343 18344 18345 18346 18348 18350 18352 18354 18355 18356 18357 18358 18360 18362 18363 18364 18365 18366 18369 18372 18373 18374 18375 18376 18377 18378 18379 18380 18385 18390 18391 18392 18393 18394 18405 18416 18419 18422 18423 18424 18425 18426 18429 18432 18433 18434 18435 18436 18438 18440 18441 18442 18443 18444 18447 18450 18451 18452 18453 18454 18476 18498 18499 18500 18501 18502 18508 18514 18515 18516 18517 18518 18521 18524 18525 18526 18527 18528 18529 18530 18531 18532 18546 18560 18561 18562 18563 18564 18569 18574 18575 18576 18577 18578 18584 18590 18591 18592 18593 18594 18597 18600 18601 18602 18603 18604 18605 18606 18607 18608 18632 18656 18657 18658 18659 18660 18662 18664 18665 18666 18667 18668 18671 18674 18675 18676 18677 18678 18679 18680 18681 18682 18699 18716 18717 18718 18719 18720 18722 18724 18725 18726 18727 18728 18729 18730 18732 18734 18736 18738 18741 18744 18745 18746 18747 18748 18751 18754 18755 18756 18757 18758 18759 18760 18761 18762 18782 18802 18803 18804 18805 18806 18809 18812 18813 18814 18815 18816 18818 18820 18821 18822 18823 18824 18827 18830 18831 18832 18833 18834 18835 18836 18837 18838 18855 18872 18873 18874 18875 18876 18878 18880 18881 18882 18883 18884 18890 18896 18897 18898 18899 18900 18903 18906 18907 18908 18909 18910 18911 18912 18913 18914 18934 18954 18955 18956 18957 18958 18961 18964 18965 18966 18967 18968 18970 18972 18973 18974 18975 18976 18979 18982 18983 18984 18985 18986 18987 18988 18989 18990 19010 19030 19031 19032 19033 19034 19037 19040 19041 19042 19043 19044 19046 19048 19049 19050 19051 19052 19055 19058 19059 19060 19061 19062 19084 19106 19107 19108 19109 19110 19116 19122 19123 19124 19125 19126 19129 19132 19133 19134 19135 19136 19155 19174 19175 19176 19177 19178 19180 19182 19183 19184 19185 19186 19192 19198 19199 19200 19201 19202 19205 19208 19209 19210 19211 19212 19213 19214 19215 19216 19234 19252 19253 19254 19255 19256 19257 19258 19259 19260 19261 19262 19268 19274 19275 19276 19277 19278 19281 19284 19285 19286 19287 19288 19289 19290 19291 19292 19309 19326 19327 19328 19329 19330 19332 19334 19335 19336 19337 19338 19344 19350 19351 19352 19353 19354 19357 19360 19361 19362 19363 19364 19365 19366 19367 19368 19390 19412 19414 19416 19418 19420 19423 19426 19427 19428 19429 19430 19433 19436 19437 19438 19439 19440 19441 19442 19443 19444 19461 19478 19481 19484 19485 19486 19487 19488 19494 19500 19501 19502 19503 19504 19507 19510 19511 19512 19513 19514 19515 19516 19517 19518 19538 19558 19559 19560 19561 19562 19563 19564 19565 19566 19567 19568 19569 19570 19571 19572 19573 19574 19575 19576 19578 19580 19581 19582 19583 19584 19587 19590 19591 19592 19593 19594 19616 19638 19639 19640 19641 19642 19645 19648 19649 19650 19651 19652 19654 19656 19657 19658 19659 19660 19663 19666 19667 19668 19669 19670 19671 19672 19673 19674 19694 19714 19715 19716 19717 19718 19724 19730 19731 19732 19733 19734 19737 19740 19741 19742 19743 19744 19745 19746 19747 19748 19765 19782 19783 19784 19785 19786 19788 19790 19791 19792 19793 19794 19800 19806 19807 19808 19809 19810 19813 19816 19817 19818 19819 19820 19821 19822 19823 19824 19844 19864 19865 19866 19867 19868 19869 19870 19872 19874 19876 19878 19879 19880 19881 19882 19884 19886 19887 19888 19889 19890 19893 19896 19897 19898 19899 19900 19919 19938 20070 20070 20176 3703 4430
0 181 362 363 364 365 366 380 394 395 396 413 430 431 432 433 434 436 438 439 440 441 442 448 454 455 456 457 458 461 464 465 466 467 468 469 470 471 472 480 488 497 506 507 508 509 510 512 514 515 516 517 518 524 530 531 532 533 534 537 540 541 542 543 544 545 546 547 548 556 564 576 588 589 590 591 592 595 598 599 600 601 602 604 606 607 608 609 610 613 616 617 618 619 620 621 622 623 624 641 658 659 660 661 662 664 666 667 668 669 670 676 682 683 684 685 686 689 692 693 694 695 696 697 698 699 700 717 734 735 736 737 738 740 742 743 744 745 746 752 758 759 760 761 762 765 768 769 770 771 772 773 774 775 776 793 810 811 812 813 814 816 818 819 820 821 822 825 828 829 830 831 832 834 836 837 838 839 840 843 846 847 848 849 850 851 852 853 854 861 868 869 870 871 872 881 890 891 892 893 894 896 898 899 900 901 902 908 914 915 916 917 918 921 924 925 926 927 928 929 930 931 932 949 966 967 968 969 970 972 974 975 976 977 978 981 984 985 986 987 988 990 992 993 994 995 996 999 1002 1003 1004 1005 1006 1007 1008 1009 1010 1027 1044 1045 1046 1047 1048 1050 1052 1053 1054 1055 1056 1059 1062 1063 1064 1065 1066 1068 1070 1071 1072 1073 1074 1077 1080 1081 1082 1083 1084 1085 1086 1087 1088 1105 1122 1123 1124 1125 1126 1127 1128 1129 1130 1131 1132 1133 1134 1135 1136 1139 1142 1143 1144 1145 1146 1148 1150 1151 1152 1153 1154 1157 1160 1161 1162 1163 1164 1165 1166 1167 1168 1188 1208 1209 1210 1211 1212 1213 1214 1216 1218 1220 1222 1225 1228 1229 1230 1231 1232 1235 1238 1239 1240 1241 1242 1243 1244 1245 1246 1263 1280 1281 1282 1283 1284 1286 1288 1289 1290 1291 1292 1295 1298 1299 1300 1301 1302 1304 1306 1307 1308 1309 1310 1313 1316 1317 1318 1319 1320 1321 1322 1323 1324 1344 1364 1365 1366 1367 1368 1371 1374 1375 1376 1377 1378 1380 1382 1383 1384 1385 1386 1389 1392 1393 1394 1395 1396 1397 1398 1399 1400 1417 1434 1435 1436 1437 1438 1440 1442 1443 1444 1445 1446 1449 1452 1453 1454 1455 1456 1458 1460 1461 1462 1463 1464 1467 1470 1471 1472 1473 1474 1475 1476 1477 1478 1495 1512 1513 1514 1515 1516 1518 1520 1521 1522 1523 1524 1527 1530 1531 1532 1533 1534 1536 1538 1539 1540 1541 1542 1545 1548 1549 1550 1551 1552 1553 1554 1555 1556 1573 1590 1591 1592 1593 1594 1596 1598 1599 1600 1601 1602 1608 1614 1615 1616 1617 1618 1621 1624 1625 1626 1627 1628 1629 1630 1631 1632 1649 1666 1667 1668 1669 1670 1672 1674 1675 1676 1677 1678 1681 1684 1685 1686 1687 1688 1690 1692 1693 1694 1695 1696 1699 1702 1703 1704 1705 1706 1707 1708 1709 1710 1730 1750 1751 1752 1753 1754 1760 1766 1767 1768 1769 1770 1773 1776 1777 1778 1779 1780 1781 1782 1783 1784 1801 1818 1819 1820 1821 1822 1823 1824 1825 1826 1827 1828 1829 1830 1831 1832 1835 1838 1839 1840 1841 1842 1844 1846 1847 1848 1849 1850 1853 1856 1857 1858 1859 1860 1861 1862 1863 1864 1881 1898 1899 1900 1901 1902 1904 1906 1907 1908 1909 1910 1913 1916 1917 1918 1919 1920 1922 1924 1925 1926 1927 1928 1931 1934 1935 1936 1937 1938 1939 1940 1941 1942 1962 1982 1983 1984 1985 1986 1989 1992 1993 1994 1995 1996 1998 2000 2001 2002 2003 2004 2009 2014 2015 2016 2036 2056 2057 2058 2059 2060 2063 2066 2067 2068 2069 2070 2072 2074 2075 2076 2077 2078 2081 2084 2085 2086 2087 2088 2089 2090 2091 2092 2106 2120 2121 2122 2123 2124 2126 2128 2129 2130 2131 2132 2134 2136 2137 2138 2139 2140 2143 2146 2147 2148 2149 2150 2152 2154 2155 2156 2157 2158 2161 2164 2165 2166 2167 2168 2169 2170 2171 2172 2180 2188 2197 2206 2207 2208 2209 2210 2212 2214 2215 2216 2217 2218 2221 2224 2225 2226 2227 2228 2230 2232 2233 2234 2235 2236 2239 2242 2243 2244 2245 2246 2247 2248 2249 2250 2257 2264 2265 2266 2299 2332 2333 2334 2340 2346 2347 2348 2349 2350 2352 2354 2355 2356 2362 2368 2369 2370 2372 2374 2375 2376 2377 2378 2381 2384 2385 2386 2387 2388 2390 2392 2393 2394 2395 2396 2399 2402 2403 2404 2405 2406 2407 2408 2409 2410 2424 2438 2439 2440 2441 2442 2444 2446 2447 2448 2449 2450 2452 2454 2455 2456 2457 2458 2461 2464 2465 2466 2467 2468 2470 2472 2473 2474 2475 2476 2479 2482 2483 2484 2485 2486 2487 2488 2489 2490 2494 2498 2499 2500 2504 2508 2517 2526 2527 2528 2529 2530 2532 2534 2535 2536 2537 2538 2541 2544 2545 2546 2547 2548 2550 2552 2553 2554 2555 2556 2559 2562 2563 2564 2565 2566 2567 2568 2569 2570 2578 2586 2592 2598 2606 2614 6317 6317 9123 181 203
0 182 364 365 366 367 368 469 570 571 572 573 574 856 1138 1139 1140 1141 1142 1161 1180 1181 1182 1183 1184 1248 1312 1313 1314 1315 1316 1404 1492 1493 1494 1495 1496 1555 1614 1615 1616 1617 1618 1623 1628 1629 1630 1631 1632 1641 1650 1651 1652 1653 1654 1694 1734 1735 1736 1737 1738 1937 2136 2137 2138 2139 2140 2225 2310 2311 2312 2313 2314 2383 2452 2453 2454 2638 2638 2802 182 260
0 194 388 389 390 391 392 394 396 397 398 399 400 543 686 687 688 689 690 709 728 729 730 731 732 765 798 799 800 801 802 874 946 948 950 951 952 953 954 955 956 957 958 959 960 961 962 963 964 965 966 969 972 973 974 975 976 977 978 982 986 1015 1044 1045 1046 1047 1048 1147 1246 1255 1264 1410 1410 1455 194 341
0 187 374 375 376 377 378 383 388 389 390 391 392 428 464 465 466 467 468 475 482 483 484 485 486 565 644 645 646 647 648 686 724 725 726 727 728 805 882 883 884 885 886 977 1068 1069 1070 1071 1072 1125 1178 1179 1180 1181 1182 1220 1258 1259 1260 1261 1262 1349 1436 1437 1438 1439 1440 1494 1548 1549 1550 1551 1552 1616 1680 1681 1682 1683 1684 1778 1872 1873 1874 1875 1876 1955 2034 2035 2036 2037 2038 2041 2044 2045 2046 2047 2048 2098 2148 2149 2150 2151 2152 2165 2178 2179 2180 2181 2182 2467 2467 2706 187 322
0 450 900 901 902 903 904 1053 1202 1203 1204 1205 1206 1369 1532 1533 1534 1535 1536 1569 1602 1603 1604 1605 1606 1607 1608 1609 1610 1611 1612 1660 1708 1709 1710 1711 1712 1715 1718 1719 1720 1721 1722 1794 1866 1867 1868 1869 1870 2015 2160 2161 2162 2163 2164 2363 2562 2563 2564 2565 2566 2973 3380 3381 3382 3383 3384 3401 3418 3419 3420 3421 3422 3609 3796 3797 3798 3799 3800 3939 4078 4079 4080 4081 4082 4388 4694 4695 4696 4697 4698 5015 5332 5333 5334 5335 5336 5470 5604 5606 5608 5949 6290 6291 6292 6293 6294 6936 7578 7579 7580 7581 7582 7585 7588 7589 7590 7591 7592 7611 7630 7631 7632 7633 7634 7712 7790 7791 7792 7793 7794 7846 7898 7899 7900 7901 7902 7922 7942 7943 7944 7945 7946 8080 8214 8215 8216 8217 8218 8260 8302 8303 8304 8305 8306 8329 8352 8353 8354 8355 8356 8441 8526 8527 8528 8529 8530 8603 8676 8677 8678 8679 8680 8955 9230 9231 9232 9331 9430 9431 9432 9433 9434 9584 9734 9735 9736 9737 9738 9775 9812 9813 9814 9815 9816 9821 9826 9847 9868 9869 9870 9871 9872 9889 9906 9907 9908 9909 9910 9947 9984 9985 9986 9987 9988 10065 10142 10146 10150 10154 10158 10162 10166 10175 10184 10188 10192 10196 10200 10204 10208 10212 10216 10217 10218 10219 10220 10221 10222 10226 10230 10231 10232 10233 10234 10468 10702 10703 10704 10705 10706 10952 11198 11199 11200 11201 11202 11599 11996 11997 11998 11999 12000 12152 12304 12305 12306 12307 12308 12409 12510 12512 12514 12528 12542 12617 12692 12693 12694 12695 12696 12705 12714 12715 12716 12717 12718 13157 13157 13568 450 681
0 1438 2876 2877 2878 3316 3754 3760 3766 3767 3768 3769 3770 3771 3772 4047 4322 4323 4324 4325 4326 4334 4342 4446 4550 4551 4552 4553 4554 4630 4706 4707 4708 4709 4710 4824 4938 4939 4940 4941 4942 5040 5138 5195 5252 5253 5254 5255 5256 5429 5602 5603 5604 5605 5606 5610 5614 5615 5616 5617 5618 5745 5872 5873 5874 5875 5876 6002 6128 6129 6130 6131 6132 6141 6150 6151 6152 6153 6154 6239 6324 6325 6326 6339 6352 6353 6354 6355 6356 6375 6394 6395 6396 6397 6398 6445 6492 6493 6494 6495 6496 6552 6608 6609 6610 6611 6612 6613 6614 6615 6616 6617 6618 6779 6940 6941 6942 6943 6944 6946 6948 6950 6952 6964 6976 6977 6978 6979 6980 7034 7088 7089 7090 7091 7092 7095 7098 7099 7100 7101 7102 7112 7122 7123 7124 7125 7126 7210 7294 7295 7296 7297 7298 7350 7402 7403 7404 7405 7406 7472 7538 7539 7540 7541 7542 7556 7570 7571 7572 7573 7574 7594 7614 7615 7616 7656 7696 7697 7698 7699 7700 7750 7800 7801 7802 7803 7804 7832 7860 7861 7862 7863 7864 7888 7912 7913 7914 7915 7916 7946 7976 7978 7980 7982 7984 8003 8022 8023 8024 8025 8026 8174 8322 8323 8324 8325 8326 8333 8340 8724 9108 9109 9110 9111 9112 9410 9708 9721 9734 9735 9736 9737 9738 9808 9878 9879 9880 9881 9882 9984 10086 10087 10088 10089 10090 10092 10094 10095 10096 10097 10098 10138 10178 10189 10200 10201 10202 10203 10204 10251 10298 10299 10300 10301 10302 10360 10418 10419 10420 10421 10422 10583 10744 10745 10746 10747 10748 10764 10780 10781 10782 10783 10784 10806 10828 10829 10830 10831 10832 10963 11094 11095 11096 11097 11098 11155 11212 11213 11214 11215 11216 11275 11334 11335 11336 11337 11338 11375 11412 11413 11414 11425 11436 11437 11438 11439 11440 11468 11496 11497 11498 11499 11500 11531 11562 11563 11564 11565 11566 11584 11602 11603 11604 11605 11606 11607 11608 11609 11610 11637 11664 11665 11666 11667 11668 11692 11716 11717 11718 11719 11720 11750 11780 11782 11784 11786 11788 11807 11826 11827 11828 11829 11830 11886 11942 11943 11944 11945 11946 12070 12194 12204 12214 12215 12216 12217 12218 12272 12326 12327 12328 12329 12330 12458 12586 12587 12588 12589 12590 12731 12872 12873 12874 12875 12876 12894 12912 12913 12914 12915 12916 13243 13570 13578 13586 13637 13688 13689 13690 13691 13692 13719 13746 13747 13748 13749 13750 13759 13768 13769 13770 13771 13772 13836 13900 13901 13902 13903 13904 13906 13908 13909 13910 13911 13912 13943 13974 13975 13976 13977 13978 14102 14226 14227 14228 14229 14230 14286 14342 14343 14344 14345 14346 14492 14638 14639 14640 14641 14642 14664 14686 14687 14688 14689 14690 14713 14736 14737 14738 14739 14740 14882 15024 15025 15026 15027 15028 15070 15112 15113 15114 15115 15116 15134 15152 15153 15154 15155 15156 15253 15350 15351 15352 15353 15354 15422 15490 15491 15492 15495 15498 15501 15504 15507 15510 15511 15512 15513 15514 15515 15516 15517 15518 15521 15524 15527 15530 15531 15532 15535 15538 15539 15540 15557 15574 15575 15576 15577 15578 15582 15586 15587 15588 15589 15590 15598 15606 15607 15608 15609 15610 15621 15632 15804 15976 15988 16000 16001 16002 16003 16004 16005 16006 16007 16008 16009 16010 16016 16022 16025 16028 16031 16034 16050 16066 16067 16068 16069 16070 16074 16078 16080 16082 16083 16084 16086 16088 16089 16090 16100 16110 16111 16112 16113 16114 16117 16120 16121 16122 16123 16124 16126 16128 16129 16130 16131 16132 16133 16134 16142 16150 16151 16152 16153 16154 16155 16156 16158 16160 16162 16164 16170 16176 16177 16178 16179 16180 16182 16184 16185 16186 16187 16188 16190 16192 16193 16194 16195 16196 16199 16202 16203 16204 16205 16206 16216 16226 16227 16228 16229 16230 16235 16240 16241 16242 16243 16244 16245 16246 16247 16248 16249 16250 16251 16252 16253 16254 16255 16256 16259 16262 16264 16266 16268 16270 16272 16274 16275 16276 16277 16278 16280 16282 16283 16284 16285 16286 16294 16302 16303 16304 16305 16306 16317 16328 16329 16330 16331 16332 16333 16334 16335 16336 16337 16338 16339 16340 16342 16344 16346 16348 16352 16356 16357 16358 16359 16360 16362 16364 16365 16366 16367 16368 16369 16370 16371 16372 16373 16374 16377 16380 16382 16384 16386 16388 16389 16390 16391 16392 16393 16394 16402 16410 16411 16412 16413 16414 16415 16416 16418 16420 16423 16426 16427 16428 16429 16430 16441 16452 16453 16454 16455 16456 16458 16460 16461 16462 16463 16464 16465 16466 16467 16468 16469 16470 16471 16472 16483 16494 16495 16496 16497 16498 16499 16500 16501 16502 16503 16504 16510 16516 16518 16520 16522 16524 16531 16538 16539 16540 16541 16542 16543 16544 16546 16548 16550 16552 16554 16556 16557 16558 16559 16560 16562 16564 16565 16566 16567 16568 16573 16578 16580 16582 16584 16586 16593 16600 16601 16602 16603 16604 16605 16606 16607 16608 16620 16632 16633 16634 16635 16636 16643 16650 16651 16652 16653 16654 16655 16656 16657 16658 16659 16660 16661 16662 16663 16664 16665 16666 16667 16668 16669 16670 16673 16676 16677 16678 16679 16680 16682 16684 16685 16686 16687 16688 16691 16694 16695 16696 16697 16698 16700 16702 16703 16704 16705 16706 16707 16708 16877 17046 17055 17064 17065 17066 17067 17068 17081 17094 17095 17096 17097 17098 17104 17110 17111 17112 17113 17114 17115 17116 17117 17118 17119 17120 17129 17138 17139 17140 17142 17144 17145 17146 17147 17148 17156 17164 17165 17166 17167 17168 17170 17172 17173 17174 17175 17176 17177 17178 17179 17180 17181 17182 17185 17188 17189 17190 17191 17192 17196 17200 17201 17202 17203 17204 17208 17212 17213 17214 17215 17216 17218 17220 17221 17222 17223 17224 17229 17234 17235 17236 17237 17238 17240 17242 17243 17244 17245 17246 17247 17248 17249 17250 17251 17252 17254 17256 17258 17260 17262 17264 17265 17266 17267 17268 17269 17270 17279 17288 17289 17290 17291 17292 17295 17298 17299 17300 17301 17302 17304 17306 17308 17310 17312 17314 17321 17328 17329 17330 17331 17332 17333 17334 17335 17336 17337 17338 17339 17340 17341 17342 17343 17344 17349 17354 17356 17358 17360 17362 17366 17370 17371 17372 17373 17374 17382 17390 17391 17392 17393 17394 17405 17416 17418 17420 17422 17424 17426 17428 17429 17430 17431 17432 17435 17438 17439 17440 17441 17442 17444 17446 17447 17448 17449 17450 17453 17456 17457 17458 17459 17460 17471 17482 17483 17484 17485 17486 17499 17512 17513 17514 17515 17516 17517 17518 17519 17520 17525 17530 17531 17532 17533 17534 17556 17578 17579 17580 17581 17582 17583 17584 17585 17586 17587 17588 17596 17604 17607 17610 17613 17616 17617 17618 17619 17620 17621 17622 17623 17624 17625 17626 17627 17628 17631 17634 17635 17636 17637 17638 17641 17644 17645 17646 17647 17648 17651 17654 17655 17656 17657 17658 17666 17674 17676 17678 17680 17682 17687 17692 17693 17694 17695 17696 17700 17704 17705 17706 17707 17708 17716 17724 17725 17726 17727 17728 17730 17732 17735 17738 17741 17744 17750 17756 17757 17758 17759 17760 17762 17764 17767 17770 17773 17776 17794 17812 17813 17814 17815 17816 17822 17828 17829 17830 17831 17832 17841 17850 17851 17852 17853 17854 17858 17862 17863 17864 17865 17866 17871 17876 17877 17878 17879 17880 17882 17884 17885 17886 17887 17888 17898 17908 17909 17910 17911 17912 17918 17924 17925 17926 17927 17928 17929 17930 17931 17932 17933 17934 17938 17942 17943 17944 17945 17946 17950 17954 17955 17956 17957 17958 17960 17962 17963 17964 17965 17966 17983 18000 18001 18002 18003 18004 18006 18008 18009 18010 18011 18012 18013 18014 18015 18016 18017 18018 18024 18030 18033 18036 18039 18042 18049 18056 18057 18058 18059 18060 18061 18062 18063 18064 18065 18066 18069 18072 18073 18074 18075 18076 18077 18078 18079 18080 18081 18082 18083 18084 18085 18086 18087 18088 18093 18098 18099 18100 18101 18102 18105 18108 18111 18114 18117 18120 18122 18124 18126 18128 18130 18132 18136 18140 18481 18822 18851 18880 18881 18882 18883 18884 18924 18964 18965 18966 18967 18968 19037 19106 19107 19108 19109 19110 19141 19172 19173 19174 19175 19176 19182 19188 19189 19190 19191 19192 19195 19198 19199 19200 19201 19202 19206 19210 19211 19212 19213 19214 19231 19248 19249 19250 19251 19252 19261 19270 19271 19272 19273 19274 19281 19288 19289 19290 19291 19292 19329 19366 19367 19368 19369 19370 19377 19384 19385 19386 19387 19388 19401 19414 19415 19416 19417 19418 19427 19436 19437 19438 19439 19440 19447 19454 19455 19456 19457 19458 19459 19460 19473 19486 19487 19488 19489 19490 19543 19596 19597 19598 19599 19600 19670 19740 19741 19742 19743 19744 19745 19746 19747 19748 19749 19750 19772 19794 19795 19796 19797 19798 19829 19860 19861 19862 19863 19864 19883 19902 19903 19904 19905 19906 19912 19918 19919 19920 19921 19922 19961 20000 20001 20002 20003 20004 20005 20006 20007 20008 20014 20020 20021 20022 20023 20024 20028 20032 20033 20034 20035 20036 20049 20062 20063 20064 20065 20066 20077 20088 20089 20090 20091 20092 20107 20122 20123 20124 20125 20126 20133 20140 20141 20142 20143 20144 20159 20174 20175 20176 20177 20178 20186 20194 20195 20196 20197 20198 20235 20272 20273 20274 20275 20276 20316 20356 20357 20358 20359 20360 20417 20474 20475 20476 20477 20478 20497 20516 20517 20518 20519 20520 20521 20522 20523 20524 20546 20568 20569 20570 20571 20572 20577 20582 20583 20584 20585 20586 20589 20592 20593 20594 20595 20596 20621 20646 20647 20648 20649 20650 20659 20668 20670 20672 20684 20696 20697 20698 20699 20700 20701 20702 20703 20704 20705 20706 20713 20720 20721 20722 20723 20724 20763 20802 20803 20804 20805 20806 20812 20818 20819 20820 20821 20822 20860 20898 20899 20900 20901 20902 20905 20908 20909 20910 20911 20912 20922 20932 20933 20934 20935 20936 20951 20966 20967 20968 20969 20970 20973 20976 20977 20978 20979 20980 21024 21068 21069 21070 21071 21072 21094 21116 21117 21118 21119 21120 21136 21152 21153 21154 21155 21156 21179 21202 21203 21204 21205 21206 21217 21228 21229 21230 21231 21232 21247 21262 21263 21264 21265 21266 21272 21278 21279 21280 21281 21282 21286 21290 21291 21292 21293 21294 21306 21318 21319 21320 21321 21322 21323 21324 21329 21334 21335 21336 21337 21338 21400 21462 21463 21464 21465 21466 21478 21490 21491 21492 21493 21494 21495 21496 21497 21498 21499 21500 21507 21514 21515 21516 21517 21518 21536 21554 21555 21556 21557 21558 21559 21560 21561 21562 21563 21564 21585 21606 21607 21608 21609 21610 21626 21642 21643 21644 21645 21646 21683 21720 21721 21722 21723 21724 21760 21796 21797 21798 21799 21800 21860 21920 21921 21922 21923 21924 21930 21936 21937 21938 21939 21940 21949 21958 21959 21960 21961 21962 21970 21978 21979 21980 21981 21982 21986 21990 21991 21992 21993 21994 22100 22206 22207 22208 22209 22210 22213 22216 22217 22218 22219 22220 22250 22280 22281 22282 22283 22284 22302 22320 22321 22322 22323 22324 22347 22370 22371 22372 22373 22374 22433 22492 22493 22494 22495 22496 22500 22504 22505 22506 22507 22508 22518 22528 22529 22530 22531 22532 22554 22576 22577 22578 22579 22580 22596 22612 22613 22614 22615 22616 22636 22656 22657 22658 22659 22660 22692 22724 22725 22726 22727 22728 22771 22814 22815 22816 22817 22818 22858 22898 22899 22900 22901 22902 22909 22916 22917 22918 22919 22920 22948 22976 22977 22978 22979 22980 23038 23096 23109 23122 23123 23124 23125 23126 23152 23178 23179 23180 23181 23182 23191 23200 23201 23202 23203 23204 23212 23220 23221 23222 23223 23224 23252 23280 23281 23282 23283 23284 23299 23314 23315 23316 23317 23318 23349 23380 23381 23382 23383 23384 23385 23386 23399 23412 23413 23414 23415 23416 23436 23456 23469 23482 23483 23484 23485 23486 23505 23524 23525 23526 23527 23528 23598 23668 23669 23670 23671 23672 23673 23674 23675 23676 23677 23678 23679 23680 23700 23720 23721 23722 23723 23724 23749 23774 28208 28208 31577 1438 1605
0 3753 7506 7601 7696 7697 7698 7699 7700 7751 7802 7803 7804 7805 7806 7842 7878 7879 7880 7881 7882 7905 7928 7929 7930 7931 7932 7978 8024 8025 8026 8027 8028 8119 8210 8211 8212 8213 8214 8224 8234 8235 8236 8237 8238 8240 8242 8243 8244 8245 8246 8277 8308 8309 8310 8311 8312 8474 8636 8637 8638 8639 8640 8686 8732 8733 8734 8735 8736 8854 8972 8973 8974 8975 8976 9234 9492 10930 10930 11535 3753 5026

0 5789 11578 11662 11746 11747 11748 12005 12262 12263 12264 12265 12266 12293 12320 12321 12322 12323 12324 12325 12326 12327 12328 12329 12330 12342 12354 12355 12356 12357 12358 12362 12366 12367 12368 12369 12370 12375 12380 12381 12382 12388 12394 12395 12396 12397 12398 12463 12528 12529 12530 12531 12532 12585 12638 12639 12640 12641 12642 12643 12644 12645 12646 12658 12670 14167 15664 15668 15672 15673 15674 15675 15676 15677 15678 15684 15690 15691 15692 17182 18672 18852 19032 19033 19034 19035 19036 19037 19038 19098 19158 19159 19160 19161 19162 19308 19454 19460 19466 19472 19478 19479 19480 19521 19562 19563 19564 19565 19566 19568 19570 19571 19572 19573 19574 19586 19598 19599 19600 19601 19602 19604 19606 19607 19608 19609 19610 19647 19684 19685 19686 19687 19688 19689 19690 19692 19694 19696 19698 19705 19712 19713 19714 19715 19716 19733 19750 19751 19752 19753 19754 19761 19768 19769 19770 19771 19772 19778 19784 19785 19786 19787 19788 19793 19798 19799 19800 19801 19802 19840 19878 19879 19880 19881 19882 19899 19916 19917 19918 19919 19920 19943 19966 19967 19968 19969 19970 19971 19972 19975 19978 19979 19980 19981 19982 19990 19998 19999 20000 20001 20002 20027 20052 20053 20054 20055 20056 20081 20106 20107 20108 20109 20110 20121 20132 20133 20134 20135 20136 20141 20146 20147 20148 20149 20150 20216 20282 20283 20284 20303 20322 20323 20324 20325 20326 20330 20334 20335 20336 20337 20338 20345 20352 20353 20354 20355 20356 20362 20368 20369 20370 20371 20372 20413 20454 20455 20456 20457 20458 20459 20460 20461 20462 20463 20464 20484 20504 20505 20506 20507 20508 20517 20526 20532 20538 20539 20540 20541 20542 20547 20552 20553 20554 20555 20556 20563 20570 20571 20572 20573 20574 20581 20588 20589 20590 20591 20592 20594 20596 20597 20598 20599 20600 20604 20608 20609 20610 20611 20612 20613 20614 20620 20626 20627 20628 20629 20630 20645 20660 20661 20662 20663 20664 20665 20666 20667 20668 20669 20670 20681 20692 20693 20694 20695 20696 20699 20702 20703 20704 20705 20706 20709 20712 20713 20714 20715 20716 20717 20718 20719 20720 20721 20722 20738 20754 20755 20756 20757 20758 20759 20760 20761 20762 20763 20764 20854 20944 20945 20946 20947 20948 21003 21058 21059 21060 21061 21062 21080 21098 21099 21100 21101 21102 21103 21104 21105 21106 21107 21108 21111 21114 21115 21116 21117 21118 21119 21120 21149 21178 21179 21180 21181 21182 21198 21214 21215 21216 21217 21218 21266 21314 21315 21316 21317 21318 21319 21320 21348 21376 21377 21378 21379 21380 21390 21400 21401 21402 21403 21404 21416 21428 21429 21430 21431 21432 21453 21474 21475 21476 21477 21478 21482 21486 21487 21488 21489 21490 21491 21492 21493 21494 21500 21506 21507 21508 21509 21510 21515 21520 21521 21522 21523 21524 21525 21526 21527 21528 21529 21530 21537 21544 21545 21546 21547 21548 21563 21578 21579 21580 21581 21582 21584 21586 21587 21588 21589 21590 21597 21604 21605 21606 21607 21608 21623 21638 21639 21640 21641 21642 21652 21662 21663 21664 21665 21666 21671 21676 21677 21678 21679 21680 21682 21684 21685 21686 21687 21688 21690 21692 21693 21694 21695 21696 21710 21724 21725 21726 21727 21728 21739 21750 21751 21752 21753 21754 21755 21756 21757 21758 21759 21760 21775 21790 21791 21792 21793 21794 21808 21822 21823 21824 21825 21826 21827 21828 21829 21830 21831 21832 21833 21834 21841 21848 21849 21850 21851 21852 21866 21880 21881 21882 21883 21884 21898 21912 21913 21914 21915 21916 21917 21918 21919 21920 21921 21922 21924 21926 21927 21928 21929 21930 21937 21944 21945 21946 21947 21948 21959 21970 21971 21972 21973 21974 21995 22016 22017 22018 22019 22020 22033 22046 22047 22048 22049 22050 22084 22118 22119 22120 22121 22122 22123 22124 22137 22150 22151 22152 22153 22154 22155 22156 22157 22158 22159 22160 22168 22176 22177 22178 22179 22180 22187 22194 22195 22196 22197 22198 22202 22206 22207 22208 22209 22210 22232 22254 22255 22256 22257 22258 22272 22286 22288 22290 22291 22292 22293 22294 22297 22300 22301 22302 22303 22304 22305 22306 22307 22308 22309 22310 22311 22312 22319 22326 22392 22458 22459 22460 22461 22462 22680 22898 22899 22900 22901 22902 22949 22996 22997 22998 22999 23000 23008 23016 28650 23016 26955 5789 7734
0 5789 11578 11662 11746 11747 11748 12005 12262 12263 12264 12265 12266 12293 12320 12321 12322 12323 12324 12325 12326 12327 12328 12329 12330 12342 12354 12355 12356 12357 12358 12362 12366 12367 12368 12369 12370 12375 12380 12381 12382 12388 12394 12395 12396 12397 12398 12463 12528 12529 12530 12531 12532 12585 12638 12639 12640 12641 12642 12643 12644 12645 12646 12658 12670 14167 15664 15668 15672 15673 15674 15675 15676 15677 15678 15684 15690 15691 15692 17182 18672 18852 19032 19033 19034 19035 19036 19037 19038 19098 19158 19159 19160 19161 19162 19308 19454 19460 19466 19472 19478 19479 19480 19521 19562 19563 19564 19565 19566 19568 19570 19571 19572 19573 19574 19586 19598 19599 19600 19601 19602 19604 19606 19607 19608 19609 19610 19647 19684 19685 19686 19687 19688 19689 19690 19692 19694 19696 19698 19705 19712 19713 19714 19715 19716 19733 19750 19751 19752 19753 19754 19761 19768 19769 19770 19771 19772 19778 19784 19785 19786 19787 19788 19793 19798 19799 19800 19801 19802 19840 19878 19879 19880 19881 19882 19899 19916 19917 19918 19919 19920 19943 19966 19967 19968 19969 19970 19971 19972 19975 19978 19979 19980 19981 19982 19990 19998 19999 20000 20001 20002 20027 20052 20053 20054 20055 20056 20081 20106 20107 20108 20109 20110 20121 20132 20133 20134 20135 20136 20141 20146 20147 20148 20149 20150 20216 20282 20283 20284 20303 20322 20323 20324 20325 20326 20330 20334 20335 20336 20337 20338 20345 20352 20353 20354 20355 20356 20362 20368 20369 20370 20371 20372 20413 20454 20455 20456 20457 20458 20459 20460 20461 20462 20463 20464 20484 20504 20505 20506 20507 20508 20517 20526 20532 20538 20539 20540 20541 20542 20547 20552 20553 20554 20555 20556 20563 20570 20571 20572 20573 20574 20581 20588 20589 20590 20591 20592 20594 20596 20597 20598 20599 20600 20604 20608 20609 20610 20611 20612 20613 20614 20620 20626 20627 20628 20629 20630 20645 20660 20661 20662 20663 20664 20665 20666 20667 20668 20669 20670 20681 20692 20693 20694 20695 20696 20699 20702 20703 20704 20705 20706 20709 20712 20713 20714 20715 20716 20717 20718 20719 20720 20721 20722 20738 20754 20755 20756 20757 20758 20759 20760 20761 20762 20763 20764 20854 20944 20945 20946 20947 20948 21003 21058 21059 21060 21061 21062 21080 21098 21099 21100 21101 21102 21103 21104 21105 21106 21107 21108 21111 21114 21115 21116 21117 21118 21119 21120 21149 21178 21179 21180 21181 21182 21198 21214 21215 21216 21217 21218 21266 21314 21315 21316 21317 21318 21319 21320 21348 21376 21377 21378 21379 21380 21390 21400 21401 21402 21403 21404 21416 21428 21429 21430 21431 21432 21453 21474 21475 21476 21477 21478 21482 21486 21487 21488 21489 21490 21491 21492 21493 21494 21500 21506 21507 21508 21509 21510 21515 21520 21521 21522 21523 21524 21525 21526 21527 21528 21529 21530 21537 21544 21545 21546 21547 21548 21563 21578 21579 21580 21581 21582 21584 21586 21587 21588 21589 21590 21597 21604 21605 21606 21607 21608 21623 21638 21639 21640 21641 21642 21652 21662 21663 21664 21665 21666 21671 21676 21677 21678 21679 21680 21682 21684 21685 21686 21687 21688 21690 21692 21693 21694 21695 21696 21710 21724 21725 21726 21727 21728 21739 21750 21751 21752 21753 21754 21755 21756 21757 21758 21759 21760 21775 21790 21791 21792 21793 21794 21808 21822 21823 21824 21825 21826 21827 21828 21829 21830 21831 21832 21833 21834 21841 21848 21849 21850 21851 21852 21866 21880 21881 21882 21883 21884 21898 21912 21913 21914 21915 21916 21917 21918 21919 21920 21921 21922 21924 21926 21927 21928 21929 21930 21937 21944 21945 21946 21947 21948 21959 21970 21971 21972 21973 21974 21995 22016 22017 22018 22019 22020 22033 22046 22047 22048 22049 22050 22084 22118 22119 22120 22121 22122 22123 22124 22137 22150 22151 22152 22153 22154 22155 22156 22157 22158 22159 22160 22168 22176 22177 22178 22179 22180 22187 22194 22195 22196 22197 22198 22202 22206 22207 22208 22209 22210 22232 22254 22255 22256 22257 22258 22272 22286 22288 22290 22291 22292 22293 22294 22297 22300 22301 22302 22303 22304 22305 22306 22307 22308 22309 22310 22311 22312 22319 22326 22392 22458 22459 22460 22461 22462 22680 22898 22899 22900 22901 22902 22949 22996 22997 22998 22999 23000 23008 23016 28650 23016 26539 5789 7810
0 234 468 469 470 471 472 493 514 515 516 517 518 735 952 953 954 955 956 1055 1154 1155 1156 1157 1158 1229 1300 1301 1302 1303 1304 1316 1328 1329 1330 1331 1332 1527 1722 1723 1724 1725 1726 1989 2252 2253 2254 2255 2256 2300 2344 2345 2346 2347 2348 2415 2482 2483 2484 2485 2486 2687 2888 2889 2890 2891 2892 2923 2954 2955 2956 2957 2958 2959 2960 2961 2962 3017 3072 3073 3074 3075 3076 3080 3084 3085 3086 3087 3088 3089 3090 3091 3092 3093 3094 3115 3136 3137 3138 3139 3140 3295 3450 3451 3452 3453 3454 3578 3702 3703 3704 3705 3706 3750 3794 3795 3796 3797 3798 3818 3838 3839 3840 3841 3842 4127 4412 4413 4414 4415 4416 4467 4518 4519 4520 4521 4522 4545 4568 4569 4570 4571 4572 4762 4952 4953 4954 4955 4956 5145 5334 5335 5336 5337 5338 5362 5386 5387 5388 5389 5390 5505 5620 5621 5622 5623 5624 5784 5944 5945 5946 5947 5948 6161 6374 6375 6376 6377 6378 6459 6540 6541 6542 6543 6544 6587 6630 6631 6632 6633 6634 6650 6666 6667 6668 6669 6670 6738 6806 6807 6808 6809 6810 6941 7072 7073 7074 7075 7076 7156 7236 7237 7238 7239 7240 7241 7242 7243 7244 7245 7246 7300 7354 7355 7356 7357 7358 7382 7406 7407 7408 7409 7410 7444 7478 7479 7480 7481 7482 7672 7862 7863 7864 7865 7866 8277 8688 8689 8690 8691 8692 8705 8718 8719 8720 8721 8722 8754 8786 8787 8788 8789 8790 8825 8860 8861 8862 8863 8864 8993 9122 9123 9124 9125 9126 9145 9164 9165 9166 9167 9168 9177 9186 9187 9188 9189 9190 9229 9268 9269 9270 9271 9272 9286 9300 9301 9302 9303 9304 9667 10030 10031 10032 10033 10034 10126 10218 10219 10220 10221 10222 10246 10270 10271 10272 10273 10274 10417 10560 10561 10562 10563 10564 10576 10588 10589 10590 10591 10592 10607 10622 10623 10624 10625 10626 10630 10634 10635 10636 10637 10638 10682 10726 10727 10728 10804 10880 10881 10882 10889 10896 10897 10898 10899 10900 10956 11012 11013 11014 11015 11016 11065 11114 11115 11116 11117 11118 11155 11192 11193 11194 11195 11196 11245 11294 11295 11296 11297 11298 11336 11374 11375 11376 11377 11378 11398 11418 11419 11420 11421 11422 11427 11432 11433 11434 11435 11436 11437 11438 11439 11440 11448 11456 11457 11458 11459 11460 11470 11480 11481 11482 11483 11484 11502 11520 11521 11522 11523 11524 11541 11558 11559 11560 11561 11562 11578 11594 11595 11596 11597 11598 11673 11748 11749 11750 11751 11752 11800 11848 11849 11850 11851 11852 11878 11904 11905 11906 11907 11908 11933 11958 11959 11960 11961 11962 12040 12118 12119 12120 12121 12122 12313 12504 12505 12506 12507 12508 12557 12606 12607 12608 12609 12610 12744 12878 12879 12880 12881 12882 12946 13010 13011 13012 13013 13014 13078 13142 13143 13144 13145 13146 13372 13146 13280 0 20
0 384 768 769 770 771 772 825 878 879 880 881 882 888 894 895 896 897 898 923 948 949 950 951 952 991 1030 1031 1032 1033 1034 1106 1178 1179 1180 1181 1182 1234 1286 1287 1288 1289 1290 1455 1620 1621 1622 1623 1624 1626 1628 1629 1630 1631 1632 1650 1668 1669 1670 1671 1672 1945 2218 2219 2220 2221 2222 2297 2372 2373 2374 2375 2376 2481 2586 2587 2588 2589 2590 2686 2782 2783 2784 2785 2786 3047 3308 3309 3310 3311 3312 3507 3702 3703 3704 3705 3706 3953 4200 4201 4202 4203 4204 4530 4856 4857 4858 4859 4860 4926 4992 4993 4994 4995 4996 5019 5042 5043 5044 5045 5046 5250 5454 5455 5456 5457 5458 5597 5736 5737 5738 5739 5740 5789 5838 5839 5840 5841 5842 5850 5858 5859 5860 5861 5862 5887 5912 5913 5914 5915 5916 5942 5968 5969 5970 5971 5972 6011 6050 6051 6052 6053 6054 6105 6156 6157 6158 6159 6160 6266 6372 6373 6374 6375 6376 6498 6620 6621 6622 6623 6624 6640 6656 6657 6658 6659 6660 6776 6892 6893 6894 6901 6908 6909 6910 6911 6912 7199 7486 7487 7488 7489 7490 7521 7552 7553 7554 7555 7556 7809 8062 8063 8064 8065 8066 8177 8288 8289 8290 8291 8292 8530 8768 8769 8770 8771 8772 8774 8776 8777 8778 8779 8780 8807 8834 8835 8836 8837 8838 9136 9434 9435 9436 9437 9438 9620 9802 9803 9804 9805 9806 9807 9808 9809 9810 9822 9834 9835 9836 9844 9852 9853 9854 9855 9856 9857 9858 9859 9860 9905 9950 9951 9952 9953 9954 10149 10344 10345 10346 10347 10348 10575 10802 10803 10804 10805 10806 10809 10812 10813 10814 10815 10816 10863 10910 10911 10912 10913 10914 11054 11194 11195 11196 11241 11286 11287 11288 11289 11290 11326 11362 11363 11364 11365 11366 11458 11550 11551 11552 11553 11554 11558 11562 11563 11564 11565 11566 11708 11850 11851 11852 11853 11854 12003 12152 12153 12154 12155 12156 12177 12198 12199 12200 12201 12202 12259 12316 12317 12318 12319 12320 12562 12804 12805 12806 12807 12808 12851 12894 12895 12896 12915 12934 12935 12936 12937 12938 13182 0 360 12938 12992
0 48 96 112 128 129 130 131 132 163 194 208 222 223 224 225 226 279 332 334 336 361 386 387 388 389 390 405 420 422 424 431 438 439 440 441 442 472 502 521 540 541 542 543 544 548 552 553 554 555 556 558 560 561 562 563 564 565 566 567 568 570 572 574 576 582 588 589 590 591 592 609 626 649 672 682 692 697 702 709 716 718 720 722 724 725 726 727 728 729 730 731 732 733 734 735 736 746 756 757 758 759 760 765 770 771 772 778 784 785 786 787 788 789 790 791 792 808 824 853 882 893 904 905 906 907 908 936 964 965 966 967 968 985 1002 1031 1060 1071 1082 1083 1084 1085 1086 1097 1108 1109 1110 1111 1112 1119 1126 1129 1132 1133 1134 1135 1136 1140 1144 1151 1158 1159 1160 1161 1162 1175 1188 1209 1230 1231 1232 1233 1234 1244 1254 1255 1256 1257 1258 1259 1260 1261 1262 1271 1280 1281 1282 1290 1298 1304 1310 1311 1312 1313 1314 1321 1328 1336 1344 1358 1372 1373 1374 1380 1386 1387 1388 1389 1390 1400 1410 1411 1412 1413 1414 1415 1416 1417 1418 1420 1422 1428 1434 1443 1452 1453 1454 1472 1490 1491 1492 1493 1494 1497 1500 1501 1502 1503 1504 1509 1514 1515 1516 1517 1518 1519 1520 1526 1532 1533 1534 1539 1544 2011 48 78 1544 1818
0 467 934 936 938 951 964 974 984 985 986 987 988 991 994 996 998 1006 1014 1017 1020 1033 1046 1048 1050 1079 1108 1110 1112 1141 1170 1172 1174 1190 1206 1219 1232 1234 1236 1265 1294 1296 1298 1360 1422 1428 1434 1438 1442 1448 1454 1462 1470 1471 1472 1473 1474 1476 1478 1501 1524 1525 1526 1530 1534 1535 1536 1537 1538 1539 1540 1541 1542 1543 1544 1545 1546 1547 1548 1549 1550 1552 1554 1584 1614 1627 1640 1643 1646 1647 1648 1649 1650 1653 1656 1658 1660 1682 1704 1707 1710 1711 1712 1713 1714 1717 1720 1722 1724 1742 1760 1762 1764 1766 1768 1773 1778 1779 1780 1781 1782 1785 1788 1789 1790 1791 1792 1793 1794 1819 1844 1845 1846 1847 1848 1851 1854 1855 1856 1857 1858 1859 1860 1885 1910 1911 1912 1913 1914 1917 1920 1921 1922 1923 1924 1925 1926 1951 1976 1977 1978 1979 1980 1981 1982 1984 1986 1987 1988 1989 1990 1991 1992 2017 2042 2043 2044 2045 2046 2049 2052 2053 2054 2055 2056 2057 2058 2060 2062 2085 2108 2109 2110 2111 2112 2113 2114 2115 2116 2118 2120 2121 2122 2123 2124 2125 2126 2128 2130 2142 2154 2165 2176 2177 2178 2179 2180 2182 2184 2185 2186 2187 2188 2214 2240 2241 2242 2243 2244 2245 2246 2248 2250 2251 2252 2253 2254 2255 2256 2257 2258 2260 2262 2278 2294 2296 2298 2300 2302 2307 2312 2313 2314 2315 2316 2317 2318 2320 2322 2323 2324 2325 2326 2329 2332 2346 2360 2362 2364 2365 2366 2367 2368 2369 2370 2371 2372 2415 2458 2459 2460 2461 2462 2514 2566 2567 2568 2569 2570 2574 2578 2579 2580 2581 2582 2617 2652 2653 2654 2655 2656 2665 2674 2675 2676 2677 2678 2746 2814 2815 2816 2817 2818 2835 2852 2853 2854 2855 2856 2898 2940 2941 2942 2943 2944 3068 0 426 3068 3095
0 63 126 127 128 129 130 177 224 225 226 227 228 230 232 233 234 235 236 326 416 417 418 419 420 521 622 623 624 625 626 673 720 721 722 723 724 767 810 811 812 813 814 869 924 925 926 927 928 1008 1088 1089 1090 1091 1092 1157 1222 1223 1224 1225 1226 1255 1284 1285 1286 1287 1288 1413 1538 1539 1540 1541 1542 1553 1564 1565 1566 1567 1568 1625 1682 1683 1684 1685 1686 1704 1722 1723 1724 1725 1726 1754 1782 1783 1784 1785 1786 1859 1932 1933 1934 1935 1936 2023 2110 2111 2112 2113 2114 2178 2242 2243 2244 2245 2246 2269 2292 2306 2320 2321 2322 2323 2324 2426 2528 2529 2530 2531 2532 2612 2692 2693 2694 2695 2696 2738 2780 2781 2782 2783 2784 3167 63 98 3167 3195
0 172 344 345 346 347 348 425 502 517 532 568 604 605 606 607 608 657 706 707 708 709 710 749 788 789 790 812 834 835 836 837 838 879 920 921 922 923 924 948 972 973 974 975 976 985 994 995 996 997 998 1010 1022 1023 1024 1025 1026 1052 1078 1079 1080 1081 1082 1110 1138 1139 1140 1141 1142 1147 1152 1153 1154 1155 1156 1368 1580 1581 1582 1583 1584 1600 1616 1617 1618 1619 1620 1650 1680 1681 1682 1683 1684 1697 1710 1711 1712 1747 1782 1783 1784 1785 1786 1886 1986 1987 1988 1989 1990 2101 2212 2213 2214 2215 2216 2300 2384 2385 2386 2645 2386 2524 0 30
0 140 280 281 282 283 284 299 314 315 316 317 318 682 1046 1047 1048 1049 1050 1077 1104 1105 1106 1272 1438 1439 1440 1441 1442 1471 1500 1501 1502 1503 1504 1578 1652 1653 1654 1655 1656 1715 1774 1775 1776 1777 1778 1788 1798 1799 1800 1801 1802 1808 1814 1815 1816 1817 1818 1845 1872 1873 1874 1875 1876 1889 1902 1903 1904 1905 1906 2046 2186 2187 2188 2189 2190 2323 2456 2457 2458 2459 2460 2518 2576 2577 2578 2579 2580 2586 2592 2596 2600 2624 2648 2649 2650 2651 2652 2725 2798 2799 2800 2801 2802 3031 3260 3261 3262 3263 3264 3307 3350 3351 3352 3353 3354 3596 3838 3839 3840 3841 3842 3872 3902 3903 3904 3905 3906 3915 3924 3925 3926 3927 3928 3939 3950 3952 3954 3956 3958 3959 3960 3961 3962 3963 3964 3982 4000 4001 4002 4003 4004 4050 4096 4097 4098 4099 4100 4105 4110 4111 4112 4113 4114 4157 4200 4201 4202 4203 4204 4221 4238 4239 4240 4241 4242 4275 4308 4309 4310 4311 4312 4428 4312 4350 0 32
0 199 398 399 400 401 402 408 414 415 416 417 418 420 422 423 424 425 426 607 788 789 790 791 792 793 794 795 796 797 798 831 864 865 866 867 868 936 1004 1005 1006 1064 1122 1123 1124 1125 1126 1163 1200 1201 1202 1203 1204 1251 1298 1299 1300 1301 1302 1486 1670 1671 1672 1673 1674 1680 1686 1687 1688 1689 1690 1821 1952 1953 1954 1955 1956 2096 2236 2237 2238 2239 2240 2288 2336 2337 2338 2339 2340 2450 2560 2561 2562 2563 2564 2615 2666 2667 2668 2669 2670 2758 2846 2847 2848 2849 2850 3000 3150 3151 3152 3153 3154 3155 3156 3157 3158 3278 3398 3399 3400 3401 3402 3405 3408 3409 3410 3411 3412 3415 3418 3419 3420 3421 3422 3511 3600 3601 3602 3603 3604 3605 3606 3607 3608 3716 3824 3826 3828 3855 3882 3883 3884 3885 3886 4088 4290 4291 4292 4293 4294 4411 4528 4529 4530 4531 4532 4626 4720 4721 4722 4723 4724 4755 4786 4787 4788 4789 4790 4831 4872 4873 4874 4875 4876 4920 4964 4965 4966 4967 4968 4975 4982 4983 4984 4985 4986 5002 5018 5019 5020 5021 5022 5053 5084 5085 5086 5087 5088 5111 5134 5135 5136 5137 5138 5192 5246 5247 5248 5249 5250 5254 5258 5259 5260 5261 5262 5264 5266 5267 5268 5269 5270 5409 5270 5343 0 70
0 509 1018 1019 1020 1021 1022 1151 1280 1281 1282 1283 1284 1317 1350 1351 1352 1353 1354 1364 1374 1375 1376 1377 1378 1521 1664 1665 1666 1667 1668 1784 1900 1901 1902 1903 1904 2046 2188 2189 2190 2191 2192 2298 2404 2405 2406 2525 2644 2645 2646 2647 2648 2719 2790 2791 2792 2793 2794 2819 2844 2845 2846 2847 2848 2891 2934 2935 2936 2945 2954 2955 2956 2957 2958 2961 2964 2965 2966 2967 2968 3023 3078 3079 3080 3081 3082 3083 3084 3085 3086 3282 509 891 3282 3361
0 524 1048 1049 1050 1051 1052 1126 1200 1201 1202 1203 1204 1222 1240 1241 1242 1243 1244 1488 1732 1733 1734 1735 1736 2262 2788 2789 2790 2791 2792 3126 3460 3461 3462 3463 3464 3630 3796 3797 3798 3799 3800 3841 3882 3883 3884 3885 3886 3895 3904 3905 3906 3907 3908 3965 4022 4023 4024 4025 4026 4046 4066 4067 4068 4069 4070 4071 4072 4073 4074 4075 4076 4084 4092 4093 4094 4095 4096 4097 4098 4126 4154 4155 4156 4157 4158 4257 4356 4357 4358 4359 4360 4403 4446 4447 4448 4449 4450 4548 4646 4647 4648 4649 4650 4713 4776 4777 4778 4779 4780 4791 4802 4803 4804 4805 4806 4884 4962 4963 4964 4965 4966 4968 4970 4971 4972 4973 4974 5014 5054 5055 5056 5057 5058 5329 5058 5289 0 87
0 384 768 769 770 771 772 825 878 879 880 881 882 888 894 895 896 897 898 923 948 949 950 951 952 991 1030 1031 1032 1033 1034 1106 1178 1179 1180 1181 1182 1234 1286 1287 1288 1289 1290 1455 1620 1621 1622 1623 1624 1626 1628 1629 1630 1631 1632 1650 1668 1669 1670 1671 1672 1945 2218 2219 2220 2221 2222 2297 2372 2373 2374 2375 2376 2481 2586 2587 2588 2589 2590 2686 2782 2783 2784 2785 2786 3047 3308 3309 3310 3311 3312 3507 3702 3703 3704 3705 3706 3953 4200 4201 4202 4203 4204 4530 4856 4857 4858 4859 4860 4926 4992 4993 4994 4995 4996 5019 5042 5043 5044 5045 5046 5250 5454 5455 5456 5457 5458 5597 5736 5737 5738 5739 5740 5789 5838 5839 5840 5841 5842 5850 5858 5859 5860 5861 5862 5887 5912 5913 5914 5915 5916 5942 5968 5969 5970 5971 5972 6011 6050 6051 6052 6053 6054 6105 6156 6157 6158 6159 6160 6266 6372 6373 6374 6375 6376 6498 6620 6621 6622 6623 6624 6640 6656 6657 6658 6659 6660 6776 6892 6893 6894 6901 6908 6909 6910 6911 6912 7199 7486 7487 7488 7489 7490 7521 7552 7553 7554 7555 7556 7809 8062 8063 8064 8065 8066 8177 8288 8289 8290 8291 8292 8530 8768 8769 8770 8771 8772 8774 8776 8777 8778 8779 8780 8807 8834 8835 8836 8837 8838 9136 9434 9435 9436 9437 9438 9620 9802 9803 9804 9805 9806 9807 9808 9809 9810 9822 9834 9835 9836 9844 9852 9853 9854 9855 9856 9857 9858 9859 9860 9905 9950 9951 9952 9953 9954 10149 10344 10345 10346 10347 10348 10575 10802 10803 10804 10805 10806 10809 10812 10813 10814 10815 10816 10863 10910 10911 10912 10913 10914 11054 11194 11195 11196 11241 11286 11287 11288 11289 11290 11326 11362 11363 11364 11365 11366 11458 11550 11551 11552 11553 11554 11558 11562 11563 11564 11565 11566 11708 11850 11851 11852 11853 11854 12003 12152 12153 12154 12155 12156 12177 12198 12199 12200 12201 12202 12259 12316 12317 12318 12319 12320 12562 12804 12805 12806 12807 12808 12851 12894 12895 12896 12915 12934 12935 12936 12937 12938 13182 0 264 12938 12961
0 285 570 571 572 573 574 618 662 663 664 665 666 904 1142 1143 1144 1145 1146 1164 1182 1183 1184 1185 1186 1282 1378 1379 1380 1381 1382 1414 1446 1447 1448 1476 1504 1505 1506 1507 1508 1594 1680 1681 1682 1683 1684 1784 1884 1885 1886 1887 1888 1931 1974 1975 1976 1977 1978 2258 2538 2539 2540 2541 2542 2744 2946 2947 2948 2949 2950 3094 3238 3239 3240 3241 3242 3254 3266 3267 3268 3269 3270 3419 3568 3569 3570 3571 3572 3745 3918 3919 3920 3921 3922 3969 4016 4017 4018 4019 4020 4038 4056 4057 4058 4059 4060 4115 4170 4171 4172 4173 4174 4206 4238 4239 4240 4241 4242 4290 4338 4339 4340 4341 4342 4346 4350 4351 4352 4353 4354 4375 4396 4397 4398 4399 4400 4524 4648 4650 4652 4752 4852 4853 4854 4855 4856 5055 5254 5255 5256 5257 5258 5332 5406 5407 5408 5409 5410 5411 5412 5456 5500 5501 5502 5503 5504 5543 5582 5583 5584 5585 5586 5736 5886 5887 5888 5889 5890 5896 5902 5903 5904 5905 5906 6319 6732 6733 6734 6735 6736 6934 7132 7133 7134 7135 7136 7264 7392 7393 7394 7395 7396 7413 7430 7431 7432 7433 7434 7442 7450 7451 7452 7453 7454 7473 7492 7493 7494 7495 7496 7499 7502 7503 7504 7505 7506 7511 7516 7517 7518 7664 7810 7811 7812 7813 7814 8055 8296 8297 8298 8299 8300 8380 8460 8461 8462 8463 8464 8506 8548 8549 8550 8551 8552 8553 8554 8555 8556 8562 8568 8569 8570 8571 8572 8627 8682 8683 8684 8685 8686 8738 8790 8791 8792 8793 8794 8925 9056 9057 9058 9059 9060 9153 9246 9247 9248 9249 9250 9578 9906 9907 9908 9909 9910 9962 10014 10015 10016 10017 10018 10023 10028 10029 10030 10031 10032 10035 10038 10039 10040 10041 10042 10044 10046 10047 10048 10049 10050 10096 10142 10145 10148 10239 10330 10331 10332 10333 10334 10380 10426 10427 10428 10429 10430 10752 11074 11075 11076 11077 11078 11128 11178 11179 11180 11181 11182 11345 11508 11509 11510 11511 11512 11625 11738 11739 11740 11741 11742 11947 285 499 11947 11970

0 238 476 477 478 479 480 567 654 655 656 657 658 685 712 713 714 715 716 980 1244 1245 1246 1247 1248 1317 1386 1387 1388 1389 1390 1558 1726 1727 1728 1729 1730 1736 1742 1743 1744 1745 1746 1829 1912 1913 1914 1915 1916 1995 2074 2075 2076 2077 2078 2093 2108 2109 2110 2160 2210 2211 2212 2256 2300 2301 2302 2303 2304 2343 2382 2383 2384 2385 2386 2646 2906 2907 2908 2909 2910 3104 3298 3299 3300 3301 3302 3363 3424 3425 3426 3427 3428 3467 3506 3507 3508 3509 3510 3873 0 177 3510 3532

0 351 702 706 710 714 718 722 726 730 734 760 786 787 788 789 790 1197 1604 1605 1606 1607 1608 1789 1970 1971 1972 1973 1974 2179 2384 2385 2386 2387 2388 2450 2512 2513 2514 2515 2516 2595 0 161 2516 2540
0 639 1278 1280 1282 1283 1284 1285 1286 1288 1290 1291 1292 1293 1294 1303 1312 1313 1314 1315 1316 1319 1322 1324 1326 1328 1330 1340 1350 1351 1352 1353 1354 1356 1358 1359 1360 1361 1362 1369 1376 1377 1378 1379 1380 1381 1382 1383 1384 1385 1386 1387 1388 1389 1390 1391 1392 1393 1394 1400 1406 1407 1408 1409 1410 1419 1428 1429 1430 1431 1432 1435 1438 1440 1442 1444 1446 1449 1452 1453 1454 1455 1456 1463 1470 1471 1472 1473 1474 1475 1476 1477 1478 1479 1480 1485 1490 1491 1492 1493 1494 1496 1498 1499 1500 1502 1504 1505 1506 1513 1520 1521 1522 1523 1524 1525 1526 1527 1528 1529 1530 1537 1544 1545 1546 1547 1548 1557 1566 1567 1568 1579 1590 1591 1592 1593 1594 1595 1596 1598 1600 1601 1602 1603 1604 1605 1606 1607 1608 1609 1610 1611 1612 1613 1614 1615 1616 1617 1618 1621 1624 1625 1626 1627 1628 1629 1630 1631 1632 1633 1634 1635 1636 1637 1638 1639 1640 1641 1642 1650 1658 1659 1660 1661 1662 1664 1666 1668 1670 1678 1686 1687 1688 1689 1690 1691 1692 1693 1694 1701 1708 1709 1710 1711 1712 1713 1714 1721 1728 1729 1730 1731 1732 1733 1734 1735 1736 1737 1738 1740 1742 1743 1744 1745 1746 1750 1754 1755 1756 1757 1758 1760 1762 1763 1764 1765 1766 1768 1770 1771 1772 1773 1774 1780 1786 1788 1790 1792 1794 1796 1798 1800 1802 1804 1806 1807 1808 1809 1810 1814 1818 1819 1820 1821 1822 1824 1826 1827 1828 1829 1830 1831 1832 1833 1834 1843 1852 1853 1854 1855 1856 1860 1864 1865 1866 1867 1868 1869 1870 1871 1872 1888 1904 1905 1906 1907 1908 1911 1914 1916 1918 1920 1922 1925 1928 1929 1930 1931 1932 1938 1944 1945 1946 1947 1948 1949 1950 1951 1952 1953 1954 1955 1956 1957 1958 1959 1960 1961 1962 1967 1972 1973 1974 1975 1976 1978 1980 1981 1982 1983 1984 1986 1988 1989 1990 1991 1992 1993 1994 1995 1996 1999 2002 2003 2004 2005 2006 2008 2010 2011 2012 2013 2014 2015 2016 2017 2018 2019 2020 2022 2024 2025 2026 2027 2028 2033 2038 2039 2040 2041 2042 2065 2088 2089 2090 2091 2092 2093 2094 2095 2096 2097 2098 2100 2102 2103 2104 2105 2106 2107 2108 2109 2110 2111 2112 2118 2124 2125 2126 2127 2128 2135 2142 2143 2144 2147 2150 2151 2152 2153 2154 2155 2156 2157 2158 2171 2184 2185 2186 2187 2188 2189 2190 2191 2192 2193 2194 2199 2204 2205 2206 2207 2208 2209 2210 2212 2214 2216 2218 2242 2266 2267 2268 2269 2270 2281 2292 2293 2294 2295 2296 2306 2316 2317 2318 2319 2320 2321 2322 2323 2324 2325 2326 2330 2334 2335 2336 2337 2338 2339 2340 2341 2342 2343 2344 2345 2346 2347 2348 2349 2350 2351 2352 2353 2354 2361 2368 2369 2370 2371 2372 2373 2374 2376 2378 2380 2382 2390 2398 2399 2400 2401 2402 2407 2412 2413 2414 2415 2416 2418 2420 2421 2422 2423 2424 2425 2426 2430 2434 2435 2436 2437 2438 2439 2440 2442 2444 2445 2446 2447 2448 2449 2450 2451 2452 2453 2454 2455 2456 2457 2458 2459 2460 2461 2462 2463 2464 2468 2472 2473 2474 2475 2476 2478 2480 2481 2482 2483 2484 2485 2486 2487 2488 2489 2490 2491 2492 2493 2494 2500 2506 2507 2508 2509 2510 2511 2512 2513 2514 2515 2516 2519 2522 2523 2524 2525 2526 2527 2528 2529 2530 2531 2532 2533 2534 2535 2536 2541 2546 2549 2552 2553 2554 2555 2556 2557 2558 2559 2560 2566 2572 2573 2574 2575 2576 2577 2578 2579 2580 2581 2582 2583 2584 2585 2586 2591 2596 2597 2598 2599 2600 2616 2632 2633 2634 2635 2636 2639 2642 2644 2646 2648 2650 2653 2656 2657 2658 2659 2660 2667 2674 2675 2676 2677 2678 2679 2680 2681 2682 2683 2684 2689 2694 2695 2696 2697 2698 2699 2700 2701 2702 2703 2704 2707 2710 2711 2712 2713 2714 2717 2720 2721 2722 2723 2724 2729 2734 2735 2736 2737 2738 2745 2752 2753 2754 2755 2756 2759 2762 2763 2764 2765 2766 2770 2774 2775 2776 2777 2778 2784 2790 2792 2794 2796 2798 2799 2800 2801 2802 2803 2804 2809 2814 2815 2816 2817 2818 2819 2820 2821 2822 2823 2824 2825 2826 2827 2828 2829 2830 2831 2832 2833 2834 2835 2836 2837 2838 2839 2840 2841 2842 2845 2848 2851 2854 2855 2856 2857 2858 2859 2860 2869 2878 2879 2880 2881 2882 2883 2884 2885 2886 2887 2888 2889 2890 2891 2892 2898 2904 2905 2906 2907 2908 2916 2924 2926 2928 2930 2932 2938 2944 2945 2946 2947 2948 2949 2950 2951 2952 2953 2954 2961 2968 2969 2970 2971 2972 2974 2976 2977 2978 2979 2980 2989 2998 2999 3000 3001 3002 3005 3008 3010 3012 3014 3016 3039 3062 3063 3064 3065 3066 3070 3074 3077 3080 3083 3086 3087 3088 3089 3090 3091 3092 3101 3110 3112 3114 3116 3118 3121 3124 3125 3126 3127 3128 3132 3136 3137 3138 3139 3140 3148 3156 3157 3158 3159 3160 3161 3162 3169 3176 3177 3178 3179 3180 3184 3188 3189 3190 3191 3192 3196 3200 3201 3202 3203 3204 3206 3208 3209 3210 3211 3212 3221 3230 3232 3234 3236 3238 3240 3242 3244 3246 3248 3250 3251 3252 3253 3254 3255 3256 3261 3266 3267 3268 3269 3270 3272 3274 3275 3276 3277 3278 3280 3282 3283 3284 3285 3286 3288 3290 3291 3292 3293 3294 3297 3300 3301 3302 3303 3304 3309 3314 3315 3316 3317 3318 3323 3328 3329 3330 3331 3332 3333 3334 3335 3336 3342 3348 3349 3350 3351 3352 3354 3356 3357 3358 3359 3360 3363 3366 3368 3370 3372 3374 3377 3380 3381 3382 3383 3384 3391 3398 3399 3400 3401 3402 3403 3404 3405 3406 3407 3408 3413 3418 3419 3420 3421 3422 3427 3432 3433 3434 3435 3436 3440 3444 3445 3446 3447 3448 3450 3452 3455 3458 3461 3464 3470 3476 3477 3478 3479 3480 3505 3530 3531 3532 3533 3534 3535 3536 3537 3538 3539 3540 3542 3544 3545 3546 3547 3548 3566 3584 3585 3586 3587 3588 3591 3594 3595 3596 3597 3598 3606 3614 3615 3616 3617 3618 3625 3632 3633 3634 3635 3636 3653 3670 3671 3672 3673 3674 3682 3690 3691 3692 3693 3694 3695 3696 3697 3698 3699 3700 3720 3740 3741 3742 3743 3744 3746 3748 3749 3750 3751 3752 3753 3754 3755 3756 3757 3758 3759 3760 3762 3764 3765 3766 3767 3768 3769 3770 3777 3784 3785 3786 3787 3788 3798 3808 3809 3810 3811 3812 3815 3818 3823 3828 3829 3830 3831 3832 3840 3848 3850 3852 3854 3856 3864 3872 3873 3874 3875 3876 3878 3880 3881 3882 3883 3884 3891 3898 3899 3900 3901 3902 3903 3904 3919 3934 3935 3936 3937 3938 3943 3948 3951 3954 3961 3968 3969 3970 3971 3972 3973 3974 3975 3976 3977 3978 3980 3982 3983 3984 3985 3986 3988 3990 3991 3992 3993 3994 3995 3996 3998 4000 4001 4002 4003 4004 4023 4042 4043 4044 4045 4046 4054 4062 4063 4064 4065 4066 4071 4076 4077 4078 4079 4080 4086 4092 4093 4094 4095 4096 4097 4098 4099 4100 4101 4102 4107 4112 4113 4114 4115 4116 4120 4124 4125 4126 4127 4128 4130 4132 4133 4134 4135 4136 4143 4150 4151 4152 4153 4154 4156 4158 4159 4160 4161 4162 4163 4164 4165 4166 4167 4168 4173 4178 4181 4184 4185 4186 4187 4188 4189 4190 4192 4194 4195 4196 4197 4198 4202 4206 4207 4208 4209 4210 4212 4214 4215 4216 4218 4220 4221 4222 4224 4226 4227 4228 4229 4230 4238 4246 4247 4248 4249 4250 4259 4268 4269 4270 4271 4272 4273 4274 4276 4278 4287 4296 4297 4298 4299 4300 4301 4302 4303 4304 4305 4306 4311 4316 4317 4318 4319 4320 4328 4336 4337 4338 4339 4340 4343 4346 4347 4348 4349 4350 4356 4362 4363 4364 4365 4366 4367 4368 4370 4372 4373 4374 4375 4376 4382 4388 4389 4390 4391 4392 4393 4394 4395 4396 4398 4400 4401 4402 4403 4404 4405 4406 4407 4408 4409 4410 4419 4428 4429 4430 4431 4432 4438 4444 4445 4446 4447 4448 4449 4450 4451 4452 4455 4458 4460 4462 4463 4464 4465 4466 4468 4470 4471 4472 4473 4474 4477 4480 4483 4486 4489 4492 4494 4496 4497 4498 4499 4500 4501 4502 4503 4504 4510 4516 4517 4518 4519 4520 4521 4522 4524 4526 4528 4530 4537 4544 4545 4546 4547 4548 4550 4552 4553 4554 4557 4560 4561 4562 4563 4564 4565 4566 4567 4568 4569 4570 4571 4572 4573 4574 4580 4586 4587 4588 4589 4590 4591 4592 4593 4594 4595 4596 4599 4602 4603 4604 4605 4606 4609 4612 4613 4614 4615 4616 4621 4626 4627 4628 4629 4630 4636 4642 4643 4644 4645 4646 4647 4648 4649 4650 4652 4654 4656 4658 4660 4662 4663 4664 4665 4666 4668 4670 4671 4672 4673 4674 4675 4676 4677 4678 4679 4680 4684 4688 4689 4690 4692 4694 4695 4696 4697 4698 4706 4714 4715 4716 4717 4718 4719 4720 4721 4722 4723 4724 4725 4726 4727 4728 4729 4730 4731 4732 4733 4734 4735 4736 4741 4746 4747 4748 4749 4750 4760 4770 4771 4772 4773 4774 4775 4776 4779 4782 4784 4786 4787 4788 4789 4790 4793 4796 4797 4798 4799 4800 4807 4814 4815 4816 4817 4818 4819 4820 4821 4822 4823 4824 4829 4834 4835 4836 4837 4838 4839 4840 4842 4844 4845 4846 4847 4848 4850 4852 4853 4854 4855 4856 4857 4858 4862 4866 4867 4868 4869 4870 4872 4874 4875 4876 4877 4878 4879 4880 4881 4882 4883 4884 4892 4900 4901 4902 4903 4904 4912 4920 4921 4922 4923 4924 4936 4948 4949 4950 4951 4952 4954 4956 4958 4960 4961 4962 4963 4964 4967 4970 4971 4972 4973 4974 4982 4990 4991 4992 4993 4994 5000 5006 5007 5008 5009 5010 5012 5014 5015 5016 5017 5018 5019 5020 5021 5022 5023 5024 5031 5038 5039 5040 5041 5042 5050 5058 5059 5060 5061 5062 5065 5068 5069 5070 5071 5072 5075 5078 5079 5080 5081 5082 5083 5084 5085 5086 5087 5088 5089 5090 5091 5092 5093 5094 5095 5096 5103 5110 5111 5112 5113 5114 5115 5116 5118 5120 5121 5122 5123 5124 5131 5138 5139 5140 5141 5142 5144 5146 5147 5148 5149 5150 5151 5152 5154 5156 5158 5160 5163 5166 5167 5168 5169 5170 5171 5172 5173 5174 5178 5182 5183 5184 5185 5186 5194 5202 5203 5204 5205 5206 5207 5208 5209 5210 5211 5212 5213 5214 5215 5216 5217 5218 5219 5220 5221 5222 5223 5224 5225 5226 5228 5230 5231 5232 5233 5234 5235 5236 5237 5238 5239 5240 5241 5242 5243 5244 5245 5246 5247 5248 5258 5268 5269 5270 5271 5272 5280 5288 5289 5290 5291 5292 5297 5302 5303 5304 5305 5306 5307 5308 5309 5310 5311 5312 5314 5316 5318 5320 5323 5326 5327 5328 5329 5330 5333 5336 5337 5338 5339 5340 5341 5342 5343 5344 5347 5350 5351 5352 5353 5354 5356 5358 5359 5360 5361 5362 5365 5368 5369 5370 5371 5372 5373 5374 5375 5376 5377 5378 5380 5382 5383 5384 5385 5386 5393 5400 5401 5402 5403 5404 5405 5406 5408 5410 5414 5418 5419 5420 5421 5422 5423 5424 5425 5426 5427 5428 5430 5432 5434 5436 5438 5440 5442 5444 5445 5446 5447 5448 5449 5450 5451 5452 5457 5462 5463 5464 5465 5466 5467 5468 5469 5470 5471 5472 5473 5474 5475 5476 5478 5480 5481 5482 5483 5484 5485 5486 5487 5488 5489 5490 5495 5500 5501 5502 5503 5504 5505 5506 5507 5508 5515 5522 5523 5524 5525 5526 5527 5528 5529 5530 5531 5532 5533 5534 5550 5566 5567 5568 5569 5570 5571 5572 5573 5574 5575 5576 5577 5578 5583 5588 5589 5590 5591 5592 5593 5594 5595 5596 5597 5598 5599 5600 5601 5602 5649 5696 5697 5698 5699 5700 5701 5702 5703 5704 5705 5706 5707 5708 5709 5710 5713 5716 5719 5722 5725 5728 5729 5730 5731 5732 5733 5734 5735 5736 5737 5738 5742 5746 5747 5748 5749 5750 5751 5752 5754 5756 5758 5760 5761 5762 5763 5764 5765 5766 5767 5768 5776 5784 5785 5786 5787 5788 5790 5792 5793 5794 5795 5796 5800 5804 5805 5806 5807 5808 5809 5810 5811 5812 5816 5820 5821 5822 5823 5824 5826 5828 5829 5830 5831 5832 5833 5834 5835 5836 5837 5838 5839 5840 5841 5842 5843 5844 5845 5846 5847 5848 5849 5850 5852 5854 5855 5856 5857 5858 5859 5860 5861 5862 5863 5864 5866 5868 5869 5870 5871 5872 5873 5874 5876 5878 5879 5880 5881 5882 5888 5894 5895 5896 5898 5900 5901 5902 5903 5904 5905 5906 5907 5908 5909 5910 5911 5912 5913 5914 5915 5916 5917 5918 5919 5920 5921 5922 5931 5940 5941 5942 5943 5944 5945 5946 5955 5964 5965 5966 5967 5968 5970 5972 5973 5974 5975 5976 5978 5980 6077 6174 6176 6178 6181 6184 6187 6190 6191 6192 6193 6194 6195 6196 6205 6214 6215 6216 6217 6218 6219 6220 6222 6224 6227 6230 6231 6232 6233 6234 6238 6242 6243 6244 6245 6246 6254 6262 6264 6266 6268 6270 6276 6282 6283 6284 6285 6286 6287 6288 6289 6290 6291 6292 6293 6294 6300 6306 6307 6308 6309 6310 6311 6312 6313 6314 6316 6318 6319 6320 6321 6322 6331 6340 6341 6342 6343 6344 6347 6350 6351 6352 6353 6354 6355 6356 6357 6358 6361 6364 6365 6366 6367 6368 6374 6380 6381 6382 6384 6386 6387 6388 6389 6390 6391 6392 6393 6394 6395 6396 6405 6414 6415 6416 6417 6418 6420 6422 6423 6424 6425 6426 6427 6428 6431 6434 6437 6440 6441 6442 6443 6444 6445 6446 6455 6464 6465 6466 6467 6468 6472 6476 6478 6480 6482 6484 6487 6490 6491 6492 6493 6494 6501 6508 6509 6510 6511 6512 6513 6514 6515 6516 6522 6528 6529 6530 6531 6532 6533 6534 6535 6536 6537 6538 6539 6540 6541 6542 6544 6546 6547 6548 6549 6550 6554 6558 6559 6560 6561 6562 6564 6566 6567 6568 6569 6570 6571 6572 6573 6574 6575 6576 6577 6578 6585 6592 6593 6594 6595 6596 6597 6598 6599 6600 6601 6602 6604 6606 6608 6610 6612 6614 6615 6616 6617 6618 6619 6620 6628 6636 6637 6638 6639 6640 6641 6642 6643 6644 6646 6648 6649 6650 6651 6652 6658 6664 6665 6666 6667 6668 6669 6670 6671 6672 6674 6676 6677 6678 6679 6680 6681 6682 6683 6684 6685 6686 6691 6696 6697 6698 6699 6700 6701 6702 6703 6704 6710 6716 6717 6718 6719 6720 6722 6724 6725 6726 6727 6728 6729 6730 6733 6736 6738 6740 6742 6744 6747 6750 6751 6752 6753 6754 6761 6768 6769 6770 6771 6772 6773 6774 6775 6776 6777 6778 6783 6788 6789 6790 6791 6792 6797 6802 6803 6804 6805 6806 6813 6820 6822 6824 6826 6828 6829 6830 6831 6832 6838 6844 6845 6846 6847 6848 6870 6892 6893 6894 6895 6896 6898 6900 6901 6902 6903 6904 6905 6906 6907 6908 6909 6910 6912 6914 6915 6916 6917 6918 6919 6920 6922 6924 6925 6926 6927 6928 6943 6958 6959 6960 6961 6962 6965 6968 6969 6970 6971 6972 6988 7004 7005 7006 7007 7008 7012 7016 7024 7032 7035 7038 7039 7040 7041 7042 7047 7052 7053 7054 7055 7056 7057 7058 7059 7060 7061 7062 7063 7064 7065 7066 7067 7068 7069 7070 7071 7072 7073 7074 7076 7078 7079 7080 7081 7082 7083 7084 7091 7098 7099 7100 7101 7102 7112 7122 7123 7124 7125 7126 7134 7142 7143 7144 7145 7146 7148 7150 7151 7152 7153 7154 7155 7156 7160 7164 7165 7166 7167 7168 7169 7170 7171 7172 7180 7188 7189 7190 7191 7192 7194 7196 7197 7198 7199 7200 7207 7214 7215 7216 7217 7218 7220 7222 7223 7224 7225 7226 7233 7240 7241 7242 7243 7244 7246 7248 7249 7250 7251 7252 7253 7254 7255 7256 7257 7258 7260 7262 7263 7264 7265 7266 7267 7268 7269 7270 7275 7280 7281 7282 7283 7284 7291 7298 7299 7300 7302 7304 7305 7306 7308 7310 7313 7316 7317 7318 7319 7320 7338 7356 7358 7360 7362 7364 7375 7386 7387 7388 7389 7390 7395 7400 7401 7402 7403 7404 7410 7416 7418 7420 7421 7422 7423 7424 7427 7430 7431 7432 7433 7434 7437 7440 7441 7442 7443 7444 7446 7448 7449 7450 7451 7452 7453 7454 7456 7458 7459 7460 7461 7462 7469 7476 7477 7478 7479 7480 7482 7484 7485 7486 7487 7488 7489 7490 7491 7492 7493 7494 7503 7512 7513 7514 7515 7516 7518 7520 7521 7522 7523 7524 7529 7534 7536 7538 7539 7540 7542 7544 7545 7546 7547 7548 7549 7550 7551 7552 7553 7554 7555 7556 7557 7558 7566 7574 7575 7576 7577 7578 7581 7584 7585 7586 7587 7588 7593 7598 7599 7600 7601 7602 7603 7604 7605 7606 7607 7608 7609 7610 7611 7612 7636 7660 7661 7662 7663 7664 7666 7668 7669 7670 7671 7672 7673 7674 7675 7676 7682 7688 7689 7690 7691 7692 7701 7710 7711 7712 7713 7714 7723 7732 7733 7734 7735 7736 7748 7760 7761 7762 7763 7764 7766 7768 7769 7770 7771 7772 7773 7774 7775 7776 7778 7780 7781 7782 7783 7784 7787 7790 7791 7792 7793 7794 7795 7796 7797 7798 7799 7800 7810 7820 7821 7822 7823 7824 7834 7844 7845 7846 7847 7848 7849 7850 7851 7852 7859 7866 7867 7868 7869 7870 7877 7884 7885 7886 7887 7888 7889 7890 7891 7892 7893 7894 7899 7904 7905 7906 7907 7908 7909 7910 7911 7912 7913 7914 7916 7918 7919 7920 7921 7922 7924 7926 7927 7928 7929 7930 7936 7942 7944 7946 7948 7950 7952 7954 7956 7958 7959 7960 7962 7964 7965 7966 7970 7974 7975 7976 7977 7978 7980 7982 7983 7984 7985 7986 7987 7988 7989 7990 7991 7992 8001 8010 8011 8012 8013 8014 8018 8022 8023 8024 8025 8026 8027 8028 8029 8030 8046 8062 8063 8064 8065 8066 8069 8072 8074 8076 8078 8080 8081 8082 8083 8084 8085 8086 8087 8088 8089 8090 8096 8102 8103 8104 8105 8106 8107 8108 8109 8110 8111 8112 8113 8114 8115 8116 8121 8126 8127 8128 8129 8130 8135 8140 8141 8142 8143 8144 8145 8146 8147 8148 8151 8154 8155 8156 8157 8158 8160 8162 8163 8164 8165 8166 8167 8168 8169 8170 8171 8172 8174 8176 8177 8178 8179 8180 8185 8190 8191 8192 8193 8194 8217 8240 8241 8242 8243 8244 8245 8246 8247 8248 8249 8250 8252 8254 8255 8256 8257 8258 8259 8260 8261 8262 8263 8264 8270 8276 8277 8278 8279 8280 8287 8294 8295 8296 8297 8298 8301 8304 8305 8306 8307 8308 8309 8310 8311 8312 8325 8338 8339 8340 8341 8342 8343 8344 8345 8346 8347 8348 8353 8358 8359 8360 8361 8362 8363 8364 8366 8368 8370 8372 8392 8412 8413 8414 8415 8416 8419 8422 8423 8424 8425 8426 8437 8448 8449 8450 8451 8452 8464 8476 8477 8478 8479 8480 8485 8490 8491 8492 8493 8494 8496 8498 8499 8500 8501 8502 8511 8520 8522 8524 8526 8528 8542 8556 8557 8558 8559 8560 8562 8564 8565 8566 8567 8568 8572 8576 8577 8578 8579 8580 8582 8584 8585 8586 8587 8588 8589 8590 8591 8592 8593 8594 8596 8598 8599 8600 8601 8602 8606 8610 8611 8612 8613 8614 8616 8618 8619 8620 8621 8622 8623 8624 8625 8626 8627 8628 8635 8642 8643 8644 8645 8646 8648 8650 8653 8656 8659 8662 8668 8674 8677 8680 8681 8682 8683 8684 8685 8686 8687 8688 8689 8690 8697 8704 8706 8708 8710 8712 8717 8722 8723 8724 8725 8726 8732 8738 8739 8740 8741 8742 8751 8760 8761 8762 8763 8764 8767 8770 8772 8774 8776 8778 8781 8784 8785 8786 8787 8788 8795 8802 8803 8804 8805 8806 8807 8808 8809 8810 8811 8812 8817 8822 8823 8824 8825 8826 8831 8836 8837 8838 8839 8840 8849 8858 8859 8860 8861 8862 8894 8926 8927 8928 8929 8930 8931 8932 8933 8934 8935 8936 8937 8938 8940 8942 8944 8946 8949 8952 8955 8958 8961 8964 8965 8966 8967 8968 8969 8970 8979 8988 8990 8992 8994 8996 8997 8998 8999 9000 9001 9002 9008 9014 9015 9016 9017 9018 9020 9022 9023 9024 9025 9026 9031 9036 9038 9040 9042 9044 9050 9056 9057 9058 9059 9060 9061 9062 9063 9064 9065 9066 9073 9080 9081 9082 9083 9084 9086 9088 9089 9090 9091 9092 9101 9110 9111 9112 9113 9114 9117 9120 9121 9122 9123 9124 9125 9126 9127 9128 9138 9148 9149 9150 9151 9152 9223 9294 9295 9296 9297 9298 9306 9314 9334 9354 9355 9356 9357 9358 9360 9362 9363 9364 9365 9366 9382 9398 9399 9400 9401 9402 9447 9492 9493 9494 9495 9496 9511 9526 9527 9528 9529 9530 9548 9566 9567 9568 9569 9570 9572 9574 9575 9576 9577 9578 9591 9604 9605 9606 9607 9608 9612 9616 9617 9618 9619 9620 9624 9628 9629 9630 9631 9632 9635 9638 9639 9640 9641 9642 9654 9666 9667 9668 9669 9670 9671 9672 9673 9674 9675 9676 9687 9698 9699 9700 9701 9702 9704 9706 9707 9708 9709 9710 9726 9742 9743 9744 9745 9746 9765 9784 9795 9806 9807 9808 9809 9810 9829 9848 9849 9850 9944 10038 10039 10040 10049 10058 10059 10060 10061 10062 10073 10084 10085 10086 10087 10088 10092 10096 10097 10098 10099 10100 10102 10104 10105 10106 10107 10108 10112 10116 10117 10118 10119 10120 10135 10150 10151 10152 10153 10154 10197 10240 10241 10242 10243 10244 10297 10350 10360 10370 10371 10372 10373 10374 10393 10412 10413 10414 10415 10416 10464 10512 10513 10514 10515 10516 10517 10518 10519 10520 10528 10536 10537 10538 10539 10540 10562 10584 10585 10586 10587 10588 10591 10594 10596 10598 10600 10602 10603 10604 10605 10606 10607 10608 10615 10622 10623 10624 10625 10626 10634 10642 10643 10644 10645 10646 10647 10648 10649 10650 10651 10652 10670 10688 10689 10690 10691 10692 10700 10708 10709 10710 10711 10712 10714 10716 10717 10718 10719 10720 10730 10740 10741 10742 10743 10744 10750 10756 10757 10758 10759 10760 10761 10762 10763 10764 10768 10772 10773 10774 10775 10776 10778 10780 10781 10782 10783 10784 10785 10786 10787 10788 10789 10790 10794 10798 10799 10800 10801 10802 10808 10814 10815 10816 10817 10818 10820 10822 10824 10826 10828 10830 10832 10834 10835 10836 10837 10838 10840 10842 10843 10844 10845 10846 10851 10856 10857 10858 10859 10860 10867 10874 10875 10876 10877 10878 10879 10880 10881 10882 10883 10884 10893 10902 10903 10904 10905 10906 10914 10922 10923 10924 10925 10926 10928 10930 10931 10932 10933 10934 10950 10966 10967 10968 10969 10970 10972 10974 10975 10976 10977 10978 10985 10992 10993 10994 10995 10996 10997 10998 10999 11000 11003 11006 11009 11012 11016 11020 11021 11022 11023 11024 11026 11028 11029 11030 11031 11032 11033 11034 11035 11036 11037 11038 11047 11056 11058 11060 11062 11064 11066 11068 11070 11072 11074 11076 11083 11090 11091 11092 11093 11094 11103 11112 11113 11114 11115 11116 11117 11118 11119 11120 11121 11122 11135 11148 11149 11150 11151 11152 11162 11172 11174 11176 11178 11180 11183 11186 11187 11188 11189 11190 11196 11202 11203 11204 11205 11206 11210 11214 11215 11216 11217 11218 11222 11226 11227 11228 11229 11230 11233 11236 11264 11292 11293 11294 11295 11296 11297 11298 11313 11328 11329 11330 11331 11332 11348 11364 11365 11366 11367 11368 11369 11370 11371 11372 11373 11374 11379 11384 11385 11386 11387 11388 11404 11420 11454 11488 11489 11490 11491 11492 11493 11494 11495 11496 11497 11498 11502 11506 11509 11512 11515 11518 11519 11520 11521 11522 11523 11524 11531 11538 11539 11540 11541 11542 11543 11544 11545 11546 11547 11548 11557 11566 11567 11568 11569 11570 11578 11586 11587 11588 11589 11590 11594 11598 11599 11600 11601 11602 11604 11606 11607 11608 11609 11610 11612 11614 11615 11616 11617 11618 11619 11620 11621 11622 11623 11624 11628 11632 11633 11634 11635 11636 11641 11646 11647 11648 11649 11650 11656 11662 11664 11666 11668 11670 11672 11674 11675 11676 11677 11678 11679 11680 11681 11682 11683 11684 11693 11702 11703 11704 11705 11706 11712 11718 11719 11720 11721 11722 11724 11726 11727 11728 11729 11730 11732 11734 11735 11736 11737 11738 11742 11746 11749 11752 11755 11758 11759 11760 11761 11762 11763 11764 11765 11766 11767 11768 11776 11784 11786 11788 11790 11792 11800 11808 11809 11810 11811 11812 11820 11828 11829 11830 11831 11832 11834 11836 11837 11838 11844 11850 11853 11856 11859 11862 11868 11874 11876 11878 11880 11882 11884 11886 11887 11888 11889 11890 11899 11908 11909 11910 11911 11912 11916 11920 11921 11922 11923 11924 11927 11930 11931 11932 11933 11934 11940 11946 11948 11950 11952 11954 11955 11956 11957 11958 11959 11960 11978 11996 11997 11998 11999 12000 12014 12028 12030 12032 12034 12036 12039 12042 12043 12044 12045 12046 12053 12060 12062 12064 12066 12068 12074 12080 12081 12082 12083 12084 12086 12088 12089 12090 12091 12092 12104 12116 12117 12118 12119 12120 12130 12140 12141 12142 12143 12144 12162 12180 12185 12190 12191 12192 12193 12194 12196 12198 12199 12200 12201 12202 12220 12238 12239 12240 12241 12242 12245 12248 12249 12250 12251 12252 12263 12274 12275 12276 12277 12278 12280 12282 12283 12284 12285 12286 12294 12302 12303 12304 12305 12306 12308 12310 12311 12312 12313 12314 12321 12328 12329 12330 12331 12332 12333 12334 12335 12336 12337 12338 12346 12354 12355 12356 12357 12358 12363 12368 12369 12370 12371 12372 12380 12388 12389 12390 12391 12392 12397 12402 12403 12404 12405 12406 12409 12412 12414 12416 12418 12420 12422 12424 12425 12426 12427 12428 12435 12442 12443 12444 12445 12446 12453 12460 12461 12462 12463 12464 12466 12468 12469 12470 12471 12472 12475 12478 12479 12480 12481 12482 12508 12534 12535 12536 12537 12538 12539 12540 12541 12542 12548 12554 12556 12558 12560 12562 12569 12576 12577 12578 12579 12580 12603 12626 12627 12628 12629 12630 12632 12634 12638 12642 12643 12644 12645 12646 12679 12712 12713 12714 12715 12716 12731 12746 12747 12748 12749 12750 12764 12778 12779 12780 12781 12782 12788 12794 12795 12796 12797 12798 12823 12848 12849 12850 12851 12852 12863 12874 12875 12876 12877 12878 12879 12880 12881 12882 12883 12884 12885 12886 12887 12888 12889 12890 12891 12892 12893 12894 12897 12900 12903 12906 12907 12908 12909 12910 12911 12912 12920 12928 12931 12934 12937 12940 12948 12956 12957 12958 12959 12960 12967 12974 12976 12978 12980 12982 12988 12994 12996 12998 13000 13002 13003 13004 13005 13006 13007 13008 13015 13022 13023 13024 13025 13026 13028 13030 13031 13032 13033 13034 13043 13052 13053 13054 13055 13056 13059 13062 13064 13066 13068 13070 13080 13090 13091 13092 13093 13094 13105 13116 13117 13118 13119 13120 13121 13122 13123 13124 13125 13126 13127 13128 13129 13130 13131 13132 13133 13134 13140 13146 13147 13148 13149 13150 13158 13166 13167 13168 13169 13170 13173 13176 13178 13180 13182 13184 13187 13190 13191 13192 13193 13194 13195 13196 13203 13210 13211 13212 13213 13214 13215 13216 13217 13218 13219 13220 13225 13230 13231 13232 13233 13234 13236 13238 13239 13240 13241 13242 13244 13246 13247 13248 13249 13250 13257 13264 13265 13266 13267 13268 13269 13270 13271 13272 13273 13274 13290 13306 13307 13308 13309 13310 13311 13312 13313 13314 13326 13338 13339 13340 13341 13342 13344 13346 13347 13348 13349 13350 13362 13374 13375 13376 13377 13378 13385 13392 13393 13394 13395 13396 13472 13548 13549 13550 13551 13552 13553 13554 13555 13556 13559 13562 13563 13564 13565 13566 13583 13600 13601 13602 13603 13604 13612 13620 13621 13622 13623 13624 13652 13680 13681 13682 13703 13724 13725 13726 13727 13728 13755 13782 13783 13784 13785 13786 13793 13800 13801 13802 13803 13804 13819 13834 13835 13836 13837 13838 13861 13884 13885 13886 13887 13888 13902 13916 13959 14002 14003 14004 14005 14006 14007 14008 14038 14068 14069 14070 14071 14072 14076 14080 14081 14082 14083 14084 14100 14116 14117 14118 14119 14120 14140 14160 14161 14162 14163 14164 14196 14228 14229 14230 14231 14232 14239 14246 14247 14248 14249 14250 14287 14324 14345 14366 14367 14368 14369 14370 14458 14546 14547 14548 14549 14550 14560 14570 14581 14592 14593 14594 14595 14596 14630 14664 14667 14670 14717 14764 14765 14766 14767 14768 14776 14784 14833 14882 14894 14906 14955 15004 15234 15234 15439 639 695
0 91 182 190 198 251 304 376 448 449 450 451 452 463 474 475 476 477 478 484 490 491 492 493 494 554 614 615 616 617 618 682 746 747 748 749 750 763 776 777 778 779 780 789 798 799 800 801 802 876 950 951 952 1070 1188 1189 1190 1191 1192 1336 1480 1481 1482 1483 1484 1573 1662 1663 1664 1665 1666 1938 2210 2211 2212 2213 2214 2308 2402 2404 2406 2408 2410 2414 2418 2419 2420 2421 2422 2428 2434 2435 2436 2437 2438 2439 2440 2441 2442 2443 2444 2445 2446 2447 2448 2711 2974 2975 2976 2977 2978 2983 2988 2989 2990 2995 3000 3001 3002 3003 3004 3007 3010 3011 3012 3013 3014 3019 3024 3025 3026 3027 3028 3029 3030 3031 3032 3033 3034 3182 3330 3331 3332 3333 3334 3335 3336 3337 3338 3415 0 68 3338 3362
0 219 438 439 440 441 442 962 1482 1483 1484 1485 1486 1499 1512 1513 1514 1515 1516 1545 1574 1575 1576 1577 1578 1771 1964 1965 1966 1967 1968 2127 2286 2287 2288 2289 2290 2625 2960 2961 2962 2963 2964 2976 2988 2991 2994 3124 3254 3255 3256 3257 3258 3400 3542 3543 3544 3605 3666 3667 3668 3669 3670 3708 3746 3747 3748 3749 3750 3754 3758 3759 3760 3761 3762 3767 3772 3773 3774 3775 3776 3917 3917 3985 219 278
0 294 588 605 622 623 624 625 626 801 976 1005 1034 1035 1036 1037 1038 1100 1162 1163 1164 1165 1166 1240 1314 1322 1330 1354 1378 1379 1380 1381 1382 1414 1446 1447 1448 1449 1450 1524 1598 1631 1664 1751 1838 1839 1840 1841 1842 1905 1968 1969 1970 1971 1972 2032 2092 2093 2094 2095 2096 2101 2106 2114 2122 2188 2254 2266 2278 2344 2410 2452 2494 2495 2496 2497 2498 2500 2502 2503 2504 2505 2506 2514 2522 2523 2524 2525 2526 2527 2528 2529 2530 2531 2532 3421 294 569 2532 2592
0 229 458 465 472 591 710 717 724 725 726 727 728 729 730 738 746 747 748 749 750 751 752 760 768 769 770 771 772 780 788 789 790 791 792 800 808 809 810 811 812 820 828 829 830 831 832 840 848 849 850 851 852 869 886 887 888 889 890 898 906 907 908 909 910 918 926 927 928 1262 1596 1604 1612 1613 1614 1622 1630 1631 1632 1633 1634 1642 1650 1651 1652 1653 1654 1671 1688 1689 1690 1691 1692 1700 1708 1709 1710 1711 1712 1720 1728 1729 1730 1731 1732 1749 1766 1767 1768 1769 1770 1778 1786 1787 1788 1789 1790 1798 1806 1807 1808 1809 1810 1818 1826 1827 1828 1829 1830 1831 1832 1839 1846 1847 1848 1849 1850 1853 1856 1857 1858 1859 1860 1864 1868 1869 1870 1871 1872 1880 1888 1889 1890 1891 1892 1900 1908 1909 1910 1911 1912 1920 1928 1929 1930 1931 1932 1949 1966 1967 1968 1969 1970 1978 1986 1987 1988 1989 1990 1998 2006 2007 2008 2009 2010 2011 2012 2020 2028 2029 2030 2031 2032 2040 2048 2049 2050 2051 2052 2060 2068 2069 2070 2071 2072 2080 2088 2089 2090 2091 2092 2100 2108 2109 2110 2111 2112 2113 2114 2131 2148 2149 2150 2151 2152 2160 2168 2169 2170 2171 2172 2180 2188 2189 2190 2191 2192 2200 2208 2209 2210 2211 2212 2213 2214 2222 2230 2231 2232 2233 2234 2235 2236 2244 2252 2253 2254 2255 2256 2264 2272 2273 2274 2275 2276 2284 2292 2293 2294 2295 2296 2297 2298 2306 2314 2315 2316 2317 2318 2326 2334 2335 2336 2337 2338 2347 2356 2359 2362 2363 2364 2365 2366 2370 2374 2375 2376 2377 2378 2381 2384 2385 2386 2387 2388 2392 2396 2397 2398 2399 2400 2403 2406 2407 2408 2409 2410 2414 2418 2419 2420 2421 2422 2423 2424 2427 2430 2431 2432 2433 2434 2438 2442 2443 2444 2445 2446 2449 2452 2453 2454 2455 2456 2460 2464 2465 2466 2467 2468 2471 2474 2475 2476 2477 2478 2482 2486 2487 2488 2489 2490 2498 2506 2507 2508 2509 2510 2518 2526 2527 2528 2529 2530 2538 2546 2547 2548 2549 2550 2558 2566 2567 2568 2569 2570 2575 2580 2583 2586 2587 2588 2589 2590 2591 2592 2599 2606 2607 2608 2609 2610 2618 2626 2627 2628 2629 2630 2638 2646 2647 2648 2649 2650 2658 2666 2667 2668 2676 2684 2685 2686 2687 2688 2705 2722 2723 2724 2725 2726 2727 2728 2736 2744 2745 2746 2747 2748 2756 2764 2765 2766 2767 2768 2776 2784 2785 2786 2787 2788 2796 2804 2805 2806 2815 2824 2825 2826 2834 2842 2887 2932 2940 2948 2949 2950 2951 2952 2960 2968 2969 2970 2971 2972 2980 2988 2989 2990 2991 2992 3000 3008 3009 3010 3011 3012 3020 3028 3029 3030 3031 3032 3033 3034 3042 3050 3051 3052 3053 3054 3062 3070 3071 3072 3073 3074 3081 3088 3089 3090 3091 3092 3100 3108 3109 3110 3111 3112 3117 3122 3125 3128 3129 3130 3131 3132 3137 3142 3145 3148 3364 3580 3581 3582 3583 3584 3592 3600 3601 3602 3603 3604 3612 3620 3621 3622 3631 3640 3641 3642 3650 3658 3659 3660 3661 3662 3670 3678 3679 3680 3681 3682 3690 3698 3699 3700 3701 3702 3710 3718 3719 3720 3721 3722 3730 3738 3739 3740 3741 3742 3750 3758 3759 3760 3761 3762 3770 3778 3779 3780 3781 3782 3790 3798 3799 3800 3801 3802 3810 3818 3819 3820 3821 3822 3830 3838 3839 3840 3841 3842 3850 3858 3859 3860 3861 3862 3868 3874 3876 3878 3879 3880 3881 3882 3890 3898 3899 3900 3901 3902 3910 3918 3919 3920 3921 3922 3928 3934 3936 3938 3939 3940 3941 3942 3950 3958 3959 3960 3961 3962 3970 3978 3979 3980 3981 3982 3990 3998 3999 4000 4001 4002 4010 4018 4019 4020 4021 4022 4028 4034 4036 4038 4039 4040 4041 4042 4050 4058 4059 4060 4061 4062 4070 4078 4079 4080 4081 4082 4090 4098 4107 4116 4117 4118 4119 4120 4128 4136 4137 4138 4139 4140 4148 4156 4157 4158 4159 4160 4168 4176 4177 4178 4179 4180 4188 4196 4205 4214 4215 4216 4217 4218 4224 4230 4232 4234 4235 4236 4237 4238 4239 4240 4245 4250 4252 4254 4264 4274 4276 4278 4280 4282 4283 4284 4778 5272 5273 5274 5300 5326 5327 5328 5329 5330 5486 5486 5616 229 255
0 466 932 933 934 935 936 1028 1120 1121 1122 1123 1124 1155 1186 1187 1188 1189 1190 1305 1420 1421 1422 1423 1424 1477 1530 1531 1532 1533 1534 1662 1790 1791 1792 1793 1794 1854 1914 1915 1916 1917 1918 1928 1938 1939 1940 1941 1942 2060 2178 2179 2180 2181 2182 2242 2302 2303 2304 2305 2306 2431 2556 2557 2558 2559 2560 2571 2582 2583 2584 2585 2586 2655 2724 2725 2726 2727 2728 2729 2730 2775 2820 2821 2822 2823 2824 2841 2858 2859 2860 2861 2862 2903 2944 2945 2946 2947 2948 2960 2972 2973 2974 2975 2976 2991 3006 3007 3008 3009 3010 3028 3046 3047 3048 3096 3144 3145 3146 3147 3148 3202 3256 3257 3258 3259 3260 3318 3376 3377 3378 3379 3380 3412 3444 3445 3446 3447 3448 3449 3450 3453 3456 3459 3462 3496 3530 3531 3532 3533 3534 3536 3538 3539 3540 3541 3542 3549 3556 3557 3558 3559 3560 3561 3562 3563 3564 3585 3606 3607 3608 3609 3610 3734 3858 3859 3860 3861 3862 3958 4054 4055 4056 4089 4122 4123 4124 4125 4126 4134 4142 4143 4144 4145 4146 4360 4360 4534 466 701
0 363 726 727 728 729 730 815 900 901 902 903 904 910 916 917 918 919 920 947 974 975 976 977 978 1035 1092 1093 1094 1095 1096 1116 1136 1137 1138 1139 1140 1245 1350 1351 1352 1353 1354 1363 1372 1373 1374 1375 1376 1377 1378 1379 1380 1381 1382 1443 1504 1505 1506 1507 1508 1577 1646 1647 1648 1649 1650 1684 1718 1719 1720 1722 1724 1725 1726 1727 1728 1747 1766 1767 1768 1769 1770 1836 1902 1903 1904 1905 1906 2056 2206 2207 2208 2209 2210 2258 2306 2307 2308 2309 2310 2417 2524 2525 2526 2527 2528 2534 2540 2541 2542 2543 2544 2575 2606 2607 2608 2624 2640 2641 2642 2643 2644 2673 2702 2705 2708 2768 2828 2829 2830 2831 2832 2833 2834 2835 2836 2837 2838 2895 2952 2953 2954 2955 2956 2970 2984 2985 2986 2987 2988 3055 3122 3123 3124 3125 3126 3209 3292 3293 3294 3295 3296 3470 3644 3645 3646 3647 3648 3724 3800 3801 3802 3803 3804 3892 3980 3981 3982 3983 3984 3997 4010 4011 4012 4013 4014 4139 0 312 4014 4072
0 77 154 168 182 183 184 185 186 190 194 195 196 197 198 219 240 241 242 243 244 252 260 262 264 268 272 273 274 275 276 278 280 282 284 285 286 287 288 289 290 292 294 295 296 297 298 299 300 301 302 309 316 320 324 325 326 328 330 331 332 333 334 338 342 344 346 348 350 358 366 367 368 369 370 371 372 373 374 380 386 387 388 389 390 392 394 395 396 397 398 407 416 418 420 425 430 431 432 433 434 436 438 439 440 442 444 445 446 447 448 455 462 463 464 465 466 480 494 510 526 527 528 529 530 570 610 611 612 613 614 615 616 617 618 621 624 632 640 641 642 643 644 645 646 647 648 650 652 653 654 655 656 659 662 663 664 665 666 675 684 685 686 687 688 692 696 697 698 700 702 703 704 705 706 707 708 709 710 711 712 720 728 730 732 736 740 741 742 743 744 746 748 749 750 751 752 754 756 757 758 759 760 765 770 772 774 777 780 782 784 786 788 791 794 795 796 797 798 804 810 811 812 813 814 826 838 839 840 841 842 863 884 885 886 887 888 890 892 893 894 895 896 897 898 899 900 901 902 903 904 905 906 907 908 914 920 922 924 926 928 931 934 935 936 937 938 947 956 958 960 970 980 981 982 1001 1020 1027 1034 1035 1036 1039 1042 1050 1058 1059 1060 1061 1062 1063 1064 1065 1066 1067 1068 1069 1070 1071 1072 1073 1074 1079 1084 1085 1086 1087 1088 1090 1092 1094 1096 1103 1110 1111 1112 1132 1152 1153 1154 1155 1156 1174 1192 1193 1194 1214 1234 1235 1236 1237 1238 1239 1240 1259 1278 1283 1288 1289 1290 1291 1292 1293 1294 1295 1296 1297 1298 1300 1302 1311 1320 1321 1322 1323 1324 1330 1336 1337 1338 1339 1340 1341 1342 1343 1344 1347 1350 1351 1352 1354 1356 1362 1368 1369 1370 1371 1372 1373 1374 1375 1376 1377 1378 1379 1380 1381 1382 1383 1384 1385 1386 1387 1388 1389 1390 1391 1392 1393 1394 1395 1396 1397 1398 1399 1400 1404 1408 1409 1410 1412 1414 1416 1418 1421 1424 1425 1426 1427 1428 1437 1446 1448 1450 1451 1452 1453 1454 1455 1456 1458 1460 1461 1462 1463 1464 1469 1474 1475 1476 1477 1478 1479 1480 1481 1482 1483 1484 1489 1494 1495 1496 1497 1498 1500 1502 1503 1504 1505 1506 1507 1508 1509 1510 1511 1512 1514 1516 1517 1518 1520 1522 1524 1526 1528 1530 1539 1548 1559 1570 1576 1582 1585 1588 1591 1594 1595 1596 1597 1598 1604 1610 1613 1616 1617 1618 1619 1620 1621 1622 1624 1626 1629 1632 1633 1634 1635 1636 1644 1652 1653 1654 1655 1656 1657 1658 1659 1660 1661 1662 1664 1666 1668 1670 1675 1680 1681 1682 1683 1684 1685 1686 1687 1688 1693 1698 1701 1704 1705 1706 1707 1708 1714 1720 1721 1722 1723 1724 1726 1728 1731 1734 1740 1746 1747 1748 1749 1750 1752 1754 1755 1756 1757 1758 1765 1772 1773 1774 1775 1776 1777 1778 1779 1780 1781 1782 1783 1784 1785 1786 1802 1818 1825 1832 1842 1852 1861 1870 1880 1890 1894 1898 1899 1900 1901 1902 1913 1924 1925 1926 1927 1928 1929 1930 1931 1932 1933 1934 1939 1944 1949 1954 1957 1960 1969 1978 2043 2108 2127 2146 2175 2204 2242 2280 2302 2324 2343 2362 2364 2366 2374 2382 2383 2384 2385 2386 2387 2388 2389 2390 2391 2392 2393 2394 2397 2400 2401 2402 2403 2404 2405 2406 2407 2408 2409 2410 2411 2412 2413 2414 2417 2420 2421 2422 2440 2458 2459 2460 2462 2464 2465 2466 2467 2468 2471 2474 2475 2476 2477 2478 2480 2482 2486 2490 2491 2492 2493 2494 2495 2496 2497 2498 2499 2500 2502 2504 2521 2538 2542 2546 2547 2548 2549 2550 2553 2556 2557 2558 2559 2560 2561 2562 2563 2564 2577 2590 2591 2592 2593 2594 2600 2606 2607 2608 2609 2610 2612 2614 2615 2616 2617 2618 2619 2620 2621 2622 2623 2624 2625 2626 2627 2628 2629 2630 2632 2634 2637 2640 2642 2644 2645 2646 2647 2648 2649 2650 2651 2652 2654 2656 2659 2662 2663 2664 2665 2666 2667 2668 2669 2670 2671 2672 2679 2686 2688 2690 2691 2692 2693 2694 2700 2706 2707 2708 2709 2710 2711 2712 2714 2716 2725 2734 2735 2736 2737 2738 2739 2740 2741 2742 2743 2744 2746 2748 2749 2750 2751 2752 2755 2758 2759 2760 2761 2762 2768 2774 2775 2776 2779 2782 2784 2786 2792 2798 2799 2800 2823 2846 2847 2848 2849 2850 2851 2852 2869 2886 2887 2888 2889 2890 2891 2892 2893 2894 2915 2936 2937 2938 2939 2940 2958 2976 2977 2978 2979 2980 2999 3018 3036 3054 3073 3092 3112 3132 3138 3144 3145 3146 3147 3148 3149 3150 3151 3152 3153 3154 3159 3164 3166 3168 3169 3170 3171 3172 3173 3174 3177 3180 3181 3182 3183 3184 3185 3186 3187 3188 3189 3190 3191 3192 3193 3194 3201 3208 3209 3210 3212 3214 3221 3228 3234 3240 3241 3242 3243 3244 3245 3246 3247 3248 3249 3250 3251 3252 3256 3260 3261 3262 3263 3264 3269 3274 3275 3276 3277 3278 3289 3300 3302 3304 3305 3306 3307 3308 3309 3310 3316 3322 3323 3324 3325 3326 3328 3330 3331 3332 3333 3334 3335 3336 3337 3338 3339 3340 3341 3342 3343 3344 3345 3346 3348 3350 3354 3358 3359 3360 3362 3364 3365 3366 3367 3368 3370 3372 3373 3374 3375 3376 3377 3378 3379 3380 3391 3402 3403 3404 3405 3406 3407 3408 3409 3410 3411 3412 3413 3414 3417 3420 3421 3422 3423 3424 3425 3426 3445 3464 3479 3494 3495 3496 3497 3498 3522 3546 3554 3562 3594 3626 3627 3628 3629 3630 3631 3632 3633 3634 3637 3640 3641 3642 3643 3644 3645 3646 3647 3648 3649 3650 3652 3654 3655 3656 3657 3658 3661 3664 3665 3666 3667 3668 3671 3674 3675 3676 3677 3678 3680 3682 3683 3684 3685 3686 3690 3694 3695 3696 3697 3698 3699 3700 3701 3702 3703 3704 3706 3708 3711 3714 3715 3716 3717 3718 3719 3720 3721 3722 3724 3726 3727 3728 3729 3730 3731 3732 3733 3734 3735 3736 3737 3738 3748 3758 3773 3788 3789 3790 3791 3792 3793 3794 3801 3808 3814 3820 3821 3822 3823 3824 3833 3842 3843 3844 3845 3846 3847 3848 3863 3878 3879 3880 3881 3882 3884 3886 3890 3894 3895 3896 3897 3898 3911 3924 3925 3926 3929 3932 3936 3940 3941 3942 3943 3944 3951 3958 3981 4004 4010 4016 4019 4022 4023 4024 4032 4040 4041 4042 4043 4044 4053 4062 4063 4064 4067 4070 4079 4088 4089 4090 4091 4092 4093 4094 4095 4096 4097 4098 4106 4114 4118 4122 4125 4128 4129 4130 4131 4132 4133 4134 4135 4136 4137 4138 4143 4148 4150 4152 4154 4156 4158 4160 4161 4162 4163 4164 4165 4166 4167 4168 4169 4170 4172 4174 4176 4178 4179 4180 4182 4184 4185 4186 4187 4188 4189 4190 4193 4196 4197 4198 4199 4200 4201 4202 4203 4204 4205 4206 4207 4208 4209 4210 4217 4224 4225 4226 4228 4230 4232 4234 4239 4244 4246 4248 4250 4252 4254 4256 4257 4258 4259 4260 4261 4262 4263 4264 4265 4266 4270 4274 4275 4276 4277 4278 4282 4286 4287 4288 4289 4290 4294 4298 4299 4300 4301 4302 4303 4304 4308 4312 4313 4314 4315 4316 4317 4318 4319 4320 4321 4322 4327 4332 4333 4334 4335 4336 4339 4342 4343 4344 4345 4346 4347 4348 4349 4350 4351 4352 4353 4354 4355 4356 4357 4358 4359 4360 4367 4374 4376 4378 4382 4386 4387 4388 4389 4390 4401 4412 4413 4414 4415 4416 4434 4452 4453 4454 4455 4456 4457 4458 4459 4460 4461 4462 4464 4466 4469 4472 4474 4476 4481 4486 4487 4488 4489 4490 4492 4494 4495 4496 4497 4498 4505 4512 4520 4528 4529 4530 4531 4532 4533 4534 4547 4560 4561 4562 4563 4564 4570 4576 4583 4590 4596 4602 4613 4624 4625 4626 4627 4628 4629 4630 4633 4636 4638 4640 4642 4644 4647 4650 4651 4652 4655 4658 4659 4660 4661 4662 4663 4664 4665 4666 4667 4668 4669 4670 4677 4684 4688 4692 4693 4694 4695 4696 4698 4700 4701 4702 4703 4704 4705 4706 4707 4708 4709 4710 4776 4842 4844 4846 4856 4866 4877 4888 4907 4926 4934 4942 4948 4954 4955 4956 4960 4964 4966 4968 4970 4972 4973 4974 4975 4976 4987 4998 4999 5000 5001 5002 5003 5004 5005 5006 5007 5008 5010 5012 5014 5016 5018 5020 5021 5022 5023 5024 5035 5046 5047 5048 5049 5050 5054 5058 5059 5060 5061 5062 5063 5064 5065 5066 5067 5068 5069 5070 5074 5078 5080 5082 5083 5084 5085 5086 5087 5088 5089 5090 5091 5092 5093 5094 5101 5108 5112 5116 5117 5118 5119 5120 5123 5126 5127 5128 5129 5130 5131 5132 5133 5134 5135 5136 5138 5140 5143 5146 5147 5148 5186 5224 5228 5232 5242 5252 5253 5254 5255 5256 5257 5258 5266 5274 5275 5276 5279 5282 5291 5300 5301 5302 5303 5304 5329 5354 5355 5356 5357 5358 5359 5360 5361 5362 5363 5364 5369 5374 5376 5378 5379 5380 5381 5382 5383 5384 5390 5396 5397 5398 5399 5400 5417 5434 5435 5436 5437 5438 5443 5448 5449 5450 5451 5452 5453 5454 5455 5456 5457 5458 5459 5460 5461 5462 5463 5464 5465 5466 5467 5468 5470 5472 5473 5474 5480 5486 5487 5488 5492 5496 6267 0 48 6267 6437
0 501 1002 1003 1004 1005 1006 1091 1176 1177 1178 1179 1180 1215 1250 1251 1252 1253 1254 1336 1418 1419 1420 1421 1422 1423 1424 1425 1426 1566 1706 1707 1708 1709 1710 1802 1894 1895 1896 1897 1898 2025 2152 2153 2154 2155 2156 2161 2166 2167 2168 2169 2170 2425 2680 2681 2682 2683 2684 2861 3038 3039 3040 3116 3192 3193 3194 3195 3196 3236 3276 3277 3278 3279 3280 3359 3438 3439 3440 3441 3442 3832 4222 4223 4224 4225 4226 4255 4284 4285 4286 4287 4288 4415 4542 4543 4544 4545 4546 4714 4882 4883 4884 4885 4886 4968 5050 5051 5052 5053 5054 5084 5114 5115 5116 5117 5118 5122 5126 5131 5136 5143 5150 5151 5152 5153 5154 5223 5292 5294 5296 5298 5300 5314 5328 5329 5330 5331 5332 5346 5360 5361 5362 5363 5364 5385 5406 5407 5408 5409 5410 5415 5420 5421 5422 5423 5424 5470 5516 5517 5518 5519 5520 5828 6136 6137 6138 6139 6140 6428 6716 6718 6720 6722 6724 6767 6810 6811 6812 6813 6814 6815 6816 6817 6818 6832 6846 6847 6848 6849 6850 6888 6926 6927 6928 6929 6930 7269 7608 7609 7610 7611 7612 7679 7746 7747 7748 7749 7750 7882 8014 8015 8016 8017 8018 8386 8386 8626 501 619
0 159 318 319 320 445 570 571 572 675 778 779 780 781 782 967 1152 1153 1154 1155 1156 1218 1280 1281 1282 1283 1284 1397 1510 1511 1512 1513 1514 1518 1522 1523 1524 1525 1526 1614 1702 1703 1704 1705 1706 1707 1708 1709 1710 1806 1902 1903 1904 1905 1906 2071 2236 2237 2238 2239 2240 2334 2428 2429 2430 2431 2432 2437 2442 2443 2444 2445 2446 2475 2504 2505 2506 2507 2508 2559 2610 2611 2612 2613 2614 2615 2616 2842 3068 3069 3070 3071 3072 3134 3196 3197 3198 3199 3200 3291 3382 3383 3384 3385 3386 3497 3608 3609 3610 3611 3612 3841 4070 4071 4072 4073 4074 4109 4144 4145 4146 4147 4148 4195 4242 4243 4244 4245 4246 4252 4258 4259 4260 4261 4262 4263 4264 4448 4632 4633 4634 4635 4636 4840 5044 5045 5046 5047 5048 5151 5254 5255 5256 5257 5258 5324 5390 5391 5392 5393 5394 5552 5710 5711 5712 5713 5714 5822 5930 5931 5932 5933 5934 6111 6288 6289 6290 6291 6292 6344 6396 6397 6398 6399 6400 6409 6418 6419 6420 6421 6422 6470 6518 6519 6520 6521 6522 6624 6726 6727 6728 6729 6730 6822 6914 6915 6916 6917 6918 6948 6978 6979 6980 6981 6982 7076 7170 7171 7172 7173 7174 7234 7294 7295 7296 7297 7298 7664 7298 7639 0 35
0 267 534 535 536 537 538 606 674 675 676 677 678 1137 1596 1597 1598 1599 1600 1689 1778 1779 1780 1781 1782 1813 1844 1845 1846 1847 1848 1961 2074 2075 2076 2077 2078 2081 2084 2085 2086 2087 2088 2108 2128 2129 2130 2131 2132 2167 2202 2203 2204 2205 2206 2251 2296 2297 2298 2299 2300 2366 2432 2433 2434 2435 2436 2495 2554 2555 2556 2557 2558 2559 2560 2561 2562 2563 2564 2565 2566 2658 2750 2751 2752 2753 2754 3040 3326 3327 3328 3329 3330 3331 3332 3333 3334 3356 3378 3379 3380 3381 3382 3439 3496 3497 3498 3499 3500 3504 3508 3509 3510 3511 3512 3711 3910 3912 3914 3961 4008 4009 4010 4011 4012 4175 4338 4339 4340 4341 4342 4422 4502 4503 4504 4505 4506 4602 4698 4699 4700 4701 4702 4788 4874 4875 4876 4877 4878 4907 4936 4937 4938 4939 4940 4942 4944 4945 4946 4947 4948 5092 5236 5237 5238 5239 5240 5350 5460 5461 5462 5463 5464 5482 5500 5501 5502 5503 5504 5544 5584 5585 5586 5587 5588 5814 6040 6041 6042 6043 6044 6110 6176 6177 6178 6179 6180 6386 6592 6593 6594 6595 6596 6597 6598 6599 6600 6872 7144 7145 7146 7147 7148 7186 7224 7225 7226 7227 7228 7430 7632 7633 7634 7635 7636 7742 7848 7849 7850 7851 7852 8011 7852 7975 0 62
0 322 644 645 646 647 648 769 890 891 892 893 894 928 962 963 964 965 966 976 986 987 988 989 990 1098 1206 1207 1208 1209 1210 1211 1212 1213 1214 1292 1370 1371 1372 1373 1374 1412 1450 1451 1452 1620 1788 1792 1796 1800 1804 1827 1850 1854 1858 1930 2002 2003 2004 2005 2006 2064 2122 2123 2124 2125 2126 2199 2272 2273 2274 2275 2276 2293 2310 2311 2312 2313 2314 2334 2354 2357 2360 2414 2468 2469 2470 2471 2472 2511 2550 2551 2552 2553 2554 2720 2886 2887 2888 3049 3210 3211 3212 3213 3214 3472 3730 3731 3732 3733 3734 4003 4272 4273 4274 4275 4276 4483 4690 4691 4692 4693 4694 4961 4694 4923 0 71
0 1245 2490 2491 2492 2493 2494 2878 3262 3263 3264 3265 3266 4075 4075 4546 1245 1704
0 5789 11578 11662 11746 11747 11748 12005 12262 12263 12264 12265 12266 12293 12320 12321 12322 12323 12324 12325 12326 12327 12328 12329 12330 12342 12354 12355 12356 12357 12358 12362 12366 12367 12368 12369 12370 12375 12380 12381 12382 12388 12394 12395 12396 12397 12398 12463 12528 12529 12530 12531 12532 12585 12638 12639 12640 12641 12642 12643 12644 12645 12646 12658 12670 14167 15664 15668 15672 15673 15674 15675 15676 15677 15678 15684 15690 15691 15692 17182 18672 18852 19032 19033 19034 19035 19036 19037 19038 19098 19158 19159 19160 19161 19162 19308 19454 19460 19466 19472 19478 19479 19480 19521 19562 19563 19564 19565 19566 19568 19570 19571 19572 19573 19574 19586 19598 19599 19600 19601 19602 19604 19606 19607 19608 19609 19610 19647 19684 19685 19686 19687 19688 19689 19690 19692 19694 19696 19698 19705 19712 19713 19714 19715 19716 19733 19750 19751 19752 19753 19754 19761 19768 19769 19770 19771 19772 19778 19784 19785 19786 19787 19788 19793 19798 19799 19800 19801 19802 19840 19878 19879 19880 19881 19882 19899 19916 19917 19918 19919 19920 19943 19966 19967 19968 19969 19970 19971 19972 19975 19978 19979 19980 19981 19982 19990 19998 19999 20000 20001 20002 20027 20052 20053 20054 20055 20056 20081 20106 20107 20108 20109 20110 20121 20132 20133 20134 20135 20136 20141 20146 20147 20148 20149 20150 20216 20282 20283 20284 20303 20322 20323 20324 20325 20326 20330 20334 20335 20336 20337 20338 20345 20352 20353 20354 20355 20356 20362 20368 20369 20370 20371 20372 20413 20454 20455 20456 20457 20458 20459 20460 20461 20462 20463 20464 20484 20504 20505 20506 20507 20508 20517 20526 20532 20538 20539 20540 20541 20542 20547 20552 20553 20554 20555 20556 20563 20570 20571 20572 20573 20574 20581 20588 20589 20590 20591 20592 20594 20596 20597 20598 20599 20600 20604 20608 20609 20610 20611 20612 20613 20614 20620 20626 20627 20628 20629 20630 20645 20660 20661 20662 20663 20664 20665 20666 20667 20668 20669 20670 20681 20692 20693 20694 20695 20696 20699 20702 20703 20704 20705 20706 20709 20712 20713 20714 20715 20716 20717 20718 20719 20720 20721 20722 20738 20754 20755 20756 20757 20758 20759 20760 20761 20762 20763 20764 20854 20944 20945 20946 20947 20948 21003 21058 21059 21060 21061 21062 21080 21098 21099 21100 21101 21102 21103 21104 21105 21106 21107 21108 21111 21114 21115 21116 21117 21118 21119 21120 21149 21178 21179 21180 21181 21182 21198 21214 21215 21216 21217 21218 21266 21314 21315 21316 21317 21318 21319 21320 21348 21376 21377 21378 21379 21380 21390 21400 21401 21402 21403 21404 21416 21428 21429 21430 21431 21432 21453 21474 21475 21476 21477 21478 21482 21486 21487 21488 21489 21490 21491 21492 21493 21494 21500 21506 21507 21508 21509 21510 21515 21520 21521 21522 21523 21524 21525 21526 21527 21528 21529 21530 21537 21544 21545 21546 21547 21548 21563 21578 21579 21580 21581 21582 21584 21586 21587 21588 21589 21590 21597 21604 21605 21606 21607 21608 21623 21638 21639 21640 21641 21642 21652 21662 21663 21664 21665 21666 21671 21676 21677 21678 21679 21680 21682 21684 21685 21686 21687 21688 21690 21692 21693 21694 21695 21696 21710 21724 21725 21726 21727 21728 21739 21750 21751 21752 21753 21754 21755 21756 21757 21758 21759 21760 21775 21790 21791 21792 21793 21794 21808 21822 21823 21824 21825 21826 21827 21828 21829 21830 21831 21832 21833 21834 21841 21848 21849 21850 21851 21852 21866 21880 21881 21882 21883 21884 21898 21912 21913 21914 21915 21916 21917 21918 21919 21920 21921 21922 21924 21926 21927 21928 21929 21930 21937 21944 21945 21946 21947 21948 21959 21970 21971 21972 21973 21974 21995 22016 22017 22018 22019 22020 22033 22046 22047 22048 22049 22050 22084 22118 22119 22120 22121 22122 22123 22124 22137 22150 22151 22152 22153 22154 22155 22156 22157 22158 22159 22160 22168 22176 22177 22178 22179 22180 22187 22194 22195 22196 22197 22198 22202 22206 22207 22208 22209 22210 22232 22254 22255 22256 22257 22258 22272 22286 22288 22290 22291 22292 22293 22294 22297 22300 22301 22302 22303 22304 22305 22306 22307 22308 22309 22310 22311 22312 22319 22326 22392 22458 22459 22460 22461 22462 22680 22898 22899 22900 22901 22902 22949 22996 22997 22998 22999 23000 23008 23016 28650 0 3272 28650 30332
0 218 436 437 438 439 440 455 470 471 472 473 474 910 0 147 474 760
0 343 686 687 688 689 690 774 858 859 860 861 862 907 952 953 954 972 990 1018 1046 1047 1048 1049 1050 1213 1376 1377 1378 1379 1380 1397 1414 1416 1418 1427 1436 1438 1440 1442 1444 1445 1446 1447 1448 1449 1450 1451 1452 1453 1454 1558 1662 1663 1664 1665 1666 1736 1806 1810 1814 1903 1992 1993 1994 1995 1996 1997 1998 1999 2000 2002 2004 2005 2006 2014 2022 2024 2026 2028 2030 2070 2110 2111 2112 2113 2114 2144 2174 2178 2182 2242 2302 2304 2306 2324 2342 2346 2350 2369 2388 2389 2390 2391 2392 2413 2434 2435 2436 2437 2438 2441 2444 2600 2756 2758 2760 2817 2874 2878 2882 2991 3100 3101 3102 3103 3104 3154 3204 3206 3208 3267 3326 3328 3330 3332 3334 3416 3498 3502 3506 3524 3542 3543 3544 3545 3546 3570 3594 3606 3618 3782 343 587 3782 3834
0 68 136 137 138 139 140 208 276 277 278 279 280 308 336 337 338 339 340 372 404 405 406 407 408 479 550 552 554 640 726 727 728 729 730 770 810 811 812 813 814 825 836 840 844 845 846 847 848 854 860 861 862 863 864 943 1022 1026 1030 1074 1118 1120 1122 1180 1238 1239 1240 1241 1242 1260 1278 1302 1326 1413 1500 1501 1502 1503 1504 1505 1506 1507 1508 1563 1618 1619 1620 1621 1622 1629 1636 1637 1638 1688 1738 1739 1740 1741 1742 1969 2196 2197 2198 2199 2200 2258 2316 2317 2318 2319 2320 2356 2392 2396 2400 2443 2486 2487 2488 2489 2490 2521 2552 2556 2560 2562 2564 2566 2568 2570 2572 2703 2834 2835 2836 2837 2838 3012 3186 3187 3188 3189 3190 3199 3208 3209 3210 3211 3212 3320 68 119 3320 3338
0 126 252 253 254 255 256 297 338 339 340 341 342 441 540 541 542 543 544 601 658 659 660 661 662 699 736 737 738 739 740 831 922 923 924 925 926 991 1056 1057 1058 1059 1060 1166 1272 1273 1274 1275 1276 1336 1396 1397 1398 1399 1400 1445 1490 1491 1492 1518 1544 1548 1552 1556 1560 1564 1568 1583 1598 1599 1600 1601 1602 1650 1698 1718 1738 1756 1774 1775 1776 1777 1778 1960 2142 2150 2158 2159 2160 2161 2162 2173 2184 2185 2186 2187 2188 2206 2224 2225 2226 2227 2228 2282 2336 2337 2338 2339 2340 2345 2350 2351 2352 2353 2354 2455 2556 2557 2558 2559 2560 2634 2708 2709 2710 2711 2712 2769 2826 2836 2846 2853 2860 2862 2864 2866 2868 2921 2974 2975 2976 2977 2978 3059 3140 3141 3142 3143 3144 3148 3152 3153 3154 3155 3156 3274 3392 3396 3400 3461 3522 3523 3524 3525 3526 3545 3564 3568 3572 3574 3576 3577 3578 3579 3580 3665 3750 3751 3752 3753 3754 3771 3788 3789 3790 3791 3792 3823 3854 3855 3856 3857 3858 3957 4056 4057 4058 4059 4060 4088 4116 4117 4118 4119 4120 4150 4180 4184 4188 4234 4280 4281 4282 4283 4284 4300 4316 4318 4320 4322 4324 4326 4328 4334 4340 4341 4342 4343 4344 4633 4922 4923 4924 4925 4926 4965 5004 5005 5006 5007 5008 5053 5098 5099 5100 5101 5102 5149 5196 5197 5198 5199 5200 5231 5262 5263 5264 5265 5266 5311 5356 5358 5360 5412 5464 5472 5480 5482 5484 5564 5644 5646 5648 5688 5728 5730 5732 5739 5746 5747 5748 5749 5750 5870 5990 5991 5992 5993 5994 6096 6198 6199 6200 6201 6202 6263 6324 6329 6334 6339 6344 6349 6354 6359 6364 6369 6374 6379 6384 6389 6394 6399 6404 6433 6462 6463 6464 6465 6466 6530 6594 6595 6596 6597 6598 6611 6624 6625 6626 6627 6628 6635 6642 6643 6644 6645 6646 6654 6662 6663 6664 6665 6666 6702 6738 6739 6740 6741 6742 6813 6884 6885 6886 6887 6888 6939 6990 6991 6992 6993 6994 7141 7288 7289 7290 7291 7292 7293 7294 7384 7474 7475 7476 7477 7478 7536 7594 7595 7596 7597 7598 7704 7704 7783 126 215
0 546 1092 1093 1094 1095 1096 1289 1096 1236 0 148
0 193 386 387 388 389 390 764 0 140 390 538
0 133 266 267 268 269 270 291 312 313 314 315 316 387 458 459 460 461 462 508 554 555 556 557 558 592 626 627 628 678 728 729 730 731 732 778 824 825 826 827 828 1004 1180 1181 1182 1183 1184 1215 1246 1247 1248 1249 1250 1299 1348 1349 1350 1351 1352 1394 1436 1437 1438 1439 1440 1501 1562 1563 1564 1565 1566 1600 1634 1635 1636 1637 1638 1720 1802 1803 1804 1805 1806 1834 1862 1863 1864 1865 1866 1881 1896 1897 1898 1899 1900 1905 1910 1911 1912 1913 1914 1942 1970 1971 1972 1973 1974 1991 2008 2009 2010 2011 2012 2076 2140 2141 2142 2143 2144 2146 2148 2149 2150 2151 2152 2155 2158 2159 2160 2161 2162 2194 2226 2227 2228 2229 2230 2239 2248 2249 2250 2251 2252 2265 2278 2279 2280 2281 2282 2305 2328 2329 2330 2331 2332 2336 2340 2341 2342 2343 2344 2347 2350 2352 2354 2355 2356 2357 2358 2359 2360 2361 2362 2363 2364 2367 2370 2372 2374 2375 2376 2377 2378 2379 2380 2381 2382 2383 2384 2385 2386 2396 2406 2409 2412 2413 2414 2415 2416 2417 2418 2487 2556 2557 2558 2559 2560 2740 2560 2713 0 37
0 233 466 467 468 469 470 556 642 643 644 645 646 654 662 663 664 665 666 673 680 681 682 683 684 765 846 847 848 849 850 903 956 957 958 959 960 961 962 963 964 965 966 976 986 987 988 989 990 1004 1018 1019 1020 1026 1032 1033 1034 1035 1036 1087 1138 1139 1140 1141 1142 1241 1340 1341 1342 1343 1344 1345 1346 1353 1360 1361 1362 1363 1364 1416 1468 1469 1470 1471 1472 1585 1698 1699 1700 1701 1702 1773 1844 1845 1846 1885 1924 1925 1926 1927 1928 1955 1982 1983 1984 1985 1986 2029 2072 2075 2078 2129 2180 2181 2182 2183 2184 2196 2208 2209 2210 2211 2212 2213 2214 2292 2370 2371 2372 2373 2374 2430 2486 2487 2488 2489 2490 2571 2652 2653 2654 2655 2656 2676 2696 2697 2698 2699 2700 2701 2702 2703 2704 2710 2716 2717 2718 2719 2720 2761 2802 2803 2804 2805 2806 2839 2872 2873 2874 2875 2876 2877 2878 2879 2880 2994 233 419 2994 3038
0 968 1936 1937 1938 2583 3228 3229 3230 3231 3232 3982 968 1364 3982 4367
0 104 208 212 216 220 224 228 232 253 274 286 298 402 506 510 514 521 528 537 546 553 560 574 588 590 592 594 596 633 670 671 672 673 674 684 694 695 696 697 698 742 786 787 788 789 790 805 820 821 822 823 824 842 860 864 868 904 940 944 948 967 986 988 990 991 992 993 994 1026 1058 1059 1060 1061 1062 1092 1122 1123 1124 1125 1126 1163 1200 1216 1232 1240 1248 1252 1256 1259 1262 1264 1266 1268 1270 1489 1708 1709 1710 1711 1712 1816 0 67 1712 1733
0 240 480 481 482 483 484 493 502 503 504 506 508 509 510 511 512 513 514 515 516 577 638 639 640 641 642 679 716 717 718 719 720 755 790 791 792 793 794 805 816 817 818 819 820 891 962 963 964 965 966 1195 1424 1430 1436 1471 1506 1507 1508 1509 1510 1575 1640 1641 1642 1643 1644 1854 2064 2065 2066 2182 2298 2299 2300 2301 2302 2544 2786 2787 2788 2789 2790 2859 2928 2929 2930 2931 2932 2954 2976 2977 2978 2979 2980 2982 2984 2985 2986 2987 2988 2989 2990 2992 2994 2996 2998 3073 3148 3149 3150 3151 3152 3276 3400 3401 3402 3403 3404 3459 3514 3515 3516 3517 3518 3643 3768 3769 3770 3771 3772 3780 3788 3789 3790 3791 3792 3807 3822 3823 3824 3825 3826 3969 4112 4116 4120 4125 4130 4131 4132 4133 4134 4192 4250 4251 4252 4253 4254 4329 4404 4405 4406 4407 4408 4553 4698 4699 4700 4701 4702 4725 4748 4749 4750 4751 4752 4924 5096 5097 5098 5099 5100 5146 5192 5193 5194 5195 5196 5404 5612 5613 5614 5615 5616 5617 5618 5619 5620 5629 5638 5639 5640 5641 5642 5896 0 168 5642 5745
0 209 418 419 420 421 422 558 694 695 696 697 698 775 852 853 854 855 856 905 954 955 956 957 958 1204 1450 1451 1452 1633 1814 1817 1820 1843 1866 1867 1868 1869 1870 2074 2278 2279 2280 2281 2282 2316 2350 2351 2352 2353 2354 2365 2376 2377 2378 2379 2380 2391 2402 2403 2404 2405 2406 2495 2584 2585 2586 2587 2588 2740 2892 2893 2894 2896 2898 2899 2900 2908 2916 2917 2918 2919 2920 2949 2978 2979 2980 2981 2982 3099 3216 3217 3218 3219 3220 3379 3538 3539 3540 3541 3542 3548 3554 3555 3556 3557 3558 3572 3586 3587 3588 3589 3590 3687 3784 3785 3786 3787 3788 3840 3892 3893 3894 3895 3896 3956 4016 4017 4018 4019 4020 4038 4056 4057 4058 4059 4060 4092 4124 4125 4126 4127 4128 4156 4184 4185 4186 4187 4188 4405 4622 4623 4624 4625 4626 4756 4886 4887 4888 4889 4890 5022 5154 5155 5156 5267 5378 5379 5380 5381 5382 5491 5600 5601 5602 5603 5604 5621 5638 5639 5640 5641 5642 5731 5820 5821 5822 5823 5824 5839 5854 5855 5856 5857 5858 5920 5982 5983 5984 5985 5986 6021 6056 6057 6058 6059 6060 6074 6088 6089 6090 6091 6092 6150 6208 6209 6210 6211 6212 6360 6508 6509 6510 6511 6512 6622 6732 6733 6734 6735 6736 6866 6996 6997 6998 6999 7000 7027 7054 7055 7056 7057 7058 7088 7118 7119 7120 7121 7122 7357 7592 7593 7594 7595 7596 7642 7688 7689 7690 7691 7692 7804 7916 7917 7918 7919 7920 8005 8090 8091 8092 8093 8094 8198 8302 8303 8304 8305 8306 8322 8338 8339 8340 8341 8342 8377 8412 8413 8414 8415 8416 8697 209 397 8697 8722
0 1025 2050 2098 2146 2147 2148 2149 2150 2265 2380 2381 2382 2383 2384 2424 2464 2465 2466 2467 2468 2543 2618 2619 2620 2621 2622 2637 2652 2653 2654 2655 2656 2675 2694 2695 2696 2697 2698 2857 3016 3017 3018 3019 3020 3126 3232 3233 3234 3235 3236 3283 3330 3331 3332 3333 3334 3499 3664 3665 3666 3667 3668 3712 3756 3757 3758 3759 3760 3770 3780 3781 3782 3783 3784 3878 3972 3973 3974 3975 3976 4056 4136 4137 4138 4139 4140 4190 4240 4241 4242 4243 4244 4292 4340 4341 4342 4343 4344 4388 4432 4433 4434 4435 4436 4447 4458 4459 4460 4461 4462 4464 4466 4467 4468 4469 4470 4547 4624 4625 4626 4810 4994 4995 4996 4997 4998 5018 5038 5039 5040 5041 5042 5218 5394 5395 5396 5397 5398 5399 5400 5401 5402 5403 5404 5532 5660 5661 5662 5663 5664 5785 5906 5907 5908 5909 5910 6050 6190 6191 6192 6193 6194 6198 6202 6203 6204 6205 6206 6250 6294 6295 6296 6297 6298 6315 6332 6333 6334 6335 6336 6446 6556 6557 6558 6559 6560 6575 6590 6591 6592 6593 6594 6600 6606 6607 6608 6609 6610 6618 6626 6627 6628 6629 6630 6632 6634 6635 6636 6637 6638 6649 6660 6661 6662 6663 6664 6669 6674 6675 6676 6677 6678 6681 6684 6685 6686 6687 6688 6721 6754 6755 6756 6757 6758 6789 6820 6821 6822 6823 6824 6859 6894 6895 6896 6897 6898 6901 6904 6905 6906 6907 6908 6914 6920 6921 6922 6923 6924 6932 6940 6941 6942 6943 6944 6955 6966 6967 6968 6969 6970 6971 6972 6973 6974 6975 6976 6981 6986 6987 6988 6989 6990 7009 7028 7029 7030 7031 7032 7043 7054 7055 7056 7057 7058 7067 7076 7077 7078 7079 7080 7100 7120 7121 7122 7123 7124 7128 7132 7133 7134 7135 7136 7137 7138 7139 7140 7146 7152 7153 7154 7155 7156 7160 7164 7165 7166 7167 7168 7169 7170 7171 7172 7177 7182 7183 7184 7185 7186 7187 7188 7359 7530 7532 7534 7535 7536 7537 7538 7549 7560 7561 7562 7563 7564 7619 7674 7676 7678 7680 7682 7683 7684 7687 7690 7693 7696 7703 7710 7711 7712 7713 7714 7733 7752 7753 7754 7755 7756 7778 7800 7801 7802 7803 7804 7807 7810 7811 7812 7813 7814 7846 7878 7879 7880 7881 7882 7911 7940 7941 7942 7943 7944 7966 7988 7989 7990 7991 7992 8007 8022 8023 8024 8025 8026 8063 8100 8101 8102 8103 8104 8119 8134 8135 8136 8137 8138 8157 8176 8177 8178 8179 8180 8188 8196 8197 8198 8199 8200 8204 8208 8209 8210 8211 8212 8220 8228 8229 8230 8231 8232 8260 8288 12217 8288 11724 0 489

0 4797 9594 9607 9620 9621 9622 9623 9624 9666 9708 9709 9710 9711 9712 9713 9714 9716 9718 9720 9722 9738 9754 9755 9756 9757 9758 9878 9998 9999 10000 10001 10002 10006 10010 10011 10012 10013 10014 10053 10092 10093 10094 10095 10096 10123 10150 10151 10152 10153 10154 10156 10158 10159 10160 10161 10162 10165 10168 10169 10170 10171 10172 10173 10174 10175 10176 10177 10178 10216 10254 10255 10256 10257 10258 10259 10260 10261 10262 10263 10264 10266 10268 10269 10270 10271 10272 10274 10276 13520 10276 12923 0 1498
0 3926 7852 7860 7868 7869 7870 7871 7872 7884 7896 7897 7898 7899 7900 7912 7924 7925 7926 7927 7928 7946 7964 7965 7966 7967 7968 7997 8026 8027 8028 8029 8030 8064 8098 8099 8100 8101 8102 8106 8110 8111 8112 8113 8114 8122 8130 8131 8132 8133 8134 8143 8152 8153 8154 8155 8156 8157 8158 8159 8160 8161 8162 8164 8166 8167 8168 8169 8170 8175 8180 8181 8182 8183 8184 8187 8190 8191 8192 8193 8194 8205 8216 8217 8218 8219 8220 8226 8232 8233 8234 8235 8236 8329 8422 8423 8424 8425 8426 8434 8442 8443 8444 8445 8446 8479 8512 8513 8514 8515 8516 8521 8526 8527 8528 8529 8530 8541 8552 8553 8554 8555 8556 8565 8574 8575 8576 8577 8578 8605 8632 8638 8644 8645 8646 8647 8648 8653 8658 8659 8660 8661 8662 8671 8680 8681 8682 8683 8684 8694 8704 8705 8706 8707 8708 8712 8716 8717 8718 8719 8720 8728 8736 8737 8738 8739 8740 8745 8750 8751 8752 8753 8754 8760 8766 8767 8768 8769 8770 8771 8772 8773 8774 8778 8782 8783 8784 8785 8786 8791 8796 8797 8798 8799 8800 8805 8810 8812 8814 8816 8818 8823 8828 8829 8830 8831 8832 8834 8836 8837 8838 8839 8840 8880 8920 8921 8922 8923 8924 8925 8926 8927 8928 8942 8956 8957 8958 8959 8960 8968 8976 8977 8978 8979 8980 8996 9012 9013 9014 9015 9016 9028 9040 9041 9042 9043 9044 9046 9048 9049 9050 9051 9052 9054 9056 9058 9060 9084 9108 9109 9110 9111 9112 9118 9124 9125 9126 9127 9128 9170 9212 9214 9216 9218 9220 9229 9238 9239 9240 9241 9242 9277 9312 9313 9314 9315 9316 9321 9326 9327 9328 9329 9330 9473 9616 9617 9618 9619 9620 9628 9636 9637 9638 9639 9640 9646 9652 9653 9654 9655 9656 9663 9670 9671 9672 9673 9674 9694 9714 9715 9716 9717 9718 9722 9726 9727 9728 9729 9730 9738 9746 9747 9748 9749 9750 9785 9820 9822 9824 9826 9828 9843 9858 9859 9860 9861 9862 9919 9976 9977 9978 9979 9980 10068 10156 10157 10158 10159 10160 10166 10172 10173 10174 10175 10176 10209 10242 10243 10244 10245 10246 10308 10370 10371 10372 10373 10374 10400 10426 10427 10428 10429 10430 10442 10454 10455 10456 10457 10458 10477 10496 10497 10498 10499 10500 10523 10546 10547 10548 10549 10550 10552 10554 10555 10556 10557 10558 10560 10562 10563 10564 10565 10566 10578 10590 10591 10592 10593 10594 10605 10616 10617 10618 10619 10620 10642 10664 10665 10666 10667 10668 10694 10720 10721 10722 10723 10724 10737 10750 10752 10754 10756 10758 10764 10770 15567 10770 15058 0 870

0 3926 7852 7860 7868 7869 7870 7871 7872 7884 7896 7897 7898 7899 7900 7912 7924 7925 7926 7927 7928 7946 7964 7965 7966 7967 7968 7997 8026 8027 8028 8029 8030 8064 8098 8099 8100 8101 8102 8106 8110 8111 8112 8113 8114 8122 8130 8131 8132 8133 8134 8143 8152 8153 8154 8155 8156 8157 8158 8159 8160 8161 8162 8164 8166 8167 8168 8169 8170 8175 8180 8181 8182 8183 8184 8187 8190 8191 8192 8193 8194 8205 8216 8217 8218 8219 8220 8226 8232 8233 8234 8235 8236 8329 8422 8423 8424 8425 8426 8434 8442 8443 8444 8445 8446 8479 8512 8513 8514 8515 8516 8521 8526 8527 8528 8529 8530 8541 8552 8553 8554 8555 8556 8565 8574 8575 8576 8577 8578 8605 8632 8638 8644 8645 8646 8647 8648 8653 8658 8659 8660 8661 8662 8671 8680 8681 8682 8683 8684 8694 8704 8705 8706 8707 8708 8712 8716 8717 8718 8719 8720 8728 8736 8737 8738 8739 8740 8745 8750 8751 8752 8753 8754 8760 8766 8767 8768 8769 8770 8771 8772 8773 8774 8778 8782 8783 8784 8785 8786 8791 8796 8797 8798 8799 8800 8805 8810 8812 8814 8816 8818 8823 8828 8829 8830 8831 8832 8834 8836 8837 8838 8839 8840 8880 8920 8921 8922 8923 8924 8925 8926 8927 8928 8942 8956 8957 8958 8959 8960 8968 8976 8977 8978 8979 8980 8996 9012 9013 9014 9015 9016 9028 9040 9041 9042 9043 9044 9046 9048 9049 9050 9051 9052 9054 9056 9058 9060 9084 9108 9109 9110 9111 9112 9118 9124 9125 9126 9127 9128 9170 9212 9214 9216 9218 9220 9229 9238 9239 9240 9241 9242 9277 9312 9313 9314 9315 9316 9321 9326 9327 9328 9329 9330 9473 9616 9617 9618 9619 9620 9628 9636 9637 9638 9639 9640 9646 9652 9653 9654 9655 9656 9663 9670 9671 9672 9673 9674 9694 9714 9715 9716 9717 9718 9722 9726 9727 9728 9729 9730 9738 9746 9747 9748 9749 9750 9785 9820 9822 9824 9826 9828 9843 9858 9859 9860 9861 9862 9919 9976 9977 9978 9979 9980 10068 10156 10157 10158 10159 10160 10166 10172 10173 10174 10175 10176 10209 10242 10243 10244 10245 10246 10308 10370 10371 10372 10373 10374 10400 10426 10427 10428 10429 10430 10442 10454 10455 10456 10457 10458 10477 10496 10497 10498 10499 10500 10523 10546 10547 10548 10549 10550 10552 10554 10555 10556 10557 10558 10560 10562 10563 10564 10565 10566 10578 10590 10591 10592 10593 10594 10605 10616 10617 10618 10619 10620 10642 10664 10665 10666 10667 10668 10694 10720 10721 10722 10723 10724 10737 10750 10752 10754 10756 10758 10764 10770 15567 10770 15099 0 897


0 4797 9594 9607 9620 9621 9622 9623 9624 9666 9708 9709 9710 9711 9712 9713 9714 9716 9718 9720 9722 9738 9754 9755 9756 9757 9758 9878 9998 9999 10000 10001 10002 10006 10010 10011 10012 10013 10014 10053 10092 10093 10094 10095 10096 10123 10150 10151 10152 10153 10154 10156 10158 10159 10160 10161 10162 10165 10168 10169 10170 10171 10172 10173 10174 10175 10176 10177 10178 10216 10254 10255 10256 10257 10258 10259 10260 10261 10262 10263 10264 10266 10268 10269 10270 10271 10272 10274 10276 13520 10276 12935 0 1498
0 4797 9594 9607 9620 9621 9622 9623 9624 9666 9708 9709 9710 9711 9712 9713 9714 9716 9718 9720 9722 9738 9754 9755 9756 9757 9758 9878 9998 9999 10000 10001 10002 10006 10010 10011 10012 10013 10014 10053 10092 10093 10094 10095 10096 10123 10150 10151 10152 10153 10154 10156 10158 10159 10160 10161 10162 10165 10168 10169 10170 10171 10172 10173 10174 10175 10176 10177 10178 10216 10254 10255 10256 10257 10258 10259 10260 10261 10262 10263 10264 10266 10268 10269 10270 10271 10272 10274 10276 13520 10276 12994 0 1500
0 4797 9594 9607 9620 9621 9622 9623 9624 9666 9708 9709 9710 9711 9712 9713 9714 9716 9718 9720 9722 9738 9754 9755 9756 9757 9758 9878 9998 9999 10000 10001 10002 10006 10010 10011 10012 10013 10014 10053 10092 10093 10094 10095 10096 10123 10150 10151 10152 10153 10154 10156 10158 10159 10160 10161 10162 10165 10168 10169 10170 10171 10172 10173 10174 10175 10176 10177 10178 10216 10254 10255 10256 10257 10258 10259 10260 10261 10262 10263 10264 10266 10268 10269 10270 10271 10272 10274 10276 13520 10276 12359 0 1511



0 1025 2050 2098 2146 2147 2148 2149 2150 2265 2380 2381 2382 2383 2384 2424 2464 2465 2466 2467 2468 2543 2618 2619 2620 2621 2622 2637 2652 2653 2654 2655 2656 2675 2694 2695 2696 2697 2698 2857 3016 3017 3018 3019 3020 3126 3232 3233 3234 3235 3236 3283 3330 3331 3332 3333 3334 3499 3664 3665 3666 3667 3668 3712 3756 3757 3758 3759 3760 3770 3780 3781 3782 3783 3784 3878 3972 3973 3974 3975 3976 4056 4136 4137 4138 4139 4140 4190 4240 4241 4242 4243 4244 4292 4340 4341 4342 4343 4344 4388 4432 4433 4434 4435 4436 4447 4458 4459 4460 4461 4462 4464 4466 4467 4468 4469 4470 4547 4624 4625 4626 4810 4994 4995 4996 4997 4998 5018 5038 5039 5040 5041 5042 5218 5394 5395 5396 5397 5398 5399 5400 5401 5402 5403 5404 5532 5660 5661 5662 5663 5664 5785 5906 5907 5908 5909 5910 6050 6190 6191 6192 6193 6194 6198 6202 6203 6204 6205 6206 6250 6294 6295 6296 6297 6298 6315 6332 6333 6334 6335 6336 6446 6556 6557 6558 6559 6560 6575 6590 6591 6592 6593 6594 6600 6606 6607 6608 6609 6610 6618 6626 6627 6628 6629 6630 6632 6634 6635 6636 6637 6638 6649 6660 6661 6662 6663 6664 6669 6674 6675 6676 6677 6678 6681 6684 6685 6686 6687 6688 6721 6754 6755 6756 6757 6758 6789 6820 6821 6822 6823 6824 6859 6894 6895 6896 6897 6898 6901 6904 6905 6906 6907 6908 6914 6920 6921 6922 6923 6924 6932 6940 6941 6942 6943 6944 6955 6966 6967 6968 6969 6970 6971 6972 6973 6974 6975 6976 6981 6986 6987 6988 6989 6990 7009 7028 7029 7030 7031 7032 7043 7054 7055 7056 7057 7058 7067 7076 7077 7078 7079 7080 7100 7120 7121 7122 7123 7124 7128 7132 7133 7134 7135 7136 7137 7138 7139 7140 7146 7152 7153 7154 7155 7156 7160 7164 7165 7166 7167 7168 7169 7170 7171 7172 7177 7182 7183 7184 7185 7186 7187 7188 7359 7530 7532 7534 7535 7536 7537 7538 7549 7560 7561 7562 7563 7564 7619 7674 7676 7678 7680 7682 7683 7684 7687 7690 7693 7696 7703 7710 7711 7712 7713 7714 7733 7752 7753 7754 7755 7756 7778 7800 7801 7802 7803 7804 7807 7810 7811 7812 7813 7814 7846 7878 7879 7880 7881 7882 7911 7940 7941 7942 7943 7944 7966 7988 7989 7990 7991 7992 8007 8022 8023 8024 8025 8026 8063 8100 8101 8102 8103 8104 8119 8134 8135 8136 8137 8138 8157 8176 8177 8178 8179 8180 8188 8196 8197 8198 8199 8200 8204 8208 8209 8210 8211 8212 8220 8228 8229 8230 8231 8232 8260 8288 12217 1025 1594 12217 12760
0 3926 7852 7860 7868 7869 7870 7871 7872 7884 7896 7897 7898 7899 7900 7912 7924 7925 7926 7927 7928 7946 7964 7965 7966 7967 7968 7997 8026 8027 8028 8029 8030 8064 8098 8099 8100 8101 8102 8106 8110 8111 8112 8113 8114 8122 8130 8131 8132 8133 8134 8143 8152 8153 8154 8155 8156 8157 8158 8159 8160 8161 8162 8164 8166 8167 8168 8169 8170 8175 8180 8181 8182 8183 8184 8187 8190 8191 8192 8193 8194 8205 8216 8217 8218 8219 8220 8226 8232 8233 8234 8235 8236 8329 8422 8423 8424 8425 8426 8434 8442 8443 8444 8445 8446 8479 8512 8513 8514 8515 8516 8521 8526 8527 8528 8529 8530 8541 8552 8553 8554 8555 8556 8565 8574 8575 8576 8577 8578 8605 8632 8638 8644 8645 8646 8647 8648 8653 8658 8659 8660 8661 8662 8671 8680 8681 8682 8683 8684 8694 8704 8705 8706 8707 8708 8712 8716 8717 8718 8719 8720 8728 8736 8737 8738 8739 8740 8745 8750 8751 8752 8753 8754 8760 8766 8767 8768 8769 8770 8771 8772 8773 8774 8778 8782 8783 8784 8785 8786 8791 8796 8797 8798 8799 8800 8805 8810 8812 8814 8816 8818 8823 8828 8829 8830 8831 8832 8834 8836 8837 8838 8839 8840 8880 8920 8921 8922 8923 8924 8925 8926 8927 8928 8942 8956 8957 8958 8959 8960 8968 8976 8977 8978 8979 8980 8996 9012 9013 9014 9015 9016 9028 9040 9041 9042 9043 9044 9046 9048 9049 9050 9051 9052 9054 9056 9058 9060 9084 9108 9109 9110 9111 9112 9118 9124 9125 9126 9127 9128 9170 9212 9214 9216 9218 9220 9229 9238 9239 9240 9241 9242 9277 9312 9313 9314 9315 9316 9321 9326 9327 9328 9329 9330 9473 9616 9617 9618 9619 9620 9628 9636 9637 9638 9639 9640 9646 9652 9653 9654 9655 9656 9663 9670 9671 9672 9673 9674 9694 9714 9715 9716 9717 9718 9722 9726 9727 9728 9729 9730 9738 9746 9747 9748 9749 9750 9785 9820 9822 9824 9826 9828 9843 9858 9859 9860 9861 9862 9919 9976 9977 9978 9979 9980 10068 10156 10157 10158 10159 10160 10166 10172 10173 10174 10175 10176 10209 10242 10243 10244 10245 10246 10308 10370 10371 10372 10373 10374 10400 10426 10427 10428 10429 10430 10442 10454 10455 10456 10457 10458 10477 10496 10497 10498 10499 10500 10523 10546 10547 10548 10549 10550 10552 10554 10555 10556 10557 10558 10560 10562 10563 10564 10565 10566 10578 10590 10591 10592 10593 10594 10605 10616 10617 10618 10619 10620 10642 10664 10665 10666 10667 10668 10694 10720 10721 10722 10723 10724 10737 10750 10752 10754 10756 10758 10764 10770 15567 3926 6955 15567 15682
0 4797 9594 9607 9620 9621 9622 9623 9624 9666 9708 9709 9710 9711 9712 9713 9714 9716 9718 9720 9722 9738 9754 9755 9756 9757 9758 9878 9998 9999 10000 10001 10002 10006 10010 10011 10012 10013 10014 10053 10092 10093 10094 10095 10096 10123 10150 10151 10152 10153 10154 10156 10158 10159 10160 10161 10162 10165 10168 10169 10170 10171 10172 10173 10174 10175 10176 10177 10178 10216 10254 10255 10256 10257 10258 10259 10260 10261 10262 10263 10264 10266 10268 10269 10270 10271 10272 10274 10276 13520 4797 8096 13520 14135

0 3926 7852 7860 7868 7869 7870 7871 7872 7884 7896 7897 7898 7899 7900 7912 7924 7925 7926 7927 7928 7946 7964 7965 7966 7967 7968 7997 8026 8027 8028 8029 8030 8064 8098 8099 8100 8101 8102 8106 8110 8111 8112 8113 8114 8122 8130 8131 8132 8133 8134 8143 8152 8153 8154 8155 8156 8157 8158 8159 8160 8161 8162 8164 8166 8167 8168 8169 8170 8175 8180 8181 8182 8183 8184 8187 8190 8191 8192 8193 8194 8205 8216 8217 8218 8219 8220 8226 8232 8233 8234 8235 8236 8329 8422 8423 8424 8425 8426 8434 8442 8443 8444 8445 8446 8479 8512 8513 8514 8515 8516 8521 8526 8527 8528 8529 8530 8541 8552 8553 8554 8555 8556 8565 8574 8575 8576 8577 8578 8605 8632 8638 8644 8645 8646 8647 8648 8653 8658 8659 8660 8661 8662 8671 8680 8681 8682 8683 8684 8694 8704 8705 8706 8707 8708 8712 8716 8717 8718 8719 8720 8728 8736 8737 8738 8739 8740 8745 8750 8751 8752 8753 8754 8760 8766 8767 8768 8769 8770 8771 8772 8773 8774 8778 8782 8783 8784 8785 8786 8791 8796 8797 8798 8799 8800 8805 8810 8812 8814 8816 8818 8823 8828 8829 8830 8831 8832 8834 8836 8837 8838 8839 8840 8880 8920 8921 8922 8923 8924 8925 8926 8927 8928 8942 8956 8957 8958 8959 8960 8968 8976 8977 8978 8979 8980 8996 9012 9013 9014 9015 9016 9028 9040 9041 9042 9043 9044 9046 9048 9049 9050 9051 9052 9054 9056 9058 9060 9084 9108 9109 9110 9111 9112 9118 9124 9125 9126 9127 9128 9170 9212 9214 9216 9218 9220 9229 9238 9239 9240 9241 9242 9277 9312 9313 9314 9315 9316 9321 9326 9327 9328 9329 9330 9473 9616 9617 9618 9619 9620 9628 9636 9637 9638 9639 9640 9646 9652 9653 9654 9655 9656 9663 9670 9671 9672 9673 9674 9694 9714 9715 9716 9717 9718 9722 9726 9727 9728 9729 9730 9738 9746 9747 9748 9749 9750 9785 9820 9822 9824 9826 9828 9843 9858 9859 9860 9861 9862 9919 9976 9977 9978 9979 9980 10068 10156 10157 10158 10159 10160 10166 10172 10173 10174 10175 10176 10209 10242 10243 10244 10245 10246 10308 10370 10371 10372 10373 10374 10400 10426 10427 10428 10429 10430 10442 10454 10455 10456 10457 10458 10477 10496 10497 10498 10499 10500 10523 10546 10547 10548 10549 10550 10552 10554 10555 10556 10557 10558 10560 10562 10563 10564 10565 10566 10578 10590 10591 10592 10593 10594 10605 10616 10617 10618 10619 10620 10642 10664 10665 10666 10667 10668 10694 10720 10721 10722 10723 10724 10737 10750 10752 10754 10756 10758 10764 10770 15567 3926 6982 15567 16106
0 4797 9594 9607 9620 9621 9622 9623 9624 9666 9708 9709 9710 9711 9712 9713 9714 9716 9718 9720 9722 9738 9754 9755 9756 9757 9758 9878 9998 9999 10000 10001 10002 10006 10010 10011 10012 10013 10014 10053 10092 10093 10094 10095 10096 10123 10150 10151 10152 10153 10154 10156 10158 10159 10160 10161 10162 10165 10168 10169 10170 10171 10172 10173 10174 10175 10176 10177 10178 10216 10254 10255 10256 10257 10258 10259 10260 10261 10262 10263 10264 10266 10268 10269 10270 10271 10272 10274 10276 13520 4797 8096 13520 14107
0 4095 8190 8196 8202 8203 8204 8205 8206 8211 8216 8217 8218 8219 8220 8229 8238 8239 8240 8241 8242 8266 8290 8291 8292 8293 8294 8295 8296 8298 8300 8302 8304 8307 8310 8311 8312 8313 8314 8324 8334 8335 8336 8337 8338 8346 8354 8355 8356 8357 8358 8359 8360 8362 8364 8366 8368 8374 8380 8381 8382 8383 8384 8400 8416 8417 8418 8419 8420 8423 8426 8427 8428 8429 8430 8453 8476 8478 8480 8482 8484 8487 8490 8491 8492 8493 8494 8498 8502 8505 8508 8511 8514 8515 8516 8517 8518 8519 8520 8532 8544 8545 8546 8547 8548 8558 8568 8569 8570 8571 8572 8574 8576 8577 8578 8579 8580 8589 8598 8599 8600 8601 8602 8604 8606 8607 8608 8609 8610 8620 8630 8632 8634 8636 8638 8645 8652 8653 8654 8655 8656 8669 8682 8683 8684 8685 8686 8687 8688 8689 8690 8691 8692 8699 8706 8707 8708 8717 8726 8727 8728 8729 8730 8731 8732 8733 8734 8735 8736 8743 8750 8751 8752 8753 8754 8768 8782 8784 8786 8788 8790 8791 8792 8793 8794 8795 8796 8797 8798 8799 8800 8801 8802 8803 8804 8805 8806 8807 8808 8813 8818 8819 8820 8821 8822 8824 8826 8827 8828 8829 8830 8832 8834 8835 8836 8837 8838 8842 8846 8847 8848 8849 8850 8852 8854 8855 8856 8857 8858 8859 8860 8861 8862 8863 8864 8872 8880 8881 8882 8883 8884 8889 8894 8895 8896 8897 8898 8899 8900 8901 8902 8903 8904 8907 8910 8911 8912 8913 8914 8928 8942 9287 9632 9635 9638 9646 9654 9655 9656 9657 9658 9661 9664 9665 9666 9667 9668 9675 9682 9683 9684 9685 9686 9692 9698 9699 9700 9701 9702 9719 9736 9738 9740 9742 9744 9754 9764 9765 9766 9767 9768 9770 9772 9773 9774 9775 9776 9783 9790 9791 9792 9793 9794 9795 9796 9797 9798 9799 9800 9802 9804 9805 9806 9807 9808 9822 9836 9840 9844 9848 9852 9855 9858 9860 9862 9864 9866 9873 9880 9881 9882 9883 9884 9886 9888 9889 9890 9891 9892 9894 9896 9897 9898 9899 9900 9912 9924 9925 9926 9927 9928 9941 9954 9955 9956 9957 9958 9964 9970 9972 9974 9976 9978 9989 10000 10001 10002 10003 10004 10018 10032 10033 10034 10036 10038 10039 10040 10041 10042 10043 10044 10046 10048 10050 10052 10057 10062 10063 10064 10065 10066 10068 10070 10071 10072 10073 10074 10083 10092 10093 10094 10095 10096 10100 10104 10105 10106 10107 10108 10115 10122 10123 10124 10125 10126 10128 10130 10131 10132 10133 10134 10141 10148 10149 10150 10151 10152 10153 10154 10157 10160 10163 10166 10170 10174 10175 10176 10177 10178 10191 10204 10205 10206 10207 10208 10213 10218 10219 10220 10221 10222 10223 10224 10225 10226 10227 10228 10234 10240 10241 10242 10245 10248 10258 10268 10270 10272 10274 10276 10282 10288 10289 10290 10291 10292 10298 10304 10305 10306 10307 10308 10309 10310 10311 10312 10313 10314 10326 10338 10340 10342 10343 10344 10345 10346 10347 10348 10355 10362 10363 10364 10365 10366 10380 10394 10395 10396 10397 10398 10418 10438 10439 10440 10441 10442 10445 10448 10449 10450 10451 10452 10478 10504 10676 10848 10849 10850 10859 10868 10869 10870 10871 10872 10882 10892 10893 10894 10895 10896 10897 10898 10900 10902 10904 10906 10920 10934 10935 10936 10937 10938 10945 10952 10953 10954 10955 10956 10957 10958 10959 10960 10961 10962 10963 10964 10966 10968 10970 10972 10978 10984 10985 10986 10987 10988 10994 11000 11002 11004 11006 11008 11009 11010 11011 11012 11013 11014 11017 11020 11021 11022 11023 11024 11030 11036 11037 11038 11039 11040 11042 11044 11045 11046 11047 11048 11057 11066 11067 11068 11069 11070 11071 11072 11073 11074 11075 11076 11081 11086 11087 11088 11089 11090 11092 11094 11096 11098 11100 11102 11111 11120 11121 11122 11123 11124 11126 11128 11130 11132 11134 11136 11144 11152 11153 11154 11155 11156 11178 11200 11201 11202 11212 11222 11223 11224 11225 11226 11230 11234 11235 11236 11237 11238 11260 11282 11283 11284 11285 11286 11320 11354 11355 11356 11357 11358 11367 11376 11377 11378 11379 11380 11382 11384 11385 11386 11387 11388 11393 11398 11399 11400 11401 11402 11406 11410 11411 11412 11413 11414 11440 11466 11467 11468 11469 11470 11478 11486 11487 11488 11489 11490 11492 11494 11495 11496 11497 11498 11511 11524 11525 11526 11527 11528 11533 11538 11539 11540 11541 11542 11549 11556 11557 11558 11559 11560 11564 11568 11569 11570 11571 11572 11625 11678 11679 11680 11681 11682 11683 11684 11685 11686 11687 11688 11690 11692 11693 11694 11695 11696 11698 11700 11701 11702 11703 11704 11706 11708 11709 11710 11711 11712 11726 11740 11741 11742 11743 11744 11747 11750 11751 11752 11753 11754 11766 11778 11949 12120 12136 12152 12153 12154 12155 12156 12162 12168 12169 12170 12171 12172 12180 12188 12189 12190 12191 12192 12214 12236 12237 12238 12239 12240 12242 12244 12245 12246 12247 12248 12260 12272 12273 12274 12275 12276 12279 12282 12284 12286 12288 12290 12306 12322 12323 12324 12325 12326 12379 12432 12433 12434 12435 12436 12440 12444 12445 12446 12447 12448 12451 12454 12455 12456 12457 12458 12467 12476 12477 12478 12479 12480 12535 12590 12591 12592 12593 12594 12606 12618 12619 12620 12621 12622 12734 12846 12847 12848 12849 12850 12861 12872 12873 12874 12875 12876 12879 12882 12883 12884 12885 12886 12900 12914 12915 12916 12917 12918 12922 12926 12927 12928 12929 12930 12938 12946 12947 12948 12949 12950 12954 12958 12959 12960 12961 12962 12970 12978 12979 12980 12981 12982 12993 13004 13005 13006 13007 13008 13009 13010 13011 13012 13013 13014 13035 13056 13057 13058 13059 13060 13068 13076 13078 13080 13082 13084 13090 13096 13097 13098 13099 13100 13105 13110 13111 13112 13113 13114 13140 13166 13168 13170 13172 13174 13182 13190 13191 13192 13193 13194 13208 13222 13223 13224 13225 13226 13246 13266 13267 13268 13269 13270 13276 13282 13283 13284 13285 13286 13289 13292 13293 13294 13295 13296 13330 13364 13365 13366 13367 13368 13396 13424 13425 13426 13427 13428 13441 13454 13455 13456 13457 13458 13459 13460 13462 13464 13466 13468 13547 13626 13627 13628 13629 13630 13656 13682 13683 13684 13685 13686 13698 13710 13711 13712 13713 13714 13731 13748 13749 13750 13751 13752 13756 13760 13761 13762 13763 13764 13784 13804 13805 13806 13807 13808 13810 13812 13813 13814 13815 13816 13843 13870 13871 13872 13873 13874 13889 13904 13905 13906 13907 13908 13910 13912 13913 13914 13915 13916 13921 13926 13927 13928 13929 13930 13947 13964 13965 13966 13967 13968 13974 13980 13981 13982 13983 13984 13998 14012 14014 14016 14018 14020 14022 14024 14025 14026 14027 14028 14041 14054 14055 14056 14057 14058 14062 14066 14067 14068 14412 14756 14763 14770 14771 14772 14773 14774 14778 14782 14784 14786 14788 14790 14850 14910 14911 14912 14913 14914 14923 14932 14933 14934 14935 14936 14943 14950 14951 14952 14953 14954 14969 14984 14985 14986 14987 14988 14990 14992 14993 14994 14995 14996 15013 15030 15031 15032 15033 15034 15039 15044 15045 15046 15047 15048 15054 15060 15061 15062 15063 15064 15085 15106 15108 15110 15112 15114 15150 15186 15187 15188 15189 15190 15215 15240 15241 15242 15243 15244 15246 15248 15249 15250 15251 15252 15260 15268 15269 15270 15271 15272 15286 15300 15302 15304 15306 15308 15321 15334 15335 15336 15337 15338 15344 15350 15351 15352 15353 15354 15360 15366 15367 15368 15369 15370 15378 15386 15387 15388 15389 15390 15396 15402 15404 15406 15408 15410 15416 15422 15423 15424 15425 15426 15435 15444 15446 15448 15450 15452 15456 15460 15461 15462 15463 15464 15472 15480 15481 15482 15483 15484 15486 15488 15658 15828 15836 15844 15846 15848 15850 15852 15854 15856 15858 15860 15862 15864 15865 15866 15867 15868 15869 15870 15874 15878 15880 15882 15884 15886 15887 15888 15889 15890 15891 15892 15894 15896 15898 15900 15902 15904 15912 15920 15921 15922 15923 15924 15925 15926 15927 15928 15929 15930 15946 15962 15964 15966 15968 15970 15977 15984 15985 15986 15987 15988 16001 16014 16015 16016 16017 16018 16026 16034 16036 16038 16040 16042 16046 16050 16051 16052 16053 16054 16088 16122 16123 16124 16125 16126 16177 16228 16230 16232 16234 16236 16254 16272 16273 16274 16275 16276 16325 16374 16376 16378 16380 16382 16404 16426 16427 16428 16429 16430 16434 16438 16439 16440 16441 16442 16445 16448 16449 16450 16451 16452 16457 16462 16464 16466 16468 16470 16493 16516 16517 16518 16519 16520 16521 16522 16523 16524 16525 16526 16533 16540 16541 16542 16543 16544 16546 16548 16549 16550 16551 16552 16565 16578 16582 16586 16590 16594 16596 16598 16600 16602 16604 16606 16613 16620 16621 16622 16623 16624 16627 16630 16631 16632 16633 16634 16635 16636 16637 16638 16639 16640 16642 16644 16646 16648 16650 16652 16674 16696 16698 16700 16702 16704 16724 16744 16745 16746 16747 16748 16750 16752 16753 16754 16755 16756 16757 16758 16759 16760 16761 16762 16766 16770 16772 16774 16776 16778 16780 16782 16783 16784 16785 16786 16800 16814 16815 16816 16817 16818 16820 16822 16825 16828 16831 16834 16835 16836 16838 16840 16842 16844 16849 16854 16855 16856 16857 16858 16859 16860 16861 16862 16863 16864 16867 16870 16872 16874 16876 16878 16896 16914 16915 16916 16920 16924 16925 16926 16927 16928 16937 16946 16947 16948 16949 16950 16952 16954 16955 16956 16957 16958 16967 16976 16977 16978 16979 16980 16983 16986 16989 16992 16995 16998 17010 17022 17023 17024 17025 17026 17027 17028 17032 17036 17037 17038 17039 17040 17041 17042 17043 17044 17045 17046 17050 17054 17055 17056 17057 17058 17059 17060 17061 17062 17063 17064 17070 17076 17078 17080 17082 17084 17092 17100 17101 17102 17103 17104 17106 17108 17110 17112 17125 17138 17139 17140 17141 17142 17147 17152 17153 17154 17155 17156 17158 17160 17162 17164 17168 17172 17173 17174 17175 17176 17180 17184 17185 17186 17187 17188 17197 17206 17207 17208 17209 17210 17211 17212 17218 17224 17225 17226 17227 17228 17229 17230 17232 17234 17236 17238 17239 17240 17241 17242 17243 17244 17245 17246 17248 17250 17252 17254 17256 17258 17259 17260 17261 17262 17263 17264 17267 17270 17271 17272 17273 17274 17275 17276 17277 17278 17279 17280 17286 17292 17293 17294 17295 17296 17297 17298 17299 17300 17305 17310 17311 17312 17313 17314 17317 17320 17321 17322 17323 17324 17325 17326 17327 17328 17329 17330 17351 17372 17373 17374 17375 17376 17378 17380 17382 17384 17386 17388 17393 17398 17399 17400 17401 17402 17403 17404 17405 17406 17407 17408 17409 17410 17411 17412 17413 17414 17416 17418 17420 17422 17423 17424 17425 17426 17428 17430 17432 17434 17436 17438 17439 17440 17441 17442 17443 17444 17449 17454 17456 17458 17460 17462 17468 17474 17475 17476 17477 17478 17484 17490 17491 17492 17493 17494 17498 17502 17503 17504 17505 17506 17508 17510 17511 17512 17513 17514 17516 17518 17519 17520 17521 17522 17529 17536 17537 17538 17539 17540 17551 17562 17563 17564 17565 17566 17567 17568 17569 17570 17571 17572 17575 17578 17579 17580 17581 17582 17585 17588 17589 17590 17591 17592 17595 17598 17599 17600 17601 17602 17603 17604 17605 17606 17610 17614 17615 17616 17617 17618 17622 17626 17627 17628 17629 17630 17634 17638 17640 17642 17645 17648 17650 17652 17654 17656 17658 17660 17662 17664 17670 17676 17677 17678 17679 17680 17681 17682 17683 17684 17685 17686 17687 17688 17689 17690 17691 17692 17693 17694 17695 17696 17697 17698 17699 17700 17701 17702 17708 17714 17715 17716 17717 17718 17720 17722 17723 17724 17725 17726 17731 17736 17737 17738 17739 17740 17742 17744 17746 17748 17750 17752 17753 17754 17756 17758 17760 17762 17767 17772 17773 17774 17775 17776 17777 17778 17779 17780 17783 17786 17787 17788 17789 17790 17796 17802 17803 17804 17805 17806 17820 17834 17835 17836 17837 17838 17839 17840 17842 17844 17846 17848 17850 17852 17853 17854 17856 17858 17859 17860 17861 17862 17863 17864 17866 17868 17869 17870 17872 17874 17876 17878 17880 17882 17883 17884 17885 17886 17887 17888 17889 17890 17891 17892 17893 17894 17895 17896 17897 17898 17903 17908 17909 17910 17911 17912 17916 17920 17921 17922 17923 17924 17933 17942 17943 17944 17945 17946 17949 17952 17953 17954 17955 17956 17970 17984 17986 17988 17990 17992 17995 17998 17999 18000 18001 18002 18005 18008 18009 18010 18011 18012 18013 18014 18015 18016 18017 18018 18019 18020 18021 18022 18023 18024 18029 18034 18035 18036 18037 18038 18041 18044 18047 18050 18053 18056 18061 18066 18069 18072 18075 18078 18079 18080 18082 18084 18090 18096 18097 18098 18099 18100 18109 18118 18119 18120 18121 18122 18123 18124 18125 18126 18127 18128 18136 18144 18145 18146 18147 18148 18156 18164 18165 18166 18167 18168 18170 18172 18174 18176 18178 18180 18181 18182 18184 18186 18188 18190 18195 18200 18204 18208 18212 18216 18217 18218 18219 18220 18221 18222 18228 18234 18236 18238 18240 18242 18246 18250 18251 18252 18253 18254 18264 18274 18275 18276 18277 18278 18286 18294 18295 18296 18297 18298 18300 18302 18305 18308 18309 18310 18312 18314 18316 18318 18319 18320 18321 18322 18323 18324 18328 18332 18333 18334 18335 18336 18337 18338 18339 18340 18341 18342 18343 18344 18345 18346 18348 18350 18351 18352 18353 18354 18356 18358 18359 18360 18361 18362 18368 18374 18375 18376 18377 18378 18379 18380 18381 18382 18383 18384 18385 18386 18387 18388 18403 18418 18420 18422 18424 18426 18433 18440 18441 18442 18443 18444 18447 18450 18451 18452 18453 18454 18455 18456 18457 18458 18466 18474 18475 18476 18477 18478 18480 18482 18485 18488 18493 18498 18499 18500 18502 18504 18505 18506 18507 18508 18509 18510 18511 18512 18513 18514 18516 18518 18520 18522 18528 18534 18535 18536 18537 18538 18544 18550 18552 18554 18556 18558 18559 18560 18561 18562 18563 18564 18567 18570 18571 18572 18573 18574 18580 18586 18587 18588 18589 18590 18598 18606 18607 18608 18609 18610 18613 18616 18617 18618 18619 18620 18621 18622 18623 18624 18625 18626 18634 18642 18644 18646 18648 18650 18654 18658 18662 18666 18668 18670 18672 18674 18685 18696 18697 18698 18699 18700 18704 18708 18709 18710 18711 18712 18713 18714 18715 18716 18717 18718 18721 18724 18725 18726 18727 18728 18730 18732 18734 18736 18738 18740 18752 18764 18766 18768 18770 18772 18776 18780 18781 18782 18783 18784 18792 18800 18801 18802 18803 18804 18807 18810 18811 18812 18813 18814 18835 18856 18857 18858 18859 18860 18871 18882 18883 18884 18885 18886 18888 18890 18892 18894 18896 18898 18915 18932 18933 18934 18935 18936 18943 18950 18951 18952 18953 18954 18955 18956 18957 18958 18959 18960 18963 18966 18967 18968 18973 18978 18980 18982 18984 18986 18999 19012 19013 19014 19015 19016 19019 19022 19023 19024 19025 19026 19031 19036 19037 19038 19039 19040 19044 19048 19049 19050 19051 19052 19060 19068 19070 19072 19074 19076 19088 19100 19103 19106 19109 19112 19115 19118 19119 19120 19121 19122 19128 19134 19136 19138 19140 19142 19147 19152 19153 19154 19156 19158 19160 19162 19164 19166 19171 19176 19177 19178 19179 19180 19184 19188 19189 19190 19191 19192 19193 19194 19195 19196 19197 19198 19207 19216 19218 19220 19222 19224 19226 19228 19229 19230 19231 19232 19243 19254 19255 19256 19257 19258 19259 19260 19261 19262 19263 19264 19278 19292 19293 19294 19295 19296 19314 19332 19333 19334 19335 19336 19337 19338 19339 19340 19341 19342 19343 19344 19345 19346 19347 19348 19350 19352 19353 19354 19355 19356 19361 19366 19367 19368 19369 19370 19371 19372 19373 19374 19375 19376 19379 19382 19384 19386 19388 19390 19396 19402 19403 19404 19405 19406 19407 19408 19409 19410 19411 19412 19415 19418 19419 19420 19421 19422 19424 19426 19427 19428 19429 19430 19432 19434 19435 19436 19450 19464 19465 19466 19467 19468 19470 19472 19473 19474 19475 19476 19489 19502 19503 19504 19505 19506 19515 19524 19525 19526 19527 19528 19531 19534 19535 19536 19537 19538 19540 19542 19544 19546 19547 19548 19549 19550 19555 19560 19572 19584 19585 19586 19587 19588 19612 19636 19637 19638 19639 19640 19650 19660 19661 19662 19663 19664 19668 19672 19673 19674 19675 19676 19690 19704 19705 19706 19707 19708 19713 19718 19719 19720 19721 19722 19725 19728 19729 19730 19731 19732 19761 19790 19792 19794 19796 19798 19822 19846 19847 19848 19849 19850 19861 19872 19873 19874 19875 19876 19913 19950 19951 19952 19953 19954 19962 19970 19971 19972 19973 19974 19977 19980 19981 19982 19983 19984 20029 20074 20076 20078 20080 20082 20109 20136 20137 20138 20139 20140 20152 20164 20165 20166 20167 20168 20177 20186 20187 20188 20189 20190 20220 20250 20251 20252 20253 20254 20259 20264 20265 20266 20267 20268 20269 20270 20271 20272 20273 20274 20378 20482 20483 20484 20485 20486 20487 20488 20489 20490 20491 20492 20498 20504 20505 20506 20507 20508 20514 20520 20521 20522 20523 20524 20552 20580 20581 20582 20583 20584 20588 20592 20593 20594 20595 20596 20604 20612 20613 20614 20615 20616 20617 20618 20619 20620 20621 20622 20655 20688 20690 20692 20694 20696 20703 20710 20712 20714 20716 20718 20722 20726 20727 20728 20729 20730 20737 20744 20745 20746 20747 20748 20771 20794 20795 20796 20797 20798 20825 20852 20853 20854 20855 20856 20883 20910 20911 20912 20913 20914 20917 20920 20921 20922 20923 20924 20942 20960 20961 20962 20963 20964 21008 21052 21053 21054 21055 21056 21089 21122 21123 21124 21125 21126 21162 21198 21199 21200 21201 21202 21219 21236 21237 21238 21239 21240 21247 21254 21255 21256 21257 21258 21284 21310 21311 21312 21313 21314 21323 21332 21333 21334 21335 21336 21338 21340 21341 21342 21343 21344 21387 21430 21431 21432 21433 21434 21436 21438 21439 21440 21441 21442 21457 21472 21473 21474 21475 21476 21487 21498 21499 21500 21501 21502 21524 21546 21547 21548 21549 21550 21569 21588 21589 21590 21591 21592 21598 21604 21605 21606 21607 21608 21621 21634 21636 21638 21640 21642 21661 21680 21681 21682 21699 21716 21717 21718 21719 21720 21767 21814 21815 21816 21817 21818 21840 21862 21863 21864 21865 21866 21870 21874 21875 21876 21877 21878 21879 21880 21881 21882 21883 21884 21888 21892 21893 21894 21895 21896 21907 21918 21919 21920 21921 21922 21924 21926 21927 21928 21929 21930 21947 21964 21965 21966 21967 21968 21973 21978 21979 21980 21981 21982 21983 21984 21985 21986 21987 21988 21992 21996 21997 21998 21999 22000 22022 22044 22046 22048 22050 22052 22086 22120 22121 22122 22123 22124 22150 22176 22177 22178 22179 22180 22182 22184 22185 22186 22187 22188 22211 22234 22235 22236 22237 22238 22239 22240 22242 22244 22246 22248 22251 22254 22255 22256 22257 22258 22265 22272 22273 22274 22275 22276 22282 22288 22289 22290 22291 22292 22298 22304 22305 22306 22307 22308 22313 22318 22319 22320 22321 22322 22324 22326 22327 22328 22329 22330 22336 22342 22343 22344 22345 22346 22353 22360 22362 22364 22366 22368 22377 22386 23836 0 2942 23836 24554

0 1879 3758 3828 3898 3899 3900 3901 3902 3957 4012 4013 4014 4015 4016 4110 4204 4205 4206 4207 4208 4251 4294 4295 4296 4298 4300 4301 4302 4303 4304 4325 4346 4347 4348 4349 4350 4361 4372 4373 4374 4375 4376 4405 4434 4435 4436 4437 4438 4439 4440 4441 4442 4445 4448 4449 4450 4460 4470 4471 4472 4473 4474 4479 4484 4485 4486 4487 4488 4491 4494 4496 4498 4500 4502 4505 4508 4509 4510 4511 4512 4522 4532 4533 4534 4535 4536 4538 4540 4541 4542 4543 4544 4562 4580 4581 4582 4583 4584 4597 4610 4611 4612 4613 4614 4637 4660 4661 4662 4663 4664 4677 4690 4691 4692 4693 4694 4705 4716 4717 4718 4719 4720 4721 4722 4723 4724 4725 4726 4729 4732 4733 4734 4735 4736 4740 4744 4745 4746 4747 4748 4752 4756 4758 4760 4762 4764 4766 4768 4769 4770 4771 4772 4787 4802 4803 4804 4805 4806 4811 4816 4817 4818 4819 4820 4824 4828 4829 4830 4831 4832 4840 4848 4849 4850 4851 4852 4855 4858 4859 4860 4861 4862 4864 4866 4867 4868 4869 4870 4881 4892 4893 4894 4900 4906 4907 4908 4909 4910 4940 4970 4971 4972 4973 4974 4976 4978 4980 4982 4984 4986 5012 5038 5039 5040 5041 5042 5060 5078 5079 5080 5081 5082 5087 5092 5094 5096 5098 5100 5111 5122 5123 5124 5125 5126 5131 5136 5138 5140 5142 5144 5149 5154 5155 5156 5157 5158 5162 5166 5167 5168 5169 5170 5191 5212 5213 5214 5215 5216 5232 5248 5251 5254 5257 5260 5273 5286 5287 5288 5289 5290 5300 5310 5311 5312 5313 5314 5328 5342 5343 5344 5345 5346 5351 5356 5357 5358 5359 5360 5363 5366 5369 5372 5373 5374 5377 5380 5381 5382 5385 5388 5390 5392 5394 5396 5421 5446 5447 5448 5449 5450 5453 5456 5457 5458 5459 5460 5490 5520 5521 5522 5523 5524 5531 5538 5539 5540 5541 5542 5549 5556 5557 5558 5559 5560 5576 5592 5593 5594 5595 5596 5606 5616 5617 5618 5619 5620 5632 5644 5645 5646 5647 5648 5657 5666 5667 5668 5669 5670 5706 5742 5743 5744 5745 5746 5747 5748 5749 5750 5751 5752 5856 5960 5961 5962 5963 5964 5965 5966 5967 5968 5969 5970 5971 5972 5973 5974 5975 5976 5980 5984 5985 5986 5987 5988 5994 6000 6001 6002 6003 6004 6032 6060 6061 6062 6063 6064 6068 6072 6073 6074 6075 6076 6084 6092 6093 6094 6095 6096 6097 6098 6099 6100 6101 6102 6106 6110 6111 6112 6113 6114 6135 6156 6270 6384 6385 6386 6387 6388 6474 6560 6561 6562 6563 6564 6643 6722 6723 6724 6725 6726 6767 6808 6809 6810 6811 6812 6869 6926 6927 6928 6929 6930 7020 7110 7112 7114 7116 7118 7186 7254 7255 7256 7257 7258 7492 7726 7727 7728 7729 7730 7749 7768 7769 7770 7771 7772 7800 7828 7829 7830 7831 7832 7859 7886 7908 7930 7931 7932 7933 7934 7935 7936 7937 7938 7939 7940 7961 7982 7983 7984 7985 7986 7993 8000 8001 8002 8003 8004 8031 8058 8059 8060 8061 8062 8093 8124 8125 8126 8127 8128 8189 8250 8251 8252 8253 8254 8255 8256 8257 8258 8259 8260 8272 8284 8285 8286 8287 8288 8289 8290 8291 8292 8293 8294 8295 8296 8297 8298 8315 8332 8333 8334 8335 8336 8372 8408 8409 8410 8411 8412 8429 8446 8447 8448 8449 8450 8457 8464 8465 8466 8467 8468 8469 8470 8471 8472 8473 8474 8498 8522 8523 8524 8525 8526 8528 8530 8531 8532 8533 8534 8540 8546 8547 8548 8549 8550 8552 8554 8555 8556 8557 8558 8568 8578 8579 8580 8581 8582 8594 8606 8626 8646 8647 8648 8649 8650 8652 8654 8655 8656 8657 8658 8673 8688 8689 8690 8691 8692 8703 8714 8715 8716 8717 8718 8740 8762 8763 8764 8765 8766 8792 8818 8819 8820 8821 8822 8831 8840 8841 8842 8843 8844 8847 8850 8852 8854 8856 8858 8939 9020 9021 9022 9023 9024 9027 9030 9031 9032 9033 9034 9061 9088 9089 9090 9091 9092 9093 9094 9095 9096 9097 9098 9103 9108 9109 9110 9111 9112 9180 9248 9249 9250 9251 9252 9286 9320 9321 9322 9323 9324 9434 9544 9545 9546 9547 9548 9676 9804 9805 9806 9807 9808 10041 10274 10275 10276 10277 10278 10347 10416 10470 10524 10525 10526 10527 10528 10533 10538 10539 10540 10541 10542 10552 10562 10563 10564 10565 10566 10584 10602 10603 10604 10605 10606 10642 10678 10679 10680 10681 10682 10755 10828 10830 10832 10834 10836 10971 11106 11107 11108 11109 11110 11142 11174 11175 11176 11177 11178 11185 11192 11193 11194 11195 11196 11271 11346 11347 11348 11349 11350 11445 11540 11541 11542 11543 11544 11559 11574 11575 11576 11577 11578 11591 11604 11605 11606 11607 11608 11631 11654 11655 11656 11657 11658 11810 11962 11963 11964 11965 11966 12013 12060 12061 12062 12063 12064 12229 12394 12395 12396 12397 12398 12453 12508 12509 12510 12511 12512 12653 12794 12795 12796 12797 12798 12810 12822 12823 12824 12825 12826 12834 12842 12843 12844 12845 12846 12857 12868 12869 12870 12871 12872 12901 12930 12932 12934 12936 12938 12944 12950 12951 12952 12959 12966 12967 12968 12969 12970 12975 12980 12981 12982 12983 12984 12987 12990 12992 12994 12996 12998 13001 13004 13005 13006 13007 13008 13018 13028 13029 13030 13031 13032 13034 13036 13037 13038 13039 13040 13096 13152 13153 13154 13155 13156 13169 13182 13183 13184 13185 13186 13197 13208 13209 13210 13211 13212 13213 13214 13215 13216 13217 13218 13221 13224 13225 13226 13227 13228 13232 13236 13237 13238 13239 13240 13244 13248 13250 13252 13254 13256 13258 13260 13261 13262 13263 13264 13279 13294 13295 13296 13297 13298 13303 13308 13309 13310 13311 13312 13329 13346 13347 13348 13349 13350 13352 13354 13355 13356 13357 13358 13375 13392 13393 13394 13396 13398 13428 13458 13459 13460 13461 13462 13464 13466 13468 13470 13472 13474 13500 13526 13527 13528 13529 13530 13548 13566 13567 13568 13569 13570 13575 13580 13582 13584 13586 13588 13599 13610 13611 13612 13613 13614 13619 13624 13626 13628 13630 13632 13637 13642 13643 13644 13645 13646 13650 13654 13655 13656 13657 13658 13679 13700 13701 13702 13703 13704 13720 13736 13739 13742 13745 13748 13761 13774 13775 13776 13777 13778 13788 13798 13799 13800 13801 13802 13816 13830 13831 13832 13833 13834 13839 13844 13845 13846 13847 13848 13854 13860 13861 13862 13863 13864 13867 13870 13872 13874 13876 13878 13903 13928 13929 13930 13931 13932 13935 13938 13939 13940 13941 13942 13950 13958 13959 13960 13961 13962 13999 14036 14037 14038 14039 14040 14067 14094 14095 14096 14097 14098 14110 14122 14123 14124 14125 14126 14135 14144 14145 14146 14147 14148 14184 14220 14221 14222 14223 14224 14225 14226 14227 14228 14229 14230 14334 14438 14439 14440 14441 14442 14443 14444 14445 14446 14447 14448 14454 14460 14461 14462 14463 14464 14470 14476 14477 14478 14479 14480 14508 14536 14537 14538 14539 14540 14544 14548 14549 14550 14551 14552 14560 14568 14569 14570 14571 14572 14573 14574 14575 14576 14577 14578 14611 14644 14646 14648 14650 14652 14659 14666 14668 14670 14672 14674 14678 14682 14683 14684 14685 14686 14693 14700 14701 14702 14703 14704 14719 14734 14735 14736 14737 14738 14773 14808 14809 14810 14811 14812 14839 14866 14867 14868 14869 14870 14873 14876 14877 14878 14879 14880 14943 15006 15007 15008 15009 15010 15030 15050 15051 15052 15056 15060 15061 15062 15069 15076 15077 15078 15079 15080 15091 15102 15103 15104 15105 15106 15130 15154 15155 15156 15157 15158 15175 15192 15193 15194 15195 15196 15203 15210 15211 15212 15213 15214 15231 15248 15249 15250 15251 15252 15260 15268 15269 15270 15271 15272 15280 15288 15289 15290 15291 15292 15293 15294 15296 15298 15299 15300 15301 15302 15345 15388 15389 15390 15391 15392 15394 15396 15397 15398 15399 15400 15415 15430 15431 15432 15433 15434 15445 15456 15457 15458 15459 15460 15463 15466 15467 15468 15474 15480 15481 15482 15490 15498 15499 15500 15502 15504 15505 15506 15507 15508 15519 15530 15531 15532 15537 15542 15543 15544 15547 15550 15551 15552 15556 15560 15561 15562 15563 15564 15573 15582 15583 15584 15585 15586 15589 15592 15594 15596 15598 15600 15613 15626 15627 15628 15636 15644 15645 15646 15660 15674 15675 15676 15677 15678 15685 15692 15693 15694 15729 15764 15765 15766 15769 15772 15773 15774 15775 15776 15798 15820 15821 15822 15823 15824 15828 15832 15833 15834 15835 15836 15837 15838 15839 15840 15841 15842 15846 15850 15851 15852 15853 15854 15855 15856 15866 15876 15877 15878 15879 15880 15882 15884 15885 15886 15887 15888 15905 15922 15923 15924 15925 15926 15931 15936 15937 15938 15939 15940 15941 15942 15943 15944 15945 15946 15973 16000 16001 16002 16003 16004 16005 16006 16007 16008 16030 16052 16053 16054 16065 16076 16077 16078 16079 16080 16106 16132 16133 16134 16135 16136 16138 16140 16141 16142 16143 16144 16145 16146 17995 0 1407 16146 16879

0 3076 6152 6198 6244 6245 6246 6247 6248 6254 6260 6261 6262 6263 6264 6409 6554 6555 6556 6557 6558 6605 6652 6653 6654 6655 6656 6741 6826 6827 6828 6829 6830 6847 6864 6865 6866 6867 6868 6929 6990 6991 6992 6993 6994 7049 7104 7105 7106 7107 7108 7249 7390 7391 7392 7393 7394 7415 7436 7437 7438 7439 7440 7451 7462 7463 7464 7465 7466 7536 7606 7607 7608 7609 7610 7683 7756 7757 7758 7759 7760 7771 7782 7783 7784 7785 7786 7866 7946 7947 7948 8010 8072 8073 8074 8075 8076 8167 8258 8259 8260 8261 8262 8269 8276 8277 8278 8279 8280 8301 8322 8323 8324 8325 8326 8346 8366 8367 8368 8370 8372 8373 8374 8376 8378 8462 8546 8547 8548 8549 8550 8551 8552 8553 8554 8555 8556 8596 8636 8637 8638 8639 8640 8688 8736 8737 8738 8739 8740 8846 8952 8953 8954 8955 8956 8968 8980 8981 8982 8983 8984 9021 9058 9059 9060 9061 9062 9093 9124 9125 9126 9127 9128 9175 9222 9223 9224 9225 9226 9325 9424 9425 9426 9427 9428 9460 9492 9493 9494 9495 9496 9511 9526 9527 9528 9529 9530 9534 9538 9539 9540 9541 9542 9545 9548 9549 9550 9551 9552 9553 9554 9555 9556 9600 9644 9645 9646 9647 9648 9665 9682 9683 9684 9685 9686 9796 9906 9907 9908 9909 9910 9925 9940 9941 9942 9943 9944 9950 9956 9957 9958 9959 9960 9967 9974 9975 9976 9977 9978 9979 9980 9981 9982 9984 9986 9987 9988 9989 9990 9993 9996 9997 9998 10005 10012 10013 10014 10015 10016 10021 10026 10027 10028 10029 10030 10033 10036 10037 10038 10039 10040 10041 10042 10043 10044 10047 10050 10051 10052 10053 10054 10067 10080 10081 10082 10083 10084 10098 10112 10113 10114 10115 10116 10147 10178 10179 10180 10181 10182 10191 10200 10201 10202 10203 10204 10228 10252 10423 10594 10595 10596 10597 10598 10599 10600 10603 10606 10607 10608 10609 10610 10611 10612 10613 10614 10625 10636 10637 10638 10639 10640 10651 10662 10663 10664 10665 10666 10668 10670 10671 10672 10673 10674 10675 10676 10677 10678 10679 10680 10685 10690 10691 10692 10693 10694 10722 10750 10752 10754 10756 10758 10767 10776 10777 10778 10779 10780 10808 10836 10837 10838 10839 10840 10862 10884 10885 10886 10887 10888 10899 10910 10911 10912 10913 10914 10923 10932 10933 10934 10935 10936 10981 11026 11028 11030 11032 11034 11045 11056 11057 11058 11059 11060 11069 11078 11079 11080 11081 11082 11108 11134 11135 11136 11137 11138 11147 11156 11157 11158 11159 11160 11183 11206 11207 11208 11209 11210 11248 11286 11287 11288 11289 11290 11312 11334 11335 11336 11337 11338 11353 11368 11369 11370 11371 11372 11386 11400 11401 11402 11403 11404 11415 11426 11427 11428 11432 11436 11437 11438 11439 11440 11660 11880 11882 11884 11886 11888 11889 11890 11891 11892 11893 11894 11895 11896 11897 11898 12020 12142 12143 12144 12145 12146 12181 12216 12217 12218 12219 12220 12256 12292 12293 12294 12295 12296 12439 12582 12583 12584 12585 12586 12607 12628 12629 12630 12631 12632 12663 12694 12695 12696 12697 12698 12710 12722 12723 12724 12725 12726 12766 12806 12807 12808 12809 12810 12845 12880 12881 12882 12883 12884 12923 12962 12963 12964 12965 12966 13077 13188 13189 13190 13191 13192 13205 13218 13219 13220 13221 13222 13245 13268 13269 13270 13271 13272 13317 13362 13363 13364 13365 13366 13472 13578 13579 13580 13581 13582 13629 13676 13677 13678 13679 13680 13756 13832 13833 13834 13835 13836 13854 13872 15751 0 2182 13872 14537
0 3415 6830 6834 6838 6839 6840 6841 6842 6870 6898 6899 6900 6901 6902 6906 6910 6911 6912 6913 6914 6922 6930 6931 6932 6933 6934 6935 6936 6937 6938 6939 6940 6973 7006 7008 7010 7012 7014 7021 7028 7030 7032 7034 7036 7040 7044 7045 7046 7047 7048 7055 7062 7063 7064 7065 7066 7081 7096 7097 7098 7099 7100 7135 7170 7171 7172 7173 7174 7201 7228 7229 7230 7231 7232 7235 7238 7239 7240 7241 7242 7305 7368 7369 7370 7371 7372 7405 7438 7439 7440 7441 7442 7478 7514 7515 7516 7517 7518 7535 7552 7553 7554 7555 7556 7563 7570 7571 7572 7573 7574 7579 7584 7585 7586 7587 7588 7608 7628 7629 7630 7631 7632 7641 7650 7651 7652 7653 7654 7656 7658 7660 7662 7705 7748 7749 7750 7751 7752 7754 7756 7757 7758 7759 7760 7775 7790 7791 7792 7793 7794 7805 7816 7817 7818 7819 7820 7842 7864 7865 7866 7867 7868 7894 7920 7921 7922 7923 7924 7937 7950 7952 7954 7956 7958 7980 8002 8003 8004 8018 8032 8033 8034 8035 8036 8083 8130 8131 8132 8133 8134 8156 8178 8179 8180 8181 8182 8186 8190 8191 8192 8193 8194 8195 8196 8197 8198 8199 8200 8204 8208 8209 8210 8211 8212 8223 8234 8235 8236 8237 8238 8240 8242 8243 8244 8245 8246 8263 8280 8281 8282 8283 8284 8289 8294 8295 8296 8297 8298 8299 8300 8301 8302 8303 8304 8331 8358 8360 8362 8364 8366 8400 8434 8435 8436 8437 8438 8440 8442 8443 8444 8445 8446 8469 8492 8493 8494 8495 8496 8498 8500 8501 8502 8503 8504 8527 8550 8551 8552 8553 8554 8555 8556 8558 8560 8562 8564 8567 8570 8571 8572 8573 8574 8581 8588 8589 8590 8591 8592 8598 8604 8605 8606 8607 8608 8614 8620 8621 8622 8623 8624 8629 8634 8635 8636 8637 8638 8640 8642 8643 8644 8645 8646 8652 8658 8659 8660 8661 8662 8669 8676 8678 8680 8682 8684 8693 8702 8703 8704 8705 8706 8710 8714 8715 8716 8717 8718 8729 8740 8910 9080 9088 9096 9102 9108 9114 9120 9121 9122 9123 9124 9125 9126 9130 9134 9135 9136 9137 9138 9140 9142 9143 9144 9145 9146 9148 9150 9152 9154 9156 9158 9166 9174 9175 9176 9177 9178 9179 9180 9181 9182 9183 9184 9192 9200 9201 9202 9203 9204 9225 9246 9247 9248 9249 9250 9273 9296 9297 9298 9299 9300 9302 9304 9306 9308 9310 9312 9320 9328 9329 9330 9331 9332 9339 9346 9347 9348 9349 9350 9356 9362 9363 9364 9365 9366 9413 9460 9461 9462 9463 9464 9482 9500 9501 9502 9503 9504 9541 9578 9579 9580 9581 9582 9586 9590 9591 9592 9593 9594 9595 9596 9598 9600 9602 9604 9611 9618 9692 9766 9767 9768 9769 9770 9797 9824 9825 9826 9846 9866 9868 9870 9872 9874 9879 9884 9885 9886 9887 9888 9892 9896 9897 9898 9899 9900 9983 10066 10067 10068 10069 10070 10087 10104 10105 10106 10138 10170 10171 10172 10173 10174 10220 10266 10267 10268 10269 10270 10287 10304 10305 10306 10307 10308 10315 10322 10323 10324 10356 10388 10389 10390 10407 10424 10425 10426 10427 10428 10485 10542 10543 10544 10545 10546 10626 10706 10707 10708 10721 10734 10735 10736 10737 10738 10754 10770 10771 10772 10785 10798 10799 10800 10807 10814 10815 10816 10831 10846 10847 10848 10849 10850 10895 10940 10941 10942 10943 10944 11052 11160 11161 11162 11163 11164 11172 11180 11181 11182 11218 11254 11255 11256 11257 11258 11362 11466 11484 11502 11529 11556 11557 11558 11559 11560 11575 11590 11591 11592 11593 11594 11638 11682 11683 11684 11789 11894 11895 11896 11897 11898 11944 11990 11991 11992 11993 11994 12015 12036 12037 12038 12039 12040 12051 12062 12063 12064 12065 12066 12095 12124 12125 12126 12127 12128 12129 12130 12131 12132 12138 12144 12145 12146 12147 12148 12149 12150 12155 12160 12161 12162 12163 12164 12169 12174 12175 12176 12177 12178 12181 12184 12186 12188 12190 12192 12195 12198 12199 12200 12201 12202 12212 12222 12223 12224 12225 12226 12228 12230 12231 12232 12233 12234 12252 12270 12271 12272 12309 12346 12347 12348 12361 12374 12375 12376 12377 12378 12389 12400 12401 12402 12403 12404 12405 12406 12485 12564 12565 12566 12593 12620 12621 12622 12623 12624 12658 12692 12693 12694 12695 12696 12752 12808 12820 12832 12833 12834 12835 12836 12844 12852 12853 12854 12870 12886 12889 12892 12905 12918 12919 12920 12930 12940 12941 12942 12943 12944 12958 12972 12973 12974 12979 12984 12985 12986 12987 12988 12989 12990 12991 12992 12994 12996 13000 13004 13007 13010 13012 13014 13039 13064 13065 13066 13069 13072 13073 13074 13075 13076 13122 13168 13169 13170 13171 13172 13199 13226 13227 13228 13240 13252 13253 13254 13255 13256 13265 13274 13275 13276 13312 13348 13349 13350 13351 13352 13353 13354 13355 13356 13460 13564 13565 13566 13567 13568 13569 13570 13571 13572 13578 13584 13585 13586 13592 13598 13599 13600 13628 13656 13657 13658 13662 13666 13667 13668 13676 13684 13685 13686 13687 13688 13689 13690 13723 13756 13758 13760 13767 13774 13775 13776 13777 13778 13779 13780 13784 13788 13789 13790 13797 13804 17287 3415 5740 17287 18524
0 3415 6830 6834 6838 6839 6840 6841 6842 6870 6898 6899 6900 6901 6902 6906 6910 6911 6912 6913 6914 6922 6930 6931 6932 6933 6934 6935 6936 6937 6938 6939 6940 6973 7006 7008 7010 7012 7014 7021 7028 7030 7032 7034 7036 7040 7044 7045 7046 7047 7048 7055 7062 7063 7064 7065 7066 7081 7096 7097 7098 7099 7100 7135 7170 7171 7172 7173 7174 7201 7228 7229 7230 7231 7232 7235 7238 7239 7240 7241 7242 7305 7368 7369 7370 7371 7372 7405 7438 7439 7440 7441 7442 7478 7514 7515 7516 7517 7518 7535 7552 7553 7554 7555 7556 7563 7570 7571 7572 7573 7574 7579 7584 7585 7586 7587 7588 7608 7628 7629 7630 7631 7632 7641 7650 7651 7652 7653 7654 7656 7658 7660 7662 7705 7748 7749 7750 7751 7752 7754 7756 7757 7758 7759 7760 7775 7790 7791 7792 7793 7794 7805 7816 7817 7818 7819 7820 7842 7864 7865 7866 7867 7868 7894 7920 7921 7922 7923 7924 7937 7950 7952 7954 7956 7958 7980 8002 8003 8004 8018 8032 8033 8034 8035 8036 8083 8130 8131 8132 8133 8134 8156 8178 8179 8180 8181 8182 8186 8190 8191 8192 8193 8194 8195 8196 8197 8198 8199 8200 8204 8208 8209 8210 8211 8212 8223 8234 8235 8236 8237 8238 8240 8242 8243 8244 8245 8246 8263 8280 8281 8282 8283 8284 8289 8294 8295 8296 8297 8298 8299 8300 8301 8302 8303 8304 8331 8358 8360 8362 8364 8366 8400 8434 8435 8436 8437 8438 8440 8442 8443 8444 8445 8446 8469 8492 8493 8494 8495 8496 8498 8500 8501 8502 8503 8504 8527 8550 8551 8552 8553 8554 8555 8556 8558 8560 8562 8564 8567 8570 8571 8572 8573 8574 8581 8588 8589 8590 8591 8592 8598 8604 8605 8606 8607 8608 8614 8620 8621 8622 8623 8624 8629 8634 8635 8636 8637 8638 8640 8642 8643 8644 8645 8646 8652 8658 8659 8660 8661 8662 8669 8676 8678 8680 8682 8684 8693 8702 8703 8704 8705 8706 8710 8714 8715 8716 8717 8718 8729 8740 8910 9080 9088 9096 9102 9108 9114 9120 9121 9122 9123 9124 9125 9126 9130 9134 9135 9136 9137 9138 9140 9142 9143 9144 9145 9146 9148 9150 9152 9154 9156 9158 9166 9174 9175 9176 9177 9178 9179 9180 9181 9182 9183 9184 9192 9200 9201 9202 9203 9204 9225 9246 9247 9248 9249 9250 9273 9296 9297 9298 9299 9300 9302 9304 9306 9308 9310 9312 9320 9328 9329 9330 9331 9332 9339 9346 9347 9348 9349 9350 9356 9362 9363 9364 9365 9366 9413 9460 9461 9462 9463 9464 9482 9500 9501 9502 9503 9504 9541 9578 9579 9580 9581 9582 9586 9590 9591 9592 9593 9594 9595 9596 9598 9600 9602 9604 9611 9618 9692 9766 9767 9768 9769 9770 9797 9824 9825 9826 9846 9866 9868 9870 9872 9874 9879 9884 9885 9886 9887 9888 9892 9896 9897 9898 9899 9900 9983 10066 10067 10068 10069 10070 10087 10104 10105 10106 10138 10170 10171 10172 10173 10174 10220 10266 10267 10268 10269 10270 10287 10304 10305 10306 10307 10308 10315 10322 10323 10324 10356 10388 10389 10390 10407 10424 10425 10426 10427 10428 10485 10542 10543 10544 10545 10546 10626 10706 10707 10708 10721 10734 10735 10736 10737 10738 10754 10770 10771 10772 10785 10798 10799 10800 10807 10814 10815 10816 10831 10846 10847 10848 10849 10850 10895 10940 10941 10942 10943 10944 11052 11160 11161 11162 11163 11164 11172 11180 11181 11182 11218 11254 11255 11256 11257 11258 11362 11466 11484 11502 11529 11556 11557 11558 11559 11560 11575 11590 11591 11592 11593 11594 11638 11682 11683 11684 11789 11894 11895 11896 11897 11898 11944 11990 11991 11992 11993 11994 12015 12036 12037 12038 12039 12040 12051 12062 12063 12064 12065 12066 12095 12124 12125 12126 12127 12128 12129 12130 12131 12132 12138 12144 12145 12146 12147 12148 12149 12150 12155 12160 12161 12162 12163 12164 12169 12174 12175 12176 12177 12178 12181 12184 12186 12188 12190 12192 12195 12198 12199 12200 12201 12202 12212 12222 12223 12224 12225 12226 12228 12230 12231 12232 12233 12234 12252 12270 12271 12272 12309 12346 12347 12348 12361 12374 12375 12376 12377 12378 12389 12400 12401 12402 12403 12404 12405 12406 12485 12564 12565 12566 12593 12620 12621 12622 12623 12624 12658 12692 12693 12694 12695 12696 12752 12808 12820 12832 12833 12834 12835 12836 12844 12852 12853 12854 12870 12886 12889 12892 12905 12918 12919 12920 12930 12940 12941 12942 12943 12944 12958 12972 12973 12974 12979 12984 12985 12986 12987 12988 12989 12990 12991 12992 12994 12996 13000 13004 13007 13010 13012 13014 13039 13064 13065 13066 13069 13072 13073 13074 13075 13076 13122 13168 13169 13170 13171 13172 13199 13226 13227 13228 13240 13252 13253 13254 13255 13256 13265 13274 13275 13276 13312 13348 13349 13350 13351 13352 13353 13354 13355 13356 13460 13564 13565 13566 13567 13568 13569 13570 13571 13572 13578 13584 13585 13586 13592 13598 13599 13600 13628 13656 13657 13658 13662 13666 13667 13668 13676 13684 13685 13686 13687 13688 13689 13690 13723 13756 13758 13760 13767 13774 13775 13776 13777 13778 13779 13780 13784 13788 13789 13790 13797 13804 17287 3415 5760 17287 18685
0 4797 9594 9607 9620 9621 9622 9623 9624 9666 9708 9709 9710 9711 9712 9713 9714 9716 9718 9720 9722 9738 9754 9755 9756 9757 9758 9878 9998 9999 10000 10001 10002 10006 10010 10011 10012 10013 10014 10053 10092 10093 10094 10095 10096 10123 10150 10151 10152 10153 10154 10156 10158 10159 10160 10161 10162 10165 10168 10169 10170 10171 10172 10173 10174 10175 10176 10177 10178 10216 10254 10255 10256 10257 10258 10259 10260 10261 10262 10263 10264 10266 10268 10269 10270 10271 10272 10274 10276 13520 4797 8096 13520 14138



0 630 1260 1261 1262 1316 1370 1371 1372 1373 1374 2036 2698 2699 2700 2780 2860 2861 2862 2863 2864 2975 3086 3091 3096 3160 3224 3225 3226 3227 3228 3478 3728 3733 3738 3836 3934 3935 3936 3937 3938 4174 4410 4411 4412 4413 4414 4520 4626 4627 4628 4663 4698 4993 5288 5289 5290 5291 5292 5488 5684 5689 5694 5935 6176 6177 6178 6218 6258 6259 6260 6261 6262 7065 7868 7869 7870 8299 8728 8729 8730 8731 8732 8855 8978 8979 8980 9063 9146 9151 9156 9473 9790 9791 9792 9865 9938 9939 9940 9960 9980 9981 9982 10197 10412 10592 10772 10777 10782 10789 10796 11163 11530 11531 11532 11880 12228 12230 12232 12234 12236 12361 12486 12487 12488 12673 12488 12563 0 163
0 526 1052 1053 1054 1055 1056 1170 1284 1285 1286 1287 1288 1353 1418 1419 1420 1421 1422 1452 1482 1483 1484 1485 1486 1535 1584 1586 1588 1625 1662 1663 1664 1665 1666 1750 1834 1835 1836 1837 1838 1897 1956 1957 1958 1959 1960 1979 1998 1999 2000 2001 2002 2110 0 462 2002 2020
0 188 376 377 378 379 380 381 382 383 384 385 386 387 388 389 390 391 392 393 394 395 396 402 408 530 652 653 654 655 656 674 692 693 694 695 696 697 698 699 700 844 988 989 990 991 992 996 1000 1001 1002 1003 1004 1007 1010 1011 1012 1013 1014 1104 1194 1195 1196 1197 1198 1210 1222 1223 1224 1225 1226 1297 1368 1369 1370 1371 1372 1373 1374 1397 1420 1421 1422 1423 1424 1544 1544 1634 188 282
0 466 932 933 934 935 936 1028 1120 1121 1122 1123 1124 1155 1186 1187 1188 1189 1190 1305 1420 1421 1422 1423 1424 1477 1530 1531 1532 1533 1534 1662 1790 1791 1792 1793 1794 1854 1914 1915 1916 1917 1918 1928 1938 1939 1940 1941 1942 2060 2178 2179 2180 2181 2182 2242 2302 2303 2304 2305 2306 2431 2556 2557 2558 2559 2560 2571 2582 2583 2584 2585 2586 2655 2724 2725 2726 2727 2728 2729 2730 2775 2820 2821 2822 2823 2824 2841 2858 2859 2860 2861 2862 2903 2944 2945 2946 2947 2948 2960 2972 2973 2974 2975 2976 2991 3006 3007 3008 3009 3010 3028 3046 3047 3048 3096 3144 3145 3146 3147 3148 3202 3256 3257 3258 3259 3260 3318 3376 3377 3378 3379 3380 3412 3444 3445 3446 3447 3448 3449 3450 3453 3456 3459 3462 3496 3530 3531 3532 3533 3534 3536 3538 3539 3540 3541 3542 3549 3556 3557 3558 3559 3560 3561 3562 3563 3564 3585 3606 3607 3608 3609 3610 3734 0 280 3610 3640
0 276 552 553 554 662 770 771 772 774 776 778 780 782 784 786 788 789 790 791 792 820 848 849 850 851 852 853 854 1467 2080 2081 2082 2083 2084 2098 2112 2113 2114 2115 2116 2202 2288 2289 2290 2291 2292 2361 2430 2431 2432 2519 2606 2607 2608 2609 2610 2627 2644 2645 2646 2647 2648 2668 2688 2689 2690 2691 2692 2907 2907 2968 276 452
0 281 562 563 564 565 566 587 608 609 610 611 612 652 692 693 694 695 696 790 884 885 886 887 888 943 998 999 1000 1001 1002 1147 1292 1293 1294 1295 1296 1373 1450 1451 1452 1453 1454 1505 1556 1557 1558 1559 1560 1606 1652 1653 1654 1655 1656 1797 1938 1939 1940 1941 1942 2144 2346 2347 2348 2349 2350 2454 2558 2559 2560 2561 2562 2587 2612 2613 2614 2621 2628 2629 2630 2631 2632 2718 2804 2805 2806 2807 2808 2813 2818 2819 2820 2821 2822 2857 2892 2893 2894 2895 2896 2915 2934 2935 2936 2937 2938 2946 2954 2955 2956 2957 2958 3354 0 135 2958 2982
0 396 792 793 794 834 874 875 876 877 878 890 902 903 904 905 906 1052 1198 1199 1200 1209 1218 1219 1220 1221 1222 1240 1258 1259 1260 1261 1262 1297 1332 1333 1334 1335 1336 1417 1498 1499 1500 1501 1502 1678 1854 1855 1856 1857 1858 2135 2412 2413 2414 2415 2416 2432 2448 2449 2450 2451 2452 2553 2654 2655 2656 2657 2658 2659 2660 2661 2662 2663 2664 2691 2718 2719 2720 2721 2722 2762 2802 2803 2804 2805 2806 2840 2874 2875 2876 2877 2878 2982 3086 3087 3088 3089 3090 3094 3098 3099 3100 3101 3102 3110 3118 3119 3120 3121 3122 3192 3262 3263 3264 3265 3266 3345 3424 3425 3426 3427 3428 3578 0 303 3428 3500
0 411 822 875 928 929 930 931 932 937 942 945 948 949 950 951 952 953 954 981 1008 1009 1010 1011 1012 1048 1084 1085 1086 1087 1088 1090 1092 1097 1102 1104 1106 1107 1108 1109 1110 1131 1152 1153 1154 1155 1156 1161 1166 1167 1168 1169 1170 1183 1196 1197 1198 1199 1200 1202 1204 1205 1206 1207 1208 1241 1274 1276 1278 1280 1282 1283 1284 1292 1300 1320 1340 1341 1342 1343 1344 1345 1346 1348 1350 1355 1360 1361 1362 1363 1364 1368 1372 1375 1378 1381 1384 1403 1422 1426 1430 1441 1452 1453 1454 1455 1456 1462 1468 1479 1490 1491 1492 1493 1494 1500 1506 1507 1508 1509 1510 1511 1512 1513 1514 1524 1534 1535 1536 1537 1538 1560 1582 1583 1584 1585 1586 1587 1588 1593 1598 1601 1604 1605 1606 1607 1608 1609 1610 1621 1632 1639 1646 1647 1648 1649 1650 1653 1656 1657 1658 1659 1660 1664 1668 1669 1670 1671 1672 1673 1674 1675 1676 1677 1678 1679 1680 1681 1682 1710 1738 1739 1740 1741 1742 1743 1744 1745 1746 1747 1748 1750 1752 1753 1754 1755 1756 1757 1758 1759 1760 1761 1762 1764 1766 1767 1768 1769 1770 1771 1772 1773 1774 1775 1776 1777 1778 1786 1794 1795 1796 1797 1798 1817 1836 1837 1838 1839 1840 1841 1842 1843 1844 1845 1846 1847 1848 1849 1850 1851 1852 1853 1854 1856 1858 1860 1862 1863 1864 1865 1866 1870 1874 1875 1876 1877 1878 1880 1882 1883 1884 1885 1886 1900 1914 1915 1916 1917 1918 1922 1926 1927 1928 1929 1930 1931 1932 1933 1934 1935 1936 1939 1942 1950 1958 1960 1962 1964 1966 1967 1968 1984 2000 2015 2030 2031 2032 2033 2034 2041 2048 2049 2050 2051 2052 2062 2072 2075 2078 2081 2084 2099 2114 2115 2116 2117 2118 2120 2122 2123 2124 2126 2128 2129 2130 2131 2132 2133 2134 2140 2146 2147 2148 2149 2150 2154 2158 2159 2160 2161 2162 2198 2234 2235 2236 2237 2238 2260 2282 2283 2284 2285 2286 2287 2288 2289 2290 2291 2292 2293 2294 2296 2298 2299 2300 2301 2302 2303 2304 2305 2306 2307 2308 2309 2310 2311 2312 2333 2354 2355 2356 2357 2358 2363 2368 2369 2370 2371 2372 2385 2398 2399 2400 2401 2402 2403 2404 2405 2406 2407 2408 2409 2410 2411 2412 2426 2440 2441 2442 2443 2444 2448 2452 2453 2454 2455 2456 2457 2458 2459 2460 2461 2462 2463 2464 2465 2466 2467 2468 2474 2480 2483 2486 2489 2492 2494 2496 2509 2522 2523 2524 2525 2526 2528 2530 2531 2532 2534 2536 2537 2538 2539 2540 2541 2542 2543 2544 2546 2548 2549 2550 2551 2552 2555 2558 2559 2560 2561 2562 2566 2570 2571 2572 2573 2574 2575 2576 2577 2578 2579 2580 2595 2610 2611 2612 2613 2614 2620 2626 2627 2628 2629 2630 2631 2632 2633 2634 2644 2654 2657 2660 2663 2666 2681 2696 2697 2698 2699 2700 2703 2706 2710 2714 2720 2726 2727 2728 2729 2730 2734 2738 2739 2740 2741 2742 2743 2744 2745 2746 2761 2776 2777 2778 2779 2780 2790 2800 2801 2802 2803 2804 2806 2808 2810 2812 2818 2824 2825 2826 2827 2828 2849 2870 2871 2872 2873 2874 2875 2876 2877 2878 2879 2880 2881 2882 2916 2950 2951 2952 2953 2954 2955 2956 2957 2958 2959 2960 2962 2964 2965 2966 2967 2968 2969 2970 2971 2972 2974 2976 2977 2978 2979 2980 2985 2990 2991 2992 2993 2994 2995 2996 3012 3028 3030 3032 3033 3034 3036 3038 3046 3054 3055 3056 3057 3058 3062 3066 3067 3068 3069 3070 3072 3074 3075 3076 3077 3078 3099 3120 3121 3122 3123 3124 3135 3146 3147 3148 3149 3150 3151 3152 3153 3154 3155 3156 3164 3172 3187 3202 3203 3204 3205 3206 3209 3212 3214 3216 3217 3218 3219 3220 3221 3222 3223 3224 3225 3226 3231 3236 3237 3238 3239 3240 3244 3248 3251 3254 3257 3260 3267 3274 3278 3282 3287 3292 3294 3296 3297 3298 3300 3302 3303 3304 3305 3306 3307 3308 3314 3320 3321 3322 3323 3324 3328 3332 3333 3334 3335 3336 3353 3370 3371 3372 3373 3374 3377 3380 3381 3382 3383 3384 3385 3386 3387 3388 3389 3390 3391 3392 3403 3414 3415 3416 3417 3418 3439 3460 3462 3464 3465 3466 3467 3468 3469 3470 3476 3482 3483 3484 3485 3486 3492 3498 3499 3500 3501 3502 3516 3530 3531 3532 3533 3534 3539 3544 3545 3546 3547 3548 3549 3550 3551 3552 3553 3554 3555 3556 3557 3558 3559 3560 3587 3614 3615 3616 3617 3618 3625 3632 3646 3660 3661 3662 3663 3664 3682 3700 3702 3704 3705 3706 3707 3708 3709 3710 3716 3722 3723 3724 3725 3726 3748 3770 3771 3772 3773 3774 3777 3780 3782 3784 3785 3786 3787 3788 3789 3790 3796 3802 3803 3804 3805 3806 3828 3850 3883 3916 3920 3924 3925 3926 3927 3928 3930 3932 3933 3934 3935 3936 3943 3950 3972 3994 3995 3996 3997 3998 4005 4012 4033 4054 4056 4058 4103 4148 4150 4152 4153 4154 4155 4156 4157 4158 4164 4170 4171 4172 4173 4174 4203 4232 4233 4234 4235 4236 4265 4294 4295 4296 4297 4298 4304 4310 4311 4312 4313 4314 4348 4382 4383 4384 4385 4386 4387 4388 4389 4390 4391 4392 4405 4418 4419 4420 4421 4422 4458 4494 4495 4496 4497 4498 4518 4538 4539 4540 4541 4542 4543 4544 4545 4546 4547 4548 4549 4550 4551 4552 4553 4554 4555 4556 4567 4578 4579 4580 4581 4582 4597 4612 4613 4614 4615 4616 4620 4624 4625 4626 4627 4628 4629 4630 4631 4632 4633 4634 4635 4636 4637 4638 4639 4640 4667 4694 4695 4696 4697 4698 4705 4712 4713 4714 4715 4716 4744 4772 4773 4774 4775 4776 4812 4848 4849 4850 4851 4852 4855 4858 4859 4860 4861 4862 4867 4872 4873 4874 4875 4876 4906 4936 4937 4938 4939 4940 4941 4942 4943 4944 4945 4946 4947 4948 4949 4950 4963 4976 4977 4978 4979 4980 4987 4994 4996 4998 5009 5020 5021 5022 5023 5024 5025 5026 5027 5028 5029 5030 5031 5032 5033 5034 5035 5036 5040 5044 5045 5046 5047 5048 5055 5062 5064 5066 5072 5078 5079 5080 5081 5082 5088 5094 5095 5096 5097 5098 5101 5104 5106 5108 5109 5110 5111 5112 5113 5114 5120 5126 5127 5128 5129 5130 5152 5174 5175 5176 5177 5178 5184 5190 5191 5192 5193 5194 5230 5266 5267 5268 5269 5270 5299 5328 5329 5330 5331 5332 5338 5344 5345 5346 5347 5348 5384 5420 5421 5422 5423 5424 5437 5450 5451 5452 5453 5454 5474 5494 5495 5496 5497 5498 5648 5798 5799 5800 5801 5802 5874 5946 5947 5948 5949 5950 5976 6002 6003 6004 6005 6006 6013 6020 6021 6022 6023 6024 6025 6026 6027 6028 6029 6030 6031 6032 6033 6034 6035 6036 6071 6106 6107 6108 6109 6110 6138 6166 6167 6168 6169 6170 6174 6178 6179 6180 6181 6182 6190 6198 6199 6200 6201 6202 6443 411 762 6202 6232
0 190 380 381 382 383 384 682 980 981 982 983 984 1099 1214 1215 1216 1217 1218 1239 1260 1261 1262 1263 1264 1289 1314 1315 1316 1317 1318 1326 1334 1335 1336 1337 1338 1736 2134 2135 2136 2137 2138 2156 2174 2175 2176 2177 2178 2231 2284 2285 2286 2287 2288 2495 2702 2703 2704 2705 2706 2721 2736 2737 2738 2739 2740 2815 2890 2891 2892 2893 2894 2980 0 164 2894 2934
0 351 702 703 704 705 706 712 718 719 720 721 722 737 752 753 754 755 756 823 890 891 892 893 894 932 970 971 972 973 974 994 1014 1015 1016 1017 1018 1151 1284 1285 1286 1287 1288 1303 1318 1319 1320 1321 1322 1330 1338 1339 1340 1341 1342 1601 1860 1861 1862 1863 1864 2030 2196 2197 2198 2199 2200 2216 2232 2233 2234 2235 2236 2252 2268 2269 2270 2271 2272 2359 2446 2447 2448 2449 2450 2451 2452 2463 2474 2475 2476 2477 2478 2512 2546 2547 2548 2549 2550 2630 2710 2711 2712 2713 2714 2817 2920 2921 2922 2923 2924 2951 2978 2979 2980 2981 2982 3003 3024 3025 3026 3027 3028 3089 3150 3151 3152 3153 3154 3289 3424 3425 3426 3427 3428 3574 3720 3721 3722 3723 3724 3776 3828 3829 3830 3831 3832 4144 0 198 3832 3958
0 323 646 647 648 649 650 692 734 735 736 737 738 741 744 745 746 747 748 761 774 775 776 777 778 779 780 781 782 806 830 831 832 833 834 835 836 853 870 871 872 873 874 896 918 932 946 947 948 949 950 998 1046 1047 1048 1049 1050 1081 1112 1113 1114 1115 1116 1127 1138 1139 1140 1141 1142 1148 1154 1155 1156 1166 1176 1177 1178 1179 1180 1181 1182 1183 1184 1185 1186 1210 1234 1241 1248 1249 1250 1258 1266 1270 1274 1275 1276 1277 1278 1296 1314 1315 1316 1317 1318 1328 1338 1339 1340 1341 1342 1345 1348 1349 1350 1351 1352 1391 1430 1431 1432 1433 1434 1455 1476 1477 1478 1479 1480 1509 1538 1539 1540 1541 1542 1543 1544 1545 1546 1548 1550 1551 1552 1553 1554 1555 1556 1558 1560 1562 1564 1577 1590 1591 1592 1593 1594 1634 1674 1678 1682 1683 1684 1685 1686 1704 1722 1723 1724 1725 1726 1736 1746 1747 1748 1749 1750 1751 1752 1753 1754 1756 1758 1759 1760 1761 1762 1763 1764 1765 1766 1767 1768 1780 1792 1793 1794 1795 1796 1797 1798 1799 1800 1801 1802 1822 1842 1843 1844 1845 1846 1847 1848 1849 1850 1851 1852 1860 1868 1869 1870 1871 1872 1881 1890 1891 1892 1893 1894 1896 1898 1899 1900 1901 1902 1920 1938 1939 1940 1941 1942 1944 1946 1948 1950 1951 1952 1953 1954 1966 1978 1984 1990 1993 1996 1997 1998 1999 2000 2001 2002 2003 2004 2005 2006 2043 2080 2081 2082 2083 2084 2092 2100 2101 2102 2103 2104 2116 2128 2129 2130 2131 2132 2150 2168 2169 2170 2171 2172 2182 2192 2194 2196 2198 2200 2204 2208 2209 2210 2211 2212 2225 2238 2239 2240 2241 2242 2243 2244 2245 2246 2266 2286 2287 2288 2289 2290 2300 2310 2311 2312 2313 2314 2326 2338 2339 2340 2341 2342 2360 2378 2379 2380 2381 2382 2392 2402 2404 2406 2408 2410 2429 2448 2449 2450 2451 2452 2474 2496 2497 2498 2499 2500 2521 2542 2543 2544 2545 2546 2549 2552 2553 2554 2555 2556 2581 2606 2608 2610 2612 2614 2633 2652 2653 2654 2655 2656 2676 2696 2697 2698 2699 2700 2701 2702 2703 2704 2705 2706 2727 2748 2749 2750 2751 2752 2781 2810 2812 2814 2816 2818 2912 3006 3008 3010 3012 3014 3033 3052 3053 3054 3055 3056 3078 3100 3196 3292 3318 3344 3345 3346 3347 3348 3373 3398 3400 3402 3404 3406 3425 3444 3445 3446 3447 3448 3522 3596 3598 3600 3604 3608 3609 3610 3611 3612 3625 3638 3639 3640 3641 3642 3643 3644 3645 3646 3667 3688 3689 3690 3713 3736 3737 3738 3739 3740 3743 3746 3747 3748 3749 3750 3764 3778 3779 3780 3781 3782 3792 3802 3803 3804 3805 3806 3807 3808 3809 3810 3812 3814 3815 3816 3817 3818 3834 3850 3851 3852 3853 3854 3876 3898 3899 3900 3901 3902 3910 3918 3919 3920 3921 3922 3931 3940 3941 3942 3943 3944 3968 3992 4000 4008 4009 4010 4011 4012 4013 4014 4015 4016 4018 4020 4021 4022 4023 4024 4039 4054 4055 4056 4057 4058 4059 4060 4061 4062 4084 4106 4107 4108 4109 4110 4131 4152 4153 4154 4155 4156 4189 4222 4223 4224 4225 4226 4242 4258 4259 4260 4261 4262 4306 4350 4351 4352 4353 4354 4383 4412 4414 4416 4418 4420 4422 4424 4425 4426 4427 4428 4444 4460 4461 4462 4463 4464 4486 4508 4509 4510 4511 4512 4520 4528 4529 4530 4531 4532 4544 4556 4557 4558 4559 4560 4589 4618 4619 4620 4621 4622 4623 4624 4625 4626 4645 4664 4665 4666 4667 4668 4712 4756 4757 4758 4759 4760 4778 4796 4797 4798 4799 4800 4810 4820 4821 4822 4823 4824 4825 4826 4827 4828 4830 4832 4833 4834 4835 4836 4849 4862 4863 4864 4865 4866 4867 4868 4869 4870 4871 4872 4873 4874 4875 4876 4907 4938 4939 4940 4941 4942 4954 4966 4967 4968 4969 4970 4988 5006 5007 5008 5009 5010 5018 5026 5027 5028 5029 5030 5031 5032 5033 5034 5035 5036 5037 5038 5039 5040 5042 5044 5045 5046 5047 5048 5049 5050 5052 5054 5056 5058 5071 5084 5085 5086 5087 5088 5091 5094 5095 5096 5097 5098 5138 5178 5179 5180 5181 5182 5211 5240 5241 5242 5243 5244 5245 5246 5247 5248 5266 5284 5286 5288 5290 5292 5323 5354 5355 5356 5357 5358 5406 5454 5455 5456 5457 5458 5471 5484 5485 5486 5487 5488 5489 5490 5491 5492 5512 5532 5533 5534 5535 5536 5546 5556 5557 5558 5559 5560 5572 5584 5585 5586 5587 5588 5606 5624 5625 5626 5627 5628 5638 5648 5650 5652 5654 5656 5675 5694 5695 5696 5697 5698 5720 5742 5743 5744 5745 5746 5767 5788 5789 5790 5791 5792 5810 5828 5829 5830 5831 5832 5863 5894 5895 5896 5897 5898 5920 5942 5943 5944 5945 5946 5986 6026 6027 6028 6029 6030 6041 6052 6053 6054 6055 6056 6075 6094 6095 6096 6097 6098 6142 6186 6187 6188 6189 6190 6208 6226 6227 6228 6229 6230 6231 6232 6286 6340 6341 6342 6343 6344 6395 6446 6448 6450 6452 6454 6473 6492 6493 6494 6495 6496 6540 6584 6585 6586 6587 6588 6606 6624 6625 6626 6627 6628 6638 6648 6650 6652 6654 6656 6660 6664 6665 6666 6667 6668 6681 6694 6696 6698 6700 6702 6722 6742 6743 6744 6745 6746 6769 6792 6793 6794 6795 6796 6814 6832 6833 6834 6835 6836 6846 6856 6858 6860 6862 6864 6883 6902 6903 6904 6905 6906 6928 6950 6951 6952 6953 6954 7005 7056 7057 7058 7059 7060 7061 7062 7082 7102 7103 7104 7105 7106 7169 7232 7233 7234 7235 7236 7247 7258 7261 7264 7265 7266 7267 7268 7269 7270 7271 7272 7280 7288 7999 0 299 7288 7650
