0 0 3 6 7 7 9 11 13 13 15 17 19 19 21 23 25 25 27 29 31 31 33 35 37 37 39 42 43 43 45 47 49 49 51 54 55 55 57 59 61 61 63 63 65 67 69 69 71 71 73 76 77 77 79 82 83 83 86 87 87 89 92 93 93 95 98 99 99 101 104 105 105 107 110 111 111 113 116 117 117 119 122 123 123 125 128 129 129 131 134 135 135 138 139 139 141 144 145 145 145 147 150 151 153 155 155 157 160 161 163 165 165 167 170 171 171 173 176 177 177 179 182 183 183 185 185 188 190 191 193 193 195 198 199 199 201 204 205 205 207 210 211 211 213 216 217 217 219 222 223 223 223 225 228 228 229 229 231 231 233 236 238 239 239 241 244 245 247 249 249 251 251 254 256 257 259 259 261 264 265 265 267 267 269 272 273 275 275 275 277 279 282 283 285 287 291 65535
0 0 3 6 7 7 9 12 13 13 15 17 19 19 21 23 25 25 27 29 31 31 33 35 39 65535
0 0 4 6 7 10 12 12 13 16 18 18 19 22 24 24 25 28 30 30 31 34 36 36 37 40 42 42 43 46 48 48 49 52 54 54 56 57 60 62 62 63 66 68 68 70 72 74 76 78 78 80 82 84 84 86 88 90 90 92 94 96 96 98 100 102 102 104 106 108 108 110 112 115 65535
0 5 65535
0 5 65535

0 3 5 9 65535
0 0 4 5 7 7 10 11 13 13 16 17 19 19 22 23 25 25 28 29 31 31 34 35 37 37 40 41 43 43 46 47 49 49 52 53 56 57 57 59 59 62 63 65 65 67 69 71 71 74 75 77 77 80 81 84 85 85 87 87 89 91 91 93 95 97 97 99 101 103 103 106 107 109 109 112 113 115 115 118 119 121 121 124 125 127 127 129 131 133 133 135 137 139 139 142 143 145 145 148 149 151 151 154 155 157 157 160 161 163 163 165 167 169 169 171 173 177 65535
0 0 4 5 7 7 10 11 13 13 16 17 21 65535
0 0 3 6 7 7 9 12 13 13 15 18 19 19 21 24 25 25 27 30 31 31 33 36 37 37 39 42 45 65535
0 0 3 6 7 7 9 11 13 13 15 15 17 19 21 23 25 25 27 29 31 31 33 33 36 37 39 41 41 43 45 45 47 49 51 51 53 55 57 57 59 62 63 65 65 67 67 69 71 73 75 75 77 79 81 81 83 85 87 87 89 91 91 93 96 99 65535
0 0 4 6 8 10 12 12 14 16 18 20 20 22 24 24 26 28 28 30 32 34 34 36 38 40 40 42 44 46 46 48 50 50 52 54 56 56 58 60 62 62 64 65 68 68 70 72 72 73 76 76 78 80 80 82 84 84 86 88 91 65535
0 0 3 6 7 7 9 12 13 13 15 17 19 19 21 24 25 25 27 30 33 65535
0 0 3 6 7 7 9 11 13 13 15 18 19 19 21 24 25 25 25 27 29 31 31 33 35 37 39 39 41 41 43 43 45 45 47 47 49 49 51 51 53 53 56 56 58 58 59 59 61 61 63 63 66 67 67 69 72 73 73 75 78 79 79 81 83 85 85 87 89 91 91 91 93 95 95 97 99 101 101 101 103 103 105 107 109 109 111 113 115 115 115 117 117 119 119 121 121 123 123 125 125 127 127 130 130 132 133 135 135 137 139 141 141 143 146 147 147 149 151 151 153 156 157 157 159 161 163 163 165 168 169 169 171 174 175 175 177 180 181 181 183 186 187 187 189 191 193 193 195 197 199 199 201 203 207 65535
0 0 3 5 7 7 9 12 13 13 15 18 19 19 21 21 23 23 25 25 28 30 31 33 35 35 37 39 41 41 43 43 43 45 45 45 47 49 52 54 54 55 55 55 55 55 57 59 62 64 64 64 64 65 65 65 65 67 70 71 71 73 76 78 78 79 81 85 65535
0 0 3 5 7 7 9 12 13 13 15 18 19 19 19 21 23 25 25 27 30 31 31 33 35 37 37 39 41 45 65535
0 0 3 3 6 7 9 11 11 13 16 17 17 19 22 23 23 25 28 29 29 31 33 35 35 37 39 41 41 43 45 47 47 47 50 52 53 53 55 57 61 65535
0 0 3 5 7 7 9 12 13 13 15 18 19 19 21 23 25 25 27 30 31 31 33 36 37 37 39 41 43 43 45 48 49 49 51 53 55 55 57 59 61 61 63 66 69 65535
0 0 3 6 7 7 9 11 11 13 15 15 17 20 21 21 23 25 27 27 29 31 31 33 35 37 37 39 42 43 43 45 47 49 49 51 53 55 55 57 59 61 61 63 66 67 67 69 71 73 73 75 77 79 79 81 83 85 85 87 87 89 92 93 95 95 97 99 103 65535
0 4 6 8 8 10 12 14 16 16 18 20 20 22 24 26 28 28 28 30 32 34 36 36 38 40 40 42 44 46 46 48 48 50 52 54 54 56 58 60 60 62 64 66 66 68 70 72 72 74 76 78 78 80 82 82 84 85 88 88 90 92 92 94 94 96 97 100 100 102 104 106 106 108 110 112 112 114 116 118 118 120 122 122 124 126 128 128 130 132 132 134 136 138 138 140 140 142 144 146 146 148 149 152 152 154 156 158 158 158 160 162 162 164 165 168 168 170 171 174 174 176 177 180 180 182 184 184 186 188 190 190 192 194 196 196 198 200 202 202 204 204 206 208 210 210 212 214 216 218 218 220 220 222 224 226 226 228 230 230 232 234 236 236 238 240 242 244 244 244 246 248 250 250 252 254 256 256 258 260 260 262 264 266 268 268 268 270 272 274 274 276 278 280 280 282 284 284 284 286 288 290 290 292 294 296 296 298 300 300 302 304 306 306 308 310 312 312 314 316 318 318 320 322 324 324 326 327 330 330 332 334 336 336 337 340 340 342 344 344 346 348 350 350 352 355 65535
0 0 3 5 7 7 9 11 13 13 15 17 19 19 21 23 25 25 27 29 31 31 33 35 37 37 39 41 43 43 45 47 49 49 51 54 55 55 57 59 63 65535
0 3 3 5 7 7 9 12 13 13 15 17 19 19 21 24 25 25 27 29 31 31 33 35 37 39 41 41 43 45 47 47 49 51 53 53 55 55 57 59 61 63 63 66 67 67 69 69 71 73 75 75 77 77 79 81 81 83 86 88 89 89 91 94 95 95 97 97 100 101 103 103 105 107 109 109 111 113 115 115 117 120 121 121 123 126 127 127 129 131 133 133 135 138 139 139 141 144 145 145 147 150 151 151 153 156 157 157 159 162 163 163 165 168 169 169 171 173 175 175 177 180 181 181 181 183 186 187 189 189 191 193 195 195 197 200 201 201 203 205 207 207 209 212 213 213 215 217 219 219 221 223 225 227 229 229 231 233 235 235 237 239 241 241 243 245 247 247 249 251 253 253 255 258 259 259 261 264 265 265 267 270 271 273 273 275 277 279 279 281 284 285 285 287 290 291 291 293 295 297 297 299 301 303 303 303 305 307 310 311 311 313 316 317 317 319 322 323 323 325 328 329 329 331 333 335 335 337 339 341 341 343 346 347 347 349 351 353 353 355 357 359 359 361 363 365 365 367 369 371 371 373 375 377 377 379 381 383 383 385 388 389 389 389 391 394 395 397 397 399 401 403 403 405 407 409 409 409 411 414 415 417 417 419 422 423 423 425 428 429 429 431 433 435 435 437 439 441 441 443 445 445 447 450 451 451 453 455 457 457 459 461 463 463 465 467 469 469 471 473 475 475 477 480 481 481 483 486 487 487 489 492 493 493 495 497 499 499 501 504 505 505 507 510 511 511 513 516 517 517 519 521 523 523 525 528 529 529 529 531 531 534 535 537 539 541 541 543 545 547 547 549 552 553 553 553 555 557 559 561 561 563 566 567 567 569 571 573 573 575 577 579 579 581 583 585 585 587 590 591 591 593 595 597 597 599 602 603 603 605 607 609 609 611 613 615 615 617 617 619 621 623 623 625 628 629 629 631 633 635 635 637 639 641 641 643 645 647 647 649 651 653 653 655 657 659 662 662 663 666 668 668 669 669 671 674 676 676 677 680 682 684 684 686 687 690 690 692 694 696 696 698 699 702 705 65535
0 3 3 5 7 7 9 12 13 13 15 17 19 19 21 24 25 25 27 29 31 31 33 35 37 39 41 41 43 45 47 47 49 51 53 53 55 55 57 59 61 63 63 66 67 67 69 69 71 73 75 75 77 77 79 81 81 83 86 88 89 89 91 94 95 95 97 97 100 101 103 103 105 107 109 109 111 113 115 115 117 120 121 121 123 126 127 127 129 131 133 133 135 138 139 139 141 144 145 145 147 150 151 151 153 156 157 157 159 162 163 163 165 168 169 169 171 173 175 175 177 180 181 181 181 183 186 187 189 189 191 193 195 195 197 200 201 201 203 205 207 207 209 212 213 213 215 217 219 219 221 223 225 227 229 229 231 233 235 235 237 239 241 241 243 245 247 247 249 251 253 253 255 258 259 259 261 264 265 265 267 270 271 273 273 275 277 279 279 281 284 285 285 287 290 291 291 293 295 297 297 299 301 303 303 303 305 307 310 311 311 313 316 317 317 319 322 323 323 325 328 329 329 331 333 335 335 337 339 341 341 343 346 347 347 349 351 353 353 355 357 359 359 361 363 365 365 367 369 371 371 373 375 377 377 379 381 383 383 385 388 389 389 389 391 394 395 397 397 399 401 403 403 405 407 409 409 409 411 414 415 417 417 419 422 423 423 425 428 429 429 431 433 435 435 437 439 441 441 443 445 445 447 450 451 451 453 455 457 457 459 461 463 463 465 467 469 469 471 473 475 475 477 480 481 481 483 486 487 487 489 492 493 493 495 497 499 499 501 504 505 505 507 510 511 511 513 516 517 517 519 521 523 523 525 528 529 529 529 531 531 534 535 537 539 541 541 543 545 547 547 549 552 553 553 553 555 557 559 561 561 563 566 567 567 569 571 573 573 575 577 579 579 581 583 585 585 587 590 591 591 593 595 597 597 599 602 603 603 605 607 609 609 611 613 615 615 617 617 619 621 623 623 625 628 629 629 631 633 635 635 637 639 641 641 643 645 647 647 649 651 653 653 655 657 659 662 662 663 666 668 668 669 669 671 674 676 676 677 680 682 684 684 686 687 690 690 692 694 696 696 698 699 702 705 65535
0 0 3 6 8 8 9 12 14 14 16 18 20 20 21 24 26 26 28 30 30 30 32 34 36 36 37 40 42 42 43 46 48 48 50 50 52 52 53 56 56 57 60 62 64 64 65 68 70 70 71 74 76 76 77 80 82 82 83 86 88 88 89 92 94 94 96 98 98 99 102 104 104 105 108 110 110 110 111 114 116 118 118 119 122 124 124 125 128 130 130 132 134 137 65535
0 0 3 5 5 8 10 11 14 14 16 18 20 21 21 24 24 26 27 30 30 32 33 36 36 38 40 41 44 44 46 46 48 49 52 52 54 55 58 58 60 62 64 64 66 67 70 70 72 73 76 76 78 79 82 82 84 85 88 88 90 91 94 94 96 98 100 100 102 103 106 106 108 109 112 112 114 115 118 118 120 121 124 124 126 127 130 130 132 134 134 136 137 140 140 142 143 146 146 148 149 152 152 154 155 158 158 160 161 164 164 166 167 170 170 171 174 174 176 177 180 180 182 183 186 186 188 189 192 192 194 195 198 198 200 201 204 204 206 207 210 210 212 214 215 217 217 219 219 222 222 222 223 226 226 226 228 229 232 232 234 235 238 238 240 241 244 244 246 247 250 250 252 253 256 256 258 259 262 262 264 265 268 268 270 271 274 274 276 277 280 280 282 283 286 286 288 290 292 292 294 295 298 298 300 301 304 304 306 307 310 310 312 313 316 316 318 319 322 322 324 325 328 328 330 331 334 334 336 337 340 340 342 343 346 346 348 349 352 352 354 355 358 358 360 361 364 364 366 367 370 370 372 373 376 376 378 379 382 382 384 385 388 388 390 391 394 394 396 397 400 400 402 403 406 406 408 409 412 412 414 415 418 420 420 420 422 424 424 426 428 428 430 431 434 434 436 437 440 440 442 443 446 446 448 449 452 452 454 455 458 458 460 461 464 464 466 467 470 470 472 474 474 476 477 480 480 482 483 486 486 487 490 490 492 493 496 496 498 499 502 502 504 505 508 508 510 511 514 514 516 517 520 520 522 523 526 526 528 529 532 532 534 535 538 538 540 541 544 544 546 547 550 550 552 553 556 556 558 559 562 562 564 565 568 568 570 571 574 574 576 577 580 580 582 583 586 586 588 589 592 592 594 595 598 598 600 601 604 604 606 607 610 610 612 613 616 616 618 619 622 622 624 625 628 628 630 631 634 634 636 637 640 640 642 643 646 646 648 649 652 652 654 655 658 658 660 661 664 664 666 668 668 670 671 674 674 676 677 680 680 682 683 686 686 688 690 690 691 694 694 696 697 700 700 701 704 704 706 707 710 710 712 713 716 716 718 719 722 722 724 725 728 728 730 731 734 734 736 737 740 740 742 743 746 746 748 749 752 752 754 755 758 758 760 761 764 764 766 767 770 770 772 773 776 776 778 779 782 782 783 785 788 788 790 790 792 794 794 796 796 798 798 799 802 802 804 804 806 807 810 810 812 813 816 816 818 819 822 822 824 825 828 828 830 831 834 834 836 837 840 840 842 843 846 846 848 850 852 852 853 856 856 858 859 862 862 864 865 868 868 870 871 873 876 876 876 878 879 881 883 885 885 888 888 890 891 894 894 896 897 900 900 902 903 906 906 908 909 912 912 914 915 918 918 920 921 924 924 926 927 930 930 932 933 936 938 938 940 940 942 943 946 946 948 949 952 952 954 955 958 958 960 961 964 964 966 967 970 970 972 973 976 976 978 979 982 982 984 985 988 988 990 991 994 994 996 997 1000 1000 1002 1003 1006 1006 1008 1010 1010 1012 1013 1016 1016 1018 1019 1022 1022 1024 1025 1028 1028 1030 1031 1034 1034 1036 1038 1040 1040 1041 1044 1044 1046 1047 1050 1050 1052 1053 1056 1056 1058 1059 1062 1062 1064 1065 1068 1068 1070 1071 1074 1074 1076 1077 1080 1080 1082 1083 1086 1086 1088 1089 1092 1092 1094 1095 1098 1098 1099 1102 1102 1104 1105 1108 1108 1110 1111 1114 1114 1116 1117 1120 1120 1122 1123 1126 1126 1128 1130 1132 1132 1134 1135 1138 1138 1140 1141 1144 1144 1146 1147 1150 1150 1152 1153 1156 1156 1158 1159 1162 1162 1163 1166 1166 1168 1169 1172 1172 1173 1176 1176 1178 1179 1182 1182 1184 1185 1188 1188 1190 1191 1194 1194 1196 1198 1198 1200 1201 1203 1206 1206 1208 1208 1210 1211 1214 1214 1216 1217 1220 1220 1222 1223 1226 1226 1228 1229 1232 1232 1234 1236 1238 1238 1240 1240 1242 1243 1246 1246 1248 1250 1251 1254 1254 1254 1256 1257 1260 1260 1262 1263 1266 1266 1268 1269 1272 1272 1274 1276 1278 1278 1279 1282 1284 1284 1284 1284 1284 1286 1286 1288 1290 1290 1292 1293 1296 1296 1298 1298 1300 1302 1304 1304 1306 1307 1310 1310 1312 1313 1316 1316 1318 1319 1322 1322 1324 1325 1328 1328 1330 1331 1334 1334 1336 1337 1340 1340 1342 1343 1346 1346 1348 1349 1352 1352 1354 1355 1358 1358 1360 1361 1364 1364 1366 1367 1370 1370 1372 1373 1376 1376 1378 1379 1382 1382 1384 1385 1388 1388 1390 1391 1394 1394 1396 1397 1400 1400 1402 1403 1406 1406 1408 1409 1412 1412 1414 1415 1418 1418 1420 1421 1424 1424 1426 1427 1430 1430 1432 1433 1436 1436 1438 1439 1442 1442 1444 1445 1448 1448 1449 1451 1454 1455 1455 1457 1459 1459 1461 1463 1465 1465 1467 1470 1473 65535
0 0 3 5 7 7 10 12 13 16 16 18 19 22 22 24 25 28 28 30 31 34 34 36 37 40 40 42 43 46 46 48 49 52 52 54 56 57 60 60 62 62 64 65 68 68 70 71 74 74 76 77 80 80 82 83 86 86 88 89 92 92 94 95 98 98 100 101 104 104 106 107 110 110 112 113 116 116 118 119 122 122 124 125 128 128 130 131 134 134 136 137 140 140 142 143 146 146 148 149 152 152 154 155 158 158 160 161 164 164 166 167 170 170 172 173 176 176 178 180 181 184 184 184 186 187 190 190 192 193 196 196 198 199 202 202 204 205 208 208 210 211 214 214 216 217 220 220 222 223 226 226 228 229 232 232 234 235 238 238 240 241 244 244 246 247 250 250 252 253 256 256 258 259 262 262 264 265 268 268 270 271 274 274 276 277 280 280 282 283 286 286 288 289 292 292 294 295 298 298 300 301 304 304 306 307 310 310 312 313 316 316 318 319 322 322 324 325 328 328 330 331 334 334 336 337 340 340 342 344 344 346 346 348 349 352 352 354 354 356 357 360 360 362 363 366 366 368 369 372 372 374 375 378 378 380 381 384 384 386 387 390 390 391 394 394 396 397 400 400 402 404 406 406 408 409 412 412 414 415 418 418 420 421 424 424 426 427 430 430 432 433 436 436 437 440 440 442 443 446 446 448 449 452 452 454 455 458 458 460 461 464 464 466 467 470 470 472 473 476 476 478 479 482 482 484 485 488 488 490 492 492 494 495 498 498 500 501 504 504 506 507 510 510 512 513 516 516 518 519 522 522 524 525 528 528 530 531 534 534 536 537 540 540 542 543 546 546 548 549 552 552 554 555 558 558 560 561 564 564 566 568 568 570 571 574 574 576 577 580 580 582 583 586 586 588 589 592 592 594 595 598 598 600 601 604 604 606 607 610 610 612 613 616 616 618 619 622 624 624 624 626 627 630 630 632 633 636 636 638 639 642 642 644 645 648 648 650 651 654 654 656 657 660 660 662 663 666 666 668 669 672 672 674 676 676 678 679 682 682 683 685 687 691 65535
0 0 3 6 7 7 9 11 13 13 15 17 19 19 21 23 25 25 27 27 29 29 31 31 34 35 35 37 39 41 41 41 41 43 45 47 49 49 51 53 55 55 57 59 59 61 64 65 65 67 70 71 71 73 76 79 65535
0 0 4 5 8 8 10 11 14 14 16 17 20 20 22 23 26 26 28 29 32 32 34 35 38 38 40 41 44 44 46 47 50 50 52 53 56 56 58 59 62 62 64 65 68 68 70 71 74 74 76 77 80 80 82 83 86 86 88 89 92 92 94 95 98 98 100 101 104 104 106 108 110 110 112 113 116 116 118 119 122 122 124 125 128 128 130 131 134 134 136 137 140 140 142 143 146 146 148 149 152 152 154 155 158 158 160 161 164 164 166 168 168 170 170 171 171 173 176 176 178 179 182 182 184 185 188 188 190 191 194 194 196 197 200 200 202 203 206 206 208 209 212 212 214 215 218 218 220 221 224 224 226 227 230 230 232 233 236 236 238 239 242 242 244 245 248 248 250 251 254 254 254 256 257 260 260 262 263 266 266 268 269 272 272 274 275 278 278 280 281 284 284 286 287 290 290 292 293 296 296 298 299 302 302 304 305 308 308 310 311 314 314 316 317 320 320 322 323 326 326 328 329 332 332 334 336 336 338 339 342 342 344 345 348 348 350 351 354 354 356 357 360 360 362 363 366 366 368 369 372 372 374 375 378 378 380 381 384 384 386 387 390 390 392 393 396 396 398 399 402 402 404 405 408 408 410 410 411 413 416 418 418 420 421 424 424 426 427 430 430 432 433 436 436 438 439 442 442 444 445 448 448 450 450 451 454 455 458 458 460 461 464 464 466 467 470 470 472 473 476 476 478 479 482 482 484 485 488 488 490 491 494 494 495 498 498 500 501 504 504 506 507 510 510 512 513 516 516 518 519 522 522 524 525 528 528 529 532 532 534 535 538 538 540 541 544 544 546 547 550 550 552 553 556 556 558 559 562 562 564 565 568 568 570 571 574 574 576 577 580 580 582 583 586 586 588 589 592 592 594 595 598 598 600 601 604 604 606 607 610 610 612 613 616 616 618 619 622 622 624 625 628 628 630 631 634 634 636 637 640 640 642 644 646 646 648 649 652 652 654 655 658 658 660 661 664 664 666 667 670 670 672 673 676 676 678 679 682 682 684 685 688 688 690 691 694 694 696 696 697 700 700 702 703 706 706 708 709 712 712 714 715 718 718 720 721 724 724 726 727 730 730 731 734 734 736 737 740 740 742 743 746 746 748 749 752 752 754 755 758 758 760 761 764 764 766 767 770 770 772 773 776 776 778 779 782 782 784 786 788 788 790 791 794 794 796 797 800 800 802 803 806 806 808 809 812 812 814 815 818 818 820 822 822 824 825 828 828 830 831 834 834 836 837 840 840 840 840 840 840 840 840 842 843 846 846 848 849 852 854 854 856 857 860 862 864 864 866 867 870 870 872 873 876 876 878 879 882 882 884 885 888 888 890 891 894 894 896 897 900 900 902 903 906 906 908 909 912 912 914 915 918 918 920 921 924 924 926 927 930 930 932 933 936 936 938 939 942 942 944 945 948 948 950 950 952 952 954 956 956 958 959 962 962 964 965 968 968 970 972 972 974 975 978 978 980 981 984 984 986 987 990 990 992 993 996 996 998 999 1002 1002 1004 1005 1008 1008 1010 1011 1014 1014 1016 1017 1020 1020 1022 1023 1026 1026 1028 1029 1032 1032 1034 1035 1038 1038 1040 1041 1044 1044 1046 1047 1050 1050 1051 1054 1054 1056 1056 1057 1060 1061 1064 1064 1066 1067 1070 1070 1072 1073 1076 1076 1078 1079 1082 1082 1084 1085 1088 1088 1090 1091 1094 1094 1096 1097 1100 1100 1102 1103 1106 1106 1108 1109 1112 1112 1114 1115 1118 1118 1120 1121 1124 1124 1126 1127 1130 1130 1132 1133 1136 1136 1138 1139 1142 1142 1144 1145 1148 1148 1150 1151 1154 1154 1156 1157 1160 1160 1162 1164 1166 1166 1168 1169 1172 1172 1174 1175 1178 1178 1180 1182 1184 1184 1186 1187 1190 1190 1192 1193 1196 1196 1198 1199 1202 1202 1204 1205 1208 1208 1210 1211 1214 1214 1216 1217 1220 1220 1222 1223 1226 1226 1228 1229 1232 1232 1234 1234 1236 1236 1238 1238 1240 1240 1242 1244 1244 1246 1247 1250 1250 1252 1253 1256 1256 1258 1259 1262 1262 1264 1265 1268 1268 1270 1271 1274 1274 1276 1277 1280 1280 1282 1283 1286 1286 1288 1289 1292 1292 1294 1295 1298 1298 1300 1301 1304 1304 1306 1307 1310 1310 1312 1313 1316 1316 1318 1319 1322 1322 1324 1325 1328 1328 1330 1331 1334 1334 1336 1337 1340 1340 1342 1343 1346 1346 1348 1349 1352 1352 1354 1355 1358 1358 1360 1361 1364 1364 1366 1368 1370 1370 1372 1373 1376 1376 1378 1379 1382 1382 1384 1385 1388 1388 1390 1392 1392 1394 1396 1398 1398 1399 1402 1402 1404 1405 1408 1408 1410 1411 1414 1414 1416 1417 1420 1420 1422 1423 1426 1426 1428 1429 1432 1432 1434 1435 1438 1438 1440 1441 1444 1444 1446 1447 1450 1450 1452 1453 1456 1456 1458 1459 1462 1462 1464 1465 1468 1468 1470 1471 1474 1474 1476 1477 1480 1480 1482 1483 1486 1486 1488 1488 1490 1490 1492 1492 1493 1496 1496 1498 1499 1502 1502 1504 1505 1508 1508 1510 1511 1514 1514 1516 1517 1520 1520 1522 1523 1526 1526 1528 1530 1532 1532 1534 1534 1536 1536 1537 1540 1540 1542 1544 1546 1548 1548 1550 1551 1554 1554 1556 1557 1560 1560 1562 1563 1566 1566 1568 1569 1572 1572 1574 1576 1578 1578 1580 1582 1582 1584 1585 1588 1588 1590 1590 1592 1593 1596 1598 1598 1600 1601 1604 1604 1606 1607 1610 1610 1612 1613 1616 1616 1618 1619 1622 1622 1624 1625 1628 1628 1630 1631 1634 1634 1636 1637 1640 1640 1642 1643 1646 1646 1648 1649 1652 1652 1654 1655 1658 1658 1660 1661 1664 1664 1666 1667 1670 1670 1672 1674 1674 1676 1677 1680 1680 1682 1683 1686 1686 1688 1689 1692 1692 1694 1695 1698 1698 1700 1701 1704 1704 1706 1707 1710 1710 1712 1713 1716 1716 1718 1720 1722 1722 1724 1725 1728 1728 1730 1732 1734 1734 1736 1737 1740 1740 1742 1744 1746 1746 1748 1748 1749 1751 1754 1756 1756 1758 1759 1762 1762 1764 1765 1768 1768 1770 1771 1774 1774 1776 1777 1780 1780 1782 1783 1786 1786 1788 1789 1792 1792 1794 1795 1798 1798 1800 1801 1804 1804 1806 1807 1810 1810 1812 1813 1816 1816 1818 1819 1822 1822 1824 1825 1828 1828 1830 1831 1834 1834 1836 1837 1840 1840 1842 1843 1846 1846 1848 1849 1852 1852 1854 1855 1858 1858 1860 1860 1860 1860 1860 1860 1861 1861 1864 1864 1866 1868 1870 1872 1874 1876 1878 1878 1880 1881 1884 1884 1886 1887 1890 1890 1892 1893 1896 1896 1898 1899 1902 1902 1904 1905 1908 1908 1910 1911 1914 1914 1916 1917 1920 1920 1922 1923 1926 1926 1928 1929 1932 1932 1934 1935 1938 1938 1940 1941 1944 1944 1946 1947 1950 1950 1952 1953 1956 1956 1958 1959 1962 1962 1964 1965 1968 1968 1970 1971 1974 1974 1976 1978 1978 1980 1981 1984 1984 1986 1987 1990 1990 1992 1993 1996 1996 1998 1999 2002 2002 2004 2006 2006 2008 2009 2012 2012 2014 2015 2018 2018 2020 2021 2024 2024 2026 2028 2028 2030 2031 2034 2034 2036 2037 2037 2040 2041 2044 2044 2046 2047 2050 2050 2052 2053 2056 2056 2058 2059 2062 2062 2064 2065 2068 2068 2070 2071 2074 2074 2076 2077 2080 2080 2082 2083 2086 2086 2088 2089 2092 2092 2094 2095 2098 2098 2100 2101 2104 2104 2106 2107 2110 2110 2112 2113 2116 2116 2118 2119 2122 2122 2124 2125 2128 2128 2130 2131 2134 2134 2136 2137 2140 2140 2142 2143 2146 2146 2148 2149 2152 2152 2153 2156 2156 2158 2159 2162 2162 2164 2165 2168 2168 2169 2172 2172 2174 2175 2178 2178 2180 2182 2184 2184 2186 2187 2190 2190 2190 2190 2192 2194 2196 2196 2196 2196 2198 2200 2200 2200 2201 2204 2206 2208 2208 2210 2211 2214 2214 2216 2217 2220 2220 2222 2223 2226 2226 2228 2229 2232 2232 2234 2235 2238 2238 2240 2241 2244 2244 2246 2248 2248 2248 2248 2250 2251 2254 2254 2256 2258 2260 2260 2262 2264 2266 2266 2268 2269 2272 2272 2272 2272 2274 2276 2278 2278 2278 2278 2278 2278 2278 2278 2280 2282 2284 2284 2285 2288 2290 2290 2290 2290 2291 2294 2296 2296 2297 2300 2302 2302 2303 2306 2308 2308 2309 2312 2314 2314 2314 2314 2315 2317 2319 2319 2319 2322 2323 2326 2328 2328 2330 2331 2334 2334 2336 2338 2340 2340 2342 2344 2346 2346 2348 2350 2352 2352 2354 2355 2358 2358 2358 2358 2360 2362 2364 2364 2366 2368 2370 2370 2372 2374 2376 2376 2378 2380 2382 2382 2382 2384 2384 2385 2385 2387 2390 2391 2393 2396 2396 2398 2400 2402 2402 2404 2405 2408 2408 2410 2411 2414 2414 2416 2417 2420 2420 2422 2423 2426 2426 2428 2429 2432 2432 2434 2435 2438 2438 2440 2441 2444 2444 2446 2448 2450 2450 2452 2453 2456 2456 2458 2459 2462 2462 2464 2465 2468 2468 2470 2471 2474 2474 2476 2478 2480 2480 2482 2483 2486 2486 2488 2489 2493 65535
0 0 4 5 8 8 9 12 12 12 14 15 17 20 20 22 23 26 26 28 29 32 32 34 36 38 38 40 42 44 44 46 48 50 50 52 53 56 56 58 59 62 62 64 65 68 68 70 72 74 74 76 77 80 80 82 83 86 86 88 90 92 92 94 95 98 98 100 101 104 104 106 107 110 110 112 113 116 116 118 119 122 122 124 125 128 128 130 131 134 134 136 137 140 140 142 143 146 146 148 149 152 152 154 155 158 158 160 161 164 164 166 167 170 170 172 173 176 176 178 179 182 182 184 185 188 188 190 191 194 194 196 197 200 200 202 203 206 206 208 209 212 212 214 215 218 218 220 221 224 224 226 227 230 230 232 233 236 236 238 239 242 242 244 245 248 248 250 251 254 254 256 257 260 260 262 264 266 266 268 269 272 272 274 275 278 278 280 281 284 284 286 287 290 290 292 293 296 296 298 299 302 302 304 305 308 308 310 312 314 314 316 317 320 320 322 323 326 326 328 329 332 332 334 335 338 338 340 341 344 344 345 348 348 350 351 354 354 356 357 360 360 362 363 366 366 368 370 372 372 374 375 378 378 380 381 384 384 386 387 390 390 392 393 396 396 398 399 402 402 404 406 408 408 410 412 412 414 415 418 418 420 421 424 424 426 427 430 430 432 433 436 436 438 440 440 442 443 446 446 448 449 452 452 454 455 458 458 460 461 464 464 466 467 470 470 472 473 476 476 478 479 482 482 484 485 485 488 488 489 492 493 496 496 498 500 502 502 504 505 508 508 510 511 514 514 516 516 518 520 521 524 524 526 527 530 530 532 533 536 536 538 539 542 542 544 545 548 548 550 551 554 554 556 557 560 560 562 563 566 566 568 569 572 572 574 575 578 578 580 581 584 584 586 587 590 590 591 594 594 596 597 600 600 602 603 606 606 608 609 612 612 614 615 618 618 620 621 624 624 626 627 630 630 632 633 636 636 638 639 642 642 644 645 648 648 650 651 654 654 656 657 660 660 662 663 666 666 668 669 672 672 674 675 678 678 680 681 684 684 686 687 690 690 692 693 696 696 698 699 702 702 704 705 708 708 710 711 714 714 716 717 720 720 722 723 726 726 728 729 732 732 734 736 738 738 740 741 744 744 746 747 750 750 752 753 756 756 758 759 762 762 764 764 765 768 770 772 772 774 775 778 778 780 781 784 784 786 787 790 790 792 793 796 796 798 799 802 802 804 805 808 808 810 811 814 814 816 817 820 820 820 822 824 825 828 828 830 831 834 834 836 837 840 840 842 843 846 846 848 849 852 852 854 855 858 858 860 861 864 864 866 867 870 870 872 873 876 876 878 879 882 882 884 885 888 888 890 891 894 894 896 897 900 900 902 903 906 906 908 909 912 912 914 915 918 918 920 921 924 924 926 927 930 930 932 933 936 936 938 939 942 942 944 945 948 948 950 951 954 954 956 957 961 65535
0 0 3 6 8 8 10 12 14 14 16 18 20 20 22 24 24 25 28 30 30 31 34 36 36 37 40 42 42 43 46 48 48 49 52 53 56 56 58 58 59 62 64 64 65 68 70 70 71 74 75 78 78 78 79 82 84 84 86 88 88 90 92 92 93 96 98 98 99 102 104 104 105 108 110 110 111 114 116 116 117 120 122 122 124 126 126 127 130 130 131 134 136 136 138 140 142 142 144 146 148 150 152 152 154 156 158 158 159 159 162 162 164 164 165 165 168 170 170 171 174 176 176 178 180 182 182 184 186 188 188 190 192 194 194 196 198 198 198 198 200 200 201 204 206 206 207 210 212 212 213 216 218 218 219 222 222 224 226 227 227 230 230 232 232 234 236 238 238 239 242 244 244 246 248 248 249 252 254 254 254 255 258 260 260 261 264 266 266 266 267 270 272 272 273 275 277 277 279 281 281 283 285 285 288 288 288 288 290 290 292 294 296 297 300 300 300 300 300 301 304 306 306 307 310 312 312 313 316 318 318 320 322 324 324 326 328 328 329 332 333 336 336 338 338 339 342 344 344 345 348 350 350 351 354 356 356 357 360 362 362 363 366 368 368 370 372 374 374 375 378 380 380 382 384 386 386 388 390 392 392 393 396 397 397 400 402 404 404 406 406 407 410 412 412 413 416 418 418 419 422 424 424 425 428 430 430 431 434 436 436 437 440 442 442 443 446 448 450 450 450 451 454 456 456 457 460 462 462 463 466 468 468 469 472 474 474 475 478 480 480 481 484 486 486 487 490 492 492 493 495 497 500 500 500 502 502 503 506 506 507 510 512 512 513 516 518 518 519 522 522 523 526 528 528 529 532 534 534 535 538 540 540 541 544 546 546 548 549 552 552 554 554 555 558 560 560 561 564 566 566 567 570 572 572 573 576 578 578 579 582 584 584 585 588 590 590 591 594 596 596 597 600 602 602 603 606 608 608 609 612 614 614 615 618 620 620 620 621 624 626 626 627 630 632 632 634 636 638 638 639 642 644 644 645 648 650 650 651 654 656 656 657 660 662 662 663 666 668 668 670 672 672 673 676 678 678 679 682 684 684 685 688 690 690 691 694 696 696 697 700 702 702 703 706 708 708 709 712 714 714 715 718 720 722 722 722 723 726 728 728 729 732 734 734 735 738 740 740 741 744 746 746 747 750 752 752 753 756 758 758 759 762 764 764 765 768 770 770 771 774 776 776 777 780 782 782 783 786 788 788 789 792 794 794 795 798 800 800 801 804 806 806 807 810 812 812 813 816 818 818 819 822 824 824 825 828 830 830 831 834 834 835 838 840 840 841 844 846 846 847 850 852 852 853 856 858 858 859 862 864 864 865 868 870 870 871 874 876 876 877 880 882 882 884 886 888 888 889 892 894 894 895 898 900 900 901 904 906 906 907 910 912 912 913 916 918 918 920 922 922 923 926 928 928 929 932 934 934 935 938 938 939 942 944 944 945 948 950 950 951 954 956 956 957 960 962 962 963 966 966 967 970 972 972 973 976 978 978 979 982 984 984 985 988 990 990 991 994 996 996 998 1000 1002 1004 1006 1008 1010 1012 1012 1012 1012 1012 1012 1012 1012 1013 1015 1015 1017 1017 1019 1019 1021 1021 1024 1024 1026 1026 1028 1028 1029 1032 1034 1034 1035 1038 1040 1040 1041 1044 1046 1046 1047 1050 1051 1054 1054 1056 1056 1057 1060 1062 1062 1063 1066 1068 1068 1070 1072 1074 1074 1075 1078 1080 1080 1081 1084 1086 1086 1087 1090 1092 1092 1093 1096 1098 1098 1099 1102 1104 1106 1106 1108 1108 1109 1112 1114 1114 1115 1118 1120 1120 1121 1124 1126 1128 1128 1130 1130 1131 1134 1136 1138 1138 1138 1140 1142 1142 1144 1145 1147 1150 1150 1150 1150 1151 1154 1156 1156 1157 1160 1163 65535
0 0 4 6 6 7 10 12 12 13 16 18 18 20 22 24 24 25 28 30 30 31 34 36 36 38 40 42 42 43 46 48 48 49 52 54 54 55 58 60 60 61 64 66 66 67 70 72 72 73 76 78 78 79 82 84 84 85 88 90 90 91 94 96 96 97 100 102 102 103 106 108 108 109 112 114 114 115 118 120 120 121 124 126 126 127 130 132 132 133 136 138 138 139 142 144 144 145 148 150 150 151 154 155 158 158 160 160 161 164 166 166 167 170 172 172 173 176 178 178 179 182 184 184 186 188 190 190 191 194 196 198 198 198 199 202 204 204 205 208 210 210 212 214 216 216 217 220 222 222 223 226 228 228 229 232 234 234 235 238 240 240 241 244 246 246 247 250 252 252 253 256 258 259 262 262 262 263 266 268 268 269 272 274 274 275 278 280 280 281 284 286 286 287 290 292 292 293 296 298 298 299 302 303 306 306 308 308 309 312 314 314 315 318 320 320 321 324 326 326 328 330 330 331 334 336 336 337 340 342 342 343 346 348 348 349 352 354 354 355 358 360 360 362 364 366 366 367 370 372 372 373 376 378 378 379 382 384 384 385 388 390 390 391 394 396 396 397 400 402 402 403 406 408 408 409 412 414 414 415 418 420 420 421 424 426 426 427 430 432 432 433 436 438 438 439 442 444 444 445 448 450 450 451 454 456 456 457 460 462 462 464 466 467 470 470 472 472 473 476 478 478 479 482 484 484 485 488 489 492 492 492 493 496 498 498 499 502 504 504 505 508 510 510 512 514 516 516 517 520 522 522 523 526 526 527 530 532 532 533 536 538 538 539 542 544 544 545 548 550 550 551 554 556 556 557 560 562 562 563 566 568 568 569 572 574 574 575 578 580 580 582 584 584 585 588 590 590 591 594 596 596 597 600 601 601 604 606 606 607 610 612 612 613 616 618 618 619 622 624 624 625 628 630 630 631 634 636 636 637 640 642 642 643 646 648 648 650 652 654 654 655 658 660 660 662 664 666 666 667 670 672 672 674 676 678 678 679 682 684 684 685 688 690 690 691 694 696 696 697 700 702 702 703 706 708 708 709 712 714 714 715 718 720 720 721 724 726 726 727 730 732 732 733 736 738 738 739 742 744 744 745 748 750 750 751 754 756 756 757 760 762 762 763 766 768 768 769 772 774 774 775 778 780 780 781 784 786 786 787 790 792 792 793 796 798 798 799 802 804 804 805 808 810 810 811 814 816 816 817 820 822 822 823 826 828 828 829 832 834 834 835 838 840 840 841 844 846 846 847 850 852 852 853 856 858 858 859 862 864 864 865 868 870 872 872 874 874 875 878 880 880 881 884 886 886 888 890 892 892 893 896 898 898 899 902 904 904 906 908 908 909 912 914 914 915 918 920 920 921 924 926 926 927 930 932 932 934 936 938 938 940 942 942 943 946 948 948 950 952 953 956 956 956 956 957 960 963 65535
0 3 5 8 9 9 11 14 15 15 17 20 21 21 23 26 27 27 29 32 33 33 35 37 39 39 41 44 45 45 47 50 51 51 53 56 57 57 59 62 63 63 65 68 69 69 71 74 75 75 77 80 81 81 83 86 87 87 89 92 93 93 95 98 99 99 101 104 105 105 107 110 111 111 113 116 117 117 119 121 121 123 126 127 127 129 132 133 133 135 138 139 139 141 144 145 145 147 150 151 151 153 156 157 157 159 162 163 163 165 168 169 169 171 174 175 175 177 180 181 181 183 186 187 187 189 192 193 193 195 198 199 199 201 204 205 205 207 210 211 211 213 216 217 217 219 222 223 223 225 228 229 229 231 234 235 235 237 240 241 241 243 246 247 247 249 252 253 253 255 258 259 259 261 264 265 265 267 270 271 271 273 276 277 277 279 282 283 283 285 288 289 289 291 294 295 295 297 300 301 301 303 306 307 307 309 312 313 313 316 317 317 319 322 323 323 325 327 329 332 332 333 333 335 338 339 339 341 343 343 345 348 349 349 351 354 355 355 357 360 361 361 363 366 367 367 369 372 373 373 375 378 379 379 381 384 385 385 387 390 391 391 393 396 397 397 399 402 403 403 405 408 409 409 411 414 415 415 417 420 421 421 423 426 427 427 429 432 433 433 435 438 439 439 441 444 445 445 447 450 451 451 455 65535
0 4 6 7 10 10 12 13 16 16 18 19 22 22 24 25 28 28 30 31 34 34 36 37 40 40 42 43 46 46 48 49 52 52 54 55 58 58 60 61 64 64 66 67 70 70 72 73 76 76 78 79 82 82 84 85 88 88 90 91 94 94 96 97 100 100 102 103 106 106 108 109 112 112 114 115 118 118 120 121 124 124 126 127 130 130 132 133 136 136 138 139 142 142 144 145 148 148 150 151 154 154 156 158 158 160 161 164 164 166 167 170 170 172 173 176 176 178 179 182 182 184 185 188 188 190 191 194 194 196 197 200 200 202 203 206 206 208 209 212 212 214 215 218 218 220 221 224 224 226 227 230 230 232 233 236 236 238 239 242 242 244 245 248 248 250 251 254 254 256 257 260 260 262 263 266 266 268 269 272 272 274 275 278 278 280 281 284 284 286 287 290 290 292 293 296 296 298 299 302 302 304 305 308 308 310 311 314 314 316 317 320 320 322 323 326 326 328 329 332 332 334 335 338 338 340 341 344 344 346 347 350 350 352 353 356 356 358 359 362 362 364 365 368 368 370 371 374 374 376 377 380 380 382 384 384 386 387 390 390 392 393 396 396 398 399 402 402 404 405 408 408 410 411 414 414 416 417 420 420 422 423 426 426 428 429 432 432 434 435 438 438 440 441 444 444 446 447 450 450 452 453 456 456 458 459 462 462 464 465 468 468 470 471 474 474 476 477 480 480 482 483 486 486 488 489 492 492 494 495 498 498 500 502 502 504 505 508 508 510 511 514 514 516 517 520 520 522 523 526 526 528 529 532 532 534 535 538 538 540 541 544 544 546 547 550 550 552 553 556 556 558 559 562 562 564 565 568 568 570 571 574 574 576 577 580 580 582 583 586 586 588 589 592 592 594 595 598 598 600 601 604 604 606 607 610 610 612 613 616 616 618 619 622 622 624 625 628 628 630 631 634 634 636 637 640 640 642 643 646 646 648 649 652 652 654 655 658 658 659 662 662 664 665 668 668 670 671 674 674 676 677 680 680 682 683 686 686 688 689 692 692 694 695 698 698 700 701 704 704 706 707 710 710 712 713 716 716 718 719 722 722 724 725 728 728 730 731 734 734 736 737 740 740 742 743 746 746 748 749 752 752 754 755 758 758 760 761 764 764 766 767 770 770 772 773 776 776 778 779 782 782 784 785 788 788 790 791 794 794 795 798 798 800 801 804 804 806 807 810 810 812 813 816 816 818 819 822 822 824 825 828 828 830 831 834 834 836 837 840 840 842 843 846 846 848 849 852 852 854 855 858 858 860 861 864 864 866 867 870 870 872 873 876 876 878 879 882 882 884 885 888 888 890 891 894 894 896 897 900 900 902 903 906 906 908 909 912 912 914 915 918 918 920 921 924 924 926 927 930 930 932 933 936 936 938 939 942 942 944 945 948 948 950 951 954 954 956 957 960 960 962 963 966 966 968 969 972 972 974 975 978 978 980 981 984 984 986 987 990 990 992 993 996 996 998 999 1002 1002 1004 1005 1008 1008 1010 1011 1014 1014 1016 1017 1020 1020 1022 1023 1026 1026 1028 1029 1032 1032 1034 1035 1038 1038 1040 1041 1044 1044 1046 1047 1050 1050 1052 1053 1056 1056 1058 1059 1062 1062 1064 1065 1068 1068 1070 1071 1074 1074 1076 1077 1080 1080 1082 1083 1086 1086 1088 1089 1092 1092 1094 1095 1098 1098 1100 1101 1104 1104 1106 1107 1110 1110 1112 1113 1116 1116 1118 1119 1122 1122 1124 1125 1128 1128 1130 1131 1134 1134 1136 1137 1140 1140 1142 1143 1146 1146 1148 1149 1152 1152 1154 1155 1158 1158 1160 1161 1164 1164 1166 1167 1170 1170 1172 1173 1176 1176 1178 1179 1182 1182 1184 1185 1188 1188 1190 1191 1194 1194 1196 1197 1200 1200 1202 1203 1206 1206 1208 1209 1212 1212 1214 1215 1218 1218 1220 1221 1224 1224 1226 1227 1230 1230 1232 1233 1236 1236 1238 1239 1242 1242 1244 1245 1248 1248 1250 1251 1254 1254 1256 1257 1260 1260 1262 1263 1266 1266 1268 1269 1272 1272 1274 1275 1278 1278 1279 1282 1282 1284 1285 1288 1288 1290 1291 1294 1294 1296 1297 1300 1300 1302 1303 1306 1306 1308 1309 1312 1312 1314 1315 1318 1318 1320 1321 1324 1324 1326 1327 1330 1330 1332 1333 1336 1336 1338 1339 1342 1342 1344 1345 1348 1348 1350 1351 1354 1354 1356 1357 1360 1360 1362 1363 1366 1366 1368 1369 1372 1372 1374 1375 1378 1378 1380 1381 1384 1384 1386 1387 1390 1390 1392 1393 1396 1396 1398 1399 1402 1402 1404 1405 1408 1408 1410 1411 1414 1414 1416 1417 1420 1420 1422 1423 1426 1426 1428 1429 1432 1432 1434 1435 1438 1438 1440 1441 1444 1444 1446 1447 1450 1450 1452 1453 1456 1456 1458 1459 1462 1462 1464 1465 1468 1468 1470 1471 1474 1474 1476 1477 1480 1480 1482 1483 1486 1486 1488 1489 1492 1492 1494 1495 1498 1498 1500 1501 1504 1504 1506 1507 1510 1510 1512 1513 1516 1516 1518 1519 1522 1522 1524 1525 1528 1528 1530 1531 1534 1534 1536 1537 1540 1540 1541 1544 1544 1546 1547 1550 1550 1552 1553 1556 1556 1558 1559 1562 1562 1564 1565 1568 1568 1570 1571 1574 1574 1576 1577 1580 1580 1582 1584 1585 1588 1588 1590 1591 1594 1594 1596 1598 1600 1600 1602 1603 1606 1606 1608 1609 1612 1612 1614 1616 1618 1618 1619 1622 1622 1624 1625 1628 1628 1630 1632 1634 1634 1635 1638 1638 1640 1641 1644 1644 1646 1647 1650 1650 1652 1654 1655 1658 1658 1658 1660 1662 1664 1665 1668 1668 1668 1670 1672 1673 1676 1676 1678 1678 1680 1681 1684 1684 1686 1687 1690 1690 1692 1693 1696 1696 1698 1700 1702 1702 1704 1706 1708 1708 1709 1712 1712 1714 1715 1718 1718 1720 1721 1724 1724 1726 1727 1730 1730 1732 1734 1736 1736 1738 1739 1742 1742 1744 1745 1748 1748 1750 1751 1754 1754 1756 1758 1760 1760 1761 1764 1764 1765 1768 1768 1770 1771 1774 1774 1776 1777 1780 1780 1782 1783 1786 1786 1788 1789 1792 1792 1794 1795 1798 1798 1800 1801 1804 1804 1806 1808 1810 1810 1812 1813 1816 1816 1818 1819 1822 1822 1824 1825 1828 1828 1830 1831 1834 1834 1836 1837 1840 1840 1842 1843 1846 1846 1848 1850 1851 1854 1854 1856 1856 1858 1859 1862 1862 1864 1866 1868 1868 1870 1872 1872 1874 1876 1878 1878 1879 1882 1882 1884 1886 1888 1888 1889 1892 1892 1894 1895 1898 1898 1900 1901 1904 1904 1906 1907 1910 1910 1912 1913 1916 1916 1918 1920 1922 1922 1924 1925 1928 1928 1930 1931 1934 1934 1936 1937 1940 1940 1942 1944 1945 1948 1948 1950 1950 1952 1953 1956 1956 1958 1959 1962 1962 1964 1966 1968 1968 1970 1971 1974 1974 1976 1978 1978 1980 1982 1984 1985 1988 1988 1988 1990 1991 1994 1994 1996 1998 1999 2002 2002 2004 2004 2006 2007 2010 2010 2012 2012 2014 2015 2018 2018 2020 2021 2024 2024 2026 2027 2030 2030 2032 2033 2036 2036 2038 2039 2042 2042 2044 2045 2048 2048 2050 2051 2054 2054 2056 2057 2060 2060 2062 2063 2066 2066 2068 2069 2072 2072 2074 2075 2078 2078 2080 2081 2084 2084 2085 2088 2088 2090 2091 2094 2094 2096 2097 2100 2100 2102 2103 2106 2106 2108 2109 2112 2112 2114 2115 2118 2118 2120 2121 2124 2124 2126 2127 2130 2130 2132 2133 2136 2136 2138 2139 2142 2142 2144 2145 2148 2148 2150 2151 2154 2154 2156 2157 2160 2160 2162 2164 2166 2166 2167 2170 2170 2172 2173 2176 2176 2178 2179 2182 2182 2184 2186 2187 2190 2190 2192 2192 2194 2195 2198 2198 2200 2201 2204 2204 2206 2207 2210 2210 2212 2213 2216 2216 2218 2220 2221 2224 2224 2226 2226 2228 2229 2232 2232 2234 2236 2238 2238 2240 2242 2243 2246 2246 2248 2248 2250 2252 2254 2254 2255 2258 2258 2260 2262 2263 2266 2266 2268 2269 2272 2272 2272 2274 2275 2278 2278 2280 2281 2284 2284 2286 2287 2290 2290 2292 2293 2296 2296 2298 2299 2302 2302 2304 2305 2308 2308 2310 2312 2314 2314 2316 2317 2320 2320 2322 2323 2326 2326 2328 2329 2332 2332 2334 2336 2337 2340 2340 2342 2343 2346 2346 2348 2349 2352 2352 2354 2355 2358 2358 2360 2361 2364 2364 2366 2367 2370 2370 2372 2373 2376 2376 2378 2379 2382 2382 2384 2385 2388 2388 2390 2391 2394 2394 2396 2397 2400 2400 2402 2403 2406 2406 2408 2409 2412 2412 2414 2415 2418 2418 2420 2421 2424 2424 2426 2427 2430 2430 2432 2434 2434 2436 2437 2440 2440 2442 2443 2446 2446 2448 2449 2452 2452 2454 2455 2458 2458 2460 2461 2464 2464 2466 2467 2470 2470 2472 2473 2476 2476 2478 2479 2482 2482 2484 2485 2488 2488 2489 2492 2492 2494 2495 2498 2498 2500 2501 2504 2504 2506 2507 2510 2510 2512 2513 2516 2516 2518 2519 2522 2522 2524 2525 2528 2528 2530 2531 2534 2534 2536 2537 2540 2540 2542 2543 2546 2546 2548 2549 2552 2552 2554 2555 2558 2558 2560 2561 2564 2564 2566 2567 2570 2570 2572 2573 2576 2576 2578 2579 2582 2582 2584 2585 2588 2588 2590 2591 2594 2594 2596 2597 2600 2600 2602 2603 2606 2606 2608 2609 2612 2612 2614 2616 2616 2618 2619 2622 2622 2624 2625 2628 2628 2630 2631 2634 2634 2636 2637 2640 2640 2642 2643 2646 2646 2648 2650 2651 2654 2654 2656 2658 2659 2662 2662 2664 2665 2668 2668 2670 2671 2674 2674 2676 2677 2680 2680 2682 2683 2686 2686 2688 2689 2692 2692 2694 2695 2698 2698 2700 2701 2704 2704 2706 2707 2710 2710 2712 2713 2716 2716 2718 2719 2722 2722 2724 2725 2728 2728 2730 2731 2734 2734 2736 2737 2740 2740 2742 2743 2746 2746 2748 2749 2752 2752 2754 2755 2758 2758 2760 2761 2764 2764 2766 2767 2770 2770 2772 2773 2776 2776 2778 2779 2782 2782 2784 2785 2788 2788 2790 2791 2794 2794 2796 2797 2800 2800 2802 2803 2806 2806 2808 2809 2812 2812 2814 2815 2818 2818 2820 2821 2824 2824 2826 2827 2830 2830 2832 2833 2836 2836 2838 2839 2842 2842 2844 2845 2848 2848 2850 2851 2854 2854 2856 2857 2860 2860 2862 2863 2866 2866 2868 2869 2872 2872 2874 2875 2878 2878 2880 2881 2884 2884 2886 2887 2890 2890 2892 2893 2896 2896 2898 2899 2902 2902 2904 2905 2908 2908 2910 2911 2914 2914 2916 2917 2920 2920 2922 2923 2926 2926 2928 2929 2932 2932 2934 2935 2938 2938 2940 2941 2944 2944 2946 2947 2950 2950 2952 2953 2956 2956 2958 2959 2962 2962 2964 2965 2968 2968 2970 2971 2974 2974 2975 2978 2978 2980 2981 2984 2984 2986 2987 2990 2990 2992 2993 2996 2996 2998 2999 3002 3002 3004 3005 3008 3008 3010 3011 3014 3014 3016 3017 3020 3020 3022 3023 3026 3026 3028 3029 3032 3032 3034 3035 3038 3038 3040 3041 3044 3044 3046 3047 3050 3050 3052 3053 3056 3056 3058 3059 3062 3062 3064 3065 3068 3068 3070 3071 3074 3074 3076 3077 3080 3080 3082 3083 3086 3086 3088 3089 3092 3092 3094 3095 3098 3098 3100 3101 3104 3104 3106 3107 3110 3110 3112 3113 3116 3116 3118 3119 3122 3122 3124 3125 3128 3128 3130 3131 3134 3134 3136 3138 3140 3142 3142 3144 3146 3147 3151 65535
0 4 6 8 10 10 12 14 16 16 18 20 22 22 24 26 28 28 30 32 34 34 36 38 40 40 42 44 46 46 48 50 52 52 54 56 58 58 60 62 64 64 66 68 70 70 72 74 76 76 78 80 82 82 84 86 88 88 90 92 92 94 96 98 98 100 102 104 104 106 108 110 110 112 114 116 116 118 120 122 124 124 126 126 128 130 132 132 134 136 138 138 140 142 144 144 146 148 150 150 152 154 156 156 158 160 162 162 164 166 168 168 170 172 174 174 176 178 180 180 182 184 186 186 188 190 192 192 194 196 198 198 200 202 204 204 206 208 210 210 212 214 214 216 218 220 220 222 224 226 226 228 230 232 232 234 236 238 238 240 242 244 244 246 248 250 250 252 254 254 256 258 260 260 262 264 264 266 268 270 270 272 274 276 276 278 280 282 284 284 286 286 288 290 292 292 294 296 298 298 300 302 304 304 306 308 310 310 312 314 316 316 318 320 320 322 324 326 326 328 330 332 332 334 336 336 338 340 342 342 344 346 348 348 350 352 354 354 356 358 360 360 362 364 366 366 368 370 372 372 374 376 378 378 380 382 384 384 386 388 390 390 392 394 396 396 398 400 402 402 404 406 408 408 410 412 414 414 416 418 420 420 422 424 426 426 428 430 432 432 434 436 438 438 440 442 444 444 446 448 450 450 452 454 456 456 458 460 462 462 464 466 466 468 470 472 472 474 476 478 478 480 482 484 484 486 488 488 490 492 494 494 496 498 500 500 502 504 506 506 508 510 512 512 514 516 518 518 520 522 524 524 526 528 530 530 532 534 536 536 538 540 542 542 544 546 548 548 550 552 554 554 556 558 560 560 562 564 566 566 568 570 572 572 574 576 578 578 580 582 584 584 586 588 590 590 593 65535

0 4 6 8 10 10 12 14 16 16 18 20 22 22 24 26 28 28 30 32 34 34 36 38 40 40 42 44 46 46 48 50 52 52 54 56 58 58 60 62 64 64 66 68 70 70 72 74 76 76 78 80 82 82 84 86 88 88 90 92 92 94 96 98 98 100 102 104 104 106 108 110 110 112 114 116 116 118 120 122 124 124 126 126 128 130 132 132 134 136 138 138 140 142 144 144 146 148 150 150 152 154 156 156 158 160 162 162 164 166 168 168 170 172 174 174 176 178 180 180 182 184 186 186 188 190 192 192 194 196 198 198 200 202 204 204 206 208 210 210 212 214 214 216 218 220 220 222 224 226 226 228 230 232 232 234 236 238 238 240 242 244 244 246 248 250 250 252 254 254 256 258 260 260 262 264 264 266 268 270 270 272 274 276 276 278 280 282 284 284 286 286 288 290 292 292 294 296 298 298 300 302 304 304 306 308 310 310 312 314 316 316 318 320 320 322 324 326 326 328 330 332 332 334 336 336 338 340 342 342 344 346 348 348 350 352 354 354 356 358 360 360 362 364 366 366 368 370 372 372 374 376 378 378 380 382 384 384 386 388 390 390 392 394 396 396 398 400 402 402 404 406 408 408 410 412 414 414 416 418 420 420 422 424 426 426 428 430 432 432 434 436 438 438 440 442 444 444 446 448 450 450 452 454 456 456 458 460 462 462 464 466 466 468 470 472 472 474 476 478 478 480 482 484 484 486 488 488 490 492 494 494 496 498 500 500 502 504 506 506 508 510 512 512 514 516 518 518 520 522 524 524 526 528 530 530 532 534 536 536 538 540 542 542 544 546 548 548 550 552 554 554 556 558 560 560 562 564 566 566 568 570 572 572 574 576 578 578 580 582 584 584 586 588 590 590 593 65535
0 3 5 7 9 9 11 13 15 15 17 19 21 21 23 25 27 27 29 31 33 33 35 37 39 39 41 43 45 45 47 49 51 51 53 55 57 57 59 61 63 63 65 67 69 69 71 73 75 75 77 79 81 81 83 85 87 87 91 65535
0 3 6 7 9 9 12 13 15 15 18 19 21 21 24 25 27 27 30 31 33 33 36 37 39 39 42 43 45 45 48 49 51 51 54 55 57 57 60 61 63 63 66 67 69 69 72 73 75 75 75 78 79 81 81 84 85 87 87 90 91 93 93 96 97 99 99 102 103 105 105 108 109 111 111 114 115 117 117 120 121 123 123 126 127 129 129 131 134 135 137 137 140 141 143 143 146 147 149 149 151 153 155 155 157 159 161 161 164 165 167 167 169 171 173 173 175 177 180 180 181 183 183 186 187 189 189 191 193 195 195 197 199 201 201 203 205 207 207 209 211 213 213 215 217 220 220 221 223 223 225 227 229 229 231 233 235 235 237 239 241 241 243 245 247 247 249 251 253 255 255 257 257 260 261 263 263 266 267 269 269 271 273 275 275 278 279 281 281 284 285 287 287 290 291 293 293 296 297 299 299 302 303 305 305 308 309 311 311 314 315 317 317 320 321 323 323 326 327 329 329 332 333 335 335 338 339 341 341 344 345 347 347 350 351 353 353 356 357 359 359 362 363 365 365 368 369 371 371 374 375 377 377 380 381 383 383 386 387 389 389 392 393 395 395 398 399 401 401 404 405 407 407 410 411 413 413 416 417 419 419 422 423 425 425 428 429 431 431 434 435 437 437 440 441 443 443 447 65535
0 3 5 7 9 9 11 13 15 15 17 19 21 21 23 25 27 27 29 31 33 33 35 37 39 39 41 43 45 45 47 49 51 51 53 55 57 57 59 61 63 63 65 67 69 69 71 73 75 75 77 79 81 81 83 85 87 87 91 65535
0 3 6 7 9 9 12 13 15 15 18 19 21 21 24 25 27 27 30 31 33 33 36 37 39 39 42 43 45 45 48 49 51 51 54 55 57 57 60 61 63 63 66 67 69 69 72 73 75 75 75 78 79 81 81 84 85 87 87 90 91 93 93 96 97 99 99 102 103 105 105 108 109 111 111 114 115 117 117 120 121 123 123 126 127 129 129 131 134 135 137 137 140 141 143 143 146 147 149 149 151 153 155 155 157 159 161 161 164 165 167 167 169 171 173 173 175 177 180 180 181 183 183 186 187 189 189 191 193 195 195 197 199 201 201 203 205 207 207 209 211 213 213 215 217 220 220 221 223 223 225 227 229 229 231 233 235 235 237 239 241 241 243 245 247 247 249 251 253 255 255 257 257 260 261 263 263 266 267 269 269 271 273 275 275 278 279 281 281 284 285 287 287 290 291 293 293 296 297 299 299 302 303 305 305 308 309 311 311 314 315 317 317 320 321 323 323 326 327 329 329 332 333 335 335 338 339 341 341 344 345 347 347 350 351 353 353 356 357 359 359 362 363 365 365 368 369 371 371 374 375 377 377 380 381 383 383 386 387 389 389 392 393 395 395 398 399 401 401 404 405 407 407 410 411 413 413 416 417 419 419 422 423 425 425 428 429 431 431 434 435 437 437 440 441 443 443 447 65535
0 4 6 8 10 10 12 14 16 16 18 20 22 22 24 26 26 28 30 32 32 34 36 38 38 40 42 44 44 46 48 50 50 52 54 54 56 58 58 60 62 64 64 66 68 70 70 72 74 76 76 78 80 82 82 84 86 88 88 90 92 94 94 96 98 100 100 102 104 106 106 108 110 112 112 114 116 118 118 120 122 124 124 126 128 130 130 132 134 136 136 138 140 142 142 144 146 148 148 150 152 154 154 156 158 160 160 162 164 166 166 168 170 172 172 174 176 178 178 180 182 184 184 186 188 190 190 192 194 194 196 198 200 200 202 204 206 206 208 210 212 212 214 216 218 218 220 222 224 224 226 228 230 230 232 234 236 236 238 240 242 242 244 246 248 248 250 252 254 254 256 258 260 260 262 264 266 266 268 270 272 272 274 276 278 278 280 282 284 284 286 288 290 290 292 294 296 298 298 300 300 302 304 306 306 308 310 312 312 314 316 318 318 320 322 324 324 326 328 330 330 332 334 336 336 338 340 342 342 344 346 348 348 350 352 354 354 356 358 360 360 362 364 366 366 368 370 372 372 374 376 378 378 380 382 384 384 386 388 390 390 392 394 396 396 398 400 402 402 404 406 408 408 410 412 414 414 416 418 420 420 422 424 426 426 428 430 432 432 434 436 438 440 440 442 444 446 446 448 450 452 452 454 456 458 458 460 462 464 464 466 468 470 470 472 474 476 476 478 480 482 482 484 486 488 488 490 492 494 494 496 496 498 500 502 502 504 506 508 508 510 512 514 514 516 518 520 520 522 524 526 526 528 530 532 532 534 536 538 538 540 542 544 544 546 548 550 552 552 554 554 556 558 560 560 562 564 566 566 568 570 572 572 574 576 578 578 580 582 584 584 586 588 590 590 592 594 596 596 598 600 602 602 604 606 608 608 610 612 614 614 616 618 620 620 622 624 626 628 628 630 632 634 634 636 638 640 640 642 644 646 646 648 650 652 652 654 656 658 658 660 662 664 664 666 668 670 670 672 674 676 676 678 680 682 682 684 686 688 688 690 692 694 694 696 698 700 700 702 704 706 706 708 710 712 712 714 715 718 718 720 722 724 724 726 728 730 730 732 734 736 738 738 740 742 744 744 746 748 750 750 752 754 756 756 758 760 762 762 764 766 768 768 770 772 774 774 776 778 780 780 782 784 786 786 788 790 792 792 794 796 798 798 800 802 804 804 806 808 810 810 812 814 816 816 818 820 822 822 824 826 828 828 830 832 834 834 836 838 840 840 842 844 846 846 848 850 852 852 854 856 858 858 860 862 864 864 866 868 870 870 872 874 874 876 878 880 880 882 884 886 886 888 890 892 892 894 896 898 898 900 902 904 904 906 908 910 910 912 914 916 916 918 920 922 922 924 926 928 928 930 932 934 934 936 938 940 940 942 944 946 946 948 950 952 952 954 956 958 958 960 962 964 964 966 968 970 970 972 974 976 976 978 980 982 982 984 986 988 988 990 992 994 994 996 998 1000 1000 1002 1004 1006 1006 1008 1010 1012 1012 1014 1016 1018 1018 1020 1022 1024 1024 1026 1028 1030 1030 1032 1034 1036 1036 1038 1040 1042 1042 1044 1046 1048 1048 1050 1052 1054 1054 1056 1058 1060 1060 1062 1064 1066 1066 1068 1070 1072 1072 1074 1076 1078 1078 1080 1082 1084 1084 1086 1088 1090 1090 1092 1094 1096 1096 1098 1100 1102 1102 1104 1106 1108 1108 1110 1112 1114 1114 1116 1118 1120 1120 1122 1124 1126 1126 1128 1130 1132 1132 1134 1136 1138 1138 1140 1142 1144 1144 1146 1148 1150 1150 1152 1154 1156 1156 1158 1160 1162 1162 1164 1166 1168 1168 1170 1172 1174 1174 1176 1178 1180 1180 1182 1184 1186 1186 1188 1190 1192 1192 1194 1196 1198 1198 1200 1202 1204 1204 1206 1208 1210 1210 1212 1214 1216 1216 1218 1220 1222 1222 1224 1226 1228 1228 1230 1232 1234 1234 1236 1238 1240 1240 1242 1244 1246 1246 1248 1250 1252 1254 1256 1258 1260 1260 1262 1264 1266 1266 1268 1270 1272 1272 1274 1276 1278 1278 1280 1282 1284 1284 1286 1288 1290 1290 1292 1294 1296 1296 1298 1300 1302 1304 1304 1306 1308 1310 1310 1312 1314 1316 1316 1318 1320 1322 1322 1324 1326 1328 1328 1330 1332 1334 1334 1336 1338 1340 1342 1344 1346 1348 1350 1352 1352 1354 1356 1358 1360 1362 1364 1366 1368 1370 1370 1372 1374 1376 1376 1378 1380 1382 1382 1384 1386 1388 1390 1390 1392 1394 1396 1396 1398 1400 1402 1404 1406 1408 1410 1410 1412 1414 1416 1416 1418 1420 1422 1422 1424 1426 1428 1428 1430 1432 1434 1434 1436 1438 1440 1442 1442 1444 1446 1448 1448 1450 1452 1454 1454 1456 1458 1460 1460 1462 1464 1466 1466 1468 1470 1472 1474 1476 1476 1478 1480 1482 1484 1486 1486 1488 1490 1492 1492 1494 1496 1498 1498 1501 65535
0 3 5 7 9 9 11 13 15 15 17 19 21 21 23 25 27 27 29 31 33 33 35 37 39 39 41 43 45 45 47 49 51 51 53 55 57 57 59 61 63 63 65 67 69 69 71 73 75 75 77 79 81 81 83 85 87 87 91 65535
0 3 5 7 9 9 11 13 15 15 17 19 21 21 23 25 27 27 29 31 33 33 35 37 39 39 41 43 45 45 47 49 51 51 53 55 57 57 59 61 63 63 65 67 69 69 71 73 75 75 77 79 81 81 83 85 87 87 91 65535




0 5 65535
0 4 4 6 8 10 10 12 14 16 16 18 20 22 22 24 26 28 28 30 32 34 34 36 37 40 40 42 44 44 46 46 46 47 50 52 54 56 56 58 59 62 62 64 66 68 68 68 70 72 73 76 76 78 80 82 82 84 86 88 88 90 92 94 94 96 98 100 100 102 102 104 106 106 108 110 110 112 114 116 116 118 120 122 122 124 126 128 128 130 131 131 134 136 138 138 140 142 144 144 146 148 150 150 152 154 156 156 158 160 162 162 164 166 168 168 170 172 174 174 176 178 180 180 182 184 186 186 188 190 190 192 194 196 196 198 200 202 202 204 206 208 208 210 212 214 214 216 218 220 220 222 224 226 226 228 230 232 232 234 236 238 238 240 242 244 244 246 248 250 250 252 254 256 256 258 260 262 262 264 266 268 268 270 272 274 274 276 278 280 280 282 284 286 286 288 290 292 292 294 296 298 298 300 302 304 304 306 308 310 310 312 314 316 316 318 320 320 322 324 326 326 328 330 332 332 334 336 338 338 340 342 344 344 346 348 350 350 352 352 354 356 358 358 360 362 364 364 366 368 370 370 372 374 376 376 378 380 382 382 384 386 388 388 390 392 394 394 396 398 400 400 402 404 404 406 408 410 410 412 414 416 416 418 420 422 422 424 426 428 428 430 432 434 434 436 438 440 440 442 444 446 446 448 450 452 452 454 456 458 458 460 462 464 464 466 468 468 470 472 474 474 476 478 480 480 482 484 484 486 488 490 490 492 494 496 496 498 500 502 502 504 506 508 508 510 512 514 514 516 518 520 520 522 524 526 526 528 530 532 532 534 536 538 538 540 542 544 544 546 548 550 550 552 554 556 556 558 560 562 562 564 566 568 568 570 572 574 574 576 578 580 580 582 584 586 586 588 590 592 592 594 596 598 598 600 601 604 604 606 607 610 610 612 613 616 616 618 619 619 622 623 626 626 628 630 630 630 631 634 635 638 638 640 641 644 644 646 647 650 650 652 653 656 656 658 659 662 662 664 665 668 668 670 670 672 674 674 676 678 680 680 682 684 686 686 688 690 692 692 694 696 698 698 700 702 704 704 706 708 708 710 712 714 714 716 718 720 720 722 724 726 726 728 730 732 732 734 736 738 738 740 742 744 744 746 748 750 750 752 754 756 756 758 760 760 762 764 766 766 768 770 772 772 774 776 778 778 780 782 784 784 786 788 790 790 792 794 796 796 798 800 802 802 804 806 808 808 810 812 814 814 816 818 820 820 822 824 826 826 828 830 832 832 834 836 838 838 840 842 844 844 846 848 850 850 852 854 854 856 858 860 860 862 864 866 866 868 870 872 872 874 876 878 878 880 882 884 884 886 888 890 890 892 894 895 895 898 899 902 902 904 905 908 908 910 911 914 914 916 918 920 920 922 923 926 926 928 929 932 932 934 936 938 938 940 942 944 944 945 945 947 950 951 954 954 954 956 957 960 962 962 964 965 968 968 970 971 974 974 976 977 980 980 982 984 986 986 988 989 992 992 992 994 995 998 999 1002 1002 1004 1005 1005 1008 1008 1010 1012 1013 1016 1016 1018 1019 1022 1022 1024 1025 1028 1028 1030 1031 1034 1034 1036 1038 1040 1040 1041 1041 1043 1046 1047 1047 1050 1050 1052 1053 1055 1055 1058 1059 1062 1062 1064 1065 1068 1068 1070 1071 1074 1074 1076 1077 1080 1080 1082 1083 1086 1086 1088 1089 1092 1092 1094 1095 1098 1098 1100 1101 1104 1104 1104 1105 1108 1110 1112 1112 1114 1115 1115 1118 1120 1122 1122 1124 1125 1128 1128 1130 1131 1134 1134 1136 1137 1140 1140 1142 1144 1146 1146 1148 1149 1152 1152 1154 1155 1158 1158 1160 1162 1164 1164 1166 1166 1168 1170 1171 1171 1174 1176 1178 1178 1180 1181 1184 1184 1186 1187 1190 1190 1192 1193 1196 1196 1198 1200 1202 1202 1204 1205 1208 1208 1208 1210 1211 1211 1214 1214 1214 1216 1218 1218 1218 1220 1221 1224 1225 1228 1230 1232 1232 1234 1235 1238 1238 1240 1241 1244 1244 1246 1247 1250 1250 1252 1253 1256 1256 1258 1259 1262 1262 1264 1264 1266 1268 1269 1269 1272 1272 1274 1275 1278 1280 1282 1282 1284 1286 1288 1288 1290 1291 1291 1293 1296 1297 1301 65535
0 0 4 5 8 8 10 11 14 14 16 17 20 20 22 23 26 26 28 30 30 32 34 34 36 38 38 40 42 44 46 46 48 50 52 52 54 56 58 58 60 62 64 64 66 68 70 70 72 74 74 76 78 80 80 82 84 86 86 88 90 92 92 94 96 98 98 100 102 104 104 106 108 110 110 112 114 116 116 118 118 120 122 124 126 126 128 130 132 132 134 136 138 138 140 142 144 144 146 148 150 150 152 154 156 156 158 160 160 162 164 166 166 168 170 172 172 174 176 178 178 180 182 182 184 186 188 188 190 192 194 194 196 198 200 200 202 204 206 206 208 210 212 212 214 215 218 218 220 222 222 224 224 224 225 228 230 232 234 234 236 237 240 240 242 244 246 246 246 248 250 251 254 254 256 258 260 260 262 264 266 266 268 270 272 272 274 276 278 278 280 280 282 284 284 286 288 288 290 292 294 294 296 298 300 300 302 304 306 306 308 309 309 312 314 316 316 318 320 322 322 324 326 328 328 330 332 334 334 336 338 340 340 342 344 346 346 348 350 352 352 354 356 358 358 360 362 364 364 366 368 368 370 372 374 374 376 378 380 380 382 384 386 386 388 390 392 392 394 396 398 398 400 402 404 404 406 408 410 410 412 414 416 416 418 420 422 422 424 426 428 428 430 432 434 434 436 438 440 440 442 444 446 446 448 450 452 452 454 456 458 458 460 462 464 464 466 468 470 470 472 474 476 476 478 480 482 482 484 486 488 488 490 492 494 494 496 498 498 500 502 504 504 506 508 510 510 512 514 516 516 518 520 522 522 524 526 528 528 530 530 532 534 536 536 538 540 542 542 544 546 548 548 550 552 554 554 556 558 560 560 562 564 566 566 568 570 572 572 574 576 578 578 580 582 582 584 586 588 588 590 592 594 594 596 598 600 600 602 604 606 606 608 610 612 612 614 616 618 618 620 622 624 624 626 628 630 630 632 634 636 636 638 640 642 642 644 646 646 648 650 652 652 654 656 658 658 660 662 662 664 666 668 668 670 672 674 674 676 678 680 680 682 684 686 686 688 690 692 692 694 696 698 698 700 702 704 704 706 708 710 710 712 714 716 716 718 720 722 722 724 726 728 728 730 732 734 734 736 738 740 740 742 744 746 746 748 750 752 752 754 756 758 758 760 762 764 764 766 768 770 770 772 774 776 776 778 779 782 782 784 785 788 788 790 791 794 794 796 797 797 800 801 804 804 806 808 808 808 809 812 813 816 816 818 819 822 822 824 825 828 828 830 831 834 834 836 837 840 840 842 843 846 846 848 848 850 852 852 854 856 858 858 860 862 864 864 866 868 870 870 872 874 876 876 878 880 882 882 884 886 886 888 890 892 892 894 896 898 898 900 902 904 904 906 908 910 910 912 914 916 916 918 920 922 922 924 926 928 928 930 932 934 934 936 938 938 940 942 944 944 946 948 950 950 952 954 956 956 958 960 962 962 964 966 968 968 970 972 974 974 976 978 980 980 982 984 986 986 988 990 992 992 994 996 998 998 1000 1002 1004 1004 1006 1008 1010 1010 1012 1014 1016 1016 1018 1020 1022 1022 1024 1026 1028 1028 1030 1032 1032 1034 1036 1038 1038 1040 1042 1044 1044 1046 1048 1050 1050 1052 1054 1056 1056 1058 1060 1062 1062 1064 1066 1068 1068 1070 1072 1073 1073 1076 1077 1080 1080 1082 1083 1086 1086 1088 1089 1092 1092 1094 1096 1098 1098 1100 1101 1104 1104 1106 1107 1110 1110 1112 1114 1116 1116 1118 1120 1122 1122 1123 1123 1125 1128 1129 1132 1132 1132 1134 1135 1138 1140 1140 1142 1143 1146 1146 1148 1149 1152 1152 1154 1155 1158 1158 1160 1162 1164 1164 1166 1167 1170 1170 1170 1172 1173 1176 1177 1180 1180 1182 1183 1183 1186 1186 1188 1190 1191 1194 1194 1196 1197 1200 1200 1202 1203 1206 1206 1208 1209 1212 1212 1214 1216 1218 1218 1219 1219 1221 1224 1225 1225 1228 1228 1230 1231 1233 1233 1236 1237 1240 1240 1242 1243 1246 1246 1248 1249 1252 1252 1254 1255 1258 1258 1260 1261 1264 1264 1266 1267 1270 1270 1272 1273 1276 1276 1278 1279 1282 1282 1282 1283 1286 1288 1290 1290 1292 1293 1293 1296 1298 1300 1300 1302 1303 1306 1306 1308 1309 1312 1312 1314 1315 1318 1318 1320 1322 1324 1324 1326 1327 1330 1330 1332 1333 1336 1336 1338 1340 1342 1342 1344 1344 1346 1348 1349 1349 1352 1354 1356 1356 1358 1359 1362 1362 1364 1365 1368 1368 1370 1371 1374 1374 1376 1378 1380 1380 1382 1383 1386 1386 1386 1388 1389 1389 1392 1392 1392 1394 1396 1396 1396 1398 1399 1402 1403 1406 1408 1410 1410 1412 1413 1416 1416 1418 1419 1422 1422 1424 1425 1428 1428 1430 1431 1434 1434 1436 1437 1440 1440 1442 1442 1444 1446 1447 1447 1450 1450 1452 1453 1456 1458 1460 1460 1462 1464 1466 1466 1468 1469 1469 1471 1474 1475 1477 1477 1479 1482 1485 65535
0 0 4 5 8 8 10 11 14 14 16 18 20 20 22 24 26 26 28 30 32 32 34 35 38 38 40 42 44 44 46 48 50 50 52 54 56 56 58 59 63 65535
0 0 3 3 5 7 9 11 11 13 15 17 17 19 21 23 23 25 27 29 31 31 33 35 35 35 37 39 41 41 41 43 45 48 49 49 51 53 55 57 57 59 59 61 63 63 65 67 67 69 72 73 73 75 77 77 79 79 81 83 85 87 87 89 89 91 94 94 95 97 97 99 101 101 103 105 107 107 109 111 113 113 115 117 117 119 121 121 123 125 127 127 129 131 133 133 133 135 137 139 141 141 143 145 147 147 149 151 153 153 155 157 159 161 163 163 166 167 167 169 169 171 173 175 177 177 179 179 179 181 183 185 187 187 189 192 193 195 197 197 199 201 203 203 205 205 207 209 211 213 213 216 217 217 219 219 221 223 223 225 227 229 229 231 231 233 236 237 237 240 241 241 244 245 245 247 251 65535
0 0 3 6 7 7 9 11 13 13 15 17 19 19 21 23 27 65535
0 0 4 6 8 8 10 11 14 14 16 18 20 20 22 24 26 26 28 30 32 32 33 35 35 37 37 40 40 42 42 44 44 46 46 48 48 50 50 52 52 54 54 56 56 58 58 60 60 62 62 64 66 68 68 69 72 72 74 75 78 78 80 82 84 84 86 88 90 90 92 94 96 96 98 99 102 102 104 106 108 108 110 112 114 114 116 117 120 120 122 123 126 126 128 130 132 132 134 136 138 138 140 141 145 65535
0 4 5 5 8 9 11 11 14 15 17 17 20 21 23 23 26 27 29 31 33 33 36 37 39 39 42 42 44 45 47 49 49 52 53 55 55 58 59 61 61 64 65 67 67 70 71 73 73 75 77 79 79 82 83 85 85 88 89 91 91 94 95 97 97 100 101 103 103 106 107 109 109 112 113 115 115 117 119 121 121 123 125 127 127 129 131 133 133 136 137 139 141 141 144 145 145 148 149 151 151 154 155 157 157 160 161 163 163 166 167 169 169 172 173 175 175 178 179 181 181 184 185 187 187 190 191 193 193 195 197 199 199 202 203 205 205 208 209 211 211 214 215 217 217 220 221 223 223 225 227 229 229 232 233 235 235 238 239 241 241 243 245 247 249 249 252 253 255 255 257 259 259 262 263 265 265 268 269 271 271 274 275 277 277 280 281 283 283 286 287 289 289 291 293 293 296 297 299 299 301 303 305 305 308 309 311 311 314 315 317 317 320 321 323 323 326 327 329 329 332 333 335 335 338 339 341 341 344 345 347 347 350 351 353 353 356 357 359 359 362 363 365 365 368 369 371 371 374 375 377 377 380 381 383 383 386 387 389 389 392 393 395 399 65535
0 3 6 7 9 9 12 13 15 15 18 19 21 21 23 26 27 29 29 32 33 35 35 38 39 41 41 44 45 47 47 50 51 53 53 56 57 59 59 62 63 65 65 68 69 71 71 74 75 75 78 79 81 81 84 85 87 87 90 91 93 93 96 97 99 99 102 103 105 105 108 109 111 111 114 115 117 117 120 121 123 123 126 127 129 129 132 133 135 135 138 139 141 141 144 145 147 147 150 151 153 153 156 157 159 159 161 164 165 167 167 170 171 173 173 176 177 179 179 182 183 185 185 188 189 191 191 194 195 197 197 200 201 203 203 206 207 209 209 212 213 215 215 218 219 221 221 224 225 227 227 229 232 233 235 235 238 239 241 241 244 245 247 247 250 251 253 253 256 257 259 259 262 263 265 265 268 269 271 271 274 275 277 277 280 281 283 283 287 65535
0 3 6 7 9 9 12 13 15 15 18 19 21 21 23 26 27 29 29 32 33 35 35 38 39 41 41 44 45 47 47 50 51 53 53 56 57 59 59 62 63 65 65 68 69 71 71 74 75 75 78 79 81 81 84 85 87 87 90 91 93 93 96 97 99 99 102 103 105 105 108 109 111 111 114 115 117 117 120 121 123 123 126 127 129 129 132 133 135 135 138 139 141 141 144 145 147 147 150 151 153 153 156 157 159 159 161 164 165 167 167 170 171 173 173 176 177 179 179 182 183 185 185 188 189 191 191 194 195 197 197 200 201 203 203 206 207 209 209 212 213 215 215 218 219 221 221 224 225 227 227 229 232 233 235 235 238 239 241 241 244 245 247 247 250 251 253 253 256 257 259 259 262 263 265 265 268 269 271 271 274 275 277 277 280 281 283 283 287 65535
0 0 4 6 8 8 10 12 12 13 16 18 18 20 22 22 24 26 26 28 30 30 32 34 34 36 38 40 40 41 44 46 46 47 50 52 52 53 56 58 58 59 62 64 64 65 68 70 70 71 74 76 76 77 80 82 82 83 86 88 88 90 92 92 93 96 99 65535
0 0 3 6 8 8 9 12 15 65535
0 0 4 6 8 8 9 12 14 14 15 18 20 20 22 24 26 26 27 30 33 65535
0 0 2 6 8 8 9 12 14 14 15 18 20 20 21 24 26 26 28 30 32 32 34 36 38 38 40 42 42 43 46 48 48 50 52 52 53 56 58 58 59 62 64 64 65 68 70 70 71 74 76 76 78 82 83 65535
0 0 2 4 4 6 6 7 10 12 12 13 16 18 18 19 22 24 24 26 28 32 34 34 35 38 40 40 42 44 44 46 48 48 50 52 54 54 56 58 58 59 62 64 64 66 68 68 70 72 72 74 76 76 78 80 82 82 83 86 88 88 89 92 94 94 96 98 100 100 101 104 106 106 108 110 112 112 114 116 118 118 120 122 124 124 126 128 128 130 132 132 134 136 138 138 140 142 144 144 146 148 150 150 152 154 156 156 158 160 162 162 164 166 168 168 169 172 174 174 176 178 180 180 182 183 186 186 187 190 192 192 193 196 198 198 199 202 204 204 205 208 210 210 212 214 214 216 218 220 220 222 222 224 224 226 228 228 229 232 234 234 236 238 240 240 241 244 246 246 248 250 252 252 254 256 258 258 259 262 264 264 266 268 270 270 271 274 276 276 277 280 282 282 284 286 290 292 292 293 296 298 298 300 302 304 304 306 308 310 310 312 314 314 315 318 318 320 320 322 322 324 324 326 327 65535
0 0 0 4 4 5 8 10 12 12 14 14 16 16 17 20 20 21 24 26 26 27 30 32 32 34 36 38 38 39 42 44 44 45 48 50 50 52 54 56 56 58 60 60 61 64 66 66 67 70 72 72 73 76 78 78 79 82 84 84 85 88 90 90 91 94 96 96 97 100 102 102 103 106 108 108 109 112 114 114 115 118 120 120 121 124 126 126 128 130 132 132 134 136 138 138 139 142 144 144 145 148 150 150 151 154 156 156 157 160 162 162 164 166 168 168 169 172 174 174 176 178 180 180 182 184 186 186 188 190 192 192 194 196 198 198 200 202 204 204 205 208 208 210 212 214 214 216 216 218 220 222 222 224 224 225 225 227 230 230 232 234 236 236 238 240 242 242 244 246 248 248 249 252 254 254 254 255 257 260 262 262 264 266 268 268 269 272 274 274 275 278 281 65535

0 0 3 6 8 10 12 12 12 12 12 14 16 18 18 20 22 24 24 26 28 30 30 32 34 36 36 38 40 43 65535
0 0 4 5 8 8 10 12 14 14 16 18 20 20 22 24 26 26 28 29 32 32 34 35 38 38 40 41 44 44 46 48 50 50 52 54 56 56 58 59 62 62 64 65 68 68 70 71 74 74 76 77 80 80 82 84 86 86 88 90 90 92 92 94 94 96 96 98 98 100 100 102 102 104 106 108 108 110 112 114 114 116 117 120 120 122 123 126 126 128 129 132 132 134 136 136 137 139 139 142 142 144 144 146 147 150 150 152 153 156 156 158 159 162 162 164 165 168 168 170 172 172 174 175 178 178 180 181 184 184 186 188 190 190 192 193 196 196 198 199 202 202 204 205 208 208 210 211 214 214 216 217 220 220 222 224 226 226 228 230 232 232 234 236 238 238 240 242 244 244 246 247 250 250 252 254 256 256 258 259 262 262 264 265 268 268 270 271 274 274 276 277 280 280 282 283 286 286 288 289 292 292 294 296 298 298 300 301 304 304 306 308 310 310 312 314 316 316 318 319 322 322 323 326 326 328 330 332 334 336 338 340 342 342 342 342 342 342 342 342 344 346 347 349 349 352 352 354 356 358 358 360 361 364 364 366 368 370 370 372 374 376 376 378 380 382 382 384 386 388 388 390 391 394 394 395 398 398 400 402 404 404 406 408 408 410 412 414 414 416 417 420 420 422 424 426 426 428 429 432 432 434 436 438 438 440 442 444 444 446 447 450 450 452 453 456 456 458 460 462 462 464 465 468 468 470 472 474 474 476 477 480 480 482 483 486 486 488 489 492 492 494 495 498 498 500 502 504 504 506 508 510 510 512 514 516 516 518 520 522 522 524 525 528 528 530 532 535 65535
0 0 4 5 8 8 10 12 14 14 16 17 20 20 22 24 26 26 28 30 32 32 34 36 38 38 40 41 44 44 46 47 50 50 52 54 56 56 58 60 62 62 64 65 68 68 70 71 74 74 76 77 80 80 82 84 86 86 88 90 90 92 93 96 96 98 99 102 102 104 105 108 108 110 112 114 114 116 118 120 120 122 124 126 126 128 130 133 65535
0 0 4 6 6 8 10 12 12 14 16 18 18 20 21 24 24 26 27 30 30 32 33 36 36 38 39 42 42 44 45 48 48 50 52 52 54 55 58 58 60 62 64 64 66 68 71 65535
0 0 3 3 5 7 9 11 11 13 15 17 17 19 21 23 23 25 27 29 31 31 33 35 35 35 37 39 41 41 41 43 45 48 49 49 51 53 55 57 57 59 59 61 63 63 65 67 67 69 72 73 73 75 77 77 79 79 81 83 85 87 87 89 89 91 94 94 95 97 97 99 101 101 103 105 107 107 109 111 113 113 115 117 117 119 121 121 123 125 127 127 129 131 133 133 133 135 137 139 141 141 143 145 147 147 149 151 153 153 155 157 159 161 163 163 166 167 167 169 169 171 173 175 177 177 179 179 179 181 183 185 187 187 189 192 193 195 197 197 199 201 203 203 205 205 207 209 211 213 213 216 217 217 219 219 221 223 223 225 227 229 229 231 231 233 236 237 237 240 241 241 244 245 245 247 251 65535
0 0 3 6 7 7 9 11 11 13 15 17 17 19 21 21 23 23 25 25 27 29 31 31 33 35 37 37 39 41 43 43 45 47 49 49 51 51 53 53 56 57 57 59 62 63 63 65 67 69 69 71 73 75 75 77 79 81 81 83 85 87 87 89 91 93 93 93 95 97 99 99 101 103 105 105 107 107 109 109 111 113 115 117 119 119 121 123 125 125 127 129 131 131 133 133 136 137 137 140 141 143 145 145 147 149 151 151 153 153 155 155 155 157 159 159 161 164 164 165 165 167 167 169 172 174 175 177 177 179 179 179 182 182 183 183 185 185 188 188 189 191 193 195 195 197 199 201 201 203 203 206 208 209 209 211 213 213 215 217 219 219 221 224 225 225 227 229 231 231 233 236 237 237 239 239 241 241 241 244 244 245 248 249 249 251 254 255 255 257 259 261 261 263 265 267 267 269 271 273 273 275 275 277 277 279 279 281 281 281 283 285 288 289 289 291 291 294 295 297 299 299 301 301 304 304 305 305 307 309 311 311 313 315 317 317 319 322 323 323 325 328 329 329 331 334 335 337 337 337 339 342 343 343 345 348 349 349 351 354 355 355 357 357 357 357 357 360 362 363 363 365 368 369 369 371 374 375 375 377 380 381 381 383 386 387 387 387 389 392 393 393 395 398 399 399 401 404 405 405 407 410 411 411 413 413 415 417 419 419 421 424 425 425 427 430 431 431 433 435 437 437 439 441 441 443 443 445 447 449 451 451 453 456 457 457 459 462 462 463 466 467 467 469 469 471 474 476 477 477 479 479 481 483 485 487 487 489 489 489 491 493 493 495 495 497 499 501 501 503 506 507 507 509 512 513 513 515 517 519 519 521 524 525 525 527 529 531 531 533 535 535 537 537 540 541 541 543 543 545 548 549 551 551 551 553 553 556 558 559 561 561 563 563 565 568 569 569 571 571 571 573 576 577 577 579 582 583 583 585 588 589 589 591 594 595 595 595 597 600 601 603 603 605 608 609 609 611 611 614 614 615 615 617 619 621 621 623 625 627 627 629 631 634 635 635 637 639 641 641 643 643 646 648 649 651 651 653 653 656 658 659 661 661 663 666 666 667 670 671 671 673 676 677 677 679 679 682 683 683 685 687 689 689 691 694 695 695 697 697 699 702 703 705 705 707 707 710 711 714 715 715 715 715 717 720 721 721 723 726 727 727 729 729 731 731 733 736 737 737 739 739 739 742 742 744 745 747 747 749 752 753 753 755 758 759 759 761 761 763 766 767 767 769 769 771 771 773 776 777 777 779 781 783 783 785 785 785 788 789 791 793 795 795 795 797 800 800 801 803 805 807 807 809 809 812 813 813 815 815 815 815 815 818 818 818 819 819 821 824 825 825 827 827 827 829 831 831 831 834 835 837 839 841 841 843 845 845 848 849 851 851 853 855 857 857 857 857 860 861 861 863 865 865 865 868 869 869 872 872 873 873 875 875 878 879 879 881 883 885 887 887 889 891 891 891 894 895 897 899 899 901 903 903 905 905 908 909 911 913 913 913 916 917 917 919 919 919 919 919 921 921 923 923 925 927 927 927 930 932 933 933 933 936 936 937 939 939 942 943 945 945 945 947 949 949 951 951 954 955 955 957 959 959 959 961 961 964 965 965 968 969 971 971 974 975 977 977 980 981 981 983 985 987 987 990 991 993 993 995 995 997 999 1001 1001 1003 1003 1005 1007 1009 1009 1012 1012 1013 1015 1017 1019 1019 1022 1023 1025 1025 1027 1029 1031 1031 1034 1035 1037 1037 1039 1039 1042 1043 1045 1045 1048 1049 1051 1051 1054 1055 1057 1057 1059 1059 1061 1061 1064 1064 1066 1066 1068 1070 1070 1072 1074 1076 1076 1078 1080 1082 1084 1084 1086 1087 1090 1090 1092 1093 1093 1095 1097 1097 1097 1099 1101 1103 1103 1105 1105 1108 1109 1111 1113 1113 1115 1118 1119 1119 1121 1124 1125 1127 1127 1129 1129 1131 1133 1136 1137 1137 1139 1141 1143 1143 1145 1148 1149 1149 1151 1151 1154 1156 1157 1159 1159 1159 1161 1161 1163 1165 1165 1167 1169 1171 1171 1173 1175 1177 1177 1179 1181 1183 1183 1185 1185 1187 1190 1191 1193 1193 1195 1197 1197 1199 1202 1203 1203 1205 1208 1209 1209 1211 1213 1215 1215 1215 1215 1215 1218 1220 1222 1223 1223 1225 1227 1229 1229 1231 1234 1235 1237 1237 1239 1239 1239 1241 1244 1246 1247 1247 1249 1249 1252 1253 1256 1257 1257 1259 1262 1263 1263 1265 1267 1269 1271 1271 1273 1273 1275 1277 1279 1281 1281 1283 1285 1287 1287 1289 1291 1293 1293 1295 1297 1299 1299 1301 1303 1305 1305 1307 1309 1311 1311 1311 1311 1314 1316 1316 1318 1320 1320 1322 1323 1323 1325 1327 1327 1330 1331 1331 1334 1335 1335 1337 1340 1341 1341 1343 1343 1346 1348 1349 1351 1351 1353 1353 1355 1357 1359 1361 1361 1363 1363 1365 1367 1369 1371 1371 1373 1373 1375 1377 1379 1379 1381 1383 1383 1385 1387 1389 1389 1391 1391 1393 1396 1397 1399 1399 1401 1404 1405 1405 1405 1405 1405 1408 1410 1410 1411 1414 1414 1416 1418 1420 1420 1422 1424 1426 1426 1428 1430 1432 1432 1434 1436 1438 1438 1438 1440 1442 1444 1446 1446 1448 1450 1452 1452 1454 1454 1456 1457 1460 1460 1462 1464 1466 1466 1468 1468 1470 1471 1474 1474 1476 1478 1480 1480 1482 1483 1486 1486 1486 1487 1490 1491 1491 1493 1496 1497 1497 1500 1500 1501 1503 1505 1505 1507 1510 1512 1512 1512 1514 1516 1518 1518 1520 1521 1524 1524 1526 1527 1530 1530 1532 1534 1536 1538 1538 1540 1542 1544 1544 1545 1547 1550 1550 1552 1554 1556 1557 1557 1559 1562 1563 1563 1565 1568 1569 1571 1571 1573 1576 1577 1577 1579 1582 1583 1583 1585 1588 1589 1589 1591 1594 1595 1595 1597 1600 1600 1601 1604 1605 1605 1607 1609 1609 1611 1611 1611 1613 1615 1617 1620 1621 1621 1621 1621 1623 1626 1628 1629 1629 1631 1631 1631 1633 1633 1635 1637 1639 1639 1641 1641 1643 1643 1643 1643 1643 1645 1647 1649 1652 1653 1655 1655 1657 1657 1659 1661 1663 1665 1665 1667 1667 1669 1672 1673 1675 1675 1675 1675 1677 1679 1679 1681 1683 1685 1685 1687 1689 1691 1693 1693 1693 1695 1697 1699 1701 1701 1703 1705 1705 1707 1707 1710 1711 1713 1715 1715 1715 1717 1719 1721 1721 1723 1726 1727 1729 1729 1731 1731 1733 1736 1737 1737 1739 1742 1743 1743 1745 1747 1749 1749 1751 1753 1755 1755 1757 1757 1759 1761 1763 1763 1765 1765 1767 1770 1771 1771 1773 1773 1775 1778 1779 1781 1781 1781 1783 1785 1788 1789 1789 1789 1792 1794 1796 1796 1798 1799 1801 1801 1803 1806 1807 1807 1810 1810 1811 1814 1815 1815 1817 1819 1819 1821 1824 1825 1825 1827 1827 1830 1831 1833 1835 1835 1838 1839 1839 1841 1843 1847 65535
0 0 3 5 7 7 9 11 13 13 15 17 19 19 21 23 25 25 27 29 31 31 33 35 37 37 39 42 43 43 45 48 49 49 51 54 55 55 57 60 61 61 63 66 67 67 69 71 71 73 75 77 77 77 80 81 83 83 85 87 89 89 91 93 95 95 97 99 101 101 103 105 107 107 109 111 113 113 115 117 117 119 121 123 123 125 127 127 129 132 133 133 135 138 139 139 141 144 145 145 147 149 151 151 153 156 157 157 159 162 163 163 165 168 169 169 171 173 175 175 177 179 181 181 183 186 189 65535
0 0 4 6 8 8 10 12 14 14 16 18 20 20 22 24 26 26 28 30 32 32 34 36 38 38 40 42 44 44 46 48 50 50 52 54 56 56 58 60 62 62 64 66 68 68 70 71 74 74 76 78 80 80 82 84 87 65535
0 0 4 6 8 8 10 11 14 14 16 18 20 20 22 24 26 26 28 30 32 32 34 36 38 38 40 41 45 65535
0 0 4 5 8 8 10 11 15 65535
0 0 4 5 8 8 10 12 13 16 16 18 20 22 22 22 24 26 28 28 30 32 34 34 36 38 40 40 42 44 46 46 48 50 52 52 54 56 58 58 60 62 64 64 66 68 70 70 72 74 76 76 78 80 82 82 84 86 88 88 90 92 94 94 96 98 100 102 104 106 107 110 112 112 112 112 112 112 112 112 112 114 115 118 118 120 121 124 124 126 127 130 130 132 134 134 135 138 138 140 141 144 144 146 148 150 150 152 154 156 156 158 160 163 65535
0 0 4 5 8 8 10 12 14 14 16 18 20 20 22 23 25 28 28 28 30 32 34 34 36 38 38 40 41 44 44 46 47 50 50 52 53 56 56 58 59 62 62 64 66 68 68 70 71 74 74 76 78 80 80 82 83 86 86 88 89 93 65535
0 0 4 6 8 8 10 12 14 14 15 18 18 20 20 22 24 26 26 28 30 30 31 34 34 36 36 38 39 42 42 44 46 48 48 50 51 54 54 54 56 58 60 60 62 64 66 66 68 70 72 72 74 76 76 78 80 82 82 84 86 88 88 89 92 92 94 96 98 98 100 102 102 104 106 108 110 111 114 114 116 116 118 120 120 120 122 123 126 126 128 130 132 132 132 134 136 138 138 138 140 142 144 144 144 144 144 146 148 150 150 150 152 153 156 156 156 158 159 162 162 162 164 166 166 168 170 172 172 174 176 178 178 180 182 185 65535
0 0 4 6 8 8 10 11 14 14 16 18 20 20 22 24 26 26 28 30 32 32 34 35 38 38 40 42 42 44 46 48 48 50 51 54 54 56 58 60 60 62 64 64 66 68 70 70 72 73 76 76 78 80 82 82 84 86 88 88 90 92 94 94 96 98 100 100 102 103 106 106 108 110 112 112 114 116 118 118 120 122 124 124 126 127 131 65535
0 0 4 6 8 8 10 11 14 14 16 18 20 20 22 24 26 26 28 30 32 32 34 36 38 38 40 42 44 44 46 48 50 50 52 53 56 56 58 60 62 62 64 66 68 68 70 71 74 74 76 78 80 80 82 84 86 86 88 90 92 92 94 96 98 98 100 101 104 104 106 108 110 110 112 114 116 116 118 120 122 122 124 126 128 128 130 132 134 134 136 138 140 140 142 144 146 146 148 149 152 152 154 156 158 158 160 162 162 164 165 168 168 170 172 174 174 176 177 180 180 182 184 186 186 188 189 192 192 194 196 198 198 200 202 202 204 205 208 208 210 212 215 65535
0 0 4 6 8 8 10 12 14 14 16 18 20 20 22 24 24 26 28 28 30 32 35 65535
0 0 4 6 8 8 10 12 14 14 16 18 20 20 22 24 26 26 28 30 32 32 34 36 38 38 40 41 45 65535
0 0 4 5 8 8 10 11 14 14 16 18 20 20 22 24 24 26 28 30 30 32 34 36 36 38 40 42 42 44 45 49 65535
0 0 4 5 8 8 10 11 14 16 16 16 18 19 22 22 24 25 28 28 30 32 34 34 36 38 40 40 42 44 46 46 48 50 52 52 54 56 58 58 60 62 64 64 66 67 70 70 72 74 76 76 78 79 82 82 84 85 88 88 90 92 94 94 96 97 100 100 102 104 106 106 108 110 113 65535
0 0 4 5 8 8 10 11 14 14 16 17 20 20 22 23 26 26 28 30 32 32 34 36 38 38 40 42 44 44 46 47 50 50 52 54 56 56 58 59 62 62 64 66 68 68 70 72 74 74 76 77 80 80 81 84 84 86 88 90 90 92 93 96 96 98 100 102 102 104 105 108 108 110 111 114 114 116 118 120 120 122 124 126 126 128 130 130 132 134 136 136 138 139 142 142 144 146 148 148 150 152 154 154 156 158 158 160 160 162 164 166 166 168 169 172 172 174 176 178 178 180 181 185 65535

0 3 5 5 7 9 11 11 13 15 15 17 17 19 21 23 25 25 27 29 31 31 33 35 37 37 39 41 43 43 45 47 49 49 52 53 55 55 57 59 61 61 63 65 67 67 69 71 73 73 76 77 79 79 82 83 85 85 88 89 91 91 94 95 97 97 99 101 103 103 105 107 107 110 111 113 113 116 117 119 119 121 123 125 125 127 130 131 131 133 135 137 137 139 142 143 143 145 148 149 149 151 154 155 155 158 159 161 161 163 165 167 167 170 171 173 173 176 177 179 179 182 183 185 185 188 189 191 191 194 195 197 197 200 201 203 203 205 208 209 209 211 213 213 216 217 219 219 222 223 225 225 228 229 231 231 234 235 237 237 240 241 243 243 246 247 249 249 252 253 255 255 258 259 261 261 264 265 267 267 269 271 273 273 276 277 277 279 281 283 283 286 287 289 289 292 293 295 295 298 299 299 302 303 305 305 308 309 311 311 314 315 317 317 320 321 323 323 326 327 329 329 331 334 335 335 338 339 341 341 343 345 347 347 350 351 353 353 355 357 359 359 362 363 365 365 368 369 371 371 374 375 377 377 380 381 383 383 386 387 389 389 392 393 393 395 398 399 399 401 404 405 405 408 409 411 411 414 415 417 417 419 422 423 423 425 427 429 429 431 433 435 435 438 439 441 441 444 445 447 447 450 451 453 453 455 457 459 459 462 463 465 465 467 469 471 471 473 475 477 477 479 481 483 483 485 487 489 489 492 493 495 495 498 499 501 501 504 505 507 507 509 512 513 513 516 517 519 519 521 523 525 525 527 530 531 531 533 536 537 537 540 541 543 543 546 547 549 549 551 553 555 555 558 559 561 561 564 565 567 567 570 571 573 573 575 578 579 579 582 583 585 585 588 589 591 591 594 595 597 597 600 601 603 603 606 607 609 609 612 613 615 615 618 619 621 621 623 625 627 627 629 631 633 633 636 637 639 639 641 643 645 645 648 649 651 651 654 655 657 657 660 661 663 663 666 667 669 669 672 673 675 675 678 679 681 681 684 685 687 687 690 691 693 693 696 697 699 699 699 702 704 705 707 707 710 711 713 713 715 718 719 719 721 723 725 725 727 729 731 731 734 735 737 737 740 741 743 743 746 747 749 749 752 753 755 755 758 759 761 761 764 765 767 767 770 771 773 773 776 777 779 779 781 784 785 785 788 789 791 791 793 795 797 797 799 801 803 803 805 807 809 809 812 813 815 815 817 820 821 821 823 826 827 827 829 832 833 833 836 837 839 839 841 844 845 845 848 849 851 851 853 855 857 857 860 861 863 863 865 868 869 869 872 873 875 875 877 880 881 881 884 885 887 887 889 891 893 893 895 897 897 899 901 903 903 906 907 909 909 912 913 915 915 918 919 921 921 924 925 927 927 929 931 933 933 936 937 939 939 941 943 945 945 947 949 951 951 953 955 957 957 959 962 963 963 966 967 969 969 972 973 975 975 978 979 981 981 983 985 985 987 989 991 991 994 995 997 997 1000 1001 1003 1003 1006 1007 1009 1009 1012 1013 1015 1015 1018 1019 1021 1021 1023 1025 1025 1027 1029 1031 1031 1033 1035 1037 1037 1040 1041 1043 1043 1046 1047 1049 1049 1051 1054 1055 1055 1058 1059 1061 1061 1063 1066 1067 1067 1070 1071 1073 1073 1076 1077 1079 1079 1081 1083 1085 1085 1088 1089 1091 1091 1094 1095 1097 1097 1100 1101 1103 1103 1106 1107 1109 1109 1111 1113 1115 1115 1118 1119 1121 1121 1123 1125 1127 1127 1130 1131 1133 1133 1135 1138 1138 1140 1141 1141 1144 1145 1147 1147 1150 1151 1153 1153 1155 1157 1159 1159 1162 1163 1165 1165 1168 1169 1169 1172 1173 1175 1175 1178 1179 1181 1183 1183 1185 1188 1189 1189 1192 1193 1195 1195 1198 1199 1199 1202 1203 1205 1205 1208 1209 1211 1211 1214 1215 1217 1217 1220 1221 1223 1223 1226 1227 1229 1229 1232 1233 1235 1235 1238 1239 1241 1241 1244 1245 1247 1247 1250 1251 1253 1253 1256 1257 1259 1259 1262 1263 1265 1265 1268 1269 1271 1271 1274 1275 1277 1277 1279 1282 1283 1283 1283 1286 1288 1289 1291 1291 1294 1295 1297 1297 1300 1301 1303 1303 1305 1307 1309 1309 1312 1313 1315 1315 1318 1319 1321 1321 1324 1325 1327 1327 1330 1331 1333 1333 1336 1337 1339 1339 1342 1343 1345 1345 1348 1349 1349 1351 1353 1355 1355 1358 1359 1361 1361 1364 1365 1367 1367 1370 1371 1373 1373 1375 1377 1379 1379 1382 1383 1385 1385 1387 1389 1389 1392 1393 1395 1395 1397 1399 1401 1401 1404 1405 1407 1407 1410 1411 1413 1413 1416 1417 1419 1419 1422 1423 1423 1426 1427 1429 1429 1432 1433 1435 1435 1438 1439 1441 1441 1444 1445 1447 1447 1450 1451 1453 1453 1456 1457 1459 1459 1462 1463 1465 1465 1468 1469 1471 1471 1473 1476 1477 1477 1480 1481 1483 1483 1486 1487 1489 1489 1491 1493 1493 1496 1497 1499 1499 1502 1503 1505 1505 1507 1509 1511 1511 1514 1515 1517 1517 1520 1521 1523 1523 1525 1527 1529 1529 1532 1533 1535 1535 1538 1539 1541 1541 1543 1545 1545 1548 1549 1551 1551 1554 1555 1557 1557 1560 1561 1563 1563 1566 1567 1569 1569 1572 1573 1575 1575 1578 1579 1581 1581 1584 1585 1587 1587 1590 1591 1593 1593 1596 1597 1599 1599 1601 1603 1605 1605 1607 1609 1611 1611 1613 1615 1617 1617 1620 1621 1623 1623 1626 1627 1629 1629 1632 1633 1635 1635 1637 1639 1641 1641 1643 1645 1647 1647 1649 1651 1653 1653 1655 1658 1658 1659 1661 1663 1663 1666 1667 1669 1669 1672 1673 1675 1675 1677 1679 1681 1681 1684 1685 1687 1687 1690 1691 1693 1693 1695 1697 1699 1699 1702 1703 1705 1705 1708 1709 1711 1711 1714 1715 1717 1717 1720 1721 1723 1723 1726 1727 1729 1729 1732 1733 1735 1735 1738 1739 1741 1741 1744 1745 1747 1747 1750 1751 1753 1753 1755 1758 1759 1759 1762 1763 1765 1765 1768 1769 1771 1771 1774 1775 1777 1777 1780 1781 1783 1783 1786 1787 1789 1789 1792 1793 1795 1795 1797 1799 1801 1801 1804 1805 1807 1807 1810 1811 1813 1813 1816 1817 1819 1819 1822 1823 1825 1825 1828 1829 1831 1831 1834 1835 1837 1837 1840 1841 1843 1843 1846 1847 1849 1849 1852 1853 1855 1855 1858 1859 1861 1861 1863 1865 1865 1868 1869 1871 1871 1874 1875 1877 1877 1880 1881 1883 1883 1886 1887 1889 1889 1892 1893 1895 1895 1898 1899 1901 1901 1904 1905 1907 1907 1910 1911 1913 1913 1916 1917 1919 1919 1921 1923 1925 1925 1928 1929 1929 1932 1933 1935 1935 1938 1939 1941 1941 1944 1945 1947 1947 1950 1951 1953 1953 1956 1957 1959 1959 1962 1963 1965 1965 1968 1969 1971 1971 1974 1975 1977 1977 1980 1981 1983 1983 1986 1987 1989 1989 1991 1993 1993 1996 1997 1999 1999 2001 2004 2005 2005 2008 2009 2011 2011 2014 2015 2017 2017 2020 2021 2023 2023 2026 2027 2029 2029 2031 2033 2035 2035 2038 2039 2041 2041 2044 2045 2047 2047 2050 2051 2053 2053 2056 2057 2059 2059 2062 2063 2065 2065 2068 2069 2071 2071 2073 2075 2077 2077 2080 2081 2083 2083 2086 2087 2089 2089 2091 2093 2093 2096 2097 2099 2099 2101 2103 2103 2106 2107 2109 2109 2111 2113 2115 2115 2118 2119 2119 2122 2123 2125 2125 2128 2129 2131 2131 2134 2135 2137 2137 2140 2141 2143 2143 2146 2147 2149 2149 2152 2153 2155 2155 2158 2159 2161 2161 2164 2165 2167 2167 2170 2171 2173 2173 2176 2177 2179 2179 2182 2183 2185 2185 2188 2189 2191 2191 2193 2195 2197 2197 2200 2201 2203 2203 2206 2207 2209 2209 2211 2213 2215 2215 2218 2219 2221 2221 2224 2225 2227 2227 2230 2231 2233 2233 2236 2237 2239 2239 2242 2243 2243 2246 2247 2249 2249 2252 2253 2255 2255 2258 2259 2261 2261 2264 2265 2267 2267 2270 2271 2273 2273 2275 2277 2279 2279 2282 2283 2285 2285 2288 2289 2291 2291 2294 2295 2297 2297 2299 2301 2301 2304 2305 2307 2307 2310 2311 2313 2313 2316 2317 2319 2319 2322 2323 2325 2325 2328 2329 2331 2331 2334 2335 2335 2338 2339 2341 2341 2343 2345 2347 2347 2349 2352 2353 2353 2356 2357 2359 2359 2362 2363 2365 2365 2368 2369 2371 2371 2374 2375 2377 2377 2380 2381 2383 2383 2386 2387 2389 2389 2391 2393 2395 2395 2398 2399 2401 2401 2403 2406 2407 2407 2410 2411 2411 2414 2415 2417 2417 2420 2421 2423 2423 2426 2427 2429 2429 2432 2433 2435 2435 2438 2439 2441 2441 2443 2445 2445 2448 2449 2451 2451 2454 2455 2457 2457 2460 2461 2463 2463 2466 2467 2469 2469 2472 2473 2475 2475 2478 2479 2481 2481 2483 2485 2487 2487 2490 2491 2493 2493 2496 2497 2499 2499 2502 2503 2505 2505 2508 2509 2511 2511 2514 2515 2517 2517 2520 2521 2523 2523 2526 2527 2529 2529 2532 2533 2535 2535 2538 2539 2541 2541 2544 2545 2545 2548 2549 2551 2551 2554 2555 2557 2557 2560 2561 2563 2563 2566 2567 2567 2570 2571 2573 2573 2576 2577 2579 2579 2582 2583 2583 2586 2587 2589 2589 2592 2593 2595 2595 2598 2599 2601 2601 2604 2605 2607 2607 2610 2611 2613 2613 2616 2617 2617 2619 2621 2623 2623 2625 2627 2629 2629 2632 2633 2635 2635 2637 2640 2641 2641 2644 2645 2647 2647 2649 2651 2653 2653 2656 2657 2659 2659 2659 2662 2664 2665 2667 2667 2670 2671 2673 2673 2676 2677 2679 2679 2682 2683 2685 2685 2688 2689 2691 2691 2694 2695 2697 2697 2700 2701 2703 2703 2706 2707 2709 2713 65535
0 0 4 6 9 65535
0 0 4 6 9 65535
0 3 5 7 9 9 11 13 15 17 19 22 25 65535
0 4 4 6 7 10 10 12 13 16 16 18 19 22 22 24 25 28 28 30 31 34 34 36 38 40 40 42 43 46 46 48 49 52 52 54 55 58 58 60 61 64 64 66 67 70 70 72 73 76 76 78 79 82 82 84 85 88 88 90 91 94 94 96 97 100 100 102 103 106 106 108 109 112 112 114 115 118 118 120 122 122 124 125 128 128 130 131 134 134 136 137 140 140 142 143 146 146 148 149 152 152 154 155 158 158 160 161 164 164 166 167 170 170 172 173 176 176 178 179 182 182 184 185 188 188 190 191 194 194 196 197 200 200 202 203 206 206 208 209 212 212 214 215 218 218 220 221 224 224 226 227 230 230 232 233 236 236 238 239 242 242 244 245 248 248 250 251 254 254 256 257 260 260 262 263 266 266 268 269 272 272 274 275 278 278 280 281 284 284 286 287 290 290 292 293 296 296 298 299 302 302 304 305 308 308 310 311 311 314 315 318 318 320 321 324 324 326 326 328 330 331 334 334 336 337 340 340 342 344 344 346 347 350 350 352 353 356 356 358 359 362 362 364 365 368 368 370 371 374 374 376 377 380 380 382 383 386 386 388 389 392 392 394 395 398 398 400 401 404 404 406 407 410 410 412 413 416 416 418 419 422 422 424 425 428 428 430 431 434 434 436 437 440 440 442 443 446 446 448 449 452 455 65535

0 4 4 5 8 10 10 11 14 16 16 17 20 22 22 23 26 28 28 29 32 34 34 35 38 40 40 41 44 46 46 47 50 52 52 53 56 58 58 59 62 64 64 65 68 70 70 70 71 74 76 76 77 80 82 82 83 86 88 88 89 92 94 94 95 98 100 100 101 104 106 106 107 110 112 112 113 116 118 118 119 122 124 124 125 128 130 132 132 133 136 138 138 139 142 144 144 145 148 150 150 152 154 156 156 158 160 162 162 163 166 168 168 170 172 174 174 176 178 178 179 182 184 184 185 188 190 190 192 194 196 196 198 200 202 202 204 206 208 208 210 212 214 214 216 218 218 219 222 224 224 226 228 230 230 232 234 236 236 238 240 242 242 244 246 248 248 250 252 252 254 256 258 258 259 262 264 264 265 268 270 270 272 274 276 276 277 280 282 282 283 286 288 288 289 292 294 294 295 298 300 300 301 304 306 306 307 310 312 312 313 316 318 318 319 322 324 324 325 328 330 330 331 334 336 336 337 340 342 342 343 346 348 348 349 352 354 354 355 358 360 360 361 364 366 366 367 370 372 372 373 376 378 378 379 382 384 384 385 388 390 390 391 394 396 396 397 400 402 402 403 406 408 408 409 412 414 414 415 418 420 420 421 424 426 426 427 430 432 432 433 436 438 438 439 442 444 447 65535

0 4 4 5 8 10 10 11 14 16 16 17 20 22 22 23 26 28 28 29 32 34 34 35 38 40 40 41 44 46 46 47 50 52 52 53 56 58 58 59 62 64 64 65 68 70 70 70 71 74 76 76 77 80 82 82 83 86 88 88 89 92 94 94 95 98 100 100 101 104 106 106 107 110 112 112 113 116 118 118 119 122 124 124 125 128 130 132 132 133 136 138 138 139 142 144 144 145 148 150 150 152 154 156 156 158 160 162 162 163 166 168 168 170 172 174 174 176 178 178 179 182 184 184 185 188 190 190 192 194 196 196 198 200 202 202 204 206 208 208 210 212 214 214 216 218 218 219 222 224 224 226 228 230 230 232 234 236 236 238 240 242 242 244 246 248 248 250 252 252 254 256 258 258 259 262 264 264 265 268 270 270 272 274 276 276 277 280 282 282 283 286 288 288 289 292 294 294 295 298 300 300 301 304 306 306 307 310 312 312 313 316 318 318 319 322 324 324 325 328 330 330 331 334 336 336 337 340 342 342 343 346 348 348 349 352 354 354 355 358 360 360 361 364 366 366 367 370 372 372 373 376 378 378 379 382 384 384 385 388 390 390 391 394 396 396 397 400 402 402 403 406 408 408 409 412 414 414 415 418 420 420 421 424 426 426 427 430 432 432 433 436 438 438 439 442 444 447 65535
0 4 4 6 8 10 10 12 14 16 16 18 20 22 22 24 26 28 28 30 32 34 34 36 38 40 40 42 44 46 46 48 50 52 52 54 56 58 58 60 62 64 64 66 68 70 70 72 74 76 76 78 80 82 82 84 86 88 91 65535
0 4 4 6 8 10 10 12 14 16 16 18 20 22 22 24 26 28 28 30 32 34 34 36 38 40 40 42 44 46 46 48 50 52 52 54 56 58 58 60 62 64 64 66 68 70 70 72 74 76 76 78 80 82 82 84 86 88 91 65535
0 3 3 5 8 9 9 11 14 15 15 17 20 21 21 23 26 27 27 29 32 33 33 35 38 39 39 41 44 45 45 47 50 51 51 53 56 57 57 59 62 63 63 65 68 69 69 71 74 75 75 77 80 81 81 83 86 87 87 89 92 93 93 95 98 99 99 101 104 105 105 107 110 111 111 113 116 117 117 119 122 123 123 125 128 129 129 131 134 135 135 137 140 141 141 143 146 147 147 149 152 153 153 155 157 157 159 162 163 163 165 168 169 169 171 174 175 175 177 180 181 181 183 186 187 187 189 192 193 193 195 198 199 199 201 204 205 205 207 210 211 211 213 216 217 217 219 222 223 223 225 228 229 229 231 234 235 235 237 240 241 241 243 246 247 247 249 252 253 253 255 258 259 259 261 264 265 265 267 270 271 271 273 276 277 277 279 282 283 283 285 288 289 289 291 294 295 295 297 300 301 301 303 306 307 307 309 312 313 313 315 318 319 319 321 324 325 325 327 330 331 331 333 336 337 337 339 342 343 343 345 348 349 349 351 354 355 355 357 360 361 361 363 366 367 367 369 372 373 373 375 378 379 379 381 383 383 385 388 389 389 391 394 395 395 397 400 401 401 403 406 407 407 409 412 413 413 415 418 419 419 421 424 425 425 427 430 431 431 433 436 437 437 439 442 443 443 445 448 449 449 451 454 455 455 457 460 461 461 463 466 467 467 469 472 473 473 475 478 479 479 481 484 485 485 487 490 491 491 493 496 497 497 499 501 501 503 506 507 507 509 512 513 513 515 518 519 519 521 524 525 525 527 530 531 531 533 536 537 537 539 542 543 543 545 548 549 549 551 554 555 555 557 560 561 561 563 566 567 567 569 572 573 573 575 578 579 579 581 584 585 585 587 590 591 591 593 596 597 597 599 602 603 603 605 608 609 609 611 614 615 615 617 620 621 621 623 626 627 627 629 632 633 633 635 638 639 639 641 644 645 645 647 650 651 651 653 656 657 657 660 661 661 663 666 667 667 669 672 673 673 675 678 679 679 681 684 685 685 687 690 691 691 693 696 697 697 699 702 703 703 705 708 709 709 711 714 715 715 717 720 721 721 723 726 727 727 729 732 733 733 735 738 739 739 741 744 745 745 747 750 751 751 753 756 757 757 759 762 763 763 765 768 769 769 771 774 775 775 777 780 781 781 783 786 787 787 789 792 793 793 796 797 797 799 802 803 803 805 808 809 809 811 814 815 815 817 820 821 821 823 826 827 827 829 832 833 833 835 838 839 839 841 844 845 845 847 850 851 851 853 856 857 857 859 862 863 863 865 868 869 869 871 874 875 875 877 880 881 881 883 886 887 887 889 892 893 893 895 898 899 899 901 904 905 905 907 910 911 911 913 916 917 917 919 922 923 923 925 928 929 929 931 934 935 935 937 940 941 941 943 946 947 947 949 952 953 953 955 958 959 959 961 964 965 965 967 970 971 971 973 976 977 977 979 982 983 983 985 988 989 989 991 994 995 995 997 1000 1001 1001 1003 1006 1007 1007 1009 1012 1013 1013 1015 1018 1019 1019 1021 1024 1025 1025 1027 1030 1031 1031 1033 1036 1037 1037 1039 1042 1043 1043 1045 1048 1049 1049 1051 1054 1055 1055 1057 1060 1061 1061 1063 1066 1067 1067 1069 1072 1073 1073 1075 1078 1079 1079 1081 1084 1085 1085 1087 1090 1091 1091 1093 1096 1097 1097 1099 1102 1103 1103 1105 1108 1109 1109 1111 1114 1115 1115 1117 1120 1121 1121 1123 1126 1127 1127 1129 1132 1133 1133 1135 1138 1139 1139 1141 1144 1145 1145 1147 1150 1151 1151 1153 1156 1157 1157 1159 1162 1163 1163 1165 1168 1169 1169 1171 1174 1175 1175 1177 1180 1181 1181 1183 1186 1187 1187 1189 1192 1193 1193 1195 1198 1199 1199 1201 1204 1205 1205 1207 1210 1211 1211 1213 1216 1217 1217 1219 1222 1223 1223 1225 1228 1229 1229 1231 1234 1235 1235 1237 1240 1241 1241 1243 1246 1247 1247 1249 1252 1253 1253 1255 1258 1259 1259 1261 1264 1265 1265 1267 1270 1271 1271 1273 1276 1277 1277 1280 1281 1281 1283 1286 1287 1287 1289 1292 1293 1293 1295 1298 1299 1299 1301 1304 1305 1305 1307 1310 1311 1311 1313 1316 1317 1317 1319 1322 1323 1323 1325 1328 1329 1329 1331 1334 1335 1335 1337 1340 1341 1341 1343 1346 1347 1347 1349 1352 1353 1353 1355 1358 1359 1359 1361 1364 1365 1365 1367 1370 1371 1371 1373 1376 1377 1377 1379 1382 1383 1383 1385 1388 1389 1389 1391 1394 1395 1395 1397 1400 1401 1401 1403 1406 1407 1407 1409 1412 1413 1413 1415 1418 1419 1419 1421 1424 1425 1425 1427 1430 1431 1431 1433 1436 1437 1437 1439 1442 1443 1443 1445 1448 1449 1449 1451 1454 1455 1455 1457 1460 1461 1461 1463 1466 1467 1467 1469 1472 1473 1473 1475 1478 1479 1479 1481 1484 1485 1485 1487 1490 1491 1491 1493 1496 1497 1497 1499 1502 1503 1503 1505 1508 1509 1509 1511 1514 1515 1515 1517 1520 1521 1521 1523 1526 1527 1527 1529 1532 1533 1533 1535 1538 1539 1539 1542 1543 1543 1545 1548 1549 1549 1551 1554 1555 1555 1557 1560 1561 1561 1563 1566 1567 1567 1569 1572 1573 1573 1575 1578 1579 1581 1581 1583 1586 1587 1587 1589 1592 1593 1593 1595 1597 1599 1599 1601 1604 1605 1605 1607 1610 1611 1611 1613 1613 1615 1617 1620 1621 1621 1623 1626 1627 1627 1629 1631 1631 1633 1636 1637 1637 1639 1642 1643 1643 1645 1648 1649 1649 1649 1651 1653 1656 1657 1657 1659 1659 1661 1663 1666 1667 1667 1669 1669 1671 1674 1675 1677 1677 1679 1682 1683 1683 1685 1688 1689 1689 1691 1694 1695 1695 1697 1699 1701 1701 1703 1703 1705 1707 1710 1711 1711 1713 1716 1717 1717 1719 1722 1723 1723 1725 1728 1729 1729 1731 1733 1735 1735 1737 1740 1741 1741 1743 1746 1747 1747 1749 1752 1753 1753 1755 1755 1757 1759 1762 1763 1763 1766 1767 1767 1769 1772 1773 1773 1775 1778 1779 1779 1781 1784 1785 1785 1787 1790 1791 1791 1793 1796 1797 1797 1799 1802 1803 1803 1805 1807 1809 1809 1811 1814 1815 1815 1817 1820 1821 1821 1823 1826 1827 1827 1829 1832 1833 1833 1835 1838 1839 1839 1841 1844 1845 1845 1847 1847 1849 1852 1853 1855 1855 1857 1860 1861 1861 1863 1865 1867 1867 1869 1871 1871 1873 1875 1875 1877 1880 1881 1881 1883 1883 1885 1887 1890 1891 1891 1893 1896 1897 1897 1899 1902 1903 1903 1905 1908 1909 1909 1911 1914 1915 1915 1917 1919 1921 1921 1923 1926 1927 1927 1929 1932 1933 1933 1935 1938 1939 1939 1941 1941 1943 1946 1947 1949 1949 1951 1954 1955 1955 1957 1960 1961 1961 1963 1965 1967 1967 1969 1972 1973 1973 1975 1977 1977 1979 1979 1981 1983 1986 1987 1987 1989 1992 1993 1993 1995 1995 1997 2000 2001 2001 2003 2003 2005 2008 2009 2011 2011 2013 2016 2017 2017 2019 2022 2023 2023 2025 2028 2029 2029 2031 2034 2035 2035 2037 2040 2041 2041 2043 2046 2047 2047 2049 2052 2053 2053 2055 2058 2059 2059 2061 2064 2065 2065 2067 2070 2071 2071 2073 2076 2077 2077 2079 2082 2083 2083 2086 2087 2087 2089 2092 2093 2093 2095 2098 2099 2099 2101 2104 2105 2105 2107 2110 2111 2111 2113 2116 2117 2117 2119 2122 2123 2123 2125 2128 2129 2129 2131 2134 2135 2135 2137 2140 2141 2141 2143 2146 2147 2147 2149 2152 2153 2153 2155 2158 2159 2159 2159 2161 2163 2165 2168 2169 2169 2171 2174 2175 2175 2177 2180 2181 2181 2183 2183 2185 2188 2189 2191 2191 2193 2196 2197 2197 2199 2202 2203 2203 2205 2208 2209 2209 2211 2214 2215 2215 2217 2217 2219 2222 2223 2225 2225 2227 2230 2231 2231 2233 2235 2237 2237 2239 2239 2241 2244 2245 2247 2247 2247 2249 2251 2253 2256 2257 2257 2259 2259 2261 2264 2265 2265 2267 2270 2271 2271 2273 2276 2277 2277 2279 2282 2283 2283 2285 2288 2289 2289 2291 2294 2295 2295 2297 2300 2301 2301 2303 2306 2307 2307 2309 2311 2313 2313 2315 2318 2319 2319 2321 2324 2325 2325 2327 2330 2331 2333 2333 2335 2338 2339 2339 2341 2344 2345 2345 2347 2350 2351 2351 2353 2356 2357 2357 2359 2362 2363 2363 2365 2368 2369 2369 2371 2374 2375 2375 2377 2380 2381 2381 2383 2386 2387 2387 2389 2392 2393 2393 2395 2398 2399 2399 2401 2404 2405 2405 2407 2410 2411 2411 2413 2416 2417 2417 2419 2422 2423 2423 2425 2428 2429 2429 2431 2433 2433 2435 2438 2439 2439 2441 2444 2445 2445 2447 2450 2451 2451 2453 2456 2457 2457 2459 2462 2463 2463 2465 2468 2469 2469 2471 2474 2475 2475 2477 2480 2481 2481 2483 2486 2487 2487 2490 2491 2491 2493 2496 2497 2497 2499 2502 2503 2503 2505 2508 2509 2509 2511 2514 2515 2515 2517 2520 2521 2521 2523 2526 2527 2527 2529 2532 2533 2533 2535 2538 2539 2539 2541 2544 2545 2545 2547 2550 2551 2551 2553 2556 2557 2557 2559 2562 2563 2563 2565 2568 2569 2569 2571 2574 2575 2575 2577 2580 2581 2581 2583 2586 2587 2587 2589 2592 2593 2593 2595 2598 2599 2599 2601 2604 2605 2605 2607 2610 2611 2611 2613 2615 2615 2617 2620 2621 2621 2623 2626 2627 2627 2629 2632 2633 2633 2635 2638 2639 2639 2641 2644 2645 2647 2647 2649 2652 2653 2655 2655 2657 2660 2661 2661 2663 2666 2667 2667 2669 2672 2673 2673 2675 2678 2679 2679 2681 2684 2685 2685 2687 2690 2691 2691 2693 2696 2697 2697 2699 2702 2703 2703 2705 2708 2709 2709 2711 2714 2715 2715 2717 2720 2721 2721 2723 2726 2727 2727 2729 2732 2733 2733 2735 2738 2739 2739 2741 2744 2745 2745 2747 2750 2751 2751 2753 2756 2757 2757 2759 2762 2763 2763 2765 2768 2769 2769 2771 2774 2775 2775 2777 2780 2781 2781 2783 2786 2787 2787 2789 2792 2793 2793 2795 2798 2799 2799 2801 2804 2805 2805 2807 2810 2811 2811 2813 2816 2817 2817 2819 2822 2823 2823 2825 2828 2829 2829 2831 2834 2835 2835 2837 2840 2841 2841 2843 2846 2847 2847 2849 2852 2853 2853 2855 2858 2859 2859 2861 2864 2865 2865 2867 2870 2871 2871 2873 2876 2877 2877 2879 2882 2883 2883 2885 2888 2889 2889 2891 2894 2895 2895 2897 2900 2901 2901 2903 2906 2907 2907 2909 2912 2913 2913 2915 2918 2919 2919 2921 2924 2925 2925 2927 2930 2931 2931 2933 2936 2937 2937 2939 2942 2943 2943 2945 2948 2949 2949 2951 2954 2955 2955 2957 2960 2961 2961 2963 2966 2967 2967 2969 2972 2973 2973 2976 2977 2977 2979 2982 2983 2983 2985 2988 2989 2989 2991 2994 2995 2995 2997 3000 3001 3001 3003 3006 3007 3007 3009 3012 3013 3013 3015 3018 3019 3019 3021 3024 3025 3025 3027 3030 3031 3031 3033 3036 3037 3037 3039 3042 3043 3043 3045 3048 3049 3049 3051 3054 3055 3055 3057 3060 3061 3061 3063 3066 3067 3067 3069 3072 3073 3073 3075 3078 3079 3079 3081 3084 3085 3085 3087 3090 3091 3091 3093 3096 3097 3097 3099 3102 3103 3103 3105 3108 3109 3109 3111 3114 3115 3115 3117 3120 3121 3121 3123 3126 3127 3127 3129 3132 3133 3135 3135 3137 3139 3141 3143 3145 3148 3148 3150 3152 3152 3154 3155 3158 3158 3160 3161 3164 3164 3166 3167 3170 3170 3172 3173 3176 3176 3178 3179 3182 3182 3184 3186 3188 3188 3190 3191 3194 3194 3196 3197 3200 3200 3202 3203 3206 3206 3208 3209 3212 3212 3214 3215 3218 3218 3220 3221 3224 3224 3226 3227 3230 3230 3232 3233 3236 3236 3238 3239 3242 3242 3244 3245 3248 3248 3250 3251 3254 3254 3256 3257 3260 3260 3262 3263 3266 3266 3268 3270 3270 3272 3273 3276 3276 3278 3279 3282 3282 3284 3285 3288 3288 3290 3291 3294 3294 3296 3297 3300 3300 3302 3303 3306 3306 3308 3309 3312 3312 3314 3315 3318 3318 3320 3321 3324 3324 3326 3327 3330 3330 3332 3333 3336 3336 3338 3339 3342 3342 3344 3345 3348 3348 3350 3351 3354 3354 3356 3357 3360 3360 3362 3363 3366 3366 3368 3369 3372 3372 3374 3375 3378 3378 3380 3381 3384 3384 3386 3387 3390 3390 3392 3393 3396 3396 3398 3399 3402 3402 3404 3405 3408 3408 3410 3411 3414 3414 3416 3417 3420 3420 3422 3423 3426 3426 3428 3429 3432 3432 3434 3435 3438 3438 3440 3441 3444 3444 3446 3447 3450 3450 3452 3453 3456 3456 3458 3459 3459 3462 3463 3466 3466 3468 3469 3472 3472 3474 3474 3476 3478 3479 3482 3482 3484 3485 3488 3488 3490 3492 3492 3494 3495 3498 3498 3500 3501 3504 3504 3506 3507 3510 3510 3512 3513 3516 3516 3518 3519 3522 3522 3524 3525 3528 3528 3530 3531 3534 3534 3536 3537 3540 3540 3542 3543 3546 3546 3548 3549 3552 3552 3554 3555 3558 3558 3560 3561 3564 3564 3566 3567 3570 3570 3572 3573 3576 3576 3578 3579 3582 3582 3584 3585 3588 3588 3590 3591 3594 3594 3596 3597 3600 3603 65535
0 4 4 5 8 10 10 11 14 16 16 17 20 22 22 23 26 28 28 29 32 34 34 35 38 40 40 41 44 46 46 47 50 52 52 53 56 58 58 59 62 64 64 65 68 70 70 70 71 74 76 76 77 80 82 82 83 86 88 88 89 92 94 94 95 98 100 100 101 104 106 106 107 110 112 112 113 116 118 118 119 122 124 124 125 128 130 132 132 133 136 138 138 139 142 144 144 145 148 150 150 152 154 156 156 158 160 162 162 163 166 168 168 170 172 174 174 176 178 178 179 182 184 184 185 188 190 190 192 194 196 196 198 200 202 202 204 206 208 208 210 212 214 214 216 218 218 219 222 224 224 226 228 230 230 232 234 236 236 238 240 242 242 244 246 248 248 250 252 252 254 256 258 258 259 262 264 264 265 268 270 270 272 274 276 276 277 280 282 282 283 286 288 288 289 292 294 294 295 298 300 300 301 304 306 306 307 310 312 312 313 316 318 318 319 322 324 324 325 328 330 330 331 334 336 336 337 340 342 342 343 346 348 348 349 352 354 354 355 358 360 360 361 364 366 366 367 370 372 372 373 376 378 378 379 382 384 384 385 388 390 390 391 394 396 396 397 400 402 402 403 406 408 408 409 412 414 414 415 418 420 420 421 424 426 426 427 430 432 432 433 436 438 438 439 442 444 447 65535
0 4 4 6 8 10 10 12 14 16 16 18 20 22 22 24 26 28 28 30 32 34 34 36 38 40 40 42 44 46 46 48 50 52 52 54 56 58 58 60 62 64 64 66 68 70 70 72 74 76 76 78 80 82 82 84 86 88 91 65535
0 4 4 5 8 10 10 11 14 16 16 17 20 22 22 23 26 28 28 29 32 34 34 35 38 40 40 41 44 46 46 47 50 52 52 53 56 58 58 59 62 64 64 65 68 70 70 70 71 74 76 76 77 80 82 82 83 86 88 88 89 92 94 94 95 98 100 100 101 104 106 106 107 110 112 112 113 116 118 118 119 122 124 124 125 128 130 132 132 133 136 138 138 139 142 144 144 145 148 150 150 152 154 156 156 158 160 162 162 163 166 168 168 170 172 174 174 176 178 178 179 182 184 184 185 188 190 190 192 194 196 196 198 200 202 202 204 206 208 208 210 212 214 214 216 218 218 219 222 224 224 226 228 230 230 232 234 236 236 238 240 242 242 244 246 248 248 250 252 252 254 256 258 258 259 262 264 264 265 268 270 270 272 274 276 276 277 280 282 282 283 286 288 288 289 292 294 294 295 298 300 300 301 304 306 306 307 310 312 312 313 316 318 318 319 322 324 324 325 328 330 330 331 334 336 336 337 340 342 342 343 346 348 348 349 352 354 354 355 358 360 360 361 364 366 366 367 370 372 372 373 376 378 378 379 382 384 384 385 388 390 390 391 394 396 396 397 400 402 402 403 406 408 408 409 412 414 414 415 418 420 420 421 424 426 426 427 430 432 432 433 436 438 438 439 442 444 447 65535
0 4 4 6 8 10 10 12 14 16 16 18 20 22 22 24 26 28 28 30 32 34 34 36 38 40 40 42 44 46 46 48 50 52 52 54 56 58 58 60 62 64 64 66 68 70 70 72 74 76 76 78 80 82 82 84 86 88 91 65535

0 3 3 5 7 9 9 11 13 15 15 17 19 21 21 23 25 27 27 29 31 33 33 35 37 39 39 41 43 45 45 47 49 51 51 53 55 57 57 59 61 63 63 65 67 69 69 71 73 75 75 77 79 81 81 83 85 87 87 89 91 91 93 95 97 97 99 101 103 103 105 107 109 109 111 113 115 115 117 117 119 121 123 125 125 127 129 131 131 133 135 137 137 139 141 143 143 145 147 149 149 151 153 155 155 157 159 161 161 163 165 167 167 169 171 173 173 175 177 179 179 181 183 185 185 187 189 191 191 193 195 197 197 199 201 203 203 205 205 207 209 211 213 213 215 217 219 219 221 223 225 225 227 229 231 231 233 235 237 237 239 241 243 243 245 245 247 249 251 253 253 255 257 259 259 261 263 263 265 267 269 269 271 273 275 275 277 277 279 281 283 285 285 287 289 291 291 293 295 297 297 299 301 303 303 305 307 309 309 311 313 315 315 317 319 319 321 323 325 325 327 329 329 331 333 335 335 337 339 341 341 343 345 347 347 349 351 353 353 355 357 359 359 361 363 365 365 367 369 371 371 373 375 377 377 379 381 383 383 385 387 389 389 391 393 395 395 397 399 401 401 403 405 407 407 409 411 413 413 415 417 419 419 421 423 425 425 427 429 431 431 433 435 437 437 439 441 443 443 445 447 449 449 451 453 455 455 457 459 461 461 463 465 465 467 469 471 471 473 475 477 477 479 481 481 483 485 487 487 489 491 493 493 495 497 499 499 501 503 505 505 507 509 511 511 513 515 517 517 519 521 523 523 525 527 529 529 531 533 535 535 537 539 541 541 543 545 547 547 549 551 553 553 555 557 559 559 561 563 565 565 567 569 571 571 573 575 577 577 579 581 583 583 585 587 589 593 65535
0 3 3 5 7 9 9 11 13 15 15 17 19 21 21 23 25 25 27 29 31 31 33 35 37 37 39 41 43 43 45 47 47 49 51 53 53 55 57 57 59 61 63 63 65 67 69 69 71 73 75 75 77 79 81 81 83 85 87 87 89 91 93 93 95 97 99 99 101 103 105 105 107 109 111 111 113 115 117 117 119 121 123 123 125 127 129 129 131 133 135 135 137 139 141 141 143 145 147 147 149 151 153 153 155 157 159 159 161 163 165 165 167 169 171 171 173 175 177 177 179 181 183 183 185 187 189 189 191 193 193 195 197 199 199 201 203 205 205 207 209 211 211 213 215 217 217 219 221 223 223 225 227 229 229 231 233 235 235 237 239 241 241 243 245 247 247 249 251 253 253 255 257 259 259 261 263 265 265 267 269 271 271 273 275 277 277 279 281 283 283 285 287 289 289 291 291 293 295 297 299 299 301 303 305 305 307 309 311 311 313 315 317 317 319 321 323 323 325 327 329 329 331 333 335 335 337 339 341 341 343 345 347 347 349 351 353 353 355 357 359 359 361 363 365 365 367 369 371 371 373 375 377 377 379 381 383 383 385 387 389 389 391 393 395 395 397 399 401 401 403 405 407 407 409 411 413 413 415 417 419 419 421 423 425 425 427 429 431 433 433 435 437 439 439 441 443 445 445 447 449 451 451 453 455 457 457 459 461 463 463 465 467 469 469 471 473 475 475 477 479 481 481 483 483 485 487 489 491 491 493 495 497 497 499 501 503 503 505 507 509 509 511 513 515 515 517 519 521 521 523 525 527 527 529 531 533 533 535 537 539 539 541 543 545 545 547 549 551 551 553 555 557 559 559 561 563 565 565 567 569 571 571 573 575 577 577 579 581 583 583 585 587 589 589 591 593 595 595 597 599 601 601 603 605 607 607 609 611 613 613 615 617 619 619 621 623 625 625 627 629 631 631 633 635 637 637 639 641 643 643 645 647 649 649 651 654 655 655 657 659 661 661 663 665 667 669 671 674 676 676 678 679 682 682 684 685 688 688 690 691 694 694 696 697 700 700 702 703 706 706 708 710 712 712 714 715 718 718 720 721 724 724 726 727 730 730 732 733 736 736 738 739 742 742 744 745 748 748 750 751 754 754 756 757 760 760 762 763 766 766 768 769 772 772 774 775 778 778 780 781 784 784 786 787 790 790 792 794 794 796 797 800 800 802 803 806 806 808 809 812 812 814 815 818 818 820 821 824 824 826 827 830 830 832 833 836 836 838 839 842 842 844 845 848 848 850 851 854 854 856 857 860 860 862 863 866 866 868 869 872 872 874 875 878 878 880 881 884 884 886 887 890 890 892 893 896 896 898 899 902 902 904 905 908 908 910 911 914 914 916 917 920 920 922 923 926 926 928 929 932 932 934 935 938 938 940 941 944 944 946 947 950 950 952 953 956 956 958 959 962 962 964 965 968 968 970 971 974 974 976 977 980 980 982 983 983 986 987 990 990 992 993 996 996 998 998 1000 1002 1003 1006 1006 1008 1009 1012 1012 1014 1016 1016 1018 1019 1022 1022 1024 1025 1028 1028 1030 1031 1034 1034 1036 1037 1040 1040 1042 1043 1046 1046 1048 1049 1052 1052 1054 1055 1058 1058 1060 1061 1064 1064 1066 1067 1070 1070 1072 1073 1076 1076 1078 1079 1082 1082 1084 1085 1088 1088 1090 1091 1094 1094 1096 1097 1100 1100 1102 1103 1106 1106 1108 1109 1112 1112 1114 1115 1118 1118 1120 1121 1124 1127 65535
0 3 3 5 7 9 9 11 13 15 15 17 19 21 21 23 25 27 27 29 31 33 33 35 37 39 39 41 43 45 45 47 49 51 51 53 55 57 57 59 61 63 63 65 67 69 69 71 73 75 75 77 79 81 81 83 85 87 87 89 91 91 93 95 97 97 99 101 103 103 105 107 109 109 111 113 115 115 117 117 119 121 123 125 125 127 129 131 131 133 135 137 137 139 141 143 143 145 147 149 149 151 153 155 155 157 159 161 161 163 165 167 167 169 171 173 173 175 177 179 179 181 183 185 185 187 189 191 191 193 195 197 197 199 201 203 203 205 205 207 209 211 213 213 215 217 219 219 221 223 225 225 227 229 231 231 233 235 237 237 239 241 243 243 245 245 247 249 251 253 253 255 257 259 259 261 263 263 265 267 269 269 271 273 275 275 277 277 279 281 283 285 285 287 289 291 291 293 295 297 297 299 301 303 303 305 307 309 309 311 313 315 315 317 319 319 321 323 325 325 327 329 329 331 333 335 335 337 339 341 341 343 345 347 347 349 351 353 353 355 357 359 359 361 363 365 365 367 369 371 371 373 375 377 377 379 381 383 383 385 387 389 389 391 393 395 395 397 399 401 401 403 405 407 407 409 411 413 413 415 417 419 419 421 423 425 425 427 429 431 431 433 435 437 437 439 441 443 443 445 447 449 449 451 453 455 455 457 459 461 461 463 465 465 467 469 471 471 473 475 477 477 479 481 481 483 485 487 487 489 491 493 493 495 497 499 499 501 503 505 505 507 509 511 511 513 515 517 517 519 521 523 523 525 527 529 529 531 533 535 535 537 539 541 541 543 545 547 547 549 551 553 553 555 557 559 559 561 563 565 565 567 569 571 571 573 575 577 577 579 581 583 583 585 587 589 593 65535
0 3 3 5 7 9 9 11 13 15 15 17 19 21 21 23 25 27 27 29 31 33 33 35 37 39 39 41 43 45 45 47 49 51 51 53 55 57 57 59 61 63 63 65 67 69 69 71 73 75 75 77 79 81 81 83 85 87 87 89 91 91 93 95 97 97 99 101 103 103 105 107 109 109 111 113 115 115 117 117 119 121 123 125 125 127 129 131 131 133 135 137 137 139 141 143 143 145 147 149 149 151 153 155 155 157 159 161 161 163 165 167 167 169 171 173 173 175 177 179 179 181 183 185 185 187 189 191 191 193 195 197 197 199 201 203 203 205 205 207 209 211 213 213 215 217 219 219 221 223 225 225 227 229 231 231 233 235 237 237 239 241 243 243 245 245 247 249 251 253 253 255 257 259 259 261 263 263 265 267 269 269 271 273 275 275 277 277 279 281 283 285 285 287 289 291 291 293 295 297 297 299 301 303 303 305 307 309 309 311 313 315 315 317 319 319 321 323 325 325 327 329 329 331 333 335 335 337 339 341 341 343 345 347 347 349 351 353 353 355 357 359 359 361 363 365 365 367 369 371 371 373 375 377 377 379 381 383 383 385 387 389 389 391 393 395 395 397 399 401 401 403 405 407 407 409 411 413 413 415 417 419 419 421 423 425 425 427 429 431 431 433 435 437 437 439 441 443 443 445 447 449 449 451 453 455 455 457 459 461 461 463 465 465 467 469 471 471 473 475 477 477 479 481 481 483 485 487 487 489 491 493 493 495 497 499 499 501 503 505 505 507 509 511 511 513 515 517 517 519 521 523 523 525 527 529 529 531 533 535 535 537 539 541 541 543 545 547 547 549 551 553 553 555 557 559 559 561 563 565 565 567 569 571 571 573 575 577 577 579 581 583 583 585 587 589 593 65535
0 3 3 5 7 9 9 11 13 15 15 17 19 21 21 23 25 25 27 29 31 31 33 35 37 37 39 41 43 43 45 47 47 49 51 53 53 55 57 57 59 61 63 63 65 67 69 69 71 73 75 75 77 79 81 81 83 85 87 87 89 91 93 93 95 97 99 99 101 103 105 105 107 109 111 111 113 115 117 117 119 121 123 123 125 127 129 129 131 133 135 135 137 139 141 141 143 145 147 147 149 151 153 153 155 157 159 159 161 163 165 165 167 169 171 171 173 175 177 177 179 181 183 183 185 187 189 189 191 193 193 195 197 199 199 201 203 205 205 207 209 211 211 213 215 217 217 219 221 223 223 225 227 229 229 231 233 235 235 237 239 241 241 243 245 247 247 249 251 253 253 255 257 259 259 261 263 265 265 267 269 271 271 273 275 277 277 279 281 283 283 285 287 289 289 291 291 293 295 297 299 299 301 303 305 305 307 309 311 311 313 315 317 317 319 321 323 323 325 327 329 329 331 333 335 335 337 339 341 341 343 345 347 347 349 351 353 353 355 357 359 359 361 363 365 365 367 369 371 371 373 375 377 377 379 381 383 383 385 387 389 389 391 393 395 395 397 399 401 401 403 405 407 407 409 411 413 413 415 417 419 419 421 423 425 425 427 429 431 431 433 433 435 437 439 439 441 443 445 445 447 449 451 451 453 455 457 457 459 461 463 463 465 467 469 469 471 473 475 475 477 479 481 481 483 485 487 487 489 491 493 495 495 497 499 501 501 503 505 507 507 509 511 513 513 515 517 519 519 521 523 525 525 527 529 531 531 533 535 537 537 539 541 543 543 545 545 547 549 551 553 553 555 557 559 559 561 563 565 565 567 569 571 571 573 575 577 577 579 581 583 583 585 587 589 589 591 593 595 595 597 599 601 601 603 605 607 607 609 611 613 613 615 617 619 621 621 623 625 627 627 629 631 633 633 635 637 639 639 641 643 645 645 647 649 651 651 653 655 657 657 659 661 663 663 665 667 669 669 671 673 675 675 677 679 681 681 683 685 687 687 689 691 693 693 695 697 699 699 701 703 705 705 707 709 711 711 713 716 717 717 719 721 723 723 725 727 729 731 731 733 735 737 737 739 741 743 743 745 747 749 749 751 753 755 755 757 759 761 761 763 765 767 767 769 771 773 773 775 777 779 779 781 783 785 785 787 789 791 791 793 795 797 797 799 801 803 803 805 807 809 809 811 813 815 815 817 819 821 821 823 825 827 827 829 831 833 833 835 837 839 839 841 843 845 845 847 849 851 851 853 855 857 857 859 861 863 863 865 867 869 869 871 873 873 875 877 879 879 881 883 885 885 887 889 891 891 893 895 897 897 899 901 903 903 905 907 909 909 911 913 915 915 917 919 921 921 923 925 927 927 929 931 933 933 935 937 939 939 941 943 945 945 947 949 951 951 953 955 957 957 959 961 963 963 965 967 969 969 971 973 975 975 977 979 981 981 983 985 987 987 989 991 993 993 995 997 999 999 1001 1003 1005 1005 1007 1009 1011 1011 1013 1015 1017 1017 1019 1021 1023 1023 1025 1027 1029 1029 1031 1033 1035 1035 1037 1039 1041 1041 1043 1045 1047 1047 1049 1051 1053 1053 1055 1057 1059 1059 1061 1063 1065 1065 1067 1069 1071 1071 1073 1075 1077 1077 1079 1081 1083 1083 1085 1087 1089 1089 1091 1093 1095 1095 1097 1099 1101 1101 1103 1105 1107 1107 1109 1111 1113 1113 1115 1117 1119 1119 1121 1123 1125 1125 1127 1129 1131 1131 1133 1135 1137 1137 1139 1141 1143 1143 1145 1147 1149 1149 1151 1153 1155 1155 1157 1159 1161 1161 1163 1165 1167 1167 1169 1171 1173 1173 1175 1177 1179 1179 1181 1183 1185 1185 1187 1189 1191 1191 1193 1195 1197 1197 1199 1201 1203 1203 1205 1207 1209 1209 1211 1213 1215 1215 1217 1219 1221 1221 1223 1225 1227 1227 1229 1231 1233 1233 1235 1237 1239 1239 1241 1243 1245 1247 1249 1251 1253 1253 1255 1257 1259 1259 1261 1263 1265 1265 1267 1269 1271 1271 1273 1275 1277 1277 1279 1281 1283 1283 1285 1287 1289 1289 1291 1293 1295 1297 1297 1299 1301 1303 1303 1305 1307 1309 1309 1311 1313 1315 1315 1317 1319 1321 1321 1323 1325 1327 1327 1329 1331 1333 1335 1337 1339 1341 1343 1345 1345 1347 1349 1351 1353 1355 1357 1359 1361 1363 1363 1365 1367 1369 1369 1371 1373 1375 1375 1377 1379 1381 1383 1385 1385 1387 1389 1389 1391 1393 1395 1397 1399 1401 1403 1403 1405 1407 1409 1409 1411 1413 1415 1415 1417 1419 1421 1421 1423 1425 1427 1427 1429 1431 1433 1435 1435 1437 1439 1441 1441 1443 1445 1447 1447 1449 1451 1453 1453 1455 1457 1459 1459 1461 1463 1465 1465 1467 1469 1471 1473 1475 1477 1479 1479 1481 1483 1485 1485 1487 1489 1491 1491 1493 1495 1497 1501 65535


0 4 4 6 8 10 10 12 14 16 16 18 20 22 22 24 26 28 28 30 32 34 34 36 38 40 40 42 44 46 46 48 50 52 52 54 56 58 58 60 62 64 64 66 68 70 70 72 74 76 76 78 80 82 82 84 86 88 88 90 92 94 94 96 98 100 100 102 104 106 106 108 110 112 112 114 116 118 118 120 122 124 124 126 128 128 130 132 134 134 136 138 140 140 142 144 146 146 148 150 152 152 154 156 158 158 160 162 164 164 166 168 170 170 172 174 176 176 178 180 180 182 184 186 186 188 190 192 192 194 196 198 198 200 202 204 204 206 208 210 210 212 214 216 216 218 220 222 222 224 226 228 228 230 232 234 234 236 238 240 240 242 244 246 246 248 250 252 252 254 256 258 258 260 262 264 264 266 268 270 270 272 274 276 276 278 280 282 282 284 286 288 288 290 292 294 294 296 298 300 300 302 304 306 306 308 310 312 312 314 316 318 318 320 322 324 324 326 328 330 330 332 334 336 336 338 340 342 342 344 346 348 348 350 352 352 354 356 358 358 360 362 364 364 366 368 370 370 372 374 376 376 378 380 382 382 384 386 388 388 390 392 394 394 396 398 400 400 402 404 406 406 408 410 412 412 414 416 418 418 420 422 424 424 426 428 430 430 432 434 436 436 438 440 442 442 444 446 448 448 450 452 454 454 456 458 460 460 462 464 466 468 468 470 472 474 476 478 478 480 482 484 484 486 488 490 490 492 494 496 496 498 500 502 504 506 506 508 510 512 512 514 516 518 518 520 522 524 526 528 530 532 532 534 536 538 538 540 542 544 546 548 548 550 552 554 556 558 560 562 564 566 566 568 570 572 572 574 576 578 578 580 582 584 586 588 588 590 592 594 596 598 598 600 602 604 604 606 608 610 612 614 614 616 618 620 620 622 624 626 626 628 630 632 632 634 636 638 638 640 642 644 646 648 648 650 652 654 656 656 658 660 662 662 664 666 668 668 670 672 674 674 676 678 680 680 682 684 686 686 688 690 692 694 696 698 700 700 702 704 706 706 708 710 712 714 714 716 718 718 720 722 724 724 726 728 730 732 732 734 736 738 740 742 744 746 748 750 750 752 754 756 758 760 760 762 764 766 768 770 772 774 776 778 780 782 782 784 786 788 788 790 792 794 796 798 798 800 802 804 806 808 810 812 812 814 816 818 820 822 822 824 826 828 830 832 834 836 838 840 842 844 846 848 850 852 854 856 856 858 860 862 864 866 868 871 65535
0 3 3 5 8 9 9 11 14 15 15 17 20 21 21 23 26 27 27 29 32 33 33 35 38 39 39 41 44 45 45 47 50 51 51 53 56 57 57 59 62 63 63 65 68 69 69 71 74 75 75 77 80 81 81 83 86 87 87 89 92 93 93 95 98 99 99 101 104 105 105 107 110 111 111 113 116 117 117 119 122 123 123 125 128 129 129 131 134 135 135 137 140 141 141 143 146 147 147 149 152 153 153 155 157 157 159 162 163 163 165 168 169 169 171 174 175 175 177 180 181 181 183 186 187 187 189 192 193 193 195 198 199 199 201 204 205 205 207 210 211 211 213 216 217 217 219 222 223 223 225 228 229 229 231 234 235 235 237 240 241 241 243 246 247 247 249 252 253 253 255 258 259 259 261 264 265 265 267 270 271 271 273 276 277 277 279 282 283 283 285 288 289 289 291 294 295 295 297 300 301 301 303 306 307 307 309 312 313 313 315 318 319 319 321 324 325 325 327 330 331 331 333 336 337 337 339 342 343 343 345 348 349 349 351 354 355 355 357 360 361 361 363 366 367 367 369 372 373 373 375 378 379 379 381 383 383 385 388 389 389 391 394 395 395 397 400 401 401 403 406 407 407 409 412 413 413 415 418 419 419 421 424 425 425 427 430 431 431 433 436 437 437 439 442 443 443 445 448 449 449 451 454 455 455 457 460 461 461 463 466 467 467 469 472 473 473 475 478 479 479 481 484 485 485 487 490 491 491 493 496 497 497 499 501 501 503 506 507 507 509 512 513 513 515 518 519 519 521 524 525 525 527 530 531 531 533 536 537 537 539 542 543 543 545 548 549 549 551 554 555 555 557 560 561 561 563 566 567 567 569 572 573 573 575 578 579 579 581 584 585 585 587 590 591 591 593 596 597 597 599 602 603 603 605 608 609 609 611 614 615 615 617 620 621 621 623 626 627 627 629 632 633 633 635 638 639 639 641 644 645 645 647 650 651 651 653 656 657 657 660 661 661 663 666 667 667 669 672 673 673 675 678 679 679 681 684 685 685 687 690 691 691 693 696 697 697 699 702 703 703 705 708 709 709 711 714 715 715 717 720 721 721 723 726 727 727 729 732 733 733 735 738 739 739 741 744 745 745 747 750 751 751 753 756 757 757 759 762 763 763 765 768 769 769 771 774 775 775 777 780 781 781 783 786 787 787 789 792 793 793 796 797 797 799 802 803 803 805 808 809 809 811 814 815 815 817 820 821 821 823 826 827 827 829 832 833 833 835 838 839 839 841 844 845 845 847 850 851 851 853 856 857 857 859 862 863 863 865 868 869 869 871 874 875 875 877 880 881 881 883 886 887 887 889 892 893 893 895 898 899 899 901 904 905 905 907 910 911 911 913 916 917 917 919 922 923 923 925 928 929 929 931 934 935 935 937 940 941 941 943 946 947 947 949 952 953 953 955 958 959 959 961 964 965 965 967 970 971 971 973 976 977 977 979 982 983 983 985 988 989 989 991 994 995 995 997 1000 1001 1001 1003 1006 1007 1007 1009 1012 1013 1013 1015 1018 1019 1019 1021 1024 1025 1025 1027 1030 1031 1031 1033 1036 1037 1037 1039 1042 1043 1043 1045 1048 1049 1049 1051 1054 1055 1055 1057 1060 1061 1061 1063 1066 1067 1067 1069 1072 1073 1073 1075 1078 1079 1079 1081 1084 1085 1085 1087 1090 1091 1091 1093 1096 1097 1097 1099 1102 1103 1103 1105 1108 1109 1109 1111 1114 1115 1115 1117 1120 1121 1121 1123 1126 1127 1127 1129 1132 1133 1133 1135 1138 1139 1139 1141 1144 1145 1145 1147 1150 1151 1151 1153 1156 1157 1157 1159 1162 1163 1163 1165 1168 1169 1169 1171 1174 1175 1175 1177 1180 1181 1181 1183 1186 1187 1187 1189 1192 1193 1193 1195 1198 1199 1199 1201 1204 1205 1205 1207 1210 1211 1211 1213 1216 1217 1217 1219 1222 1223 1223 1225 1228 1229 1229 1231 1234 1235 1235 1237 1240 1241 1241 1243 1246 1247 1247 1249 1252 1253 1253 1255 1258 1259 1259 1261 1264 1265 1265 1267 1270 1271 1271 1273 1276 1277 1277 1280 1281 1281 1283 1286 1287 1287 1289 1292 1293 1293 1295 1298 1299 1299 1301 1304 1305 1305 1307 1310 1311 1311 1313 1316 1317 1317 1319 1322 1323 1323 1325 1328 1329 1329 1331 1334 1335 1335 1337 1340 1341 1341 1343 1346 1347 1347 1349 1352 1353 1353 1355 1358 1359 1359 1361 1364 1365 1365 1367 1370 1371 1371 1373 1376 1377 1377 1379 1382 1383 1383 1385 1388 1389 1389 1391 1394 1395 1395 1397 1400 1401 1401 1403 1406 1407 1407 1409 1412 1413 1413 1415 1418 1419 1419 1421 1424 1425 1425 1427 1430 1431 1431 1433 1436 1437 1437 1439 1442 1443 1443 1445 1448 1449 1449 1451 1454 1455 1455 1457 1460 1461 1461 1463 1466 1467 1467 1469 1472 1473 1473 1475 1478 1479 1479 1481 1484 1485 1485 1487 1490 1491 1491 1493 1496 1497 1497 1499 1502 1503 1503 1505 1508 1509 1509 1511 1514 1515 1515 1517 1520 1521 1521 1523 1526 1527 1527 1529 1532 1533 1533 1535 1538 1539 1539 1542 1543 1543 1545 1548 1549 1549 1551 1554 1555 1555 1557 1560 1561 1561 1563 1566 1567 1567 1569 1572 1573 1573 1575 1578 1579 1581 1581 1583 1586 1587 1587 1589 1592 1593 1593 1595 1597 1599 1599 1601 1604 1605 1605 1607 1610 1611 1611 1613 1613 1615 1617 1620 1621 1621 1623 1626 1627 1627 1629 1631 1631 1633 1636 1637 1637 1639 1642 1643 1643 1645 1648 1649 1649 1649 1651 1653 1656 1657 1657 1659 1659 1661 1663 1666 1667 1667 1669 1669 1671 1674 1675 1677 1677 1679 1682 1683 1683 1685 1688 1689 1689 1691 1694 1695 1695 1697 1699 1701 1701 1703 1703 1705 1707 1710 1711 1711 1713 1716 1717 1717 1719 1722 1723 1723 1725 1728 1729 1729 1731 1733 1735 1735 1737 1740 1741 1741 1743 1746 1747 1747 1749 1752 1753 1753 1755 1755 1757 1759 1762 1763 1763 1766 1767 1767 1769 1772 1773 1773 1775 1778 1779 1779 1781 1784 1785 1785 1787 1790 1791 1791 1793 1796 1797 1797 1799 1802 1803 1803 1805 1807 1809 1809 1811 1814 1815 1815 1817 1820 1821 1821 1823 1826 1827 1827 1829 1832 1833 1833 1835 1838 1839 1839 1841 1844 1845 1845 1847 1847 1849 1852 1853 1855 1855 1857 1860 1861 1861 1863 1865 1867 1867 1869 1871 1871 1873 1875 1875 1877 1880 1881 1881 1883 1883 1885 1887 1890 1891 1891 1893 1896 1897 1897 1899 1902 1903 1903 1905 1908 1909 1909 1911 1914 1915 1915 1917 1919 1921 1921 1923 1926 1927 1927 1929 1932 1933 1933 1935 1938 1939 1939 1941 1941 1943 1946 1947 1949 1949 1951 1954 1955 1955 1957 1960 1961 1961 1963 1965 1967 1967 1969 1972 1973 1973 1975 1977 1977 1979 1979 1981 1983 1986 1987 1987 1989 1992 1993 1993 1995 1995 1997 2000 2001 2001 2003 2003 2005 2008 2009 2011 2011 2013 2016 2017 2017 2019 2022 2023 2023 2025 2028 2029 2029 2031 2034 2035 2035 2037 2040 2041 2041 2043 2046 2047 2047 2049 2052 2053 2053 2055 2058 2059 2059 2061 2064 2065 2065 2067 2070 2071 2071 2073 2076 2077 2077 2079 2082 2083 2083 2086 2087 2087 2089 2092 2093 2093 2095 2098 2099 2099 2101 2104 2105 2105 2107 2110 2111 2111 2113 2116 2117 2117 2119 2122 2123 2123 2125 2128 2129 2129 2131 2134 2135 2135 2137 2140 2141 2141 2143 2146 2147 2147 2149 2152 2153 2153 2155 2158 2159 2159 2159 2161 2163 2165 2168 2169 2169 2171 2174 2175 2175 2177 2180 2181 2181 2183 2183 2185 2188 2189 2191 2191 2193 2196 2197 2197 2199 2202 2203 2203 2205 2208 2209 2209 2211 2214 2215 2215 2217 2217 2219 2222 2223 2225 2225 2227 2230 2231 2231 2233 2235 2237 2237 2239 2239 2241 2244 2245 2247 2247 2247 2249 2251 2253 2256 2257 2257 2259 2259 2261 2264 2265 2265 2267 2270 2271 2271 2273 2276 2277 2277 2279 2282 2283 2283 2285 2288 2289 2289 2291 2294 2295 2295 2297 2300 2301 2301 2303 2306 2307 2307 2309 2311 2313 2313 2315 2318 2319 2319 2321 2324 2325 2325 2327 2330 2331 2333 2333 2335 2338 2339 2339 2341 2344 2345 2345 2347 2350 2351 2351 2353 2356 2357 2357 2359 2362 2363 2363 2365 2368 2369 2369 2371 2374 2375 2375 2377 2380 2381 2381 2383 2386 2387 2387 2389 2392 2393 2393 2395 2398 2399 2399 2401 2404 2405 2405 2407 2410 2411 2411 2413 2416 2417 2417 2419 2422 2423 2423 2425 2428 2429 2429 2431 2433 2433 2435 2438 2439 2439 2441 2444 2445 2445 2447 2450 2451 2451 2453 2456 2457 2457 2459 2462 2463 2463 2465 2468 2469 2469 2471 2474 2475 2475 2477 2480 2481 2481 2483 2486 2487 2487 2490 2491 2491 2493 2496 2497 2497 2499 2502 2503 2503 2505 2508 2509 2509 2511 2514 2515 2515 2517 2520 2521 2521 2523 2526 2527 2527 2529 2532 2533 2533 2535 2538 2539 2539 2541 2544 2545 2545 2547 2550 2551 2551 2553 2556 2557 2557 2559 2562 2563 2563 2565 2568 2569 2569 2571 2574 2575 2575 2577 2580 2581 2581 2583 2586 2587 2587 2589 2592 2593 2593 2595 2598 2599 2599 2601 2604 2605 2605 2607 2610 2611 2611 2613 2615 2615 2617 2620 2621 2621 2623 2626 2627 2627 2629 2632 2633 2633 2635 2638 2639 2639 2641 2644 2645 2647 2647 2649 2652 2653 2655 2655 2657 2660 2661 2661 2663 2666 2667 2667 2669 2672 2673 2673 2675 2678 2679 2679 2681 2684 2685 2685 2687 2690 2691 2691 2693 2696 2697 2697 2699 2702 2703 2703 2705 2708 2709 2709 2711 2714 2715 2715 2717 2720 2721 2721 2723 2726 2727 2727 2729 2732 2733 2733 2735 2738 2739 2739 2741 2744 2745 2745 2747 2750 2751 2751 2753 2756 2757 2757 2759 2762 2763 2763 2765 2768 2769 2769 2771 2774 2775 2775 2777 2780 2781 2781 2783 2786 2787 2787 2789 2792 2793 2793 2795 2798 2799 2799 2801 2804 2805 2805 2807 2810 2811 2811 2813 2816 2817 2817 2819 2822 2823 2823 2825 2828 2829 2829 2831 2834 2835 2835 2837 2840 2841 2841 2843 2846 2847 2847 2849 2852 2853 2853 2855 2858 2859 2859 2861 2864 2865 2865 2867 2870 2871 2871 2873 2876 2877 2877 2879 2882 2883 2883 2885 2888 2889 2889 2891 2894 2895 2895 2897 2900 2901 2901 2903 2906 2907 2907 2909 2912 2913 2913 2915 2918 2919 2919 2921 2924 2925 2925 2927 2930 2931 2931 2933 2936 2937 2937 2939 2942 2943 2943 2945 2948 2949 2949 2951 2954 2955 2955 2957 2960 2961 2961 2963 2966 2967 2967 2969 2972 2973 2973 2976 2977 2977 2979 2982 2983 2983 2985 2988 2989 2989 2991 2994 2995 2995 2997 3000 3001 3001 3003 3006 3007 3007 3009 3012 3013 3013 3015 3018 3019 3019 3021 3024 3025 3025 3027 3030 3031 3031 3033 3036 3037 3037 3039 3042 3043 3043 3045 3048 3049 3049 3051 3054 3055 3055 3057 3060 3061 3061 3063 3066 3067 3067 3069 3072 3073 3073 3075 3078 3079 3079 3081 3084 3085 3085 3087 3090 3091 3091 3093 3096 3097 3097 3099 3102 3103 3103 3105 3108 3109 3109 3111 3114 3115 3115 3117 3120 3121 3121 3123 3126 3127 3127 3129 3132 3133 3137 65535
0 4 4 6 7 10 10 12 13 16 16 18 19 22 22 24 25 28 28 30 31 34 34 36 37 40 40 42 43 46 48 50 52 54 56 58 60 62 64 66 68 70 72 74 76 78 80 82 84 86 88 90 92 94 96 98 100 102 104 106 108 110 112 114 116 118 120 122 124 126 128 130 132 134 136 138 140 142 144 146 148 150 152 154 156 158 160 162 164 166 168 170 172 174 176 178 180 182 184 186 188 190 192 194 196 198 200 202 204 206 208 210 212 214 216 218 220 222 224 226 228 230 232 234 236 238 240 242 244 246 248 250 252 254 256 258 260 262 264 266 268 270 272 274 276 278 280 282 284 286 288 290 292 294 296 298 300 302 304 306 308 310 312 314 316 318 320 322 324 326 328 330 332 334 336 338 340 342 344 346 348 350 352 354 356 358 360 362 362 364 365 368 370 372 372 374 375 378 378 380 381 384 386 388 390 392 394 396 398 400 402 404 406 408 410 412 414 416 416 418 419 422 422 424 425 428 428 430 431 434 434 436 437 440 440 442 443 446 446 448 449 452 452 454 455 458 458 460 461 464 466 466 468 469 472 474 474 476 477 480 480 482 483 486 488 488 490 491 494 494 496 497 500 500 502 503 506 508 510 512 512 514 515 518 518 520 521 524 524 526 527 530 530 532 533 536 536 538 539 542 542 544 545 548 548 550 551 554 554 556 557 560 560 561 564 564 566 567 570 570 572 573 576 576 578 579 582 582 584 585 588 588 590 591 594 594 596 597 600 600 602 603 606 608 608 610 611 614 614 616 617 620 620 621 624 626 628 628 630 631 634 634 636 637 640 640 642 643 646 646 647 650 650 652 653 656 656 658 659 662 662 664 664 666 667 669 672 672 674 675 678 680 682 682 684 685 688 688 690 691 694 694 696 697 700 700 702 703 706 708 710 710 712 713 716 716 718 718 720 721 723 726 726 728 729 732 732 734 735 738 738 740 741 744 744 744 746 747 749 752 752 754 755 758 758 760 761 764 764 766 766 767 770 771 774 774 776 777 780 780 782 783 786 786 788 789 792 792 794 795 798 798 800 801 804 804 806 807 810 810 812 813 816 816 818 819 822 822 824 825 828 828 830 831 834 834 836 837 840 840 842 843 846 846 848 849 852 852 854 855 858 858 860 861 864 864 866 867 870 870 872 873 876 876 878 879 882 882 882 884 885 887 890 890 892 893 896 896 898 899 902 902 904 905 908 908 910 912 912 914 915 918 918 920 921 924 924 926 927 930 930 932 933 936 936 938 939 942 942 944 945 948 948 950 951 954 954 956 957 960 960 962 963 966 966 968 969 972 972 973 973 975 977 979 979 981 983 985 985 987 989 991 993 993 995 997 999 999 1001 1003 1005 1005 1007 1009 1011 1011 1013 1015 1017 1017 1019 1021 1023 1023 1025 1027 1029 1029 1031 1033 1035 1035 1037 1039 1041 1041 1043 1045 1047 1049 1049 1051 1053 1055 1055 1057 1059 1061 1061 1061 1063 1065 1067 1069 1069 1071 1073 1073 1075 1077 1079 1079 1081 1083 1085 1085 1087 1089 1091 1091 1093 1095 1097 1097 1099 1101 1103 1103 1105 1107 1109 1109 1111 1113 1115 1115 1117 1119 1121 1121 1123 1125 1127 1127 1129 1131 1133 1133 1135 1137 1139 1139 1141 1143 1145 1145 1147 1149 1151 1151 1153 1155 1157 1157 1159 1161 1163 1163 1165 1167 1169 1169 1171 1173 1175 1175 1177 1179 1181 1181 1183 1185 1187 1187 1189 1191 1193 1193 1195 1197 1199 1199 1201 1203 1205 1205 1207 1209 1211 1211 1213 1215 1217 1217 1219 1221 1223 1223 1225 1227 1229 1229 1231 1233 1235 1235 1237 1239 1239 1241 1243 1243 1245 1245 1247 1249 1251 1253 1253 1255 1257 1259 1259 1261 1263 1265 1265 1267 1269 1271 1271 1273 1275 1277 1277 1279 1281 1283 1283 1285 1287 1289 1289 1291 1293 1295 1295 1297 1299 1301 1301 1303 1305 1307 1307 1309 1311 1313 1313 1315 1317 1319 1319 1321 1323 1325 1325 1327 1329 1329 1331 1333 1335 1335 1337 1339 1341 1341 1343 1345 1347 1347 1349 1351 1353 1353 1355 1357 1359 1359 1361 1363 1365 1365 1367 1369 1371 1371 1373 1375 1377 1377 1379 1381 1383 1383 1385 1387 1389 1391 1393 1393 1395 1397 1399 1401 1403 1403 1405 1407 1409 1409 1411 1413 1415 1415 1417 1419 1421 1421 1423 1425 1427 1427 1429 1431 1433 1435 1437 1439 1441 1441 1443 1445 1445 1445 1447 1449 1451 1453 1453 1455 1457 1459 1459 1461 1463 1465 1465 1467 1469 1471 1471 1473 1475 1477 1479 1481 1481 1483 1485 1487 1487 1489 1491 1493 1495 1495 1497 1499 1501 1501 1503 1505 1505 1507 1509 1511 1511 1513 1515 1517 1517 1519 1521 1523 1523 1525 1527 1529 1529 1531 1533 1535 1535 1537 1539 1541 1541 1543 1545 1547 1547 1549 1551 1553 1555 1555 1557 1559 1563 65535
0 4 4 6 8 10 10 12 14 16 16 18 20 22 22 24 26 28 28 30 32 34 34 36 38 40 40 42 44 46 46 48 50 52 52 54 56 58 58 60 62 64 64 66 68 70 70 72 74 76 76 78 80 82 82 84 86 88 88 90 92 94 94 96 98 100 100 102 104 106 106 108 110 112 112 114 116 118 118 120 122 124 124 126 128 128 130 132 134 134 136 138 140 140 142 144 146 146 148 150 152 152 154 156 158 158 160 162 164 164 166 168 170 170 172 174 176 176 178 180 180 182 184 186 186 188 190 192 192 194 196 198 198 200 202 204 204 206 208 210 210 212 214 216 216 218 220 222 222 224 226 228 228 230 232 234 234 236 238 240 240 242 244 246 246 248 250 252 252 254 256 258 258 260 262 264 264 266 268 270 270 272 274 276 276 278 280 282 282 284 286 288 288 290 292 294 294 296 298 300 300 302 304 306 306 308 310 312 312 314 316 318 318 320 322 324 324 326 328 330 330 332 334 336 336 338 340 342 342 344 346 348 348 350 352 352 354 356 358 358 360 362 364 364 366 368 370 370 372 374 376 376 378 380 382 382 384 386 388 388 390 392 394 394 396 398 400 400 402 404 406 406 408 410 412 412 414 416 418 418 420 422 424 424 426 428 430 430 432 434 436 436 438 440 442 442 444 446 448 448 450 452 454 454 456 458 460 460 462 464 466 468 468 470 472 474 476 478 478 480 482 484 484 486 488 490 490 492 494 496 496 498 500 502 504 506 506 508 510 512 512 514 516 518 518 520 522 524 526 528 530 532 532 534 536 538 538 540 542 544 546 548 548 550 552 554 556 558 560 562 564 566 566 568 570 572 572 574 576 578 578 580 582 584 586 588 588 590 592 594 596 598 598 600 602 604 604 606 608 610 612 614 614 616 618 620 620 622 624 626 626 628 630 632 632 634 636 638 638 640 642 644 646 648 648 650 652 654 656 656 658 660 662 662 664 666 668 668 670 672 674 674 676 678 680 680 682 684 686 686 688 690 692 694 696 698 700 700 702 704 706 706 708 710 712 714 714 716 718 718 720 722 724 724 726 728 730 732 732 734 736 738 740 742 744 746 748 750 750 752 754 756 758 760 760 762 764 766 768 770 772 774 776 778 780 782 782 784 786 788 788 790 792 794 796 798 798 800 802 804 806 808 810 812 812 814 816 818 820 822 822 824 826 828 830 832 834 836 838 840 842 844 846 848 850 852 854 856 856 858 860 862 864 866 868 871 65535

0 4 6 6 7 10 12 12 13 16 18 18 19 22 24 26 26 27 30 32 32 33 36 38 38 39 42 44 44 45 48 50 50 51 54 56 56 57 60 62 62 63 66 68 68 69 72 74 74 75 78 80 80 81 84 86 86 87 90 92 92 93 96 98 98 99 102 104 104 105 108 110 110 111 114 116 116 117 120 122 122 123 126 128 128 129 132 134 134 136 136 137 140 142 142 143 146 148 148 149 152 154 154 155 158 160 160 161 164 166 166 167 170 170 171 174 176 176 177 180 182 182 183 186 188 188 189 192 194 194 195 198 200 200 201 204 206 206 207 210 212 212 213 216 218 218 219 222 224 224 225 228 230 230 231 234 236 236 237 240 242 242 243 246 246 247 250 252 252 253 256 256 258 260 260 261 264 266 266 267 270 272 272 273 276 278 278 279 282 284 284 286 288 290 290 291 294 296 296 297 300 302 302 303 306 308 308 309 312 314 314 315 318 320 320 321 324 326 326 327 330 332 332 333 333 335 338 340 342 342 343 346 348 348 349 352 354 354 355 358 360 360 361 364 366 366 367 370 372 372 373 376 378 378 380 382 382 383 386 388 388 389 392 394 394 395 398 400 400 401 404 406 406 407 410 412 412 413 416 418 418 419 422 424 424 425 428 430 430 431 434 436 436 437 440 442 442 443 446 448 448 449 452 454 454 456 458 460 460 461 464 466 466 467 470 472 472 473 476 478 478 480 482 484 484 486 488 488 489 492 494 494 495 495 497 500 502 504 504 505 508 510 510 511 514 516 516 517 520 522 522 523 526 528 528 529 532 534 534 535 538 540 540 541 544 546 546 546 547 549 552 554 554 555 558 560 560 561 564 566 566 567 570 572 572 573 576 578 578 579 582 584 584 585 588 590 590 591 594 596 596 597 597 599 602 604 606 606 607 610 612 612 613 616 618 618 620 622 624 624 626 628 630 630 631 634 636 636 637 640 642 644 644 646 648 650 650 651 654 656 658 660 660 661 664 666 666 667 670 672 672 673 676 676 677 680 682 682 683 686 688 688 689 692 694 694 695 698 700 700 700 701 703 706 708 708 709 709 712 714 714 715 718 720 720 721 724 726 726 728 730 730 731 734 734 735 738 740 740 741 744 746 746 747 750 752 752 753 756 758 758 759 762 764 764 765 768 770 770 771 774 776 776 777 780 782 782 783 786 788 788 788 789 791 794 796 796 797 800 802 802 803 806 808 808 809 812 814 814 815 818 820 820 821 824 826 826 827 830 832 832 833 836 836 837 840 842 842 843 846 848 848 849 852 854 854 855 855 857 860 862 862 863 866 868 868 869 872 874 874 874 875 877 880 882 882 883 886 888 888 889 892 894 894 895 898 900 900 901 904 906 906 907 910 912 912 913 916 918 918 919 922 922 923 926 926 927 930 932 932 933 936 938 938 939 942 944 944 945 948 950 950 951 954 956 956 957 960 962 962 963 966 968 968 969 969 971 974 976 978 978 979 982 982 983 986 988 988 989 992 994 994 995 998 1000 1000 1001 1004 1006 1006 1007 1010 1012 1012 1013 1016 1018 1018 1019 1022 1024 1024 1024 1025 1027 1030 1032 1034 1034 1035 1038 1040 1040 1040 1041 1041 1043 1045 1048 1050 1052 1052 1053 1056 1058 1058 1059 1062 1064 1064 1065 1068 1070 1070 1071 1074 1076 1076 1077 1080 1082 1082 1083 1086 1088 1088 1089 1092 1094 1094 1095 1098 1100 1100 1101 1104 1106 1106 1107 1110 1112 1112 1113 1116 1116 1117 1120 1122 1122 1123 1126 1126 1127 1127 1129 1132 1134 1134 1135 1135 1137 1140 1140 1141 1144 1144 1145 1145 1147 1149 1152 1154 1154 1154 1155 1155 1157 1159 1162 1164 1166 1166 1167 1170 1172 1172 1173 1176 1178 1178 1179 1182 1182 1183 1186 1188 1188 1189 1192 1194 1194 1195 1198 1200 1200 1201 1204 1204 1205 1205 1207 1210 1212 1214 1214 1215 1218 1220 1220 1221 1224 1224 1225 1228 1230 1230 1231 1234 1236 1236 1237 1240 1242 1242 1243 1246 1248 1248 1249 1252 1254 1254 1256 1258 1260 1260 1261 1264 1266 1266 1266 1267 1270 1272 1274 1274 1275 1278 1280 1280 1281 1284 1284 1285 1288 1290 1290 1291 1294 1296 1296 1297 1300 1302 1302 1303 1306 1308 1308 1308 1309 1311 1313 1316 1318 1318 1319 1322 1324 1324 1325 1328 1330 1330 1331 1334 1336 1336 1337 1340 1340 1341 1344 1346 1346 1347 1350 1350 1351 1354 1356 1356 1357 1360 1362 1362 1363 1363 1365 1368 1370 1372 1372 1373 1376 1378 1378 1379 1382 1384 1384 1385 1388 1390 1390 1391 1394 1394 1395 1398 1400 1400 1401 1404 1404 1405 1408 1410 1410 1410 1411 1413 1416 1416 1417 1420 1422 1422 1422 1422 1423 1425 1427 1429 1429 1431 1433 1436 1438 1440 1440 1440 1441 1441 1443 1445 1448 1450 1452 1452 1453 1453 1455 1458 1460 1462 1462 1463 1466 1468 1468 1468 1469 1471 1474 1476 1476 1477 1480 1482 1482 1483 1486 1488 1488 1489 1492 1494 1494 1495 1498 1498 1499 1502 1504 1504 1505 1508 1508 1509 1512 1514 1514 1515 1518 1520 1520 1521 1524 1524 1525 1528 1530 1530 1531 1534 1536 1536 1536 1537 1539 1541 1544 1544 1545 1548 1550 1550 1551 1551 1553 1555 1558 1560 1560 1561 1564 1564 1566 1568 1568 1569 1572 1572 1573 1576 1578 1578 1579 1582 1584 1584 1585 1588 1588 1589 1592 1594 1594 1595 1598 1600 1600 1601 1604 1606 1606 1606 1607 1609 1612 1614 1614 1615 1618 1620 1620 1621 1624 1626 1626 1627 1627 1629 1632 1634 1634 1635 1638 1638 1639 1639 1641 1644 1646 1646 1647 1650 1652 1652 1653 1656 1658 1658 1659 1662 1662 1663 1666 1668 1668 1668 1669 1669 1671 1673 1676 1678 1680 1680 1681 1684 1686 1686 1687 1690 1690 1690 1691 1693 1696 1698 1698 1699 1702 1704 1704 1704 1705 1707 1710 1712 1712 1712 1713 1715 1718 1720 1720 1721 1724 1724 1725 1728 1728 1729 1729 1731 1734 1736 1738 1738 1739 1742 1742 1743 1746 1748 1748 1749 1752 1754 1754 1755 1758 1760 1760 1761 1764 1766 1766 1767 1770 1772 1772 1773 1776 1778 1778 1779 1782 1784 1784 1785 1788 1790 1790 1791 1794 1796 1796 1796 1797 1799 1799 1801 1804 1806 1806 1807 1810 1810 1811 1814 1816 1816 1817 1820 1822 1822 1823 1826 1826 1827 1830 1832 1832 1833 1836 1838 1838 1839 1842 1842 1843 1846 1848 1850 1850 1851 1854 1854 1855 1858 1860 1860 1861 1864 1866 1866 1867 1870 1870 1871 1874 1876 1876 1876 1877 1879 1882 1884 1884 1885 1888 1890 1890 1891 1894 1896 1896 1897 1900 1902 1902 1903 1906 1908 1908 1908 1909 1911 1914 1916 1916 1917 1920 1922 1922 1923 1926 1928 1928 1929 1932 1934 1934 1935 1935 1937 1940 1942 1942 1943 1946 1946 1947 1950 1952 1952 1953 1956 1956 1957 1960 1960 1961 1964 1966 1966 1967 1970 1972 1972 1972 1973 1975 1975 1977 1980 1982 1984 1984 1985 1988 1990 1990 1991 1994 1996 1996 1996 1997 1999 2002 2004 2004 2005 2008 2008 2008 2009 2011 2014 2016 2016 2017 2020 2022 2022 2023 2026 2028 2028 2028 2029 2031 2034 2036 2038 2038 2039 2042 2044 2044 2045 2048 2050 2050 2050 2051 2053 2056 2058 2058 2059 2062 2064 2064 2065 2068 2070 2070 2071 2074 2076 2076 2077 2080 2082 2082 2083 2086 2088 2088 2089 2092 2094 2094 2095 2095 2097 2100 2102 2102 2103 2106 2108 2108 2109 2112 2114 2114 2115 2118 2120 2120 2121 2124 2126 2126 2127 2130 2132 2132 2133 2133 2135 2138 2138 2139 2142 2144 2144 2144 2145 2147 2150 2152 2152 2152 2153 2153 2153 2155 2157 2159 2162 2164 2166 2166 2167 2167 2169 2171 2174 2176 2176 2177 2180 2182 2182 2183 2186 2188 2188 2189 2192 2194 2194 2195 2198 2200 2200 2201 2204 2204 2205 2208 2208 2209 2212 2214 2214 2215 2218 2220 2220 2221 2224 2224 2224 2225 2227 2230 2232 2232 2233 2236 2238 2238 2239 2242 2244 2244 2245 2248 2248 2249 2252 2252 2253 2256 2258 2258 2259 2262 2262 2263 2266 2268 2268 2269 2272 2274 2274 2275 2278 2278 2279 2282 2284 2284 2285 2288 2290 2290 2291 2294 2296 2296 2296 2297 2299 2302 2304 2306 2306 2307 2310 2312 2312 2313 2316 2318 2318 2319 2322 2324 2324 2325 2328 2330 2330 2331 2334 2336 2336 2337 2340 2342 2342 2343 2346 2348 2348 2349 2352 2354 2354 2355 2358 2358 2359 2362 2364 2364 2365 2368 2370 2370 2371 2374 2376 2376 2377 2377 2377 2379 2381 2384 2386 2386 2387 2390 2392 2392 2393 2393 2395 2398 2400 2400 2401 2404 2406 2406 2407 2410 2410 2411 2414 2416 2416 2417 2420 2422 2422 2423 2426 2426 2428 2430 2430 2431 2434 2436 2436 2437 2440 2440 2441 2444 2446 2446 2447 2447 2449 2452 2454 2454 2455 2458 2460 2460 2461 2461 2463 2466 2468 2470 2470 2471 2474 2474 2475 2478 2480 2480 2481 2484 2486 2486 2487 2490 2492 2492 2492 2493 2495 2498 2498 2499 2502 2502 2503 2506 2508 2508 2510 2512 2512 2513 2516 2518 2518 2519 2522 2524 2524 2525 2528 2530 2530 2532 2534 2536 2536 2537 2540 2542 2542 2543 2546 2548 2548 2549 2552 2554 2554 2555 2558 2560 2560 2562 2564 2564 2565 2568 2568 2569 2572 2572 2573 2576 2578 2578 2579 2582 2584 2584 2585 2588 2590 2590 2591 2594 2594 2595 2598 2600 2600 2601 2604 2606 2606 2607 2610 2612 2612 2613 2616 2618 2618 2619 2619 2621 2624 2626 2628 2628 2629 2632 2634 2634 2634 2635 2637 2640 2642 2644 2644 2645 2648 2650 2650 2650 2651 2653 2656 2658 2658 2659 2662 2664 2664 2664 2665 2667 2669 2672 2672 2673 2676 2678 2678 2679 2682 2684 2684 2684 2685 2687 2690 2690 2691 2694 2696 2696 2697 2700 2702 2702 2703 2706 2708 2708 2709 2712 2714 2714 2715 2715 2717 2720 2722 2724 2724 2724 2725 2727 2727 2729 2732 2734 2736 2736 2737 2740 2742 2742 2743 2746 2748 2748 2749 2752 2754 2754 2755 2758 2760 2760 2761 2764 2766 2766 2767 2770 2772 2772 2773 2776 2778 2778 2779 2782 2784 2784 2785 2788 2788 2788 2789 2789 2791 2793 2796 2798 2800 2800 2801 2804 2804 2805 2808 2810 2810 2811 2811 2813 2816 2818 2820 2820 2821 2824 2826 2826 2827 2830 2832 2832 2833 2836 2838 2838 2839 2842 2844 2844 2845 2848 2850 2850 2851 2854 2856 2856 2857 2860 2862 2862 2863 2866 2868 2868 2869 2872 2872 2873 2876 2878 2878 2878 2879 2881 2884 2886 2886 2887 2890 2892 2892 2893 2896 2898 2898 2898 2899 2901 2904 2906 2906 2906 2907 2909 2912 2914 2914 2914 2915 2918 2920 2922 2922 2923 2926 2928 2928 2929 2932 2934 2934 2935 2938 2940 2940 2941 2944 2944 2945 2948 2950 2950 2951 2951 2953 2956 2958 2960 2960 2961 2964 2966 2966 2967 2970 2972 2972 2972 2973 2975 2978 2978 2979 2982 2984 2984 2985 2988 2990 2990 2991 2994 2996 2996 2997 3000 3000 3001 3004 3006 3006 3006 3007 3009 3012 3014 3014 3015 3018 3018 3019 3022 3024 3024 3025 3028 3030 3030 3031 3034 3036 3036 3037 3040 3040 3041 3044 3046 3046 3047 3047 3047 3049 3051 3053 3056 3058 3060 3060 3061 3064 3064 3065 3065 3067 3070 3072 3072 3073 3076 3078 3078 3079 3082 3082 3083 3086 3086 3087 3090 3090 3091 3094 3096 3096 3097 3100 3102 3102 3103 3106 3108 3108 3108 3109 3111 3114 3116 3116 3117 3117 3119 3122 3124 3124 3124 3125 3127 3127 3129 3132 3134 3136 3136 3137 3140 3142 3142 3143 3143 3145 3148 3150 3152 3152 3153 3156 3158 3158 3159 3159 3161 3161 3163 3166 3168 3170 3170 3171 3174 3176 3176 3176 3177 3179 3181 3184 3186 3186 3187 3190 3192 3192 3193 3193 3195 3197 3200 3200 3201 3204 3206 3206 3207 3207 3209 3212 3214 3216 3216 3217 3217 3219 3219 3221 3224 3226 3226 3227 3230 3230 3231 3234 3236 3236 3237 3240 3242 3242 3242 3243 3245 3248 3250 3250 3251 3254 3256 3256 3257 3260 3262 3262 3263 3266 3268 3268 3269 3272 3274 3274 3275 3275 3277 3280 3282 3284 3284 3284 3285 3287 3290 3292 3292 3293 3296 3298 3298 3298 3299 3301 3304 3306 3306 3307 3310 3312 3312 3313 3313 3315 3317 3320 3322 3322 3323 3326 3328 3328 3329 3332 3334 3334 3335 3335 3337 3340 3342 3344 3344 3345 3348 3348 3349 3352 3354 3354 3355 3358 3358 3359 3362 3362 3363 3366 3368 3368 3369 3372 3374 3374 3374 3375 3377 3380 3382 3382 3383 3386 3388 3388 3389 3392 3394 3394 3395 3398 3400 3400 3401 3404 3406 3406 3407 3410 3412 3412 3413 3416 3418 3418 3418 3419 3421 3424 3426 3426 3427 3430 3432 3432 3433 3436 3438 3438 3438 3439 3441 3444 3446 3446 3447 3450 3452 3452 3453 3456 3458 3458 3459 3462 3464 3464 3464 3465 3467 3470 3472 3472 3473 3476 3478 3478 3480 3480 3481 3484 3486 3486 3487 3490 3492 3492 3492 3493 3495 3498 3500 3502 3502 3502 3503 3505 3505 3507 3507 3509 3512 3514 3516 3516 3517 3520 3522 3522 3523 3523 3525 3528 3530 3532 3532 3533 3533 3535 3538 3540 3542 3542 3544 3544 3545 3548 3550 3550 3551 3554 3554 3555 3558 3560 3560 3561 3561 3563 3566 3568 3570 3570 3571 3574 3574 3575 3578 3580 3580 3581 3584 3586 3586 3587 3590 3592 3592 3593 3596 3596 3597 3600 3602 3602 3603 3606 3608 3608 3608 3609 3609 3611 3614 3615 3618 3620 3620 3621 3624 3626 3626 3627 3630 3632 3632 3633 3636 3636 3637 3640 3640 3641 3644 3646 3646 3647 3650 3650 3651 3654 3656 3656 3657 3660 3662 3662 3663 3666 3668 3668 3669 3672 3674 3674 3675 3678 3680 3680 3682 3684 3684 3684 3685 3687 3690 3692 3692 3693 3696 3698 3698 3699 3702 3704 3704 3705 3708 3710 3710 3711 3714 3716 3716 3717 3720 3720 3721 3724 3726 3726 3727 3730 3732 3732 3733 3736 3738 3738 3739 3742 3742 3743 3746 3748 3748 3749 3752 3752 3753 3756 3758 3758 3759 3762 3764 3764 3765 3765 3767 3770 3772 3772 3773 3776 3778 3778 3779 3782 3784 3784 3786 3788 3788 3789 3792 3792 3793 3796 3798 3798 3799 3802 3804 3804 3805 3805 3807 3810 3812 3812 3813 3816 3818 3818 3819 3822 3824 3824 3824 3825 3827 3830 3832 3834 3834 3835 3838 3840 3840 3841 3844 3846 3846 3847 3850 3852 3852 3853 3853 3855 3858 3860 3860 3861 3864 3866 3866 3866 3867 3869 3872 3872 3873 3876 3876 3877 3880 3882 3882 3882 3883 3885 3888 3890 3890 3891 3894 3894 3895 3898 3900 3900 3901 3901 3903 3906 3906 3907 3910 3912 3912 3913 3916 3918 3918 3919 3922 3924 3924 3924 3925 3927 3930 3930 3931 3934 3936 3936 3937 3940 3942 3942 3943 3946 3946 3947 3947 3949 3952 3954 3954 3955 3958 3960 3960 3961 3964 3966 3966 3967 3970 3972 3972 3973 3976 3978 3978 3979 3982 3984 3984 3985 3988 3990 3990 3991 3991 3993 3996 3998 4000 4000 4001 4004 4006 4006 4007 4010 4012 4012 4013 4016 4018 4018 4019 4022 4024 4024 4025 4028 4030 4030 4031 4034 4036 4036 4037 4037 4039 4042 4044 4046 4046 4047 4050 4052 4052 4052 4053 4055 4058 4060 4060 4061 4064 4066 4066 4067 4070 4072 4072 4073 4076 4078 4078 4079 4082 4084 4084 4085 4088 4088 4089 4092 4092 4092 4093 4095 4098 4100 4100 4101 4104 4106 4106 4106 4107 4109 4112 4114 4114 4115 4118 4120 4120 4121 4124 4126 4126 4126 4127 4129 4129 4131 4133 4136 4138 4138 4139 4142 4144 4144 4145 4148 4148 4149 4152 4154 4154 4154 4155 4157 4160 4162 4162 4163 4163 4166 4166 4167 4170 4170 4171 4174 4174 4176 4178 4180 4180 4181 4184 4186 4186 4187 4190 4192 4192 4193 4196 4198 4198 4199 4202 4204 4204 4205 4208 4210 4210 4211 4214 4216 4216 4217 4220 4222 4222 4223 4226 4228 4228 4229 4232 4234 4234 4235 4235 4237 4237 4239 4241 4243 4246 4248 4250 4250 4251 4254 4256 4256 4257 4260 4262 4262 4263 4266 4268 4268 4269 4272 4274 4274 4275 4278 4280 4280 4280 4281 4283 4286 4288 4288 4288 4289 4291 4294 4296 4296 4297 4300 4300 4301 4304 4306 4306 4307 4310 4312 4312 4313 4316 4318 4318 4318 4319 4321 4324 4326 4326 4327 4330 4332 4332 4333 4336 4338 4338 4339 4342 4344 4344 4345 4348 4350 4350 4351 4354 4356 4356 4357 4360 4360 4361 4361 4363 4366 4368 4368 4369 4372 4374 4374 4375 4378 4380 4380 4380 4381 4381 4383 4385 4388 4390 4390 4391 4394 4394 4395 4398 4400 4400 4401 4404 4404 4405 4408 4410 4410 4410 4411 4413 4416 4418 4420 4420 4421 4421 4423 4426 4428 4430 4430 4431 4434 4436 4436 4437 4440 4442 4442 4443 4446 4446 4447 4450 4452 4452 4453 4456 4458 4458 4459 4462 4464 4464 4466 4468 4470 4470 4471 4474 4474 4475 4478 4480 4480 4481 4484 4484 4485 4488 4488 4489 4492 4494 4494 4495 4498 4500 4500 4501 4504 4506 4506 4507 4510 4510 4510 4511 4513 4516 4516 4517 4520 4522 4522 4523 4526 4526 4527 4530 4532 4532 4533 4536 4538 4538 4539 4542 4544 4544 4545 4548 4550 4550 4550 4551 4553 4556 4556 4557 4560 4562 4562 4563 4566 4568 4568 4569 4572 4572 4573 4576 4576 4577 4580 4580 4581 4584 4586 4586 4587 4590 4592 4592 4593 4596 4598 4598 4599 4602 4604 4604 4605 4608 4608 4609 4612 4614 4614 4615 4615 4617 4620 4622 4624 4624 4625 4625 4627 4630 4632 4634 4634 4635 4638 4638 4639 4642 4644 4644 4644 4645 4647 4650 4652 4652 4653 4656 4658 4658 4659 4662 4664 4664 4665 4668 4670 4670 4670 4671 4673 4676 4678 4678 4679 4682 4684 4684 4685 4688 4690 4690 4691 4694 4696 4696 4696 4697 4699 4702 4704 4704 4705 4708 4710 4710 4711 4714 4714 4715 4718 4720 4720 4721 4724 4724 4725 4728 4728 4729 4732 4734 4734 4734 4735 4737 4740 4742 4742 4743 4746 4748 4748 4749 4752 4754 4754 4755 4758 4760 4760 4761 4764 4764 4765 4768 4768 4770 4772 4774 4774 4775 4778 4780 4780 4780 4781 4783 4783 4785 4788 4790 4792 4792 4793 4793 4795 4798 4800 4802 4802 4803 4806 4808 4808 4809 4812 4814 4814 4815 4818 4818 4819 4822 4824 4824 4825 4828 4830 4830 4830 4831 4833 4835 4838 4838 4839 4842 4844 4844 4845 4848 4850 4850 4851 4854 4856 4856 4858 4858 4859 4862 4862 4863 4866 4868 4868 4869 4872 4872 4873 4876 4878 4878 4879 4882 4884 4884 4884 4885 4887 4890 4892 4894 4894 4895 4898 4898 4899 4899 4901 4904 4906 4908 4908 4909 4912 4914 4914 4915 4918 4920 4920 4921 4924 4926 4926 4927 4930 4932 4932 4933 4936 4938 4938 4939 4942 4942 4943 4946 4948 4948 4949 4949 4951 4953 4956 4956 4957 4960 4960 4961 4964 4966 4966 4967 4970 4972 4972 4973 4976 4976 4977 4980 4982 4982 4983 4986 4986 4987 4990 4992 4992 4993 4996 4998 4998 4999 5002 5004 5004 5005 5008 5010 5010 5011 5014 5014 5016 5016 5017 5019 5022 5022 5023 5023 5025 5027 5030 5030 5032 5034 5036 5036 5037 5040 5042 5042 5042 5043 5043 5045 5047 5050 5052 5054 5054 5055 5058 5060 5060 5061 5064 5066 5066 5067 5070 5070 5071 5074 5076 5076 5077 5080 5082 5082 5083 5086 5088 5088 5089 5092 5094 5094 5095 5098 5100 5100 5101 5104 5106 5106 5107 5107 5109 5111 5114 5116 5116 5117 5120 5120 5121 5124 5124 5125 5128 5128 5128 5129 5132 5134 5136 5136 5137 5140 5142 5142 5143 5146 5146 5147 5150 5152 5152 5153 5156 5158 5158 5159 5162 5162 5163 5166 5166 5167 5170 5172 5172 5173 5176 5178 5178 5179 5182 5182 5183 5186 5186 5187 5190 5190 5191 5191 5191 5193 5196 5198 5200 5200 5201 5204 5206 5206 5207 5210 5210 5211 5214 5216 5216 5217 5220 5222 5222 5222 5223 5225 5228 5230 5230 5231 5234 5234 5235 5235 5235 5237 5239 5242 5244 5246 5246 5246 5247 5249 5251 5251 5253 5256 5258 5258 5259 5262 5264 5264 5265 5265 5268 5268 5269 5272 5272 5273 5276 5278 5278 5279 5282 5282 5283 5286 5288 5288 5289 5292 5292 5293 5296 5298 5298 5299 5302 5304 5304 5305 5308 5310 5310 5311 5314 5316 5316 5317 5320 5322 5322 5323 5323 5325 5328 5330 5332 5332 5333 5336 5336 5337 5340 5342 5342 5342 5343 5345 5348 5350 5350 5351 5354 5354 5355 5358 5358 5359 5362 5362 5363 5366 5366 5367 5370 5372 5372 5373 5376 5378 5378 5379 5382 5384 5384 5384 5385 5387 5390 5392 5392 5393 5396 5396 5397 5400 5402 5402 5403 5406 5408 5408 5409 5412 5412 5413 5416 5418 5418 5419 5422 5424 5424 5424 5425 5427 5430 5432 5432 5433 5436 5438 5438 5440 5440 5441 5444 5446 5446 5447 5450 5452 5452 5453 5456 5458 5458 5459 5462 5464 5464 5465 5468 5470 5470 5471 5474 5476 5476 5477 5480 5482 5482 5483 5486 5488 5488 5489 5492 5494 5494 5495 5498 5500 5500 5501 5504 5506 5506 5507 5510 5512 5512 5513 5516 5518 5518 5519 5522 5524 5524 5525 5528 5528 5529 5529 5532 5532 5533 5536 5538 5538 5539 5542 5544 5544 5545 5548 5550 5550 5551 5554 5556 5556 5557 5560 5560 5561 5564 5566 5566 5567 5570 5572 5572 5573 5576 5578 5578 5579 5582 5584 5584 5586 5588 5588 5589 5592 5594 5594 5595 5598 5600 5600 5601 5604 5606 5606 5607 5610 5612 5612 5613 5616 5618 5618 5619 5622 5624 5624 5626 5628 5628 5629 5632 5634 5634 5635 5638 5640 5640 5641 5644 5646 5646 5647 5650 5650 5651 5654 5656 5656 5657 5660 5662 5662 5663 5666 5668 5668 5669 5672 5674 5674 5675 5678 5680 5680 5681 5684 5686 5686 5687 5690 5692 5692 5693 5696 5698 5698 5699 5702 5704 5704 5705 5708 5710 5710 5712 5714 5716 5716 5717 5720 5722 5722 5723 5726 5728 5728 5729 5732 5734 5734 5735 5738 5740 5740 5741 5744 5746 5746 5747 5750 5752 5752 5753 5756 5756 5757 5760 5762 5762 5763 5766 5768 5768 5769 5772 5774 5774 5775 5778 5780 5780 5781 5784 5786 5786 5787 5790 5792 5792 5793 5796 5798 5798 5799 5802 5804 5804 5806 5808 5810 5810 5811 5814 5816 5816 5818 5820 5822 5822 5823 5826 5828 5828 5829 5832 5832 5833 5836 5838 5838 5839 5842 5844 5844 5845 5848 5850 5850 5851 5854 5856 5856 5857 5860 5862 5862 5863 5866 5866 5867 5870 5872 5872 5873 5876 5878 5878 5879 5882 5884 5884 5885 5888 5890 5890 5891 5894 5896 5896 5897 5900 5902 5902 5903 5906 5908 5908 5909 5912 5914 5914 5915 5915 5917 5920 5922 5924 5924 5925 5928 5930 5930 5931 5934 5936 5936 5937 5940 5942 5942 5943 5946 5948 5948 5949 5949 5951 5954 5956 5958 5958 5959 5962 5964 5964 5965 5968 5970 5970 5971 5974 5976 5976 5977 5980 5982 5982 5983 5986 5988 5988 5990 5992 5992 5993 5996 5998 5998 5999 6002 6004 6004 6005 6008 6010 6010 6011 6014 6016 6016 6017 6020 6022 6022 6023 6026 6028 6028 6029 6032 6034 6034 6035 6038 6040 6040 6041 6044 6046 6046 6047 6050 6052 6052 6053 6056 6058 6058 6059 6062 6064 6064 6065 6068 6070 6070 6071 6074 6076 6076 6077 6080 6082 6082 6083 6086 6088 6088 6089 6092 6094 6094 6095 6098 6100 6100 6101 6104 6104 6105 6108 6110 6110 6111 6114 6116 6116 6117 6120 6122 6122 6123 6126 6128 6128 6129 6132 6134 6134 6135 6138 6140 6140 6141 6144 6146 6146 6147 6150 6152 6152 6153 6156 6158 6158 6159 6162 6164 6164 6165 6168 6170 6170 6171 6174 6176 6176 6177 6180 6182 6182 6183 6186 6188 6188 6189 6192 6194 6194 6195 6198 6200 6200 6201 6204 6206 6206 6207 6210 6212 6212 6213 6216 6218 6218 6219 6222 6224 6224 6225 6228 6230 6230 6231 6234 6236 6236 6237 6240 6242 6242 6243 6246 6248 6248 6248 6249 6251 6254 6256 6256 6257 6260 6262 6262 6263 6266 6268 6269 6269 6271 6271 6274 6275 6275 6277 6280 6281 6281 6283 6283 6285 6287 6290 6291 6293 6293 6295 6297 6299 6299 6301 6303 6305 6305 6307 6309 6311 6311 6313 6315 6317 6317 6319 6321 6323 6323 6325 6327 6329 6329 6331 6333 6335 6335 6337 6339 6339 6341 6343 6345 6345 6347 6349 6351 6351 6353 6355 6357 6357 6359 6361 6363 6363 6365 6367 6369 6369 6371 6373 6375 6375 6377 6379 6381 6381 6383 6385 6387 6387 6389 6391 6393 6393 6395 6397 6399 6399 6401 6403 6405 6405 6407 6409 6411 6411 6413 6415 6415 6417 6419 6421 6421 6423 6425 6427 6427 6429 6431 6433 6433 6433 6435 6437 6439 6441 6441 6443 6445 6447 6447 6449 6451 6453 6453 6455 6457 6457 6459 6461 6463 6463 6465 6467 6469 6469 6471 6473 6475 6475 6477 6479 6481 6481 6483 6485 6487 6487 6489 6491 6493 6493 6495 6497 6499 6499 6501 6503 6505 6505 6507 6509 6511 6511 6513 6515 6517 6517 6519 6521 6523 6523 6525 6527 6529 6529 6531 6533 6535 6535 6537 6539 6541 6541 6543 6545 6547 6547 6549 6551 6553 6553 6555 6557 6559 6559 6561 6563 6565 6565 6567 6569 6571 6571 6573 6575 6577 6577 6579 6581 6583 6583 6585 6587 6589 6589 6591 6593 6595 6595 6597 6599 6601 6601 6603 6605 6607 6607 6609 6611 6613 6613 6615 6617 6619 6619 6621 6623 6625 6625 6627 6629 6631 6631 6633 6635 6637 6637 6639 6641 6643 6643 6645 6647 6649 6649 6651 6653 6655 6655 6657 6657 6659 6661 6661 6663 6665 6665 6667 6669 6671 6671 6673 6675 6677 6677 6679 6681 6683 6683 6685 6687 6689 6689 6691 6693 6695 6695 6697 6699 6701 6701 6703 6705 6707 6707 6709 6711 6713 6713 6715 6717 6719 6719 6721 6723 6725 6725 6727 6729 6731 6731 6733 6735 6737 6737 6739 6741 6743 6743 6745 6747 6749 6749 6751 6753 6755 6755 6757 6759 6761 6761 6763 6765 6767 6767 6769 6771 6773 6773 6775 6777 6779 6779 6781 6783 6785 6785 6785 6787 6789 6791 6793 6795 6795 6797 6799 6801 6801 6803 6805 6807 6807 6809 6811 6813 6813 6815 6817 6819 6819 6821 6823 6825 6825 6827 6829 6831 6831 6833 6835 6837 6837 6839 6841 6843 6843 6845 6847 6849 6849 6851 6853 6855 6855 6857 6859 6861 6861 6863 6865 6867 6867 6869 6869 6871 6873 6875 6875 6877 6879 6881 6883 6883 6885 6887 6889 6889 6891 6893 6895 6897 6897 6899 6901 6903 6903 6905 6907 6909 6909 6911 6913 6915 6915 6917 6919 6921 6921 6923 6925 6927 6927 6929 6931 6931 6933 6935 6937 6937 6939 6941 6943 6943 6945 6945 6947 6949 6951 6953 6953 6955 6957 6959 6959 6961 6963 6965 6965 6967 6969 6971 6971 6973 6975 6977 6977 6979 6981 6983 6983 6985 6987 6989 6989 6991 6993 6995 6995 6997 6999 7001 7001 7003 7005 7007 7007 7009 7011 7013 7013 7015 7017 7019 7019 7021 7021 7023 7025 7027 7029 7029 7031 7033 7035 7035 7037 7039 7041 7041 7043 7045 7047 7047 7049 7051 7053 7053 7055 7057 7057 7059 7061 7063 7063 7065 7067 7069 7069 7071 7073 7075 7075 7077 7079 7081 7081 7083 7085 7087 7087 7089 7091 7093 7093 7095 7097 7099 7099 7101 7103 7105 7105 7107 7109 7111 7111 7113 7115 7117 7117 7119 7121 7123 7123 7125 7127 7129 7129 7131 7133 7135 7135 7137 7139 7141 7141 7143 7145 7147 7147 7149 7151 7153 7153 7155 7157 7159 7159 7161 7163 7165 7165 7167 7170 7171 7171 7173 7175 7177 7177 7179 7181 7183 7183 7185 7187 7189 7189 7191 7193 7195 7195 7197 7200 7200 7201 7201 7203 7205 7207 7207 7209 7211 7213 7215 7215 7217 7219 7221 7221 7223 7225 7227 7227 7229 7231 7231 7233 7233 7235 7237 7239 7241 7241 7243 7245 7247 7247 7249 7251 7253 7253 7255 7257 7259 7259 7261 7263 7265 7265 7267 7269 7271 7271 7273 7275 7277 7277 7279 7281 7281 7283 7285 7287 7287 7289 7291 7293 7293 7295 7297 7299 7299 7301 7303 7303 7305 7307 7309 7311 7313 7315 7315 7317 7319 7321 7321 7323 7325 7327 7327 7329 7331 7333 7333 7335 7337 7339 7339 7341 7343 7345 7345 7345 7347 7349 7351 7353 7353 7355 7357 7359 7359 7359 7361 7363 7365 7367 7367 7369 7371 7373 7373 7375 7377 7379 7379 7381 7383 7385 7385 7387 7389 7391 7391 7393 7395 7397 7397 7399 7401 7403 7403 7405 7407 7407 7409 7411 7413 7413 7415 7417 7419 7419 7421 7424 7425 7425 7427 7429 7431 7431 7433 7435 7437 7437 7439 7441 7443 7443 7445 7447 7449 7449 7451 7453 7455 7455 7457 7459 7461 7461 7463 7465 7467 7467 7469 7471 7473 7473 7475 7477 7479 7479 7481 7483 7485 7485 7487 7490 7491 7491 7493 7495 7497 7497 7499 7501 7503 7503 7505 7507 7509 7509 7511 7513 7515 7515 7517 7517 7519 7521 7523 7525 7525 7527 7529 7531 7531 7533 7535 7537 7537 7539 7541 7541 7543 7545 7547 7547 7549 7551 7553 7553 7555 7558 7559 7559 7561 7563 7565 7565 7567 7570 7571 7571 7573 7573 7575 7577 7579 7581 7581 7583 7586 7587 7587 7589 7591 7593 7593 7595 7597 7599 7599 7601 7604 7605 7605 7607 7610 7611 7611 7613 7615 7617 7617 7619 7621 7623 7623 7625 7627 7629 7629 7631 7633 7635 7635 7637 7639 7641 7641 7643 7645 7647 7647 7649 7652 7653 7653 7655 7658 7659 7659 7661 7664 7665 7665 7667 7669 7671 7671 7673 7676 7677 7677 7679 7682 7683 7683 7685 7687 7689 7689 7691 7691 7693 7695 7698 7699 7699 7701 7704 7705 7705 7707 7710 7711 7711 7713 7715 7717 7717 7719 7721 7723 7723 7725 7727 7729 7729 7731 7733 7735 7735 7737 7740 7741 7741 7743 7746 7747 7747 7749 7751 7753 7753 7755 7757 7759 7759 7761 7764 7765 7765 7767 7769 7771 7771 7773 7775 7777 7777 7779 7781 7783 7783 7785 7788 7789 7789 7791 7793 7795 7795 7797 7800 7801 7801 7803 7806 7807 7807 7809 7812 7813 7813 7815 7817 7819 7819 7821 7823 7825 7825 7827 7829 7831 7831 7833 7836 7837 7837 7839 7842 7843 7843 7845 7848 7849 7849 7851 7853 7855 7855 7857 7859 7861 7861 7863 7866 7867 7867 7869 7869 7871 7874 7875 7877 7877 7879 7881 7883 7883 7885 7888 7889 7889 7891 7893 7895 7895 7897 7899 7901 7901 7903 7905 7907 7907 7909 7909 7911 7914 7915 7915 7917 7920 7921 7921 7921 7923 7925 7928 7929 7929 7931 7934 7935 7935 7937 7940 7941 7941 7943 7946 7947 7947 7947 7949 7951 7954 7955 7955 7957 7959 7961 7961 7963 7966 7967 7969 7969 7971 7973 7975 7975 7977 7979 7981 7981 7983 7985 7987 7987 7989 7991 7993 7993 7995 7997 7999 7999 8001 8003 8003 8005 8007 8009 8009 8011 8013 8015 8015 8017 8019 8021 8021 8023 8025 8027 8027 8029 8031 8033 8033 8035 8037 8039 8039 8041 8043 8045 8045 8047 8049 8051 8051 8053 8055 8057 8057 8059 8061 8061 8063 8065 8067 8067 8067 8069 8071 8073 8075 8075 8077 8079 8081 8081 8083 8085 8087 8087 8089 8091 8093 8093 8095 8097 8099 8099 8101 8103 8103 8105 8107 8109 8109 8111 8113 8115 8115 8117 8119 8121 8121 8123 8125 8127 8127 8129 8129 8131 8133 8135 8137 8137 8139 8141 8143 8143 8145 8147 8149 8149 8151 8153 8155 8155 8157 8159 8161 8161 8163 8165 8167 8167 8169 8171 8173 8173 8175 8177 8179 8179 8181 8183 8185 8185 8187 8187 8189 8191 8193 8195 8195 8197 8199 8201 8201 8203 8205 8207 8207 8209 8211 8213 8213 8215 8215 8217 8219 8221 8223 8223 8223 8225 8227 8229 8231 8233 8233 8235 8237 8239 8239 8241 8243 8245 8245 8247 8247 8249 8251 8253 8255 8255 8257 8259 8261 8261 8263 8263 8265 8267 8269 8271 8271 8273 8273 8275 8277 8279 8281 8281 8283 8285 8287 8287 8289 8291 8293 8293 8295 8297 8299 8299 8301 8303 8305 8305 8307 8309 8309 8311 8313 8315 8315 8317 8319 8321 8321 8323 8325 8327 8327 8329 8331 8333 8333 8335 8337 8339 8339 8341 8343 8345 8345 8347 8349 8351 8351 8353 8355 8357 8357 8359 8361 8363 8363 8365 8367 8369 8369 8371 8373 8375 8375 8377 8379 8381 8381 8383 8385 8387 8387 8389 8391 8393 8393 8395 8397 8399 8399 8401 8403 8405 8405 8407 8409 8411 8411 8413 8415 8417 8417 8419 8421 8421 8423 8425 8427 8427 8429 8431 8433 8433 8435 8437 8439 8439 8441 8443 8445 8445 8447 8449 8451 8451 8453 8455 8457 8457 8459 8461 8463 8463 8465 8467 8469 8469 8471 8473 8475 8475 8477 8479 8481 8481 8483 8485 8487 8487 8489 8491 8493 8493 8495 8497 8499 8499 8501 8503 8505 8505 8507 8509 8511 8511 8513 8515 8517 8517 8519 8521 8523 8523 8525 8527 8529 8529 8531 8533 8535 8535 8537 8539 8541 8541 8543 8545 8547 8547 8549 8551 8553 8553 8555 8557 8559 8559 8561 8563 8565 8565 8567 8569 8571 8571 8573 8575 8577 8577 8579 8581 8583 8583 8585 8587 8589 8589 8591 8593 8595 8595 8597 8599 8601 8601 8603 8605 8607 8607 8609 8611 8613 8613 8615 8617 8619 8619 8621 8623 8625 8625 8627 8629 8631 8631 8633 8635 8637 8637 8639 8641 8643 8643 8645 8647 8649 8649 8651 8653 8655 8655 8657 8659 8661 8661 8663 8665 8667 8667 8669 8671 8673 8673 8675 8677 8679 8679 8681 8683 8685 8685 8687 8689 8691 8691 8693 8695 8697 8697 8699 8701 8703 8703 8705 8707 8709 8709 8711 8713 8715 8715 8717 8719 8721 8721 8723 8725 8727 8727 8729 8731 8733 8733 8735 8737 8739 8739 8741 8743 8743 8745 8747 8749 8749 8751 8753 8755 8755 8757 8759 8761 8761 8763 8765 8767 8767 8769 8771 8773 8773 8775 8777 8779 8779 8781 8781 8783 8785 8787 8789 8789 8791 8793 8795 8795 8797 8799 8801 8801 8803 8805 8807 8807 8809 8811 8813 8813 8815 8817 8819 8819 8821 8823 8825 8825 8827 8829 8831 8831 8833 8835 8837 8837 8839 8841 8843 8843 8845 8847 8849 8849 8851 8853 8855 8855 8857 8857 8859 8861 8863 8865 8865 8867 8869 8871 8871 8873 8875 8877 8877 8879 8881 8883 8883 8885 8887 8889 8889 8891 8893 8895 8895 8895 8897 8899 8901 8903 8905 8905 8907 8909 8911 8911 8913 8915 8917 8917 8919 8921 8923 8923 8925 8927 8929 8929 8931 8933 8935 8935 8937 8939 8941 8941 8943 8945 8947 8947 8949 8951 8953 8953 8955 8957 8959 8961 8961 8963 8965 8967 8967 8969 8971 8973 8973 8975 8977 8979 8979 8981 8983 8985 8985 8987 8989 8991 8991 8993 8995 8997 8997 8999 9001 9003 9003 9005 9007 9009 9009 9011 9013 9015 9015 9017 9019 9021 9021 9023 9025 9027 9027 9029 9031 9033 9033 9035 9037 9037 9039 9041 9043 9043 9045 9047 9049 9049 9051 9053 9055 9055 9057 9059 9061 9061 9063 9063 9065 9067 9069 9071 9071 9073 9075 9077 9077 9079 9081 9083 9083 9085 9087 9089 9089 9091 9093 9095 9095 9097 9099 9101 9101 9103 9105 9107 9107 9109 9111 9113 9113 9115 9117 9119 9119 9121 9123 9125 9125 9127 9129 9131 9131 9133 9135 9137 9137 9139 9141 9143 9143 9145 9147 9149 9149 9151 9153 9155 9155 9157 9157 9159 9161 9163 9163 9165 9167 9169 9169 9171 9173 9175 9175 9177 9179 9181 9181 9183 9185 9187 9187 9189 9191 9193 9193 9195 9197 9199 9199 9201 9203 9203 9205 9207 9209 9209 9211 9213 9215 9215 9217 9219 9221 9221 9223 9225 9227 9227 9229 9231 9233 9233 9235 9237 9239 9239 9241 9243 9245 9245 9247 9249 9251 9251 9253 9255 9257 9257 9259 9261 9263 9263 9265 9267 9269 9271 9273 9273 9275 9277 9279 9279 9281 9283 9285 9285 9287 9289 9291 9291 9293 9295 9297 9297 9299 9301 9303 9303 9303 9305 9307 9309 9311 9311 9313 9315 9317 9317 9319 9321 9323 9323 9325 9327 9329 9329 9331 9333 9335 9335 9337 9339 9341 9341 9343 9345 9347 9347 9349 9351 9353 9353 9355 9355 9357 9359 9361 9361 9363 9365 9367 9369 9369 9371 9373 9375 9375 9377 9379 9381 9381 9383 9385 9387 9387 9389 9391 9393 9393 9395 9397 9399 9399 9401 9403 9405 9405 9407 9409 9411 9411 9413 9415 9417 9417 9419 9421 9423 9423 9425 9427 9429 9429 9431 9433 9435 9435 9437 9439 9441 9441 9443 9445 9447 9447 9449 9451 9453 9453 9455 9457 9459 9459 9461 9463 9465 9465 9467 9469 9471 9471 9473 9473 9475 9477 9479 9481 9481 9483 9485 9487 9487 9489 9491 9493 9493 9495 9497 9499 9499 9501 9503 9505 9505 9507 9509 9511 9511 9513 9515 9517 9517 9519 9521 9523 9523 9525 9527 9529 9529 9531 9533 9535 9535 9537 9539 9541 9541 9541 9543 9545 9547 9549 9549 9551 9553 9555 9555 9557 9559 9561 9561 9563 9565 9565 9567 9569 9571 9571 9573 9575 9577 9577 9579 9581 9583 9583 9585 9587 9589 9589 9591 9593 9595 9595 9597 9599 9601 9601 9603 9605 9607 9607 9609 9611 9613 9613 9615 9617 9619 9619 9621 9623 9623 9625 9627 9629 9629 9631 9633 9635 9635 9637 9639 9641 9641 9643 9645 9647 9647 9649 9651 9653 9653 9655 9657 9659 9659 9661 9663 9663 9665 9667 9669 9669 9671 9673 9675 9675 9677 9679 9681 9681 9683 9685 9687 9687 9689 9691 9693 9693 9695 9697 9699 9699 9701 9703 9705 9705 9707 9709 9711 9711 9713 9715 9715 9717 9719 9721 9721 9723 9725 9727 9727 9729 9731 9733 9733 9735 9737 9739 9739 9741 9743 9745 9745 9747 9749 9751 9751 9753 9755 9757 9757 9759 9761 9763 9763 9765 9767 9769 9769 9771 9773 9775 9775 9777 9779 9781 9781 9783 9785 9787 9787 9789 9791 9793 9793 9795 9797 9799 9799 9801 9803 9805 9805 9807 9809 9811 9811 9813 9815 9817 9817 9819 9821 9821 9823 9825 9827 9827 9829 9831 9833 9833 9835 9837 9839 9839 9841 9843 9845 9845 9847 9849 9851 9851 9853 9855 9857 9857 9859 9861 9863 9863 9865 9867 9869 9869 9871 9873 9875 9875 9877 9879 9881 9881 9883 9885 9887 9887 9889 9891 9893 9893 9895 9897 9899 9899 9901 9903 9905 9905 9907 9909 9911 9911 9913 9915 9917 9917 9919 9921 9923 9923 9925 9927 9929 9929 9931 9933 9935 9935 9937 9939 9941 9941 9943 9945 9947 9947 9949 9951 9953 9953 9955 9957 9959 9959 9961 9963 9965 9965 9967 9969 9971 9971 9973 9975 9977 9977 9979 9981 9983 9983 9985 9987 9989 9989 9991 9993 9995 9995 9997 9999 10001 10001 10003 10005 10007 10007 10009 10011 10013 10013 10015 10017 10019 10019 10021 10023 10025 10025 10027 10029 10031 10031 10033 10036 10037 10037 10039 10041 10043 10043 10045 10047 10049 10049 10051 10053 10055 10059 65535
0 4 4 6 8 10 10 12 14 16 16 18 20 22 22 24 26 28 28 30 32 34 34 36 38 40 40 42 44 46 46 48 50 52 52 54 56 58 58 60 62 64 64 66 68 70 70 72 74 76 76 78 80 82 82 84 86 88 91 65535
0 4 4 6 8 10 10 12 14 16 16 18 20 22 22 24 26 28 28 30 32 34 34 36 38 40 40 42 44 46 46 48 50 52 52 54 56 58 58 60 62 64 64 66 68 70 70 72 74 76 76 78 80 82 82 84 86 88 88 90 92 94 94 96 98 100 100 102 104 106 106 108 110 112 112 114 116 118 118 120 122 124 124 126 128 128 130 132 134 134 136 138 140 140 142 144 146 146 148 150 152 152 154 156 158 158 160 162 164 164 166 168 170 170 172 174 176 176 178 180 180 182 184 186 186 188 190 192 192 194 196 198 198 200 202 204 204 206 208 210 210 212 214 216 216 218 220 222 222 224 226 228 228 230 232 234 234 236 238 240 240 242 244 246 246 248 250 252 252 254 256 258 258 260 262 264 264 266 268 270 270 272 274 276 276 278 280 282 282 284 286 288 288 290 292 294 294 296 298 300 300 302 304 306 306 308 310 312 312 314 316 318 318 320 322 324 324 326 328 330 330 332 334 336 336 338 340 342 342 344 346 348 348 350 352 352 354 356 358 358 360 362 364 364 366 368 370 370 372 374 376 376 378 380 382 382 384 386 388 388 390 392 394 394 396 398 400 400 402 404 406 406 408 410 412 412 414 416 418 418 420 422 424 424 426 428 430 430 432 434 436 436 438 440 442 442 444 446 448 448 450 452 454 454 456 458 460 460 462 464 466 468 468 470 472 474 476 478 478 480 482 484 484 486 488 490 490 492 494 496 496 498 500 502 504 506 506 508 510 512 512 514 516 518 518 520 522 524 526 528 530 532 532 534 536 538 538 540 542 544 546 548 548 550 552 554 556 558 560 562 564 566 566 568 570 572 572 574 576 578 578 580 582 584 586 588 588 590 592 594 596 598 598 600 602 604 604 606 608 610 612 614 614 616 618 620 620 622 624 626 626 628 630 632 632 634 636 638 638 640 642 644 646 648 648 650 652 654 656 656 658 660 662 662 664 666 668 668 670 672 674 674 676 678 680 680 682 684 686 686 688 690 692 694 696 698 700 700 702 704 706 706 708 710 712 714 714 716 718 718 720 722 724 724 726 728 730 732 732 734 736 738 740 742 744 746 748 750 750 752 754 756 758 760 760 762 764 766 768 770 772 774 776 778 780 782 782 784 786 788 788 790 792 794 796 798 798 800 802 804 806 808 810 812 812 814 816 818 820 822 822 824 826 828 830 832 834 836 838 840 842 844 846 848 850 852 854 856 856 858 860 862 864 866 868 871 65535

0 3 6 7 9 9 12 13 15 15 18 19 19 21 24 25 27 27 29 31 31 34 35 37 37 40 41 41 44 45 47 47 50 51 53 53 56 57 59 59 62 63 65 65 67 69 69 72 73 75 75 78 79 81 81 84 85 87 87 89 91 91 93 95 95 98 99 101 101 104 105 107 107 110 111 113 113 116 117 117 119 121 121 124 125 127 127 130 131 133 133 136 137 139 139 142 143 143 146 147 149 149 152 153 153 156 157 159 159 162 163 165 165 168 169 171 171 174 175 177 177 179 181 181 184 185 187 187 190 191 193 193 195 198 199 201 201 204 205 205 208 209 211 211 213 215 215 218 219 221 221 224 225 227 227 229 231 231 233 235 235 237 239 241 243 245 247 249 251 255 65535
0 0 3 5 7 7 9 12 13 13 16 17 17 19 22 23 23 25 27 29 29 31 33 33 35 37 37 39 42 43 43 45 47 47 47 49 49 51 54 55 55 57 59 59 61 63 65 65 65 67 69 71 71 73 73 75 78 79 79 81 81 83 83 85 85 87 87 90 91 91 94 94 96 96 98 98 100 100 102 102 104 106 108 108 110 112 114 114 116 118 120 120 122 122 124 124 126 126 128 129 131 131 133 136 137 137 137 139 141 143 143 145 148 149 149 151 154 155 155 157 159 161 161 163 166 169 65535
0 0 4 5 8 8 10 12 14 14 16 17 20 20 22 23 26 26 28 29 32 32 34 35 38 38 40 42 44 44 46 47 50 50 52 54 54 56 58 60 60 62 63 66 66 68 69 72 72 74 76 78 78 80 82 84 84 86 87 90 90 92 93 96 96 98 99 102 102 104 105 108 108 110 112 114 114 116 117 120 120 122 123 126 126 128 130 132 132 134 136 138 138 140 142 144 144 146 148 150 152 152 154 154 156 158 160 160 162 163 166 166 168 169 172 172 174 176 178 178 180 182 184 184 186 188 190 190 192 194 196 196 198 199 202 202 204 206 206 208 210 210 212 214 214 216 218 220 220 222 224 224 226 226 228 228 230 230 232 232 234 234 236 236 238 238 240 240 242 242 244 244 246 246 248 248 250 252 252 254 256 256 258 259 262 262 264 266 268 268 270 271 274 274 276 278 280 280 282 284 284 286 287 291 65535
0 0 4 6 8 8 10 12 14 14 16 16 17 17 20 20 22 24 26 28 30 32 33 36 38 38 38 38 38 38 38 38 38 39 41 41 43 43 45 45 47 47 50 50 51 54 54 56 56 58 60 62 62 64 66 68 68 69 72 72 74 75 78 78 80 81 85 65535
0 0 4 6 8 8 10 12 14 14 16 17 20 20 22 24 26 26 28 30 32 32 34 35 38 38 40 42 44 44 46 48 50 50 52 53 56 56 58 60 62 62 63 66 66 68 70 70 72 74 76 76 78 79 82 82 84 86 88 88 90 92 94 94 95 98 98 100 100 102 102 104 104 106 106 108 108 110 110 112 112 114 114 116 116 118 118 120 121 124 124 126 128 130 130 132 134 136 136 138 140 143 65535
0 0 3 5 5 7 10 11 11 13 15 15 17 19 19 21 23 27 65535
0 0 3 5 5 7 10 11 11 13 15 15 17 19 21 21 23 26 27 27 29 31 33 33 35 38 39 43 65535
0 0 4 5 8 8 10 11 14 14 16 18 20 20 22 24 26 26 28 29 32 32 34 36 38 38 40 41 44 44 46 48 49 52 52 54 56 56 58 60 60 62 63 66 66 68 70 72 72 74 76 76 78 78 80 80 82 83 87 65535
0 0 3 6 7 7 9 11 13 13 15 18 19 19 21 21 24 24 25 28 29 29 31 34 35 35 37 40 41 41 43 43 45 48 49 49 51 53 55 55 57 59 61 61 61 63 63 65 67 69 71 71 73 76 77 79 79 81 83 85 85 87 89 89 91 93 93 95 97 99 101 101 103 105 105 107 110 111 115 65535
0 0 3 5 7 9 9 9 12 14 15 17 17 19 22 23 23 25 27 29 29 31 34 35 35 37 40 41 43 43 45 47 49 49 49 49 49 52 54 56 56 58 60 62 62 64 66 68 68 70 72 74 74 76 77 79 79 79 81 84 85 85 87 90 91 91 94 95 97 97 97 97 100 102 104 104 106 107 109 109 112 113 115 115 118 119 121 121 123 123 125 127 129 129 131 133 135 135 135 135 138 139 141 141 144 145 147 147 150 151 153 153 156 157 159 159 162 163 165 165 167 167 169 171 173 173 176 177 179 179 182 183 185 185 188 189 191 191 193 195 197 197 200 200 202 204 206 206 208 209 211 211 214 215 217 217 219 219 221 223 225 225 228 229 231 231 234 235 237 237 240 241 243 243 243 243 243 245 247 249 249 251 253 255 255 258 259 261 261 264 265 267 267 269 269 272 273 275 275 278 279 281 281 284 285 287 287 287 287 289 291 293 293 295 297 299 299 302 303 305 305 308 309 311 311 311 314 316 317 319 319 322 323 325 325 328 329 331 331 334 335 337 337 340 341 343 343 345 347 349 349 352 353 355 355 358 359 361 361 364 364 366 367 369 369 372 373 375 375 378 379 381 381 383 385 387 387 389 391 393 393 395 395 397 399 401 401 404 405 407 407 409 411 413 413 413 415 415 418 419 421 423 423 426 427 429 429 429 432 434 436 436 438 440 442 442 444 446 448 449 449 452 453 455 455 458 459 461 461 464 465 467 467 470 471 473 473 476 477 479 479 482 483 485 485 488 489 491 491 494 495 497 497 497 497 499 501 503 503 506 507 509 509 512 513 515 515 518 519 521 521 524 525 527 527 529 531 533 533 535 537 539 539 541 543 545 545 548 549 551 551 551 554 555 555 558 559 559 561 563 565 565 568 569 571 571 574 575 577 577 580 581 583 583 586 587 589 589 591 593 595 595 597 599 601 601 604 605 607 607 609 611 613 613 615 617 619 619 619 619 622 624 626 628 629 629 631 631 634 636 637 637 640 641 643 643 645 647 649 649 652 653 655 655 658 659 661 661 664 665 667 667 669 671 673 673 675 675 678 680 681 681 684 685 687 687 690 691 693 693 695 697 699 699 699 702 704 706 706 708 710 712 713 713 716 717 719 719 722 723 725 725 727 729 731 731 734 735 737 737 740 741 743 743 743 743 746 748 750 750 750 751 754 755 757 757 760 761 763 763 766 767 769 769 771 773 775 775 778 779 781 781 784 785 787 787 790 791 793 793 796 797 799 799 802 803 805 805 808 809 811 811 814 815 817 817 820 821 823 823 825 827 829 829 829 829 832 832 832 834 836 838 838 840 842 844 844 846 847 850 850 850 850 852 854 856 856 858 860 862 862 864 866 868 868 870 871 874 874 876 877 880 880 882 883 886 886 888 890 892 893 893 896 897 899 899 901 903 905 905 908 909 911 911 914 915 917 917 920 921 923 923 923 926 928 930 931 931 934 935 937 937 940 941 943 943 946 947 949 949 952 953 955 955 958 959 961 961 963 965 967 967 970 971 973 973 975 977 979 979 982 983 985 985 985 988 990 992 993 993 993 995 998 998 1000 1000 1002 1004 1006 1007 1009 1009 1012 1013 1015 1015 1015 1018 1019 1019 1021 1023 1025 1025 1028 1029 1029 1029 1031 1031 1034 1035 1037 1037 1037 1040 1041 1043 1045 1045 1045 1047 1050 1050 1051 1051 1054 1055 1057 1059 1061 1061 1063 1065 1067 1067 1067 1069 1069 1072 1073 1075 1075 1078 1079 1081 1081 1084 1085 1087 1087 1087 1090 1092 1092 1094 1095 1097 1097 1100 1101 1103 1103 1103 1106 1108 1110 1111 1111 1114 1115 1117 1117 1120 1120 1122 1123 1125 1125 1128 1129 1131 1131 1133 1135 1137 1137 1137 1140 1141 1143 1143 1143 1146 1146 1147 1149 1151 1153 1155 1155 1155 1158 1159 1161 1163 1163 1166 1167 1169 1169 1169 1169 1172 1173 1175 1175 1178 1179 1181 1181 1184 1185 1187 1187 1187 1189 1191 1193 1195 1195 1195 1195 1198 1200 1202 1203 1205 1205 1207 1209 1211 1211 1213 1213 1215 1217 1219 1219 1219 1222 1222 1224 1225 1227 1227 1230 1231 1233 1233 1236 1237 1239 1239 1239 1242 1243 1245 1247 1247 1250 1251 1253 1253 1256 1257 1259 1259 1262 1262 1263 1265 1267 1267 1269 1271 1273 1273 1273 1276 1277 1279 1281 1281 1284 1285 1287 1287 1287 1289 1289 1292 1293 1295 1295 1298 1299 1301 1301 1304 1305 1307 1307 1310 1311 1313 1313 1316 1317 1319 1319 1322 1323 1325 1325 1328 1329 1331 1331 1334 1335 1337 1337 1340 1341 1343 1343 1346 1347 1349 1349 1349 1351 1353 1353 1356 1357 1359 1359 1362 1363 1365 1365 1367 1367 1370 1372 1373 1375 1375 1375 1375 1378 1380 1382 1383 1385 1385 1388 1389 1389 1389 1392 1393 1395 1397 1397 1400 1401 1403 1403 1403 1406 1406 1408 1409 1411 1411 1413 1415 1417 1417 1420 1421 1423 1423 1425 1427 1429 1429 1432 1433 1433 1436 1437 1439 1439 1442 1443 1445 1445 1445 1445 1448 1450 1452 1452 1454 1455 1457 1457 1457 1460 1462 1463 1465 1465 1468 1469 1471 1471 1474 1475 1477 1477 1477 1480 1481 1483 1485 1485 1487 1489 1491 1491 1494 1495 1497 1497 1497 1497 1500 1500 1502 1504 1504 1505 1507 1509 1509 1512 1513 1515 1517 1517 1520 1521 1523 1523 1526 1527 1529 1529 1532 1533 1535 1535 1538 1539 1539 1542 1543 1543 1546 1547 1549 1549 1552 1553 1555 1555 1555 1557 1559 1561 1561 1564 1565 1567 1567 1567 1569 1571 1573 1573 1575 1577 1579 1579 1581 1584 1585 1585 1587 1590 1591 1593 1593 1596 1596 1597 1600 1601 1601 1604 1605 1607 1607 1609 1611 1613 1613 1613 1616 1617 1617 1619 1621 1623 1623 1626 1627 1629 1629 1632 1633 1635 1635 1638 1639 1641 1641 1644 1645 1647 1647 1647 1647 1650 1652 1654 1654 1654 1656 1658 1660 1662 1662 1663 1663 1666 1667 1667 1669 1671 1673 1675 1675 1677 1679 1681 1681 1681 1683 1686 1687 1687 1689 1689 1691 1694 1696 1697 1699 1699 1701 1703 1705 1705 1707 1710 1711 1711 1713 1716 1716 1717 1717 1719 1721 1724 1725 1725 1727 1727 1730 1731 1731 1731 1733 1735 1738 1739 1739 1739 1741 1744 1745 1747 1747 1749 1752 1753 1753 1755 1758 1759 1759 1761 1761 1763 1763 1765 1768 1769 1769 1769 1771 1774 1775 1777 1777 1777 1777 1777 1779 1782 1783 1785 1787 1787 1789 1792 1793 1793 1795 1798 1799 1799 1801 1803 1805 1805 1807 1810 1811 1811 1811 1813 1816 1816 1817 1819 1821 1821 1823 1826 1827 1827 1829 1831 1833 1833 1835 1838 1839 1839 1841 1843 1845 1845 1847 1850 1851 1851 1853 1855 1857 1857 1859 1862 1863 1863 1865 1867 1869 1869 1871 1874 1875 1875 1877 1880 1881 1881 1883 1885 1887 1887 1889 1891 1893 1893 1895 1897 1899 1899 1899 1902 1903 1905 1905 1905 1905 1905 1907 1909 1911 1913 1913 1913 1916 1917 1919 1919 1922 1923 1925 1925 1925 1927 1927 1930 1931 1933 1933 1935 1937 1939 1939 1939 1942 1943 1946 1947 1947 1950 1951 1953 1953 1956 1957 1959 1959 1962 1963 1965 1965 1968 1969 1971 1971 1971 1971 1974 1974 1975 1977 1977 1980 1981 1983 1983 1986 1987 1989 1989 1989 1989 1992 1993 1995 1995 1997 1999 2001 2001 2004 2005 2007 2007 2010 2011 2013 2013 2013 2016 2017 2019 2019 2022 2023 2025 2025 2027 2029 2031 2031 2031 2034 2035 2038 2039 2039 2042 2043 2045 2045 2045 2045 2048 2049 2051 2051 2054 2055 2057 2057 2060 2061 2063 2063 2066 2067 2069 2069 2072 2073 2075 2075 2078 2079 2081 2081 2083 2085 2085 2088 2089 2089 2089 2089 2091 2091 2093 2095 2097 2097 2100 2101 2103 2105 2105 2105 2105 2107 2109 2111 2111 2111 2113 2113 2115 2118 2119 2119 2121 2124 2125 2125 2127 2130 2131 2131 2133 2136 2137 2137 2139 2142 2143 2143 2145 2148 2149 2149 2151 2154 2155 2155 2157 2157 2160 2161 2161 2163 2166 2167 2167 2169 2172 2173 2175 2175 2175 2177 2180 2181 2181 2183 2186 2187 2187 2189 2192 2193 2193 2193 2195 2198 2199 2201 2201 2203 2206 2207 2207 2209 2212 2213 2213 2215 2215 2217 2220 2221 2221 2223 2225 2225 2227 2230 2231 2231 2233 2236 2237 2237 2239 2242 2243 2243 2245 2248 2249 2249 2252 2252 2253 2255 2257 2257 2257 2259 2262 2263 2263 2265 2268 2269 2269 2271 2274 2275 2275 2277 2280 2281 2281 2283 2286 2287 2287 2289 2292 2293 2293 2296 2296 2298 2299 2301 2301 2303 2305 2305 2307 2310 2311 2311 2314 2315 2317 2317 2317 2320 2321 2324 2325 2325 2325 2327 2330 2331 2331 2333 2336 2337 2337 2339 2342 2343 2345 2345 2348 2349 2351 2351 2353 2355 2357 2357 2357 2360 2361 2364 2365 2365 2368 2369 2371 2371 2374 2375 2377 2377 2377 2380 2381 2384 2385 2385 2388 2389 2391 2391 2391 2391 2394 2395 2397 2397 2399 2401 2403 2403 2406 2407 2407 2410 2410 2412 2413 2415 2417 2417 2419 2421 2423 2423 2425 2427 2429 2429 2432 2433 2435 2435 2438 2439 2441 2441 2444 2445 2447 2447 2450 2451 2453 2453 2453 2456 2457 2459 2459 2461 2463 2465 2465 2467 2469 2471 2471 2473 2473 2475 2477 2479 2479 2479 2479 2479 2482 2483 2485 2485 2488 2489 2491 2491 2493 2493 2493 2495 2495 2497 2499 2499 2501 2504 2505 2505 2505 2508 2509 2511 2513 2513 2515 2517 2517 2519 2521 2523 2523 2525 2525 2527 2529 2531 2531 2534 2535 2537 2537 2537 2537 2540 2541 2543 2543 2546 2547 2549 2549 2549 2551 2554 2555 2555 2555 2557 2560 2561 2561 2563 2565 2567 2567 2570 2571 2571 2573 2575 2577 2577 2579 2581 2583 2583 2586 2587 2589 2589 2592 2593 2595 2595 2598 2599 2601 2601 2604 2605 2607 2607 2610 2611 2613 2613 2616 2617 2619 2619 2619 2619 2619 2621 2623 2625 2625 2627 2629 2631 2631 2634 2635 2637 2637 2640 2641 2643 2643 2646 2647 2649 2649 2649 2651 2654 2655 2655 2658 2659 2661 2661 2664 2665 2667 2667 2670 2671 2673 2673 2676 2677 2679 2679 2681 2683 2685 2685 2688 2689 2691 2691 2694 2695 2697 2697 2697 2697 2700 2702 2702 2704 2704 2706 2708 2710 2712 2714 2714 2716 2716 2718 2719 2721 2721 2723 2725 2727 2727 2729 2731 2733 2733 2736 2737 2739 2739 2742 2743 2745 2745 2748 2749 2751 2751 2754 2755 2757 2757 2759 2761 2763 2763 2766 2767 2769 2769 2769 2769 2771 2774 2775 2775 2778 2779 2781 2781 2784 2785 2787 2787 2789 2791 2793 2793 2795 2795 2797 2799 2801 2801 2804 2805 2807 2807 2809 2811 2811 2814 2815 2817 2817 2820 2821 2823 2823 2823 2826 2827 2830 2830 2832 2833 2836 2836 2838 2839 2841 2841 2844 2845 2847 2847 2850 2851 2853 2853 2856 2857 2859 2859 2862 2863 2865 2865 2868 2869 2871 2871 2874 2875 2877 2877 2877 2877 2877 2879 2882 2883 2883 2885 2887 2889 2889 2892 2893 2895 2895 2898 2899 2901 2901 2904 2905 2905 2907 2909 2909 2912 2913 2915 2915 2915 2915 2915 2917 2920 2920 2921 2921 2923 2925 2927 2929 2931 2931 2934 2935 2937 2937 2940 2941 2943 2943 2946 2947 2949 2949 2952 2952 2953 2955 2957 2957 2960 2960 2962 2963 2965 2965 2965 2967 2967 2969 2969 2972 2974 2975 2977 2977 2980 2981 2983 2983 2986 2987 2989 2989 2992 2993 2993 2996 2997 2997 2999 3001 3003 3003 3006 3007 3009 3009 3012 3013 3015 3015 3015 3018 3019 3021 3021 3024 3025 3025 3027 3029 3029 3032 3033 3035 3035 3038 3039 3041 3041 3044 3045 3047 3049 3049 3051 3051 3053 3055 3057 3057 3060 3061 3063 3063 3066 3067 3069 3069 3072 3073 3075 3075 3078 3079 3081 3081 3084 3085 3087 3087 3090 3091 3093 3093 3096 3097 3099 3099 3102 3103 3105 3105 3108 3109 3109 3112 3113 3113 3116 3117 3119 3119 3122 3123 3125 3125 3125 3125 3125 3127 3130 3131 3131 3133 3136 3137 3137 3139 3142 3143 3143 3145 3148 3149 3149 3149 3151 3154 3155 3155 3157 3159 3161 3163 3163 3166 3167 3169 3169 3169 3169 3169 3171 3174 3175 3177 3177 3180 3181 3183 3183 3185 3187 3189 3189 3192 3193 3195 3195 3198 3199 3201 3201 3204 3204 3205 3207 3209 3209 3212 3213 3215 3215 3218 3219 3221 3221 3224 3225 3227 3227 3227 3227 3227 3230 3230 3231 3233 3236 3236 3238 3239 3242 3242 3244 3246 3248 3248 3250 3252 3254 3254 3256 3258 3260 3260 3262 3264 3266 3266 3268 3268 3269 3272 3272 3274 3276 3278 3280 3280 3282 3284 3286 3286 3286 3288 3290 3292 3292 3294 3296 3298 3298 3300 3302 3304 3304 3306 3307 3310 3310 3312 3313 3316 3316 3318 3320 3322 3322 3324 3325 3327 3327 3330 3331 3331 3334 3335 3335 3338 3339 3341 3341 3344 3345 3347 3347 3350 3351 3353 3353 3353 3353 3355 3355 3357 3359 3361 3361 3363 3365 3367 3367 3367 3370 3371 3373 3375 3375 3378 3379 3381 3383 3383 3386 3387 3389 3389 3392 3393 3395 3395 3398 3399 3401 3401 3404 3405 3407 3407 3407 3407 3409 3411 3413 3413 3415 3417 3419 3419 3421 3423 3425 3425 3427 3429 3431 3431 3434 3435 3437 3437 3437 3440 3441 3443 3443 3446 3447 3449 3449 3452 3453 3455 3455 3458 3459 3461 3461 3461 3463 3463 3465 3468 3469 3469 3471 3474 3475 3475 3477 3479 3481 3481 3483 3485 3487 3487 3487 3489 3491 3493 3493 3496 3497 3499 3499 3501 3503 3505 3505 3507 3509 3511 3511 3513 3515 3517 3517 3519 3521 3523 3523 3525 3527 3529 3529 3529 3532 3533 3536 3536 3536 3536 3537 3540 3541 3541 3543 3546 3547 3547 3549 3551 3553 3553 3556 3557 3559 3559 3561 3563 3565 3565 3568 3569 3571 3571 3571 3574 3575 3578 3578 3580 3581 3581 3584 3585 3587 3587 3587 3587 3590 3590 3591 3593 3595 3597 3597 3599 3599 3601 3604 3605 3605 3607 3610 3611 3611 3613 3616 3617 3617 3617 3617 3619 3621 3623 3625 3628 3629 3629 3631 3633 3633 3633 3635 3635 3638 3639 3641 3641 3644 3645 3647 3647 3650 3651 3653 3653 3653 3655 3655 3655 3655 3655 3655 3658 3659 3661 3661 3664 3665 3667 3667 3670 3671 3673 3673 3675 3677 3679 3679 3682 3683 3685 3685 3687 3689 3691 3691 3693 3695 3697 3697 3700 3701 3703 3703 3705 3707 3709 3709 3712 3713 3715 3715 3715 3717 3720 3721 3721 3723 3725 3725 3728 3729 3731 3731 3734 3735 3737 3737 3737 3740 3742 3744 3744 3746 3747 3749 3749 3752 3753 3755 3755 3755 3758 3758 3760 3762 3763 3765 3765 3768 3769 3771 3771 3774 3775 3777 3777 3777 3779 3779 3781 3783 3785 3787 3787 3790 3791 3793 3793 3796 3797 3799 3799 3802 3803 3805 3805 3807 3809 3811 3811 3814 3815 3817 3817 3819 3821 3823 3823 3826 3827 3829 3829 3832 3833 3835 3835 3838 3839 3841 3841 3841 3843 3846 3847 3847 3849 3852 3853 3853 3856 3857 3859 3859 3862 3863 3865 3865 3868 3869 3871 3871 3873 3875 3877 3877 3880 3881 3883 3883 3883 3886 3887 3887 3887 3890 3891 3893 3895 3895 3897 3899 3901 3901 3903 3905 3907 3907 3910 3910 3911 3913 3915 3915 3918 3919 3921 3921 3924 3925 3927 3927 3929 3931 3933 3933 3933 3935 3938 3939 3941 3941 3941 3943 3945 3947 3947 3949 3951 3953 3953 3956 3957 3959 3959 3959 3959 3962 3963 3966 3966 3968 3969 3971 3971 3973 3975 3977 3977 3980 3981 3983 3983 3986 3987 3989 3989 3992 3993 3995 3995 3997 3999 3999 4001 4003 4003 4005 4007 4009 4009 4009 4011 4011 4014 4015 4017 4017 4020 4021 4023 4023 4026 4027 4029 4029 4029 4032 4033 4035 4035 4037 4039 4041 4041 4044 4045 4047 4047 4050 4051 4053 4053 4053 4056 4058 4060 4060 4062 4064 4066 4066 4068 4070 4072 4072 4074 4076 4078 4078 4080 4082 4084 4084 4086 4087 4089 4089 4092 4093 4095 4095 4098 4099 4101 4101 4103 4105 4105 4108 4109 4111 4111 4114 4115 4117 4117 4120 4121 4123 4123 4123 4123 4123 4123 4125 4128 4129 4129 4132 4133 4136 4136 4138 4139 4142 4143 4143 4146 4147 4149 4149 4152 4153 4155 4155 4158 4159 4161 4161 4164 4165 4167 4167 4169 4169 4172 4173 4175 4175 4178 4179 4181 4181 4184 4185 4187 4187 4189 4191 4193 4193 4195 4195 4197 4197 4200 4201 4203 4203 4203 4205 4208 4209 4211 4211 4214 4215 4217 4217 4220 4220 4221 4223 4225 4225 4228 4229 4231 4231 4234 4235 4237 4237 4240 4242 4242 4244 4246 4248 4249 4249 4252 4253 4255 4255 4257 4259 4261 4261 4261 4264 4264 4266 4268 4270 4271 4271 4271 4271 4274 4275 4278 4278 4279 4281 4283 4283 4286 4287 4289 4289 4289 4291 4293 4295 4297 4297 4300 4301 4303 4303 4306 4307 4309 4309 4311 4313 4315 4315 4318 4319 4321 4321 4323 4326 4327 4327 4327 4327 4329 4332 4333 4333 4335 4337 4339 4339 4339 4339 4339 4342 4343 4345 4345 4347 4347 4349 4352 4353 4353 4355 4358 4359 4359 4361 4363 4365 4365 4367 4369 4371 4371 4373 4375 4377 4377 4379 4382 4383 4383 4383 4383 4383 4385 4387 4390 4391 4391 4391 4393 4395 4397 4399 4399 4399 4401 4404 4405 4407 4407 4409 4413 65535
0 0 3 5 5 7 9 9 11 11 13 16 17 17 20 21 21 23 23 25 27 30 31 31 34 35 35 37 39 41 41 43 45 45 47 49 49 52 52 53 55 55 57 59 59 61 63 63 65 65 67 70 71 71 73 75 75 77 80 81 83 83 85 87 87 89 92 93 93 95 97 97 100 101 101 103 103 105 107 109 109 111 113 113 116 117 117 119 121 121 123 125 125 127 129 131 131 131 134 135 137 137 139 141 141 144 144 145 147 147 149 151 151 154 155 155 157 159 159 161 163 165 165 167 169 169 171 173 175 175 177 179 179 179 181 183 185 185 187 189 189 191 193 193 195 197 199 199 199 202 203 205 207 207 209 211 211 213 215 217 217 219 221 223 223 225 228 229 229 231 231 233 233 235 237 239 239 241 243 245 245 247 249 251 251 253 253 255 255 257 257 259 261 263 263 265 268 269 269 271 273 273 275 277 279 279 281 281 283 285 287 289 289 291 293 293 295 297 297 299 299 301 301 303 303 305 305 307 309 312 313 313 315 317 319 319 321 323 325 325 325 327 329 332 333 333 335 335 337 337 339 341 343 343 345 347 349 349 351 353 355 355 357 357 359 359 361 363 365 367 367 369 372 373 373 375 377 379 379 381 381 381 383 385 387 389 389 391 391 391 393 396 396 397 399 399 399 401 401 403 406 407 407 409 409 411 414 414 415 415 418 418 420 421 423 423 425 425 427 430 431 433 433 435 435 437 440 442 442 443 446 447 447 449 451 453 453 455 457 459 459 461 463 465 465 467 467 469 469 472 473 475 477 479 479 481 481 483 483 485 485 487 489 491 491 491 493 493 495 495 495 497 499 501 501 503 503 503 503 505 507 509 511 511 513 515 517 519 521 521 523 523 525 527 527 529 531 533 533 535 537 537 539 539 541 543 545 545 547 549 551 551 551 553 553 555 557 557 559 562 563 563 563 565 567 567 569 571 571 574 576 577 577 577 577 577 579 581 583 585 587 589 589 591 591 593 595 597 599 599 599 601 603 605 605 605 607 607 607 609 609 611 613 615 617 619 621 621 623 625 625 627 630 631 631 633 635 637 637 639 641 643 643 645 647 649 649 651 651 651 653 655 657 657 659 659 661 661 663 663 665 665 665 668 670 671 673 673 675 677 679 679 681 681 683 685 687 687 689 689 691 691 693 696 697 697 697 700 700 701 703 705 705 707 707 709 709 711 711 713 715 715 717 717 719 719 721 721 721 723 725 725 727 727 729 732 733 733 735 737 739 739 739 739 741 743 745 747 747 749 751 753 753 755 755 755 757 760 761 763 765 765 765 767 767 769 771 774 775 775 777 779 779 781 781 783 785 785 787 787 790 792 793 795 797 797 797 799 799 799 802 802 802 803 806 806 807 807 809 811 811 813 816 817 819 819 821 821 824 824 824 825 827 829 829 831 833 833 835 837 839 839 839 839 841 841 843 845 845 847 849 851 853 853 855 857 857 857 859 861 864 865 865 867 867 869 871 873 875 875 877 877 879 879 881 883 885 887 887 889 891 891 893 893 893 895 897 899 899 901 904 905 905 905 907 907 909 909 909 912 913 915 917 920 921 921 923 925 927 927 929 931 933 933 935 937 939 939 941 943 945 945 947 947 947 949 951 953 955 955 955 957 959 959 961 961 963 966 967 967 969 969 971 971 974 975 977 979 981 981 983 985 987 987 989 991 993 993 995 995 997 1000 1001 1003 1003 1005 1005 1007 1009 1011 1011 1013 1013 1015 1017 1019 1019 1021 1021 1023 1023 1025 1027 1029 1029 1031 1031 1033 1036 1037 1037 1039 1041 1043 1043 1045 1045 1047 1047 1047 1049 1051 1053 1055 1055 1057 1059 1061 1061 1063 1065 1067 1069 1069 1071 1073 1073 1075 1077 1077 1079 1082 1083 1083 1085 1087 1089 1089 1091 1091 1091 1093 1095 1097 1099 1101 1103 1103 1103 1103 1103 1105 1107 1110 1111 1111 1111 1113 1116 1116 1118 1119 1121 1123 1125 1125 1127 1129 1131 1131 1133 1133 1133 1135 1135 1137 1137 1139 1141 1143 1143 1145 1145 1148 1149 1151 1153 1155 1155 1157 1159 1161 1161 1163 1163 1166 1167 1169 1169 1171 1173 1175 1175 1177 1177 1179 1179 1181 1183 1186 1187 1187 1189 1189 1191 1191 1193 1196 1197 1197 1199 1201 1203 1203 1205 1205 1207 1210 1210 1211 1213 1213 1215 1215 1215 1217 1219 1219 1221 1223 1223 1225 1227 1229 1229 1231 1231 1233 1233 1235 1238 1239 1241 1241 1243 1245 1245 1247 1247 1249 1251 1251 1253 1256 1258 1258 1259 1259 1261 1263 1263 1265 1267 1267 1269 1269 1271 1274 1275 1275 1277 1279 1281 1281 1283 1283 1285 1285 1287 1287 1290 1292 1293 1293 1295 1297 1299 1301 1301 1301 1301 1303 1305 1307 1309 1311 1311 1313 1315 1315 1317 1320 1321 1321 1323 1325 1327 1327 1329 1332 1333 1333 1335 1337 1339 1339 1341 1341 1344 1344 1344 1345 1347 1347 1349 1351 1351 1351 1351 1353 1356 1358 1359 1359 1359 1361 1363 1366 1367 1367 1369 1369 1371 1371 1371 1374 1374 1375 1377 1379 1381 1381 1383 1386 1386 1388 1390 1391 1391 1393 1395 1397 1397 1399 1401 1401 1401 1403 1403 1405 1407 1407 1407 1407 1410 1412 1413 1413 1413 1415 1417 1419 1419 1419 1421 1421 1423 1425 1427 1429 1429 1431 1433 1435 1435 1437 1437 1439 1442 1443 1445 1445 1447 1447 1449 1451 1451 1453 1453 1455 1457 1460 1461 1461 1463 1463 1465 1467 1467 1470 1471 1471 1473 1473 1475 1475 1477 1479 1481 1483 1485 1485 1487 1489 1491 1491 1493 1495 1497 1497 1499 1499 1501 1503 1505 1507 1507 1509 1509 1511 1513 1516 1517 1517 1517 1519 1519 1521 1523 1525 1527 1529 1529 1531 1533 1533 1533 1535 1537 1539 1541 1541 1543 1545 1545 1547 1549 1551 1551 1553 1555 1557 1557 1559 1561 1563 1563 1565 1568 1568 1569 1571 1571 1573 1575 1575 1577 1579 1579 1581 1581 1583 1585 1587 1589 1589 1591 1594 1594 1595 1595 1598 1599 1599 1599 1601 1603 1605 1605 1607 1609 1611 1611 1613 1615 1617 1617 1619 1619 1621 1621 1623 1625 1625 1625 1625 1627 1627 1629 1629 1631 1633 1635 1635 1637 1639 1641 1641 1643 1643 1645 1645 1647 1650 1651 1653 1653 1655 1658 1659 1659 1661 1661 1663 1663 1665 1667 1669 1669 1671 1671 1673 1676 1677 1677 1679 1681 1683 1683 1685 1687 1689 1689 1691 1691 1691 1694 1695 1697 1697 1699 1701 1703 1703 1705 1705 1707 1709 1711 1713 1713 1715 1717 1719 1719 1721 1723 1725 1725 1727 1727 1729 1729 1732 1733 1735 1735 1737 1739 1741 1741 1743 1743 1743 1745 1747 1749 1751 1751 1753 1753 1755 1757 1760 1761 1761 1763 1765 1767 1767 1769 1769 1771 1773 1775 1777 1777 1779 1781 1783 1783 1785 1787 1789 1789 1791 1791 1793 1796 1797 1799 1799 1801 1803 1805 1805 1807 1809 1809 1811 1811 1813 1813 1815 1818 1819 1821 1821 1821 1821 1823 1823 1825 1828 1829 1831 1831 1833 1835 1837 1837 1839 1842 1842 1843 1845 1847 1847 1849 1849 1851 1853 1855 1855 1855 1857 1857 1859 1859 1861 1861 1863 1863 1865 1867 1870 1871 1873 1873 1875 1877 1879 1879 1881 1883 1885 1885 1887 1889 1891 1891 1893 1895 1897 1897 1899 1901 1903 1903 1905 1905 1907 1909 1911 1913 1913 1915 1917 1919 1919 1921 1923 1925 1925 1927 1927 1929 1932 1933 1935 1935 1935 1937 1937 1939 1941 1943 1945 1947 1947 1947 1949 1949 1951 1953 1955 1955 1957 1959 1961 1961 1963 1963 1965 1968 1969 1971 1971 1973 1975 1977 1977 1979 1979 1981 1983 1985 1987 1987 1989 1989 1989 1991 1991 1991 1993 1996 1997 1999 1999 2001 2003 2005 2005 2007 2009 2009 2011 2013 2013 2015 2018 2019 2019 2021 2023 2025 2025 2027 2029 2029 2031 2033 2035 2035 2037 2039 2041 2041 2043 2045 2047 2047 2049 2051 2053 2053 2055 2058 2059 2059 2061 2061 2063 2066 2067 2069 2069 2071 2071 2073 2075 2075 2077 2077 2079 2081 2083 2085 2085 2085 2087 2087 2089 2089 2092 2093 2096 2097 2097 2097 2099 2099 2101 2103 2103 2106 2107 2109 2109 2109 2111 2113 2115 2117 2117 2119 2119 2121 2123 2125 2125 2125 2127 2129 2131 2131 2133 2136 2136 2137 2139 2141 2141 2143 2145 2147 2147 2149 2149 2151 2153 2155 2155 2157 2157 2160 2160 2161 2161 2163 2163 2166 2167 2167 2169 2171 2173 2173 2175 2177 2179 2179 2181 2183 2185 2185 2187 2187 2189 2189 2191 2191 2191 2193 2193 2193 2195 2198 2199 2199 2201 2203 2205 2205 2207 2209 2209 2211 2211 2213 2213 2215 2217 2220 2221 2221 2223 2226 2227 2227 2227 2229 2229 2231 2233 2235 2237 2237 2237 2239 2239 2241 2243 2245 2245 2247 2247 2249 2251 2254 2255 2255 2257 2257 2257 2259 2259 2261 2261 2263 2266 2267 2267 2269 2272 2273 2273 2275 2278 2279 2279 2281 2283 2285 2285 2287 2289 2291 2291 2293 2293 2293 2293 2295 2297 2300 2301 2303 2303 2305 2305 2307 2309 2309 2311 2313 2315 2315 2317 2319 2321 2321 2323 2325 2325 2327 2330 2331 2331 2333 2333 2336 2338 2339 2339 2341 2341 2343 2343 2346 2347 2349 2349 2351 2351 2353 2356 2357 2357 2359 2361 2363 2363 2365 2368 2368 2369 2371 2373 2373 2375 2375 2377 2379 2379 2381 2381 2383 2385 2387 2387 2389 2391 2393 2393 2395 2398 2399 2399 2401 2401 2403 2405 2405 2407 2407 2407 2407 2409 2411 2414 2415 2417 2417 2417 2419 2421 2421 2423 2426 2427 2427 2429 2429 2431 2434 2435 2437 2437 2439 2441 2443 2443 2445 2447 2449 2449 2451 2453 2455 2455 2457 2459 2461 2461 2463 2465 2467 2467 2469 2471 2473 2473 2475 2477 2477 2477 2479 2481 2483 2483 2485 2487 2489 2489 2491 2493 2495 2495 2497 2497 2499 2501 2503 2505 2505 2507 2510 2511 2511 2513 2515 2515 2517 2517 2519 2521 2523 2523 2525 2525 2527 2529 2531 2531 2533 2533 2535 2535 2537 2537 2537 2539 2539 2541 2541 2543 2546 2547 2550 2551 2553 2553 2555 2558 2559 2559 2561 2561 2563 2563 2565 2565 2567 2569 2569 2571 2571 2573 2575 2577 2577 2579 2581 2583 2585 2585 2585 2587 2590 2591 2593 2593 2595 2597 2599 2599 2601 2603 2605 2605 2607 2607 2609 2611 2611 2613 2616 2617 2617 2619 2619 2621 2623 2623 2625 2625 2627 2627 2629 2631 2633 2635 2635 2637 2639 2641 2641 2643 2645 2647 2647 2649 2649 2651 2651 2653 2653 2655 2655 2658 2659 2662 2663 2666 2667 2667 2667 2669 2669 2669 2671 2673 2675 2677 2677 2679 2681 2683 2683 2685 2685 2687 2687 2689 2689 2691 2693 2693 2695 2695 2697 2697 2699 2702 2703 2705 2705 2707 2707 2709 2711 2713 2713 2715 2717 2719 2719 2719 2722 2723 2725 2727 2727 2729 2731 2731 2733 2736 2737 2737 2739 2739 2742 2743 2743 2746 2747 2749 2749 2749 2751 2753 2756 2757 2757 2757 2757 2760 2762 2763 2765 2765 2765 2767 2767 2767 2769 2771 2774 2776 2777 2779 2779 2781 2781 2781 2781 2783 2785 2787 2789 2791 2791 2791 2793 2796 2797 2799 2799 2801 2801 2803 2805 2805 2807 2809 2809 2809 2811 2814 2815 2815 2817 2819 2821 2821 2823 2825 2825 2827 2829 2831 2831 2833 2835 2837 2837 2839 2839 2841 2841 2843 2843 2845 2848 2849 2849 2849 2852 2854 2855 2855 2857 2859 2861 2861 2863 2865 2865 2867 2867 2869 2869 2871 2874 2875 2877 2877 2879 2881 2883 2883 2883 2885 2887 2889 2892 2893 2893 2895 2897 2897 2899 2901 2903 2903 2903 2903 2905 2908 2909 2911 2911 2911 2911 2913 2913 2915 2917 2917 2919 2921 2924 2926 2927 2927 2929 2931 2931 2933 2936 2937 2937 2937 2939 2942 2943 2943 2946 2948 2949 2949 2951 2953 2955 2955 2957 2957 2957 2959 2961 2961 2963 2963 2965 2968 2969 2969 2971 2974 2975 2975 2977 2977 2979 2981 2981 2983 2986 2986 2987 2987 2989 2992 2993 2993 2995 2995 2997 2999 3001 3001 3003 3003 3005 3007 3007 3007 3009 3011 3011 3013 3016 3017 3020 3021 3021 3021 3023 3023 3025 3027 3030 3031 3033 3033 3035 3037 3037 3039 3041 3043 3043 3045 3045 3047 3049 3049 3051 3051 3053 3055 3057 3059 3059 3061 3061 3064 3064 3065 3067 3069 3069 3069 3071 3071 3073 3075 3077 3077 3079 3081 3083 3083 3085 3087 3089 3089 3091 3093 3093 3093 3095 3097 3099 3099 3101 3101 3101 3101 3101 3103 3103 3105 3105 3107 3109 3111 3111 3113 3113 3115 3115 3117 3117 3117 3119 3121 3123 3123 3125 3125 3127 3130 3131 3131 3133 3135 3137 3137 3139 3141 3143 3143 3145 3145 3147 3150 3151 3153 3153 3155 3155 3158 3159 3162 3163 3163 3165 3167 3169 3169 3171 3173 3175 3175 3177 3180 3181 3181 3183 3185 3187 3187 3189 3192 3192 3193 3193 3193 3195 3195 3197 3199 3201 3201 3203 3205 3207 3207 3209 3212 3212 3213 3215 3217 3217 3219 3221 3223 3223 3225 3225 3225 3227 3229 3231 3233 3233 3235 3237 3239 3239 3241 3241 3243 3246 3247 3249 3249 3251 3253 3255 3255 3257 3257 3257 3259 3259 3261 3261 3263 3265 3267 3267 3269 3269 3271 3274 3276 3277 3277 3279 3279 3281 3284 3284 3285 3288 3289 3289 3291 3294 3295 3295 3297 3300 3301 3301 3303 3306 3307 3307 3309 3311 3313 3313 3313 3315 3317 3319 3321 3321 3323 3323 3325 3327 3330 3331 3331 3333 3333 3333 3335 3335 3337 3339 3341 3343 3343 3345 3345 3347 3349 3349 3351 3353 3355 3355 3355 3357 3357 3359 3361 3363 3363 3363 3365 3368 3369 3371 3371 3373 3375 3377 3377 3379 3379 3381 3383 3386 3387 3387 3389 3391 3393 3393 3395 3397 3399 3399 3401 3403 3403 3403 3405 3408 3409 3409 3411 3413 3413 3413 3415 3415 3417 3419 3421 3421 3423 3425 3425 3427 3429 3429 3431 3431 3433 3435 3437 3437 3439 3441 3443 3443 3445 3445 3447 3450 3451 3453 3453 3455 3455 3457 3460 3461 3461 3463 3466 3467 3467 3469 3471 3473 3473 3475 3477 3479 3479 3481 3481 3483 3485 3487 3489 3489 3491 3494 3495 3495 3495 3497 3497 3499 3499 3499 3499 3501 3504 3505 3505 3507 3507 3509 3511 3513 3513 3515 3515 3517 3517 3519 3519 3521 3521 3524 3525 3525 3527 3529 3531 3533 3533 3535 3535 3535 3537 3539 3539 3539 3541 3541 3543 3543 3545 3545 3547 3549 3551 3553 3553 3555 3555 3557 3559 3559 3561 3564 3565 3565 3567 3569 3571 3571 3573 3575 3577 3577 3579 3579 3581 3581 3583 3585 3585 3587 3589 3591 3591 3593 3593 3595 3597 3597 3599 3601 3603 3603 3605 3605 3607 3609 3612 3613 3613 3615 3618 3619 3619 3621 3623 3623 3625 3627 3629 3629 3631 3633 3635 3635 3637 3637 3639 3641 3643 3643 3643 3643 3645 3647 3647 3649 3651 3653 3655 3657 3659 3659 3661 3661 3661 3663 3666 3667 3667 3669 3669 3671 3673 3676 3677 3677 3679 3682 3683 3683 3685 3687 3689 3689 3689 3691 3693 3695 3697 3697 3699 3699 3701 3703 3705 3705 3707 3709 3711 3711 3713 3713 3715 3718 3719 3721 3721 3721 3723 3725 3727 3729 3729 3731 3733 3735 3735 3737 3737 3739 3739 3741 3743 3746 3747 3747 3747 3749 3749 3751 3753 3753 3755 3757 3757 3757 3759 3759 3761 3763 3766 3767 3767 3767 3769 3769 3769 3769 3771 3774 3775 3777 3780 3781 3781 3783 3785 3787 3787 3789 3789 3791 3791 3793 3795 3798 3799 3799 3801 3801 3803 3805 3808 3809 3809 3811 3811 3813 3815 3815 3817 3817 3817 3819 3819 3821 3823 3823 3825 3827 3830 3831 3831 3831 3833 3835 3837 3837 3837 3837 3839 3839 3841 3843 3845 3845 3847 3849 3849 3851 3851 3854 3855 3857 3859 3859 3861 3861 3863 3865 3865 3868 3869 3869 3871 3874 3876 3877 3877 3879 3879 3881 3883 3885 3885 3887 3887 3889 3889 3889 3891 3891 3894 3896 3897 3897 3899 3901 3903 3903 3905 3907 3909 3909 3911 3911 3913 3913 3915 3918 3920 3921 3923 3923 3925 3927 3929 3929 3929 3931 3931 3934 3935 3935 3935 3937 3939 3942 3943 3943 3945 3947 3949 3949 3951 3951 3954 3955 3957 3959 3959 3959 3961 3963 3963 3965 3967 3967 3969 3971 3971 3973 3976 3977 3977 3979 3981 3983 3983 3985 3987 3989 3989 3991 3993 3995 3995 3997 3997 3997 3999 4001 4001 4003 4005 4007 4009 4009 4009 4011 4013 4016 4017 4017 4019 4019 4019 4021 4021 4024 4025 4025 4027 4029 4029 4031 4033 4035 4035 4035 4037 4037 4037 4039 4039 4039 4041 4041 4043 4045 4045 4045 4047 4049 4051 4054 4055 4055 4057 4057 4059 4059 4062 4064 4065 4065 4067 4067 4069 4069 4071 4071 4073 4073 4075 4075 4078 4079 4079 4079 4081 4083 4086 4087 4087 4089 4091 4093 4093 4095 4095 4097 4097 4097 4099 4101 4104 4105 4107 4109 4109 4109 4109 4111 4113 4115 4117 4117 4119 4119 4121 4124 4125 4127 4127 4127 4127 4129 4129 4131 4131 4133 4135 4135 4135 4137 4139 4139 4139 4142 4144 4145 4145 4147 4147 4150 4151 4151 4153 4156 4157 4159 4159 4159 4161 4161 4161 4163 4166 4168 4169 4171 4171 4173 4173 4173 4175 4175 4175 4177 4177 4180 4181 4183 4185 4185 4185 4187 4187 4189 4192 4193 4195 4197 4197 4199 4201 4203 4203 4203 4205 4207 4209 4209 4211 4211 4213 4215 4217 4219 4219 4221 4221 4223 4223 4225 4228 4229 4229 4229 4231 4231 4233 4235 4237 4237 4239 4239 4239 4241 4243 4245 4248 4249 4249 4251 4251 4253 4253 4255 4255 4257 4257 4259 4261 4263 4263 4263 4265 4268 4269 4269 4271 4273 4275 4275 4275 4275 4278 4278 4279 4281 4281 4283 4285 4285 4287 4289 4289 4291 4293 4295 4295 4297 4299 4301 4301 4301 4303 4305 4307 4309 4309 4311 4311 4311 4313 4315 4317 4319 4319 4321 4323 4325 4325 4325 4325 4327 4329 4329 4331 4334 4334 4335 4335 4335 4337 4337 4337 4337 4337 4339 4339 4341 4343 4343 4346 4348 4350 4351 4351 4353 4355 4357 4357 4357 4359 4361 4363 4363 4365 4365 4367 4369 4371 4373 4373 4373 4373 4375 4375 4377 4379 4382 4382 4383 4385 4387 4387 4389 4389 4389 4391 4391 4394 4395 4397 4399 4399 4401 4403 4405 4405 4405 4405 4407 4407 4407 4409 4411 4411 4413 4415 4417 4420 4421 4421 4421 4423 4423 4423 4425 4427 4427 4429 4432 4433 4433 4435 4437 4437 4437 4439 4439 4441 4441 4443 4445 4447 4449 4449 4451 4451 4453 4453 4455 4458 4459 4461 4461 4463 4465 4465 4465 4467 4469 4471 4473 4473 4475 4477 4479 4479 4481 4481 4484 4485 4485 4485 4487 4487 4489 4491 4493 4495 4495 4497 4497 4499 4501 4503 4505 4505 4507 4509 4511 4511 4511 4513 4513 4515 4515 4518 4520 4521 4521 4523 4526 4527 4527 4529 4529 4531 4531 4533 4533 4535 4537 4537 4539 4542 4543 4543 4543 4545 4545 4547 4549 4551 4551 4553 4555 4557 4557 4557 4559 4559 4561 4561 4563 4565 4565 4567 4569 4571 4574 4575 4575 4575 4577 4579 4581 4584 4585 4585 4585 4587 4587 4589 4592 4592 4593 4595 4597 4597 4597 4599 4601 4603 4603 4605 4605 4605 4607 4607 4609 4611 4613 4613 4615 4617 4619 4622 4623 4623 4623 4625 4627 4630 4631 4631 4633 4633 4635 4635 4637 4637 4639 4641 4643 4643 4645 4647 4649 4649 4651 4651 4653 4653 4655 4657 4659 4659 4661 4663 4665 4665 4667 4667 4669 4671 4674 4675 4675 4677 4679 4681 4681 4683 4683 4685 4685 4687 4687 4689 4691 4693 4693 4695 4697 4699 4699 4699 4701 4701 4703 4705 4705 4705 4707 4707 4709 4711 4711 4713 4713 4713 4715 4717 4719 4719 4721 4723 4723 4725 4727 4729 4731 4731 4733 4735 4737 4737 4739 4739 4741 4743 4743 4746 4746 4747 4747 4747 4747 4749 4751 4751 4751 4753 4755 4757 4757 4759 4759 4761 4763 4763 4765 4765 4767 4770 4771 4773 4773 4775 4775 4777 4779 4782 4783 4783 4783 4785 4787 4789 4789 4791 4793 4795 4795 4795 4797 4799 4801 4801 4803 4803 4805 4807 4807 4807 4809 4809 4809 4809 4811 4814 4815 4815 4817 4819 4819 4819 4821 4824 4825 4827 4827 4829 4831 4833 4835 4835 4835 4837 4839 4839 4841 4844 4846 4847 4847 4849 4849 4849 4851 4853 4856 4857 4857 4857 4859 4861 4863 4865 4865 4867 4869 4871 4871 4871 4873 4873 4875 4877 4877 4879 4881 4883 4883 4883 4885 4887 4889 4891 4893 4893 4893 4895 4898 4899 4901 4901 4903 4905 4907 4909 4909 4909 4911 4913 4915 4915 4917 4919 4919 4921 4923 4923 4923 4925 4927 4929 4931 4931 4933 4935 4937 4937 4939 4941 4941 4944 4945 4945 4945 4947 4949 4949 4952 4954 4955 4957 4957 4959 4961 4963 4963 4965 4967 4967 4969 4972 4973 4973 4975 4977 4977 4979 4982 4983 4983 4985 4987 4989 4989 4991 4994 4995 4995 4995 4998 4998 4998 4999 5001 5004 5005 5005 5007 5010 5011 5011 5011 5013 5015 5018 5019 5019 5022 5023 5023 5023 5025 5028 5030 5031 5031 5031 5033 5035 5035 5035 5038 5039 5041 5041 5041 5043 5043 5046 5047 5049 5051 5051 5053 5053 5053 5055 5057 5059 5062 5063 5063 5065 5067 5067 5069 5071 5071 5071 5073 5075 5077 5079 5079 5081 5083 5085 5085 5087 5087 5087 5089 5091 5094 5096 5097 5097 5099 5099 5101 5101 5103 5105 5107 5109 5109 5109 5111 5114 5115 5117 5117 5119 5121 5123 5123 5125 5127 5127 5129 5129 5131 5133 5135 5135 5135 5137 5137 5139 5141 5143 5145 5147 5147 5149 5149 5151 5153 5156 5157 5157 5159 5159 5161 5161 5163 5163 5163 5166 5166 5167 5167 5169 5171 5171 5173 5175 5177 5177 5177 5179 5181 5183 5185 5185 5187 5187 5189 5191 5191 5193 5195 5197 5197 5199 5199 5201 5201 5203 5203 5206 5206 5208 5210 5211 5213 5213 5215 5217 5219 5219 5221 5221 5223 5225 5227 5227 5229 5229 5231 5231 5233 5233 5235 5235 5237 5239 5241 5243 5245 5245 5247 5249 5251 5251 5253 5256 5257 5257 5259 5259 5259 5262 5262 5263 5265 5265 5265 5267 5269 5269 5271 5274 5275 5275 5277 5277 5277 5279 5282 5283 5285 5285 5287 5287 5289 5291 5291 5293 5293 5295 5297 5299 5299 5301 5301 5303 5305 5305 5307 5309 5309 5311 5314 5315 5315 5317 5317 5319 5319 5321 5323 5325 5327 5327 5327 5329 5329 5331 5333 5335 5338 5339 5339 5341 5341 5343 5345 5347 5347 5347 5349 5349 5351 5351 5351 5354 5354 5355 5355 5358 5359 5362 5363 5365 5365 5365 5368 5368 5370 5370 5370 5372 5374 5375 5378 5378 5379 5381 5383 5385 5385 5387 5389 5391 5391 5393 5395 5395 5397 5399 5401 5401 5401 5403 5403 5405 5407 5409 5409 5411 5411 5413 5413 5415 5415 5417 5419 5419 5421 5423 5423 5425 5427 5429 5429 5431 5433 5433 5435 5437 5439 5439 5441 5441 5443 5443 5445 5445 5447 5447 5449 5451 5451 5451 5453 5455 5457 5457 5459 5459 5462 5463 5465 5467 5467 5469 5471 5473 5473 5475 5477 5479 5479 5481 5483 5485 5485 5487 5490 5491 5491 5491 5491 5493 5495 5495 5495 5497 5499 5499 5501 5503 5503 5505 5507 5509 5509 5511 5513 5513 5515 5518 5519 5519 5521 5523 5525 5525 5527 5527 5527 5529 5531 5534 5535 5535 5537 5539 5541 5541 5541 5543 5543 5545 5547 5547 5549 5552 5553 5553 5555 5555 5558 5559 5561 5563 5563 5565 5565 5567 5567 5567 5570 5571 5573 5573 5573 5575 5577 5579 5579 5581 5583 5585 5585 5587 5587 5590 5591 5593 5595 5595 5597 5599 5601 5601 5601 5603 5605 5605 5607 5609 5609 5611 5611 5614 5615 5617 5619 5619 5621 5623 5625 5625 5625 5627 5629 5629 5631 5633 5635 5637 5637 5639 5639 5639 5641 5643 5645 5647 5647 5649 5651 5653 5653 5655 5655 5655 5655 5657 5660 5661 5663 5665 5665 5665 5667 5670 5670 5671 5674 5675 5677 5677 5679 5682 5683 5683 5685 5685 5685 5687 5689 5691 5693 5695 5695 5697 5700 5701 5701 5703 5705 5705 5708 5709 5709 5711 5711 5713 5713 5713 5716 5717 5717 5717 5719 5719 5719 5719 5721 5723 5723 5725 5727 5727 5729 5731 5733 5733 5735 5737 5739 5739 5741 5741 5743 5745 5748 5749 5749 5751 5751 5754 5755 5758 5759 5759 5761 5763 5765 5765 5767 5769 5769 5771 5774 5775 5775 5777 5779 5781 5781 5783 5783 5786 5786 5788 5789 5791 5793 5793 5795 5797 5799 5799 5801 5803 5803 5805 5808 5809 5809 5811 5813 5815 5815 5817 5819 5821 5821 5823 5825 5827 5827 5829 5829 5831 5833 5835 5835 5837 5840 5841 5841 5843 5845 5847 5847 5849 5851 5853 5853 5855 5858 5859 5859 5861 5863 5865 5865 5867 5869 5869 5871 5871 5874 5875 5875 5877 5877 5879 5881 5884 5885 5885 5887 5890 5891 5891 5893 5896 5897 5897 5897 5899 5902 5903 5903 5905 5905 5907 5909 5911 5911 5913 5915 5917 5917 5919 5922 5923 5923 5925 5925 5927 5929 5929 5931 5931 5933 5935 5937 5937 5939 5942 5943 5943 5945 5947 5949 5949 5951 5953 5955 5955 5957 5959 5961 5961 5963 5963 5965 5967 5969 5971 5971 5973 5975 5977 5977 5979 5979 5982 5983 5983 5986 5987 5987 5989 5991 5993 5993 5995 5997 5999 5999 6001 6003 6005 6005 6007 6009 6009 6011 6013 6015 6015 6017 6019 6021 6021 6023 6025 6027 6027 6029 6029 6031 6034 6036 6037 6037 6039 6039 6041 6041 6043 6045 6047 6047 6047 6049 6051 6053 6055 6057 6057 6059 6062 6063 6063 6065 6067 6069 6069 6071 6073 6075 6075 6077 6079 6081 6083 6083 6085 6088 6089 6089 6091 6093 6095 6095 6097 6099 6101 6101 6103 6103 6103 6105 6105 6108 6109 6111 6113 6113 6113 6115 6117 6117 6120 6121 6121 6123 6125 6127 6127 6129 6131 6133 6133 6135 6137 6139 6139 6141 6141 6143 6143 6145 6145 6145 6147 6149 6152 6152 6153 6153 6155 6157 6157 6159 6161 6163 6165 6165 6165 6167 6167 6170 6170 6171 6173 6173 6173 6175 6175 6177 6177 6179 6181 6183 6185 6187 6187 6189 6189 6192 6193 6195 6195 6195 6197 6197 6199 6202 6203 6205 6207 6207 6209 6209 6211 6213 6215 6215 6217 6217 6220 6221 6221 6224 6225 6225 6227 6227 6227 6227 6230 6231 6233 6236 6237 6239 6239 6241 6241 6243 6245 6248 6249 6249 6251 6251 6253 6256 6258 6259 6259 6261 6263 6265 6265 6267 6267 6269 6269 6271 6273 6275 6275 6277 6277 6279 6281 6283 6283 6285 6287 6289 6289 6291 6293 6295 6295 6297 6299 6301 6301 6301 6301 6301 6303 6305 6307 6307 6307 6309 6309 6311 6313 6316 6317 6317 6317 6319 6319 6321 6323 6325 6325 6327 6329 6331 6331 6331 6333 6335 6338 6339 6339 6341 6341 6343 6343 6345 6347 6349 6349 6351 6353 6353 6353 6355 6355 6357 6357 6359 6361 6363 6363 6365 6368 6369 6371 6371 6373 6375 6375 6377 6377 6379 6381 6381 6383 6385 6385 6387 6389 6391 6391 6393 6395 6395 6397 6400 6401 6401 6403 6405 6407 6407 6409 6409 6411 6413 6413 6416 6417 6417 6419 6421 6423 6423 6425 6427 6427 6429 6432 6433 6433 6435 6435 6437 6439 6442 6443 6443 6443 6445 6445 6447 6449 6449 6452 6453 6453 6455 6457 6459 6459 6461 6463 6465 6465 6467 6469 6469 6471 6471 6473 6475 6477 6477 6477 6479 6481 6481 6483 6483 6485 6487 6489 6489 6491 6491 6493 6495 6497 6497 6499 6501 6503 6503 6505 6507 6507 6507 6509 6512 6514 6515 6515 6517 6519 6521 6521 6523 6523 6525 6527 6529 6529 6531 6533 6535 6535 6535 6537 6539 6541 6541 6543 6545 6547 6547 6547 6549 6549 6551 6553 6555 6555 6557 6557 6559 6559 6561 6561 6563 6565 6567 6567 6570 6571 6571 6573 6573 6575 6577 6579 6581 6581 6583 6585 6587 6589 6589 6591 6593 6593 6595 6597 6597 6599 6601 6603 6603 6605 6607 6609 6609 6611 6613 6615 6615 6617 6619 6621 6621 6621 6623 6623 6625 6627 6627 6629 6629 6632 6634 6635 6637 6637 6639 6641 6643 6643 6645 6647 6649 6649 6651 6654 6655 6655 6657 6657 6660 6661 6663 6663 6665 6665 6667 6669 6671 6671 6673 6675 6677 6677 6679 6679 6681 6683 6685 6685 6687 6687 6687 6689 6691 6693 6696 6696 6697 6699 6701 6701 6701 6703 6705 6707 6709 6711 6711 6713 6713 6715 6715 6717 6717 6719 6722 6722 6723 6726 6727 6727 6729 6729 6731 6733 6735 6735 6737 6739 6739 6742 6743 6743 6745 6745 6747 6747 6750 6751 6753 6753 6755 6757 6759 6759 6761 6761 6763 6765 6765 6767 6770 6771 6771 6773 6775 6777 6777 6779 6781 6783 6783 6785 6787 6789 6789 6791 6793 6795 6795 6797 6797 6799 6801 6804 6805 6805 6807 6807 6810 6810 6811 6811 6814 6816 6817 6817 6817 6819 6821 6821 6823 6823 6825 6827 6827 6827 6829 6829 6831 6833 6835 6835 6837 6837 6839 6841 6843 6843 6845 6845 6847 6849 6851 6853 6853 6855 6857 6859 6859 6861 6861 6861 6863 6865 6867 6869 6871 6871 6873 6875 6877 6877 6879 6882 6883 6883 6885 6885 6887 6889 6891 6891 6893 6893 6896 6896 6897 6897 6899 6899 6901 6903 6905 6905 6907 6909 6911 6911 6913 6915 6917 6917 6917 6919 6919 6921 6923 6926 6927 6927 6929 6931 6933 6933 6933 6935 6935 6937 6940 6941 6943 6943 6945 6947 6949 6949 6951 6951 6953 6955 6958 6959 6959 6961 6961 6963 6965 6967 6967 6969 6969 6972 6972 6973 6975 6975 6977 6977 6977 6979 6981 6983 6985 6987 6987 6989 6991 6993 6993 6993 6995 6995 6997 6997 6999 7001 7001 7003 7003 7005 7005 7007 7007 7009 7009 7011 7013 7015 7017 7017 7019 7022 7023 7023 7025 7025 7027 7027 7029 7031 7033 7035 7035 7037 7039 7041 7041 7043 7043 7046 7047 7047 7049 7051 7051 7053 7056 7057 7059 7059 7061 7063 7063 7065 7065 7067 7069 7071 7073 7073 7075 7075 7077 7079 7079 7081 7083 7083 7083 7085 7087 7089 7089 7091 7091 7091 7091 7093 7093 7095 7098 7100 7101 7103 7103 7105 7105 7107 7110 7112 7114 7115 7115 7117 7117 7119 7119 7121 7123 7125 7127 7127 7127 7129 7129 7131 7131 7133 7135 7135 7137 7140 7141 7141 7143 7146 7147 7147 7149 7152 7153 7153 7155 7157 7157 7159 7162 7163 7163 7165 7167 7169 7169 7171 7173 7175 7175 7177 7177 7179 7182 7183 7183 7185 7187 7189 7189 7191 7191 7194 7195 7195 7198 7199 7199 7201 7203 7205 7205 7207 7207 7209 7212 7213 7215 7215 7217 7217 7219 7221 7223 7225 7225 7227 7229 7229 7231 7231 7233 7235 7237 7239 7239 7241 7241 7243 7245 7247 7247 7249 7251 7253 7253 7253 7255 7257 7259 7261 7263 7263 7265 7265 7267 7267 7269 7269 7271 7271 7273 7276 7277 7277 7279 7281 7283 7283 7285 7287 7289 7289 7289 7291 7291 7291 7291 7293 7293 7295 7297 7300 7302 7303 7305 7305 7307 7307 7309 7311 7314 7315 7315 7317 7319 7321 7321 7323 7323 7325 7327 7330 7331 7331 7331 7333 7333 7335 7338 7339 7341 7344 7344 7345 7347 7347 7349 7352 7352 7353 7353 7355 7357 7357 7359 7362 7363 7363 7365 7368 7369 7369 7371 7373 7375 7375 7375 7377 7377 7379 7381 7381 7384 7385 7385 7387 7390 7390 7391 7394 7395 7395 7397 7399 7401 7401 7403 7405 7407 7407 7409 7409 7411 7413 7416 7417 7417 7419 7419 7422 7423 7425 7425 7427 7429 7429 7431 7431 7433 7433 7435 7437 7439 7441 7441 7441 7443 7445 7447 7450 7451 7451 7453 7455 7457 7457 7459 7459 7462 7463 7466 7467 7467 7469 7471 7473 7473 7473 7475 7475 7477 7477 7477 7477 7479 7481 7483 7485 7487 7489 7489 7489 7489 7491 7493 7493 7495 7497 7497 7497 7500 7501 7503 7505 7505 7507 7510 7512 7513 7515 7515 7515 7517 7519 7521 7523 7523 7525 7528 7529 7529 7529 7531 7533 7535 7535 7537 7539 7541 7541 7543 7543 7545 7545 7547 7547 7549 7549 7551 7553 7555 7557 7559 7559 7559 7561 7563 7566 7567 7567 7569 7569 7571 7573 7573 7575 7575 7577 7577 7579 7579 7581 7583 7585 7587 7587 7587 7589 7591 7593 7593 7595 7595 7595 7597 7600 7601 7603 7603 7605 7605 7607 7609 7611 7613 7613 7615 7617 7619 7619 7621 7621 7621 7623 7625 7627 7627 7629 7631 7633 7633 7635 7635 7637 7639 7639 7639 7641 7641 7643 7645 7647 7649 7649 7649 7651 7653 7655 7657 7657 7659 7661 7661 7663 7663 7663 7666 7667 7667 7669 7671 7673 7673 7675 7675 7677 7679 7679 7679 7681 7683 7685 7687 7687 7689 7691 7693 7693 7695 7695 7697 7699 7699 7701 7703 7705 7705 7705 7707 7709 7711 7711 7713 7713 7715 7717 7719 7721 7721 7723 7725 7725 7727 7729 7731 7731 7733 7735 7737 7737 7739 7739 7739 7742 7744 7744 7745 7745 7747 7747 7749 7749 7751 7753 7755 7757 7757 7759 7761 7763 7763 7765 7767 7769 7769 7771 7771 7773 7773 7776 7777 7779 7781 7783 7783 7785 7787 7789 7789 7789 7789 7791 7793 7795 7795 7797 7799 7801 7801 7803 7803 7805 7807 7809 7809 7811 7811 7811 7813 7815 7817 7817 7819 7819 7819 7821 7823 7825 7828 7829 7829 7831 7833 7835 7835 7837 7839 7839 7841 7841 7844 7845 7845 7845 7847 7849 7849 7851 7854 7855 7857 7857 7859 7859 7861 7861 7863 7863 7865 7865 7867 7867 7869 7872 7873 7873 7875 7877 7879 7879 7881 7881 7883 7885 7887 7889 7889 7891 7891 7893 7893 7895 7895 7897 7899 7901 7903 7903 7903 7905 7907 7909 7909 7911 7914 7915 7915 7917 7919 7921 7921 7923 7923 7925 7927 7929 7929 7931 7933 7935 7935 7937 7939 7941 7943 7943 7945 7947 7949 7949 7951 7953 7953 7955 7955 7955 7957 7957 7959 7962 7962 7963 7965 7967 7967 7969 7969 7971 7971 7973 7975 7977 7979 7979 7981 7983 7985 7985 7985 7987 7987 7989 7992 7993 7993 7995 7995 7997 7999 8001 8001 8001 8003 8003 8003 8005 8005 8007 8010 8011 8011 8011 8013 8015 8015 8017 8017 8020 8022 8023 8023 8025 8025 8027 8029 8032 8033 8033 8033 8033 8035 8038 8039 8039 8041 8041 8043 8043 8045 8047 8047 8049 8049 8049 8051 8051 8053 8055 8057 8057 8059 8061 8061 8063 8065 8065 8067 8069 8071 8071 8073 8075 8077 8077 8079 8079 8081 8083 8085 8087 8087 8089 8091 8093 8093 8095 8095 8097 8099 8099 8101 8103 8105 8107 8107 8109 8109 8111 8111 8111 8113 8115 8117 8117 8119 8121 8123 8125 8125 8127 8127 8129 8129 8131 8131 8131 8133 8133 8136 8138 8139 8139 8139 8139 8141 8143 8145 8147 8147 8149 8151 8154 8155 8155 8157 8159 8161 8161 8163 8165 8167 8167 8169 8169 8169 8171 8173 8173 8175 8177 8177 8179 8181 8181 8183 8185 8187 8187 8189 8192 8193 8193 8195 8195 8197 8199 8199 8201 8203 8205 8205 8207 8207 8207 8209 8211 8213 8213 8215 8217 8219 8219 8221 8221 8221 8223 8225 8227 8230 8231 8231 8233 8235 8237 8237 8237 8239 8241 8243 8243 8245 8247 8249 8249 8251 8254 8255 8255 8257 8259 8259 8259 8261 8263 8265 8267 8267 8269 8271 8271 8273 8273 8273 8275 8277 8279 8279 8281 8283 8285 8285 8287 8289 8291 8291 8293 8296 8297 8297 8297 8299 8301 8303 8305 8305 8305 8307 8307 8309 8312 8312 8313 8313 8316 8317 8319 8319 8321 8321 8323 8323 8325 8325 8328 8329 8331 8333 8333 8335 8337 8337 8339 8341 8343 8343 8345 8345 8348 8349 8352 8353 8353 8355 8357 8357 8359 8362 8363 8363 8363 8365 8365 8365 8367 8367 8369 8369 8372 8373 8373 8375 8377 8379 8379 8381 8383 8383 8385 8387 8389 8389 8391 8393 8395 8395 8397 8397 8399 8399 8401 8403 8405 8405 8407 8407 8409 8411 8413 8415 8415 8417 8419 8419 8419 8421 8424 8425 8425 8427 8430 8431 8433 8433 8435 8437 8439 8439 8441 8444 8445 8445 8447 8447 8449 8451 8451 8453 8453 8455 8455 8457 8459 8462 8464 8465 8465 8467 8469 8471 8471 8473 8475 8477 8477 8479 8479 8481 8483 8483 8485 8487 8489 8491 8491 8493 8496 8497 8497 8499 8499 8501 8503 8505 8507 8507 8509 8511 8513 8513 8515 8517 8519 8519 8519 8521 8524 8525 8525 8527 8530 8531 8531 8533 8535 8537 8537 8539 8539 8541 8543 8545 8545 8547 8547 8549 8549 8551 8551 8553 8555 8557 8557 8559 8561 8563 8563 8565 8565 8568 8569 8571 8571 8573 8575 8577 8577 8577 8579 8579 8581 8581 8583 8583 8585 8587 8589 8589 8589 8591 8591 8593 8595 8597 8597 8599 8602 8603 8603 8603 8605 8605 8607 8609 8611 8611 8611 8613 8613 8615 8618 8620 8621 8623 8623 8625 8625 8627 8627 8629 8629 8629 8629 8631 8633 8635 8635 8635 8637 8640 8641 8641 8643 8643 8645 8647 8650 8651 8651 8653 8655 8657 8657 8657 8659 8661 8661 8663 8665 8667 8669 8669 8671 8671 8673 8673 8675 8677 8679 8679 8679 8681 8683 8685 8685 8687 8687 8689 8691 8693 8695 8695 8697 8697 8699 8699 8699 8701 8703 8705 8707 8709 8711 8711 8713 8715 8717 8717 8719 8719 8721 8723 8725 8727 8727 8729 8729 8731 8733 8735 8735 8737 8739 8741 8741 8741 8743 8745 8745 8745 8747 8749 8751 8753 8753 8755 8755 8757 8757 8759 8759 8759 8761 8763 8763 8765 8767 8769 8771 8771 8773 8775 8777 8777 8779 8779 8779 8781 8783 8785 8785 8787 8790 8791 8791 8793 8795 8797 8797 8799 8799 8799 8801 8801 8804 8805 8805 8807 8809 8811 8811 8813 8815 8817 8817 8819 8819 8821 8821 8823 8823 8825 8825 8827 8830 8831 8833 8835 8835 8837 8837 8839 8841 8843 8843 8845 8845 8847 8847 8849 8849 8851 8853 8855 8855 8857 8857 8860 8861 8861 8863 8863 8863 8865 8867 8869 8869 8871 8873 8873 8875 8878 8879 8879 8881 8883 8885 8885 8887 8889 8891 8891 8891 8893 8893 8895 8895 8895 8897 8899 8899 8901 8903 8905 8905 8907 8909 8909 8911 8911 8913 8915 8915 8917 8917 8919 8921 8923 8923 8923 8923 8925 8927 8929 8932 8933 8933 8935 8935 8935 8938 8939 8941 8941 8943 8945 8947 8947 8949 8949 8952 8953 8955 8955 8955 8957 8959 8962 8962 8963 8965 8967 8967 8969 8972 8973 8973 8975 8978 8979 8979 8981 8983 8985 8985 8987 8989 8991 8991 8993 8993 8993 8995 8997 8999 9001 9003 9003 9005 9005 9005 9007 9009 9009 9009 9011 9013 9015 9017 9017 9019 9021 9023 9023 9023 9025 9025 9027 9029 9029 9031 9031 9033 9035 9037 9037 9039 9039 9042 9043 9045 9045 9047 9047 9049 9051 9053 9053 9053 9055 9057 9057 9060 9061 9063 9065 9065 9065 9067 9069 9069 9071 9071 9073 9076 9078 9079 9079 9079 9079 9081 9081 9083 9085 9087 9089 9089 9091 9094 9094 9095 9097 9099 9099 9099 9102 9103 9103 9105 9105 9107 9109 9111 9111 9111 9113 9115 9117 9119 9119 9119 9121 9121 9124 9125 9127 9127 9129 9129 9129 9129 9131 9131 9133 9135 9135 9137 9137 9139 9139 9141 9143 9143 9145 9147 9149 9149 9149 9151 9153 9153 9155 9158 9159 9159 9161 9163 9165 9165 9167 9170 9171 9171 9173 9173 9175 9177 9177 9179 9182 9183 9183 9183 9185 9187 9189 9191 9191 9191 9193 9195 9197 9197 9199 9202 9203 9203 9203 9205 9207 9209 9209 9211 9213 9213 9213 9215 9218 9220 9221 9221 9223 9223 9225 9225 9227 9229 9231 9233 9233 9233 9235 9237 9239 9241 9241 9243 9246 9247 9247 9247 9249 9251 9253 9255 9255 9257 9257 9259 9261 9263 9263 9265 9265 9265 9267 9267 9267 9270 9271 9273 9275 9277 9279 9279 9279 9281 9281 9283 9283 9285 9287 9290 9290 9291 9293 9295 9297 9297 9299 9302 9303 9303 9303 9305 9307 9307 9310 9310 9311 9313 9316 9317 9317 9317 9317 9319 9321 9321 9323 9325 9327 9329 9329 9331 9333 9333 9335 9337 9339 9339 9341 9341 9344 9345 9345 9345 9345 9347 9349 9351 9353 9353 9355 9358 9359 9359 9361 9364 9365 9365 9365 9367 9370 9371 9371 9371 9373 9373 9375 9377 9379 9379 9379 9381 9383 9385 9387 9387 9389 9392 9393 9393 9395 9395 9397 9399 9401 9403 9403 9403 9403 9405 9407 9409 9411 9413 9413 9413 9415 9417 9420 9421 9421 9421 9423 9423 9423 9426 9426 9427 9429 9429 9431 9433 9435 9435 9435 9437 9437 9439 9439 9441 9444 9445 9447 9449 9449 9451 9454 9455 9455 9455 9457 9459 9459 9459 9461 9463 9463 9465 9465 9465 9467 9469 9471 9473 9473 9475 9475 9475 9477 9479 9482 9484 9485 9485 9485 9487 9489 9491 9493 9493 9495 9497 9497 9499 9501 9503 9503 9503 9505 9507 9510 9511 9511 9511 9513 9513 9513 9515 9518 9520 9521 9521 9523 9523 9526 9528 9529 9529 9531 9531 9533 9535 9535 9538 9539 9541 9541 9543 9543 9543 9545 9547 9547 9549 9552 9553 9553 9556 9557 9557 9557 9559 9559 9561 9563 9565 9565 9565 9567 9569 9572 9572 9573 9573 9573 9576 9577 9577 9579 9581 9583 9585 9587 9587 9589 9589 9591 9591 9594 9595 9597 9597 9597 9599 9599 9602 9603 9605 9605 9608 9609 9609 9609 9611 9614 9614 9615 9617 9619 9619 9621 9623 9625 9625 9627 9627 9627 9629 9631 9631 9633 9635 9635 9637 9640 9641 9641 9643 9645 9647 9649 9649 9649 9651 9653 9655 9657 9657 9659 9661 9663 9663 9663 9665 9665 9667 9667 9669 9671 9674 9675 9675 9677 9680 9681 9681 9683 9685 9687 9687 9689 9692 9692 9693 9695 9697 9697 9697 9697 9697 9699 9701 9701 9703 9706 9707 9709 9709 9711 9711 9713 9715 9715 9718 9718 9719 9721 9724 9725 9725 9727 9729 9731 9731 9733 9736 9736 9737 9739 9739 9741 9743 9745 9745 9745 9747 9749 9749 9751 9753 9755 9755 9757 9757 9757 9759 9762 9763 9765 9767 9767 9767 9769 9769 9771 9771 9771 9774 9774 9775 9775 9775 9778 9780 9782 9783 9783 9785 9788 9789 9791 9791 9793 9795 9795 9797 9797 9797 9800 9801 9803 9803 9805 9805 9808 9809 9811 9811 9811 9813 9813 9815 9817 9819 9821 9821 9823 9823 9825 9827 9830 9831 9831 9833 9833 9835 9835 9838 9840 9841 9841 9843 9845 9845 9847 9847 9849 9851 9853 9853 9855 9855 9855 9857 9859 9859 9859 9861 9863 9865 9867 9867 9869 9871 9873 9873 9876 9877 9877 9879 9879 9881 9883 9883 9885 9885 9887 9889 9891 9891 9891 9893 9893 9895 9897 9899 9901 9901 9903 9903 9905 9908 9909 9909 9909 9911 9913 9913 9915 9917 9917 9920 9922 9923 9923 9925 9927 9927 9929 9929 9931 9931 9934 9935 9937 9937 9937 9939 9939 9942 9944 9945 9947 9947 9949 9951 9953 9953 9953 9955 9957 9959 9959 9959 9961 9963 9965 9967 9967 9969 9972 9973 9973 9975 9975 9978 9980 9981 9981 9981 9983 9983 9986 9987 9989 9992 9993 9995 9995 9995 9997 9997 9999 9999 10001 10003 10005 10007 10009 10009 10011 10013 10015 10015 10015 10017 10019 10019 10021 10023 10025 10025 10025 10027 10029 10031 10031 10033 10036 10037 10037 10039 10041 10043 10043 10045 10045 10045 10047 10049 10051 10054 10055 10055 10057 10057 10059 10061 10064 10065 10065 10065 10067 10067 10069 10069 10069 10071 10071 10074 10076 10077 10079 10081 10081 10081 10081 10083 10083 10086 10086 10087 10087 10089 10089 10091 10091 10093 10095 10095 10097 10099 10101 10101 10103 10103 10105 10107 10109 10111 10111 10113 10113 10115 10118 10119 10119 10121 10123 10125 10125 10125 10127 10129 10131 10134 10135 10135 10135 10137 10139 10141 10143 10143 10145 10145 10148 10149 10149 10151 10151 10153 10155 10158 10159 10159 10161 10161 10164 10164 10165 10165 10165 10167 10167 10170 10170 10171 10174 10175 10175 10177 10180 10181 10181 10181 10183 10183 10183 10183 10185 10187 10190 10191 10193 10193 10195 10197 10199 10199 10202 10202 10204 10204 10206 10208 10209 10211 10211 10213 10215 10217 10217 10219 10219 10221 10223 10225 10225 10227 10227 10229 10232 10233 10235 10235 10237 10239 10241 10241 10243 10245 10247 10247 10247 10249 10252 10253 10253 10255 10257 10259 10259 10261 10261 10263 10265 10268 10269 10269 10271 10273 10273 10275 10277 10279 10279 10281 10281 10281 10281 10283 10285 10287 10289 10291 10291 10291 10294 10294 10295 10295 10295 10297 10300 10301 10301 10303 10303 10305 10307 10307 10309 10312 10313 10313 10313 10315 10317 10319 10319 10321 10323 10325 10325 10327 10329 10331 10333 10333 10333 10335 10337 10339 10341 10341 10343 10343 10345 10345 10348 10349 10349 10351 10353 10355 10355 10355 10357 10359 10361 10361 10363 10365 10367 10367 10367 10369 10371 10373 10373 10375 10378 10379 10379 10379 10381 10381 10383 10385 10387 10390 10391 10391 10393 10393 10393 10396 10398 10398 10399 10401 10403 10403 10403 10405 10405 10405 10407 10409 10409 10411 10413 10415 10415 10417 10419 10421 10421 10423 10423 10425 10427 10429 10429 10431 10431 10431 10433 10435 10435 10438 10438 10439 10441 10441 10443 10445 10447 10447 10447 10449 10451 10453 10456 10457 10457 10459 10459 10461 10463 10463 10465 10465 10467 10467 10469 10469 10471 10474 10475 10475 10477 10480 10481 10481 10481 10483 10483 10483 10483 10485 10485 10487 10489 10491 10493 10495 10497 10499 10499 10499 10501 10501 10501 10501 10503 10505 10507 10509 10511 10513 10513 10515 10517 10519 10519 10519 10521 10521 10521 10523 10523 10525 10527 10529 10531 10531 10533 10535 10537 10537 10539 10541 10541 10543 10546 10547 10547 10547 10549 10551 10551 10553 10553 10555 10557 10557 10557 10559 10559 10559 10561 10563 10565 10567 10569 10569 10571 10573 10573 10573 10575 10578 10579 10581 10583 10583 10583 10585 10585 10587 10589 10591 10591 10593 10593 10593 10595 10597 10599 10601 10603 10603 10605 10605 10608 10608 10609 10609 10609 10611 10611 10613 10615 10617 10617 10619 10619 10622 10623 10623 10625 10627 10629 10631 10631 10633 10633 10635 10637 10639 10641 10641 10643 10646 10647 10647 10647 10649 10651 10651 10653 10655 10655 10657 10657 10659 10659 10661 10661 10661 10663 10665 10668 10669 10669 10671 10673 10673 10675 10678 10679 10679 10681 10681 10683 10683 10685 10685 10687 10689 10691 10691 10693 10693 10693 10693 10695 10698 10699 10702 10703 10703 10705 10705 10705 10707 10710 10711 10711 10713 10713 10715 10718 10719 10719 10719 10721 10721 10723 10725 10727 10729 10731 10731 10733 10736 10737 10737 10739 10741 10741 10743 10743 10745 10747 10749 10749 10749 10751 10751 10753 10753 10755 10758 10759 10759 10759 10761 10761 10761 10763 10765 10765 10767 10767 10769 10769 10769 10769 10772 10774 10776 10777 10777 10779 10781 10783 10783 10785 10788 10789 10789 10791 10791 10794 10796 10797 10799 10799 10801 10801 10803 10803 10805 10805 10805 10807 10807 10809 10809 10811 10811 10813 10815 10817 10817 10817 10820 10821 10821 10823 10825 10827 10827 10829 10829 10829 10831 10834 10836 10838 10839 10839 10839 10841 10841 10841 10843 10843 10845 10847 10847 10850 10851 10853 10853 10855 10857 10859 10859 10861 10864 10865 10865 10867 10869 10869 10871 10873 10875 10875 10877 10879 10881 10881 10883 10883 10883 10883 10886 10886 10888 10890 10891 10891 10893 10895 10897 10897 10899 10901 10903 10903 10905 10907 10907 10909 10911 10913 10913 10915 10915 10917 10920 10921 10921 10923 10925 10925 10927 10929 10931 10931 10933 10936 10937 10937 10939 10942 10942 10943 10946 10947 10947 10949 10949 10949 10951 10954 10955 10955 10955 10957 10959 10961 10961 10961 10963 10963 10965 10967 10967 10970 10970 10970 10971 10973 10973 10973 10975 10978 10978 10980 10980 10981 10984 10986 10987 10987 10987 10987 10989 10989 10991 10991 10993 10993 10996 10997 10999 10999 11001 11004 11004 11005 11007 11009 11009 11011 11013 11015 11015 11018 11019 11019 11021 11024 11025 11025 11027 11027 11027 11027 11030 11030 11031 11031 11034 11036 11037 11039 11039 11039 11041 11043 11046 11047 11047 11049 11049 11049 11051 11051 11054 11056 11057 11057 11059 11059 11061 11061 11063 11065 11068 11069 11071 11073 11073 11075 11077 11079 11079 11081 11083 11085 11085 11087 11087 11089 11091 11091 11093 11093 11095 11097 11097 11097 11100 11102 11103 11103 11105 11107 11109 11109 11111 11113 11115 11115 11117 11117 11119 11121 11121 11123 11123 11123 11125 11127 11129 11129 11131 11134 11134 11135 11138 11139 11139 11141 11143 11145 11145 11147 11147 11147 11149 11151 11151 11153 11155 11158 11158 11159 11159 11162 11163 11165 11167 11167 11167 11169 11171 11173 11175 11175 11177 11177 11179 11179 11179 11181 11183 11185 11185 11187 11189 11191 11191 11193 11195 11197 11197 11199 11199 11201 11203 11205 11207 11207 11209 11212 11212 11213 11215 11217 11217 11217 11219 11219 11221 11221 11223 11225 11228 11229 11229 11229 11231 11233 11233 11233 11233 11235 11238 11239 11241 11241 11243 11245 11247 11247 11249 11251 11253 11253 11253 11255 11255 11257 11259 11261 11263 11265 11265 11267 11267 11269 11269 11269 11271 11273 11273 11275 11275 11277 11280 11281 11281 11283 11283 11283 11285 11287 11290 11291 11291 11293 11295 11297 11297 11299 11301 11303 11303 11303 11305 11305 11307 11309 11309 11311 11311 11311 11313 11313 11313 11315 11317 11319 11321 11323 11323 11325 11327 11329 11329 11331 11331 11333 11335 11335 11337 11337 11339 11341 11343 11343 11345 11347 11349 11349 11349 11351 11353 11356 11357 11359 11359 11359 11359 11361 11363 11363 11366 11367 11369 11371 11371 11373 11375 11377 11377 11377 11379 11379 11381 11381 11383 11386 11387 11387 11389 11392 11393 11393 11393 11395 11395 11397 11400 11401 11403 11403 11405 11405 11407 11409 11411 11413 11413 11415 11415 11417 11420 11420 11421 11424 11425 11427 11427 11427 11429 11431 11433 11436 11437 11437 11437 11439 11439 11441 11443 11445 11445 11447 11449 11449 11451 11453 11455 11455 11457 11459 11461 11461 11463 11465 11465 11467 11467 11469 11471 11471 11473 11475 11477 11477 11477 11479 11479 11481 11483 11485 11487 11490 11491 11491 11493 11496 11497 11497 11499 11501 11503 11503 11505 11505 11505 11507 11507 11509 11509 11511 11513 11515 11517 11517 11517 11519 11519 11519 11521 11523 11526 11526 11527 11529 11529 11529 11531 11534 11534 11536 11536 11537 11539 11542 11543 11543 11545 11545 11545 11547 11549 11551 11553 11555 11555 11555 11557 11557 11560 11560 11561 11563 11565 11567 11567 11569 11571 11573 11575 11575 11577 11577 11579 11579 11581 11581 11583 11583 11585 11587 11589 11589 11589 11591 11593 11595 11595 11597 11597 11599 11601 11603 11603 11605 11605 11607 11610 11611 11613 11613 11615 11617 11619 11619 11621 11621 11621 11623 11626 11627 11629 11629 11631 11633 11635 11635 11637 11639 11641 11641 11643 11643 11643 11645 11645 11648 11648 11649 11651 11653 11653 11653 11655 11655 11655 11657 11657 11657 11657 11659 11661 11663 11665 11667 11667 11669 11672 11673 11673 11675 11675 11675 11677 11679 11679 11681 11683 11683 11683 11685 11687 11687 11690 11691 11693 11693 11695 11695 11695 11698 11698 11698 11699 11699 11701 11703 11705 11705 11707 11709 11709 11709 11711 11713 11715 11717 11717 11719 11721 11721 11723 11726 11727 11727 11727 11729 11731 11734 11735 11735 11735 11737 11740 11740 11741 11741 11741 11743 11745 11745 11745 11747 11749 11751 11751 11753 11755 11757 11757 11759 11762 11763 11763 11765 11765 11768 11769 11771 11773 11773 11773 11775 11777 11779 11781 11781 11783 11783 11785 11787 11787 11789 11789 11791 11793 11795 11797 11797 11799 11799 11799 11799 11801 11801 11801 11803 11805 11807 11810 11811 11813 11815 11815 11817 11819 11821 11821 11823 11823 11825 11828 11828 11829 11829 11831 11833 11833 11833 11835 11837 11837 11839 11841 11841 11843 11843 11846 11847 11850 11851 11851 11851 11853 11855 11855 11858 11859 11859 11861 11864 11864 11865 11867 11869 11869 11869 11871 11871 11873 11873 11875 11875 11875 11877 11879 11879 11879 11881 11883 11885 11885 11887 11887 11889 11889 11891 11894 11895 11895 11897 11897 11900 11901 11901 11903 11905 11907 11907 11909 11911 11913 11913 11913 11915 11917 11919 11919 11921 11921 11924 11924 11925 11927 11929 11929 11931 11933 11935 11935 11935 11937 11937 11937 11939 11939 11941 11944 11946 11947 11949 11949 11949 11951 11953 11953 11955 11957 11959 11961 11963 11963 11963 11965 11967 11969 11969 11971 11973 11975 11975 11975 11977 11979 11981 11983 11983 11985 11985 11987 11987 11989 11992 11993 11993 11995 11997 11999 11999 12001 12001 12003 12005 12005 12007 12007 12010 12011 12014 12015 12015 12017 12017 12019 12021 12021 12023 12023 12026 12028 12029 12029 12029 12031 12033 12036 12037 12037 12039 12039 12041 12043 12045 12045 12047 12049 12051 12051 12051 12053 12055 12058 12059 12059 12061 12061 12061 12063 12063 12065 12067 12069 12071 12071 12073 12073 12075 12077 12079 12079 12079 12081 12083 12085 12087 12087 12089 12089 12091 12094 12095 12095 12097 12100 12101 12101 12103 12105 12107 12107 12109 12111 12111 12113 12115 12117 12117 12119 12119 12121 12123 12123 12125 12125 12127 12129 12129 12131 12131 12134 12136 12137 12137 12137 12139 12141 12141 12143 12145 12147 12147 12149 12149 12149 12149 12151 12153 12156 12156 12157 12159 12159 12159 12161 12163 12163 12165 12167 12167 12169 12171 12173 12173 12175 12177 12177 12179 12182 12183 12183 12185 12187 12187 12189 12191 12193 12193 12195 12195 12197 12197 12199 12199 12201 12204 12205 12205 12205 12207 12207 12207 12210 12211 12213 12213 12215 12218 12219 12219 12221 12223 12225 12225 12227 12229 12229 12231 12234 12235 12235 12237 12239 12241 12241 12241 12243 12245 12245 12248 12249 12249 12251 12251 12251 12253 12255 12257 12259 12261 12261 12263 12265 12267 12267 12269 12271 12273 12273 12275 12277 12279 12279 12281 12283 12285 12285 12287 12287 12289 12291 12293 12295 12295 12297 12297 12299 12299 12301 12303 12305 12305 12307 12307 12309 12309 12309 12311 12314 12315 12315 12315 12317 12319 12319 12321 12323 12325 12325 12327 12330 12331 12331 12331 12333 12335 12335 12337 12339 12339 12339 12341 12341 12343 12343 12345 12347 12349 12349 12351 12351 12353 12353 12355 12357 12359 12359 12361 12364 12365 12367 12367 12369 12369 12371 12371 12373 12373 12375 12378 12379 12381 12383 12383 12385 12387 12389 12389 12391 12393 12393 12395 12398 12399 12399 12401 12401 12403 12403 12403 12405 12407 12409 12409 12411 12411 12411 12413 12415 12417 12417 12419 12419 12421 12424 12425 12427 12427 12429 12431 12433 12433 12435 12437 12439 12439 12441 12443 12443 12445 12448 12449 12449 12449 12451 12453 12453 12455 12457 12457 12459 12461 12461 12463 12465 12467 12467 12469 12469 12469 12471 12471 12473 12475 12475 12478 12479 12479 12481 12484 12485 12485 12485 12487 12487 12489 12492 12493 12495 12495 12495 12497 12499 12502 12503 12503 12505 12505 12507 12510 12511 12513 12513 12515 12518 12519 12519 12521 12523 12525 12525 12527 12527 12529 12531 12531 12533 12535 12535 12537 12539 12541 12541 12543 12543 12546 12546 12546 12547 12549 12551 12553 12553 12555 12557 12559 12559 12561 12563 12563 12565 12568 12569 12569 12571 12573 12575 12575 12575 12577 12577 12579 12581 12583 12585 12585 12587 12589 12589 12591 12594 12595 12595 12597 12597 12599 12599 12601 12603 12603 12603 12605 12607 12607 12609 12612 12613 12613 12615 12617 12619 12619 12621 12623 12625 12625 12627 12629 12629 12631 12633 12633 12633 12635 12637 12637 12639 12641 12641 12644 12645 12647 12647 12647 12649 12651 12653 12653 12655 12657 12659 12659 12661 12661 12663 12663 12665 12667 12669 12669 12671 12673 12673 12675 12677 12677 12679 12681 12683 12683 12685 12685 12688 12688 12689 12691 12691 12693 12693 12693 12693 12696 12697 12699 12701 12701 12701 12703 12703 12705 12705 12705 12707 12709 12711 12713 12715 12715 12717 12717 12719 12721 12723 12723 12725 12725 12727 12729 12731 12733 12733 12733 12735 12738 12739 12741 12743 12743 12745 12747 12749 12749 12751 12753 12755 12755 12757 12757 12759 12762 12763 12763 12765 12765 12767 12769 12769 12771 12773 12775 12775 12777 12777 12780 12781 12781 12784 12785 12785 12787 12789 12791 12791 12793 12793 12795 12797 12799 12801 12801 12803 12803 12805 12807 12809 12811 12811 12813 12813 12815 12817 12819 12819 12821 12823 12825 12825 12827 12827 12829 12829 12831 12833 12833 12833 12835 12837 12837 12839 12839 12839 12839 12841 12844 12846 12847 12849 12849 12851 12851 12854 12855 12857 12859 12859 12861 12863 12865 12865 12867 12867 12870 12871 12871 12874 12875 12875 12877 12877 12879 12881 12883 12885 12885 12887 12889 12891 12891 12893 12895 12897 12897 12897 12899 12901 12901 12903 12903 12905 12907 12909 12911 12911 12911 12913 12913 12913 12915 12918 12919 12922 12923 12925 12925 12927 12927 12929 12931 12933 12935 12935 12935 12937 12939 12939 12941 12941 12943 12945 12948 12949 12949 12949 12949 12951 12951 12953 12955 12957 12957 12957 12959 12959 12961 12961 12963 12965 12967 12969 12969 12971 12971 12973 12975 12977 12977 12979 12979 12981 12983 12985 12985 12987 12987 12989 12991 12991 12993 12993 12995 12995 12998 12999 13001 13001 13003 13003 13005 13007 13007 13009 13009 13011 13014 13015 13017 13017 13017 13019 13022 13023 13023 13025 13027 13029 13029 13031 13033 13035 13035 13037 13040 13041 13041 13043 13045 13047 13047 13047 13049 13051 13051 13053 13055 13057 13059 13059 13061 13063 13065 13065 13065 13067 13067 13070 13071 13073 13073 13073 13075 13075 13077 13079 13082 13083 13083 13085 13087 13089 13089 13091 13091 13091 13093 13095 13097 13097 13099 13099 13101 13103 13106 13107 13107 13107 13109 13111 13111 13113 13115 13117 13119 13119 13121 13121 13123 13125 13127 13129 13129 13131 13134 13135 13135 13137 13137 13139 13141 13143 13143 13145 13147 13147 13149 13149 13151 13153 13153 13156 13157 13159 13161 13161 13163 13165 13165 13167 13169 13171 13171 13173 13173 13176 13176 13177 13179 13179 13181 13181 13181 13184 13185 13185 13187 13189 13189 13191 13193 13195 13195 13197 13200 13200 13201 13201 13204 13205 13205 13207 13207 13209 13211 13213 13215 13215 13217 13217 13217 13219 13221 13223 13223 13225 13227 13229 13229 13231 13233 13235 13235 13237 13237 13240 13241 13241 13243 13245 13245 13247 13250 13251 13251 13253 13255 13257 13257 13259 13259 13259 13259 13261 13264 13266 13267 13269 13271 13271 13271 13273 13276 13277 13277 13279 13281 13283 13283 13285 13285 13287 13289 13291 13291 13293 13295 13297 13297 13299 13302 13303 13303 13305 13307 13309 13309 13309 13311 13311 13313 13315 13315 13317 13320 13320 13321 13321 13323 13323 13325 13328 13329 13331 13331 13333 13333 13335 13337 13340 13341 13341 13343 13343 13345 13347 13350 13351 13351 13353 13356 13356 13357 13357 13357 13360 13361 13361 13364 13365 13367 13369 13369 13371 13371 13373 13375 13377 13377 13379 13382 13383 13383 13385 13387 13387 13389 13391 13393 13393 13395 13397 13397 13399 13402 13403 13403 13405 13407 13409 13409 13411 13411 13411 13414 13415 13415 13417 13417 13419 13421 13423 13423 13425 13425 13427 13430 13431 13431 13433 13433 13435 13437 13439 13439 13441 13441 13443 13445 13447 13447 13449 13449 13451 13451 13451 13453 13456 13458 13459 13459 13461 13464 13465 13465 13468 13468 13470 13471 13473 13475 13475 13477 13477 13479 13479 13481 13484 13485 13487 13487 13489 13492 13493 13493 13493 13493 13495 13495 13497 13499 13499 13501 13503 13505 13507 13507 13509 13509 13509 13512 13512 13513 13515 13515 13517 13520 13521 13521 13523 13525 13525 13527 13529 13531 13531 13533 13533 13535 13538 13539 13541 13541 13543 13543 13545 13547 13547 13549 13551 13553 13553 13555 13557 13559 13559 13561 13563 13563 13565 13565 13568 13568 13569 13571 13573 13573 13573 13575 13577 13579 13581 13583 13583 13585 13587 13589 13589 13591 13591 13593 13595 13598 13599 13599 13601 13603 13605 13605 13607 13610 13611 13611 13613 13616 13616 13617 13617 13619 13619 13621 13623 13625 13627 13627 13629 13631 13633 13633 13635 13635 13637 13640 13642 13643 13643 13645 13648 13649 13649 13651 13651 13653 13653 13653 13655 13658 13658 13659 13662 13663 13663 13665 13667 13669 13669 13671 13673 13675 13675 13677 13680 13681 13681 13681 13683 13685 13685 13687 13687 13689 13689 13691 13693 13695 13695 13697 13700 13701 13701 13703 13705 13707 13707 13709 13709 13709 13711 13711 13713 13715 13717 13717 13719 13722 13723 13723 13723 13725 13727 13727 13729 13732 13733 13733 13735 13735 13737 13739 13742 13743 13743 13743 13745 13745 13747 13750 13751 13753 13753 13755 13755 13757 13757 13759 13762 13763 13763 13765 13765 13767 13769 13771 13773 13773 13775 13777 13779 13779 13781 13781 13784 13785 13787 13787 13789 13789 13791 13793 13795 13795 13797 13797 13799 13799 13801 13801 13801 13803 13806 13808 13809 13809 13811 13814 13815 13815 13817 13820 13821 13821 13821 13823 13823 13823 13825 13827 13829 13829 13831 13834 13834 13835 13838 13839 13839 13839 13841 13841 13843 13845 13845 13848 13850 13852 13853 13853 13855 13855 13855 13857 13859 13859 13861 13863 13863 13865 13865 13867 13869 13869 13871 13873 13875 13875 13877 13879 13879 13881 13884 13885 13885 13887 13889 13891 13891 13893 13896 13896 13897 13899 13901 13901 13903 13905 13907 13907 13909 13909 13911 13911 13913 13915 13917 13917 13919 13919 13921 13924 13924 13925 13927 13930 13931 13931 13933 13935 13937 13937 13939 13942 13942 13943 13945 13945 13947 13949 13949 13952 13953 13953 13955 13957 13959 13959 13961 13961 13961 13964 13964 13964 13966 13967 13967 13969 13969 13971 13974 13975 13975 13977 13977 13979 13981 13981 13983 13985 13987 13989 13989 13991 13991 13993 13995 13997 13997 13999 13999 13999 13999 14002 14003 14005 14007 14007 14009 14012 14013 14013 14015 14015 14018 14020 14021 14023 14023 14025 14028 14029 14029 14031 14034 14035 14035 14037 14039 14041 14041 14043 14043 14045 14047 14047 14049 14051 14053 14055 14055 14057 14057 14059 14061 14061 14064 14065 14065 14067 14069 14071 14073 14073 14075 14075 14078 14079 14079 14081 14083 14085 14085 14087 14089 14091 14091 14093 14093 14093 14095 14097 14099 14101 14101 14103 14106 14107 14107 14107 14109 14111 14111 14111 14113 14116 14118 14119 14119 14119 14121 14124 14125 14125 14127 14127 14129 14132 14133 14135 14135 14137 14139 14141 14141 14141 14143 14145 14145 14145 14147 14149 14151 14151 14153 14156 14157 14159 14159 14161 14161 14163 14165 14168 14169 14169 14171 14173 14175 14175 14177 14180 14181 14181 14181 14183 14185 14187 14189 14189 14189 14191 14193 14193 14195 14197 14197 14199 14201 14201 14203 14205 14207 14207 14207 14209 14212 14212 14213 14215 14215 14217 14219 14221 14221 14223 14226 14227 14227 14229 14229 14231 14234 14235 14237 14237 14239 14239 14241 14243 14245 14245 14247 14249 14251 14251 14253 14255 14257 14257 14257 14259 14262 14263 14263 14263 14265 14268 14269 14271 14273 14273 14273 14275 14277 14279 14279 14279 14281 14283 14285 14288 14289 14289 14289 14291 14294 14294 14294 14295 14295 14297 14299 14299 14301 14301 14304 14306 14306 14308 14310 14310 14312 14314 14316 14316 14318 14320 14322 14322 14324 14326 14326 14328 14330 14331 14331 14331 14333 14335 14338 14339 14339 14339 14341 14341 14343 14345 14348 14350 14352 14353 14353 14355 14355 14357 14360 14361 14361 14363 14363 14363 14365 14367 14367 14369 14371 14373 14373 14375 14377 14379 14379 14381 14383 14385 14385 14387 14389 14389 14391 14394 14395 14395 14395 14397 14399 14399 14401 14401 14401 14404 14405 14405 14407 14409 14411 14411 14413 14413 14415 14417 14419 14421 14421 14423 14426 14427 14427 14429 14429 14431 14434 14435 14437 14437 14439 14439 14441 14443 14443 14445 14447 14447 14449 14451 14451 14453 14453 14455 14455 14457 14457 14459 14459 14461 14461 14463 14466 14468 14469 14469 14471 14471 14473 14473 14475 14477 14479 14481 14481 14483 14486 14487 14487 14489 14491 14491 14493 14495 14497 14497 14499 14499 14501 14503 14503 14505 14505 14507 14510 14511 14513 14513 14515 14517 14519 14519 14521 14521 14523 14523 14525 14527 14529 14529 14531 14533 14535 14535 14535 14537 14539 14539 14542 14544 14545 14545 14547 14549 14549 14551 14553 14555 14555 14557 14559 14561 14561 14563 14565 14567 14567 14569 14571 14573 14573 14575 14575 14577 14579 14581 14583 14585 14585 14587 14587 14589 14589 14591 14591 14593 14595 14595 14595 14597 14599 14602 14602 14603 14606 14607 14607 14609 14609 14611 14613 14616 14617 14617 14619 14621 14623 14623 14625 14627 14627 14629 14629 14631 14633 14633 14633 14636 14637 14637 14640 14641 14643 14643 14645 14648 14649 14649 14651 14654 14655 14655 14657 14657 14659 14661 14663 14663 14665 14667 14669 14669 14671 14674 14675 14675 14677 14677 14679 14682 14683 14683 14685 14685 14687 14687 14689 14692 14693 14693 14695 14697 14699 14701 14701 14703 14703 14705 14705 14707 14709 14711 14711 14713 14716 14717 14719 14719 14721 14723 14725 14725 14727 14730 14731 14731 14733 14733 14735 14737 14739 14741 14741 14741 14743 14743 14745 14747 14747 14749 14751 14751 14753 14753 14756 14756 14756 14757 14759 14761 14761 14763 14766 14767 14767 14769 14771 14773 14773 14775 14778 14779 14781 14781 14783 14783 14783 14785 14787 14787 14789 14792 14794 14795 14795 14797 14799 14801 14801 14803 14805 14807 14807 14809 14809 14809 14811 14813 14815 14815 14817 14820 14820 14821 14824 14825 14825 14827 14827 14829 14831 14833 14833 14833 14835 14837 14839 14839 14841 14844 14845 14845 14847 14849 14851 14851 14853 14855 14855 14857 14859 14861 14861 14863 14865 14867 14867 14867 14869 14869 14871 14871 14874 14875 14875 14877 14879 14881 14881 14883 14883 14885 14885 14887 14889 14889 14891 14893 14895 14895 14897 14900 14901 14901 14903 14905 14907 14907 14909 14911 14911 14913 14916 14917 14917 14917 14917 14919 14919 14922 14922 14923 14923 14925 14925 14927 14927 14929 14931 14933 14933 14935 14938 14938 14939 14939 14941 14943 14943 14945 14945 14947 14947 14949 14949 14951 14951 14953 14955 14957 14959 14959 14959 14961 14961 14964 14966 14967 14967 14969 14969 14971 14973 14975 14975 14977 14979 14981 14981 14983 14985 14987 14987 14987 14989 14991 14991 14993 14996 14997 14997 14999 15001 15003 15003 15005 15007 15007 15009 15009 15011 15013 15013 15013 15015 15015 15017 15020 15021 15021 15023 15025 15027 15027 15029 15032 15033 15033 15035 15035 15037 15039 15039 15041 15041 15043 15043 15045 15045 15047 15047 15049 15051 15053 15053 15055 15057 15059 15059 15059 15061 15063 15063 15065 15065 15067 15067 15069 15069 15071 15074 15075 15075 15077 15077 15079 15082 15083 15083 15085 15087 15089 15089 15091 15093 15093 15095 15095 15097 15097 15099 15101 15103 15103 15106 15107 15109 15109 15111 15113 15115 15117 15117 15119 15121 15123 15123 15125 15125 15125 15127 15127 15127 15129 15132 15133 15133 15135 15137 15139 15139 15141 15143 15143 15145 15147 15149 15149 15151 15151 15151 15153 15153 15156 15157 15157 15159 15161 15163 15166 15167 15167 15169 15171 15173 15173 15175 15175 15177 15177 15177 15179 15182 15183 15185 15187 15187 15189 15191 15193 15193 15195 15195 15198 15198 15199 15199 15201 15204 15205 15205 15207 15207 15207 15209 15211 15214 15215 15215 15217 15219 15221 15221 15223 15226 15227 15227 15227 15229 15229 15231 15231 15233 15235 15235 15237 15239 15241 15241 15243 15243 15245 15245 15245 15247 15247 15249 15252 15253 15255 15257 15257 15259 15261 15263 15263 15265 15265 15265 15268 15269 15269 15269 15271 15273 15273 15275 15275 15277 15279 15279 15281 15283 15285 15285 15287 15287 15289 15291 15293 15295 15295 15297 15299 15301 15301 15303 15305 15305 15307 15309 15311 15311 15313 15316 15316 15317 15320 15321 15321 15323 15326 15327 15327 15327 15329 15331 15331 15333 15335 15335 15337 15339 15341 15341 15341 15343 15345 15345 15345 15347 15350 15351 15351 15353 15353 15353 15355 15358 15360 15360 15362 15362 15364 15365 15367 15369 15369 15371 15373 15375 15375 15377 15379 15381 15381 15383 15385 15387 15387 15389 15391 15391 15393 15396 15397 15397 15399 15401 15403 15403 15405 15408 15409 15409 15411 15411 15411 15413 15416 15416 15417 15417 15419 15419 15422 15422 15423 15425 15425 15427 15430 15430 15431 15433 15435 15435 15437 15439 15439 15441 15444 15445 15445 15447 15449 15451 15451 15453 15453 15455 15458 15459 15459 15461 15461 15461 15463 15463 15465 15468 15468 15470 15471 15471 15473 15475 15477 15477 15479 15481 15483 15483 15485 15487 15489 15489 15489 15491 15493 15495 15497 15497 15499 15499 15499 15501 15503 15503 15505 15508 15509 15509 15509 15511 15511 15513 15513 15515 15517 15519 15521 15521 15523 15525 15527 15527 15529 15531 15533 15533 15533 15535 15537 15539 15541 15541 15543 15543 15546 15546 15547 15550 15551 15551 15553 15555 15555 15557 15560 15561 15561 15563 15565 15567 15567 15569 15571 15573 15573 15575 15577 15579 15579 15581 15583 15583 15585 15585 15585 15587 15589 15592 15594 15595 15595 15597 15597 15597 15599 15601 15604 15606 15606 15607 15607 15610 15611 15611 15611 15613 15615 15618 15619 15619 15621 15623 15625 15625 15627 15629 15631 15631 15633 15633 15635 15637 15639 15639 15641 15641 15644 15644 15645 15648 15649 15649 15651 15653 15653 15655 15657 15657 15659 15662 15663 15663 15665 15665 15667 15669 15671 15673 15673 15675 15675 15678 15679 15681 15683 15683 15685 15687 15689 15689 15691 15691 15693 15695 15697 15699 15699 15701 15701 15703 15703 15706 15707 15707 15709 15709 15711 15713 15715 15717 15717 15719 15721 15723 15723 15725 15727 15729 15729 15731 15731 15731 15733 15735 15737 15737 15739 15741 15741 15743 15745 15747 15747 15749 15749 15751 15753 15753 15755 15757 15757 15759 15762 15764 15765 15765 15767 15767 15769 15771 15771 15773 15775 15775 15777 15779 15781 15781 15783 15785 15787 15787 15789 15792 15792 15793 15793 15796 15797 15797 15799 15801 15801 15803 15805 15807 15807 15809 15809 15811 15813 15813 15816 15817 15817 15819 15819 15821 15821 15823 15825 15825 15827 15827 15830 15830 15831 15831 15833 15835 15837 15837 15839 15841 15843 15843 15845 15847 15847 15847 15849 15851 15853 15853 15853 15855 15858 15858 15859 15861 15861 15861 15863 15865 15868 15869 15869 15871 15873 15875 15875 15877 15880 15880 15881 15884 15885 15885 15887 15887 15889 15891 15893 15895 15895 15897 15899 15901 15901 15903 15905 15907 15907 15907 15909 15911 15913 15915 15915 15917 15917 15919 15921 15923 15925 15925 15927 15927 15929 15931 15934 15935 15935 15937 15939 15939 15941 15943 15945 15945 15945 15947 15949 15951 15953 15953 15955 15957 15959 15959 15959 15961 15963 15965 15965 15967 15969 15971 15971 15973 15973 15973 15975 15977 15979 15979 15981 15983 15985 15985 15985 15987 15989 15989 15991 15993 15995 15997 15997 15999 16002 16003 16003 16005 16007 16007 16009 16011 16013 16013 16015 16015 16018 16018 16018 16019 16022 16023 16023 16025 16027 16029 16029 16029 16031 16033 16035 16035 16037 16037 16039 16041 16044 16045 16045 16045 16045 16047 16049 16049 16049 16051 16053 16055 16055 16057 16059 16059 16062 16063 16063 16065 16065 16067 16067 16067 16069 16071 16071 16073 16076 16077 16077 16077 16079 16079 16082 16083 16085 16085 16087 16090 16090 16091 16094 16095 16095 16095 16097 16099 16102 16103 16103 16105 16105 16105 16107 16110 16111 16113 16115 16115 16117 16117 16120 16121 16123 16125 16127 16127 16129 16132 16133 16133 16135 16137 16139 16139 16141 16144 16145 16145 16147 16147 16149 16151 16153 16153 16155 16155 16157 16159 16161 16163 16163 16165 16165 16167 16169 16169 16171 16173 16175 16175 16177 16177 16177 16179 16181 16181 16183 16183 16185 16188 16189 16191 16193 16193 16195 16198 16199 16199 16201 16203 16205 16205 16207 16207 16209 16211 16211 16213 16215 16215 16217 16219 16222 16223 16223 16225 16227 16227 16229 16232 16233 16233 16235 16237 16239 16239 16241 16241 16243 16245 16247 16247 16249 16251 16251 16253 16255 16257 16257 16259 16261 16263 16263 16263 16265 16267 16269 16269 16271 16273 16273 16275 16277 16279 16279 16281 16283 16285 16285 16287 16289 16291 16291 16291 16293 16293 16295 16295 16298 16299 16299 16299 16301 16301 16303 16306 16307 16309 16309 16311 16313 16315 16315 16317 16319 16321 16321 16321 16323 16325 16325 16327 16329 16331 16331 16333 16335 16337 16337 16339 16339 16341 16344 16345 16345 16347 16349 16351 16351 16353 16355 16357 16357 16359 16359 16361 16363 16365 16365 16367 16367 16369 16369 16371 16373 16375 16375 16377 16379 16379 16381 16381 16383 16383 16385 16385 16387 16387 16389 16391 16391 16393 16395 16397 16397 16399 16399 16401 16403 16403 16403 16405 16407 16407 16409 16409 16411 16413 16415 16417 16417 16419 16422 16422 16423 16423 16426 16427 16427 16429 16432 16433 16435 16435 16437 16437 16437 16440 16441 16444 16445 16445 16447 16450 16451 16451 16453 16455 16457 16457 16459 16459 16459 16461 16463 16463 16463 16465 16467 16469 16469 16471 16471 16471 16473 16475 16477 16479 16479 16481 16481 16483 16485 16487 16489 16489 16491 16491 16493 16495 16495 16498 16499 16499 16501 16503 16505 16505 16505 16507 16507 16507 16509 16511 16514 16515 16517 16517 16519 16521 16521 16523 16525 16527 16527 16527 16529 16531 16533 16533 16535 16537 16539 16539 16541 16543 16545 16545 16547 16550 16550 16551 16554 16555 16555 16557 16559 16561 16561 16563 16565 16567 16567 16569 16571 16571 16574 16575 16575 16577 16579 16581 16581 16583 16586 16587 16587 16589 16591 16593 16593 16595 16595 16595 16595 16598 16598 16599 16601 16601 16603 16605 16605 16607 16609 16611 16611 16613 16615 16615 16615 16617 16619 16619 16621 16621 16623 16626 16628 16629 16629 16631 16633 16635 16635 16638 16639 16639 16641 16641 16643 16643 16645 16645 16647 16649 16649 16651 16651 16651 16653 16655 16658 16659 16659 16661 16664 16665 16665 16667 16669 16671 16671 16673 16673 16675 16675 16677 16677 16679 16681 16683 16683 16685 16685 16687 16687 16689 16691 16693 16695 16697 16697 16697 16699 16699 16701 16701 16703 16705 16705 16707 16709 16711 16711 16713 16713 16715 16715 16717 16717 16719 16721 16721 16723 16723 16726 16727 16727 16729 16731 16733 16733 16735 16737 16737 16739 16741 16743 16743 16745 16747 16749 16749 16751 16754 16755 16755 16757 16757 16759 16759 16761 16763 16763 16765 16767 16769 16769 16771 16771 16773 16775 16777 16777 16779 16779 16779 16781 16784 16785 16788 16789 16789 16791 16791 16793 16796 16797 16797 16799 16801 16803 16803 16803 16805 16807 16809 16812 16813 16813 16813 16815 16817 16817 16819 16821 16821 16823 16823 16825 16825 16827 16827 16829 16829 16831 16833 16833 16835 16837 16839 16839 16841 16843 16845 16845 16847 16847 16847 16849 16851 16854 16855 16855 16857 16857 16860 16861 16864 16865 16865 16867 16867 16867 16870 16871 16873 16873 16875 16875 16877 16877 16879 16882 16883 16885 16885 16887 16889 16889 16889 16891 16891 16894 16896 16897 16899 16899 16899 16901 16901 16901 16903 16905 16907 16910 16911 16911 16913 16915 16915 16917 16919 16919 16921 16921 16923 16925 16925 16927 16930 16931 16931 16933 16933 16935 16935 16937 16939 16939 16941 16944 16945 16945 16947 16949 16951 16951 16953 16953 16955 16955 16957 16957 16959 16961 16961 16964 16965 16965 16967 16970 16971 16973 16975 16975 16977 16979 16981 16981 16983 16983 16985 16987 16987 16989 16991 16991 16993 16995 16997 16997 16999 16999 17001 17003 17006 17007 17007 17007 17009 17011 17011 17013 17013 17013 17015 17017 17019 17021 17021 17021 17023 17025 17027 17027 17029 17031 17033 17033 17035 17035 17035 17037 17039 17041 17041 17043 17045 17047 17047 17049 17049 17051 17053 17055 17055 17057 17060 17061 17061 17063 17063 17065 17067 17067 17069 17069 17071 17071 17073 17075 17077 17077 17079 17079 17081 17081 17081 17083 17083 17086 17086 17088 17089 17089 17091 17091 17093 17096 17097 17097 17099 17099 17101 17103 17105 17107 17107 17109 17109 17112 17113 17113 17115 17117 17119 17119 17121 17123 17125 17127 17127 17129 17129 17131 17131 17133 17135 17137 17137 17139 17139 17141 17141 17143 17145 17147 17147 17147 17149 17152 17152 17153 17156 17158 17159 17159 17161 17163 17165 17165 17167 17167 17170 17171 17173 17173 17175 17177 17179 17179 17181 17181 17183 17183 17185 17187 17187 17189 17189 17191 17191 17191 17193 17196 17197 17197 17197 17199 17202 17203 17203 17205 17205 17207 17207 17210 17212 17213 17215 17217 17217 17217 17219 17219 17221 17223 17225 17228 17229 17229 17231 17233 17235 17235 17237 17239 17239 17239 17241 17244 17245 17245 17247 17250 17251 17251 17253 17253 17255 17255 17257 17257 17259 17262 17262 17263 17266 17267 17267 17267 17269 17269 17271 17273 17273 17275 17277 17277 17280 17281 17281 17283 17285 17285 17287 17289 17291 17291 17293 17293 17295 17297 17299 17301 17301 17301 17303 17305 17308 17309 17309 17311 17311 17311 17313 17313 17315 17317 17317 17319 17321 17321 17321 17323 17325 17327 17327 17329 17331 17333 17333 17335 17337 17337 17339 17342 17343 17343 17343 17345 17347 17347 17350 17351 17353 17353 17355 17357 17359 17359 17361 17361 17361 17363 17366 17367 17369 17371 17371 17373 17375 17377 17377 17379 17379 17381 17384 17385 17388 17389 17389 17391 17393 17395 17395 17397 17397 17399 17401 17403 17403 17403 17403 17405 17405 17407 17407 17409 17409 17411 17414 17415 17417 17417 17419 17421 17423 17425 17427 17427 17427 17429 17429 17429 17431 17433 17436 17437 17439 17439 17441 17441 17444 17444 17445 17445 17447 17447 17449 17452 17453 17455 17455 17455 17457 17457 17459 17461 17463 17463 17465 17468 17468 17468 17470 17472 17473 17475 17475 17477 17480 17481 17481 17483 17485 17487 17487 17489 17492 17493 17493 17495 17495 17497 17497 17499 17501 17503 17505 17505 17507 17507 17509 17511 17511 17511 17513 17513 17515 17517 17519 17521 17521 17523 17525 17525 17525 17527 17530 17531 17531 17533 17535 17537 17537 17539 17541 17541 17543 17546 17547 17547 17549 17549 17551 17551 17551 17553 17555 17557 17557 17559 17561 17563 17563 17565 17568 17569 17569 17571 17573 17575 17575 17577 17579 17579 17581 17583 17585 17585 17585 17587 17590 17590 17591 17593 17595 17597 17597 17597 17599 17601 17603 17603 17605 17608 17609 17609 17609 17609 17612 17612 17614 17615 17615 17617 17619 17623 65535
0 0 4 5 5 7 9 9 12 13 13 15 18 19 19 22 22 23 25 27 30 33 65535
0 0 0 0 0 0 0 0 0 3 5 8 9 9 12 13 13 15 18 19 19 22 23 23 26 27 27 29 32 33 33 36 37 37 39 42 43 43 46 48 49 52 52 54 56 56 58 58 60 61 64 64 66 67 70 70 72 74 76 76 78 78 80 81 84 84 86 88 88 90 91 94 94 96 98 98 100 102 103 106 106 108 110 110 112 113 116 116 118 120 122 122 124 126 128 128 130 132 134 134 134 136 138 140 142 142 144 146 146 148 150 151 154 154 155 158 158 160 161 164 164 166 168 168 170 171 174 174 176 177 180 180 182 183 186 186 188 188 190 192 194 194 196 197 200 200 202 204 204 206 207 210 210 212 212 214 215 218 218 220 221 224 224 226 228 228 230 232 234 236 236 238 239 242 242 244 244 246 247 250 250 252 254 254 256 257 260 260 262 264 264 265 268 268 269 272 272 274 275 278 278 280 281 284 284 285 288 288 290 291 294 294 296 298 300 300 302 302 304 306 308 310 310 311 314 314 316 318 318 320 322 324 324 326 326 328 328 330 331 334 334 336 338 338 340 341 344 344 346 347 350 350 352 354 356 356 358 360 360 362 363 366 366 368 369 372 372 374 374 376 377 380 380 382 383 386 386 388 389 392 392 393 396 396 396 396 396 398 400 402 402 404 406 408 408 410 412 414 414 414 415 417 420 422 423 423 425 425 427 430 431 431 433 435 435 437 439 441 441 443 445 447 447 449 451 451 453 455 455 457 459 461 461 463 465 465 467 467 469 471 471 473 476 477 477 479 482 483 483 483 485 487 487 489 491 493 493 495 498 499 499 501 501 503 505 507 507 509 511 511 513 515 517 517 519 522 523 523 525 525 527 530 531 531 533 535 535 537 539 541 541 543 545 547 547 549 552 553 553 555 555 557 559 561 561 563 565 565 567 570 571 571 573 576 578 579 579 581 581 583 585 588 589 589 591 593 593 595 598 599 599 601 604 605 605 607 607 609 612 613 613 615 618 619 619 622 623 623 625 628 629 629 631 634 635 635 638 640 642 642 643 643 646 648 648 648 650 652 654 654 656 658 658 660 662 664 664 666 668 670 670 672 673 676 676 676 678 679 682 682 684 686 688 688 690 692 692 693 696 696 698 699 702 702 704 706 708 708 710 712 714 714 716 716 718 719 722 722 724 726 728 728 730 732 732 734 735 738 738 740 742 744 744 746 746 748 750 752 754 754 755 758 758 760 761 764 764 766 768 768 770 772 774 774 776 778 778 780 782 784 784 785 788 788 790 791 794 794 796 798 800 800 802 804 804 806 807 810 810 810 810 812 813 816 816 817 820 820 822 824 826 826 828 830 830 832 834 836 836 838 840 842 842 844 846 848 848 850 850 852 853 856 856 858 860 862 862 864 865 868 868 870 872 872 874 876 878 878 880 881 884 884 886 888 888 890 891 894 894 895 898 898 900 901 904 904 905 908 908 910 912 914 914 916 918 918 920 922 923 926 926 928 928 930 931 934 934 936 938 938 940 941 944 944 946 948 950 950 951 953 955 957 959 959 961 963 965 965 967 969 971 971 974 975 975 977 979 979 981 983 985 987 987 989 989 991 991 993 995 997 997 1000 1000 1001 1004 1004 1006 1007 1010 1010 1012 1013 1016 1016 1018 1020 1020 1022 1024 1026 1028 1028 1029 1032 1033 1033 1036 1037 1037 1039 1042 1044 1044 1045 1045 1047 1050 1051 1051 1053 1053 1055 1058 1059 1059 1061 1064 1065 1065 1067 1069 1069 1071 1074 1075 1075 1077 1079 1079 1082 1082 1084 1086 1086 1088 1088 1090 1092 1094 1094 1096 1098 1100 1100 1102 1104 1104 1106 1107 1110 1110 1112 1114 1116 1116 1118 1119 1122 1122 1124 1125 1128 1128 1130 1131 1134 1134 1135 1138 1138 1140 1140 1142 1144 1144 1146 1148 1150 1152 1152 1154 1154 1156 1157 1160 1160 1162 1164 1164 1166 1168 1170 1170 1172 1173 1176 1176 1178 1180 1182 1184 1184 1185 1188 1188 1190 1192 1194 1194 1196 1198 1200 1200 1202 1202 1204 1206 1208 1208 1210 1212 1212 1214 1216 1218 1218 1220 1221 1224 1224 1225 1228 1228 1230 1231 1234 1234 1236 1238 1238 1240 1241 1244 1244 1246 1248 1248 1248 1248 1250 1252 1254 1254 1256 1258 1260 1260 1262 1263 1266 1266 1268 1270 1270 1272 1273 1276 1276 1278 1278 1280 1282 1284 1284 1286 1287 1290 1290 1291 1294 1294 1296 1298 1299 1301 1301 1304 1304 1306 1307 1310 1310 1312 1314 1314 1316 1318 1320 1320 1322 1324 1324 1326 1328 1330 1332 1332 1334 1334 1336 1338 1338 1340 1342 1342 1344 1346 1348 1348 1350 1352 1352 1354 1356 1356 1358 1360 1362 1362 1364 1366 1368 1368 1370 1371 1374 1374 1376 1378 1378 1380 1382 1384 1384 1386 1388 1390 1390 1392 1394 1394 1396 1397 1400 1400 1401 1404 1404 1406 1408 1408 1410 1411 1414 1414 1416 1417 1420 1420 1421 1424 1424 1426 1427 1430 1430 1432 1434 1434 1436 1437 1440 1440 1442 1442 1442 1444 1444 1446 1447 1450 1450 1452 1454 1454 1456 1458 1460 1460 1462 1464 1466 1468 1468 1470 1470 1472 1474 1476 1476 1478 1480 1481 1484 1484 1486 1486 1488 1490 1490 1492 1493 1496 1496 1498 1499 1502 1502 1503 1506 1506 1508 1510 1511 1514 1514 1516 1516 1518 1520 1522 1522 1524 1525 1528 1528 1530 1532 1532 1534 1536 1538 1538 1540 1542 1542 1544 1546 1548 1548 1550 1552 1554 1556 1556 1558 1558 1560 1562 1562 1564 1566 1566 1568 1568 1570 1571 1574 1574 1575 1578 1578 1580 1581 1584 1584 1586 1588 1590 1590 1592 1593 1596 1596 1598 1600 1600 1602 1603 1606 1606 1606 1606 1608 1610 1610 1612 1614 1614 1616 1618 1620 1620 1622 1622 1624 1625 1628 1628 1630 1631 1634 1634 1634 1634 1636 1638 1638 1640 1641 1644 1644 1646 1648 1650 1650 1652 1654 1656 1656 1658 1660 1660 1661 1664 1664 1666 1666 1668 1670 1672 1672 1674 1675 1678 1678 1680 1681 1684 1684 1686 1688 1690 1690 1692 1693 1696 1696 1698 1700 1702 1702 1704 1706 1706 1708 1708 1710 1711 1714 1716 1716 1718 1718 1720 1722 1722 1723 1726 1727 1727 1727 1729 1731 1731 1734 1735 1735 1738 1738 1738 1740 1742 1742 1744 1746 1748 1748 1750 1751 1754 1754 1755 1758 1758 1758 1760 1762 1764 1764 1766 1768 1768 1770 1771 1774 1774 1776 1776 1776 1778 1778 1779 1782 1784 1784 1784 1786 1786 1786 1788 1790 1792 1792 1794 1796 1798 1798 1798 1800 1802 1804 1804 1806 1808 1810 1812 1812 1814 1814 1816 1816 1818 1818 1820 1822 1824 1824 1826 1828 1828 1828 1830 1830 1831 1834 1834 1836 1838 1840 1840 1842 1842 1844 1844 1844 1846 1848 1850 1850 1852 1853 1856 1856 1858 1860 1860 1860 1862 1864 1866 1866 1868 1870 1872 1872 1872 1874 1876 1878 1878 1880 1882 1884 1886 1886 1888 1889 1892 1892 1894 1895 1898 1898 1900 1902 1902 1904 1905 1908 1908 1910 1912 1914 1914 1916 1916 1916 1918 1918 1918 1918 1920 1922 1924 1924 1926 1928 1930 1930 1930 1932 1933 1936 1936 1938 1939 1942 1942 1944 1946 1946 1948 1950 1952 1952 1954 1955 1958 1958 1959 1962 1962 1964 1966 1968 1968 1970 1972 1974 1974 1976 1976 1978 1979 1982 1982 1984 1986 1988 1988 1990 1991 1994 1994 1995 1998 1998 2000 2001 2004 2004 2006 2007 2009 2009 2012 2012 2014 2016 2018 2018 2020 2020 2022 2024 2026 2026 2028 2028 2030 2031 2034 2034 2036 2037 2040 2040 2041 2043 2045 2045 2048 2048 2050 2051 2054 2054 2056 2056 2058 2058 2058 2058 2060 2062 2064 2064 2066 2067 2070 2070 2072 2072 2074 2076 2078 2078 2080 2082 2084 2084 2086 2087 2090 2090 2092 2094 2096 2096 2096 2098 2099 2102 2102 2104 2106 2106 2108 2110 2112 2112 2114 2116 2118 2118 2120 2121 2124 2124 2126 2126 2128 2129 2132 2132 2134 2136 2136 2138 2140 2142 2142 2144 2145 2148 2148 2150 2150 2152 2153 2156 2156 2158 2159 2162 2162 2164 2165 2168 2168 2170 2172 2174 2174 2174 2176 2176 2178 2180 2182 2184 2184 2184 2186 2186 2186 2188 2188 2188 2188 2190 2190 2192 2193 2196 2196 2198 2199 2202 2202 2204 2204 2206 2208 2210 2210 2211 2214 2214 2216 2217 2220 2220 2222 2223 2226 2226 2228 2230 2230 2232 2232 2234 2236 2238 2238 2240 2242 2242 2244 2246 2248 2248 2250 2251 2254 2254 2256 2258 2260 2260 2261 2264 2264 2266 2266 2268 2270 2272 2273 2273 2276 2276 2277 2280 2282 2282 2284 2284 2285 2287 2289 2289 2292 2292 2294 2295 2298 2298 2300 2302 2304 2306 2306 2308 2308 2309 2312 2314 2314 2316 2316 2317 2320 2320 2321 2324 2324 2326 2328 2330 2330 2332 2334 2336 2336 2336 2338 2339 2342 2342 2344 2346 2346 2348 2349 2352 2352 2353 2356 2356 2358 2360 2362 2362 2364 2366 2368 2368 2370 2372 2372 2374 2374 2376 2377 2380 2380 2382 2384 2386 2386 2388 2390 2390 2392 2394 2396 2396 2398 2399 2402 2402 2404 2405 2408 2408 2410 2412 2414 2414 2415 2418 2418 2420 2420 2422 2423 2426 2426 2428 2430 2430 2432 2434 2436 2436 2438 2440 2442 2442 2442 2444 2446 2448 2448 2450 2452 2452 2452 2452 2454 2456 2457 2460 2460 2462 2464 2466 2466 2466 2468 2469 2472 2472 2474 2476 2476 2478 2478 2480 2481 2484 2484 2485 2488 2488 2490 2492 2493 2496 2496 2498 2498 2500 2501 2503 2505 2507 2507 2509 2511 2511 2513 2516 2517 2517 2519 2522 2522 2522 2522 2524 2526 2528 2528 2530 2532 2534 2534 2536 2537 2540 2542 2542 2543 2545 2547 2547 2549 2551 2554 2554 2556 2558 2558 2560 2560 2562 2564 2566 2566 2568 2569 2572 2572 2574 2574 2576 2578 2580 2580 2582 2583 2586 2586 2588 2590 2592 2592 2594 2596 2596 2598 2598 2600 2602 2604 2604 2606 2607 2610 2610 2612 2612 2614 2616 2617 2617 2619 2621 2623 2623 2625 2628 2629 2629 2631 2633 2633 2635 2635 2637 2637 2637 2639 2642 2643 2643 2645 2647 2649 2649 2651 2651 2653 2653 2655 2657 2657 2659 2662 2663 2663 2665 2667 2667 2669 2671 2671 2673 2676 2677 2677 2679 2681 2681 2683 2685 2687 2687 2689 2691 2691 2693 2696 2697 2697 2699 2701 2703 2703 2705 2708 2709 2709 2711 2711 2713 2715 2717 2717 2719 2721 2723 2723 2725 2727 2727 2729 2731 2733 2733 2735 2737 2737 2739 2742 2744 2744 2746 2747 2750 2750 2752 2754 2756 2756 2757 2760 2760 2762 2763 2765 2765 2767 2769 2769 2771 2773 2775 2775 2777 2779 2779 2781 2783 2783 2785 2788 2789 2789 2792 2793 2793 2795 2797 2799 2799 2801 2804 2805 2805 2807 2807 2809 2812 2813 2813 2816 2817 2817 2819 2821 2823 2823 2825 2827 2829 2829 2831 2833 2835 2835 2837 2837 2840 2840 2841 2843 2843 2846 2846 2848 2850 2852 2852 2854 2856 2856 2858 2859 2862 2862 2864 2866 2867 2870 2870 2870 2872 2873 2876 2876 2878 2880 2880 2882 2883 2886 2886 2888 2889 2892 2892 2894 2896 2898 2898 2898 2900 2901 2904 2904 2906 2908 2908 2910 2910 2912 2912 2914 2914 2916 2917 2920 2920 2922 2924 2926 2926 2926 2926 2926 2928 2930 2932 2932 2934 2936 2936 2938 2940 2942 2942 2944 2945 2948 2948 2950 2950 2952 2953 2956 2956 2958 2960 2962 2962 2964 2966 2966 2968 2969 2972 2972 2974 2975 2978 2978 2980 2980 2982 2983 2986 2986 2988 2990 2992 2992 2994 2996 2998 2998 2999 3002 3004 3004 3004 3006 3008 3010 3010 3012 3014 3014 3016 3016 3016 3018 3020 3020 3020 3022 3024 3026 3026 3028 3030 3030 3032 3033 3036 3036 3038 3039 3039 3042 3042 3044 3046 3048 3048 3050 3052 3054 3054 3056 3058 3060 3060 3060 3062 3064 3066 3066 3068 3070 3072 3072 3074 3074 3076 3078 3080 3080 3082 3084 3086 3086 3088 3089 3092 3092 3094 3096 3098 3098 3100 3102 3104 3104 3104 3106 3108 3110 3110 3112 3114 3114 3116 3117 3120 3120 3122 3122 3124 3126 3126 3128 3130 3132 3132 3134 3136 3136 3138 3140 3142 3142 3144 3146 3148 3148 3150 3152 3154 3154 3156 3158 3160 3160 3160 3162 3164 3166 3166 3168 3168 3170 3170 3172 3173 3176 3176 3178 3180 3182 3182 3184 3185 3188 3188 3190 3192 3192 3194 3195 3198 3198 3200 3202 3202 3204 3205 3208 3208 3210 3211 3214 3214 3216 3218 3218 3220 3222 3224 3224 3226 3228 3230 3230 3231 3234 3235 3235 3237 3239 3241 3241 3243 3245 3245 3247 3249 3251 3251 3253 3255 3257 3257 3259 3261 3263 3263 3265 3267 3267 3269 3271 3273 3273 3275 3277 3279 3279 3281 3283 3285 3285 3288 3289 3289 3291 3294 3295 3295 3297 3299 3299 3301 3303 3305 3305 3307 3309 3309 3311 3314 3315 3315 3318 3319 3319 3321 3323 3325 3325 3325 3327 3330 3331 3331 3333 3336 3337 3337 3339 3341 3343 3343 3346 3347 3347 3349 3351 3351 3353 3355 3357 3357 3359 3361 3361 3363 3365 3367 3367 3369 3372 3373 3373 3376 3377 3377 3379 3381 3383 3383 3385 3387 3387 3389 3391 3393 3393 3395 3397 3399 3399 3401 3403 3403 3405 3407 3409 3409 3411 3413 3415 3415 3417 3419 3419 3421 3423 3425 3425 3427 3429 3431 3431 3433 3435 3435 3437 3440 3441 3441 3443 3445 3445 3447 3449 3451 3451 3453 3455 3457 3457 3459 3461 3461 3463 3465 3467 3467 3469 3471 3473 3473 3473 3475 3477 3479 3479 3481 3483 3485 3485 3488 3489 3489 3491 3494 3495 3495 3497 3499 3501 3501 3503 3505 3505 3507 3509 3511 3511 3513 3515 3515 3517 3519 3521 3521 3523 3525 3525 3527 3529 3531 3531 3533 3535 3537 3537 3539 3541 3541 3543 3545 3547 3547 3549 3551 3553 3553 3555 3557 3557 3559 3561 3563 3563 3565 3567 3569 3569 3572 3573 3573 3575 3578 3579 3579 3581 3583 3585 3585 3587 3589 3589 3591 3593 3595 3595 3597 3599 3601 3601 3603 3605 3605 3607 3609 3611 3611 3613 3615 3617 3617 3619 3621 3621 3623 3625 3627 3627 3630 3631 3631 3633 3635 3637 3637 3639 3641 3641 3643 3645 3647 3647 3649 3651 3653 3653 3656 3657 3657 3659 3661 3663 3663 3665 3667 3669 3669 3671 3671 3673 3675 3677 3677 3679 3681 3683 3683 3685 3685 3687 3689 3689 3691 3693 3695 3695 3697 3699 3699 3701 3703 3705 3705 3707 3709 3711 3713 3713 3715 3717 3717 3719 3721 3723 3723 3725 3727 3727 3729 3731 3733 3733 3735 3737 3737 3739 3741 3743 3743 3745 3747 3747 3749 3751 3751 3753 3755 3757 3757 3759 3761 3761 3763 3765 3767 3767 3769 3771 3771 3773 3775 3777 3777 3779 3781 3781 3783 3785 3785 3787 3787 3789 3791 3793 3793 3795 3797 3799 3799 3801 3803 3805 3805 3807 3809 3811 3811 3813 3815 3817 3817 3819 3821 3823 3823 3825 3827 3829 3829 3831 3833 3835 3835 3837 3839 3841 3841 3843 3845 3847 3847 3849 3851 3853 3855 3855 3857 3859 3859 3861 3863 3865 3865 3867 3869 3869 3871 3873 3875 3875 3877 3879 3881 3881 3883 3885 3885 3887 3889 3891 3891 3893 3895 3895 3897 3899 3901 3901 3903 3905 3905 3907 3909 3911 3911 3913 3915 3917 3917 3919 3921 3921 3923 3925 3927 3929 3929 3931 3933 3935 3935 3937 3939 3939 3941 3943 3945 3945 3947 3951 65535
0 0 3 5 5 7 9 11 11 13 16 17 17 19 19 21 21 23 23 25 25 27 27 29 29 31 31 33 35 35 35 35 35 35 35 38 39 41 41 44 44 46 47 49 49 51 51 51 53 53 53 56 57 57 59 61 61 64 65 65 65 67 67 67 67 69 71 71 71 71 73 73 75 78 79 82 83 83 85 87 87 89 89 92 93 95 95 97 97 99 101 101 103 105 107 107 109 109 109 109 112 112 113 113 113 115 117 119 119 121 123 125 127 127 129 131 133 133 135 137 139 141 143 143 145 145 145 147 147 147 149 149 151 151 153 155 157 159 161 161 163 165 167 167 170 171 171 173 175 177 177 179 181 183 183 183 185 187 187 189 191 193 193 195 197 199 199 201 203 205 205 207 207 209 211 213 215 215 217 220 221 221 223 226 227 227 229 229 231 231 233 233 235 235 237 237 239 239 241 243 243 243 243 246 247 249 251 251 253 256 257 257 259 261 263 263 265 267 269 269 271 273 275 275 277 277 279 281 284 285 285 285 287 287 287 289 292 294 295 295 297 297 299 299 301 301 303 303 305 305 305 305 305 307 309 311 311 313 313 315 317 317 319 321 323 325 325 327 327 329 331 331 333 336 337 339 339 341 341 343 343 343 345 347 347 349 351 353 355 355 357 359 361 361 363 365 367 367 369 369 371 371 373 375 375 377 377 379 381 383 383 385 387 389 389 391 393 395 395 397 397 399 401 403 403 405 407 409 409 411 413 413 415 417 417 419 421 423 423 425 427 429 429 431 433 435 435 437 440 441 441 443 445 447 447 449 451 451 453 455 457 457 459 461 465 65535
0 0 0 4 6 6 8 10 10 12 14 16 18 18 19 22 22 24 26 28 28 30 32 34 34 36 38 40 40 42 44 46 46 48 50 51 54 54 56 58 58 60 61 64 64 66 66 68 70 70 72 74 74 76 76 78 80 82 84 84 86 86 86 88 88 90 92 94 94 96 96 98 100 102 102 104 106 106 108 110 110 112 114 116 116 116 118 120 122 122 124 125 128 128 130 131 134 134 136 136 136 138 140 142 143 145 147 147 150 150 150 151 154 154 156 158 160 162 162 164 166 166 168 168 170 170 172 173 176 176 178 179 182 184 184 184 186 187 190 192 192 192 194 195 198 198 200 202 204 204 206 206 208 209 212 214 214 214 214 216 216 218 220 221 223 226 226 226 228 230 231 234 234 236 237 240 240 242 242 244 246 246 246 248 248 250 252 254 254 256 258 258 260 260 262 262 264 266 266 268 270 272 272 274 276 278 278 280 280 282 284 285 287 287 290 290 290 292 292 292 292 292 294 295 298 298 300 302 303 303 305 305 308 308 308 310 312 314 314 316 317 319 322 322 324 326 326 326 328 328 330 332 334 334 334 334 336 336 338 338 339 342 342 344 346 348 348 350 351 353 353 356 356 358 360 362 362 363 366 366 368 370 372 372 374 376 376 378 380 382 382 384 386 386 388 390 392 392 394 395 395 395 398 398 399 402 402 404 404 406 408 408 410 410 412 412 413 415 418 419 419 421 424 425 425 428 430 430 431 431 433 436 437 437 440 441 441 443 443 445 448 449 449 452 453 453 455 458 459 459 461 463 463 465 467 470 472 472 472 474 474 474 474 474 476 476 478 478 480 482 483 486 486 488 490 490 490 492 494 496 496 497 500 500 502 502 504 504 506 508 510 510 512 512 512 514 514 514 516 516 518 520 522 522 524 526 526 528 528 530 532 534 536 536 538 538 540 542 544 544 544 544 546 548 550 550 552 554 554 554 556 556 558 560 562 564 564 566 566 568 568 570 570 572 574 576 578 578 580 582 582 584 584 584 584 586 588 590 590 591 594 594 596 596 598 600 602 604 604 606 608 608 610 610 612 612 612 612 614 616 618 618 619 622 622 624 624 625 627 629 629 631 633 636 636 636 636 638 640 642 642 644 646 646 648 648 650 652 654 654 656 658 660 662 662 664 664 666 668 670 670 671 674 674 676 678 678 680 680 682 684 686 688 688 690 692 692 694 694 694 696 698 700 700 702 704 706 706 708 710 710 712 714 716 716 718 720 722 722 724 726 728 728 730 730 732 734 736 736 736 738 740 742 744 744 746 748 750 751 754 754 756 756 758 758 758 758 760 760 762 762 764 766 768 768 768 770 772 774 776 776 778 778 780 782 784 784 786 788 790 790 792 792 794 796 796 798 798 800 800 802 804 806 806 808 808 808 808 810 812 812 812 812 814 814 816 818 820 820 822 824 824 826 828 830 832 832 834 834 836 838 838 840 842 842 842 844 846 846 846 848 850 850 852 852 854 856 856 858 860 860 860 862 864 864 866 867 870 870 872 874 874 876 876 878 880 880 882 882 884 886 888 890 890 890 892 892 894 896 896 898 900 900 902 902 902 904 904 906 908 908 910 910 912 914 916 916 918 918 920 922 922 924 924 926 928 928 930 930 930 932 934 936 936 937 940 940 942 943 946 946 946 946 948 950 952 952 954 954 955 958 958 960 962 964 964 964 964 965 965 968 968 969 972 972 974 975 978 978 980 982 984 984 986 988 990 990 992 994 994 994 996 996 996 996 996 998 1000 1002 1002 1004 1004 1006 1008 1008 1010 1010 1010 1012 1014 1016 1016 1018 1018 1020 1022 1024 1024 1026 1028 1030 1030 1031 1034 1034 1036 1036 1036 1036 1038 1040 1042 1044 1045 1048 1048 1050 1050 1052 1052 1052 1052 1052 1054 1054 1056 1058 1058 1060 1060 1062 1064 1066 1066 1066 1066 1066 1068 1068 1068 1070 1072 1074 1074 1076 1076 1078 1078 1080 1080 1081 1084 1084 1086 1088 1090 1090 1092 1094 1094 1096 1098 1099 1101 1104 1104 1104 1106 1106 1108 1110 1110 1112 1114 1114 1116 1118 1120 1120 1121 1123 1123 1126 1126 1127 1130 1130 1132 1132 1134 1134 1136 1136 1138 1140 1142 1142 1142 1143 1146 1146 1148 1148 1148 1150 1151 1154 1154 1156 1158 1160 1160 1162 1163 1166 1166 1168 1170 1172 1172 1174 1176 1178 1178 1180 1182 1184 1184 1184 1184 1186 1186 1186 1187 1190 1190 1192 1193 1196 1196 1198 1200 1202 1202 1204 1204 1206 1208 1209 1212 1212 1212 1214 1215 1218 1218 1220 1222 1224 1225 1228 1228 1228 1230 1232 1234 1236 1236 1238 1240 1242 1242 1242 1244 1244 1246 1248 1249 1252 1252 1252 1254 1256 1258 1258 1260 1260 1262 1264 1266 1268 1268 1268 1270 1272 1272 1274 1274 1276 1278 1280 1280 1282 1284 1284 1284 1286 1286 1286 1288 1290 1292 1292 1294 1296 1296 1298 1300 1301 1303 1303 1306 1306 1307 1309 1312 1312 1312 1314 1316 1316 1316 1318 1319 1322 1322 1323 1326 1326 1328 1328 1330 1332 1333 1335 1335 1338 1338 1340 1342 1342 1343 1345 1345 1347 1347 1349 1352 1352 1352 1353 1355 1355 1358 1358 1360 1362 1363 1366 1366 1366 1366 1368 1368 1369 1371 1371 1374 1376 1378 1378 1378 1378 1380 1381 1384 1384 1386 1388 1388 1390 1392 1392 1392 1392 1392 1394 1394 1396 1398 1400 1402 1402 1404 1405 1408 1408 1408 1408 1408 1410 1411 1414 1414 1416 1416 1416 1418 1418 1418 1420 1421 1424 1424 1425 1428 1428 1430 1432 1434 1436 1436 1438 1438 1440 1442 1442 1442 1442 1442 1442 1444 1444 1444 1444 1446 1446 1448 1448 1450 1452 1454 1455 1457 1457 1460 1460 1460 1462 1464 1464 1464 1464 1464 1466 1466 1467 1470 1472 1472 1472 1474 1476 1478 1478 1478 1480 1481 1484 1484 1484 1484 1486 1488 1490 1490 1490 1492 1494 1497 65535
0 0 3 5 7 7 9 11 13 13 15 17 19 19 21 23 25 25 27 29 31 31 33 35 37 37 39 41 43 43 45 47 49 49 51 54 55 55 57 59 63 65535

0 3 5 7 9 9 12 13 15 15 18 19 21 21 24 25 27 27 30 31 33 33 35 37 39 39 42 43 45 45 48 49 51 51 54 55 57 57 59 61 63 63 66 67 69 69 72 73 75 75 79 65535
0 4 6 8 8 10 12 14 14 16 18 20 20 22 23 26 26 28 30 32 32 34 36 38 38 40 42 44 44 46 48 50 50 52 54 56 56 58 60 62 62 64 66 68 68 70 72 74 74 76 78 80 80 82 84 86 86 88 90 92 92 94 96 98 98 100 102 104 104 106 108 110 110 112 114 116 116 118 120 122 122 124 126 128 128 130 132 134 134 136 138 140 140 142 144 146 146 148 150 152 152 154 156 158 158 160 162 164 164 166 168 170 170 172 174 176 176 178 180 182 182 184 186 188 188 190 192 194 194 196 198 200 200 202 204 206 206 208 210 212 212 214 216 218 218 220 222 224 224 226 228 230 230 232 233 236 236 238 240 240 242 244 246 246 248 250 252 252 254 256 258 258 260 262 264 264 266 268 270 270 272 274 276 276 278 280 282 282 284 286 288 288 290 292 294 294 296 298 300 300 302 304 306 306 308 308 310 311 314 316 316 318 320 322 322 324 325 328 328 330 332 334 334 336 338 340 340 342 344 346 346 348 350 352 352 354 356 358 358 360 362 364 364 366 367 370 370 372 373 376 376 378 379 382 382 384 386 388 388 390 392 394 394 396 398 400 400 402 403 406 406 408 410 412 412 414 414 415 418 420 422 422 424 425 428 428 430 431 434 434 436 438 440 440 442 443 446 446 448 450 452 452 454 456 458 458 460 461 461 464 466 466 468 470 472 472 474 476 478 478 480 482 484 484 486 487 490 490 492 493 496 496 498 499 502 502 504 506 508 508 510 511 514 514 516 517 520 520 522 523 526 526 528 529 532 532 534 534 535 538 540 542 542 544 545 548 548 550 551 554 554 556 557 560 560 562 564 566 566 568 569 572 572 574 576 578 578 580 582 584 584 586 588 590 590 592 593 596 596 598 600 602 602 604 606 608 608 610 611 614 614 616 618 620 620 622 623 626 626 628 630 632 632 634 634 636 638 640 640 642 644 646 646 648 650 652 652 654 656 658 658 660 661 664 664 666 668 670 670 672 674 676 676 678 680 682 682 684 686 686 688 690 692 692 694 696 698 698 700 702 704 704 706 708 710 710 712 714 716 716 718 720 722 722 724 726 728 728 730 732 734 734 736 738 740 740 742 744 744 746 748 750 750 752 754 756 756 758 759 762 762 764 766 768 768 770 772 774 774 776 778 780 780 782 784 786 786 788 790 792 792 794 796 798 798 800 802 804 804 806 808 810 810 812 814 816 816 818 820 822 822 824 826 828 828 830 832 834 834 836 838 840 840 842 843 846 846 848 849 852 852 854 855 858 858 860 861 864 864 866 868 870 870 872 873 876 876 878 880 882 882 884 886 888 888 890 892 894 894 896 897 900 900 902 903 906 906 908 910 912 912 914 916 918 918 920 922 924 924 926 928 930 930 932 934 936 936 938 940 942 942 944 946 948 948 950 952 954 954 956 957 960 960 962 964 966 968 968 970 972 974 974 976 978 980 980 982 984 986 986 988 990 990 992 993 996 996 998 1000 1002 1002 1004 1005 1008 1008 1010 1012 1014 1014 1016 1017 1020 1020 1022 1023 1026 1026 1028 1030 1032 1032 1034 1036 1038 1038 1040 1042 1044 1044 1046 1047 1050 1050 1052 1053 1056 1056 1058 1059 1062 1062 1064 1065 1068 1068 1070 1071 1074 1074 1076 1077 1080 1080 1082 1083 1086 1086 1088 1089 1092 1092 1094 1095 1098 1098 1100 1101 1104 1104 1104 1106 1108 1109 1112 1112 1114 1115 1118 1118 1120 1121 1124 1124 1126 1127 1130 1130 1132 1133 1136 1136 1138 1139 1142 1142 1144 1145 1148 1148 1150 1152 1154 1154 1156 1157 1160 1160 1162 1163 1166 1166 1168 1169 1172 1172 1174 1175 1178 1178 1180 1181 1184 1184 1186 1187 1190 1190 1192 1193 1196 1196 1198 1199 1202 1202 1204 1205 1208 1208 1210 1212 1214 1214 1216 1217 1220 1220 1222 1223 1226 1226 1228 1229 1232 1232 1234 1235 1238 1238 1240 1241 1244 1244 1246 1247 1250 1250 1252 1253 1256 1256 1257 1260 1260 1262 1263 1266 1266 1268 1269 1272 1272 1274 1275 1278 1281 65535

0 4 4 6 8 10 10 12 14 16 16 18 20 22 22 24 26 28 28 30 32 34 34 36 38 40 40 42 44 46 46 48 50 52 52 54 56 58 58 60 62 62 64 66 68 68 70 72 74 74 76 78 80 80 82 84 86 86 88 90 92 92 94 96 98 98 100 102 104 104 106 108 110 110 112 114 116 116 118 120 122 122 124 126 128 128 130 132 134 134 136 138 140 140 142 144 146 146 148 150 152 152 154 156 158 158 160 162 164 164 166 168 170 170 172 174 176 176 178 180 182 182 184 186 188 188 190 192 194 194 196 198 200 200 202 204 206 206 208 210 212 212 214 216 218 218 220 222 224 224 226 228 230 230 232 234 236 236 238 240 242 242 244 246 248 248 250 252 252 254 256 258 258 260 262 264 264 266 268 270 272 274 274 275 277 280 280 282 283 286 286 288 289 292 292 294 295 298 298 300 301 304 304 306 307 310 310 312 313 316 316 318 319 322 322 324 325 328 328 330 331 334 334 336 337 340 340 342 343 346 346 348 349 352 352 354 355 358 358 360 361 364 364 366 367 370 370 372 374 376 376 378 379 382 382 384 385 388 388 390 391 394 394 396 398 400 400 402 403 406 406 408 409 412 412 414 416 416 418 419 422 422 424 425 428 428 430 431 434 434 436 437 440 440 442 442 444 445 447 450 450 452 453 456 456 458 460 462 462 464 465 468 468 470 471 474 474 476 477 480 480 482 483 486 486 488 489 492 492 494 495 498 498 500 502 502 504 505 508 508 510 511 514 514 516 517 520 520 522 523 526 526 526 528 530 531 534 534 536 537 540 540 542 543 546 546 548 549 552 552 554 554 556 558 560 560 562 564 566 566 568 570 572 572 574 576 578 578 580 581 584 584 586 588 588 590 591 594 594 596 597 600 600 602 604 606 606 608 608 609 611 614 614 616 617 620 620 622 624 626 626 628 630 632 632 634 636 638 638 640 642 644 644 646 648 650 650 652 654 656 656 658 660 662 662 664 666 668 668 670 672 674 674 676 678 680 680 682 684 686 686 688 689 692 692 694 695 698 698 700 701 704 704 706 707 710 710 712 713 716 716 718 720 722 722 724 725 728 728 730 731 734 734 736 737 740 740 742 744 746 746 748 749 752 752 754 756 756 758 759 762 762 764 765 768 768 770 771 774 774 776 778 780 780 782 783 786 786 788 789 792 792 794 795 798 798 800 801 804 804 806 807 810 810 812 814 816 816 818 819 822 822 824 825 828 828 830 831 834 834 836 837 840 840 842 843 846 846 848 849 852 852 854 855 858 858 860 862 862 864 865 868 868 870 871 874 874 876 877 880 880 882 883 886 886 888 889 892 892 894 895 898 898 900 901 904 906 906 908 909 912 912 914 914 916 917 919 922 922 924 924 925 927 930 932 932 934 935 938 938 940 941 944 944 946 947 950 950 952 953 956 956 958 959 962 962 964 965 968 968 970 971 974 974 976 977 980 980 982 983 986 986 988 989 992 992 994 994 995 998 999 1002 1002 1004 1005 1008 1008 1010 1011 1014 1014 1016 1018 1020 1020 1022 1024 1026 1026 1028 1029 1032 1032 1034 1035 1038 1038 1040 1041 1044 1044 1046 1047 1050 1050 1052 1053 1056 1056 1058 1058 1060 1062 1064 1066 1066 1068 1069 1072 1072 1074 1076 1078 1078 1080 1081 1084 1084 1086 1087 1090 1090 1092 1093 1096 1096 1098 1100 1102 1102 1104 1106 1108 1108 1110 1111 1114 1114 1116 1117 1120 1120 1122 1124 1126 1126 1128 1129 1132 1132 1134 1135 1138 1138 1140 1141 1144 1144 1146 1147 1150 1150 1152 1153 1156 1156 1158 1159 1162 1162 1164 1165 1168 1168 1170 1171 1174 1174 1176 1177 1180 1180 1182 1184 1186 1186 1188 1189 1192 1192 1194 1195 1198 1198 1200 1202 1204 1204 1206 1208 1210 1210 1212 1213 1216 1216 1218 1219 1222 1222 1224 1225 1228 1228 1230 1231 1234 1234 1236 1237 1240 1240 1242 1244 1246 1246 1248 1249 1252 1252 1253 1256 1256 1258 1259 1262 1262 1264 1265 1268 1268 1270 1271 1274 1274 1276 1278 1280 1280 1282 1283 1286 1286 1288 1290 1290 1292 1293 1296 1296 1298 1299 1302 1302 1304 1306 1308 1308 1310 1312 1314 1314 1316 1317 1320 1320 1322 1324 1326 1326 1328 1329 1332 1332 1332 1334 1335 1338 1340 1340 1342 1343 1346 1346 1348 1349 1352 1352 1354 1355 1358 1358 1360 1360 1362 1363 1366 1368 1368 1370 1372 1374 1374 1376 1377 1380 1380 1382 1383 1386 1386 1388 1389 1392 1392 1394 1395 1398 1398 1400 1402 1404 1404 1406 1408 1410 1410 1412 1413 1416 1416 1418 1419 1422 1422 1424 1425 1428 1428 1430 1432 1434 1434 1436 1437 1440 1440 1442 1443 1446 1446 1448 1450 1452 1452 1454 1455 1458 1458 1460 1461 1464 1464 1466 1467 1470 1470 1472 1473 1476 1476 1478 1479 1482 1482 1483 1486 1488 1488 1490 1490 1492 1494 1496 1496 1498 1500 1502 1502 1504 1505 1508 1508 1510 1512 1514 1514 1516 1517 1520 1520 1522 1522 1523 1526 1528 1530 1530 1532 1534 1536 1536 1538 1539 1542 1542 1544 1546 1548 1548 1550 1552 1554 1554 1556 1558 1560 1560 1562 1564 1566 1566 1568 1569 1572 1572 1574 1575 1578 1578 1580 1582 1584 1584 1585 1588 1588 1590 1591 1594 1594 1596 1597 1600 1600 1602 1603 1606 1606 1608 1609 1612 1612 1612 1614 1616 1617 1620 1620 1622 1623 1626 1626 1628 1629 1632 1632 1634 1635 1638 1638 1640 1640 1641 1644 1646 1648 1648 1650 1652 1652 1654 1656 1658 1658 1660 1661 1664 1664 1666 1667 1670 1670 1672 1674 1676 1676 1678 1680 1682 1682 1684 1685 1688 1688 1690 1691 1694 1694 1696 1698 1700 1700 1702 1704 1706 1706 1708 1709 1712 1712 1714 1716 1718 1718 1720 1721 1724 1724 1726 1727 1730 1730 1732 1734 1736 1736 1738 1739 1742 1742 1744 1745 1748 1748 1750 1751 1754 1754 1756 1758 1760 1760 1762 1763 1766 1766 1768 1769 1772 1772 1774 1775 1778 1778 1780 1781 1784 1784 1786 1787 1790 1790 1792 1793 1796 1796 1798 1798 1800 1801 1804 1804 1806 1807 1810 1810 1812 1813 1816 1816 1818 1819 1822 1822 1824 1825 1828 1828 1830 1831 1834 1834 1836 1837 1840 1840 1842 1843 1846 1846 1848 1849 1852 1852 1854 1855 1858 1858 1860 1861 1864 1864 1866 1868 1870 1870 1872 1873 1876 1876 1878 1879 1882 1882 1884 1885 1888 1888 1890 1891 1894 1894 1896 1897 1900 1900 1902 1903 1906 1906 1908 1909 1912 1912 1914 1915 1918 1918 1920 1921 1924 1924 1926 1927 1930 1930 1932 1933 1936 1936 1938 1940 1942 1942 1944 1945 1948 1948 1950 1951 1954 1954 1956 1957 1960 1960 1962 1963 1966 1966 1968 1969 1972 1972 1974 1975 1978 1978 1980 1982 1984 1984 1986 1987 1990 1990 1992 1994 1996 1996 1998 1999 2002 2002 2004 2005 2008 2008 2010 2011 2014 2014 2016 2017 2020 2020 2022 2024 2026 2026 2028 2029 2032 2032 2034 2036 2038 2038 2040 2041 2044 2044 2046 2047 2050 2050 2052 2053 2056 2056 2057 2060 2060 2062 2064 2064 2066 2068 2070 2070 2072 2074 2076 2078 2078 2080 2081 2084 2084 2086 2087 2090 2090 2092 2094 2094 2096 2098 2100 2100 2102 2103 2106 2106 2108 2109 2112 2112 2114 2116 2118 2118 2120 2122 2124 2124 2126 2127 2130 2130 2132 2134 2136 2136 2138 2140 2142 2142 2144 2146 2148 2148 2150 2151 2154 2154 2156 2158 2160 2160 2162 2164 2166 2166 2168 2170 2172 2172 2174 2176 2178 2178 2179 2182 2182 2184 2185 2185 2188 2188 2189 2192 2192 2194 2195 2198 2200 2200 2202 2203 2206 2206 2208 2210 2212 2212 2214 2214 2215 2217 2220 2222 2222 2224 2225 2228 2228 2230 2231 2234 2234 2236 2238 2240 2240 2242 2243 2246 2246 2248 2249 2252 2252 2254 2256 2258 2258 2260 2262 2264 2264 2266 2268 2270 2270 2272 2273 2276 2276 2278 2279 2282 2282 2284 2285 2288 2288 2290 2291 2294 2294 2296 2298 2300 2300 2302 2304 2306 2306 2308 2310 2312 2312 2314 2315 2318 2318 2320 2321 2324 2324 2326 2327 2330 2330 2332 2333 2336 2336 2338 2340 2342 2342 2344 2346 2348 2348 2350 2351 2354 2354 2356 2356 2358 2359 2362 2362 2364 2365 2368 2368 2370 2372 2374 2374 2376 2378 2380 2380 2382 2384 2386 2386 2388 2390 2392 2392 2394 2396 2398 2398 2400 2402 2404 2404 2406 2408 2410 2410 2412 2414 2416 2416 2418 2420 2422 2422 2424 2426 2428 2428 2430 2432 2434 2434 2436 2438 2440 2440 2442 2444 2444 2446 2448 2450 2450 2452 2454 2456 2456 2458 2460 2462 2462 2464 2466 2468 2468 2470 2472 2474 2474 2476 2478 2480 2480 2482 2484 2486 2486 2488 2490 2492 2492 2492 2494 2496 2498 2500 2500 2502 2504 2506 2506 2508 2510 2512 2512 2514 2514 2516 2518 2520 2522 2522 2524 2526 2528 2528 2530 2532 2534 2534 2536 2536 2537 2540 2542 2544 2544 2546 2548 2550 2550 2552 2554 2556 2556 2558 2560 2562 2562 2564 2566 2568 2568 2570 2572 2574 2574 2576 2578 2580 2580 2582 2584 2586 2586 2588 2590 2590 2592 2594 2596 2596 2598 2600 2602 2602 2604 2606 2608 2608 2610 2612 2614 2614 2616 2617 2620 2620 2622 2623 2626 2626 2628 2629 2632 2632 2634 2636 2636 2638 2638 2639 2642 2644 2646 2646 2648 2649 2652 2652 2654 2655 2658 2658 2660 2661 2664 2664 2666 2667 2670 2670 2672 2673 2676 2676 2678 2679 2682 2682 2684 2686 2688 2688 2690 2692 2694 2694 2696 2697 2700 2700 2702 2703 2703 2706 2707 2710 2710 2712 2713 2716 2716 2718 2718 2719 2722 2724 2726 2726 2728 2729 2732 2732 2734 2735 2738 2738 2740 2741 2744 2744 2746 2748 2750 2750 2752 2754 2756 2756 2758 2759 2762 2762 2764 2766 2768 2768 2770 2772 2774 2774 2776 2777 2780 2780 2782 2784 2786 2786 2788 2790 2792 2792 2794 2795 2798 2798 2800 2802 2804 2804 2806 2808 2810 2810 2812 2813 2816 2816 2818 2819 2822 2822 2824 2825 2828 2828 2830 2832 2834 2834 2836 2837 2840 2840 2842 2843 2846 2846 2848 2850 2852 2852 2854 2855 2858 2858 2860 2862 2864 2864 2866 2868 2870 2870 2872 2873 2876 2876 2878 2880 2882 2882 2884 2886 2888 2888 2890 2891 2894 2894 2896 2897 2900 2900 2902 2903 2906 2906 2908 2910 2912 2912 2914 2915 2918 2918 2920 2921 2924 2924 2926 2927 2930 2930 2932 2934 2936 2936 2938 2939 2942 2942 2944 2946 2948 2948 2950 2952 2954 2954 2956 2957 2960 2960 2962 2962 2964 2965 2967 2970 2970 2972 2973 2976 2976 2978 2979 2982 2982 2984 2986 2988 2988 2990 2991 2994 2994 2996 2997 3000 3000 3002 3003 3006 3006 3008 3009 3012 3012 3014 3015 3018 3018 3020 3021 3024 3024 3026 3028 3030 3030 3032 3034 3036 3036 3038 3038 3039 3042 3044 3046 3046 3048 3049 3052 3052 3054 3055 3058 3058 3060 3061 3064 3064 3066 3067 3070 3070 3072 3073 3076 3076 3078 3079 3082 3082 3084 3086 3088 3088 3090 3092 3094 3094 3096 3097 3100 3100 3102 3103 3106 3106 3108 3109 3112 3112 3114 3115 3118 3118 3120 3121 3124 3124 3126 3127 3130 3130 3132 3134 3136 3136 3137 3140 3140 3142 3142 3143 3146 3147 3150 3150 3152 3153 3156 3156 3158 3160 3162 3162 3164 3165 3168 3168 3170 3171 3174 3174 3176 3177 3180 3180 3182 3183 3186 3186 3188 3189 3192 3192 3194 3196 3196 3198 3198 3200 3202 3203 3206 3206 3206 3208 3208 3209 3212 3214 3216 3218 3218 3220 3221 3224 3224 3226 3227 3230 3230 3232 3234 3236 3236 3238 3239 3242 3242 3244 3245 3248 3248 3250 3251 3254 3254 3256 3258 3260 3260 3262 3264 3266 3266 3268 3269 3272 3272 3274 3274 3276 3277 3279 3282 3282 3284 3286 3288 3288 3290 3291 3294 3294 3296 3296 3297 3300 3302 3304 3304 3306 3306 3307 3309 3312 3314 3314 3316 3317 3320 3320 3322 3323 3326 3326 3328 3329 3332 3332 3334 3336 3338 3338 3340 3341 3344 3344 3346 3347 3350 3350 3352 3353 3356 3356 3358 3359 3362 3362 3364 3366 3368 3368 3370 3371 3374 3374 3376 3378 3380 3380 3382 3383 3386 3386 3388 3389 3392 3392 3394 3396 3398 3400 3400 3402 3403 3406 3406 3408 3409 3412 3412 3414 3416 3418 3418 3420 3421 3424 3424 3426 3428 3430 3430 3432 3433 3436 3439 65535
0 4 6 8 8 10 11 14 14 16 18 20 20 22 23 26 26 28 30 32 32 34 36 38 38 40 42 44 46 48 48 50 52 54 54 56 58 60 62 62 64 64 65 68 68 70 72 74 74 76 78 80 82 82 84 85 87 90 90 92 93 96 96 98 98 98 99 102 102 104 104 106 108 110 110 112 114 116 116 118 119 122 122 124 125 128 128 130 132 134 134 136 137 140 140 142 143 146 146 148 149 152 152 154 155 158 158 160 161 164 164 166 167 170 170 172 174 176 176 178 179 182 182 184 185 188 190 190 190 192 194 196 196 198 199 202 202 204 206 208 208 210 211 214 214 216 218 220 220 222 224 226 226 228 230 232 234 236 236 238 240 242 242 244 246 248 248 250 252 254 254 256 257 260 260 262 263 266 266 268 269 272 272 274 276 278 280 280 282 283 286 286 288 289 292 292 294 296 298 298 300 302 304 304 306 308 309 312 312 312 314 315 318 318 320 321 324 324 326 327 330 330 332 334 336 336 338 340 342 342 344 345 348 348 350 352 354 354 356 358 360 360 362 364 366 366 368 370 372 372 374 376 378 378 380 382 384 384 386 387 390 390 392 393 396 398 398 398 400 402 404 404 406 408 410 410 412 413 416 418 418 418 420 421 424 424 426 427 430 430 432 434 436 436 438 440 442 442 444 446 448 448 449 452 452 454 456 458 458 460 462 464 464 466 468 470 470 472 474 476 476 478 479 482 482 484 485 488 488 490 491 494 494 496 498 500 500 502 503 506 506 508 509 512 512 514 515 518 518 520 522 524 524 526 527 530 530 532 533 536 538 540 540 540 542 542 544 546 548 548 550 551 554 554 556 558 560 562 562 562 564 565 568 568 570 572 574 574 576 578 580 580 582 584 586 586 588 589 592 592 594 596 598 598 600 601 604 604 606 608 610 610 612 614 616 616 618 620 620 622 624 624 626 627 630 630 632 634 636 636 638 640 642 642 644 646 648 648 650 652 654 654 656 658 660 660 661 664 665 667 667 670 672 673 675 675 678 678 679 681 681 683 685 688 689 689 691 693 695 695 697 700 701 701 705 65535
0 4 6 8 8 10 11 14 14 16 18 20 20 22 23 26 26 28 30 32 32 34 36 38 38 40 42 44 46 48 48 50 52 54 54 56 58 60 62 62 64 64 65 68 68 70 72 74 74 76 78 80 82 82 84 85 87 90 90 92 93 96 96 98 98 98 99 102 102 104 104 106 108 110 110 112 114 116 116 118 119 122 122 124 125 128 128 130 132 134 134 136 137 140 140 142 143 146 146 148 149 152 152 154 155 158 158 160 161 164 164 166 167 170 170 172 174 176 176 178 179 182 182 184 185 188 190 190 190 192 194 196 196 198 199 202 202 204 206 208 208 210 211 214 214 216 218 220 220 222 224 226 226 228 230 232 234 236 236 238 240 242 242 244 246 248 248 250 252 254 254 256 257 260 260 262 263 266 266 268 269 272 272 274 276 278 280 280 282 283 286 286 288 289 292 292 294 296 298 298 300 302 304 304 306 308 309 312 312 312 314 315 318 318 320 321 324 324 326 327 330 330 332 334 336 336 338 340 342 342 344 345 348 348 350 352 354 354 356 358 360 360 362 364 366 366 368 370 372 372 374 376 378 378 380 382 384 384 386 387 390 390 392 393 396 398 398 398 400 402 404 404 406 408 410 410 412 413 416 418 418 418 420 421 424 424 426 427 430 430 432 434 436 436 438 440 442 442 444 446 448 448 449 452 452 454 456 458 458 460 462 464 464 466 468 470 470 472 474 476 476 478 479 482 482 484 485 488 488 490 491 494 494 496 498 500 500 502 503 506 506 508 509 512 512 514 515 518 518 520 522 524 524 526 527 530 530 532 533 536 538 540 540 540 542 542 544 546 548 548 550 551 554 554 556 558 560 562 562 562 564 565 568 568 570 572 574 574 576 578 580 580 582 584 586 586 588 589 592 592 594 596 598 598 600 601 604 604 606 608 610 610 612 614 616 616 618 620 620 622 624 624 626 627 630 630 632 634 636 636 638 640 642 642 644 646 648 648 650 652 654 654 656 658 660 660 661 664 665 667 667 670 672 673 675 675 678 678 679 681 681 683 685 688 689 689 691 693 695 695 697 700 701 701 705 65535
0 0 4 5 8 8 10 12 12 14 16 16 18 19 22 22 24 26 28 28 30 32 34 34 36 38 40 40 42 44 46 48 50 50 52 54 56 56 58 60 62 62 63 66 68 68 69 72 74 74 75 78 80 80 81 84 86 86 88 90 90 91 91 93 93 96 96 98 98 100 100 102 104 106 106 108 109 112 112 114 115 118 118 120 122 124 124 126 127 130 130 132 134 136 136 138 139 142 142 144 145 148 148 150 151 154 154 156 158 160 160 162 164 164 166 168 169 172 172 174 175 178 178 180 182 184 184 186 187 191 65535
0 0 4 6 8 10 10 12 12 14 16 18 18 19 22 22 24 26 28 30 30 30 32 34 36 36 37 40 40 42 44 46 46 48 49 52 52 54 56 58 58 60 62 62 64 65 68 68 70 72 74 74 76 78 80 80 82 84 86 86 88 89 92 92 94 96 98 98 100 103 65535
0 0 4 6 6 8 10 10 12 14 16 16 18 20 22 22 24 26 26 28 30 30 31 33 35 38 38 38 38 39 42 42 44 45 48 48 48 50 52 54 54 56 58 58 60 62 62 64 66 66 68 68 70 70 72 74 74 76 76 77 77 80 80 81 84 86 86 86 88 90 92 92 92 94 95 98 98 100 101 104 104 106 108 108 110 112 112 113 116 116 118 120 121 121 121 123 123 126 126 126 128 128 130 132 132 134 134 136 138 140 140 142 142 144 146 146 148 150 152 152 154 156 158 158 160 162 165 65535
0 0 4 5 8 8 10 11 14 14 16 18 20 20 22 23 26 26 28 30 32 32 34 35 38 38 40 42 44 44 44 46 47 49 52 52 54 55 58 58 59 62 62 64 65 68 68 70 72 74 74 74 76 77 80 82 82 84 85 88 88 90 91 94 94 96 97 100 100 102 102 103 106 108 110 110 112 113 116 116 118 120 122 122 124 126 126 128 128 129 129 132 134 134 136 137 140 140 141 144 144 146 148 148 148 150 151 154 154 156 157 160 160 162 163 166 166 168 170 172 172 174 177 65535
0 0 4 5 8 8 8 8 8 8 8 8 9 11 14 16 18 20 20 22 24 26 28 30 30 32 33 36 36 38 39 42 42 44 45 48 48 50 51 54 54 56 57 60 60 61 64 64 66 67 70 70 72 73 76 76 78 79 82 82 84 85 88 88 90 92 94 94 96 97 100 100 102 103 106 106 107 110 110 110 112 114 117 65535
0 0 3 6 7 7 9 11 13 13 15 18 19 19 21 24 25 25 27 29 31 31 33 36 37 37 39 42 43 43 45 48 49 49 51 54 55 55 57 59 61 61 63 65 67 67 69 71 73 73 75 77 79 79 81 83 85 85 87 90 91 91 93 95 97 97 99 102 103 103 105 107 111 65535
0 0 3 5 7 7 10 11 13 13 15 17 17 20 21 23 23 26 27 29 29 32 33 35 35 37 40 41 41 41 43 45 45 47 49 49 51 53 53 56 57 59 59 61 63 63 66 67 69 69 71 73 75 75 78 79 82 82 83 85 85 87 89 91 91 93 95 97 99 99 99 99 101 103 103 105 107 109 109 111 111 113 113 116 117 117 120 121 123 123 126 127 129 129 131 133 135 135 138 139 141 141 143 145 147 147 150 151 155 65535
0 0 4 5 8 8 10 11 14 14 16 17 20 20 22 23 26 26 28 29 32 32 34 35 38 38 40 41 44 44 45 48 48 50 52 54 54 56 57 60 60 62 62 64 65 68 68 70 71 74 74 76 78 78 79 82 82 84 85 88 88 90 92 92 94 94 96 98 99 102 102 104 105 108 108 110 112 112 114 115 118 118 120 121 124 124 126 127 130 130 132 134 134 136 137 140 140 142 142 144 144 146 146 148 150 150 152 154 156 156 158 159 162 162 164 165 168 168 170 171 174 174 176 178 180 180 182 184 187 65535
0 0 4 6 8 8 10 12 12 14 15 18 18 20 21 24 24 26 28 28 30 32 32 34 34 36 36 38 38 40 40 42 42 44 45 48 48 50 52 54 54 56 56 58 60 62 62 64 66 66 68 70 70 71 74 74 75 78 78 80 80 82 82 84 84 86 88 90 90 92 93 96 96 98 100 100 102 104 106 106 108 110 112 112 114 114 116 117 120 120 122 124 124 126 128 128 130 132 132 134 136 136 138 139 142 142 144 146 148 148 149 152 152 154 155 158 158 160 161 164 164 166 168 170 170 172 174 176 176 178 179 183 65535
0 0 3 6 6 7 10 12 12 13 16 19 65535

0 0 4 6 8 8 10 11 14 14 16 17 20 20 22 23 26 26 28 29 32 32 34 36 38 38 40 41 44 44 46 47 50 50 52 53 56 56 58 60 63 65535
0 0 4 5 8 8 10 12 14 14 16 18 20 20 22 24 26 26 28 30 32 32 34 36 38 38 40 42 45 65535
0 0 4 6 8 8 10 11 14 14 16 18 20 20 22 24 26 26 28 30 32 32 34 36 38 38 40 42 44 44 46 48 50 50 52 54 56 56 58 60 62 62 64 66 68 68 70 72 74 74 76 79 65535
0 0 3 5 7 7 9 11 13 13 15 17 19 19 21 23 25 25 27 29 31 31 33 35 37 37 39 42 43 43 45 48 49 49 51 54 55 55 57 60 61 61 63 66 67 67 69 71 71 73 75 77 77 77 80 81 83 83 85 87 89 89 91 93 95 95 97 99 101 101 103 105 107 107 109 111 113 113 115 117 117 119 121 123 123 125 127 127 129 132 133 133 135 138 139 139 141 144 145 145 147 149 151 151 153 156 157 157 159 162 163 163 165 168 169 169 171 173 175 175 177 179 181 181 183 186 189 65535
0 0 4 6 8 8 10 12 14 14 16 18 20 20 22 24 26 26 28 30 32 32 34 35 38 38 40 42 44 44 45 48 50 50 52 52 54 56 58 58 60 61 64 64 66 68 70 70 72 73 76 76 78 80 82 82 84 85 88 88 90 91 94 94 96 98 100 100 102 104 106 106 108 109 112 112 114 116 118 118 120 121 124 124 126 127 130 130 132 134 136 136 138 139 142 142 144 145 148 148 150 151 154 154 156 157 160 160 162 164 166 166 167 170 170 172 173 176 176 178 180 182 182 184 186 188 188 190 192 194 194 196 197 200 200 202 204 206 206 208 210 210 212 213 216 216 218 219 222 222 224 225 228 228 230 231 234 234 236 237 240 240 242 243 246 246 248 249 252 252 254 256 258 258 260 262 264 264 266 268 268 270 272 274 276 278 280 281 283 285 287 290 290 290 290 290 290 290 290 290 290 290 292 294 296 296 298 300 302 302 304 305 308 310 310 312 312 314 316 318 318 320 322 324 324 326 327 330 330 332 334 337 65535
0 0 4 6 8 8 10 12 14 14 16 18 20 20 22 24 26 26 28 30 32 32 34 36 38 38 40 42 44 44 46 48 50 50 52 54 56 56 58 60 62 62 64 66 68 68 70 71 74 74 76 78 78 80 82 84 84 86 88 90 90 92 93 96 96 98 99 102 102 104 105 108 108 110 111 114 114 116 118 120 120 122 124 126 126 128 130 132 132 134 136 138 138 140 141 144 144 146 148 150 150 152 153 156 156 158 160 162 162 164 165 168 168 170 172 174 174 176 178 180 180 182 183 186 186 188 190 192 192 194 195 198 198 200 202 204 204 206 208 210 210 212 214 216 216 218 220 222 222 224 226 228 228 230 232 234 234 236 238 240 240 242 244 246 246 248 249 252 252 254 256 258 258 260 262 264 264 266 268 270 270 272 273 276 276 278 279 282 282 284 286 288 288 290 291 294 294 296 298 300 300 302 304 307 65535
0 0 4 6 8 8 10 12 14 14 16 18 20 20 22 24 26 26 28 29 32 32 34 36 38 38 40 42 44 44 46 48 50 50 52 54 56 56 58 60 62 62 64 66 69 65535
0 0 4 6 8 8 10 11 14 14 16 18 20 20 22 24 26 26 28 30 32 32 34 36 38 38 40 42 44 44 46 47 50 50 52 54 56 56 58 60 62 62 64 66 69 65535
0 0 4 6 8 8 10 12 13 16 16 18 18 20 22 24 24 26 28 30 30 32 33 36 36 38 40 42 42 44 46 48 48 50 52 54 54 56 57 60 60 62 64 66 68 68 68 68 70 72 74 74 76 78 80 80 82 84 86 86 88 90 92 92 94 96 98 98 100 101 104 104 106 108 108 110 112 114 114 116 118 120 120 122 124 126 126 128 130 132 132 134 136 138 138 140 142 144 144 146 148 150 150 152 154 156 156 158 159 162 162 164 166 168 168 170 172 174 174 176 178 180 182 182 182 184 185 188 188 190 191 194 194 196 198 200 200 202 204 206 206 208 209 212 212 214 215 218 218 220 222 224 224 226 228 228 230 231 233 236 236 236 238 240 242 242 244 246 248 248 250 252 254 254 256 258 260 260 262 264 266 266 268 270 272 272 274 276 278 278 280 281 284 284 286 288 290 290 292 294 296 296 298 300 302 302 304 306 308 308 310 312 314 314 316 317 320 320 322 324 327 65535
0 0 4 5 8 8 10 11 14 14 16 17 20 20 22 24 26 26 28 30 32 32 34 35 38 38 40 41 44 44 46 48 50 50 52 54 56 56 58 60 62 62 64 65 68 68 70 72 74 74 76 78 80 80 82 84 86 86 88 89 93 65535
0 0 4 6 8 8 10 11 14 14 16 17 20 20 22 24 26 26 28 29 32 32 34 35 38 38 40 41 44 44 46 48 50 50 52 54 56 56 58 60 62 62 64 66 68 68 70 72 74 74 76 78 80 80 82 84 86 86 88 90 92 92 94 95 97 100 100 100 102 104 106 106 108 110 112 112 114 115 118 118 120 122 124 124 126 128 130 130 132 134 136 136 138 140 142 144 144 144 146 148 150 150 152 154 156 156 158 160 162 162 164 166 168 168 170 172 174 176 176 176 176 177 180 180 182 182 184 184 186 188 190 190 192 194 196 196 198 199 199 202 202 204 204 206 206 208 208 210 210 212 212 214 214 216 218 220 220 222 224 226 226 228 229 232 232 234 235 238 238 240 242 244 244 246 248 250 250 252 254 256 256 258 260 262 262 264 266 268 268 270 272 274 274 276 278 280 280 282 283 287 65535
0 0 4 6 6 8 10 12 12 14 16 18 18 20 22 24 24 26 27 30 30 32 34 36 36 38 40 42 42 44 46 48 48 50 52 54 54 56 58 61 65535
0 0 4 6 8 8 10 12 14 14 16 18 20 20 22 24 26 26 28 30 32 32 34 35 38 38 40 42 44 44 46 47 50 50 52 53 56 56 58 60 62 62 64 65 68 68 70 72 74 74 76 78 80 80 82 84 86 86 88 90 93 65535
0 0 4 6 6 8 10 12 12 14 15 18 18 20 22 24 24 26 28 30 30 32 34 34 36 36 38 40 42 42 44 45 48 48 50 52 54 54 56 57 61 65535
0 0 3 6 6 8 8 10 10 12 14 15 18 18 20 20 20 22 24 26 26 28 30 32 32 34 35 38 38 40 42 44 44 46 48 48 50 50 52 53 56 56 58 60 62 62 64 66 68 68 70 72 74 74 75 78 78 80 82 84 84 86 88 91 65535
0 0 3 6 6 8 8 10 10 12 14 16 18 20 22 24 26 28 30 32 32 32 32 32 32 32 32 32 32 32 34 36 36 38 38 40 40 42 42 44 44 46 46 48 49 52 52 54 56 58 58 60 61 64 64 66 67 70 70 72 73 76 76 78 80 82 82 84 86 88 88 90 92 94 94 96 97 100 100 102 104 106 106 108 109 112 112 114 116 118 118 120 121 124 124 126 128 130 130 132 134 136 136 138 139 142 142 144 146 148 148 150 152 154 154 156 158 160 160 162 164 166 166 168 169 172 172 174 176 179 65535
0 0 4 5 8 8 10 12 14 14 16 17 20 20 22 23 26 26 28 30 32 32 34 36 38 38 40 41 44 44 46 48 50 50 52 54 56 56 58 60 62 62 64 66 68 68 70 71 74 74 76 78 80 80 82 84 86 86 88 90 92 92 94 96 98 98 100 102 102 104 106 109 65535
0 0 4 6 8 8 10 12 14 14 16 18 18 20 22 24 24 26 28 28 30 32 34 34 36 38 38 40 40 42 44 46 48 50 50 50 50 50 52 54 54 55 57 57 60 60 62 62 64 64 66 66 68 70 72 72 74 76 79 65535
0 0 4 6 8 8 10 12 14 14 16 17 20 20 21 24 24 26 28 30 30 32 34 34 36 38 41 65535
0 0 4 5 8 8 10 12 12 14 16 18 18 20 21 24 24 26 28 30 30 32 33 36 36 38 40 42 42 44 46 48 48 50 51 54 54 56 58 60 60 62 64 66 66 68 70 72 72 74 76 78 78 80 80 82 84 86 86 87 89 89 92 92 94 94 96 98 100 100 102 104 106 106 108 110 112 112 114 116 118 118 120 122 124 124 126 127 130 130 132 134 136 136 138 140 142 142 144 146 148 148 150 151 154 154 156 158 160 160 162 163 166 166 168 169 172 172 174 176 178 178 180 182 184 184 186 188 190 190 192 194 196 198 200 202 204 206 206 206 206 206 206 206 206 208 209 212 212 214 216 218 218 220 222 224 224 226 228 231 65535
0 0 4 6 8 8 9 12 12 14 14 16 16 18 20 21 24 24 26 26 26 28 30 32 32 34 36 38 38 40 41 44 44 46 48 50 50 52 54 54 56 56 58 59 62 62 64 66 68 68 70 72 74 74 76 78 80 80 81 84 84 86 88 91 65535
0 0 4 6 8 8 10 11 14 14 16 18 20 20 22 24 24 25 28 28 30 30 32 32 34 34 36 38 40 40 42 43 46 46 48 49 52 52 54 55 58 58 60 61 64 64 66 68 70 70 72 73 76 76 78 79 82 82 84 85 88 88 90 92 94 94 96 97 100 100 102 103 106 106 108 110 112 112 114 115 118 118 120 122 125 65535
0 3 3 6 7 9 9 12 13 13 15 17 19 19 22 23 25 25 28 29 29 32 33 35 35 37 39 41 41 44 45 47 47 50 51 53 53 56 57 59 59 62 63 65 65 67 69 71 71 73 75 77 77 79 81 83 83 85 87 89 89 92 93 95 95 98 99 101 101 104 105 107 107 110 111 113 113 116 117 119 119 122 123 125 125 128 129 131 131 134 135 137 137 139 141 143 143 146 147 149 149 152 153 155 155 158 159 161 161 164 165 167 167 170 171 173 173 176 177 179 179 182 183 185 185 188 189 191 191 194 195 197 197 200 201 203 203 206 207 209 209 212 213 215 215 218 219 221 221 223 225 227 227 230 231 233 233 236 237 239 239 242 243 245 245 248 249 251 251 253 255 257 257 260 261 263 263 266 267 269 269 272 273 275 275 278 279 281 281 284 285 287 287 289 291 293 293 295 297 299 299 302 303 305 305 305 308 310 311 313 313 316 317 319 319 322 323 325 325 328 329 331 331 334 335 335 337 339 341 341 344 345 347 347 350 351 353 353 355 357 359 359 362 363 365 365 368 369 371 371 374 375 377 377 380 381 383 383 385 387 389 389 392 393 395 395 398 399 401 401 404 405 407 407 410 411 413 413 416 417 419 419 421 421 423 425 427 427 429 431 433 433 435 437 439 439 441 443 445 445 447 449 451 451 453 455 457 457 459 461 463 463 465 467 469 469 471 473 475 475 477 479 481 483 483 486 487 489 489 492 493 495 495 495 498 499 501 501 504 505 507 507 510 511 513 513 516 517 517 520 521 523 523 526 526 528 529 531 533 533 536 537 539 539 541 543 545 545 548 549 551 551 554 555 557 557 560 561 563 563 566 567 569 569 572 573 575 575 578 579 581 581 584 585 587 587 590 591 593 593 596 597 599 599 601 601 603 605 605 607 609 611 611 613 615 617 617 619 621 623 623 625 627 629 629 631 633 633 635 637 639 639 641 643 645 647 647 650 651 653 653 656 657 659 659 661 663 663 666 667 669 669 672 673 675 675 678 678 680 681 683 685 685 688 689 691 691 694 694 696 697 699 701 701 704 705 707 707 710 711 713 713 716 717 719 719 722 723 725 725 728 729 731 731 734 734 736 737 739 741 741 743 745 745 748 749 751 751 754 755 757 757 760 761 763 763 766 767 769 769 772 773 775 775 778 779 781 781 784 785 787 787 790 791 793 793 796 797 799 799 802 803 805 805 808 809 809 812 813 815 815 818 819 821 821 823 825 825 828 829 831 831 834 835 837 837 839 841 841 844 845 847 847 850 851 853 853 856 857 859 859 861 863 865 865 868 869 871 871 874 875 877 877 880 881 883 883 886 887 889 889 892 893 895 895 898 899 901 901 904 905 907 907 910 911 913 913 915 917 919 919 922 923 925 925 925 927 930 931 933 933 936 937 939 939 942 943 943 945 947 949 949 951 953 955 955 958 959 961 961 964 965 967 967 969 971 971 974 975 977 977 980 981 983 983 986 987 989 989 992 993 995 995 998 999 1001 1001 1004 1005 1007 1007 1009 1011 1013 1013 1016 1017 1019 1019 1022 1023 1025 1025 1028 1029 1029 1032 1033 1035 1035 1035 1038 1040 1041 1043 1043 1046 1047 1049 1049 1052 1053 1055 1055 1058 1059 1061 1061 1064 1065 1067 1067 1070 1071 1073 1073 1075 1077 1079 1079 1082 1083 1085 1085 1087 1089 1091 1091 1094 1095 1097 1097 1100 1101 1103 1103 1106 1107 1109 1109 1111 1113 1115 1115 1118 1119 1121 1121 1123 1125 1127 1127 1130 1131 1133 1133 1136 1137 1139 1139 1142 1143 1145 1145 1148 1149 1151 1151 1153 1155 1157 1157 1159 1161 1163 1163 1166 1166 1168 1169 1171 1173 1173 1175 1175 1178 1179 1181 1181 1184 1185 1187 1187 1190 1191 1191 1194 1195 1197 1199 1199 1201 1203 1205 1207 1209 1209 1211 1213 1215 1215 1218 1219 1221 1221 1223 1225 1225 1228 1229 1231 1231 1234 1235 1237 1237 1240 1241 1243 1243 1245 1247 1249 1249 1251 1253 1255 1255 1257 1259 1261 1261 1263 1265 1265 1267 1269 1271 1271 1274 1275 1277 1277 1280 1281 1283 1283 1286 1287 1289 1289 1291 1293 1295 1295 1298 1299 1301 1301 1303 1305 1307 1307 1309 1311 1313 1313 1316 1317 1319 1319 1322 1323 1325 1325 1327 1329 1329 1332 1333 1335 1335 1338 1339 1341 1341 1344 1345 1347 1347 1350 1351 1353 1353 1356 1357 1359 1359 1362 1363 1365 1365 1368 1369 1371 1371 1374 1375 1377 1377 1380 1381 1383 1383 1386 1387 1389 1389 1391 1393 1395 1395 1398 1399 1401 1401 1404 1405 1407 1407 1410 1411 1413 1413 1416 1417 1417 1419 1421 1423 1423 1426 1427 1429 1429 1432 1433 1435 1435 1438 1439 1441 1441 1444 1445 1447 1447 1449 1451 1453 1453 1453 1456 1457 1459 1461 1461 1464 1465 1467 1467 1469 1471 1473 1473 1475 1477 1479 1479 1481 1483 1485 1485 1488 1489 1489 1492 1493 1495 1495 1497 1499 1501 1501 1503 1505 1507 1507 1510 1511 1513 1513 1515 1517 1519 1519 1521 1523 1525 1525 1528 1529 1531 1531 1533 1535 1537 1537 1540 1541 1543 1543 1546 1547 1549 1549 1552 1553 1555 1555 1557 1559 1561 1561 1564 1565 1567 1567 1570 1571 1573 1573 1576 1577 1579 1579 1582 1583 1585 1585 1588 1589 1591 1591 1594 1595 1597 1597 1600 1601 1603 1603 1606 1607 1609 1609 1612 1613 1615 1615 1618 1619 1621 1621 1623 1625 1627 1627 1629 1631 1633 1633 1636 1637 1639 1639 1641 1643 1645 1645 1647 1649 1651 1651 1654 1655 1657 1657 1659 1661 1663 1663 1666 1667 1669 1669 1672 1673 1675 1675 1678 1679 1681 1681 1684 1684 1686 1687 1689 1691 1691 1694 1695 1697 1697 1699 1701 1703 1703 1706 1707 1709 1709 1711 1713 1715 1715 1717 1719 1721 1721 1723 1725 1727 1727 1729 1731 1731 1734 1735 1737 1737 1740 1741 1743 1743 1746 1747 1749 1749 1752 1753 1755 1755 1757 1759 1761 1765 65535
0 0 4 5 8 8 10 11 14 14 16 17 20 20 22 23 26 26 27 30 30 32 33 36 36 38 39 42 42 42 42 42 42 43 45 48 50 52 54 54 56 58 60 60 62 63 66 66 68 70 72 72 74 75 78 78 80 81 84 84 86 88 90 90 92 93 96 96 98 100 102 102 104 105 108 108 110 111 114 114 116 118 120 120 122 123 126 126 128 129 132 132 134 136 138 138 140 141 144 144 146 148 150 150 152 153 156 156 158 160 162 162 164 165 168 168 170 172 174 174 176 177 180 180 182 183 186 186 188 189 192 192 194 195 198 198 200 201 204 204 206 207 210 210 212 213 216 216 218 219 222 222 224 225 228 228 230 232 234 234 236 237 240 240 242 243 246 246 247 250 250 252 254 256 256 258 260 262 262 264 265 268 268 270 271 274 274 275 278 278 278 279 281 284 284 286 287 290 290 292 293 296 296 298 299 302 302 304 305 308 308 310 311 314 314 316 318 320 320 322 323 326 326 328 330 333 65535
0 0 4 6 8 8 10 12 14 14 16 17 20 20 22 23 26 26 28 30 32 32 34 36 38 38 40 42 44 44 46 48 50 50 52 54 56 56 58 60 60 62 64 64 66 67 70 70 72 73 76 76 78 80 82 82 84 86 88 88 90 92 94 94 96 98 100 100 102 104 106 106 108 110 112 112 114 116 118 118 120 122 124 124 126 127 130 130 132 134 134 136 137 140 140 142 144 144 146 148 150 150 152 154 155 158 158 160 160 162 164 166 166 168 169 172 172 174 176 178 178 180 182 184 184 186 188 190 190 192 194 196 196 198 199 203 65535
0 0 4 6 8 8 10 11 14 14 16 18 20 20 22 24 26 26 28 30 32 32 34 35 38 38 40 41 44 44 46 48 50 50 52 54 56 56 58 59 62 62 64 66 68 68 70 72 74 74 76 77 80 80 82 84 86 86 88 90 92 92 94 96 98 98 100 102 104 104 106 108 110 110 112 113 116 116 118 120 122 122 124 125 128 128 130 131 134 134 136 137 140 140 142 143 146 146 148 150 152 152 154 155 158 158 160 162 164 164 166 167 170 170 172 174 176 176 178 180 182 182 184 185 188 188 190 192 192 194 196 198 198 200 201 204 204 206 207 210 210 212 213 216 216 218 219 222 222 224 226 228 228 230 232 234 234 236 237 240 240 242 243 246 246 248 249 251 254 254 256 256 257 260 260 262 264 264 266 268 270 270 272 274 276 276 278 280 282 282 284 286 288 288 290 291 294 294 296 297 300 300 302 304 304 306 308 310 310 312 313 316 316 318 319 322 322 324 325 328 328 330 332 334 334 336 338 340 340 342 344 346 346 348 349 352 352 354 356 358 358 360 362 362 364 365 369 65535
0 0 4 5 7 7 9 11 13 13 15 17 19 19 22 23 25 25 28 29 31 31 33 35 35 38 39 41 41 44 45 47 47 49 51 53 53 56 57 59 59 62 63 65 65 67 69 71 71 74 75 77 77 80 81 83 83 86 87 89 89 92 93 95 95 98 99 101 101 103 105 107 107 109 111 113 113 116 117 119 119 122 123 125 125 128 129 131 131 134 135 137 137 139 141 141 144 145 147 147 150 151 153 153 155 158 159 159 161 161 164 165 167 167 170 171 173 173 176 177 179 179 181 183 185 185 188 189 191 191 194 195 197 197 199 201 203 203 206 207 209 209 211 213 215 215 218 219 221 221 224 225 227 227 229 231 231 234 235 237 237 239 241 243 243 245 247 249 249 251 253 256 257 257 259 259 261 263 265 265 267 269 271 271 274 275 277 277 280 281 283 283 286 287 289 289 292 293 295 295 298 299 301 301 304 305 307 307 310 311 313 313 316 317 319 319 321 323 323 326 327 329 329 331 333 335 335 337 340 341 341 341 344 345 347 347 350 351 353 353 355 357 361 65535
0 3 5 7 9 9 11 13 15 15 17 19 21 21 23 25 27 27 29 31 33 33 35 37 39 39 41 43 45 45 47 49 51 51 53 55 57 57 59 61 63 63 65 67 69 69 71 73 75 75 77 79 81 81 83 85 87 87 91 65535
0 3 6 7 9 9 12 13 15 15 18 19 21 21 24 25 27 27 30 31 33 33 36 37 39 39 42 43 45 45 48 49 51 51 54 55 57 57 60 61 63 63 66 67 69 69 72 73 75 75 75 78 79 81 81 84 85 87 87 90 91 93 93 96 97 99 99 102 103 105 105 108 109 111 111 114 115 117 117 120 121 123 123 126 127 129 129 131 134 135 137 137 140 141 143 143 146 147 149 149 151 153 155 155 157 159 161 161 164 165 167 167 169 171 173 173 175 177 180 180 181 183 183 186 187 189 189 191 193 195 195 197 199 201 201 203 205 207 207 209 211 213 213 215 217 220 220 221 223 223 225 227 229 229 231 233 235 235 237 239 241 241 243 245 247 247 249 251 253 255 255 257 257 260 261 263 263 266 267 269 269 271 273 275 275 278 279 281 281 284 285 287 287 290 291 293 293 296 297 299 299 302 303 305 305 308 309 311 311 314 315 317 317 320 321 323 323 326 327 329 329 332 333 335 335 338 339 341 341 344 345 347 347 350 351 353 353 356 357 359 359 362 363 365 365 368 369 371 371 374 375 377 377 380 381 383 383 386 387 389 389 392 393 395 395 398 399 401 401 404 405 407 407 410 411 413 413 416 417 419 419 422 423 425 425 428 429 431 431 434 435 437 437 440 441 443 443 447 65535

0 3 6 7 9 9 12 13 15 15 18 19 21 21 24 25 27 27 30 31 33 33 36 37 39 39 42 43 45 45 48 49 51 51 54 55 57 57 60 61 63 63 66 67 69 69 72 73 75 75 75 78 79 81 81 84 85 87 87 90 91 93 93 96 97 99 99 102 103 105 105 108 109 111 111 114 115 117 117 120 121 123 123 126 127 129 129 131 134 135 137 137 140 141 143 143 146 147 149 149 151 153 155 155 157 159 161 161 164 165 167 167 169 171 173 173 175 177 180 180 181 183 183 186 187 189 189 191 193 195 195 197 199 201 201 203 205 207 207 209 211 213 213 215 217 220 220 221 223 223 225 227 229 229 231 233 235 235 237 239 241 241 243 245 247 247 249 251 253 255 255 257 257 260 261 263 263 266 267 269 269 271 273 275 275 278 279 281 281 284 285 287 287 290 291 293 293 296 297 299 299 302 303 305 305 308 309 311 311 314 315 317 317 320 321 323 323 326 327 329 329 332 333 335 335 338 339 341 341 344 345 347 347 350 351 353 353 356 357 359 359 362 363 365 365 368 369 371 371 374 375 377 377 380 381 383 383 386 387 389 389 392 393 395 395 398 399 401 401 404 405 407 407 410 411 413 413 416 417 419 419 422 423 425 425 428 429 431 431 434 435 437 437 440 441 443 443 447 65535
0 0 3 5 8 9 11 11 14 15 17 17 20 21 23 23 26 27 29 29 32 33 35 35 38 39 41 41 44 45 47 47 50 51 53 53 56 57 59 59 62 63 65 65 68 69 71 71 74 75 77 77 80 81 83 83 86 87 89 89 92 93 95 95 98 99 101 101 104 105 107 107 110 111 113 113 116 116 117 117 120 121 123 123 126 127 129 129 132 133 135 135 138 139 141 141 144 145 147 147 149 152 153 155 155 158 159 161 161 164 165 167 167 170 171 173 173 175 177 177 179 182 183 185 185 187 189 192 193 195 195 198 199 201 201 203 206 207 209 209 212 213 215 215 218 219 221 221 223 225 228 229 231 231 234 235 237 237 240 241 243 243 246 247 250 251 251 253 253 255 257 260 261 263 263 266 267 269 269 271 273 275 277 279 282 283 285 285 288 289 291 291 293 295 297 299 301 303 305 307 309 311 314 315 317 317 319 321 323 325 327 329 331 333 335 337 339 341 343 346 347 349 349 351 353 355 357 360 361 363 363 366 367 369 369 372 373 375 375 378 379 381 381 383 385 388 389 391 391 393 396 397 399 399 402 403 405 405 408 410 411 413 415 415 418 419 421 421 424 425 427 427 430 431 433 433 436 437 439 439 442 443 445 445 448 449 451 451 454 455 457 457 460 461 463 463 466 467 469 469 472 473 475 475 478 479 481 481 484 485 487 487 489 491 494 496 497 499 499 502 503 506 507 509 509 512 513 515 515 517 520 521 523 523 525 527 530 531 533 533 536 537 539 539 542 543 545 545 548 549 551 551 554 555 557 557 560 561 563 563 566 567 569 569 572 573 575 575 577 579 581 583 585 588 589 591 591 594 595 597 597 600 601 603 603 606 607 609 609 611 613 615 617 619 621 623 625 628 629 631 631 634 635 637 637 640 641 643 643 646 647 649 649 651 653 655 657 659 661 663 665 667 669 671 673 675 677 679 681 683 685 687 689 691 693 695 697 699 701 703 705 707 709 709 711 713 713 715 717 719 721 723 725 727 729 731 733 735 737 739 741 743 745 747 749 752 753 755 755 757 757 759 759 762 763 766 766 767 769 769 772 773 775 775 777 779 782 783 785 785 787 789 792 793 793 795 795 798 799 801 801 804 805 807 807 810 811 814 815 815 817 817 819 821 823 825 827 829 831 831 834 835 837 837 840 841 843 845 845 848 849 849 851 851 853 855 857 857 860 861 863 865 865 867 867 869 871 873 873 875 877 880 881 883 883 886 887 889 889 892 894 895 897 897 899 899 901 903 905 907 909 909 911 913 915 917 920 921 921 923 923 925 927 929 932 933 935 935 937 939 941 941 943 945 947 949 952 953 955 955 957 959 961 961 963 965 967 969 971 973 973 975 977 979 979 982 983 985 985 988 989 991 991 994 995 997 997 999 1001 1003 1003 1006 1007 1009 1009 1012 1013 1015 1015 1018 1019 1021 1021 1024 1025 1028 1029 1029 1031 1031 1034 1035 1037 1037 1039 1041 1043 1045 1048 1049 1051 1051 1054 1055 1057 1057 1059 1061 1063 1063 1065 1067 1069 1071 1073 1075 1077 1080 1081 1084 1084 1085 1087 1087 1090 1091 1093 1093 1096 1098 1099 1101 1101 1103 1103 1105 1107 1109 1109 1112 1113 1115 1115 1117 1120 1121 1123 1123 1125 1127 1129 1131 1133 1135 1138 1139 1141 1141 1143 1145 1147 1149 1149 1151 1154 1155 1157 1157 1159 1161 1163 1165 1167 1167 1170 1171 1173 1173 1175 1177 1179 1181 1184 1185 1185 1187 1187 1190 1191 1193 1193 1195 1197 1199 1201 1203 1203 1205 1207 1209 1209 1212 1213 1215 1215 1217 1219 1221 1221 1223 1225 1227 1230 1231 1233 1233 1236 1237 1239 1239 1241 1244 1245 1247 1247 1249 1251 1253 1253 1255 1257 1259 1261 1263 1265 1268 1268 1269 1271 1271 1273 1276 1277 1279 1281 1281 1281 1283 1286 1288 1289 1291 1291 1293 1293 1295 1297 1300 1301 1303 1303 1306 1307 1310 1311 1311 1313 1313 1315 1317 1319 1322 1323 1325 1325 1327 1329 1331 1331 1334 1335 1337 1337 1340 1341 1343 1343 1345 1347 1350 1351 1353 1353 1355 1357 1359 1362 1363 1365 1365 1367 1369 1372 1373 1375 1375 1378 1379 1381 1381 1383 1385 1387 1387 1390 1391 1393 1393 1395 1397 1399 1401 1401 1403 1405 1407 1407 1410 1411 1413 1413 1416 1417 1419 1419 1421 1424 1425 1428 1429 1429 1431 1431 1434 1436 1438 1439 1439 1442 1443 1445 1445 1448 1449 1451 1451 1453 1455 1457 1457 1460 1461 1463 1463 1465 1467 1469 1469 1471 1473 1475 1477 1479 1479 1482 1483 1485 1485 1488 1489 1491 1491 1493 1495 1497 1497 1500 1501 1503 1503 1505 1507 1509 1511 1513 1513 1516 1517 1519 1519 1522 1523 1525 1525 1527 1529 1531 1533 1535 1535 1537 1539 1541 1541 1544 1545 1547 1547 1549 1551 1553 1553 1555 1557 1559 1559 1561 1564 1565 1567 1567 1570 1571 1573 1573 1576 1577 1579 1579 1581 1583 1585 1585 1587 1589 1591 1594 1595 1595 1598 1600 1601 1603 1603 1603 1605 1607 1610 1611 1613 1613 1616 1617 1619 1619 1622 1623 1625 1625 1628 1629 1631 1631 1633 1635 1637 1637 1640 1642 1643 1645 1645 1645 1648 1649 1651 1653 1653 1655 1655 1657 1660 1661 1663 1663 1666 1667 1669 1669 1671 1674 1675 1677 1677 1677 1680 1680 1681 1683 1683 1686 1687 1689 1689 1691 1693 1696 1697 1699 1699 1702 1703 1705 1705 1707 1710 1711 1713 1713 1715 1717 1719 1719 1721 1724 1725 1728 1729 1731 1731 1734 1735 1737 1737 1740 1741 1743 1743 1746 1747 1749 1749 1752 1753 1755 1755 1758 1759 1761 1761 1764 1765 1767 1767 1770 1771 1773 1773 1776 1777 1779 1779 1782 1783 1785 1785 1788 1789 1791 1791 1794 1795 1797 1797 1800 1801 1803 1803 1806 1807 1807 1809 1809 1809 1811 1811 1813 1815 1817 1817 1819 1821 1824 1825 1827 1827 1829 1831 1833 1836 1837 1839 1839 1841 1843 1846 1847 1849 1849 1852 1853 1855 1855 1858 1859 1861 1861 1863 1865 1867 1867 1869 1871 1873 1873 1875 1878 1879 1882 1883 1883 1886 1887 1887 1889 1889 1891 1893 1896 1897 1899 1899 1902 1903 1905 1905 1908 1909 1911 1911 1914 1915 1917 1917 1920 1921 1923 1923 1926 1927 1929 1929 1932 1933 1935 1935 1938 1939 1941 1941 1944 1945 1947 1947 1950 1952 1953 1955 1955 1957 1957 1960 1961 1963 1963 1966 1967 1969 1969 1971 1973 1975 1978 1979 1979 1981 1983 1983 1986 1986 1987 1989 1989 1991 1993 1995 1995 1998 2000 2001 2003 2005 2005 2008 2009 2011 2011 2014 2015 2017 2017 2019 2021 2023 2023 2026 2027 2029 2029 2031 2033 2036 2037 2039 2039 2041 2044 2045 2047 2047 2050 2051 2053 2053 2055 2057 2059 2062 2063 2065 2067 2067 2067 2070 2071 2073 2073 2076 2077 2079 2079 2082 2083 2085 2085 2088 2089 2091 2093 2093 2093 2096 2097 2099 2099 2102 2103 2105 2105 2107 2110 2111 2113 2115 2115 2115 2118 2119 2121 2121 2124 2125 2127 2127 2130 2131 2134 2135 2135 2137 2137 2140 2141 2143 2143 2145 2148 2149 2151 2151 2154 2155 2157 2157 2160 2161 2163 2163 2165 2168 2169 2171 2171 2174 2175 2177 2177 2180 2181 2183 2183 2185 2187 2189 2192 2194 2195 2195 2197 2199 2199 2201 2203 2205 2205 2207 2209 2212 2213 2215 2215 2217 2219 2222 2222 2223 2225 2225 2228 2229 2231 2231 2233 2235 2238 2238 2240 2241 2243 2243 2245 2247 2247 2249 2249 2252 2253 2255 2255 2258 2259 2261 2261 2264 2265 2267 2267 2269 2271 2273 2273 2275 2277 2280 2281 2283 2283 2286 2287 2289 2289 2291 2291 2294 2295 2297 2297 2299 2302 2303 2305 2305 2308 2310 2311 2313 2313 2316 2317 2317 2320 2321 2321 2324 2324 2325 2327 2327 2330 2331 2333 2333 2336 2337 2339 2339 2342 2343 2345 2345 2348 2349 2351 2351 2354 2355 2357 2357 2360 2361 2363 2363 2365 2367 2370 2372 2373 2375 2375 2377 2377 2380 2381 2383 2383 2386 2387 2389 2389 2391 2393 2395 2395 2397 2399 2402 2403 2405 2405 2408 2409 2412 2413 2413 2415 2415 2418 2420 2421 2423 2423 2425 2425 2428 2430 2431 2433 2433 2433 2436 2437 2439 2439 2441 2443 2443 2446 2447 2449 2449 2451 2454 2455 2457 2459 2459 2461 2463 2466 2467 2469 2469 2472 2473 2475 2475 2477 2479 2481 2481 2483 2485 2488 2489 2491 2491 2493 2496 2497 2499 2499 2502 2503 2505 2505 2507 2509 2511 2511 2514 2516 2517 2519 2519 2519 2522 2523 2525 2525 2527 2529 2532 2533 2535 2535 2538 2539 2541 2541 2544 2545 2547 2547 2550 2551 2553 2553 2556 2557 2559 2559 2561 2563 2565 2567 2570 2571 2573 2573 2575 2577 2580 2580 2581 2583 2583 2586 2587 2590 2591 2591 2593 2593 2595 2597 2599 2599 2602 2603 2605 2605 2608 2609 2611 2611 2614 2615 2617 2617 2620 2621 2623 2623 2626 2627 2629 2629 2631 2633 2635 2637 2639 2639 2641 2643 2646 2647 2649 2649 2652 2653 2655 2655 2658 2659 2661 2661 2663 2665 2668 2669 2671 2671 2673 2675 2677 2677 2679 2681 2683 2685 2685 2687 2687 2690 2691 2693 2693 2696 2697 2699 2699 2702 2703 2705 2705 2708 2709 2711 2711 2714 2715 2717 2717 2720 2721 2723 2723 2726 2727 2729 2729 2731 2734 2735 2735 2737 2740 2741 2743 2743 2746 2748 2749 2751 2751 2753 2753 2756 2757 2760 2761 2761 2763 2763 2766 2767 2769 2769 2772 2773 2776 2777 2777 2779 2779 2782 2783 2785 2785 2788 2789 2791 2791 2794 2795 2798 2798 2799 2801 2801 2804 2805 2807 2807 2809 2811 2814 2815 2817 2817 2820 2821 2823 2823 2825 2827 2830 2831 2831 2833 2833 2836 2837 2839 2839 2842 2843 2845 2845 2848 2850 2851 2853 2853 2855 2855 2858 2859 2861 2861 2864 2865 2867 2867 2870 2871 2873 2873 2876 2877 2879 2879 2881 2883 2885 2885 2888 2889 2891 2891 2894 2895 2897 2897 2900 2901 2903 2903 2906 2907 2909 2909 2912 2913 2915 2915 2918 2919 2922 2922 2923 2925 2925 2927 2929 2931 2931 2934 2935 2938 2939 2939 2941 2943 2943 2945 2945 2948 2949 2952 2952 2954 2955 2955 2957 2957 2959 2961 2963 2963 2966 2967 2969 2969 2972 2973 2975 2975 2978 2979 2981 2981 2983 2985 2987 2989 2989 2992 2993 2995 2995 2998 2999 3001 3001 3004 3005 3007 3009 3009 3009 3011 3013 3015 3015 3018 3019 3021 3021 3023 3025 3027 3027 3030 3031 3033 3033 3036 3037 3039 3039 3042 3043 3045 3045 3048 3049 3051 3051 3054 3055 3057 3057 3060 3062 3063 3065 3065 3067 3067 3070 3071 3073 3073 3075 3077 3079 3079 3082 3083 3085 3085 3088 3089 3091 3091 3093 3095 3097 3097 3100 3101 3103 3103 3106 3108 3110 3112 3114 3116 3116 3118 3120 3122 3122 3124 3126 3128 3128 3130 3132 3134 3134 3136 3138 3139 3142 3142 3144 3146 3148 3148 3150 3152 3154 3154 3156 3158 3160 3160 3162 3164 3165 3165 3168 3169 3171 3171 3174 3175 3177 3177 3180 3181 3183 3183 3186 3188 3189 3191 3191 3193 3193 3196 3197 3199 3199 3202 3203 3205 3205 3207 3209 3211 3211 3214 3215 3217 3217 3220 3221 3223 3223 3226 3227 3229 3229 3232 3233 3235 3235 3238 3239 3241 3241 3244 3245 3247 3247 3250 3251 3253 3253 3256 3257 3260 3261 3263 3263 3263 3265 3265 3268 3269 3271 3274 3274 3275 3275 3278 3279 3281 3281 3284 3285 3287 3287 3290 3291 3293 3293 3295 3298 3298 3299 3301 3301 3304 3305 3307 3307 3310 3311 3313 3313 3316 3317 3319 3319 3321 3323 3326 3326 3327 3329 3329 3331 3333 3335 3335 3338 3339 3342 3343 3343 3343 3346 3347 3349 3349 3352 3353 3355 3355 3358 3359 3361 3361 3364 3365 3367 3367 3370 3371 3373 3373 3376 3377 3379 3379 3382 3383 3385 3385 3387 3389 3392 3393 3395 3395 3398 3399 3401 3401 3404 3405 3407 3407 3410 3411 3413 3413 3415 3418 3419 3421 3421 3423 3425 3428 3429 3429 3431 3431 3433 3435 3435 3438 3439 3441 3441 3444 3445 3447 3447 3450 3451 3453 3453 3456 3457 3460 3462 3463 3463 3466 3467 3467 3469 3469 3472 3474 3475 3477 3477 3477 3479 3481 3481 3483 3485 3487 3487 3490 3491 3494 3495 3497 3497 3497 3500 3501 3504 3505 3505 3507 3507 3510 3511 3513 3513 3516 3517 3520 3521 3521 3523 3523 3525 3527 3530 3531 3531 3533 3533 3536 3537 3540 3540 3541 3541 3543 3546 3547 3550 3551 3551 3553 3553 3556 3558 3559 3561 3561 3561 3564 3565 3567 3567 3569 3571 3574 3575 3577 3577 3580 3582 3583 3585 3585 3587 3587 3590 3591 3593 3593 3596 3597 3600 3601 3601 3603 3603 3606 3607 3609 3611 3611 3611 3614 3615 3617 3617 3620 3621 3623 3623 3625 3628 3629 3631 3631 3633 3636 3637 3639 3639 3641 3644 3645 3647 3647 3650 3651 3653 3653 3655 3657 3660 3662 3664 3664 3666 3668 3670 3671 3674 3674 3676 3678 3680 3682 3682 3684 3686 3688 3689 3692 3692 3694 3696 3698 3698 3700 3702 3704 3704 3706 3708 3710 3710 3712 3713 3716 3716 3718 3720 3722 3724 3724 3726 3728 3730 3730 3732 3734 3736 3736 3738 3740 3740 3742 3744 3746 3748 3748 3750 3752 3754 3754 3756 3758 3760 3760 3762 3764 3766 3768 3768 3770 3772 3774 3774 3776 3778 3780 3780 3782 3784 3786 3788 3790 3790 3792 3793 3793 3795 3797 3800 3801 3803 3803 3805 3807 3809 3812 3813 3815 3815 3818 3819 3821 3821 3824 3825 3827 3827 3829 3831 3833 3833 3836 3837 3839 3839 3842 3843 3845 3845 3847 3850 3851 3853 3853 3856 3857 3859 3859 3861 3863 3865 3867 3870 3871 3873 3873 3876 3877 3879 3879 3882 3884 3885 3887 3887 3889 3889 3891 3894 3895 3897 3897 3899 3901 3903 3906 3907 3909 3909 3911 3913 3916 3917 3919 3919 3922 3923 3925 3925 3927 3930 3931 3933 3933 3936 3937 3939 3939 3941 3943 3945 3945 3947 3949 3951 3951 3953 3955 3958 3958 3959 3961 3961 3964 3965 3967 3967 3970 3971 3973 3973 3975 3977 3979 3979 3982 3983 3985 3985 3987 3989 3992 3993 3995 3995 3998 3999 4001 4001 4004 4005 4007 4007 4010 4011 4013 4013 4015 4017 4019 4019 4022 4023 4025 4025 4027 4029 4031 4033 4035 4035 4037 4039 4041 4041 4043 4045 4047 4049 4051 4053 4056 4057 4059 4059 4061 4063 4065 4067 4069 4071 4073 4075 4078 4079 4081 4081 4083 4085 4088 4089 4091 4091 4094 4095 4097 4097 4099 4101 4104 4105 4107 4107 4110 4111 4113 4113 4116 4117 4119 4119 4121 4123 4126 4127 4129 4129 4132 4133 4135 4135 4137 4139 4141 4143 4146 4147 4149 4149 4151 4153 4155 4157 4160 4161 4163 4163 4165 4167 4170 4171 4173 4173 4175 4177 4180 4181 4183 4183 4186 4186 4187 4189 4189 4192 4193 4195 4195 4198 4199 4202 4203 4203 4205 4205 4208 4209 4211 4211 4214 4215 4217 4217 4219 4219 4221 4221 4224 4225 4227 4227 4230 4231 4233 4233 4236 4237 4239 4239 4242 4243 4245 4245 4248 4249 4251 4251 4254 4255 4257 4257 4259 4261 4263 4263 4266 4267 4269 4269 4272 4273 4275 4275 4278 4279 4281 4281 4284 4285 4287 4287 4289 4291 4294 4294 4295 4297 4297 4299 4301 4304 4305 4307 4307 4310 4311 4313 4313 4316 4317 4319 4319 4322 4323 4325 4325 4328 4329 4331 4331 4334 4335 4337 4337 4340 4342 4343 4345 4345 4347 4347 4350 4351 4353 4355 4355 4355 4358 4359 4361 4361 4364 4365 4367 4367 4370 4371 4373 4373 4376 4377 4379 4379 4381 4383 4386 4387 4389 4389 4392 4393 4395 4395 4398 4399 4401 4401 4403 4405 4407 4407 4410 4411 4414 4415 4415 4417 4419 4419 4419 4422 4423 4425 4425 4428 4429 4431 4431 4434 4435 4437 4437 4440 4442 4443 4445 4445 4447 4447 4450 4451 4453 4453 4455 4457 4459 4461 4463 4465 4467 4469 4471 4471 4474 4475 4477 4477 4479 4481 4483 4485 4488 4489 4491 4493 4493 4493 4495 4497 4500 4502 4503 4505 4505 4507 4507 4509 4511 4514 4515 4517 4517 4519 4522 4523 4525 4525 4528 4529 4531 4531 4534 4535 4537 4537 4539 4541 4544 4545 4547 4547 4549 4551 4554 4555 4558 4558 4559 4561 4561 4563 4565 4567 4569 4571 4573 4576 4576 4577 4577 4579 4582 4583 4585 4585 4588 4589 4591 4591 4594 4595 4597 4597 4600 4602 4603 4605 4605 4607 4609 4612 4614 4615 4617 4617 4619 4619 4622 4623 4625 4625 4628 4629 4631 4631 4633 4635 4637 4639 4641 4643 4645 4647 4649 4651 4653 4655 4657 4659 4661 4663 4665 4667 4669 4671 4671 4673 4676 4677 4677 4679 4681 4683 4685 4687 4689 4691 4691 4694 4695 4697 4697 4700 4701 4703 4703 4705 4707 4709 4711 4714 4715 4717 4717 4719 4721 4723 4723 4725 4727 4729 4731 4734 4735 4737 4737 4739 4741 4744 4745 4747 4747 4749 4751 4753 4755 4757 4759 4762 4763 4765 4765 4768 4769 4771 4771 4774 4775 4778 4778 4779 4781 4781 4784 4785 4787 4787 4790 4791 4793 4793 4796 4797 4799 4799 4802 4803 4805 4805 4808 4809 4811 4811 4814 4815 4817 4817 4820 4821 4821 4824 4825 4828 4829 4829 4831 4831 4834 4835 4837 4837 4840 4841 4843 4843 4846 4847 4849 4849 4851 4853 4856 4857 4859 4859 4862 4864 4865 4867 4867 4869 4869 4872 4873 4875 4875 4878 4879 4881 4881 4884 4885 4887 4887 4890 4891 4893 4893 4895 4897 4900 4901 4903 4903 4905 4907 4909 4909 4912 4913 4915 4915 4918 4919 4921 4921 4924 4926 4927 4929 4929 4931 4933 4936 4937 4939 4939 4942 4943 4945 4945 4948 4949 4951 4951 4954 4955 4957 4957 4960 4961 4963 4965 4965 4965 4967 4970 4971 4974 4975 4975 4977 4977 4979 4982 4983 4985 4985 4987 4989 4991 4994 4995 4997 4997 5000 5001 5003 5003 5005 5007 5009 5009 5012 5013 5015 5015 5018 5019 5021 5021 5024 5025 5025 5027 5027 5030 5031 5033 5033 5036 5037 5040 5040 5042 5044 5046 5048 5050 5050 5052 5054 5054 5056 5057 5060 5060 5062 5064 5066 5066 5067 5070 5070 5072 5074 5076 5078 5080 5080 5082 5084 5086 5086 5088 5090 5092 5094 5096 5098 5100 5100 5102 5104 5106 5106 5108 5110 5112 5112 5114 5116 5118 5118 5120 5122 5124 5124 5126 5128 5130 5130 5132 5133 5136 5136 5138 5140 5142 5144 5146 5148 5150 5150 5152 5154 5156 5156 5158 5160 5162 5164 5166 5168 5168 5170 5171 5174 5174 5176 5178 5180 5180 5182 5184 5186 5188 5189 5192 5192 5192 5194 5196 5198 5199 5202 5202 5204 5206 5208 5208 5210 5210 5212 5214 5216 5216 5218 5220 5222 5222 5224 5225 5228 5228 5230 5232 5234 5234 5236 5238 5239 5239 5239 5242 5243 5243 5246 5247 5249 5249 5252 5253 5255 5255 5257 5259 5261 5263 5266 5267 5269 5269 5271 5274 5275 5277 5277 5280 5281 5283 5283 5286 5287 5289 5289 5292 5293 5295 5295 5298 5299 5302 5303 5303 5305 5305 5307 5309 5312 5312 5314 5315 5317 5317 5317 5320 5321 5323 5323 5326 5328 5329 5331 5331 5333 5333 5336 5337 5339 5339 5342 5343 5345 5345 5347 5349 5352 5353 5355 5355 5358 5359 5361 5361 5363 5366 5367 5369 5369 5372 5373 5375 5375 5378 5379 5382 5383 5383 5385 5385 5388 5389 5391 5391 5393 5395 5398 5399 5401 5401 5404 5405 5407 5407 5409 5411 5414 5414 5415 5417 5417 5419 5421 5424 5425 5427 5427 5429 5431 5434 5435 5437 5437 5440 5441 5443 5443 5446 5447 5449 5449 5452 5453 5455 5455 5458 5459 5461 5461 5464 5465 5467 5467 5470 5471 5473 5473 5476 5477 5479 5479 5482 5483 5485 5485 5488 5489 5491 5491 5494 5495 5497 5497 5500 5501 5503 5503 5506 5507 5509 5509 5512 5513 5515 5515 5518 5519 5521 5521 5523 5525 5528 5529 5531 5531 5533 5533 5536 5537 5539 5539 5542 5543 5543 5546 5547 5549 5549 5552 5553 5555 5555 5557 5559 5562 5563 5565 5565 5568 5569 5572 5572 5574 5575 5577 5577 5579 5579 5581 5584 5585 5587 5587 5589 5591 5594 5595 5597 5597 5600 5601 5603 5603 5605 5607 5610 5611 5613 5613 5616 5617 5619 5619 5622 5623 5625 5625 5628 5629 5631 5631 5633 5635 5638 5639 5641 5641 5644 5645 5647 5647 5650 5651 5653 5653 5656 5658 5659 5661 5661 5663 5663 5666 5667 5669 5669 5672 5673 5675 5675 5678 5679 5681 5681 5683 5685 5688 5689 5691 5691 5694 5695 5697 5697 5699 5701 5704 5705 5707 5707 5709 5711 5714 5715 5717 5717 5720 5721 5724 5725 5725 5725 5727 5730 5731 5733 5733 5735 5737 5740 5742 5743 5745 5745 5745 5747 5749 5752 5753 5755 5755 5758 5759 5761 5761 5763 5765 5768 5769 5771 5771 5774 5775 5777 5777 5779 5781 5783 5786 5787 5789 5789 5791 5793 5795 5797 5799 5801 5804 5805 5807 5807 5810 5811 5813 5813 5815 5817 5820 5821 5823 5823 5826 5827 5829 5829 5831 5833 5835 5835 5838 5839 5841 5841 5843 5845 5847 5847 5850 5851 5853 5853 5855 5857 5860 5861 5863 5863 5866 5867 5869 5869 5872 5873 5875 5875 5878 5879 5881 5881 5883 5885 5887 5889 5891 5893 5895 5898 5899 5901 5901 5904 5905 5907 5907 5910 5911 5913 5913 5916 5917 5919 5919 5922 5923 5925 5925 5927 5929 5931 5931 5934 5935 5937 5937 5940 5941 5943 5943 5945 5948 5949 5951 5951 5953 5953 5956 5957 5959 5959 5962 5963 5965 5965 5968 5969 5971 5971 5974 5975 5977 5977 5980 5981 5983 5983 5986 5987 5989 5989 5992 5993 5996 5997 5997 5999 5999 6001 6003 6005 6005 6008 6009 6011 6011 6013 6015 6017 6017 6020 6021 6023 6023 6026 6027 6029 6029 6032 6033 6035 6035 6038 6039 6041 6041 6044 6045 6048 6049 6049 6051 6051 6054 6055 6057 6057 6060 6061 6063 6063 6066 6067 6069 6069 6072 6073 6075 6075 6078 6079 6081 6081 6084 6085 6088 6089 6089 6091 6091 6094 6095 6097 6097 6100 6101 6103 6103 6106 6107 6109 6109 6112 6113 6115 6117 6117 6119 6119 6122 6123 6125 6125 6128 6129 6131 6131 6134 6135 6137 6137 6140 6141 6143 6143 6146 6147 6149 6149 6152 6153 6155 6155 6158 6159 6161 6161 6164 6165 6167 6167 6170 6171 6173 6173 6176 6177 6179 6179 6182 6183 6185 6185 6188 6189 6191 6191 6194 6195 6197 6197 6200 6201 6203 6203 6206 6207 6209 6209 6211 6213 6216 6216 6217 6219 6219 6222 6223 6225 6225 6228 6229 6231 6231 6234 6235 6237 6237 6240 6241 6243 6243 6245 6247 6249 6249 6252 6253 6255 6255 6258 6259 6261 6261 6264 6265 6268 6270 6270 6271 6273 6273 6273 6276 6277 6280 6281 6281 6283 6283 6286 6287 6290 6291 6291 6293 6293 6296 6297 6299 6299 6302 6303 6305 6305 6308 6309 6312 6312 6313 6313 6315 6315 6317 6320 6321 6321 6323 6323 6326 6327 6329 6329 6332 6333 6336 6337 6337 6339 6339 6342 6343 6345 6345 6347 6349 6351 6351 6353 6356 6356 6357 6359 6359 6361 6363 6365 6365 6368 6369 6371 6371 6374 6375 6377 6377 6380 6381 6383 6383 6386 6387 6389 6389 6392 6393 6395 6395 6398 6399 6401 6401 6404 6405 6408 6408 6409 6411 6413 6413 6415 6415 6418 6419 6421 6421 6424 6425 6427 6427 6430 6431 6433 6433 6436 6437 6439 6439 6442 6443 6445 6445 6448 6449 6451 6451 6454 6455 6457 6457 6460 6461 6463 6463 6466 6467 6469 6469 6472 6473 6475 6475 6478 6479 6481 6481 6484 6485 6487 6487 6490 6491 6493 6493 6496 6497 6497 6499 6499 6502 6503 6506 6506 6507 6509 6509 6512 6513 6516 6517 6517 6519 6519 6522 6523 6525 6525 6527 6529 6532 6533 6535 6535 6537 6537 6537 6540 6541 6543 6543 6546 6547 6550 6551 6551 6551 6554 6555 6558 6559 6559 6562 6563 6563 6566 6566 6568 6570 6571 6573 6573 6573 6575 6575 6578 6579 6581 6581 6584 6585 6587 6587 6590 6591 6593 6593 6596 6597 6599 6599 6601 6603 6605 6605 6608 6609 6611 6611 6614 6615 6617 6617 6620 6621 6623 6623 6626 6627 6629 6629 6632 6633 6635 6635 6638 6639 6641 6641 6644 6645 6648 6649 6649 6651 6651 6654 6655 6657 6657 6660 6661 6663 6663 6666 6667 6669 6669 6672 6673 6675 6675 6678 6679 6681 6681 6684 6685 6687 6687 6690 6691 6694 6694 6695 6697 6697 6700 6701 6703 6703 6706 6707 6709 6709 6712 6713 6715 6715 6718 6719 6721 6721 6724 6725 6727 6727 6730 6731 6733 6733 6736 6737 6739 6739 6742 6743 6745 6745 6747 6749 6751 6751 6754 6755 6757 6757 6759 6761 6763 6763 6766 6767 6769 6769 6772 6773 6776 6776 6777 6779 6779 6782 6783 6785 6785 6788 6789 6791 6791 6794 6795 6797 6797 6800 6801 6803 6803 6806 6807 6809 6809 6812 6813 6815 6815 6817 6819 6821 6823 6825 6828 6829 6832 6833 6833 6833 6836 6837 6839 6839 6841 6844 6845 6845 6847 6849 6851 6853 6856 6857 6859 6859 6861 6864 6865 6868 6869 6869 6869 6871 6873 6875 6877 6880 6881 6881 6883 6885 6887 6889 6892 6893 6895 6895 6897 6899 6901 6903 6905 6908 6909 6909 6911 6913 6915 6918 6919 6921 6921 6923 6925 6927 6929 6931 6933 6935 6937 6939 6941 6944 6945 6945 6947 6949 6951 6953 6955 6957 6959 6961 6964 6965 6968 6968 6969 6971 6971 6974 6975 6977 6977 6980 6981 6983 6983 6986 6988 6989 6991 6991 6991 6994 6995 6997 6997 7000 7001 7003 7003 7006 7007 7009 7009 7011 7013 7015 7017 7020 7021 7021 7023 7026 7028 7029 7031 7031 7033 7033 7036 7037 7039 7039 7041 7044 7045 7047 7047 7049 7051 7053 7056 7057 7059 7059 7061 7064 7066 7067 7069 7069 7071 7074 7075 7075 7077 7079 7081 7083 7085 7088 7089 7091 7091 7094 7095 7097 7097 7099 7101 7103 7106 7107 7109 7109 7111 7113 7115 7117 7119 7121 7123 7125 7127 7130 7131 7131 7133 7136 7137 7139 7139 7141 7144 7145 7145 7147 7149 7152 7154 7156 7156 7158 7160 7162 7162 7164 7166 7168 7168 7170 7172 7172 7174 7176 7178 7178 7180 7182 7184 7184 7186 7188 7190 7192 7192 7192 7194 7196 7198 7198 7200 7202 7204 7204 7206 7208 7210 7210 7212 7214 7216 7216 7218 7220 7222 7222 7224 7226 7228 7228 7230 7232 7234 7234 7236 7238 7240 7240 7242 7244 7246 7246 7248 7250 7252 7252 7254 7254 7255 7255 7257 7259 7261 7263 7265 7267 7269 7271 7274 7275 7275 7277 7280 7281 7283 7283 7285 7288 7289 7291 7291 7294 7296 7297 7299 7299 7299 7302 7303 7305 7305 7307 7309 7311 7313 7316 7317 7319 7319 7321 7323 7326 7327 7329 7331 7331 7333 7336 7337 7340 7342 7342 7342 7344 7345 7347 7347 7349 7349 7351 7354 7355 7355 7357 7360 7361 7363 7363 7366 7367 7369 7369 7371 7373 7375 7377 7379 7381 7384 7385 7385 7388 7389 7391 7391 7394 7395 7395 7397 7400 7401 7403 7403 7405 7408 7409 7409 7411 7413 7415 7418 7419 7419 7421 7423 7426 7427 7429 7429 7432 7433 7435 7435 7438 7439 7441 7441 7443 7445 7447 7450 7451 7453 7453 7456 7457 7459 7459 7462 7463 7465 7465 7468 7469 7472 7472 7473 7473 7476 7477 7479 7479 7482 7483 7485 7485 7488 7489 7491 7491 7494 7495 7497 7497 7500 7501 7503 7503 7506 7507 7509 7509 7512 7513 7515 7515 7518 7519 7521 7521 7524 7525 7527 7527 7530 7531 7533 7533 7536 7537 7540 7541 7541 7543 7543 7546 7547 7549 7549 7552 7553 7555 7555 7558 7559 7562 7563 7563 7565 7565 7568 7569 7571 7571 7574 7576 7577 7579 7579 7579 7582 7584 7586 7586 7587 7589 7589 7592 7593 7596 7596 7597 7599 7599 7602 7603 7605 7605 7608 7609 7612 7612 7613 7615 7615 7618 7619 7621 7621 7624 7625 7627 7627 7630 7631 7633 7635 7635 7637 7639 7641 7643 7645 7648 7649 7649 7651 7654 7655 7655 7657 7660 7661 7661 7664 7665 7667 7667 7669 7672 7673 7675 7675 7677 7680 7682 7683 7685 7685 7685 7687 7689 7692 7693 7696 7697 7697 7697 7699 7701 7704 7705 7707 7707 7710 7711 7713 7713 7716 7717 7719 7719 7721 7723 7725 7728 7729 7729 7732 7733 7735 7735 7737 7739 7741 7744 7745 7747 7747 7749 7752 7753 7753 7755 7758 7759 7761 7761 7763 7765 7767 7770 7771 7771 7773 7776 7777 7779 7779 7781 7783 7786 7787 7787 7789 7792 7793 7795 7795 7797 7800 7801 7801 7803 7806 7807 7807 7809 7812 7813 7815 7815 7817 7819 7822 7824 7826 7826 7828 7830 7832 7832 7834 7836 7838 7838 7840 7842 7844 7844 7846 7848 7850 7850 7852 7854 7856 7856 7858 7860 7862 7862 7864 7866 7868 7868 7870 7872 7874 7874 7876 7878 7880 7880 7882 7884 7886 7886 7888 7890 7892 7892 7894 7896 7898 7898 7900 7902 7904 7904 7906 7908 7910 7910 7912 7914 7916 7916 7918 7920 7922 7922 7924 7926 7928 7928 7930 7932 7934 7934 7936 7938 7940 7940 7942 7944 7946 7946 7948 7950 7952 7952 7954 7956 7958 7958 7960 7962 7964 7964 7966 7968 7970 7970 7972 7974 7976 7976 7978 7980 7982 7982 7984 7986 7988 7988 7990 7992 7994 7994 7996 7998 8000 8000 8002 8004 8006 8006 8008 8010 8012 8012 8014 8016 8018 8018 8020 8022 8024 8024 8026 8028 8030 8030 8032 8034 8036 8036 8038 8040 8042 8042 8044 8046 8048 8048 8050 8052 8054 8054 8056 8058 8058 8060 8062 8064 8064 8066 8068 8070 8070 8072 8074 8076 8076 8078 8080 8082 8082 8084 8086 8088 8088 8089 8089 8091 8093 8095 8098 8099 8101 8101 8103 8106 8107 8107 8109 8111 8114 8115 8118 8119 8119 8119 8121 8124 8125 8127 8127 8129 8131 8133 8136 8137 8139 8139 8141 8143 8146 8147 8150 8150 8152 8153 8155 8157 8157 8159 8159 8159 8162 8163 8165 8168 8170 8170 8172 8173 8173 8175 8175 8177 8179 8182 8184 8185 8185 8187 8187 8189 8191 8194 8195 8198 8198 8200 8201 8203 8203 8205 8205 8207 8210 8211 8213 8213 8215 8218 8219 8219 8221 8223 8226 8227 8229 8229 8231 8234 8235 8237 8237 8240 8242 8243 8246 8247 8247 8247 8250 8251 8253 8253 8256 8257 8259 8259 8261 8263 8266 8267 8269 8269 8271 8273 8275 8277 8279 8282 8283 8283 8285 8287 8290 8291 8293 8293 8296 8297 8299 8299 8302 8303 8305 8305 8307 8310 8311 8311 8313 8315 8318 8320 8321 8321 8321 8323 8326 8327 8329 8329 8331 8334 8335 8337 8337 8340 8341 8344 8344 8345 8347 8347 8350 8351 8353 8353 8356 8357 8359 8359 8362 8364 8365 8368 8369 8369 8369 8371 8371 8374 8375 8377 8377 8380 8381 8383 8383 8386 8387 8389 8389 8392 8393 8395 8395 8397 8400 8400 8401 8403 8403 8406 8407 8409 8409 8412 8413 8415 8415 8418 8419 8421 8421 8424 8425 8427 8427 8430 8431 8433 8433 8435 8437 8440 8442 8443 8445 8445 8447 8447 8449 8452 8453 8453 8455 8457 8459 8461 8463 8465 8467 8469 8471 8473 8475 8477 8479 8481 8484 8485 8485 8487 8489 8492 8493 8495 8495 8497 8500 8501 8501 8503 8505 8507 8510 8511 8513 8513 8515 8518 8520 8521 8521 8523 8523 8526 8527 8529 8529 8531 8533 8536 8538 8538 8539 8539 8542 8543 8545 8545 8547 8549 8552 8553 8553 8555 8558 8559 8561 8561 8564 8565 8565 8567 8570 8571 8574 8575 8575 8577 8577 8580 8581 8583 8583 8585 8587 8590 8591 8593 8593 8596 8598 8599 8601 8601 8604 8605 8605 8607 8607 8610 8611 8613 8613 8615 8617 8619 8621 8623 8625 8628 8629 8631 8631 8633 8636 8637 8639 8639 8641 8643 8646 8647 8649 8649 8651 8654 8655 8657 8657 8659 8661 8663 8665 8667 8669 8671 8674 8675 8675 8677 8679 8681 8683 8685 8687 8690 8691 8693 8693 8695 8697 8699 8701 8703 8706 8707 8709 8709 8711 8713 8716 8717 8719 8719 8721 8723 8726 8727 8727 8729 8731 8733 8735 8737 8740 8741 8743 8743 8745 8747 8749 8752 8753 8755 8755 8757 8759 8761 8764 8765 8767 8767 8769 8771 8773 8776 8777 8777 8779 8781 8783 8785 8787 8789 8791 8794 8795 8795 8797 8797 8799 8801 8804 8805 8807 8807 8809 8811 8814 8815 8817 8817 8819 8821 8824 8826 8827 8827 8829 8829 8832 8833 8835 8835 8838 8839 8842 8843 8843 8845 8845 8847 8849 8851 8853 8856 8857 8860 8860 8861 8863 8863 8865 8868 8869 8871 8871 8873 8875 8877 8880 8881 8883 8883 8885 8888 8889 8889 8892 8893 8895 8895 8897 8899 8902 8903 8905 8905 8907 8909 8911 8913 8915 8918 8919 8919 8921 8923 8926 8927 8929 8929 8932 8933 8935 8935 8937 8939 8942 8943 8945 8945 8948 8949 8951 8951 8954 8955 8957 8957 8959 8961 8963 8965 8967 8969 8972 8974 8975 8977 8977 8979 8979 8981 8984 8985 8987 8987 8989 8992 8993 8993 8996 8997 8999 8999 9001 9004 9005 9007 9007 9010 9011 9013 9013 9016 9017 9020 9021 9021 9021 9023 9025 9028 9028 9029 9031 9031 9034 9035 9037 9037 9039 9039 9042 9043 9045 9045 9048 9049 9052 9053 9053 9055 9055 9058 9059 9061 9061 9064 9065 9068 9069 9069 9069 9072 9073 9075 9075 9078 9079 9081 9081 9084 9085 9087 9087 9090 9091 9093 9093 9096 9097 9099 9099 9102 9103 9105 9105 9108 9109 9111 9111 9114 9116 9117 9119 9119 9122 9122 9123 9125 9125 9128 9129 9131 9131 9134 9135 9137 9137 9140 9141 9143 9143 9146 9147 9149 9149 9152 9153 9155 9155 9157 9159 9161 9161 9164 9165 9167 9167 9170 9171 9173 9173 9176 9177 9179 9179 9182 9183 9185 9185 9188 9189 9191 9191 9194 9195 9197 9197 9200 9201 9203 9203 9206 9207 9209 9209 9212 9213 9216 9217 9217 9219 9219 9221 9223 9225 9225 9228 9229 9231 9231 9233 9235 9237 9237 9240 9241 9243 9243 9246 9247 9249 9249 9252 9253 9255 9255 9257 9257 9260 9261 9263 9263 9265 9267 9269 9269 9272 9273 9275 9275 9278 9279 9281 9281 9284 9285 9287 9287 9290 9291 9293 9293 9296 9297 9299 9299 9302 9303 9305 9305 9307 9309 9311 9311 9314 9315 9317 9317 9320 9321 9323 9323 9326 9327 9329 9329 9332 9333 9335 9335 9338 9339 9341 9341 9344 9345 9347 9347 9350 9351 9353 9353 9356 9357 9359 9359 9362 9363 9365 9365 9368 9369 9371 9371 9373 9375 9377 9379 9381 9383 9386 9387 9389 9389 9391 9393 9396 9397 9399 9399 9402 9403 9405 9405 9408 9409 9411 9411 9414 9415 9417 9417 9420 9421 9423 9423 9426 9427 9429 9429 9432 9433 9433 9435 9437 9439 9439 9442 9443 9445 9445 9447 9449 9451 9451 9454 9455 9457 9457 9460 9461 9463 9463 9466 9467 9469 9469 9472 9473 9475 9475 9478 9479 9481 9481 9484 9485 9487 9487 9489 9491 9493 9493 9495 9497 9499 9499 9502 9503 9505 9505 9508 9509 9511 9511 9513 9515 9517 9517 9520 9521 9523 9523 9525 9525 9527 9529 9531 9531 9534 9535 9537 9537 9540 9541 9543 9543 9546 9547 9549 9549 9552 9553 9555 9555 9558 9559 9561 9561 9563 9565 9567 9567 9570 9571 9573 9573 9575 9577 9579 9579 9582 9583 9585 9585 9588 9589 9591 9591 9594 9595 9597 9597 9599 9601 9603 9603 9606 9607 9609 9609 9611 9613 9615 9615 9618 9619 9621 9621 9624 9625 9628 9628 9629 9631 9631 9633 9636 9637 9637 9637 9640 9641 9644 9645 9645 9648 9649 9649 9651 9651 9654 9655 9657 9657 9660 9661 9663 9663 9666 9667 9669 9669 9672 9673 9675 9675 9678 9679 9681 9681 9684 9685 9687 9687 9690 9691 9693 9695 9695 9697 9697 9700 9701 9703 9703 9706 9707 9709 9709 9712 9713 9715 9717 9717 9719 9719 9722 9723 9725 9725 9728 9729 9731 9731 9734 9735 9735 9737 9737 9739 9739 9742 9742 9743 9743 9745 9745 9747 9747 9749 9751 9754 9754 9755 9755 9757 9757 9760 9761 9761 9764 9764 9764 9765 9767 9767 9770 9771 9771 9774 9775 9777 9779 9779 9782 9783 9785 9785 9787 9787 9787 9790 9791 9793 9793 9796 9797 9799 9799 9802 9803 9805 9807 9807 9809 9809 9812 9813 9815 9815 9818 9819 9821 9821 9824 9825 9827 9827 9829 9831 9833 9833 9836 9837 9839 9839 9841 9843 9845 9845 9848 9849 9851 9851 9854 9855 9857 9857 9860 9861 9863 9863 9866 9867 9869 9869 9872 9873 9875 9875 9878 9879 9881 9881 9884 9885 9887 9887 9890 9891 9893 9893 9896 9897 9899 9899 9901 9903 9905 9905 9907 9909 9909 9912 9913 9915 9915 9918 9919 9922 9922 9923 9925 9925 9928 9929 9931 9931 9933 9935 9937 9937 9940 9941 9943 9943 9945 9947 9949 9949 9952 9953 9955 9955 9958 9959 9961 9961 9963 9965 9967 9967 9970 9971 9973 9973 9976 9977 9979 9979 9982 9983 9985 9985 9988 9989 9991 9991 9993 9995 9999 65535







0 3 5 8 9 9 12 13 13 15 18 19 19 21 24 25 25 27 30 31 31 33 36 37 37 39 42 43 43 45 48 49 49 51 54 55 55 58 59 59 61 64 65 65 67 70 71 71 73 76 77 77 80 81 81 83 86 87 87 89 92 93 93 95 98 99 99 101 104 105 105 107 110 111 111 113 116 117 117 119 121 121 123 126 127 127 129 132 133 133 135 138 139 139 141 144 145 145 147 150 151 151 153 156 157 157 159 162 163 163 165 168 169 169 171 174 175 175 177 180 181 181 183 186 187 187 189 192 193 193 195 198 199 199 201 204 205 205 207 210 211 211 213 216 217 217 219 222 223 223 225 228 229 229 231 234 235 235 237 240 241 241 243 246 247 247 249 252 253 253 255 258 259 259 261 264 265 265 267 270 271 271 273 276 277 277 279 279 281 284 285 285 289 65535
0 3 5 8 9 9 11 14 15 15 17 20 21 21 23 25 28 29 29 31 34 35 35 37 40 41 41 43 46 47 47 49 52 53 53 55 58 59 59 61 64 65 65 67 69 71 71 73 75 75 77 80 81 81 83 86 87 87 89 92 93 93 95 98 99 99 101 103 103 106 107 107 109 112 113 113 115 117 117 119 119 121 124 125 125 127 130 131 131 133 136 137 137 139 142 143 143 145 148 149 149 151 154 155 155 157 160 162 163 163 165 165 167 170 171 171 173 176 177 177 179 182 183 183 186 187 187 189 192 193 193 195 198 199 199 201 204 205 205 207 210 211 211 213 216 217 217 220 221 221 224 225 225 227 230 231 231 233 236 237 237 239 242 243 243 245 248 249 249 251 254 255 255 257 260 261 261 263 265 268 270 270 271 271 273 275 278 279 279 281 281 283 286 287 287 289 291 294 296 296 297 297 299 302 303 303 305 308 309 309 311 314 315 315 317 320 321 321 323 326 327 327 329 332 333 333 335 338 339 339 342 343 343 345 348 349 349 351 353 355 355 358 359 359 361 364 365 365 367 370 371 371 373 376 377 377 379 382 383 383 385 388 389 389 391 394 395 395 397 400 401 401 403 406 407 407 409 412 413 413 415 418 419 419 421 424 425 425 427 430 431 431 433 435 437 437 439 442 443 443 445 448 449 449 451 454 455 455 457 460 461 461 463 466 467 467 469 472 473 473 475 478 479 479 481 484 485 485 487 490 491 491 493 496 497 497 499 502 503 503 505 508 509 509 511 514 515 515 517 520 521 521 523 526 527 527 529 532 533 533 535 538 539 539 541 544 545 545 549 65535
0 3 5 8 9 9 11 14 15 15 17 20 21 21 23 26 27 27 30 31 31 33 36 37 37 39 42 43 43 45 48 49 49 51 54 55 55 58 59 59 61 64 65 65 67 70 71 71 73 76 77 77 79 82 83 83 85 88 89 89 91 94 95 95 97 100 101 101 103 106 107 107 109 112 113 113 115 118 119 119 121 124 125 125 127 130 131 131 133 136 137 137 139 142 143 143 146 147 147 149 152 153 153 155 158 159 159 161 164 165 165 167 170 171 171 173 176 177 177 179 182 183 183 185 188 189 189 192 193 193 195 198 199 199 201 204 205 205 207 210 211 211 213 216 217 217 219 222 223 223 225 228 229 229 231 234 235 235 237 240 241 241 243 246 247 247 249 252 253 253 255 258 259 259 261 264 265 265 267 270 271 271 273 276 277 277 279 282 283 283 285 288 289 289 291 294 295 295 297 300 301 301 303 306 307 307 309 312 313 313 315 318 319 319 321 324 325 325 328 329 329 331 334 335 335 337 340 341 341 343 346 347 347 351 65535
0 0 3 6 7 7 9 11 13 13 15 17 19 19 21 24 27 65535
0 0 4 5 5 7 10 11 11 13 16 17 17 19 19 21 24 25 25 27 30 31 31 33 36 37 39 39 41 44 45 49 65535
0 3 3 5 8 9 9 11 14 15 15 17 20 21 21 23 26 27 27 29 32 33 33 35 38 39 39 41 44 45 45 47 50 51 51 53 56 57 57 59 62 63 63 65 68 69 69 71 74 75 75 77 80 81 81 83 86 87 89 89 91 94 95 95 97 100 101 101 103 106 107 107 109 112 113 113 115 118 119 119 119 122 124 126 126 128 129 132 132 134 136 138 138 140 142 144 144 145 148 149 149 151 154 155 155 157 159 161 161 163 166 167 169 169 171 174 175 175 177 180 181 181 183 186 187 187 189 192 193 193 195 198 199 199 201 204 205 205 207 210 211 211 213 216 217 217 219 222 223 223 225 228 229 229 231 234 235 235 237 240 241 241 243 245 245 247 250 251 251 253 256 257 257 259 261 261 264 264 266 267 270 270 272 273 276 276 278 279 282 282 284 285 288 288 290 291 294 294 296 297 300 301 301 303 306 307 307 309 312 313 313 315 318 319 319 321 324 325 325 327 330 331 331 333 335 337 337 337 339 339 341 343 345 345 347 350 351 351 351 353 356 357 359 359 361 363 365 365 367 369 371 371 373 375 377 377 379 381 383 383 386 386 388 389 392 392 394 395 398 398 400 401 404 404 406 407 410 410 412 413 416 416 418 419 422 422 424 425 428 428 430 431 433 433 435 435 437 440 442 443 443 445 448 449 449 451 454 455 455 457 457 459 462 463 465 465 467 469 471 471 473 475 477 477 479 481 483 483 485 485 487 490 491 493 493 495 498 499 499 501 504 505 505 507 509 511 511 513 515 517 517 519 521 523 523 525 527 529 529 531 533 535 535 537 537 539 541 543 545 547 549 549 551 554 557 65535
0 0 4 6 8 10 12 12 13 16 16 18 20 20 22 24 27 65535
0 4 6 6 8 10 12 12 14 16 18 18 20 21 23 26 26 26 28 30 32 34 34 36 38 40 40 42 44 46 46 48 50 52 52 54 56 58 58 59 62 62 64 66 66 68 69 72 72 74 75 78 78 81 65535
0 0 0 0 3 5 7 9 9 11 13 15 15 17 17 20 21 23 23 25 27 29 29 32 32 34 34 36 36 38 40 42 42 44 46 46 48 48 48 50 52 54 54 56 57 60 60 61 64 64 65 68 68 70 72 74 76 78 80 82 82 84 85 88 88 90 92 92 94 95 98 98 100 101 104 104 106 106 108 110 111 111 113 116 117 117 117 119 119 121 123 125 125 127 129 131 131 131 133 136 136 137 140 141 143 143 145 148 149 149 149 149 151 153 153 156 157 159 159 161 161 163 163 165 167 167 170 171 173 173 176 176 178 179 182 182 184 184 186 187 189 192 192 193 193 193 195 197 197 199 202 203 203 205 207 207 209 212 213 213 215 218 219 219 221 224 225 225 227 230 231 231 233 236 237 237 239 242 243 243 245 248 249 249 251 253 253 255 258 259 259 261 264 265 265 267 270 271 271 273 276 277 277 279 281 281 283 286 287 289 289 291 294 296 298 298 299 299 301 304 305 308 308 310 310 312 312 313 316 316 318 320 322 323 323 326 326 326 328 328 329 331 333 335 335 337 337 340 341 341 343 345 347 347 349 351 353 353 355 355 358 359 361 363 363 366 366 367 369 369 371 373 375 375 377 379 381 381 383 385 385 387 389 391 391 393 395 397 397 397 397 399 399 401 403 405 405 408 409 409 411 413 415 415 417 419 419 421 423 425 425 427 429 431 431 431 431 433 435 435 437 439 439 441 443 445 445 448 449 449 451 454 455 457 457 459 461 463 463 465 468 469 469 471 473 473 475 477 477 480 481 481 483 485 487 487 489 491 491 493 495 497 497 500 501 501 503 505 505 507 509 511 511 513 516 517 517 517 519 521 523 523 525 527 531 65535
0 0 0 0 0 0 0 0 0 0 0 0 0 0 4 6 7 10 10 12 13 16 16 18 20 22 24 24 26 26 28 29 32 32 34 35 38 38 40 42 42 44 45 48 48 50 52 54 54 56 58 60 60 62 64 66 66 68 70 70 72 73 76 76 78 79 82 82 83 86 86 88 90 92 92 94 96 98 98 100 102 104 105 105 108 108 110 111 114 114 116 117 120 120 122 124 124 126 128 130 130 132 133 136 136 138 140 142 142 144 146 146 148 150 152 152 154 156 158 158 160 162 162 164 166 167 170 170 172 172 174 176 178 178 180 182 184 184 186 187 190 190 192 193 196 196 198 200 200 202 203 206 206 208 209 212 212 214 215 218 218 220 221 224 224 226 227 230 230 232 234 234 236 238 240 240 242 243 246 246 248 250 252 252 254 256 258 258 260 261 264 264 266 267 270 270 271 274 274 276 277 280 280 282 284 286 286 288 290 291 293 293 296 296 297 299 301 301 303 305 307 307 309 311 311 313 315 317 317 319 322 323 323 325 328 329 329 331 334 335 335 338 339 339 341 344 345 345 347 349 349 351 354 355 355 357 359 361 361 363 365 367 367 369 371 373 373 375 377 377 379 381 383 383 385 387 389 389 391 394 395 395 397 399 401 401 403 406 407 407 409 412 413 413 416 417 417 419 422 423 423 425 427 429 429 431 433 435 435 438 438 440 440 442 442 444 445 448 448 450 452 452 454 455 458 458 460 462 464 464 466 467 470 470 472 473 476 476 478 479 482 482 484 486 486 488 489 492 492 494 496 498 498 500 501 504 504 506 508 510 510 511 514 514 516 517 520 520 522 523 526 526 528 530 530 532 533 536 536 538 539 542 542 544 545 548 548 550 551 554 554 556 557 560 560 562 564 564 566 567 570 570 571 573 575 575 577 580 581 581 583 586 587 587 589 592 593 593 595 597 597 599 601 603 603 605 607 609 609 612 612 613 613 616 616 618 620 621 624 624 626 626 628 629 632 632 634 635 638 638 640 642 642 643 646 646 648 650 652 652 654 656 658 658 660 662 663 666 666 668 668 670 671 674 674 676 677 680 680 681 684 684 686 688 690 690 692 693 696 696 698 699 702 702 704 705 708 708 710 712 714 714 716 718 718 718 720 722 724 724 726 728 730 730 732 733 736 736 738 738 739 742 742 744 746 746 748 749 752 754 754 756 756 758 759 762 762 764 765 768 768 770 771 774 774 776 777 780 780 782 784 784 786 787 790 790 792 794 796 796 798 800 802 804 804 806 806 808 810 812 812 814 816 818 818 820 822 822 824 826 828 828 830 832 834 834 836 838 840 840 842 844 846 848 848 850 850 852 853 856 856 858 859 862 862 863 865 865 867 870 871 871 873 876 877 877 879 882 883 883 885 888 889 889 892 894 894 896 898 900 900 902 904 906 906 908 909 909 909 911 913 915 915 917 920 921 921 923 926 927 927 929 932 933 933 935 937 937 939 942 943 943 945 948 949 949 951 953 953 953 955 957 959 959 961 963 965 965 967 970 971 971 973 976 977 977 979 982 983 983 986 986 988 988 990 992 994 994 996 998 1000 1000 1002 1003 1006 1008 1008 1010 1010 1012 1014 1016 1016 1018 1019 1022 1022 1023 1026 1026 1028 1029 1032 1032 1034 1036 1038 1038 1040 1042 1044 1044 1046 1048 1050 1050 1052 1053 1053 1053 1055 1057 1059 1059 1061 1064 1065 1065 1067 1070 1071 1071 1073 1076 1077 1077 1079 1082 1083 1083 1085 1087 1089 1089 1091 1091 1094 1094 1094 1096 1097 1100 1100 1102 1104 1106 1106 1108 1110 1111 1114 1114 1116 1116 1118 1119 1122 1122 1124 1125 1128 1128 1130 1132 1132 1134 1135 1138 1138 1140 1142 1144 1144 1146 1148 1148 1150 1152 1154 1154 1156 1158 1159 1162 1162 1164 1164 1166 1168 1170 1170 1172 1174 1176 1176 1178 1180 1180 1182 1184 1186 1186 1188 1190 1192 1192 1194 1196 1198 1198 1200 1201 1204 1204 1206 1207 1210 1210 1212 1214 1214 1216 1217 1220 1220 1222 1224 1226 1226 1228 1230 1232 1232 1234 1235 1238 1238 1240 1242 1244 1244 1246 1248 1250 1250 1252 1254 1254 1256 1258 1260 1262 1262 1264 1264 1266 1268 1270 1270 1272 1274 1276 1276 1278 1279 1282 1282 1284 1285 1288 1288 1290 1292 1292 1294 1296 1298 1300 1302 1302 1304 1305 1308 1308 1310 1311 1314 1314 1316 1317 1320 1320 1322 1323 1326 1326 1328 1330 1330 1332 1334 1334 1336 1336 1338 1338 1340 1340 1342 1344 1346 1346 1348 1350 1352 1352 1354 1356 1358 1358 1360 1362 1362 1364 1366 1367 1370 1370 1372 1372 1374 1376 1378 1378 1380 1381 1384 1384 1386 1387 1390 1390 1392 1393 1396 1396 1398 1400 1400 1402 1403 1406 1406 1408 1410 1412 1412 1414 1416 1418 1418 1420 1422 1424 1424 1426 1428 1430 1430 1432 1433 1436 1436 1438 1440 1440 1442 1444 1444 1446 1447 1450 1450 1452 1454 1456 1456 1458 1458 1460 1460 1462 1462 1464 1466 1468 1468 1470 1472 1472 1474 1476 1478 1478 1480 1481 1484 1484 1486 1487 1490 1490 1492 1493 1496 1496 1498 1500 1500 1502 1503 1506 1506 1508 1509 1512 1512 1514 1516 1518 1518 1520 1522 1524 1524 1525 1528 1528 1530 1532 1534 1534 1536 1537 1540 1540 1542 1543 1545 1548 1548 1550 1550 1552 1554 1556 1556 1558 1560 1562 1562 1564 1565 1568 1568 1570 1571 1574 1574 1575 1578 1578 1580 1582 1584 1584 1586 1587 1590 1590 1592 1594 1596 1596 1598 1600 1602 1602 1604 1605 1608 1608 1610 1611 1614 1614 1616 1618 1618 1619 1622 1622 1624 1625 1628 1628 1630 1631 1634 1634 1636 1637 1640 1640 1642 1643 1646 1646 1648 1649 1652 1652 1654 1656 1656 1658 1660 1662 1662 1664 1666 1668 1668 1669 1672 1672 1674 1676 1678 1678 1680 1682 1684 1684 1685 1688 1688 1690 1691 1694 1694 1696 1697 1700 1700 1702 1704 1706 1708 1708 1710 1710 1712 1713 1716 1716 1718 1719 1722 1722 1723 1726 1726 1728 1730 1731 1731 1734 1734 1736 1738 1740 1740 1742 1744 1746 1746 1747 1750 1750 1752 1754 1756 1756 1758 1760 1762 1762 1764 1766 1766 1768 1770 1772 1772 1774 1775 1778 1778 1780 1782 1784 1784 1786 1787 1787 1790 1790 1792 1793 1796 1796 1798 1800 1800 1802 1803 1806 1806 1808 1809 1812 1812 1814 1815 1818 1818 1820 1821 1824 1824 1826 1828 1830 1830 1832 1834 1836 1836 1837 1840 1840 1842 1843 1846 1846 1848 1849 1852 1852 1854 1856 1858 1858 1860 1860 1862 1864 1864 1866 1868 1870 1870 1872 1874 1874 1876 1877 1880 1880 1882 1883 1886 1886 1888 1890 1892 1892 1894 1896 1898 1898 1900 1901 1904 1904 1906 1907 1910 1910 1912 1913 1913 1916 1916 1916 1918 1918 1920 1920 1920 1922 1922 1924 1926 1926 1928 1930 1932 1932 1934 1936 1938 1938 1940 1942 1944 1944 1946 1948 1948 1950 1952 1954 1956 1956 1958 1960 1962 1962 1964 1966 1966 1968 1970 1972 1972 1974 1976 1978 1978 1980 1982 1982 1984 1986 1986 1988 1989 1992 1992 1994 1996 1998 2000 2000 2002 2004 2006 2006 2008 2010 2010 2012 2013 2016 2016 2018 2019 2022 2022 2024 2026 2026 2028 2030 2032 2032 2034 2036 2038 2038 2040 2042 2044 2044 2046 2048 2050 2050 2052 2053 2056 2056 2057 2059 2059 2062 2062 2064 2064 2066 2068 2070 2070 2072 2074 2076 2076 2078 2080 2082 2082 2084 2084 2085 2085 2088 2088 2090 2091 2094 2094 2096 2097 2097 2099 2101 2103 2103 2105 2107 2109 2109 2111 2114 2115 2115 2117 2120 2121 2121 2123 2126 2127 2127 2129 2131 2131 2133 2136 2137 2137 2139 2141 2143 2143 2145 2148 2149 2149 2151 2153 2155 2155 2158 2159 2159 2161 2164 2165 2165 2167 2170 2171 2171 2173 2175 2177 2177 2179 2182 2183 2183 2185 2187 2187 2189 2192 2193 2193 2195 2198 2199 2199 2201 2203 2205 2205 2207 2209 2211 2211 2213 2216 2217 2217 2219 2221 2223 2223 2226 2228 2228 2230 2231 2234 2234 2236 2237 2240 2240 2242 2244 2246 2246 2248 2250 2252 2252 2254 2256 2258 2258 2260 2262 2264 2264 2266 2268 2268 2268 2268 2270 2272 2272 2274 2276 2278 2278 2280 2282 2284 2284 2285 2288 2288 2290 2291 2294 2294 2296 2297 2300 2300 2302 2304 2304 2306 2308 2309 2312 2312 2314 2315 2318 2318 2320 2322 2324 2324 2326 2328 2328 2330 2332 2334 2334 2336 2338 2340 2340 2342 2344 2344 2346 2348 2350 2350 2352 2354 2356 2356 2358 2360 2362 2362 2364 2365 2368 2368 2370 2371 2371 2374 2375 2375 2377 2379 2381 2381 2383 2386 2387 2387 2389 2391 2393 2393 2395 2398 2399 2399 2401 2404 2405 2405 2407 2410 2411 2411 2414 2414 2416 2416 2418 2419 2422 2422 2424 2426 2428 2428 2430 2432 2434 2434 2436 2437 2440 2440 2442 2443 2446 2446 2448 2450 2450 2452 2454 2456 2456 2458 2460 2462 2462 2464 2466 2468 2468 2470 2471 2474 2474 2475 2478 2478 2480 2481 2484 2484 2486 2487 2490 2490 2490 2490 2492 2494 2494 2496 2498 2500 2500 2502 2504 2506 2506 2508 2510 2510 2512 2514 2516 2518 2518 2518 2520 2522 2524 2524 2526 2528 2528 2530 2532 2534 2534 2536 2538 2540 2540 2542 2544 2546 2546 2548 2549 2552 2552 2554 2555 2558 2560 2560 2560 2562 2563 2566 2566 2568 2570 2570 2570 2572 2574 2576 2576 2578 2580 2582 2582 2584 2586 2588 2588 2589 2592 2592 2594 2595 2598 2598 2600 2601 2604 2604 2606 2608 2608 2610 2611 2614 2614 2616 2617 2620 2620 2622 2623 2626 2626 2628 2629 2632 2632 2634 2636 2636 2636 2638 2639 2642 2642 2644 2646 2648 2648 2650 2652 2654 2654 2656 2658 2660 2660 2662 2664 2664 2666 2668 2668 2670 2672 2674 2674 2676 2678 2680 2680 2682 2684 2684 2686 2688 2690 2690 2692 2694 2696 2696 2698 2700 2700 2702 2703 2706 2706 2708 2710 2712 2712 2714 2716 2718 2718 2720 2722 2724 2724 2726 2728 2730 2730 2732 2734 2734 2736 2738 2740 2740 2742 2744 2746 2746 2748 2749 2752 2752 2754 2755 2758 2758 2759 2762 2762 2764 2766 2768 2768 2770 2772 2774 2774 2776 2778 2780 2780 2782 2784 2786 2786 2788 2788 2790 2790 2790 2792 2793 2796 2796 2798 2800 2802 2802 2804 2805 2808 2808 2810 2812 2814 2814 2815 2818 2818 2820 2820 2822 2824 2824 2826 2828 2830 2830 2832 2834 2834 2836 2838 2840 2840 2842 2844 2846 2846 2848 2850 2852 2852 2854 2856 2858 2858 2860 2862 2864 2864 2866 2868 2868 2870 2872 2874 2874 2876 2878 2880 2880 2882 2884 2884 2886 2888 2890 2890 2892 2894 2896 2896 2898 2900 2900 2902 2903 2906 2906 2908 2910 2912 2912 2914 2916 2918 2918 2920 2922 2924 2924 2926 2928 2930 2930 2932 2934 2934 2936 2938 2940 2940 2942 2943 2946 2946 2948 2950 2952 2952 2954 2956 2958 2958 2960 2962 2962 2964 2966 2968 2968 2970 2971 2974 2974 2976 2978 2980 2980 2982 2984 2984 2986 2988 2990 2990 2992 2994 2996 2996 2998 3000 3000 3002 3004 3004 3006 3007 3010 3010 3012 3014 3015 3018 3018 3020 3022 3024 3024 3026 3028 3030 3030 3031 3034 3034 3036 3038 3040 3040 3042 3044 3046 3046 3048 3049 3052 3052 3054 3056 3058 3058 3060 3061 3064 3064 3066 3067 3070 3070 3072 3074 3076 3076 3078 3080 3080 3082 3084 3086 3086 3088 3090 3090 3092 3094 3096 3096 3098 3100 3102 3102 3104 3105 3108 3110 3110 3112 3112 3114 3116 3118 3118 3120 3122 3124 3124 3125 3128 3128 3130 3132 3134 3134 3136 3137 3140 3140 3142 3143 3146 3146 3148 3149 3152 3152 3154 3155 3158 3158 3160 3162 3162 3164 3166 3168 3168 3170 3172 3174 3176 3176 3178 3178 3180 3181 3184 3184 3186 3187 3190 3190 3192 3194 3194 3196 3197 3200 3200 3202 3203 3206 3206 3208 3209 3212 3212 3214 3215 3218 3218 3220 3221 3224 3224 3226 3227 3230 3230 3232 3234 3234 3236 3237 3240 3240 3242 3244 3246 3246 3248 3250 3252 3252 3254 3255 3258 3258 3260 3261 3264 3264 3266 3268 3268 3270 3272 3274 3274 3276 3277 3280 3280 3282 3284 3286 3286 3288 3289 3292 3292 3294 3296 3298 3298 3300 3302 3302 3304 3305 3308 3308 3310 3311 3314 3314 3316 3317 3317 3320 3320 3321 3324 3324 3326 3327 3330 3330 3332 3333 3336 3336 3338 3340 3340 3342 3344 3345 3348 3348 3350 3351 3354 3354 3356 3357 3360 3360 3361 3364 3364 3366 3368 3370 3370 3372 3373 3376 3376 3377 3380 3380 3380 3380 3380 3382 3383 3386 3386 3388 3390 3392 3392 3394 3395 3398 3398 3400 3401 3404 3404 3406 3407 3410 3410 3412 3414 3414 3416 3417 3420 3420 3422 3423 3426 3426 3428 3429 3432 3434 3434 3436 3436 3438 3440 3442 3442 3444 3446 3448 3448 3450 3452 3452 3454 3455 3458 3458 3460 3462 3464 3464 3466 3467 3470 3470 3472 3473 3476 3476 3477 3480 3480 3482 3484 3486 3486 3488 3489 3492 3492 3494 3495 3498 3498 3500 3501 3504 3504 3505 3508 3508 3510 3512 3512 3514 3515 3518 3518 3520 3521 3524 3524 3526 3527 3530 3530 3532 3533 3536 3536 3538 3540 3540 3542 3544 3546 3546 3548 3550 3552 3552 3554 3555 3558 3558 3560 3561 3564 3564 3566 3568 3568 3570 3572 3574 3574 3576 3578 3580 3580 3582 3583 3585 3588 3588 3590 3590 3592 3593 3596 3596 3598 3599 3602 3602 3604 3606 3606 3608 3609 3612 3612 3614 3615 3618 3618 3620 3622 3624 3624 3626 3627 3630 3630 3632 3633 3636 3636 3637 3640 3640 3642 3644 3644 3646 3648 3650 3650 3652 3653 3656 3658 3658 3660 3660 3662 3663 3666 3666 3668 3669 3672 3672 3674 3676 3676 3678 3679 3682 3682 3684 3685 3688 3688 3690 3692 3694 3694 3696 3698 3700 3700 3702 3704 3706 3706 3708 3710 3710 3712 3714 3716 3716 3718 3720 3721 3724 3724 3726 3728 3730 3730 3732 3733 3736 3736 3738 3739 3742 3742 3744 3746 3746 3748 3749 3752 3752 3754 3755 3758 3758 3760 3761 3764 3766 3766 3768 3768 3770 3772 3774 3774 3776 3777 3780 3780 3782 3784 3784 3786 3788 3789 3792 3792 3794 3795 3798 3798 3800 3801 3804 3804 3806 3807 3810 3810 3811 3813 3813 3815 3818 3819 3819 3821 3824 3825 3825 3827 3830 3831 3831 3833 3836 3836 3836 3838 3839 3842 3842 3844 3845 3848 3848 3850 3851 3854 3854 3856 3857 3860 3860 3862 3863 3866 3866 3868 3869 3872 3872 3874 3875 3878 3878 3880 3882 3882 3884 3885 3888 3888 3890 3891 3894 3894 3896 3897 3900 3900 3902 3903 3906 3908 3908 3908 3909 3912 3912 3914 3915 3918 3918 3920 3921 3924 3924 3926 3928 3930 3930 3931 3934 3934 3936 3937 3940 3940 3942 3944 3946 3946 3948 3949 3952 3952 3954 3955 3958 3958 3960 3962 3962 3964 3965 3968 3968 3970 3971 3974 3974 3976 3977 3980 3980 3982 3983 3986 3986 3988 3989 3992 3992 3994 3996 3996 3998 3999 4002 4002 4004 4005 4008 4008 4010 4012 4014 4014 4016 4018 4018 4020 4022 4024 4024 4026 4027 4030 4030 4032 4033 4036 4036 4037 4040 4040 4042 4044 4044 4046 4047 4050 4050 4052 4053 4056 4056 4058 4060 4062 4062 4064 4065 4068 4068 4070 4071 4074 4074 4076 4078 4078 4080 4082 4084 4086 4086 4088 4090 4091 4094 4094 4096 4096 4098 4099 4102 4102 4104 4105 4108 4108 4110 4112 4112 4114 4115 4118 4118 4120 4121 4124 4124 4126 4127 4130 4130 4132 4133 4136 4136 4138 4140 4140 4142 4144 4146 4146 4148 4149 4152 4152 4154 4156 4158 4158 4160 4162 4164 4164 4166 4168 4170 4170 4171 4174 4174 4176 4177 4180 4180 4182 4183 4186 4186 4188 4190 4192 4192 4194 4195 4198 4198 4200 4201 4204 4204 4206 4208 4208 4210 4211 4214 4214 4216 4217 4220 4220 4222 4223 4226 4226 4228 4229 4232 4232 4234 4235 4238 4238 4240 4241 4244 4244 4246 4248 4248 4250 4251 4254 4254 4256 4258 4260 4260 4262 4263 4266 4266 4268 4269 4272 4272 4273 4276 4276 4278 4279 4282 4282 4284 4285 4288 4288 4290 4291 4294 4294 4296 4298 4298 4300 4302 4304 4304 4306 4306 4308 4310 4310 4312 4313 4316 4316 4318 4319 4322 4322 4324 4326 4326 4328 4330 4332 4332 4334 4335 4338 4338 4340 4341 4344 4344 4346 4347 4350 4350 4352 4354 4354 4356 4357 4360 4360 4362 4363 4366 4366 4368 4369 4372 4372 4374 4375 4378 4378 4380 4382 4384 4384 4386 4388 4388 4390 4391 4394 4394 4396 4398 4400 4400 4402 4403 4406 4406 4408 4410 4412 4412 4413 4416 4416 4418 4420 4420 4422 4423 4426 4426 4428 4429 4432 4432 4434 4435 4438 4438 4440 4442 4442 4444 4445 4448 4448 4450 4451 4454 4454 4456 4457 4460 4460 4462 4463 4466 4466 4468 4469 4472 4472 4474 4476 4476 4478 4480 4482 4482 4484 4485 4488 4488 4490 4491 4494 4494 4496 4498 4498 4500 4502 4504 4504 4506 4507 4510 4510 4512 4513 4516 4516 4517 4520 4520 4522 4524 4526 4526 4528 4530 4532 4532 4534 4535 4538 4538 4540 4541 4544 4544 4546 4548 4548 4550 4552 4554 4554 4556 4557 4560 4560 4562 4563 4566 4566 4568 4570 4570 4572 4573 4576 4576 4578 4579 4582 4582 4584 4585 4588 4588 4590 4591 4594 4594 4595 4598 4598 4600 4602 4604 4606 4606 4608 4610 4612 4612 4614 4616 4616 4618 4619 4622 4622 4624 4626 4628 4628 4630 4632 4634 4634 4636 4637 4640 4640 4642 4644 4644 4646 4648 4650 4650 4652 4653 4656 4656 4657 4660 4660 4662 4663 4666 4666 4668 4669 4672 4672 4674 4676 4676 4678 4679 4682 4682 4683 4685 4688 4689 4689 4691 4693 4695 4695 4697 4699 4701 4701 4703 4706 4707 4707 4709 4711 4713 4713 4715 4717 4719 4719 4721 4723 4725 4725 4727 4729 4729 4731 4733 4735 4735 4737 4739 4741 4741 4743 4745 4747 4747 4749 4751 4753 4753 4755 4757 4757 4759 4762 4763 4763 4765 4767 4769 4769 4771 4774 4775 4775 4778 4778 4779 4779 4781 4783 4785 4785 4787 4789 4791 4791 4793 4796 4797 4797 4799 4801 4803 4803 4805 4807 4809 4809 4811 4813 4813 4815 4817 4819 4819 4821 4824 4825 4825 4827 4830 4831 4831 4833 4836 4837 4837 4839 4841 4841 4843 4845 4847 4847 4849 4852 4853 4853 4855 4857 4859 4859 4861 4863 4865 4865 4867 4869 4869 4871 4874 4875 4875 4877 4879 4881 4881 4883 4885 4887 4887 4889 4891 4893 4893 4895 4897 4897 4899 4901 4903 4903 4905 4908 4909 4909 4911 4914 4915 4915 4917 4919 4921 4921 4923 4925 4927 4927 4929 4932 4933 4933 4935 4937 4939 4939 4941 4943 4945 4945 4947 4950 4951 4951 4953 4955 4957 4957 4959 4961 4963 4963 4965 4967 4967 4969 4971 4973 4973 4975 4978 4979 4979 4981 4984 4985 4985 4987 4990 4991 4991 4993 4995 4995 4997 4999 5001 5001 5003 5005 5007 5007 5009 5012 5013 5013 5015 5018 5019 5019 5021 5023 5023 5025 5027 5029 5029 5031 5033 5035 5035 5037 5039 5041 5041 5043 5045 5045 5047 5049 5052 5053 5053 5055 5057 5059 5059 5061 5063 5065 5065 5067 5069 5069 5071 5073 5075 5075 5077 5079 5082 5084 5084 5085 5085 5087 5087 5089 5089 5091 5094 5095 5095 5097 5099 5101 5101 5103 5106 5107 5107 5109 5111 5113 5113 5115 5117 5119 5119 5121 5123 5125 5125 5127 5129 5129 5131 5134 5135 5135 5137 5140 5141 5141 5143 5146 5147 5147 5149 5151 5151 5153 5155 5157 5157 5159 5161 5163 5163 5165 5167 5169 5169 5171 5174 5175 5175 5177 5179 5179 5181 5183 5185 5185 5187 5190 5191 5191 5194 5195 5195 5197 5199 5199 5201 5201 5203 5205 5207 5207 5211 65535
0 4 6 8 8 9 12 12 14 16 18 18 20 22 24 24 26 28 30 30 32 34 36 36 38 40 40 42 44 46 48 48 50 51 54 54 56 58 60 60 62 64 66 66 68 70 70 72 74 76 78 78 80 82 84 84 86 87 90 90 92 94 96 96 98 100 100 102 104 106 106 108 110 112 112 114 116 118 118 120 122 124 124 126 128 128 130 132 134 134 136 138 140 140 142 144 146 146 148 150 152 152 154 156 156 158 159 162 162 164 166 168 168 170 172 174 174 176 178 180 180 182 184 186 186 188 190 190 192 194 196 196 198 200 202 202 204 206 208 208 210 212 214 214 216 218 220 220 221 224 224 226 228 230 230 232 234 236 236 238 239 242 242 244 245 248 248 250 252 254 254 256 258 258 260 262 264 264 266 268 270 270 272 274 276 276 278 280 282 282 284 286 288 288 290 292 292 294 296 297 300 300 302 302 304 306 308 308 310 311 314 314 316 318 320 320 322 324 326 326 328 330 330 332 334 336 336 338 340 342 342 344 346 348 348 350 352 354 354 356 358 358 360 362 364 364 366 368 370 370 372 374 376 376 378 379 382 382 384 386 388 388 390 392 392 394 396 398 398 400 402 404 404 406 408 410 410 412 414 416 416 418 420 420 422 424 426 426 428 430 432 432 434 435 438 438 440 442 444 444 446 448 450 450 452 454 454 456 458 460 460 462 464 466 466 468 469 472 472 474 476 478 478 480 482 484 484 486 488 488 490 492 494 494 496 498 500 500 502 503 506 506 508 509 512 512 514 516 516 518 520 522 522 524 526 528 528 530 532 534 534 536 538 540 540 542 544 546 546 548 550 550 552 554 556 556 558 560 562 562 564 566 568 568 570 572 572 574 576 577 580 580 582 582 584 586 588 588 590 592 594 594 596 598 600 600 602 604 606 606 608 610 610 612 613 616 616 618 619 622 622 624 626 628 628 630 632 634 634 636 638 640 640 642 644 644 646 648 650 650 652 654 656 656 658 660 662 662 664 666 666 668 670 672 672 674 676 678 678 680 682 684 684 686 688 690 690 692 692 694 694 696 698 700 700 702 704 706 706 708 710 712 712 714 716 718 718 720 722 724 724 726 728 730 730 732 734 734 736 736 736 738 740 742 742 744 746 748 748 750 752 754 754 756 758 760 760 762 764 766 766 768 770 770 772 774 775 778 778 778 780 782 784 784 786 788 790 790 792 792 794 795 798 798 800 801 804 804 806 808 810 810 812 814 816 816 818 820 820 822 824 826 826 828 829 832 832 834 835 838 838 840 842 844 844 846 847 850 850 852 853 856 856 858 860 860 861 864 864 866 868 869 872 872 874 876 878 878 880 881 884 884 886 888 890 890 892 894 896 896 898 900 900 902 902 904 907 65535
0 0 4 6 8 8 10 11 14 14 16 18 20 20 22 24 26 26 28 30 32 32 34 36 38 38 40 42 44 44 46 48 50 50 52 54 56 56 58 60 62 62 64 66 68 68 70 72 74 74 76 79 65535
0 0 4 6 8 8 10 11 14 14 16 18 20 20 22 24 26 26 28 30 32 32 33 35 35 37 37 40 40 42 42 44 44 46 46 48 48 50 50 52 52 54 54 56 56 58 58 60 60 62 62 64 66 68 68 69 73 65535
0 0 4 6 8 8 10 12 14 14 16 18 20 20 22 24 26 26 28 30 32 32 34 36 38 38 40 41 44 44 46 47 50 50 52 54 56 56 58 60 62 62 64 65 68 68 70 72 74 74 76 78 80 80 82 84 86 86 88 90 92 92 94 96 98 98 100 102 104 104 106 108 111 65535
0 0 4 6 8 8 10 12 14 14 16 17 20 20 22 24 26 26 28 30 32 32 34 36 38 38 40 42 44 44 46 48 50 50 52 54 56 56 58 60 62 62 64 66 68 68 70 72 74 74 76 78 80 80 82 84 86 86 88 90 92 92 94 96 98 98 100 102 102 104 106 106 108 108 110 112 114 114 116 118 120 120 122 124 126 126 128 130 132 132 134 136 138 138 140 142 144 144 146 148 150 150 152 153 156 156 158 160 162 162 164 166 168 168 170 172 174 174 176 178 178 180 182 184 184 186 188 190 190 192 193 196 196 198 200 201 204 204 206 208 210 210 212 214 216 216 218 220 222 224 224 224 224 225 227 227 230 230 232 232 234 234 236 238 240 240 242 244 246 246 248 250 252 252 254 256 258 258 260 261 264 264 266 268 270 270 272 274 276 276 278 279 282 282 284 286 289 65535
0 3 6 7 7 9 12 13 15 15 18 19 21 21 23 26 27 29 29 32 33 35 35 38 39 41 41 43 43 46 47 49 49 52 53 55 55 58 59 61 61 63 65 67 67 70 71 73 73 76 77 79 79 81 83 83 86 87 89 89 92 93 95 95 98 99 101 101 104 105 107 107 110 111 113 113 116 117 119 119 121 123 123 126 127 129 129 131 133 135 135 138 139 141 141 144 145 147 147 150 151 153 153 155 157 159 159 162 163 165 165 168 169 171 171 174 175 175 178 179 181 181 184 185 187 187 190 191 193 193 196 197 199 199 202 203 205 205 208 209 211 211 214 215 217 217 220 222 223 226 226 227 227 230 231 233 233 236 237 239 239 242 243 245 245 248 249 251 251 253 256 257 259 259 262 263 265 265 268 269 271 271 274 275 277 277 280 281 283 283 286 287 289 289 292 293 295 295 298 299 301 301 304 305 307 307 309 311 311 314 315 317 317 320 321 323 323 326 327 329 329 332 333 336 337 337 339 339 342 343 345 345 348 349 351 351 354 355 357 357 360 361 363 363 366 367 369 369 371 373 375 377 377 380 381 383 383 386 387 389 389 392 393 395 395 398 399 401 401 403 403 405 408 409 411 411 414 415 417 417 420 421 423 423 426 427 429 429 432 433 435 435 438 439 441 441 444 445 447 447 450 451 453 453 456 457 459 459 462 463 465 465 468 469 471 471 474 475 477 477 480 481 483 483 486 487 489 489 492 493 495 495 497 499 502 503 503 505 507 509 509 512 513 513 515 517 520 521 521 523 523 525 528 529 529 531 534 535 535 537 540 541 541 544 545 545 547 550 551 551 553 556 557 557 559 562 563 563 565 568 569 569 571 573 576 577 577 579 579 581 584 585 585 587 590 591 591 593 595 598 599 599 599 601 604 605 605 607 610 611 611 613 616 617 617 619 622 623 623 625 628 629 629 631 634 635 635 637 640 641 641 643 645 647 647 649 652 653 653 655 658 659 659 661 664 665 665 667 670 671 671 673 676 677 677 679 682 683 683 685 687 689 689 691 693 695 695 697 700 701 701 703 706 707 707 709 712 713 713 715 717 719 719 721 724 725 725 727 730 731 731 733 735 737 737 740 741 741 743 746 747 747 749 752 753 753 755 758 759 759 761 764 766 767 767 767 769 772 773 773 775 778 779 779 781 784 785 785 787 790 791 791 793 796 797 797 799 802 803 803 805 808 809 809 811 814 815 815 817 819 822 823 823 825 825 827 830 831 831 833 835 837 837 839 842 843 843 845 847 850 851 851 853 853 855 858 859 859 861 864 865 865 867 870 871 871 873 876 877 877 880 881 881 883 886 887 887 889 892 893 893 895 898 899 899 901 904 905 905 907 909 909 911 913 915 915 917 920 921 921 923 926 927 927 929 932 933 933 935 937 939 939 941 944 945 945 947 949 951 951 953 956 957 957 959 961 963 963 965 968 969 969 971 974 975 975 977 980 981 981 983 986 987 987 989 992 993 993 995 998 999 999 1001 1004 1005 1005 1007 1010 1011 1011 1013 1016 1017 1017 1019 1022 1023 1023 1025 1028 1029 1029 1031 1034 1035 1035 1037 1040 1041 1041 1043 1046 1047 1047 1049 1052 1053 1053 1055 1058 1059 1059 1061 1064 1065 1065 1067 1070 1071 1071 1073 1075 1077 1077 1080 1081 1081 1083 1085 1087 1087 1089 1092 1093 1093 1095 1098 1099 1099 1101 1103 1105 1105 1107 1110 1111 1111 1113 1116 1117 1117 1119 1122 1123 1123 1125 1128 1129 1129 1131 1134 1135 1135 1137 1140 1141 1141 1143 1146 1147 1147 1149 1152 1153 1153 1155 1158 1159 1159 1161 1164 1165 1165 1167 1170 1171 1171 1173 1176 1177 1177 1179 1182 1183 1183 1185 1188 1189 1189 1191 1194 1195 1195 1197 1200 1201 1201 1203 1206 1207 1207 1209 1212 1213 1213 1215 1218 1219 1219 1221 1224 1225 1225 1227 1229 1231 1231 1233 1236 1237 1237 1239 1242 1243 1243 1245 1248 1249 1249 1251 1254 1255 1255 1257 1260 1261 1261 1263 1266 1267 1267 1269 1271 1273 1273 1275 1278 1279 1279 1281 1284 1285 1285 1287 1290 1291 1291 1293 1296 1297 1297 1299 1302 1303 1303 1305 1308 1309 1309 1311 1313 1315 1315 1318 1319 1319 1321 1323 1326 1327 1327 1330 1331 1331 1333 1335 1337 1337 1339 1342 1343 1343 1345 1347 1349 1349 1351 1353 1355 1355 1357 1359 1361 1361 1363 1365 1367 1367 1369 1371 1373 1373 1375 1378 1379 1379 1381 1384 1385 1385 1387 1389 1391 1391 1393 1396 1397 1397 1399 1401 1403 1403 1405 1407 1409 1409 1411 1413 1415 1415 1417 1419 1421 1423 1423 1423 1425 1427 1429 1429 1431 1433 1435 1435 1437 1440 1441 1441 1443 1445 1447 1447 1449 1452 1453 1453 1455 1458 1459 1459 1461 1463 1465 1465 1467 1469 1471 1471 1473 1475 1475 1477 1479 1481 1481 1483 1486 1487 1487 1489 1491 1493 1493 1495 1498 1499 1499 1501 1503 1505 1505 1507 1510 1511 1511 1513 1516 1517 1517 1519 1521 1523 1523 1525 1528 1529 1529 1531 1534 1535 1535 1537 1539 1541 1541 1543 1545 1547 1547 1549 1551 1553 1553 1556 1557 1557 1559 1561 1563 1563 1565 1567 1569 1569 1571 1573 1575 1575 1577 1579 1581 1581 1583 1585 1585 1587 1589 1591 1591 1593 1596 1597 1597 1599 1601 1603 1603 1605 1607 1609 1609 1611 1613 1615 1615 1617 1619 1621 1621 1623 1625 1627 1627 1629 1631 1633 1633 1635 1638 1639 1639 1641 1643 1645 1645 1647 1650 1651 1651 1653 1656 1657 1657 1659 1661 1663 1663 1665 1667 1669 1669 1671 1673 1675 1675 1677 1679 1681 1681 1683 1685 1687 1687 1689 1692 1693 1693 1695 1697 1699 1701 1701 1701 1703 1705 1707 1707 1709 1711 1713 1713 1715 1717 1719 1719 1721 1724 1725 1725 1727 1729 1731 1731 1733 1735 1737 1737 1739 1742 1743 1743 1745 1747 1749 1749 1751 1753 1755 1755 1757 1760 1761 1761 1763 1765 1767 1767 1769 1772 1773 1773 1775 1777 1779 1779 1781 1784 1785 1785 1787 1789 1791 1791 1793 1795 1797 1797 1799 1801 1803 1803 1805 1808 1809 1809 1811 1813 1815 1815 1817 1819 1821 1821 1823 1825 1827 1827 1829 1831 1833 1833 1835 1837 1839 1839 1841 1843 1845 1845 1847 1849 1851 1851 1853 1855 1857 1857 1859 1861 1863 1863 1865 1867 1869 1869 1871 1873 1875 1875 1877 1880 1881 1881 1883 1885 1887 1887 1889 1891 1893 1893 1895 1897 1900 1901 1901 1903 1905 1907 1907 1909 1911 1913 1913 1915 1917 1919 1919 1921 1924 1925 1925 1927 1930 1931 1931 1933 1935 1938 1939 1939 1939 1941 1943 1945 1945 1947 1949 1952 1953 1953 1955 1958 1959 1959 1961 1964 1965 1967 1967 1967 1969 1971 1973 1973 1975 1977 1979 1979 1983 65535
0 3 5 7 9 9 12 13 15 15 18 19 21 21 24 25 27 27 30 31 33 33 35 37 39 39 42 43 45 45 48 49 51 51 54 55 57 57 59 61 63 63 66 67 69 69 72 73 75 75 79 65535

0 4 6 8 8 10 11 14 14 16 18 20 20 22 23 26 26 28 30 32 32 34 36 38 38 40 42 44 46 48 48 50 52 54 54 56 58 60 62 62 64 64 65 68 68 70 72 74 74 76 78 80 82 82 84 85 87 90 90 92 93 96 96 98 98 98 99 102 102 104 104 106 108 110 110 112 114 116 116 118 119 122 122 124 125 128 128 130 132 134 134 136 137 140 140 142 143 146 146 148 149 152 152 154 155 158 158 160 161 164 164 166 167 170 170 172 174 176 176 178 179 182 182 184 185 188 190 190 190 192 194 196 196 198 199 202 202 204 206 208 208 210 211 214 214 216 218 220 220 222 224 226 226 228 230 232 234 236 236 238 240 242 242 244 246 248 248 250 252 254 254 256 257 260 260 262 263 266 266 268 269 272 272 274 276 278 280 280 282 283 286 286 288 289 292 292 294 296 298 298 300 302 304 304 306 308 309 312 312 312 314 315 318 318 320 321 324 324 326 327 330 330 332 334 336 336 338 340 342 342 344 345 348 348 350 352 354 354 356 358 360 360 362 364 366 366 368 370 372 372 374 376 378 378 380 382 384 384 386 387 390 390 392 393 396 398 398 398 400 402 404 404 406 408 410 410 412 413 416 418 418 418 420 421 424 424 426 427 430 430 432 434 436 436 438 440 442 442 444 446 448 448 449 452 452 454 456 458 458 460 462 464 464 466 468 470 470 472 474 476 476 478 479 482 482 484 485 488 488 490 491 494 494 496 498 500 500 502 503 506 506 508 509 512 512 514 515 518 518 520 522 524 524 526 527 530 530 532 533 536 538 540 540 540 542 542 544 546 548 548 550 551 554 554 556 558 560 562 562 562 564 565 568 568 570 572 574 574 576 578 580 580 582 584 586 586 588 589 592 592 594 596 598 598 600 601 604 604 606 608 610 610 612 614 616 616 618 620 620 622 624 624 626 627 630 630 632 634 636 636 638 640 642 642 644 646 648 648 650 652 654 654 656 658 660 660 661 664 665 667 667 670 672 673 675 675 678 678 679 681 681 683 685 688 689 689 691 693 695 695 697 700 701 701 705 65535
0 4 6 8 8 10 11 14 14 16 18 20 20 22 23 26 26 28 30 32 32 34 36 38 38 40 42 44 46 48 48 50 52 54 54 56 58 60 62 62 64 64 65 68 68 70 72 74 74 76 78 80 82 82 84 85 87 90 90 92 93 96 96 98 98 98 99 102 102 104 104 106 108 110 110 112 114 116 116 118 119 122 122 124 125 128 128 130 132 134 134 136 137 140 140 142 143 146 146 148 149 152 152 154 155 158 158 160 161 164 164 166 167 170 170 172 174 176 176 178 179 182 182 184 185 188 190 190 190 192 194 196 196 198 199 202 202 204 206 208 208 210 211 214 214 216 218 220 220 222 224 226 226 228 230 232 234 236 236 238 240 242 242 244 246 248 248 250 252 254 254 256 257 260 260 262 263 266 266 268 269 272 272 274 276 278 280 280 282 283 286 286 288 289 292 292 294 296 298 298 300 302 304 304 306 308 309 312 312 312 314 315 318 318 320 321 324 324 326 327 330 330 332 334 336 336 338 340 342 342 344 345 348 348 350 352 354 354 356 358 360 360 362 364 366 366 368 370 372 372 374 376 378 378 380 382 384 384 386 387 390 390 392 393 396 398 398 398 400 402 404 404 406 408 410 410 412 413 416 418 418 418 420 421 424 424 426 427 430 430 432 434 436 436 438 440 442 442 444 446 448 448 449 452 452 454 456 458 458 460 462 464 464 466 468 470 470 472 474 476 476 478 479 482 482 484 485 488 488 490 491 494 494 496 498 500 500 502 503 506 506 508 509 512 512 514 515 518 518 520 522 524 524 526 527 530 530 532 533 536 538 540 540 540 542 542 544 546 548 548 550 551 554 554 556 558 560 562 562 562 564 565 568 568 570 572 574 574 576 578 580 580 582 584 586 586 588 589 592 592 594 596 598 598 600 601 604 604 606 608 610 610 612 614 616 616 618 620 620 622 624 624 626 627 630 630 632 634 636 636 638 640 642 642 644 646 648 648 650 652 654 654 656 658 660 660 661 664 665 667 667 670 672 673 675 675 678 678 679 681 681 683 685 688 689 689 691 693 695 695 697 700 701 701 705 65535
0 0 3 5 7 7 9 12 13 13 15 18 19 19 21 23 25 25 27 29 31 31 33 36 37 37 39 42 43 43 45 48 49 49 51 54 55 55 57 60 61 61 63 66 67 67 69 71 73 76 76 77 77 79 82 83 83 85 87 89 89 91 94 95 95 97 100 101 101 103 106 107 107 109 112 113 113 115 118 119 119 121 124 125 125 127 130 131 131 133 136 137 137 139 142 143 143 145 147 149 149 151 154 155 155 157 159 161 161 163 166 167 167 169 172 173 173 175 178 179 179 181 184 185 185 187 190 191 191 193 196 197 197 199 202 203 203 205 208 209 209 211 213 213 215 215 217 217 219 219 221 221 223 225 227 227 229 232 233 233 235 238 239 239 241 244 245 245 247 249 251 251 253 255 257 257 259 262 263 263 265 267 269 269 271 274 275 275 277 280 281 281 283 285 287 287 289 291 293 293 295 298 299 299 301 304 305 305 307 310 311 311 313 315 317 317 319 322 323 323 325 328 329 329 331 334 335 335 337 340 341 341 344 345 345 348 349 349 351 354 355 355 357 360 361 361 363 365 367 367 369 372 373 373 375 378 379 379 381 384 385 385 387 390 391 391 393 396 397 397 400 401 401 403 406 407 407 409 411 413 413 415 418 419 419 421 424 425 425 427 430 431 431 433 435 437 437 439 442 443 443 445 447 449 449 451 454 455 455 457 459 461 461 463 465 467 467 469 472 473 473 475 478 479 479 481 484 485 485 487 490 490 493 65535
0 0 3 5 7 7 9 12 13 13 15 17 19 19 21 23 25 25 27 29 31 31 33 36 37 37 39 42 43 43 45 47 49 49 51 53 55 55 57 60 61 61 63 65 67 67 69 71 73 73 75 78 79 79 81 83 85 85 87 89 91 91 93 95 97 97 99 101 103 103 105 107 109 109 111 114 115 115 117 119 121 121 123 126 127 127 129 132 133 133 135 138 139 139 141 144 145 145 147 149 151 151 153 156 157 157 159 161 163 163 165 168 169 169 171 173 175 175 177 179 181 181 183 186 187 187 189 191 191 193 195 197 197 199 202 203 203 205 208 209 209 211 214 215 215 217 220 221 221 223 225 227 227 229 231 233 233 235 238 239 239 241 244 245 245 247 247 250 252 253 255 255 258 259 259 261 263 263 265 267 269 269 271 273 275 275 277 279 281 281 283 285 287 287 289 292 293 293 295 298 299 299 301 303 303 305 307 309 309 311 314 315 315 317 320 321 321 323 326 327 327 329 331 333 333 335 337 339 339 341 343 345 345 347 350 351 351 353 355 357 357 359 361 361 363 366 369 65535
0 0 3 3 5 7 9 12 12 14 14 16 18 18 20 22 22 24 26 28 28 30 32 32 34 36 38 38 39 39 41 44 45 45 47 50 51 54 54 55 58 60 60 61 64 66 66 67 70 72 72 74 76 76 78 80 80 82 84 86 86 87 90 92 92 92 94 95 98 98 100 102 102 104 106 106 108 108 109 112 112 113 116 118 118 120 122 122 124 126 128 128 129 132 134 134 136 138 138 140 142 144 144 146 148 150 150 152 152 154 156 158 158 160 160 161 164 166 168 168 170 172 172 174 174 175 175 177 180 182 184 184 186 186 187 190 190 191 194 194 196 196 197 200 200 202 204 204 206 208 210 210 212 214 214 215 218 218 220 220 222 224 224 226 228 228 230 232 234 234 235 238 240 240 241 244 246 246 248 248 249 252 255 65535
0 3 5 8 8 10 12 14 14 16 18 20 20 20 21 21 23 25 25 27 29 29 31 33 36 36 37 40 40 40 42 44 46 46 48 50 52 52 54 56 58 58 58 60 60 62 64 64 66 67 70 70 72 73 76 76 78 79 82 82 84 86 88 88 90 92 94 94 96 98 100 100 102 104 106 106 108 110 110 112 114 116 116 116 116 116 116 118 118 119 122 122 122 124 125 128 130 130 132 133 136 136 136 136 136 136 138 140 142 144 144 146 148 150 150 150 152 154 156 158 158 160 162 164 166 166 166 167 170 171 173 173 175 177 179 179 182 183 186 186 188 190 190 192 194 194 196 197 200 200 200 202 203 206 206 208 210 212 214 216 218 218 220 221 224 224 224 225 228 230 232 232 233 233 235 238 240 240 240 242 244 244 246 247 250 250 250 252 253 256 258 258 260 261 264 266 268 268 270 272 272 273 276 278 278 279 282 284 284 285 288 290 290 291 294 296 296 298 300 302 302 303 306 308 308 310 312 314 314 315 318 320 320 321 324 327 65535
0 0 3 6 8 8 9 12 14 14 15 18 20 20 22 24 26 26 27 30 32 32 34 36 38 38 40 42 44 44 46 48 50 50 51 54 56 56 57 60 62 62 63 66 68 68 69 72 74 74 75 78 80 80 81 84 86 86 87 90 92 92 93 96 98 98 100 102 104 104 105 108 110 110 111 114 114 115 118 118 119 122 124 124 125 128 130 130 131 134 136 136 137 140 143 65535
0 0 3 5 7 7 9 11 11 14 15 17 17 19 21 23 23 26 27 27 30 31 33 33 35 37 39 39 41 43 45 45 48 49 51 51 54 55 57 57 59 61 63 63 66 67 69 69 72 73 75 75 78 79 81 81 84 85 87 87 89 91 93 93 95 97 97 99 101 103 103 106 107 109 109 112 113 115 115 117 121 65535
0 0 4 5 7 7 10 11 13 13 16 17 19 19 21 23 23 26 27 29 29 32 33 35 35 38 39 41 41 43 45 47 47 50 51 53 53 56 57 59 59 62 63 65 65 68 69 71 71 73 75 77 77 79 81 83 83 85 87 89 89 91 93 93 96 97 99 99 102 103 105 105 108 109 111 111 114 115 117 117 119 121 123 123 126 127 129 129 131 133 135 135 138 139 141 141 144 145 147 147 150 151 153 153 155 157 159 159 162 163 165 165 168 169 171 171 174 175 177 177 180 181 185 65535
0 0 4 5 7 7 10 11 13 13 16 17 19 19 22 23 25 25 27 29 31 31 34 35 37 37 39 41 41 44 45 47 47 49 51 53 53 56 57 59 59 62 63 65 65 68 69 71 71 74 75 77 77 80 81 83 83 86 87 89 89 92 93 95 95 98 99 101 101 104 105 107 107 110 111 114 115 115 117 117 120 121 123 123 125 127 129 129 132 133 135 135 138 139 142 143 143 145 145 147 149 149 151 153 155 155 157 159 161 161 164 165 167 167 170 171 173 173 176 177 179 179 182 183 185 185 187 189 191 191 193 195 197 197 200 201 203 203 206 207 209 209 212 213 215 215 218 219 221 221 223 225 227 227 229 231 235 65535
0 0 4 5 8 8 10 11 14 14 16 17 20 20 22 23 26 26 28 30 32 32 34 35 38 38 40 42 44 44 46 48 48 50 52 54 54 56 58 60 60 62 64 66 66 68 70 70 72 73 76 76 78 79 82 82 82 84 84 84 85 88 90 93 65535
0 0 4 5 7 7 10 11 13 13 15 17 19 19 21 23 25 25 28 29 31 31 34 35 37 37 40 41 43 43 46 47 49 49 52 53 55 55 58 59 61 61 63 65 68 68 69 71 71 73 73 75 78 80 81 81 81 81 83 85 87 87 90 91 93 93 96 97 99 99 102 103 105 105 107 109 111 111 114 115 117 117 120 121 123 123 126 127 129 129 131 133 137 65535
0 0 3 5 7 7 9 12 13 13 15 17 19 19 21 23 25 25 27 29 31 31 33 36 37 37 39 42 43 43 45 47 49 49 51 53 55 55 57 60 61 61 63 65 67 67 69 71 73 73 75 78 79 79 81 83 85 85 87 89 91 91 93 95 97 97 99 101 103 103 105 107 109 109 111 114 115 115 117 119 121 121 123 126 127 127 129 132 133 133 135 138 139 139 141 144 145 145 147 149 151 151 153 156 157 157 159 161 163 163 165 168 169 169 171 173 175 175 177 179 181 181 183 186 187 187 189 191 191 193 195 197 197 199 202 203 203 205 208 209 209 211 214 215 215 217 220 221 221 223 225 227 227 229 231 233 233 235 238 239 239 241 244 245 245 247 247 250 252 253 255 255 258 259 259 261 263 263 265 267 269 269 271 273 275 275 277 279 281 281 283 285 287 287 289 292 293 293 295 298 299 299 301 303 303 305 307 309 309 311 314 315 315 317 320 321 321 323 326 327 327 329 331 333 333 335 337 339 339 341 343 345 345 347 350 351 351 353 355 357 357 359 361 361 363 366 369 65535
0 0 3 6 8 8 10 12 14 14 16 18 20 20 21 24 26 26 27 30 32 32 34 36 36 37 40 42 42 43 46 48 48 50 52 54 54 55 58 60 60 61 64 66 66 68 70 72 72 73 76 78 78 79 82 84 84 85 88 90 90 91 94 96 96 97 100 102 102 104 106 108 108 110 112 114 114 115 118 120 120 121 124 126 126 127 130 132 132 133 136 138 138 140 142 142 143 146 148 148 149 152 154 154 156 156 157 160 162 162 163 166 168 168 169 172 174 174 175 178 180 180 182 184 186 186 187 190 192 192 193 196 198 198 200 202 204 204 205 208 210 210 212 214 216 216 217 220 222 222 223 226 228 228 230 232 232 233 236 238 238 240 242 244 244 246 248 250 250 252 254 254 255 258 260 260 262 264 266 266 268 270 272 272 273 276 278 278 279 282 284 284 285 288 290 290 291 294 296 296 297 300 302 302 303 306 308 308 309 312 314 314 315 318 320 320 322 324 324 325 328 330 330 332 334 336 336 338 338 339 342 342 343 346 348 348 349 352 354 354 356 358 361 65535

0 0 3 6 7 7 9 11 13 13 15 17 19 19 21 24 25 25 27 29 31 31 33 35 37 37 39 41 43 43 45 47 49 49 51 53 55 55 57 59 59 61 63 63 65 67 69 69 71 73 75 75 77 80 81 81 83 86 87 87 89 92 93 93 95 97 101 65535

0 0 4 4 5 5 7 7 9 11 11 13 15 17 17 19 21 23 23 25 27 29 29 31 33 35 35 37 39 43 65535
0 0 4 5 8 10 10 11 14 16 16 17 20 22 22 23 26 28 28 29 32 34 34 35 38 40 40 41 44 46 46 48 49 52 54 54 55 58 60 60 61 64 66 66 67 70 72 72 73 76 78 78 79 82 84 84 85 88 90 90 91 94 96 96 97 100 102 102 104 106 108 110 112 114 116 116 117 120 122 122 123 126 128 128 130 132 134 136 137 140 140 142 144 145 148 148 150 150 151 154 156 156 157 160 160 162 163 165 168 168 170 170 171 174 174 175 178 180 180 181 184 185 188 188 190 190 191 194 196 198 198 200 200 202 203 205 208 208 208 209 212 214 214 215 218 220 220 221 224 226 226 227 230 232 232 234 236 238 238 239 242 244 244 245 248 250 250 251 254 255 255 258 260 260 261 264 266 266 268 270 271 274 276 276 277 280 282 282 284 286 287 287 290 292 292 294 296 298 298 299 302 304 304 305 308 310 310 312 314 316 318 318 320 322 322 324 325 328 328 330 330 330 332 334 336 336 338 340 342 342 344 346 348 350 350 352 352 354 356 358 358 360 362 364 364 366 368 370 370 372 374 376 376 377 380 382 382 384 386 388 388 390 392 394 394 396 398 400 400 402 404 406 406 407 410 412 412 414 416 417 420 422 424 424 426 426 428 430 432 432 434 436 438 438 440 442 444 444 445 448 450 450 451 454 456 456 457 460 462 462 464 466 468 468 469 472 474 474 476 478 479 479 482 484 486 486 488 488 489 492 494 496 496 496 498 500 502 502 503 506 508 508 510 512 514 514 515 518 520 520 521 524 526 528 528 528 529 532 534 536 536 536 537 540 542 542 543 546 548 550 550 552 552 553 556 558 558 559 562 564 564 565 568 570 570 571 574 576 578 578 580 580 581 584 586 588 588 590 590 591 594 596 598 599 602 602 604 606 606 606 608 608 610 612 612 613 616 618 620 620 620 622 624 626 626 627 630 631 631 634 636 636 637 640 642 642 643 646 648 648 649 652 654 654 655 658 660 660 661 664 666 666 667 670 672 672 673 676 678 678 680 682 684 684 685 688 690 690 692 694 696 696 697 700 702 702 704 706 708 708 710 712 714 714 716 718 720 720 722 724 726 726 728 730 732 732 733 736 738 738 739 742 744 744 745 748 749 749 752 754 754 756 758 760 760 761 764 766 766 767 770 772 772 773 776 777 777 780 782 782 783 786 788 788 789 792 794 794 795 798 800 800 801 804 806 806 807 810 812 812 813 816 818 818 820 822 824 824 825 828 830 830 831 834 836 836 838 840 842 842 844 846 848 848 850 852 854 854 856 858 860 860 862 864 866 866 868 870 872 872 874 875 878 880 880 880 882 884 886 886 888 890 892 892 894 896 898 898 900 902 904 904 906 908 910 910 912 914 916 916 918 920 922 922 923 926 928 928 930 932 934 934 936 938 940 940 941 944 946 946 948 950 952 952 954 956 958 958 960 962 964 964 966 968 968 970 972 974 974 976 978 980 980 982 984 986 986 988 990 992 992 994 996 998 998 1000 1002 1004 1004 1006 1008 1010 1010 1012 1014 1016 1016 1018 1020 1022 1022 1024 1026 1028 1028 1030 1032 1034 1034 1036 1038 1040 1040 1042 1044 1046 1046 1048 1050 1052 1052 1053 1056 1058 1058 1059 1062 1064 1064 1066 1068 1070 1070 1072 1074 1076 1076 1078 1080 1082 1082 1084 1086 1088 1088 1090 1092 1094 1094 1096 1098 1100 1100 1102 1104 1106 1106 1108 1110 1112 1112 1114 1116 1117 1120 1122 1122 1122 1124 1126 1128 1128 1130 1132 1134 1134 1136 1138 1140 1142 1142 1144 1146 1148 1148 1150 1152 1154 1154 1156 1158 1160 1160 1162 1163 1166 1168 1168 1168 1170 1172 1174 1174 1176 1178 1178 1179 1182 1184 1184 1186 1188 1190 1190 1191 1194 1196 1196 1198 1199 1202 1204 1204 1204 1205 1208 1210 1210 1211 1211 1214 1216 1216 1217 1220 1222 1222 1223 1226 1228 1228 1229 1232 1234 1234 1235 1238 1240 1240 1241 1244 1246 1246 1247 1250 1252 1252 1253 1256 1258 1258 1259 1262 1264 1264 1265 1268 1270 1270 1271 1274 1276 1276 1278 1280 1280 1281 1284 1286 1286 1287 1290 1292 1292 1293 1296 1297 1297 1300 1302 1304 1304 1306 1306 1307 1310 1312 1312 1313 1316 1318 1318 1319 1322 1323 1323 1326 1328 1328 1329 1332 1334 1334 1335 1338 1340 1340 1341 1344 1346 1346 1347 1350 1352 1352 1353 1356 1358 1358 1359 1362 1364 1366 1366 1366 1367 1370 1372 1372 1373 1375 1378 1380 1380 1382 1382 1383 1386 1388 1388 1389 1392 1394 1394 1395 1398 1400 1400 1401 1404 1406 1408 1408 1408 1409 1412 1414 1416 1418 1418 1418 1419 1422 1424 1424 1426 1428 1430 1430 1431 1434 1436 1438 1438 1440 1440 1441 1444 1446 1446 1447 1450 1452 1452 1454 1456 1458 1458 1460 1462 1463 1466 1468 1468 1470 1472 1473 1476 1476 1478 1478 1480 1482 1484 1484 1486 1488 1490 1490 1491 1494 1496 1496 1498 1500 1502 1502 1503 1506 1508 1508 1510 1512 1513 1513 1516 1518 1518 1520 1522 1523 1523 1526 1528 1528 1530 1532 1534 1534 1535 1538 1540 1540 1541 1544 1546 1548 1548 1550 1550 1551 1554 1556 1556 1557 1560 1562 1562 1563 1566 1568 1568 1569 1572 1574 1574 1575 1578 1580 1580 1581 1583 1586 1588 1588 1588 1590 1592 1594 1596 1596 1596 1598 1600 1602 1602 1603 1606 1608 1608 1609 1612 1614 1614 1615 1618 1620 1622 1622 1622 1623 1626 1628 1628 1630 1631 1634 1636 1636 1636 1638 1640 1642 1642 1643 1646 1648 1648 1650 1652 1654 1654 1655 1658 1660 1660 1661 1664 1666 1666 1667 1670 1672 1674 1674 1675 1678 1678 1680 1680 1681 1684 1686 1686 1687 1690 1692 1692 1693 1696 1698 1698 1699 1702 1704 1704 1705 1708 1710 1710 1711 1714 1716 1716 1717 1720 1722 1722 1723 1726 1728 1728 1729 1732 1734 1736 1736 1737 1740 1740 1742 1742 1743 1746 1748 1748 1749 1751 1754 1756 1756 1756 1757 1760 1762 1762 1763 1766 1768 1768 1770 1772 1773 1775 1775 1778 1778 1780 1780 1782 1784 1785 1788 1788 1790 1790 1791 1794 1796 1796 1798 1800 1801 1803 1806 1806 1808 1808 1810 1810 1812 1814 1816 1816 1817 1820 1822 1822 1823 1826 1828 1828 1829 1832 1834 1834 1835 1838 1840 1842 1842 1842 1843 1846 1848 1848 1849 1852 1854 1854 1855 1857 1860 1862 1862 1864 1864 1865 1868 1870 1870 1871 1874 1876 1876 1877 1880 1882 1884 1884 1886 1886 1887 1890 1892 1892 1893 1896 1898 1898 1900 1902 1904 1904 1905 1908 1910 1910 1911 1914 1916 1916 1917 1919 1922 1924 1926 1926 1926 1927 1930 1932 1932 1933 1935 1937 1937 1940 1940 1941 1944 1946 1946 1947 1949 1952 1954 1954 1954 1955 1957 1960 1961 1961 1961 1964 1966 1968 1968 1970 1970 1972 1974 1976 1976 1977 1980 1982 1982 1983 1986 1987 1990 1990 1992 1992 1993 1996 1998 1998 1999 2002 2004 2006 2006 2006 2007 2010 2011 2014 2014 2015 2015 2018 2020 2020 2021 2024 2026 2028 2028 2030 2030 2031 2034 2036 2036 2037 2040 2042 2042 2043 2045 2048 2050 2050 2052 2052 2053 2056 2058 2058 2059 2061 2064 2066 2066 2068 2068 2069 2072 2074 2074 2075 2078 2079 2079 2082 2084 2086 2086 2088 2088 2089 2092 2094 2094 2095 2098 2100 2100 2101 2104 2105 2105 2108 2110 2110 2111 2114 2116 2116 2117 2120 2122 2124 2124 2124 2125 2128 2129 2132 2132 2134 2134 2135 2138 2140 2140 2141 2144 2146 2146 2147 2150 2152 2152 2154 2155 2158 2160 2160 2160 2161 2164 2166 2166 2167 2169 2172 2174 2174 2175 2178 2180 2180 2180 2181 2183 2186 2188 2188 2189 2192 2192 2194 2194 2196 2197 2199 2202 2202 2202 2203 2206 2208 2208 2209 2212 2214 2214 2216 2218 2218 2219 2222 2224 2224 2225 2228 2230 2230 2231 2233 2236 2238 2240 2240 2240 2241 2244 2246 2246 2248 2250 2252 2252 2254 2256 2258 2258 2260 2261 2264 2266 2266 2268 2268 2270 2272 2272 2273 2276 2278 2278 2280 2282 2282 2284 2286 2288 2288 2290 2292 2294 2294 2296 2298 2300 2300 2302 2304 2304 2305 2308 2310 2310 2312 2313 2316 2318 2318 2320 2320 2321 2324 2326 2326 2328 2330 2332 2332 2334 2336 2338 2338 2340 2342 2344 2344 2346 2348 2350 2350 2352 2354 2356 2356 2358 2360 2362 2362 2363 2363 2366 2366 2368 2368 2370 2371 2374 2374 2375 2378 2378 2380 2381 2384 2384 2385 2388 2388 2390 2391 2394 2394 2395 2398 2400 2400 2402 2403 2406 2406 2408 2409 2412 2414 2414 2414 2416 2417 2420 2420 2421 2424 2426 2427 2430 2430 2430 2432 2432 2434 2435 2438 2438 2439 2442 2444 2444 2445 2447 2450 2452 2454 2454 2454 2454 2456 2458 2460 2460 2461 2464 2466 2467 2467 2470 2470 2472 2473 2476 2476 2478 2479 2482 2482 2483 2486 2488 2490 2490 2492 2492 2493 2496 2498 2498 2499 2501 2504 2506 2506 2506 2508 2509 2512 2512 2514 2515 2518 2518 2520 2521 2524 2524 2526 2527 2530 2530 2532 2533 2536 2536 2537 2540 2542 2542 2543 2546 2548 2548 2549 2552 2552 2553 2556 2558 2558 2560 2561 2564 2564 2565 2568 2570 2570 2571 2574 2576 2576 2578 2579 2581 2584 2584 2584 2586 2588 2590 2590 2592 2593 2596 2596 2597 2600 2602 2602 2603 2606 2608 2608 2610 2611 2614 2614 2616 2618 2620 2621 2624 2624 2626 2627 2629 2632 2632 2634 2634 2636 2637 2640 2640 2641 2644 2646 2647 2650 2650 2650 2651 2654 2656 2656 2657 2660 2662 2662 2663 2666 2668 2668 2670 2670 2672 2674 2676 2676 2677 2680 2682 2682 2684 2686 2686 2688 2690 2692 2692 2694 2696 2698 2698 2699 2702 2704 2704 2706 2708 2710 2710 2712 2714 2716 2716 2718 2720 2722 2722 2723 2726 2728 2728 2729 2732 2732 2734 2734 2736 2738 2738 2740 2742 2744 2744 2746 2748 2750 2752 2752 2754 2754 2756 2758 2760 2760 2762 2764 2766 2766 2768 2770 2772 2772 2774 2776 2778 2778 2780 2780 2782 2784 2786 2786 2788 2790 2792 2792 2794 2796 2798 2798 2800 2802 2804 2806 2806 2806 2808 2810 2812 2812 2814 2816 2818 2818 2820 2822 2824 2824 2826 2828 2830 2830 2832 2834 2836 2836 2838 2840 2842 2842 2844 2846 2848 2850 2850 2852 2854 2854 2856 2856 2858 2860 2862 2864 2864 2864 2866 2868 2870 2870 2872 2874 2876 2876 2878 2880 2882 2882 2884 2886 2886 2887 2890 2892 2892 2892 2894 2896 2898 2898 2900 2902 2904 2904 2906 2908 2908 2910 2912 2914 2914 2916 2918 2920 2920 2922 2924 2926 2926 2928 2930 2932 2932 2934 2936 2938 2940 2940 2942 2942 2944 2946 2948 2948 2950 2952 2954 2954 2956 2958 2960 2960 2962 2964 2966 2966 2968 2970 2972 2974 2974 2976 2976 2978 2980 2982 2982 2984 2986 2988 2988 2990 2992 2994 2994 2995 2998 3000 3000 3002 3004 3006 3006 3008 3010 3012 3012 3014 3016 3018 3018 3020 3022 3024 3024 3026 3028 3030 3032 3032 3034 3034 3036 3038 3040 3040 3042 3044 3046 3046 3048 3050 3052 3052 3054 3056 3058 3058 3060 3062 3064 3066 3066 3068 3068 3069 3072 3074 3074 3076 3078 3080 3080 3082 3084 3086 3088 3090 3090 3092 3094 3096 3098 3098 3100 3100 3102 3104 3106 3106 3108 3110 3112 3112 3114 3116 3118 3120 3120 3122 3122 3124 3126 3128 3128 3130 3132 3134 3134 3136 3138 3140 3140 3142 3144 3146 3146 3147 3150 3152 3152 3154 3156 3158 3158 3160 3162 3164 3164 3166 3168 3170 3170 3172 3174 3176 3176 3178 3180 3182 3182 3184 3186 3188 3188 3190 3192 3194 3196 3196 3198 3198 3200 3202 3204 3204 3206 3208 3210 3210 3212 3214 3216 3216 3218 3220 3222 3222 3224 3226 3228 3228 3230 3232 3234 3234 3235 3238 3240 3240 3242 3244 3246 3246 3248 3250 3252 3252 3254 3256 3258 3258 3260 3262 3264 3264 3266 3268 3270 3270 3272 3274 3276 3276 3278 3280 3282 3282 3284 3286 3288 3288 3290 3292 3294 3294 3296 3298 3300 3300 3302 3304 3306 3306 3308 3310 3312 3312 3314 3316 3318 3318 3320 3322 3324 3324 3326 3328 3330 3330 3332 3334 3334 3336 3338 3339 3342 3342 3344 3344 3346 3348 3350 3350 3352 3354 3356 3356 3357 3360 3362 3362 3364 3366 3368 3368 3370 3372 3374 3374 3376 3378 3380 3380 3382 3384 3386 3386 3388 3390 3392 3392 3394 3396 3398 3398 3400 3402 3404 3404 3406 3408 3410 3410 3412 3414 3416 3416 3418 3420 3422 3422 3424 3426 3428 3428 3430 3432 3434 3434 3436 3438 3440 3440 3442 3444 3446 3446 3448 3450 3452 3452 3454 3456 3458 3458 3459 3462 3464 3464 3466 3468 3470 3470 3472 3474 3476 3476 3478 3480 3482 3482 3484 3486 3488 3488 3489 3492 3494 3494 3496 3498 3500 3500 3502 3504 3506 3506 3508 3510 3510 3511 3514 3516 3516 3518 3520 3522 3522 3524 3526 3528 3530 3530 3532 3534 3536 3536 3538 3540 3542 3542 3544 3546 3548 3548 3550 3551 3554 3554 3556 3557 3560 3560 3562 3564 3566 3566 3568 3569 3572 3572 3574 3575 3578 3578 3580 3582 3584 3584 3586 3588 3590 3590 3592 3593 3596 3596 3598 3599 3602 3602 3604 3605 3608 3608 3610 3611 3614 3614 3616 3617 3620 3620 3622 3624 3626 3628 3628 3630 3632 3634 3634 3636 3636 3638 3640 3642 3642 3644 3646 3648 3648 3650 3652 3654 3654 3656 3658 3660 3660 3662 3664 3666 3666 3668 3670 3672 3672 3674 3676 3678 3678 3680 3681 3684 3686 3686 3687 3690 3692 3692 3693 3696 3698 3700 3700 3702 3702 3703 3706 3708 3708 3709 3712 3714 3714 3715 3718 3720 3720 3721 3724 3726 3726 3727 3730 3732 3732 3733 3736 3738 3738 3739 3742 3744 3744 3745 3748 3750 3750 3751 3754 3756 3756 3757 3760 3762 3762 3763 3766 3768 3768 3769 3772 3773 3776 3776 3778 3778 3779 3782 3784 3784 3785 3788 3790 3790 3791 3794 3796 3796 3797 3800 3802 3802 3803 3806 3808 3808 3809 3812 3814 3814 3815 3818 3820 3820 3822 3824 3826 3826 3828 3830 3832 3832 3833 3836 3838 3838 3840 3842 3844 3844 3845 3848 3850 3850 3851 3854 3856 3856 3857 3860 3862 3862 3863 3866 3868 3868 3869 3872 3874 3874 3875 3878 3880 3880 3882 3883 3886 3888 3888 3889 3892 3894 3894 3895 3898 3900 3900 3901 3904 3906 3906 3907 3910 3912 3912 3913 3916 3918 3918 3919 3922 3924 3924 3925 3928 3930 3930 3931 3934 3936 3936 3937 3940 3942 3942 3943 3946 3948 3948 3949 3952 3954 3954 3955 3958 3960 3960 3961 3964 3966 3966 3967 3970 3972 3972 3974 3976 3977 3980 3980 3982 3984 3985 3988 3988 3990 3991 3994 3994 3996 3997 4000 4000 4002 4003 4006 4006 4008 4008 4010 4011 4014 4014 4016 4017 4020 4020 4022 4023 4026 4026 4028 4029 4032 4032 4034 4035 4038 4038 4040 4041 4044 4044 4046 4047 4050 4050 4052 4053 4056 4056 4058 4059 4062 4062 4064 4065 4068 4068 4070 4071 4074 4074 4076 4077 4080 4080 4082 4083 4086 4086 4088 4089 4092 4092 4094 4095 4098 4098 4100 4101 4104 4104 4106 4107 4110 4110 4112 4113 4116 4116 4118 4119 4122 4122 4124 4125 4128 4128 4130 4131 4134 4134 4136 4137 4140 4140 4142 4143 4146 4148 4148 4150 4150 4152 4153 4156 4156 4158 4159 4162 4162 4164 4166 4167 4169 4172 4172 4172 4174 4175 4178 4178 4180 4181 4184 4184 4186 4187 4190 4190 4192 4193 4196 4196 4198 4199 4202 4202 4204 4205 4208 4208 4210 4211 4214 4214 4216 4217 4220 4220 4222 4223 4226 4226 4228 4229 4232 4232 4234 4235 4238 4238 4240 4241 4244 4244 4246 4247 4250 4250 4252 4253 4256 4256 4258 4259 4262 4262 4263 4266 4268 4268 4270 4270 4272 4273 4276 4276 4278 4279 4282 4282 4284 4285 4288 4288 4290 4291 4294 4294 4295 4298 4300 4300 4302 4303 4306 4306 4308 4309 4312 4312 4314 4315 4318 4318 4320 4321 4324 4324 4325 4328 4330 4330 4332 4333 4336 4336 4338 4339 4342 4342 4344 4345 4348 4348 4350 4351 4354 4354 4356 4357 4360 4360 4362 4363 4366 4366 4368 4369 4372 4372 4374 4375 4378 4378 4380 4381 4384 4384 4386 4387 4390 4390 4392 4394 4395 4397 4397 4400 4400 4402 4403 4406 4406 4408 4409 4412 4412 4414 4416 4418 4418 4420 4422 4423 4426 4426 4428 4429 4432 4432 4434 4435 4438 4438 4440 4441 4444 4444 4446 4448 4450 4450 4452 4454 4456 4456 4458 4459 4462 4462 4464 4465 4467 4467 4470 4470 4472 4473 4476 4476 4477 4479 4481 4481 4483 4485 4487 4487 4489 4491 4493 4493 4495 4497 4499 4499 4501 4503 4505 4505 4507 4509 4511 4511 4513 4515 4517 4517 4519 4521 4523 4523 4525 4527 4529 4529 4531 4533 4535 4535 4537 4539 4541 4541 4543 4545 4547 4547 4549 4551 4553 4553 4555 4557 4559 4559 4561 4563 4565 4565 4568 4568 4570 4571 4574 4574 4576 4577 4580 4580 4582 4583 4586 4586 4588 4589 4591 4594 4594 4594 4596 4597 4600 4600 4602 4603 4606 4606 4608 4609 4612 4612 4614 4615 4618 4618 4620 4621 4624 4624 4626 4627 4630 4630 4632 4633 4636 4636 4638 4640 4641 4644 4644 4646 4646 4648 4648 4649 4652 4652 4654 4655 4658 4658 4660 4661 4664 4664 4666 4667 4670 4670 4672 4673 4676 4678 4678 4680 4680 4682 4683 4686 4686 4688 4689 4692 4692 4694 4695 4698 4698 4700 4702 4704 4705 4708 4708 4710 4711 4714 4714 4716 4717 4720 4720 4722 4724 4726 4726 4728 4730 4732 4732 4734 4736 4737 4740 4742 4742 4742 4744 4746 4748 4748 4750 4752 4754 4754 4756 4757 4760 4760 4762 4763 4766 4766 4768 4769 4772 4772 4774 4775 4778 4778 4780 4780 4782 4783 4786 4786 4788 4790 4792 4792 4794 4796 4797 4800 4800 4802 4804 4804 4806 4807 4810 4810 4812 4814 4814 4815 4819 65535
0 3 3 6 7 7 9 12 13 13 15 17 19 19 21 24 25 25 27 29 31 31 33 35 37 37 39 42 43 43 45 47 49 49 51 53 53 55 58 59 59 61 64 65 65 67 69 71 71 73 76 77 77 79 82 83 83 85 88 89 89 91 94 95 95 97 97 100 101 103 105 105 107 109 111 111 113 115 115 117 119 121 121 123 125 127 127 129 131 133 133 135 137 139 139 141 141 143 146 147 151 65535
0 0 4 5 8 8 10 11 14 14 16 18 20 20 22 23 26 26 28 29 32 32 34 36 38 38 40 42 44 44 46 48 48 50 52 54 54 56 58 58 60 61 64 64 66 67 70 70 72 73 76 76 78 79 83 65535
0 3 3 5 7 9 11 11 13 16 17 17 19 22 23 25 27 27 29 32 33 33 35 37 39 39 41 43 43 45 48 49 49 51 53 55 55 57 59 61 63 63 66 67 67 69 71 71 73 75 77 77 79 81 83 83 85 87 89 89 91 94 97 65535
0 0 3 5 7 7 9 11 14 15 15 15 17 19 22 23 23 23 25 27 29 29 31 33 35 35 37 39 41 41 43 45 47 47 49 51 53 53 55 58 59 59 61 64 65 65 67 70 71 73 73 75 75 77 79 81 81 83 86 87 87 89 91 93 93 95 98 99 99 101 103 105 105 107 109 111 111 113 115 117 117 119 121 123 123 125 128 129 129 132 132 134 136 138 138 140 142 144 144 146 148 150 150 152 153 155 155 157 159 162 162 162 164 165 168 168 170 171 174 174 176 177 180 180 182 183 185 188 188 188 190 191 194 194 196 197 200 200 202 203 206 206 208 209 212 212 214 215 217 220 220 220 222 223 226 226 228 229 232 232 234 235 238 238 240 241 243 246 246 246 248 249 251 254 254 254 256 257 260 260 262 263 266 266 268 269 271 274 274 274 276 277 279 279 281 283 285 285 288 288 288 290 292 294 294 296 298 300 300 302 304 306 306 308 310 312 312 314 316 318 318 320 322 324 326 326 326 326 328 330 332 332 334 336 338 338 340 342 344 344 346 348 350 350 352 354 356 356 358 360 362 362 364 366 368 368 370 371 374 374 376 378 380 380 382 383 386 386 388 390 392 394 394 396 398 400 402 402 404 406 408 408 410 412 414 414 416 418 418 420 422 424 424 426 428 430 432 432 434 435 438 438 440 441 444 444 444 446 447 450 450 452 454 454 454 455 458 458 460 462 462 464 465 468 468 470 471 474 474 474 476 477 480 480 482 483 486 486 488 488 488 488 488 489 492 493 493 495 498 499 499 502 502 502 502 502 502 504 504 504 504 506 506 508 509 512 512 514 516 518 518 520 520 522 524 526 526 528 528 530 531 533 535 535 537 540 541 541 544 544 544 544 544 544 544 544 544 545 548 548 548 548 548 548 548 548 548 550 550 552 554 556 556 558 560 562 562 564 566 568 568 570 572 574 574 576 578 580 580 582 584 586 586 588 590 592 592 594 596 598 598 600 602 604 604 606 608 610 610 612 614 616 616 618 620 622 624 624 626 627 630 630 632 634 636 636 638 640 642 644 644 645 648 649 649 651 653 655 655 658 658 660 660 662 662 664 666 668 668 670 672 674 676 676 678 679 682 682 684 686 688 688 690 690 690 692 692 694 696 696 698 699 702 702 704 704 706 706 708 708 710 712 714 714 716 718 718 720 720 722 722 724 726 726 726 726 728 728 728 728 728 730 732 734 734 736 738 739 742 742 744 746 746 748 748 750 752 755 65535
0 0 4 5 8 8 10 12 14 14 16 18 20 20 22 23 26 26 28 29 32 32 34 35 38 38 40 42 44 44 46 47 50 50 52 53 56 56 58 60 62 62 64 66 68 68 70 72 74 74 76 78 80 82 82 82 84 86 88 88 90 92 94 94 96 98 100 100 102 104 106 106 108 110 112 112 114 116 116 118 119 122 122 124 126 128 128 130 132 134 134 136 138 140 140 142 144 146 146 148 150 152 152 154 156 158 158 160 162 163 166 166 168 168 170 172 174 174 176 178 180 180 182 184 184 186 188 190 190 192 194 197 65535
0 0 3 5 7 7 9 11 13 13 15 17 19 19 21 23 25 25 27 29 31 31 33 35 37 37 39 42 43 43 45 48 49 49 51 54 55 55 57 60 61 61 63 66 67 67 69 71 71 73 75 77 77 77 80 81 83 83 85 87 89 89 91 93 95 95 97 99 101 101 103 105 107 107 109 111 113 113 115 117 117 119 121 123 123 125 127 127 129 132 133 133 135 138 139 139 141 144 145 145 147 149 151 151 153 156 157 157 159 162 163 163 165 168 169 169 171 173 175 175 177 179 181 181 183 186 189 65535
0 3 3 5 7 9 9 11 13 15 15 17 20 21 21 23 25 25 27 30 31 31 34 35 35 37 40 41 41 43 45 45 47 49 51 51 54 55 57 57 59 62 63 63 65 68 69 69 71 71 73 75 78 79 79 81 84 85 85 87 90 91 91 94 95 95 97 100 101 101 104 105 105 107 110 111 111 113 116 117 117 119 119 121 123 125 125 127 127 129 131 134 135 137 137 139 141 141 143 146 147 147 149 151 153 153 155 157 159 159 161 164 165 165 167 169 169 171 174 175 175 177 179 181 181 183 185 185 187 190 191 191 193 196 197 197 199 202 203 203 206 207 207 209 212 213 213 215 218 219 219 221 224 225 225 227 230 231 231 233 236 237 237 239 242 243 243 245 248 249 249 251 254 255 255 257 260 261 261 263 263 266 267 267 270 271 273 273 275 277 277 279 281 283 283 285 285 288 290 291 293 293 295 298 299 301 301 303 305 307 307 309 311 311 313 313 315 315 315 317 317 320 321 323 323 325 325 327 329 331 331 333 335 335 337 340 341 341 343 346 346 347 349 349 351 354 355 355 357 359 361 361 363 365 367 367 369 371 371 373 376 377 377 379 382 383 383 383 383 385 385 387 390 391 391 393 395 397 397 399 401 403 403 405 407 407 409 412 413 413 415 417 419 419 421 423 423 425 427 429 429 431 433 435 435 437 440 441 441 443 445 447 447 449 451 453 453 453 455 457 459 459 461 463 465 465 465 467 469 469 471 473 475 475 477 479 481 483 483 485 488 489 491 491 493 496 497 497 500 501 501 503 506 507 507 509 512 512 513 516 517 517 519 521 523 523 525 525 525 528 530 531 533 533 535 535 537 540 541 541 543 543 546 547 549 549 551 551 553 555 557 557 559 562 563 563 565 565 568 570 571 573 573 575 578 579 579 581 581 583 585 587 589 589 591 594 595 595 597 600 601 601 603 606 607 607 609 609 611 613 613 613 615 615 617 619 619 622 623 623 625 627 629 629 631 634 635 637 637 639 642 643 643 645 648 649 649 651 651 654 655 657 659 659 661 661 663 663 665 668 670 671 673 673 675 678 679 679 681 681 683 686 687 687 689 692 693 693 695 697 697 699 702 703 703 705 705 708 709 712 713 713 715 717 719 719 721 724 725 725 727 730 731 731 733 735 737 737 739 741 741 743 743 745 745 747 749 749 749 751 754 755 758 759 759 761 764 765 765 767 770 771 771 774 775 777 779 779 781 784 785 785 787 789 789 791 794 795 795 797 800 801 801 803 805 807 807 809 812 813 813 815 818 819 819 821 821 823 823 825 825 827 830 831 833 833 835 837 837 839 841 843 843 845 847 849 849 851 853 855 855 857 857 859 861 861 863 863 865 868 869 869 871 874 875 875 878 879 879 881 884 885 885 887 890 890 891 894 895 895 897 900 901 903 903 905 907 907 907 909 909 911 914 915 915 917 920 922 923 923 925 928 929 929 931 934 935 935 937 939 939 941 944 945 945 947 950 951 951 953 956 957 957 959 962 963 963 965 968 968 969 971 971 971 973 976 978 979 981 981 983 983 986 988 989 991 991 994 994 996 997 999 999 1001 1004 1005 1005 1007 1010 1011 1011 1013 1013 1015 1015 1017 1019 1021 1021 1024 1025 1027 1027 1029 1029 1031 1034 1035 1035 1037 1040 1041 1041 1043 1046 1046 1047 1047 1049 1052 1053 1053 1055 1058 1059 1059 1061 1064 1065 1065 1067 1070 1071 1071 1073 1075 1077 1077 1079 1079 1081 1083 1085 1085 1087 1087 1089 1092 1093 1095 1095 1097 1097 1100 1102 1103 1103 1105 1105 1107 1107 1107 1109 1109 1111 1111 1113 1115 1118 1119 1121 1121 1123 1126 1127 1127 1129 1129 1131 1131 1133 1135 1135 1137 1140 1140 1141 1143 1143 1145 1147 1149 1149 1151 1153 1155 1155 1157 1160 1161 1161 1163 1165 1165 1167 1167 1170 1171 1171 1173 1176 1177 1177 1179 1182 1183 1183 1185 1187 1189 1189 1191 1194 1195 1195 1198 1199 1199 1201 1204 1205 1205 1207 1210 1211 1211 1213 1216 1217 1217 1219 1221 1223 1223 1225 1227 1227 1227 1229 1231 1233 1233 1235 1237 1237 1239 1241 1243 1243 1245 1245 1248 1250 1251 1253 1253 1255 1257 1259 1259 1261 1261 1263 1265 1265 1265 1267 1267 1269 1272 1273 1273 1275 1278 1279 1279 1281 1284 1285 1285 1287 1290 1291 1291 1293 1296 1297 1297 1299 1299 1301 1303 1305 1305 1307 1310 1311 1311 1313 1315 1317 1317 1319 1321 1323 1323 1325 1325 1327 1329 1329 1331 1334 1335 1337 1337 1339 1341 1343 1343 1345 1347 1347 1349 1351 1353 1353 1355 1355 1355 1357 1357 1359 1359 1361 1364 1365 1365 1367 1367 1369 1369 1371 1371 1371 1373 1373 1376 1377 1377 1379 1382 1383 1383 1383 1385 1388 1389 1391 1391 1393 1395 1397 1397 1397 1397 1397 1399 1399 1401 1404 1405 1407 1407 1409 1411 1411 1413 1416 1417 1419 1419 1421 1423 1423 1425 1428 1429 1429 1431 1434 1435 1437 1437 1439 1441 1443 1445 1445 1447 1450 1451 1451 1453 1453 1455 1458 1459 1461 1461 1461 1464 1466 1467 1469 1469 1472 1473 1473 1475 1475 1477 1479 1479 1482 1483 1483 1485 1487 1489 1489 1491 1493 1495 1495 1497 1499 1501 1501 1501 1503 1505 1505 1507 1510 1511 1511 1513 1515 1517 1517 1519 1521 1523 1523 1525 1527 1529 1529 1531 1533 1533 1535 1537 1539 1541 1541 1543 1545 1547 1549 1549 1551 1553 1555 1555 1557 1559 1561 1563 1566 1567 1567 1569 1571 1574 1576 1578 1578 1580 1582 1584 1584 1586 1586 1588 1589 1592 1592 1594 1595 1598 1598 1600 1601 1604 1604 1606 1607 1610 1610 1612 1614 1614 1616 1617 1620 1620 1622 1623 1626 1626 1628 1629 1632 1632 1634 1635 1638 1638 1640 1641 1644 1646 1646 1648 1649 1652 1654 1656 1658 1660 1662 1665 65535
0 0 4 6 8 8 10 12 14 14 16 18 20 20 22 24 26 28 28 30 30 32 34 36 36 38 40 42 42 44 45 48 48 50 52 54 54 56 58 60 60 62 64 64 66 68 70 70 72 74 76 76 78 80 82 82 84 86 88 88 90 91 94 94 96 98 100 100 102 104 106 106 108 110 112 112 114 116 118 118 120 122 122 124 126 128 128 130 132 134 134 136 138 140 140 142 144 146 146 148 150 152 152 154 156 158 158 160 162 164 164 166 168 170 170 172 173 176 176 178 179 182 184 184 186 186 188 189 192 192 194 196 198 198 200 201 204 204 206 207 210 210 212 214 217 65535
0 0 3 5 5 8 9 9 11 13 15 15 17 20 21 21 23 25 27 27 29 31 33 33 35 38 39 39 41 43 45 47 47 49 49 51 53 55 55 57 60 61 61 63 66 67 67 69 72 73 73 75 77 79 79 81 84 84 85 87 87 87 89 91 93 93 95 98 99 99 101 104 105 105 107 110 111 111 113 115 117 117 119 122 123 123 125 128 129 129 131 134 135 137 137 137 137 139 141 143 143 145 148 149 149 151 154 155 155 157 160 161 161 163 165 167 167 169 172 173 173 175 177 179 179 181 184 185 185 187 189 191 191 193 195 197 197 199 202 203 203 205 208 209 209 211 213 215 215 217 220 221 221 223 225 229 65535
0 0 3 6 7 7 9 12 13 13 15 18 19 19 21 23 25 25 27 29 31 31 33 36 37 37 39 42 43 43 45 48 49 49 51 54 55 55 57 60 61 61 63 66 67 67 69 72 73 75 75 75 77 80 81 81 83 86 87 87 89 91 94 96 96 97 97 99 102 103 103 105 107 109 109 111 113 115 115 117 119 119 121 123 125 125 127 129 131 131 133 135 137 137 139 142 143 143 145 147 149 149 151 153 155 155 157 159 161 161 163 165 167 167 169 172 173 173 175 178 179 179 181 184 185 185 187 189 191 191 193 196 197 197 199 201 203 203 206 207 207 209 212 213 213 215 218 219 219 221 224 225 225 227 229 233 65535
0 0 3 6 7 7 9 12 13 13 15 17 19 19 21 24 25 25 27 30 31 33 33 35 35 37 39 41 41 44 45 45 47 49 49 51 51 53 55 55 57 60 61 61 63 66 67 67 69 71 73 73 75 78 79 79 82 83 83 85 88 89 89 91 93 95 95 98 99 99 101 104 105 105 107 110 111 111 113 116 117 117 119 121 125 65535
0 0 4 6 8 8 10 11 15 65535
0 3 3 5 7 7 9 12 13 13 15 17 19 19 21 24 25 25 27 29 31 31 33 35 37 39 41 41 43 45 47 47 49 51 53 53 55 55 57 59 61 63 63 66 67 67 69 69 71 73 75 75 77 77 79 81 81 83 86 88 89 89 91 94 95 95 97 97 100 101 103 103 105 107 109 109 111 113 115 115 117 120 121 121 123 126 127 127 129 131 133 133 135 138 139 139 141 144 145 145 147 150 151 151 153 156 157 157 159 162 163 163 165 168 169 169 171 173 175 175 177 180 181 181 181 183 186 187 189 189 191 193 195 195 197 200 201 201 203 205 207 207 209 212 213 213 215 217 219 219 221 223 225 227 229 229 231 233 235 235 237 239 241 241 243 245 247 247 249 251 253 253 255 258 259 259 261 264 265 265 267 270 271 273 273 275 277 279 279 281 284 285 285 287 290 291 291 293 295 297 297 299 301 303 303 303 305 307 310 311 311 313 316 317 317 319 322 323 323 325 328 329 329 331 333 335 335 337 339 341 341 343 346 347 347 349 351 353 353 355 357 359 359 361 363 365 365 367 369 371 371 373 375 377 377 379 381 383 383 385 388 389 389 389 391 394 395 397 397 399 401 403 403 405 407 409 409 409 411 414 415 417 417 419 422 423 423 425 428 429 429 431 433 435 435 437 439 441 441 443 445 445 447 450 451 451 453 455 457 457 459 461 463 463 465 467 469 469 471 473 475 475 477 480 481 481 483 486 487 487 489 492 493 493 495 497 499 499 501 504 505 505 507 510 511 511 513 516 517 517 519 521 523 523 525 528 529 529 529 531 531 534 535 537 539 541 541 543 545 547 547 549 552 553 553 553 555 557 559 561 561 563 566 567 567 569 571 573 573 575 577 579 579 581 583 585 585 587 590 591 591 593 595 597 597 599 602 603 603 605 607 609 609 611 613 615 615 617 617 619 621 623 623 625 628 629 629 631 633 635 635 637 639 641 641 643 645 647 647 649 651 653 653 655 657 659 662 662 663 666 668 668 669 669 671 674 676 676 677 680 682 684 684 686 687 690 690 692 694 696 696 698 699 702 705 65535
0 0 3 5 7 7 9 12 15 65535
0 0 4 6 8 8 10 11 14 14 16 18 20 20 22 23 26 26 28 30 32 32 34 36 36 38 40 40 42 43 46 46 48 49 52 52 54 56 58 58 60 62 62 64 65 68 68 70 70 72 73 76 76 78 78 79 82 82 84 86 88 88 90 92 92 93 96 96 98 100 100 102 103 106 106 106 108 110 112 114 114 116 118 118 120 122 122 124 125 128 128 129 132 132 134 135 138 138 140 142 142 144 145 148 148 150 153 65535
0 0 4 5 8 8 10 11 14 14 16 17 20 20 22 23 26 26 27 30 30 32 34 36 36 38 39 42 42 44 44 46 47 50 50 52 53 56 56 58 60 60 61 64 64 66 67 70 70 72 74 74 76 76 78 80 81 84 84 86 87 90 90 92 94 94 96 97 100 100 102 103 106 106 108 109 112 112 114 116 116 118 119 122 122 124 124 126 126 128 128 130 132 132 134 136 138 138 140 141 144 144 146 147 151 65535
0 0 4 6 8 8 10 12 14 14 16 17 20 20 22 23 26 26 28 29 32 32 34 36 38 38 40 41 44 44 46 47 50 50 52 54 56 56 58 60 60 62 64 66 68 68 68 68 70 72 74 74 74 76 78 79 82 84 84 86 86 88 90 92 92 94 96 98 98 100 102 104 104 106 108 110 110 112 113 116 116 118 120 122 122 124 125 128 128 130 132 132 133 136 136 138 138 140 142 144 144 146 148 150 150 152 153 156 156 158 160 160 162 164 166 166 168 170 170 172 174 176 176 178 180 182 182 184 186 188 188 190 192 194 194 196 197 200 200 202 203 206 206 208 210 210 212 213 216 216 218 220 221 224 224 224 224 226 228 230 230 232 234 234 236 236 238 240 242 242 244 246 248 248 250 251 254 254 256 258 260 260 262 264 264 266 268 270 270 270 272 274 274 276 278 278 280 281 284 284 286 287 290 290 292 294 296 296 297 300 300 302 302 304 304 306 306 308 308 310 310 312 312 314 314 316 317 320 320 322 323 326 326 328 329 332 332 334 335 338 338 340 341 344 344 346 347 350 350 352 353 356 356 358 360 362 362 363 366 366 368 368 370 370 372 374 376 376 378 379 383 65535
0 0 3 5 9 65535
0 0 3 5 9 65535
0 0 3 6 7 7 9 12 13 13 15 17 19 19 21 24 25 25 28 29 29 31 34 35 35 37 40 41 41 43 46 47 47 49 52 53 53 55 58 59 59 61 63 65 65 67 69 71 71 73 76 77 77 79 82 83 83 85 88 89 89 91 93 95 95 97 100 101 101 103 106 107 107 109 111 113 113 115 118 119 119 121 124 125 125 127 130 131 131 133 136 137 137 139 142 143 143 145 148 149 149 151 154 155 155 157 160 161 161 163 165 167 169 171 173 175 177 179 181 184 186 188 190 192 192 192 192 194 195 197 200 200 201 201 201 201 201 201 201 201 201 201 201 201 201 201 201 201 201 203 206 209 65535
0 0 3 6 8 8 9 12 14 14 16 18 20 20 21 24 26 26 28 30 32 32 33 36 38 38 39 42 44 44 46 48 50 50 52 54 54 55 58 60 60 61 64 66 66 66 67 70 72 74 74 76 78 80 80 82 84 86 86 87 90 92 92 94 96 96 98 100 102 102 103 106 108 108 110 112 112 113 116 118 118 118 118 120 122 124 126 126 128 130 132 132 133 136 138 138 139 142 144 144 145 148 148 149 152 154 154 155 158 160 160 161 164 166 166 168 170 170 171 174 177 65535
0 0 4 6 6 8 9 13 65535
0 0 3 3 5 5 7 9 9 11 13 13 15 17 17 19 21 21 23 25 25 27 29 29 32 33 35 35 38 39 41 41 44 45 47 47 49 51 53 53 55 57 57 59 61 61 63 63 66 67 69 69 72 73 75 75 78 79 81 81 83 85 85 87 89 89 91 93 95 95 98 99 103 65535
0 0 3 3 6 7 7 9 11 11 11 11 14 15 17 17 19 21 21 23 25 27 27 30 31 33 33 35 37 39 39 42 43 45 45 48 49 51 51 53 55 55 58 59 61 61 64 65 67 67 69 71 71 73 75 77 77 80 81 83 83 85 87 89 89 92 93 95 95 98 99 101 101 104 105 107 107 109 111 113 113 116 117 119 119 121 123 125 125 127 129 131 131 134 135 137 137 140 141 143 143 145 147 147 150 151 153 153 156 157 159 159 162 163 165 165 168 169 171 171 174 175 177 177 180 181 183 183 185 187 189 189 192 193 193 195 197 199 199 202 203 207 65535
0 0 3 6 8 8 9 12 14 14 15 18 20 20 22 24 26 26 27 30 30 32 34 34 35 38 40 40 41 44 46 46 47 50 52 52 54 56 58 58 59 62 64 64 66 68 70 70 72 74 74 76 78 78 79 82 84 84 85 88 90 90 91 94 96 96 97 100 102 102 103 106 108 108 110 112 114 114 116 118 120 120 122 124 126 126 128 130 132 132 133 136 138 138 139 142 144 144 145 148 150 150 151 154 156 156 158 160 162 162 164 166 166 167 170 172 172 173 176 178 178 179 182 184 184 185 188 190 190 191 194 196 196 198 200 202 202 203 206 208 208 209 212 214 214 215 218 220 220 221 224 226 226 228 230 232 232 234 236 238 238 239 242 244 244 246 248 250 250 251 254 256 256 258 260 262 262 264 266 268 268 269 272 274 274 275 278 280 280 282 284 286 286 288 290 293 65535
0 3 5 8 9 9 11 14 15 15 17 20 21 21 23 26 27 27 29 32 33 33 35 37 39 39 41 44 45 45 47 50 51 51 53 56 57 57 59 62 63 63 65 68 69 69 71 74 75 75 77 80 81 81 83 86 87 87 89 92 93 93 95 98 99 99 101 104 105 105 107 110 111 111 113 116 117 117 119 121 121 123 126 127 127 129 132 133 133 135 138 139 139 141 144 145 145 147 150 151 151 153 156 157 157 159 162 163 163 165 168 169 169 171 174 175 175 177 180 181 181 183 186 187 187 189 192 193 193 195 198 199 199 201 204 205 205 207 210 211 211 213 216 217 217 219 222 223 223 225 228 229 229 231 234 235 235 237 240 241 241 243 246 247 247 249 252 253 253 255 258 259 259 261 264 265 265 267 270 271 271 273 276 277 277 279 282 283 283 285 288 289 289 291 294 295 295 297 300 301 301 303 306 307 307 309 312 313 313 316 317 317 319 322 323 323 325 327 329 332 332 333 333 335 338 339 339 341 343 343 345 348 349 349 351 354 355 355 357 360 361 361 363 366 367 367 369 372 373 373 375 378 379 379 381 384 385 385 387 390 391 391 393 396 397 397 399 402 403 403 405 408 409 409 411 414 415 415 417 420 421 421 423 426 427 427 429 432 433 433 435 438 439 439 441 444 445 445 447 450 451 451 455 65535

0 3 5 7 9 9 11 13 15 15 17 19 21 21 23 25 27 27 29 31 33 33 35 37 39 39 41 43 45 45 47 49 51 51 53 55 57 57 59 61 63 63 65 67 69 69 71 73 75 75 77 79 81 81 83 85 87 87 91 65535
0 3 6 7 9 9 12 13 15 15 18 19 21 21 24 25 27 27 30 31 33 33 36 37 39 39 42 43 45 45 48 49 51 51 54 55 57 57 60 61 63 63 66 67 69 69 72 73 75 75 75 78 79 81 81 84 85 87 87 90 91 93 93 96 97 99 99 102 103 105 105 108 109 111 111 114 115 117 117 120 121 123 123 126 127 129 129 131 134 135 137 137 140 141 143 143 146 147 149 149 151 153 155 155 157 159 161 161 164 165 167 167 169 171 173 173 175 177 180 180 181 183 183 186 187 189 189 191 193 195 195 197 199 201 201 203 205 207 207 209 211 213 213 215 217 220 220 221 223 223 225 227 229 229 231 233 235 235 237 239 241 241 243 245 247 247 249 251 253 255 255 257 257 260 261 263 263 266 267 269 269 271 273 275 275 278 279 281 281 284 285 287 287 290 291 293 293 296 297 299 299 302 303 305 305 308 309 311 311 314 315 317 317 320 321 323 323 326 327 329 329 332 333 335 335 338 339 341 341 344 345 347 347 350 351 353 353 356 357 359 359 362 363 365 365 368 369 371 371 374 375 377 377 380 381 383 383 386 387 389 389 392 393 395 395 398 399 401 401 404 405 407 407 410 411 413 413 416 417 419 419 422 423 425 425 428 429 431 431 434 435 437 437 440 441 443 443 447 65535

0 3 6 7 9 9 12 13 15 15 18 19 21 21 24 25 27 27 30 31 33 33 36 37 39 39 42 43 45 45 48 49 51 51 54 55 57 57 60 61 63 63 66 67 69 69 72 73 75 75 75 78 79 81 81 84 85 87 87 90 91 93 93 96 97 99 99 102 103 105 105 108 109 111 111 114 115 117 117 120 121 123 123 126 127 129 129 131 134 135 137 137 140 141 143 143 146 147 149 149 151 153 155 155 157 159 161 161 164 165 167 167 169 171 173 173 175 177 180 180 181 183 183 186 187 189 189 191 193 195 195 197 199 201 201 203 205 207 207 209 211 213 213 215 217 220 220 221 223 223 225 227 229 229 231 233 235 235 237 239 241 241 243 245 247 247 249 251 253 255 255 257 257 260 261 263 263 266 267 269 269 271 273 275 275 278 279 281 281 284 285 287 287 290 291 293 293 296 297 299 299 302 303 305 305 308 309 311 311 314 315 317 317 320 321 323 323 326 327 329 329 332 333 335 335 338 339 341 341 344 345 347 347 350 351 353 353 356 357 359 359 362 363 365 365 368 369 371 371 374 375 377 377 380 381 383 383 386 387 389 389 392 393 395 395 398 399 401 401 404 405 407 407 410 411 413 413 416 417 419 419 422 423 425 425 428 429 431 431 434 435 437 437 440 441 443 443 447 65535


0 3 5 7 9 9 11 13 15 15 17 19 21 21 23 25 27 27 29 31 33 33 35 37 39 39 41 43 45 45 47 49 51 51 53 55 57 57 59 61 63 63 65 67 69 69 71 73 75 75 77 79 81 81 83 85 87 87 91 65535
0 3 5 7 9 9 11 13 15 15 17 19 21 21 23 25 27 27 29 31 33 33 35 37 39 39 41 43 45 45 47 49 51 51 53 55 57 57 59 61 63 63 65 67 69 69 71 73 75 75 77 79 81 81 83 85 87 87 91 65535
0 3 5 7 9 9 11 13 15 15 17 19 21 21 23 25 27 27 29 31 33 33 35 37 39 39 41 43 45 45 47 49 51 51 53 55 57 57 59 61 63 63 65 67 69 69 71 73 75 75 77 79 81 81 83 85 87 87 91 65535



0 4 4 6 7 10 10 12 13 16 16 18 19 22 22 24 25 28 28 30 31 34 34 36 38 40 40 42 43 46 46 48 49 52 52 54 55 58 58 60 61 64 64 66 67 70 70 72 73 76 76 78 79 82 82 84 85 88 88 90 91 94 94 96 97 100 100 102 103 106 106 108 109 112 112 114 115 118 118 120 122 122 124 125 128 128 130 131 134 134 136 137 140 140 142 143 146 146 148 149 152 152 154 155 158 158 160 161 164 164 166 167 170 170 172 173 176 176 178 179 182 182 184 185 188 188 190 191 194 194 196 197 200 200 202 203 206 206 208 209 212 212 214 215 218 218 220 221 224 224 226 227 230 230 232 233 236 236 238 239 242 242 244 245 248 248 250 251 254 254 256 257 260 260 262 263 266 266 268 269 272 272 274 275 278 278 280 281 284 284 286 287 290 290 292 293 296 296 298 299 302 302 304 305 308 308 310 311 311 314 315 318 318 320 321 324 324 326 326 328 330 331 334 334 336 337 340 340 342 344 344 346 347 350 350 352 353 356 356 358 359 362 362 364 365 368 368 370 371 374 374 376 377 380 380 382 383 386 386 388 389 392 392 394 395 398 398 400 401 404 404 406 407 410 410 412 413 416 416 418 419 422 422 424 425 428 428 430 431 434 434 436 437 440 440 442 443 446 446 448 449 452 455 65535
0 4 4 5 8 10 10 11 14 16 16 17 20 22 22 23 26 28 28 29 32 34 34 35 38 40 40 41 44 46 46 47 50 52 52 53 56 58 58 59 62 64 64 65 68 70 70 70 71 74 76 76 77 80 82 82 83 86 88 88 89 92 94 94 95 98 100 100 101 104 106 106 107 110 112 112 113 116 118 118 119 122 124 124 125 128 130 132 132 133 136 138 138 139 142 144 144 145 148 150 150 152 154 156 156 158 160 162 162 163 166 168 168 170 172 174 174 176 178 178 179 182 184 184 185 188 190 190 192 194 196 196 198 200 202 202 204 206 208 208 210 212 214 214 216 218 218 219 222 224 224 226 228 230 230 232 234 236 236 238 240 242 242 244 246 248 248 250 252 252 254 256 258 258 259 262 264 264 265 268 270 270 272 274 276 276 277 280 282 282 283 286 288 288 289 292 294 294 295 298 300 300 301 304 306 306 307 310 312 312 313 316 318 318 319 322 324 324 325 328 330 330 331 334 336 336 337 340 342 342 343 346 348 348 349 352 354 354 355 358 360 360 361 364 366 366 367 370 372 372 373 376 378 378 379 382 384 384 385 388 390 390 391 394 396 396 397 400 402 402 403 406 408 408 409 412 414 414 415 418 420 420 421 424 426 426 427 430 432 432 433 436 438 438 439 442 444 447 65535
0 4 4 6 8 10 10 12 14 16 16 18 20 22 22 24 26 28 28 30 32 34 34 36 38 40 40 42 44 46 46 48 50 52 52 54 56 58 58 60 62 64 64 66 68 70 70 72 74 76 76 78 80 82 82 84 86 88 91 65535

0 4 4 5 8 10 10 11 14 16 16 17 20 22 22 23 26 28 28 29 32 34 34 35 38 40 40 41 44 46 46 47 50 52 52 53 56 58 58 59 62 64 64 65 68 70 70 70 71 74 76 76 77 80 82 82 83 86 88 88 89 92 94 94 95 98 100 100 101 104 106 106 107 110 112 112 113 116 118 118 119 122 124 124 125 128 130 132 132 133 136 138 138 139 142 144 144 145 148 150 150 152 154 156 156 158 160 162 162 163 166 168 168 170 172 174 174 176 178 178 179 182 184 184 185 188 190 190 192 194 196 196 198 200 202 202 204 206 208 208 210 212 214 214 216 218 218 219 222 224 224 226 228 230 230 232 234 236 236 238 240 242 242 244 246 248 248 250 252 252 254 256 258 258 259 262 264 264 265 268 270 270 272 274 276 276 277 280 282 282 283 286 288 288 289 292 294 294 295 298 300 300 301 304 306 306 307 310 312 312 313 316 318 318 319 322 324 324 325 328 330 330 331 334 336 336 337 340 342 342 343 346 348 348 349 352 354 354 355 358 360 360 361 364 366 366 367 370 372 372 373 376 378 378 379 382 384 384 385 388 390 390 391 394 396 396 397 400 402 402 403 406 408 408 409 412 414 414 415 418 420 420 421 424 426 426 427 430 432 432 433 436 438 438 439 442 444 447 65535
0 4 4 6 8 10 10 12 14 16 16 18 20 22 22 24 26 28 28 30 32 34 34 36 38 40 40 42 44 46 46 48 50 52 52 54 56 58 58 60 62 64 64 66 68 70 70 72 74 76 76 78 80 82 82 84 86 88 91 65535
0 3 3 5 8 9 9 11 14 15 15 17 20 21 21 23 26 27 27 29 32 33 33 35 38 39 39 41 44 45 45 47 50 51 51 53 56 57 57 59 62 63 63 65 68 69 69 71 74 75 75 77 80 81 81 83 86 87 87 89 92 93 93 95 98 99 99 101 104 105 105 107 110 111 111 113 116 117 117 119 122 123 123 125 128 129 129 131 134 135 135 137 140 141 141 143 146 147 147 149 152 153 153 155 157 157 159 162 163 163 165 168 169 169 171 174 175 175 177 180 181 181 183 186 187 187 189 192 193 193 195 198 199 199 201 204 205 205 207 210 211 211 213 216 217 217 219 222 223 223 225 228 229 229 231 234 235 235 237 240 241 241 243 246 247 247 249 252 253 253 255 258 259 259 261 264 265 265 267 270 271 271 273 276 277 277 279 282 283 283 285 288 289 289 291 294 295 295 297 300 301 301 303 306 307 307 309 312 313 313 315 318 319 319 321 324 325 325 327 330 331 331 333 336 337 337 339 342 343 343 345 348 349 349 351 354 355 355 357 360 361 361 363 366 367 367 369 372 373 373 375 378 379 379 381 383 383 385 388 389 389 391 394 395 395 397 400 401 401 403 406 407 407 409 412 413 413 415 418 419 419 421 424 425 425 427 430 431 431 433 436 437 437 439 442 443 443 445 448 449 449 451 454 455 455 457 460 461 461 463 466 467 467 469 472 473 473 475 478 479 479 481 484 485 485 487 490 491 491 493 496 497 497 499 501 501 503 506 507 507 509 512 513 513 515 518 519 519 521 524 525 525 527 530 531 531 533 536 537 537 539 542 543 543 545 548 549 549 551 554 555 555 557 560 561 561 563 566 567 567 569 572 573 573 575 578 579 579 581 584 585 585 587 590 591 591 593 596 597 597 599 602 603 603 605 608 609 609 611 614 615 615 617 620 621 621 623 626 627 627 629 632 633 633 635 638 639 639 641 644 645 645 647 650 651 651 653 656 657 657 660 661 661 663 666 667 667 669 672 673 673 675 678 679 679 681 684 685 685 687 690 691 691 693 696 697 697 699 702 703 703 705 708 709 709 711 714 715 715 717 720 721 721 723 726 727 727 729 732 733 733 735 738 739 739 741 744 745 745 747 750 751 751 753 756 757 757 759 762 763 763 765 768 769 769 771 774 775 775 777 780 781 781 783 786 787 787 789 792 793 793 796 797 797 799 802 803 803 805 808 809 809 811 814 815 815 817 820 821 821 823 826 827 827 829 832 833 833 835 838 839 839 841 844 845 845 847 850 851 851 853 856 857 857 859 862 863 863 865 868 869 869 871 874 875 875 877 880 881 881 883 886 887 887 889 892 893 893 895 898 899 899 901 904 905 905 907 910 911 911 913 916 917 917 919 922 923 923 925 928 929 929 931 934 935 935 937 940 941 941 943 946 947 947 949 952 953 953 955 958 959 959 961 964 965 965 967 970 971 971 973 976 977 977 979 982 983 983 985 988 989 989 991 994 995 995 997 1000 1001 1001 1003 1006 1007 1007 1009 1012 1013 1013 1015 1018 1019 1019 1021 1024 1025 1025 1027 1030 1031 1031 1033 1036 1037 1037 1039 1042 1043 1043 1045 1048 1049 1049 1051 1054 1055 1055 1057 1060 1061 1061 1063 1066 1067 1067 1069 1072 1073 1073 1075 1078 1079 1079 1081 1084 1085 1085 1087 1090 1091 1091 1093 1096 1097 1097 1099 1102 1103 1103 1105 1108 1109 1109 1111 1114 1115 1115 1117 1120 1121 1121 1123 1126 1127 1127 1129 1132 1133 1133 1135 1138 1139 1139 1141 1144 1145 1145 1147 1150 1151 1151 1153 1156 1157 1157 1159 1162 1163 1163 1165 1168 1169 1169 1171 1174 1175 1175 1177 1180 1181 1181 1183 1186 1187 1187 1189 1192 1193 1193 1195 1198 1199 1199 1201 1204 1205 1205 1207 1210 1211 1211 1213 1216 1217 1217 1219 1222 1223 1223 1225 1228 1229 1229 1231 1234 1235 1235 1237 1240 1241 1241 1243 1246 1247 1247 1249 1252 1253 1253 1255 1258 1259 1259 1261 1264 1265 1265 1267 1270 1271 1271 1273 1276 1277 1277 1280 1281 1281 1283 1286 1287 1287 1289 1292 1293 1293 1295 1298 1299 1299 1301 1304 1305 1305 1307 1310 1311 1311 1313 1316 1317 1317 1319 1322 1323 1323 1325 1328 1329 1329 1331 1334 1335 1335 1337 1340 1341 1341 1343 1346 1347 1347 1349 1352 1353 1353 1355 1358 1359 1359 1361 1364 1365 1365 1367 1370 1371 1371 1373 1376 1377 1377 1379 1382 1383 1383 1385 1388 1389 1389 1391 1394 1395 1395 1397 1400 1401 1401 1403 1406 1407 1407 1409 1412 1413 1413 1415 1418 1419 1419 1421 1424 1425 1425 1427 1430 1431 1431 1433 1436 1437 1437 1439 1442 1443 1443 1445 1448 1449 1449 1451 1454 1455 1455 1457 1460 1461 1461 1463 1466 1467 1467 1469 1472 1473 1473 1475 1478 1479 1479 1481 1484 1485 1485 1487 1490 1491 1491 1493 1496 1497 1497 1499 1502 1503 1503 1505 1508 1509 1509 1511 1514 1515 1515 1517 1520 1521 1521 1523 1526 1527 1527 1529 1532 1533 1533 1535 1538 1539 1539 1542 1543 1543 1545 1548 1549 1549 1551 1554 1555 1555 1557 1560 1561 1561 1563 1566 1567 1567 1569 1572 1573 1573 1575 1578 1579 1581 1581 1583 1586 1587 1587 1589 1592 1593 1593 1595 1597 1599 1599 1601 1604 1605 1605 1607 1610 1611 1611 1613 1613 1615 1617 1620 1621 1621 1623 1626 1627 1627 1629 1631 1631 1633 1636 1637 1637 1639 1642 1643 1643 1645 1648 1649 1649 1649 1651 1653 1656 1657 1657 1659 1659 1661 1663 1666 1667 1667 1669 1669 1671 1674 1675 1677 1677 1679 1682 1683 1683 1685 1688 1689 1689 1691 1694 1695 1695 1697 1699 1701 1701 1703 1703 1705 1707 1710 1711 1711 1713 1716 1717 1717 1719 1722 1723 1723 1725 1728 1729 1729 1731 1733 1735 1735 1737 1740 1741 1741 1743 1746 1747 1747 1749 1752 1753 1753 1755 1755 1757 1759 1762 1763 1763 1766 1767 1767 1769 1772 1773 1773 1775 1778 1779 1779 1781 1784 1785 1785 1787 1790 1791 1791 1793 1796 1797 1797 1799 1802 1803 1803 1805 1807 1809 1809 1811 1814 1815 1815 1817 1820 1821 1821 1823 1826 1827 1827 1829 1832 1833 1833 1835 1838 1839 1839 1841 1844 1845 1845 1847 1847 1849 1852 1853 1855 1855 1857 1860 1861 1861 1863 1865 1867 1867 1869 1871 1871 1873 1875 1875 1877 1880 1881 1881 1883 1883 1885 1887 1890 1891 1891 1893 1896 1897 1897 1899 1902 1903 1903 1905 1908 1909 1909 1911 1914 1915 1915 1917 1919 1921 1921 1923 1926 1927 1927 1929 1932 1933 1933 1935 1938 1939 1939 1941 1941 1943 1946 1947 1949 1949 1951 1954 1955 1955 1957 1960 1961 1961 1963 1965 1967 1967 1969 1972 1973 1973 1975 1977 1977 1979 1979 1981 1983 1986 1987 1987 1989 1992 1993 1993 1995 1995 1997 2000 2001 2001 2003 2003 2005 2008 2009 2011 2011 2013 2016 2017 2017 2019 2022 2023 2023 2025 2028 2029 2029 2031 2034 2035 2035 2037 2040 2041 2041 2043 2046 2047 2047 2049 2052 2053 2053 2055 2058 2059 2059 2061 2064 2065 2065 2067 2070 2071 2071 2073 2076 2077 2077 2079 2082 2083 2083 2086 2087 2087 2089 2092 2093 2093 2095 2098 2099 2099 2101 2104 2105 2105 2107 2110 2111 2111 2113 2116 2117 2117 2119 2122 2123 2123 2125 2128 2129 2129 2131 2134 2135 2135 2137 2140 2141 2141 2143 2146 2147 2147 2149 2152 2153 2153 2155 2158 2159 2159 2159 2161 2163 2165 2168 2169 2169 2171 2174 2175 2175 2177 2180 2181 2181 2183 2183 2185 2188 2189 2191 2191 2193 2196 2197 2197 2199 2202 2203 2203 2205 2208 2209 2209 2211 2214 2215 2215 2217 2217 2219 2222 2223 2225 2225 2227 2230 2231 2231 2233 2235 2237 2237 2239 2239 2241 2244 2245 2247 2247 2247 2249 2251 2253 2256 2257 2257 2259 2259 2261 2264 2265 2265 2267 2270 2271 2271 2273 2276 2277 2277 2279 2282 2283 2283 2285 2288 2289 2289 2291 2294 2295 2295 2297 2300 2301 2301 2303 2306 2307 2307 2309 2311 2313 2313 2315 2318 2319 2319 2321 2324 2325 2325 2327 2330 2331 2333 2333 2335 2338 2339 2339 2341 2344 2345 2345 2347 2350 2351 2351 2353 2356 2357 2357 2359 2362 2363 2363 2365 2368 2369 2369 2371 2374 2375 2375 2377 2380 2381 2381 2383 2386 2387 2387 2389 2392 2393 2393 2395 2398 2399 2399 2401 2404 2405 2405 2407 2410 2411 2411 2413 2416 2417 2417 2419 2422 2423 2423 2425 2428 2429 2429 2431 2433 2433 2435 2438 2439 2439 2441 2444 2445 2445 2447 2450 2451 2451 2453 2456 2457 2457 2459 2462 2463 2463 2465 2468 2469 2469 2471 2474 2475 2475 2477 2480 2481 2481 2483 2486 2487 2487 2490 2491 2491 2493 2496 2497 2497 2499 2502 2503 2503 2505 2508 2509 2509 2511 2514 2515 2515 2517 2520 2521 2521 2523 2526 2527 2527 2529 2532 2533 2533 2535 2538 2539 2539 2541 2544 2545 2545 2547 2550 2551 2551 2553 2556 2557 2557 2559 2562 2563 2563 2565 2568 2569 2569 2571 2574 2575 2575 2577 2580 2581 2581 2583 2586 2587 2587 2589 2592 2593 2593 2595 2598 2599 2599 2601 2604 2605 2605 2607 2610 2611 2611 2613 2615 2615 2617 2620 2621 2621 2623 2626 2627 2627 2629 2632 2633 2633 2635 2638 2639 2639 2641 2644 2645 2647 2647 2649 2652 2653 2655 2655 2657 2660 2661 2661 2663 2666 2667 2667 2669 2672 2673 2673 2675 2678 2679 2679 2681 2684 2685 2685 2687 2690 2691 2691 2693 2696 2697 2697 2699 2702 2703 2703 2705 2708 2709 2709 2711 2714 2715 2715 2717 2720 2721 2721 2723 2726 2727 2727 2729 2732 2733 2733 2735 2738 2739 2739 2741 2744 2745 2745 2747 2750 2751 2751 2753 2756 2757 2757 2759 2762 2763 2763 2765 2768 2769 2769 2771 2774 2775 2775 2777 2780 2781 2781 2783 2786 2787 2787 2789 2792 2793 2793 2795 2798 2799 2799 2801 2804 2805 2805 2807 2810 2811 2811 2813 2816 2817 2817 2819 2822 2823 2823 2825 2828 2829 2829 2831 2834 2835 2835 2837 2840 2841 2841 2843 2846 2847 2847 2849 2852 2853 2853 2855 2858 2859 2859 2861 2864 2865 2865 2867 2870 2871 2871 2873 2876 2877 2877 2879 2882 2883 2883 2885 2888 2889 2889 2891 2894 2895 2895 2897 2900 2901 2901 2903 2906 2907 2907 2909 2912 2913 2913 2915 2918 2919 2919 2921 2924 2925 2925 2927 2930 2931 2931 2933 2936 2937 2937 2939 2942 2943 2943 2945 2948 2949 2949 2951 2954 2955 2955 2957 2960 2961 2961 2963 2966 2967 2967 2969 2972 2973 2973 2976 2977 2977 2979 2982 2983 2983 2985 2988 2989 2989 2991 2994 2995 2995 2997 3000 3001 3001 3003 3006 3007 3007 3009 3012 3013 3013 3015 3018 3019 3019 3021 3024 3025 3025 3027 3030 3031 3031 3033 3036 3037 3037 3039 3042 3043 3043 3045 3048 3049 3049 3051 3054 3055 3055 3057 3060 3061 3061 3063 3066 3067 3067 3069 3072 3073 3073 3075 3078 3079 3079 3081 3084 3085 3085 3087 3090 3091 3091 3093 3096 3097 3097 3099 3102 3103 3103 3105 3108 3109 3109 3111 3114 3115 3115 3117 3120 3121 3121 3123 3126 3127 3127 3129 3132 3133 3137 65535

0 3 3 5 7 9 9 11 13 15 15 17 19 21 21 23 25 25 27 29 31 31 33 35 37 37 39 41 43 43 45 47 47 49 51 53 53 55 57 57 59 61 63 63 65 67 69 69 71 73 75 75 77 79 81 81 83 85 87 87 89 91 93 93 95 97 99 99 101 103 105 105 107 109 111 111 113 115 117 117 119 121 123 123 125 127 129 129 131 133 135 135 137 139 141 141 143 145 147 147 149 151 153 153 155 157 159 159 161 163 165 165 167 169 171 171 173 175 177 177 179 181 183 183 185 187 189 189 191 193 193 195 197 199 199 201 203 205 205 207 209 211 211 213 215 217 217 219 221 223 223 225 227 229 229 231 233 235 235 237 239 241 241 243 245 247 247 249 251 253 253 255 257 259 259 261 263 265 265 267 269 271 271 273 275 277 277 279 281 283 283 285 287 289 289 291 291 293 295 297 299 299 301 303 305 305 307 309 311 311 313 315 317 317 319 321 323 323 325 327 329 329 331 333 335 335 337 339 341 341 343 345 347 347 349 351 353 353 355 357 359 359 361 363 365 365 367 369 371 371 373 375 377 377 379 381 383 383 385 387 389 389 391 393 395 395 397 399 401 401 403 405 407 407 409 411 413 413 415 417 419 419 421 423 425 425 427 429 431 431 433 433 435 437 439 439 441 443 445 445 447 449 451 451 453 455 457 457 459 461 463 463 465 467 469 469 471 473 475 475 477 479 481 481 483 485 487 487 489 491 493 495 495 497 499 501 501 503 505 507 507 509 511 513 513 515 517 519 519 521 523 525 525 527 529 531 531 533 535 537 537 539 541 543 543 545 545 547 549 551 553 553 555 557 559 559 561 563 565 565 567 569 571 571 573 575 577 577 579 581 583 583 585 587 589 589 591 593 595 595 597 599 601 601 603 605 607 607 609 611 613 613 615 617 619 621 621 623 625 627 627 629 631 633 633 635 637 639 639 641 643 645 645 647 649 651 651 653 655 657 657 659 661 663 663 665 667 669 669 671 673 675 675 677 679 681 681 683 685 687 687 689 691 693 693 695 697 699 699 701 703 705 705 707 709 711 711 713 716 717 717 719 721 723 723 725 727 729 731 731 733 735 737 737 739 741 743 743 745 747 749 749 751 753 755 755 757 759 761 761 763 765 767 767 769 771 773 773 775 777 779 779 781 783 785 785 787 789 791 791 793 795 797 797 799 801 803 803 805 807 809 809 811 813 815 815 817 819 821 821 823 825 827 827 829 831 833 833 835 837 839 839 841 843 845 845 847 849 851 851 853 855 857 857 859 861 863 863 865 867 869 869 871 873 873 875 877 879 879 881 883 885 885 887 889 891 891 893 895 897 897 899 901 903 903 905 907 909 909 911 913 915 915 917 919 921 921 923 925 927 927 929 931 933 933 935 937 939 939 941 943 945 945 947 949 951 951 953 955 957 957 959 961 963 963 965 967 969 969 971 973 975 975 977 979 981 981 983 985 987 987 989 991 993 993 995 997 999 999 1001 1003 1005 1005 1007 1009 1011 1011 1013 1015 1017 1017 1019 1021 1023 1023 1025 1027 1029 1029 1031 1033 1035 1035 1037 1039 1041 1041 1043 1045 1047 1047 1049 1051 1053 1053 1055 1057 1059 1059 1061 1063 1065 1065 1067 1069 1071 1071 1073 1075 1077 1077 1079 1081 1083 1083 1085 1087 1089 1089 1091 1093 1095 1095 1097 1099 1101 1101 1103 1105 1107 1107 1109 1111 1113 1113 1115 1117 1119 1119 1121 1123 1125 1125 1127 1129 1131 1131 1133 1135 1137 1137 1139 1141 1143 1143 1145 1147 1149 1149 1151 1153 1155 1155 1157 1159 1161 1161 1163 1165 1167 1167 1169 1171 1173 1173 1175 1177 1179 1179 1181 1183 1185 1185 1187 1189 1191 1191 1193 1195 1197 1197 1199 1201 1203 1203 1205 1207 1209 1209 1211 1213 1215 1215 1217 1219 1221 1221 1223 1225 1227 1227 1229 1231 1233 1233 1235 1237 1239 1239 1241 1243 1245 1247 1249 1251 1253 1253 1255 1257 1259 1259 1261 1263 1265 1265 1267 1269 1271 1271 1273 1275 1277 1277 1279 1281 1283 1283 1285 1287 1289 1289 1291 1293 1295 1297 1297 1299 1301 1303 1303 1305 1307 1309 1309 1311 1313 1315 1315 1317 1319 1321 1321 1323 1325 1327 1327 1329 1331 1333 1335 1337 1339 1341 1343 1345 1345 1347 1349 1351 1353 1355 1357 1359 1361 1363 1363 1365 1367 1369 1369 1371 1373 1375 1375 1377 1379 1381 1383 1385 1385 1387 1389 1389 1391 1393 1395 1397 1399 1401 1403 1403 1405 1407 1409 1409 1411 1413 1415 1415 1417 1419 1421 1421 1423 1425 1427 1427 1429 1431 1433 1435 1435 1437 1439 1441 1441 1443 1445 1447 1447 1449 1451 1453 1453 1455 1457 1459 1459 1461 1463 1465 1465 1467 1469 1471 1473 1475 1477 1479 1479 1481 1483 1485 1485 1487 1489 1491 1491 1493 1495 1497 1501 65535

0 3 3 5 7 9 9 11 13 15 15 17 19 21 21 23 25 27 27 29 31 33 33 35 37 39 39 41 43 45 45 47 49 51 51 53 55 57 57 59 61 63 63 65 67 69 69 71 73 75 75 77 79 81 81 83 85 87 87 89 91 91 93 95 97 97 99 101 103 103 105 107 109 109 111 113 115 115 117 117 119 121 123 125 125 127 129 131 131 133 135 137 137 139 141 143 143 145 147 149 149 151 153 155 155 157 159 161 161 163 165 167 167 169 171 173 173 175 177 179 179 181 183 185 185 187 189 191 191 193 195 197 197 199 201 203 203 205 205 207 209 211 213 213 215 217 219 219 221 223 225 225 227 229 231 231 233 235 237 237 239 241 243 243 245 245 247 249 251 253 253 255 257 259 259 261 263 263 265 267 269 269 271 273 275 275 277 277 279 281 283 285 285 287 289 291 291 293 295 297 297 299 301 303 303 305 307 309 309 311 313 315 315 317 319 319 321 323 325 325 327 329 329 331 333 335 335 337 339 341 341 343 345 347 347 349 351 353 353 355 357 359 359 361 363 365 365 367 369 371 371 373 375 377 377 379 381 383 383 385 387 389 389 391 393 395 395 397 399 401 401 403 405 407 407 409 411 413 413 415 417 419 419 421 423 425 425 427 429 431 431 433 435 437 437 439 441 443 443 445 447 449 449 451 453 455 455 457 459 461 461 463 465 465 467 469 471 471 473 475 477 477 479 481 481 483 485 487 487 489 491 493 493 495 497 499 499 501 503 505 505 507 509 511 511 513 515 517 517 519 521 523 523 525 527 529 529 531 533 535 535 537 539 541 541 543 545 547 547 549 551 553 553 555 557 559 559 561 563 565 565 567 569 571 571 573 575 577 577 579 581 583 583 585 587 589 593 65535
0 4 4 6 8 10 10 12 14 16 16 18 20 22 22 24 26 28 28 30 32 34 34 36 38 40 40 42 44 46 46 48 50 52 52 54 56 58 58 60 62 64 64 66 68 70 70 72 74 76 76 78 80 82 82 84 86 88 88 90 92 94 94 96 98 100 100 102 104 106 106 108 110 112 112 114 116 118 118 120 122 124 124 126 128 128 130 132 134 134 136 138 140 140 142 144 146 146 148 150 152 152 154 156 158 158 160 162 164 164 166 168 170 170 172 174 176 176 178 180 180 182 184 186 186 188 190 192 192 194 196 198 198 200 202 204 204 206 208 210 210 212 214 216 216 218 220 222 222 224 226 228 228 230 232 234 234 236 238 240 240 242 244 246 246 248 250 252 252 254 256 258 258 260 262 264 264 266 268 270 270 272 274 276 276 278 280 282 282 284 286 288 288 290 292 294 294 296 298 300 300 302 304 306 306 308 310 312 312 314 316 318 318 320 322 324 324 326 328 330 330 332 334 336 336 338 340 342 342 344 346 348 348 350 352 352 354 356 358 358 360 362 364 364 366 368 370 370 372 374 376 376 378 380 382 382 384 386 388 388 390 392 394 394 396 398 400 400 402 404 406 406 408 410 412 412 414 416 418 418 420 422 424 424 426 428 430 430 432 434 436 436 438 440 442 442 444 446 448 448 450 452 454 454 456 458 460 460 462 464 466 468 468 470 472 474 476 478 478 480 482 484 484 486 488 490 490 492 494 496 496 498 500 502 504 506 506 508 510 512 512 514 516 518 518 520 522 524 526 528 530 532 532 534 536 538 538 540 542 544 546 548 548 550 552 554 556 558 560 562 564 566 566 568 570 572 572 574 576 578 578 580 582 584 586 588 588 590 592 594 596 598 598 600 602 604 604 606 608 610 612 614 614 616 618 620 620 622 624 626 626 628 630 632 632 634 636 638 638 640 642 644 646 648 648 650 652 654 656 656 658 660 662 662 664 666 668 668 670 672 674 674 676 678 680 680 682 684 686 686 688 690 692 694 696 698 700 700 702 704 706 706 708 710 712 714 714 716 718 718 720 722 724 724 726 728 730 732 732 734 736 738 740 742 744 746 748 750 750 752 754 756 758 760 760 762 764 766 768 770 772 774 776 778 780 782 782 784 786 788 788 790 792 794 796 798 798 800 802 804 806 808 810 812 812 814 816 818 820 822 822 824 826 828 830 832 834 836 838 840 842 844 846 848 850 852 854 856 856 858 860 862 864 866 868 871 65535
0 4 4 6 8 10 10 12 14 16 16 18 20 22 22 24 26 28 28 30 32 34 34 36 38 40 40 42 44 46 46 48 50 52 52 54 56 58 58 60 62 64 64 66 68 70 70 72 74 76 76 78 80 82 82 84 86 88 88 90 92 94 94 96 98 100 100 102 104 106 106 108 110 112 112 114 116 118 118 120 122 124 124 126 128 128 130 132 134 134 136 138 140 140 142 144 146 146 148 150 152 152 154 156 158 158 160 162 164 164 166 168 170 170 172 174 176 176 178 180 180 182 184 186 186 188 190 192 192 194 196 198 198 200 202 204 204 206 208 210 210 212 214 216 216 218 220 222 222 224 226 228 228 230 232 234 234 236 238 240 240 242 244 246 246 248 250 252 252 254 256 258 258 260 262 264 264 266 268 270 270 272 274 276 276 278 280 282 282 284 286 288 288 290 292 294 294 296 298 300 300 302 304 306 306 308 310 312 312 314 316 318 318 320 322 324 324 326 328 330 330 332 334 336 336 338 340 342 342 344 346 348 348 350 352 352 354 356 358 358 360 362 364 364 366 368 370 370 372 374 376 376 378 380 382 382 384 386 388 388 390 392 394 394 396 398 400 400 402 404 406 406 408 410 412 412 414 416 418 418 420 422 424 424 426 428 430 430 432 434 436 436 438 440 442 442 444 446 448 448 450 452 454 454 456 458 460 460 462 464 466 468 468 470 472 474 476 478 478 480 482 484 484 486 488 490 490 492 494 496 496 498 500 502 504 506 506 508 510 512 512 514 516 518 518 520 522 524 526 528 530 532 532 534 536 538 538 540 542 544 546 548 548 550 552 554 556 558 560 562 564 566 566 568 570 572 572 574 576 578 578 580 582 584 586 588 588 590 592 594 596 598 598 600 602 604 604 606 608 610 612 614 614 616 618 620 620 622 624 626 626 628 630 632 632 634 636 638 638 640 642 644 646 648 648 650 652 654 656 656 658 660 662 662 664 666 668 668 670 672 674 674 676 678 680 680 682 684 686 686 688 690 692 694 696 698 700 700 702 704 706 706 708 710 712 714 714 716 718 718 720 722 724 724 726 728 730 732 732 734 736 738 740 742 744 746 748 750 750 752 754 756 758 760 760 762 764 766 768 770 772 774 776 778 780 782 782 784 786 788 788 790 792 794 796 798 798 800 802 804 806 808 810 812 812 814 816 818 820 822 822 824 826 828 830 832 834 836 838 840 842 844 846 848 850 852 854 856 856 858 860 862 864 866 868 871 65535
0 4 4 6 8 10 10 12 14 16 16 18 20 22 22 24 26 28 28 30 32 34 34 36 38 40 40 42 44 46 46 48 50 52 52 54 56 58 58 60 62 64 64 66 68 70 70 72 74 76 76 78 80 82 82 84 86 88 91 65535



0 3 5 7 9 11 11 13 15 17 19 21 21 23 25 25 27 29 31 31 33 35 35 37 39 41 41 43 45 47 47 49 51 53 55 57 59 59 61 63 63 65 67 69 71 73 73 75 77 79 81 83 83 85 87 89 91 91 93 95 97 99 101 103 105 107 109 109 111 113 115 117 119 121 121 123 127 65535
0 0 3 5 7 7 9 11 13 13 15 17 19 19 21 24 25 25 27 29 29 31 34 35 35 37 39 41 41 43 45 47 47 49 51 55 65535
0 0 4 6 6 8 8 10 10 12 12 14 14 16 16 18 18 20 20 22 22 24 24 26 26 28 30 32 32 33 36 36 38 39 42 42 44 46 48 48 50 51 54 54 56 57 60 60 62 63 66 66 68 69 72 72 74 75 77 80 80 80 82 83 87 65535
0 0 3 6 7 7 9 11 13 13 15 17 19 19 21 24 25 25 27 30 31 31 33 36 37 37 39 41 43 43 45 48 49 49 51 54 55 55 57 59 61 61 63 65 67 67 69 71 73 73 73 75 77 79 81 81 83 85 87 87 89 91 93 93 95 97 99 99 101 103 105 105 107 109 111 111 113 115 115 117 120 121 121 123 125 127 127 129 131 133 133 135 137 139 139 141 143 145 145 147 149 151 151 153 155 157 157 159 159 161 164 165 167 167 169 171 175 65535
0 0 4 6 6 8 9 12 12 14 14 16 16 18 18 20 20 22 22 24 26 27 30 30 30 32 33 36 36 38 40 42 42 44 46 48 48 50 52 52 54 55 58 58 60 61 64 64 66 67 71 65535
0 0 3 6 7 7 9 11 13 13 15 17 19 19 21 23 25 25 27 29 31 31 33 36 37 37 39 41 43 43 45 48 49 49 51 53 55 55 57 59 61 61 63 65 67 67 69 72 73 73 75 77 77 79 82 83 83 85 87 89 89 91 94 95 95 97 99 101 101 103 105 107 107 109 111 115 65535
0 0 3 5 5 7 9 11 11 13 15 17 17 19 21 21 23 26 27 27 29 31 33 33 35 38 39 39 41 44 45 45 47 50 51 51 53 56 57 57 59 61 63 63 65 67 69 69 71 74 75 75 77 80 81 81 83 86 87 87 89 91 93 93 95 98 99 99 101 103 105 105 107 109 111 111 113 115 117 117 119 121 125 65535
0 4 4 6 8 10 10 12 14 14 16 18 20 20 22 24 26 26 28 30 32 32 34 36 36 38 40 42 42 44 46 48 48 50 52 54 54 56 58 60 60 62 64 66 66 68 70 72 72 74 76 76 78 80 82 82 84 86 86 88 90 92 92 94 96 98 98 100 102 102 104 106 108 110 110 112 114 116 116 118 120 120 122 124 126 126 128 130 132 132 134 134 136 138 140 140 142 144 144 146 148 150 151 151 153 156 157 157 159 161 163 163 166 167 169 169 172 173 173 176 177 179 179 182 183 185 185 188 189 191 191 194 195 197 197 200 201 203 203 205 207 207 210 211 211 214 215 217 217 220 221 223 223 225 225 228 229 231 231 234 235 237 237 240 241 243 243 245 245 248 249 251 251 254 255 257 257 260 261 263 263 266 267 269 269 272 273 275 275 278 279 281 281 284 284 286 288 290 290 292 294 294 296 298 300 300 302 304 306 306 308 310 312 312 314 314 316 318 320 320 322 324 324 326 328 330 330 332 334 336 336 338 340 342 342 344 346 348 348 350 352 354 354 356 356 358 359 359 359 362 364 365 365 367 369 371 371 374 375 377 377 380 381 383 383 386 387 389 389 392 393 395 395 398 399 399 402 403 405 405 408 409 411 411 414 415 417 417 420 421 421 424 424 426 428 430 431 431 434 434 436 438 438 440 442 443 443 446 446 448 449 451 451 454 455 457 457 459 461 463 463 466 467 469 469 472 473 475 475 478 479 481 481 484 485 487 487 490 491 491 494 495 497 497 500 501 503 503 506 507 509 509 512 513 513 516 517 519 519 522 523 523 525 527 529 529 532 533 535 535 538 539 539 542 543 545 545 548 549 549 552 552 554 554 556 558 560 560 562 564 566 566 568 570 572 572 574 576 578 578 580 582 582 584 586 588 588 590 592 594 595 595 598 599 601 601 603 605 605 608 609 609 612 613 615 615 618 619 621 621 624 625 627 627 630 631 633 633 636 636 638 639 641 643 643 646 647 647 650 651 653 653 655 657 657 660 661 661 664 665 667 667 670 671 671 673 673 676 677 679 679 681 683 683 685 687 687 690 691 691 693 695 697 697 700 701 703 703 706 707 709 709 712 713 715 715 717 717 720 721 723 723 726 727 729 729 732 733 735 735 735 738 740 740 742 744 745 745 748 749 751 751 754 755 757 757 760 761 763 763 766 767 769 769 772 773 773 776 776 778 780 782 782 784 786 788 789 789 791 793 795 795 797 799 799 802 803 805 805 808 809 811 811 814 815 817 817 820 821 821 824 825 827 827 830 831 831 833 833 836 837 837 840 841 843 843 846 847 849 851 851 853 855 857 857 860 860 862 864 864 866 868 868 870 872 874 874 876 878 880 880 882 884 885 885 888 889 891 891 894 895 897 897 900 901 903 903 906 907 909 909 911 913 915 915 917 919 921 921 921 923 926 927 929 929 931 933 935 935 937 939 941 941 944 945 947 947 950 951 953 953 956 957 959 959 962 963 965 965 968 969 971 971 974 975 977 977 980 981 983 983 986 987 989 989 992 993 995 995 998 999 1001 1001 1004 1005 1007 1007 1010 1011 1011 1014 1015 1017 1017 1020 1021 1023 1023 1026 1027 1029 1029 1032 1033 1033 1036 1037 1039 1039 1042 1043 1043 1046 1046 1048 1050 1051 1051 1054 1055 1057 1057 1059 1061 1061 1064 1065 1067 1067 1070 1071 1073 1073 1076 1077 1077 1080 1081 1083 1083 1086 1087 1089 1089 1092 1093 1095 1095 1098 1099 1101 1101 1104 1105 1107 1107 1110 1111 1113 1113 1115 1117 1119 1119 1122 1123 1125 1125 1128 1129 1131 1131 1134 1135 1137 1137 1140 1141 1143 1143 1145 1147 1149 1149 1152 1153 1155 1155 1157 1159 1161 1161 1163 1165 1167 1167 1169 1171 1173 1173 1175 1177 1179 1179 1181 1183 1185 1185 1187 1189 1191 1191 1193 1195 1199 65535
0 0 3 5 7 7 9 12 13 13 15 18 19 19 21 24 25 25 27 30 31 31 33 36 37 37 39 42 43 43 45 48 49 49 51 54 55 55 55 58 59 61 61 63 66 67 67 69 72 75 65535
0 0 3 5 7 7 9 11 13 13 15 15 18 19 19 21 23 25 25 27 30 31 31 33 36 37 37 39 41 43 43 45 47 49 49 51 54 55 55 57 60 61 61 63 65 67 67 69 71 73 73 75 77 79 79 79 79 82 83 85 87 87 89 91 93 93 95 98 99 99 101 103 105 105 107 109 111 111 113 115 117 117 119 121 123 123 125 128 129 129 131 133 135 135 137 139 141 141 143 146 149 65535
0 0 3 5 7 7 9 11 13 13 15 17 19 19 21 21 24 25 28 29 29 31 33 35 35 38 38 40 42 44 44 46 46 48 49 52 52 54 55 58 58 60 61 64 64 66 67 70 70 72 74 74 76 77 80 80 82 84 86 87 87 89 89 91 91 93 93 95 98 99 99 101 104 105 105 107 110 111 111 113 116 117 117 119 122 123 123 125 128 129 129 131 131 134 135 137 139 139 141 144 145 145 147 150 151 151 153 156 157 159 159 161 163 165 165 167 170 171 171 173 176 176 177 179 181 181 183 185 187 187 189 192 193 193 195 197 199 199 201 203 205 205 207 210 211 211 213 215 217 217 219 221 223 223 225 228 229 229 231 233 235 235 237 239 241 241 243 243 246 247 247 249 251 253 253 255 257 259 259 262 262 263 263 266 266 268 270 272 272 274 276 278 278 280 281 284 284 286 288 290 290 292 294 296 296 298 299 302 302 304 305 305 308 309 312 312 314 316 318 318 320 321 324 324 326 327 330 330 332 334 336 336 338 339 342 342 344 345 348 348 350 351 354 354 356 357 360 360 362 363 366 366 368 370 372 372 374 376 378 378 380 381 384 384 386 387 390 390 392 394 396 396 396 397 400 400 401 401 403 405 407 407 409 411 413 413 415 417 417 419 421 423 423 425 427 429 429 431 433 435 438 440 440 442 443 445 445 448 449 449 451 453 455 455 457 459 459 461 463 465 465 468 469 471 471 474 475 477 477 479 481 481 484 485 487 487 490 491 493 493 496 497 499 499 502 503 505 505 508 509 511 511 514 515 517 519 519 521 524 524 525 527 529 529 529 532 533 536 536 538 538 539 542 544 546 546 548 549 552 552 552 554 555 558 558 560 561 564 564 566 567 570 570 572 573 576 576 578 580 582 582 584 585 588 588 590 592 594 594 596 597 600 600 602 603 606 606 608 610 612 612 614 614 615 618 619 622 622 624 626 628 628 630 631 634 634 636 638 640 640 642 642 643 646 648 650 650 652 653 656 656 658 660 662 662 664 664 665 668 670 672 672 674 675 678 678 680 682 684 684 686 687 690 690 692 693 696 696 698 698 699 702 704 706 706 708 709 712 712 714 715 718 718 720 722 724 724 726 727 730 730 732 733 736 736 738 738 739 742 744 746 746 748 749 752 752 754 755 758 758 760 761 764 764 766 766 767 770 772 774 774 776 777 780 780 782 783 786 786 788 789 792 792 794 795 798 798 798 799 802 803 803 805 808 809 809 811 814 815 815 817 820 821 821 823 826 827 827 829 832 833 833 835 838 839 839 841 844 845 845 847 850 851 851 853 856 857 857 859 862 863 863 863 865 868 870 871 871 873 876 877 877 879 882 883 883 885 888 889 889 891 894 895 895 897 900 901 901 903 906 907 907 909 912 913 913 915 918 919 919 921 924 925 925 927 930 931 931 933 936 937 937 939 942 943 943 945 948 949 949 951 954 955 955 955 957 960 962 963 963 965 968 969 969 971 974 975 978 978 979 979 981 983 983 985 987 991 65535
