6 3 7 7 9 11 13 13 15 17 19 19 21 23 25 25 29 27 31 31 33 35 37 37 39 42 43 43 45 47 49 49 51 54 55 55 57 59 59 61 63 87 67 65 69 69 71 177 76 73 77 77 82 79 83 83 163 86 87 89 92 93 93 98 95 99 99 101 104 105 105 110 107 111 111 116 113 117 117 122 119 123 123 125 128 129 129 134 131 135 135 139 138 139 141 144 145 145 147 150 151 153 155 153 155 157 160 161 161 163 165 167 170 171 171 176 173 177 177 182 179 183 183 185 190 188 191 193 191 193 198 195 199 199 204 201 205 205 207 210 211 211 216 213 217 217 219 222 223 223 225 228 247 229 229 249 236 231 238 233 239 238 239 241 244 245 245 247 249 256 251 254 257 259 257 259 261 264 265 265 272 267 275 269 273 273 275 277 279 282 283 283 283 285 287 65535 0 292
3 6 7 7 9 12 13 13 15 17 19 19 21 23 25 25 27 29 31 31 33 35 65535 65535 0 40
110 112 65535 4 6 6 7 10 12 12 13 16 18 18 22 19 24 24 25 28 30 30 31 34 36 36 40 37 42 42 46 43 48 48 49 52 54 56 56 60 57 62 62 63 66 68 70 72 72 76 74 78 78 82 80 84 84 86 88 90 90 94 92 96 96 98 100 102 102 104 106 108 108 0 116
65535 0 6
65535 0 6

3 5 65535 0 10
173 171 65535 65535 4 5 7 7 11 10 13 13 17 16 19 19 22 23 25 25 28 29 31 31 34 35 37 37 40 41 43 43 47 46 49 49 53 53 52 57 56 59 59 63 62 65 65 67 69 71 71 74 75 77 77 81 81 80 84 85 87 89 87 91 91 95 93 97 97 99 101 103 103 106 107 109 109 112 113 115 115 118 119 121 121 125 124 127 127 129 131 133 133 137 135 139 139 143 142 145 145 148 149 151 151 154 155 157 157 161 160 163 163 165 167 169 169 0 178
17 16 65535 65535 5 4 7 7 11 10 13 13 0 22
39 42 65535 65535 6 3 7 7 12 9 13 13 15 18 19 19 24 21 25 25 30 27 31 31 33 36 37 37 0 46
6 3 7 7 9 11 13 13 23 15 19 17 21 21 23 25 27 29 31 31 39 33 37 36 37 39 41 43 45 45 49 47 51 51 55 53 57 57 62 59 63 63 65 67 75 71 69 73 73 75 77 79 79 81 83 85 87 87 89 91 91 96 93 65535 65535 0 100
88 86 65535 4 6 8 10 8 12 14 14 18 16 20 22 20 24 24 26 28 28 30 32 34 34 36 38 40 40 42 44 46 46 48 50 50 54 52 56 56 58 60 62 62 64 65 68 70 68 70 72 73 76 76 78 80 82 80 84 86 0 92
6 3 7 7 9 12 13 13 17 15 19 19 21 24 25 25 27 30 65535 65535 0 34
3 6 7 7 9 11 13 13 15 18 19 19 24 21 25 25 39 29 27 31 31 35 33 37 37 39 67 41 43 67 45 67 47 67 49 67 67 51 53 67 67 56 58 67 59 67 61 67 63 67 67 66 67 69 72 73 73 75 78 79 79 83 81 85 85 89 87 91 91 99 95 93 97 101 97 99 101 107 103 105 105 107 109 109 113 111 115 115 133 117 135 119 133 121 133 123 133 133 125 133 127 133 130 132 133 133 135 139 137 141 141 143 146 147 147 151 149 151 153 156 157 157 161 159 163 163 165 168 169 169 171 174 175 175 177 180 181 181 186 183 187 187 191 189 193 193 197 195 199 199 201 203 65535 65535 0 208
5 3 7 7 9 12 13 13 15 18 19 19 21 33 23 35 30 25 28 31 33 31 33 35 37 39 41 41 49 43 49 52 45 54 47 59 55 57 54 55 62 59 67 70 64 57 65 73 64 70 65 67 73 67 78 70 79 71 71 76 73 78 78 79 81 65535 65535 0 86
5 3 7 7 9 12 13 13 15 18 19 19 21 23 25 23 25 30 27 31 31 35 33 37 37 41 39 65535 65535 0 46
7 3 9 6 11 9 11 16 13 17 17 22 19 23 23 28 25 29 29 33 31 35 35 39 37 41 41 45 43 47 47 52 53 50 52 53 55 57 65535 65535 0 62
5 3 7 7 12 9 13 13 18 15 19 19 23 21 25 25 30 27 31 31 36 33 37 37 39 41 43 43 48 45 49 49 51 53 55 55 59 57 61 61 66 63 65535 65535 0 70
6 3 7 7 9 11 11 15 13 15 20 17 21 21 23 25 27 27 29 31 31 35 33 37 37 39 42 43 43 47 45 49 49 51 53 55 55 57 59 61 61 66 63 67 67 69 71 73 73 77 75 79 79 81 83 85 85 92 87 93 89 95 93 95 99 97 65535 65535 0 104
352 65535 65535 6 4 8 10 10 14 12 16 18 16 20 22 22 20 26 24 28 30 30 32 34 36 36 38 40 40 44 42 28 46 48 48 52 50 54 54 58 56 60 60 62 64 66 68 68 70 72 72 74 76 78 78 80 82 82 84 85 88 88 90 92 84 94 94 97 96 100 100 102 104 106 106 108 110 112 112 116 114 118 120 118 122 122 126 124 128 130 128 132 134 134 132 138 136 140 140 144 142 146 146 148 149 152 152 152 154 156 158 160 158 162 162 164 165 168 168 171 170 174 174 177 176 180 180 182 184 184 188 186 190 190 194 192 196 196 198 200 196 202 204 204 206 208 210 212 210 216 212 214 218 220 220 222 224 226 226 228 230 230 232 234 236 238 238 240 236 242 244 244 246 248 250 250 252 254 256 258 256 260 262 262 264 262 266 268 268 270 272 274 274 278 276 280 260 282 280 284 284 288 286 290 290 294 292 296 296 298 300 300 302 304 306 306 308 310 312 312 314 316 318 318 320 322 324 324 327 326 330 330 332 334 336 336 337 340 342 340 344 344 348 346 350 0 356
3 5 7 7 11 9 13 13 17 15 19 19 23 21 25 25 27 29 31 31 33 35 37 37 39 41 43 43 45 47 49 49 51 54 55 55 57 59 65535 65535 0 64
3 5 7 7 9 12 13 13 15 17 19 19 21 24 25 25 29 27 31 31 35 33 37 37 39 41 45 43 47 47 51 49 53 53 59 55 57 61 63 61 63 66 67 67 71 69 81 73 73 75 86 77 79 97 81 83 88 89 97 89 94 91 95 95 100 97 103 101 101 103 107 105 109 109 113 111 115 115 120 117 121 121 123 126 127 127 129 131 133 133 135 138 139 139 141 144 145 145 150 147 151 151 153 156 157 157 162 159 163 163 168 165 169 169 171 173 175 175 180 177 181 181 186 183 187 189 189 189 193 191 195 195 200 197 201 201 205 203 207 207 209 212 213 213 217 215 219 219 221 223 225 225 227 229 231 233 235 235 239 237 241 241 245 243 247 247 251 249 253 253 258 255 259 259 261 264 265 265 270 267 271 271 273 277 275 279 279 284 281 285 285 290 287 291 291 293 295 297 297 301 299 303 303 310 307 305 311 311 311 316 313 317 317 319 322 323 323 328 325 329 329 331 333 335 335 337 339 341 341 346 343 347 347 349 351 353 353 355 357 359 359 363 361 365 365 367 369 371 371 375 373 377 377 381 379 383 383 388 385 389 389 395 391 394 397 397 397 401 399 403 403 407 405 409 409 414 411 415 417 417 417 419 422 423 423 428 425 429 429 433 431 435 435 439 437 441 441 445 443 447 447 450 451 451 453 455 457 457 459 461 463 463 467 465 469 469 471 473 475 475 477 480 481 481 486 483 487 487 489 492 493 493 495 497 499 499 501 504 505 505 510 507 511 511 513 516 517 517 521 519 523 523 525 528 529 529 535 531 537 539 534 541 539 539 541 543 545 547 547 552 549 553 553 559 555 557 561 561 561 566 563 567 567 569 571 573 573 575 577 579 579 581 583 585 585 587 590 591 591 593 595 597 597 602 599 603 603 605 607 609 609 611 613 615 615 617 619 621 619 623 623 625 628 629 629 631 633 635 635 639 637 641 641 643 645 647 647 651 649 653 653 657 655 659 659 662 666 663 668 668 674 669 676 671 677 676 677 680 682 682 684 687 686 690 690 694 692 696 696 699 698 702 702 65535 0 706
3 5 7 7 9 12 13 13 15 17 19 19 21 24 25 25 29 27 31 31 35 33 37 37 39 41 45 43 47 47 51 49 53 53 59 55 57 61 63 61 63 66 67 67 71 69 81 73 73 75 86 77 79 97 81 83 88 89 97 89 94 91 95 95 100 97 103 101 101 103 107 105 109 109 113 111 115 115 120 117 121 121 123 126 127 127 129 131 133 133 135 138 139 139 141 144 145 145 150 147 151 151 153 156 157 157 162 159 163 163 168 165 169 169 171 173 175 175 180 177 181 181 186 183 187 189 189 189 193 191 195 195 200 197 201 201 205 203 207 207 209 212 213 213 217 215 219 219 221 223 225 225 227 229 231 233 235 235 239 237 241 241 245 243 247 247 251 249 253 253 258 255 259 259 261 264 265 265 270 267 271 271 273 277 275 279 279 284 281 285 285 290 287 291 291 293 295 297 297 301 299 303 303 310 307 305 311 311 311 316 313 317 317 319 322 323 323 328 325 329 329 331 333 335 335 337 339 341 341 346 343 347 347 349 351 353 353 355 357 359 359 363 361 365 365 367 369 371 371 375 373 377 377 381 379 383 383 388 385 389 389 395 391 394 397 397 397 401 399 403 403 407 405 409 409 414 411 415 417 417 417 419 422 423 423 428 425 429 429 433 431 435 435 439 437 441 441 445 443 447 447 450 451 451 453 455 457 457 459 461 463 463 467 465 469 469 471 473 475 475 477 480 481 481 486 483 487 487 489 492 493 493 495 497 499 499 501 504 505 505 510 507 511 511 513 516 517 517 521 519 523 523 525 528 529 529 535 531 537 539 534 541 539 539 541 543 545 547 547 552 549 553 553 559 555 557 561 561 561 566 563 567 567 569 571 573 573 575 577 579 579 581 583 585 585 587 590 591 591 593 595 597 597 602 599 603 603 605 607 609 609 611 613 615 615 617 619 621 619 623 623 625 628 629 629 631 633 635 635 639 637 641 641 643 645 647 647 651 649 653 653 657 655 659 659 662 666 663 668 668 674 669 676 671 677 676 677 680 682 682 684 687 686 690 690 694 692 696 696 699 698 702 702 65535 0 706
3 6 8 8 12 9 14 14 16 18 20 20 24 21 26 26 30 28 30 32 34 36 34 36 37 40 42 42 43 46 48 48 50 52 52 64 53 56 56 57 60 62 62 64 68 65 70 70 74 71 76 76 77 80 82 82 86 83 88 88 92 89 94 94 96 98 98 99 102 104 104 108 105 110 110 116 111 114 118 118 118 119 122 124 124 125 128 130 130 134 132 65535 65535 0 138
1467 1470 65535 65535 3 5 8 8 10 11 14 16 14 16 20 18 21 24 24 26 27 30 30 33 32 36 38 36 38 41 44 40 46 46 48 49 52 52 54 55 58 58 62 60 64 64 67 66 70 70 72 73 76 76 78 79 82 82 84 85 88 88 91 90 94 94 96 98 100 100 102 103 106 106 108 109 112 112 114 115 118 118 121 120 124 124 127 126 130 130 132 134 134 136 137 140 140 143 142 146 146 148 149 152 152 155 154 158 158 161 160 164 164 166 167 170 170 171 174 174 177 176 180 180 182 183 186 186 189 188 192 192 194 195 198 198 201 200 204 204 207 206 210 212 210 215 212 217 214 219 217 214 217 223 214 222 226 226 229 228 232 232 234 235 238 238 241 240 244 244 246 247 250 250 253 252 256 256 258 259 262 262 265 264 268 268 270 271 274 274 277 276 280 280 282 283 286 286 290 288 292 292 295 294 298 298 300 301 304 304 307 306 310 310 313 312 316 316 318 319 322 322 324 325 328 328 330 331 334 334 337 336 340 340 343 342 346 346 348 349 352 352 355 354 358 358 360 361 364 364 366 367 370 370 372 373 376 376 379 378 382 382 384 385 388 388 391 390 394 394 397 396 400 400 403 402 406 406 408 409 412 412 412 418 414 415 420 420 422 424 426 424 428 428 430 431 434 434 437 436 440 440 442 443 446 446 448 449 452 452 455 454 458 458 461 460 464 464 466 467 470 472 470 474 474 477 476 480 480 482 483 483 486 487 490 490 493 492 496 496 498 499 502 502 505 504 508 508 511 510 514 514 517 516 520 520 523 522 526 526 528 529 532 532 534 535 538 538 540 541 544 544 546 547 550 550 552 553 556 556 558 559 562 562 564 565 568 568 570 571 574 574 576 577 580 580 582 583 586 586 589 588 592 592 595 594 598 598 601 600 604 604 606 607 610 610 612 613 616 616 619 618 622 622 625 624 628 628 631 630 634 634 637 636 640 640 642 643 646 646 648 649 652 652 655 654 658 658 661 660 664 664 666 668 668 671 670 674 674 676 677 680 680 683 682 686 688 686 690 690 691 694 694 696 697 700 700 701 704 704 706 707 710 710 713 712 716 716 718 719 722 722 725 724 728 728 731 730 734 734 736 737 740 740 743 742 746 746 749 748 752 752 754 755 758 758 761 760 764 764 766 767 770 770 772 773 776 776 778 779 782 783 782 785 783 788 790 792 790 790 794 790 796 798 798 799 802 799 804 804 806 807 810 810 812 813 816 816 819 818 822 822 825 824 828 828 830 831 834 834 837 836 840 840 842 843 846 846 850 848 850 852 853 856 856 859 858 862 862 865 864 868 868 868 873 871 870 876 876 879 879 881 883 878 885 888 888 890 891 894 894 896 897 900 900 903 902 906 906 908 909 912 912 915 914 918 918 921 920 924 924 927 926 930 932 930 936 932 933 938 940 940 942 943 946 946 949 948 952 952 955 954 958 958 960 961 964 964 966 967 970 970 973 972 976 976 979 978 982 982 985 984 988 988 990 991 994 994 997 996 1000 1000 1002 1003 1006 1006 1008 1010 1010 1012 1013 1016 1016 1018 1019 1022 1022 1024 1025 1028 1028 1031 1030 1034 1036 1036 1038 1040 1041 1040 1044 1044 1046 1047 1050 1050 1052 1053 1056 1056 1059 1058 1062 1062 1065 1064 1068 1068 1070 1071 1074 1074 1076 1077 1080 1080 1082 1083 1086 1086 1089 1088 1092 1092 1094 1095 1098 1098 1099 1102 1102 1105 1104 1108 1108 1111 1110 1114 1114 1117 1116 1120 1120 1122 1123 1126 1126 1130 1128 1132 1132 1134 1135 1138 1138 1141 1140 1144 1144 1146 1147 1150 1150 1152 1153 1156 1156 1159 1158 1158 1162 1163 1166 1166 1169 1168 1172 1172 1173 1176 1176 1178 1179 1182 1182 1185 1184 1188 1188 1190 1191 1194 1196 1194 1198 1200 1198 1203 1200 1201 1206 1208 1208 1210 1211 1214 1214 1217 1216 1220 1220 1223 1222 1226 1226 1228 1229 1232 1234 1234 1236 1238 1232 1240 1240 1242 1243 1246 1246 1246 1248 1251 1250 1254 1254 1257 1256 1260 1260 1262 1263 1266 1266 1269 1268 1272 1272 1274 1276 1278 1278 1282 1276 1274 1279 1278 1279 1284 1284 1286 1288 1290 1286 1290 1293 1296 1292 1298 1298 1302 1300 1304 1304 1306 1307 1310 1310 1312 1313 1316 1316 1318 1319 1322 1322 1325 1324 1328 1328 1330 1331 1334 1334 1337 1336 1340 1340 1343 1342 1346 1346 1349 1348 1352 1352 1355 1354 1358 1358 1360 1361 1364 1364 1367 1366 1370 1370 1373 1372 1376 1376 1378 1379 1382 1382 1385 1384 1388 1388 1390 1391 1394 1394 1396 1397 1400 1400 1403 1402 1406 1406 1409 1408 1412 1412 1414 1415 1418 1418 1420 1421 1424 1424 1427 1426 1430 1430 1432 1433 1436 1436 1438 1439 1442 1442 1445 1444 1448 1449 1449 1451 1454 1455 1455 1457 1459 1459 1461 1463 1465 1465 0 1474
685 687 65535 65535 5 3 7 10 10 12 13 16 16 18 19 22 22 25 24 28 28 30 31 34 34 37 36 40 40 42 43 46 46 49 48 52 54 52 54 57 56 60 62 62 65 64 68 68 70 71 74 74 76 77 80 80 82 83 86 86 89 88 92 92 95 94 98 98 101 100 104 104 107 106 110 110 112 113 116 116 119 118 122 122 124 125 128 128 131 130 134 134 136 137 140 140 142 143 146 146 149 148 152 152 155 154 158 158 161 160 164 164 167 166 170 170 173 172 176 176 176 178 180 181 184 184 186 187 190 190 193 192 196 196 198 199 202 202 205 204 208 208 211 210 214 214 216 217 220 220 222 223 226 226 228 229 232 232 235 234 238 238 241 240 244 244 247 246 250 250 253 252 256 256 259 258 262 262 264 265 268 268 271 270 274 274 277 276 280 280 283 282 286 286 289 288 292 292 295 294 298 298 301 300 304 304 307 306 310 310 313 312 316 316 319 318 322 322 325 324 328 328 330 331 334 334 336 337 340 342 340 340 344 346 346 349 348 352 340 354 354 356 357 360 360 363 362 366 366 368 369 372 372 375 374 378 378 380 381 384 384 387 386 390 390 391 394 394 396 397 400 400 404 402 406 406 409 408 412 412 414 415 418 418 421 420 424 424 427 426 430 430 433 432 436 436 437 440 440 443 442 446 446 449 448 452 452 455 454 458 458 460 461 464 464 466 467 470 470 473 472 476 476 478 479 482 482 484 485 488 488 490 492 492 494 495 498 498 500 501 504 504 506 507 510 510 512 513 516 516 518 519 522 522 524 525 528 528 530 531 534 534 536 537 540 540 542 543 546 546 549 548 552 552 554 555 558 558 561 560 564 564 566 568 568 570 571 574 574 577 576 580 580 582 583 586 586 589 588 592 592 595 594 598 598 600 601 604 604 607 606 610 610 613 612 616 616 616 618 622 619 624 624 626 627 630 630 633 632 636 636 639 638 642 642 644 645 648 648 650 651 654 654 657 656 660 660 662 663 666 666 669 668 672 674 672 676 676 679 678 682 683 683 0 692
6 3 7 7 11 9 13 13 15 17 19 19 21 23 25 25 27 35 29 35 35 31 35 34 35 39 37 41 41 47 49 43 45 45 47 49 53 51 55 55 59 57 59 61 64 65 65 70 67 71 71 76 73 65535 65535 0 80
5 4 8 8 11 10 14 14 17 16 20 20 23 22 26 26 28 29 32 32 34 35 38 38 40 41 44 44 47 46 50 50 52 53 56 56 59 58 62 62 64 65 68 68 71 70 74 74 77 76 80 80 82 83 86 86 89 88 92 92 95 94 98 98 100 101 104 104 108 106 110 110 113 112 116 116 118 119 122 122 124 125 128 128 130 131 134 134 137 136 140 140 143 142 146 146 149 148 152 152 155 154 158 158 160 161 164 164 166 168 168 176 170 176 171 176 173 176 178 179 182 182 184 185 188 188 191 190 194 194 196 197 200 200 203 202 206 206 209 208 212 212 215 214 218 218 220 221 224 224 227 226 230 230 232 233 236 236 238 239 242 242 244 245 248 248 251 250 254 254 256 260 257 260 260 262 263 266 266 269 268 272 272 275 274 278 278 280 281 284 284 287 286 290 290 292 293 296 296 299 298 302 302 305 304 308 308 311 310 314 314 316 317 320 320 323 322 326 326 329 328 332 332 336 334 336 339 338 342 342 344 345 348 348 350 351 354 354 356 357 360 360 362 363 366 366 369 368 372 372 375 374 378 378 380 381 384 384 387 386 390 390 392 393 396 396 399 398 402 402 405 404 408 408 410 413 416 411 418 416 418 420 421 424 424 427 426 430 430 432 433 436 436 439 438 442 442 444 445 448 448 451 450 455 454 454 458 458 461 460 464 464 466 467 470 470 473 472 476 476 479 478 482 482 484 485 488 488 491 490 494 494 495 498 498 501 500 504 504 506 507 510 510 513 512 516 516 519 518 522 522 525 524 528 528 529 532 532 534 535 538 538 540 541 544 544 547 546 550 550 553 552 556 556 558 559 562 562 564 565 568 568 571 570 574 574 577 576 580 580 582 583 586 586 589 588 592 592 595 594 598 598 600 601 604 604 607 606 610 610 612 613 616 616 618 619 622 622 625 624 628 628 631 630 634 634 636 637 640 640 644 642 646 646 648 649 652 652 655 654 658 658 660 661 664 664 667 666 670 670 672 673 676 676 679 678 682 682 685 684 688 688 691 690 694 694 696 700 697 700 700 703 702 706 706 708 709 712 712 715 714 718 718 721 720 724 724 726 727 730 730 731 734 734 736 737 740 740 742 743 746 746 748 749 752 752 755 754 758 758 761 760 764 764 767 766 770 770 772 773 776 776 779 778 782 782 786 784 788 788 791 790 794 794 796 797 800 800 803 802 806 806 808 809 812 812 815 814 818 818 820 822 822 824 825 828 828 831 830 834 834 837 836 840 840 854 843 852 848 846 842 864 862 843 846 848 849 852 852 854 856 857 860 860 862 864 866 867 870 870 873 872 876 876 879 878 882 882 884 885 888 888 891 890 894 894 897 896 900 900 903 902 906 906 908 909 912 912 915 914 918 918 920 921 924 924 926 927 930 930 933 932 936 936 939 938 942 942 944 945 948 948 950 956 952 956 954 956 956 958 959 962 962 965 964 968 968 972 970 972 975 974 978 978 981 980 984 984 987 986 990 990 993 992 996 996 998 999 1002 1002 1004 1005 1008 1008 1011 1010 1014 1014 1016 1017 1020 1020 1022 1023 1026 1026 1029 1028 1032 1032 1034 1035 1038 1038 1041 1040 1044 1044 1047 1046 1050 1050 1054 1051 1054 1056 1057 1061 1060 1060 1064 1064 1067 1066 1070 1070 1073 1072 1076 1076 1078 1079 1082 1082 1084 1085 1088 1088 1091 1090 1094 1094 1097 1096 1100 1100 1103 1102 1106 1106 1109 1108 1112 1112 1115 1114 1118 1118 1121 1120 1124 1124 1126 1127 1130 1130 1132 1133 1136 1136 1139 1138 1142 1142 1145 1144 1148 1148 1150 1151 1154 1154 1157 1156 1160 1160 1164 1162 1166 1166 1168 1169 1172 1172 1175 1174 1178 1178 1180 1182 1184 1184 1187 1186 1190 1190 1193 1192 1196 1196 1198 1199 1202 1202 1204 1205 1208 1208 1210 1211 1214 1214 1217 1216 1220 1220 1223 1222 1226 1226 1228 1229 1232 1232 1234 1244 1236 1244 1244 1238 1244 1240 1244 1242 1244 1246 1247 1250 1250 1253 1252 1256 1256 1258 1259 1262 1262 1265 1264 1268 1268 1271 1270 1274 1274 1276 1277 1280 1280 1282 1283 1286 1286 1288 1289 1292 1292 1295 1294 1298 1298 1300 1301 1304 1304 1307 1306 1310 1310 1312 1313 1316 1316 1319 1318 1322 1322 1325 1324 1328 1328 1330 1331 1334 1334 1336 1337 1340 1340 1342 1343 1346 1346 1349 1348 1352 1352 1354 1355 1358 1358 1360 1361 1364 1364 1368 1366 1370 1370 1373 1372 1376 1376 1379 1378 1382 1382 1385 1384 1388 1388 1392 1390 1392 1396 1394 1398 1398 1399 1402 1402 1404 1405 1408 1408 1410 1411 1414 1414 1417 1416 1420 1420 1422 1423 1426 1426 1428 1429 1432 1432 1435 1434 1438 1438 1440 1441 1444 1444 1446 1447 1450 1450 1452 1453 1456 1456 1459 1458 1462 1462 1464 1465 1468 1468 1470 1471 1474 1474 1477 1476 1480 1480 1483 1482 1486 1486 1496 1488 1496 1490 1492 1496 1493 1496 1496 1499 1498 1502 1502 1504 1505 1508 1508 1511 1510 1514 1514 1517 1516 1520 1520 1522 1523 1526 1526 1530 1528 1532 1532 1548 1534 1536 1540 1537 1540 1540 1544 1542 1546 1546 1548 1550 1551 1554 1554 1556 1557 1560 1560 1562 1563 1566 1566 1569 1568 1572 1572 1574 1576 1578 1578 1582 1580 1582 1584 1585 1588 1588 1598 1590 1593 1592 1596 1596 1598 1600 1601 1604 1604 1606 1607 1610 1610 1613 1612 1616 1616 1618 1619 1622 1622 1625 1624 1628 1628 1631 1630 1634 1634 1636 1637 1640 1640 1643 1642 1646 1646 1649 1648 1652 1652 1654 1655 1658 1658 1660 1661 1664 1664 1667 1666 1670 1670 1674 1672 1674 1677 1676 1680 1680 1682 1683 1686 1686 1688 1689 1692 1692 1695 1694 1698 1698 1701 1700 1704 1704 1706 1707 1710 1710 1712 1713 1716 1716 1720 1718 1722 1722 1725 1724 1728 1728 1730 1732 1734 1734 1736 1737 1740 1740 1742 1744 1746 1746 1748 1751 1754 1749 1756 1754 1756 1759 1758 1762 1762 1764 1765 1768 1768 1770 1771 1774 1774 1777 1776 1780 1780 1782 1783 1786 1786 1788 1789 1792 1792 1794 1795 1798 1798 1801 1800 1804 1804 1806 1807 1810 1810 1812 1813 1816 1816 1819 1818 1822 1822 1824 1825 1828 1828 1830 1831 1834 1834 1836 1837 1840 1840 1843 1842 1846 1846 1848 1849 1852 1852 1854 1855 1858 1858 1860 1878 1876 1861 1870 1872 1868 1874 1868 1864 1866 1868 1868 1870 1872 1874 1876 1878 1881 1880 1884 1884 1886 1887 1890 1890 1892 1893 1896 1896 1899 1898 1902 1902 1904 1905 1908 1908 1910 1911 1914 1914 1916 1917 1920 1920 1923 1922 1926 1926 1929 1928 1932 1932 1934 1935 1938 1938 1941 1940 1944 1944 1946 1947 1950 1950 1952 1953 1956 1956 1959 1958 1962 1962 1964 1965 1968 1968 1970 1971 1974 1974 1978 1976 1978 1981 1980 1984 1984 1987 1986 1990 1990 1993 1992 1996 1996 1999 1998 2002 2002 2006 2004 2006 2009 2008 2012 2012 2014 2015 2018 2018 2021 2020 2024 2024 2028 2026 2028 2031 2030 2034 2034 2037 2036 2040 2041 2040 2044 2044 2047 2046 2050 2050 2053 2052 2056 2056 2059 2058 2062 2062 2064 2065 2068 2068 2071 2070 2074 2074 2077 2076 2080 2080 2083 2082 2086 2086 2088 2089 2092 2092 2094 2095 2098 2098 2100 2101 2104 2104 2106 2107 2110 2110 2113 2112 2116 2116 2118 2119 2122 2122 2125 2124 2128 2128 2130 2131 2134 2134 2136 2137 2140 2140 2142 2143 2146 2146 2148 2149 2152 2152 2153 2156 2156 2159 2158 2162 2162 2165 2164 2168 2168 2169 2172 2172 2175 2174 2178 2178 2180 2182 2184 2184 2187 2186 2190 2190 2194 2196 2208 2192 2194 2196 2198 2204 2208 2200 2201 2201 2210 2206 2204 2206 2208 2210 2211 2214 2214 2217 2216 2220 2220 2223 2222 2226 2226 2229 2228 2232 2232 2235 2234 2238 2238 2240 2241 2244 2244 2248 2246 2248 2258 2256 2251 2250 2254 2254 2258 2256 2260 2260 2264 2262 2266 2266 2269 2268 2272 2272 2276 2348 2274 2350 2278 2278 2338 2282 2342 2280 2336 2344 2326 2331 2284 2284 2288 2285 2290 2290 2294 2322 2326 2291 2296 2296 2300 2297 2302 2302 2303 2306 2308 2308 2309 2312 2314 2314 2315 2322 2317 2326 2319 2319 2322 2323 2326 2328 2326 2328 2331 2330 2334 2334 2336 2338 2340 2340 2344 2342 2346 2346 2348 2350 2352 2352 2355 2354 2358 2358 2362 2402 2374 2360 2364 2364 2368 2366 2370 2370 2372 2374 2376 2376 2378 2380 2382 2382 2391 2396 2384 2393 2385 2390 2387 2391 2391 2393 2396 2400 2398 2400 2402 2405 2404 2408 2408 2411 2410 2414 2414 2417 2416 2420 2420 2423 2422 2426 2426 2429 2428 2432 2432 2434 2435 2438 2438 2440 2441 2444 2444 2448 2446 2450 2450 2452 2453 2456 2456 2458 2459 2462 2462 2464 2465 2468 2468 2471 2470 2474 2474 2476 2478 2480 2480 2483 2482 2486 2486 2488 2489 65535 65535 0 2494
5 4 8 8 9 12 12 17 14 15 20 20 20 22 23 26 26 28 29 32 32 34 36 38 38 42 40 44 44 48 46 50 50 53 52 56 56 58 59 62 62 65 64 68 68 72 70 74 74 76 77 80 80 82 83 86 86 90 88 92 92 94 95 98 98 101 100 104 104 106 107 110 110 113 112 116 116 119 118 122 122 124 125 128 128 131 130 134 134 136 137 140 140 143 142 146 146 149 148 152 152 154 155 158 158 160 161 164 164 166 167 170 170 172 173 176 176 178 179 182 182 184 185 188 188 190 191 194 194 196 197 200 200 202 203 206 206 208 209 212 212 214 215 218 218 221 220 224 224 227 226 230 230 232 233 236 236 239 238 242 242 244 245 248 248 251 250 254 254 257 256 260 260 264 262 266 266 268 269 272 272 275 274 278 278 281 280 284 284 287 286 290 290 292 293 296 296 298 299 302 302 305 304 308 308 312 310 314 314 316 317 320 320 323 322 326 326 328 329 332 332 335 334 338 338 341 340 344 344 348 345 348 350 351 354 354 357 356 360 360 363 362 366 366 370 368 372 372 374 375 378 378 381 380 384 384 386 387 390 390 392 393 396 396 398 399 402 402 406 404 408 408 412 410 412 415 414 418 418 421 420 424 424 427 426 430 430 433 432 436 436 440 438 440 442 443 446 446 448 449 452 452 454 455 458 458 461 460 464 464 466 467 470 470 472 473 476 476 478 479 482 482 485 484 488 489 488 493 492 492 496 496 500 498 502 502 505 504 508 508 511 510 514 514 521 516 518 520 524 524 524 527 526 530 530 532 533 536 536 539 538 542 542 545 544 548 548 550 551 554 554 557 556 560 560 563 562 566 566 569 568 572 572 574 575 578 578 581 580 584 584 586 587 590 590 591 594 594 596 597 600 600 602 603 606 606 609 608 612 612 615 614 618 618 620 621 624 624 627 626 630 630 632 633 636 636 639 638 642 642 645 644 648 648 650 651 654 654 657 656 660 660 662 663 666 666 669 668 672 672 675 674 678 678 681 680 684 684 687 686 690 690 692 693 696 696 698 699 702 702 704 705 708 708 710 711 714 714 717 716 720 720 722 723 726 726 729 728 732 732 736 734 738 738 741 740 744 744 747 746 750 750 753 752 756 756 759 758 762 762 764 768 770 765 772 770 772 775 774 778 778 780 781 784 784 786 787 790 790 793 792 796 796 798 799 802 802 804 805 808 808 811 810 814 814 817 816 820 820 822 824 825 828 828 828 831 830 834 834 837 836 840 840 843 842 846 846 848 849 852 852 855 854 858 858 860 861 864 864 867 866 870 870 872 873 876 876 879 878 882 882 885 884 888 888 891 890 894 894 897 896 900 900 903 902 906 906 908 909 912 912 915 914 918 918 920 921 924 924 926 927 930 930 933 932 936 936 939 938 942 942 944 945 948 948 951 950 954 954 957 956 65535 65535 0 962
1160 1157 65535 65535 6 3 8 8 10 12 14 14 18 16 20 22 20 24 24 28 25 30 30 34 31 36 36 40 37 42 42 43 46 48 48 52 52 49 53 56 58 58 62 59 64 64 68 65 70 70 70 75 71 74 78 78 82 79 84 86 84 88 90 88 92 92 93 96 98 98 102 99 104 104 108 105 110 110 114 111 116 116 120 117 122 122 124 126 127 126 130 130 131 134 136 136 140 138 142 144 146 146 148 150 152 152 154 156 144 158 158 144 159 162 142 164 164 165 168 170 170 171 174 176 176 180 178 182 182 186 184 188 188 190 192 194 176 182 194 170 196 198 200 200 204 201 206 206 210 207 212 212 213 216 218 218 219 222 222 226 218 224 226 230 227 232 232 236 234 238 238 239 242 244 244 246 248 248 248 252 249 254 254 258 255 260 260 261 264 260 266 266 267 270 272 272 275 273 277 277 279 279 279 283 266 254 272 281 285 288 290 292 294 296 297 296 294 290 292 300 300 301 304 306 306 310 307 312 312 316 313 318 318 320 322 324 324 326 328 328 332 329 332 333 336 338 338 342 339 344 344 348 345 350 350 354 351 356 356 360 357 362 362 366 363 368 368 370 372 374 374 378 375 380 380 384 382 386 386 388 390 392 392 393 396 396 400 397 400 402 404 406 406 407 410 412 412 413 416 418 418 422 419 424 424 425 428 430 430 431 434 436 436 440 437 442 442 446 443 446 448 450 450 451 454 456 456 460 457 462 462 463 466 468 468 472 469 474 474 475 478 480 480 484 481 486 486 487 490 492 492 492 493 495 492 500 497 502 502 503 506 506 510 507 512 512 513 516 518 518 519 522 522 523 526 528 528 529 532 534 534 538 535 540 540 544 541 546 546 546 548 549 552 554 554 555 558 560 560 564 561 566 566 570 567 572 572 573 576 578 578 582 579 584 584 588 585 590 590 594 591 596 596 600 597 602 602 606 603 608 608 612 609 614 614 615 618 614 620 620 621 624 626 626 627 630 632 632 634 636 638 638 639 642 644 644 645 648 650 650 651 654 656 656 660 657 662 662 666 663 668 668 670 672 672 673 676 678 678 682 679 684 684 685 688 690 690 694 691 696 696 700 697 702 702 706 703 708 708 712 709 714 714 714 718 715 720 722 722 726 723 728 728 729 732 734 734 735 738 740 740 741 744 746 746 750 747 752 752 753 756 758 758 762 759 764 764 768 765 770 770 771 774 776 776 777 780 782 782 786 783 788 788 792 789 794 794 795 798 800 800 801 804 806 806 807 810 812 812 816 813 818 818 819 822 824 824 828 825 830 830 831 834 834 838 835 840 840 841 844 846 846 847 850 852 852 853 856 858 858 859 862 864 864 868 865 870 870 874 871 876 876 880 877 882 882 884 886 888 888 889 892 894 894 895 898 900 900 904 901 906 906 907 910 912 912 916 913 918 918 920 922 922 923 926 928 928 932 929 934 935 934 938 938 942 939 944 944 948 945 950 950 954 951 956 956 960 957 962 962 963 966 966 967 970 972 972 973 976 978 978 979 982 984 984 988 985 990 990 991 994 996 998 1000 1002 1004 1006 1008 1008 1010 996 1006 998 1000 1002 1004 1012 1012 1013 1012 1015 1017 1012 1012 1019 1012 1021 1024 1012 1012 1026 1028 1028 1032 1029 1034 1034 1035 1038 1040 1040 1041 1044 1046 1046 1050 1050 1047 1054 1051 1056 1056 1060 1057 1062 1062 1063 1066 1068 1068 1070 1072 1074 1074 1078 1075 1080 1080 1081 1084 1086 1086 1090 1087 1092 1092 1096 1093 1098 1098 1102 1099 1102 1106 1104 1108 1108 1112 1109 1114 1114 1115 1118 1120 1120 1124 1121 1124 1126 1128 1130 1130 1134 1131 1136 1134 1138 1140 1138 1142 1144 1145 1144 1147 1145 1142 1150 1150 1151 1154 1156 1156 0 1164
957 960 65535 4 65535 6 6 10 7 12 12 16 13 18 18 20 22 24 24 28 25 30 30 31 34 36 36 38 40 42 42 43 46 48 48 49 52 54 54 58 55 60 60 64 61 66 66 70 67 72 72 73 76 78 78 82 79 84 84 85 88 90 90 91 94 96 96 100 97 102 102 106 103 108 108 109 112 114 114 115 118 120 120 124 121 126 126 130 127 132 132 133 136 138 138 139 142 144 144 145 148 150 150 151 151 154 158 155 160 160 164 161 166 166 170 167 172 172 173 176 178 178 179 182 184 184 186 188 190 190 190 194 191 196 198 198 199 202 204 204 205 208 210 210 212 214 216 216 220 217 222 222 223 226 228 228 232 229 234 234 235 238 240 240 244 241 246 246 247 250 252 252 256 256 258 253 259 262 262 263 266 268 268 272 269 274 274 275 278 280 280 284 281 286 286 287 290 292 292 296 293 298 298 302 299 302 306 303 308 308 312 309 314 314 318 315 320 320 321 324 326 328 326 330 330 334 331 336 336 340 337 342 342 343 346 348 348 349 352 354 354 358 355 360 360 362 364 366 366 367 370 372 372 376 373 378 378 382 379 384 384 388 385 390 390 391 394 396 396 400 397 402 402 406 403 408 408 409 412 414 414 415 418 420 420 421 424 426 426 430 427 432 432 436 433 438 438 442 439 444 444 448 445 450 450 451 454 456 456 460 457 462 462 466 464 466 467 470 472 472 473 476 478 478 479 482 484 484 488 489 488 485 492 492 493 496 498 498 499 502 504 504 505 508 510 510 512 514 516 516 520 517 522 522 523 526 526 530 527 532 532 533 536 538 538 539 542 544 544 548 545 550 550 554 551 556 556 560 557 562 562 566 563 568 568 572 569 574 574 578 575 580 580 582 584 584 588 585 590 590 591 594 596 596 600 597 600 601 604 606 606 607 610 612 612 613 616 618 618 619 622 624 624 628 625 630 630 634 631 636 636 637 640 642 642 643 646 648 648 650 652 654 654 655 658 660 660 664 662 666 666 667 670 672 672 674 676 678 678 679 682 684 684 688 685 690 690 694 691 696 696 697 700 702 702 703 706 708 708 712 709 714 714 715 718 720 720 724 721 726 726 727 730 732 732 733 736 738 738 739 742 744 744 745 748 750 750 754 751 756 756 760 757 762 762 763 766 768 768 769 772 774 774 775 778 780 780 784 781 786 786 790 787 792 792 793 796 798 798 799 802 804 804 805 808 810 810 811 814 816 816 820 817 822 822 826 823 828 828 829 832 834 834 835 838 840 840 844 841 846 846 847 850 852 852 856 853 858 858 862 859 864 864 868 865 868 870 872 874 874 878 875 880 880 881 884 886 886 890 888 892 892 893 896 898 898 902 899 904 906 904 908 908 912 909 914 914 918 915 920 920 924 921 926 926 927 930 932 932 934 936 938 938 940 942 942 946 943 948 950 952 952 948 953 950 956 956 0 964
451 65535 3 3 5 8 9 9 11 14 15 15 20 17 21 21 26 23 27 27 32 29 33 33 35 37 39 39 41 44 45 45 47 50 51 51 56 53 57 57 62 59 63 63 65 68 69 69 74 71 75 75 77 80 81 81 83 86 87 87 89 92 93 93 98 95 99 99 101 104 105 105 110 107 111 111 113 116 117 119 117 121 121 123 126 127 127 129 132 133 133 138 135 139 139 144 141 145 145 150 147 151 151 153 156 157 157 159 162 163 163 168 165 169 169 171 174 175 175 177 180 181 181 183 186 187 187 189 192 193 193 198 195 199 199 204 201 205 205 207 210 211 211 216 213 217 217 222 219 223 223 225 228 229 229 234 231 235 235 237 240 241 241 246 243 247 247 252 249 253 253 255 258 259 259 261 264 265 265 270 267 271 271 273 276 277 277 279 282 283 283 288 285 289 289 291 294 295 295 300 297 301 301 306 303 307 307 312 309 312 313 316 317 317 319 322 323 325 323 329 325 327 332 333 333 335 338 339 341 339 343 343 345 348 349 349 351 354 355 355 357 360 361 361 366 363 367 367 372 369 373 373 378 375 379 379 381 384 385 385 387 390 391 391 393 396 397 397 399 402 403 403 408 405 409 409 414 411 415 415 417 420 421 421 423 426 427 427 432 429 433 433 435 438 439 439 444 441 445 445 450 447 0 456
3147 65535 4 4 7 6 10 10 13 12 16 16 18 19 22 22 24 25 28 28 30 31 34 34 36 37 40 40 42 43 46 46 48 49 52 52 54 55 58 58 60 61 64 64 67 66 70 70 72 73 76 76 78 79 82 82 85 84 88 88 91 90 94 94 97 96 100 100 102 103 106 106 109 108 112 112 114 115 118 118 121 120 124 124 127 126 130 130 133 132 136 136 138 139 142 142 144 145 148 148 150 151 154 156 154 158 158 161 160 164 164 167 166 170 170 173 172 176 176 178 179 182 182 184 185 188 188 191 190 194 194 197 196 200 200 203 202 206 206 208 209 212 212 214 215 218 218 221 220 224 224 226 227 230 230 233 232 236 236 238 239 242 242 245 244 248 248 251 250 254 254 256 257 260 260 262 263 266 266 268 269 272 272 275 274 278 278 281 280 284 284 287 286 290 290 293 292 296 296 298 299 302 302 304 305 308 308 310 311 314 314 316 317 320 320 323 322 326 326 328 329 332 332 334 335 338 338 341 340 344 344 346 347 350 350 353 352 356 356 358 359 362 362 364 365 368 368 370 371 374 374 376 377 380 382 380 384 384 387 386 390 390 393 392 396 396 399 398 402 402 404 405 408 408 410 411 414 414 416 417 420 420 422 423 426 426 429 428 432 432 435 434 438 438 440 441 444 444 446 447 450 450 453 452 456 456 458 459 462 462 464 465 468 468 471 470 474 474 477 476 480 480 482 483 486 486 488 489 492 492 495 494 498 498 500 502 502 505 504 508 508 511 510 514 514 517 516 520 520 523 522 526 526 529 528 532 532 534 535 538 538 541 540 544 544 547 546 550 550 553 552 556 556 559 558 562 562 565 564 568 568 570 571 574 574 577 576 580 580 582 583 586 586 588 589 592 592 595 594 598 598 601 600 604 604 607 606 610 610 613 612 616 616 619 618 622 622 624 625 628 628 631 630 634 634 636 637 640 640 642 643 646 646 648 649 652 652 655 654 658 658 659 662 662 665 664 668 668 670 671 674 674 676 677 680 680 682 683 686 686 689 688 692 692 695 694 698 698 701 700 704 704 707 706 710 710 713 712 716 716 718 719 722 722 724 725 728 728 731 730 734 734 736 737 740 740 742 743 746 746 749 748 752 752 755 754 758 758 760 761 764 764 766 767 770 770 773 772 776 776 779 778 782 782 785 784 788 788 790 791 794 794 795 798 798 800 801 804 804 806 807 810 810 813 812 816 816 818 819 822 822 824 825 828 828 831 830 834 834 837 836 840 840 842 843 846 846 849 848 852 852 854 855 858 858 861 860 864 864 866 867 870 870 873 872 876 876 879 878 882 882 885 884 888 888 891 890 894 894 896 897 900 900 903 902 906 906 908 909 912 912 915 914 918 918 920 921 924 924 926 927 930 930 932 933 936 936 938 939 942 942 944 945 948 948 950 951 954 954 957 956 960 960 962 963 966 966 968 969 972 972 975 974 978 978 980 981 984 984 986 987 990 990 993 992 996 996 999 998 1002 1002 1004 1005 1008 1008 1010 1011 1014 1014 1017 1016 1020 1020 1023 1022 1026 1026 1028 1029 1032 1032 1035 1034 1038 1038 1041 1040 1044 1044 1047 1046 1050 1050 1052 1053 1056 1056 1058 1059 1062 1062 1065 1064 1068 1068 1070 1071 1074 1074 1076 1077 1080 1080 1083 1082 1086 1086 1088 1089 1092 1092 1095 1094 1098 1098 1100 1101 1104 1104 1106 1107 1110 1110 1113 1112 1116 1116 1119 1118 1122 1122 1125 1124 1128 1128 1131 1130 1134 1134 1137 1136 1140 1140 1143 1142 1146 1146 1148 1149 1152 1152 1154 1155 1158 1158 1161 1160 1164 1164 1167 1166 1170 1170 1172 1173 1176 1176 1179 1178 1182 1182 1185 1184 1188 1188 1191 1190 1194 1194 1197 1196 1200 1200 1202 1203 1206 1206 1208 1209 1212 1212 1214 1215 1218 1218 1221 1220 1224 1224 1226 1227 1230 1230 1232 1233 1236 1236 1238 1239 1242 1242 1245 1244 1248 1248 1250 1251 1254 1254 1256 1257 1260 1260 1263 1262 1266 1266 1269 1268 1272 1272 1275 1274 1278 1278 1279 1282 1282 1285 1284 1288 1288 1290 1291 1294 1294 1296 1297 1300 1300 1303 1302 1306 1306 1308 1309 1312 1312 1315 1314 1318 1318 1321 1320 1324 1324 1326 1327 1330 1330 1333 1332 1336 1336 1338 1339 1342 1342 1344 1345 1348 1348 1350 1351 1354 1354 1356 1357 1360 1360 1363 1362 1366 1366 1368 1369 1372 1372 1374 1375 1378 1378 1380 1381 1384 1384 1387 1386 1390 1390 1393 1392 1396 1396 1398 1399 1402 1402 1405 1404 1408 1408 1410 1411 1414 1414 1417 1416 1420 1420 1422 1423 1426 1426 1429 1428 1432 1432 1434 1435 1438 1438 1441 1440 1444 1444 1446 1447 1450 1450 1453 1452 1456 1456 1458 1459 1462 1462 1464 1465 1468 1468 1470 1471 1474 1474 1477 1476 1480 1480 1483 1482 1486 1486 1489 1488 1492 1492 1495 1494 1498 1498 1500 1501 1504 1504 1506 1507 1510 1510 1512 1513 1516 1516 1518 1519 1522 1522 1524 1525 1528 1528 1530 1531 1534 1534 1536 1537 1540 1541 1540 1544 1544 1547 1546 1550 1550 1552 1553 1556 1556 1559 1558 1562 1562 1565 1564 1568 1568 1571 1570 1574 1574 1577 1576 1580 1582 1582 1585 1584 1588 1588 1590 1591 1594 1594 1598 1596 1600 1600 1602 1603 1606 1606 1609 1608 1612 1612 1616 1614 1614 1618 1619 1622 1622 1625 1624 1628 1628 1630 1632 1632 1634 1635 1638 1638 1640 1641 1644 1644 1647 1646 1650 1650 1650 1655 1654 1652 1658 1660 1660 1658 1664 1665 1662 1668 1670 1668 1673 1670 1676 1672 1678 1678 1680 1681 1684 1684 1686 1687 1690 1690 1693 1692 1696 1696 1700 1698 1702 1702 1706 1704 1704 1708 1709 1712 1712 1715 1714 1718 1718 1721 1720 1724 1724 1726 1727 1730 1730 1734 1732 1736 1736 1738 1739 1742 1742 1744 1745 1748 1748 1750 1751 1754 1754 1758 1756 1756 1760 1761 1764 1765 1764 1768 1768 1771 1770 1774 1774 1777 1776 1780 1780 1782 1783 1786 1786 1788 1789 1792 1792 1795 1794 1798 1798 1801 1800 1804 1804 1806 1808 1810 1810 1812 1813 1816 1816 1818 1819 1822 1822 1824 1825 1828 1828 1830 1831 1834 1834 1836 1837 1840 1840 1842 1843 1846 1848 1846 1851 1848 1854 1850 1856 1856 1858 1859 1862 1862 1864 1866 1868 1868 1870 1872 1872 1876 1874 1876 1878 1879 1882 1882 1886 1884 1884 1889 1888 1892 1892 1894 1895 1898 1898 1901 1900 1904 1904 1907 1906 1910 1910 1912 1913 1916 1916 1920 1918 1922 1922 1925 1924 1928 1928 1931 1930 1934 1934 1936 1937 1940 1942 1940 1945 1942 1944 1948 1950 1950 1952 1953 1956 1956 1958 1959 1962 1962 1966 1964 1968 1968 1970 1971 1974 1974 1976 1978 1980 1980 1978 1985 1982 1984 1988 1988 1991 1990 1994 1996 1994 1996 1999 1998 2002 2004 2002 2007 2004 2006 2010 2012 2012 2014 2015 2018 2018 2020 2021 2024 2024 2027 2026 2030 2030 2032 2033 2036 2036 2038 2039 2042 2042 2045 2044 2048 2048 2051 2050 2054 2054 2056 2057 2060 2060 2062 2063 2066 2066 2069 2068 2072 2072 2074 2075 2078 2078 2081 2080 2084 2084 2085 2088 2088 2091 2090 2094 2094 2097 2096 2100 2100 2102 2103 2106 2106 2108 2109 2112 2112 2114 2115 2118 2118 2121 2120 2124 2124 2127 2126 2130 2130 2132 2133 2136 2136 2139 2138 2142 2142 2145 2144 2148 2148 2150 2151 2154 2154 2156 2157 2160 2160 2164 2162 2160 2167 2166 2170 2170 2173 2172 2176 2176 2178 2179 2182 2184 2182 2187 2184 2190 2186 2192 2192 2194 2195 2198 2198 2200 2201 2204 2204 2207 2206 2210 2210 2213 2212 2216 2218 2216 2218 2221 2220 2224 2226 2226 2229 2228 2232 2232 2234 2236 2238 2240 2238 2243 2240 2242 2246 2248 2248 2250 2252 2248 2254 2255 2258 2260 2258 2260 2263 2266 2266 2269 2262 2268 2272 2272 2275 2274 2278 2278 2280 2281 2284 2284 2286 2287 2290 2290 2293 2292 2296 2296 2298 2299 2302 2302 2305 2304 2308 2308 2310 2312 2314 2314 2317 2316 2320 2320 2323 2322 2326 2326 2328 2329 2332 2334 2334 2336 2337 2340 2340 2343 2342 2346 2346 2348 2349 2352 2352 2355 2354 2358 2358 2361 2360 2364 2364 2366 2367 2370 2370 2372 2373 2376 2376 2379 2378 2382 2382 2385 2384 2388 2388 2390 2391 2394 2394 2396 2397 2400 2400 2403 2402 2406 2406 2408 2409 2412 2412 2415 2414 2418 2418 2420 2421 2424 2424 2427 2426 2430 2432 2430 2434 2434 2436 2437 2440 2440 2442 2443 2446 2446 2448 2449 2452 2452 2455 2454 2458 2458 2461 2460 2464 2464 2466 2467 2470 2470 2473 2472 2476 2476 2479 2478 2482 2482 2484 2485 2488 2489 2488 2492 2492 2495 2494 2498 2498 2500 2501 2504 2504 2507 2506 2510 2510 2512 2513 2516 2516 2519 2518 2522 2522 2524 2525 2528 2528 2531 2530 2534 2534 2536 2537 2540 2540 2542 2543 2546 2546 2548 2549 2552 2552 2555 2554 2558 2558 2560 2561 2564 2564 2566 2567 2570 2570 2573 2572 2576 2576 2578 2579 2582 2582 2584 2585 2588 2588 2591 2590 2594 2594 2597 2596 2600 2600 2602 2603 2606 2606 2609 2608 2612 2612 2614 2616 2616 2619 2618 2622 2622 2625 2624 2628 2628 2630 2631 2634 2634 2636 2637 2640 2640 2643 2642 2646 2648 2648 2650 2651 2654 2656 2656 2658 2659 2662 2662 2665 2664 2668 2668 2671 2670 2674 2674 2676 2677 2680 2680 2683 2682 2686 2686 2688 2689 2692 2692 2695 2694 2698 2698 2701 2700 2704 2704 2706 2707 2710 2710 2713 2712 2716 2716 2719 2718 2722 2722 2724 2725 2728 2728 2730 2731 2734 2734 2737 2736 2740 2740 2742 2743 2746 2746 2749 2748 2752 2752 2754 2755 2758 2758 2760 2761 2764 2764 2767 2766 2770 2770 2773 2772 2776 2776 2779 2778 2782 2782 2785 2784 2788 2788 2790 2791 2794 2794 2796 2797 2800 2800 2802 2803 2806 2806 2809 2808 2812 2812 2815 2814 2818 2818 2820 2821 2824 2824 2826 2827 2830 2830 2832 2833 2836 2836 2839 2838 2842 2842 2844 2845 2848 2848 2851 2850 2854 2854 2856 2857 2860 2860 2862 2863 2866 2866 2869 2868 2872 2872 2875 2874 2878 2878 2881 2880 2884 2884 2887 2886 2890 2890 2892 2893 2896 2896 2898 2899 2902 2902 2905 2904 2908 2908 2911 2910 2914 2914 2917 2916 2920 2920 2923 2922 2926 2926 2929 2928 2932 2932 2934 2935 2938 2938 2940 2941 2944 2944 2947 2946 2950 2950 2953 2952 2956 2956 2959 2958 2962 2962 2965 2964 2968 2968 2970 2971 2974 2975 2974 2978 2978 2980 2981 2984 2984 2986 2987 2990 2990 2992 2993 2996 2996 2999 2998 3002 3002 3005 3004 3008 3008 3010 3011 3014 3014 3017 3016 3020 3020 3023 3022 3026 3026 3029 3028 3032 3032 3034 3035 3038 3038 3040 3041 3044 3044 3046 3047 3050 3050 3053 3052 3056 3056 3058 3059 3062 3062 3064 3065 3068 3068 3071 3070 3074 3074 3077 3076 3080 3080 3083 3082 3086 3086 3089 3088 3092 3092 3095 3094 3098 3098 3101 3100 3104 3104 3106 3107 3110 3110 3112 3113 3116 3116 3119 3118 3122 3122 3125 3124 3128 3128 3130 3131 3134 3136 3136 3138 3140 3142 3144 3146 0 3152
590 65535 4 4 6 8 10 10 12 14 16 16 18 20 22 22 26 24 28 28 32 30 34 34 38 36 40 40 42 44 46 46 50 48 52 52 54 56 58 58 62 60 64 64 66 68 70 70 72 74 76 76 78 80 82 82 84 86 88 88 90 92 92 94 96 98 98 100 102 104 104 108 106 110 110 112 114 116 118 116 118 122 124 120 126 126 128 130 132 132 134 136 138 138 142 140 144 144 146 148 150 150 154 152 156 156 158 160 162 162 164 166 168 168 170 172 174 174 178 176 180 180 184 182 186 186 188 190 192 192 194 196 198 198 200 202 204 204 208 206 206 212 210 214 214 218 216 220 220 224 222 226 226 230 228 232 232 236 234 238 238 240 242 244 244 246 248 246 252 250 254 254 258 256 260 262 260 264 264 268 266 270 270 272 274 276 278 276 278 282 280 284 286 286 290 288 292 292 296 294 298 298 302 300 304 304 306 308 310 310 312 314 316 318 316 320 320 322 324 326 326 328 330 330 334 332 336 336 340 338 342 342 346 344 348 348 350 352 354 354 356 358 360 360 364 362 366 366 370 368 372 372 376 374 378 378 380 382 384 384 386 388 390 390 394 392 396 396 398 400 402 402 404 406 408 408 410 412 414 414 418 416 420 420 422 424 426 426 428 430 432 432 434 436 438 438 440 442 444 444 446 448 450 450 452 454 456 456 460 458 462 464 462 466 466 468 470 472 472 476 474 478 478 482 480 482 484 486 488 488 492 490 494 494 498 496 500 500 502 504 506 506 508 510 512 512 514 516 518 518 520 522 524 524 526 528 530 530 532 534 536 536 538 540 542 542 544 546 548 548 550 552 554 554 556 558 560 560 562 564 566 566 568 570 572 572 574 576 578 578 580 582 584 584 586 588 0 594

590 65535 4 4 6 8 10 10 12 14 16 16 18 20 22 22 26 24 28 28 32 30 34 34 38 36 40 40 42 44 46 46 50 48 52 52 54 56 58 58 62 60 64 64 66 68 70 70 72 74 76 76 78 80 82 82 84 86 88 88 90 92 92 94 96 98 98 100 102 104 104 108 106 110 110 112 114 116 118 116 118 122 124 120 126 126 128 130 132 132 134 136 138 138 142 140 144 144 146 148 150 150 154 152 156 156 158 160 162 162 164 166 168 168 170 172 174 174 178 176 180 180 184 182 186 186 188 190 192 192 194 196 198 198 200 202 204 204 208 206 206 212 210 214 214 218 216 220 220 224 222 226 226 230 228 232 232 236 234 238 238 240 242 244 244 246 248 246 252 250 254 254 258 256 260 262 260 264 264 268 266 270 270 272 274 276 278 276 278 282 280 284 286 286 290 288 292 292 296 294 298 298 302 300 304 304 306 308 310 310 312 314 316 318 316 320 320 322 324 326 326 328 330 330 334 332 336 336 340 338 342 342 346 344 348 348 350 352 354 354 356 358 360 360 364 362 366 366 370 368 372 372 376 374 378 378 380 382 384 384 386 388 390 390 394 392 396 396 398 400 402 402 404 406 408 408 410 412 414 414 418 416 420 420 422 424 426 426 428 430 432 432 434 436 438 438 440 442 444 444 446 448 450 450 452 454 456 456 460 458 462 464 462 466 466 468 470 472 472 476 474 478 478 482 480 482 484 486 488 488 492 490 494 494 498 496 500 500 502 504 506 506 508 510 512 512 514 516 518 518 520 522 524 524 526 528 530 530 532 534 536 536 538 540 542 542 544 546 548 548 550 552 554 554 556 558 560 560 562 564 566 566 568 570 572 572 574 576 578 578 580 582 584 584 586 588 0 594
87 65535 3 3 5 7 9 9 11 13 15 15 17 19 21 21 23 25 27 27 29 31 33 33 37 35 39 39 41 43 45 45 47 49 51 51 53 55 57 57 59 61 63 63 65 67 69 69 71 73 75 75 77 79 81 81 85 83 0 92
443 65535 3 3 6 7 9 9 13 12 15 15 19 18 21 21 25 24 27 27 31 30 33 33 37 36 39 39 42 43 45 45 48 49 51 51 55 54 57 57 61 60 63 63 66 67 69 69 72 69 73 75 75 79 78 81 81 84 85 87 87 90 91 93 93 96 97 99 99 102 103 105 105 108 109 111 111 115 114 117 117 120 121 123 123 126 127 129 131 131 134 135 137 137 140 141 143 143 146 147 149 149 151 153 155 155 157 159 161 161 165 164 167 167 171 169 173 173 177 175 177 180 181 183 183 186 187 189 189 193 191 195 195 197 199 201 201 205 203 207 207 209 211 213 213 215 217 217 220 221 223 223 227 225 229 229 233 231 235 235 239 237 241 241 243 245 247 247 251 249 251 255 253 257 257 260 261 263 263 266 267 269 269 273 271 275 275 279 278 281 281 285 284 287 287 290 291 293 293 297 296 299 299 302 303 305 305 309 308 311 311 315 314 317 317 320 321 323 323 327 326 329 329 332 333 335 335 339 338 341 341 345 344 347 347 351 350 353 353 357 356 359 359 363 362 365 365 369 368 371 371 375 374 377 377 380 381 383 383 387 386 389 389 392 393 395 395 398 399 401 401 404 405 407 407 410 411 413 413 417 416 419 419 423 422 425 425 429 428 431 431 434 435 437 437 441 440 0 448
87 65535 3 3 5 7 9 9 11 13 15 15 17 19 21 21 23 25 27 27 29 31 33 33 37 35 39 39 41 43 45 45 47 49 51 51 53 55 57 57 59 61 63 63 65 67 69 69 71 73 75 75 77 79 81 81 85 83 0 92
443 65535 3 3 6 7 9 9 13 12 15 15 19 18 21 21 25 24 27 27 31 30 33 33 37 36 39 39 42 43 45 45 48 49 51 51 55 54 57 57 61 60 63 63 66 67 69 69 72 69 73 75 75 79 78 81 81 84 85 87 87 90 91 93 93 96 97 99 99 102 103 105 105 108 109 111 111 115 114 117 117 120 121 123 123 126 127 129 131 131 134 135 137 137 140 141 143 143 146 147 149 149 151 153 155 155 157 159 161 161 165 164 167 167 171 169 173 173 177 175 177 180 181 183 183 186 187 189 189 193 191 195 195 197 199 201 201 205 203 207 207 209 211 213 213 215 217 217 220 221 223 223 227 225 229 229 233 231 235 235 239 237 241 241 243 245 247 247 251 249 251 255 253 257 257 260 261 263 263 266 267 269 269 273 271 275 275 279 278 281 281 285 284 287 287 290 291 293 293 297 296 299 299 302 303 305 305 309 308 311 311 315 314 317 317 320 321 323 323 327 326 329 329 332 333 335 335 339 338 341 341 345 344 347 347 351 350 353 353 357 356 359 359 363 362 365 365 369 368 371 371 375 374 377 377 380 381 383 383 387 386 389 389 392 393 395 395 398 399 401 401 404 405 407 407 410 411 413 413 417 416 419 419 423 422 425 425 429 428 431 431 434 435 437 437 441 440 0 448
1498 65535 4 4 8 6 10 10 12 14 16 16 20 18 22 22 24 26 26 28 30 32 32 36 34 38 38 42 40 44 44 46 48 48 52 50 54 56 54 58 58 60 62 64 64 66 68 70 70 72 74 76 76 80 78 82 82 86 84 88 88 90 92 94 94 98 96 100 100 102 104 106 106 110 108 112 112 114 116 118 118 122 120 124 124 128 126 130 130 134 132 136 136 138 140 142 142 146 144 148 148 150 152 154 154 158 156 160 160 164 162 166 166 170 168 172 172 174 176 178 178 180 182 184 184 188 186 190 192 190 194 194 198 196 200 200 202 204 206 206 210 208 212 212 214 216 218 218 220 222 224 224 226 228 230 230 234 232 236 236 240 238 242 242 246 244 248 248 250 252 254 254 258 256 260 260 262 264 266 266 268 270 272 272 274 276 278 278 280 282 284 284 288 286 290 292 290 292 296 298 294 300 300 304 302 306 306 308 310 312 312 316 314 318 318 320 322 324 324 326 328 330 330 332 334 336 336 338 340 342 342 346 344 348 348 350 352 354 354 356 358 360 360 364 362 366 366 370 368 372 372 376 374 378 378 382 380 384 384 388 386 390 390 394 392 396 396 400 398 402 402 406 404 408 408 410 412 414 414 418 416 420 420 422 424 426 426 430 428 432 434 434 438 436 440 440 444 442 446 446 448 450 452 452 454 456 458 458 462 460 464 464 468 466 470 470 474 472 476 476 480 478 482 482 486 484 488 488 490 492 494 432 496 496 498 500 502 502 504 506 508 508 512 510 514 514 516 518 520 520 524 522 526 526 528 530 532 532 534 536 538 538 540 542 544 546 544 546 550 548 552 554 554 556 558 560 560 564 562 566 566 570 568 572 572 576 574 578 578 580 582 584 584 586 588 590 590 594 592 596 596 600 598 602 602 604 606 608 608 610 612 614 614 618 616 620 622 622 626 624 628 628 632 630 634 634 638 636 640 640 642 644 646 646 650 648 652 652 656 654 658 658 662 660 664 664 666 668 670 670 672 674 676 676 678 680 682 682 686 684 688 688 692 690 694 694 696 698 700 700 702 704 706 706 710 708 712 712 715 714 718 718 722 720 724 724 726 728 730 732 732 734 736 738 738 740 742 744 744 746 748 750 750 754 752 756 756 760 758 762 762 766 764 768 768 772 770 774 774 778 776 780 780 784 782 786 786 788 790 792 792 794 796 798 798 800 802 804 804 806 808 810 810 812 814 816 816 820 818 822 822 824 826 828 828 832 830 834 834 836 838 840 840 844 842 846 846 850 848 852 852 854 856 858 858 862 860 864 864 866 868 870 870 872 874 874 876 878 880 880 884 882 886 886 890 888 892 892 894 896 898 898 900 902 904 904 908 906 910 910 912 914 916 916 920 918 922 922 924 926 928 928 932 930 934 934 938 936 940 940 942 944 946 946 950 948 952 952 956 954 958 958 962 960 964 964 968 966 970 970 972 974 976 976 980 978 982 982 984 986 988 988 992 990 994 994 998 996 1000 1000 1004 1002 1006 1006 1008 1010 1012 1012 1014 1016 1018 1018 1020 1022 1024 1024 1028 1026 1030 1030 1034 1032 1036 1036 1040 1038 1042 1042 1044 1046 1048 1048 1050 1052 1054 1054 1056 1058 1060 1060 1064 1062 1066 1066 1068 1070 1072 1072 1074 1076 1078 1078 1082 1080 1084 1084 1086 1088 1090 1090 1094 1092 1096 1096 1098 1100 1102 1102 1104 1106 1108 1108 1112 1110 1114 1114 1116 1118 1120 1120 1124 1122 1126 1126 1128 1130 1132 1132 1136 1134 1138 1138 1142 1140 1144 1144 1148 1146 1150 1150 1154 1152 1156 1156 1160 1158 1162 1162 1166 1164 1168 1168 1172 1170 1174 1174 1178 1176 1180 1180 1182 1184 1186 1186 1188 1190 1192 1192 1196 1194 1198 1198 1202 1200 1204 1204 1208 1206 1210 1210 1212 1214 1216 1216 1220 1218 1222 1222 1224 1226 1228 1228 1232 1230 1234 1234 1238 1236 1240 1240 1242 1244 1246 1248 1250 1252 1254 1254 1256 1258 1260 1260 1264 1262 1266 1266 1270 1268 1272 1272 1274 1276 1278 1278 1282 1280 1284 1284 1288 1286 1290 1290 1292 1294 1296 1298 1298 1300 1302 1304 1304 1306 1308 1310 1310 1314 1312 1316 1316 1318 1320 1322 1322 1324 1326 1328 1328 1330 1332 1334 1336 1338 1340 1342 1344 1346 1346 1348 1350 1352 1354 1356 1358 1360 1362 1364 1364 1366 1368 1370 1370 1374 1372 1376 1376 1378 1380 1382 1384 1386 1386 1388 1390 1390 1394 1392 1396 1398 1400 1402 1404 1404 1408 1406 1410 1410 1414 1412 1416 1416 1420 1418 1422 1422 1426 1424 1428 1428 1432 1430 1434 1436 1436 1440 1438 1442 1442 1446 1444 1448 1448 1450 1452 1454 1454 1456 1458 1460 1460 1464 1462 1466 1468 1466 1472 1470 1474 1476 1478 1480 1480 1484 1482 1486 1486 1488 1490 1492 1492 1494 1496 0 1502
87 65535 3 3 5 7 9 9 11 13 15 15 17 19 21 21 23 25 27 27 29 31 33 33 37 35 39 39 41 43 45 45 47 49 51 51 53 55 57 57 59 61 63 63 65 67 69 69 71 73 75 75 77 79 81 81 85 83 0 92
87 65535 3 3 5 7 9 9 11 13 15 15 17 19 21 21 23 25 27 27 29 31 33 33 37 35 39 39 41 43 45 45 47 49 51 51 53 55 57 57 59 61 63 63 65 67 69 69 71 73 75 75 77 79 81 81 85 83 0 92




65535 0 6
4 6 8 10 10 14 12 16 16 20 18 22 22 24 26 28 28 32 30 34 34 36 37 40 40 42 44 44 47 46 56 50 52 50 54 54 56 59 58 62 62 66 64 68 68 72 73 70 76 76 76 80 78 82 82 86 84 88 88 92 90 94 94 96 98 100 100 110 102 104 106 106 110 108 110 112 114 116 116 120 118 122 122 126 124 128 128 130 131 134 134 136 138 138 140 142 144 144 146 148 150 150 154 152 156 156 160 158 162 162 166 164 168 168 170 172 174 174 178 176 180 180 184 182 186 186 190 188 190 192 194 196 196 200 198 202 202 206 204 208 208 210 212 214 214 218 216 220 220 224 222 226 226 228 230 232 232 234 236 238 238 242 240 244 244 248 246 250 250 252 254 256 256 258 260 262 262 266 264 268 268 270 272 274 274 276 278 280 280 282 284 286 286 288 290 292 292 294 296 298 298 302 300 304 304 308 306 310 310 312 314 316 316 320 318 320 324 322 326 326 328 330 332 332 334 336 338 338 342 340 344 344 348 346 350 350 598 352 356 354 358 358 362 360 364 364 366 368 370 370 372 374 376 376 378 380 382 382 384 386 388 388 392 390 394 394 396 398 400 400 404 402 404 406 408 410 410 414 412 416 416 418 420 422 422 424 426 428 428 432 430 434 434 438 436 440 440 444 442 446 446 448 450 452 452 456 454 458 458 462 460 464 464 466 468 468 470 472 474 474 478 476 480 480 482 484 484 486 488 490 490 492 494 496 496 500 498 502 502 506 504 508 508 512 510 514 514 516 518 520 520 524 522 526 526 528 530 532 532 534 536 538 538 540 542 544 544 546 548 550 550 552 554 556 556 560 558 562 562 564 566 568 568 570 572 574 574 576 578 580 580 582 584 586 586 590 588 592 592 594 596 598 598 601 600 604 604 607 606 610 610 612 613 616 616 618 619 622 622 623 626 626 630 628 630 634 631 638 635 635 638 640 641 644 644 646 647 650 650 653 652 656 656 658 659 662 662 665 664 668 668 670 895 672 674 674 678 676 680 680 684 682 686 686 688 690 692 692 696 694 698 698 702 700 704 704 706 708 708 710 712 714 714 716 718 720 720 724 722 726 726 730 728 732 732 734 736 738 738 742 740 744 744 748 746 750 750 754 752 756 756 760 758 760 764 762 766 766 768 770 772 772 774 776 778 778 780 782 784 784 788 786 790 790 794 792 796 796 798 800 802 802 804 806 808 808 810 812 814 814 818 816 820 820 824 822 826 826 830 828 832 832 834 836 838 838 842 840 844 844 846 848 850 850 852 854 854 858 856 860 860 864 862 866 866 868 870 872 872 876 874 878 878 880 882 884 884 886 888 890 890 894 892 898 895 898 899 902 902 904 905 908 908 911 910 914 914 918 916 920 920 923 922 926 926 928 929 932 932 936 934 938 938 940 942 944 944 954 945 950 947 951 951 954 957 956 960 962 962 962 964 965 968 968 971 970 974 974 976 977 980 980 984 982 986 986 989 988 992 992 994 998 995 1002 999 999 1002 1005 1004 1008 1012 1008 1010 1013 1016 1013 1016 1019 1018 1022 1022 1024 1025 1028 1028 1031 1030 1034 1034 1036 1038 1040 1040 1041 1050 1043 1046 1047 1047 1050 1053 1052 1055 1058 1055 1058 1059 1062 1062 1064 1065 1068 1068 1070 1071 1074 1074 1076 1077 1080 1080 1083 1082 1086 1086 1089 1088 1092 1092 1095 1094 1098 1098 1101 1100 1104 1104 1105 1108 1110 1112 1110 1112 1115 1114 1118 1118 1120 1122 1122 1124 1125 1128 1128 1130 1131 1134 1134 1137 1136 1140 1140 1142 1144 1146 1146 1149 1148 1152 1152 1154 1155 1158 1158 1160 1162 1164 1164 1170 1166 1168 1171 1174 1171 1176 1174 1178 1178 1181 1180 1184 1184 1186 1187 1190 1190 1193 1192 1196 1196 1200 1198 1202 1202 1205 1204 1208 1208 1210 1214 1211 1218 1216 1218 1218 1216 1230 1218 1221 1220 1224 1228 1225 1225 1228 1230 1232 1235 1234 1238 1238 1241 1240 1244 1244 1246 1247 1250 1250 1253 1252 1256 1256 1258 1259 1262 1262 1268 1264 1266 1269 1272 1269 1275 1272 1280 1274 1278 1278 1282 1282 1284 1286 1288 1288 1290 1291 1291 1293 1296 1297 1297 65535 0 1302
5 4 8 8 11 10 14 14 17 16 20 20 22 23 26 26 28 30 46 34 32 34 38 36 38 40 42 44 44 46 50 48 52 52 56 54 58 58 62 60 64 64 68 66 70 70 72 74 74 78 76 80 80 82 84 86 86 88 90 92 92 96 94 98 98 100 102 104 104 106 108 110 110 112 114 116 116 126 118 120 122 124 124 126 130 128 132 132 134 136 138 138 140 142 144 144 148 146 150 150 152 154 156 156 160 158 160 164 162 166 166 168 170 172 172 176 174 178 178 180 182 182 184 186 188 188 192 190 194 194 196 198 200 200 202 204 206 206 208 210 212 212 214 215 218 218 222 220 222 225 224 230 228 234 228 232 232 234 236 237 240 240 242 244 246 246 251 248 250 254 254 254 256 258 260 260 262 264 266 266 270 268 272 272 276 274 278 278 288 280 284 282 284 286 288 288 290 292 294 294 296 298 300 300 302 304 306 306 308 309 312 312 314 316 316 318 320 322 322 326 324 328 328 330 332 334 334 338 336 340 340 344 342 346 346 348 350 352 352 354 356 358 358 362 360 364 364 366 368 368 372 370 374 374 376 378 380 380 382 384 386 386 390 388 392 392 394 396 398 398 400 402 404 404 406 408 410 410 414 412 416 416 418 420 422 422 426 424 428 428 430 432 434 434 436 438 440 440 442 444 446 446 450 448 452 452 454 456 458 458 462 460 464 464 468 466 470 470 472 474 476 476 478 480 482 482 484 486 488 488 492 490 494 494 496 498 498 500 502 504 504 508 506 510 510 514 512 516 516 518 520 522 522 526 524 528 528 530 776 534 532 536 536 538 540 542 542 546 544 548 548 552 550 554 554 558 556 560 560 564 562 566 566 570 568 572 572 576 574 578 578 582 580 582 584 586 588 588 592 590 594 594 596 598 600 600 602 604 606 606 608 610 612 612 616 614 618 618 622 620 624 624 626 628 630 630 632 634 636 636 640 638 642 642 646 644 646 650 648 652 652 656 654 658 658 662 660 662 664 666 668 668 672 670 674 674 676 678 680 680 682 684 686 686 690 688 692 692 694 696 698 698 700 702 704 704 706 708 710 710 712 714 716 716 718 720 722 722 726 724 728 728 730 732 734 734 738 736 740 740 742 744 746 746 750 748 752 752 754 756 758 758 762 760 764 764 768 766 770 770 774 772 776 776 779 778 782 782 785 784 788 788 791 790 794 794 796 797 800 800 801 804 804 806 808 808 812 816 809 813 813 816 819 818 822 822 824 825 828 828 831 830 834 834 837 836 840 840 843 842 846 846 1073 848 852 850 852 856 854 858 858 862 860 864 864 868 866 870 870 872 874 876 876 880 878 882 882 886 884 886 890 888 892 892 894 896 898 898 900 902 904 904 906 908 910 910 914 912 916 916 920 918 922 922 926 924 928 928 930 932 934 934 938 936 938 942 940 944 944 946 948 950 950 952 954 956 956 960 958 962 962 964 966 968 968 970 972 974 974 978 976 980 980 984 982 986 986 988 990 992 992 996 994 998 998 1000 1002 1004 1004 1006 1008 1010 1010 1012 1014 1016 1016 1020 1018 1022 1022 1024 1026 1028 1028 1032 1030 1032 1036 1034 1038 1038 1040 1042 1044 1044 1048 1046 1050 1050 1052 1054 1056 1056 1058 1060 1062 1062 1066 1064 1068 1068 1072 1070 1076 1073 1076 1077 1080 1080 1083 1082 1086 1086 1088 1089 1092 1092 1096 1094 1098 1098 1100 1101 1104 1104 1106 1107 1110 1110 1112 1114 1116 1116 1118 1120 1122 1122 1123 1132 1125 1128 1129 1129 1132 1138 1135 1134 1140 1140 1140 1143 1142 1146 1146 1149 1148 1152 1152 1155 1154 1158 1158 1162 1160 1164 1164 1167 1166 1170 1170 1172 1176 1173 1180 1177 1177 1180 1182 1183 1186 1186 1190 1188 1191 1194 1191 1194 1197 1196 1200 1200 1202 1203 1206 1206 1209 1208 1212 1212 1214 1216 1218 1218 1219 1228 1224 1221 1225 1225 1231 1228 1233 1230 1236 1233 1237 1236 1240 1240 1242 1243 1246 1246 1248 1249 1252 1252 1254 1255 1258 1258 1261 1260 1264 1264 1266 1267 1270 1270 1273 1272 1276 1276 1279 1278 1282 1282 1288 1283 1286 1290 1288 1290 1292 1293 1296 1298 1296 1300 1300 1302 1303 1306 1306 1309 1308 1312 1312 1314 1315 1318 1318 1320 1322 1324 1324 1326 1327 1330 1330 1333 1332 1336 1336 1340 1338 1342 1342 1344 1348 1346 1349 1352 1349 1352 1354 1356 1356 1358 1359 1362 1362 1365 1364 1368 1368 1371 1370 1374 1374 1378 1376 1380 1380 1382 1383 1386 1386 1388 1392 1389 1396 1394 1396 1394 1408 1396 1396 1402 1398 1399 1406 1403 1403 1406 1408 1410 1413 1412 1416 1416 1419 1418 1422 1422 1425 1424 1428 1428 1430 1431 1434 1434 1437 1436 1440 1440 1446 1442 1444 1447 1450 1447 1453 1450 1458 1452 1456 1456 1460 1460 1462 1464 1466 1466 1468 1469 1469 1474 1471 1475 1475 1477 1482 1479 65535 65535 0 1486
58 59 65535 65535 4 5 8 8 10 11 14 14 16 18 20 20 22 24 26 26 28 30 32 32 34 35 38 38 40 42 44 44 46 48 50 50 52 54 56 56 0 64
11 3 7 5 9 9 11 13 15 17 17 21 19 23 23 25 27 29 29 31 33 35 35 41 37 39 41 41 45 43 48 49 49 49 51 53 55 55 57 59 61 63 127 63 65 67 67 72 69 73 73 75 77 77 79 87 81 83 85 85 87 94 89 91 97 97 97 95 97 99 101 101 105 103 107 107 111 109 113 113 115 117 117 119 121 121 123 125 127 127 131 129 133 133 135 139 137 137 141 141 145 143 147 147 151 149 153 153 155 157 159 161 163 163 166 167 167 169 175 171 173 177 177 177 179 187 183 185 181 183 185 187 189 192 193 193 195 197 199 201 203 203 205 213 209 207 211 211 213 216 217 217 223 219 223 221 223 227 225 227 229 231 233 237 236 237 237 240 241 241 244 245 245 247 65535 65535 0 252
6 3 7 7 9 11 13 13 17 15 19 19 23 21 65535 65535 0 28
140 141 65535 65535 4 6 8 8 11 10 14 14 16 18 20 20 22 24 26 26 30 28 32 32 33 35 32 37 32 32 40 42 32 44 32 46 32 48 32 50 32 32 52 32 54 56 32 32 58 60 32 62 62 64 66 68 68 69 72 72 75 74 78 78 82 80 84 84 86 88 90 90 92 94 96 96 99 98 102 102 104 106 108 108 112 110 114 114 117 116 120 120 122 123 126 126 128 130 132 132 134 136 138 138 0 146
4 5 9 8 11 11 14 15 17 17 20 21 21 23 26 27 29 29 31 33 37 36 39 39 45 42 47 44 49 47 49 53 52 55 55 58 59 61 61 64 65 67 67 71 70 73 73 77 75 79 79 82 83 85 85 89 88 91 91 95 94 97 97 100 101 103 103 106 107 109 109 113 112 115 115 117 119 121 121 123 125 127 127 131 129 133 133 137 136 139 139 141 145 144 145 148 149 151 151 154 155 157 157 161 160 163 163 166 167 169 169 173 172 175 175 179 178 181 181 184 185 187 187 190 191 193 193 197 195 199 199 203 202 205 205 209 208 211 211 214 215 217 217 221 220 223 223 225 227 229 229 233 232 235 235 238 239 241 241 243 245 247 247 249 253 252 255 255 257 259 263 262 263 265 265 269 268 271 271 274 275 277 277 281 280 283 283 286 287 289 289 291 293 297 297 296 299 299 303 301 305 305 309 308 311 311 315 314 317 317 321 320 323 323 326 327 329 329 332 333 335 335 339 338 341 341 345 344 347 347 350 351 353 353 356 357 359 359 362 363 365 365 369 368 371 371 375 374 377 377 381 380 383 383 386 387 389 389 393 392 393 395 65535 0 400
283 65535 3 3 6 7 9 9 12 13 15 15 18 19 21 23 23 26 27 29 29 33 32 35 35 39 38 41 41 45 44 47 47 50 51 53 53 57 56 59 59 63 62 65 65 69 68 71 71 74 75 75 78 79 81 81 85 84 87 87 91 90 93 93 97 96 99 99 102 103 105 105 108 109 111 111 115 114 117 117 121 120 123 123 127 126 129 129 133 132 135 135 138 139 141 141 144 145 147 147 151 150 153 153 156 157 159 161 161 164 165 167 167 171 170 173 173 176 177 179 179 182 183 185 185 189 188 191 191 195 194 197 197 200 201 203 203 206 207 209 209 212 213 215 215 218 219 221 221 224 225 227 229 229 232 233 235 235 239 238 241 241 244 245 247 247 250 251 253 253 257 256 259 259 262 263 265 265 269 268 271 271 275 274 277 277 281 280 0 288
283 65535 3 3 6 7 9 9 12 13 15 15 18 19 21 23 23 26 27 29 29 33 32 35 35 39 38 41 41 45 44 47 47 50 51 53 53 57 56 59 59 63 62 65 65 69 68 71 71 74 75 75 78 79 81 81 85 84 87 87 91 90 93 93 97 96 99 99 102 103 105 105 108 109 111 111 115 114 117 117 121 120 123 123 127 126 129 129 133 132 135 135 138 139 141 141 144 145 147 147 151 150 153 153 156 157 159 161 161 164 165 167 167 171 170 173 173 176 177 179 179 182 183 185 185 189 188 191 191 195 194 197 197 200 201 203 203 206 207 209 209 212 213 215 215 218 219 221 221 224 225 227 229 229 232 233 235 235 239 238 241 241 244 245 247 247 250 251 253 253 257 256 259 259 262 263 265 265 269 268 271 271 275 274 277 277 281 280 0 288
6 4 8 8 12 10 12 16 13 18 18 22 20 22 24 26 26 30 28 30 34 32 34 36 38 40 40 41 44 46 46 47 50 52 52 56 53 58 58 62 59 64 64 68 65 70 70 71 74 76 76 80 77 82 82 86 83 88 88 90 92 92 93 96 65535 65535 0 100
3 6 8 8 12 9 65535 65535 0 16
30 27 65535 65535 6 4 8 8 9 12 14 14 18 15 20 20 22 24 26 26 0 34
34 2 32 76 78 6 8 8 9 12 14 14 18 15 20 20 21 24 26 26 30 28 32 65535 82 36 38 38 40 42 42 46 43 48 50 48 52 52 53 56 58 58 62 59 64 64 68 65 70 70 71 74 76 65535 0 84
28 26 48 50 2 4 2 6 6 7 10 12 12 13 16 18 18 19 22 24 24 76 32 78 34 34 35 38 40 40 42 44 44 46 48 132 134 52 54 56 54 58 58 62 59 64 64 66 68 70 68 72 74 72 76 150 152 80 82 82 86 83 88 88 92 89 94 94 98 96 100 100 101 104 106 106 108 110 112 112 114 116 118 118 122 120 124 126 124 128 130 128 132 180 182 136 138 138 140 142 144 144 148 146 150 324 154 326 156 156 158 160 162 162 166 164 168 168 169 172 174 174 176 178 180 186 187 190 192 192 193 196 198 198 199 202 204 204 208 205 210 210 212 214 214 218 216 220 220 228 222 224 228 226 228 228 229 232 234 234 236 238 240 240 244 241 246 246 250 248 252 252 254 256 258 258 262 259 264 264 268 266 270 270 274 271 276 276 280 277 282 282 284 286 65535 65535 186 290 183 292 292 293 296 298 298 302 300 304 304 306 308 310 312 310 314 315 314 318 314 314 320 322 314 324 0 328
5 4 10 12 8 8 10 12 14 20 20 16 20 17 20 21 24 26 26 27 30 32 32 34 36 38 38 42 39 44 44 45 48 50 50 54 52 56 56 60 58 64 64 61 66 66 67 70 72 72 73 76 78 78 82 79 84 84 88 85 90 90 94 91 96 96 100 97 102 102 103 106 108 108 109 112 114 114 115 118 120 120 124 121 126 126 128 130 132 132 136 134 138 138 142 139 144 144 145 148 150 150 151 154 156 156 157 160 162 162 166 164 168 168 169 172 174 174 178 176 180 180 182 184 186 186 190 188 192 192 194 196 198 198 202 200 204 204 205 208 212 212 210 214 214 220 216 220 218 222 222 230 224 230 225 227 230 230 232 234 236 236 240 238 242 242 244 246 248 248 249 252 254 254 255 260 257 262 262 262 266 264 268 268 269 272 274 274 278 275 65535 65535 0 282

38 40 65535 3 6 8 65535 3 8 10 6 12 12 16 14 18 18 22 20 24 24 28 26 30 30 34 32 36 36 0 44
530 532 65535 65535 5 4 8 8 10 12 14 14 18 16 20 20 24 22 26 26 28 29 32 32 34 35 38 38 41 40 44 44 48 46 50 50 54 52 56 56 59 58 62 62 64 65 68 68 70 71 74 74 76 77 80 80 84 82 86 86 88 86 90 92 86 86 94 96 86 98 86 100 86 102 102 106 104 108 108 112 110 114 114 116 117 120 120 123 122 126 126 129 128 132 134 132 136 136 137 139 136 142 136 144 144 146 147 150 150 153 152 156 156 159 158 162 162 164 165 168 170 168 172 172 175 174 178 178 181 180 184 184 186 188 190 190 193 192 196 196 198 199 202 202 204 205 208 208 210 211 214 214 217 216 220 220 224 222 226 226 230 228 232 232 236 234 238 238 242 240 244 244 246 247 250 250 252 254 256 256 258 259 262 262 264 265 268 268 270 271 274 274 276 277 280 280 283 282 286 286 289 288 292 292 294 296 298 298 300 301 304 304 306 308 310 310 312 314 316 316 319 318 322 323 322 326 328 330 332 334 336 338 336 332 328 326 340 330 338 334 342 344 342 347 344 346 349 352 352 354 356 358 358 361 360 364 364 368 366 370 370 374 372 376 376 380 378 382 382 386 384 388 388 390 391 394 394 395 398 398 400 402 404 404 406 408 408 412 410 414 414 416 417 420 420 422 424 426 426 428 429 432 432 436 434 438 438 440 442 444 444 447 446 450 450 452 453 456 456 460 458 462 462 465 464 468 468 470 472 474 474 477 476 480 480 482 483 486 486 489 488 492 492 494 495 498 498 502 500 504 504 508 506 510 510 514 512 516 516 518 520 522 522 525 524 528 528 0 536
130 128 65535 65535 4 5 8 8 10 12 14 14 16 17 20 20 22 24 26 26 30 28 32 32 36 34 38 38 41 40 44 44 47 46 50 50 52 54 56 56 58 60 62 62 64 65 68 68 71 70 74 74 77 76 80 80 84 82 86 88 86 90 90 93 92 96 96 98 99 102 102 104 105 108 108 110 112 114 114 116 118 120 120 122 124 126 126 0 134
66 68 65535 4 65535 6 6 8 10 12 12 14 16 18 18 20 21 24 24 27 26 30 30 33 32 36 36 38 39 42 42 44 45 48 48 50 52 52 55 54 58 58 60 62 64 64 0 72
11 3 7 5 9 9 11 13 15 17 17 21 19 23 23 25 27 29 29 31 33 35 35 41 37 39 41 41 45 43 48 49 49 49 51 53 55 55 57 59 61 63 127 63 65 67 67 72 69 73 73 75 77 77 79 87 81 83 85 85 87 94 89 91 97 97 97 95 97 99 101 101 105 103 107 107 111 109 113 113 115 117 117 119 121 121 123 125 127 127 131 129 133 133 135 139 137 137 141 141 145 143 147 147 151 149 153 153 155 157 159 161 163 163 166 167 167 169 175 171 173 177 177 177 179 187 183 185 181 183 185 187 189 192 193 193 195 197 199 201 203 203 205 213 209 207 211 211 213 216 217 217 223 219 223 221 223 227 225 227 229 231 233 237 236 237 237 240 241 241 244 245 245 247 65535 65535 0 252
6 3 7 7 11 9 11 15 13 17 17 21 19 21 37 23 25 57 27 29 31 31 33 35 37 37 41 39 43 43 45 47 49 49 51 53 56 75 56 75 57 62 59 63 63 65 67 67 69 71 73 75 75 77 79 81 81 85 83 87 87 91 89 93 93 97 95 105 99 99 101 103 105 105 107 113 109 115 117 111 119 115 117 119 121 123 125 125 129 127 131 131 133 136 137 141 137 140 143 145 143 145 149 147 151 151 153 157 159 155 175 161 164 159 175 161 165 177 165 172 167 174 169 175 174 175 177 179 182 201 437 183 437 183 188 185 189 191 191 193 191 195 195 199 197 201 201 203 206 208 209 209 209 213 211 215 215 217 219 219 221 224 225 225 229 227 231 231 236 233 237 237 239 245 241 244 337 248 245 245 337 249 249 254 251 255 255 257 259 261 261 265 263 267 267 271 269 273 273 275 281 279 277 339 281 339 281 283 288 285 285 289 289 291 294 297 295 295 299 299 301 304 305 329 305 329 309 307 311 311 315 313 317 317 319 322 323 323 325 328 329 329 331 334 335 335 337 1337 342 339 343 343 345 348 349 349 354 351 355 355 357 362 360 363 1215 1237 1299 362 363 365 368 369 369 374 371 375 375 380 377 381 381 383 386 387 387 389 392 399 393 393 395 398 399 399 401 404 405 405 410 407 411 411 417 413 419 415 419 419 421 424 425 425 427 430 431 431 433 435 437 437 439 441 441 447 443 445 449 451 449 451 453 456 457 457 459 462 463 463 466 467 467 474 469 476 471 477 476 477 479 481 483 485 483 487 487 489 493 525 495 491 495 495 525 497 499 501 501 506 503 507 507 512 509 513 513 517 515 519 519 524 521 525 525 529 527 531 531 535 533 537 537 540 551 541 541 548 543 549 545 551 549 551 559 553 558 561 556 563 561 561 563 569 565 568 569 569 631 571 634 573 576 577 577 582 579 583 583 585 588 589 589 594 591 595 595 600 597 601 603 601 603 605 608 609 609 611 614 615 627 627 615 619 617 621 621 623 625 627 627 629 631 635 634 635 639 637 641 641 648 643 649 646 651 649 651 658 653 656 659 661 659 661 663 666 667 670 667 671 671 676 673 677 677 679 682 683 1337 683 685 687 689 689 691 694 695 695 697 702 703 699 705 703 705 707 710 711 714 711 715 715 717 1337 779 720 721 721 726 723 727 727 733 729 736 731 737 747 736 737 739 742 745 744 779 745 779 745 747 749 752 753 753 755 758 759 759 761 1070 763 766 767 767 769 773 777 771 776 773 777 777 781 779 783 783 791 785 789 793 788 795 795 793 795 800 797 803 805 801 805 807 805 807 812 809 813 1084 813 818 815 1090 819 857 1577 839 857 819 839 821 824 825 825 827 829 835 831 1093 831 837 1571 834 841 837 839 841 843 845 849 848 849 851 851 855 853 857 857 1093 861 863 860 865 865 1136 865 869 868 873 872 872 873 875 887 887 875 878 879 883 881 883 885 885 887 891 889 895 894 897 895 899 899 899 903 901 909 905 909 911 908 913 911 913 1093 916 917 919 919 1285 927 1127 1119 921 1271 923 1331 1340 925 927 932 930 933 937 937 937 1131 936 1119 939 939 942 943 945 945 947 949 1084 951 1340 951 954 955 959 957 959 961 987 961 969 965 964 965 968 969 971 971 975 974 977 977 981 980 983 983 985 987 987 991 990 993 993 995 1331 999 997 1001 1001 1571 1003 1005 1007 1009 1009 1015 1012 1013 1017 1019 1017 1019 1023 1022 1025 1025 1029 1027 1031 1031 1034 1035 1037 1037 1039 1045 1042 1043 1043 1045 1049 1048 1051 1051 1055 1054 1057 1057 1335 1059 1545 1061 1327 1064 1066 1327 1323 1068 1070 1074 1072 1076 1076 1078 1080 1082 1082 1084 1087 1086 1090 1090 1093 1092 1093 1095 1097 1097 1101 1131 1099 1103 1103 1105 1108 1111 1109 1109 1113 1113 1115 1118 1119 1119 1121 1124 1125 1125 1127 1133 1129 1131 1136 1137 1136 1137 1139 1141 1143 1143 1145 1148 1149 1149 1151 1156 1154 1157 1159 1157 1159 1165 1161 1163 1165 1163 1167 1169 1167 1171 1171 1173 1175 1177 1177 1179 1181 1183 1183 1185 1190 1191 1187 1193 1191 1193 1197 1195 1199 1202 1199 1203 1203 1208 1205 1209 1209 1211 1213 1213 1215 1220 1227 1223 1218 1252 1222 1222 1223 1227 1225 1229 1229 1234 1231 1235 1235 1237 1244 1239 1246 1241 1337 1247 1246 1247 1249 1252 1253 1256 1253 1257 1257 1259 1262 1263 1263 1265 1267 1269 1269 1271 1273 1277 1279 1275 1281 1279 1281 1283 1285 1287 1287 1291 1289 1293 1293 1295 1297 1299 1299 1301 1303 1305 1305 1309 1307 1311 1311 1335 1316 1331 1314 1316 1320 1318 1320 1340 1322 1330 1325 1327 1327 1330 1571 1331 1335 1334 1335 1337 1340 1341 1341 1348 1343 1346 1349 1351 1349 1351 1359 1353 1357 1355 1361 1361 1361 1363 1367 1365 1369 1371 1369 1371 1373 1667 1375 1377 1379 1379 1381 1383 1385 1385 1387 1389 1389 1396 1391 1397 1393 1399 1397 1399 1401 1404 1405 1405 1410 1557 1611 1408 1615 1410 1411 1414 1414 1418 1416 1420 1420 1424 1422 1426 1426 1430 1428 1432 1432 1434 1436 1438 1438 1444 1440 1442 1442 1446 1446 1448 1450 1452 1452 1462 1454 1457 1456 1460 1460 1462 1464 1466 1466 1468 1471 1497 1470 1474 1474 1478 1476 1480 1480 1483 1482 1486 1486 1490 1512 1487 1491 1491 1493 1496 1497 1497 1503 1500 1505 1501 1503 1505 1507 1510 1512 1512 1538 1514 1516 1518 1518 1520 1521 1524 1524 1526 1527 1530 1530 1534 1532 1536 1536 1538 1540 1542 1544 1544 1547 1545 1550 1550 1552 1554 1556 1556 1557 1562 1559 1563 1563 1565 1568 1569 1569 1571 1573 1576 1577 1577 1579 1582 1583 1583 1588 1585 1589 1589 1594 1591 1595 1595 1597 1600 1601 1601 1604 1605 1605 1609 1607 1609 1615 1611 1613 1617 1620 1621 1617 1621 1621 1626 1623 1637 1628 1629 1639 1629 1647 1631 1633 1643 1647 1637 1635 1637 1639 1655 1641 1643 1647 1713 1649 1710 1652 1645 1653 1649 1653 1653 1655 1659 1657 1661 1663 1661 1665 1665 1667 1672 1669 1673 1675 1673 1675 1677 1683 1693 1679 1695 1681 1685 1683 1685 1687 1689 1691 1691 1693 1695 1699 1697 1701 1701 1701 1705 1703 1713 1707 1711 1710 1713 1715 1713 1715 1717 1719 1729 1721 1721 1726 1723 1727 1727 1729 1731 1733 1737 1736 1737 1737 1739 1742 1743 1743 1747 1745 1749 1749 1753 1751 1755 1755 1757 1761 1759 1761 1763 1763 1765 1839 1770 1767 1771 1771 1779 1773 1778 1775 1781 1781 1781 1788 1783 1785 1789 1789 1789 1792 1801 1794 1796 1796 1799 1798 1801 1801 1803 1806 1807 1807 1811 1810 1811 1814 1815 1815 1819 1817 1819 1824 1821 1825 1825 1830 1827 1831 1833 1831 1835 1835 1838 1839 1839 1843 1841 65535 65535 0 1848
3 5 7 7 11 9 13 13 17 15 19 19 21 23 25 25 29 27 31 31 35 33 37 37 42 39 43 43 45 48 49 49 54 51 55 55 60 57 61 61 66 63 67 67 69 71 71 75 73 77 77 80 83 81 81 83 85 87 89 89 91 93 95 95 97 99 101 101 103 105 107 107 109 111 113 113 115 117 117 119 121 123 123 127 125 127 129 132 133 133 138 135 139 139 144 141 145 145 149 147 151 151 153 156 157 157 162 159 163 163 168 165 169 169 171 173 175 175 177 179 181 181 186 183 65535 65535 0 190
82 84 65535 65535 4 6 8 8 12 10 14 14 16 18 20 20 24 22 26 26 28 30 32 32 34 36 38 38 40 42 44 44 46 48 50 50 52 54 56 56 60 58 62 62 64 66 68 68 71 70 74 74 76 78 80 80 0 88
40 41 65535 65535 6 4 8 8 10 11 14 14 18 16 20 20 22 24 26 26 30 28 32 32 34 36 38 38 0 46
11 10 65535 65535 5 4 8 8 0 16
160 158 65535 65535 5 4 8 10 10 12 13 16 16 20 8 18 22 22 26 24 28 28 32 30 34 34 36 38 40 40 44 42 46 46 48 50 52 52 56 54 58 58 60 62 64 64 68 66 70 70 72 74 76 76 78 80 82 82 84 86 88 88 90 92 94 96 98 100 102 104 106 107 98 106 94 96 107 110 104 102 100 112 112 115 114 118 118 121 120 124 124 127 126 130 130 132 134 134 135 138 138 141 140 144 144 146 148 150 150 154 152 156 156 0 164
89 88 65535 65535 5 4 8 8 12 10 14 14 18 16 20 20 20 25 22 23 28 28 32 30 34 34 36 38 38 40 41 44 44 46 47 50 50 53 52 56 56 58 59 62 62 66 64 68 68 70 71 74 74 78 76 80 80 82 83 86 86 0 94
180 182 65535 65535 6 4 8 8 10 12 14 14 15 14 18 20 20 24 22 26 26 28 30 30 31 34 30 36 36 39 38 42 42 46 44 48 48 38 51 50 54 54 58 56 60 60 64 62 66 66 68 70 72 74 72 76 76 80 78 82 82 86 84 84 89 88 92 92 96 94 98 100 98 102 104 106 108 108 111 110 104 114 114 106 116 118 120 120 123 122 126 126 106 128 130 132 132 134 136 106 138 138 106 102 142 98 140 144 144 148 146 98 150 150 98 153 152 156 156 158 159 98 162 162 164 166 166 170 168 172 172 176 174 178 178 0 186
127 126 65535 65535 4 6 8 8 11 10 14 14 18 16 20 20 22 24 26 26 30 28 32 32 34 35 38 40 38 42 42 46 44 48 48 51 50 54 54 58 56 60 62 60 64 64 68 66 70 70 73 72 76 76 80 78 82 82 84 86 88 88 90 92 94 94 98 96 100 100 102 103 106 106 110 108 112 112 114 116 118 118 122 120 124 124 0 132
212 210 65535 65535 6 4 8 8 11 10 14 14 16 18 20 20 24 22 26 26 28 30 32 32 34 36 38 38 42 40 44 44 46 48 50 50 52 53 56 56 60 58 62 62 66 64 68 68 70 71 74 74 76 78 80 80 82 84 86 86 88 90 92 92 94 96 98 98 100 101 104 104 108 106 110 110 114 112 116 116 120 118 122 122 126 124 128 128 132 130 134 134 138 136 140 140 142 144 146 146 149 148 152 152 156 154 158 158 160 162 162 164 165 168 168 170 172 174 174 177 176 180 180 184 182 186 186 189 188 192 192 194 196 198 200 198 202 202 205 204 208 208 0 216
32 30 65535 65535 4 6 8 8 12 10 14 14 16 18 20 20 22 24 24 26 28 28 0 36
40 41 65535 65535 6 4 8 8 10 12 14 14 16 18 20 20 22 24 26 26 28 30 32 32 34 36 38 38 0 46
45 44 65535 65535 4 5 8 8 11 10 14 14 16 18 20 20 22 24 24 28 26 30 30 32 34 36 36 38 40 42 42 0 50
108 110 65535 65535 4 5 8 8 8 10 14 11 16 16 19 18 22 22 25 24 28 28 32 30 34 34 38 36 40 40 44 42 46 46 50 48 52 52 54 56 58 58 62 60 64 64 66 67 70 70 72 74 76 76 79 78 82 82 84 85 88 88 90 92 94 94 97 96 100 100 104 102 106 106 0 114
180 181 65535 65535 5 4 8 8 11 10 14 14 17 16 20 20 23 22 26 26 28 30 32 32 36 34 38 38 40 42 44 44 46 47 50 50 52 54 56 56 58 59 62 62 64 66 68 68 70 72 74 74 77 76 80 80 81 84 84 88 86 90 90 93 92 96 96 100 98 102 102 105 104 108 108 110 111 114 114 118 116 120 120 124 122 126 128 126 130 130 134 132 136 136 138 139 142 142 144 146 148 148 152 150 154 156 154 156 158 160 160 162 164 166 166 168 169 172 172 176 174 178 178 0 186

3 5 7 9 11 11 13 15 17 17 21 19 23 25 23 25 29 27 31 31 33 35 37 37 39 41 43 43 47 45 49 49 52 53 55 55 59 57 61 61 63 65 67 67 71 69 73 73 76 77 79 79 82 83 85 85 88 89 91 91 95 94 97 97 99 101 103 103 107 105 107 111 110 113 113 117 116 119 119 121 123 125 125 127 130 131 131 133 135 137 137 142 139 143 143 145 148 149 149 151 154 155 155 159 158 161 161 165 163 167 167 171 170 173 173 177 176 179 179 182 183 185 185 188 189 191 191 194 195 197 197 200 201 203 203 205 208 209 209 213 211 213 216 217 219 219 222 223 225 225 228 229 231 231 234 235 237 237 240 241 243 243 246 247 249 249 252 253 255 255 259 258 261 261 265 264 267 267 269 271 273 273 277 276 281 279 281 283 283 286 287 289 289 293 292 295 295 298 299 303 302 303 305 305 308 309 311 311 314 315 317 317 320 321 323 323 326 327 329 329 331 334 335 335 339 338 341 341 343 345 347 347 350 351 353 353 357 355 359 359 362 363 365 365 368 369 371 371 374 375 377 377 380 381 383 383 386 387 389 389 392 393 398 398 395 399 399 404 401 405 405 408 409 411 411 414 415 417 417 422 419 423 423 427 425 429 429 433 431 435 435 439 438 441 441 444 445 447 447 451 450 453 453 457 455 459 459 462 463 465 465 467 469 471 471 473 475 477 477 481 479 483 483 487 485 489 489 493 492 495 495 499 498 501 501 505 504 507 507 512 509 513 513 517 516 519 519 523 521 525 525 530 527 531 531 533 536 537 537 541 540 543 543 546 547 549 549 551 553 555 555 559 558 561 561 565 564 567 567 570 571 573 573 578 575 579 579 582 583 585 585 589 588 591 591 595 594 597 597 601 600 603 603 607 606 609 609 612 613 615 615 619 618 621 621 623 625 627 627 629 631 633 633 637 636 639 639 643 641 645 645 648 649 651 651 655 654 657 657 661 660 663 663 666 667 669 669 673 672 675 675 679 678 681 681 684 685 687 687 690 691 693 693 697 696 699 699 702 704 705 707 707 707 711 710 713 713 715 718 719 719 723 721 725 725 729 727 731 731 735 734 737 737 741 740 743 743 747 746 749 749 752 753 755 755 758 759 761 761 765 764 767 767 770 771 773 773 776 777 779 779 784 781 785 785 789 788 791 791 795 793 797 797 799 801 803 803 807 805 809 809 813 812 815 815 817 820 821 821 823 826 827 827 829 832 833 833 836 837 839 839 844 841 845 845 849 848 851 851 855 853 857 857 860 861 863 863 865 868 869 869 873 872 875 875 877 880 881 881 885 884 887 887 889 891 893 893 897 895 897 899 901 903 903 907 906 909 909 913 912 915 915 919 918 921 921 924 925 927 927 931 929 933 933 936 937 939 939 943 941 945 945 947 949 951 951 955 953 957 957 959 962 963 963 966 967 969 969 973 972 975 975 978 979 981 981 983 985 985 989 987 991 991 994 995 997 997 1000 1001 1003 1003 1007 1006 1009 1009 1013 1012 1015 1015 1019 1018 1021 1021 1025 1023 1025 1027 1029 1031 1031 1033 1035 1037 1037 1041 1040 1043 1043 1046 1047 1049 1049 1054 1051 1055 1055 1059 1058 1061 1061 1066 1063 1067 1067 1071 1070 1073 1073 1077 1076 1079 1079 1083 1081 1085 1085 1089 1088 1091 1091 1094 1095 1097 1097 1101 1100 1103 1103 1107 1106 1109 1109 1111 1113 1115 1115 1118 1119 1121 1121 1125 1123 1127 1127 1131 1130 1133 1133 1138 1135 1141 1141 1140 1144 1144 1145 1147 1147 1150 1151 1153 1153 1157 1155 1159 1159 1162 1163 1165 1165 1169 1168 1172 1172 1173 1175 1175 1179 1178 1181 1181 1183 1188 1185 1189 1189 1193 1192 1195 1195 1199 1198 1203 1203 1202 1205 1205 1208 1209 1211 1211 1214 1215 1217 1217 1221 1220 1223 1223 1226 1227 1229 1229 1233 1232 1235 1235 1239 1238 1241 1241 1245 1244 1247 1247 1250 1251 1253 1253 1256 1257 1259 1259 1263 1262 1265 1265 1269 1268 1271 1271 1275 1274 1277 1277 1282 1279 1283 1283 1288 1286 1289 1291 1291 1291 1295 1294 1297 1297 1301 1300 1303 1303 1307 1305 1309 1309 1313 1312 1315 1315 1319 1318 1321 1321 1325 1324 1327 1327 1330 1331 1333 1333 1337 1336 1339 1339 1342 1343 1345 1345 1348 1349 1353 1353 1351 1355 1355 1358 1359 1361 1361 1365 1364 1367 1367 1370 1371 1373 1373 1375 1377 1379 1379 1382 1383 1385 1385 1387 1389 1389 1393 1392 1395 1395 1399 1397 1401 1401 1404 1405 1407 1407 1411 1410 1413 1413 1416 1417 1419 1419 1422 1423 1427 1426 1427 1429 1429 1433 1432 1435 1435 1438 1439 1441 1441 1445 1444 1447 1447 1450 1451 1453 1453 1456 1457 1459 1459 1462 1463 1465 1465 1469 1468 1471 1471 1473 1476 1477 1477 1481 1480 1483 1483 1486 1487 1489 1489 1491 1493 1493 1496 1497 1499 1499 1503 1502 1505 1505 1509 1507 1511 1511 1515 1514 1517 1517 1521 1520 1523 1523 1525 1527 1529 1529 1533 1532 1535 1535 1538 1539 1541 1541 1543 1545 1545 1549 1548 1551 1551 1554 1555 1557 1557 1560 1561 1563 1563 1566 1567 1569 1569 1573 1572 1575 1575 1578 1579 1581 1581 1585 1584 1587 1587 1590 1591 1593 1593 1597 1596 1599 1599 1601 1603 1605 1605 1607 1609 1611 1611 1615 1613 1617 1617 1621 1620 1623 1623 1626 1627 1629 1629 1633 1632 1635 1635 1639 1637 1641 1641 1645 1643 1647 1647 1649 1651 1653 1653 1658 1655 1661 1661 1659 1663 1663 1666 1667 1669 1669 1672 1673 1675 1675 1677 1679 1681 1681 1685 1684 1687 1687 1690 1691 1693 1693 1697 1695 1699 1699 1703 1702 1705 1705 1708 1709 1711 1711 1715 1714 1717 1717 1721 1720 1723 1723 1727 1726 1729 1729 1732 1733 1735 1735 1738 1739 1741 1741 1745 1744 1747 1747 1751 1750 1753 1753 1758 1755 1759 1759 1762 1763 1765 1765 1768 1769 1771 1771 1775 1774 1777 1777 1780 1781 1783 1783 1786 1787 1789 1789 1792 1793 1795 1795 1797 1799 1801 1801 1804 1805 1807 1807 1810 1811 1813 1813 1816 1817 1819 1819 1823 1822 1825 1825 1828 1829 1831 1831 1835 1834 1837 1837 1841 1840 1843 1843 1846 1847 1849 1849 1853 1852 1855 1855 1859 1858 1861 1861 1865 1863 1865 1868 1869 1871 1871 1874 1875 1877 1877 1880 1881 1883 1883 1886 1887 1889 1889 1892 1893 1895 1895 1898 1899 1901 1901 1904 1905 1907 1907 1910 1911 1913 1913 1916 1917 1919 1919 1923 1921 1925 1925 1928 1929 1929 1932 1933 1935 1935 1939 1938 1941 1941 1944 1945 1947 1947 1951 1950 1953 1953 1956 1957 1959 1959 1962 1963 1965 1965 1969 1968 1971 1971 1975 1974 1977 1977 1980 1981 1983 1983 1986 1987 1989 1989 1991 1993 1993 1996 1997 1999 1999 2001 2004 2005 2005 2009 2008 2011 2011 2014 2015 2017 2017 2020 2021 2023 2023 2027 2026 2029 2029 2031 2033 2035 2035 2038 2039 2041 2041 2045 2044 2047 2047 2051 2050 2053 2053 2057 2056 2059 2059 2062 2063 2065 2065 2069 2068 2071 2071 2075 2073 2077 2077 2081 2080 2083 2083 2086 2087 2089 2089 2093 2091 2093 2097 2096 2099 2099 2101 2103 2107 2106 2107 2109 2109 2113 2111 2115 2115 2119 2118 2123 2122 2123 2125 2125 2128 2129 2131 2131 2134 2135 2137 2137 2140 2141 2143 2143 2147 2146 2149 2149 2153 2152 2155 2155 2159 2158 2161 2161 2164 2165 2167 2167 2171 2170 2173 2173 2177 2176 2179 2179 2183 2182 2185 2185 2188 2189 2191 2191 2193 2195 2197 2197 2200 2201 2203 2203 2206 2207 2209 2209 2211 2213 2215 2215 2218 2219 2221 2221 2224 2225 2227 2227 2230 2231 2233 2233 2236 2237 2239 2239 2242 2243 2247 2246 2247 2249 2249 2253 2252 2255 2255 2258 2259 2261 2261 2264 2265 2267 2267 2270 2271 2273 2273 2277 2275 2279 2279 2282 2283 2285 2285 2289 2288 2291 2291 2295 2294 2297 2297 2301 2299 2301 2305 2304 2307 2307 2311 2310 2313 2313 2316 2317 2319 2319 2323 2322 2325 2325 2328 2329 2331 2331 2335 2334 2339 2338 2339 2341 2341 2345 2343 2347 2347 2349 2352 2353 2353 2357 2356 2359 2359 2363 2362 2365 2365 2368 2369 2371 2371 2374 2375 2377 2377 2381 2380 2383 2383 2387 2386 2389 2389 2393 2391 2395 2395 2399 2398 2401 2401 2406 2403 2407 2407 2411 2410 2411 2415 2414 2417 2417 2421 2420 2423 2423 2426 2427 2429 2429 2433 2432 2435 2435 2438 2439 2441 2441 2445 2443 2445 2448 2449 2451 2451 2454 2455 2457 2457 2461 2460 2463 2463 2467 2466 2469 2469 2472 2473 2475 2475 2479 2478 2481 2481 2483 2485 2487 2487 2490 2491 2493 2493 2497 2496 2499 2499 2503 2502 2505 2505 2509 2508 2511 2511 2515 2514 2517 2517 2521 2520 2523 2523 2527 2526 2529 2529 2533 2532 2535 2535 2539 2538 2541 2541 2545 2544 2549 2549 2548 2551 2551 2554 2555 2557 2557 2561 2560 2563 2563 2566 2567 2571 2570 2571 2573 2573 2576 2577 2579 2579 2583 2582 2587 2587 2586 2589 2589 2592 2593 2595 2595 2598 2599 2601 2601 2604 2605 2607 2607 2611 2610 2613 2613 2616 2617 2621 2619 2621 2623 2623 2627 2625 2629 2629 2632 2633 2635 2635 2637 2640 2641 2641 2645 2644 2647 2647 2649 2651 2653 2653 2656 2657 2659 2659 2664 2662 2665 2667 2667 2667 2671 2670 2673 2673 2676 2677 2679 2679 2682 2683 2685 2685 2688 2689 2691 2691 2694 2695 2697 2697 2701 2700 2703 2703 2706 2707 2709 2709 65535 0 2714
4 6 65535 65535 0 10
6 4 65535 65535 0 10
3 5 7 9 11 13 15 15 17 19 22 65535 0 26
4 6 7 10 10 13 12 16 16 19 18 22 22 25 24 28 28 31 30 34 34 38 36 40 40 43 42 46 46 49 48 52 52 54 55 58 58 61 60 64 64 66 67 70 70 73 72 76 76 78 79 82 82 85 84 88 88 91 90 94 94 97 96 100 100 103 102 106 106 108 109 112 112 114 115 118 118 120 122 122 125 124 128 128 131 130 134 134 137 136 140 140 143 142 146 146 149 148 152 152 155 154 158 158 160 161 164 164 166 167 170 170 173 172 176 176 178 179 182 182 184 185 188 188 190 191 194 194 197 196 200 200 202 203 206 206 209 208 212 212 214 215 218 218 220 221 224 224 227 226 230 230 233 232 236 236 238 239 242 242 244 245 248 248 250 251 254 254 257 256 260 260 262 263 266 266 268 269 272 272 275 274 278 278 281 280 284 284 287 286 290 290 293 292 296 296 299 298 302 302 304 305 308 308 310 311 314 314 315 318 318 320 321 324 324 326 330 331 328 334 331 334 336 337 340 340 342 344 344 347 346 350 350 352 353 356 356 359 358 362 362 364 365 368 368 371 370 374 374 376 377 380 380 383 382 386 386 388 389 392 392 394 395 398 398 400 401 404 404 407 406 410 410 412 413 416 416 418 419 422 422 424 425 428 428 431 430 434 434 437 436 440 440 442 443 446 446 449 448 452 452 65535 0 456

4 8 5 10 10 11 14 16 16 20 17 22 22 23 26 28 28 32 29 34 34 35 38 40 40 44 41 46 46 47 50 52 52 56 53 58 58 59 62 64 64 65 68 70 70 74 76 71 76 76 77 80 82 82 83 86 88 88 92 89 94 94 95 98 100 100 101 104 106 106 110 107 112 112 116 113 118 118 119 122 124 124 128 125 130 130 132 133 136 138 138 142 139 144 144 148 145 150 150 152 154 156 156 160 158 162 162 163 166 168 168 172 170 174 174 178 176 179 182 179 184 184 188 185 190 190 192 194 196 196 198 200 202 202 204 206 208 208 210 212 214 214 218 216 219 219 222 224 224 228 226 230 230 232 234 236 236 240 238 242 242 244 246 248 248 252 250 256 254 256 258 258 259 262 264 264 265 268 270 270 272 274 276 276 277 280 282 282 283 286 288 288 292 289 294 294 295 298 300 300 301 304 306 306 307 310 312 312 313 316 318 318 319 322 324 324 328 325 330 330 331 334 336 336 340 337 342 342 343 346 348 348 352 349 354 354 358 355 360 360 361 364 366 366 367 370 372 372 373 376 378 378 382 379 384 384 385 388 390 390 391 394 396 396 397 400 402 402 403 406 408 408 412 409 414 414 418 415 420 420 421 424 426 426 427 430 432 432 436 433 438 438 442 439 444 444 65535 0 448

4 8 5 10 10 11 14 16 16 20 17 22 22 23 26 28 28 32 29 34 34 35 38 40 40 44 41 46 46 47 50 52 52 56 53 58 58 59 62 64 64 65 68 70 70 74 76 71 76 76 77 80 82 82 83 86 88 88 92 89 94 94 95 98 100 100 101 104 106 106 110 107 112 112 116 113 118 118 119 122 124 124 128 125 130 130 132 133 136 138 138 142 139 144 144 148 145 150 150 152 154 156 156 160 158 162 162 163 166 168 168 172 170 174 174 178 176 179 182 179 184 184 188 185 190 190 192 194 196 196 198 200 202 202 204 206 208 208 210 212 214 214 218 216 219 219 222 224 224 228 226 230 230 232 234 236 236 240 238 242 242 244 246 248 248 252 250 256 254 256 258 258 259 262 264 264 265 268 270 270 272 274 276 276 277 280 282 282 283 286 288 288 292 289 294 294 295 298 300 300 301 304 306 306 307 310 312 312 313 316 318 318 319 322 324 324 328 325 330 330 331 334 336 336 340 337 342 342 343 346 348 348 352 349 354 354 358 355 360 360 361 364 366 366 367 370 372 372 373 376 378 378 382 379 384 384 385 388 390 390 391 394 396 396 397 400 402 402 403 406 408 408 412 409 414 414 418 415 420 420 421 424 426 426 427 430 432 432 436 433 438 438 442 439 444 444 65535 0 448
4 8 6 10 10 14 12 16 16 20 18 22 22 26 24 28 28 32 30 34 34 36 38 40 40 44 42 46 46 48 50 52 52 56 54 58 58 62 60 64 64 68 66 70 70 74 72 76 76 78 80 82 82 84 86 88 88 65535 0 92
4 8 6 10 10 14 12 16 16 20 18 22 22 26 24 28 28 32 30 34 34 36 38 40 40 44 42 46 46 48 50 52 52 56 54 58 58 62 60 64 64 68 66 70 70 74 72 76 76 78 80 82 82 84 86 88 88 65535 0 92
3 8 5 9 9 11 14 15 15 17 20 21 21 23 26 27 27 29 32 33 33 38 35 39 39 41 44 45 45 50 47 51 51 56 53 57 57 62 59 63 63 68 65 69 69 74 71 75 75 77 80 81 81 83 86 87 87 92 89 93 93 98 95 99 99 101 104 105 105 107 110 111 111 113 116 117 117 119 122 123 123 125 128 129 129 134 131 135 135 137 140 141 141 143 146 147 147 149 152 153 153 155 157 157 162 159 163 163 168 165 169 169 174 171 175 175 177 180 181 181 186 183 187 187 189 192 193 193 198 195 199 199 201 204 205 205 210 207 211 211 216 213 217 217 219 222 223 223 228 225 229 229 234 231 235 235 240 237 241 241 246 243 247 247 252 249 253 253 255 258 259 259 264 261 265 265 267 270 271 271 276 273 277 277 279 282 283 283 288 285 289 289 291 294 295 295 297 300 301 301 306 303 307 307 309 312 313 313 318 315 319 319 321 324 325 325 330 327 331 331 336 333 337 337 342 339 343 343 348 345 349 349 354 351 355 355 360 357 361 361 366 363 367 367 369 372 373 373 378 375 379 379 383 381 383 388 385 389 389 391 394 395 395 400 397 401 401 403 406 407 407 409 412 413 413 415 418 419 419 424 421 425 425 430 427 431 431 436 433 437 437 442 439 443 443 445 448 449 449 454 451 455 455 457 460 461 461 463 466 467 467 472 469 473 473 475 478 479 479 484 481 485 485 487 490 491 491 493 496 497 497 499 501 501 503 506 507 507 512 509 513 513 515 518 519 519 524 521 525 525 527 530 531 531 533 536 537 537 539 542 543 543 545 548 549 549 554 551 555 555 560 557 561 561 563 566 567 567 569 572 573 573 575 578 579 579 584 581 585 585 590 587 591 591 593 596 597 597 599 602 603 603 605 608 609 609 614 611 615 615 620 617 621 621 623 626 627 627 632 629 633 633 638 635 639 639 641 644 645 645 647 650 651 651 656 653 657 657 661 660 661 666 663 667 667 669 672 673 673 678 675 679 679 684 681 685 685 690 687 691 691 696 693 697 697 699 702 703 703 705 708 709 709 714 711 715 715 720 717 721 721 726 723 727 727 729 732 733 733 738 735 739 739 741 744 745 745 747 750 751 751 753 756 757 757 762 759 763 763 768 765 769 769 774 771 775 775 777 780 781 781 783 786 787 787 792 789 793 793 797 796 797 802 799 803 803 808 805 809 809 811 814 815 815 820 817 821 821 826 823 827 827 832 829 833 833 835 838 839 839 841 844 845 845 847 850 851 851 853 856 857 857 862 859 863 863 868 865 869 869 874 871 875 875 880 877 881 881 886 883 887 887 892 889 893 893 898 895 899 899 901 904 905 905 907 910 911 911 913 916 917 917 919 922 923 923 925 928 929 929 934 931 935 935 940 937 941 941 946 943 947 947 952 949 953 953 955 958 959 959 964 961 965 965 970 967 971 971 973 976 977 977 979 982 983 983 985 988 989 989 991 994 995 995 1000 997 1001 1001 1003 1006 1007 1007 1012 1009 1013 1013 1018 1015 1019 1019 1024 1021 1025 1025 1027 1030 1031 1031 1036 1033 1037 1037 1039 1042 1043 1043 1048 1045 1049 1049 1054 1051 1055 1055 1057 1060 1061 1061 1063 1066 1067 1067 1069 1072 1073 1073 1075 1078 1079 1079 1084 1081 1085 1085 1087 1090 1091 1091 1096 1093 1097 1097 1099 1102 1103 1103 1105 1108 1109 1109 1111 1114 1115 1115 1117 1120 1121 1121 1123 1126 1127 1127 1129 1132 1133 1133 1135 1138 1139 1139 1144 1141 1145 1145 1150 1147 1151 1151 1153 1156 1157 1157 1159 1162 1163 1163 1168 1165 1169 1169 1171 1174 1175 1175 1177 1180 1181 1181 1186 1183 1187 1187 1189 1192 1193 1193 1195 1198 1199 1199 1201 1204 1205 1205 1207 1210 1211 1211 1216 1213 1217 1217 1219 1222 1223 1223 1228 1225 1229 1229 1231 1234 1235 1235 1240 1237 1241 1241 1246 1243 1247 1247 1249 1252 1253 1253 1258 1255 1259 1259 1261 1264 1265 1265 1270 1267 1271 1271 1276 1273 1277 1277 1281 1280 1281 1283 1286 1287 1287 1289 1292 1293 1293 1298 1295 1299 1299 1304 1301 1305 1305 1307 1310 1311 1311 1313 1316 1317 1317 1319 1322 1323 1323 1328 1325 1329 1329 1334 1331 1335 1335 1337 1340 1341 1341 1343 1346 1347 1347 1352 1349 1353 1353 1355 1358 1359 1359 1364 1361 1365 1365 1370 1367 1371 1371 1373 1376 1377 1377 1379 1382 1383 1383 1388 1385 1389 1389 1394 1391 1395 1395 1397 1400 1401 1401 1406 1403 1407 1407 1409 1412 1413 1413 1415 1418 1419 1419 1421 1424 1425 1425 1427 1430 1431 1431 1436 1433 1437 1437 1439 1442 1443 1443 1448 1445 1449 1449 1451 1454 1455 1455 1460 1457 1461 1461 1463 1466 1467 1467 1472 1469 1473 1473 1475 1478 1479 1479 1484 1481 1485 1485 1490 1487 1491 1491 1493 1496 1497 1497 1502 1499 1503 1503 1505 1508 1509 1509 1514 1511 1515 1515 1517 1520 1521 1521 1526 1523 1527 1527 1532 1529 1533 1533 1535 1538 1539 1539 1542 1543 1543 1548 1545 1549 1549 1551 1554 1555 1555 1560 1557 1561 1561 1566 1563 1567 1567 1572 1569 1573 1573 1575 1578 1579 1579 1581 1583 1586 1587 1587 1592 1589 1593 1593 1595 1597 1599 1599 1604 1601 1605 1605 1610 1607 1611 1611 1613 1615 1617 1620 1617 1621 1621 1623 1626 1627 1627 1631 1629 1633 1636 1633 1637 1637 1642 1639 1643 1643 1648 1645 1649 1649 1651 1653 1656 1657 1657 1657 1666 1659 1661 1663 1667 1667 1667 1674 1669 1675 1671 1677 1675 1677 1682 1679 1683 1683 1688 1685 1689 1689 1691 1694 1695 1695 1699 1697 1701 1701 1703 1705 1710 1707 1707 1711 1711 1713 1716 1717 1717 1722 1719 1723 1723 1728 1725 1729 1729 1733 1731 1735 1735 1737 1740 1741 1741 1746 1743 1747 1747 1752 1749 1753 1753 1755 1757 1762 1759 1759 1763 1763 1767 1766 1767 1769 1772 1773 1773 1778 1775 1779 1779 1781 1784 1785 1785 1787 1790 1791 1791 1796 1793 1797 1797 1799 1802 1803 1803 1807 1805 1809 1809 1814 1811 1815 1815 1820 1817 1821 1821 1823 1826 1827 1827 1832 1829 1833 1833 1838 1835 1839 1839 1841 1844 1845 1845 1852 1847 1849 1853 1855 1853 1855 1857 1860 1861 1861 1865 1863 1867 1867 1869 1871 1871 1873 1875 1877 1877 1880 1881 1881 1883 1885 1887 1890 1887 1891 1891 1893 1896 1897 1897 1902 1899 1903 1903 1905 1908 1909 1909 1911 1914 1915 1915 1917 1919 1921 1921 1923 1926 1927 1927 1929 1932 1933 1933 1935 1938 1939 1939 1941 1946 1943 1947 1949 1947 1949 1954 1951 1955 1955 1960 1957 1961 1961 1965 1963 1967 1967 1969 1972 1973 1973 1975 1977 1977 1986 1979 1981 1983 1987 1987 1987 1989 1992 1993 1993 2000 1995 2001 1997 2003 2001 2008 2003 2009 2005 2011 2009 2011 2016 2013 2017 2017 2019 2022 2023 2023 2025 2028 2029 2029 2034 2031 2035 2035 2040 2037 2041 2041 2043 2046 2047 2047 2052 2049 2053 2053 2055 2058 2059 2059 2061 2064 2065 2065 2070 2067 2071 2071 2076 2073 2077 2077 2082 2079 2083 2083 2087 2086 2087 2089 2092 2093 2093 2095 2098 2099 2099 2101 2104 2105 2105 2110 2107 2111 2111 2113 2116 2117 2117 2122 2119 2123 2123 2125 2128 2129 2129 2131 2134 2135 2135 2140 2137 2141 2141 2143 2146 2147 2147 2152 2149 2153 2153 2158 2155 2159 2159 2163 2161 2168 2165 2165 2169 2169 2171 2174 2175 2175 2180 2177 2181 2181 2188 2183 2189 2185 2191 2189 2191 2193 2196 2197 2197 2202 2199 2203 2203 2208 2205 2209 2209 2211 2214 2215 2215 2217 2222 2223 2219 2225 2223 2225 2227 2230 2231 2231 2233 2235 2237 2237 2239 2244 2245 2241 2247 2245 2247 2251 2249 2256 2253 2253 2257 2257 2264 2259 2265 2261 2271 2265 2267 2270 2271 2271 2276 2273 2277 2277 2282 2279 2283 2283 2288 2285 2289 2289 2291 2294 2295 2295 2300 2297 2301 2301 2303 2306 2307 2307 2311 2309 2313 2313 2318 2315 2319 2319 2321 2324 2325 2325 2327 2330 2331 2331 2333 2335 2338 2339 2339 2341 2344 2345 2345 2347 2350 2351 2351 2356 2353 2357 2357 2359 2362 2363 2363 2365 2368 2369 2369 2374 2371 2375 2375 2380 2377 2381 2381 2383 2386 2387 2387 2392 2389 2393 2393 2398 2395 2399 2399 2401 2404 2405 2405 2407 2410 2411 2411 2413 2416 2417 2417 2419 2422 2423 2423 2425 2428 2429 2429 2431 2433 2433 2435 2438 2439 2439 2444 2441 2445 2445 2450 2447 2451 2451 2456 2453 2457 2457 2462 2459 2463 2463 2468 2465 2469 2469 2471 2474 2475 2475 2477 2480 2481 2481 2483 2486 2487 2487 2490 2491 2491 2493 2496 2497 2497 2502 2499 2503 2503 2508 2505 2509 2509 2514 2511 2515 2515 2517 2520 2521 2521 2526 2523 2527 2527 2532 2529 2533 2533 2535 2538 2539 2539 2541 2544 2545 2545 2547 2550 2551 2551 2556 2553 2557 2557 2562 2559 2563 2563 2568 2565 2569 2569 2571 2574 2575 2575 2577 2580 2581 2581 2583 2586 2587 2587 2589 2592 2593 2593 2598 2595 2599 2599 2601 2604 2605 2605 2607 2610 2611 2611 2613 2615 2615 2617 2620 2621 2621 2626 2623 2627 2627 2632 2629 2633 2633 2635 2638 2639 2639 2644 2641 2645 2645 2647 2652 2649 2653 2653 2655 2657 2660 2661 2661 2666 2663 2667 2667 2669 2672 2673 2673 2675 2678 2679 2679 2684 2681 2685 2685 2687 2690 2691 2691 2693 2696 2697 2697 2699 2702 2703 2703 2705 2708 2709 2709 2711 2714 2715 2715 2717 2720 2721 2721 2726 2723 2727 2727 2729 2732 2733 2733 2738 2735 2739 2739 2741 2744 2745 2745 2747 2750 2751 2751 2756 2753 2757 2757 2759 2762 2763 2763 2765 2768 2769 2769 2774 2771 2775 2775 2777 2780 2781 2781 2786 2783 2787 2787 2789 2792 2793 2793 2795 2798 2799 2799 2801 2804 2805 2805 2810 2807 2811 2811 2816 2813 2817 2817 2819 2822 2823 2823 2828 2825 2829 2829 2831 2834 2835 2835 2840 2837 2841 2841 2846 2843 2847 2847 2852 2849 2853 2853 2858 2855 2859 2859 2861 2864 2865 2865 2867 2870 2871 2871 2876 2873 2877 2877 2879 2882 2883 2883 2888 2885 2889 2889 2894 2891 2895 2895 2900 2897 2901 2901 2906 2903 2907 2907 2909 2912 2913 2913 2918 2915 2919 2919 2921 2924 2925 2925 2927 2930 2931 2931 2933 2936 2937 2937 2942 2939 2943 2943 2948 2945 2949 2949 2954 2951 2955 2955 2957 2960 2961 2961 2963 2966 2967 2967 2969 2972 2973 2973 2976 2977 2977 2982 2979 2983 2983 2988 2985 2989 2989 2991 2994 2995 2995 3000 2997 3001 3001 3003 3006 3007 3007 3012 3009 3013 3013 3015 3018 3019 3019 3024 3021 3025 3025 3027 3030 3031 3031 3033 3036 3037 3037 3039 3042 3043 3043 3048 3045 3049 3049 3054 3051 3055 3055 3060 3057 3061 3061 3066 3063 3067 3067 3069 3072 3073 3073 3075 3078 3079 3079 3081 3084 3085 3085 3087 3090 3091 3091 3096 3093 3097 3097 3102 3099 3103 3103 3108 3105 3109 3109 3114 3111 3115 3115 3120 3117 3121 3121 3123 3126 3127 3127 3132 3129 3133 3133 3135 3139 3137 3141 3141 3143 3145 3148 3150 3152 3152 3155 3154 3158 3158 3161 3160 3164 3164 3166 3167 3170 3170 3173 3172 3176 3176 3179 3178 3182 3182 3184 3186 3188 3188 3190 3191 3194 3194 3197 3196 3200 3200 3203 3202 3206 3206 3209 3208 3212 3212 3215 3214 3218 3218 3220 3221 3224 3224 3226 3227 3230 3230 3232 3233 3236 3236 3238 3239 3242 3242 3245 3244 3248 3248 3250 3251 3254 3254 3257 3256 3260 3260 3263 3262 3266 3266 3268 3270 3270 3273 3272 3276 3276 3279 3278 3282 3282 3284 3285 3288 3288 3290 3291 3294 3294 3296 3297 3300 3300 3302 3303 3306 3306 3308 3309 3312 3312 3315 3314 3318 3318 3320 3321 3324 3324 3327 3326 3330 3330 3332 3333 3336 3336 3339 3338 3342 3342 3345 3344 3348 3348 3350 3351 3354 3354 3356 3357 3360 3360 3363 3362 3366 3366 3369 3368 3372 3372 3375 3374 3378 3378 3381 3380 3384 3384 3387 3386 3390 3390 3392 3393 3396 3396 3398 3399 3402 3402 3404 3405 3408 3408 3411 3410 3414 3414 3416 3417 3420 3420 3422 3423 3426 3426 3429 3428 3432 3432 3434 3435 3438 3438 3441 3440 3444 3444 3447 3446 3450 3450 3452 3453 3456 3456 3459 3458 3462 3463 3462 3466 3466 3469 3468 3472 3472 3478 3474 3479 3476 3482 3479 3482 3485 3484 3488 3488 3492 3490 3492 3495 3494 3498 3498 3501 3500 3504 3504 3507 3506 3510 3510 3513 3512 3516 3516 3518 3519 3522 3522 3524 3525 3528 3528 3531 3530 3534 3534 3537 3536 3540 3540 3542 3543 3546 3546 3548 3549 3552 3552 3554 3555 3558 3558 3561 3560 3564 3564 3567 3566 3570 3570 3572 3573 3576 3576 3578 3579 3582 3582 3584 3585 3588 3588 3590 3591 3594 3594 3596 3597 3600 3600 65535 0 3604
4 8 5 10 10 11 14 16 16 20 17 22 22 23 26 28 28 32 29 34 34 35 38 40 40 44 41 46 46 47 50 52 52 56 53 58 58 59 62 64 64 65 68 70 70 74 76 71 76 76 77 80 82 82 83 86 88 88 92 89 94 94 95 98 100 100 101 104 106 106 110 107 112 112 116 113 118 118 119 122 124 124 128 125 130 130 132 133 136 138 138 142 139 144 144 148 145 150 150 152 154 156 156 160 158 162 162 163 166 168 168 172 170 174 174 178 176 179 182 179 184 184 188 185 190 190 192 194 196 196 198 200 202 202 204 206 208 208 210 212 214 214 218 216 219 219 222 224 224 228 226 230 230 232 234 236 236 240 238 242 242 244 246 248 248 252 250 256 254 256 258 258 259 262 264 264 265 268 270 270 272 274 276 276 277 280 282 282 283 286 288 288 292 289 294 294 295 298 300 300 301 304 306 306 307 310 312 312 313 316 318 318 319 322 324 324 328 325 330 330 331 334 336 336 340 337 342 342 343 346 348 348 352 349 354 354 358 355 360 360 361 364 366 366 367 370 372 372 373 376 378 378 382 379 384 384 385 388 390 390 391 394 396 396 397 400 402 402 403 406 408 408 412 409 414 414 418 415 420 420 421 424 426 426 427 430 432 432 436 433 438 438 442 439 444 444 65535 0 448
4 8 6 10 10 14 12 16 16 20 18 22 22 26 24 28 28 32 30 34 34 36 38 40 40 44 42 46 46 48 50 52 52 56 54 58 58 62 60 64 64 68 66 70 70 74 72 76 76 78 80 82 82 84 86 88 88 65535 0 92
4 8 5 10 10 11 14 16 16 20 17 22 22 23 26 28 28 32 29 34 34 35 38 40 40 44 41 46 46 47 50 52 52 56 53 58 58 59 62 64 64 65 68 70 70 74 76 71 76 76 77 80 82 82 83 86 88 88 92 89 94 94 95 98 100 100 101 104 106 106 110 107 112 112 116 113 118 118 119 122 124 124 128 125 130 130 132 133 136 138 138 142 139 144 144 148 145 150 150 152 154 156 156 160 158 162 162 163 166 168 168 172 170 174 174 178 176 179 182 179 184 184 188 185 190 190 192 194 196 196 198 200 202 202 204 206 208 208 210 212 214 214 218 216 219 219 222 224 224 228 226 230 230 232 234 236 236 240 238 242 242 244 246 248 248 252 250 256 254 256 258 258 259 262 264 264 265 268 270 270 272 274 276 276 277 280 282 282 283 286 288 288 292 289 294 294 295 298 300 300 301 304 306 306 307 310 312 312 313 316 318 318 319 322 324 324 328 325 330 330 331 334 336 336 340 337 342 342 343 346 348 348 352 349 354 354 358 355 360 360 361 364 366 366 367 370 372 372 373 376 378 378 382 379 384 384 385 388 390 390 391 394 396 396 397 400 402 402 403 406 408 408 412 409 414 414 418 415 420 420 421 424 426 426 427 430 432 432 436 433 438 438 442 439 444 444 65535 0 448
4 8 6 10 10 14 12 16 16 20 18 22 22 26 24 28 28 32 30 34 34 36 38 40 40 44 42 46 46 48 50 52 52 56 54 58 58 62 60 64 64 68 66 70 70 74 72 76 76 78 80 82 82 84 86 88 88 65535 0 92

3 5 7 9 9 11 13 15 15 19 17 21 21 23 25 27 27 29 31 33 33 37 35 39 39 41 43 45 45 49 47 51 51 53 55 57 57 61 59 63 63 67 65 69 69 71 73 75 75 77 79 81 81 83 85 87 87 91 89 91 95 93 97 97 99 101 103 103 105 107 109 109 113 111 115 115 117 121 119 123 125 123 125 127 129 131 131 133 135 137 137 139 141 143 143 145 147 149 149 153 151 155 155 157 159 161 161 165 163 167 167 171 169 173 173 177 175 179 179 183 181 185 185 189 187 191 191 193 195 197 197 201 199 203 203 207 205 209 211 209 213 213 217 215 219 219 223 221 225 225 229 227 231 231 233 235 237 237 239 241 243 243 247 245 251 249 249 253 253 257 255 259 259 261 263 263 267 265 269 269 271 273 275 275 277 281 283 279 285 283 285 289 287 291 291 293 295 297 297 299 301 303 303 307 305 309 309 313 311 315 315 319 317 319 321 323 325 325 329 327 331 333 331 335 335 337 339 341 341 343 345 347 347 351 349 353 353 357 355 359 359 363 361 365 365 369 367 371 371 373 375 377 377 381 379 383 383 387 385 389 389 393 391 395 395 399 397 401 401 405 403 407 407 409 411 413 413 417 415 419 419 421 423 425 425 427 429 431 431 433 435 437 437 439 441 443 443 447 445 449 449 451 453 455 455 459 457 461 461 465 463 465 469 467 471 471 473 475 477 477 481 479 483 485 483 487 487 489 491 493 493 497 495 499 499 503 501 505 505 507 509 511 511 513 515 517 517 519 521 523 523 525 527 529 529 531 533 535 535 537 539 541 541 545 543 547 547 549 551 553 553 555 557 559 559 561 563 565 565 567 569 571 571 575 573 577 577 581 579 583 583 587 585 589 589 65535 0 594
3 7 5 9 9 13 11 15 15 17 19 21 21 25 23 25 27 29 31 31 33 35 37 37 41 39 43 43 47 45 49 51 49 53 53 57 55 57 61 59 63 63 67 65 69 69 73 71 75 75 79 77 81 81 83 85 87 87 91 89 93 93 95 97 99 99 103 101 105 105 107 109 111 111 113 115 117 117 119 121 123 123 125 127 129 129 131 133 135 135 139 137 141 141 143 145 147 147 149 151 153 153 157 155 159 159 163 161 165 165 169 167 171 171 175 173 177 177 179 181 183 183 185 187 189 189 193 191 193 197 195 199 199 201 203 205 205 207 209 211 211 215 213 217 217 221 219 223 223 227 225 229 229 231 233 235 235 237 239 241 241 243 245 247 247 249 251 253 253 255 257 259 259 261 263 265 265 269 267 271 271 273 275 277 277 279 281 283 283 285 287 289 289 291 295 293 297 299 297 299 303 301 305 305 307 309 311 311 313 315 317 317 321 319 323 323 325 327 329 329 331 333 335 335 337 339 341 341 343 345 347 347 349 351 353 353 357 355 359 359 361 363 365 365 369 367 371 371 373 375 377 377 379 381 383 383 385 387 389 389 393 391 395 395 399 397 401 401 405 403 407 407 411 409 413 413 417 415 419 419 421 423 425 425 427 429 431 431 433 437 435 439 439 441 443 445 445 447 449 451 451 453 455 457 457 461 459 463 463 467 465 469 469 473 471 475 475 479 477 481 481 483 487 489 485 491 489 491 493 495 497 497 499 501 503 503 505 507 509 509 511 513 515 515 517 519 521 521 525 523 527 527 531 529 533 533 537 535 539 539 541 543 545 545 547 549 551 551 555 553 557 557 559 563 561 565 565 567 569 571 571 575 573 577 577 581 579 583 583 587 585 589 589 593 591 595 595 599 597 601 601 603 605 607 607 609 611 613 613 617 615 619 619 623 621 625 625 627 629 631 631 633 635 637 637 641 639 643 643 647 645 649 649 651 654 655 655 659 657 661 661 663 665 667 667 669 671 674 676 678 679 682 682 685 684 688 688 691 690 694 694 696 697 700 700 702 703 706 706 710 708 712 712 715 714 718 718 721 720 724 724 726 727 730 730 732 733 736 736 739 738 742 742 745 744 748 748 750 751 754 754 757 756 760 760 763 762 766 766 768 769 772 772 775 774 778 778 781 780 784 784 786 787 790 790 794 792 794 797 796 800 800 802 803 806 806 809 808 812 812 815 814 818 818 821 820 824 824 826 827 830 830 833 832 836 836 839 838 842 842 844 845 848 848 850 851 854 854 856 857 860 860 863 862 866 866 869 868 872 872 875 874 878 878 881 880 884 884 886 887 890 890 893 892 896 896 898 899 902 902 904 905 908 908 910 911 914 914 916 917 920 920 922 923 926 926 929 928 932 932 934 935 938 938 941 940 944 944 947 946 950 950 953 952 956 956 958 959 962 962 964 965 968 968 970 971 974 974 976 977 980 980 982 983 986 986 987 990 990 993 992 996 996 1002 998 1003 1000 1006 1003 1006 1009 1008 1012 1012 1016 1014 1016 1018 1019 1022 1022 1025 1024 1028 1028 1030 1031 1034 1034 1037 1036 1040 1040 1042 1043 1046 1046 1049 1048 1052 1052 1054 1055 1058 1058 1061 1060 1064 1064 1067 1066 1070 1070 1073 1072 1076 1076 1079 1078 1082 1082 1085 1084 1088 1088 1091 1090 1094 1094 1097 1096 1100 1100 1102 1103 1106 1106 1109 1108 1112 1112 1115 1114 1118 1118 1120 1121 1124 1124 65535 0 1128
3 5 7 9 9 11 13 15 15 19 17 21 21 23 25 27 27 29 31 33 33 37 35 39 39 41 43 45 45 49 47 51 51 53 55 57 57 61 59 63 63 67 65 69 69 71 73 75 75 77 79 81 81 83 85 87 87 91 89 91 95 93 97 97 99 101 103 103 105 107 109 109 113 111 115 115 117 121 119 123 125 123 125 127 129 131 131 133 135 137 137 139 141 143 143 145 147 149 149 153 151 155 155 157 159 161 161 165 163 167 167 171 169 173 173 177 175 179 179 183 181 185 185 189 187 191 191 193 195 197 197 201 199 203 203 207 205 209 211 209 213 213 217 215 219 219 223 221 225 225 229 227 231 231 233 235 237 237 239 241 243 243 247 245 251 249 249 253 253 257 255 259 259 261 263 263 267 265 269 269 271 273 275 275 277 281 283 279 285 283 285 289 287 291 291 293 295 297 297 299 301 303 303 307 305 309 309 313 311 315 315 319 317 319 321 323 325 325 329 327 331 333 331 335 335 337 339 341 341 343 345 347 347 351 349 353 353 357 355 359 359 363 361 365 365 369 367 371 371 373 375 377 377 381 379 383 383 387 385 389 389 393 391 395 395 399 397 401 401 405 403 407 407 409 411 413 413 417 415 419 419 421 423 425 425 427 429 431 431 433 435 437 437 439 441 443 443 447 445 449 449 451 453 455 455 459 457 461 461 465 463 465 469 467 471 471 473 475 477 477 481 479 483 485 483 487 487 489 491 493 493 497 495 499 499 503 501 505 505 507 509 511 511 513 515 517 517 519 521 523 523 525 527 529 529 531 533 535 535 537 539 541 541 545 543 547 547 549 551 553 553 555 557 559 559 561 563 565 565 567 569 571 571 575 573 577 577 581 579 583 583 587 585 589 589 65535 0 594
3 5 7 9 9 11 13 15 15 19 17 21 21 23 25 27 27 29 31 33 33 37 35 39 39 41 43 45 45 49 47 51 51 53 55 57 57 61 59 63 63 67 65 69 69 71 73 75 75 77 79 81 81 83 85 87 87 91 89 91 95 93 97 97 99 101 103 103 105 107 109 109 113 111 115 115 117 121 119 123 125 123 125 127 129 131 131 133 135 137 137 139 141 143 143 145 147 149 149 153 151 155 155 157 159 161 161 165 163 167 167 171 169 173 173 177 175 179 179 183 181 185 185 189 187 191 191 193 195 197 197 201 199 203 203 207 205 209 211 209 213 213 217 215 219 219 223 221 225 225 229 227 231 231 233 235 237 237 239 241 243 243 247 245 251 249 249 253 253 257 255 259 259 261 263 263 267 265 269 269 271 273 275 275 277 281 283 279 285 283 285 289 287 291 291 293 295 297 297 299 301 303 303 307 305 309 309 313 311 315 315 319 317 319 321 323 325 325 329 327 331 333 331 335 335 337 339 341 341 343 345 347 347 351 349 353 353 357 355 359 359 363 361 365 365 369 367 371 371 373 375 377 377 381 379 383 383 387 385 389 389 393 391 395 395 399 397 401 401 405 403 407 407 409 411 413 413 417 415 419 419 421 423 425 425 427 429 431 431 433 435 437 437 439 441 443 443 447 445 449 449 451 453 455 455 459 457 461 461 465 463 465 469 467 471 471 473 475 477 477 481 479 483 485 483 487 487 489 491 493 493 497 495 499 499 503 501 505 505 507 509 511 511 513 515 517 517 519 521 523 523 525 527 529 529 531 533 535 535 537 539 541 541 545 543 547 547 549 551 553 553 555 557 559 559 561 563 565 565 567 569 571 571 575 573 577 577 581 579 583 583 587 585 589 589 65535 0 594
3 7 5 9 9 11 13 15 15 19 17 21 21 25 23 25 27 29 31 31 35 33 37 37 39 41 43 43 47 45 49 49 51 53 53 55 57 57 59 61 63 63 65 67 69 69 73 71 75 75 77 79 81 81 83 85 87 87 89 91 93 93 95 97 99 99 103 101 105 105 107 109 111 111 113 115 117 117 121 119 123 123 127 125 129 129 131 133 135 135 139 137 141 141 145 143 147 147 151 149 153 153 155 157 159 159 161 163 165 165 169 167 171 171 175 173 177 177 179 181 183 183 185 187 189 189 191 193 193 195 197 199 199 201 203 205 205 207 209 211 211 215 213 217 217 221 219 223 223 225 227 229 229 231 233 235 235 237 239 241 241 245 243 247 247 249 251 253 253 255 257 259 259 263 261 265 265 269 267 271 271 273 275 277 277 279 281 283 283 287 285 289 289 291 295 293 297 299 297 299 303 301 305 305 307 309 311 311 315 313 317 317 321 319 323 323 325 327 329 329 331 333 335 335 337 339 341 341 343 345 347 347 349 351 353 353 357 355 359 359 363 361 365 365 369 367 371 371 373 375 377 377 381 379 383 383 385 387 389 389 391 393 395 395 397 399 401 401 405 403 407 407 409 411 413 413 417 415 419 419 421 423 425 425 427 429 431 431 495 433 437 435 439 439 443 441 445 445 449 447 451 451 455 453 457 457 459 461 463 463 465 467 469 469 471 473 475 475 479 477 481 481 485 483 487 487 491 489 493 493 495 499 497 501 501 503 505 507 507 511 509 513 513 515 517 519 519 521 523 525 525 527 529 531 531 533 535 537 537 539 541 543 543 545 549 547 551 553 551 553 557 555 559 559 563 561 565 565 567 569 571 571 573 575 577 577 579 581 583 583 587 585 589 589 591 593 595 595 599 597 601 601 605 603 607 607 611 609 613 613 615 617 619 619 621 625 623 627 627 631 629 633 633 635 637 639 639 643 641 645 645 649 647 651 651 653 655 657 657 659 661 663 663 665 667 669 669 673 671 675 675 679 677 681 681 685 683 687 687 691 689 693 693 697 695 699 699 701 703 705 705 709 707 711 711 713 716 717 717 721 719 723 723 727 725 729 729 731 733 735 737 737 741 739 743 743 745 747 749 749 751 753 755 755 759 757 761 761 765 763 767 767 769 771 773 773 777 775 779 779 781 783 785 785 789 787 791 791 795 793 797 797 799 801 803 803 807 805 809 809 811 813 815 815 817 819 821 821 825 823 827 827 831 829 833 833 837 835 839 839 841 843 845 845 847 849 851 851 853 855 857 857 861 859 863 863 867 865 869 869 871 873 873 877 875 879 879 883 881 885 885 889 887 891 891 895 893 897 897 901 899 903 903 905 907 909 909 911 913 915 915 919 917 921 921 923 925 927 927 931 929 933 933 935 937 939 939 943 941 945 945 947 949 951 951 955 953 957 957 961 959 963 963 965 967 969 969 971 973 975 975 977 979 981 981 983 985 987 987 991 989 993 993 997 995 999 999 1001 1003 1005 1005 1007 1009 1011 1011 1015 1013 1017 1017 1019 1021 1023 1023 1027 1025 1029 1029 1031 1033 1035 1035 1039 1037 1041 1041 1045 1043 1047 1047 1049 1051 1053 1053 1057 1055 1059 1059 1063 1061 1065 1065 1069 1067 1071 1071 1073 1075 1077 1077 1079 1081 1083 1083 1087 1085 1089 1089 1093 1091 1095 1095 1097 1099 1101 1101 1103 1105 1107 1107 1111 1109 1113 1113 1117 1115 1119 1119 1121 1123 1125 1125 1129 1127 1131 1131 1135 1133 1137 1137 1139 1141 1143 1143 1145 1147 1149 1149 1151 1153 1155 1155 1159 1157 1161 1161 1163 1165 1167 1167 1169 1171 1173 1173 1177 1175 1179 1179 1181 1183 1185 1185 1187 1189 1191 1191 1193 1195 1197 1197 1201 1199 1203 1203 1205 1207 1209 1209 1211 1213 1215 1215 1217 1219 1221 1221 1223 1225 1227 1227 1231 1229 1233 1233 1235 1237 1239 1239 1243 1241 1245 1245 1247 1249 1251 1253 1255 1257 1259 1259 1263 1261 1265 1265 1267 1269 1271 1271 1275 1273 1277 1277 1279 1281 1283 1283 1287 1285 1289 1289 1291 1293 1295 1295 1297 1301 1299 1303 1303 1305 1307 1309 1309 1313 1311 1315 1315 1317 1319 1321 1321 1323 1325 1327 1327 1331 1329 1333 1333 1335 1337 1339 1341 1343 1345 1347 1349 1351 1351 1353 1355 1357 1359 1361 1363 1365 1367 1369 1369 1373 1371 1375 1375 1379 1377 1381 1381 1383 1385 1387 1389 1389 1391 1393 1395 1395 1397 1399 1401 1403 1405 1407 1409 1409 1411 1413 1415 1415 1417 1419 1421 1421 1423 1425 1427 1427 1429 1431 1433 1433 1435 1437 1439 1441 1441 1445 1443 1447 1447 1451 1449 1453 1453 1457 1455 1459 1459 1463 1461 1465 1465 1471 1467 1469 1475 1473 1475 1477 1479 1481 1483 1485 1485 1489 1487 1491 1491 1495 1493 1497 1497 65535 0 1502


4 6 8 10 10 14 12 16 16 20 18 22 22 24 26 28 28 32 30 34 34 36 38 40 40 42 44 46 46 50 48 52 52 56 54 58 58 62 60 64 64 66 68 70 70 74 72 76 76 78 80 82 82 86 84 88 88 92 90 94 94 98 96 100 100 104 102 106 106 108 110 112 112 116 114 118 118 120 122 124 124 126 128 128 130 132 134 134 136 138 140 140 144 142 146 146 150 148 152 152 156 154 158 158 160 162 164 164 168 166 170 170 174 172 176 176 178 180 180 182 184 186 186 190 188 192 192 194 196 198 198 202 200 204 204 208 206 210 210 214 212 216 216 220 218 222 222 226 224 228 228 230 232 234 234 238 236 240 240 242 244 246 246 250 248 252 252 256 254 258 258 260 262 264 264 268 266 270 270 272 274 276 276 278 280 282 282 284 286 288 288 290 292 294 294 298 296 300 300 302 304 306 306 310 308 312 312 316 314 318 318 320 322 324 324 326 328 330 330 334 332 336 336 338 340 342 342 346 344 348 348 352 350 352 354 356 358 358 360 362 364 364 366 368 370 370 372 374 376 376 378 380 382 382 384 386 388 388 392 390 394 394 398 396 400 400 404 402 406 406 408 410 412 412 416 414 418 418 420 422 424 424 428 426 430 430 432 434 436 436 438 440 442 442 446 444 448 448 450 452 454 454 458 456 460 460 462 464 466 466 468 470 472 474 474 476 478 482 480 484 484 488 486 490 490 492 494 496 496 500 498 502 502 504 506 510 508 512 512 516 514 518 518 522 520 524 524 526 528 530 532 534 536 538 538 542 540 544 544 546 548 550 552 554 554 556 558 560 562 564 566 570 568 572 572 574 576 578 578 582 580 584 584 586 588 590 592 594 594 596 598 600 602 604 604 608 606 610 610 612 614 616 618 620 620 624 622 626 626 628 630 632 632 636 634 638 638 640 644 642 648 646 648 652 650 652 654 656 660 658 662 662 664 666 668 668 670 672 674 674 676 678 680 680 682 684 686 686 690 688 692 692 694 696 698 700 702 704 706 706 708 710 712 712 714 718 716 718 722 720 724 724 726 728 730 730 732 736 734 738 738 740 742 744 746 748 750 754 752 756 756 758 760 762 766 764 770 768 770 772 774 776 778 780 782 784 786 788 788 792 790 794 794 796 798 800 802 804 804 806 808 810 812 814 816 818 818 820 822 824 826 828 828 830 832 834 836 838 840 842 844 846 848 850 852 854 856 860 858 862 862 864 866 868 65535 0 872
3 5 8 9 9 11 14 15 15 17 20 21 21 23 26 27 27 29 32 33 33 38 35 39 39 41 44 45 45 50 47 51 51 53 56 57 57 59 62 63 63 65 68 69 69 71 74 75 75 80 77 81 81 86 83 87 87 92 89 93 93 95 98 99 99 104 101 105 105 110 107 111 111 113 116 117 117 122 119 123 123 125 128 129 129 134 131 135 135 137 140 141 141 146 143 147 147 152 149 153 153 157 155 157 162 159 163 163 165 168 169 169 174 171 175 175 177 180 181 181 186 183 187 187 192 189 193 193 198 195 199 199 204 201 205 205 207 210 211 211 213 216 217 217 222 219 223 223 228 225 229 229 234 231 235 235 240 237 241 241 246 243 247 247 252 249 253 253 258 255 259 259 264 261 265 265 267 270 271 271 276 273 277 277 279 282 283 283 285 288 289 289 294 291 295 295 300 297 301 301 303 306 307 307 309 312 313 313 315 318 319 319 321 324 325 325 327 330 331 331 333 336 337 337 339 342 343 343 348 345 349 349 354 351 355 355 360 357 361 361 366 363 367 367 372 369 373 373 378 375 379 379 381 383 383 385 388 389 389 391 394 395 395 397 400 401 401 403 406 407 407 412 409 413 413 415 418 419 419 424 421 425 425 427 430 431 431 436 433 437 437 439 442 443 443 445 448 449 449 454 451 455 455 457 460 461 461 463 466 467 467 469 472 473 473 478 475 479 479 484 481 485 485 490 487 491 491 493 496 497 497 501 499 501 506 503 507 507 509 512 513 513 515 518 519 519 521 524 525 525 527 530 531 531 536 533 537 537 542 539 543 543 545 548 549 549 551 554 555 555 560 557 561 561 566 563 567 567 569 572 573 573 575 578 579 579 581 584 585 585 587 590 591 591 593 596 597 597 599 602 603 603 608 605 609 609 614 611 615 615 620 617 621 621 626 623 627 627 629 632 633 633 638 635 639 639 644 641 645 645 650 647 651 651 653 656 657 657 661 660 661 666 663 667 667 669 672 673 673 675 678 679 679 681 684 685 685 687 690 691 691 693 696 697 697 702 699 703 703 705 708 709 709 711 714 715 715 717 720 721 721 723 726 727 727 732 729 733 733 738 735 739 739 741 744 745 745 750 747 751 751 756 753 757 757 762 759 763 763 768 765 769 769 774 771 775 775 780 777 781 781 786 783 787 787 792 789 793 793 796 797 797 799 802 803 803 808 805 809 809 814 811 815 815 820 817 821 821 823 826 827 827 829 832 833 833 835 838 839 839 844 841 845 845 847 850 851 851 853 856 857 857 859 862 863 863 868 865 869 869 874 871 875 875 880 877 881 881 886 883 887 887 889 892 893 893 895 898 899 899 904 901 905 905 907 910 911 911 916 913 917 917 919 922 923 923 925 928 929 929 934 931 935 935 940 937 941 941 946 943 947 947 952 949 953 953 955 958 959 959 964 961 965 965 967 970 971 971 973 976 977 977 979 982 983 983 988 985 989 989 994 991 995 995 1000 997 1001 1001 1006 1003 1007 1007 1012 1009 1013 1013 1015 1018 1019 1019 1021 1024 1025 1025 1027 1030 1031 1031 1036 1033 1037 1037 1042 1039 1043 1043 1048 1045 1049 1049 1051 1054 1055 1055 1057 1060 1061 1061 1063 1066 1067 1067 1072 1069 1073 1073 1078 1075 1079 1079 1081 1084 1085 1085 1087 1090 1091 1091 1093 1096 1097 1097 1099 1102 1103 1103 1105 1108 1109 1109 1111 1114 1115 1115 1120 1117 1121 1121 1126 1123 1127 1127 1132 1129 1133 1133 1138 1135 1139 1139 1144 1141 1145 1145 1147 1150 1151 1151 1153 1156 1157 1157 1162 1159 1163 1163 1165 1168 1169 1169 1171 1174 1175 1175 1177 1180 1181 1181 1186 1183 1187 1187 1189 1192 1193 1193 1198 1195 1199 1199 1204 1201 1205 1205 1210 1207 1211 1211 1216 1213 1217 1217 1222 1219 1223 1223 1225 1228 1229 1229 1234 1231 1235 1235 1237 1240 1241 1241 1243 1246 1247 1247 1252 1249 1253 1253 1255 1258 1259 1259 1264 1261 1265 1265 1267 1270 1271 1271 1276 1273 1277 1277 1280 1281 1281 1286 1283 1287 1287 1292 1289 1293 1293 1295 1298 1299 1299 1304 1301 1305 1305 1310 1307 1311 1311 1316 1313 1317 1317 1319 1322 1323 1323 1325 1328 1329 1329 1331 1334 1335 1335 1337 1340 1341 1341 1343 1346 1347 1347 1349 1352 1353 1353 1355 1358 1359 1359 1361 1364 1365 1365 1370 1367 1371 1371 1376 1373 1377 1377 1382 1379 1383 1383 1385 1388 1389 1389 1394 1391 1395 1395 1397 1400 1401 1401 1403 1406 1407 1407 1409 1412 1413 1413 1415 1418 1419 1419 1424 1421 1425 1425 1427 1430 1431 1431 1433 1436 1437 1437 1442 1439 1443 1443 1445 1448 1449 1449 1451 1454 1455 1455 1457 1460 1461 1461 1466 1463 1467 1467 1472 1469 1473 1473 1478 1475 1479 1479 1481 1484 1485 1485 1490 1487 1491 1491 1493 1496 1497 1497 1502 1499 1503 1503 1508 1505 1509 1509 1511 1514 1515 1515 1520 1517 1521 1521 1523 1526 1527 1527 1532 1529 1533 1533 1538 1535 1539 1539 1542 1543 1543 1548 1545 1549 1549 1554 1551 1555 1555 1557 1560 1561 1561 1563 1566 1567 1567 1572 1569 1573 1573 1578 1575 1579 1579 1581 1586 1583 1587 1587 1592 1589 1593 1593 1595 1597 1599 1599 1601 1604 1605 1605 1607 1610 1611 1611 1615 1613 1617 1620 1617 1621 1621 1623 1626 1627 1627 1631 1629 1633 1633 1636 1637 1637 1642 1639 1643 1643 1648 1645 1649 1649 1651 1653 1656 1657 1657 1657 1666 1659 1663 1661 1667 1667 1667 1674 1669 1675 1671 1677 1675 1677 1679 1682 1683 1683 1688 1685 1689 1689 1694 1691 1695 1695 1699 1697 1701 1701 1705 1703 1710 1707 1707 1711 1711 1716 1713 1717 1717 1719 1722 1723 1723 1725 1728 1729 1729 1733 1731 1735 1735 1737 1740 1741 1741 1743 1746 1747 1747 1752 1749 1753 1753 1755 1757 1759 1762 1759 1763 1763 1767 1766 1767 1769 1772 1773 1773 1778 1775 1779 1779 1781 1784 1785 1785 1787 1790 1791 1791 1796 1793 1797 1797 1799 1802 1803 1803 1805 1807 1809 1809 1811 1814 1815 1815 1817 1820 1821 1821 1823 1826 1827 1827 1829 1832 1833 1833 1835 1838 1839 1839 1841 1844 1845 1845 1852 1847 1853 1849 1855 1853 1855 1860 1857 1861 1861 1865 1863 1867 1867 1869 1871 1871 1875 1873 1877 1877 1880 1881 1881 1885 1883 1890 1887 1887 1891 1891 1893 1896 1897 1897 1899 1902 1903 1903 1905 1908 1909 1909 1914 1911 1915 1915 1917 1919 1921 1921 1926 1923 1927 1927 1932 1929 1933 1933 1935 1938 1939 1939 1941 1946 1943 1947 1949 1947 1949 1951 1954 1955 1955 1960 1957 1961 1961 1963 1965 1967 1967 1969 1972 1973 1973 1975 1977 1977 1986 1979 1983 1981 1987 1987 1987 1992 1989 1993 1993 2000 1995 1997 2001 2003 2001 2003 2008 2009 2005 2011 2009 2011 2013 2016 2017 2017 2019 2022 2023 2023 2028 2025 2029 2029 2034 2031 2035 2035 2040 2037 2041 2041 2043 2046 2047 2047 2049 2052 2053 2053 2058 2055 2059 2059 2061 2064 2065 2065 2067 2070 2071 2071 2073 2076 2077 2077 2082 2079 2083 2083 2087 2086 2087 2092 2089 2093 2093 2098 2095 2099 2099 2104 2101 2105 2105 2110 2107 2111 2111 2116 2113 2117 2117 2119 2122 2123 2123 2125 2128 2129 2129 2134 2131 2135 2135 2140 2137 2141 2141 2143 2146 2147 2147 2149 2152 2153 2153 2158 2155 2159 2159 2163 2161 2168 2165 2165 2169 2169 2171 2174 2175 2175 2177 2180 2181 2181 2183 2188 2185 2189 2191 2189 2191 2193 2196 2197 2197 2202 2199 2203 2203 2208 2205 2209 2209 2214 2211 2215 2215 2222 2217 2219 2223 2225 2223 2225 2227 2230 2231 2231 2235 2233 2237 2237 2244 2239 2241 2245 2247 2245 2247 2256 2249 2251 2253 2253 2257 2257 2264 2259 2261 2265 2271 2265 2267 2270 2271 2271 2273 2276 2277 2277 2279 2282 2283 2283 2288 2285 2289 2289 2291 2294 2295 2295 2300 2297 2301 2301 2306 2303 2307 2307 2309 2311 2313 2313 2318 2315 2319 2319 2321 2324 2325 2325 2330 2327 2331 2331 2333 2335 2338 2339 2339 2344 2341 2345 2345 2350 2347 2351 2351 2353 2356 2357 2357 2359 2362 2363 2363 2368 2365 2369 2369 2374 2371 2375 2375 2377 2380 2381 2381 2383 2386 2387 2387 2392 2389 2393 2393 2398 2395 2399 2399 2401 2404 2405 2405 2410 2407 2411 2411 2416 2413 2417 2417 2419 2422 2423 2423 2425 2428 2429 2429 2431 2433 2433 2435 2438 2439 2439 2441 2444 2445 2445 2447 2450 2451 2451 2456 2453 2457 2457 2459 2462 2463 2463 2465 2468 2469 2469 2471 2474 2475 2475 2477 2480 2481 2481 2483 2486 2487 2487 2490 2491 2491 2493 2496 2497 2497 2502 2499 2503 2503 2505 2508 2509 2509 2514 2511 2515 2515 2517 2520 2521 2521 2523 2526 2527 2527 2532 2529 2533 2533 2538 2535 2539 2539 2541 2544 2545 2545 2550 2547 2551 2551 2556 2553 2557 2557 2562 2559 2563 2563 2568 2565 2569 2569 2571 2574 2575 2575 2577 2580 2581 2581 2583 2586 2587 2587 2589 2592 2593 2593 2598 2595 2599 2599 2604 2601 2605 2605 2610 2607 2611 2611 2613 2615 2615 2617 2620 2621 2621 2623 2626 2627 2627 2629 2632 2633 2633 2638 2635 2639 2639 2641 2644 2645 2645 2647 2652 2649 2653 2653 2655 2657 2660 2661 2661 2663 2666 2667 2667 2672 2669 2673 2673 2678 2675 2679 2679 2684 2681 2685 2685 2690 2687 2691 2691 2693 2696 2697 2697 2702 2699 2703 2703 2705 2708 2709 2709 2714 2711 2715 2715 2717 2720 2721 2721 2723 2726 2727 2727 2729 2732 2733 2733 2738 2735 2739 2739 2741 2744 2745 2745 2747 2750 2751 2751 2756 2753 2757 2757 2762 2759 2763 2763 2768 2765 2769 2769 2771 2774 2775 2775 2780 2777 2781 2781 2786 2783 2787 2787 2789 2792 2793 2793 2798 2795 2799 2799 2804 2801 2805 2805 2810 2807 2811 2811 2813 2816 2817 2817 2819 2822 2823 2823 2825 2828 2829 2829 2831 2834 2835 2835 2840 2837 2841 2841 2843 2846 2847 2847 2849 2852 2853 2853 2855 2858 2859 2859 2864 2861 2865 2865 2870 2867 2871 2871 2873 2876 2877 2877 2882 2879 2883 2883 2885 2888 2889 2889 2894 2891 2895 2895 2900 2897 2901 2901 2903 2906 2907 2907 2912 2909 2913 2913 2918 2915 2919 2919 2924 2921 2925 2925 2927 2930 2931 2931 2933 2936 2937 2937 2939 2942 2943 2943 2948 2945 2949 2949 2954 2951 2955 2955 2960 2957 2961 2961 2963 2966 2967 2967 2972 2969 2973 2973 2976 2977 2977 2979 2982 2983 2983 2988 2985 2989 2989 2994 2991 2995 2995 3000 2997 3001 3001 3003 3006 3007 3007 3012 3009 3013 3013 3015 3018 3019 3019 3024 3021 3025 3025 3030 3027 3031 3031 3036 3033 3037 3037 3042 3039 3043 3043 3048 3045 3049 3049 3051 3054 3055 3055 3060 3057 3061 3061 3063 3066 3067 3067 3072 3069 3073 3073 3075 3078 3079 3079 3084 3081 3085 3085 3087 3090 3091 3091 3093 3096 3097 3097 3099 3102 3103 3103 3105 3108 3109 3109 3111 3114 3115 3115 3117 3120 3121 3121 3126 3123 3127 3127 3129 3132 3133 3133 65535 0 3138
4 6 7 10 10 12 13 16 16 18 19 22 22 25 24 28 28 31 30 34 34 37 36 40 40 43 42 46 46 48 50 52 54 56 58 60 62 64 66 68 70 72 74 76 78 80 82 84 86 88 90 92 94 96 98 100 102 104 106 108 110 112 114 116 118 120 122 124 126 128 130 132 134 136 138 140 142 144 146 148 150 152 154 156 158 160 162 164 166 168 170 172 174 176 178 180 182 184 186 188 190 192 194 196 198 200 202 204 206 208 210 212 214 216 218 220 222 224 226 228 230 232 234 236 238 240 242 244 246 248 250 252 254 256 258 260 262 264 266 268 270 272 274 276 278 280 282 284 286 288 290 292 294 296 298 300 302 304 306 308 310 312 314 316 318 320 322 324 326 328 330 332 334 336 338 340 342 344 346 348 350 352 354 356 358 360 362 365 364 368 368 370 372 375 374 378 378 380 381 384 384 386 388 390 392 394 396 398 400 402 404 406 408 410 412 414 416 418 419 422 422 424 425 428 428 430 431 434 434 436 437 440 440 443 442 446 446 448 449 452 452 454 455 458 458 461 460 464 464 466 469 468 472 472 474 477 476 480 480 482 483 486 486 488 490 491 494 494 497 496 500 500 502 503 506 506 508 510 512 514 515 518 518 521 520 524 524 526 527 530 530 533 532 536 536 538 539 542 542 545 544 548 548 551 550 554 554 556 557 560 560 564 561 564 566 567 570 570 573 572 576 576 579 578 582 582 584 585 588 588 591 590 594 594 597 596 600 600 603 602 606 606 608 611 610 614 614 617 616 620 620 621 624 624 626 628 631 630 634 634 636 637 640 640 643 642 646 646 650 647 650 653 652 656 656 659 658 662 662 664 667 669 666 672 669 672 675 674 678 678 680 682 684 685 688 688 691 690 694 694 696 697 700 700 703 702 706 706 708 710 713 712 716 716 718 721 720 723 726 723 726 728 729 732 732 734 735 738 738 741 740 744 744 746 747 749 752 752 752 754 755 758 758 760 761 764 764 767 766 770 771 770 774 774 776 777 780 780 782 783 786 786 788 789 792 792 794 795 798 798 800 801 804 804 806 807 810 810 812 813 816 816 819 818 822 822 825 824 828 828 830 831 834 834 837 836 840 840 842 843 846 846 848 849 852 852 855 854 858 858 861 860 864 864 867 866 870 870 872 873 876 876 878 879 882 882 884 887 885 890 890 890 893 892 896 896 898 899 902 902 905 904 908 908 910 912 912 915 914 918 918 921 920 924 924 927 926 930 930 932 933 936 936 939 938 942 942 945 944 948 948 951 950 954 954 957 956 960 960 963 962 966 966 968 969 972 972 1049 973 975 977 979 979 981 983 985 985 987 989 991 991 993 997 995 999 999 1003 1001 1005 1005 1009 1007 1011 1011 1015 1013 1017 1017 1019 1021 1023 1023 1027 1025 1029 1029 1031 1033 1035 1035 1039 1037 1041 1041 1043 1045 1047 1047 1049 1051 1053 1055 1055 1059 1057 1061 1061 1067 1063 1065 1069 1069 1069 1071 1073 1073 1077 1075 1079 1079 1083 1081 1085 1085 1087 1089 1091 1091 1093 1095 1097 1097 1101 1099 1103 1103 1105 1107 1109 1109 1111 1113 1115 1115 1119 1117 1121 1121 1125 1123 1127 1127 1131 1129 1133 1133 1137 1135 1139 1139 1143 1141 1145 1145 1149 1147 1151 1151 1153 1155 1157 1157 1159 1161 1163 1163 1167 1165 1169 1169 1173 1171 1175 1175 1177 1179 1181 1181 1185 1183 1187 1187 1191 1189 1193 1193 1195 1197 1199 1199 1203 1201 1205 1205 1209 1207 1211 1211 1215 1213 1217 1217 1221 1219 1223 1223 1225 1227 1229 1229 1233 1231 1235 1235 1237 1239 1239 1243 1241 1245 1249 1245 1251 1247 1253 1251 1253 1257 1255 1259 1259 1263 1261 1265 1265 1267 1269 1271 1271 1273 1275 1277 1277 1279 1281 1283 1283 1287 1285 1289 1289 1293 1291 1295 1295 1297 1299 1301 1301 1303 1305 1307 1307 1311 1309 1313 1313 1315 1317 1319 1319 1323 1321 1325 1325 1327 1329 1329 1331 1333 1335 1335 1339 1337 1341 1341 1345 1343 1347 1347 1349 1351 1353 1353 1357 1355 1359 1359 1363 1361 1365 1365 1369 1367 1371 1371 1375 1373 1377 1377 1379 1381 1383 1383 1387 1385 1389 1389 1391 1393 1397 1395 1399 1399 1401 1403 1405 1407 1409 1409 1413 1411 1415 1415 1417 1419 1421 1421 1423 1425 1427 1427 1431 1429 1433 1433 1435 1437 1439 1441 1445 1443 1445 1447 1449 1451 1453 1453 1453 1455 1457 1459 1459 1461 1463 1465 1465 1467 1469 1471 1471 1475 1473 1477 1477 1479 1481 1483 1485 1487 1487 1491 1489 1493 1493 1495 1499 1497 1501 1501 1505 1503 1507 1507 1509 1511 1511 1513 1515 1517 1517 1519 1521 1523 1523 1527 1525 1529 1529 1533 1531 1535 1535 1539 1537 1541 1541 1545 1543 1547 1547 1549 1551 1553 1553 1555 1559 1557 65535 65535 0 1564
4 6 8 10 10 14 12 16 16 20 18 22 22 24 26 28 28 32 30 34 34 36 38 40 40 42 44 46 46 50 48 52 52 56 54 58 58 62 60 64 64 66 68 70 70 74 72 76 76 78 80 82 82 86 84 88 88 92 90 94 94 98 96 100 100 104 102 106 106 108 110 112 112 116 114 118 118 120 122 124 124 126 128 128 130 132 134 134 136 138 140 140 144 142 146 146 150 148 152 152 156 154 158 158 160 162 164 164 168 166 170 170 174 172 176 176 178 180 180 182 184 186 186 190 188 192 192 194 196 198 198 202 200 204 204 208 206 210 210 214 212 216 216 220 218 222 222 226 224 228 228 230 232 234 234 238 236 240 240 242 244 246 246 250 248 252 252 256 254 258 258 260 262 264 264 268 266 270 270 272 274 276 276 278 280 282 282 284 286 288 288 290 292 294 294 298 296 300 300 302 304 306 306 310 308 312 312 316 314 318 318 320 322 324 324 326 328 330 330 334 332 336 336 338 340 342 342 346 344 348 348 352 350 352 354 356 358 358 360 362 364 364 366 368 370 370 372 374 376 376 378 380 382 382 384 386 388 388 392 390 394 394 398 396 400 400 404 402 406 406 408 410 412 412 416 414 418 418 420 422 424 424 428 426 430 430 432 434 436 436 438 440 442 442 446 444 448 448 450 452 454 454 458 456 460 460 462 464 466 466 468 470 472 474 474 476 478 482 480 484 484 488 486 490 490 492 494 496 496 500 498 502 502 504 506 510 508 512 512 516 514 518 518 522 520 524 524 526 528 530 532 534 536 538 538 542 540 544 544 546 548 550 552 554 554 556 558 560 562 564 566 570 568 572 572 574 576 578 578 582 580 584 584 586 588 590 592 594 594 596 598 600 602 604 604 608 606 610 610 612 614 616 618 620 620 624 622 626 626 628 630 632 632 636 634 638 638 640 644 642 648 646 648 652 650 652 654 656 660 658 662 662 664 666 668 668 670 672 674 674 676 678 680 680 682 684 686 686 690 688 692 692 694 696 698 700 702 704 706 706 708 710 712 712 714 718 716 718 722 720 724 724 726 728 730 730 732 736 734 738 738 740 742 744 746 748 750 754 752 756 756 758 760 762 766 764 770 768 770 772 774 776 778 780 782 784 786 788 788 792 790 794 794 796 798 800 802 804 804 806 808 810 812 814 816 818 818 820 822 824 826 828 828 830 832 834 836 838 840 842 844 846 848 850 852 854 856 860 858 862 862 864 866 868 65535 0 872

4 6 10 7 12 12 16 13 18 18 22 19 24 24 26 30 27 32 32 36 33 38 38 42 39 44 44 45 48 50 50 54 51 56 56 60 57 62 62 63 66 68 68 72 69 74 74 75 78 80 80 84 81 86 86 87 90 92 92 93 96 98 98 102 99 104 104 105 108 110 110 114 111 116 116 120 117 122 122 123 126 128 128 132 129 134 134 136 224 137 140 142 142 143 146 148 148 152 149 154 154 158 155 160 160 161 164 166 166 170 167 174 174 171 176 176 177 180 182 182 186 183 188 188 189 192 194 194 198 195 200 200 204 201 206 206 207 210 212 212 216 213 218 218 222 219 224 224 225 228 230 230 234 231 236 236 240 237 242 242 243 246 250 247 250 252 252 256 253 260 260 258 264 264 261 266 266 270 267 272 272 273 276 278 278 282 279 284 284 288 286 290 290 291 294 296 296 300 297 302 302 303 306 308 308 309 312 314 314 315 318 320 320 324 321 326 326 330 327 332 332 338 333 340 335 342 340 342 343 346 348 348 352 349 354 354 355 358 360 360 364 361 366 366 367 370 372 372 373 376 378 378 382 380 386 383 386 388 388 392 389 394 394 395 398 400 400 404 401 406 406 410 407 412 412 413 416 418 418 419 422 424 424 425 428 430 430 431 434 436 436 440 437 442 442 446 443 448 448 452 449 454 454 456 458 460 460 461 464 466 466 470 467 472 472 473 476 478 478 480 482 484 484 486 488 492 489 492 494 494 500 495 497 502 504 502 504 505 508 510 510 511 514 516 516 520 517 522 522 523 526 528 528 532 529 534 534 535 538 540 540 541 544 546 546 547 552 549 554 554 554 555 558 560 560 564 561 566 566 570 567 572 572 576 573 578 578 582 579 584 584 585 588 590 590 594 591 596 596 597 602 604 599 606 604 606 607 610 612 612 613 616 618 618 622 620 624 624 626 628 630 630 631 634 636 636 640 637 642 642 644 646 648 650 650 654 651 656 656 658 660 664 661 666 666 670 667 672 672 676 673 680 677 680 682 682 686 683 688 688 689 692 694 694 698 695 700 700 703 706 701 708 708 708 712 709 718 714 714 715 718 720 720 724 721 726 726 728 730 730 731 734 734 738 735 740 740 744 741 746 746 750 747 752 752 753 756 758 758 759 762 764 764 768 765 770 770 771 774 776 776 780 777 782 782 786 783 788 788 794 791 789 796 796 796 797 800 802 802 803 806 808 808 809 812 814 814 818 815 820 820 824 821 826 826 827 830 832 832 836 833 837 837 840 842 842 846 843 848 848 849 852 854 854 855 860 862 857 866 862 863 866 868 868 872 869 874 874 880 877 875 882 882 882 883 886 888 888 889 892 894 894 898 895 900 900 901 904 906 906 907 910 912 912 916 913 918 918 919 922 926 923 926 930 927 930 932 932 933 936 938 938 939 942 944 944 948 945 950 950 954 951 956 956 957 960 962 962 963 966 968 968 974 969 971 976 978 976 978 979 982 986 986 983 988 988 992 989 994 994 998 995 1000 1000 1001 1004 1006 1006 1010 1007 1012 1012 1013 1016 1018 1018 1022 1019 1024 1024 1030 1025 1027 1032 1034 1032 1034 1035 1038 1040 1040 1041 1048 1045 1050 1043 1052 1050 1050 1052 1056 1053 1058 1058 1062 1059 1064 1064 1068 1065 1070 1070 1071 1074 1076 1076 1080 1077 1082 1082 1083 1086 1088 1088 1089 1092 1094 1094 1095 1098 1100 1100 1104 1101 1106 1106 1110 1107 1112 1112 1116 1113 1120 1117 1120 1122 1122 1126 1123 1127 1132 1127 1129 1134 1134 1134 1135 1140 1137 1144 1145 1141 1144 1145 1152 1145 1147 1149 1154 1154 1154 1162 1155 1157 1164 1159 1164 1166 1164 1166 1170 1167 1172 1172 1173 1176 1178 1178 1179 1182 1183 1186 1183 1188 1188 1189 1192 1194 1194 1195 1198 1200 1200 1201 1204 1205 1210 1205 1207 1212 1214 1212 1214 1215 1218 1220 1220 1221 1224 1225 1228 1225 1230 1230 1234 1231 1236 1236 1240 1237 1242 1242 1243 1246 1248 1248 1252 1249 1254 1254 1256 1258 1260 1260 1261 1264 1266 1266 1267 1270 1274 1272 1272 1274 1275 1278 1280 1280 1281 1284 1290 1288 1285 1290 1290 1291 1294 1296 1296 1297 1300 1302 1302 1303 1306 1308 1308 1316 1309 1311 1313 1313 1318 1318 1322 1319 1324 1324 1325 1328 1330 1330 1331 1334 1336 1336 1337 1340 1344 1341 1344 1346 1346 1347 1350 1354 1354 1351 1356 1356 1357 1360 1362 1362 1368 1363 1365 1370 1372 1370 1372 1376 1373 1378 1378 1382 1379 1384 1384 1385 1388 1390 1390 1391 1394 1398 1398 1395 1400 1400 1404 1401 1404 1408 1405 1410 1410 1411 1416 1413 1417 1420 1420 1417 1422 1422 1427 1436 1423 1425 1429 1429 1429 1433 1431 1440 1438 1438 1440 1443 1441 1448 1450 1445 1450 1452 1450 1452 1458 1453 1460 1455 1462 1460 1462 1466 1463 1468 1468 1474 1469 1471 1476 1476 1476 1477 1480 1482 1482 1483 1486 1488 1488 1489 1492 1494 1494 1495 1498 1502 1499 1502 1504 1504 1508 1505 1512 1509 1512 1514 1514 1518 1515 1520 1520 1521 1524 1525 1525 1528 1530 1530 1531 1534 1536 1536 1544 1537 1539 1541 1541 1548 1548 1545 1550 1550 1558 1551 1553 1555 1560 1560 1560 1561 1564 1566 1568 1566 1568 1572 1569 1573 1576 1573 1578 1578 1579 1582 1584 1584 1588 1585 1592 1589 1592 1594 1594 1595 1598 1600 1600 1601 1604 1606 1606 1612 1609 1607 1614 1614 1614 1618 1615 1620 1620 1624 1621 1626 1626 1632 1627 1629 1634 1638 1634 1635 1638 1639 1644 1639 1641 1646 1650 1646 1647 1650 1652 1652 1656 1653 1658 1658 1659 1662 1666 1663 1666 1668 1668 1671 1676 1669 1678 1673 1673 1680 1678 1680 1681 1684 1686 1686 1687 1690 1693 1691 1693 1696 1698 1698 1698 1702 1699 1704 1704 1710 1707 1705 1712 1718 1712 1718 1715 1713 1720 1720 1720 1721 1724 1728 1725 1728 1729 1734 1729 1736 1731 1738 1736 1738 1739 1742 1743 1746 1743 1748 1748 1749 1752 1754 1754 1758 1755 1760 1760 1764 1761 1766 1766 1770 1767 1772 1772 1773 1776 1778 1778 1779 1782 1784 1784 1788 1785 1790 1790 1791 1794 1796 1796 1804 1797 1799 1806 1801 1806 1810 1806 1810 1807 1814 1814 1811 1816 1816 1820 1817 1822 1822 1826 1823 1832 1830 1827 1832 1832 1836 1833 1838 1838 1842 1839 1850 1846 1843 1848 1848 1850 1854 1851 1855 1855 1858 1860 1860 1861 1864 1866 1866 1867 1870 1876 1874 1871 1876 1876 1879 1882 1877 1884 1884 1884 1885 1888 1890 1890 1891 1894 1896 1896 1897 1900 1902 1902 1903 1906 1908 1908 1911 1909 1914 1916 1916 1916 1920 1917 1922 1922 1926 1923 1928 1928 1932 1929 1934 1934 1935 1940 1942 1937 1946 1942 1943 1946 1947 1947 1950 1952 1952 1953 1956 1957 1960 1957 1964 1964 1961 1966 1966 1967 1970 1972 1972 1975 1973 1980 1982 1982 1977 1984 1982 1984 1985 1988 1990 1990 1994 1991 1996 1996 2002 1999 1997 2004 2004 2004 2008 2005 2009 2011 2009 2014 2016 2016 2016 2020 2017 2022 2022 2026 2023 2028 2028 2031 2034 2029 2038 2036 2036 2038 2042 2039 2044 2044 2045 2048 2050 2050 2053 2056 2051 2058 2058 2058 2062 2059 2064 2064 2065 2068 2070 2070 2071 2074 2076 2076 2080 2077 2082 2082 2086 2083 2088 2088 2089 2092 2094 2094 2095 2100 2097 2102 2106 2102 2103 2106 2108 2108 2109 2112 2114 2114 2115 2118 2120 2120 2124 2121 2126 2126 2127 2130 2132 2132 2138 2133 2135 2142 2144 2142 2139 2144 2144 2147 2145 2150 2152 2152 2152 2153 2159 2162 2155 2164 2157 2166 2166 2164 2164 2166 2167 2174 2169 2171 2176 2176 2176 2180 2177 2182 2182 2183 2186 2188 2188 2189 2192 2194 2194 2198 2195 2200 2200 2204 2201 2208 2208 2205 2209 2212 2209 2214 2214 2215 2218 2220 2220 2221 2224 2225 2230 2225 2227 2232 2232 2232 2236 2233 2238 2238 2239 2242 2244 2244 2248 2245 2252 2252 2249 2256 2256 2253 2258 2258 2262 2259 2266 2263 2266 2268 2268 2269 2272 2274 2274 2275 2278 2279 2279 2282 2284 2284 2288 2285 2290 2290 2291 2294 2296 2296 2297 2302 2299 2306 2304 2304 2306 2310 2307 2312 2312 2316 2313 2318 2318 2322 2319 2324 2324 2328 2325 2330 2330 2331 2334 2336 2336 2340 2337 2342 2342 2343 2346 2348 2348 2349 2352 2354 2354 2355 2358 2362 2362 2359 2364 2364 2365 2368 2370 2370 2374 2371 2376 2376 2377 2384 2379 2381 2386 2387 2387 2386 2390 2387 2392 2392 2393 2398 2395 2400 2404 2400 2404 2401 2406 2406 2407 2410 2414 2414 2411 2416 2416 2417 2420 2422 2422 2423 2426 2428 2428 2430 2430 2431 2434 2436 2436 2437 2440 2441 2441 2444 2446 2446 2447 2452 2454 2449 2455 2454 2455 2458 2460 2460 2466 2461 2463 2468 2470 2468 2470 2471 2474 2475 2478 2475 2480 2480 2481 2484 2486 2486 2490 2487 2492 2492 2493 2495 2498 2502 2499 2499 2502 2508 2503 2506 2508 2508 2512 2510 2512 2513 2516 2518 2518 2519 2522 2524 2524 2525 2528 2530 2530 2534 2532 2536 2536 2540 2537 2542 2542 2546 2543 2548 2548 2552 2549 2554 2554 2558 2555 2560 2560 2564 2562 2564 2565 2568 2573 2569 2572 2573 2573 2576 2578 2578 2582 2579 2584 2584 2588 2585 2590 2590 2591 2594 2600 2595 2598 2600 2600 2601 2604 2606 2606 2607 2610 2612 2612 2616 2613 2618 2618 2619 2624 2621 2626 2628 2626 2628 2632 2629 2634 2634 2637 2635 2640 2642 2644 2642 2644 2648 2645 2650 2650 2656 2653 2651 2659 2658 2658 2659 2662 2664 2664 2665 2672 2667 2669 2669 2676 2673 2676 2678 2678 2682 2679 2684 2684 2687 2685 2690 2694 2694 2691 2694 2696 2696 2697 2700 2702 2702 2706 2703 2708 2708 2709 2712 2714 2714 2720 2715 2717 2722 2724 2722 2724 2727 2725 2732 2734 2729 2734 2736 2734 2736 2740 2737 2742 2742 2746 2743 2748 2748 2752 2749 2754 2754 2758 2755 2760 2760 2764 2761 2766 2766 2770 2767 2772 2772 2776 2773 2778 2778 2782 2779 2784 2784 2785 2788 2788 2789 2793 2796 2798 2791 2800 2800 2798 2800 2804 2801 2808 2808 2805 2810 2810 2811 2816 2813 2818 2820 2818 2820 2824 2821 2826 2826 2830 2827 2832 2832 2833 2836 2838 2838 2842 2839 2844 2844 2848 2845 2850 2850 2854 2851 2856 2856 2860 2857 2862 2862 2863 2866 2868 2868 2869 2872 2876 2876 2873 2878 2878 2881 2879 2884 2886 2886 2886 2890 2887 2892 2892 2893 2896 2898 2898 2904 2901 2899 2906 2906 2906 2912 2907 2909 2914 2914 2914 2922 2915 2918 2920 2920 2922 2923 2926 2928 2928 2929 2932 2934 2934 2938 2935 2940 2940 2941 2944 2945 2948 2945 2950 2950 2951 2956 2953 2958 2960 2958 2960 2961 2964 2966 2966 2967 2970 2972 2972 2973 2978 2975 2982 2982 2982 2979 2984 2984 2985 2988 2990 2990 2991 2994 2996 2996 2997 3000 3001 3001 3004 3006 3006 3009 3012 3007 3014 3014 3014 3018 3015 3019 3022 3019 3024 3024 3028 3025 3030 3030 3034 3031 3036 3036 3037 3040 3041 3041 3044 3046 3046 3047 3056 3051 3049 3058 3053 3053 3060 3058 3060 3061 3064 3065 3065 3070 3072 3067 3073 3072 3076 3073 3078 3078 3082 3079 3086 3086 3083 3090 3087 3090 3091 3091 3094 3096 3096 3100 3097 3102 3102 3106 3103 3108 3108 3111 3109 3114 3116 3116 3116 3117 3122 3119 3124 3127 3124 3127 3132 3125 3134 3129 3134 3136 3134 3136 3140 3137 3142 3142 3148 3143 3150 3145 3152 3150 3152 3156 3153 3158 3158 3159 3166 3168 3161 3163 3170 3174 3168 3170 3174 3171 3176 3176 3184 3177 3179 3181 3181 3186 3186 3187 3190 3192 3192 3193 3200 3197 3195 3206 3201 3204 3201 3206 3206 3212 3207 3214 3209 3216 3214 3216 3217 3224 3219 3226 3221 3230 3231 3226 3230 3227 3231 3234 3231 3236 3236 3240 3237 3242 3242 3243 3245 3248 3250 3250 3250 3251 3254 3256 3256 3257 3260 3262 3262 3266 3263 3268 3268 3269 3272 3274 3274 3275 3280 3282 3277 3284 3282 3284 3290 3285 3287 3292 3292 3292 3296 3293 3298 3298 3304 3301 3299 3306 3306 3306 3307 3310 3312 3312 3313 3320 3315 3317 3322 3322 3322 3326 3323 3328 3328 3332 3329 3334 3334 3335 3340 3342 3337 3344 3342 3344 3348 3345 3349 3352 3349 3354 3354 3358 3355 3358 3359 3362 3368 3363 3366 3368 3368 3372 3369 3374 3374 3375 3380 3377 3382 3382 3382 3383 3386 3388 3388 3389 3392 3394 3394 3398 3395 3400 3400 3404 3401 3406 3406 3410 3407 3412 3412 3416 3413 3418 3418 3421 3424 3419 3426 3426 3426 3427 3430 3432 3432 3436 3433 3438 3438 3439 3444 3441 3446 3446 3446 3450 3447 3452 3452 3453 3456 3458 3458 3459 3462 3464 3464 3465 3467 3470 3472 3472 3472 3473 3476 3478 3478 3486 3480 3484 3481 3486 3486 3490 3487 3492 3492 3493 3495 3498 3502 3500 3500 3502 3503 3512 3505 3505 3514 3507 3509 3516 3520 3514 3516 3517 3520 3522 3522 3523 3528 3525 3530 3532 3530 3532 3533 3538 3535 3540 3542 3540 3542 3544 3799 3548 3545 3550 3550 3554 3551 3555 3558 3555 3560 3560 3566 3561 3568 3563 3570 3568 3570 3574 3571 3575 3578 3575 3580 3580 3584 3581 3586 3586 3590 3587 3592 3592 3593 3596 3596 3600 3597 3602 3602 3606 3603 3608 3608 3614 3609 3611 3615 3618 3618 3618 3620 3620 3621 3624 3626 3626 3627 3630 3632 3632 3636 3633 3644 3637 3640 3644 3644 3641 3646 3646 3650 3647 3654 3651 3654 3656 3656 3660 3657 3662 3662 3666 3663 3668 3668 3672 3669 3674 3674 3678 3675 3680 3680 3684 3682 3684 3685 3690 3687 3692 3692 3692 3696 3693 3698 3698 3702 3699 3704 3704 3705 3708 3710 3710 3714 3711 3716 3716 3717 3720 3726 3724 3721 3726 3726 3727 3730 3732 3732 3736 3733 3738 3738 3739 3742 3748 3746 3743 3748 3748 3752 3749 3753 3753 3756 3758 3758 3759 3762 3764 3764 3770 3765 3767 3772 3778 3772 3776 3773 3778 3778 3779 3782 3784 3784 3788 3786 3788 3789 3792 3793 3793 3796 3798 3798 3802 3799 3804 3804 3805 3810 3807 3812 3813 3812 3816 3813 3818 3818 3822 3819 3824 3824 3827 3830 3825 3834 3832 3832 3834 3838 3835 3840 3840 3841 3844 3846 3846 3847 3850 3852 3852 3853 3858 3860 3855 3864 3860 3861 3864 3866 3866 3872 3867 3869 3876 3876 3873 3876 3880 3877 3880 3882 3882 3883 3888 3885 3890 3890 3890 3891 3894 3895 3898 3895 3900 3900 3906 3901 3903 3907 3912 3910 3907 3912 3912 3913 3916 3918 3918 3922 3919 3924 3924 3925 3930 3927 3936 3931 3934 3931 3936 3936 3937 3940 3942 3942 3943 3946 3947 3947 3952 3954 3949 3958 3954 3958 3955 3960 3960 3964 3961 3966 3966 3970 3967 3972 3972 3976 3973 3978 3978 3982 3979 3984 3984 3985 3988 3990 3990 3991 3996 3993 3998 4000 3998 4000 4004 4001 4006 4006 4010 4007 4012 4012 4016 4013 4018 4018 4022 4019 4024 4024 4025 4028 4030 4030 4034 4031 4036 4036 4037 4042 4039 4044 4046 4044 4046 4047 4050 4052 4052 4053 4055 4058 4060 4060 4060 4064 4061 4066 4066 4067 4070 4072 4072 4076 4073 4078 4078 4079 4082 4084 4084 4085 4088 4089 4092 4089 4092 4098 4095 4093 4100 4100 4100 4104 4101 4106 4106 4109 4112 4107 4114 4114 4114 4115 4118 4120 4120 4124 4121 4126 4126 4136 4129 4127 4131 4131 4133 4142 4138 4138 4142 4139 4144 4144 4145 4148 4152 4152 4149 4154 4154 4157 4160 4155 4162 4162 4162 4166 4163 4170 4167 4167 4170 4171 4174 4171 4178 4178 4176 4180 4180 4181 4184 4186 4186 4187 4190 4192 4192 4196 4193 4198 4198 4199 4202 4204 4204 4205 4208 4210 4210 4214 4211 4216 4216 4220 4217 4222 4222 4223 4226 4228 4228 4232 4229 4234 4234 4246 4235 4237 4241 4239 4243 4250 4248 4250 4248 4250 4251 4254 4256 4256 4260 4257 4262 4262 4263 4266 4268 4268 4272 4269 4274 4274 4275 4278 4280 4280 4283 4281 4286 4288 4288 4288 4289 4294 4291 4296 4296 4296 4297 4300 4301 4304 4301 4306 4306 4307 4310 4312 4312 4316 4313 4318 4318 4324 4319 4321 4326 4327 4326 4330 4327 4332 4332 4333 4336 4338 4338 4342 4339 4344 4344 4348 4345 4350 4350 4351 4354 4356 4356 4360 4357 4361 4361 4366 4363 4368 4369 4368 4372 4369 4374 4374 4375 4378 4380 4380 4381 4388 4385 4383 4390 4394 4398 4390 4394 4391 4398 4395 4398 4400 4400 4401 4404 4408 4405 4408 4410 4410 4411 4416 4413 4418 4420 4418 4420 4421 4426 4428 4423 4430 4428 4430 4434 4431 4436 4436 4440 4437 4442 4442 4443 4446 4450 4447 4450 4452 4452 4456 4453 4458 4458 4462 4459 4464 4464 4466 4468 4470 4470 4471 4474 4475 4475 4478 4480 4480 4481 4484 4488 4485 4488 4494 4492 4489 4494 4494 4498 4495 4500 4500 4504 4501 4506 4506 4510 4507 4511 4516 4513 4511 4516 4516 4520 4517 4522 4522 4523 4526 4530 4527 4530 4532 4532 4536 4533 4538 4538 4539 4542 4544 4544 4545 4548 4550 4550 4556 4553 4551 4557 4557 4560 4557 4562 4562 4566 4563 4568 4568 4572 4569 4576 4576 4573 4580 4577 4580 4581 4581 4584 4586 4586 4587 4590 4592 4592 4596 4593 4598 4598 4599 4602 4604 4604 4605 4608 4612 4612 4609 4614 4614 4615 4620 4617 4622 4624 4622 4624 4630 4625 4632 4627 4634 4632 4634 4635 4638 4639 4642 4639 4644 4644 4645 4647 4650 4652 4652 4652 4653 4656 4658 4658 4659 4662 4664 4664 4668 4665 4670 4670 4673 4676 4671 4678 4678 4678 4682 4679 4684 4684 4685 4688 4690 4690 4694 4691 4696 4696 4697 4702 4699 4704 4710 4704 4705 4708 4710 4710 4714 4711 4714 4718 4715 4720 4720 4724 4721 4728 4728 4725 4732 4729 4732 4734 4734 4737 4735 4740 4742 4742 4742 4743 4746 4748 4748 4749 4752 4754 4754 4755 4758 4760 4760 4764 4761 4772 4768 4765 4772 4770 4772 4774 4774 4778 4775 4780 4780 4781 4783 4788 4792 4790 4785 4792 4790 4792 4798 4793 4795 4800 4802 4800 4802 4806 4803 4808 4808 4809 4812 4814 4814 4818 4815 4822 4819 4822 4824 4824 4825 4828 4830 4830 4831 4838 4833 4835 4835 4844 4842 4839 4844 4844 4848 4845 4850 4850 4854 4851 4856 4856 4858 4866 4859 4862 4863 4866 4863 4868 4868 4872 4869 4878 4876 4873 4878 4878 4879 4882 4884 4884 4885 4890 4887 4892 4894 4892 4894 4898 4895 4899 4899 4904 4906 4901 4908 4906 4908 4912 4909 4914 4914 4918 4915 4920 4920 4924 4921 4926 4926 4927 4930 4932 4932 4936 4933 4938 4938 4939 4942 4943 4943 4946 4948 4948 4949 4956 4953 4951 4960 4960 4957 4960 4964 4961 4964 4966 4966 4970 4967 4972 4972 4976 4973 4980 4977 4980 4982 4982 4986 4983 4987 4990 4987 4992 4992 4993 4996 4998 4998 4999 5002 5004 5004 5005 5008 5010 5010 5014 5011 5016 5016 5019 5017 5022 5019 5022 5023 5030 5025 5027 5034 5036 5034 5032 5034 5036 5040 5037 5042 5042 5045 5050 5043 5047 5052 5047 5054 5052 5054 5058 5055 5060 5060 5061 5064 5066 5066 5067 5070 5071 5071 5074 5076 5076 5080 5077 5082 5082 5083 5086 5088 5088 5092 5089 5094 5094 5095 5098 5100 5100 5101 5104 5106 5106 5107 5114 5109 5111 5116 5116 5116 5117 5120 5124 5121 5124 5128 5128 5125 5134 5132 5129 5134 5136 5136 5136 5137 5140 5142 5142 5143 5146 5150 5147 5150 5152 5152 5153 5156 5158 5158 5162 5159 5166 5163 5166 5170 5167 5170 5172 5172 5173 5176 5178 5178 5182 5179 5186 5186 5183 5190 5187 5190 5191 5196 5191 5193 5200 5198 5200 5198 5200 5204 5201 5206 5206 5207 5210 5211 5211 5214 5216 5216 5220 5217 5222 5222 5225 5228 5223 5230 5230 5230 5234 5231 5235 5242 5235 5237 5244 5239 5246 5246 5244 5246 5256 5247 5249 5251 5251 5253 5258 5262 5258 5262 5259 5264 5264 5265 5268 5272 5269 5272 5269 5276 5273 5276 5278 5278 5279 5282 5286 5283 5286 5288 5288 5292 5289 5296 5293 5296 5298 5298 5302 5299 5304 5304 5308 5305 5310 5310 5314 5311 5316 5316 5320 5317 5322 5322 5323 5328 5330 5325 5332 5330 5332 5336 5333 5340 5337 5340 5342 5342 5348 5343 5345 5350 5350 5350 5354 5351 5362 5358 5355 5362 5359 5362 5366 5363 5366 5370 5370 5367 5372 5372 5373 5376 5378 5378 5379 5382 5384 5384 5390 5385 5387 5392 5392 5392 5393 5396 5397 5397 5400 5402 5402 5406 5403 5408 5408 5412 5409 5413 5416 5413 5418 5418 5419 5422 5424 5424 5430 5425 5427 5432 5432 5432 5433 5436 5438 5438 5440 6269 5441 5444 5446 5446 5450 5447 5452 5452 5453 5456 5458 5458 5459 5462 5464 5464 5468 5465 5470 5470 5471 5474 5476 5476 5480 5477 5482 5482 5486 5483 5488 5488 5492 5489 5494 5494 5498 5495 5500 5500 5501 5504 5506 5506 5507 5510 5512 5512 5516 5513 5518 5518 5519 5522 5524 5524 5528 5525 5529 5532 5529 5536 5533 5536 5533 5538 5538 5542 5539 5544 5544 5545 5548 5550 5550 5554 5551 5556 5556 5557 5560 5564 5564 5561 5566 5566 5567 5570 5572 5572 5573 5576 5578 5578 5582 5579 5584 5584 5588 5586 5588 5589 5592 5594 5594 5598 5595 5600 5600 5601 5604 5606 5606 5610 5607 5612 5612 5616 5613 5618 5618 5619 5622 5624 5624 5628 5626 5628 5629 5632 5634 5634 5635 5638 5640 5640 5641 5644 5646 5646 5650 5647 5654 5654 5651 5656 5656 5657 5660 5662 5662 5666 5663 5668 5668 5669 5672 5674 5674 5675 5678 5680 5680 5684 5681 5686 5686 5687 5690 5692 5692 5696 5693 5698 5698 5699 5702 5704 5704 5708 5705 5710 5710 5712 5714 5716 5716 5717 5720 5722 5722 5723 5726 5728 5728 5732 5729 5734 5734 5735 5738 5740 5740 5741 5744 5746 5746 5747 5750 5752 5752 5753 5756 5760 5757 5760 5762 5762 5766 5763 5768 5768 5772 5769 5774 5774 5778 5775 5780 5780 5784 5781 5786 5786 5787 5790 5792 5792 5796 5793 5798 5798 5799 5802 5804 5804 5806 5808 5810 5810 5811 5814 5816 5816 5818 5820 5822 5822 5823 5826 5828 5828 5829 5832 5836 5836 5833 5838 5838 5842 5839 5844 5844 5845 5848 5850 5850 5854 5851 5856 5856 5857 5860 5862 5862 5866 5863 5870 5867 5870 5872 5872 5873 5876 5878 5878 5882 5879 5884 5884 5888 5885 5890 5890 5894 5891 5896 5896 5897 5900 5902 5902 5906 5903 5908 5908 5912 5909 5914 5914 5920 5915 5922 5917 5924 5922 5924 5928 5925 5930 5930 5931 5934 5936 5936 5940 5937 5942 5942 5943 5946 5948 5948 5954 5949 5956 5951 5958 5956 5958 5959 5962 5964 5964 5965 5968 5970 5970 5971 5974 5976 5976 5980 5977 5982 5982 5986 5983 5988 5988 5992 5990 5992 5993 5996 5998 5998 6002 5999 6004 6004 6005 6008 6010 6010 6014 6011 6016 6016 6017 6020 6022 6022 6023 6026 6028 6028 6032 6029 6034 6034 6035 6038 6040 6040 6041 6044 6046 6046 6050 6047 6052 6052 6053 6056 6058 6058 6059 6062 6064 6064 6068 6065 6070 6070 6074 6071 6076 6076 6077 6080 6082 6082 6083 6086 6088 6088 6089 6092 6094 6094 6098 6095 6100 6100 6101 6104 6108 6105 6108 6110 6110 6111 6114 6116 6116 6120 6117 6122 6122 6123 6126 6128 6128 6132 6129 6134 6134 6135 6138 6140 6140 6141 6144 6146 6146 6147 6150 6152 6152 6156 6153 6158 6158 6162 6159 6164 6164 6168 6165 6170 6170 6174 6171 6176 6176 6180 6177 6182 6182 6183 6186 6188 6188 6192 6189 6194 6194 6198 6195 6200 6200 6201 6204 6206 6206 6210 6207 6212 6212 6213 6216 6218 6218 6219 6222 6224 6224 6228 6225 6230 6230 6231 6234 6236 6236 6240 6237 6242 6242 6243 6246 6248 6248 6249 6254 6251 6256 6256 6256 6260 6257 6262 6262 6263 6266 6268 6268 7969 6271 6274 6275 6883 6275 6277 6280 6281 6281 6285 6283 6287 6290 6287 6291 6291 6293 6297 6295 6299 6299 6303 6301 6305 6305 6307 6309 6311 6311 6315 6313 6317 6317 6319 6321 6323 6323 6325 6327 6329 6329 6333 6331 6335 6335 6339 6337 6339 6341 6343 6345 6345 6347 6349 6351 6351 6353 6355 6357 6357 6361 6359 6363 6363 6367 6365 6369 6369 6373 6371 6375 6375 6377 6379 6381 6381 6383 6385 6387 6387 6391 6389 6393 6393 6397 6395 6399 6399 6403 6401 6405 6405 6407 6409 6411 6411 6415 6413 6415 6417 6419 6421 6421 6425 6423 6427 6427 6431 6429 6433 6433 6435 6439 6437 6441 6441 6441 6445 6443 6447 6447 6451 6449 6453 6453 6457 6455 6457 6461 6459 6463 6463 6467 6465 6469 6469 6471 6473 6475 6475 6477 6479 6481 6481 6483 6485 6487 6487 6489 6491 6493 6493 6495 6497 6499 6499 6501 6503 6505 6505 6509 6507 6511 6511 6515 6513 6517 6517 6521 6519 6523 6523 6525 6527 6529 6529 6533 6531 6535 6535 6537 6539 6541 6541 6545 6543 6547 6547 6551 6549 6553 6553 6557 6555 6559 6559 6563 6561 6565 6565 6567 6569 6571 6571 6575 6573 6577 6577 6579 6581 6583 6583 6587 6585 6589 6589 6591 6593 6595 6595 6599 6597 6601 6601 6603 6605 6607 6607 6609 6611 6613 6613 6615 6617 6619 6619 6623 6621 6625 6625 6627 6629 6631 6631 6635 6633 6637 6637 6639 6641 6643 6643 6647 6645 6649 6649 6651 6653 6655 6655 6657 6659 6661 6819 6661 6663 6665 6665 6667 6669 6671 6671 6675 6673 6677 6677 6681 6679 6683 6683 6685 6687 6689 6689 6691 6693 6695 6695 6697 6699 6701 6701 6703 6705 6707 6707 6709 6711 6713 6713 6715 6717 6719 6719 6723 6721 6725 6725 6729 6727 6731 6731 6733 6735 6737 6737 6739 6741 6743 6743 6745 6747 6749 6749 6753 6751 6755 6755 6759 6757 6761 6761 6765 6763 6767 6767 6771 6769 6773 6773 6777 6775 6779 6779 6783 6781 6785 6785 6789 6787 6793 6791 6791 6795 6795 6799 6797 6801 6801 6805 6803 6807 6807 6811 6809 6813 6813 6815 6817 6819 6819 6823 6821 6825 6825 6827 6829 6831 6831 6833 6835 6837 6837 6841 6839 6843 6843 6847 6845 6849 6849 6851 6853 6855 6855 6859 6857 6861 6861 6865 6863 6867 6867 6897 6869 6873 6871 6875 6875 6879 6877 6881 6881 6883 6885 6887 6889 6889 6891 6893 6895 6895 6897 6899 6901 6903 6903 6905 6907 6909 6909 6913 6911 6915 6915 6917 6919 6921 6921 6923 6925 6927 6927 6931 6929 6931 6935 6933 6937 6937 6941 6939 6943 6943 6949 6945 6947 6951 6953 6951 6953 6955 6957 6959 6959 6963 6961 6965 6965 6969 6967 6971 6971 6975 6973 6977 6977 6981 6979 6983 6983 6987 6985 6989 6989 6993 6991 6995 6995 6999 6997 7001 7001 7005 7003 7007 7007 7009 7011 7013 7013 7015 7017 7019 7019 7021 7025 7027 7023 7029 7027 7029 7033 7031 7035 7035 7037 7039 7041 7041 7043 7045 7047 7047 7051 7049 7053 7053 7057 7055 7057 7059 7061 7063 7063 7065 7067 7069 7069 7071 7073 7075 7075 7077 7079 7081 7081 7083 7085 7087 7087 7091 7089 7093 7093 7095 7097 7099 7099 7101 7103 7105 7105 7109 7107 7111 7111 7115 7113 7117 7117 7121 7119 7123 7123 7125 7127 7129 7129 7131 7133 7135 7135 7139 7137 7141 7141 7143 7145 7147 7147 7149 7151 7153 7153 7155 7157 7159 7159 7163 7161 7165 7165 7170 7167 7171 7171 7173 7175 7177 7177 7179 7181 7183 7183 7187 7185 7189 7189 7191 7193 7195 7195 7197 7215 7200 7201 7969 7203 7205 7207 7207 7209 7211 7213 7213 7215 7217 7219 7221 7221 7225 7223 7227 7227 7229 7231 7233 7233 7237 7235 7239 7241 7239 7241 7245 7243 7247 7247 7251 7249 7253 7253 7255 7257 7259 7259 7261 7263 7265 7265 7267 7269 7271 7271 7275 7273 7277 7277 7281 7279 7281 7283 7285 7287 7287 7289 7291 7293 7293 7295 7297 7299 7299 7303 7301 7303 7307 7305 7309 7309 7311 7313 7315 7317 7319 7321 7321 7323 7325 7327 7327 7329 7331 7333 7333 7337 7335 7339 7339 7343 7341 7345 7345 7351 7347 7349 7353 7353 7353 7355 7357 7359 7359 7361 7363 7365 7367 7367 7367 7369 7371 7373 7373 7375 7377 7379 7379 7381 7383 7385 7385 7387 7389 7391 7391 7395 7393 7397 7397 7401 7399 7403 7403 7405 7407 7969 7409 7411 7413 7413 7415 7417 7419 7419 7421 7424 7425 7425 7427 7429 7431 7431 7433 7435 7437 7437 7441 7439 7443 7443 7447 7445 7449 7449 7453 7451 7455 7455 7459 7457 7461 7461 7463 7465 7467 7467 7471 7469 7473 7473 7475 7477 7479 7479 7481 7483 7485 7485 7487 7490 7491 7491 7493 7495 7497 7497 7501 7499 7503 7503 7505 7507 7509 7509 7513 7511 7515 7515 7521 7517 7519 7523 7525 7523 7525 7527 7529 7531 7531 7535 7533 7537 7537 7541 7539 7543 7543 7545 7547 7547 7551 7549 7553 7553 7555 7558 7559 7559 7563 7561 7565 7565 7567 7570 7571 7571 7573 7577 7579 7575 7581 7579 7581 7586 7583 7587 7587 7589 7591 7593 7593 7597 7595 7599 7599 7601 7604 7605 7605 7610 7607 7611 7611 7615 7613 7617 7617 7621 7619 7623 7623 7625 7627 7629 7629 7633 7631 7635 7635 7637 7639 7641 7641 7645 7643 7647 7647 7652 7649 7653 7653 7658 7655 7659 7659 7664 7661 7665 7665 7667 7669 7671 7671 7673 7676 7677 7677 7682 7679 7683 7683 7687 7685 7689 7689 7691 7693 7698 7695 7695 7699 7699 7701 7704 7705 7705 7707 7710 7711 7711 7713 7715 7717 7717 7721 7719 7723 7723 7727 7725 7729 7729 7731 7733 7735 7735 7740 7737 7741 7741 7746 7743 7747 7747 7749 7751 7753 7753 7755 7757 7759 7759 7761 7764 7765 7765 7767 7769 7771 7771 7775 7773 7777 7777 7781 7779 7783 7783 7788 7785 7789 7789 7793 7791 7795 7795 7797 7800 7801 7801 7803 7806 7807 7807 7812 7809 7813 7813 7817 7815 7819 7819 7823 7821 7825 7825 7827 7829 7831 7831 7833 7836 7837 7837 7842 7839 7843 7843 7845 7848 7849 7849 7851 7853 7855 7855 7859 7857 7861 7861 7866 7863 7867 7867 7869 7874 7875 7871 7877 7875 7877 7881 7879 7883 7883 7885 7888 7889 7889 7891 7893 7895 7895 7899 7897 7901 7901 7903 7905 7907 7907 7914 7909 7915 7911 7917 7915 7920 7917 7921 7921 7925 7928 7923 7929 7929 7929 7934 7931 7935 7935 7937 7940 7941 7941 7943 7946 7947 7947 7954 7949 7951 7955 7955 7955 7959 7957 7961 7961 7963 7966 7967 7967 7969 7971 7973 7975 7975 7979 7977 7981 7981 7985 7983 7987 7987 7989 7991 7993 7993 7997 7995 7999 7999 8001 8003 8005 8007 8005 8009 8009 8013 8011 8015 8015 8017 8019 8021 8021 8025 8023 8027 8027 8029 8031 8033 8033 8035 8037 8039 8039 8041 8043 8045 8045 8049 8047 8051 8051 8053 8055 8057 8057 8059 8061 8063 8065 8063 8067 8067 8069 8071 8073 8075 8075 8075 8079 8077 8081 8081 8083 8085 8087 8087 8089 8091 8093 8093 8095 8097 8099 8099 8101 8103 8105 8107 8105 8109 8109 8111 8113 8115 8115 8119 8117 8121 8121 8123 8125 8127 8127 8133 8129 8131 8135 8137 8135 8137 8139 8141 8143 8143 8147 8145 8149 8149 8151 8153 8155 8155 8157 8159 8161 8161 8165 8163 8167 8167 8171 8169 8173 8173 8175 8177 8179 8179 8183 8181 8185 8185 8187 8189 8193 8191 8191 8195 8195 8197 8199 8201 8201 8203 8205 8207 8207 8211 8209 8213 8213 8219 8215 8221 8217 8223 8221 8223 8225 8231 8227 8229 8229 8233 8233 8235 8237 8239 8239 8241 8243 8245 8245 8247 8251 8249 8253 8255 8253 8255 8259 8257 8261 8261 8263 8267 8265 8269 8271 8269 8271 8273 8275 8277 8279 8277 8281 8281 8285 8283 8287 8287 8291 8289 8293 8293 8297 8295 8299 8299 8301 8303 8305 8305 8307 8309 8309 8313 8311 8315 8315 8317 8319 8321 8321 8325 8323 8327 8327 8329 8331 8333 8333 8335 8337 8339 8339 8341 8343 8345 8345 8347 8349 8351 8351 8355 8353 8357 8357 8361 8359 8363 8363 8365 8367 8369 8369 8373 8371 8375 8375 8379 8377 8381 8381 8383 8385 8387 8387 8391 8389 8393 8393 8395 8397 8399 8399 8403 8401 8405 8405 8409 8407 8411 8411 8413 8415 8417 8417 8421 8419 8421 8423 8425 8427 8427 8429 8431 8433 8433 8435 8437 8439 8439 8441 8443 8445 8445 8447 8449 8451 8451 8455 8453 8457 8457 8459 8461 8463 8463 8467 8465 8469 8469 8471 8473 8475 8475 8477 8479 8481 8481 8483 8485 8487 8487 8489 8491 8493 8493 8495 8497 8499 8499 8503 8501 8505 8505 8507 8509 8511 8511 8513 8515 8517 8517 8519 8521 8523 8523 8525 8527 8529 8529 8531 8533 8535 8535 8537 8539 8541 8541 8543 8545 8547 8547 8551 8549 8553 8553 8555 8557 8559 8559 8563 8561 8565 8565 8567 8569 8571 8571 8575 8573 8577 8577 8581 8579 8583 8583 8587 8585 8589 8589 8593 8591 8595 8595 8597 8599 8601 8601 8603 8605 8607 8607 8609 8611 8613 8613 8617 8615 8619 8619 8621 8623 8625 8625 8629 8627 8631 8631 8633 8635 8637 8637 8639 8641 8643 8643 8647 8645 8649 8649 8651 8653 8655 8655 8657 8659 8661 8661 8665 8663 8667 8667 8671 8669 8673 8673 8677 8675 8679 8679 8681 8683 8685 8685 8689 8687 8691 8691 8693 8695 8697 8697 8699 8701 8703 8703 8705 8707 8709 8709 8713 8711 8715 8715 8719 8717 8721 8721 8723 8725 8727 8727 8731 8729 8733 8733 8735 8737 8739 8739 8743 8741 8743 8745 8747 8749 8749 8751 8753 8755 8755 8759 8757 8761 8761 8765 8763 8767 8767 8769 8771 8773 8773 8777 8775 8779 8779 8781 8783 8787 8785 8785 8789 8789 8791 8793 8795 8795 8799 8797 8801 8801 8803 8805 8807 8807 8809 8811 8813 8813 8815 8817 8819 8819 8823 8821 8825 8825 8827 8829 8831 8831 8835 8833 8837 8837 8839 8841 8843 8843 8845 8847 8849 8849 8851 8853 8855 8855 8861 8857 8859 8863 8865 8863 8865 8869 8867 8871 8871 8875 8873 8877 8877 8879 8881 8883 8883 8885 8887 8889 8889 8891 8893 8895 8895 8901 8899 8897 8903 8905 8903 8905 8907 8909 8911 8911 8913 8915 8917 8917 8921 8919 8923 8923 8925 8927 8929 8929 8931 8933 8935 8935 8937 8939 8941 8941 8945 8943 8947 8947 8951 8949 8953 8953 8957 8955 8959 8959 8961 8965 8963 8967 8967 8971 8969 8973 8973 8977 8975 8979 8979 8983 8981 8985 8985 8987 8989 8991 8991 8993 8995 8997 8997 8999 9001 9003 9003 9005 9007 9009 9009 9011 9013 9015 9015 9019 9017 9021 9021 9023 9025 9027 9027 9031 9029 9033 9033 9037 9035 9037 9041 9039 9043 9043 9045 9047 9049 9049 9053 9051 9055 9055 9057 9059 9061 9061 9067 9063 9065 9069 9071 9069 9071 9075 9073 9077 9077 9081 9079 9083 9083 9085 9087 9089 9089 9091 9093 9095 9095 9099 9097 9101 9101 9105 9103 9107 9107 9111 9109 9113 9113 9117 9115 9119 9119 9121 9123 9125 9125 9127 9129 9131 9131 9133 9135 9137 9137 9139 9141 9143 9143 9145 9147 9149 9149 9153 9151 9155 9155 9159 9157 9161 9159 9163 9163 9165 9167 9169 9169 9171 9173 9175 9175 9177 9179 9181 9181 9185 9183 9187 9187 9191 9189 9193 9193 9197 9195 9199 9199 9201 9203 9205 9205 9207 9209 9209 9213 9211 9215 9215 9217 9219 9221 9221 9225 9223 9227 9227 9231 9229 9233 9233 9235 9237 9239 9239 9243 9241 9245 9245 9247 9249 9251 9251 9253 9255 9257 9257 9259 9261 9263 9263 9267 9265 9269 9269 9271 9273 9277 9275 9279 9279 9281 9283 9285 9285 9289 9287 9291 9291 9295 9293 9297 9297 9301 9299 9303 9303 9307 9309 9305 9311 9311 9311 9313 9315 9317 9317 9319 9321 9323 9323 9327 9325 9329 9329 9331 9333 9335 9335 9337 9339 9341 9341 9343 9345 9347 9347 9349 9351 9353 9353 9369 9355 9359 9357 9361 9361 9363 9365 9367 9367 9369 9371 9373 9375 9375 9379 9377 9381 9381 9385 9383 9387 9387 9389 9391 9393 9393 9395 9397 9399 9399 9401 9403 9405 9405 9407 9409 9411 9411 9413 9415 9417 9417 9421 9419 9423 9423 9427 9425 9429 9429 9433 9431 9435 9435 9437 9439 9441 9441 9445 9443 9447 9447 9449 9451 9453 9453 9457 9455 9459 9459 9461 9463 9465 9465 9469 9467 9471 9471 9473 9475 9477 9479 9477 9481 9481 9483 9485 9487 9487 9489 9491 9493 9493 9495 9497 9499 9499 9501 9503 9505 9505 9509 9507 9511 9511 9513 9515 9517 9517 9519 9521 9523 9523 9527 9525 9529 9529 9531 9533 9535 9535 9539 9537 9541 9541 9545 9543 9547 9549 9549 9549 9553 9551 9555 9555 9557 9559 9561 9561 9563 9565 9565 9569 9567 9571 9571 9575 9573 9577 9577 9581 9579 9583 9583 9587 9585 9589 9589 9591 9593 9595 9595 9599 9597 9601 9601 9605 9603 9607 9607 9611 9609 9613 9613 9615 9617 9619 9619 9621 9623 9623 9627 9625 9629 9629 9633 9631 9635 9635 9639 9637 9641 9641 9645 9643 9647 9647 9651 9649 9653 9653 9655 9657 9659 9659 9661 9663 9665 9667 9665 9669 9669 9673 9671 9675 9675 9679 9677 9681 9681 9683 9685 9687 9687 9689 9691 9693 9693 9697 9695 9699 9699 9703 9701 9705 9705 9709 9707 9711 9711 9713 9715 9717 9717 9719 9721 9721 9725 9723 9727 9727 9729 9731 9733 9733 9735 9737 9739 9739 9741 9743 9745 9745 9749 9747 9751 9751 9755 9753 9757 9757 9759 9761 9763 9763 9765 9767 9769 9769 9773 9771 9775 9775 9777 9779 9781 9781 9783 9785 9787 9787 9789 9791 9793 9793 9795 9797 9799 9799 9801 9803 9805 9805 9807 9809 9811 9811 9813 9815 9817 9817 9819 9821 9821 9823 9825 9827 9827 9831 9829 9833 9833 9837 9835 9839 9839 9841 9843 9845 9845 9847 9849 9851 9851 9853 9855 9857 9857 9861 9859 9863 9863 9867 9865 9869 9869 9873 9871 9875 9875 9877 9879 9881 9881 9883 9885 9887 9887 9891 9889 9893 9893 9897 9895 9899 9899 9903 9901 9905 9905 9907 9909 9911 9911 9913 9915 9917 9917 9921 9919 9923 9923 9927 9925 9929 9929 9933 9931 9935 9935 9939 9937 9941 9941 9943 9945 9947 9947 9951 9949 9953 9953 9955 9957 9959 9959 9963 9961 9965 9965 9969 9967 9971 9971 9975 9973 9977 9977 9979 9981 9983 9983 9985 9987 9989 9989 9993 9991 9995 9995 9997 9999 10001 10001 10005 10003 10007 10007 10009 10011 10013 10013 10017 10015 10019 10019 10023 10021 10025 10025 10029 10027 10031 10031 10036 10033 10037 10037 10041 10039 10043 10043 10045 10047 10049 10049 10053 10051 10055 10055 65535 0 10060
4 8 6 10 10 14 12 16 16 20 18 22 22 26 24 28 28 32 30 34 34 36 38 40 40 44 42 46 46 48 50 52 52 56 54 58 58 62 60 64 64 68 66 70 70 74 72 76 76 78 80 82 82 84 86 88 88 65535 0 92
4 6 8 10 10 14 12 16 16 20 18 22 22 24 26 28 28 32 30 34 34 36 38 40 40 42 44 46 46 50 48 52 52 56 54 58 58 62 60 64 64 66 68 70 70 74 72 76 76 78 80 82 82 86 84 88 88 92 90 94 94 98 96 100 100 104 102 106 106 108 110 112 112 116 114 118 118 120 122 124 124 126 128 128 130 132 134 134 136 138 140 140 144 142 146 146 150 148 152 152 156 154 158 158 160 162 164 164 168 166 170 170 174 172 176 176 178 180 180 182 184 186 186 190 188 192 192 194 196 198 198 202 200 204 204 208 206 210 210 214 212 216 216 220 218 222 222 226 224 228 228 230 232 234 234 238 236 240 240 242 244 246 246 250 248 252 252 256 254 258 258 260 262 264 264 268 266 270 270 272 274 276 276 278 280 282 282 284 286 288 288 290 292 294 294 298 296 300 300 302 304 306 306 310 308 312 312 316 314 318 318 320 322 324 324 326 328 330 330 334 332 336 336 338 340 342 342 346 344 348 348 352 350 352 354 356 358 358 360 362 364 364 366 368 370 370 372 374 376 376 378 380 382 382 384 386 388 388 392 390 394 394 398 396 400 400 404 402 406 406 408 410 412 412 416 414 418 418 420 422 424 424 428 426 430 430 432 434 436 436 438 440 442 442 446 444 448 448 450 452 454 454 458 456 460 460 462 464 466 466 468 470 472 474 474 476 478 482 480 484 484 488 486 490 490 492 494 496 496 500 498 502 502 504 506 510 508 512 512 516 514 518 518 522 520 524 524 526 528 530 532 534 536 538 538 542 540 544 544 546 548 550 552 554 554 556 558 560 562 564 566 570 568 572 572 574 576 578 578 582 580 584 584 586 588 590 592 594 594 596 598 600 602 604 604 608 606 610 610 612 614 616 618 620 620 624 622 626 626 628 630 632 632 636 634 638 638 640 644 642 648 646 648 652 650 652 654 656 660 658 662 662 664 666 668 668 670 672 674 674 676 678 680 680 682 684 686 686 690 688 692 692 694 696 698 700 702 704 706 706 708 710 712 712 714 718 716 718 722 720 724 724 726 728 730 730 732 736 734 738 738 740 742 744 746 748 750 754 752 756 756 758 760 762 766 764 770 768 770 772 774 776 778 780 782 784 786 788 788 792 790 794 794 796 798 800 802 804 804 806 808 810 812 814 816 818 818 820 822 824 826 828 828 830 832 834 836 838 840 842 844 846 848 850 852 854 856 860 858 862 862 864 866 868 65535 0 872

251 65535 3 3 7 6 9 9 12 13 15 15 18 19 21 21 25 24 27 29 27 31 31 34 35 37 40 37 41 41 45 44 47 47 51 50 53 53 56 57 59 59 63 62 65 67 65 69 69 73 72 75 75 78 79 81 81 84 85 87 87 89 91 93 91 95 95 99 98 101 101 105 104 107 107 111 110 113 113 116 117 119 117 121 121 125 124 127 127 131 130 133 133 137 136 139 142 139 143 143 147 146 149 149 152 153 153 156 157 159 159 163 162 165 165 168 169 171 171 174 175 177 179 177 181 181 185 184 187 187 190 191 193 195 195 199 198 201 204 201 205 205 208 209 211 211 213 215 215 218 219 221 221 225 224 227 229 227 231 231 233 235 237 239 241 243 245 247 249 0 256
5 3 7 7 12 9 13 13 17 16 17 22 19 23 23 25 27 29 29 33 31 33 35 37 37 42 39 43 43 45 47 47 49 61 55 51 54 55 55 57 59 61 61 63 65 65 71 69 67 69 71 129 73 75 78 79 79 129 81 129 83 85 129 87 90 129 91 91 94 129 96 129 98 129 100 129 102 129 106 104 108 108 112 110 114 114 116 118 120 120 131 122 124 129 126 129 128 131 129 131 136 133 137 137 139 143 141 141 143 145 148 149 149 151 154 155 155 159 157 161 161 163 166 65535 65535 0 170
287 286 65535 65535 5 4 8 8 12 10 14 14 16 17 20 20 23 22 26 26 28 29 32 32 34 35 38 38 40 42 44 44 47 46 50 52 50 54 54 56 58 60 60 63 62 66 66 69 68 72 72 74 76 78 78 82 80 84 84 87 86 90 90 93 92 96 96 98 99 102 102 105 104 108 108 112 110 114 114 116 117 120 120 123 122 126 126 130 128 132 132 136 134 138 138 142 140 144 146 144 150 146 152 148 154 154 156 158 160 160 163 162 166 166 168 169 172 172 174 176 178 178 182 180 184 184 188 186 190 190 192 194 196 196 199 198 202 202 204 204 206 208 210 212 210 214 214 216 218 220 220 222 224 220 226 220 220 228 220 230 220 232 220 234 220 236 220 238 220 240 242 220 220 244 220 246 248 248 250 252 254 252 256 256 258 259 262 262 266 264 268 268 270 271 274 274 276 278 280 282 280 284 284 0 292
80 81 65535 65535 6 4 8 8 12 10 8 14 14 8 17 16 20 22 24 26 28 30 32 33 24 36 22 30 32 33 28 26 20 38 38 39 41 38 38 43 45 38 47 38 50 51 50 50 54 56 56 58 60 62 62 64 66 68 68 69 72 72 74 75 78 78 0 86
140 138 65535 65535 4 6 8 8 10 12 14 14 16 17 20 20 22 24 26 26 30 28 32 32 34 35 38 38 42 40 44 44 46 48 50 50 52 53 56 56 58 60 62 62 63 66 66 68 70 70 72 74 76 76 79 78 82 82 84 86 88 88 92 90 94 94 95 94 98 100 94 94 102 104 94 94 106 94 108 110 94 112 94 94 114 94 116 118 118 121 120 124 124 126 128 130 130 132 134 136 136 0 144
3 5 5 7 10 11 11 15 13 15 19 17 19 23 21 65535 65535 0 28
3 5 5 10 7 11 11 13 15 15 19 17 21 21 26 23 27 27 31 29 33 33 38 35 39 39 65535 0 44
83 82 65535 65535 4 5 8 8 10 11 14 14 16 18 20 20 22 24 26 26 29 28 32 32 36 34 38 38 40 41 44 46 46 48 49 52 54 52 56 56 58 60 60 62 63 66 66 68 70 72 72 74 72 76 78 72 80 80 0 88
3 6 7 7 9 11 13 13 18 15 19 19 24 21 25 28 25 28 29 29 31 34 35 35 37 40 41 41 43 48 59 45 49 49 53 51 55 55 57 61 59 61 63 67 71 69 65 67 69 71 73 76 77 77 79 83 81 85 85 87 89 89 93 91 93 95 97 99 99 101 105 103 105 110 107 111 111 65535 0 116
5 3 7 7 9 12 15 14 17 17 17 19 22 23 23 27 25 29 29 34 31 35 35 40 37 41 41 43 47 45 49 49 77 54 814 52 1663 56 56 58 60 62 62 64 66 68 68 70 72 74 74 76 77 79 79 81 95 84 85 85 87 90 91 91 95 94 97 97 107 102 100 106 104 104 106 107 109 109 113 112 115 115 118 119 121 121 127 123 129 125 127 129 131 133 135 135 150 139 138 151 141 141 145 144 147 147 151 150 153 153 157 156 159 159 163 162 165 165 171 167 173 169 171 173 177 176 179 179 183 182 185 185 189 188 191 191 195 193 197 197 209 200 204 202 206 206 208 209 211 211 214 215 217 217 223 219 225 221 223 225 229 228 231 231 234 235 237 237 241 240 243 243 269 247 253 245 251 249 249 253 251 255 255 259 258 261 261 265 264 267 267 269 273 272 273 275 275 278 279 281 281 284 285 287 287 289 291 303 302 293 293 295 297 299 299 302 303 305 305 309 308 311 311 316 317 314 319 319 319 323 322 325 325 328 329 331 331 335 334 337 337 341 340 343 343 347 345 349 349 352 353 355 355 358 359 361 361 367 364 366 369 367 369 372 373 375 375 378 379 381 381 385 383 387 387 389 391 393 393 399 395 401 397 399 401 405 404 407 407 409 411 413 413 418 415 421 423 419 419 421 423 427 426 429 429 449 434 432 436 436 440 438 442 442 444 446 448 448 449 453 452 455 455 458 459 461 461 465 464 467 467 471 470 473 473 477 476 479 479 482 483 485 485 488 489 491 491 494 495 497 497 501 507 506 499 503 503 506 507 509 509 512 513 515 515 518 519 521 521 524 525 527 527 529 531 533 533 537 535 539 539 543 541 545 545 548 549 551 551 554 555 580 559 558 559 580 561 563 565 565 568 569 571 571 575 574 577 577 581 580 583 583 587 586 589 589 591 593 595 595 597 599 601 601 605 604 607 607 611 609 613 613 615 617 619 619 629 622 624 628 626 626 628 629 631 636 637 634 636 637 641 640 643 643 645 647 649 649 652 653 655 655 658 659 661 661 665 664 667 667 671 669 673 673 680 675 678 681 680 681 684 685 687 687 691 690 693 693 697 695 699 699 704 702 713 706 706 708 710 712 712 713 716 717 719 719 723 722 725 725 729 727 731 731 735 734 737 737 740 741 743 743 748 746 755 754 750 750 755 751 754 754 757 757 760 761 763 763 767 766 769 769 771 773 775 775 779 778 781 781 784 785 787 787 790 791 793 793 796 797 799 799 803 802 805 805 809 808 811 811 814 815 817 817 820 821 823 823 825 827 829 829 877 832 893 876 834 842 836 838 838 842 840 844 844 847 846 850 850 854 858 860 852 856 856 858 860 862 862 864 866 868 868 871 870 874 874 876 877 880 880 883 882 886 886 890 888 892 892 893 896 897 899 899 903 901 905 905 909 908 911 911 915 914 917 917 921 920 923 923 931 926 928 930 930 931 935 934 937 937 940 941 943 943 946 947 949 949 953 952 955 955 959 958 961 961 963 965 967 967 970 971 973 973 975 977 979 979 983 982 985 985 990 993 988 992 992 993 1007 995 998 1000 1009 1000 1004 1002 1006 1006 1007 1009 1013 1012 1015 1015 1023 1019 1018 1021 1025 1021 1023 1025 1028 1029 1029 1034 1035 1031 1034 1035 1037 1037 1040 1041 1045 1043 1043 1045 1050 1047 1059 1051 1061 1051 1054 1055 1057 1057 1059 1061 1063 1065 1067 1067 1073 1069 1072 1072 1073 1075 1075 1078 1079 1081 1081 1085 1084 1087 1087 1095 1092 1090 1094 1094 1097 1095 1097 1101 1100 1103 1103 1108 1106 1111 1110 1110 1111 1114 1115 1117 1117 1123 1120 1125 1122 1123 1125 1129 1128 1131 1131 1135 1133 1137 1137 1140 1155 1141 1143 1143 1151 1146 1147 1149 1153 1149 1151 1153 1155 1163 1159 1158 1161 1161 1163 1166 1167 1169 1169 1172 1209 1173 1207 1175 1175 1179 1178 1181 1181 1185 1184 1187 1187 1191 1189 1195 1193 1193 1195 1198 1203 1200 1202 1205 1205 1205 1205 1209 1207 1211 1211 1217 1213 1217 1215 1219 1219 1225 1224 1222 1225 1224 1227 1227 1231 1230 1233 1233 1237 1236 1239 1239 1243 1245 1242 1247 1247 1247 1250 1251 1253 1253 1257 1256 1259 1259 1265 1262 1263 1265 1267 1267 1269 1271 1273 1273 1276 1279 1277 1281 1281 1281 1285 1284 1287 1287 1289 1292 1293 1293 1292 1295 1295 1299 1298 1301 1301 1305 1304 1307 1307 1310 1311 1313 1313 1317 1316 1319 1319 1322 1323 1325 1325 1328 1329 1331 1331 1334 1335 1337 1337 1340 1341 1343 1343 1346 1347 1349 1349 1351 1375 1353 1357 1356 1357 1359 1359 1363 1362 1365 1365 1372 1367 1370 1373 1372 1373 1375 1380 1382 1383 1378 1385 1385 1385 1385 1388 1389 1389 1393 1392 1395 1397 1397 1397 1401 1400 1403 1403 1409 1408 1406 1408 1409 1411 1411 1415 1413 1417 1417 1421 1420 1423 1423 1427 1425 1429 1429 1433 1432 1433 1437 1436 1439 1439 1443 1442 1445 1445 1455 1450 1448 1454 1452 1452 1455 1454 1457 1457 1463 1462 1460 1465 1465 1465 1469 1468 1471 1471 1474 1475 1477 1477 1481 1483 1480 1485 1485 1485 1487 1489 1491 1491 1495 1494 1497 1497 1517 1502 1505 1500 1507 1504 1504 1505 1509 1507 1509 1513 1512 1515 1515 1517 1521 1520 1523 1523 1526 1527 1529 1529 1532 1533 1535 1535 1539 1538 1543 1542 1543 1546 1547 1546 1549 1549 1552 1553 1555 1555 1559 1557 1565 1561 1561 1564 1565 1567 1567 1569 1571 1593 1573 1573 1577 1575 1579 1579 1584 1581 1585 1585 1590 1587 1591 1591 1593 1597 1596 1601 1600 1601 1605 1605 1604 1607 1607 1611 1609 1613 1613 1616 1621 1617 1619 1619 1623 1621 1623 1626 1627 1629 1629 1633 1632 1635 1635 1639 1638 1641 1641 1645 1644 1647 1647 1652 1663 1666 1650 1654 1654 1656 1658 1660 1662 1662 1662 1663 1666 1667 1671 1667 1673 1669 1675 1673 1675 1677 1679 1681 1681 1699 1686 1683 1687 1687 1694 1689 1696 1691 1697 1696 1697 1699 1701 1703 1705 1705 1707 1710 1711 1711 1716 1713 1717 1717 1719 1724 1721 1721 1725 1725 1730 1727 1765 1731 1731 1733 1738 1735 1739 1739 1739 1745 1741 1744 1747 1747 1747 1752 1749 1753 1753 1758 1755 1759 1759 1765 1761 1769 1763 1768 1765 1769 1769 1775 1774 1771 1777 1777 1777 1782 1785 1783 1795 1779 1787 1783 1785 1787 1789 1792 1793 1793 1798 1795 1799 1799 1803 1801 1805 1805 1810 1807 1811 1811 1819 1813 1816 1817 1821 1817 1819 1821 1826 1823 1827 1827 1829 1831 1833 1833 1838 1835 1839 1839 1843 1841 1845 1845 1847 1850 1851 1851 1853 1855 1857 1857 1859 1862 1863 1863 1867 1865 1869 1869 1874 1871 1875 1875 1880 1877 1881 1881 1885 1883 1887 1887 1891 1889 1893 1893 1895 1897 1899 1899 1902 1903 4323 1905 1905 1909 1931 1930 1907 1913 1911 1911 1913 1916 2425 1917 1919 1919 1923 1922 1925 1925 1927 1931 1930 1930 1931 1933 1933 1937 1935 1939 1939 1943 1946 1942 1947 1947 1947 1950 1951 1953 1953 1957 1956 1959 1959 1963 1962 1965 1965 1969 1968 1971 1971 1980 1974 1975 1981 1977 1983 1977 1981 1980 1983 1983 1986 1987 1989 1989 1992 1993 1999 1995 1997 2001 2001 1997 1999 2001 2004 2005 2007 2007 2011 2010 2013 2013 2016 2017 2023 2019 2019 2023 2022 2025 2025 2027 2029 2031 2031 2035 2034 2039 2038 2038 2039 2043 2042 2045 2045 2054 2055 2048 2049 2051 2051 2054 2055 2057 2057 2061 2060 2063 2063 2067 2066 2069 2069 2073 2072 2075 2075 2078 2079 2081 2081 2085 2083 2089 2088 2089 2095 2105 2093 2091 2095 2095 2093 2097 2097 2101 2100 2103 2103 2105 2315 2109 2314 2107 2111 2111 2118 2115 2113 2115 2118 2119 2119 2124 2121 2125 2125 2130 2127 2131 2131 2136 2133 2137 2137 2142 2139 2143 2143 2145 2148 2149 2149 2154 2151 2155 2155 2175 2157 2160 2161 2161 2166 2163 2167 2167 2169 2172 2173 2173 2175 2177 2180 2183 2181 2181 2186 2183 2187 2187 2192 2189 2193 2193 2201 2198 2195 2199 2199 2201 2203 2206 2207 2207 2209 2212 2213 2213 2225 2215 2220 2217 2221 2221 2227 2223 2225 2227 2230 2231 2231 2236 2233 2237 2237 2239 2242 2243 2243 2248 2245 2249 2249 2255 2252 2257 2253 2255 2257 2265 2262 2259 2263 2263 2265 2268 2269 2269 2274 2271 2275 2275 2277 2280 2281 2281 2283 2286 2287 2287 2292 2289 2293 2293 2296 2299 2301 2298 2299 2301 2305 2303 2305 2310 2307 2311 2311 2314 2315 2317 2317 2324 2321 2320 2325 2325 2325 2345 2327 2330 2331 2331 2333 2336 2337 2337 2339 2342 2343 2343 2345 2349 2348 2351 2351 2353 2355 2357 2357 2364 2360 2361 2365 2365 2365 2368 2369 2371 2371 2374 2375 2377 2377 2381 2380 2384 2385 2385 2385 2389 2388 2391 2391 2394 2401 2395 2399 2397 2397 2399 2401 2403 2403 2407 2406 2410 2410 2413 2412 2415 2417 2415 2417 2419 2421 2423 2423 2427 2425 2429 2429 2433 2432 2435 2435 2438 2439 2441 2441 2444 2445 2447 2447 2450 2451 2453 2453 2469 2457 2456 2459 2459 2463 2461 2465 2465 2469 2467 2471 2471 2477 2473 2479 2475 2477 2479 2483 2482 2509 2508 2511 2485 2485 2488 2489 2491 2491 2504 2493 2505 2499 2495 2497 2501 2499 2504 2501 2505 2505 2508 2509 2511 2513 2513 2513 2515 2517 2517 2521 2519 2523 2523 2529 2525 2531 2527 2529 2531 2534 2535 2537 2537 2586 2546 2541 2540 2543 2543 2547 2546 2549 2549 2554 2586 2551 2555 2555 2560 2557 2586 2561 2561 2563 2565 2567 2567 2570 2571 2571 2573 2575 2577 2577 2581 2579 2583 2583 2586 2587 2589 2589 2592 2593 2595 2595 2599 2598 2601 2601 2605 2604 2607 2607 2610 2611 2613 2613 2616 2617 2619 2619 2761 2646 2623 2671 2621 2625 2625 2629 2627 2631 2631 2634 2635 2637 2637 2641 2640 2643 2643 2646 2647 2649 2649 2654 2651 2659 2655 2655 2659 2658 2661 2661 2664 2665 2667 2667 2671 2670 2673 2673 2677 2676 2679 2679 2683 2681 2685 2685 2689 2688 2691 2691 2695 2694 2697 2697 2700 2712 2719 2702 2704 2714 2704 2706 2708 2710 2710 2712 2714 2719 2716 2721 2718 2719 2721 2723 2725 2727 2727 2731 2729 2733 2733 2736 2737 2739 2739 2743 2742 2745 2745 2748 2749 2751 2751 2755 2754 2757 2757 2761 2759 2763 2763 2766 2767 2769 2769 2771 2778 2779 2774 2775 2775 2778 2779 2781 2781 2784 2785 2787 2787 2789 2791 2793 2793 2795 2799 2797 2801 2799 2801 2805 2804 2807 2807 2809 2811 2811 2815 2814 2817 2817 2821 2820 2823 2823 2827 2826 2839 2830 2830 2832 2833 2836 2836 2839 2838 2841 2841 2844 2845 2847 2847 2850 2851 2853 2853 2857 2856 2859 2859 2863 2862 2865 2865 2868 2869 2871 2871 2874 2875 2877 2877 2889 2893 2879 2882 2892 2883 2883 2887 2885 2887 2889 2893 2892 2895 2895 2899 2898 2901 2901 2904 2905 2909 2907 2909 2909 2912 2913 2915 2915 2917 2929 2981 2920 2980 2921 2921 2931 2923 2925 2927 2927 2929 2931 2935 2934 2937 2937 2941 2940 2943 2943 2946 2947 2949 2949 2953 2952 2955 2957 2957 2962 2963 2960 2962 2965 2963 2965 2967 2980 2981 2974 2969 2975 2972 2977 2975 2977 2980 2981 2983 2983 2986 2987 2989 2989 2992 2993 2997 2996 2997 3001 3001 2999 3003 3003 3006 3007 3009 3009 3013 3012 3015 3015 3049 3019 3018 3021 3021 3024 3025 3029 3029 3027 3033 3032 3033 3035 3035 3038 3039 3041 3041 3044 3045 3047 3047 3049 3051 3055 3055 3053 3057 3057 3060 3061 3063 3063 3067 3066 3069 3069 3073 3072 3075 3075 3078 3079 3081 3081 3084 3085 3087 3087 3091 3090 3093 3093 3096 3097 3099 3099 3103 3102 3105 3105 3109 3108 3113 3112 3113 3117 3117 3116 3119 3119 3122 3123 3125 3125 3130 3167 3127 3154 3151 3131 3131 3133 3136 3137 3137 3139 3142 3143 3143 3145 3148 3149 3149 3151 3154 3163 3155 3155 3157 3159 3161 3161 3163 3167 3166 3169 3169 3177 3171 3174 3180 3181 3175 3175 3177 3181 3180 3183 3183 3185 3187 3189 3189 3192 3193 3195 3195 3199 3198 3201 3201 3207 3204 3209 3205 3207 3209 3213 3212 3215 3215 3218 3219 3221 3221 3224 3225 3227 3227 3230 3379 3233 3324 3325 3231 3236 3233 3236 3238 3239 3242 3242 3246 3244 3248 3248 3250 3252 3254 3254 3258 3256 3260 3260 3264 3262 3266 3266 3268 3269 3272 3276 3272 3278 3274 3280 3278 3280 3284 3282 3286 3286 3294 3290 3288 3292 3292 3294 3296 3298 3298 3300 3302 3304 3304 3306 3307 3310 3310 3313 3312 3316 3316 3320 3318 3322 3322 3325 3324 3327 3327 3331 3330 3335 3334 3335 3338 3339 3338 3341 3341 3345 3344 3347 3347 3350 3351 3353 3353 3371 3355 3370 3383 3359 3357 3361 3361 3363 3365 3367 3367 3375 3370 3371 3373 3373 3375 3378 3379 3381 3381 3383 3387 3386 3389 3389 3393 3392 3395 3395 3398 3399 3401 3401 3404 3405 3407 3407 3434 3435 3409 3411 3413 3413 3417 3415 3419 3419 3423 3421 3425 3425 3429 3427 3431 3431 3434 3435 3437 3437 3440 4178 3441 3443 3443 3446 3447 3449 3449 3453 3452 3455 3455 3458 3459 3461 3461 3485 3463 3483 3465 3468 3469 3469 3474 3471 3475 3475 3479 3477 3481 3481 3483 3485 3487 3487 3496 3491 3489 3493 3493 3496 3497 3499 3499 3501 3503 3505 3505 3507 3509 3511 3511 3515 3513 3517 3517 3519 3521 3523 3523 3527 3525 3529 3529 3551 3532 3533 3536 3536 3549 3551 3537 3540 3541 3541 3546 3543 3547 3547 3549 3551 3553 3553 3557 3556 3559 3559 3563 3561 3565 3565 3569 3568 3571 3571 3575 3581 3574 3578 3578 3581 3580 3581 3585 3584 3587 3587 3593 3590 3639 3597 3591 3595 3593 3595 3597 3621 3599 3601 3604 3605 3605 3610 3607 3611 3611 3616 3613 3617 3617 3628 3625 3619 3621 3623 3623 3625 3629 3629 3631 3633 3633 3639 3638 3635 3638 3639 3641 3641 3644 3645 3647 3647 3650 3651 3653 3653 3659 3655 3658 3659 3671 3675 3658 3670 3677 3661 3661 3664 3665 3667 3667 3670 3671 3673 3673 3675 3677 3679 3679 3683 3682 3685 3685 3689 3687 3691 3691 3693 3695 3697 3697 3700 3701 3703 3703 3705 3707 3709 3709 3712 3713 3715 3715 3717 3720 3723 3721 3721 3723 3725 3725 3729 3728 3731 3731 3735 3734 3737 3737 3740 3747 3742 3744 3744 3747 3746 3749 3749 3752 3753 3755 3755 3760 3758 3763 3765 3762 3762 3763 3765 3768 3769 3771 3771 3774 3775 3777 3777 3779 3787 3783 3785 3781 3783 3785 3787 3791 3790 3793 3793 3797 3796 3799 3799 3803 3802 3805 3805 3807 3809 3811 3811 3814 3815 3817 3817 3821 3819 3823 3823 3827 3826 3829 3829 3833 3832 3835 3835 3839 3838 3841 3841 3846 3843 3857 3847 3847 3852 3849 3853 3853 3857 3856 3859 3859 3863 3862 3865 3865 3869 3868 3871 3871 3875 3873 3877 3877 3880 3881 3883 3883 3887 3913 3886 3887 3890 3891 3895 3893 3893 3895 3899 3897 3901 3901 3905 3903 3907 3907 3910 3913 3911 3915 3913 3915 3919 3918 3921 3921 3925 3924 3927 3927 3931 3929 3933 3933 3941 3935 3938 3939 3939 3941 3943 3951 3945 3947 3947 3951 3949 3953 3953 3957 3956 3959 3959 3968 3963 3962 3969 3966 3966 3968 3969 3971 3971 3975 3973 3977 3977 3980 3981 3983 3983 3987 3986 3989 3989 3992 3993 3995 3995 3997 3999 3999 4001 4003 4003 4007 4005 4009 4009 4015 4011 4014 4014 4015 4017 4017 4021 4020 4023 4023 4027 4026 4029 4029 4039 4032 4033 4035 4035 4039 4037 4041 4041 4044 4045 4047 4047 4050 4051 4053 4053 4087 4056 4058 4060 4060 4064 4062 4066 4066 4068 4070 4072 4072 4074 4076 4078 4078 4082 4080 4084 4084 4086 4087 4089 4089 4093 4092 4095 4095 4098 4099 4101 4101 4103 4105 4105 4109 4108 4111 4111 4115 4114 4117 4117 4121 4120 4123 4123 4143 4138 4139 4132 4125 4128 4129 4129 4133 4132 4136 4136 4139 4138 4142 4142 4143 4147 4146 4149 4149 4153 4152 4155 4155 4159 4158 4161 4161 4165 4164 4167 4167 4169 4172 4172 4173 4175 4175 4179 4178 4181 4181 4185 4184 4187 4187 4191 4189 4193 4193 4195 4240 4242 4197 4201 4200 4203 4203 4205 4211 4208 4209 4209 4211 4215 4214 4217 4217 4220 4223 4221 4225 4223 4225 4229 4228 4231 4231 4235 4234 4237 4237 4249 4240 4242 4244 4246 4248 4248 4249 4253 4252 4255 4255 4257 4259 4261 4261 4264 4268 4271 4266 4270 4268 4270 4271 4281 4275 4279 4274 4278 4278 4279 4281 4283 4283 4287 4286 4289 4289 4297 4291 4293 4295 4295 4297 4300 4301 4303 4303 4306 4307 4309 4309 4313 4311 4315 4315 4318 4319 4321 4321 4323 4326 4327 4327 4337 4332 4329 4335 4333 4333 4335 4337 4339 4339 4345 4349 4343 4342 4352 4347 4347 4353 4347 4352 4349 4353 4353 4358 4355 4359 4359 4361 4363 4365 4365 4369 4367 4371 4371 4373 4375 4377 4377 4382 4379 4383 4383 4393 4395 4385 4387 4390 4391 4391 4391 4393 4397 4395 4399 4399 4399 4401 4404 4405 4407 4407 4407 4409 65535 65535 0 4414
5 3 5 7 9 9 13 11 16 13 17 17 21 20 21 23 25 27 30 27 31 31 35 34 35 37 39 41 41 43 45 45 47 49 49 53 52 53 55 55 57 59 59 61 63 63 65 67 70 67 71 71 73 75 75 77 80 81 81 83 85 87 87 92 89 93 93 95 97 97 100 101 101 105 103 107 109 107 109 113 111 113 116 117 117 121 119 121 125 123 125 127 129 131 131 135 137 134 135 137 139 141 141 145 144 145 147 147 151 149 151 155 154 155 157 159 159 161 163 165 165 167 169 169 173 171 175 175 177 179 179 185 181 183 183 185 187 189 189 193 191 193 195 197 199 199 203 205 202 203 205 207 211 209 211 215 213 217 217 219 221 223 223 225 228 229 229 233 231 381 233 237 235 239 239 243 241 245 245 249 247 251 251 253 255 279 257 279 257 261 259 263 263 268 265 269 269 271 273 273 277 275 279 279 281 283 287 285 285 289 289 291 293 295 295 297 297 299 301 309 303 303 309 305 307 312 309 309 313 313 317 315 319 319 323 321 325 325 327 329 332 333 333 333 335 343 339 337 341 343 341 343 347 345 349 349 351 353 355 355 357 361 363 359 367 365 363 365 367 372 369 373 373 377 375 379 379 387 381 385 389 383 391 391 389 391 4841 393 396 397 397 399 397 399 401 403 406 411 407 411 407 415 409 411 414 415 421 415 418 423 420 431 433 423 425 427 430 433 433 435 433 435 440 437 442 443 442 443 446 447 447 449 451 453 453 457 455 459 459 461 463 465 465 472 467 469 473 475 477 473 475 479 479 483 481 485 491 485 491 489 487 491 491 493 495 523 497 499 497 523 517 501 501 505 503 509 519 507 515 507 511 511 515 513 521 521 531 521 525 523 531 527 527 533 529 537 533 535 537 539 543 539 541 545 547 545 549 547 551 551 553 571 557 555 559 559 562 559 563 563 567 565 569 571 576 571 571 577 574 579 577 587 585 579 581 583 589 587 587 587 589 591 593 595 597 595 599 599 601 603 617 605 605 607 627 613 615 609 611 615 619 615 615 621 627 621 623 625 627 627 630 631 631 633 635 637 637 641 639 643 643 645 647 649 649 651 657 657 653 655 657 657 665 659 663 661 671 665 665 668 670 673 677 673 679 673 675 679 681 679 681 685 687 683 689 687 689 691 693 697 696 693 697 697 701 700 703 701 703 705 705 707 709 711 4423 711 4423 713 715 717 719 717 723 719 725 721 727 733 753 725 733 727 732 729 733 733 735 737 739 739 743 745 747 741 747 747 747 751 749 753 753 755 761 763 760 757 765 765 763 765 769 767 774 771 774 771 775 775 779 777 781 781 783 785 792 785 793 787 795 790 797 793 795 797 802 799 803 807 806 803 807 803 3713 3713 3713 807 811 809 819 816 813 817 817 819 824 821 859 825 859 825 827 829 829 833 831 835 837 835 839 839 847 849 841 853 843 845 847 851 847 853 853 853 855 857 859 864 861 859 865 865 865 869 867 873 871 871 875 875 879 877 883 881 885 881 887 887 887 889 891 893 893 897 895 899 905 899 899 904 901 905 905 907 912 915 913 909 920 917 921 913 917 917 921 921 925 923 927 927 929 931 933 933 937 935 939 939 941 943 945 945 947 949 951 953 955 951 955 955 957 961 959 961 963 961 963 966 967 967 974 969 971 975 979 977 975 977 981 981 983 985 987 987 991 989 993 993 995 1000 997 1001 1003 1001 1003 1011 1005 1007 1009 1011 1011 1015 1013 1017 1019 1017 1019 1021 1029 1023 1031 1027 1025 1031 1031 1036 1031 1033 1037 1043 1037 1041 1039 1043 1043 1045 1067 1047 1049 1069 1053 1051 1051 1055 1055 1059 1057 1061 1061 1065 1063 1069 1069 1069 1071 1073 1075 1077 1075 1079 1082 1079 1083 1083 1085 1087 1089 1089 1097 1091 1095 1099 1093 1103 1101 1099 1101 1103 1105 1107 1111 1110 1116 1111 1123 1111 1119 1123 1113 1125 1121 1118 1123 1125 1123 1125 1127 1129 1131 1131 1133 1135 1139 1143 1137 1137 1141 1148 1143 1143 1143 1145 1149 1151 1153 1149 1151 1155 1155 1159 1157 1161 1161 1163 1166 1169 1167 1167 1169 1173 1171 1175 1175 1179 1177 1183 1181 1186 1181 1187 1187 1187 1191 1189 1193 1196 2733 1193 1197 1197 1201 1199 1203 1203 1205 1207 1207 1210 1211 1213 1211 1213 1217 1215 1229 1219 1225 1219 1223 1221 1225 1227 1225 1229 1229 1238 1231 1239 1233 1235 1239 1241 1239 1241 1245 1243 1247 1249 1247 1256 1251 1251 1258 1253 1259 1258 1261 1259 1274 1263 1263 1265 1267 1269 1275 1269 1275 1271 1277 1275 1277 1279 1281 1281 1283 1285 1287 1301 1292 1287 1293 1290 1299 1293 1295 1297 1299 1299 1301 1317 1307 1303 1305 1311 1309 1309 1311 1313 1315 1317 1317 1320 1321 1321 1323 1325 1327 1327 1329 1332 1333 1333 1337 1335 1339 1339 1345 1341 1344 1347 1349 1347 1351 1347 1351 1358 1351 1353 1367 1356 1359 1369 1363 1359 1361 1366 1363 1367 1367 1367 1369 1375 1374 1371 1381 1379 1377 1379 1381 1377 1379 1381 1386 1383 1391 1390 1388 1391 1391 1395 1393 1397 1397 1401 1399 1401 1405 1412 1403 1413 1407 1407 1410 1417 1415 1419 1419 1413 1417 1415 1419 1419 1419 1425 1421 1435 1423 1427 1429 1427 1429 1433 1431 1435 1435 1437 1442 1439 1443 1445 1443 1445 1447 1449 1453 1451 1451 1453 1455 1457 1460 1457 1461 1461 1465 1463 1467 1470 1467 1471 1479 1471 1473 1475 1483 1481 1483 1477 1485 1481 1483 1485 1487 1489 1491 1491 1495 1493 1497 1497 1501 1499 1505 1503 1503 1507 1507 1511 1509 1513 1516 1513 1517 1517 1525 1521 1519 1527 1523 1527 1529 1527 1529 1533 1531 1535 1537 1535 1539 1541 1541 1541 1545 1543 1547 1547 1549 1551 1551 1555 1553 1557 1557 1561 1559 1563 1563 1568 1565 1569 1571 1569 1571 1575 1573 1577 1579 1577 1579 1581 1583 1587 1585 1585 1589 1589 1591 1594 1595 1598 1595 1599 1603 1599 1601 1603 1605 1605 1605 1609 1607 1611 1611 1615 1613 1617 1617 1621 1619 1625 1623 1625 1623 1625 1631 1633 1629 1627 1635 1659 1659 1635 1677 1635 1637 1639 1641 1641 1653 1643 1650 1645 1651 1647 1653 1651 1653 1658 1655 1659 1659 1677 1661 1663 1665 1669 1667 1667 1669 1676 1671 1677 1673 1677 1677 1679 1681 1683 1683 1685 1687 1689 1689 1694 1691 1697 1699 1695 1695 1703 1699 1701 1703 1703 1707 1705 1709 1711 1709 1713 1713 1715 1717 1719 1719 1721 1723 1725 1725 1727 1733 1732 1729 1735 1733 1733 1735 1737 1739 1741 1741 1743 1745 1747 1749 1757 1747 1751 1751 1755 1753 1760 1757 1757 1761 1761 1763 1765 1767 1767 1769 1771 1775 1773 1773 1777 1777 1779 1781 1783 1783 1785 1787 1789 1789 1791 1796 1797 1793 1799 1797 1799 1801 1803 1805 1805 1809 1807 1811 1821 1811 1813 1818 1815 1819 1821 1819 1821 1825 1829 1823 1828 1825 1829 1831 1829 1831 1835 1833 1837 1837 1839 1842 1843 1843 1845 1847 1847 1849 1851 1855 1853 1853 1855 1870 1857 1859 1861 1871 1871 1861 1867 1863 1871 1865 1873 1873 1871 1873 1877 1875 1879 1879 1883 1881 1885 1885 1887 1889 1891 1891 1893 1895 1897 1897 1901 1899 1903 1903 1905 1907 1911 1909 1909 1913 1913 1915 1917 1919 1919 1923 1921 1925 1925 1927 1932 1933 1929 1935 1933 1935 1945 1943 1937 1941 1939 1943 1943 1947 1947 1949 1953 1951 1953 1955 1953 1955 1959 1957 1961 1961 1963 1968 1965 1969 1971 1969 1971 1975 1973 1977 1977 1981 1979 1983 1985 1983 1987 1987 1989 1991 1999 1993 1996 1993 1999 1997 1999 1999 1999 2001 2003 2005 2005 2007 2031 2009 2013 2011 2015 2018 2015 2019 2019 2023 2021 2025 2025 2029 2027 2031 2031 2033 2035 2035 2039 2037 2041 2041 2043 2045 2047 2047 2051 2049 2053 2053 2055 2058 2059 2059 2061 2066 2067 2063 2069 2067 2069 2073 2071 2079 2075 2075 2079 2077 2083 2081 2081 2085 2085 2087 2092 2089 2093 2097 2096 2093 2093 2097 2097 2101 2099 2107 2109 2103 2103 2106 2109 2113 2109 2113 2111 2115 2117 2117 2117 2119 2121 2125 2123 2123 2125 2129 2127 2131 2131 2131 2136 2133 2137 2137 2139 2141 2141 2145 2143 2147 2147 2149 2153 2151 2155 2155 2155 2161 2157 2160 2163 2183 2167 2163 2166 2167 2217 2167 2171 2169 2173 2173 2177 2175 2179 2179 2183 2181 2185 2185 2189 2187 2191 2201 2201 2191 2195 2193 2198 2201 2195 2199 2201 2199 2203 2201 2205 2205 2209 2207 2211 2217 2211 2213 2215 2217 2220 2217 2221 2221 2223 2226 2227 2227 2231 2229 2235 2291 2233 2233 2237 2237 2239 2241 2243 2243 2245 2245 2245 2247 2249 2254 2251 2251 2255 2255 2257 2259 2261 2267 2291 2261 2267 2266 2263 2267 2267 2272 2269 2273 2273 2278 2275 2279 2279 2283 2281 2285 2285 2287 2289 2291 2291 2293 2297 2295 2300 2297 2301 2303 2301 2301 2303 2305 2307 2313 2309 2309 2311 2315 2317 2315 2319 2317 2321 2321 2325 2323 2327 2330 2327 2331 2331 2338 2333 2336 2339 2341 2339 2341 2346 2343 2347 2349 2351 2347 2349 2351 2357 2356 2353 2357 2357 2361 2359 2363 2363 2365 2368 2369 2369 2371 2373 2373 2377 2375 2379 2391 2379 2393 2381 2385 2383 2387 2387 2389 2391 2393 2393 2395 2398 2399 2399 2401 2403 2405 2593 2405 2407 2409 2411 2415 2585 2414 2411 2417 2417 2417 2419 2421 2426 2427 2427 2423 2429 2427 2434 2429 2431 2435 2437 2435 2437 2441 2439 2443 2443 2445 2447 2449 2449 2453 2451 2455 2455 2457 2459 2461 2461 2463 2465 2467 2467 2469 2471 2473 2473 2475 2477 2477 2483 2481 2479 2483 2483 2487 2485 2489 2489 2491 2493 2495 2495 2501 2497 2499 2503 2505 2503 2505 2507 2510 2511 2511 2513 2515 2515 2521 2517 2523 2519 2523 2523 2525 2529 2527 2531 2539 2531 2533 2539 2537 2535 2539 2551 2539 2543 2551 2541 2546 2550 2547 2553 2547 2551 2551 2553 2555 2558 2559 2559 2563 2561 2571 2565 2571 2565 2567 2569 2573 2571 2577 2575 2573 2577 2577 2581 2579 2583 2583 2585 2587 2591 2590 2591 2591 2593 2597 2595 2599 2599 2601 2603 2605 2605 2607 2613 2611 2609 2613 2616 2613 2617 2617 2621 2619 2629 2623 2623 2625 2631 2627 2629 2633 2631 2631 2635 2635 2637 2639 2641 2641 2645 2643 2647 2647 2658 2649 2651 2659 2653 2663 2662 2655 2663 2666 2659 2663 2663 2667 2667 2669 2677 2671 2673 2677 2675 2673 2677 2677 2681 2679 2683 2683 2685 2687 2687 2689 2691 2689 2693 2702 2693 2703 2695 2697 2705 2703 2699 2705 2703 2705 2709 2707 2711 2713 2711 2713 2715 2717 2719 2719 2722 2723 2725 2727 2725 2727 2729 2731 2733 2733 2736 2737 2737 2742 2739 2747 2743 2743 2749 2746 2756 2749 2751 2753 2756 2757 2757 2757 2760 2762 2765 2763 2765 2765 2765 2767 2774 2769 2776 2777 2771 2771 2779 2776 2779 2779 2781 2787 2785 2789 2783 2797 2787 2791 2789 2791 2796 2797 2793 2799 2797 2799 2803 2801 2805 2807 2805 2815 2809 2809 2814 2811 2815 2815 2815 2819 2817 2821 2821 2823 2825 2825 2827 2829 2831 2831 2835 2833 2837 2837 2841 2839 2843 2849 2843 2849 2845 2848 2849 2849 2852 2855 2854 2855 2855 2859 2857 2861 2861 2863 2865 2867 2867 2877 2869 2874 2871 2875 2877 2875 2877 2881 2879 2883 2883 2887 2892 2885 2889 2889 2893 2893 2895 2897 2899 2899 2901 2903 2903 2905 2908 2909 2911 2911 2909 2911 2921 2915 2913 2924 2917 2919 2917 2926 2919 2927 2924 2926 2927 2931 2929 2933 2936 2933 2937 2937 2939 2948 2942 2943 2943 2949 2946 2953 2949 2951 2953 2955 2955 2957 2971 2975 2959 2961 2963 2963 2975 2965 2968 2969 2969 2974 2971 2975 2975 2979 2977 2979 2981 2981 2983 2986 2987 2992 2987 2993 2989 2997 2993 2995 2997 3001 2999 2999 3001 3005 3003 3007 3009 3007 3011 3020 3017 3011 3016 3013 3017 3017 3021 3021 3025 3030 3023 3031 3027 3027 3033 3033 3033 3037 3035 3039 3039 3041 3043 3043 3045 3047 3049 3059 3049 3053 3051 3055 3057 3055 3059 3059 3061 3064 3067 3065 3067 3065 3069 3069 3075 3073 3071 3077 3075 3075 3077 3079 3081 3083 3083 3087 3085 3089 3089 3093 3091 3095 3099 3095 3097 3099 3099 3103 3101 3109 3105 3343 3107 3153 3105 3153 3109 3107 3111 3111 3343 3113 3115 3117 3121 3119 3123 3119 3121 3123 3123 3125 3131 3127 3130 3131 3131 3133 3135 3137 3137 3139 3141 3143 3143 3145 3150 3151 3147 3153 3151 3153 3158 3155 3162 3159 3159 3163 3163 3165 3167 3169 3169 3171 3173 3175 3175 3177 3180 3181 3181 3183 3185 3187 3187 3189 3192 3193 3193 3217 3201 3205 3195 3199 3197 3201 3201 3207 3203 3213 3207 3209 3212 3213 3213 3215 3217 3217 3221 3219 3223 3223 3227 3225 3229 3239 3231 3229 3233 3233 3237 3235 3239 3239 3241 3246 3243 3247 3249 3247 3249 3251 3253 3255 3255 3257 3259 3261 3277 3265 3277 3261 3263 3267 3265 3267 3276 3269 3274 3271 3277 3277 3277 3279 3288 3284 3281 3285 3291 3285 3289 3289 3294 3291 3295 3295 3297 3300 3301 3301 3303 3306 3307 3307 3311 3309 3313 3313 3317 3319 3315 3317 3321 3321 3330 3323 3325 3327 3331 3331 3331 3333 3341 3335 3343 3337 3343 3339 3339 3345 3343 3345 3349 3347 3351 3355 3353 3351 3355 3355 3359 3357 3363 3363 3361 3361 3363 3368 3369 3365 3371 3371 3371 3375 3373 3377 3377 3381 3379 3383 3386 3383 3387 3387 3389 3391 3393 3393 3395 3397 3399 3399 3401 3403 3405 3405 3408 3415 3409 3409 3413 3411 3415 3437 3415 3421 3417 3419 3421 3421 3423 3425 3427 3427 3429 3429 3435 3431 3437 3433 3437 3437 3439 3441 3443 3443 3445 3450 3451 3447 3453 3451 3453 3455 3460 3457 3461 3463 3461 3466 3463 3467 3467 3469 3471 3473 3473 3477 3475 3479 3479 3483 3481 3487 3485 3485 3489 3489 3494 3491 3495 3495 3499 3505 3497 3505 3501 3507 3505 3501 3504 3505 3505 3507 3511 3513 3509 3511 3513 3517 3515 3525 3519 3525 3519 3521 3524 3533 3525 3525 3527 3529 3531 3531 3533 3535 3539 3537 3541 3549 3549 3541 3549 3551 3549 3543 3547 3545 3551 3549 3549 3553 3553 3555 3561 3557 3559 3561 3561 3564 3565 3565 3567 3569 3571 3571 3573 3575 3577 3577 3581 3579 3585 3583 3583 3585 3585 3587 3589 3591 3591 3593 3599 3595 3597 3599 3601 3599 3603 3603 3605 3607 3612 3609 3609 3613 3613 3615 3618 3619 3619 3621 3623 3625 3625 3627 3629 3629 3631 3633 3635 3635 3643 3637 3639 3641 3643 3643 3655 3645 3647 3651 3653 3657 3649 3659 3653 3659 3657 3659 3661 3663 3666 3663 3667 3667 3667 3671 3669 3676 3673 3673 3677 3677 3679 3682 3683 3683 3687 3685 3689 3689 3691 3693 3695 3703 3697 3697 3699 3705 3701 3703 3705 3705 3709 3707 3711 3711 3713 3718 3715 3719 3721 3719 3721 3723 3727 3725 3729 3729 3729 3731 3733 3735 3735 3737 3743 3739 3741 3746 3743 3743 3747 3747 3753 3749 3751 3753 3755 3753 3757 3785 3757 3787 3761 3759 3763 3766 3763 3767 3767 3775 3769 3771 3780 3781 3777 3774 3777 3781 3777 3781 3781 3783 3785 3787 3787 3789 3791 3793 3795 3798 3793 3799 3799 3799 3801 3803 3808 3805 3805 3809 3809 3813 3811 3815 3821 3815 3817 3823 3821 3827 3819 3823 3830 3823 3831 3825 3833 3830 3831 3835 3833 3855 3837 3837 3854 3839 3929 3874 3841 3843 3845 3845 3849 3847 3851 3857 3851 3859 3857 3931 3927 3859 3863 3861 3868 3865 3865 3869 3876 3869 3877 3871 3879 3931 3877 3883 3879 3881 3885 3887 3885 3889 3887 3891 3897 3897 3896 3891 3894 3897 3896 3897 3901 3899 3903 3903 3905 3907 3909 3909 3911 3918 3913 3920 3915 3921 3923 3920 3921 3923 3925 3927 3929 3929 3931 3935 3934 3935 3942 3935 3937 3943 3939 3943 3943 3943 3947 3945 3949 3949 3954 3951 3955 3957 3955 3959 3959 3963 3967 3961 3965 3967 3965 3967 3971 3969 3973 3973 3976 3977 3977 3979 3981 3983 3983 3985 3987 3989 3989 3991 3993 3995 3995 4003 3997 3999 4005 4001 4007 4003 4007 4009 4007 4009 4016 4011 4013 4017 4017 4017 4024 4019 4021 4025 4027 4029 4027 4025 4029 4027 4029 4031 4033 4035 4035 4041 4037 4039 4041 4039 4043 4045 4055 4051 4055 4045 4045 4047 4049 4054 4055 4055 4057 4055 4064 4057 4059 4065 4062 4067 4075 4065 4067 4079 4075 4069 4071 4073 4075 4078 4075 4078 4079 4081 4079 4087 4086 4083 4083 4087 4087 4091 4089 4093 4093 4101 4095 4097 4104 4107 4105 4099 4109 4104 4105 4109 4109 4117 4111 4113 4115 4117 4117 4117 4124 4119 4121 4125 4127 4125 4127 4144 4131 4133 4129 4135 4133 4133 4135 4135 4139 4137 4145 4147 4147 4150 4142 4151 4145 4147 4150 4151 4156 4151 4153 4157 4159 4157 4159 4166 4169 4161 4163 4168 4171 4173 4171 4173 4171 4173 4181 4177 4175 4183 4185 4180 4195 4195 4185 4197 4183 4185 4193 4195 4187 4192 4189 4195 4195 4195 4197 4199 4201 4203 4203 4207 4209 4205 4209 4209 4211 4215 4217 4213 4219 4217 4219 4221 4223 4225 4239 4228 4225 4229 4229 4235 4231 4233 4237 4235 4235 4237 4243 4239 4248 4245 4241 4249 4245 4249 4249 4257 4251 4255 4253 4263 4257 4263 4257 4259 4261 4263 4263 4268 4269 4265 4271 4269 4273 4271 4275 4275 4283 4278 4281 4279 4283 4285 4283 4283 4285 4285 4289 4287 4289 4293 4291 4295 4295 4299 4297 4301 4301 4303 4305 4307 4309 4309 4309 4317 4311 4421 4315 4313 4319 4319 4319 4321 4323 4325 4325 4327 4331 4334 4329 4331 4334 4331 4335 4335 4421 4348 4337 4341 4341 4343 4351 4357 4339 4343 4350 4343 4346 4351 4357 4351 4351 4353 4355 4357 4357 4359 4373 4361 4363 4363 4369 4365 4371 4367 4373 4371 4373 4382 4385 4379 4375 4387 4377 4389 4387 4387 4383 4389 4387 4389 4394 4391 4395 4397 4397 4399 4397 4397 4399 4401 4403 4405 4405 4413 4989 4409 4407 4417 4411 4415 4411 4420 4413 4415 4421 4421 4421 4425 4423 4432 4427 4433 4425 4433 4433 4429 4437 4433 4437 4435 4441 4443 4439 4447 4441 4445 4443 4447 4449 4447 4449 4451 4453 4455 4459 4458 4455 4461 4461 4461 4465 4463 4467 4471 4467 4469 4473 4473 4473 4477 4475 4479 4479 4481 4484 4485 4497 4485 4491 4495 4487 4493 4489 4495 4493 4495 4497 4501 4503 4499 4505 4503 4505 4509 4507 4511 4511 4513 4515 4520 4521 4518 4521 4518 4521 4521 4526 4523 4527 4527 4529 4531 4539 4533 4533 4539 4537 4535 4539 4539 4542 4543 4543 4549 4547 4545 4551 4549 4549 4551 4555 4553 4557 4557 4574 4559 4561 4563 4571 4563 4565 4565 4567 4569 4571 4571 4575 4575 4579 4577 4584 4581 4581 4585 4585 4587 4589 4592 4593 4597 4603 4595 4593 4597 4597 4601 4599 4603 4605 4605 4605 4611 4613 4607 4609 4622 4619 4617 4613 4617 4615 4619 4619 4623 4623 4630 4627 4625 4631 4631 4631 4635 4633 4641 4637 4641 4637 4639 4641 4643 4643 4647 4645 4649 4649 4653 4651 4655 4657 4659 4657 4657 4659 4663 4661 4665 4665 4669 4667 4674 4671 4671 4675 4675 4677 4679 4681 4681 4689 4683 4687 4685 4693 4691 4691 4693 4691 4693 4697 4695 4699 4699 4737 4701 4703 4705 17369 4705 4711 4709 4707 4713 4711 4711 4713 4731 4715 4717 4721 4719 4719 4723 4727 4723 4729 4725 4731 4729 4731 4735 4733 4737 4737 4739 4741 4743 4746 4743 17077 4747 17077 4747 4749 4753 4755 4751 4753 4757 4753 4755 4757 4757 4761 4759 4763 4773 4763 4765 4771 4770 4767 4771 4771 4773 4777 4775 4782 4779 4779 4783 4783 4789 4785 4787 4789 4789 4791 4793 4795 4795 4799 4797 4801 4801 4801 4803 4807 4805 4809 4809 4827 4809 4814 4833 4827 4811 4815 4819 4815 4817 4819 4821 4825 4821 4824 4827 4827 4827 4829 4831 4835 4835 4835 4839 4837 4844 4841 4846 4841 4847 4847 4847 4851 4849 4857 4856 4853 4853 4857 4857 4859 4863 4861 4865 4865 4865 4869 4867 4871 4871 4875 4873 4907 4909 4877 4877 4879 4881 4883 4883 4885 4887 4891 4889 4889 4893 4893 4895 4899 4898 4901 4901 4901 4903 4905 4907 4907 4909 4913 4911 4915 4915 4915 4919 4917 4921 4921 4923 4923 4925 4927 4929 4931 4931 4931 4935 4933 4937 4937 4941 4939 4945 4945 4944 4945 4954 4949 4947 4955 4955 4952 4957 4955 4957 4959 4961 4963 4963 4967 4965 4969 4972 4969 4973 4973 4975 4977 4979 4982 4979 4983 4983 4985 4987 4989 4989 4994 4991 4995 4995 5001 4999 4998 5004 4999 5001 5005 5005 5005 5010 5007 5011 5011 5013 5018 5015 5019 5019 5019 5022 5023 5023 5030 5028 5025 5031 5031 5031 5035 5039 5033 5039 5039 5038 5041 5041 5041 5049 5047 5043 5051 5046 5053 5049 5051 5057 5053 5062 5055 5059 5063 5059 5063 5063 5065 5067 5069 5069 5071 5071 5077 5075 5073 5079 5079 5079 5081 5083 5085 5085 5087 5094 5096 5091 5089 5097 5097 5096 5097 5105 5099 5101 5103 5107 5109 5107 5107 5109 5111 5115 5114 5117 5117 5117 5119 5121 5123 5123 5127 5125 5129 5129 5143 5131 5133 5135 5135 5143 5137 5145 5141 5139 5143 5143 5147 5147 5149 5151 5153 5156 5153 5157 5157 5159 5161 5177 5163 5177 5163 5169 5167 5166 5169 5171 5171 5169 5171 5175 5173 5177 5177 5183 5181 5179 5185 5185 5185 5189 5187 5213 5191 5191 5195 5193 5197 5197 5233 5199 5203 5201 5211 5206 5206 5211 5210 5208 5211 5211 5213 5217 5215 5219 5219 5227 5221 5225 5223 5227 5227 5231 5229 5245 5233 5245 5233 5239 5235 5241 5237 5243 5241 5243 5245 5249 5247 5251 5251 5256 5253 5257 5257 5263 5259 5262 5265 5267 5275 5267 5267 5267 5275 5269 5269 5271 5274 5275 5275 5285 5277 5283 5279 5282 5285 5285 5285 5289 5287 5295 5291 5291 5293 5299 5295 5297 5299 5299 5303 5301 5307 5305 5305 5309 5315 5309 5314 5311 5315 5315 5317 5323 5325 5319 5327 5321 5329 5325 5327 5335 5338 5329 5331 5333 5335 5335 5339 5339 5343 5341 5345 5347 5345 5347 5351 5354 5349 5355 5358 5362 5365 5355 5355 5365 5363 5359 5359 5365 5383 5365 5368 5374 5383 5375 5370 5372 5378 5381 5383 5385 5378 5379 5383 5385 5383 5385 5387 5389 5391 5391 5393 5395 5397 5399 5397 5401 5401 5409 5403 5405 5407 5409 5407 5409 5413 5411 5415 6075 5415 6075 5419 5417 5421 5423 5421 5423 5425 5427 5429 5429 5433 5431 5435 5437 5435 5439 5439 5441 5443 5443 5445 5451 5445 5473 5447 5451 5449 5453 5467 5455 5453 5457 5457 5462 5459 5463 5465 5463 5467 5467 5469 5471 5473 5473 5477 5475 5479 5479 5483 5481 5485 5485 5487 5490 5491 5491 5495 5493 5501 5497 5501 5497 5499 5501 5501 5503 5501 5503 5505 5507 5509 5509 5511 5513 5515 5518 5515 5519 5519 5521 5523 5525 5525 5529 5527 5541 5531 5534 5531 5535 5535 5539 5537 5541 5541 5552 5549 5543 5547 5545 5549 5549 5552 5553 5553 5555 5559 5561 5558 5563 5561 5563 5567 5565 5573 5571 5571 5570 5573 5571 5573 5575 5577 5579 5581 5581 5583 5581 5585 5585 5587 5590 5593 5591 5591 5595 5595 5597 5599 5601 5601 5605 5603 5609 5607 5609 5607 5609 5614 5611 5615 5617 5615 5619 5619 5623 5621 5625 5625 5627 5633 5629 5635 5635 5631 5637 5635 5637 5639 5641 5653 5645 5643 5643 5647 5647 5651 5649 5653 5653 5655 5657 5661 5663 5660 5657 5661 5661 5665 5665 5670 5675 5667 5671 5674 5671 5677 5677 5677 5679 5682 5683 5683 5685 5691 5689 5693 5687 5695 5695 5693 5695 5697 5700 5701 5701 5705 5703 5709 5709 5708 5709 5716 5711 5713 5717 6011 5719 6015 5717 5719 6011 6015 5723 5731 5729 5721 5723 5725 5727 5731 5729 5731 5733 5733 5737 5735 5739 5739 5743 5741 5745 5748 5745 5749 5749 5754 5751 5755 5758 5755 5759 5759 5763 5761 5765 5765 5767 5769 5771 5771 5774 5775 5775 5779 5777 5781 5781 5783 5786 5788 5789 5789 5791 5789 5793 5793 5797 5795 5799 5799 5803 5801 5805 5805 5808 5809 5809 5811 5813 5815 5815 5817 5819 5821 5821 5823 5825 5827 5827 5835 5829 5831 5833 5835 5835 5837 5840 5841 5841 5845 5843 5847 5847 5849 5851 5853 5853 5858 5855 5859 5859 5863 5861 5865 5865 5867 5869 5871 5871 5874 5875 5891 5875 5877 5881 5879 5884 5885 5884 5885 5887 5890 5891 5891 5896 5893 5897 5897 5902 5899 5903 5903 5903 5909 5905 5907 5911 5911 5911 5915 5913 5917 5917 5922 5919 5923 5923 5925 5931 5927 5929 5931 5935 5931 5935 5933 5937 5937 5942 5939 5943 5943 5947 5945 5949 5949 5951 5953 5955 5955 5957 5959 5961 5961 5963 5971 5965 5967 5969 5969 5971 5973 5975 5977 5977 5982 5979 5983 5986 5983 5986 5987 5987 5989 5991 5993 5993 5995 5997 5999 5999 6001 6003 6005 6005 6007 6009 6011 6013 6011 6015 6015 6017 6019 6021 6021 6025 6023 6027 6027 6029 6034 6031 6036 6037 6036 6037 6043 6039 6041 6045 6043 6045 6047 6047 6051 6055 6049 6053 6053 6057 6057 6059 6062 6063 6063 6065 6067 6069 6069 6073 6071 6075 6075 6077 6079 6081 6081 6083 6085 6088 6089 6089 6091 6093 6095 6095 6099 6097 6101 6101 6103 6111 6113 6108 6105 6113 6109 6113 6113 6113 6120 6115 6117 6121 6121 6120 6121 6125 6123 6127 6127 6131 6129 6133 6133 6135 6137 6139 6139 6141 6143 6145 6153 6145 6153 6152 6147 6149 6153 6153 6153 6155 6161 6157 6157 6159 6163 6165 6163 6165 6170 6171 6167 6173 6171 6171 6173 6173 6179 6185 6175 6183 6177 6181 6179 6183 6183 6187 6187 6192 6189 6193 6195 6193 6195 6199 6197 6202 6203 6205 6203 6203 6207 6207 6213 6209 6215 6211 6215 6215 6220 6217 6224 6221 6221 6236 6225 6225 6237 6227 6231 6233 6230 6239 6239 6241 6239 6237 6239 6241 6248 6243 6245 6249 6249 6249 6251 6256 6253 6258 6259 6259 6259 6261 6263 6265 6265 6267 6273 6275 6269 6271 6273 6275 6275 6277 6283 6279 6281 6283 6283 6285 6287 6289 6289 6291 6293 6295 6295 6299 6297 6301 6301 6316 6307 6303 6347 6305 6317 6309 6313 6309 6349 6317 6311 6321 6317 6317 6325 6321 6319 6323 6327 6323 6325 6327 6329 6331 6331 6335 6338 6333 6339 6339 6339 6341 6347 6345 6343 6347 10281 6347 6349 6351 6353 6355 6371 6355 6369 6357 6363 6361 6359 6363 6363 6365 6368 6369 6369 6371 6373 6375 6377 6377 6381 6381 6379 6381 6385 6383 6385 6387 6389 6391 6391 6395 6393 6397 6397 6400 6401 6401 6403 6405 6407 6407 6409 6411 6416 6413 6413 6417 7473 6417 6419 6421 6423 6423 6425 6427 6429 6432 6429 6433 6433 6437 6435 6439 6442 6439 6443 6443 6447 6452 6445 6449 6453 6449 6459 6453 6453 6455 6457 6459 6459 6461 6463 6465 6465 6467 6469 6475 6471 6473 6477 6475 6475 6477 6479 6481 6483 6483 6727 6483 6485 6487 6489 6489 6493 6491 6497 6495 6497 6497 6501 6499 6503 6503 6505 6507 6509 6514 6509 6512 6515 6515 6515 6519 6517 6521 6521 6523 6535 6525 6527 6529 6529 6533 6531 6535 6535 6539 6541 6537 6541 6541 6545 6543 6547 6547 6549 6553 6551 6553 6555 6553 6555 6559 6557 6561 6589 6589 6561 6563 6565 6567 6567 6571 6570 6571 6573 6575 6577 6579 6577 6581 6581 6585 6583 6587 6587 6589 6593 6591 6595 6595 6597 6597 6601 6599 6603 6603 6607 6605 6609 6609 6611 6613 6615 6615 6619 6617 6621 6621 6623 6629 6634 6625 6627 6629 6635 6629 6632 6637 6643 6637 6637 6639 6641 6643 6643 6645 6647 6649 6649 6651 6654 6655 6655 6657 6661 6660 6663 6665 6663 6685 6665 6669 6667 6671 6671 6675 6673 6677 6677 6685 6679 6681 6683 6685 6685 6687 6693 6689 6696 6691 6697 6697 6696 6697 6699 6701 6701 6709 6703 6705 6707 6707 6711 6711 6722 6713 6715 6723 6719 6717 6723 6726 6723 6727 6723 6727 6727 6759 6729 6731 6733 6735 6735 6739 6737 6743 6743 6742 6743 6750 6745 6751 6747 6759 6753 6751 6753 6757 6755 6759 6759 6763 6761 6765 6767 6765 6770 6771 6771 6771 6775 6773 6777 6777 6781 6779 6783 6783 6785 6787 6789 6789 6793 6791 6795 6795 6799 6797 6801 6804 6801 6805 6805 6810 6807 6811 6816 6811 6816 6817 6814 6823 6817 6819 6821 6823 6823 6827 6823 6827 6825 6829 6829 6833 6831 6839 6835 6835 6835 6843 6837 6841 6839 6843 6843 6845 6849 6847 6851 6853 6851 6853 6855 6857 6859 6859 6861 6867 6869 6865 6863 6865 6871 6869 6871 6873 6875 6877 6877 6882 6879 6883 6883 6891 6885 6889 6887 6891 6891 6893 6896 6897 6903 6897 6903 6901 6899 6905 6903 6903 6905 6907 6909 6911 6911 6915 6913 6917 6917 6923 6921 6919 6923 6926 6923 6927 6927 6931 6929 6933 6933 6937 6935 6940 6941 6943 6943 6941 6943 6947 6945 6949 6949 6951 6955 6953 6958 6959 6958 6959 6961 6967 6963 6965 6967 6967 6969 6972 6975 6973 6973 6975 6975 6977 6983 6981 6985 6979 6987 6987 6985 6987 6989 6991 6993 6993 6997 6995 6999 6999 7001 7001 6999 7001 7003 7005 7079 7007 7079 7007 7013 7009 7015 7011 7017 7015 7017 7022 7019 7023 7023 7031 7025 7033 7027 7029 7033 7035 7033 7035 7039 7037 7041 7041 7046 7043 7047 7049 7047 7051 7056 7051 7053 7057 7059 7057 7059 7061 7063 7065 7069 7065 7067 7071 7073 7071 7073 7077 7075 7079 7081 7079 7089 7083 7083 7085 7087 7089 7089 7089 7091 7098 7101 7093 7100 7095 7103 7135 7103 7100 7103 7103 7110 7105 7114 7107 7115 7112 7115 7115 7121 7117 7123 7119 7125 7127 7123 7125 7127 7129 7135 7131 7133 7135 7133 7135 7135 7137 7140 7141 7141 7146 7143 7147 7147 7152 7149 7153 7153 7155 7157 7159 7162 7159 7163 7163 7167 7165 7169 7169 7171 7173 7175 7175 7177 7179 7182 7183 7183 7183 7185 7187 7189 7189 7195 7191 7194 7199 7199 7198 7199 7199 7203 7201 7205 7205 7212 7207 7209 7213 7215 7213 7215 7217 7221 7223 7219 7225 7223 7225 7229 7227 7229 7235 7231 7233 7237 7239 7237 7239 7243 7241 7245 7247 7245 7247 7251 7249 7253 7253 7255 7257 7261 7259 7259 7263 7263 7267 7265 7269 7277 7269 7277 7277 7271 7273 7276 7277 7277 7279 7281 7283 7283 7285 7287 7289 7289 7291 7297 7309 7293 7302 7295 7311 7300 7303 7303 7311 7305 7303 7305 7309 7307 7314 7311 7311 7315 7315 7319 7317 7321 7321 7323 7330 7325 7327 7331 7331 7331 7344 7333 7338 7335 7339 7341 7339 7341 7347 7345 7365 7347 7349 7352 7353 7353 7355 7357 7362 7357 7359 7363 7365 7363 7365 7368 7369 7369 7373 7371 7375 7375 7379 7384 7377 7381 7387 7381 7391 7385 7385 7390 7387 7391 7394 7391 7395 7395 7399 7397 7401 7401 7405 7403 7407 7407 7409 7411 7416 7413 7413 7417 7417 7419 7422 7425 7423 7423 7425 7427 7429 7431 7441 7431 7437 7433 7439 7435 7439 7439 7441 7450 7445 7443 7447 7447 7451 7451 7455 7453 7457 7457 7462 7459 7463 7466 7463 7467 7467 7469 7471 7473 7473 7475 7483 7477 7487 7485 7481 7485 7489 7479 7489 7489 7485 7489 7489 7501 7495 7493 7491 7497 7497 7503 7497 7510 7500 7505 7501 7515 7505 7507 7512 7513 7512 7513 7515 7523 7519 7517 7521 7521 7529 7525 7528 7529 7529 7535 7533 7531 7535 7535 7539 7537 7541 7541 7543 7545 7547 7559 7547 7559 7549 7553 7551 7555 7557 7555 7557 7559 7561 7566 7563 7567 7567 7567 7569 7571 7587 7573 7573 7577 7575 7579 7649 7579 7649 7581 7583 7585 7585 7587 7591 7600 7589 7593 7593 7603 7595 7601 7597 7603 7603 7601 7603 7605 7611 7607 7609 7613 7613 7613 7617 7615 7619 7619 7625 7621 7627 7623 7625 7627 7627 7631 7629 7633 7633 7637 7635 7639 7641 7639 7641 7645 7649 7643 7647 7649 7647 7649 7653 7651 7655 7657 7657 7657 7661 7659 7663 7663 7666 7667 7677 7673 7667 7671 7669 7673 7673 7679 7675 7687 7685 7679 7683 7681 7687 7687 7687 7687 7691 7689 7693 7693 7695 7697 7699 7703 7699 7705 7701 7711 7705 7711 7707 7709 7711 7711 7719 7713 7717 7715 7721 7721 7721 7725 7723 7725 7729 7727 7731 7731 7735 7733 7737 7737 7739 7742 7745 7747 7744 7747 7749 7747 7749 7747 7753 7749 7755 7751 7757 7755 7757 7759 7761 7763 7763 7767 7765 7769 7769 7771 7776 7777 7773 7779 7781 7777 7779 7783 7783 7787 7785 7789 7789 7795 7791 7829 7793 7795 7795 7797 7799 7801 7801 7803 7809 7805 7807 7809 7809 7811 7815 7815 7813 7817 7817 7817 7819 7823 7821 7825 7828 7829 7825 7829 7829 7831 7833 7835 7835 7837 7839 7841 7844 7841 7845 7854 7845 7849 7847 7855 7857 7851 7857 7869 7855 7857 7859 7869 7861 7863 7865 7881 7865 7881 7872 7867 7879 7869 7873 7873 7877 7875 7879 7879 7885 7881 7883 7887 7889 7887 7889 7893 7891 7903 7895 7903 7895 7899 7897 7901 7901 7903 7905 7907 7949 7909 7909 7911 7914 7915 7915 7917 7919 7921 7921 7923 7929 7925 7927 7929 7929 7933 7931 7935 7935 7939 7937 7941 7941 7943 7945 7947 7949 7949 7953 7951 7955 7955 7967 7965 7962 7957 7959 7963 7965 7963 7967 7965 7967 7971 7969 7975 7973 7977 7973 7979 7979 7979 7981 7983 7985 7985 7987 7992 7995 7993 7989 7995 7993 7995 7999 7997 8001 8003 8001 8007 8003 8005 8011 8007 8010 8007 8011 8011 8011 8020 8015 8013 8017 8022 8017 8045 8023 8022 8023 8027 8025 8032 8029 8029 8033 8033 8047 8045 8035 8038 8039 8039 8043 8041 8045 8087 8045 8087 8047 8049 8055 8051 8057 8053 8063 8061 8063 8057 8059 8061 8061 8063 8065 8067 8067 8069 8071 8071 8075 8073 8077 8077 8083 8079 8081 8085 8087 8085 8087 8091 8089 8093 8093 8095 8097 8099 8107 8099 8101 8103 8105 8105 8107 8109 8111 8113 8115 8125 8129 8113 8117 8117 8119 8121 8123 8123 8125 8129 8127 8131 8129 8138 8131 8139 8136 8133 8151 8141 8143 8139 8141 8151 8143 8145 8147 8147 8147 8154 8149 8151 8155 8155 8157 8159 8161 8161 8163 8165 8167 8167 8169 8171 8173 8171 8175 8175 8175 8177 8177 8181 8179 8183 8183 8185 8187 8187 8192 8189 8193 8193 8197 8195 8203 8199 8199 8201 8205 8203 8205 8207 8213 8209 8211 8213 8213 8213 8215 8217 8219 8219 8221 8230 8223 8227 8225 8225 8231 8231 8231 8235 8233 8237 8237 8243 8241 8239 8243 8243 8247 8245 8249 8249 8251 8254 8255 8255 8259 8257 8259 8263 8261 8265 8267 8267 8267 8271 8269 8273 8273 8277 8275 8279 8285 8283 8279 8281 8283 8285 8285 8289 8287 8291 8291 8296 8293 8297 8297 8299 8303 8301 8305 8305 8305 8316 8667 8307 8312 8309 8313 8317 8313 8319 8325 8669 8319 8321 8323 8325 8328 8325 8331 8333 8329 8333 8335 8333 8335 8337 8339 8341 8339 8343 8343 8348 8345 8349 8352 8349 8353 8353 8355 8357 8359 8359 8362 8363 8363 8369 8367 8365 8379 8369 8373 8369 8372 8373 8379 8373 8377 8375 8379 8379 8381 8383 8385 8387 8385 8389 8389 8391 8393 8395 8395 8397 8399 8401 8403 8401 8403 8405 8405 8411 8407 8409 8413 8415 8413 8415 8417 8419 8421 8421 8424 8433 8425 8425 8430 8427 8431 8431 8433 8437 8435 8439 8439 8444 8441 8445 8445 8447 8449 8451 8479 8451 8453 8462 8457 8455 8459 8464 8459 8465 8464 8465 8469 8467 8471 8471 8473 8475 8477 8477 8479 8491 8481 8483 8485 8485 8487 8489 8489 8491 8496 8493 8497 8497 8503 8499 8505 8501 8507 8505 8507 8509 8511 8513 8513 8517 8515 8519 8519 8521 8525 8524 8525 8525 8527 8530 8531 8531 8533 8535 8537 8537 8539 8543 8545 8541 8545 8545 8549 8547 8557 8551 8573 8551 8555 8553 8557 8557 8561 8559 8563 8563 8565 8568 8569 8571 8569 8571 8573 8575 8577 8577 8581 8591 8579 8593 8583 8593 8583 8587 8585 8589 8589 8597 8593 8595 8593 8595 8597 8597 8599 8602 8603 8603 8607 8605 8609 8611 8615 8611 8611 8613 8621 8618 8620 8615 8623 8620 8623 8623 8627 8625 8633 8629 16239 8629 16239 8631 8647 8635 8637 8635 8641 8637 8640 8641 8641 8645 8643 8647 8650 8647 8651 8651 8655 8653 8657 8657 8659 8685 8661 8661 8663 8665 8667 8667 8669 8671 8673 8675 8679 8679 8677 8679 8679 8683 8681 8685 8685 8685 8687 8689 8693 8691 8691 8695 8695 8699 8697 8705 8701 8701 8703 8709 8707 8711 8707 8709 8711 8715 8713 8717 8717 8719 8723 8721 8725 8727 8725 8727 8729 8735 8731 8733 8735 8735 8739 8737 8741 8741 8745 8743 8749 8747 8747 8761 8751 8753 8751 8753 8763 8755 8759 8757 8769 8771 8763 8769 8771 8763 8767 8765 8769 8769 8771 8775 8773 8777 8777 8783 8779 8781 8783 8785 8785 8785 8787 8790 8791 8791 8793 8795 8797 8797 8799 8804 8805 8817 8801 8819 8807 8805 8807 8809 8811 8811 8815 8813 8817 8817 8819 8841 8827 8821 8823 8841 8830 8825 8831 8833 8841 8831 8835 8835 8839 8837 8843 8841 8841 8843 8847 8845 8855 8849 8855 8849 8853 8851 8855 8855 8860 8857 8867 8861 8861 8871 8863 8865 8869 8871 8871 8871 8871 8873 8873 8878 8875 8879 8879 8883 8881 8885 8885 8887 8889 8891 8891 8893 8897 8911 8899 8895 8901 8903 8905 8899 8901 8905 8905 8905 8909 8907 8911 8913 8911 8915 8917 8915 8921 8919 8921 8919 8923 8923 8929 8925 8927 8932 8933 8933 8933 8933 8939 8935 8938 8939 8941 8941 8941 8945 8943 8947 8947 8949 8952 11603 8953 8953 8955 8957 8959 8962 8963 8963 8963 8965 8967 8967 8972 8969 8973 8973 8978 8975 8979 8979 8981 8983 8985 8985 8987 8989 8991 8991 8999 8993 8995 8997 9001 9003 9003 9001 9003 9009 9005 9011 9009 9007 9009 9015 9013 9011 9017 9017 9017 9021 9019 9023 9023 9027 9029 9025 9037 9031 9043 9031 9037 9035 9033 9037 9037 9045 9039 9043 9042 9045 9045 9047 9049 9051 9053 9051 9053 9057 9060 9055 9061 9061 9063 9061 9065 9065 9071 9069 9067 9073 9073 9076 9073 9078 9079 9079 9079 9083 9085 9081 9087 9089 9087 9087 9087 9089 9091 9094 9095 9095 9097 9099 9099 9103 9105 9102 9105 9107 9105 9107 9109 9111 9111 9115 9113 9117 9119 9119 9119 9121 9124 9125 9127 9171 9127 9127 9135 9129 9137 9131 9133 9139 9145 9139 9139 9139 9137 9139 9145 9141 9143 9145 9147 9145 9149 9149 9153 9171 9151 9155 9158 9155 9159 9159 9163 9161 9165 9165 9167 9170 9171 9171 9173 9191 9177 9175 9179 9179 9182 9183 9183 9187 9185 9189 9191 9191 9191 9197 9193 9195 9199 9199 9202 9199 9203 9203 9207 9209 9205 9211 9211 9213 9211 9213 9215 9220 9218 9221 9223 9221 9227 9223 9225 9229 9233 9231 9229 9231 9233 9237 9235 9239 9241 9241 9241 9246 9243 9247 9247 9253 9251 9249 9255 9255 9255 9257 9263 9261 9259 9263 9263 9273 9265 9267 9275 9270 9271 9279 9277 9277 9279 9275 9277 9279 9287 9291 9281 9283 9293 9285 9290 9293 9293 9295 9293 9293 9297 9297 9302 9299 9303 9303 9305 9307 9310 9311 9316 9311 9313 9311 9317 9317 9317 9319 9325 9323 9321 9327 9335 9329 9327 9327 9329 9331 9333 9335 9337 9335 9339 9339 9344 9341 9349 9345 9345 9351 9347 9353 9358 9353 9351 9353 9359 9355 9361 9359 9364 9361 9365 9365 9370 9371 9367 9371 9371 9373 9375 9379 9377 9381 9377 9379 9381 9385 9383 9387 9387 9387 9392 9389 9393 9393 9395 9399 9397 9401 9403 9403 9403 9405 9409 9407 9411 9413 9413 9413 9413 9415 9417 9420 9421 9421 9421 9427 9423 9426 9429 9435 9427 9427 9435 9429 9431 9433 9435 9435 9444 9437 9439 9441 9445 9447 9445 9445 9445 9449 9449 9454 9451 9455 9455 9457 9461 9459 9463 9467 9469 9463 9463 9465 9473 9471 9467 9469 9473 9473 9473 9475 9482 9477 9479 9484 9485 9485 9484 9485 9487 9489 9491 9493 9493 9493 9497 9495 9499 9499 9501 9503 9503 9507 9510 9505 9511 9511 9511 9523 9513 9520 9521 9518 9515 9523 9523 9521 9528 9523 9526 9529 9533 9529 9531 9533 9535 9539 9535 9538 9541 9545 9541 9545 9543 9547 9556 9549 9547 9552 9549 9553 9553 11259 9557 9557 9563 9559 9561 11259 9565 9565 9565 9567 9569 9572 9573 9573 9573 9576 9577 9583 9585 9577 9581 9579 9583 9583 9587 9587 9589 9595 9591 9597 9595 9594 9597 9597 9599 9602 9603 9605 9608 9603 9605 9609 9623 9609 9614 9625 9611 9615 9617 9615 9619 9619 9623 9621 9625 9625 9629 9627 9637 9640 9631 9631 9633 9635 9641 9649 9641 9641 9641 9645 9643 9647 9647 9649 9655 9651 9653 9657 9657 9657 9659 9661 9663 9663 9671 9674 9665 9667 9669 9687 9671 9671 9675 9675 9680 9677 9681 9681 9685 9683 9687 9687 9689 9692 9693 9695 9693 9697 9697 9707 9701 9706 9699 9703 9703 9709 9703 9709 9707 9709 9713 9711 9718 9715 9715 9719 9721 9719 9724 9725 9725 9725 9729 9727 9731 9731 9736 9733 9737 9739 9737 9739 9743 9741 9745 9745 9749 9747 9753 9755 9751 9755 9757 9755 9763 9757 9762 9765 9759 9767 9767 9765 9767 9775 9782 9769 9771 9774 9775 9780 9809 9775 9809 9778 9789 9783 9791 9811 9783 9788 9785 9789 9789 9791 9795 9793 9797 9800 9797 9803 9809 9801 9803 9803 9805 9808 9811 9809 9809 9811 9813 9815 9819 9817 9821 9821 9823 9821 9823 9827 9830 9825 9831 9830 9831 9838 9833 9841 9835 9841 9840 9841 9841 9845 9843 9845 9847 9851 9853 9849 9855 9857 9855 9857 9865 9859 9863 9859 9865 9861 9867 9867 9865 9867 9871 9869 9873 9873 9877 9876 9877 9879 9881 9883 9891 9883 9891 9885 9887 9889 9891 9891 9893 9899 9897 9901 9895 9903 9903 9901 9903 9908 9909 9905 9913 9909 9911 9915 9913 9917 9917 9922 9917 9920 9923 9927 9923 9925 9927 9927 9935 9929 9934 9931 9947 9937 9937 9937 9944 9947 9939 9945 9942 9947 9945 9947 9951 9949 9953 9953 9959 9955 9957 9959 9959 9963 9965 9961 9967 9967 9967 9969 9972 9973 9973 9975 9980 9978 9981 9983 9981 9983 9992 9986 9987 9989 9987 9993 9995 9993 9995 10001 9999 9997 10007 10003 10005 10003 10003 10009 10009 10009 10011 10013 10015 10015 10019 10021 10017 10023 10023 10025 10023 10025 10027 10031 10029 10031 10031 10033 10036 10037 10037 10041 10039 10043 10043 10049 10045 10051 10047 10054 10055 10051 10055 10055 10057 10064 10059 10061 10065 10065 10065 10074 10067 10079 10069 10071 10077 10081 10079 10079 10076 10081 10081 10079 10081 10111 10087 10086 10083 10087 10119 10113 10087 10089 10091 10091 10093 10095 10093 10095 10097 10099 10101 10101 10107 10103 10109 10105 10111 10109 10111 10119 10113 10118 10115 10119 10119 10121 10123 10125 10125 10127 10129 10134 10131 10131 10135 10135 10139 10137 10141 10143 10143 10143 10148 10145 10149 10159 10149 10151 10153 10155 10158 10155 10159 10159 10164 10161 10165 10181 10165 10181 10167 10171 10170 10171 10175 10174 10171 10175 10175 10177 10180 10181 10181 10190 10183 10185 10187 10193 10185 10191 10193 10193 10191 10193 10197 10195 10199 10199 10211 10202 10206 10204 10208 10209 10208 10211 10211 10213 10215 10217 10217 10219 10225 10223 10221 10225 10225 10227 10232 10229 10233 10235 10233 10235 10237 10239 10241 10241 10243 10245 10247 10247 10249 10252 10259 10253 10253 10257 10255 10259 10259 10263 10261 10265 10268 10265 10269 10269 10271 10273 10275 10275 10277 10279 10279 10281 10285 10289 10287 10283 10291 10291 10287 10291 10291 10294 10295 10333 10300 10297 10337 10333 10297 10301 10301 10303 10305 10307 10321 10307 10309 10312 10313 10313 10315 10323 10317 10319 10319 10325 10321 10325 10325 10329 10327 10331 10331 10333 10335 10337 10339 10341 10341 10341 10349 10343 10345 10348 10355 10351 10351 10351 10353 10355 10355 10359 10363 10357 10361 10361 10371 10367 10365 10367 10373 10378 10369 10379 10373 10375 10379 10381 10379 10385 10381 10390 10383 10387 10391 10387 10391 10391 10393 10398 10403 10399 10396 10403 10399 10401 10403 10403 10405 10411 10413 10415 10407 10409 10411 10411 10415 10413 10415 10417 10419 10421 10421 10429 10423 10425 10427 10429 10429 10438 10431 10433 10435 10439 10439 10439 10441 10439 10441 10441 10445 10443 10447 10447 10456 10449 10451 10453 10453 10457 10457 10459 10461 10463 10461 10463 10467 10465 10475 10469 10469 10475 10471 10474 10475 10475 10480 10477 10481 10481 10483 10487 10491 10489 10495 10485 10497 10493 10497 10489 10497 10497 10499 10497 10499 10511 10509 10501 10503 10505 10509 10507 10509 10509 10509 10513 10513 10515 10517 10519 10519 10523 10525 10521 10537 10529 10527 10537 10527 10527 10531 10531 10535 10533 10537 10537 10541 10539 10541 10543 10546 10547 10547 10551 10553 10549 10553 10557 10553 10555 10557 10567 10559 10563 10579 10561 10569 10565 10567 10569 10573 10569 10573 10571 10575 10575 10581 10578 10579 10579 10583 10583 10589 10591 10585 10587 10591 10591 10591 10593 10599 10601 10597 10595 10603 10603 10601 10603 10608 10605 10609 10633 10611 10609 10619 10611 10615 10617 10613 10619 10617 10619 10622 10627 10623 10623 10629 10625 10631 10629 10631 10633 10637 10639 10635 10641 10639 10641 10643 10646 10647 10647 10653 10649 10651 10653 10653 10655 10655 10659 10657 10661 10663 10661 10663 10665 10668 10663 10665 10669 10669 10671 10673 10675 10675 10678 10679 10679 10681 10683 10691 10685 10685 10691 10689 10687 10691 10691 10693 10699 10719 10695 10702 10698 10703 10703 10702 10703 10707 10705 10711 10707 10710 10711 10711 10719 10713 10718 10715 10719 10719 10721 10727 10725 10729 10723 10731 10731 10729 10731 10733 10736 10737 10737 10739 10741 10743 10747 10743 10749 10745 10749 10749 10753 10755 10751 10759 10758 10759 10758 10758 10759 10763 10761 10776 10777 10765 10797 10765 10767 10772 10797 10769 10797 10774 10794 10777 10774 10777 10777 10781 10779 10783 10783 10785 10788 10789 10789 10791 10796 10794 10797 10799 10797 10799 10803 10801 10805 10803 10813 10805 10807 10815 10809 10811 10817 11281 10811 10827 10821 10815 10817 10821 10820 10827 10821 10825 10823 10827 10827 10829 10836 10838 10831 10834 10839 10839 10838 10839 10845 10850 10841 10851 10847 10843 10853 10851 10847 10851 10853 10851 10853 10855 10857 10859 10859 10864 10861 10865 10865 10869 10867 10869 10871 10873 10875 10875 10877 10879 10881 10881 10886 10883 10888 10897 10891 10890 10897 10891 10891 10891 10893 10895 10897 10897 10901 10899 10903 10903 10907 10905 10907 10911 10909 10913 10913 10921 10915 10920 10917 10921 10921 10925 10923 10927 10929 10927 10931 10931 10933 10936 10937 10937 10942 10939 10943 10943 10946 10947 10947 10951 10949 10955 10954 10959 10955 10955 10967 10957 10961 10963 10961 10965 10971 10963 10973 10967 10967 10973 10970 10978 10975 10980 10973 10975 10980 10978 10981 10984 10986 10984 10981 10987 10987 10987 10996 10989 10991 10993 10997 10999 10999 10997 10999 10997 10997 10999 11004 11001 11005 11005 11007 11009 11009 11013 11011 11015 11015 11019 11018 11019 11021 11024 11025 11025 11036 11027 11031 11037 11034 11030 11039 11037 11034 11037 11039 11037 11039 11041 11046 11043 11047 11047 11047 11049 11054 11068 11056 11051 11057 11065 11056 11057 11059 11071 11061 11069 11063 11071 11073 11071 11069 11071 11073 11075 11077 11079 11079 11081 11083 11085 11085 11087 11089 11091 11093 11091 11095 11093 11097 11102 11097 11100 11103 11102 11102 11103 11107 11105 11109 11109 11113 11111 11115 11115 11117 11119 11129 11121 11121 11123 11127 11127 11125 11129 11129 11129 11131 11134 11135 11138 11135 11139 11139 11141 11143 11145 11145 11147 11155 11158 11149 11151 11153 11153 11159 11159 11158 11159 11163 11165 11162 11167 11165 11167 11169 11171 11173 11175 11175 11175 11177 11179 11181 11191 11183 11181 11191 11185 11185 11187 11189 11191 11191 11193 11195 11197 11197 11203 11199 11201 11205 11207 11205 11207 11212 11209 11213 11213 11215 11217 11217 11225 11221 11219 11228 11229 11223 11225 11229 11229 11229 11231 11238 11233 11243 11235 11241 11245 11239 11247 11239 11241 11245 11243 11247 11247 11251 11249 11253 11253 11257 11263 11255 11261 11259 11259 11265 11265 11265 11269 11267 11271 11357 11357 11273 11271 11273 11275 11280 11277 11281 11281 11281 11283 11290 11287 11291 11285 11293 11293 11291 11295 11293 11297 11297 11301 11299 11303 11303 11307 11305 11309 11311 11357 11311 11357 11311 11321 11329 11313 11323 11315 11317 11319 11319 11321 11323 11327 11325 11329 11329 11331 11337 11335 11333 11337 11341 11337 11339 11343 11347 11343 11345 11347 11349 11349 11353 11351 11356 11357 11359 11357 11359 11367 11363 11361 11369 11369 11369 11366 11371 11369 11371 11373 11375 11377 11377 11381 11379 11386 11383 11405 11383 11405 11387 11387 11389 11392 11393 11393 11403 11395 11400 11401 11397 11403 11401 11403 11405 11409 11411 11407 11413 11413 11413 11424 11415 11417 11420 11425 11425 11421 11427 11425 11427 11436 11431 11429 11433 11433 11437 11437 11443 11441 11439 11445 11447 11445 11445 11455 11449 11449 11453 11451 11455 11455 11459 11457 11461 11461 11463 11465 11467 11467 11469 11477 11471 11471 11473 11475 11477 11477 11483 11479 11490 11481 11485 11487 11485 11487 11491 11491 11496 11493 11497 11497 11499 11501 11503 11503 11513 11505 11515 11507 11529 11509 11517 11515 11511 11517 11515 11517 11519 11523 11521 11526 11521 11527 11527 11527 11527 11529 11529 11536 11534 11531 11537 11542 11537 11537 11539 11543 11543 11543 11545 11547 11551 11549 11553 11551 11551 11555 11555 11557 11563 11560 11565 11575 11565 11561 11567 11565 11567 11569 11571 11573 11573 11575 11581 11577 11583 11579 11587 11583 11587 11583 11589 11585 11591 11589 11591 11597 11593 11595 11595 11597 11603 11599 11601 11603 11603 11610 11605 11607 11611 11613 11611 11613 11617 11615 11619 11619 11621 11626 11623 11635 11627 11629 11627 11629 11633 11631 11635 11635 11639 11637 11641 11641 11643 11649 11651 11645 11648 11653 11651 11653 11651 11651 11653 11659 11661 11655 11657 11663 11661 11665 11663 11667 11673 11663 11663 11667 11667 11669 11672 11673 11673 11677 11675 11681 11679 11683 11679 11683 11690 11683 11685 11691 11687 11691 11693 11691 11691 11693 11695 11698 11711 11703 11699 11715 11699 11711 11701 11705 11707 11705 11709 11707 11711 11717 11713 11711 11717 11717 11717 11719 11721 11723 11723 11726 11727 11727 11729 11734 11731 11735 11735 11735 11737 11741 11740 11741 11745 11741 11747 11745 11743 11747 11747 11751 11749 11751 11751 11753 11755 11757 11757 11759 11762 11763 11763 11768 11765 11771 11769 11769 11773 11773 11775 11779 11777 11781 11779 11781 11785 11783 11791 11787 11787 11789 11793 11795 11791 11797 11795 11797 11810 11799 11811 11813 11807 11801 11805 11803 11813 11813 11813 11815 11811 11813 11815 11817 11819 11821 11821 11828 11823 11825 11829 11839 11831 11829 12131 11833 11833 11835 11839 11837 11839 11841 11839 11841 11846 11843 11850 11847 11847 11851 11851 11858 11853 11855 11859 11869 11859 11859 11861 11864 11865 11867 11865 11869 11869 11871 11873 11875 11885 11877 11885 11879 11877 11879 11883 11879 11885 11883 11881 11885 11885 11889 11887 12131 11891 11891 11894 11895 11895 11900 11897 11915 11901 11901 11905 11903 11907 11907 11911 11909 11913 11913 11915 11917 11919 11919 11919 11924 11921 11935 11925 11925 11927 11929 11929 11931 11933 11935 11935 11946 11944 11937 11949 11939 11947 11941 11949 11949 11949 11947 11949 11953 11951 11959 11961 11957 11955 11963 11963 11961 11963 11965 11971 11967 11969 11969 11975 11973 11973 11975 11981 11977 11979 11983 11983 11983 11985 11987 11992 11989 11989 11992 11993 11993 11995 11997 11999 11999 12001 12003 12037 12005 12005 12007 12010 12014 12011 12011 12015 12015 12017 12028 12021 12019 12023 12029 12023 12026 12029 12036 12029 12031 12033 12036 12033 12037 12037 12039 12045 12041 12043 12045 12045 12047 12049 12051 12051 12053 12055 12058 12059 12059 12059 12065 12061 12065 12063 12067 12067 12069 12067 12071 12071 12075 12073 12079 12077 12077 12079 12085 12083 12081 12083 12087 12087 12089 12094 12095 12091 12097 12095 12097 12100 12101 12101 12103 12105 12107 12107 12109 12111 12113 12113 12115 12117 12117 12123 12119 12125 12121 12125 12131 12125 12127 12129 12131 12131 12136 12134 12137 12141 12137 12141 12139 12145 12147 12143 12147 12149 12147 12151 12149 12153 12151 12156 12157 12157 12157 12159 12157 12159 12167 12163 12161 12169 12169 12165 12173 12171 12169 12173 12173 12177 12175 12179 12182 12179 12183 12183 12185 12187 12189 12191 12189 12193 12193 12195 12197 12199 12201 12204 12199 13675 12205 12205 12205 12210 12211 12207 12213 12218 12215 12213 12213 12225 12219 12225 12219 12223 12221 12225 12225 12229 12227 12231 12231 12234 12235 12235 12239 12237 12241 12241 12245 12248 12243 12249 12249 12257 12249 12251 12255 12259 12257 12253 12261 12257 12261 12261 12265 12263 12267 12267 12269 12271 12273 12273 12275 12277 12279 12279 12281 12283 12285 12285 12287 12289 12293 12291 12291 12295 12295 12297 12303 12305 12299 12301 12303 12305 12305 12309 12307 12315 12311 12315 12311 12314 12315 12315 12317 12331 12319 12321 12321 12323 12325 12325 12327 12330 12331 12331 12333 12335 12337 12339 12339 12337 12339 12347 12341 12365 12351 12343 12349 12345 12351 12351 12353 12351 12359 12353 12355 12357 12359 12359 12364 12361 12365 12365 12367 12369 12379 12371 12381 12373 12383 12375 12378 12381 12381 12381 12383 12385 12387 12389 12389 12393 12391 12395 12398 12395 12399 12399 12401 12403 12405 12409 12409 12405 12407 12409 12409 12411 12425 12427 12415 12413 12417 12417 12424 12419 12421 12425 12427 12425 12427 12431 12429 12433 12433 12437 12435 12439 12439 12441 12443 12445 12448 12445 12449 12449 12451 12455 12453 12455 12457 12455 12457 12461 12459 12463 12463 12465 12467 12467 12469 12475 12471 12485 12479 12473 12478 12479 12485 12479 12479 12484 12481 12485 12485 12492 12541 12487 12489 12493 12495 12493 12495 12499 12497 12502 12503 12503 12503 12505 12510 12507 12511 12513 12511 12513 12515 12518 12519 12519 12521 12523 12525 12525 12531 12527 12529 12531 12531 12535 12533 12537 12539 12537 12541 12541 12543 12546 12547 12549 12551 12547 12549 12549 12553 12553 12557 12555 12559 12559 12561 12563 12565 12565 12568 12569 12569 12573 12571 12575 12575 12585 12581 12577 12583 12579 12585 12583 12585 12587 12589 12591 12591 12594 12595 12595 12597 12601 12603 12599 12605 12613 12603 12605 12613 12607 12607 12609 12612 12613 12613 12617 12615 12619 12619 12621 12623 12625 12625 12627 12629 12633 12637 12631 12633 12639 12637 12635 12641 12641 12645 12641 12647 12644 12649 12647 12653 12649 12651 12653 12653 12657 12655 12659 12659 12663 12661 12667 12665 12665 12671 12669 12669 12671 12673 12675 12675 12677 12677 12679 12681 12683 12683 12685 12688 12691 12689 12691 12689 12691 12697 12693 12715 12719 12699 12696 12701 12699 12701 12703 12711 12705 12707 12709 12713 12707 12709 12709 12715 12713 12715 12721 12717 12721 12723 12721 12723 12727 12725 12729 12731 12729 12733 12733 12738 12741 12735 12739 12739 12743 12743 12747 12745 12749 12749 12753 12751 12755 12755 12757 12762 12763 12759 12765 12763 12765 12767 12767 12769 12769 12771 12773 12775 12775 12780 12777 12781 12784 12781 12785 12791 12785 12787 12789 12791 12791 12793 12797 12799 12795 12801 12799 12801 12803 12807 12805 12809 12811 12809 12811 12813 12819 12815 12817 12819 12819 12821 12823 12825 12825 12827 12829 12831 12833 12831 12833 12833 12835 12837 12897 12839 12839 12847 12844 12846 12841 12849 12849 12854 12849 12849 12851 12854 12857 12855 12855 12859 12859 12861 12863 12865 12865 12870 12867 12871 12874 12871 12881 12875 12875 12877 12879 12883 12881 12881 12885 12885 12889 12887 12891 12891 12893 12895 12897 12897 12903 12901 12899 12903 12903 12909 12907 12905 12911 12911 12911 12923 12919 12913 12918 12922 12915 12919 12919 12925 12925 12925 12927 12929 12933 12931 12931 12935 12935 12939 12945 12937 12941 12948 12941 12943 12949 12951 12948 12949 12951 12953 12965 12955 12955 12957 12955 12957 12967 12959 12961 12963 12969 12969 12963 12971 12967 12969 12971 12977 12973 12975 12977 12977 12979 12983 12985 12981 12987 12985 12989 12987 12991 12998 12991 12995 12993 12999 13001 13001 12999 12999 13001 13005 13003 13007 13031 13007 13009 13014 13011 13015 13017 13015 13017 13022 13023 13019 13023 13023 13027 13025 13029 13029 13031 13033 13035 13035 13040 13037 13041 13041 13045 13043 13047 13047 13049 13055 13051 13053 13057 13053 13059 13057 13059 13063 13061 13065 13065 13070 13073 13067 13071 13073 13071 13073 13077 13075 13082 13079 13085 13079 13083 13083 13087 13085 13089 13089 13091 13095 13095 13093 13097 13097 13097 13099 13103 13101 13106 13107 13106 13107 13113 13109 13111 13111 13117 13115 13115 13119 13119 13123 13121 13127 13125 13125 13129 13129 13134 13131 13135 13135 13137 13143 13139 13141 13143 13143 13145 13147 13149 13149 13151 13157 13153 13153 13156 13159 13161 13159 13161 13163 13165 13167 13169 13167 13171 13171 13173 13176 13177 13179 13177 13179 13179 13181 13184 13195 13185 15907 13185 13189 13187 13191 13191 13193 13195 13195 13197 13200 13201 13204 13201 13205 13211 13205 13209 13207 13211 13213 13211 13215 13215 13217 13219 13223 13221 13229 13221 13223 13227 13225 13229 13229 13231 13233 13235 13235 13240 13237 13241 13243 13241 13251 13245 13245 13250 13247 13251 13251 13253 13255 13257 13257 13269 13259 13271 13261 13266 13264 13267 13267 13267 13269 13271 13277 13273 13276 13277 13277 13281 13279 13283 13283 13285 13291 13287 13289 13291 13291 13293 13295 13297 13297 13302 13299 13303 13303 13305 13307 13309 13309 13317 13313 13311 13315 13320 13315 13323 13321 13320 13323 13321 13328 13323 13329 13325 13331 13329 13331 13335 13333 13337 13340 13337 13341 13341 13343 13345 13350 13347 13347 13351 13351 13353 13356 13357 13360 13357 13361 13367 13365 13361 13364 13369 13371 13369 13369 13377 13371 13373 13375 13377 13377 13379 13382 13383 13383 13387 13385 13389 13389 13391 13393 13393 13395 13397 13399 13402 13399 13403 13403 13407 13405 13409 13409 13411 13414 13458 13473 13415 13415 13423 13417 13419 13421 13423 13423 13425 13430 13431 13427 13433 13431 13433 13449 13437 13435 13439 13439 13441 13447 13443 13445 13447 13447 13449 13456 13453 13451 13473 13459 13475 13459 13473 13475 13464 13461 13465 13465 13471 13468 13473 13470 13475 13473 13475 13477 13479 13484 13481 13485 13481 13487 13487 13487 13489 13492 13493 13493 13495 13501 13497 13521 13503 13499 13499 13505 13507 13503 13505 13507 13509 13512 13515 13513 13521 13515 13521 13515 13517 13520 13521 13521 13525 13523 13527 13527 13529 13531 13531 13533 13538 13535 13539 13541 13539 13541 13549 13543 13547 13545 13549 13551 13549 13553 13553 13557 13555 13559 13559 13561 13563 13565 13571 13565 13568 13573 13571 13569 13573 13573 13577 13581 13575 13579 13579 13583 13583 13587 13585 13589 13589 13593 13591 13598 13595 13595 13599 13599 13601 13603 13605 13605 13607 13610 13611 13611 13616 13613 13617 13619 13617 13621 13619 13623 13625 13623 13627 13627 13631 13629 13633 13633 13640 13635 13642 13637 13643 13642 13643 13648 13645 13649 13649 13651 13659 13653 13658 13662 13655 13659 13659 13662 13659 13663 13663 13665 13667 13669 13669 13673 13671 13675 13675 13677 13680 13681 13681 13683 13685 13691 13695 13689 13687 13691 13693 13691 14223 13695 13695 13700 13697 13701 13701 13705 13703 13707 13707 13713 13709 13715 13713 13711 13717 13715 13715 13717 13722 13719 13723 13723 13725 13727 13732 13733 13729 13733 13735 13733 13742 13735 13739 13737 13743 13743 13743 13745 13750 13751 13747 13753 13755 13753 13753 13777 13755 13757 13779 13759 13762 13763 13763 13767 13765 13769 13771 13769 13773 13773 13777 13775 13779 13779 13785 13781 13787 13784 13789 13787 13795 13789 13791 13793 13795 13795 13797 13799 13801 13809 13801 13808 13809 13806 13803 13809 13809 13809 13811 13814 13815 13815 13817 13820 13821 13821 13823 13827 13829 13827 13825 13829 13827 13829 13834 13831 13835 13838 13835 13839 13839 13843 13850 13841 13845 13852 13845 13853 13848 13855 13852 13853 13855 13857 13865 13871 13859 13859 13863 13861 13865 13867 13865 13881 13869 13869 13873 13871 13875 13875 13877 13879 13881 13884 13881 13885 13885 13887 13889 13891 13891 13896 13893 13897 13897 13899 13901 13901 13905 13903 13907 13907 13915 13909 13911 13917 13913 13917 13919 13917 13919 13925 13924 13921 13927 13930 13927 13927 13931 13931 13935 13933 13937 13937 13942 13939 13943 13943 13945 13945 13949 13947 13953 13952 13953 13953 13955 13957 13959 13959 13964 13961 13966 13969 13967 13966 13969 13967 13967 13974 13969 13971 13975 13977 13975 13977 13979 13981 13985 13981 13987 13983 13989 13987 13989 13997 13991 13993 13995 13997 13997 13999 14002 14003 14029 14005 14031 14003 14007 14007 14012 14009 14013 14013 14015 14020 14021 14018 14023 14021 14023 14025 14028 14029 14029 14034 14031 14035 14035 14039 14037 14041 14041 14043 14047 14045 14053 14055 14049 14051 14053 14053 14055 14057 14059 14061 14064 14061 14065 14069 14065 14071 14067 14073 14071 14073 14078 14075 14079 14085 14079 14083 14081 14085 14085 14087 14089 14091 14091 14093 14097 14095 14101 14099 14101 14099 14101 14106 14103 14107 14107 14109 14116 14111 14113 14121 14118 14113 14119 14118 14119 14125 14121 14124 14125 14125 14127 14132 14129 14133 14135 14133 14135 14137 14139 14141 14141 14145 14143 14169 14147 14147 14149 14171 14151 14151 14153 14156 14157 14157 14159 14161 14163 14165 14168 14165 14169 14169 14171 14173 14175 14175 14177 14180 14181 14181 14185 14187 14183 14189 14189 14189 14195 14191 14193 14195 14197 14195 14197 14199 14201 14203 14205 14203 14207 14207 14209 14213 14212 14213 14213 14215 14215 14217 14219 14221 14221 14223 14226 14227 14227 14234 14229 14231 14235 14237 14235 14237 14245 14239 14243 14241 14245 14245 14249 14247 14251 14251 14255 14253 14257 14257 14259 14262 14269 14263 14263 14271 14265 14268 14271 14273 14271 14273 14275 14279 14277 14279 14279 14281 14283 14288 14285 14285 14289 14289 14291 14299 14294 14295 14306 14295 14297 14339 14299 14299 14301 14304 14331 14306 14306 14308 14310 14310 14312 14314 14316 14316 14320 14318 14322 14322 14326 14324 14328 14328 14330 14331 14331 14333 14338 14335 14339 14339 14339 14341 14350 14348 14343 14345 14353 14353 14352 14352 14353 14355 14361 14357 14360 14361 14361 14363 14367 14373 14369 14365 14373 14371 14369 14373 14373 14375 14377 14379 14379 14383 14381 14385 14385 14389 14387 14391 14394 14391 14395 14395 14397 14401 14399 14401 14417 14401 14405 14404 14417 14405 14409 14407 14411 14411 14413 14415 14417 14419 14417 14421 14421 14426 14423 14427 14427 14434 14429 14431 14435 14437 14435 14437 14441 14439 14443 14445 14443 14447 14451 14447 14451 14449 14453 14453 14457 14455 14459 14461 14469 14468 14459 14469 14461 14463 14466 14469 14469 14469 14477 14471 14473 14475 14477 14479 14477 14481 14481 14483 14486 14487 14487 14491 14489 14493 14495 14493 14497 14497 14501 14499 14503 14513 14503 14535 14505 14507 14510 14511 14511 14513 14517 14515 14519 14519 14521 14525 14527 14523 14529 14533 14527 14529 14531 14535 14537 14535 14537 14539 14544 14539 14542 14545 14551 14545 14549 14547 14551 14553 14551 14555 14555 14557 14559 14561 14561 14563 14565 14567 14567 14569 14571 14573 14573 14575 14583 14579 14577 14581 14581 14585 14585 14587 14589 14591 14609 14595 14591 14595 14593 14597 14602 14597 14599 14603 14603 14606 14603 14607 14607 14611 14609 14616 14613 14613 14617 14617 14619 14621 14623 14623 14625 14627 14629 14631 14629 14636 14633 14633 14645 14641 14637 14637 14640 14643 14645 14643 14645 14648 14649 14649 14654 14651 14655 14655 14663 14657 14661 14659 14663 14663 14665 14667 14669 14669 14671 14674 14675 14675 14677 14679 14683 14682 14683 14683 14689 14685 14687 14692 14693 14701 14692 14693 14695 14697 14699 14699 14701 14703 14705 14707 14719 14707 14709 14711 14711 14716 14713 14717 14717 14719 14721 14723 14725 14725 14730 14727 14731 14731 14733 14735 14737 14739 14737 14741 14741 14747 14751 14743 14745 14749 14751 14753 14749 14751 14753 14756 14767 14757 14767 14757 14759 14761 14761 14766 14763 14767 14767 14769 14771 14773 14773 14775 14778 14779 14779 14781 14785 14783 14787 14794 14789 14787 14789 14792 14795 14795 14795 14797 14799 14801 14801 14803 14805 14807 14807 14809 14811 14811 14813 14815 14815 14815 14817 14820 14821 14824 14821 14825 14825 14829 14827 14833 14831 14831 14833 14835 14839 14837 14839 14839 14844 14841 14845 14845 14847 14849 14851 14851 14855 14853 14857 14857 14859 14861 14861 14863 14865 14867 14867 14874 14871 14869 14875 14881 14875 14881 14875 14879 14877 14881 14881 14883 14885 14887 14889 14887 14889 14889 14893 14891 14895 14895 14900 14897 14901 14901 14905 14903 14907 14907 14909 14911 14911 14916 14913 14917 14917 14927 14922 14925 14919 14923 14927 14923 14927 14925 14927 14931 14929 14931 14929 14933 14933 14938 14935 14939 14939 14941 14943 14949 14943 14945 14947 14959 14949 14959 14949 14955 14951 14953 14957 14959 14957 14959 14961 14964 14975 14966 14967 14967 14967 14969 14971 14975 14973 14973 14975 14977 14979 14981 14981 14985 14983 14987 14987 14991 14993 14989 14993 14996 14993 14997 14997 15001 14999 15003 15003 15007 15005 15009 15009 15013 15013 15011 15015 15015 15020 15017 15021 15020 15021 15021 15023 15025 15027 15027 15032 15029 15033 15033 15035 15037 15039 15055 15039 15041 15059 15043 15045 15047 15059 15059 15047 15051 15049 15053 15053 15057 15055 15059 15059 15063 15061 15115 15065 15065 15067 15069 15117 15117 15069 15071 15074 15075 15075 15083 15077 15082 15079 15083 15083 15087 15085 15089 15089 15093 15091 15093 15106 15095 15097 15103 15099 15101 15103 15103 15107 15109 15107 15109 15111 15113 15117 15117 15117 15119 15121 15123 15123 15127 15125 15153 15129 15127 15129 15153 15132 15133 15133 15135 15137 15139 15139 15141 15143 15145 15145 15147 15149 15149 15161 15151 15153 15166 15163 15156 15157 15157 15161 15159 15163 15163 15167 15167 15169 15171 15173 15173 15175 15177 15183 15179 15182 15183 15185 15183 15183 15187 15187 15191 15189 15193 15193 15198 15195 15199 15205 15199 15205 15204 15201 15205 15205 15209 15207 15209 15211 15214 15211 15215 15215 15219 15217 15221 15221 15226 15223 15227 15227 15233 15229 15231 15235 15233 15233 15235 15235 15239 15237 15241 15241 15243 15245 15247 15253 15255 15247 15253 15249 15252 15253 15253 15257 15257 15259 15261 15263 15263 15265 15268 15275 15271 15269 15269 15273 15275 15271 15277 15277 15279 15279 15277 15279 15283 15281 15285 15285 15289 15287 15293 15291 15291 15295 15295 15299 15297 15301 15301 15305 15303 15305 15309 15307 15311 15311 15316 15313 15317 15320 15317 15321 15321 15326 15323 15327 15327 15333 15331 15329 15333 15333 15335 15335 15339 15337 15341 15341 15345 15351 15343 15347 15375 15347 15350 15351 15351 15358 15353 15355 15360 15367 15369 15360 15362 15375 15365 15364 15367 15367 15369 15373 15371 15375 15375 15377 15379 15381 15381 15385 15383 15387 15387 15391 15389 15393 15393 15396 15397 15397 15399 15401 15403 15403 15408 15405 15409 15409 15413 15411 15413 15417 15416 15417 15417 15419 15419 15422 15425 15423 15425 15423 15425 15430 15427 15431 15431 15433 15435 15435 15437 15439 15441 15444 15441 15445 15445 15449 15447 15451 15451 15453 15459 15455 15458 15459 15459 15468 15461 15463 15595 15471 15470 15465 15471 15595 15471 15471 15473 15475 15477 15477 15479 15481 15483 15483 15487 15485 15489 15489 15491 15495 15493 15497 15497 15497 15501 15499 15503 15501 15508 15503 15509 15505 15515 15509 15513 15511 15515 15519 15521 15515 15517 15521 15521 15521 15525 15523 15527 15527 15529 15531 15533 15533 15537 15539 15535 15541 15541 15541 15546 15543 15557 15547 15547 15550 15551 15551 15553 15555 15557 15557 15560 15561 15561 15563 15565 15567 15567 15569 15571 15573 15573 15577 15575 15579 15579 15581 15583 15583 15592 15585 15589 15594 15587 15595 15595 15594 15595 15604 15597 15601 15606 15599 15607 15607 15606 15610 15607 15611 15618 15611 15615 15619 15613 15619 15619 15619 15623 15621 15625 15625 15629 15627 15631 15631 15633 15637 15639 15635 15639 15639 15641 15644 15649 15645 15648 15645 15649 15649 15653 15651 15657 15657 15655 15657 15659 15662 15663 15663 15669 15665 15671 15667 15673 15671 15673 15675 15679 15681 15678 15683 15681 15683 15687 15685 15689 15689 15695 15691 15697 15693 15699 15697 15699 15703 15701 15707 15706 15706 15707 15707 15711 15709 15713 15715 15713 15717 15717 15719 15721 15723 15723 15727 15725 15729 15729 15733 15731 15737 15733 15735 15737 15737 15739 15741 15743 15743 15745 15747 15747 15749 15751 15755 15753 15753 15757 15762 15757 15764 15759 15765 15764 15765 15769 15767 15775 15771 15771 15775 15773 15777 15779 15777 15781 15781 15783 15785 15787 15787 15789 15792 15793 15796 15793 15803 15797 15797 15801 15799 15803 15803 15805 15807 15807 15811 15809 15813 15816 15813 15817 15825 15817 15821 15819 15823 15825 15823 15825 15825 15830 15827 15831 15837 15831 15837 15833 15835 15837 15837 15839 15841 15843 15843 15847 15845 15849 15851 15849 15853 15853 15853 15858 15855 15859 15859 15859 15861 15861 15863 15865 15868 15869 15869 15869 15871 15873 15875 15875 15877 15880 15881 15884 15881 15885 15885 15887 15889 15891 15893 15891 15895 15895 15899 15897 15901 15901 15903 15905 15907 15907 15911 15913 15909 15915 15915 15915 15921 15917 15923 15919 15925 15923 15925 15929 15927 15931 15934 15931 15935 15935 15937 15939 15941 15943 15941 15945 15945 15947 15949 15951 15953 15953 15953 15955 15957 15959 15959 15961 15963 15965 15965 15965 15967 15969 15971 15971 15973 15975 15977 15975 15979 15979 15979 15983 15981 15985 15985 15987 15993 15989 15995 15995 15991 15997 15995 15997 15999 16002 16003 16003 16005 16007 16009 16009 16011 16013 16013 16015 16018 16029 16019 16022 16029 16019 16023 16023 16027 16025 16029 16029 16035 16031 16033 16035 16035 16039 16037 16044 16041 16041 16045 16045 16049 16047 16051 16053 16051 16055 16053 16051 16055 16055 16059 16057 16063 16062 16063 16063 16065 16069 16067 16071 16127 16076 16073 16071 16127 16073 16077 16077 16079 16082 16085 16085 16083 16083 16085 16090 16087 16091 16091 16094 16095 16095 16097 16102 16099 16099 16103 16103 16111 16105 16107 16110 16113 16115 16111 16113 16115 16120 16117 16123 16121 16121 16125 16125 16127 16132 16129 16133 16133 16137 16135 16139 16139 16141 16144 16145 16145 16149 16147 16151 16153 16153 16153 16155 16159 16157 16161 16163 16161 16163 16165 16199 16167 16169 16171 16173 16171 16175 16175 16177 16188 16189 16179 16181 16181 16183 16185 16191 16189 16189 16189 16193 16193 16198 16195 16199 16199 16201 16203 16205 16205 16207 16209 16213 16211 16211 16215 16222 16215 16219 16217 16223 16223 16223 16227 16225 16229 16232 16229 16233 16233 16237 16235 16239 16239 16241 16263 16245 16243 16247 16247 16251 16249 16253 16253 16255 16257 16257 16261 16259 16263 16263 16265 16269 16267 16269 16269 16271 16273 16275 16277 16275 16279 16279 16283 16281 16285 16285 16289 16287 16291 16291 16307 16293 16295 16298 16299 16309 16299 16299 16306 16311 16301 16303 16309 16313 16313 16309 16315 16313 16313 16315 16317 16319 16321 16321 16327 16325 16323 16327 16329 16327 16331 16331 16335 16333 16337 16337 16339 16344 16345 16341 16347 16345 16347 16349 16351 16351 16353 16355 16357 16357 16363 16359 16361 16365 16367 16365 16367 16373 16375 16369 16373 16371 16375 16375 16379 16377 16379 16381 16383 16385 16391 16385 16391 16387 16389 16389 16391 16391 16395 16393 16397 16397 16399 16417 16403 16401 16405 16407 16405 16417 16407 16411 16409 16413 16415 16415 16415 16417 16419 16422 16423 16423 16426 16427 16432 16427 16429 16433 16435 16433 16435 16437 16440 16451 16441 16444 16441 16445 16445 16450 16447 16451 16451 16455 16453 16457 16457 16459 16461 16461 16463 16465 16465 16469 16465 16467 16469 16469 16475 16471 16477 16473 16485 16479 16477 16479 16483 16481 16485 16487 16485 16489 16489 16493 16491 16498 16495 16495 16499 16505 16499 16503 16501 16505 16505 16514 16507 16523 16515 16509 16511 16517 16517 16527 16517 16519 16521 16523 16525 16523 16527 16527 16533 16529 16531 16533 16533 16535 16537 16539 16539 16541 16543 16545 16545 16550 16547 16551 16551 16554 16555 16555 16557 16559 16561 16561 16565 16563 16567 16567 16569 16571 16575 16574 16575 16575 16579 16577 16581 16581 16586 16583 16587 16587 16589 16591 16593 16593 16599 16595 16605 16598 16601 16603 16603 16605 16601 16603 16605 16605 16607 16609 16611 16611 16615 16613 16619 16629 16619 16617 16619 16621 16626 16623 16628 16629 16628 16629 16631 16633 16635 16635 16638 16639 16639 16641 16643 16671 16645 16671 16645 16647 16649 16649 16653 16651 16658 16655 16665 16655 16659 16659 16661 16664 16665 16665 16669 16667 16671 16671 16675 16673 16677 16723 16723 16677 16681 16679 16683 16683 16693 16685 16689 16687 16691 16695 16695 16697 16695 16697 16703 16701 16699 16705 16703 16703 16705 16705 16709 16707 16711 16711 16713 16715 16723 16717 16717 16723 16721 16719 16723 16726 16723 16727 16749 16727 16731 16729 16733 16733 16735 16737 16739 16741 16739 16743 16743 16745 16747 16749 16749 16751 16754 16755 16755 16757 16759 16763 16761 16789 16761 16763 16765 16767 16769 16769 16777 16771 16773 16775 16777 16777 16779 16784 16781 16785 16788 16785 16785 16789 16789 16791 16793 16796 16797 16797 16797 16801 16799 16803 16803 16805 16812 16807 16809 16809 16813 16813 16817 16815 16819 16819 16821 16819 16821 16839 16823 16827 16825 16829 16839 16829 16839 16833 16831 16833 16837 16835 16839 16839 16843 16841 16845 16845 16847 16849 16851 16854 16861 16851 16855 16855 16857 16860 16861 16864 16861 16865 16865 16867 16871 16873 16889 16870 16891 16873 16875 16877 16879 16882 16879 16883 16885 16885 16885 16887 16889 16891 16897 16894 16891 16899 16896 16899 16901 16899 16901 16903 16907 16915 16905 16910 16905 16911 16915 16911 16915 16913 16917 16919 16917 16921 16925 16921 16923 16925 16927 16927 16930 16931 16931 16933 16939 16937 16935 16939 16944 16939 16941 16945 16951 16945 16947 16949 16951 16951 16953 16959 16957 16955 16961 16965 16961 16964 16961 16965 16973 16965 16967 16970 16971 16971 16975 16975 16979 16977 16981 16981 16983 16985 16985 16987 16989 16991 16989 16991 16995 16993 16997 16997 17001 16999 17006 17003 17003 17007 17007 17011 17015 17009 17013 17013 17017 17031 17019 17021 17017 17021 17021 17025 17023 17033 17027 17027 17029 17031 17033 17033 17035 17039 17037 17041 17039 17041 17041 17043 17045 17047 17047 17049 17051 17055 17053 17053 17055 17057 17060 17061 17061 17069 17063 17065 17067 17069 17075 17069 17071 17077 17081 17073 17127 17077 17079 17081 17083 17127 17127 17083 17088 17086 17089 17089 17093 17089 17091 17093 17093 17096 17097 17097 17101 17099 17105 17103 17103 17107 17107 17112 17109 17115 17113 17113 17117 17115 17119 17119 17121 17123 17125 17125 17127 17135 17129 17137 17131 17133 17135 17137 17137 17139 17141 17145 17143 17147 17143 17147 17147 17156 17149 17152 17153 17153 17158 17159 17158 17159 17161 17163 17165 17165 17170 17167 17173 17171 17173 17173 17175 17177 17179 17179 17181 17183 17185 17187 17185 17187 17187 17189 17191 17215 17193 17193 17215 17196 17197 17197 17199 17202 17212 17203 17203 17215 17205 17213 17207 17215 17210 17217 17213 17215 17217 17223 17219 17221 17225 17228 17225 17225 17229 17229 17233 17231 17235 17235 17237 17239 17241 17244 17241 17245 17245 17245 17247 17250 17251 17251 17253 17255 17257 17299 17257 17299 17262 17259 17263 17266 17263 17267 17267 17271 17269 17273 17273 17271 17273 17277 17275 17281 17280 17281 17281 17285 17283 17287 17287 17289 17291 17291 17293 17297 17299 17295 17301 17299 17301 17305 17308 17303 17309 17311 17309 17311 17315 17317 17321 17313 17327 17319 17317 17321 17319 17321 17323 17325 17327 17329 17329 17329 17331 17333 17333 17335 17337 17339 17342 17339 17343 17343 17350 17345 17347 17351 17353 17351 17351 17353 17355 17357 17359 17359 17369 17361 17367 17366 17363 17369 17369 17369 17371 17373 17375 17377 17377 17379 17388 17384 17381 17385 17385 17389 17389 17391 17393 17395 17395 17397 17403 17399 17401 17403 17403 17425 17405 17421 17414 17407 17423 17409 17425 17415 17411 17417 17427 17417 17419 17423 17425 17423 17425 17427 17429 17436 17431 17433 17437 17441 17433 17439 17441 17439 17441 17444 17455 17445 17445 17455 17447 17452 17453 17449 17455 17453 17455 17585 17503 17457 17461 17459 17463 17463 17468 17465 17473 17473 17470 17472 17475 17473 17475 17480 17477 17481 17481 17483 17485 17487 17487 17492 17489 17493 17493 17501 17495 17499 17497 17501 17503 17501 17505 17505 17507 17509 17511 17519 17511 17515 17521 17513 17517 17519 17519 17521 17521 17525 17523 17527 17533 17527 17530 17531 17531 17533 17535 17537 17537 17539 17541 17543 17543 17546 17547 17547 17551 17549 17553 17585 17585 17553 17555 17557 17557 17561 17559 17563 17563 17565 17568 17569 17569 17573 17571 17575 17575 17577 17579 17581 17581 17583 17585 17585 17591 17587 17590 17595 17595 17593 17595 17595 17597 17599 17608 17601 17603 17603 17609 17605 17617 17609 17619 17617 17612 17614 17619 17615 17615 17619 17617 17619 65535 0 17624
5 4 5 9 7 9 13 12 13 15 18 19 19 22 25 23 25 25 27 30 65535 0 34
3847 3811 3947 3705 3230 3945 3921 3251 3565 65535 3 3 5 8 9 12 9 13 13 15 18 19 19 22 23 26 23 27 27 32 29 33 36 33 37 37 39 42 43 46 46 49 48 52 52 54 52 56 58 58 61 60 64 64 67 66 70 70 74 72 72 76 78 78 80 81 84 84 86 88 88 91 90 94 96 94 98 100 100 103 102 106 108 106 110 110 113 112 116 116 120 118 122 122 124 126 128 128 122 130 132 134 136 136 140 138 142 144 142 146 148 148 150 151 154 155 154 158 158 161 160 164 164 166 168 168 170 171 174 174 177 176 180 180 182 183 180 186 188 188 190 192 194 194 197 196 200 200 202 204 204 207 206 210 204 212 212 214 215 218 218 220 221 224 224 226 228 230 230 232 234 236 236 238 239 236 242 244 244 247 246 250 252 250 254 254 257 256 260 260 262 264 265 264 268 268 269 272 272 275 274 278 278 280 281 284 284 285 288 288 291 290 294 294 298 296 294 300 302 304 304 306 308 310 311 310 314 316 314 318 318 320 322 318 324 302 326 328 328 330 331 334 336 334 338 338 341 340 344 344 347 346 350 350 354 352 356 356 358 360 360 363 362 366 366 369 368 366 372 374 374 376 377 380 380 383 382 386 386 388 389 392 228 146 224 393 392 396 396 398 400 402 402 404 406 408 408 402 410 412 414 415 417 415 422 417 420 423 425 425 430 427 431 433 431 435 435 437 439 441 441 445 443 447 449 447 451 451 453 455 455 459 457 461 461 463 461 465 467 469 467 471 471 476 473 477 477 477 479 482 483 485 483 487 487 491 489 493 493 498 495 493 499 501 501 505 503 507 507 509 511 511 515 513 517 517 519 522 517 523 525 525 530 527 531 531 533 535 535 539 537 541 541 545 543 547 547 549 552 547 553 555 555 557 559 561 563 561 565 565 570 567 571 573 571 573 578 576 579 581 583 583 588 585 589 589 591 593 593 595 598 599 599 601 604 605 599 607 607 612 609 613 613 615 618 619 622 619 623 623 628 625 629 629 631 634 635 635 638 640 642 635 643 646 134 414 648 648 652 650 654 654 656 658 658 662 660 664 664 666 668 670 670 664 673 672 676 676 678 679 682 682 686 684 688 688 690 690 692 693 696 696 699 698 702 702 704 706 708 708 712 710 708 714 716 716 718 719 722 722 726 724 728 728 730 732 732 734 735 738 738 740 742 740 744 746 748 748 752 750 750 755 754 758 758 761 760 764 766 764 768 768 772 770 774 776 774 778 778 780 782 784 784 785 788 788 790 791 794 794 796 798 800 800 802 804 806 807 806 746 804 810 810 812 813 812 817 816 820 820 824 822 826 828 826 830 830 832 834 836 836 838 840 842 842 844 846 842 848 850 850 853 852 856 856 858 860 862 862 865 864 868 868 870 872 872 874 876 878 878 880 881 884 886 884 888 888 890 891 890 894 895 898 898 900 901 904 905 904 908 908 912 910 914 914 916 918 920 918 920 923 922 926 928 928 930 931 930 936 934 938 938 941 940 944 944 948 946 950 951 953 951 957 951 959 959 961 963 965 965 967 969 953 955 974 975 975 977 979 971 979 981 985 971 987 989 983 991 991 995 993 950 997 1000 1000 1001 1004 1004 1007 1006 1010 1010 1012 1013 1016 1018 1016 1020 1022 1022 1024 1026 1028 1029 1029 1032 1033 1033 1036 1037 1033 1037 1042 1044 1039 1045 1045 1050 1047 1045 1051 1053 1053 1055 1058 1059 1059 1064 1061 1065 1065 1067 1069 1069 1071 1074 1075 1077 1075 1079 1028 1082 1084 1082 1082 1086 1088 1088 1092 1090 1094 1094 1096 1098 1100 1100 1102 1104 1104 1107 1106 1110 1110 1114 1112 1116 1116 1118 1119 1122 1122 1125 1124 1128 1128 1131 1130 1134 1135 1134 1134 1138 1138 1140 1142 1144 1146 1144 1150 1146 1148 1152 1154 1154 1156 1157 1160 1160 1162 1164 1164 1166 1168 1170 1170 1173 1172 1176 1178 1178 1180 1182 1184 1185 1184 1188 1188 1190 1192 1194 1194 1198 1196 1200 1194 1202 1202 1204 1206 1208 1208 1210 1212 1212 1214 1216 1218 1218 1221 1220 1224 1224 1225 1228 1228 1231 1230 1234 1236 1234 1238 1238 1240 1241 1244 1225 1246 1244 1224 1248 1248 1250 1252 1254 1254 1258 1256 1260 1260 1262 1263 1266 1266 1268 1270 1270 1272 1273 1276 1176 1278 1278 1280 1282 1284 1284 1286 1287 1290 1290 1291 1294 1296 1294 1299 1296 1301 1298 1304 1304 1306 1307 1310 1310 1312 1314 1314 1318 1316 1320 1320 1322 1324 1326 1324 1330 1326 1332 1328 1334 1334 1336 1338 1340 1338 1342 1342 1346 1344 1348 1350 1348 1352 1352 1354 1356 1356 1360 1358 1362 1362 1366 1364 1368 1368 1371 1370 1374 1374 1376 1378 1378 1382 1380 1384 1384 1388 1386 1390 1392 1390 1394 1394 1396 1397 1397 1400 1401 1404 1404 1406 1408 1408 1411 1410 1414 1414 1416 1417 1420 1421 1420 1424 1424 1427 1426 1430 1430 1432 1434 1434 1436 1437 1432 1440 1392 1440 1442 1444 1444 1447 1446 1450 1452 1450 1454 1454 1458 1456 1460 1462 1462 1466 1464 1468 1460 1470 1470 1472 1474 1476 1478 1476 1481 1478 1480 1484 1486 1488 1486 1490 1490 1492 1493 1496 1496 1499 1498 1502 1503 1502 1506 1508 1508 1510 1511 1506 1514 1516 1516 1520 1518 1522 1522 1525 1524 1528 1528 1530 1532 1532 1536 1534 1538 1538 1540 1542 1542 1546 1544 1548 1550 1548 1550 1554 1556 1552 1558 1558 1560 1562 1564 1562 1562 1566 1568 1568 1571 1570 1574 1574 1575 1578 1578 1581 1580 1584 1584 1588 1586 1590 1590 1593 1592 1596 1598 1596 1600 1600 1603 1602 1570 1571 1606 1606 1608 1610 1612 1610 1614 1614 1618 1616 1616 1620 1622 1622 1625 1624 1628 1630 1630 1631 1606 1628 1634 1636 1634 1638 1638 1640 1641 1644 1644 1646 1648 1650 1650 1652 1654 1656 1656 1658 1660 1661 1660 1660 1664 1666 1666 1668 1670 1672 1672 1674 1675 1678 1678 1681 1680 1684 1684 1686 1688 1690 1690 1693 1692 1696 1696 1700 1698 1702 1704 1702 1706 1702 1708 1710 1708 1710 1714 1716 1711 1718 1718 1720 1722 1722 1723 1726 1716 1727 1729 1727 1731 1722 1734 1735 1716 1711 1738 1740 1738 1742 1742 1744 1746 1748 1748 1750 1751 1754 1755 1708 1754 1758 1758 1760 1762 1764 1766 1764 1768 1768 1771 1770 1660 1702 1774 1708 1776 1778 1779 1731 1782 1778 1784 1779 1716 1786 1786 1790 1788 1792 1794 1708 1796 1794 1798 1798 1802 1800 1804 1806 1806 1810 1808 1812 1792 1792 1812 1814 1816 1818 1818 1820 1822 1824 1708 1824 1826 1716 1828 1830 1831 1830 1834 1834 1836 1838 1840 1776 1842 1776 1708 1844 1844 1848 1846 1850 1850 1853 1852 1856 1804 1858 1856 1860 1860 1864 1862 1866 1868 1870 1866 1868 1872 1872 1874 1876 1878 1880 1880 1882 1884 1886 1886 1889 1888 1892 1892 1895 1894 1898 1900 1898 1902 1902 1904 1905 1908 1908 1910 1912 1914 1334 1878 1878 1334 1914 1916 1918 1918 1920 1922 1924 1926 1924 1928 1926 1930 1930 1933 1932 1936 1936 1939 1938 1942 1944 1942 1946 1946 1948 1950 1952 1952 1955 1954 1958 1959 1958 1962 1962 1964 1966 1968 1968 1972 1970 1974 1968 1976 1976 1978 1979 1982 1982 1986 1984 1988 1988 1991 1990 1994 1994 1995 1998 1998 2001 2000 2004 2004 2006 2007 2006 2009 2012 2012 2014 2016 2018 1988 2020 2020 2022 2024 2026 2020 2028 2028 2030 2031 2034 2034 2037 2036 2040 2040 2043 2041 2045 2040 2048 2048 2051 2050 2054 2026 2056 2026 2020 2054 2058 2058 2062 2060 2064 2064 2066 2067 2064 2070 2072 2072 2076 2074 2078 2078 2082 2080 2084 2084 2087 2086 2090 2092 2094 2092 2090 2096 2096 2098 2099 2102 2102 2104 2106 2106 2110 2108 2112 2112 2114 2116 2118 2118 2120 2121 2124 2118 2126 2126 2128 2129 2132 2134 2132 2136 2136 2138 2140 2142 2142 2144 2145 2148 2142 2150 2150 2153 2152 2156 2156 2158 2159 2162 2162 2165 2164 2168 2168 2126 2170 2172 2129 2174 2176 2178 2178 2176 2178 2182 2184 1326 1296 2184 1326 1296 2180 2186 2188 2190 2190 2193 2192 2196 2196 2199 2198 2202 2196 2204 2204 2206 2208 2210 2210 2211 2214 2214 2217 2216 2220 2220 2222 2223 2226 2226 2228 2226 2230 2232 2232 2234 2236 2238 2238 2240 2242 2242 2244 2246 2248 2248 2250 2251 2254 2254 2258 2256 2260 2260 2261 2260 2264 2266 2268 2266 2272 2268 2273 2270 2276 2276 2277 2280 2276 2282 2284 2284 2287 2285 2289 2284 2292 2292 2295 2294 2298 2300 2300 2302 2304 2298 2306 2308 2306 2308 2312 2309 2314 2316 2316 2317 2320 2320 2321 2324 2326 2260 2328 2330 2332 2334 2330 2332 2336 2336 2338 2339 2342 2342 2344 2346 2346 2349 2348 2352 2353 2352 2356 2356 2360 2358 2362 2362 2364 2366 2368 2368 2370 2368 2372 2374 2374 2376 2377 2380 2380 2382 2384 2386 2386 2388 2390 2390 2392 2394 2396 2396 2398 2399 2402 2402 2404 2405 2408 2408 2412 2410 2414 2414 2415 2414 2418 2420 2420 2423 2422 2426 2426 2428 2430 2430 2432 2434 2436 2438 2438 2440 2436 2442 2442 2446 2444 2448 2428 2450 2448 2426 2452 2454 2454 2456 2457 2460 2462 2464 2462 2460 2466 2466 2468 2469 2472 2472 2474 2476 2452 2478 2478 2480 2481 2484 2484 2485 2488 2490 2488 2493 2490 2492 2496 2498 2500 2501 2501 2503 2505 2507 2509 2507 2511 2511 2516 2513 2517 2498 2519 2517 2500 2522 2522 2526 2524 2528 2528 2532 2530 2534 2536 2536 2540 2537 2540 2543 2543 2545 2547 2540 2542 2551 2554 2554 2556 2554 2558 2560 2560 2562 2564 2566 2566 2568 2569 2566 2572 2574 2574 2578 2576 2580 2580 2582 2583 2586 2586 2590 2588 2592 2592 2594 2592 2596 2598 2598 2600 2602 2604 2604 2607 2606 2610 2604 2612 2547 2549 2616 2617 2617 2619 2621 2623 2625 2625 2628 2629 2629 2631 2633 2625 2635 2623 2625 2637 2637 2639 2642 2643 2643 2645 2647 2643 2649 2536 2651 2653 2655 2653 2657 2657 2662 2659 2663 2663 2665 2667 2667 2669 2671 2671 2676 2673 2677 2677 2679 2681 2681 2685 2683 2687 2689 2687 2691 2691 2693 2696 2697 2697 2699 2701 2703 2703 2708 2705 2703 2709 2711 2711 2713 2715 2717 2717 2721 2719 2723 2725 2723 2727 2727 2731 2729 2733 2735 2733 2737 2612 2742 2614 2744 2744 2747 2746 2750 2750 2754 2752 2756 2756 2757 2760 2737 2739 2763 2765 2767 2765 2769 2769 2773 2771 2775 2777 2775 2779 2779 2781 2783 2783 2788 2785 2789 2789 2792 2793 2793 2797 2795 2799 2801 2804 2801 2799 2805 2807 2807 2812 2809 2813 2816 2813 2817 2817 2819 2821 2823 2823 2827 2825 2829 2829 2833 2831 2756 2835 2762 2837 2840 2762 2841 2840 2843 2846 2846 2850 2848 2852 2852 2854 2856 2856 2859 2858 2862 2864 2866 2866 2867 2864 2870 2870 2873 2872 2876 2878 2876 2880 2880 2882 2883 2886 2886 2889 2888 2892 2894 2892 2894 2896 2898 2898 2900 2901 2904 2904 2906 2908 2862 2908 2862 2912 2910 2914 2914 2916 2917 2920 2922 2894 2922 2892 2924 2920 2926 2926 2930 2928 2932 2934 2932 2936 2936 2938 2940 2942 2942 2944 2945 2948 2534 2950 2950 2952 2953 2956 2956 2958 2960 2962 2962 2964 2966 2966 2968 2969 2972 2972 2975 2974 2978 2972 2980 2980 2983 2982 2986 2986 2990 2988 2992 2992 2994 2996 2998 2999 2998 3002 2999 3004 3004 3008 3006 3006 3010 3012 2760 3014 2998 3016 2998 3018 3016 3020 3020 3024 3022 3026 3026 3028 3030 3030 3033 3032 3036 3038 3036 3038 3039 3042 3042 3044 3046 3048 3048 3052 3050 3054 3056 3054 3058 3056 3060 3060 3062 3064 3066 3066 3070 3068 3066 3072 3074 3074 3076 3078 3080 3080 3082 3084 3086 3086 3088 3089 3092 3092 3096 3094 3098 3100 3098 3100 3102 3104 3104 3108 3106 3110 3110 3112 3114 3114 3116 3117 3120 2534 3122 3122 3124 3126 3126 3128 3130 3132 3132 3134 3136 3136 3138 3140 3142 3142 3146 3144 3148 3148 3150 3152 3154 3156 3158 3156 3154 3160 3160 3162 3164 3166 3132 3168 3166 3170 3170 3172 3173 3176 3176 3178 3180 3182 3182 3185 3184 3188 3188 3190 3192 3192 3195 3194 3198 3200 3198 3202 3202 3205 3204 3208 3208 3210 3211 3214 3216 3214 3218 3218 3222 3220 3224 3224 3228 3226 3230 3231 3231 3234 3235 3235 3237 3239 3241 3241 3243 3245 3245 3249 3247 3251 3253 3253 3255 3257 3257 3259 3261 3263 3265 3263 3267 3267 3269 3271 3273 3273 3277 3275 3279 3279 3281 3283 3285 3285 3288 3289 3289 3291 3294 3295 3295 3297 3299 3299 3301 3303 3305 3305 3307 3309 3309 3311 3314 3315 3315 3318 3319 3321 3323 3321 3319 3325 3325 3330 3327 3331 3331 3336 3333 3337 3337 3341 3339 3343 3343 3346 3347 3349 3347 3351 3351 3353 3355 3357 3359 3357 3361 3361 3363 3365 3367 3367 3372 3369 3373 3373 3376 3377 3377 3381 3379 3383 3383 3385 3387 3387 3389 3391 3393 3393 3397 3395 3399 3401 3399 3403 3403 3405 3407 3409 3409 3411 3413 3415 3415 3417 3419 3419 3421 3423 3425 3425 3427 3429 3431 3433 3431 3435 3435 3440 3437 3441 3441 3443 3445 3445 3447 3449 3451 3451 3453 3455 3457 3457 3459 3461 3461 3465 3463 3467 3469 3469 3471 3467 3473 3473 3475 3477 3479 3479 3481 3483 3485 3488 3485 3489 3489 3494 3491 3495 3495 3499 3497 3501 3503 3501 3505 3505 3509 3507 3511 3513 3511 3515 3515 3519 3517 3521 3521 3523 3525 3525 3527 3529 3531 3531 3535 3533 3537 3537 3539 3541 3541 3543 3545 3547 3547 3549 3551 3553 3555 3553 3557 3557 3561 3559 3563 3563 3565 3567 3569 3572 3569 3573 3573 3575 3578 3579 3579 3583 3581 3585 3585 3587 3589 3589 3593 3591 3595 3595 3597 3599 3601 3603 3601 3605 3605 3607 3609 3611 3611 3615 3613 3617 3619 3617 3621 3621 3623 3625 3627 3627 3630 3631 3631 3633 3635 3637 3639 3637 3641 3641 3643 3645 3647 3647 3649 3651 3653 3653 3656 3657 3657 3659 3661 3663 3663 3665 3667 3663 3669 3671 3671 3673 3675 3677 3677 3681 3679 3677 3683 3685 3687 3685 3689 3689 3693 3691 3695 3695 3697 3699 3699 3703 3701 3705 3707 3707 3711 3709 3713 3715 3713 3717 3717 3719 3721 3723 3723 3725 3727 3727 3729 3731 3733 3735 3733 3737 3737 3741 3739 3743 3743 3745 3747 3749 3747 3751 3751 3755 3753 3757 3757 3759 3761 3761 3765 3763 3767 3769 3767 3771 3771 3773 3775 3777 3779 3777 3781 3781 3783 3771 3785 3787 3787 3789 3791 3793 3793 3795 3797 3799 3799 3801 3803 3805 3805 3807 3809 3811 3813 3815 3813 3817 3817 3821 3819 3823 3823 3825 3827 3829 3829 3833 3831 3835 3835 3837 3839 3841 3841 3843 3845 3847 3849 3849 3853 3851 3855 3857 3855 3859 3859 3861 3863 3865 3867 3865 3869 3869 3873 3871 3875 3875 3877 3879 3881 3883 3881 3885 3885 3889 3887 3891 3893 3891 3895 3895 3897 3899 3901 3903 3901 3905 3905 3907 3909 3911 3911 3915 3913 3917 3919 3917 3921 3923 3923 3927 3925 3929 3929 3931 3933 3935 3937 3935 3939 3939 3943 3941 3945 0 3952
3 5 5 9 7 11 11 16 13 17 17 35 19 21 35 23 35 35 25 27 35 29 35 31 35 33 35 35 39 49 157 51 41 38 47 39 41 47 44 46 47 47 49 53 51 61 53 139 64 56 57 57 61 59 61 65 69 65 149 67 71 107 73 87 141 71 73 87 75 78 79 82 89 79 83 83 85 87 87 93 89 92 95 99 95 99 97 117 101 101 103 105 107 107 109 112 115 117 127 119 149 113 119 143 127 117 119 123 121 125 125 127 129 131 133 133 135 137 139 139 141 143 145 147 147 149 155 151 155 149 157 159 153 155 155 157 161 161 163 165 167 167 171 170 171 173 175 177 177 181 179 183 183 185 187 193 187 191 189 193 193 197 195 199 199 201 203 205 205 211 207 213 209 215 213 215 217 220 221 221 223 226 227 227 243 229 231 243 233 243 235 243 243 237 239 243 241 243 243 249 251 246 247 247 249 251 253 256 257 257 261 259 263 263 265 267 269 269 273 271 275 275 279 277 284 281 281 285 285 287 292 294 292 289 295 299 294 295 297 299 339 301 301 339 303 305 309 331 321 307 309 331 317 311 311 315 313 317 321 317 323 319 325 323 325 329 327 336 331 331 333 337 339 337 339 343 341 345 347 347 351 345 347 353 349 355 353 355 357 359 361 361 363 365 367 367 369 371 375 373 373 375 375 377 383 379 381 383 383 385 387 389 389 393 391 395 395 399 397 399 401 403 403 407 405 409 409 413 411 413 415 417 419 421 419 423 423 425 427 429 429 431 433 435 435 440 437 441 441 443 445 447 447 449 451 451 455 453 457 457 461 459 65535 65535 0 466
1492 1424 1494 65535 65535 4 6 6 8 10 12 12 14 16 18 18 19 22 22 24 26 28 28 32 30 34 34 36 38 40 40 44 42 46 48 46 51 50 54 56 48 58 54 58 61 60 64 66 68 46 66 72 68 74 70 76 78 70 82 76 78 46 84 80 86 88 86 88 92 90 94 96 92 100 94 102 104 98 102 108 96 110 110 114 112 106 116 116 120 118 122 118 122 125 128 128 128 131 134 124 130 136 138 138 136 143 143 145 142 140 147 147 151 150 154 154 154 160 156 162 164 162 158 166 162 168 170 170 173 172 176 176 170 182 178 179 184 186 184 190 187 186 192 192 195 194 198 200 200 202 200 204 206 198 208 212 208 206 200 209 214 216 218 216 218 220 221 223 226 226 226 230 231 234 234 236 237 228 240 242 228 242 244 228 246 248 248 250 252 254 256 254 254 258 254 260 262 264 262 266 266 268 270 272 270 272 276 274 278 280 280 284 285 284 284 287 282 282 254 290 264 284 292 292 295 294 298 300 302 300 300 303 305 298 300 308 308 312 310 314 314 317 319 316 322 322 324 317 326 317 328 330 332 292 254 330 334 328 336 330 336 339 338 342 342 346 344 348 350 351 350 350 353 356 356 360 358 362 363 362 366 366 368 370 372 374 372 376 376 380 378 382 384 382 386 386 390 388 392 353 392 394 350 395 398 398 399 402 399 404 406 404 408 404 404 410 412 413 413 418 415 419 419 421 424 425 428 425 430 425 431 431 433 436 437 437 440 441 437 443 443 445 448 449 449 452 453 453 458 455 459 461 459 463 465 463 470 348 465 472 404 467 412 350 472 474 472 476 478 480 480 483 482 486 488 486 478 490 490 494 492 496 497 496 496 500 502 496 504 504 506 508 510 292 254 254 510 512 510 514 516 516 518 520 522 522 524 522 526 528 530 530 534 532 532 536 538 538 522 528 542 540 544 544 546 548 550 550 552 522 554 550 556 558 556 558 562 560 564 566 564 568 564 570 572 572 576 574 578 580 578 570 564 578 582 584 584 586 588 590 591 590 590 594 596 598 598 602 600 604 604 606 604 608 596 610 604 590 612 612 616 614 618 618 619 618 622 624 625 625 627 629 629 633 624 618 631 636 636 640 638 642 642 644 646 642 648 648 652 650 654 656 654 660 658 662 656 664 664 666 668 666 670 671 674 674 676 674 678 680 682 682 686 684 688 688 690 688 692 680 694 694 698 696 700 700 702 704 706 708 706 710 710 714 712 716 716 718 720 722 722 724 726 724 728 730 730 730 732 734 736 736 740 742 740 744 746 748 746 750 751 751 754 748 756 744 740 758 740 760 738 762 762 766 760 764 768 770 768 770 774 776 772 778 778 780 782 784 784 788 786 790 786 792 794 792 792 796 792 798 800 802 802 804 800 802 792 806 808 800 808 810 792 812 808 814 814 816 818 820 820 822 824 826 828 830 828 832 826 834 836 834 838 838 840 834 834 842 844 824 846 848 846 850 846 852 854 852 856 824 858 856 860 862 860 864 864 867 866 870 872 870 860 874 876 878 876 876 880 882 884 882 886 888 884 890 884 892 892 894 896 896 898 822 900 896 902 820 904 906 904 906 908 910 912 912 914 916 912 918 918 920 918 922 924 924 926 924 910 928 930 932 932 934 930 936 937 940 940 943 932 942 940 946 948 948 950 948 952 946 954 955 958 960 958 962 960 948 948 958 964 965 965 969 968 972 972 974 975 978 978 980 982 984 982 984 988 986 990 992 986 940 972 990 994 986 996 998 1000 998 998 1002 1004 1006 996 996 1004 1008 1010 1012 1014 1012 1016 1012 1018 1018 1022 1020 1024 1022 1028 1024 1030 1026 1031 1031 1026 1030 1034 1036 1038 1040 1038 1040 1042 1045 1048 1044 1050 1030 1048 1026 1036 1052 1030 1054 1054 1056 1058 1054 1060 1062 1062 1010 1054 1060 1064 1054 1066 1012 1068 1070 1072 1070 1070 1074 1076 1068 1078 1070 1078 1081 1080 1084 1086 1086 1088 1090 1092 1086 1094 1096 1084 1094 1101 1096 1098 1096 1104 1106 1108 1106 1106 1112 1110 1114 1116 1116 1118 1114 1116 1121 1120 1123 1123 1127 1126 1084 1130 1132 1099 1134 1090 1136 1138 1140 1136 1138 1138 1142 1143 1070 1146 1138 1148 1148 1151 1150 1154 1154 1156 1158 1160 1160 1163 1162 1166 1166 1168 1170 1172 1174 1160 1176 1170 1180 998 1174 1178 1182 1180 1172 1184 1178 1186 1187 1190 1190 1192 1193 1196 1196 1198 1200 1202 1196 1204 1206 1206 1208 1209 1204 1212 1212 1214 1215 1218 1220 1222 1222 1224 1220 1225 1228 1228 1232 1234 1230 1236 1234 1236 1240 1232 1242 1238 1244 1246 1246 1248 1244 1249 1252 1252 1254 1256 1252 1258 1260 1262 1262 1264 1266 1260 1268 1270 1268 1268 1272 1274 1276 1276 1278 1276 1274 1282 1280 1268 1284 1258 1286 1286 1290 1288 1292 1292 1294 1296 1298 1296 1301 1298 1303 1300 1303 1307 1307 1309 1306 1312 1312 1314 1306 1316 1316 1319 1318 1322 1322 1323 1326 1322 1328 1330 1328 1330 1333 1332 1335 1338 1340 1338 1335 1338 1343 1342 1345 1345 1338 1349 1347 1352 1353 1352 1355 1352 1358 1360 1360 1362 1352 1363 1358 1366 1362 1368 1369 1368 1371 1374 1376 1368 1371 1374 1378 1378 1380 1381 1384 1384 1386 1388 1384 1338 1388 1390 1368 1384 1392 1394 1396 1398 1400 1396 1402 1402 1404 1402 1398 1405 1394 1408 1408 1411 1408 1411 1218 1414 1416 1410 1212 1418 1418 1420 1421 1424 1424 1425 1428 1430 1432 1432 1434 1436 1432 1438 1432 1438 1440 1428 1424 1430 1418 1442 1424 1440 1444 1424 1446 1424 1448 1450 1450 1452 1455 1452 1448 1457 1452 1460 1460 1454 1452 1462 1424 1464 1454 1466 1467 1466 1467 1470 1472 1474 1476 1472 1474 1478 1478 1481 1480 1424 1466 1484 1486 1484 1488 1486 1490 1490 0 1498
3 5 7 7 11 9 13 13 17 15 19 19 23 21 25 25 27 29 31 31 33 35 37 37 39 41 43 43 45 47 49 49 51 54 55 55 57 59 65535 65535 0 64

75 65535 3 3 5 7 9 9 13 12 15 15 19 18 21 21 25 24 27 27 30 31 33 33 35 37 39 39 42 43 45 45 48 49 51 51 54 55 57 57 61 59 63 63 66 67 69 69 72 73 0 80
4 6 8 12 10 14 14 18 16 20 20 22 23 26 26 30 28 32 32 36 34 38 38 40 42 44 44 46 48 50 50 52 54 56 56 60 58 62 62 66 64 68 68 70 72 74 74 76 78 80 80 82 84 86 86 88 90 92 92 94 96 98 98 102 100 104 104 108 106 110 110 114 112 116 116 120 118 122 122 126 124 128 128 130 132 134 134 138 136 140 140 142 144 146 146 150 148 152 152 156 154 158 158 160 162 164 164 168 166 170 170 174 172 176 176 180 178 182 182 186 184 188 188 192 190 194 194 196 198 200 200 202 204 206 206 208 210 212 212 216 214 218 218 222 220 224 224 228 226 230 230 232 233 236 236 238 240 240 242 244 246 246 248 250 252 252 254 256 258 258 262 260 264 264 268 266 270 270 272 274 276 276 280 278 282 282 284 286 288 288 292 290 294 294 298 296 300 300 304 302 306 306 308 316 311 310 314 314 316 318 320 322 322 325 324 328 328 330 332 334 334 338 336 340 340 344 342 346 346 348 350 352 352 356 354 358 358 362 360 364 364 367 366 370 370 373 372 376 376 379 378 382 382 386 384 388 388 392 390 394 394 396 398 400 400 403 402 406 406 410 408 412 412 414 418 420 415 422 420 422 425 424 428 428 430 431 434 434 436 438 440 440 442 443 446 446 448 450 452 452 454 456 458 458 460 461 464 464 466 466 470 468 472 472 476 474 478 478 482 480 484 484 486 487 490 490 492 493 496 496 499 498 502 502 504 506 508 508 510 511 514 514 516 517 520 520 522 523 526 526 528 529 532 532 534 538 540 535 542 540 542 544 545 548 548 551 550 554 554 557 556 560 560 562 564 566 566 568 569 572 572 574 576 578 578 580 582 584 584 586 588 590 590 593 592 596 596 598 600 602 602 606 604 608 608 610 611 614 614 616 618 620 620 623 622 626 626 628 630 632 632 876 634 638 636 640 640 644 642 646 646 650 648 652 652 656 654 658 658 660 661 664 664 668 666 670 670 672 674 676 676 678 680 682 682 684 686 686 688 690 692 692 694 696 698 698 700 702 704 704 706 708 710 710 712 714 716 716 720 718 722 722 726 724 728 728 732 730 734 734 736 738 740 740 744 742 744 748 746 750 750 754 752 756 756 759 758 762 762 764 766 768 768 770 772 774 774 776 778 780 780 782 784 786 786 788 790 792 792 796 794 798 798 802 800 804 804 808 806 810 810 814 812 816 816 820 818 822 822 826 824 828 828 830 832 834 834 836 838 840 840 842 843 846 846 849 848 852 852 855 854 858 858 860 861 864 864 866 868 870 870 872 873 876 876 880 878 882 882 886 884 888 888 892 890 894 894 896 897 900 900 902 903 906 906 910 908 912 912 916 914 918 918 920 922 924 924 928 926 930 930 932 934 936 936 940 938 942 942 944 946 948 948 952 950 954 954 957 956 960 960 962 964 966 966 968 970 972 974 974 978 976 980 980 982 984 986 986 988 990 990 992 993 996 996 998 1000 1002 1002 1004 1005 1008 1008 1012 1010 1014 1014 1017 1016 1020 1020 1023 1022 1026 1026 1028 1030 1032 1032 1034 1036 1038 1038 1042 1040 1044 1044 1047 1046 1050 1050 1053 1052 1056 1056 1058 1059 1062 1062 1065 1064 1068 1068 1071 1070 1074 1074 1076 1077 1080 1080 1083 1082 1086 1086 1088 1089 1092 1092 1095 1094 1098 1098 1100 1101 1104 1104 1108 1109 1106 1112 1112 1112 1114 1115 1118 1118 1120 1121 1124 1124 1127 1126 1130 1130 1132 1133 1136 1136 1139 1138 1142 1142 1144 1145 1148 1148 1150 1152 1154 1154 1156 1157 1160 1160 1163 1162 1166 1166 1169 1168 1172 1172 1174 1175 1178 1178 1180 1181 1184 1184 1187 1186 1190 1190 1193 1192 1196 1196 1199 1198 1202 1202 1204 1205 1208 1208 1210 1212 1214 1214 1217 1216 1220 1220 1222 1223 1226 1226 1229 1228 1232 1232 1235 1234 1238 1238 1241 1240 1244 1244 1247 1246 1250 1250 1253 1252 1256 1256 1257 1260 1260 1263 1262 1266 1266 1268 1269 1272 1272 1274 1275 1278 1278 65535 0 1282

4 6 8 10 10 14 12 16 16 20 18 22 22 24 26 28 28 32 30 34 34 38 36 40 40 42 44 46 46 48 50 52 52 54 56 58 58 60 62 62 66 64 68 68 70 72 74 74 76 78 80 80 82 84 86 86 88 90 92 92 96 94 98 98 102 100 104 104 106 108 110 110 114 112 116 116 118 120 122 122 124 126 128 128 132 130 134 134 136 138 140 140 142 144 146 146 150 148 152 152 156 154 158 158 162 160 164 164 168 166 170 170 172 174 176 176 178 180 182 182 186 184 188 188 192 190 194 194 196 198 200 200 204 202 206 206 210 208 212 212 216 214 218 218 220 222 224 224 226 228 230 230 234 232 236 236 240 238 242 242 244 246 248 248 250 252 252 256 254 258 258 260 262 264 264 266 268 270 270 272 274 275 277 280 280 282 283 286 286 288 289 292 292 294 295 298 298 301 300 304 304 307 306 310 310 313 312 316 316 319 318 322 322 325 324 328 328 331 330 334 334 337 336 340 340 342 343 346 346 349 348 352 352 355 354 358 358 360 361 364 364 366 367 370 370 374 372 376 376 378 379 382 382 385 384 388 388 391 390 394 394 398 396 400 400 403 402 406 406 409 408 412 412 414 416 416 419 418 422 422 425 424 428 428 431 430 434 434 437 436 440 440 442 445 447 444 450 447 450 453 452 456 456 458 460 462 462 464 465 468 468 471 470 474 474 476 477 480 480 483 482 486 486 489 488 492 492 494 495 498 498 502 500 502 505 504 508 508 510 511 514 514 516 517 520 520 522 523 526 526 528 530 531 534 534 534 536 537 540 540 543 542 546 546 548 549 552 552 906 554 558 556 560 560 562 564 566 566 570 568 572 572 576 574 578 578 580 581 584 584 588 586 588 590 591 594 594 597 596 600 600 602 604 606 606 611 608 614 609 611 614 616 617 620 620 622 624 626 626 630 628 632 632 636 634 638 638 642 640 644 644 646 648 650 650 652 654 656 656 658 660 662 662 666 664 668 668 670 672 674 674 678 676 680 680 682 684 686 686 688 689 692 692 694 695 698 698 701 700 704 704 707 706 710 710 713 712 716 716 718 720 722 722 725 724 728 728 730 731 734 734 736 737 740 740 744 742 746 746 749 748 752 752 756 754 756 759 758 762 762 765 764 768 768 771 770 774 774 776 778 780 780 783 782 786 786 788 789 792 792 794 795 798 798 801 800 804 804 806 807 810 810 814 812 816 816 818 819 822 822 825 824 828 828 830 831 834 834 836 837 840 840 842 843 846 846 848 849 852 852 855 854 858 858 862 860 862 865 864 868 868 871 870 874 874 877 876 880 880 882 883 886 886 888 889 892 892 894 895 898 898 901 900 904 904 906 909 908 912 912 914 917 919 916 922 919 922 927 924 930 925 932 930 932 935 934 938 938 941 940 944 944 946 947 950 950 952 953 956 956 959 958 962 962 965 964 968 968 971 970 974 974 976 977 980 980 983 982 986 986 988 989 992 992 994 995 998 999 998 1002 1002 1005 1004 1008 1008 1011 1010 1014 1014 1018 1016 1020 1020 1024 1022 1026 1026 1028 1029 1032 1032 1035 1034 1038 1038 1041 1040 1044 1044 1047 1046 1050 1050 1052 1053 1056 1056 1062 1058 1064 1060 1066 1064 1066 1068 1069 1072 1072 1076 1074 1078 1078 1080 1081 1084 1084 1087 1086 1090 1090 1093 1092 1096 1096 1098 1100 1102 1102 1104 1106 1108 1108 1110 1111 1114 1114 1117 1116 1120 1120 1122 1124 1126 1126 1128 1129 1132 1132 1134 1135 1138 1138 1140 1141 1144 1144 1147 1146 1150 1150 1152 1153 1156 1156 1159 1158 1162 1162 1164 1165 1168 1168 1171 1170 1174 1174 1177 1176 1180 1180 1182 1184 1186 1186 1189 1188 1192 1192 1194 1195 1198 1198 1202 1200 1204 1204 1208 1206 1210 1210 1212 1213 1216 1216 1219 1218 1222 1222 1225 1224 1228 1228 1231 1230 1234 1234 1237 1236 1240 1240 1244 1242 1246 1246 1249 1248 1252 1252 1256 1253 1256 1259 1258 1262 1262 1265 1264 1268 1268 1271 1270 1274 1274 1276 1278 1280 1280 1282 1283 1286 1286 1288 1290 1290 1292 1293 1296 1296 1299 1298 1302 1302 1306 1304 1308 1308 1312 1310 1314 1314 1316 1317 1320 1320 1324 1322 1326 1326 1329 1328 1332 1332 1335 1334 1338 1340 1340 1340 1343 1342 1346 1346 1349 1348 1352 1352 1355 1354 1358 1358 1360 1363 1362 1366 1368 1366 1368 1372 1370 1374 1374 1376 1377 1380 1380 1382 1383 1386 1386 1389 1388 1392 1392 1394 1395 1398 1398 1402 1400 1404 1404 1406 1408 1410 1410 1412 1413 1416 1416 1419 1418 1422 1422 1424 1425 1428 1428 1430 1432 1434 1434 1436 1437 1440 1440 1443 1442 1446 1446 1450 1448 1452 1452 1454 1455 1458 1458 1461 1460 1464 1464 1467 1466 1470 1470 1472 1473 1476 1476 1479 1478 1482 1482 1483 1486 1486 1488 2078 1490 1492 1494 1496 1496 1498 1500 1502 1502 1504 1505 1508 1508 1510 1512 1514 1514 1517 1516 1520 1520 1522 1523 1526 1528 1526 1530 1530 1532 1534 1536 1536 1538 1539 1542 1542 1546 1544 1548 1548 1550 1552 1554 1554 1558 1556 1560 1560 1564 1562 1566 1566 1569 1568 1572 1572 1575 1574 1578 1578 1580 1582 1584 1584 1588 1585 1588 1590 1591 1594 1594 1596 1597 1600 1600 1602 1603 1606 1606 1609 1608 1612 1612 1616 1614 1617 1620 1620 1620 1622 1623 1626 1626 1628 1629 1632 1632 1635 1634 1638 1638 1644 1640 1641 1646 1648 1646 1648 1650 1652 1652 1656 1654 1658 1658 1660 1661 1664 1664 1666 1667 1670 1670 1672 1674 1676 1676 1680 1678 1682 1682 1684 1685 1688 1688 1691 1690 1694 1694 1696 1698 1700 1700 1702 1704 1706 1706 1708 1709 1712 1712 1714 1716 1718 1718 1721 1720 1724 1724 1726 1727 1730 1730 1732 1734 1736 1736 1739 1738 1742 1742 1745 1744 1748 1748 1750 1751 1754 1754 1756 1758 1760 1760 1762 1763 1766 1766 1769 1768 1772 1772 1775 1774 1778 1778 1781 1780 1784 1784 1786 1787 1790 1790 1793 1792 1796 1796 1798 2078 1801 1800 1804 1804 1806 1807 1810 1810 1812 1813 1816 1816 1818 1819 1822 1822 1825 1824 1828 1828 1830 1831 1834 1834 1836 1837 1840 1840 1842 1843 1846 1846 1849 1848 1852 1852 1854 1855 1858 1858 1860 1861 1864 1864 1868 1866 1870 1870 1872 1873 1876 1876 1879 1878 1882 1882 1885 1884 1888 1888 1890 1891 1894 1894 1896 1897 1900 1900 1903 1902 1906 1906 1909 1908 1912 1912 1915 1914 1918 1918 1920 1921 1924 1924 1927 1926 1930 1930 1932 1933 1936 1936 1938 1940 1942 1942 1944 1945 1948 1948 1951 1950 1954 1954 1957 1956 1960 1960 1962 1963 1966 1966 1969 1968 1972 1972 1975 1974 1978 1978 1982 1980 1984 1984 1987 1986 1990 1990 1992 1994 1996 1996 1999 1998 2002 2002 2005 2004 2008 2008 2011 2010 2014 2014 2017 2016 2020 2020 2022 2024 2026 2026 2029 2028 2032 2032 2036 2034 2038 2038 2041 2040 2044 2044 2046 2047 2050 2050 2053 2052 2056 2056 2057 2060 2060 2062 2064 2064 2066 2068 2070 2070 2074 2072 2076 2076 2078 2080 2081 2084 2084 2087 2086 2090 2090 2092 2094 2094 2098 2096 2100 2100 2102 2103 2106 2106 2108 2109 2112 2112 2114 2116 2118 2118 2120 2122 2124 2124 2126 2127 2130 2130 2134 2132 2136 2136 2138 2140 2142 2142 2144 2146 2148 2148 2151 2150 2154 2154 2158 2156 2160 2160 2162 2164 2166 2166 2170 2168 2172 2172 2174 2176 2178 2178 2179 2182 2182 2185 2184 2188 2188 2189 2198 2192 2192 2194 2195 2200 2200 2200 2203 2202 2206 2206 2208 2210 2212 2212 2214 2217 2215 2220 2222 2220 2222 2224 2225 2228 2228 2230 2231 2234 2234 2238 2236 2240 2240 2243 2242 2246 2246 2248 2249 2252 2252 2254 2256 2258 2258 2260 2262 2264 2264 2266 2268 2270 2270 2273 2272 2276 2276 2279 2278 2282 2282 2285 2284 2288 2288 2290 2291 2294 2294 2298 2296 2300 2300 2304 2302 2306 2306 2308 2310 2312 2312 2314 2315 2318 2318 2320 2321 2324 2324 2326 2327 2330 2330 2332 2333 2336 2336 2340 2338 2342 2342 2346 2344 2348 2348 2350 2351 2354 2354 2356 3400 2358 2359 2362 2362 2365 2364 2368 2368 2370 2372 2374 2374 2378 2376 2380 2380 2384 2382 2386 2386 2390 2388 2392 2392 2396 2394 2398 2398 2400 2402 2404 2404 2408 2406 2410 2410 2412 2414 2416 2416 2420 2418 2422 2422 2424 2426 2428 2428 2430 2432 2434 2434 2436 2438 2440 2440 2444 2442 2444 2448 2446 2450 2450 2452 2454 2456 2456 2460 2458 2462 2462 2464 2466 2468 2468 2470 2472 2474 2474 2478 2476 2480 2480 2484 2482 2486 2486 2488 2490 2492 2492 2498 2496 2494 2500 2500 2500 2504 2502 2506 2506 2510 2508 2512 2512 2516 2514 2520 2518 2518 2522 2522 2526 2524 2528 2528 2532 2530 2534 2534 2537 2536 2542 2540 2540 2544 2544 2546 2548 2550 2550 2554 2552 2556 2556 2558 2560 2562 2562 2566 2564 2568 2568 2572 2570 2574 2574 2576 2578 2580 2580 2582 2584 2586 2586 2590 2588 2590 2594 2592 2596 2596 2600 2598 2602 2602 2606 2604 2608 2608 2612 2610 2614 2614 2617 2616 2620 2620 2623 2622 2626 2626 2628 2629 2632 2632 2636 2634 2636 2642 2638 2639 2644 2646 2644 2646 2649 2648 2652 2652 2654 2655 2658 2658 2660 2661 2664 2664 2667 2666 2670 2670 2672 2673 2676 2676 2678 2679 2682 2682 2686 2684 2688 2688 2692 2690 2694 2694 2696 2697 2700 2700 2702 2703 2706 2706 2707 2710 2710 2712 2713 2716 2716 2722 2718 2719 2724 2726 2724 2726 2728 2729 2732 2732 2735 2734 2738 2738 2741 2740 2744 2744 2748 2746 2750 2750 2752 2754 2756 2756 2758 2759 2762 2762 2764 2766 2768 2768 2772 2770 2774 2774 2777 2776 2780 2780 2782 2784 2786 2786 2788 2790 2792 2792 2794 2795 2798 2798 2800 2802 2804 2804 2806 2808 2810 2810 2813 2812 2816 2816 2818 2819 2822 2822 2825 2824 2828 2828 2832 2830 2834 2834 2837 2836 2840 2840 2843 2842 2846 2846 2848 2850 2852 2852 2854 2855 2858 2858 2860 2862 2864 2864 2868 2866 2870 2870 2872 2873 2876 2876 2878 2880 2882 2882 2886 2884 2888 2888 2890 2891 2894 2894 2896 2897 2900 2900 2903 2902 2906 2906 2910 2908 2912 2912 2915 2914 2918 2918 2920 2921 2924 2924 2927 2926 2930 2930 2934 2932 2936 2936 2939 2938 2942 2942 2946 2944 2948 2948 2952 2950 2954 2954 2957 2956 2960 2960 2965 2962 2967 2964 2970 2970 2970 2972 2973 2976 2976 2978 2979 2982 2982 2984 2986 2988 2988 2991 2990 2994 2994 2996 2997 3000 3000 3002 3003 3006 3006 3009 3008 3012 3012 3015 3014 3018 3018 3021 3020 3024 3024 3026 3028 3030 3030 3032 3034 3036 3036 3038 3042 3044 3039 3046 3044 3046 3048 3049 3052 3052 3055 3054 3058 3058 3061 3060 3064 3064 3066 3067 3070 3070 3072 3073 3076 3076 3078 3079 3082 3082 3086 3084 3088 3088 3090 3092 3094 3094 3097 3096 3100 3100 3102 3103 3106 3106 3109 3108 3112 3112 3114 3115 3118 3118 3121 3120 3124 3124 3127 3126 3130 3130 3132 3134 3136 3136 3137 3140 3140 3143 3142 3147 3146 3146 3150 3150 3153 3152 3156 3156 3158 3160 3162 3162 3164 3165 3168 3168 3171 3170 3174 3174 3176 3177 3180 3180 3182 3183 3186 3186 3188 3189 3192 3192 3194 3196 3196 3198 3202 3203 3200 3206 3203 3206 3212 3209 3208 3216 3214 3214 3214 3218 3218 3221 3220 3224 3224 3227 3226 3230 3230 3232 3234 3236 3236 3238 3239 3242 3242 3245 3244 3248 3248 3250 3251 3254 3254 3256 3258 3260 3260 3262 3264 3266 3266 3268 3269 3272 3272 3274 3277 3279 3276 3282 3279 3282 3284 3286 3288 3288 3290 3291 3294 3294 3300 3296 3302 3297 3304 3302 3304 3309 3306 3307 3312 3314 3312 3314 3317 3316 3320 3320 3323 3322 3326 3326 3329 3328 3332 3332 3334 3336 3338 3338 3340 3341 3344 3344 3346 3347 3350 3350 3353 3352 3356 3356 3358 3359 3362 3362 3366 3364 3368 3368 3370 3371 3374 3374 3378 3376 3380 3380 3382 3383 3386 3386 3389 3388 3392 3392 3394 3396 3398 3398 3400 3402 3403 3406 3406 3408 3409 3412 3412 3414 3416 3418 3418 3420 3421 3424 3424 3428 3426 3430 3430 3433 3432 3436 3436 65535 0 3440
701 65535 4 4 6 8 8 11 10 14 14 16 18 20 20 23 22 26 26 30 28 32 32 36 34 38 40 42 42 44 46 48 48 50 52 54 56 54 60 56 62 58 64 64 65 68 68 70 72 74 76 78 80 70 82 76 82 87 84 90 90 92 93 96 78 85 96 99 98 98 102 104 104 106 108 110 110 112 114 116 116 119 118 122 122 124 125 128 128 130 132 134 134 136 137 140 140 142 143 146 146 148 149 152 152 155 154 158 158 161 160 164 164 167 166 170 170 174 172 176 176 179 178 182 182 182 184 188 185 190 190 194 192 196 196 198 199 202 202 206 204 208 208 211 210 214 214 218 216 220 220 222 224 226 228 230 230 232 234 236 236 238 240 242 242 244 246 248 248 252 250 254 254 256 257 260 260 263 262 266 266 268 269 272 274 274 278 276 280 280 282 283 286 286 289 288 292 292 296 294 298 298 302 300 304 304 304 306 308 309 312 312 315 314 318 318 321 320 324 324 327 326 330 330 334 332 336 336 340 338 342 342 344 345 348 348 350 352 354 354 358 356 360 360 362 364 366 366 368 370 372 372 376 374 378 378 380 382 384 384 387 386 390 390 390 393 396 392 398 398 400 402 404 404 408 406 410 410 410 412 413 416 418 418 421 420 424 424 426 427 430 430 434 432 436 436 438 440 442 442 446 444 446 448 449 452 452 454 456 458 458 462 460 464 464 466 468 470 470 474 472 476 476 478 479 482 482 485 484 488 488 490 491 494 494 498 496 500 500 502 503 506 506 508 509 512 512 514 515 518 518 522 520 524 524 526 527 530 532 530 530 532 538 536 533 540 542 542 544 546 548 548 551 550 554 554 554 556 558 560 562 562 564 565 568 568 572 570 574 574 576 578 580 580 584 582 586 586 589 588 592 592 594 596 598 598 601 600 604 604 608 606 610 610 614 612 616 618 616 618 620 622 624 624 626 627 630 630 632 634 636 636 640 638 642 642 644 646 648 648 650 652 654 654 656 658 660 661 661 664 665 667 670 667 673 670 672 675 675 679 678 681 683 683 685 688 689 689 693 691 695 695 697 700 0 706
701 65535 4 4 6 8 8 11 10 14 14 16 18 20 20 23 22 26 26 30 28 32 32 36 34 38 40 42 42 44 46 48 48 50 52 54 56 54 60 56 62 58 64 64 65 68 68 70 72 74 76 78 80 70 82 76 82 87 84 90 90 92 93 96 78 85 96 99 98 98 102 104 104 106 108 110 110 112 114 116 116 119 118 122 122 124 125 128 128 130 132 134 134 136 137 140 140 142 143 146 146 148 149 152 152 155 154 158 158 161 160 164 164 167 166 170 170 174 172 176 176 179 178 182 182 182 184 188 185 190 190 194 192 196 196 198 199 202 202 206 204 208 208 211 210 214 214 218 216 220 220 222 224 226 228 230 230 232 234 236 236 238 240 242 242 244 246 248 248 252 250 254 254 256 257 260 260 263 262 266 266 268 269 272 274 274 278 276 280 280 282 283 286 286 289 288 292 292 296 294 298 298 302 300 304 304 304 306 308 309 312 312 315 314 318 318 321 320 324 324 327 326 330 330 334 332 336 336 340 338 342 342 344 345 348 348 350 352 354 354 358 356 360 360 362 364 366 366 368 370 372 372 376 374 378 378 380 382 384 384 387 386 390 390 390 393 396 392 398 398 400 402 404 404 408 406 410 410 410 412 413 416 418 418 421 420 424 424 426 427 430 430 434 432 436 436 438 440 442 442 446 444 446 448 449 452 452 454 456 458 458 462 460 464 464 466 468 470 470 474 472 476 476 478 479 482 482 485 484 488 488 490 491 494 494 498 496 500 500 502 503 506 506 508 509 512 512 514 515 518 518 522 520 524 524 526 527 530 532 530 530 532 538 536 533 540 542 542 544 546 548 548 551 550 554 554 554 556 558 560 562 562 564 565 568 568 572 570 574 574 576 578 580 580 584 582 586 586 589 588 592 592 594 596 598 598 601 600 604 604 608 606 610 610 614 612 616 618 616 618 620 622 624 624 626 627 630 630 632 634 636 636 640 638 642 642 644 646 648 648 650 652 654 654 656 658 660 661 661 664 665 667 670 667 673 670 672 675 675 679 678 681 683 683 685 688 689 689 693 691 695 695 697 700 0 706
187 186 65535 65535 4 5 8 8 10 12 12 14 16 16 19 18 22 22 26 24 28 28 30 32 34 34 36 38 40 40 44 44 48 46 50 50 54 52 56 56 58 60 62 62 63 66 68 68 69 72 74 74 75 78 80 80 81 84 86 86 88 86 90 86 91 86 93 96 86 98 42 100 100 102 104 106 106 109 108 112 112 114 115 118 118 122 120 124 124 126 127 130 130 134 132 136 136 138 139 142 142 144 145 148 148 151 150 154 154 158 156 160 160 162 164 166 166 169 168 172 172 174 175 178 178 180 182 184 184 0 192
100 98 65535 4 65535 4 8 6 10 12 12 16 14 18 18 19 22 24 24 26 28 22 30 30 32 34 36 37 36 40 40 42 44 46 46 48 49 52 52 54 56 58 60 58 62 62 65 64 68 68 70 72 74 74 78 76 80 80 84 82 86 86 89 88 92 92 96 94 98 0 104
160 162 65535 65535 4 6 8 6 10 10 14 12 16 16 18 20 22 24 22 26 26 28 30 31 33 31 33 30 35 35 39 38 42 42 45 44 30 48 48 52 50 54 56 54 58 60 58 62 62 64 62 66 68 62 70 72 70 74 70 76 70 70 77 80 80 84 70 81 86 86 70 88 90 92 92 94 95 98 98 100 101 104 106 104 108 110 108 110 113 112 116 118 118 120 116 121 118 118 123 116 126 118 128 118 130 128 132 134 134 136 138 118 140 140 142 144 146 146 150 148 152 152 156 154 158 158 0 166
5 4 8 8 10 11 14 14 16 18 20 20 22 23 26 26 30 28 32 32 35 34 38 38 40 42 44 44 47 46 49 52 52 52 55 54 58 58 62 59 62 64 65 68 68 70 72 74 74 80 76 77 82 82 82 85 84 88 88 91 90 94 94 96 97 100 100 102 103 106 108 106 110 110 112 113 116 116 120 118 122 122 124 126 126 134 128 129 134 134 132 134 136 137 140 140 141 144 144 146 148 148 154 151 150 151 154 156 157 160 160 163 162 166 166 168 170 172 172 65535 174 65535 0 178
4 5 8 8 9 18 28 11 30 14 16 20 11 14 16 18 20 22 24 26 26 28 30 33 32 36 36 38 39 42 42 45 44 48 48 51 50 54 54 56 57 60 60 61 64 64 67 66 70 70 72 73 76 76 79 78 82 82 85 84 88 88 90 92 94 94 97 96 100 100 102 103 106 106 107 110 110 114 65535 112 114 65535 0 118
3 6 7 7 9 11 13 13 15 18 19 19 21 24 25 25 27 29 31 31 36 33 37 37 39 42 43 43 48 45 49 49 51 54 55 55 59 57 61 61 63 65 67 67 69 71 73 73 77 75 79 79 83 81 85 85 87 90 91 91 93 95 97 97 102 99 103 103 105 107 65535 65535 0 112
150 151 65535 65535 3 5 7 7 11 10 13 13 15 17 17 21 20 23 23 27 26 29 29 32 33 35 37 40 37 35 41 43 41 45 45 47 49 49 51 53 53 56 57 59 61 59 63 63 66 67 69 69 73 71 75 75 78 79 79 83 82 85 85 89 87 91 93 95 95 91 97 93 99 101 99 103 105 107 103 105 109 103 111 113 116 113 117 117 120 121 123 123 127 126 129 129 131 133 135 135 139 138 141 141 143 145 147 147 0 156
5 4 8 8 11 10 14 14 17 16 20 20 23 22 26 26 28 29 32 32 34 35 38 38 40 41 44 44 48 45 48 50 52 54 54 57 56 60 60 64 62 65 64 68 68 71 70 74 74 76 78 78 79 82 82 85 84 88 88 90 92 92 96 94 99 98 98 102 102 104 105 108 108 112 110 112 114 115 118 118 120 121 124 124 126 127 130 130 132 134 134 136 137 140 140 142 150 150 144 146 150 148 150 150 154 152 156 156 159 158 162 162 165 164 168 168 171 170 174 174 176 178 180 180 184 182 65535 65535 0 188
179 178 65535 65535 6 4 8 8 10 12 12 15 14 18 18 20 21 24 24 26 28 30 28 32 28 28 34 36 28 38 28 40 28 42 42 44 45 48 48 52 50 54 50 56 56 60 58 58 64 62 66 68 66 70 70 71 70 74 75 70 78 70 80 70 82 84 84 86 88 90 90 92 93 96 98 96 100 100 102 104 106 108 106 110 112 108 114 114 117 116 120 120 122 124 126 124 128 128 130 132 134 132 136 136 138 139 142 142 146 144 148 148 149 152 152 155 154 158 158 160 161 164 164 168 166 170 170 172 174 176 176 0 184
6 3 10 10 7 12 12 13 16 65535 65535 0 20

58 60 65535 65535 4 6 8 8 11 10 14 14 16 17 20 20 23 22 26 26 28 29 32 32 36 34 38 38 41 40 44 44 46 47 50 50 52 53 56 56 0 64
40 42 65535 65535 5 4 8 8 12 10 14 14 16 18 20 20 24 22 26 26 30 28 32 32 34 36 38 38 0 46
74 76 65535 65535 4 6 8 8 10 11 14 14 16 18 20 20 22 24 26 26 30 28 32 32 34 36 38 38 42 40 44 44 46 48 50 50 54 52 56 56 58 60 62 62 66 64 68 68 70 72 74 0 80
3 5 7 7 11 9 13 13 17 15 19 19 21 23 25 25 29 27 31 31 35 33 37 37 42 39 43 43 45 48 49 49 54 51 55 55 60 57 61 61 66 63 67 67 69 71 71 75 73 77 77 80 83 81 81 83 85 87 89 89 91 93 95 95 97 99 101 101 103 105 107 107 109 111 113 113 115 117 117 119 121 123 123 127 125 127 129 132 133 133 138 135 139 139 144 141 145 145 149 147 151 151 153 156 157 157 162 159 163 163 168 165 169 169 171 173 175 175 177 179 181 181 186 183 65535 65535 0 190
332 334 65535 65535 6 4 8 8 10 12 14 14 18 16 20 20 24 22 26 26 30 28 32 32 35 34 38 38 40 42 44 42 48 44 50 45 52 52 56 54 58 58 60 61 64 64 68 66 70 70 72 73 76 76 80 78 82 82 85 84 88 88 90 91 94 94 98 96 100 100 104 102 106 106 108 109 112 112 116 114 118 118 120 121 124 124 127 126 130 130 134 132 136 136 139 138 142 142 145 144 148 148 151 150 154 154 157 156 160 160 162 164 162 166 167 170 170 172 173 176 176 180 178 182 182 184 186 188 188 192 190 194 194 197 196 200 200 204 202 202 208 206 210 210 213 212 216 216 218 219 222 222 225 224 228 228 230 231 234 234 236 237 240 240 242 243 246 246 249 248 252 252 254 256 258 258 260 262 260 266 264 268 270 272 274 276 278 280 281 283 285 274 287 281 272 283 270 285 268 280 276 278 290 290 292 294 296 296 300 298 302 304 302 304 308 310 305 312 312 316 314 318 318 322 320 324 324 327 326 330 330 0 338
302 304 65535 65535 6 4 8 8 10 12 14 14 18 16 20 20 22 24 26 26 28 30 32 32 34 36 38 38 42 40 44 44 46 48 50 50 52 54 56 56 60 58 62 62 66 64 68 68 71 70 74 74 76 78 78 82 80 84 84 88 86 90 90 93 92 96 96 98 99 102 102 105 104 108 108 110 111 114 114 118 116 120 120 124 122 126 126 128 130 132 132 136 134 138 138 140 141 144 144 146 148 150 150 152 153 156 156 158 160 162 162 165 164 168 168 172 170 174 174 176 178 180 180 182 183 186 186 188 190 192 192 195 194 198 198 202 200 204 204 208 206 210 210 214 212 216 216 218 220 222 222 224 226 228 228 230 232 234 234 236 238 240 240 242 244 246 246 248 249 252 252 254 256 258 258 260 262 264 264 268 266 270 270 273 272 276 276 279 278 282 282 286 284 288 288 291 290 294 294 296 298 300 300 0 308
64 66 65535 65535 6 4 8 8 12 10 14 14 18 16 20 20 22 24 26 26 29 28 32 32 36 34 38 38 40 42 44 44 46 48 50 50 52 54 56 56 58 60 62 62 0 70
66 64 65535 65535 6 4 8 8 11 10 14 14 16 18 20 20 22 24 26 26 30 28 32 32 36 34 38 38 40 42 44 44 47 46 50 50 54 52 56 56 60 58 62 62 0 70
322 324 65535 65535 6 4 8 10 8 10 13 16 12 18 18 22 20 24 24 28 26 30 30 32 33 36 36 40 38 42 42 46 44 48 48 50 52 54 54 56 57 60 62 64 60 66 64 62 68 68 72 70 74 74 76 78 80 80 82 84 86 86 90 88 92 92 96 94 98 98 101 100 104 106 104 108 108 110 112 114 114 118 116 120 120 124 122 126 126 130 128 132 132 136 134 138 138 140 142 144 144 148 146 150 150 154 152 156 156 159 158 162 162 166 164 168 168 172 170 174 176 176 174 178 180 182 182 184 185 188 188 191 190 194 194 196 198 200 200 202 204 206 206 208 209 212 212 214 215 218 218 222 220 224 226 224 228 228 228 231 230 233 236 236 240 238 242 242 244 246 248 248 252 250 254 254 256 258 260 260 262 264 266 266 268 270 272 272 276 274 278 278 281 280 284 284 288 286 290 290 292 294 296 296 300 298 302 302 306 304 308 308 312 310 314 314 316 317 320 320 0 328
88 89 65535 65535 5 4 8 8 10 11 14 14 17 16 20 20 24 22 26 26 30 28 32 32 35 34 38 38 41 40 44 44 46 48 50 50 54 52 56 56 58 60 62 62 65 64 68 68 72 70 74 74 78 76 80 80 84 82 86 86 0 94
282 283 65535 65535 4 6 8 8 10 11 14 14 17 16 20 20 22 24 26 26 28 29 32 32 34 35 38 38 41 40 44 44 46 48 50 50 52 54 56 56 60 58 62 62 64 66 68 68 70 72 74 74 76 78 80 80 82 84 86 86 88 90 92 92 92 97 95 94 100 100 102 104 106 106 108 110 112 112 114 115 118 118 122 120 124 124 126 128 130 130 132 134 136 138 138 140 136 142 144 144 146 148 150 150 154 152 156 156 158 160 162 162 166 164 168 170 172 174 168 172 170 176 177 176 176 180 182 176 184 184 188 186 190 190 192 194 196 196 198 199 196 196 202 204 196 206 196 208 196 210 196 196 212 214 214 216 218 220 220 224 222 226 226 229 228 232 232 235 234 238 238 242 240 244 244 248 246 250 250 252 254 256 256 258 260 262 262 264 266 268 268 270 272 274 274 276 278 280 280 0 288
58 56 65535 65535 4 6 6 10 8 12 12 14 16 18 18 20 22 24 24 27 26 30 30 32 34 36 36 38 40 42 42 44 46 48 50 52 50 54 54 0 62
88 90 65535 65535 4 6 8 8 10 12 14 14 18 16 20 20 24 22 26 26 28 30 32 32 34 35 38 38 42 40 44 44 46 47 50 50 52 53 56 56 60 58 62 62 64 65 68 68 72 70 74 74 76 78 80 80 84 82 86 86 0 94
57 56 65535 65535 4 6 6 8 10 12 12 15 14 18 18 20 22 24 24 28 26 30 32 30 34 32 36 36 40 38 42 42 44 45 48 48 50 52 54 54 0 62
86 88 65535 65535 3 6 65535 8 65535 10 12 10 15 12 12 18 14 20 20 22 24 26 26 28 30 32 32 34 35 38 38 42 40 44 44 46 44 48 50 50 52 53 56 56 60 58 62 62 66 64 68 68 70 72 70 74 75 78 78 80 82 84 84 0 92
174 176 65535 3 65535 65535 6 65535 8 10 12 14 16 18 20 22 24 26 28 16 14 24 22 28 12 18 30 10 20 26 32 34 32 36 32 38 32 32 40 42 32 32 44 46 46 48 49 52 52 56 54 58 58 61 60 64 64 67 66 70 70 72 73 76 76 80 78 82 82 86 84 88 88 90 92 94 94 96 97 100 100 102 104 106 106 109 108 112 112 116 114 118 118 120 121 124 124 126 128 130 130 134 132 136 136 139 138 142 142 146 144 148 148 152 150 154 154 156 158 160 160 162 164 166 166 168 169 172 172 0 180
106 104 65535 65535 4 5 8 8 10 12 14 14 17 16 20 20 23 22 26 26 28 30 32 32 36 34 38 38 41 40 44 44 48 46 50 50 54 52 56 56 58 60 62 62 66 64 68 68 70 71 74 74 78 76 80 80 82 84 86 86 90 88 92 92 94 96 98 100 98 102 102 0 110
76 74 65535 65535 4 6 8 8 10 12 14 16 14 18 18 22 20 24 26 24 28 28 30 32 34 34 36 34 38 40 42 44 46 44 48 42 40 46 50 50 52 54 54 55 57 54 54 60 62 54 54 64 66 66 70 68 72 72 0 80
36 38 65535 65535 4 6 8 8 10 12 14 14 17 16 20 20 21 24 24 26 28 30 30 32 34 34 0 42
228 226 65535 65535 5 4 8 10 8 12 12 14 16 18 18 20 21 24 24 26 28 30 30 32 33 36 36 40 38 42 42 44 46 48 48 50 51 54 54 56 58 60 60 62 64 66 66 70 68 72 72 76 74 74 78 80 80 82 84 86 86 87 86 89 86 92 94 94 98 96 100 100 102 104 106 106 110 108 112 112 114 116 118 118 122 120 124 124 127 126 130 130 134 132 136 136 140 138 142 142 144 146 148 148 151 150 154 154 156 158 160 160 162 163 166 166 169 168 172 172 176 174 178 178 180 182 184 184 188 186 190 192 194 196 198 200 202 198 190 194 202 204 192 200 196 206 206 209 208 212 212 214 216 218 218 220 222 224 224 0 232
86 88 65535 65535 6 4 8 8 9 12 8 14 8 16 18 16 21 18 18 24 20 26 26 28 30 32 32 34 36 38 38 40 41 44 44 48 46 50 50 52 50 54 56 56 58 59 62 62 66 64 68 68 72 70 74 74 76 78 76 80 81 84 84 0 92
122 120 65535 65535 6 4 8 8 11 10 14 14 18 16 20 22 20 24 24 25 24 28 24 30 24 32 34 34 36 38 40 40 43 42 46 46 49 48 52 52 55 54 58 58 61 60 64 64 68 66 70 70 72 73 76 76 78 79 82 82 84 85 88 88 90 92 94 94 97 96 100 100 103 102 106 106 108 110 112 112 114 115 118 118 0 126
3 6 7 9 9 13 12 17 17 15 19 19 22 23 25 25 28 29 33 33 32 35 35 37 39 41 41 45 44 47 47 50 51 53 53 57 56 59 59 62 63 65 65 69 67 71 71 75 73 77 77 79 81 83 83 85 87 89 89 93 92 95 95 98 99 101 101 104 105 107 107 110 111 113 113 116 117 119 119 123 122 125 125 129 128 131 131 135 134 137 137 141 139 143 143 146 147 149 149 152 153 155 155 158 159 161 161 165 164 167 167 171 170 173 173 176 177 179 179 182 183 185 185 188 189 191 191 195 194 197 197 200 201 203 203 206 207 209 209 212 213 215 215 218 219 221 221 223 225 227 227 231 230 233 233 236 237 239 239 243 242 245 245 249 248 251 251 255 253 257 257 260 261 263 263 266 267 269 269 272 273 275 275 278 279 281 281 285 284 287 287 291 289 293 293 297 295 299 299 302 303 305 305 308 310 311 313 313 313 317 316 319 319 323 322 325 325 328 329 331 331 335 334 339 337 339 341 341 344 345 347 347 350 351 353 353 355 357 359 359 363 362 365 365 369 368 371 371 374 375 377 377 380 381 383 383 387 385 389 389 393 392 395 395 399 398 401 401 404 405 407 407 411 410 413 413 416 417 419 419 421 483 425 423 427 427 429 431 433 433 435 437 439 439 441 443 445 445 447 449 451 451 453 455 457 457 459 461 463 463 465 467 469 469 473 471 475 475 477 479 481 481 483 487 486 489 489 492 493 495 495 499 498 1209 501 501 504 505 507 507 510 511 513 513 517 516 521 521 520 523 523 529 526 531 528 533 531 533 536 537 539 539 541 543 545 545 549 548 551 551 554 555 557 557 561 560 563 563 566 567 569 569 572 573 575 575 579 578 581 581 584 585 587 587 591 590 593 593 597 596 599 599 601 647 603 605 605 607 609 611 611 615 613 617 617 621 619 623 623 627 625 629 629 631 633 633 635 637 639 639 643 641 645 645 647 650 651 653 653 656 657 659 659 663 661 667 667 666 669 669 673 672 675 675 678 681 680 683 685 683 685 688 689 691 691 697 694 699 696 701 699 701 705 704 707 707 710 711 713 713 716 717 719 719 723 722 725 725 728 729 731 731 734 737 739 736 741 739 741 745 743 749 749 748 751 751 755 754 757 757 760 761 763 763 767 766 769 769 773 772 775 775 779 778 781 781 784 785 787 787 791 790 793 793 796 797 799 799 802 803 805 805 808 809 812 812 813 815 815 819 818 821 821 825 823 828 828 829 831 831 834 835 837 837 839 841 845 845 844 847 847 851 850 853 853 856 857 859 859 861 863 865 865 868 869 871 871 875 874 877 877 881 880 883 883 886 887 889 889 893 892 895 895 898 899 901 901 905 904 907 907 910 911 913 913 917 915 919 919 923 922 925 925 927 931 930 933 933 933 937 936 939 939 943 942 947 945 947 949 949 953 951 955 955 959 958 961 961 965 964 967 967 969 971 974 974 975 977 977 981 980 983 983 987 986 989 989 992 993 995 995 999 998 1001 1001 1005 1004 1007 1007 1011 1009 1013 1013 1017 1016 1019 1019 1023 1022 1025 1025 1029 1028 1032 1033 1032 1035 1035 1041 1040 1038 1043 1043 1043 1046 1047 1049 1049 1052 1053 1055 1055 1058 1059 1061 1061 1064 1065 1067 1067 1071 1070 1073 1073 1075 1077 1079 1079 1083 1082 1085 1085 1089 1087 1091 1091 1094 1095 1097 1097 1100 1101 1103 1103 1107 1106 1109 1109 1111 1113 1115 1115 1119 1118 1121 1121 1125 1123 1127 1127 1130 1131 1133 1133 1137 1136 1139 1139 1142 1143 1145 1145 1149 1148 1151 1151 1155 1153 1157 1157 1159 1161 1163 1163 1166 1169 1171 1168 1173 1171 1173 1178 1175 1179 1178 1181 1181 1184 1185 1187 1187 1191 1190 1194 1195 1194 1197 1197 1199 1203 1201 1205 1205 1207 1209 1213 1211 1215 1215 1218 1219 1221 1221 1223 1225 1229 1228 1229 1231 1231 1234 1235 1237 1237 1240 1241 1243 1243 1245 1247 1249 1249 1251 1253 1255 1255 1257 1259 1261 1261 1263 1265 1265 1267 1269 1271 1271 1275 1274 1277 1277 1280 1281 1283 1283 1287 1286 1289 1289 1293 1291 1295 1295 1299 1298 1301 1301 1305 1303 1307 1307 1311 1309 1313 1313 1317 1316 1319 1319 1322 1323 1325 1325 1327 1329 1332 1332 1333 1335 1335 1338 1339 1341 1341 1344 1345 1347 1347 1350 1351 1353 1353 1356 1357 1359 1359 1362 1363 1365 1365 1369 1368 1371 1371 1374 1375 1377 1377 1380 1381 1383 1383 1387 1386 1389 1389 1391 1393 1395 1395 1399 1398 1401 1401 1404 1405 1407 1407 1410 1411 1413 1413 1417 1416 1421 1421 1419 1423 1423 1426 1427 1429 1429 1433 1432 1435 1435 1439 1438 1441 1441 1445 1444 1447 1447 1449 1451 1453 1453 1456 1459 1457 1461 1461 1461 1464 1465 1467 1467 1469 1471 1473 1473 1477 1475 1479 1479 1483 1481 1485 1485 1489 1488 1489 1493 1492 1495 1495 1497 1499 1501 1501 1505 1503 1507 1507 1511 1510 1513 1513 1517 1515 1519 1519 1523 1521 1525 1525 1529 1528 1531 1531 1533 1535 1537 1537 1540 1541 1543 1543 1546 1547 1549 1549 1553 1552 1555 1555 1559 1557 1561 1561 1564 1565 1567 1567 1571 1570 1573 1573 1576 1577 1579 1579 1583 1582 1585 1585 1589 1588 1591 1591 1594 1595 1597 1597 1600 1601 1603 1603 1606 1607 1609 1609 1612 1613 1615 1615 1618 1619 1621 1621 1623 1625 1627 1627 1629 1631 1633 1633 1636 1637 1639 1639 1641 1643 1645 1645 1649 1647 1651 1651 1655 1654 1657 1657 1661 1659 1663 1663 1667 1666 1669 1669 1673 1672 1675 1675 1678 1679 1681 1681 1687 1684 1689 1686 1691 1689 1691 1695 1694 1697 1697 1699 1701 1703 1703 1707 1706 1709 1709 1713 1711 1715 1715 1719 1717 1721 1721 1725 1723 1727 1727 1729 1731 1735 1735 1734 1737 1737 1741 1740 1743 1743 1746 1747 1749 1749 1753 1752 1755 1755 1759 1757 1761 1761 65535 0 1766
4 5 8 8 10 11 14 14 16 17 20 20 23 22 26 26 27 30 30 32 33 36 36 39 38 42 42 48 43 45 50 54 52 45 48 50 52 54 58 56 60 60 62 63 66 66 70 68 72 72 74 75 78 78 81 80 84 84 88 86 90 90 92 93 96 96 100 98 102 102 104 105 108 108 111 110 114 114 118 116 120 120 122 123 126 126 128 129 132 132 136 134 138 138 141 140 144 144 146 148 150 150 152 153 156 156 160 158 162 162 165 164 168 168 172 170 174 174 177 176 180 180 183 182 186 186 189 188 192 192 195 194 198 198 200 201 204 204 206 207 210 210 213 212 216 216 218 219 222 222 224 225 228 228 230 232 234 234 236 237 240 240 243 242 246 246 250 247 250 254 252 256 256 260 258 262 262 264 265 268 268 270 271 274 274 275 278 278 279 281 284 281 284 286 287 290 290 293 292 296 296 299 298 302 302 305 304 308 308 310 311 314 314 318 316 320 320 322 323 326 326 328 330 65535 65535 0 334
199 198 65535 65535 6 4 8 8 10 12 14 14 17 16 20 20 23 22 26 26 30 28 32 32 36 34 38 38 40 42 44 44 46 48 50 50 52 54 56 56 58 60 60 62 64 64 67 66 70 70 73 72 76 76 80 78 82 82 84 86 88 88 92 90 94 94 98 96 100 100 102 104 106 106 110 108 112 112 114 116 118 118 122 120 124 124 127 126 126 130 132 134 134 136 137 140 140 142 144 144 148 146 150 152 150 155 152 158 154 160 160 162 164 166 166 169 168 172 172 174 176 178 178 182 180 184 184 188 186 190 190 194 192 196 196 0 204
365 364 65535 65535 4 6 8 8 11 10 14 14 16 18 20 20 22 24 26 26 28 30 32 32 35 34 38 38 40 41 44 44 48 46 50 50 54 52 56 56 59 58 62 62 64 66 68 68 72 70 74 74 76 77 80 80 82 84 86 86 88 90 92 92 94 96 98 98 100 102 104 104 106 108 110 110 112 113 116 116 120 118 122 122 124 125 128 128 131 130 134 134 136 137 140 140 143 142 146 146 150 148 152 152 155 154 158 158 160 162 164 164 166 167 170 170 174 172 176 176 178 180 182 182 185 184 188 188 190 192 192 194 196 198 198 201 200 204 204 206 207 210 210 213 212 216 216 218 219 222 222 226 224 228 228 230 232 234 234 236 237 240 240 243 242 246 248 246 251 248 254 249 256 256 257 260 260 262 264 264 268 266 270 270 274 272 276 276 278 280 282 282 284 286 288 288 290 291 294 294 296 297 300 302 300 304 304 308 306 310 310 313 312 316 316 319 318 322 322 324 325 328 328 332 330 334 334 336 338 340 340 342 344 346 346 348 349 352 352 354 356 358 360 358 362 362 0 370
355 357 65535 65535 4 5 7 7 9 11 13 13 17 15 19 19 22 23 25 25 29 28 31 31 33 35 35 39 38 41 41 44 45 47 47 49 51 53 53 56 57 59 59 63 62 65 65 67 69 71 71 75 74 77 77 80 81 83 83 86 87 89 89 93 92 95 95 99 98 101 101 103 105 107 107 109 111 113 113 116 117 119 119 122 123 125 125 129 128 131 131 135 134 137 139 137 141 141 145 144 147 147 151 150 153 155 153 155 158 159 161 161 164 165 167 167 170 171 173 173 177 176 179 179 183 181 185 185 189 188 191 191 194 195 197 197 199 201 203 203 206 207 209 209 211 213 215 215 219 218 221 221 224 225 227 229 227 231 231 234 235 237 237 241 239 243 243 247 245 249 249 253 251 253 256 257 259 259 261 263 265 265 269 267 271 271 275 274 277 277 281 280 283 283 287 286 289 289 292 293 295 295 299 298 301 301 305 304 307 307 310 311 313 313 317 316 319 319 321 323 323 327 326 329 329 331 333 335 337 335 340 337 341 341 344 345 347 347 351 350 353 353 0 362
87 65535 3 3 5 7 9 9 11 13 15 15 17 19 21 21 23 25 27 27 29 31 33 33 37 35 39 39 41 43 45 45 47 49 51 51 53 55 57 57 59 61 63 63 65 67 69 69 71 73 75 75 77 79 81 81 85 83 0 92
443 65535 3 3 6 7 9 9 13 12 15 15 19 18 21 21 25 24 27 27 31 30 33 33 37 36 39 39 42 43 45 45 48 49 51 51 55 54 57 57 61 60 63 63 66 67 69 69 72 69 73 75 75 79 78 81 81 84 85 87 87 90 91 93 93 96 97 99 99 102 103 105 105 108 109 111 111 115 114 117 117 120 121 123 123 126 127 129 131 131 134 135 137 137 140 141 143 143 146 147 149 149 151 153 155 155 157 159 161 161 165 164 167 167 171 169 173 173 177 175 177 180 181 183 183 186 187 189 189 193 191 195 195 197 199 201 201 205 203 207 207 209 211 213 213 215 217 217 220 221 223 223 227 225 229 229 233 231 235 235 239 237 241 241 243 245 247 247 251 249 251 255 253 257 257 260 261 263 263 266 267 269 269 273 271 275 275 279 278 281 281 285 284 287 287 290 291 293 293 297 296 299 299 302 303 305 305 309 308 311 311 315 314 317 317 320 321 323 323 327 326 329 329 332 333 335 335 339 338 341 341 345 344 347 347 351 350 353 353 357 356 359 359 363 362 365 365 369 368 371 371 375 374 377 377 380 381 383 383 387 386 389 389 392 393 395 395 398 399 401 401 404 405 407 407 410 411 413 413 417 416 419 419 423 422 425 425 429 428 431 431 434 435 437 437 441 440 0 448

443 65535 3 3 6 7 9 9 13 12 15 15 19 18 21 21 25 24 27 27 31 30 33 33 37 36 39 39 42 43 45 45 48 49 51 51 55 54 57 57 61 60 63 63 66 67 69 69 72 69 73 75 75 79 78 81 81 84 85 87 87 90 91 93 93 96 97 99 99 102 103 105 105 108 109 111 111 115 114 117 117 120 121 123 123 126 127 129 131 131 134 135 137 137 140 141 143 143 146 147 149 149 151 153 155 155 157 159 161 161 165 164 167 167 171 169 173 173 177 175 177 180 181 183 183 186 187 189 189 193 191 195 195 197 199 201 201 205 203 207 207 209 211 213 213 215 217 217 220 221 223 223 227 225 229 229 233 231 235 235 239 237 241 241 243 245 247 247 251 249 251 255 253 257 257 260 261 263 263 266 267 269 269 273 271 275 275 279 278 281 281 285 284 287 287 290 291 293 293 297 296 299 299 302 303 305 305 309 308 311 311 315 314 317 317 320 321 323 323 327 326 329 329 332 333 335 335 339 338 341 341 345 344 347 347 351 350 353 353 357 356 359 359 363 362 365 365 369 368 371 371 375 374 377 377 380 381 383 383 387 386 389 389 392 393 395 395 398 399 401 401 404 405 407 407 410 411 413 413 417 416 419 419 423 422 425 425 429 428 431 431 434 435 437 437 441 440 0 448
9995 9993 65535 65535 5 5 8 9 11 11 15 14 17 17 20 21 23 23 27 26 29 29 33 32 35 35 39 38 41 41 45 44 47 47 50 51 53 53 56 57 59 59 62 63 65 65 69 68 71 71 75 74 77 77 81 80 83 83 86 87 89 89 92 93 95 95 99 98 101 101 104 105 107 107 110 111 113 3 113 116 117 117 121 120 123 123 126 127 129 129 132 133 135 135 138 139 141 141 144 145 147 149 149 152 153 155 155 158 159 161 161 164 165 167 167 170 171 173 173 175 177 179 179 183 182 185 187 189 189 192 193 195 195 198 199 201 203 203 207 206 209 209 213 212 215 215 219 218 221 223 225 225 229 228 231 231 234 235 237 237 241 240 243 243 246 247 246 250 251 253 255 257 257 260 261 263 263 267 266 269 271 273 275 277 279 279 283 282 285 285 288 289 291 293 295 297 299 301 303 305 307 309 311 311 315 314 317 319 321 323 325 327 329 331 333 335 337 339 341 343 343 347 346 349 351 353 355 357 357 360 361 363 363 366 367 369 369 372 373 375 375 378 379 381 383 385 385 389 388 391 393 393 397 396 399 399 402 403 405 408 405 411 413 410 415 415 419 418 421 421 424 425 427 427 431 430 433 433 437 436 439 439 443 442 445 445 448 449 451 451 454 455 457 457 460 461 463 463 466 467 469 469 472 473 475 475 479 478 481 481 485 484 487 489 491 494 491 496 497 499 499 502 503 507 506 509 509 513 512 515 517 517 521 520 523 525 527 527 530 531 533 533 537 536 539 539 543 542 545 545 548 549 551 551 554 555 557 557 561 560 563 563 566 567 569 569 573 572 575 577 579 581 583 585 585 589 588 591 591 594 595 597 597 600 601 603 603 606 607 609 611 613 615 617 619 621 623 625 625 628 629 631 631 634 635 637 637 640 641 643 643 646 647 649 651 653 655 657 659 661 663 665 667 669 671 673 675 677 679 681 683 685 687 689 691 693 695 697 699 701 703 703 705 707 709 709 711 713 715 717 719 721 723 725 727 729 731 733 735 737 739 741 743 745 747 749 752 752 749 753 755 649 757 759 759 763 762 763 767 766 769 769 772 773 775 777 779 779 783 782 785 785 789 789 787 793 792 795 795 799 798 801 801 805 804 807 807 811 811 810 814 815 817 819 821 823 825 825 829 827 831 831 835 834 837 837 841 841 840 845 843 845 848 849 851 851 855 853 857 860 857 863 860 865 861 867 867 869 871 873 875 877 877 881 880 883 883 887 886 889 892 889 895 892 897 894 899 901 903 903 907 905 909 911 913 913 917 917 915 920 921 923 925 927 929 929 932 933 935 935 939 937 941 943 945 947 949 949 952 953 955 955 959 957 961 963 965 967 967 969 971 973 973 975 977 979 979 982 983 985 985 989 988 991 991 995 994 997 997 999 1001 1003 1003 1006 1007 1009 1009 1013 1012 1015 1015 1019 1018 1021 1021 1025 1025 1024 1029 1028 1031 1031 1035 1034 1037 1039 1041 1043 1045 1045 1048 1049 1051 1051 1055 1054 1057 1057 1061 1059 1063 1065 1067 1069 1071 1073 1075 1077 1077 1081 1080 1081 1084 1085 1087 1087 1090 1091 1093 1096 1093 1099 1096 1098 1101 1103 1103 1107 1105 1109 1109 1112 1113 1115 1117 1117 1120 1121 1123 1125 1127 1129 1131 1133 1135 1135 1138 1139 1141 1143 1143 1147 1145 1149 1151 1151 1154 1155 1157 1159 1161 1161 1165 1163 1167 1167 1170 1171 1173 1175 1177 1177 1181 1179 1181 1184 1185 1187 1187 1191 1190 1193 1195 1197 1197 1199 1201 1203 1203 1207 1205 1209 1209 1212 1213 1215 1215 1219 1217 1221 1223 1225 1227 1227 1231 1230 1233 1233 1237 1236 1239 1241 1241 1245 1244 1247 1247 1249 1251 1253 1255 1257 1259 1261 1261 1263 1265 1265 1268 1269 1271 1273 1273 1273 1276 1277 1279 1281 1283 1286 1283 1289 1286 1291 1288 1293 1295 1297 1297 1301 1300 1303 1303 1307 1307 1306 1311 1310 1313 1315 1317 1319 1319 1322 1323 1325 1325 1327 1329 1331 1331 1334 1335 1337 1337 1340 1341 1343 1345 1347 1347 1351 1350 1353 1355 1357 1359 1359 1362 1363 1365 1367 1369 1369 1373 1372 1375 1375 1379 1378 1381 1381 1385 1383 1387 1387 1391 1390 1393 1395 1395 1397 1399 1401 1401 1405 1403 1407 1407 1411 1410 1413 1413 1417 1416 1419 1421 1421 1424 1425 1424 1428 1429 1431 1434 1436 1438 1431 1439 1439 1443 1442 1445 1445 1448 1449 1451 1451 1455 1453 1457 1457 1460 1461 1463 1463 1467 1465 1469 1471 1473 1473 1477 1475 1479 1479 1483 1482 1485 1485 1489 1488 1491 1491 1493 1495 1497 1497 1501 1500 1503 1505 1507 1507 1511 1509 1513 1513 1516 1517 1519 1519 1522 1523 1525 1527 1529 1529 1533 1531 1535 1535 1539 1537 1541 1541 1545 1544 1547 1547 1551 1549 1553 1553 1555 1557 1559 1561 1561 1564 1565 1567 1567 1570 1571 1573 1573 1577 1576 1579 1579 1581 1583 1585 1587 1589 1589 1591 1594 1595 1595 1595 1601 1598 1600 1603 1605 1607 1607 1611 1610 1613 1613 1617 1616 1619 1619 1622 1623 1625 1625 1628 1629 1631 1631 1635 1633 1637 1637 1637 1642 1640 1643 1645 1648 1645 1648 1651 1649 1653 1655 1657 1657 1661 1660 1663 1663 1666 1667 1669 1671 1671 1675 1674 1671 1677 291 1677 1681 1680 1683 1683 1686 1687 1689 1691 1693 1693 1696 1697 1699 1699 1703 1702 1705 1707 1707 1710 1711 1713 1713 1717 1715 1719 1721 1721 1725 1725 1728 1729 1731 1731 1735 1734 1737 1737 1741 1740 1743 1743 1747 1746 1749 1749 1753 1752 1755 1755 1758 1759 1761 1761 1765 1764 1767 1767 1770 1771 1773 1773 1776 1777 1779 1779 1782 1783 1785 1785 1789 1788 1791 1791 1794 1795 1797 1797 1800 1801 1803 1803 1719 1806 1721 1807 1724 1809 1811 1811 1815 1813 1817 1819 1821 1821 1825 1824 1827 1829 1831 1833 1833 1837 1836 1839 1841 1843 1843 1847 1846 1849 1849 1852 1853 1855 1855 1859 1858 1861 1861 1865 1863 1867 1867 1871 1869 1873 1875 1875 1879 1878 1879 1883 1882 1883 1887 1886 1889 1891 1893 1893 1896 1897 1899 1899 1902 1903 1905 1905 1909 1908 1911 1911 1914 1915 1917 1917 1921 1920 1923 1923 1926 1927 1929 1929 1932 1933 1935 1935 1939 1938 1941 1941 1944 1945 1947 1950 1947 1953 1950 1955 1952 1957 1957 1961 1960 1963 1963 1967 1966 1969 1971 1971 1975 1973 1975 1979 1979 1978 1983 1981 1983 1987 1986 1989 1989 1993 1991 1995 1998 1995 2001 2000 2003 2005 2005 2008 2009 2011 2011 2014 2015 2017 2017 2021 2019 2023 2023 2027 2026 2029 2031 2033 2033 2036 2037 2039 2041 2041 2045 2044 2047 2047 2051 2050 2053 2055 2057 2059 2059 2059 2062 2065 2063 2067 2067 2071 2070 2073 2073 2076 2077 2079 2079 2083 2082 2085 2085 2085 2091 2088 2089 2093 2093 2097 2096 2099 2099 2103 2102 2105 2107 2107 2107 2113 2110 2111 2115 2115 2118 2119 2121 2121 2124 2125 2127 2127 2131 2130 2131 2135 2134 2137 2137 2140 2141 2143 2145 2145 2149 2148 2151 2151 2154 2155 2157 2157 2161 2160 2163 2165 2165 2169 2168 2171 2171 2175 2174 2177 2177 2180 2181 2183 2185 2187 2189 2192 2189 2187 2195 2194 2197 2199 2199 2201 2203 2205 2207 2209 2209 2213 2212 2215 2215 2217 2219 2219 2223 2222 2225 2225 2229 2228 2231 2231 2233 2235 2238 2235 2241 2238 2243 2240 2243 2245 2247 2249 2249 2253 2252 2255 2255 2258 2259 2261 2261 2265 2264 2267 2267 2271 2269 2273 2275 2277 2277 2281 2280 2283 2283 2287 2286 2289 2163 2291 2291 2294 2295 2297 2299 2299 2302 2303 2305 2305 2305 2310 2311 2313 2313 2308 2317 2316 2317 2320 2321 2321 2324 2325 2327 2327 2330 2331 2333 2333 2337 2336 2339 2339 2343 2342 2345 2345 2349 2348 2351 2351 2355 2354 2357 2357 2360 2361 2363 2365 2367 2370 2367 2373 2370 2375 2372 2377 2377 2381 2380 2383 2383 2386 2387 2389 2389 2393 2391 2395 2397 2399 2399 2402 2403 2405 2405 2409 2409 2408 2412 2413 2415 2415 2415 2421 2418 2420 2423 2425 2425 2425 2430 2428 2431 2433 2433 2436 2437 2439 2441 2439 2443 2443 2447 2446 2449 2451 2451 2455 2454 2457 2459 2461 2463 2463 2467 2466 2469 2469 2473 2472 2475 2475 2477 2479 2481 2483 2485 2485 2488 2489 2491 2493 2493 2497 2496 2499 2499 2503 2502 2505 2505 2509 2507 2511 2511 2511 2517 2514 2516 2519 2519 2523 2522 2525 2527 2529 2529 2533 2532 2535 2535 2539 2538 2541 2541 2544 2545 2547 2547 2550 2551 2553 2553 2557 2556 2559 2561 2563 2565 2567 2567 2571 2570 2573 2573 2575 2577 2577 2581 2580 2583 2583 2587 2587 2586 2591 2590 2593 2593 2597 2595 2599 2599 2603 2602 2605 2605 2608 2609 2611 2611 2614 2615 2617 2617 2621 2620 2623 2623 2627 2626 2629 2631 2633 2633 2637 2635 2639 2641 2643 2643 2646 2647 2649 2649 2652 2653 2655 2655 2658 2659 2661 2663 2665 2665 2668 2669 2671 2671 2675 2673 2677 2677 2681 2681 2679 2685 2683 2687 2687 2690 2691 2693 2693 2696 2697 2699 2699 2703 2702 2705 2705 2709 2708 2711 2711 2714 2715 2717 2717 2720 2721 2723 2723 2726 2727 2729 2729 2734 2731 2735 2737 2737 2741 2740 2743 2746 2743 2749 2746 2748 2751 2753 2753 2757 2757 2756 2760 2761 2763 2763 2767 2766 2769 2769 2773 2772 2773 2777 2776 2779 2779 2782 2783 2785 2785 2789 2788 2791 2791 2795 2794 2795 2799 2798 2801 2801 2804 2805 2807 2809 2811 2811 2814 2815 2817 2817 2820 2821 2823 2823 2827 2827 2825 2830 2831 2833 2833 2836 2837 2839 2839 2843 2842 2845 2848 2845 2848 2851 2850 2853 2855 2855 2858 2859 2861 2861 2865 2864 2867 2867 2871 2870 2873 2873 2877 2876 2879 2879 2881 2883 2885 2885 2888 2889 2891 2891 2895 2894 2897 2897 2900 2901 2903 2903 2906 2907 2909 2909 2912 2913 2915 2915 2919 2918 2919 2923 2922 2925 2925 2927 2929 2931 2931 2935 2935 2934 2939 2938 2939 2943 2941 2945 2945 2948 2949 2952 2949 2952 2955 2954 2957 2957 2959 2961 2963 2963 2967 2966 2969 2969 2972 2973 2975 2975 2978 2979 2981 2983 2983 2987 2985 2989 2989 2992 2993 2995 2995 2998 2999 3001 3001 3001 3007 3005 3004 3009 3009 3013 3011 3015 3015 3019 3018 3021 3021 3023 3025 3027 3027 3031 3030 3033 3033 3037 3036 3039 3039 3042 3043 3045 3045 3048 3049 3051 3051 3055 3054 3057 3060 3057 3060 3063 3062 3065 3067 3067 3070 3071 3073 3073 3077 3075 3079 3079 3083 3082 3085 3085 3089 3088 3091 3091 3095 3093 3097 3097 3101 3100 3103 3106 3108 3110 3110 3112 3114 3116 3116 3120 3118 3122 3122 3126 3124 3128 3128 3130 3132 3134 3136 3136 3139 3138 3142 3142 3146 3144 3148 3148 3150 3152 3154 3154 3158 3156 3160 3162 3164 3103 3165 3165 3168 3169 3171 3171 3174 3175 3177 3177 3180 3181 3183 3186 3183 3186 3189 3188 3191 3193 3193 3196 3197 3199 3199 3203 3202 3205 3205 3207 3209 3211 3211 3214 3215 3217 3217 3220 3221 3223 3223 3227 3226 3229 3229 3233 3232 3235 3235 3239 3238 3241 3241 3245 3244 3247 3247 3250 3251 3253 3253 3257 3253 3261 3256 3257 3263 3260 3265 3265 3265 3271 3268 3269 3274 3275 3275 3279 3278 3281 3281 3284 3285 3287 3287 3291 3290 3293 3295 3293 3295 3299 3298 3301 3301 3304 3305 3307 3307 3310 3311 3313 3313 3317 3316 3319 3319 3323 3321 3323 3327 3326 3329 3329 3333 3331 3335 3335 3335 3338 3342 3339 3343 3343 3346 3347 3349 3349 3353 3352 3355 3355 3359 3358 3361 3361 3364 3365 3367 3367 3371 3370 3373 3373 3376 3377 3379 3379 3383 3382 3385 3387 3389 3389 3392 3393 3395 3395 3399 3398 3401 3401 3405 3404 3407 3407 3411 3410 3413 3415 3415 3419 3418 3421 3423 3425 3425 1419 3428 3429 3431 3433 3431 3435 3435 3439 3438 3441 3441 3445 3444 3447 3447 3451 3450 3453 3453 3453 3460 3456 3457 3463 3463 3462 3466 3467 3469 3469 3469 3475 3474 3472 3477 3479 3477 3481 3483 3483 3485 3487 3487 3491 3491 3495 3494 3490 3497 3497 3501 3501 3500 3505 3504 3507 3507 3510 3511 3513 3513 3517 3516 3517 3520 3521 3523 3523 3527 3527 3525 3530 3531 3533 3533 3537 3536 3540 3537 3541 3543 3543 3547 3546 3547 3550 3551 3553 3553 3553 3559 3556 3558 3561 3561 3565 3564 3567 3569 3571 3571 3574 3575 3577 3577 3577 3583 3580 3582 3585 3587 3587 3591 3590 3593 3593 3597 3596 3597 3601 3600 3603 3603 3603 3607 3609 3606 3611 3611 3615 3614 3617 3617 3621 3620 3623 3625 3625 3628 3629 3631 3633 3633 3636 3637 3639 3641 3641 3645 3644 3647 3647 3650 3651 3653 3655 3657 3657 3660 3662 3664 3666 3668 3668 3670 3671 3674 3676 3676 3680 3678 3682 3684 3686 3686 3689 3688 3692 3692 3694 3696 3698 3698 3700 3702 3704 3704 3706 3708 3710 3710 3712 3713 3716 3718 3718 3722 3720 3724 3724 3728 3726 3730 3730 3732 3734 3736 3736 3738 3740 3742 3742 3746 3744 3748 3748 3750 3752 3754 3754 3758 3756 3760 3762 3762 3764 3766 3768 3768 3770 3772 3774 3774 3776 3778 3780 3782 3784 3784 3788 3786 3790 3792 3657 3793 3795 3797 3797 3800 3801 3803 3805 3807 3809 3809 3813 3812 3815 3815 3818 3819 3821 3821 3825 3824 3827 3827 3831 3829 3833 3833 3837 3836 3839 3839 3842 3843 3845 3847 3847 3851 3850 3853 3853 3857 3856 3859 3861 3863 3865 3867 3867 3871 3870 3873 3873 3876 3877 3879 3882 3879 3882 3885 3887 3884 3889 3891 3891 3894 3895 3897 3899 3901 3903 3903 3907 3906 3909 3911 3913 3913 3917 3916 3919 3919 3922 3923 3925 3927 3927 3931 3930 3933 3933 3937 3936 3939 3939 3943 3941 3945 3945 3947 3949 3951 3951 3953 3955 3955 3958 3959 3961 3961 3965 3964 3967 3967 3970 3971 3973 3973 3977 3975 3979 3979 3982 3983 3985 3987 3989 3989 3992 3993 3995 3995 3999 3998 4001 4001 4005 4004 4007 4007 4011 4010 4013 4013 4017 4015 4019 4019 4023 4022 4025 4027 4029 4029 4033 4031 4035 4035 4037 4039 4041 4043 4045 4047 4049 4051 4053 4053 4056 4057 4059 4061 4063 4065 4067 4069 4071 4073 4075 4075 4079 4078 4081 4083 4085 4085 4088 4089 4091 4091 4094 4095 4097 4099 4101 4101 4105 4104 4107 4107 4111 4110 4113 4113 4117 4116 4119 4121 4123 4123 4126 4127 4129 4129 4133 4132 4135 4137 4139 4141 4143 4143 4146 4147 4149 4151 4153 4155 4157 4157 4160 4161 4163 4165 4167 4167 4170 4171 4173 4175 4177 4177 4181 4180 4183 3925 4183 4187 4186 4189 4189 4193 4192 4195 4195 4199 4199 4198 4202 4203 4205 4205 4208 4209 4211 4211 4215 4214 4214 4215 4217 4219 4221 4221 4224 4225 4227 4227 4230 4231 4233 4233 4236 4237 4239 4239 4243 4242 4245 4245 4249 4248 4251 4251 4255 4254 4257 4257 4261 4259 4263 4263 4266 4267 4269 4269 4273 4272 4275 4275 4279 4278 4281 4281 4285 4284 4287 4287 4291 4289 4291 4295 4294 4297 4299 4301 4301 4305 4304 4307 4307 4310 4311 4313 4313 4317 4316 4319 4319 4322 4323 4325 4325 4328 4329 4331 4331 4335 4334 4337 4340 4337 4343 4340 4345 4342 4347 4347 4347 4353 4351 4350 4355 4355 4358 4359 4361 4361 4365 4364 4367 4367 4370 4371 4373 4373 4377 4376 4379 4381 4383 4383 4387 4386 4389 4389 4393 4392 4395 4395 4398 4399 4401 4401 4405 4403 4407 4407 4411 4410 4411 4411 4414 4415 4417 4419 4419 4423 4422 4425 4425 4429 4428 4431 4431 4434 4435 4437 4440 4437 4443 4440 4445 4442 4447 4447 4451 4450 4453 4455 4457 4459 4461 4463 4465 4465 4467 4469 4471 4471 4475 4474 4477 4479 4481 4483 4485 4485 4485 4489 4488 4491 4493 4495 4497 4500 4497 4503 4500 4502 4505 4507 4509 4511 4511 4515 4514 4517 4519 4519 4523 4522 4525 4525 4529 4528 4531 4531 4535 4534 4537 4539 4541 4541 4544 4545 4547 4549 4551 4551 4554 4555 4555 4558 4559 4561 4563 4565 4567 4569 4569 4573 4569 4576 4571 4577 4579 4579 4583 4582 4585 4585 4589 4588 4591 4591 4595 4594 4597 4600 4597 4603 4602 4605 4607 4609 4612 4609 4612 4615 4617 4614 4619 4619 4623 4622 4625 4625 4628 4629 4631 4633 4635 4637 4639 4641 4643 4645 4647 4649 4651 4653 4655 4657 4659 4661 4663 4665 4665 4667 4669 4671 4671 4676 4673 4677 4679 4681 4683 4685 4687 4631 4689 4691 4691 4694 4695 4697 4697 4701 4700 4703 4705 4707 4709 4711 4711 4714 4715 4717 4717 4719 4721 4723 4725 4727 4729 4731 4731 4735 4734 4737 4739 4741 4741 4745 4744 4747 4749 4751 4753 4755 4757 4759 4759 4762 4763 4765 4765 4768 4769 4771 4771 4775 4774 4775 4779 4778 4781 4781 4784 4785 4787 4787 4791 4790 4793 4793 4796 4797 4799 4799 4803 4802 4805 4805 4808 4809 4811 4811 4814 4815 4817 4817 4820 4821 4821 4825 4825 4824 4829 4828 4831 4831 4835 4834 4837 4837 4841 4840 4843 4843 4847 4846 4849 4851 4853 4853 4856 4857 4859 4862 4859 4862 4865 4867 4864 4869 4869 4873 4872 4875 4875 4879 4878 4881 4881 4884 4885 4887 4887 4890 4891 4893 4895 4897 4897 4901 4900 4903 4903 4905 4907 4909 4909 4913 4912 4915 4915 4919 4918 4921 4924 4921 4927 4926 4929 4931 4933 4933 4937 4936 4939 4939 4943 4942 4945 4945 4948 4949 4951 4951 4954 4955 4957 4957 4957 4960 4961 4963 4965 4967 4967 4971 4970 4971 4975 4974 4977 4979 4979 4982 4983 4985 4987 4989 4991 4991 4994 4995 4997 4997 5000 5001 5003 5003 5005 5007 5009 5009 5012 5013 5015 5015 5019 5018 5021 4177 5021 5024 5025 5027 5027 5031 5030 5033 5033 5036 5037 5040 5042 5044 5044 5046 5048 5046 5052 5050 5054 5054 5056 5057 5060 5060 5062 5064 5062 5066 5067 5070 5072 5074 5074 5076 5078 5080 5080 5084 5082 5086 5088 5090 5092 5094 5094 5098 5096 5100 5100 5104 5102 5106 5106 5110 5108 5112 5112 5116 5114 5118 5118 5122 5120 5124 5124 5126 5128 5130 5130 5132 5133 5136 5138 5140 5142 5144 5144 5146 5148 5150 5150 5154 5152 5156 5158 5160 5162 5162 5166 5164 5168 5168 5171 5170 5174 5174 5178 5176 5180 5182 5184 5184 5184 5189 5186 5188 5192 5194 5196 5196 5198 5199 5202 5202 5206 5204 5158 5208 5210 5210 5214 5212 5216 5216 5220 5218 5222 5222 5225 5224 5228 5228 5232 5230 5234 5234 5236 5238 5037 5239 5239 5242 5243 5243 5247 5246 5249 5249 5253 5252 5255 5257 5259 5261 5263 5263 5267 5266 5269 5271 5271 5274 5275 5277 5277 5280 5281 5283 5283 5287 5286 5289 5289 5292 5293 5295 5295 5299 5299 5298 5302 5303 5305 5305 5307 5309 5309 5309 5315 5312 5314 5317 5317 5320 5321 5323 5326 5323 5326 5329 5328 5331 5333 5333 5337 5336 5339 5339 5343 5342 5345 5347 5349 5349 5353 5352 5355 5355 5358 5359 5361 5363 5363 5366 5367 5369 5369 5373 5372 5375 5375 5379 5378 5379 5383 5382 5385 5385 5388 5389 5391 5393 5395 5395 5399 5398 5401 5401 5405 5404 5407 5407 5409 5411 5411 5415 5414 5417 5419 5421 5421 5424 5425 5427 5429 5431 5431 5435 5434 5437 5437 5441 5440 5443 5443 5447 5446 5449 5449 5453 5452 5455 5455 5459 5458 5461 5461 5464 5465 5467 5467 5471 5470 5473 5473 5476 5477 5479 5479 5482 5483 5485 5485 5489 5488 5491 5491 5495 5494 5497 5497 5501 5500 5503 5503 5506 5507 5509 5509 5513 5512 5515 5515 5519 5518 5521 5523 5525 5525 5529 5528 5531 5431 5533 5533 5537 5536 5539 5542 5539 5543 5543 5547 5546 5549 5549 5552 5553 5555 5557 5559 5559 5562 5563 5565 5565 5569 5568 5572 5569 5572 5575 5577 5574 5579 5581 5581 5585 5584 5587 5589 5591 5591 5595 5594 5597 5597 5600 5601 5603 5605 5607 5607 5611 5610 5613 5613 5616 5617 5619 5619 5623 5622 5625 5625 5629 5628 5631 5633 5635 5635 5638 5639 5641 5641 5644 5645 5647 5647 5651 5650 5653 5653 5653 5659 5656 5658 5661 5663 5663 5666 5667 5669 5669 5673 5672 5675 5675 5678 5679 5681 5683 5685 5685 5689 5688 5691 5691 5694 5695 5697 5699 5701 5701 5705 5704 5707 5709 5711 5711 5714 5715 5717 5717 5717 5721 5720 5724 5725 5727 5727 5730 5731 5733 5735 5737 5737 5737 5742 5743 5740 5745 5747 5749 5749 5752 5753 5755 5755 5758 5759 5761 5763 5765 5765 5768 5769 5771 5771 5775 5774 5777 5779 5781 5783 5783 5787 5786 5789 5791 5793 5795 5797 5799 5801 5801 5804 5805 5807 5807 5810 5811 5813 5815 5817 5817 5820 5821 5823 5823 5826 5827 5829 5829 5831 5833 5835 5835 5838 5839 5841 5841 5845 5843 5847 5847 5851 5850 5853 5855 5857 5857 5860 5861 5863 5863 5866 5867 5869 5869 5872 5873 5875 5875 5878 5879 5881 5883 5885 5887 5889 5891 5893 5895 5895 5899 5898 5901 5901 5904 5905 5907 5907 5910 5911 5913 5913 5917 5916 5919 5919 5922 5923 5925 5925 5929 5927 5931 5931 5934 5935 5937 5937 5940 5941 5943 5943 5943 5949 5945 5948 5951 5953 5953 5957 5956 5959 5959 5963 5962 5965 5965 5969 5968 5971 5971 5974 5975 5977 5977 5980 5981 5983 5983 5986 5987 5989 5989 5993 5992 5993 5996 5997 5999 5999 6001 6003 6005 6005 6008 6009 6011 6011 6015 6013 6017 6017 6020 6021 6023 6023 6026 6027 6029 6029 6033 6032 6035 6035 6039 6038 6041 6041 6045 6044 6045 6049 6048 6051 6051 6054 6055 6057 6057 6060 6061 6063 6063 6066 6067 6069 6069 6072 6073 6075 6075 6078 6079 6081 6081 6084 6084 6085 6089 6088 6091 6091 6095 6094 6097 6097 6101 6100 6103 6103 6106 6107 6109 6109 6113 6112 6113 6115 6117 6119 6119 6122 6123 6125 6125 6128 6129 6131 6131 6135 6134 6137 6137 6141 6140 6143 6143 6147 6146 6149 6149 6153 6152 6155 6155 6158 6159 6161 6161 6165 6164 6167 6167 6170 6171 6173 6173 6176 6177 6179 6179 6182 6183 6185 6185 6189 6188 6191 6191 6195 6194 6197 6197 6200 6201 6203 6203 6206 6207 6209 6209 6211 6213 6213 6216 6217 6219 6219 6223 6222 6225 6225 6229 6228 6231 6231 6234 6235 6237 6237 6240 6241 6243 6243 6245 6247 6249 6249 6253 6252 6255 6255 6259 6258 6261 6261 6265 6265 6264 6265 6271 6270 6268 6273 6273 6276 6277 6276 6280 6281 6283 6283 6287 6286 6287 6291 6290 6293 6293 6296 6297 6299 6299 6303 6302 6305 6305 6309 6308 6308 6309 6312 6313 6315 6317 6317 6315 6321 6320 6323 6323 6327 6326 6329 6329 6333 6332 6333 6336 6337 6339 6339 6342 6343 6345 6345 6347 6349 6351 6351 6353 6353 6356 6357 6359 6359 6363 6361 6365 6365 6368 6369 6371 6371 6374 6375 6377 6377 6380 6381 6383 6383 6387 6386 6389 6389 6392 6393 6395 6395 6399 6398 6401 6401 6405 6404 6405 6408 6408 6409 6413 6411 6415 6415 6418 6419 6421 6421 6424 6425 6427 6427 6430 6431 6433 6433 6436 6437 6439 6439 6443 6442 6445 6445 6448 6449 6451 6451 6454 6455 6457 6457 6460 6461 6463 6463 6466 6467 6469 6469 6472 6473 6475 6475 6478 6479 6481 6481 6484 6485 6487 6487 6491 6490 6493 6493 4731 6497 6496 6499 6499 6502 6503 6503 6507 6506 6509 6509 6513 6512 6513 6516 6517 6519 6519 6523 6522 6525 6525 6529 6529 6529 6527 6532 6533 6535 6537 6537 6540 6541 6543 6543 6543 6547 6550 6546 6551 6551 6555 6554 6555 6559 6559 6558 6562 6563 6566 6563 6563 6566 6570 6571 6573 6568 6575 6575 6578 6579 6581 6581 6585 6584 6587 6587 6591 6590 6593 6593 6597 6596 6599 6599 6601 6603 6605 6605 6609 6608 6611 6611 6615 6614 6617 6617 6621 6620 6623 6623 6626 6627 6629 6629 6632 6633 6635 6635 6638 6639 6641 6641 6645 6645 6644 6649 6648 6651 6651 6654 6655 6657 6657 6661 6660 6663 6663 6667 6666 6669 6669 6672 6673 6675 6675 6678 6679 6681 6681 6684 6685 6687 6687 6690 6691 6691 6695 6694 6697 6697 6701 6700 6703 6703 6706 6707 6709 6709 6713 6712 6715 6715 6719 6718 6721 6721 6724 6725 6727 6727 6730 6731 6733 6733 6737 6736 6739 6739 6742 6743 6745 6745 6749 6747 6751 6751 6754 6755 6757 6757 6759 6761 6763 6763 6767 6766 6769 6769 6773 6772 6773 6776 6777 6779 6779 6783 6782 6785 6785 6788 6789 6791 6791 6794 6795 6797 6797 6801 6800 6803 6803 6807 6806 6809 6809 6813 6812 6815 6817 6819 6821 6823 6825 6825 6825 6828 6832 6829 6833 6833 6837 6836 6839 6839 6841 6844 6845 6847 6849 6851 6853 6853 6856 6857 6859 6861 6861 6861 6864 6865 6868 6869 6871 6873 6875 6875 6877 6880 6881 6883 6885 6887 6889 6889 6892 6893 6895 6897 6899 6901 6903 6903 6905 6908 6909 6911 6913 6915 6915 6919 6918 6921 6923 6925 6927 6929 6931 6933 6935 6937 6939 6939 6944 6941 6945 6947 6949 6951 6953 6955 6957 6959 6961 6961 6964 6965 6965 6968 6969 6971 6971 6975 6974 6977 6977 6981 6980 6983 6983 6983 6988 6986 6989 6991 6991 6994 6995 6997 6997 7000 7001 7003 7003 7006 7007 7009 7011 7013 7015 7015 7020 7017 7021 7021 7026 7023 7029 7026 7028 7031 7033 7033 7036 7037 7039 7041 7041 7045 7044 7047 7049 7051 7053 7053 7056 7057 7059 7059 7064 7061 7066 7067 7069 7069 7071 7074 7075 7077 7079 7081 7083 7085 7085 7088 7089 7091 7091 7094 7095 7097 7099 7101 7103 7103 7107 7106 7109 7111 7113 7115 7117 7119 7121 7123 7125 7125 7130 7127 7131 7133 7133 7136 7137 7139 7139 7144 7141 7145 7147 7149 7149 7154 7152 7156 7156 7160 7158 7162 7162 7164 7166 7168 7170 7168 7172 7172 7174 7176 7178 7178 7180 7182 7184 7184 7184 7190 7186 7188 7192 7192 7196 7194 7198 7198 7202 7200 7204 7204 7206 7208 7210 7210 7212 7214 7216 7216 7220 7218 7222 7222 7226 7224 7228 7228 7232 7230 7234 7234 7238 7236 7240 7240 7244 7242 7246 7246 7248 7250 7252 7147 7149 7254 7255 7257 7259 7261 7263 7265 7267 7269 7269 7274 7271 7275 7277 7277 7281 7280 7283 7285 7285 7288 7289 7291 7291 7291 7296 7297 7294 7299 7299 7302 7303 7305 7307 7309 7311 7313 7313 7317 7316 7319 7321 7323 7323 7327 7326 7329 7331 7333 7333 7333 7337 7340 7336 7342 7337 7345 7342 7347 7344 7349 7349 7351 7354 7355 7357 7357 7361 7360 7363 7363 7366 7367 7369 7371 7373 7375 7377 7379 7381 7381 7384 7385 7385 7388 7389 7389 7391 7394 7395 7397 7397 7400 7401 7403 7403 7408 7405 7409 7411 7413 7413 7418 7415 7419 7421 7423 7423 7426 7427 7429 7429 7433 7432 7435 7435 7439 7438 7441 7443 7445 7447 7447 7450 7451 7453 7453 7457 7456 7459 7459 7462 7463 7465 7465 7468 7469 7469 7472 7473 7473 7476 7477 7479 7479 7482 7483 7485 7485 7488 7489 7491 7491 7495 7494 7497 7497 7500 7501 7503 7503 7507 7506 7509 7509 7512 7513 7515 7515 7518 7519 7521 7521 7524 7525 7527 7527 7530 7531 7533 7533 7537 7536 7537 7541 7540 7543 7543 7547 7546 7549 7549 7553 7552 7555 7555 7559 7558 7559 7563 7562 7565 7565 7569 7568 7571 7571 7571 7576 7574 7577 7579 7579 7584 7582 7579 7587 7586 7589 7589 7593 7592 7593 7596 7597 7599 7599 7603 7602 7605 7605 7608 7609 7609 7612 7613 7615 7615 7619 7618 7621 7621 7624 7625 7627 7627 7631 7633 7630 7635 7637 7639 7641 7643 7643 7645 7648 7649 7649 7654 7651 7655 7655 7660 7657 7661 7661 7664 7665 7667 7669 7669 7673 7672 7675 7677 7677 7677 7683 7682 7680 7685 7687 7689 7689 7689 7693 7696 7692 7697 7699 7701 7701 7705 7704 7707 7707 7711 7710 7713 7713 7716 7717 7719 7721 7723 7723 7728 7725 7729 7729 7733 7732 7735 7737 7739 7741 7741 7745 7744 7747 7747 7749 7752 7753 7755 7755 7759 7758 7761 7763 7765 7765 7767 7770 7771 7773 7773 7776 7777 7779 7781 7781 7786 7783 7787 7789 7789 7792 7793 7795 7795 7797 7800 7801 7801 7806 7803 7807 7809 7809 7812 7813 7815 7817 7819 7819 7824 7822 7826 7826 7830 7828 7832 7832 7836 7834 7838 7838 7842 7840 7844 7844 7848 7846 7850 7850 7854 7852 7856 7856 7860 7858 7862 7862 7864 7866 7868 7868 7870 7872 7874 7874 7878 7876 7880 7880 7884 7882 7886 7886 7888 7890 7892 7892 7896 7894 7898 7898 7902 7900 7904 7904 7906 7908 7910 7910 7914 7912 7916 7916 7918 7920 7922 7922 7924 7926 7928 7928 7932 7930 7934 7934 7936 7938 7940 7940 7944 7942 7946 7946 7948 7950 7952 7952 7954 7956 7958 7958 7962 7960 7964 7964 7966 7968 7970 7970 7974 7972 7976 7976 7980 7978 7982 7982 7984 7986 7988 7988 7990 7992 7994 7994 7996 7998 8000 8000 8004 8002 8006 8006 8010 8008 8012 8012 8016 8014 8018 8018 8020 8022 8024 8024 8026 8028 8030 8030 8032 8034 8036 8036 8040 8038 8042 8042 8044 8046 8048 8048 8050 8052 8054 8056 8054 8058 8058 8062 8060 8064 8064 8068 8066 8070 8070 8072 8074 8076 8076 8080 8078 8082 8082 8086 8084 8088 7819 8089 8091 8093 8095 8095 8098 8099 8101 8101 8106 8103 8107 8109 8111 8111 8111 8114 8118 8115 8119 8121 8121 8125 8124 8127 8129 8131 8133 8133 8136 8137 8139 8141 8143 8143 8146 8147 8150 8147 8150 8150 8153 8157 8152 8155 8159 8159 8163 8159 8168 8162 8170 8165 8170 8172 8173 8175 8177 8177 8182 8182 8179 8184 8185 8187 8189 8191 8191 8194 8195 8198 8195 8201 8198 8203 8200 8205 8207 8207 8210 8211 8213 8213 8218 8215 8219 8221 8223 8223 8226 8227 8229 8231 8231 8235 8234 8237 8240 8237 8240 8246 8243 8242 8247 8247 8250 8251 8253 8253 8256 8257 8259 8261 8263 8263 8267 8266 8269 8271 8273 8275 8277 8277 8282 8279 8283 8285 8287 8287 8291 8290 8293 8293 8297 8296 8299 8299 8303 8302 8305 8305 8307 8310 8311 8313 8313 8313 8320 8315 8318 8321 8323 8323 8326 8327 8329 8331 8331 8335 8334 8337 8337 8341 8340 8341 8344 8345 8347 8347 8350 8351 8353 8353 8357 8356 8359 8362 8359 8359 8362 8368 8365 8369 8364 8371 8371 8374 8375 8377 8377 8381 8380 8383 8383 8386 8387 8389 8389 8393 8392 8395 8397 8395 8397 8401 8400 8403 8403 8406 8407 8409 8409 8412 8413 8415 8415 8418 8419 8421 8421 8424 8425 8427 8427 8431 8430 8433 8435 8437 8440 8437 8440 8443 8442 8445 8447 8447 8449 8452 8453 8455 8457 8459 8461 8463 8465 8467 8469 8471 8473 8475 8477 8479 8479 8484 8481 8485 8487 8489 8489 8492 8493 8495 8495 8497 8500 8501 8503 8505 8507 8507 8511 8510 8513 8513 8518 8515 8518 8521 8520 8523 8523 8527 8526 8529 8531 8529 8536 8531 8538 8533 8539 8539 8543 8542 8545 8547 8547 8549 8552 8553 8555 8555 8559 8558 8559 8561 8564 8565 8567 8567 8571 8570 8571 8575 8574 8577 8577 8580 8581 8583 8585 8587 8587 8590 8591 8593 8596 8593 8596 8599 8601 8598 8601 8605 8604 8607 8607 8610 8611 8613 8615 8617 8619 8621 8623 8625 8625 8629 8628 8631 8633 8633 8637 8636 8639 8641 8643 8643 8647 8646 8649 8651 8651 8654 8655 8657 8659 8661 8663 8665 8667 8669 8669 8674 8671 8675 8677 8679 8681 8683 8685 8687 8687 8690 8691 8693 8695 8697 8699 8701 8703 8703 8707 8706 8709 8711 8713 8713 8716 8717 8719 8721 8721 8726 8723 8727 8729 8731 8733 8735 8737 8737 8741 8740 8743 8745 8747 8749 8749 8752 8753 8755 8757 8759 8761 8761 8764 8765 8767 8769 8771 8771 8776 8773 8777 8779 8781 8783 8785 8787 8787 8791 8789 8791 8794 8795 8797 8799 8801 8801 8804 8805 8807 8809 8811 8811 8815 8814 8817 8819 8821 8819 8821 8826 8824 8827 8829 8829 8832 8833 8835 8835 8839 8838 8839 8843 8842 8845 8847 8849 8851 8851 8853 8856 8857 8857 8860 8861 8863 8865 8865 8868 8869 8871 8873 8875 8877 8877 8881 8880 8883 8883 8885 8888 8889 8889 8892 8893 8895 8897 8899 8899 8902 8903 8905 8907 8909 8911 8913 8913 8918 8915 8919 8921 8923 8923 8927 8926 8929 8929 8933 8932 8935 8937 8939 8939 8943 8942 8945 8945 8948 8949 8951 8951 8955 8954 8957 8959 8961 8963 8965 8967 8969 8972 8969 8975 8972 8977 8974 8979 8981 8981 8984 8985 8987 8987 8992 8989 8993 8993 8997 8996 8999 9001 9001 9005 9004 9007 9007 9010 9011 9013 9013 9013 9020 9017 9016 9021 9021 9025 9023 9025 9028 9029 9031 9031 9035 9034 9037 8897 9039 9039 9043 9042 9045 9045 9045 9049 9048 9053 9052 9055 9055 9058 9059 9061 9061 9061 9065 9064 9068 9069 9069 9072 9073 9075 9075 9079 9078 9081 9081 9084 9085 9087 9087 9091 9090 9093 9093 9097 9096 9099 9099 9103 9102 9105 9105 9108 9109 9111 9114 9111 9114 9117 9119 9116 9119 9122 9123 9125 9125 9128 9129 9131 9131 9135 9134 9137 9137 9141 9140 9143 9143 9147 9146 9149 9149 9152 9153 9155 9155 9157 9159 9161 9161 9164 9165 9167 9167 9171 9170 9173 9173 9177 9176 9179 9179 9182 9183 9185 9185 9188 9189 9191 9191 9194 9195 9197 9197 9201 9200 9203 9203 9207 9206 9209 9209 9213 9212 9213 9216 9217 9219 9219 9223 9221 9225 9225 9228 9229 9231 9231 9235 9233 9237 9237 9240 9241 9243 9243 9247 9246 9249 9249 9252 9253 9255 8101 9257 9257 9261 9260 9263 9263 9265 9267 9269 9269 9272 9273 9275 9275 9278 9279 9281 9281 9285 9284 9287 9287 9290 9291 9293 9293 9296 9297 9299 9299 9302 9303 9305 9305 9307 9309 9311 9311 9314 9315 9317 9317 9321 9320 9323 9323 9326 9327 9329 9329 9333 9332 9335 9335 9338 9339 9341 9341 9345 9344 9347 9347 9351 9350 9353 9353 9357 9356 9359 9359 9363 9362 9365 9365 9369 9368 9371 9373 9375 9377 9379 9381 9383 9383 9387 9386 9389 9391 9393 9393 9396 9397 9399 9399 9402 9403 9405 9405 9408 9409 9411 9411 9414 9415 9417 9417 9420 9421 9423 9423 9427 9426 9429 9432 9429 9433 9433 9435 9437 9439 9439 9443 9442 9445 9445 9449 9447 9451 9451 9454 9455 9457 9457 9460 9461 9463 9463 9467 9466 9469 9469 9472 9473 9475 9475 9478 9479 9481 9481 9485 9484 9487 9487 9491 9489 9493 9493 9495 9497 9499 9499 9503 9502 9505 9505 9508 9509 9511 9511 9515 9513 9517 9517 9521 9520 9523 5895 9525 9525 9527 9529 9531 9531 9534 9535 9537 9537 9541 9540 9543 9543 9547 9546 9549 9549 9553 9552 9555 9555 9558 9559 9561 9561 9565 9563 9567 9567 9571 9570 9573 9573 9575 9577 9579 9579 9582 9583 9585 9585 9589 9588 9591 9591 9594 9595 9597 9597 9599 9601 9603 9603 9606 9607 9609 9609 9611 9613 9615 9615 9618 9619 9621 9621 9624 9625 9625 9629 9628 9631 9633 9633 9636 9631 9637 9637 9641 9640 9641 9645 9644 9645 9649 9648 9651 9651 9655 9654 9657 9657 9660 9661 9663 9663 9666 9667 9669 9669 9673 9672 9675 9675 9678 9679 9681 9681 9684 9685 9687 9687 9691 9691 9690 9695 9693 9697 9697 9700 9701 9703 9703 9707 9706 9709 9709 9713 9713 9712 9715 9717 9719 9719 9723 9722 9725 9725 9728 9729 9731 9734 9731 9735 9731 9731 9737 9739 9731 9731 9742 9731 9743 9745 9731 9747 9749 9751 9747 9754 9749 9755 9731 9757 9757 9731 9761 9731 9760 9761 9765 9764 9767 9770 9767 9771 9771 9775 9775 9774 9779 9779 9779 9777 9785 9783 9782 9787 9787 9790 9791 9793 9793 9797 9796 9799 9799 9803 9802 9803 9805 9807 9809 9809 9813 9812 9815 9815 9818 9819 9821 9821 9824 9825 9827 9827 9829 9831 9833 9833 9837 9836 9839 9839 9841 9843 9845 9845 9849 9848 9851 9851 9855 9854 9857 9857 9861 9860 9863 9863 9867 9866 9869 9869 9872 9873 9875 9875 9878 9879 9881 9881 9884 9885 9887 9887 9890 9891 9893 9893 9897 9896 9899 9899 9903 9901 9905 9907 9905 9909 9909 9913 9912 9915 9915 9918 9919 9919 9923 9922 9925 9925 9928 9929 9931 9931 9935 9933 9937 9937 9941 9940 9943 9943 9945 9947 9949 9949 9953 9952 9955 9955 9958 9959 9961 9961 9965 9963 9967 9967 9970 9971 9973 9973 9976 9977 9979 9979 9982 9983 9985 9985 9989 9988 9991 9991 0 10000







285 65535 3 3 5 8 3 9 12 13 13 15 18 19 19 21 24 25 25 30 27 31 31 33 36 37 37 42 39 43 43 48 45 49 49 51 54 55 58 55 59 59 61 64 65 65 67 70 71 71 76 73 73 80 77 81 81 86 83 87 87 92 89 93 93 98 95 99 99 101 104 105 105 107 110 111 111 116 113 117 119 117 121 121 126 123 127 127 132 129 133 133 135 138 139 139 141 144 145 145 150 147 151 151 153 156 157 157 162 159 163 163 168 165 169 169 174 171 175 175 180 177 181 181 186 183 187 187 189 192 193 193 195 198 199 199 204 201 205 205 210 207 211 211 216 213 217 217 222 219 223 223 228 225 229 229 231 234 235 235 240 237 241 241 243 246 247 247 249 252 253 253 255 258 259 259 261 264 265 265 270 267 271 271 276 273 277 267 279 279 281 284 0 290
545 65535 3 3 5 8 9 9 14 11 15 15 17 20 21 23 25 28 25 29 29 31 34 35 35 40 37 41 41 46 43 47 47 52 49 53 53 58 55 59 59 64 61 65 65 69 67 71 71 73 75 75 77 80 81 81 83 86 87 87 89 92 93 93 95 98 99 99 101 101 103 106 107 107 109 112 113 113 115 113 117 119 119 121 124 125 125 130 127 131 131 136 133 137 137 139 142 143 143 148 145 149 149 151 154 155 157 155 157 162 160 163 165 165 170 167 171 171 173 176 177 177 182 179 179 186 183 187 187 192 189 193 193 198 195 199 199 201 204 205 205 210 207 211 211 216 213 217 220 217 221 221 224 225 225 230 227 231 231 233 236 237 237 242 239 243 243 245 248 249 249 251 254 255 255 260 257 261 263 261 268 263 265 270 271 273 273 275 278 271 279 281 281 286 283 287 289 287 294 289 291 296 297 297 299 302 303 303 305 308 309 309 311 314 315 315 317 320 321 321 326 323 327 327 329 332 333 333 338 335 339 339 342 343 343 348 345 349 349 353 351 351 358 355 359 359 361 364 365 365 367 370 371 371 373 376 377 377 382 379 383 383 385 388 389 389 394 391 395 395 400 397 401 401 403 406 407 407 409 412 413 413 418 415 419 419 421 424 425 425 427 430 431 431 433 435 437 437 439 442 443 443 445 448 449 449 454 451 455 455 457 460 461 461 466 463 467 467 469 472 473 473 475 478 479 479 484 481 485 485 490 487 491 491 493 496 497 497 499 502 503 503 505 508 509 509 514 511 515 515 517 520 521 521 523 526 527 527 529 532 533 533 538 535 539 539 541 544 0 550
347 65535 3 3 5 8 9 9 14 11 15 15 17 20 21 21 26 23 27 27 30 31 31 36 33 37 37 42 39 43 43 48 45 49 49 54 51 55 58 55 59 59 61 64 65 65 67 70 71 71 73 76 77 77 82 79 83 83 88 85 89 89 94 91 95 95 97 100 101 101 106 103 107 107 112 109 113 113 118 115 119 119 124 121 125 125 130 127 131 131 136 133 137 137 139 142 143 143 146 147 147 149 152 153 153 155 158 159 159 161 164 165 165 170 167 171 171 173 176 177 177 182 179 183 183 188 185 189 192 189 193 193 195 198 199 199 201 204 205 205 207 210 211 211 216 213 217 217 222 219 223 223 228 225 229 229 231 234 235 235 237 240 241 241 246 243 247 247 249 252 253 253 255 258 259 259 261 264 265 265 270 267 271 271 276 273 277 277 279 282 283 283 285 288 289 289 291 294 295 295 297 300 301 301 303 306 307 307 309 312 313 313 315 318 319 319 324 321 325 325 328 329 329 331 334 335 335 337 340 341 341 346 343 0 352
3 6 7 7 9 11 13 13 15 17 19 19 21 24 65535 65535 0 28
5 4 5 7 10 11 11 16 13 17 17 39 19 21 24 25 25 27 30 31 31 33 36 37 37 39 41 44 45 45 65535 0 50
3 8 5 9 9 14 11 15 15 20 17 21 21 23 26 27 27 32 29 33 33 38 35 39 39 41 44 45 45 47 50 51 51 53 56 57 57 62 59 63 63 68 65 69 69 71 74 75 75 77 80 81 81 86 83 87 87 89 94 91 95 95 100 97 101 101 103 106 107 107 109 112 113 113 115 118 119 119 145 122 124 126 126 128 129 132 132 134 136 138 138 142 140 144 144 148 145 149 149 154 151 155 155 159 157 161 161 163 166 167 167 169 171 174 175 175 180 177 181 181 183 186 187 187 189 192 193 193 195 198 199 199 204 201 205 205 210 207 211 211 216 213 217 217 222 219 223 223 225 228 229 229 231 234 235 235 237 240 241 241 245 243 245 250 247 251 251 253 256 257 257 261 259 261 264 301 267 266 270 270 273 272 276 276 278 279 282 282 284 285 288 288 291 290 294 294 296 297 300 300 301 303 306 307 307 312 309 313 313 318 315 319 319 324 321 325 325 327 330 331 331 335 333 337 337 485 490 339 343 341 345 345 347 350 351 351 357 353 356 359 359 359 363 361 365 365 367 369 371 371 373 375 377 377 381 379 383 383 386 433 389 388 392 392 395 394 398 398 400 401 404 404 407 406 410 410 413 412 416 416 418 419 422 422 425 424 428 428 430 431 433 433 440 435 437 442 443 442 443 448 445 449 449 451 454 455 455 462 457 459 463 465 463 465 467 469 471 471 475 473 477 477 479 481 483 483 485 490 491 487 493 491 493 495 498 499 499 504 501 505 505 509 507 511 511 513 515 517 517 521 519 523 523 525 527 529 529 531 533 535 535 545 537 541 539 543 543 545 547 549 551 554 65535 65535 0 558
22 24 65535 4 6 6 10 8 12 13 12 13 18 16 20 20 0 28
78 65535 4 65535 6 6 10 8 12 12 16 14 18 18 18 23 21 20 26 28 28 30 32 34 34 36 38 40 40 42 44 46 46 48 50 52 52 56 54 58 58 59 62 62 64 66 66 68 69 72 72 75 74 0 82
3 5 9 7 5 7 9 13 11 15 15 17 21 20 23 23 23 27 25 29 29 32 111 34 36 48 36 38 40 42 42 44 46 46 72 74 54 52 50 52 54 57 56 60 60 64 61 64 68 65 68 70 85 88 74 76 78 80 82 140 84 140 88 90 92 92 95 94 98 98 101 100 104 104 106 110 108 110 110 111 113 116 117 117 123 119 335 121 123 123 125 127 129 131 131 323 136 133 141 137 141 143 451 143 145 148 149 149 157 153 296 151 298 156 159 157 159 161 289 167 163 165 167 167 170 171 173 173 176 457 178 179 182 182 184 187 186 189 192 189 192 457 193 197 195 296 197 199 202 203 203 205 207 207 212 209 213 213 215 218 219 219 221 224 225 225 230 227 231 231 236 233 237 237 239 242 243 243 245 248 249 249 251 253 253 255 258 259 259 264 261 265 265 270 267 271 271 273 276 277 277 279 281 281 283 286 287 287 289 294 291 296 296 298 308 299 301 304 305 305 308 316 310 316 312 313 316 316 320 318 322 322 323 329 326 331 328 329 329 331 333 333 335 341 337 341 340 341 343 345 347 347 349 351 353 353 359 355 361 358 363 361 363 369 366 367 369 369 371 373 375 375 379 377 381 381 385 383 385 389 387 391 391 393 395 397 397 399 403 405 409 401 403 403 405 408 409 409 413 411 415 415 417 419 421 421 423 425 425 427 429 431 431 433 437 435 439 437 437 439 439 441 443 445 445 449 448 449 451 454 455 455 457 461 459 463 463 468 465 469 469 473 471 473 477 475 477 481 480 481 485 483 487 487 489 491 491 493 495 497 497 501 500 501 505 503 505 507 509 511 511 516 513 517 517 519 521 523 521 523 525 527 65535 65535 0 532
1992 5045 3716 3784 3010 4078 4598 4140 2304 4682 5207 3340 3128 2834 65535 4 4 6 7 10 10 12 13 16 18 16 18 22 20 24 26 26 28 29 32 32 34 35 38 38 40 42 42 45 44 48 48 52 50 54 54 58 56 60 60 64 62 62 68 66 70 70 73 72 76 76 79 78 82 83 82 86 86 90 88 92 92 94 96 98 100 98 104 100 105 102 108 108 110 111 114 114 117 116 120 120 122 124 124 126 128 130 130 133 132 136 136 140 138 138 144 142 146 146 150 148 152 152 156 154 158 160 158 162 164 162 167 164 166 170 172 172 176 174 178 178 180 182 184 184 186 187 190 190 193 192 196 196 198 200 200 203 202 206 206 208 209 212 212 214 215 218 218 220 221 224 224 227 226 230 230 232 234 234 236 238 240 240 243 242 246 246 248 250 252 252 254 256 258 258 260 261 264 264 267 266 270 270 271 274 274 276 277 280 280 282 284 286 288 286 291 288 293 290 296 296 299 297 301 301 305 303 307 309 307 311 311 315 313 317 317 319 322 323 323 325 328 329 329 331 334 335 338 335 339 339 344 341 341 347 345 349 349 351 354 355 355 359 357 361 361 363 365 367 367 369 371 373 373 375 377 377 379 381 383 383 385 387 389 389 394 391 395 395 397 399 401 401 403 406 407 407 409 412 413 416 413 417 417 419 422 423 423 425 427 429 429 433 431 435 296 435 296 438 440 442 442 444 445 448 450 448 452 452 454 455 458 458 462 460 464 464 467 466 470 470 473 472 476 476 478 479 482 482 484 486 486 488 489 492 492 496 494 498 498 500 501 504 504 508 506 506 510 511 514 514 516 517 520 520 522 523 526 526 528 530 530 532 533 536 536 538 539 542 542 545 544 548 548 550 551 554 554 557 556 560 560 562 564 564 566 567 570 570 571 573 575 575 577 580 581 581 583 586 587 587 592 589 593 593 595 597 597 599 601 603 603 605 607 570 609 609 570 613 612 616 618 616 618 621 620 624 626 626 629 628 632 632 634 635 638 640 638 642 642 643 646 646 648 650 652 652 656 654 658 660 658 660 663 662 666 668 668 671 670 674 674 676 677 680 681 680 684 684 688 686 690 690 693 692 696 696 698 699 702 702 705 704 708 708 710 712 714 714 716 528 718 718 720 722 724 724 728 726 730 730 732 733 224 736 736 738 739 742 742 744 746 748 746 752 748 749 754 756 756 759 758 762 762 764 765 768 768 771 770 774 774 777 776 780 782 780 784 784 787 786 790 790 792 794 796 798 796 798 802 804 800 806 806 810 808 812 812 814 816 818 820 818 822 822 824 826 828 828 830 832 834 834 838 836 840 842 840 846 842 844 848 850 850 853 852 856 856 858 859 862 863 862 865 865 867 870 871 871 873 876 877 877 879 882 883 883 885 888 889 889 892 894 894 898 896 900 900 902 904 906 906 908 889 909 909 913 911 915 915 917 920 921 921 923 926 927 927 932 929 933 935 933 937 937 942 939 943 943 948 945 949 949 951 862 953 953 957 955 959 959 961 963 965 965 970 967 971 971 973 976 977 977 979 982 862 983 986 862 988 988 992 990 994 994 998 996 1000 1002 1000 1002 1006 1003 1008 1010 1010 1012 1014 1016 1016 1019 1018 1022 1023 1022 1026 1026 1028 1029 1032 1032 1034 1036 1038 1038 1042 1040 1044 1044 1048 1046 1050 1052 1023 1050 1053 1053 1055 1057 1059 1059 1064 1061 1065 1065 1067 1070 1071 1071 1073 1076 1077 1077 1082 1079 1083 1083 1087 1085 1022 1089 1089 1022 1091 1094 1094 1096 1097 1100 1100 1104 1102 1106 1108 1106 1108 1111 1114 1110 1116 1116 1119 1118 1122 1122 1124 1125 1128 1130 1128 1132 1132 1134 1135 1138 1138 1140 1142 1140 1144 1146 1148 1148 1150 1152 1154 1156 1154 1159 1156 1162 1158 1164 1164 1168 1166 1170 1170 1172 1174 1176 1178 1176 1180 1180 1184 1182 1186 1186 1188 1190 1192 1192 1196 1194 1198 1198 1200 1201 1204 1204 1207 1206 1210 1212 1210 1214 1214 1216 1217 1220 1220 1224 1222 1226 1226 1228 1230 1232 1232 1235 1234 1238 1238 1242 1240 1244 1244 1248 1246 1250 1250 1252 1254 1256 1254 1260 1256 1262 1258 1264 1264 1266 1268 1270 1270 1272 1274 1276 1276 1279 1278 1282 1282 1285 1284 1288 1288 1290 1292 1294 1296 1296 1298 1300 1302 1302 1305 1304 1308 1308 1310 1311 1314 1314 1316 1317 1320 1320 1322 1323 1326 1328 1326 1330 1332 1330 1302 1334 1334 1302 1336 1338 1340 1340 1342 1344 1346 1346 1350 1348 1352 1352 1354 1356 1358 1358 1360 1362 1364 1362 1364 1367 1370 1366 1372 1372 1376 1374 1378 1378 1380 1381 1384 1384 1386 1387 1390 1390 1393 1392 1396 1398 1396 1400 1400 1402 1403 1406 1406 1410 1408 1412 1412 1414 1416 1418 1418 1422 1420 1424 1424 1428 1426 1430 1430 1433 1432 1436 1438 1436 1440 1442 1440 1444 1444 1447 1446 1450 1450 1452 1454 1456 1424 1424 1456 1460 1458 1462 1462 1464 1466 1468 1470 1468 1472 1472 1476 1474 1478 1478 1480 1481 1484 1484 1486 1487 1490 1490 1492 1493 1496 1496 1498 1500 1500 1502 1503 1506 1506 1508 1509 1512 1512 1516 1514 1518 1518 1520 1522 1524 1525 1524 1528 1528 1530 1532 1534 1534 1537 1536 1540 1542 1540 1545 1542 1548 1543 1550 1550 1554 1552 1556 1556 1558 1560 1562 1562 1564 1565 1568 1568 1571 1570 1574 1574 1575 1578 1578 1580 1582 1584 1584 1587 1586 1590 1590 1594 1592 1596 1596 1598 1600 1602 1602 1605 1604 1608 1608 1611 1610 1614 1614 1616 1618 1619 1618 1622 1622 1624 1625 1628 1628 1631 1630 1634 1634 1636 1637 1640 1640 1642 1643 1646 1646 1649 1648 1652 1652 1654 1656 1656 1658 1660 1662 1662 1666 1664 1664 1668 1669 1672 1672 1674 1676 1678 1678 1680 1682 1684 1684 1685 1688 1688 1690 1691 1694 1694 1697 1696 1700 1702 1700 1706 1702 1708 1704 1710 1710 1712 1713 1716 1716 1719 1718 1722 1722 1723 1726 1726 1730 1728 1728 1731 1734 1734 1736 1738 1740 1740 1744 1742 1742 1746 1747 1750 1750 1752 1754 1756 1756 1760 1758 1762 1762 1764 1766 1766 1768 1770 1772 1772 1774 1775 1778 1778 1780 1782 1784 1784 1750 1786 1787 1790 1790 1792 1793 1796 1796 1798 1800 1800 1802 1803 1806 1806 1809 1808 1812 1812 1815 1814 1818 1818 1820 1821 1824 1824 1828 1826 1830 1830 1834 1832 1836 1836 1837 1840 1840 1843 1842 1846 1846 1848 1849 1852 1852 1854 1856 1640 1858 1858 1862 1860 1864 1864 1868 1866 1870 1870 1872 1874 1874 1876 1877 1880 1880 1883 1882 1886 1886 1890 1888 1892 1892 1896 1894 1898 1898 1900 1901 1904 1904 1907 1906 1907 1912 1910 1910 1913 1468 1916 1913 1918 1292 1294 1920 1264 1920 1924 1922 1926 1926 1930 1928 1932 1932 1936 1934 1938 1938 1942 1940 1944 1944 1946 1948 1950 1950 1954 1952 1956 1956 1958 1960 1958 1962 1964 1966 1966 1968 1970 1972 1972 1974 1976 1978 1978 1980 1982 1982 1984 1986 1986 1988 1989 1992 1994 1994 1998 1996 2000 2000 2004 2002 2002 2008 2006 2010 2010 2012 2013 2016 2016 2019 2018 2022 2022 2024 2026 2026 2030 2028 2032 2032 2036 2034 2038 2038 2042 2040 2044 2044 2048 2046 2050 2050 2052 2053 2053 2057 2056 2059 2056 2062 2059 2064 2064 2068 2066 2070 2070 2072 2074 2076 2076 2078 2080 2010 2082 2010 2082 2085 2084 2088 2088 2091 2090 2094 2094 2096 2097 2097 2101 2099 2103 2103 2107 2105 2109 2109 2114 2111 2115 2115 2120 2117 2121 2121 2126 2123 2127 2127 2129 2131 2131 2136 2133 2137 2137 2141 2139 2143 2143 2148 2145 2149 2149 2151 2153 2155 2155 2158 2159 2159 2164 2161 2165 2165 2170 2167 2171 2171 2175 2173 2177 2177 2179 2182 2183 2183 2185 2187 2187 2192 2189 2193 2193 2195 2198 2199 2199 2201 2203 2205 2205 2209 2207 2211 2211 2213 2216 2217 2217 2221 2219 2223 2223 2226 2228 2228 2230 2231 2234 2234 2237 2236 2240 2240 2244 2242 2246 2246 2250 2248 2252 2252 2254 2256 2258 2258 2260 2262 2264 2223 2266 2264 2096 2268 2268 2270 2272 2272 2274 2276 2278 2278 2280 2282 2280 2285 2284 2288 2288 2290 2291 2294 2294 2296 2297 2300 2302 2300 2304 2306 2306 2309 2308 2312 2312 2314 2315 2318 2318 2322 2320 2320 2326 2324 2328 2328 2332 2330 2334 2334 2336 2338 2340 2342 2340 2344 2344 2346 2348 2350 2350 2354 2352 2356 2356 2358 2360 2362 2362 2365 2364 2365 2368 2370 2371 2374 2371 2375 2375 2379 2377 2381 2381 2386 2383 2387 2387 2391 2389 2393 2393 2395 2398 2399 2399 2401 2404 2405 2405 2407 2410 2368 2411 2411 2414 2416 2416 2419 2418 2422 2422 2424 2426 2428 2428 2432 2430 2434 2434 2437 2436 2440 2440 2443 2442 2446 2446 2448 2450 2450 2454 2452 2456 2456 2458 2460 2462 2462 2464 2466 2468 2468 2470 2471 2471 2475 2474 2478 2478 2481 2480 2484 2484 2487 2370 2486 2368 2490 2492 2490 2494 2494 2498 2496 2500 2500 2504 2502 2502 2508 2506 2510 2510 2510 2512 2516 2514 2518 2518 2522 2520 2524 2524 2526 2528 2528 2530 2532 2534 2534 2536 2538 2540 2540 2542 2544 2546 2546 2548 2549 2552 2552 2552 2554 2555 2558 2560 2560 2563 2562 2566 2371 2568 2566 2570 2570 2572 2574 2576 2576 2580 2578 2582 2582 2584 2586 2584 2589 2588 2592 2592 2595 2594 2598 2598 2601 2600 2604 2606 2604 2608 2608 2610 2611 2614 2614 2617 2616 2620 2620 2623 2622 2626 2626 2628 2629 2632 2634 2632 2300 2636 2636 2638 2639 2642 2642 2644 2646 2648 2648 2652 2650 2654 2654 2656 2658 2660 2660 2662 2664 2664 2666 2668 2668 2672 2670 2674 2674 2676 2678 2678 2682 2680 2684 2684 2686 2688 2690 2690 2692 2694 2696 2698 2696 2700 2700 2703 2702 2706 2706 2708 2710 2712 2712 2716 2714 2718 2718 2720 2722 2724 2724 2728 2726 2730 2732 2730 2734 2734 2738 2736 2740 2740 2744 2742 2746 2746 2748 2749 2752 2752 2754 2755 2758 2758 2759 2762 2762 2766 2764 2768 2768 2770 2772 2774 2774 2776 2778 2780 2780 2784 2782 2730 2786 2730 2788 2786 2790 2790 2792 2793 2796 2796 2798 2800 2802 2802 2804 2805 2808 2808 2812 2810 2810 2814 2815 2818 2684 2818 2822 2820 2824 2824 2826 2828 2830 2832 2830 2834 2834 2838 2836 2840 2840 2844 2842 2846 2846 2850 2848 2852 2852 2854 2856 2858 2858 2860 2862 2864 2866 2864 2868 2868 2870 2872 2874 2874 2878 2876 2876 2882 2880 2884 2884 2888 2886 2890 2890 2894 2892 2896 2898 2896 2900 2900 2903 2902 2906 2906 2910 2908 2912 2912 2916 2914 2918 2918 2922 2920 2924 2924 2928 2926 2930 2930 2932 2934 2934 2936 2938 2940 2940 2943 2942 2946 2946 2950 2948 2952 2952 2956 2954 2958 2960 2958 2962 2962 2964 2966 2968 2968 2970 2971 2974 2974 2976 2978 2978 2980 2982 2984 2984 2986 2988 2990 2990 2994 2992 2996 2998 2996 3000 3002 3000 3004 3004 3006 3007 3010 3012 3012 3014 3015 3018 3018 3020 3022 3024 3024 3028 3026 3030 3031 3030 3034 3034 3038 3036 3040 3040 3042 3044 3046 3046 3049 3048 3052 3052 3056 3054 3058 3058 3060 3061 3064 3064 3067 3066 3070 3070 3072 3074 3076 3076 3078 3080 3080 3082 3084 3086 3088 3086 3090 3090 3094 3092 3096 3096 3098 3100 3102 3104 3102 3108 3104 3110 3105 3112 3112 3114 3116 3118 3118 3120 3122 3124 3125 3124 3128 3128 3130 3132 3134 3134 3136 3137 3140 3140 3142 3143 3146 3146 3149 3148 3152 3152 3154 3155 3158 3158 3160 3162 3162 3166 3164 3168 3170 3168 3174 3170 3176 3172 3178 3178 3180 3181 3184 3184 3187 3186 3190 3192 3190 3194 3194 3197 3196 3200 3200 3203 3202 3206 3206 3208 3209 3212 3212 3214 3215 3218 3218 3220 3221 3224 3224 3226 3227 3230 3232 3230 3234 3234 3236 3237 3240 3240 3244 3242 3246 3246 3248 3250 3252 3252 3254 3255 3258 3258 3261 3260 3264 3266 3264 3268 3268 3272 3270 3274 3274 3276 3277 3280 3280 3284 3282 3286 3286 3288 3289 3292 3292 3294 3296 3298 3298 3300 3302 3302 3304 3305 3308 3308 3311 3310 3314 3314 3246 3316 3317 3316 3321 3320 3324 3324 3326 3327 3330 3330 3333 3332 3336 3336 3338 3340 3342 3342 3345 3344 3348 3348 3350 3351 3354 3354 3356 3357 3360 3361 3360 3364 3364 3368 3366 3370 3370 3372 3373 3376 3377 3361 3190 3192 3376 3380 3380 3383 3382 3386 3386 3388 3390 3392 3392 3394 3395 3398 3398 3401 3400 3404 3404 3406 3407 3410 3412 3410 3414 3414 3417 3416 3420 3420 3423 3422 3426 3428 3426 3428 3432 3434 3429 3436 3436 3440 3438 3442 3442 3444 3446 3448 3448 3450 3452 3452 3455 3454 3458 3458 3460 3462 3464 3464 3466 3467 3470 3470 3472 3473 3476 3476 3477 3480 3480 3482 3484 3486 3486 3488 3489 3492 3492 3495 3494 3498 3498 3501 3500 3504 3505 3504 3508 3508 3510 3512 3512 3514 3515 3518 3518 3521 3520 3524 3524 3527 3526 3530 3530 3532 3533 3536 3536 3538 3540 3540 3544 3542 3546 3546 3548 3550 3552 3552 3554 3555 3558 3558 3560 3561 3564 3566 3564 3568 3568 3572 3570 3574 3574 3576 3578 3580 3582 3580 3582 3585 3583 3588 3590 3590 3593 3592 3596 3596 3598 3599 3602 3604 3602 3606 3606 3609 3608 3612 3612 3615 3614 3618 3618 3622 3620 3624 3624 3626 3627 3630 3630 3632 3633 3636 3637 3636 3640 3642 3640 3644 3644 3648 3646 3650 3652 3650 3656 3652 3658 3653 3660 3660 3662 3663 3666 3666 3668 3669 3672 3672 3674 3676 3676 3678 3679 3682 3682 3685 3684 3688 3688 3690 3692 3694 3694 3696 3698 3700 3700 3704 3702 3706 3708 3706 3710 3710 3714 3712 3716 3718 3718 3720 3721 3724 3724 3728 3726 3730 3730 3732 3733 3736 3736 3738 3739 3742 3742 3744 3746 3746 3748 3749 3752 3752 3754 3755 3758 3760 3758 3764 3760 3761 3766 3768 3768 3770 3772 3774 3774 3776 3777 3780 3782 3780 3784 3786 3786 3789 3788 3792 3792 3795 3794 3798 3798 3801 3800 3804 3804 3807 3806 3810 3810 3811 3813 3813 3818 3815 3819 3819 3821 3824 3825 3825 3830 3827 3831 3811 3831 3833 3836 3836 3838 3839 3842 3842 3844 3845 3848 3848 3851 3850 3854 3854 3857 3856 3860 3860 3862 3863 3866 3866 3868 3869 3872 3872 3875 3874 3878 3880 3878 3882 3882 3885 3884 3888 3888 3891 3890 3894 3894 3896 3897 3900 3900 3900 3903 3906 3902 3908 3908 3909 3912 3912 3915 3914 3918 3918 3920 3921 3924 3924 3926 3928 3930 3931 3930 3934 3934 3936 3937 3940 3940 3944 3942 3946 3946 3949 3948 3952 3952 3955 3954 3958 3960 3958 3962 3962 3964 3965 3968 3968 3970 3971 3974 3974 3977 3976 3980 3980 3983 3982 3986 3986 3988 3989 3992 3994 3992 3996 3996 3999 3998 4002 4002 4004 4005 4008 4008 4010 4012 4014 4014 4016 4018 4018 4022 4020 4024 4024 4026 4027 4030 4030 4033 4032 4036 4037 4036 4040 4042 4040 4044 4044 4047 4046 4050 4050 4053 4052 4056 4056 4058 4060 4062 4062 4065 4064 4068 4068 4071 4070 4074 4074 4076 4078 4080 4080 4084 4082 4086 4088 4086 4088 4091 4090 4094 4096 4096 4099 4098 4102 4102 4104 4105 4108 4110 4108 4112 4112 4114 4115 4118 4118 4120 4121 4124 4124 4126 4127 4130 4130 4133 4132 4136 4136 4138 4140 4140 4142 4144 4146 4146 4148 4149 4152 4152 4154 4156 4158 4158 4160 4162 4164 4164 4168 4166 4170 4170 4171 4174 4174 4176 4177 4180 4180 4183 4182 4186 4186 4188 4190 4192 4192 4194 4195 4198 4198 4200 4201 4204 4204 4206 4208 4208 4210 4211 4214 4214 4217 4216 4220 4220 4222 4223 4226 4226 4229 4228 4232 4232 4235 4234 4238 4238 4240 4241 4244 4244 4246 4248 4248 4250 4251 4254 4254 4256 4258 4260 4260 4262 4263 4266 4266 4268 4269 4272 4272 4273 4276 4276 4278 4279 4282 4282 4285 4284 4288 4288 4290 4291 4294 4294 4296 4298 4298 4302 4300 4248 4304 4304 4308 4306 4310 4310 4313 4312 4316 4316 4318 4319 4322 4324 4322 4326 4326 4328 4330 4332 4332 4335 4334 4338 4338 4341 4340 4344 4344 4346 4347 4350 4350 4352 4354 4354 4357 4356 4360 4360 4363 4362 4366 4366 4368 4369 4372 4372 4374 4375 4378 4378 4380 4382 4384 4386 4384 4388 4388 4391 4390 4394 4394 4396 4398 4400 4400 4403 4402 4406 4406 4408 4410 4412 4413 4412 4416 4416 4418 4420 4420 4423 4422 4426 4426 4429 4428 4432 4432 4434 4435 4438 4440 4438 4442 4442 4444 4445 4448 4448 4451 4450 4454 4454 4457 4456 4460 4460 4463 4462 4466 4466 4469 4468 4472 4472 4474 4476 4476 4480 4478 4482 4482 4485 4484 4488 4488 4491 4490 4494 4496 4494 4498 4498 4502 4500 4504 4504 4507 4506 4510 4510 4513 4512 4516 4517 4516 4520 4520 4522 4524 4526 4526 4530 4528 4532 4532 4535 4534 4538 4538 4540 4541 4544 4546 4544 4548 4548 4550 4552 4554 4554 4557 4556 4560 4560 4562 4563 4566 4568 4566 4570 4570 4572 4573 4576 4576 4579 4578 4582 4582 4585 4584 4588 4588 4591 4590 4594 4594 4595 4598 4600 4600 4602 4604 4606 4606 4610 4608 4612 4612 4614 4616 4616 4618 4619 4622 4622 4624 4626 4628 4628 4630 4632 4634 4634 4636 4637 4640 4642 4640 4644 4644 4646 4648 4650 4650 4652 4653 4653 4656 4657 4660 4660 4662 4663 4666 4666 4669 4668 4672 4674 4672 4676 4676 4678 4679 4682 4683 4683 4688 4685 4689 4689 4693 4691 4695 4695 4697 4699 4701 4701 4703 4706 4707 4707 4709 4711 4713 4713 4715 4717 4719 4719 4721 4723 4725 4727 4725 4729 4729 4733 4731 4735 4735 4737 4739 4741 4741 4743 4745 4747 4747 4751 4749 4753 4755 4753 4757 4757 4759 4762 4763 4763 4765 4767 4769 4769 4771 4774 4775 4753 4775 4778 4779 4779 4783 4781 4785 4785 4787 4789 4791 4791 4796 4793 4797 4797 4799 4801 4803 4803 4807 4805 4809 4811 4809 4813 4813 4815 4817 4819 4819 4824 4821 4825 4825 4830 4827 4831 4831 4833 4836 4837 4839 4837 4841 4841 4845 4843 4847 4847 4852 4849 4853 4853 4857 4855 4859 4859 4861 4863 4865 4865 4867 4869 4869 4874 4871 4875 4875 4877 4879 4881 4881 4885 4883 4887 4887 4891 4889 4893 4895 4893 4897 4897 4899 4901 4903 4903 4908 4905 4909 4909 4914 4911 4915 4915 4919 4917 4921 4921 4925 4923 4927 4927 4932 4929 4933 4933 4935 4937 4939 4939 4943 4941 4945 4945 4950 4947 4951 4951 4953 4955 4957 4957 4961 4959 4963 4963 4965 4967 4967 4971 4969 4973 4973 4975 4978 4979 4979 4981 4984 4985 4985 4990 4987 4991 4993 4991 4995 4995 4997 4999 5001 5001 5003 5005 5007 5007 5009 5012 5013 5013 5015 5018 5019 5021 5019 5023 5023 5027 5025 5029 5029 5031 5033 5035 5035 5037 5039 5041 5043 5041 5045 5047 5047 5052 5049 5053 5053 5057 5055 5059 5059 5063 5061 5065 5065 5067 5069 5069 5073 5071 5075 5077 5075 5082 5077 5084 5079 5084 5079 5085 5087 5089 5089 5091 5094 5095 5095 5097 5099 5101 5101 5103 5106 5107 5107 5111 5109 5113 5113 5115 5117 5119 5119 5121 5123 5125 5125 5127 5129 5129 5134 5131 5135 5135 5137 5140 5141 5141 5143 5146 5147 5147 5149 5151 5151 5153 5155 5157 5157 5161 5159 5163 5163 5165 5167 5169 5169 5174 5171 5175 5175 5177 5179 5179 5183 5181 5185 5185 5190 5187 5187 5194 5191 5195 5195 5113 5199 5197 5201 5201 5203 5205 0 5212
904 65535 65535 4 6 8 8 9 12 12 14 16 18 18 20 22 24 24 28 26 30 30 34 32 36 36 38 40 42 42 44 46 48 48 50 51 54 54 56 58 60 60 64 62 66 68 66 70 72 72 76 74 78 78 82 80 84 84 86 87 90 90 92 94 96 96 98 100 100 104 102 106 106 108 110 112 112 116 114 118 118 120 122 124 126 124 128 128 132 130 134 134 136 138 140 140 144 142 146 146 150 148 152 154 152 156 156 158 159 162 162 166 164 168 168 172 170 174 174 176 178 180 180 182 184 186 188 186 190 190 194 192 196 196 200 198 202 202 206 204 208 208 210 212 214 214 218 216 220 221 220 224 224 226 228 230 230 232 234 236 236 238 239 242 242 244 245 248 248 250 252 254 256 254 258 258 260 262 264 264 268 266 270 270 272 274 276 276 278 280 282 282 286 284 288 290 288 292 294 292 297 294 296 300 302 302 306 304 308 308 311 310 314 314 318 316 320 320 322 324 326 326 328 330 330 332 334 336 336 338 340 342 342 344 346 348 348 352 350 354 356 354 358 358 362 360 364 364 366 368 370 370 372 374 376 376 378 379 382 382 386 384 388 388 390 392 392 396 394 398 398 402 400 404 404 406 408 410 410 412 414 416 418 416 420 420 424 422 426 426 428 430 432 432 435 434 438 438 442 440 444 444 448 446 450 452 450 454 454 458 456 460 460 462 464 466 466 469 468 472 472 474 476 478 478 482 480 484 486 484 488 488 490 492 494 494 496 498 500 500 502 503 506 506 509 508 512 514 512 516 516 518 520 522 522 524 526 528 528 532 530 534 534 538 536 540 540 542 544 546 548 546 550 550 554 552 556 556 558 560 562 562 564 566 568 570 568 572 574 572 577 574 576 580 582 582 584 586 588 588 592 590 594 594 596 598 600 600 604 602 606 606 608 610 610 612 613 616 616 619 618 622 622 624 626 628 628 630 632 634 634 638 636 640 642 640 644 644 646 648 650 650 652 654 656 656 658 660 662 662 664 666 666 668 670 672 672 674 676 678 678 680 682 684 684 686 688 690 662 692 690 694 694 698 696 700 700 704 702 706 706 710 708 712 712 716 714 718 718 720 722 724 724 728 726 730 730 732 70 734 40 736 736 738 740 742 742 746 744 748 748 752 750 754 754 758 756 760 760 764 762 766 768 766 770 772 770 772 774 775 778 778 780 782 784 786 788 784 790 786 792 792 795 794 798 798 800 801 804 804 806 808 810 810 814 812 816 818 816 820 820 824 822 826 826 829 828 832 832 835 834 838 838 840 842 844 844 846 847 850 850 853 852 856 858 856 860 861 860 864 866 866 869 868 872 872 876 874 878 878 881 880 884 884 886 888 890 890 894 892 896 898 896 864 900 902 0 908
74 76 65535 65535 4 6 8 8 10 11 14 14 16 18 20 20 22 24 26 26 30 28 32 32 34 36 38 38 42 40 44 44 46 48 50 50 54 52 56 56 58 60 62 62 66 64 68 68 70 72 74 0 80
69 68 65535 65535 4 6 8 8 11 10 14 14 16 18 20 20 22 24 26 26 30 28 32 32 33 32 35 32 37 32 40 32 42 44 32 46 32 48 32 32 50 52 32 54 32 56 32 32 58 60 32 62 62 66 64 68 0 74
108 106 65535 65535 4 6 8 8 10 12 14 14 16 18 20 20 24 22 26 26 30 28 32 32 36 34 38 38 40 41 44 44 47 46 50 50 54 52 56 56 60 58 62 62 64 65 68 68 70 72 74 74 78 76 80 80 82 84 86 86 88 90 92 92 94 96 98 98 100 102 104 104 0 112
284 286 65535 65535 6 4 8 8 10 12 14 14 17 16 20 20 22 24 26 26 28 30 32 32 36 34 38 38 40 42 44 44 46 48 50 50 52 54 56 56 60 58 62 62 66 64 68 68 70 72 74 74 76 78 80 80 82 84 86 86 90 88 92 92 94 96 98 100 98 102 104 102 102 106 108 108 110 112 114 114 116 118 120 120 122 124 126 126 128 130 132 132 136 134 138 138 142 140 144 144 148 146 150 150 153 152 156 156 158 160 162 162 164 166 168 168 170 172 174 174 176 178 178 180 182 184 184 186 188 190 190 193 192 196 198 198 201 200 204 204 208 206 210 210 214 212 216 218 220 216 220 218 222 224 225 224 227 224 224 230 232 224 234 234 236 238 240 240 242 244 246 246 250 248 252 252 254 256 258 258 261 260 264 264 266 268 270 270 272 274 276 276 279 278 282 282 0 290
1979 65535 3 6 3 7 9 9 12 13 15 15 18 19 21 23 23 27 26 29 29 33 32 35 35 38 39 7 41 43 43 47 46 49 49 53 52 55 55 59 58 61 61 65 63 67 67 70 71 73 73 77 76 79 79 81 83 83 86 87 89 89 92 93 95 95 99 98 101 101 105 104 107 107 111 110 113 113 116 117 119 121 119 123 123 126 127 129 129 133 131 135 135 139 138 141 141 144 145 147 147 150 151 153 153 155 157 159 159 163 162 165 165 168 169 171 174 171 175 175 179 178 181 181 185 184 187 187 190 191 193 193 196 197 199 199 203 202 205 205 208 209 211 211 214 215 217 220 220 223 222 217 226 227 227 230 231 233 233 237 236 239 239 242 243 245 245 248 249 251 253 253 256 257 259 259 263 262 265 265 269 268 271 271 274 275 277 277 281 280 283 283 286 287 289 289 292 293 295 295 299 298 301 301 305 304 307 307 309 311 311 315 314 317 317 321 320 323 323 326 327 329 329 333 332 333 336 337 339 339 342 343 345 345 349 348 351 351 355 354 357 357 361 360 363 363 367 366 369 371 371 373 375 377 377 381 380 383 383 387 386 389 389 392 393 395 395 399 398 369 401 403 405 405 408 409 411 411 414 415 417 417 421 420 423 423 426 427 429 429 433 432 435 435 439 438 441 441 445 444 447 447 451 450 453 453 457 456 459 459 463 462 465 465 469 468 471 471 475 474 477 477 480 481 483 483 487 486 489 489 492 493 495 497 497 502 499 503 503 507 505 505 512 509 513 515 513 515 520 517 521 523 523 525 528 529 529 531 534 535 535 540 537 541 541 544 545 545 550 547 551 551 556 553 557 557 559 562 563 563 565 568 569 571 569 576 571 577 573 579 579 581 584 585 585 587 590 591 591 591 595 593 598 599 599 604 601 605 605 607 610 611 611 613 616 617 617 622 619 623 623 625 628 629 629 634 631 635 635 640 637 641 641 643 645 647 647 649 652 653 653 658 655 659 659 664 661 665 665 670 667 671 671 676 673 677 677 679 682 683 683 685 687 689 689 691 693 695 695 700 697 701 701 703 706 707 707 709 712 713 713 717 715 719 719 724 721 725 725 727 730 731 731 733 735 731 737 740 741 741 746 743 747 747 749 752 753 753 755 758 759 759 759 766 761 764 767 767 769 772 773 773 775 778 779 779 784 781 785 785 787 790 791 791 796 793 797 797 802 799 803 803 805 808 809 809 814 811 815 817 815 822 817 823 819 825 825 830 827 831 831 835 833 837 837 839 842 843 845 843 845 850 847 851 853 853 858 855 859 859 861 864 865 865 870 867 871 871 873 876 877 880 877 881 881 886 883 887 887 892 889 893 893 898 895 899 899 901 904 905 907 905 909 909 911 913 915 915 920 917 921 921 923 926 927 927 929 932 933 933 935 937 939 939 941 944 945 945 947 949 951 951 953 956 957 957 961 959 963 963 968 965 969 969 974 971 975 975 977 980 981 981 983 986 987 987 992 989 993 993 995 998 999 999 1001 1004 1005 1005 1007 1010 1011 1011 1013 1016 1017 1017 1019 1022 1023 1023 1028 1025 1029 1029 1031 1034 1035 1035 1040 1037 1041 1041 1046 1043 1047 1047 1052 1049 1053 1053 1058 1055 1059 1059 1061 1064 1065 1065 1067 1070 1071 1071 1073 1075 1077 1080 1077 1081 1081 1085 1083 1087 1087 1089 1092 1093 1093 1098 1095 1099 1099 1101 1103 1105 1105 1107 1110 1111 1111 1116 1113 1117 1117 1119 1122 1123 1123 1128 1125 1129 1129 1131 1134 1135 1135 1140 1137 1141 1141 1143 1146 1147 1147 1152 1149 1153 1153 1155 1158 1159 1159 1164 1161 1165 1165 1170 1167 1171 1171 1173 1176 1177 1177 1182 1179 1183 1183 1188 1185 1189 1189 1194 1191 1195 1195 1197 1200 1201 1201 1206 1203 1207 1207 1212 1209 1213 1213 1218 1215 1219 1219 1221 1224 1225 1225 1227 1229 1231 1231 1236 1233 1237 1237 1239 1242 1243 1243 1245 1248 1249 1249 1254 1251 1255 1255 1260 1257 1261 1261 1263 1266 1267 1267 1271 1269 1273 1273 1278 1275 1279 1279 1281 1284 1285 1285 1290 1287 1291 1291 1293 1296 1297 1297 1302 1299 1303 1303 1305 1308 1309 1309 1313 1311 1311 1318 1315 1319 1321 1321 1323 1326 1327 1330 1327 1331 1331 1335 1333 1337 1337 1339 1342 1343 1343 1345 1347 1349 1349 1351 1353 1355 1355 1359 1357 1361 1361 1365 1363 1367 1367 1371 1369 1373 1373 1375 1378 1379 1379 1381 1384 1385 1385 1387 1389 1391 1391 1393 1396 1397 1397 1399 1401 1403 1403 1405 1407 1409 1409 1413 1411 1415 1415 1415 1419 1421 1417 1423 1423 1425 1427 1429 1429 1431 1433 1435 1435 1440 1437 1441 1441 1445 1443 1447 1447 1449 1452 1453 1453 1455 1458 1459 1459 1463 1461 1465 1465 1469 1467 1471 1471 1473 1475 1475 1479 1477 1481 1481 1486 1483 1487 1487 1491 1489 1493 1493 1498 1495 1499 1499 1501 1503 1505 1505 1510 1507 1511 1511 1516 1513 1517 1517 1521 1519 1523 1523 1525 1528 1529 1529 1534 1531 1535 1535 1537 1539 1541 1541 1545 1543 1547 1547 1549 1551 1549 1553 1556 1557 1557 1561 1559 1563 1563 1565 1567 1569 1569 1571 1573 1575 1575 1577 1579 1581 1581 1583 1585 1585 1587 1589 1591 1591 1593 1596 1597 1597 1601 1599 1603 1603 1605 1607 1609 1609 1611 1613 1615 1615 1617 1619 1621 1621 1623 1625 1627 1627 1629 1631 1633 1633 1635 1638 1639 1639 1643 1641 1645 1645 1647 1650 1651 1651 1656 1653 1657 1657 1661 1659 1663 1663 1667 1665 1669 1669 1671 1673 1675 1675 1677 1679 1681 1681 1683 1685 1687 1687 1692 1689 1693 1693 1693 1695 1699 1697 1701 1701 1703 1705 1707 1707 1711 1709 1713 1713 1717 1715 1719 1719 1721 1724 1725 1725 1729 1727 1731 1731 1735 1733 1737 1737 1742 1739 1743 1743 1747 1745 1749 1749 1751 1753 1755 1755 1760 1757 1761 1761 1765 1763 1767 1767 1769 1772 1773 1773 1777 1775 1779 1779 1784 1781 1785 1785 1787 1789 1791 1791 1793 1795 1797 1797 1799 1801 1803 1803 1805 1808 1809 1809 1811 1813 1815 1815 1819 1817 1821 1821 1825 1823 1827 1827 1829 1831 1833 1833 1837 1835 1839 1839 1841 1843 1845 1845 1849 1847 1851 1851 1853 1855 1857 1857 1859 1861 1863 1863 1865 1867 1869 1869 1871 1873 1875 1875 1877 1880 1881 1881 1883 1885 1887 1887 1889 1891 1893 1895 1895 1900 1897 1901 1901 1903 1905 1907 1907 1909 1911 1913 1913 1915 1917 1919 1919 1921 1924 1925 1925 1930 1927 1931 1931 1931 1935 1938 1933 1939 1939 1943 1941 1945 1947 1947 1952 1949 1953 1953 1955 1958 1959 1959 1959 1964 1965 1961 1967 1967 1969 1971 1973 1973 1975 1977 0 1984
75 65535 3 3 5 7 9 9 13 12 15 15 19 18 21 21 25 24 27 27 30 31 33 33 35 37 39 39 42 43 45 45 48 49 51 51 54 55 57 57 61 59 63 63 66 67 69 69 72 73 0 80

701 65535 4 4 6 8 8 11 10 14 14 16 18 20 20 23 22 26 26 30 28 32 32 36 34 38 40 42 42 44 46 48 48 50 52 54 56 54 60 56 62 58 64 64 65 68 68 70 72 74 76 78 80 70 82 76 82 87 84 90 90 92 93 96 78 85 96 99 98 98 102 104 104 106 108 110 110 112 114 116 116 119 118 122 122 124 125 128 128 130 132 134 134 136 137 140 140 142 143 146 146 148 149 152 152 155 154 158 158 161 160 164 164 167 166 170 170 174 172 176 176 179 178 182 182 182 184 188 185 190 190 194 192 196 196 198 199 202 202 206 204 208 208 211 210 214 214 218 216 220 220 222 224 226 228 230 230 232 234 236 236 238 240 242 242 244 246 248 248 252 250 254 254 256 257 260 260 263 262 266 266 268 269 272 274 274 278 276 280 280 282 283 286 286 289 288 292 292 296 294 298 298 302 300 304 304 304 306 308 309 312 312 315 314 318 318 321 320 324 324 327 326 330 330 334 332 336 336 340 338 342 342 344 345 348 348 350 352 354 354 358 356 360 360 362 364 366 366 368 370 372 372 376 374 378 378 380 382 384 384 387 386 390 390 390 393 396 392 398 398 400 402 404 404 408 406 410 410 410 412 413 416 418 418 421 420 424 424 426 427 430 430 434 432 436 436 438 440 442 442 446 444 446 448 449 452 452 454 456 458 458 462 460 464 464 466 468 470 470 474 472 476 476 478 479 482 482 485 484 488 488 490 491 494 494 498 496 500 500 502 503 506 506 508 509 512 512 514 515 518 518 522 520 524 524 526 527 530 532 530 530 532 538 536 533 540 542 542 544 546 548 548 551 550 554 554 554 556 558 560 562 562 564 565 568 568 572 570 574 574 576 578 580 580 584 582 586 586 589 588 592 592 594 596 598 598 601 600 604 604 608 606 610 610 614 612 616 618 616 618 620 622 624 624 626 627 630 630 632 634 636 636 640 638 642 642 644 646 648 648 650 652 654 654 656 658 660 661 661 664 665 667 670 667 673 670 672 675 675 679 678 681 683 683 685 688 689 689 693 691 695 695 697 700 0 706
701 65535 4 4 6 8 8 11 10 14 14 16 18 20 20 23 22 26 26 30 28 32 32 36 34 38 40 42 42 44 46 48 48 50 52 54 56 54 60 56 62 58 64 64 65 68 68 70 72 74 76 78 80 70 82 76 82 87 84 90 90 92 93 96 78 85 96 99 98 98 102 104 104 106 108 110 110 112 114 116 116 119 118 122 122 124 125 128 128 130 132 134 134 136 137 140 140 142 143 146 146 148 149 152 152 155 154 158 158 161 160 164 164 167 166 170 170 174 172 176 176 179 178 182 182 182 184 188 185 190 190 194 192 196 196 198 199 202 202 206 204 208 208 211 210 214 214 218 216 220 220 222 224 226 228 230 230 232 234 236 236 238 240 242 242 244 246 248 248 252 250 254 254 256 257 260 260 263 262 266 266 268 269 272 274 274 278 276 280 280 282 283 286 286 289 288 292 292 296 294 298 298 302 300 304 304 304 306 308 309 312 312 315 314 318 318 321 320 324 324 327 326 330 330 334 332 336 336 340 338 342 342 344 345 348 348 350 352 354 354 358 356 360 360 362 364 366 366 368 370 372 372 376 374 378 378 380 382 384 384 387 386 390 390 390 393 396 392 398 398 400 402 404 404 408 406 410 410 410 412 413 416 418 418 421 420 424 424 426 427 430 430 434 432 436 436 438 440 442 442 446 444 446 448 449 452 452 454 456 458 458 462 460 464 464 466 468 470 470 474 472 476 476 478 479 482 482 485 484 488 488 490 491 494 494 498 496 500 500 502 503 506 506 508 509 512 512 514 515 518 518 522 520 524 524 526 527 530 532 530 530 532 538 536 533 540 542 542 544 546 548 548 551 550 554 554 554 556 558 560 562 562 564 565 568 568 572 570 574 574 576 578 580 580 584 582 586 586 589 588 592 592 594 596 598 598 601 600 604 604 608 606 610 610 614 612 616 618 616 618 620 622 624 624 626 627 630 630 632 634 636 636 640 638 642 642 644 646 648 648 650 652 654 654 656 658 660 661 661 664 665 667 670 667 673 670 672 675 675 679 678 681 683 683 685 688 689 689 693 691 695 695 697 700 0 706
490 487 65535 65535 5 3 7 7 12 9 13 13 15 18 19 19 21 23 25 25 27 29 31 31 36 33 37 37 39 42 43 43 48 45 49 49 51 54 55 55 60 57 61 61 63 66 67 69 67 69 73 76 71 77 77 79 82 83 83 87 85 89 89 94 91 95 95 100 97 101 101 106 103 107 107 109 112 113 113 118 115 119 119 124 121 125 125 130 127 131 131 136 133 137 137 142 139 143 143 147 145 149 149 154 151 155 155 159 157 161 161 166 163 167 167 169 172 173 173 178 175 179 179 184 181 185 185 187 190 191 191 196 193 197 197 202 199 203 203 205 208 209 211 209 213 209 215 209 217 209 209 219 221 221 223 225 227 227 232 229 233 233 235 238 239 239 241 244 245 245 247 249 251 251 255 253 257 257 259 262 263 263 267 265 269 269 274 271 275 275 277 280 281 281 285 283 287 287 289 291 293 293 295 298 299 299 304 301 305 305 307 310 311 311 315 313 317 317 319 322 323 323 328 325 329 329 331 334 335 335 337 340 341 341 344 345 345 348 349 349 351 354 355 355 360 357 361 361 365 363 367 367 372 369 373 373 375 378 379 379 381 384 385 385 390 387 391 391 393 396 393 400 397 401 401 403 406 407 407 409 411 413 413 418 415 419 419 424 421 425 425 427 430 431 431 433 435 437 437 442 439 443 443 445 447 449 449 451 454 455 455 459 457 461 461 465 463 467 467 472 469 473 473 475 478 479 479 484 481 485 485 487 0 494
5 3 7 7 9 12 13 13 17 15 19 19 21 23 25 25 27 29 31 31 33 36 37 37 39 42 43 43 45 47 49 49 53 51 55 55 60 57 61 61 63 65 67 67 71 69 73 73 75 78 79 79 83 81 85 85 89 87 91 91 93 95 97 97 99 101 103 103 107 105 109 109 114 111 115 115 119 117 121 121 126 123 127 127 132 129 133 133 138 135 139 139 144 141 145 145 147 149 151 151 156 153 157 157 161 159 163 163 168 165 169 169 171 173 175 175 177 179 181 181 183 186 187 187 189 191 191 195 193 197 197 202 199 203 203 208 205 209 209 211 214 215 215 217 220 221 221 225 223 227 227 229 231 233 233 238 235 239 239 241 244 245 245 247 252 250 253 255 253 255 259 258 259 261 263 263 267 265 269 269 271 273 275 275 277 279 281 281 285 283 287 287 292 289 293 293 295 298 299 299 303 301 303 305 307 309 309 314 311 315 315 317 320 321 321 323 326 327 327 331 329 333 333 335 337 339 339 341 343 345 345 347 350 351 351 355 353 357 357 361 359 361 366 363 65535 65535 0 370
3 12 7 5 9 9 12 14 18 18 16 18 20 22 22 24 26 28 28 30 32 32 36 34 38 38 39 54 44 41 45 45 47 50 51 51 54 55 58 60 60 64 61 66 66 70 67 72 72 74 76 76 80 78 80 84 82 86 86 90 87 92 92 95 98 94 98 98 102 100 104 106 104 106 108 122 109 112 113 113 116 118 118 120 122 122 124 126 128 128 132 129 134 134 138 136 138 142 140 144 144 148 146 150 150 152 168 156 154 158 158 160 168 164 161 166 166 168 170 172 174 174 196 180 175 177 182 184 182 184 186 196 187 190 190 191 194 196 196 204 200 197 200 202 204 204 206 208 210 210 212 214 218 218 215 220 220 224 224 222 224 226 228 228 232 230 234 234 235 238 240 240 244 241 246 246 249 248 252 249 252 65535 0 256
3 5 8 12 10 14 14 16 18 18 20 21 36 52 23 25 25 27 29 29 31 33 33 36 37 40 40 44 42 46 44 46 50 48 50 52 54 56 58 58 100 88 60 64 62 64 67 66 70 70 73 72 76 76 79 78 82 82 84 86 86 88 90 92 94 94 96 98 98 100 104 102 106 106 110 108 110 114 112 116 116 225 218 118 228 119 214 122 216 122 125 124 130 128 128 130 133 132 136 136 138 182 166 144 140 173 142 142 144 146 148 150 150 152 154 158 156 156 158 162 160 164 164 166 170 182 167 171 171 173 175 177 179 179 182 183 186 186 190 188 190 194 192 196 196 197 200 200 202 203 212 206 206 208 210 210 212 214 216 218 221 220 224 224 232 228 225 230 230 232 233 238 235 240 238 240 244 242 266 244 246 247 250 250 253 252 258 256 256 258 261 260 264 264 266 268 272 270 276 276 273 278 278 282 279 284 284 288 285 290 290 294 291 296 296 300 298 302 302 303 306 308 308 312 310 314 314 315 318 320 320 321 324 65535 65535 0 328
6 3 8 8 12 9 14 14 18 15 20 20 24 22 26 26 30 27 32 32 34 36 38 38 40 42 44 44 48 46 50 50 54 51 56 56 60 57 62 62 63 66 68 68 72 69 74 74 78 75 80 80 81 84 86 86 90 87 92 92 93 96 98 98 100 102 104 104 105 108 110 110 111 114 118 118 115 118 122 119 124 124 125 128 130 130 131 134 136 136 137 140 65535 65535 0 144
117 115 65535 65535 5 3 7 7 9 11 11 15 14 17 17 19 21 23 23 26 27 27 31 30 33 33 35 37 39 39 41 43 45 45 48 49 51 51 55 54 57 57 61 59 63 63 67 66 69 69 73 72 75 75 79 78 81 81 85 84 87 87 89 91 93 95 93 97 97 99 101 103 103 106 107 109 109 113 112 115 0 122
181 180 65535 65535 5 4 7 7 11 10 13 13 16 17 19 21 19 23 23 26 27 29 29 32 33 35 35 38 39 41 41 45 43 47 47 51 50 53 53 56 57 59 59 63 62 65 65 69 68 71 71 73 75 77 77 81 79 83 83 87 85 89 89 91 93 93 97 96 99 99 102 103 105 105 109 108 111 111 115 114 117 117 121 119 123 123 127 126 129 129 131 133 135 135 139 138 141 141 144 145 147 147 151 150 153 153 155 157 159 159 163 162 165 165 169 168 171 171 174 175 177 177 0 186
229 231 65535 65535 4 5 7 7 10 11 13 13 17 16 19 19 22 23 25 25 29 27 31 31 34 35 37 37 39 41 41 45 44 47 47 51 49 53 53 56 57 59 59 62 63 65 65 68 69 71 71 75 74 77 77 81 80 83 83 86 87 89 89 92 93 95 95 99 98 101 101 105 104 107 107 111 111 110 115 114 117 117 121 120 123 123 127 125 129 129 132 133 135 135 139 139 138 142 143 145 145 147 149 149 151 153 155 155 159 157 161 161 165 164 167 167 171 170 173 173 177 176 179 179 182 183 185 185 187 189 191 191 193 195 197 197 200 201 203 203 207 206 209 209 212 213 215 215 218 219 221 221 225 223 227 227 0 236
5 4 8 8 10 11 14 14 17 16 20 20 23 22 26 26 30 28 32 32 34 35 38 38 42 40 44 44 48 46 48 50 52 54 54 58 56 60 60 62 64 66 66 70 68 70 73 72 76 76 78 79 82 82 88 85 84 90 88 65535 88 90 65535 0 94
131 133 65535 65535 4 5 7 7 11 10 13 13 17 15 19 19 23 21 25 25 29 28 31 31 35 34 37 37 41 40 43 43 46 47 49 49 53 52 55 55 58 59 61 63 61 65 68 63 68 69 71 73 75 78 73 80 78 75 81 81 83 85 87 87 91 90 93 93 96 97 99 99 102 103 105 105 107 109 111 111 115 114 117 117 121 120 123 123 126 127 129 129 0 138
5 3 7 7 9 12 13 13 17 15 19 19 21 23 25 25 27 29 31 31 33 36 37 37 39 42 43 43 45 47 49 49 53 51 55 55 60 57 61 61 63 65 67 67 71 69 73 73 75 78 79 79 83 81 85 85 89 87 91 91 93 95 97 97 99 101 103 103 107 105 109 109 114 111 115 115 119 117 121 121 126 123 127 127 132 129 133 133 138 135 139 139 144 141 145 145 147 149 151 151 156 153 157 157 161 159 163 163 168 165 169 169 171 173 175 175 177 179 181 181 183 186 187 187 189 191 191 195 193 197 197 202 199 203 203 208 205 209 209 211 214 215 215 217 220 221 221 225 223 227 227 229 231 233 233 238 235 239 239 241 244 245 245 247 252 250 253 255 253 255 259 258 259 261 263 263 267 265 269 269 271 273 275 275 277 279 281 281 285 283 287 287 292 289 293 293 295 298 299 299 303 301 303 305 307 309 309 314 311 315 315 317 320 321 321 323 326 327 327 331 329 333 333 335 337 339 339 341 343 345 345 347 350 351 351 355 353 357 357 361 359 361 366 363 65535 65535 0 370
3 6 8 8 12 10 14 14 18 16 20 20 24 21 26 26 27 30 32 32 36 34 36 40 37 42 42 43 46 48 48 50 52 54 54 58 55 60 60 61 64 66 66 68 70 72 72 73 76 78 78 82 79 84 84 88 85 90 90 91 94 96 96 97 100 102 102 106 104 108 108 110 112 114 114 118 115 120 120 124 121 126 126 127 130 132 132 136 133 138 138 142 140 142 146 143 148 148 149 152 154 154 160 156 157 160 162 162 166 163 168 168 169 172 174 174 175 178 180 180 184 182 186 186 187 190 192 192 196 193 198 198 202 200 204 204 208 205 210 210 214 212 216 216 220 217 222 222 223 226 228 228 232 230 232 233 236 238 238 240 242 244 244 246 248 250 250 254 252 258 258 255 260 260 264 262 266 266 270 268 272 272 273 276 278 278 279 282 284 284 285 288 290 290 291 294 296 296 300 297 302 302 303 306 308 308 312 309 314 314 315 318 320 320 324 322 324 328 325 330 330 334 332 336 336 338 342 339 342 342 346 343 348 348 352 349 354 354 358 356 65535 65535 0 362

3 6 7 7 11 9 13 13 15 17 19 19 21 24 25 25 29 27 31 31 33 35 37 37 41 39 43 43 47 45 49 49 53 51 55 55 57 59 59 63 61 63 65 67 69 69 71 73 75 75 77 80 81 81 86 83 87 87 89 92 93 93 95 97 65535 65535 0 102

11 4 5 11 11 7 11 9 11 15 13 17 17 19 21 23 23 27 25 29 29 33 31 35 35 37 39 65535 65535 0 44
4814 4815 65535 4 4 5 8 10 10 11 14 16 16 20 17 22 22 26 23 28 28 29 32 34 34 35 38 40 40 41 44 46 48 48 52 49 54 54 55 58 60 60 61 64 66 66 70 67 72 72 73 76 78 78 79 82 84 84 85 88 90 90 91 94 96 96 100 97 102 104 106 108 110 10 112 114 116 116 117 120 122 122 126 123 128 130 132 134 134 137 136 140 140 144 142 144 148 145 150 150 151 154 154 156 157 160 160 162 162 163 168 165 168 171 170 174 174 178 175 180 180 184 184 181 188 185 190 191 190 191 196 198 194 200 200 200 202 205 203 208 208 212 209 214 214 215 218 220 220 224 221 226 226 227 230 232 232 236 234 238 238 239 242 244 244 248 245 250 250 254 251 254 258 255 260 260 261 264 266 268 270 270 274 271 276 276 280 277 282 282 284 286 286 290 287 292 292 294 296 298 298 299 302 304 304 308 305 310 310 314 314 312 318 318 316 322 322 322 320 328 324 325 330 330 334 332 336 336 338 340 342 342 346 344 346 350 348 352 352 354 356 358 358 362 360 364 364 368 366 370 370 372 374 376 376 377 380 382 382 386 384 388 388 392 390 394 394 396 398 400 400 402 404 406 406 410 407 412 414 416 416 420 420 417 422 424 426 426 430 428 432 432 434 436 438 438 442 440 444 444 445 448 450 450 454 451 456 456 457 460 462 462 466 464 468 468 472 469 474 474 478 476 479 478 479 484 482 486 488 488 488 494 492 489 496 496 498 500 502 502 503 506 508 508 510 512 514 514 518 515 520 520 520 521 526 524 528 528 528 534 529 532 536 536 540 537 542 542 546 543 546 550 548 552 552 556 553 558 558 559 562 564 564 565 568 570 570 574 574 571 578 576 580 581 580 586 581 588 584 590 590 594 594 598 598 596 602 599 602 591 606 604 608 608 610 612 612 612 616 613 618 620 620 624 622 626 626 630 627 630 634 631 636 636 637 640 642 642 643 646 648 648 649 652 654 654 658 655 660 660 661 664 666 666 667 670 672 672 673 676 678 678 682 680 684 684 685 688 690 690 694 692 696 696 700 697 702 702 704 706 708 708 710 712 714 714 716 718 720 720 724 722 726 726 730 728 732 732 736 733 738 738 739 742 744 744 748 745 748 752 749 754 754 758 756 760 760 761 764 766 766 770 767 772 772 773 776 776 777 780 782 782 786 783 788 788 789 792 794 794 795 798 800 800 801 804 806 806 807 810 812 812 813 816 818 818 822 820 824 824 825 828 830 830 831 834 836 836 838 840 842 842 846 844 848 848 852 850 854 854 858 856 860 860 864 862 866 866 870 868 872 872 872 874 875 878 880 880 882 884 886 886 890 888 892 892 896 894 898 898 902 900 904 904 908 906 910 910 912 914 916 916 920 918 922 922 926 923 928 928 930 932 934 934 938 936 940 940 941 944 946 946 948 950 952 952 954 956 958 958 960 962 962 966 964 968 968 972 970 974 974 978 976 980 980 982 984 986 986 988 990 992 992 996 994 998 998 1000 1002 1004 1004 1008 1006 1010 1010 1014 1012 1016 1016 1018 1020 1022 1022 1026 1024 1028 1028 1032 1030 1034 1034 1038 1036 1040 1040 1044 1042 1046 1046 1050 1048 1052 1052 1053 1056 1058 1058 1059 1062 1064 1064 1066 1068 1070 1070 1072 1074 1076 1076 1080 1078 1082 1082 1084 1086 1088 1088 1090 1092 1094 1094 1096 1098 1100 1100 1102 1104 1106 1106 1110 1108 1112 1112 1116 1116 1120 1114 1117 1122 1122 1124 1126 1128 1128 1130 1132 1134 1136 1136 1138 1140 1142 1142 1144 1146 1148 1148 1152 1150 1154 1154 1156 1158 1160 1160 1160 1166 1162 1163 1168 1168 1172 1170 1174 1176 1174 1178 1178 1179 1182 1184 1184 1188 1186 1190 1190 1194 1191 1196 1196 1196 1202 1199 1198 1204 1204 1205 1208 1134 1210 1210 1211 1214 1216 1216 1217 1220 1222 1222 1226 1223 1228 1228 1232 1229 1234 1234 1238 1235 1240 1240 1244 1241 1246 1246 1247 1250 1252 1252 1256 1253 1258 1258 1259 1262 1264 1264 1268 1265 1270 1270 1274 1271 1276 1276 1278 1280 1280 1281 1284 1286 1286 1287 1290 1292 1292 1296 1293 1297 1296 1297 1302 1304 1300 1306 1306 1310 1307 1312 1312 1313 1316 1318 1318 1322 1319 1318 1323 1326 1328 1328 1332 1329 1334 1334 1338 1335 1340 1340 1341 1344 1346 1346 1347 1350 1352 1352 1353 1356 1358 1358 1358 1362 1359 1364 1366 1366 1367 1370 1372 1373 1372 1378 1373 1380 1375 1382 1382 1383 1386 1388 1388 1389 1392 1394 1394 1395 1398 1400 1400 1400 1401 1406 1404 1408 1408 1412 1412 1409 1414 1416 1418 1418 1422 1419 1424 1424 1428 1426 1430 1430 1434 1431 1434 1436 1438 1440 1440 1444 1441 1446 1446 1447 1450 1452 1452 1454 1456 1458 1460 1462 1462 1466 1463 1468 1468 1472 1472 1470 1476 1473 1478 1478 1482 1480 1484 1484 1488 1486 1490 1490 1491 1494 1496 1496 1500 1498 1502 1502 1503 1506 1508 1508 1510 1512 1512 1513 1516 1518 1518 1522 1520 1522 1523 1526 1528 1528 1532 1530 1534 1534 1535 1538 1540 1540 1540 1541 1546 1544 1548 1550 1550 1554 1551 1556 1556 1557 1560 1562 1562 1563 1566 1568 1568 1572 1569 1574 1574 1575 1578 1580 1580 1580 1581 1586 1583 1588 1588 1592 1592 1594 1590 1596 1596 1598 1600 1602 1602 1603 1606 1608 1608 1609 1612 1614 1614 1614 1620 1615 1618 1622 1622 1623 1626 1628 1628 1628 1631 1634 1630 1636 1636 1638 1640 1642 1642 1646 1643 1648 1648 1650 1652 1654 1654 1655 1658 1660 1660 1661 1664 1666 1666 1670 1667 1670 1674 1674 1672 1678 1675 1680 1680 1684 1681 1686 1686 1690 1687 1692 1692 1693 1696 1698 1698 1699 1702 1704 1704 1708 1705 1710 1710 1711 1714 1716 1716 1717 1720 1722 1722 1726 1723 1728 1729 1728 1734 1729 1736 1732 1736 1737 1740 1742 1742 1746 1743 1748 1748 1748 1751 1749 1754 1756 1756 1760 1757 1762 1762 1763 1766 1768 1768 1768 1772 1773 1772 1770 1775 1778 1780 1780 1784 1782 1784 1788 1785 1790 1790 1794 1791 1796 1796 1800 1801 1798 1800 1801 1806 1808 1803 1810 1810 1814 1812 1816 1816 1817 1820 1822 1822 1826 1823 1828 1828 1832 1829 1834 1834 1834 1835 1840 1838 1842 1842 1846 1843 1848 1848 1849 1852 1854 1855 1854 1855 1860 1857 1862 1864 1864 1868 1865 1870 1870 1871 1874 1876 1876 1880 1877 1880 1882 1884 1886 1886 1887 1890 1892 1892 1896 1893 1898 1898 1902 1900 1904 1904 1908 1905 1910 1910 1914 1911 1916 1917 1917 1916 1922 1924 1919 1926 1926 1927 1930 1932 1932 1935 1933 1937 1932 1940 1940 1941 1944 1946 1946 1946 1952 1949 1947 1954 1954 1954 1960 1955 1957 1961 1960 1961 1966 1964 1968 1970 1970 1974 1972 1976 1976 1980 1977 1982 1982 1986 1986 1983 1987 1990 1992 1992 1996 1993 1998 1998 1998 1999 2002 2004 2006 2006 2010 2010 2007 2011 2014 2014 2015 2018 2020 2020 2024 2021 2024 2026 2028 2030 2030 2031 2034 2036 2036 2040 2037 2042 2043 2042 2048 2043 2045 2050 2052 2052 2053 2056 2058 2059 2058 2059 2064 2066 2061 2068 2068 2069 2072 2074 2074 2075 2078 2078 2082 2082 2079 2084 2086 2088 2088 2089 2092 2094 2094 2098 2095 2100 2100 2104 2101 2104 2108 2105 2110 2110 2114 2111 2116 2116 2116 2117 2120 2122 2124 2124 2128 2128 2125 2132 2129 2134 2134 2138 2135 2140 2140 2141 2144 2146 2146 2150 2147 2152 2152 2152 2154 2158 2155 2160 2160 2164 2161 2166 2167 2166 2172 2167 2174 2174 2175 2169 2178 2180 2181 2180 2181 2186 2188 2183 2188 2192 2189 2194 2194 2194 2199 2197 2196 2202 2202 2206 2203 2208 2208 2209 2212 2214 2216 2214 2218 2218 2219 2222 2224 2224 2228 2225 2230 2231 2231 2230 2238 2236 2233 2240 2240 2244 2241 2246 2246 2248 2250 2252 2252 2254 2256 2258 2260 2258 2264 2260 2266 2261 2266 2270 2268 2272 2272 2273 2276 2276 2280 2278 2282 2282 2286 2284 2288 2288 2292 2290 2294 2294 2298 2296 2298 2302 2300 2304 2304 2308 2305 2310 2310 2310 2312 2316 2313 2318 2320 2320 2321 2324 2326 2326 2328 2330 2332 2332 2336 2334 2338 2338 2340 2342 2344 2344 2346 2348 2350 2350 2354 2352 2356 2356 2358 2360 2246 2362 2246 2362 2363 2366 2368 2368 2371 2370 2371 2374 2375 2378 2378 2381 2380 2381 2385 2384 2388 2388 2391 2390 2394 2394 2395 2398 2400 2400 2402 2403 2406 2406 2406 2412 2409 2408 2414 2414 2417 2416 2420 2420 2420 2426 2421 2424 2426 2430 2427 2432 2432 2434 2435 2438 2438 2439 2442 2444 2444 2444 2444 2450 2452 2447 2445 2454 2454 2456 2458 2460 2460 2464 2464 2461 2466 2467 2470 2470 2473 2472 2476 2476 2478 2479 2482 2482 2486 2483 2486 2490 2488 2492 2492 2496 2493 2498 2498 2498 2499 2504 2501 2506 2506 2509 2508 2512 2512 2514 2515 2518 2518 2521 2520 2524 2524 2527 2526 2530 2530 2533 2532 2536 2536 2540 2537 2542 2542 2546 2543 2546 2548 2549 2552 2552 2556 2553 2558 2558 2560 2561 2564 2564 2565 2568 2570 2570 2571 2574 2576 2576 2576 2579 2578 2581 2584 2584 2588 2586 2590 2590 2593 2592 2596 2596 2597 2600 2602 2602 2606 2603 1134 2610 2610 2611 2614 2616 2618 2618 2621 2620 2624 2624 2627 2627 2626 2632 2629 2634 2634 2637 2636 2640 2640 2644 2644 2646 2641 2647 2650 2650 2651 2654 2656 2656 2657 2660 2662 2662 2663 2666 2668 2610 2670 2670 2672 2674 2676 2676 2677 2680 2680 2684 2682 2686 2686 2690 2688 2692 2692 2696 2694 2698 2698 2702 2699 2704 2704 2706 2708 2710 2710 2712 2714 2716 2716 2718 2720 2722 2722 2723 2726 2728 2728 2722 2729 2732 2732 2736 2734 2738 2738 2740 2742 2744 2746 2744 2746 2750 2748 2752 2754 2754 2756 2758 2760 2760 2764 2762 2766 2766 2768 2770 2772 2772 2774 2776 2608 2778 2780 2780 2784 2782 2786 2786 2790 2788 2792 2792 2794 2796 2798 2798 2798 2802 2800 2804 2806 2806 2808 2810 2812 2812 2814 2816 2818 2818 2822 2820 2824 2824 2828 2826 2830 2830 2832 2834 2836 2836 2840 2838 2842 2844 2842 2844 2848 2850 2850 2846 2852 2854 2856 2856 2856 2858 2862 2860 2864 2864 2868 2866 2870 2870 2874 2872 2876 2876 2878 2880 2880 2882 2884 2886 2886 2890 2887 2596 2892 2892 2896 2894 2898 2898 2902 2900 2902 2904 2906 2908 2908 2912 2910 2914 2914 2918 2916 2920 2920 2922 2924 2926 2926 2928 2930 2932 2932 2936 2934 2936 2940 2938 2942 2942 2944 2946 2948 2948 2950 2952 2954 2954 2958 2956 2960 2960 2962 2964 2966 2966 2970 2970 2968 2972 2974 2976 2976 2978 2980 2982 2982 2986 2984 2988 2988 2990 2992 2994 2994 2998 2995 3000 3000 3002 3004 3006 3006 3008 3010 3012 3012 3014 3016 3018 3018 3020 3022 3024 3026 3024 3026 3030 3032 3028 3034 3034 3036 3038 3040 3040 3042 3044 3046 3046 3050 3048 3052 3052 3054 3056 3058 3058 3062 3060 3062 3064 3066 3068 3068 3069 3072 3074 3074 3076 3078 3080 3082 3084 3084 3086 3088 3090 3090 3094 3094 3092 3096 3098 3100 3100 3102 3104 3106 3106 3110 3108 3112 3112 3116 3114 3116 3118 3120 3122 3122 3126 3124 3128 3128 3130 3132 3134 3134 3136 3138 3140 3140 3142 3144 3146 3146 3150 3147 3152 3152 3156 3154 3158 3158 3160 3162 3164 3164 3166 3168 3170 3170 3174 3172 3176 3176 3178 3180 3182 3182 3186 3184 3188 3190 3188 3190 3194 3196 3192 3198 3198 3202 3200 3204 3204 3206 3208 3210 3210 3214 3212 3216 3216 3220 3218 3222 3222 3226 3224 3228 3228 3230 3232 3234 3234 3235 3238 3240 3240 3244 3242 3246 3246 3250 3248 3252 3252 3256 3254 3258 3258 3262 3260 3264 3264 3266 3268 3270 3270 3272 3274 3276 3276 3280 3278 3282 3282 3286 3284 3288 3288 3290 3292 3294 3294 3298 3296 3300 3300 3304 3302 3306 3306 3310 3308 3312 3312 3316 3314 3318 3318 3320 3322 3324 3324 3328 3326 3330 3332 3330 3334 3334 3336 3338 3336 3339 3342 3344 3344 3348 3346 3350 3350 3354 3352 3356 3356 3357 3360 3362 3362 3366 3364 3368 3368 3370 3372 3374 3374 3378 3376 3380 3380 3384 3382 3386 3386 3390 3388 3392 3392 3396 3394 3398 3398 3402 3400 3404 3404 3408 3406 3410 3410 3414 3412 3416 3416 3420 3418 3422 3422 3424 3426 3428 3428 3430 3432 3434 3434 3436 3438 3440 3440 3444 3442 3446 3446 3450 3448 3452 3452 3454 3456 3458 3458 3462 3459 3464 3464 3468 3466 3470 3470 3474 3472 3476 3476 3480 3478 3482 3482 3484 3486 3488 3488 3492 3489 3494 3494 3496 3498 3500 3500 3504 3502 3504 3506 3508 3510 3510 3514 3511 3516 3516 3520 3518 3522 3524 3524 3528 3526 3530 3530 3532 3534 3536 3536 3538 3540 3542 3542 3544 3546 3548 3548 3551 3550 3554 3554 3556 3557 3560 3560 3564 3562 3566 3566 3568 3569 3572 3572 3575 3574 3578 3578 3582 3580 3584 3584 3586 3588 3590 3590 3593 3592 3596 3596 3599 3598 3602 3602 3604 3605 3608 3608 3610 3611 3614 3614 3617 3616 3620 3622 3622 3624 3626 3628 3630 3628 3632 3634 3630 3636 3636 3640 3638 3642 3642 3644 3646 3648 3648 3652 3650 3654 3654 3658 3656 3660 3660 3664 3662 3666 3666 3670 3668 3672 3672 3676 3674 3678 3680 3680 3681 3684 3686 3686 3687 3690 3692 3692 3696 3693 3696 3698 3700 3702 3702 3706 3703 3708 3708 3709 3712 3714 3714 3718 3715 3720 3720 3724 3721 3726 3726 3730 3727 3732 3732 3733 3736 3738 3738 3739 3742 3744 3744 3745 3748 3750 3750 3751 3754 3756 3756 3757 3760 3762 3762 3763 3766 3768 3768 3772 3772 3769 3773 3776 3778 3778 3782 3779 3784 3784 3788 3785 3790 3790 3791 3794 3796 3796 3797 3800 3802 3802 3803 3806 3808 3808 3809 3812 3814 3814 3815 3818 3820 3820 3822 3824 3826 3826 3830 3828 3832 3832 3836 3833 3838 3838 3840 3842 3844 3844 3845 3848 3850 3850 3854 3851 3856 3856 3857 3860 3862 3862 3863 3866 3868 3868 3869 3872 3874 3874 3878 3875 3880 3882 3882 3883 3886 3888 3888 3892 3889 3894 3894 3898 3895 3900 3900 3901 3904 3906 3906 3910 3907 3912 3912 3916 3913 3918 3918 3919 3922 3924 3924 3928 3925 3930 3930 3934 3931 3936 3936 3937 3940 3942 3942 3943 3946 3948 3948 3949 3952 3954 3954 3955 3958 3960 3960 3964 3961 3966 3966 3967 3970 3972 3974 3974 3977 3976 3980 3982 3982 3985 3984 3988 3988 3990 3991 3994 3994 3996 3997 4000 4000 4002 4003 4006 3762 4008 4008 4010 4011 4014 4014 4016 4017 4020 4020 4022 4023 4026 4026 4028 4029 4032 4032 4035 4034 4038 4038 4040 4041 4044 4044 4047 4046 4050 4050 4052 4053 4056 4056 4058 4059 4062 4062 4065 4064 4068 4068 4071 4070 4074 4074 4077 4076 4080 4080 4082 4083 4086 4086 4089 4088 4092 4092 4094 4095 4098 4098 4100 4101 4104 4104 4107 4106 4110 4110 4113 4112 4116 4116 4118 4119 4122 4122 4124 4125 4128 4128 4131 4130 4134 4134 4137 4136 4140 4140 4143 4143 4142 4148 4146 4150 4150 4152 4153 4156 4156 4158 4159 4162 4164 4162 4164 4167 4169 4166 4172 4172 4175 4174 4178 4178 4180 4181 4184 4184 4187 4186 4190 4190 4192 4193 4196 4196 4198 4199 4202 4202 4205 4204 4208 4208 4210 4211 4214 4214 4216 4217 4220 4220 4223 4222 4226 4226 4228 4229 4232 4232 4235 4234 4238 4238 4241 4240 4244 4244 4246 4247 4250 4250 4253 4252 4256 4256 4258 4259 4262 4262 4266 4263 3620 4268 4270 4270 4272 4273 4276 4276 4279 4278 4282 4282 4284 4285 4288 4288 4290 4291 4294 4294 4295 4298 4300 4300 4302 4303 4306 4306 4308 4309 4312 4312 4314 4315 4318 4318 4321 4320 4324 4324 4325 4328 4330 4330 4332 4333 4336 4336 4338 4339 4342 4342 4345 4344 4348 4348 4351 4350 4354 4354 4356 4357 4360 4360 4362 4363 4366 4366 4369 4368 4372 4372 4374 4375 4378 4378 4380 4381 4384 4384 4386 4387 4390 4392 4390 4395 4392 4397 4394 4400 4400 4402 4403 4406 4406 4409 4408 3678 3678 4414 4416 4418 4420 4420 4422 4423 4426 4426 4429 4428 4432 4432 4435 4434 4438 4438 4441 4440 4444 4444 4446 4448 4450 4450 4454 4452 4456 4456 4458 4459 4462 4459 4462 4465 4467 4464 4470 4470 4473 4472 4476 4476 4479 4477 4481 4481 4485 4483 4487 4487 4491 4489 4493 4493 4497 4495 4499 4499 4501 4503 4505 4505 4509 4507 4511 4511 4515 4513 4517 4517 4521 4519 4523 4523 4527 4525 4529 4529 4531 4533 4535 4535 4539 4537 4541 4541 4545 4543 4547 4547 4549 4551 4553 4553 4557 4555 4559 4559 4563 4561 4565 4476 4568 4568 4571 4570 4574 4574 4576 4577 4580 4580 4583 4582 4586 4586 4586 4589 4591 4588 4594 4594 4597 4596 4600 4600 4603 4602 4606 4606 4608 4609 4612 4612 4615 4614 4618 4618 4620 4621 4624 4624 4627 4626 4630 4630 4632 4633 4636 4638 4636 4638 4641 4640 4644 4412 4646 4646 4649 4648 4652 4652 4654 4655 4658 4658 4661 4660 4664 4664 4666 4667 4670 4672 4670 4672 4676 4678 4673 4680 4680 4683 4682 4686 4686 4688 4689 4692 4692 4695 4694 4698 4700 4702 4702 4705 4704 4708 4708 4711 4710 4714 4714 4717 4716 4720 4720 4722 4724 4726 4726 4730 4728 4732 4734 4734 4734 4736 4737 4740 4742 4742 4744 4746 4748 4748 4750 4752 4754 4754 4757 4756 4760 4760 4762 4763 4766 4766 4768 4769 4772 4772 4775 4774 4732 4778 4780 4780 4782 4783 4786 4786 4788 4790 4792 4794 4794 4797 4796 4800 4802 4800 4804 4804 4807 4806 4810 4812 4810 4814 0 4820
3 6 7 7 9 12 13 13 17 15 19 19 21 24 25 25 29 27 31 31 33 35 37 37 42 39 43 43 45 47 49 49 53 51 53 58 55 59 59 64 61 65 65 67 69 71 71 73 76 77 77 82 79 83 83 88 85 89 89 94 91 95 95 100 97 101 103 101 105 105 109 107 111 111 113 115 115 117 119 121 121 125 123 127 127 131 129 133 133 137 135 139 139 146 141 143 147 65535 147 65535 0 152
79 78 65535 65535 4 5 8 8 11 10 14 14 16 18 20 20 23 22 26 26 28 29 32 32 36 34 38 38 40 42 44 44 46 48 48 52 50 54 56 54 58 58 60 61 64 64 66 67 70 70 73 72 76 76 0 84
3 5 7 9 9 11 13 16 17 17 19 22 23 23 25 27 29 32 33 33 35 37 39 39 43 41 43 45 48 49 49 53 51 55 55 57 59 61 61 63 67 66 67 71 69 71 75 73 77 77 79 81 83 83 87 85 89 89 94 91 65535 65535 0 98
750 752 65535 3 65535 5 7 7 7 11 14 9 15 15 15 19 17 22 23 23 25 27 29 29 33 31 35 35 39 37 41 41 43 45 47 47 51 49 53 53 55 58 59 59 64 61 65 3 67 71 65 73 67 75 75 77 79 81 81 83 86 87 87 89 91 93 93 98 95 99 99 103 101 105 105 107 109 111 111 115 113 117 117 119 121 123 123 128 125 65535 129 132 132 136 134 138 138 140 142 144 144 146 148 150 150 152 153 155 155 159 152 157 162 162 165 164 168 168 170 171 174 174 176 177 180 180 180 182 185 183 188 188 190 191 194 194 197 196 200 200 203 202 206 206 208 209 212 212 212 217 214 215 220 220 223 222 226 226 228 229 232 232 235 234 238 238 238 241 243 240 246 246 246 249 251 248 254 254 256 257 260 260 262 263 266 266 266 271 269 268 274 274 277 276 279 279 283 281 146 285 148 288 288 292 290 294 294 298 296 300 300 302 304 306 306 310 308 312 312 314 316 318 318 318 320 276 322 324 326 326 330 328 332 332 336 334 338 338 342 340 344 344 348 346 350 350 352 354 356 356 358 360 362 362 366 364 368 368 371 370 374 374 378 376 380 380 382 383 386 388 388 392 390 394 396 396 398 400 402 402 406 404 408 408 412 70 414 412 410 418 414 422 416 424 424 418 430 420 432 432 435 434 438 438 406 441 440 444 444 446 447 450 428 426 452 450 455 454 458 452 455 462 462 465 464 468 468 446 470 471 474 474 477 476 480 480 482 483 450 458 460 408 486 486 486 492 489 493 493 498 495 499 480 408 450 458 486 502 404 488 477 504 394 506 506 508 509 512 512 514 516 386 518 520 520 522 524 386 526 528 499 499 533 531 535 535 537 540 356 344 541 368 528 530 362 380 374 541 528 374 545 356 306 368 535 380 541 544 548 550 550 552 554 556 556 558 560 562 562 566 564 568 568 570 572 574 574 578 576 580 580 582 584 586 586 588 590 592 592 594 596 598 598 600 602 604 604 606 608 610 610 612 614 616 618 618 622 620 624 624 626 627 630 630 634 632 636 638 638 640 642 644 644 648 645 649 649 651 653 655 644 644 655 660 658 662 662 666 664 668 670 670 672 674 676 676 679 678 682 682 686 684 670 682 688 690 670 690 692 694 696 696 698 699 702 670 670 702 704 706 708 708 710 712 714 716 714 716 714 718 720 722 616 722 668 636 618 724 638 726 598 728 730 730 732 734 736 736 738 739 742 742 744 734 746 748 748 0 756
192 194 65535 65535 5 4 8 8 10 12 14 14 16 18 20 20 23 22 26 26 28 29 32 32 35 34 38 38 42 40 44 44 46 47 50 50 52 53 56 56 60 58 62 62 64 66 68 68 72 70 74 74 74 78 76 80 82 82 84 86 88 88 92 90 94 94 96 98 100 100 102 104 106 106 110 108 112 114 112 116 116 118 119 122 122 124 126 128 128 132 130 134 134 136 138 140 140 142 144 146 146 148 150 152 152 154 156 158 160 158 160 163 166 162 168 168 172 170 174 174 178 176 180 182 180 184 184 188 186 190 190 0 198
3 5 7 7 11 9 13 13 17 15 19 19 21 23 25 25 29 27 31 31 35 33 37 37 42 39 43 43 45 48 49 49 54 51 55 55 60 57 61 61 66 63 67 67 69 71 71 75 73 77 77 80 83 81 81 83 85 87 89 89 91 93 95 95 97 99 101 101 103 105 107 107 109 111 113 113 115 117 117 119 121 123 123 127 125 127 129 132 133 133 138 135 139 139 144 141 145 145 149 147 151 151 153 156 157 157 162 159 163 163 168 165 169 169 171 173 175 175 177 179 181 181 186 183 65535 65535 0 190
3 7 5 9 9 11 13 15 15 20 17 21 21 23 25 25 27 30 31 31 35 34 35 40 37 41 41 45 43 47 49 47 51 51 54 55 55 57 59 62 63 63 65 68 69 69 71 73 75 78 75 79 79 81 84 85 85 87 90 91 91 95 94 95 97 100 101 101 105 104 105 107 110 111 111 116 113 117 117 137 119 121 123 125 125 129 127 131 134 131 135 135 137 139 141 143 146 143 147 147 151 149 153 153 157 155 159 159 161 164 165 165 167 169 169 171 174 175 175 177 179 181 181 185 183 185 187 190 191 191 193 196 197 197 202 199 203 203 207 206 207 212 209 213 213 218 215 219 219 224 221 225 225 230 227 231 231 233 236 237 237 242 239 243 243 248 245 249 249 254 251 255 255 260 257 261 261 266 263 267 273 267 271 270 271 273 275 277 277 279 281 283 283 285 290 291 288 293 291 293 295 298 299 299 301 303 305 307 307 311 309 311 313 329 331 315 317 323 320 331 321 321 323 331 325 329 327 331 331 335 333 335 337 340 341 341 343 346 347 347 349 349 351 354 355 355 357 359 361 361 363 365 367 367 369 371 371 373 376 377 377 379 382 383 383 479 385 491 637 390 387 391 391 395 393 397 397 399 401 403 403 407 405 407 412 409 413 413 415 417 419 419 423 421 423 427 425 429 429 433 431 435 435 440 437 441 441 445 443 447 447 449 451 453 453 585 457 455 459 459 463 461 465 465 483 469 467 469 471 473 475 475 481 477 479 481 483 488 485 489 489 491 496 493 497 497 501 500 501 506 503 507 507 509 512 513 516 513 517 517 519 521 523 523 531 525 530 528 533 531 531 533 537 535 537 540 541 541 543 546 549 547 547 549 629 551 555 553 557 557 559 562 563 563 565 570 571 568 573 571 573 578 575 579 579 589 581 587 583 585 587 589 594 591 595 595 600 597 601 601 603 606 607 607 615 609 613 611 613 615 627 629 617 619 619 622 623 623 625 629 627 629 634 631 635 635 637 642 639 643 643 648 645 649 649 651 654 655 657 655 659 659 668 661 663 671 665 670 671 673 671 673 675 678 679 679 771 681 683 686 687 687 689 692 693 693 697 695 697 702 699 703 703 705 708 709 712 709 713 713 715 717 719 719 721 724 725 725 730 727 731 731 733 735 737 737 739 741 743 743 745 819 745 747 749 749 751 754 758 755 755 759 759 764 761 765 765 767 770 771 771 775 774 775 777 779 784 781 785 785 787 1027 789 791 794 795 795 800 797 801 801 803 805 807 807 812 809 813 813 815 818 819 819 821 903 823 830 861 825 831 827 833 861 833 835 837 837 841 839 843 843 845 847 849 849 853 851 855 855 857 1027 861 859 861 1027 863 865 868 869 869 874 871 875 875 878 879 879 881 884 885 885 887 890 891 891 894 895 895 900 897 901 901 903 907 905 907 909 1027 920 911 914 915 915 917 922 923 1029 923 928 925 929 929 931 934 935 935 939 937 939 944 941 945 945 947 950 951 951 953 956 957 957 959 962 963 963 968 965 969 971 969 971 978 976 973 979 981 979 981 983 988 989 986 991 989 991 994 997 999 996 997 999 1001 1004 1005 1005 1010 1007 1011 1011 1027 1013 1015 1027 1017 1019 1021 1021 1024 1027 1025 1027 1067 1029 1031 1034 1035 1035 1040 1037 1041 1041 1043 1046 1047 1047 1049 1049 1052 1053 1053 1058 1055 1059 1059 1061 1064 1065 1065 1070 1067 1071 1071 1073 1075 1077 1077 1081 1079 1083 1085 1083 1085 1087 1092 1089 1093 1095 1093 1095 1102 1097 1100 1103 1105 1103 1105 1107 1109 1189 1109 1189 1115 1121 1111 1113 1118 1119 1191 1119 1121 1123 1126 1127 1127 1183 1129 1135 1131 1143 1133 1135 1137 1140 1141 1143 1141 1143 1147 1145 1149 1149 1151 1153 1155 1155 1160 1157 1161 1161 1165 1163 1165 1170 1167 1171 1183 1171 1173 1176 1177 1177 1182 1179 1183 1183 1185 1187 1189 1189 1191 1194 1195 1195 1199 1198 1199 1201 1204 1205 1205 1207 1210 1211 1211 1216 1213 1217 1217 1221 1219 1223 1223 1225 1227 1229 1229 1233 1231 1231 1233 1235 1237 1237 1239 1241 1243 1243 1245 1250 1251 1248 1253 1251 1253 1255 1257 1259 1259 1261 1391 1263 1265 1265 1267 1411 1293 1272 1269 1273 1273 1278 1275 1279 1279 1284 1281 1285 1285 1287 1290 1291 1291 1296 1293 1297 1297 1299 1337 1301 1303 1305 1305 1310 1307 1311 1311 1313 1315 1317 1317 1319 1321 1323 1323 1327 1325 1329 1334 1329 1331 1335 1337 1335 1337 1341 1339 1343 1343 1347 1345 1347 1349 1351 1353 1353 1355 1357 1359 1365 1479 1365 1495 1361 1364 1365 1365 1367 1369 1373 1371 1466 1371 1373 1391 1467 1377 1376 1377 1382 1379 1383 1383 1388 1407 1385 1389 1389 1391 1393 1395 1397 1397 1563 1541 1437 1399 1469 1404 1401 1405 1405 1407 1409 1419 1411 1416 1413 1417 1417 1419 1421 1423 1423 1428 1425 1429 1429 1434 1431 1435 1435 1437 1441 1439 1443 1443 1445 1447 1450 1451 1451 1453 1458 1455 1459 1461 1459 1461 1566 1563 1464 1466 1467 1469 1472 1473 1473 1475 1563 1477 1493 1479 1483 1482 1483 1485 1487 1489 1489 1493 1491 1495 1495 1499 1497 1501 1501 1503 1505 1549 1505 1510 1507 1511 1511 1515 1513 1517 1517 1521 1519 1523 1523 1527 1525 1529 1529 1533 1531 1533 1535 1537 1539 1539 1541 1543 1545 1547 1547 1549 1551 1553 1555 1555 1557 1559 1561 1561 1563 1567 1567 1576 1569 1571 1574 1576 1578 1580 1582 1584 1584 1586 1598 1588 1589 1592 1592 1594 1595 1598 1598 1601 1600 1604 1604 1607 1606 1610 1610 1614 1612 1614 1617 1616 1620 1620 1623 1622 1626 1626 1628 1629 1632 1632 1634 1635 1638 1638 1640 1641 1644 1644 1646 1649 1648 1652 1652 1654 1656 1658 1660 1662 65535 0 1666
212 214 65535 65535 6 4 8 8 10 12 14 14 16 18 20 22 20 22 26 28 24 30 30 32 34 36 36 40 38 42 42 45 44 48 48 52 50 54 54 56 58 60 62 60 64 64 68 66 70 70 72 74 76 76 78 80 82 82 86 84 88 88 90 91 94 94 98 96 100 100 104 102 106 106 108 110 112 112 116 114 118 118 120 122 122 124 126 128 128 132 130 134 134 138 136 140 140 144 142 146 146 148 150 152 152 154 156 158 158 162 160 164 164 166 168 170 170 173 172 176 178 176 182 178 179 184 186 186 189 188 192 192 194 196 198 198 201 200 204 204 206 207 210 210 0 218
225 223 65535 65535 3 5 5 8 9 9 11 13 15 15 20 17 21 21 25 23 27 27 31 29 33 33 35 38 39 41 39 41 45 43 47 49 49 53 51 55 55 60 57 61 61 66 63 67 67 69 72 73 73 77 75 79 81 79 81 81 85 84 87 87 91 89 93 93 95 98 99 99 101 104 105 105 107 110 111 111 115 113 117 117 122 119 123 123 128 125 129 131 134 131 135 129 134 137 137 139 141 143 143 148 145 149 149 154 151 155 155 157 160 161 161 165 163 167 167 172 169 173 173 177 175 179 179 181 184 185 185 189 187 191 191 195 193 197 197 199 202 203 203 208 205 209 209 213 211 215 215 220 217 221 221 0 230
227 229 65535 65535 3 6 7 7 12 9 13 13 18 15 19 19 21 23 25 25 29 27 31 31 36 33 37 37 42 39 43 43 45 48 49 49 51 54 55 55 60 57 61 61 66 63 67 67 67 72 69 73 75 75 80 77 81 81 86 83 87 89 87 94 89 96 91 97 97 99 102 103 103 105 107 109 109 113 111 115 115 117 119 119 121 123 125 125 129 127 131 131 133 135 137 137 139 142 143 143 147 145 149 149 151 153 155 155 157 159 161 161 165 163 167 167 169 172 173 173 178 175 179 179 184 181 185 185 189 187 191 191 193 196 197 197 201 199 199 206 203 207 207 209 212 213 213 215 218 219 219 221 224 225 225 0 234
119 121 65535 65535 6 3 7 7 12 9 13 13 15 17 19 19 21 24 25 27 25 31 27 30 33 35 35 39 37 41 41 44 45 47 45 49 45 51 53 51 55 55 60 57 61 61 63 66 67 67 71 69 73 73 75 78 79 79 82 83 83 85 88 89 89 93 91 95 98 95 99 99 104 101 105 105 110 107 111 111 113 116 117 117 0 126
11 10 65535 65535 4 6 8 8 0 16
3 5 7 7 9 12 13 13 15 17 19 19 21 24 25 25 29 27 31 31 35 33 37 37 39 41 45 43 47 47 51 49 53 53 59 55 57 61 63 61 63 66 67 67 71 69 81 73 73 75 86 77 79 97 81 83 88 89 97 89 94 91 95 95 100 97 103 101 101 103 107 105 109 109 113 111 115 115 120 117 121 121 123 126 127 127 129 131 133 133 135 138 139 139 141 144 145 145 150 147 151 151 153 156 157 157 162 159 163 163 168 165 169 169 171 173 175 175 180 177 181 181 186 183 187 189 189 189 193 191 195 195 200 197 201 201 205 203 207 207 209 212 213 213 217 215 219 219 221 223 225 225 227 229 231 233 235 235 239 237 241 241 245 243 247 247 251 249 253 253 258 255 259 259 261 264 265 265 270 267 271 271 273 277 275 279 279 284 281 285 285 290 287 291 291 293 295 297 297 301 299 303 303 310 307 305 311 311 311 316 313 317 317 319 322 323 323 328 325 329 329 331 333 335 335 337 339 341 341 346 343 347 347 349 351 353 353 355 357 359 359 363 361 365 365 367 369 371 371 375 373 377 377 381 379 383 383 388 385 389 389 395 391 394 397 397 397 401 399 403 403 407 405 409 409 414 411 415 417 417 417 419 422 423 423 428 425 429 429 433 431 435 435 439 437 441 441 445 443 447 447 450 451 451 453 455 457 457 459 461 463 463 467 465 469 469 471 473 475 475 477 480 481 481 486 483 487 487 489 492 493 493 495 497 499 499 501 504 505 505 510 507 511 511 513 516 517 517 521 519 523 523 525 528 529 529 535 531 537 539 534 541 539 539 541 543 545 547 547 552 549 553 553 559 555 557 561 561 561 566 563 567 567 569 571 573 573 575 577 579 579 581 583 585 585 587 590 591 591 593 595 597 597 602 599 603 603 605 607 609 609 611 613 615 615 617 619 621 619 623 623 625 628 629 629 631 633 635 635 639 637 641 641 643 645 647 647 651 649 653 653 657 655 659 659 662 666 663 668 668 674 669 676 671 677 676 677 680 682 682 684 687 686 690 690 694 692 696 696 699 698 702 702 65535 0 706
5 3 7 7 12 9 65535 65535 0 16
6 4 8 8 10 11 14 14 16 18 20 20 22 23 26 26 30 28 32 32 34 36 36 40 38 40 43 42 46 46 48 49 52 52 56 54 58 58 60 62 62 65 64 68 68 73 70 72 76 76 76 82 78 79 82 82 86 84 88 88 90 92 92 93 96 96 100 98 100 102 103 106 106 110 108 114 112 112 114 116 118 118 120 122 122 124 125 128 128 129 132 132 134 135 138 138 140 142 142 144 145 148 148 65535 150 65535 0 154
5 4 8 8 10 11 14 14 16 17 20 20 23 22 26 26 30 27 30 34 32 36 36 38 39 42 42 44 46 46 47 50 50 52 53 56 56 58 60 60 64 61 64 66 67 70 70 72 74 74 78 76 80 81 80 84 84 86 87 90 90 94 92 94 96 97 100 100 103 102 106 106 108 109 112 112 114 116 116 118 119 122 122 124 132 126 132 128 132 130 132 132 136 134 138 138 140 141 144 144 146 147 65535 65535 0 152
379 378 65535 65535 4 6 8 8 10 12 14 14 17 16 20 20 23 22 26 26 28 29 32 32 34 36 38 38 41 40 44 44 46 47 50 50 52 54 56 58 56 60 62 64 66 60 62 64 68 70 68 72 70 74 74 78 78 79 82 76 84 86 86 88 90 92 92 94 96 98 98 102 100 104 104 106 108 110 110 112 113 116 116 120 118 122 122 124 125 128 128 130 132 132 133 132 136 138 138 140 142 144 144 148 146 150 150 153 152 156 156 158 160 160 164 162 166 166 168 170 170 174 172 176 176 180 178 182 182 184 186 188 188 192 190 194 194 196 197 200 200 203 202 206 206 208 210 210 213 212 216 218 220 221 216 218 220 224 224 226 228 230 230 232 234 230 236 236 238 240 242 242 246 244 248 248 250 251 254 254 258 256 260 262 260 264 266 268 264 266 270 270 272 274 274 276 278 278 280 281 284 284 287 286 290 290 292 294 296 296 297 296 300 296 302 296 304 306 296 296 308 310 296 312 296 314 314 317 316 320 320 322 323 326 326 328 329 332 332 334 335 338 338 340 341 344 344 346 347 350 350 352 353 356 356 358 360 362 362 363 366 362 368 362 370 370 374 372 376 376 0 384
3 5 65535 65535 0 10
5 3 65535 65535 0 10
203 206 65535 65535 6 3 7 7 9 12 13 13 15 17 19 19 21 24 25 28 25 29 29 31 34 35 35 37 40 41 41 46 43 47 47 52 49 53 53 58 55 59 59 61 63 65 65 69 67 71 71 73 76 77 77 79 82 83 83 85 88 89 89 91 93 95 95 100 97 101 101 106 103 107 107 109 111 113 113 118 115 119 119 124 121 125 125 127 130 131 131 136 133 137 137 139 142 143 143 145 148 149 149 151 154 155 155 157 160 161 163 165 167 169 171 173 175 177 179 181 184 186 179 179 181 190 177 192 194 195 188 197 171 192 167 179 181 186 169 163 161 194 188 165 175 195 200 184 173 201 201 0 210
6 3 8 8 12 9 14 14 16 18 20 20 24 21 26 26 28 30 32 32 36 33 38 38 42 39 44 44 46 48 50 50 52 54 54 55 58 60 60 64 61 66 66 70 72 67 74 74 74 76 78 80 80 82 84 86 86 87 90 92 92 94 96 96 100 98 102 102 106 103 108 108 112 110 112 116 113 118 118 124 122 120 126 122 124 126 130 128 132 132 136 133 138 138 142 139 144 144 148 145 152 149 152 154 154 158 155 160 160 161 164 166 166 168 170 174 174 171 65535 65535 0 178
4 6 6 9 8 65535 65535 0 14
3 9 5 9 7 9 9 13 11 13 15 17 17 21 19 21 25 23 25 27 29 29 32 33 35 35 39 38 41 41 44 45 47 47 51 49 53 53 57 55 57 59 61 61 63 66 67 66 69 69 73 72 75 75 79 78 81 81 83 85 85 89 87 89 91 93 95 95 98 99 65535 65535 0 104
6 3 6 7 7 9 11 11 14 21 15 17 17 17 19 21 21 23 25 27 27 31 30 33 33 37 35 39 39 43 42 45 45 49 48 51 51 55 53 55 59 58 61 61 64 65 67 67 71 69 71 73 75 77 77 80 81 83 83 87 85 89 89 93 92 95 95 98 99 101 101 105 104 107 107 111 109 113 113 117 116 119 119 123 121 125 125 129 127 131 131 135 134 137 137 140 141 143 143 147 145 147 151 150 153 153 156 157 159 159 162 163 165 165 168 169 171 171 175 174 177 177 181 180 183 183 187 185 189 189 193 192 197 195 197 199 199 202 203 65535 65535 0 208
3 6 8 8 9 12 14 14 18 15 20 20 24 22 26 26 30 27 30 34 32 34 38 35 40 40 41 44 46 46 47 50 52 52 54 56 58 58 59 62 64 64 66 68 70 70 72 74 78 76 78 78 79 82 84 84 88 85 90 90 94 91 96 96 100 97 102 102 103 106 108 108 112 110 114 114 118 116 120 120 122 124 126 126 130 128 132 132 133 136 138 138 142 139 144 144 145 148 150 150 151 154 156 156 160 158 162 162 164 166 166 170 167 172 172 173 176 178 178 179 182 184 184 185 188 190 190 191 194 196 196 198 200 202 202 203 206 208 208 212 209 214 214 218 215 220 220 221 224 226 226 228 230 232 232 234 236 238 238 239 242 244 244 246 248 250 250 251 254 256 256 258 260 262 262 266 264 268 268 269 272 274 274 275 278 280 280 284 282 286 286 288 290 65535 65535 0 294
451 65535 3 3 5 8 9 9 11 14 15 15 20 17 21 21 26 23 27 27 32 29 33 33 35 37 39 39 41 44 45 45 47 50 51 51 56 53 57 57 62 59 63 63 65 68 69 69 74 71 75 75 77 80 81 81 83 86 87 87 89 92 93 93 98 95 99 99 101 104 105 105 110 107 111 111 113 116 117 119 117 121 121 123 126 127 127 129 132 133 133 138 135 139 139 144 141 145 145 150 147 151 151 153 156 157 157 159 162 163 163 168 165 169 169 171 174 175 175 177 180 181 181 183 186 187 187 189 192 193 193 198 195 199 199 204 201 205 205 207 210 211 211 216 213 217 217 222 219 223 223 225 228 229 229 234 231 235 235 237 240 241 241 246 243 247 247 252 249 253 253 255 258 259 259 261 264 265 265 270 267 271 271 273 276 277 277 279 282 283 283 288 285 289 289 291 294 295 295 300 297 301 301 306 303 307 307 312 309 312 313 316 317 317 319 322 323 325 323 329 325 327 332 333 333 335 338 339 341 339 343 343 345 348 349 349 351 354 355 355 357 360 361 361 366 363 367 367 372 369 373 373 378 375 379 379 381 384 385 385 387 390 391 391 393 396 397 397 399 402 403 403 408 405 409 409 414 411 415 415 417 420 421 421 423 426 427 427 432 429 433 433 435 438 439 439 444 441 445 445 450 447 0 456

87 65535 3 3 5 7 9 9 11 13 15 15 17 19 21 21 23 25 27 27 29 31 33 33 37 35 39 39 41 43 45 45 47 49 51 51 53 55 57 57 59 61 63 63 65 67 69 69 71 73 75 75 77 79 81 81 85 83 0 92
443 65535 3 3 6 7 9 9 13 12 15 15 19 18 21 21 25 24 27 27 31 30 33 33 37 36 39 39 42 43 45 45 48 49 51 51 55 54 57 57 61 60 63 63 66 67 69 69 72 69 73 75 75 79 78 81 81 84 85 87 87 90 91 93 93 96 97 99 99 102 103 105 105 108 109 111 111 115 114 117 117 120 121 123 123 126 127 129 131 131 134 135 137 137 140 141 143 143 146 147 149 149 151 153 155 155 157 159 161 161 165 164 167 167 171 169 173 173 177 175 177 180 181 183 183 186 187 189 189 193 191 195 195 197 199 201 201 205 203 207 207 209 211 213 213 215 217 217 220 221 223 223 227 225 229 229 233 231 235 235 239 237 241 241 243 245 247 247 251 249 251 255 253 257 257 260 261 263 263 266 267 269 269 273 271 275 275 279 278 281 281 285 284 287 287 290 291 293 293 297 296 299 299 302 303 305 305 309 308 311 311 315 314 317 317 320 321 323 323 327 326 329 329 332 333 335 335 339 338 341 341 345 344 347 347 351 350 353 353 357 356 359 359 363 362 365 365 369 368 371 371 375 374 377 377 380 381 383 383 387 386 389 389 392 393 395 395 398 399 401 401 404 405 407 407 410 411 413 413 417 416 419 419 423 422 425 425 429 428 431 431 434 435 437 437 441 440 0 448

443 65535 3 3 6 7 9 9 13 12 15 15 19 18 21 21 25 24 27 27 31 30 33 33 37 36 39 39 42 43 45 45 48 49 51 51 55 54 57 57 61 60 63 63 66 67 69 69 72 69 73 75 75 79 78 81 81 84 85 87 87 90 91 93 93 96 97 99 99 102 103 105 105 108 109 111 111 115 114 117 117 120 121 123 123 126 127 129 131 131 134 135 137 137 140 141 143 143 146 147 149 149 151 153 155 155 157 159 161 161 165 164 167 167 171 169 173 173 177 175 177 180 181 183 183 186 187 189 189 193 191 195 195 197 199 201 201 205 203 207 207 209 211 213 213 215 217 217 220 221 223 223 227 225 229 229 233 231 235 235 239 237 241 241 243 245 247 247 251 249 251 255 253 257 257 260 261 263 263 266 267 269 269 273 271 275 275 279 278 281 281 285 284 287 287 290 291 293 293 297 296 299 299 302 303 305 305 309 308 311 311 315 314 317 317 320 321 323 323 327 326 329 329 332 333 335 335 339 338 341 341 345 344 347 347 351 350 353 353 357 356 359 359 363 362 365 365 369 368 371 371 375 374 377 377 380 381 383 383 387 386 389 389 392 393 395 395 398 399 401 401 404 405 407 407 410 411 413 413 417 416 419 419 423 422 425 425 429 428 431 431 434 435 437 437 441 440 0 448


87 65535 3 3 5 7 9 9 11 13 15 15 17 19 21 21 23 25 27 27 29 31 33 33 37 35 39 39 41 43 45 45 47 49 51 51 53 55 57 57 59 61 63 63 65 67 69 69 71 73 75 75 77 79 81 81 85 83 0 92
87 65535 3 3 5 7 9 9 11 13 15 15 17 19 21 21 23 25 27 27 29 31 33 33 37 35 39 39 41 43 45 45 47 49 51 51 53 55 57 57 59 61 63 63 65 67 69 69 71 73 75 75 77 79 81 81 85 83 0 92
87 65535 3 3 5 7 9 9 11 13 15 15 17 19 21 21 23 25 27 27 29 31 33 33 37 35 39 39 41 43 45 45 47 49 51 51 53 55 57 57 59 61 63 63 65 67 69 69 71 73 75 75 77 79 81 81 85 83 0 92



4 6 7 10 10 13 12 16 16 19 18 22 22 25 24 28 28 31 30 34 34 38 36 40 40 43 42 46 46 49 48 52 52 54 55 58 58 61 60 64 64 66 67 70 70 73 72 76 76 78 79 82 82 85 84 88 88 91 90 94 94 97 96 100 100 103 102 106 106 108 109 112 112 114 115 118 118 120 122 122 125 124 128 128 131 130 134 134 137 136 140 140 143 142 146 146 149 148 152 152 155 154 158 158 160 161 164 164 166 167 170 170 173 172 176 176 178 179 182 182 184 185 188 188 190 191 194 194 197 196 200 200 202 203 206 206 209 208 212 212 214 215 218 218 220 221 224 224 227 226 230 230 233 232 236 236 238 239 242 242 244 245 248 248 250 251 254 254 257 256 260 260 262 263 266 266 268 269 272 272 275 274 278 278 281 280 284 284 287 286 290 290 293 292 296 296 299 298 302 302 304 305 308 308 310 311 314 314 315 318 318 320 321 324 324 326 330 331 328 334 331 334 336 337 340 340 342 344 344 347 346 350 350 352 353 356 356 359 358 362 362 364 365 368 368 371 370 374 374 376 377 380 380 383 382 386 386 388 389 392 392 394 395 398 398 400 401 404 404 407 406 410 410 412 413 416 416 418 419 422 422 424 425 428 428 431 430 434 434 437 436 440 440 442 443 446 446 449 448 452 452 65535 0 456
4 8 5 10 10 11 14 16 16 20 17 22 22 23 26 28 28 32 29 34 34 35 38 40 40 44 41 46 46 47 50 52 52 56 53 58 58 59 62 64 64 65 68 70 70 74 76 71 76 76 77 80 82 82 83 86 88 88 92 89 94 94 95 98 100 100 101 104 106 106 110 107 112 112 116 113 118 118 119 122 124 124 128 125 130 130 132 133 136 138 138 142 139 144 144 148 145 150 150 152 154 156 156 160 158 162 162 163 166 168 168 172 170 174 174 178 176 179 182 179 184 184 188 185 190 190 192 194 196 196 198 200 202 202 204 206 208 208 210 212 214 214 218 216 219 219 222 224 224 228 226 230 230 232 234 236 236 240 238 242 242 244 246 248 248 252 250 256 254 256 258 258 259 262 264 264 265 268 270 270 272 274 276 276 277 280 282 282 283 286 288 288 292 289 294 294 295 298 300 300 301 304 306 306 307 310 312 312 313 316 318 318 319 322 324 324 328 325 330 330 331 334 336 336 340 337 342 342 343 346 348 348 352 349 354 354 358 355 360 360 361 364 366 366 367 370 372 372 373 376 378 378 382 379 384 384 385 388 390 390 391 394 396 396 397 400 402 402 403 406 408 408 412 409 414 414 418 415 420 420 421 424 426 426 427 430 432 432 436 433 438 438 442 439 444 444 65535 0 448
4 8 6 10 10 14 12 16 16 20 18 22 22 26 24 28 28 32 30 34 34 36 38 40 40 44 42 46 46 48 50 52 52 56 54 58 58 62 60 64 64 68 66 70 70 74 72 76 76 78 80 82 82 84 86 88 88 65535 0 92

4 8 5 10 10 11 14 16 16 20 17 22 22 23 26 28 28 32 29 34 34 35 38 40 40 44 41 46 46 47 50 52 52 56 53 58 58 59 62 64 64 65 68 70 70 74 76 71 76 76 77 80 82 82 83 86 88 88 92 89 94 94 95 98 100 100 101 104 106 106 110 107 112 112 116 113 118 118 119 122 124 124 128 125 130 130 132 133 136 138 138 142 139 144 144 148 145 150 150 152 154 156 156 160 158 162 162 163 166 168 168 172 170 174 174 178 176 179 182 179 184 184 188 185 190 190 192 194 196 196 198 200 202 202 204 206 208 208 210 212 214 214 218 216 219 219 222 224 224 228 226 230 230 232 234 236 236 240 238 242 242 244 246 248 248 252 250 256 254 256 258 258 259 262 264 264 265 268 270 270 272 274 276 276 277 280 282 282 283 286 288 288 292 289 294 294 295 298 300 300 301 304 306 306 307 310 312 312 313 316 318 318 319 322 324 324 328 325 330 330 331 334 336 336 340 337 342 342 343 346 348 348 352 349 354 354 358 355 360 360 361 364 366 366 367 370 372 372 373 376 378 378 382 379 384 384 385 388 390 390 391 394 396 396 397 400 402 402 403 406 408 408 412 409 414 414 418 415 420 420 421 424 426 426 427 430 432 432 436 433 438 438 442 439 444 444 65535 0 448
4 8 6 10 10 14 12 16 16 20 18 22 22 26 24 28 28 32 30 34 34 36 38 40 40 44 42 46 46 48 50 52 52 56 54 58 58 62 60 64 64 68 66 70 70 74 72 76 76 78 80 82 82 84 86 88 88 65535 0 92
3 5 8 9 9 11 14 15 15 17 20 21 21 23 26 27 27 29 32 33 33 38 35 39 39 41 44 45 45 50 47 51 51 53 56 57 57 59 62 63 63 65 68 69 69 71 74 75 75 80 77 81 81 86 83 87 87 92 89 93 93 95 98 99 99 104 101 105 105 110 107 111 111 113 116 117 117 122 119 123 123 125 128 129 129 134 131 135 135 137 140 141 141 146 143 147 147 152 149 153 153 157 155 157 162 159 163 163 165 168 169 169 174 171 175 175 177 180 181 181 186 183 187 187 192 189 193 193 198 195 199 199 204 201 205 205 207 210 211 211 213 216 217 217 222 219 223 223 228 225 229 229 234 231 235 235 240 237 241 241 246 243 247 247 252 249 253 253 258 255 259 259 264 261 265 265 267 270 271 271 276 273 277 277 279 282 283 283 285 288 289 289 294 291 295 295 300 297 301 301 303 306 307 307 309 312 313 313 315 318 319 319 321 324 325 325 327 330 331 331 333 336 337 337 339 342 343 343 348 345 349 349 354 351 355 355 360 357 361 361 366 363 367 367 372 369 373 373 378 375 379 379 381 383 383 385 388 389 389 391 394 395 395 397 400 401 401 403 406 407 407 412 409 413 413 415 418 419 419 424 421 425 425 427 430 431 431 436 433 437 437 439 442 443 443 445 448 449 449 454 451 455 455 457 460 461 461 463 466 467 467 469 472 473 473 478 475 479 479 484 481 485 485 490 487 491 491 493 496 497 497 501 499 501 506 503 507 507 509 512 513 513 515 518 519 519 521 524 525 525 527 530 531 531 536 533 537 537 542 539 543 543 545 548 549 549 551 554 555 555 560 557 561 561 566 563 567 567 569 572 573 573 575 578 579 579 581 584 585 585 587 590 591 591 593 596 597 597 599 602 603 603 608 605 609 609 614 611 615 615 620 617 621 621 626 623 627 627 629 632 633 633 638 635 639 639 644 641 645 645 650 647 651 651 653 656 657 657 661 660 661 666 663 667 667 669 672 673 673 675 678 679 679 681 684 685 685 687 690 691 691 693 696 697 697 702 699 703 703 705 708 709 709 711 714 715 715 717 720 721 721 723 726 727 727 732 729 733 733 738 735 739 739 741 744 745 745 750 747 751 751 756 753 757 757 762 759 763 763 768 765 769 769 774 771 775 775 780 777 781 781 786 783 787 787 792 789 793 793 796 797 797 799 802 803 803 808 805 809 809 814 811 815 815 820 817 821 821 823 826 827 827 829 832 833 833 835 838 839 839 844 841 845 845 847 850 851 851 853 856 857 857 859 862 863 863 868 865 869 869 874 871 875 875 880 877 881 881 886 883 887 887 889 892 893 893 895 898 899 899 904 901 905 905 907 910 911 911 916 913 917 917 919 922 923 923 925 928 929 929 934 931 935 935 940 937 941 941 946 943 947 947 952 949 953 953 955 958 959 959 964 961 965 965 967 970 971 971 973 976 977 977 979 982 983 983 988 985 989 989 994 991 995 995 1000 997 1001 1001 1006 1003 1007 1007 1012 1009 1013 1013 1015 1018 1019 1019 1021 1024 1025 1025 1027 1030 1031 1031 1036 1033 1037 1037 1042 1039 1043 1043 1048 1045 1049 1049 1051 1054 1055 1055 1057 1060 1061 1061 1063 1066 1067 1067 1072 1069 1073 1073 1078 1075 1079 1079 1081 1084 1085 1085 1087 1090 1091 1091 1093 1096 1097 1097 1099 1102 1103 1103 1105 1108 1109 1109 1111 1114 1115 1115 1120 1117 1121 1121 1126 1123 1127 1127 1132 1129 1133 1133 1138 1135 1139 1139 1144 1141 1145 1145 1147 1150 1151 1151 1153 1156 1157 1157 1162 1159 1163 1163 1165 1168 1169 1169 1171 1174 1175 1175 1177 1180 1181 1181 1186 1183 1187 1187 1189 1192 1193 1193 1198 1195 1199 1199 1204 1201 1205 1205 1210 1207 1211 1211 1216 1213 1217 1217 1222 1219 1223 1223 1225 1228 1229 1229 1234 1231 1235 1235 1237 1240 1241 1241 1243 1246 1247 1247 1252 1249 1253 1253 1255 1258 1259 1259 1264 1261 1265 1265 1267 1270 1271 1271 1276 1273 1277 1277 1280 1281 1281 1286 1283 1287 1287 1292 1289 1293 1293 1295 1298 1299 1299 1304 1301 1305 1305 1310 1307 1311 1311 1316 1313 1317 1317 1319 1322 1323 1323 1325 1328 1329 1329 1331 1334 1335 1335 1337 1340 1341 1341 1343 1346 1347 1347 1349 1352 1353 1353 1355 1358 1359 1359 1361 1364 1365 1365 1370 1367 1371 1371 1376 1373 1377 1377 1382 1379 1383 1383 1385 1388 1389 1389 1394 1391 1395 1395 1397 1400 1401 1401 1403 1406 1407 1407 1409 1412 1413 1413 1415 1418 1419 1419 1424 1421 1425 1425 1427 1430 1431 1431 1433 1436 1437 1437 1442 1439 1443 1443 1445 1448 1449 1449 1451 1454 1455 1455 1457 1460 1461 1461 1466 1463 1467 1467 1472 1469 1473 1473 1478 1475 1479 1479 1481 1484 1485 1485 1490 1487 1491 1491 1493 1496 1497 1497 1502 1499 1503 1503 1508 1505 1509 1509 1511 1514 1515 1515 1520 1517 1521 1521 1523 1526 1527 1527 1532 1529 1533 1533 1538 1535 1539 1539 1542 1543 1543 1548 1545 1549 1549 1554 1551 1555 1555 1557 1560 1561 1561 1563 1566 1567 1567 1572 1569 1573 1573 1578 1575 1579 1579 1581 1586 1583 1587 1587 1592 1589 1593 1593 1595 1597 1599 1599 1601 1604 1605 1605 1607 1610 1611 1611 1615 1613 1617 1620 1617 1621 1621 1623 1626 1627 1627 1631 1629 1633 1633 1636 1637 1637 1642 1639 1643 1643 1648 1645 1649 1649 1651 1653 1656 1657 1657 1657 1666 1659 1663 1661 1667 1667 1667 1674 1669 1675 1671 1677 1675 1677 1679 1682 1683 1683 1688 1685 1689 1689 1694 1691 1695 1695 1699 1697 1701 1701 1705 1703 1710 1707 1707 1711 1711 1716 1713 1717 1717 1719 1722 1723 1723 1725 1728 1729 1729 1733 1731 1735 1735 1737 1740 1741 1741 1743 1746 1747 1747 1752 1749 1753 1753 1755 1757 1759 1762 1759 1763 1763 1767 1766 1767 1769 1772 1773 1773 1778 1775 1779 1779 1781 1784 1785 1785 1787 1790 1791 1791 1796 1793 1797 1797 1799 1802 1803 1803 1805 1807 1809 1809 1811 1814 1815 1815 1817 1820 1821 1821 1823 1826 1827 1827 1829 1832 1833 1833 1835 1838 1839 1839 1841 1844 1845 1845 1852 1847 1853 1849 1855 1853 1855 1860 1857 1861 1861 1865 1863 1867 1867 1869 1871 1871 1875 1873 1877 1877 1880 1881 1881 1885 1883 1890 1887 1887 1891 1891 1893 1896 1897 1897 1899 1902 1903 1903 1905 1908 1909 1909 1914 1911 1915 1915 1917 1919 1921 1921 1926 1923 1927 1927 1932 1929 1933 1933 1935 1938 1939 1939 1941 1946 1943 1947 1949 1947 1949 1951 1954 1955 1955 1960 1957 1961 1961 1963 1965 1967 1967 1969 1972 1973 1973 1975 1977 1977 1986 1979 1983 1981 1987 1987 1987 1992 1989 1993 1993 2000 1995 1997 2001 2003 2001 2003 2008 2009 2005 2011 2009 2011 2013 2016 2017 2017 2019 2022 2023 2023 2028 2025 2029 2029 2034 2031 2035 2035 2040 2037 2041 2041 2043 2046 2047 2047 2049 2052 2053 2053 2058 2055 2059 2059 2061 2064 2065 2065 2067 2070 2071 2071 2073 2076 2077 2077 2082 2079 2083 2083 2087 2086 2087 2092 2089 2093 2093 2098 2095 2099 2099 2104 2101 2105 2105 2110 2107 2111 2111 2116 2113 2117 2117 2119 2122 2123 2123 2125 2128 2129 2129 2134 2131 2135 2135 2140 2137 2141 2141 2143 2146 2147 2147 2149 2152 2153 2153 2158 2155 2159 2159 2163 2161 2168 2165 2165 2169 2169 2171 2174 2175 2175 2177 2180 2181 2181 2183 2188 2185 2189 2191 2189 2191 2193 2196 2197 2197 2202 2199 2203 2203 2208 2205 2209 2209 2214 2211 2215 2215 2222 2217 2219 2223 2225 2223 2225 2227 2230 2231 2231 2235 2233 2237 2237 2244 2239 2241 2245 2247 2245 2247 2256 2249 2251 2253 2253 2257 2257 2264 2259 2261 2265 2271 2265 2267 2270 2271 2271 2273 2276 2277 2277 2279 2282 2283 2283 2288 2285 2289 2289 2291 2294 2295 2295 2300 2297 2301 2301 2306 2303 2307 2307 2309 2311 2313 2313 2318 2315 2319 2319 2321 2324 2325 2325 2330 2327 2331 2331 2333 2335 2338 2339 2339 2344 2341 2345 2345 2350 2347 2351 2351 2353 2356 2357 2357 2359 2362 2363 2363 2368 2365 2369 2369 2374 2371 2375 2375 2377 2380 2381 2381 2383 2386 2387 2387 2392 2389 2393 2393 2398 2395 2399 2399 2401 2404 2405 2405 2410 2407 2411 2411 2416 2413 2417 2417 2419 2422 2423 2423 2425 2428 2429 2429 2431 2433 2433 2435 2438 2439 2439 2441 2444 2445 2445 2447 2450 2451 2451 2456 2453 2457 2457 2459 2462 2463 2463 2465 2468 2469 2469 2471 2474 2475 2475 2477 2480 2481 2481 2483 2486 2487 2487 2490 2491 2491 2493 2496 2497 2497 2502 2499 2503 2503 2505 2508 2509 2509 2514 2511 2515 2515 2517 2520 2521 2521 2523 2526 2527 2527 2532 2529 2533 2533 2538 2535 2539 2539 2541 2544 2545 2545 2550 2547 2551 2551 2556 2553 2557 2557 2562 2559 2563 2563 2568 2565 2569 2569 2571 2574 2575 2575 2577 2580 2581 2581 2583 2586 2587 2587 2589 2592 2593 2593 2598 2595 2599 2599 2604 2601 2605 2605 2610 2607 2611 2611 2613 2615 2615 2617 2620 2621 2621 2623 2626 2627 2627 2629 2632 2633 2633 2638 2635 2639 2639 2641 2644 2645 2645 2647 2652 2649 2653 2653 2655 2657 2660 2661 2661 2663 2666 2667 2667 2672 2669 2673 2673 2678 2675 2679 2679 2684 2681 2685 2685 2690 2687 2691 2691 2693 2696 2697 2697 2702 2699 2703 2703 2705 2708 2709 2709 2714 2711 2715 2715 2717 2720 2721 2721 2723 2726 2727 2727 2729 2732 2733 2733 2738 2735 2739 2739 2741 2744 2745 2745 2747 2750 2751 2751 2756 2753 2757 2757 2762 2759 2763 2763 2768 2765 2769 2769 2771 2774 2775 2775 2780 2777 2781 2781 2786 2783 2787 2787 2789 2792 2793 2793 2798 2795 2799 2799 2804 2801 2805 2805 2810 2807 2811 2811 2813 2816 2817 2817 2819 2822 2823 2823 2825 2828 2829 2829 2831 2834 2835 2835 2840 2837 2841 2841 2843 2846 2847 2847 2849 2852 2853 2853 2855 2858 2859 2859 2864 2861 2865 2865 2870 2867 2871 2871 2873 2876 2877 2877 2882 2879 2883 2883 2885 2888 2889 2889 2894 2891 2895 2895 2900 2897 2901 2901 2903 2906 2907 2907 2912 2909 2913 2913 2918 2915 2919 2919 2924 2921 2925 2925 2927 2930 2931 2931 2933 2936 2937 2937 2939 2942 2943 2943 2948 2945 2949 2949 2954 2951 2955 2955 2960 2957 2961 2961 2963 2966 2967 2967 2972 2969 2973 2973 2976 2977 2977 2979 2982 2983 2983 2988 2985 2989 2989 2994 2991 2995 2995 3000 2997 3001 3001 3003 3006 3007 3007 3012 3009 3013 3013 3015 3018 3019 3019 3024 3021 3025 3025 3030 3027 3031 3031 3036 3033 3037 3037 3042 3039 3043 3043 3048 3045 3049 3049 3051 3054 3055 3055 3060 3057 3061 3061 3063 3066 3067 3067 3072 3069 3073 3073 3075 3078 3079 3079 3084 3081 3085 3085 3087 3090 3091 3091 3093 3096 3097 3097 3099 3102 3103 3103 3105 3108 3109 3109 3111 3114 3115 3115 3117 3120 3121 3121 3126 3123 3127 3127 3129 3132 3133 3133 65535 0 3138

3 7 5 9 9 11 13 15 15 19 17 21 21 25 23 25 27 29 31 31 35 33 37 37 39 41 43 43 47 45 49 49 51 53 53 55 57 57 59 61 63 63 65 67 69 69 73 71 75 75 77 79 81 81 83 85 87 87 89 91 93 93 95 97 99 99 103 101 105 105 107 109 111 111 113 115 117 117 121 119 123 123 127 125 129 129 131 133 135 135 139 137 141 141 145 143 147 147 151 149 153 153 155 157 159 159 161 163 165 165 169 167 171 171 175 173 177 177 179 181 183 183 185 187 189 189 191 193 193 195 197 199 199 201 203 205 205 207 209 211 211 215 213 217 217 221 219 223 223 225 227 229 229 231 233 235 235 237 239 241 241 245 243 247 247 249 251 253 253 255 257 259 259 263 261 265 265 269 267 271 271 273 275 277 277 279 281 283 283 287 285 289 289 291 295 293 297 299 297 299 303 301 305 305 307 309 311 311 315 313 317 317 321 319 323 323 325 327 329 329 331 333 335 335 337 339 341 341 343 345 347 347 349 351 353 353 357 355 359 359 363 361 365 365 369 367 371 371 373 375 377 377 381 379 383 383 385 387 389 389 391 393 395 395 397 399 401 401 405 403 407 407 409 411 413 413 417 415 419 419 421 423 425 425 427 429 431 431 495 433 437 435 439 439 443 441 445 445 449 447 451 451 455 453 457 457 459 461 463 463 465 467 469 469 471 473 475 475 479 477 481 481 485 483 487 487 491 489 493 493 495 499 497 501 501 503 505 507 507 511 509 513 513 515 517 519 519 521 523 525 525 527 529 531 531 533 535 537 537 539 541 543 543 545 549 547 551 553 551 553 557 555 559 559 563 561 565 565 567 569 571 571 573 575 577 577 579 581 583 583 587 585 589 589 591 593 595 595 599 597 601 601 605 603 607 607 611 609 613 613 615 617 619 619 621 625 623 627 627 631 629 633 633 635 637 639 639 643 641 645 645 649 647 651 651 653 655 657 657 659 661 663 663 665 667 669 669 673 671 675 675 679 677 681 681 685 683 687 687 691 689 693 693 697 695 699 699 701 703 705 705 709 707 711 711 713 716 717 717 721 719 723 723 727 725 729 729 731 733 735 737 737 741 739 743 743 745 747 749 749 751 753 755 755 759 757 761 761 765 763 767 767 769 771 773 773 777 775 779 779 781 783 785 785 789 787 791 791 795 793 797 797 799 801 803 803 807 805 809 809 811 813 815 815 817 819 821 821 825 823 827 827 831 829 833 833 837 835 839 839 841 843 845 845 847 849 851 851 853 855 857 857 861 859 863 863 867 865 869 869 871 873 873 877 875 879 879 883 881 885 885 889 887 891 891 895 893 897 897 901 899 903 903 905 907 909 909 911 913 915 915 919 917 921 921 923 925 927 927 931 929 933 933 935 937 939 939 943 941 945 945 947 949 951 951 955 953 957 957 961 959 963 963 965 967 969 969 971 973 975 975 977 979 981 981 983 985 987 987 991 989 993 993 997 995 999 999 1001 1003 1005 1005 1007 1009 1011 1011 1015 1013 1017 1017 1019 1021 1023 1023 1027 1025 1029 1029 1031 1033 1035 1035 1039 1037 1041 1041 1045 1043 1047 1047 1049 1051 1053 1053 1057 1055 1059 1059 1063 1061 1065 1065 1069 1067 1071 1071 1073 1075 1077 1077 1079 1081 1083 1083 1087 1085 1089 1089 1093 1091 1095 1095 1097 1099 1101 1101 1103 1105 1107 1107 1111 1109 1113 1113 1117 1115 1119 1119 1121 1123 1125 1125 1129 1127 1131 1131 1135 1133 1137 1137 1139 1141 1143 1143 1145 1147 1149 1149 1151 1153 1155 1155 1159 1157 1161 1161 1163 1165 1167 1167 1169 1171 1173 1173 1177 1175 1179 1179 1181 1183 1185 1185 1187 1189 1191 1191 1193 1195 1197 1197 1201 1199 1203 1203 1205 1207 1209 1209 1211 1213 1215 1215 1217 1219 1221 1221 1223 1225 1227 1227 1231 1229 1233 1233 1235 1237 1239 1239 1243 1241 1245 1245 1247 1249 1251 1253 1255 1257 1259 1259 1263 1261 1265 1265 1267 1269 1271 1271 1275 1273 1277 1277 1279 1281 1283 1283 1287 1285 1289 1289 1291 1293 1295 1295 1297 1301 1299 1303 1303 1305 1307 1309 1309 1313 1311 1315 1315 1317 1319 1321 1321 1323 1325 1327 1327 1331 1329 1333 1333 1335 1337 1339 1341 1343 1345 1347 1349 1351 1351 1353 1355 1357 1359 1361 1363 1365 1367 1369 1369 1373 1371 1375 1375 1379 1377 1381 1381 1383 1385 1387 1389 1389 1391 1393 1395 1395 1397 1399 1401 1403 1405 1407 1409 1409 1411 1413 1415 1415 1417 1419 1421 1421 1423 1425 1427 1427 1429 1431 1433 1433 1435 1437 1439 1441 1441 1445 1443 1447 1447 1451 1449 1453 1453 1457 1455 1459 1459 1463 1461 1465 1465 1471 1467 1469 1475 1473 1475 1477 1479 1481 1483 1485 1485 1489 1487 1491 1491 1495 1493 1497 1497 65535 0 1502

3 5 7 9 9 11 13 15 15 19 17 21 21 23 25 27 27 29 31 33 33 37 35 39 39 41 43 45 45 49 47 51 51 53 55 57 57 61 59 63 63 67 65 69 69 71 73 75 75 77 79 81 81 83 85 87 87 91 89 91 95 93 97 97 99 101 103 103 105 107 109 109 113 111 115 115 117 121 119 123 125 123 125 127 129 131 131 133 135 137 137 139 141 143 143 145 147 149 149 153 151 155 155 157 159 161 161 165 163 167 167 171 169 173 173 177 175 179 179 183 181 185 185 189 187 191 191 193 195 197 197 201 199 203 203 207 205 209 211 209 213 213 217 215 219 219 223 221 225 225 229 227 231 231 233 235 237 237 239 241 243 243 247 245 251 249 249 253 253 257 255 259 259 261 263 263 267 265 269 269 271 273 275 275 277 281 283 279 285 283 285 289 287 291 291 293 295 297 297 299 301 303 303 307 305 309 309 313 311 315 315 319 317 319 321 323 325 325 329 327 331 333 331 335 335 337 339 341 341 343 345 347 347 351 349 353 353 357 355 359 359 363 361 365 365 369 367 371 371 373 375 377 377 381 379 383 383 387 385 389 389 393 391 395 395 399 397 401 401 405 403 407 407 409 411 413 413 417 415 419 419 421 423 425 425 427 429 431 431 433 435 437 437 439 441 443 443 447 445 449 449 451 453 455 455 459 457 461 461 465 463 465 469 467 471 471 473 475 477 477 481 479 483 485 483 487 487 489 491 493 493 497 495 499 499 503 501 505 505 507 509 511 511 513 515 517 517 519 521 523 523 525 527 529 529 531 533 535 535 537 539 541 541 545 543 547 547 549 551 553 553 555 557 559 559 561 563 565 565 567 569 571 571 575 573 577 577 581 579 583 583 587 585 589 589 65535 0 594
4 6 8 10 10 14 12 16 16 20 18 22 22 24 26 28 28 32 30 34 34 36 38 40 40 42 44 46 46 50 48 52 52 56 54 58 58 62 60 64 64 66 68 70 70 74 72 76 76 78 80 82 82 86 84 88 88 92 90 94 94 98 96 100 100 104 102 106 106 108 110 112 112 116 114 118 118 120 122 124 124 126 128 128 130 132 134 134 136 138 140 140 144 142 146 146 150 148 152 152 156 154 158 158 160 162 164 164 168 166 170 170 174 172 176 176 178 180 180 182 184 186 186 190 188 192 192 194 196 198 198 202 200 204 204 208 206 210 210 214 212 216 216 220 218 222 222 226 224 228 228 230 232 234 234 238 236 240 240 242 244 246 246 250 248 252 252 256 254 258 258 260 262 264 264 268 266 270 270 272 274 276 276 278 280 282 282 284 286 288 288 290 292 294 294 298 296 300 300 302 304 306 306 310 308 312 312 316 314 318 318 320 322 324 324 326 328 330 330 334 332 336 336 338 340 342 342 346 344 348 348 352 350 352 354 356 358 358 360 362 364 364 366 368 370 370 372 374 376 376 378 380 382 382 384 386 388 388 392 390 394 394 398 396 400 400 404 402 406 406 408 410 412 412 416 414 418 418 420 422 424 424 428 426 430 430 432 434 436 436 438 440 442 442 446 444 448 448 450 452 454 454 458 456 460 460 462 464 466 466 468 470 472 474 474 476 478 482 480 484 484 488 486 490 490 492 494 496 496 500 498 502 502 504 506 510 508 512 512 516 514 518 518 522 520 524 524 526 528 530 532 534 536 538 538 542 540 544 544 546 548 550 552 554 554 556 558 560 562 564 566 570 568 572 572 574 576 578 578 582 580 584 584 586 588 590 592 594 594 596 598 600 602 604 604 608 606 610 610 612 614 616 618 620 620 624 622 626 626 628 630 632 632 636 634 638 638 640 644 642 648 646 648 652 650 652 654 656 660 658 662 662 664 666 668 668 670 672 674 674 676 678 680 680 682 684 686 686 690 688 692 692 694 696 698 700 702 704 706 706 708 710 712 712 714 718 716 718 722 720 724 724 726 728 730 730 732 736 734 738 738 740 742 744 746 748 750 754 752 756 756 758 760 762 766 764 770 768 770 772 774 776 778 780 782 784 786 788 788 792 790 794 794 796 798 800 802 804 804 806 808 810 812 814 816 818 818 820 822 824 826 828 828 830 832 834 836 838 840 842 844 846 848 850 852 854 856 860 858 862 862 864 866 868 65535 0 872
4 6 8 10 10 14 12 16 16 20 18 22 22 24 26 28 28 32 30 34 34 36 38 40 40 42 44 46 46 50 48 52 52 56 54 58 58 62 60 64 64 66 68 70 70 74 72 76 76 78 80 82 82 86 84 88 88 92 90 94 94 98 96 100 100 104 102 106 106 108 110 112 112 116 114 118 118 120 122 124 124 126 128 128 130 132 134 134 136 138 140 140 144 142 146 146 150 148 152 152 156 154 158 158 160 162 164 164 168 166 170 170 174 172 176 176 178 180 180 182 184 186 186 190 188 192 192 194 196 198 198 202 200 204 204 208 206 210 210 214 212 216 216 220 218 222 222 226 224 228 228 230 232 234 234 238 236 240 240 242 244 246 246 250 248 252 252 256 254 258 258 260 262 264 264 268 266 270 270 272 274 276 276 278 280 282 282 284 286 288 288 290 292 294 294 298 296 300 300 302 304 306 306 310 308 312 312 316 314 318 318 320 322 324 324 326 328 330 330 334 332 336 336 338 340 342 342 346 344 348 348 352 350 352 354 356 358 358 360 362 364 364 366 368 370 370 372 374 376 376 378 380 382 382 384 386 388 388 392 390 394 394 398 396 400 400 404 402 406 406 408 410 412 412 416 414 418 418 420 422 424 424 428 426 430 430 432 434 436 436 438 440 442 442 446 444 448 448 450 452 454 454 458 456 460 460 462 464 466 466 468 470 472 474 474 476 478 482 480 484 484 488 486 490 490 492 494 496 496 500 498 502 502 504 506 510 508 512 512 516 514 518 518 522 520 524 524 526 528 530 532 534 536 538 538 542 540 544 544 546 548 550 552 554 554 556 558 560 562 564 566 570 568 572 572 574 576 578 578 582 580 584 584 586 588 590 592 594 594 596 598 600 602 604 604 608 606 610 610 612 614 616 618 620 620 624 622 626 626 628 630 632 632 636 634 638 638 640 644 642 648 646 648 652 650 652 654 656 660 658 662 662 664 666 668 668 670 672 674 674 676 678 680 680 682 684 686 686 690 688 692 692 694 696 698 700 702 704 706 706 708 710 712 712 714 718 716 718 722 720 724 724 726 728 730 730 732 736 734 738 738 740 742 744 746 748 750 754 752 756 756 758 760 762 766 764 770 768 770 772 774 776 778 780 782 784 786 788 788 792 790 794 794 796 798 800 802 804 804 806 808 810 812 814 816 818 818 820 822 824 826 828 828 830 832 834 836 838 840 842 844 846 848 850 852 854 856 860 858 862 862 864 866 868 65535 0 872
4 8 6 10 10 14 12 16 16 20 18 22 22 26 24 28 28 32 30 34 34 36 38 40 40 44 42 46 46 48 50 52 52 56 54 58 58 62 60 64 64 68 66 70 70 74 72 76 76 78 80 82 82 84 86 88 88 65535 0 92



123 65535 3 5 5 9 7 11 13 15 15 17 19 21 23 21 25 25 27 29 31 31 33 35 35 39 37 41 41 45 43 47 49 51 53 53 55 57 59 59 61 63 65 67 67 71 69 73 75 77 77 79 81 83 85 87 89 87 91 93 95 97 99 101 103 105 105 107 109 111 113 115 115 119 117 121 0 128
5 3 7 7 9 11 13 13 17 15 19 19 21 24 25 25 29 27 29 34 31 35 35 39 37 41 41 45 43 47 47 49 51 65535 65535 0 56
82 83 65535 4 65535 6 65535 65535 8 65535 10 12 65535 14 65535 65535 16 18 65535 65535 20 22 65535 24 65535 26 26 30 28 32 33 32 36 36 38 39 42 42 44 46 48 48 51 50 54 54 56 57 60 60 62 63 66 66 68 69 72 72 72 74 75 77 80 80 0 88
3 6 7 7 11 9 13 13 17 15 19 19 21 24 25 25 30 27 31 31 33 36 37 37 41 39 43 43 48 45 49 49 51 54 55 55 57 59 61 61 63 65 67 67 71 69 73 73 79 75 77 81 81 81 85 83 87 87 89 91 93 93 97 95 99 99 103 101 105 105 107 109 111 111 113 115 115 117 120 121 121 123 125 127 127 129 131 133 133 137 135 139 139 143 141 145 145 147 149 151 151 153 155 157 157 164 159 161 165 167 165 167 169 171 65535 65535 0 176
67 66 65535 4 65535 6 8 9 8 8 12 8 14 8 16 6 18 20 8 22 24 24 22 27 26 30 30 32 33 36 36 40 38 42 42 44 46 48 50 48 52 52 55 54 58 58 61 60 64 64 0 72
6 3 7 7 11 9 13 13 15 17 19 19 21 23 25 25 27 29 31 31 36 33 37 37 41 39 43 43 48 45 49 49 53 51 55 55 59 57 61 61 63 65 67 67 69 72 73 73 77 75 77 82 79 83 83 87 85 89 89 91 94 95 95 99 97 101 101 105 103 107 107 109 111 65535 65535 0 116
3 5 5 9 7 11 11 15 13 17 17 21 19 21 23 26 27 27 29 31 33 33 35 38 39 39 44 41 45 45 50 47 51 51 53 56 57 57 61 59 63 63 65 67 69 69 71 74 75 75 77 80 81 81 83 86 87 87 89 91 93 93 98 95 99 99 101 103 105 105 109 107 111 111 113 115 117 117 119 121 65535 65535 0 126
4 6 8 10 10 14 12 14 16 18 20 20 24 22 26 26 28 30 32 32 34 36 36 38 40 42 42 46 44 48 48 52 50 54 54 58 56 60 60 62 64 66 66 68 70 72 72 76 74 76 78 80 82 82 84 86 86 88 90 92 92 94 96 98 98 102 100 102 104 106 108 108 110 112 114 116 116 118 120 122 122 124 126 126 130 128 132 132 134 138 140 136 138 140 142 144 144 146 148 150 150 151 156 153 157 157 161 159 163 163 166 167 169 169 173 172 177 177 176 179 179 182 183 185 185 188 189 191 191 195 194 197 197 200 201 203 203 207 205 207 211 210 214 215 214 217 217 221 220 223 223 225 231 228 229 231 231 235 234 237 237 241 240 243 243 369 245 249 248 251 251 254 255 257 257 261 260 263 263 267 266 269 269 273 272 275 275 279 278 281 281 284 359 286 288 290 290 294 292 294 296 298 300 300 304 302 306 306 308 310 312 312 316 314 320 318 318 320 324 322 324 326 328 330 330 332 334 336 336 340 338 342 342 346 344 348 348 350 352 354 354 358 356 369 359 359 365 362 364 364 369 367 369 371 371 375 374 377 377 381 380 383 383 386 387 389 389 392 393 395 395 399 398 402 403 402 405 405 409 408 411 411 414 415 417 417 421 420 424 431 424 426 428 430 430 431 443 434 436 438 438 440 442 443 443 446 449 448 451 451 451 455 454 457 457 459 461 463 463 466 467 469 469 473 472 475 475 478 479 481 481 484 485 487 487 491 490 494 494 495 497 497 500 501 503 503 506 507 509 509 512 513 513 517 516 519 519 523 522 527 527 525 529 529 532 533 535 535 539 538 539 543 542 545 545 549 548 552 552 595 554 572 558 556 560 560 562 564 566 566 568 570 572 572 574 576 578 578 582 580 582 586 584 588 588 592 590 594 594 595 599 598 601 601 603 605 605 609 608 609 613 612 615 615 618 619 621 621 624 625 627 627 631 630 633 633 636 639 638 641 643 641 643 647 646 647 651 650 653 653 657 655 657 661 660 665 665 664 667 667 671 670 673 673 703 677 676 679 679 683 681 683 685 687 687 690 691 691 695 693 697 697 700 701 703 703 707 706 709 709 712 713 715 715 717 723 721 720 723 723 727 726 729 729 732 733 735 735 745 738 740 740 742 744 745 745 749 748 751 751 754 755 757 757 761 760 763 763 767 766 769 769 773 772 776 776 789 778 780 782 782 784 786 788 788 789 791 793 795 795 799 797 799 803 802 805 805 808 809 811 811 814 815 817 817 820 821 821 824 825 827 827 831 830 833 851 833 837 836 837 841 840 843 843 847 846 849 849 851 855 853 857 857 860 885 864 862 864 868 866 868 870 872 874 874 878 876 880 880 884 882 885 885 889 888 891 891 895 894 897 897 900 901 903 903 906 907 909 909 913 911 915 915 917 919 921 921 927 923 926 929 929 929 933 931 935 935 939 937 941 941 944 945 947 947 950 951 953 953 956 957 959 959 963 962 965 965 969 968 971 971 975 974 977 977 981 980 983 983 987 986 989 989 992 993 995 995 998 999 1001 1001 1004 1005 1007 1007 1010 1011 1015 1015 1014 1017 1017 1021 1020 1023 1023 1027 1026 1029 1029 1033 1032 1033 1037 1036 1039 1039 1042 1043 1046 1051 1046 1048 1050 1051 1051 1055 1054 1057 1057 1061 1059 1061 1065 1064 1067 1067 1070 1071 1073 1073 1077 1076 1077 1080 1081 1083 1083 1086 1087 1089 1089 1093 1092 1095 1095 1099 1098 1101 1101 1105 1104 1107 1107 1111 1110 1113 1113 1115 1117 1119 1119 1123 1122 1125 1125 1129 1128 1131 1131 1134 1135 1137 1137 1140 1141 1143 1143 1147 1145 1149 1149 1153 1152 1155 1155 1159 1157 1161 1161 1165 1163 1167 1167 1169 1171 1173 1173 1177 1175 1179 1179 1183 1181 1185 1185 1187 1189 1191 1191 1195 1193 65535 65535 0 1200
3 5 7 7 12 9 13 13 15 18 19 19 24 21 25 25 27 30 31 31 33 36 37 37 39 42 43 43 48 45 49 49 51 54 55 55 61 58 59 59 61 63 66 67 67 72 69 65535 65535 0 76
5 3 7 7 9 11 13 13 19 15 18 19 19 23 21 25 25 27 30 31 31 33 36 37 37 39 41 43 43 47 45 49 49 51 54 55 55 57 60 61 61 63 65 67 67 71 69 73 73 75 77 79 79 82 85 87 83 83 85 87 91 89 93 93 98 95 99 99 103 101 105 105 107 109 111 111 115 113 117 117 119 121 123 123 128 125 129 129 133 131 135 135 139 137 141 141 143 146 65535 65535 0 150
5 3 7 7 11 9 13 13 15 17 19 19 24 21 28 25 25 29 29 33 31 35 35 38 87 42 40 44 44 64 46 48 49 52 52 55 54 58 58 61 60 64 64 66 67 70 70 74 72 74 76 77 80 80 82 84 86 86 87 221 89 91 223 93 159 95 98 99 99 101 104 105 105 107 110 111 111 116 113 117 117 119 122 123 123 125 128 129 129 131 135 134 137 139 137 139 144 141 145 145 147 150 151 151 153 156 157 157 159 161 163 165 165 170 167 171 171 176 173 177 177 179 181 181 183 185 187 187 192 189 193 193 197 195 199 199 203 201 205 205 207 210 211 211 213 215 217 217 221 219 223 223 225 228 229 229 231 233 235 235 237 239 241 241 243 519 247 246 251 251 249 266 253 255 257 259 259 262 263 266 445 266 445 270 268 272 272 274 276 278 278 281 280 284 284 288 286 290 290 294 292 296 296 298 299 302 302 304 305 308 309 308 312 312 316 314 318 318 320 321 324 324 326 327 330 330 332 334 336 336 338 339 342 342 344 345 348 348 351 350 354 354 356 357 360 360 363 362 366 366 370 368 372 372 376 374 378 378 381 380 384 384 387 386 390 390 394 392 396 396 400 438 397 401 401 440 403 405 407 407 409 411 413 413 415 417 417 421 419 423 423 427 425 429 429 433 431 435 435 438 440 442 443 445 445 449 448 453 453 451 455 455 457 459 459 463 461 465 465 468 469 471 471 475 474 477 477 479 481 485 484 485 487 487 490 491 493 493 497 496 499 499 503 502 505 505 509 508 511 511 514 515 517 517 519 521 524 525 527 525 529 529 532 533 979 536 536 538 542 544 539 546 544 546 548 549 552 552 554 572 555 558 558 560 561 564 564 566 567 570 570 573 572 576 576 580 578 582 582 585 584 588 588 592 590 594 594 597 596 600 600 602 603 606 606 610 608 612 612 614 615 618 619 618 622 622 624 626 628 628 630 631 634 634 638 636 640 640 642 643 646 648 646 650 650 652 653 656 656 660 658 662 662 664 665 668 670 668 672 672 675 674 678 678 680 682 684 684 686 687 690 690 693 692 696 696 699 698 702 704 702 706 706 708 709 712 712 714 715 718 718 720 722 724 724 726 727 730 730 732 733 736 736 738 742 744 739 746 744 746 748 749 752 752 755 754 758 758 761 760 764 764 767 766 772 770 770 774 774 777 776 780 780 783 782 786 786 789 788 792 792 795 794 798 798 799 978 802 803 803 808 805 809 809 811 814 815 815 817 820 821 821 826 823 827 827 829 832 833 833 838 835 839 839 844 841 845 845 847 850 851 851 853 856 857 857 862 859 863 863 865 870 868 871 871 871 876 873 877 877 882 879 883 883 888 885 889 889 891 894 895 895 900 897 901 901 903 906 907 907 912 909 913 913 915 918 919 919 921 924 925 925 927 930 931 931 933 936 937 937 942 939 943 943 945 948 949 949 954 951 955 955 960 957 962 963 963 963 968 965 969 969 974 971 975 975 978 979 981 983 987 983 987 985 987 65535 0 992
