95 95 1 1 1 1 24 24 1 1 1 1 12 12 1 1 1 1 8 8 1 1 1 1 7 7 1 1 1 1 68 68 1 1 1 1 19 19 1 1 1 1 24 24 1 1 1 1 3 3 1 1 1 1 24 24 1 1 10 10 4 4 13 13 1 1 1 1 7 7 1 1 1 1 1 1 4 4 2 2 2 2 3 3 44 44 7 7 1 1 1 1 7 7 1 1 1 1 3 3 1 1 1 1 5 5 1 1 1 1 1 1 2 2 2 2 2 2 1 1 1 1 3 3 1 1 1 1 3 3 1 1 1 1 3 3 2 2 9 9 1 1 1 1 7 7 1 1 2 2 1 1 1 1 4 4 2 2 2 2 3 3 5 5 5 5 1 1 1 1 14 14 1 1 1 1 1 1 1 1 1 1 3 3 1 1 2 2 1 1 2 2 3 3 1 1 1 1 4 4 1 1 1 1 2 2 3 3 1 1 9 9 1 1 1 1 6 6 1 1 1 1 5 5 1 1 1 1 9 9 1 1 1 1 1 1 1 1 3 3 1 1 1 1 23 23 1 1 5 5 1 1 1 1 1 1 1 1 3 3 1 1 1 1 2 2 1 1 1 1 2 2 1 1 9 9 1 1 1 1 1 1 11 11 1 1 1 1 637 637 59 36 105 532
154 154 1 1 1 1 49 49 1 1 1 1 169 169 1 1 1 1 371 371 1 1 1 1 16 16 1 1 1 1 2 2 1 1 1 1 541 541 113 41 83 458
9849 9849 1 1 92 92 1 1 1 1 52 52 1 1 1 1 10 10 1 1 1 1 75 75 1 1 1 1 78 78 1 1 1 1 181 181 1 1 1 1 137 137 1 1 1 1 15 15 1 1 1 1 13 13 3 3 1 1 1 1 1 1 1 1 1 1 1 1 9 9 1404 1404 1 1 1 1 4 4 1 1 1 1 1227 1227 1 1 1 1 41 41 1 1 1 1 1106 1106 1 1 1 1 399 399 1 1 1 1 74 74 1 1 1 1 923 923 891 32 3115 6734
6829 6829 11152 11152 3552 3277 2583 8569
6829 6829 11152 11152 5153 1676 1689 9463

4709 4709 299 299 1 1 2480 2480 693 4016 870 1610
184 184 1 1 1 1 6 6 1 1 1 1 131 131 1 1 1 1 140 140 1 1 1 1 48 48 1 1 1 1 110 110 1 1 1 1 51 51 1 1 1 1 88 88 1 1 1 1 150 150 1 1 1 1 1 1 1 1 120 120 1 1 1 1 3 3 1 1 1 1 3 3 1 1 1 1 89 89 1 1 1 1 1 1 1 1 108 108 2 2 27 27 1 1 1 1 202 202 1 1 1 1 117 117 1 1 1 1 94 94 1 1 1 1 31 31 1 1 1 1 41 41 1 1 1 1 44 44 1 1 1 1 7 7 1 1 1 1 16 16 1 1 1 1 31 31 1 1 1 1 23 23 1 1 1 1 54 54 1 1 1 1 4 4 1 1 1 1 2 2 1 1 1 1 139 139 78 61 64 120
125 125 1 1 1 1 24 24 1 1 1 1 4 4 1 1 1 1 153 153 110 43 33 92
188 188 1 1 1 1 33 33 1 1 1 1 164 164 1 1 1 1 68 68 1 1 1 1 10 10 1 1 1 1 18 18 1 1 1 1 102 102 1 1 1 1 414 414 381 33 53 135
193 193 1 1 1 1 39 39 1 1 1 1 94 94 15 15 1 1 1 1 65 65 8 8 78 78 1 1 1 1 210 210 48 48 3 3 2 2 8 8 49 49 6 6 99 99 1 1 1 1 125 125 1 1 1 1 23 23 1 1 1 1 17 17 3 3 2 2 1 1 1 1 57 57 178 178 57 57 8 8 68 68 1 1 1 1 25 25 6 6 8 8 1 1 1 1 144 144 166 27 85 59
167 167 50 50 4 4 6 6 2 2 8 8 28 28 1 1 1 1 2 2 2 2 25 25 2 2 9 9 1 1 1 1 3 3 1 1 1 1 24 24 1 1 1 1 36 36 4 4 17 17 1 1 1 1 1 1 1 1 1 1 42 42 1 1 1 1 2 2 17 17 1 1 1 1 40 40 22 22 6 6 22 22 8 8 8 8 29 29 124 124 106 18 92 75
369 369 1 1 1 1 25 25 1 1 1 1 192 192 1 1 1 1 295 295 1 1 1 1 51 51 1 1 1 1 235 235 346 23 70 165
479 479 1 1 1 1 195 195 1 1 1 1 152 152 1 1 1 1 111 111 1 1 1 1 144 144 1 1 1 1 2 2 1 1 1 1 4 4 14 14 1 1 5 5 1 1 1 1 2 2 1 1 1 1 1 1 1 1 1 1 2 2 2 2 1 1 39 39 1 1 1 1 40 40 1 1 1 1 178 178 1 1 1 1 32 32 1 1 1 1 120 120 1 1 1 1 1 1 1 1 29 29 2 2 1 1 1 1 1 1 1 1 1 1 1 1 2 2 2 2 2 2 2 2 2 2 2 2 2 2 2 2 2 2 5 5 1 1 1 1 1 1 1 1 1 1 2 2 2 2 96 96 1 1 1 1 42 42 1 1 1 1 131 131 1 1 1 1 142 142 1 1 1 1 9 9 1 1 1 1 255 255 1 1 1 1 57 57 1 1 1 1 22 22 1 1 1 1 138 138 1 1 1 1 235 235 266 213 102 133
332 332 1 1 1 1 2 2 1 1 1 1 575 575 1 1 1 1 30 30 1 1 2 2 1 1 1 1 1 1 1 1 1 1 2 2 1 1 1 1 4 4 1 1 1 1 1 1 1 1 1 1 1 1 1 1 1 1 1 1 1 1 1 1 1 1 1 1 1 1 1 1 1 1 1 1 1 1 1 1 1 1 246 246 271 61 41 205
929 929 1 1 1 1 281 281 1 1 1 1 36 36 1 1 1 1 6 6 1 1 1 1 45 45 1 1 1 1 51 51 1 1 1 1 32 32 1 1 1 1 181 181 821 108 27 154
181 181 1 1 1 1 1 1 1 1 47 47 1 1 1 1 10 10 1 1 1 1 45 45 1 1 1 1 221 221 1 1 1 1 142 142 1 1 1 1 125 125 1 1 1 1 268 268 1 1 1 1 45 45 1 1 1 1 94 94 121 60 33 61
509 509 1 1 1 1 55 55 1 1 1 1 33 33 1 1 1 1 18 18 1 1 1 1 10 10 1 1 1 1 5 5 1 1 1 1 63 63 1 1 1 1 119 119 1 1 1 1 1 1 1 1 1 1 37 37 1 1 1 1 146 146 1 1 1 1 399 399 300 209 25 374
399 399 1 1 1 1 73 73 4 4 29 29 1 1 57 57 1 1 1 1 100 100 1 1 1 1 15 15 2 2 94 94 1 1 1 1 103 103 1 1 1 1 28 28 1 1 1 1 38 38 1 1 1 1 62 62 1 1 1 1 8 8 1 1 1 1 63 63 1 1 1 1 90 90 1 1 1 1 15 15 1 1 1 1 56 56 1 1 1 1 1 1 1 1 23 23 1 1 1 1 605 605 150 249 230 375
111 111 1 1 1 1 69 69 1 1 1 1 1 1 2 2 1 1 14 14 2 2 1 1 1 1 8 8 32 32 1 1 1 1 9 9 29 29 16 16 2 2 2 2 32 32 13 13 1 1 1 1 19 19 1 1 1 1 12 12 1 1 1 1 10 10 1 1 1 1 11 11 1 1 1 1 4 4 13 13 7 7 1 1 1 1 17 17 79 79 25 25 15 15 1 1 1 1 11 11 1 1 1 1 19 19 2 2 2 2 8 8 1 1 2 2 13 13 3 3 14 14 2 2 2 2 9 9 1 1 13 13 3 3 1 1 1 1 1 1 1 1 1 1 15 15 1 1 1 1 5 5 1 1 1 1 7 7 11 11 7 7 1 1 1 1 4 4 1 1 1 1 9 9 1 1 1 1 1 1 1 1 17 17 1 1 1 1 22 22 1 1 1 1 13 13 1 1 1 1 2 2 1 1 1 1 1 1 11 11 1 1 2 2 1 1 2 2 7 7 1 1 1 1 1 1 1 1 7 7 1 1 1 1 7 7 2 2 1 1 1 1 12 12 1 1 1 1 8 8 1 1 1 1 1 1 1 1 1 1 16 16 1 1 1 1 5 5 1 1 1 1 6 6 1 1 1 1 10 10 1 1 21 21 1 1 1 1 8 8 1 1 1 1 18 18 10 10 5 5 1 1 1 1 4 4 2 2 2 2 40 40 1 1 1 1 7 7 1 1 1 1 46 46 1 1 1 1 53 53 1 1 1 1 32 32 41 41 8 8 3 3 13 13 1 1 1 1 28 28 1 1 725 725 470 255 22 89
145 145 1 1 1 1 151 151 1 1 1 1 83 83 1 1 1 1 142 142 1 1 1 1 117 117 1 1 1 1 106 106 1 1 1 1 282 282 1 1 1 1 31 31 1 1 1 1 25 25 1 1 1 1 99 99 1 1 1 1 362 362 117 28 310 52
5789 5789 84 84 1 1 257 257 1 1 1 1 27 27 1 1 1 1 1 1 1 1 1 1 12 12 1 1 1 1 4 4 1 1 1 1 5 5 1 1 6 6 1 1 1 1 65 65 1 1 1 1 53 53 1 1 1 1 1 1 1 1 12 12 1497 1497 4 4 1 1 1 1 1 1 6 6 1 1 1490 1490 180 180 1 1 1 1 1 1 60 60 1 1 1 1 146 146 6 6 6 6 1 1 41 41 1 1 1 1 2 2 1 1 1 1 12 12 1 1 1 1 2 2 1 1 1 1 37 37 1 1 1 1 1 1 2 2 2 2 7 7 1 1 1 1 17 17 1 1 1 1 7 7 1 1 1 1 6 6 1 1 1 1 5 5 1 1 1 1 38 38 1 1 1 1 17 17 1 1 1 1 23 23 1 1 1 1 1 1 3 3 1 1 1 1 8 8 1 1 1 1 25 25 1 1 1 1 25 25 1 1 1 1 11 11 1 1 1 1 5 5 1 1 1 1 66 66 1 1 19 19 1 1 1 1 4 4 1 1 1 1 7 7 1 1 1 1 6 6 1 1 1 1 41 41 1 1 1 1 1 1 1 1 1 1 20 20 1 1 1 1 9 9 6 6 1 1 1 1 5 5 1 1 1 1 7 7 1 1 1 1 7 7 1 1 1 1 2 2 1 1 1 1 4 4 1 1 1 1 1 1 6 6 1 1 1 1 15 15 1 1 1 1 1 1 1 1 1 1 11 11 1 1 1 1 3 3 1 1 1 1 3 3 1 1 1 1 1 1 1 1 1 1 16 16 1 1 1 1 1 1 1 1 1 1 90 90 1 1 1 1 55 55 1 1 1 1 18 18 1 1 1 1 1 1 1 1 1 1 3 3 1 1 1 1 1 1 29 29 1 1 1 1 16 16 1 1 1 1 48 48 1 1 1 1 1 1 28 28 1 1 1 1 10 10 1 1 1 1 12 12 1 1 1 1 21 21 1 1 1 1 4 4 1 1 1 1 1 1 1 1 6 6 1 1 1 1 5 5 1 1 1 1 1 1 1 1 1 1 7 7 1 1 1 1 15 15 1 1 1 1 2 2 1 1 1 1 7 7 1 1 1 1 15 15 1 1 1 1 10 10 1 1 1 1 5 5 1 1 1 1 2 2 1 1 1 1 2 2 1 1 1 1 14 14 1 1 1 1 11 11 1 1 1 1 1 1 1 1 1 1 15 15 1 1 1 1 14 14 1 1 1 1 1 1 1 1 1 1 1 1 7 7 1 1 1 1 14 14 1 1 1 1 14 14 1 1 1 1 1 1 1 1 1 1 2 2 1 1 1 1 7 7 1 1 1 1 11 11 1 1 1 1 21 21 1 1 1 1 13 13 1 1 1 1 34 34 1 1 1 1 1 1 13 13 1 1 1 1 1 1 1 1 1 1 8 8 1 1 1 1 7 7 1 1 1 1 4 4 1 1 1 1 22 22 1 1 1 1 14 14 2 2 1 1 1 1 3 3 1 1 1 1 1 1 1 1 1 1 1 1 7 7 66 66 1 1 1 1 218 218 1 1 1 1 47 47 1 1 1 1 8 8 5634 5634 3763 2026 1593 4041
5789 5789 84 84 1 1 257 257 1 1 1 1 27 27 1 1 1 1 1 1 1 1 1 1 12 12 1 1 1 1 4 4 1 1 1 1 5 5 1 1 6 6 1 1 1 1 65 65 1 1 1 1 53 53 1 1 1 1 1 1 1 1 12 12 1497 1497 4 4 1 1 1 1 1 1 6 6 1 1 1490 1490 180 180 1 1 1 1 1 1 60 60 1 1 1 1 146 146 6 6 6 6 1 1 41 41 1 1 1 1 2 2 1 1 1 1 12 12 1 1 1 1 2 2 1 1 1 1 37 37 1 1 1 1 1 1 2 2 2 2 7 7 1 1 1 1 17 17 1 1 1 1 7 7 1 1 1 1 6 6 1 1 1 1 5 5 1 1 1 1 38 38 1 1 1 1 17 17 1 1 1 1 23 23 1 1 1 1 1 1 3 3 1 1 1 1 8 8 1 1 1 1 25 25 1 1 1 1 25 25 1 1 1 1 11 11 1 1 1 1 5 5 1 1 1 1 66 66 1 1 19 19 1 1 1 1 4 4 1 1 1 1 7 7 1 1 1 1 6 6 1 1 1 1 41 41 1 1 1 1 1 1 1 1 1 1 20 20 1 1 1 1 9 9 6 6 1 1 1 1 5 5 1 1 1 1 7 7 1 1 1 1 7 7 1 1 1 1 2 2 1 1 1 1 4 4 1 1 1 1 1 1 6 6 1 1 1 1 15 15 1 1 1 1 1 1 1 1 1 1 11 11 1 1 1 1 3 3 1 1 1 1 3 3 1 1 1 1 1 1 1 1 1 1 16 16 1 1 1 1 1 1 1 1 1 1 90 90 1 1 1 1 55 55 1 1 1 1 18 18 1 1 1 1 1 1 1 1 1 1 3 3 1 1 1 1 1 1 29 29 1 1 1 1 16 16 1 1 1 1 48 48 1 1 1 1 1 1 28 28 1 1 1 1 10 10 1 1 1 1 12 12 1 1 1 1 21 21 1 1 1 1 4 4 1 1 1 1 1 1 1 1 6 6 1 1 1 1 5 5 1 1 1 1 1 1 1 1 1 1 7 7 1 1 1 1 15 15 1 1 1 1 2 2 1 1 1 1 7 7 1 1 1 1 15 15 1 1 1 1 10 10 1 1 1 1 5 5 1 1 1 1 2 2 1 1 1 1 2 2 1 1 1 1 14 14 1 1 1 1 11 11 1 1 1 1 1 1 1 1 1 1 15 15 1 1 1 1 14 14 1 1 1 1 1 1 1 1 1 1 1 1 7 7 1 1 1 1 14 14 1 1 1 1 14 14 1 1 1 1 1 1 1 1 1 1 2 2 1 1 1 1 7 7 1 1 1 1 11 11 1 1 1 1 21 21 1 1 1 1 13 13 1 1 1 1 34 34 1 1 1 1 1 1 13 13 1 1 1 1 1 1 1 1 1 1 8 8 1 1 1 1 7 7 1 1 1 1 4 4 1 1 1 1 22 22 1 1 1 1 14 14 2 2 1 1 1 1 3 3 1 1 1 1 1 1 1 1 1 1 1 1 7 7 66 66 1 1 1 1 218 218 1 1 1 1 47 47 1 1 1 1 8 8 5634 5634 3763 2026 1505 4129
130 130 1 1 1 1 566 566 1 1 1 1 6 6 1 1 1 1 173 173 1 1 1 1 49 49 3 3 361 361 1 1 1 1 121 121 1 1 1 1 27 27 1 1 1 1 59 59 2 2 2 2 2 2 1 1 1 1 1 1 2 2 21 21 1 1 1 1 1 1 1 1 1 1 1 1 1 1 1 1 1 1 1 1 1 1 1 1 1 1 1 1 8 8 2 2 102 102 1 1 1 1 69 69 1 1 1 1 147 147 1 1 1 1 1 1 63 63 1 1 1 1 46 46 1 1 1 1 7 7 1 1 1 1 110 110 109 21 23 87
381 381 1 1 54 54 7 7 1 1 1 1 14 14 1 1 2 2 1 1 2 2 3 3 1 1 1 1 3 3 1 1 1 1 6 6 1 1 1 1 1 1 1 1 6 6 1 1 1 1 5 5 1 1 1 1 2 2 1 1 1 1 94 94 1 1 1 1 1 1 1 1 1 1 6 6 1 1 1 1 8 8 1 1 1 1 8 8 1 1 1 1 36 36 1 1 1 1 17 17 1 1 1 1 12 12 1 1 1 1 17 17 1 1 1 1 5 5 1 1 1 1 17 17 1 1 1 1 1 1 1 1 22 22 1 1 1 1 5 5 1 1 1 1 23 23 2 2 2 2 1 1 1 1 1 1 7 7 1 1 1 1 10 10 1 1 1 1 2 2 6 6 5 5 1 1 1 1 2 2 1 1 1 1 1 1 1 1 1 1 1 1 1 1 1 1 4 4 1 1 1 1 1 1 1 1 1 1 1 1 1 1 1 1 1 1 1 1 1 1 1 1 1 1 9 9 1 1 1 1 6 6 1 1 1 1 4 4 2 2 2 2 3 3 1 1 1 1 2 2 1 1 1 1 22 22 1 1 1 1 16 16 1 1 1 1 4 4 2 2 2 2 8 8 3 3 3 3 4 4 2 2 2 2 8 8 1 1 1 1 10 10 1 1 1 1 8 8 1 1 1 1 2 2 1 1 1 1 1 1 1 1 1 1 21 21 1 1 1 1 1 1 1 1 1 1 2 2 1 1 1 1 5 5 1 1 1 1 9 9 1 1 1 1 10 10 1 1 1 1 3 3 1 1 1 1 9 9 1 1 1 1 8 8 1 1 1 1 6 6 1 1 1 1 11 11 1 1 1 1 1 1 1 1 1 1 42 42 1 1 1 1 1 1 1 1 1 1 9 9 1 1 1 1 7 7 1 1 1 1 9 9 1 1 1 1 1 1 8 8 1 1 14 14 1 1 15 15 1 1 1 1 3 3 1 1 1 1 6 6 1 1 1 1 8 8 1 1 1 1 17 17 1 1 1 1 11 11 1 1 1 1 10 10 1 1 1 1 18 18 3 3 7 7 1 1 1 1 2 2 1 1 1 1 1 1 1 1 7 7 1 1 1 1 2 2 1 1 1 1 30 30 1 1 1 1 48 48 1 1 1 1 6 6 1 1 1 1 9 9 1 1 1 1 14 14 1 1 1 1 7 7 1 1 1 1 1 1 2 2 2 2 5 5 1 1 1 1 4 4 1 1 1 1 19 19 1 1 1 1 6 6 1 1 1 1 7 7 2 2 2 2 4 4 1 1 1 1 1 1 1 1 1 1 1 1 1 1 1 1 10 10 1 1 1 1 5 5 1 1 1 1 7 7 1 1 1 1 6 6 1 1 1 1 9 9 1 1 1 1 6 6 1 1 1 1 21 21 2 2 2 2 2 2 1 1 1 1 9 9 2 2 2 2 11 11 1 1 1 1 9 9 1 1 1 1 14 14 1 1 1 1 8 8 5 5 9 9 2 2 2 2 16 16 1 1 1 1 27 27 2 2 2 2 27 27 1 1 1 1 1 1 5 5 2 2 2 2 1 1 4 4 5 5 3 3 3 3 8 8 1 1 1 1 1 1 1 1 1 1 17 17 1 1 1 1 1 1 1 1 1 1 1 1 2 2 2 2 5 5 1 1 1 1 16 16 1 1 1 1 4 4 1 1 1 1 33 33 2 2 2 2 16 16 2 2 2 2 2 2 1 1 1 1 3 3 1 1 1 1 7 7 1 1 3 3 1 1 6 6 1 1 2 2 1 1 17 17 1 1 1 1 2 2 1 1 1 1 2 2 1 1 1 1 2 2 1 1 1 1 1 1 2 2 2 2 1 1 1 1 1 1 1 1 1 1 1 1 2 2 1 1 1 1 26 26 1 1 1 1 3 3 3 3 4 4 1 1 1 1 8 8 1 1 1 1 6 6 1 1 1 1 1 1 1 1 3 3 1 1 1 1 1 1 1 1 13 13 1 1 1 1 23 23 2 2 2 2 7 7 1 1 1 1 1 1 2 2 2 2 4 4 1 1 1 1 8 8 1 1 1 1 1 1 1 1 1 1 8 8 1 1 1 1 1 1 1 1 3 3 2 2 2 2 1 1 2 2 2 2 1 1 1 1 1 1 4 4 2 2 2 2 1 1 1 1 1 1 7 7 1 1 1 1 22 22 1 1 1 1 8 8 2 2 2 2 5 5 2 2 2 2 16 16 1 1 1 1 7 7 1 1 1 1 2 2 1 1 17 17 3 3 3 3 2 2 1 1 1 1 8 8 1 1 1 1 1 1 2 2 2 2 4 4 5 5 45 45 10 10 2 2 5 5 1 1 1 1 35 35 1 1 1 1 7 7 1 1 1 1 11 11 1 1 1 1 21 21 1 1 1 1 12 12 1 1 1 1 1 1 1 1 1 1 7 7 1 1 1 1 15 15 1 1 1 1 8 8 8 8 1 1 2 2 2 2 2 2 1 1 1 1 10 10 1 1 1 1 25 25 1 1 1 1 4 4 1 1 1 1 1 1 1 1 1 1 7 7 2 2 2 2 5 5 1 1 1 1 3 3 1 1 1 1 7 7 1 1 1 1 1 1 1 1 6 6 1 1 1 1 35 35 2 2 9 9 1 1 1 1 13 13 1 1 1 1 8 8 1 1 1 1 30 30 1 1 61 61 1 1 2 2 1 1 2 2 6 6 1 1 1 1 14 14 1 1 1 1 6 6 1 1 1 1 49 49 1 1 1 1 27 27 1 1 2 2 2 2 2 2 1 1 1 1 1 1 1 1 1 1 1 1 1 1 1 1 1 1 1 1 1 1 1 1 1 1 1 1 1 1 1 1 1 1 1 1 1 1 1 1 1 1 1 1 1 1 1 1 1 1 1 1 1 1 1 1 35 35 1 1 1 1 5 5 1 1 1 1 11 11 1 1 1 1 1 1 1 1 1 1 3 3 1 1 1 1 1 1 1 1 1 1 5 5 1 1 1 1 9 9 2 2 2 2 7 7 1 1 1 1 45 45 1 1 1 1 1 1 1 1 1 1 1 1 1 1 1 1 13 13 1 1 1 1 1 1 1 1 1 1 5 5 1 1 1 1 16 16 1 1 1 1 27 27 1 1 1 1 11 11 2 2 2 2 5 5 1 1 1 1 3 3 1 1 1 1 10 10 1 1 1 1 12 12 1 1 1 1 5 5 1 1 1 1 2 2 2 2 2 2 22 22 1 1 1 1 2 2 26 26 1 1 1 1 259 259 1 1 12 12 1 1 1 1 172 172 1 1 1 1 431 431 169 262 32 349
830 830 1 1 1 1 42 42 7 7 1 1 1 1 21 21 1 1 1 1 8 8 1 1 1 1 8 8 3 3 3 3 2 2 1 1 1 1 6 6 1 1 1 1 4 4 1 1 1 1 2 2 1 1 1 1 1 1 1 1 8 8 1 1 1 1 11 11 1 1 1 1 7 7 1 1 1 1 16 16 1 1 1 1 7 7 1 1 1 1 4 4 1 1 1 1 15 15 1 1 1 1 39 39 1 1 1 1 23 23 1 1 1 1 2 2 1 1 1 1 2 2 1 1 1 1 3 3 1 1 1 1 9 9 1 1 1 1 1 1 1 1 1 1 6 6 1 1 1 1 6 6 1 1 1 1 4 4 1 1 1 1 3 3 1 1 1 1 5 5 1 1 1 1 10 10 1 1 1 1 1 1 11 11 1 1 1 1 1 1 1 1 1 1 15 15 1 1 1 1 4 4 1 1 1 1 10 10 1 1 1 1 4 4 1 1 1 1 22 22 2 2 2 2 2 2 1 1 1 1 7 7 2 2 2 2 12 12 1 1 1 1 3 3 1 1 1 1 3 3 1 1 1 1 12 12 1 1 1 1 4 4 1 1 1 1 6 6 1 1 1 1 8 8 1 1 1 1 6 6 2 2 2 2 8 8 2 2 2 2 1 1 1 1 1 1 4 4 1 1 1 1 4 4 3 3 3 3 2 2 2 2 2 2 12 12 1 1 1 1 4 4 2 2 2 2 20 20 1 1 1 1 1 1 1 1 1 1 6 6 8 8 4 4 1 1 2 2 2 2 1 1 3 3 1 1 1 1 1 1 1 1 1 1 1 1 2 2 2 2 3 3 1 1 1 1 2 2 1 1 1 1 10 10 1 1 1 1 4 4 2 2 35 35 1 1 1 1 2 2 1 1 1 1 24 24 3 3 3 3 7 7 1 1 1 1 2 2 1 1 1 1 9 9 1 1 1 1 26 26 1 1 1 1 4 4 1 1 23 23 1 1 1 1 22 22 1 1 1 1 1 1 1 1 1 1 17 17 1 1 1 1 23 23 1 1 1 1 4 4 1 1 1 1 4 4 1 1 1 1 4 4 1 1 1 1 1 1 1 1 59 59 1 1 1 1 10 10 1 1 1 1 3 3 1 1 1 1 11 11 1 1 1 1 25 25 1 1 1 1 6 6 1 1 1 1 8 8 1 1 1 1 8 8 1 1 1 1 5 5 1 1 1 1 14 14 1 1 1 1 6 6 1 1 1 1 4 4 1 1 1 1 9 9 1 1 7 7 1 1 1 1 49 49 1 1 1 1 6 6 1 1 1 1 8 8 1 1 1 1 5 5 1 1 1 1 23 23 1 1 1 1 16 16 1 1 1 1 18 18 2 2 2 2 7 7 1 1 1 1 1 1 6 6 1 1 1 1 20 20 2 2 2 2 3 3 2 2 2 2 12 12 1 1 1 1 11 11 1 1 1 1 1 1 1 1 1 1 3 3 1 1 1 1 24 24 1 1 1 1 1 1 11 11 2 2 1 1 1 1 3 3 135 135 1 1 1 1 1473 1473 1220 253 47 783
172 172 1 1 1 1 67 67 1 1 1 1 167 167 1 1 1 1 72 72 1 1 1 1 8 8 1 1 1 1 1 1 1 1 91 91 1 1 1 1 65 65 1 1 1 1 1 1 417 417 1 1 1 1 103 103 1 1 194 194 1 1 1 1 169 169 1 1 1 1 115 115 1 1 1 1 260 260 119 53 21 239
72 72 1 1 1 1 24 24 1 1 1 1 6 6 1 1 1 1 10 10 1 1 1 1 9 9 1 1 1 1 17 17 1 1 1 1 43 43 1 1 1 1 42 42 1 1 1 1 1 1 1 1 1 1 34 34 1 1 1 1 1 1 1 1 1 1 50 50 2 2 2 2 5 5 1 1 1 1 59 59 1 1 1 1 19 19 1 1 1 1 39 39 1 1 1 1 15 15 1 1 1 1 20 20 1 1 1 1 16 16 1 1 1 1 9 9 1 1 1 1 50 50 1 1 2 2 102 102 1 1 1 1 12 12 1 1 1 1 26 26 1 1 1 1 4 4 1 1 1 1 2 2 2 2 2 2 12 12 1 1 1 1 35 35 3 3 17 17 1 1 1 1 2 2 8 8 1 1 1 1 7 7 1 1 1 1 6 6 1 1 1 1 2 2 1 1 1 1 80 80 1 1 1 1 8 8 1 1 1 1 11 11 1 1 1 1 20 20 1 1 1 1 22 22 2 2 2 2 9 9 1 1 1 1 13 13 1 1 1 1 29 29 1 1 1 1 5 5 1 1 1 1 7 7 1 1 1 1 5 5 1 1 1 1 18 18 1 1 1 1 6 6 1 1 1 1 3 3 1 1 1 1 16 16 1 1 1 1 17 17 1 1 2 2 10 10 1 1 1 1 28 28 1 1 1 1 26 26 1 1 1 1 8 8 1 1 1 1 32 32 2 2 2 2 3 3 1 1 1 1 10 10 1 1 5 5 2 2 2 2 13 13 1 1 1 1 16 16 1 1 1 1 23 23 1 1 1 1 16 16 1 1 1 1 31 31 1 1 1 1 19 19 1 1 1 1 1 1 1 1 1 1 53 53 1 1 1 1 1 1 1 1 1 1 31 31 1 1 1 1 26 26 1 1 1 1 24 24 1 1 1 1 1 1 1 1 11 11 1 1 1 1 9 9 1 1 1 1 5 5 1 1 1 1 15 15 2 2 2 2 8 8 1 1 1 1 40 40 1 1 1 1 1 1 1 1 8 8 1 1 1 1 8 8 1 1 1 1 13 13 1 1 1 1 8 8 2 2 2 2 5 5 1 1 1 1 1 1 1 1 1 1 29 29 4 4 27 27 1 1 1 1 3 3 1 1 1 1 31 31 1 1 1 1 16 16 1 1 1 1 6 6 1 1 1 1 14 14 1 1 74 74 1 1 1 1 49 49 1 1 1 1 5 5 1 1 1 1 21 21 1 1 1 1 21 21 1 1 1 1 10 10 2 2 2 2 31 31 1 1 1 1 55 55 1 1 1 1 67 67 1 1 1 1 21 21 1 1 1 1 35 35 1 1 1 1 18 18 1 1 1 1 23 23 1 1 1 1 9 9 1 1 1 1 5 5 1 1 1 1 3 3 1 1 1 1 7 7 1 1 1 1 4 4 1 1 1 1 45 45 1 1 1 1 53 53 2 2 2 2 16 16 1 1 1 1 11 11 1 1 1 1 6 6 1 1 1 1 10 10 1 1 1 1 6 6 1 1 1 1 15 15 1 1 1 1 23 23 1 1 1 1 60 60 1 1 1 1 13 13 1 1 1 1 6 6 1 1 1 1 13 13 1 1 1 1 35 35 1 1 1 1 14 14 1 1 1 1 2 2 5 5 1 1 1 1 1 1 10 10 1 1 1 1 19 19 1 1 1 1 3 3 1 1 1 1 15 15 1 1 1 1 8 8 1 1 1 1 2 2 1 1 1 1 4 4 1 1 1 1 5 5 1 1 1 1 19 19 1 1 1 1 18 18 1 1 1 1 32 32 1 1 1 1 16 16 1 1 1 1 28 28 1 1 1 1 15 15 5 5 17 17 1 1 1 1 6 6 2 2 2 2 5 5 1 1 1 1 14 14 2 2 2 2 2 2 2 2 2 2 2 2 1 1 1 1 1 1 2 2 4 4 3 3 1 1 1 1 5 5 1 1 1 1 1 1 1 1 1 1 1 1 1 1 1 1 5 5 1 1 1 1 20 20 2 2 2 2 18 18 1 1 1 1 26 26 1 1 1 1 58 58 1 1 1 1 3 3 1 1 1 1 5 5 1 1 1 1 24 24 1 1 1 1 65 65 1 1 1 1 18 18 1 1 1 1 9 9 4 4 1 1 1 1 4 4 1 1 1 1 8 8 1 1 1 1 4 4 4 4 26 26 1 1 1 1 4 4 1 1 1 1 48 48 1 1 1 1 21 21 1 1 1 1 1 1 1 1 1 1 3 3 1 1 1 1 7 7 1 1 1 1 5 5 1 1 1 1 2 2 1 1 1 1 15 15 1 1 1 1 41 41 1 1 1 1 7 7 1 1 1 1 115 115 1 1 1 1 7 7 1 1 44 44 1 1 1 1 1 1 1 1 51 51 1 1 1 1 27 27 1 1 1 1 7 7 2 2 2 2 7 7 2 2 2 2 68 68 1 1 1 1 10 10 1 1 1 1 17 17 1 1 1 1 35 35 1 1 1 1 6 6 1 1 1 1 8 8 1 1 1 1 10 10 1 1 1 1 3 3 1 1 1 1 3 3 1 1 1 1 14 14 1 1 1 1 15 15 1 1 1 1 13 13 1 1 1 1 21 21 1 1 1 1 3 3 1 1 1 1 14 14 1 1 1 1 2 2 1 1 1 1 40 40 1 1 1 1 44 44 1 1 1 1 16 16 1 1 1 1 1 1 1 1 1 1 3 3 3 3 3 3 16 16 1 1 1 1 9 9 1 1 1 1 12 12 1 1 1 1 21 21 1 1 1 1 1 1 1 1 1 1 3 3 1 1 1 1 5 5 1 1 1 1 6 6 1 1 1 1 23 23 1 1 1 1 22 22 1 1 1 1 9 9 1 1 1 1 11 11 1 1 1 1 7 7 1 1 1 1 10 10 1 1 1 1 25 25 1 1 1 1 23 23 1 1 1 1 17 17 1 1 1 1 31 31 1 1 1 1 3 3 1 1 1 1 8 8 1 1 1 1 12 12 1 1 1 1 7 7 1 1 1 1 24 24 1 1 1 1 49 49 1 1 1 1 69 69 1 1 1 1 19 19 1 1 1 1 25 25 1 1 1 1 25 25 1 1 1 1 15 15 1 1 1 1 21 21 6 6 17 17 1 1 1 1 10 10 18 18 18 18 2 2 2 2 13 13 3 3 3 3 4 4 1 1 1 1 19 19 1 1 1 1 10 10 1 1 1 1 10 10 1 1 1 1 10 10 1 1 1 1 10 10 2 2 2 2 69 69 1 1 1 1 14 14 1 1 1 1 11 11 1 1 1 1 68 68 1 1 1 1 3 3 2 2 2 2 2 2 1 1 1 1 17 17 1 1 1 1 1 1 1 1 7 7 1 1 1 1 40 40 1 1 1 1 1 1 1 1 1 1 38 38 1 1 1 1 8 8 1 1 1 1 15 15 1 1 1 1 4 4 55 55 1 1 1 1 42 42 1 1 1 1 67 67 7 7 1 1 1 1 9 9 1 1 1 1 2 2 1 1 1 1 7 7 1 1 1 1 1 1 1 1 1 1 12 12 1 1 29 29 1 1 1 1 1 1 8 8 1 1 1 1 3 3 25 25 2 2 2 2 1 1 2 2 2 2 5 5 1 1 1 1 36 36 1 1 1 1 32 32 1 1 1 1 6 6 1 1 1 1 8 8 1 1 1 1 31 31 1 1 1 1 7 7 1 1 1 1 18 18 1 1 1 1 16 16 1 1 1 1 7 7 1 1 1 1 12 12 1 1 26 26 1 1 1 1 12 12 1 1 1 1 12 12 1 1 1 1 8 8 1 1 1 1 7 7 1 1 1 1 7 7 1 1 1 1 7 7 1 1 1 1 38 38 1 1 1 1 14 14 1 1 1 1 7 7 1 1 1 1 3 3 1 1 1 1 38 38 1 1 1 1 2 2 1 1 1 1 1 1 1 1 21 21 1 1 1 1 33 33 1 1 1 1 1 1 1 1 1 1 3 3 1 1 1 1 5 5 1 1 1 1 2 2 1 1 1 1 3 3 1 1 1 1 24 24 1 1 1 1 1 1 1 1 1 1 6 6 1 1 1 1 3 3 1 1 1 1 30 30 1 1 1 1 14 14 1 1 1 1 4 4 1 1 1 1 8 8 1 1 1 1 20 20 1 1 1 1 23 23 1 1 1 1 5 5 3 3 2 2 1 1 1 1 4 4 1 1 4 4 1 1 10 10 6 6 1 1 1 1 5 5 1 1 1 1 2 2 2 2 1 1 2 2 1 1 1 1 40 40 1 1 1 1 40 40 1 1 1 1 22 22 1 1 1 1 11 11 1 1 1 1 32 32 1 1 1 1 28 28 1 1 1 1 24 24 1 1 1 1 3 3 1 1 1 1 32 32 1 1 1 1 11 11 1 1 1 1 29 29 1 1 1 1 15 15 1 1 1 1 18 18 3 3 1 1 1 1 1 1 4 4 2 2 2 2 18 18 1 1 1 1 7 7 1 1 1 1 33 33 1 1 8 8 1 1 1 1 3 3 1 1 1 1 19 19 1 1 1 1 4 4 3 3 14 14 1 1 1 1 68 68 1 1 1 1 1 1 1 1 72 72 1 1 1 1 32 32 2 2 2 2 5 5 1 1 1 1 4 4 1 1 1 1 40 40 4 4 2 2 29 29 1 1 1 1 10 10 1 1 1 1 10 10 1 1 1 1 29 29 1 1 1 1 2 2 1 1 1 1 9 9 1 1 1 1 8 8 2 2 2 2 2 2 1 1 1 1 22 22 1 1 1 1 9 9 1 1 1 1 6 6 1 1 1 1 1 1 1 1 1 1 9 9 1 1 1 1 2 2 11 11 7 7 1 1 1 1 45 45 1 1 1 1 16 16 1 1 36 36 1 1 1 1 30 30 1 1 1 1 33 33 1 1 1 1 22 22 1 1 2 2 3 3 1 1 1 1 1 1 1 1 3 3 1 1 1 1 1 1 1 1 1 1 1 1 1 1 1 1 1 1 1 1 1 1 1 1 1 1 1 1 1 1 1 1 1 1 1 1 1 1 1 1 9 9 1 1 1 1 1 1 1 1 1 1 1 1 1 1 1 1 1 1 1 1 1 1 1 1 1 1 1 1 1 1 1 1 1 1 1 1 1 1 1 1 1 1 1 1 1 1 1 1 1 1 1 1 1 1 1 1 1 1 1 1 1 1 1 1 1 1 1 1 1 1 1 1 1 1 14 14 1 1 1 1 1 1 1 1 1 1 1 1 1 1 1 1 1 1 1 1 1 1 1 1 1 1 19 19 1 1 1 1 1 1 1 1 1 1 1 1 1 1 1 1 3 3 1 1 1 1 1 1 1 1 1 1 1 1 1 1 2 2 1 1 1 1 1 1 7 7 2 2 2 2 28 28 14 14 1 1 1 1 4 4 1 1 1 1 12 12 2 2 2 2 3 3 1 1 1 1 123 123 1 1 1 1 36 36 1 1 1 1 30 30 1 1 1 1 19 19 1 1 1 1 11 11 1 1 1 1 30 30 2 2 2 2 14 14 1 1 1 1 6 6 1 1 1 1 10 10 1 1 1 1 123 123 1 1 1 1 2 2 1 1 1 1 86 86 34 38 27 59
86 86 1 1 1 1 47 47 1 1 17 17 1 1 1 1 1 1 26 26 1 1 1 1 9 9 1 1 1 1 89 89 1 1 1 1 59 59 1 1 1 1 20 20 1 1 1 1 40 40 1 1 1 1 59 59 1 1 1 1 72 72 1 1 1 1 22 22 1 1 1 1 18 18 2 2 2 2 4 4 1 1 1 1 10 10 1 1 1 1 6 6 1 1 1 1 29 29 1 1 1 1 14 14 1 1 1 1 16 16 1 1 1 1 7 7 1 1 1 1 11 11 1 1 1 1 4 4 1 1 1 1 13 13 1 1 1 1 47 47 1 1 1 1 6 6 1 1 1 1 29 29 1 1 1 1 5 5 1 1 1 1 27 27 1 1 1 1 12 12 1 1 1 1 1 1 1 1 1 1 48 48 1 1 1 1 4 4 1 1 1 1 33 33 1 1 1 1 49 49 1 1 1 1 4 4 1 1 1 1 4 4 1 1 1 1 9 9 1 1 1 1 12 12 1 1 1 1 20 20 1 1 1 1 3 3 1 1 1 1 3 3 1 1 1 1 5 5 1 1 1 1 45 45 1 1 1 1 57 57 1 1 1 1 17 17 1 1 1 1 43 43 1 1 1 1 45 45 2 2 2 2 17 17 1 1 1 1 82 82 1 1 1 1 13 13 1 1 1 1 11 11 1 1 1 1 38 38 1 1 1 1 28 28 1 1 1 1 26 26 1 1 1 1 23 23 1 1 1 1 5 5 1 1 1 1 49 49 1 1 1 1 12 12 1 1 11 11 1 1 1 1 3 3 2 2 2 2 39 39 1 1 1 1 10 10 1 1 1 1 15 15 1 1 1 1 14 14 1 1 1 1 23 23 1 1 1 1 11 11 2 2 2 2 6 6 1 1 1 1 8 8 1 1 1 1 17 17 1 1 2 2 1 1 1 1 7 7 1 1 1 1 1 1 1 1 1 1 5 5 1 1 1 1 37 37 2 2 30 30 1 1 1 1 4 4 1 1 1 1 7 7 1 1 1 1 26 26 1 1 1 1 1 1 1 1 1 1 4 4 1 1 1 1 10 10 1 1 1 1 22 22 1 1 1 1 1 1 1 1 1 1 1 1 7 7 1 1 1 1 6 6 1 1 1 1 16 16 1 1 1 1 27 27 2 2 1 1 1 1 3 3 1 1 1 1 1 1 5 5 1 1 1 1 3 3 1 1 1 1 1 1 1 1 1 1 1 1 1 1 1 1 1 1 1 1 1 1 33 33 1 1 1 1 45 45 1 1 1 1 9 9 1 1 1 1 10 10 1 1 1 1 9 9 1 1 1 1 34 34 1 1 42 42 1 1 1 1 5 5 1 1 1 1 18 18 1 1 1 1 17 17 1 1 1 1 2 2 1 1 1 1 14 14 1 1 1 1 22 22 1 1 1 1 4 4 1 1 1 1 67 67 1 1 1 1 9 9 1 1 1 1 51 51 1 1 1 1 10 10 1 1 1 1 30 30 1 1 1 1 24 24 1 1 1 1 32 32 1 1 1 1 28 28 1 1 1 1 3 3 1 1 1 1 43 43 1 1 1 1 69 69 1 1 1 1 3 3 1 1 1 1 31 31 1 1 1 1 3 3 1 1 1 1 90 90 1 1 1 1 24 24 1 1 1 1 3 3 1 1 1 1 5 5 1 1 1 1 10 10 1 1 1 1 16 16 1 1 1 1 19 19 1 1 1 1 1 1 1 1 9 9 1 1 1 1 4 4 1 1 1 1 3 3 1 1 1 1 60 60 1 1 1 1 5 5 1 1 1 1 18 18 1 1 1 1 43 43 1 1 1 1 22 22 1 1 1 1 14 14 1 1 1 1 1 1 8 8 1 1 1 1 9 9 1 1 1 1 14 14 1 1 1 1 24 24 1 1 1 1 16 16 1 1 1 1 57 57 2 2 2 2 8 8 1 1 1 1 11 11 1 1 1 1 17 17 1 1 1 1 3 3 1 1 1 1 51 51 1 1 1 1 2 2 1 1 1 1 41 41 1 1 1 1 27 27 1 1 1 1 5 5 1 1 1 1 24 24 1 1 1 1 84 84 1 1 1 1 9 9 1 1 1 1 17 17 1 1 1 1 5 5 1 1 1 1 19 19 1 1 1 1 5 5 1 1 1 1 80 80 59 27 26 54
86 86 1 1 1 1 2 2 1 1 1 1 44 44 1 1 1 1 2 2 1 1 19 19 1 1 1 1 66 66 1 1 1 1 6 6 1 1 1 1 14 14 2 2 2 2 30 30 1 1 1 1 1 1 1 1 24 24 1 1 1 1 5 5 1 1 1 1 30 30 1 1 1 1 1 1 36 36 1 1 1 1 76 76 1 1 34 34 1 1 3 3 1 1 1 1 8 8 1 1 1 1 3 3 2 2 2 2 12 12 1 1 1 1 4 4 1 1 1 1 5 5 1 1 8 8 32 32 1 1 1 1 1 1 19 19 1 1 1 1 1 1 2 2 2 2 1 1 1 1 1 1 1 1 1 1 1 1 1 1 1 1 1 1 1 1 1 1 1 1 1 1 1 1 1 1 1 1 1 1 1 1 1 1 1 1 1 1 1 1 1 1 1 1 1 1 1 1 1 1 1 1 1 1 1 1 1 1 1 1 1 1 1 1 1 1 1 1 8 8 1 1 1 1 1 1 1 1 1 1 7 7 1 1 1 1 1 1 1 1 1 1 1 1 3 3 1 1 1 1 1 1 1 1 1 1 1 1 1 1 1 1 1 1 1 1 1 1 1 1 1 1 1 1 1 1 1 1 1 1 1 1 4 4 4 4 4 4 9 9 5 5 1 1 3 3 8 8 13 13 1 1 1 1 41 41 1 1 1 1 22 22 1 1 1 1 25 25 1 1 1 1 11 11 1 1 14 14 1 1 1 1 1 1 1 1 8 8 1 1 1 1 36 36 1 1 1 1 9 9 1 1 12 12 9 9 1 1 1 1 1 1 1 1 1 1 10 10 1 1 1 1 5 5 1 1 1 1 3 3 2 2 2 2 2 2 1 1 1 1 17 17 1 1 1 1 1 1 1 1 1 1 1 1 7 7 1 1 1 1 9 9 1 1 1 1 2 2 1 1 1 1 29 29 1 1 1 1 10 10 1 1 1 1 10 10 1 1 1 1 29 29 4 4 1 1 1 1 21 21 1 1 1 1 18 18 1 1 1 1 4 4 1 1 1 1 5 5 2 2 2 2 32 32 1 1 1 1 72 72 1 1 1 1 69 69 1 1 1 1 15 15 1 1 1 1 1 1 1 1 4 4 2 2 18 18 1 1 1 1 3 3 1 1 1 1 10 10 1 1 31 31 1 1 1 1 7 7 1 1 1 1 18 18 2 2 2 2 4 4 1 1 1 1 22 22 1 1 1 1 1 1 15 15 1 1 1 1 29 29 1 1 1 1 11 11 1 1 1 1 32 32 1 1 1 1 3 3 1 1 1 1 24 24 1 1 1 1 28 28 1 1 1 1 32 32 1 1 1 1 11 11 1 1 1 1 22 22 1 1 1 1 32 32 1 1 1 1 7 7 1 1 1 1 40 40 1 1 1 1 2 2 1 1 1 1 2 2 1 1 1 1 2 2 27 27 1 1 2 2 1 1 1 1 5 5 1 1 1 1 5 5 1 1 1 1 8 8 1 1 35 35 1 1 1 1 8 8 1 1 1 1 4 4 1 1 1 1 14 14 1 1 1 1 30 30 1 1 1 1 3 3 1 1 1 1 6 6 1 1 1 1 1 1 1 1 1 1 1 1 24 24 1 1 1 1 3 3 1 1 1 1 2 2 1 1 1 1 5 5 1 1 1 1 3 3 1 1 1 1 1 1 1 1 1 1 33 33 1 1 1 1 22 22 1 1 1 1 29 29 1 1 1 1 11 11 1 1 1 1 11 11 1 1 1 1 53 53 1 1 1 1 7 7 1 1 1 1 7 7 1 1 1 1 7 7 1 1 1 1 21 21 1 1 1 1 3 3 1 1 1 1 8 8 1 1 1 1 27 27 1 1 11 11 1 1 1 1 7 7 1 1 1 1 16 16 1 1 1 1 18 18 1 1 1 1 7 7 1 1 1 1 31 31 1 1 1 1 4 4 1 1 1 1 3 3 1 1 1 1 13 13 1 1 1 1 25 25 1 1 1 1 34 34 1 1 1 1 1 1 1 1 1 1 5 5 2 2 2 2 1 1 2 2 2 2 1 1 1 1 27 27 1 1 1 1 9 9 1 1 1 1 35 35 1 1 8 8 1 1 1 1 7 7 1 1 1 1 2 2 1 1 1 1 9 9 1 1 1 1 12 12 165 165 15 15 1 1 1 1 8 8 1 1 1 1 38 38 1 1 1 1 1 1 1 1 1 1 40 40 1 1 1 1 10 10 1 1 1 1 1 1 1 1 1 1 1 1 1 1 3 3 1 1 1 1 1 1 1 1 1 1 1 1 1 1 8 8 1 1 1 1 2 2 2 2 2 2 3 3 1 1 1 1 68 68 1 1 1 1 1 1 1 1 10 10 1 1 1 1 14 14 1 1 1 1 43 43 1 1 1 1 25 25 2 2 2 2 1 1 1 1 1 1 8 8 1 1 1 1 10 10 1 1 1 1 10 10 1 1 1 1 1 1 1 1 9 9 1 1 1 1 19 19 1 1 1 1 4 4 2 2 2 2 1 1 1 1 13 13 2 2 1 1 1 1 18 18 6 6 28 28 6 6 6 6 6 6 21 21 1 1 1 1 15 15 1 1 1 1 71 71 50 21 27 59
81 81 2 2 47 47 1 1 1 1 3 3 1 1 1 1 4 4 1 1 1 1 24 24 1 1 1 1 8 8 2 2 2 2 48 48 1 1 1 1 50 50 1 1 1 1 24 24 1 1 1 1 8 8 1 1 1 1 2 2 1 1 1 1 11 11 1 1 1 1 22 22 1 1 1 1 43 43 1 1 1 1 1 1 1 1 1 1 16 16 1 1 1 1 5 5 1 1 1 1 44 44 1 1 1 1 15 15 1 1 1 1 3 3 1 1 1 1 4 4 1 1 1 1 9 9 1 1 1 1 20 20 1 1 1 1 16 16 1 1 1 1 10 10 1 1 1 1 4 4 1 1 1 1 1 1 1 1 28 28 1 1 1 1 40 40 1 1 1 1 49 49 1 1 1 1 3 3 1 1 1 1 24 24 1 1 1 1 6 6 1 1 1 1 1 1 3 3 1 1 1 1 69 69 1 1 1 1 19 19 1 1 1 1 23 23 1 1 1 1 3 3 1 1 1 1 17 17 1 1 1 1 10 10 1 1 1 1 32 32 1 1 1 1 24 24 1 1 1 1 29 29 2 2 1 1 1 1 1 1 10 10 1 1 1 1 51 51 1 1 1 1 9 9 1 1 1 1 67 67 1 1 1 1 27 27 1 1 1 1 14 14 1 1 1 1 2 2 1 1 1 1 1 1 1 1 16 16 1 1 1 1 18 18 1 1 1 1 5 5 1 1 1 1 42 42 1 1 23 23 1 1 1 1 10 10 1 1 1 1 9 9 1 1 1 1 10 10 1 1 1 1 9 9 1 1 1 1 8 8 1 1 1 1 36 36 1 1 1 1 33 33 1 1 1 1 1 1 1 1 1 1 1 1 1 1 1 1 1 1 1 1 1 1 3 3 1 1 1 1 5 5 1 1 1 1 1 1 3 3 3 3 27 27 1 1 1 1 16 16 1 1 1 1 6 6 1 1 1 1 7 7 1 1 1 1 24 24 1 1 1 1 10 10 1 1 1 1 4 4 1 1 1 1 1 1 1 1 1 1 25 25 1 1 1 1 1 1 1 1 7 7 1 1 1 1 4 4 1 1 1 1 29 29 1 1 1 1 2 2 37 37 1 1 1 1 5 5 1 1 1 1 1 1 1 1 1 1 1 1 1 1 1 1 5 5 1 1 1 1 2 2 1 1 26 26 1 1 1 1 6 6 2 2 2 2 11 11 1 1 1 1 23 23 1 1 1 1 14 14 1 1 1 1 26 26 1 1 1 1 26 26 1 1 1 1 12 12 2 2 2 2 13 13 1 1 1 1 1 1 1 1 10 10 1 1 1 1 1 1 1 1 1 1 48 48 1 1 1 1 1 1 1 1 5 5 1 1 1 1 23 23 1 1 1 1 26 26 1 1 1 1 35 35 1 1 1 1 31 31 1 1 1 1 11 11 1 1 1 1 13 13 1 1 1 1 29 29 1 1 1 1 52 52 1 1 1 1 7 7 1 1 1 1 9 9 2 2 2 2 3 3 1 1 1 1 41 41 1 1 1 1 43 43 1 1 1 1 75 75 1 1 1 1 45 45 1 1 1 1 9 9 1 1 1 1 3 3 1 1 1 1 20 20 1 1 1 1 12 12 1 1 1 1 9 9 1 1 1 1 4 4 1 1 1 1 4 4 1 1 1 1 37 37 1 1 1 1 11 11 1 1 1 1 17 17 1 1 1 1 15 15 1 1 1 1 4 4 1 1 1 1 48 48 1 1 1 1 1 1 1 1 1 1 12 12 1 1 1 1 27 27 1 1 1 1 5 5 1 1 1 1 8 8 1 1 1 1 27 27 1 1 1 1 47 47 1 1 1 1 13 13 1 1 1 1 4 4 1 1 1 1 11 11 1 1 1 1 7 7 1 1 1 1 16 16 1 1 1 1 14 14 1 1 1 1 29 29 1 1 1 1 17 17 1 1 1 1 1 1 1 1 3 3 2 2 2 2 41 41 1 1 1 1 43 43 1 1 1 1 19 19 1 1 1 1 8 8 1 1 1 1 58 58 1 1 42 42 1 1 1 1 135 135 1 1 1 1 34 34 1 1 1 1 9 9 1 1 1 1 8 8 1 1 1 1 14 14 1 1 3 3 1 1 1 1 25 25 1 1 1 1 1 1 39 39 1 1 1 1 86 86 59 27 28 53
1025 1025 48 48 1 1 1 1 115 115 1 1 1 1 40 40 1 1 1 1 75 75 1 1 1 1 15 15 1 1 1 1 19 19 1 1 1 1 159 159 1 1 1 1 106 106 1 1 1 1 47 47 1 1 1 1 165 165 1 1 1 1 44 44 1 1 1 1 10 10 1 1 1 1 94 94 1 1 1 1 80 80 1 1 1 1 50 50 1 1 1 1 48 48 1 1 1 1 44 44 1 1 1 1 11 11 1 1 1 1 2 2 1 1 1 1 77 77 1 1 184 184 1 1 1 1 20 20 1 1 1 1 176 176 1 1 1 1 1 1 1 1 1 1 128 128 1 1 1 1 121 121 1 1 1 1 140 140 1 1 1 1 4 4 1 1 1 1 44 44 1 1 1 1 17 17 1 1 1 1 110 110 1 1 1 1 15 15 1 1 1 1 6 6 1 1 1 1 8 8 1 1 1 1 2 2 1 1 1 1 11 11 1 1 1 1 5 5 1 1 1 1 3 3 1 1 1 1 33 33 1 1 1 1 31 31 1 1 1 1 35 35 1 1 1 1 3 3 1 1 1 1 6 6 1 1 1 1 8 8 1 1 1 1 11 11 1 1 1 1 1 1 1 1 1 1 5 5 1 1 1 1 19 19 1 1 1 1 11 11 1 1 1 1 9 9 1 1 1 1 20 20 1 1 1 1 4 4 1 1 1 1 1 1 1 1 6 6 1 1 1 1 4 4 1 1 1 1 1 1 1 1 5 5 1 1 1 1 1 1 171 171 2 2 1 1 1 1 11 11 1 1 1 1 55 55 2 2 2 2 1 1 3 3 3 3 7 7 1 1 1 1 19 19 1 1 1 1 22 22 1 1 1 1 3 3 1 1 1 1 32 32 1 1 1 1 29 29 1 1 1 1 22 22 1 1 1 1 15 15 1 1 1 1 37 37 1 1 1 1 15 15 1 1 1 1 19 19 1 1 1 1 8 8 1 1 1 1 4 4 1 1 1 1 8 8 1 1 1 1 28 28 3929 3929 3465 464 423 602
4095 4095 6 6 1 1 1 1 5 5 1 1 1 1 9 9 1 1 1 1 24 24 1 1 1 1 1 1 2 2 2 2 3 3 1 1 1 1 10 10 1 1 1 1 8 8 1 1 1 1 1 1 2 2 2 2 6 6 1 1 1 1 16 16 1 1 1 1 3 3 1 1 1 1 23 23 2 2 2 2 3 3 1 1 1 1 4 4 3 3 3 3 1 1 1 1 1 1 12 12 1 1 1 1 10 10 1 1 1 1 2 2 1 1 1 1 9 9 1 1 1 1 2 2 1 1 1 1 10 10 2 2 2 2 7 7 1 1 1 1 13 13 1 1 1 1 1 1 1 1 1 1 7 7 1 1 9 9 1 1 1 1 1 1 1 1 1 1 7 7 1 1 1 1 14 14 2 2 2 2 1 1 1 1 1 1 1 1 1 1 1 1 1 1 1 1 1 1 5 5 1 1 1 1 2 2 1 1 1 1 2 2 1 1 1 1 4 4 1 1 1 1 2 2 1 1 1 1 1 1 1 1 1 1 8 8 1 1 1 1 5 5 1 1 1 1 1 1 1 1 1 1 3 3 1 1 1 1 14 14 345 345 3 3 8 8 1 1 1 1 3 3 1 1 1 1 7 7 1 1 1 1 6 6 1 1 1 1 17 17 2 2 2 2 10 10 1 1 1 1 2 2 1 1 1 1 7 7 1 1 1 1 1 1 1 1 1 1 2 2 1 1 1 1 14 14 4 4 4 4 3 3 2 2 2 2 7 7 1 1 1 1 2 2 1 1 1 1 2 2 1 1 1 1 12 12 1 1 1 1 13 13 1 1 1 1 6 6 2 2 2 2 11 11 1 1 1 1 14 14 1 1 2 2 1 1 1 1 1 1 2 2 2 2 5 5 1 1 1 1 2 2 1 1 1 1 9 9 1 1 1 1 4 4 1 1 1 1 7 7 1 1 1 1 2 2 1 1 1 1 7 7 1 1 1 1 1 1 3 3 3 3 4 4 1 1 1 1 13 13 1 1 1 1 5 5 1 1 1 1 1 1 1 1 1 1 6 6 1 1 3 3 10 10 2 2 2 2 6 6 1 1 1 1 6 6 1 1 1 1 1 1 1 1 1 1 12 12 2 2 1 1 1 1 1 1 7 7 1 1 1 1 14 14 1 1 1 1 20 20 1 1 1 1 3 3 1 1 1 1 26 26 172 172 1 1 9 9 1 1 1 1 10 10 1 1 1 1 1 1 2 2 2 2 14 14 1 1 1 1 7 7 1 1 1 1 1 1 1 1 1 1 1 1 2 2 2 2 6 6 1 1 1 1 6 6 2 2 2 2 1 1 1 1 1 1 3 3 1 1 1 1 6 6 1 1 1 1 2 2 1 1 1 1 9 9 1 1 1 1 1 1 1 1 1 1 5 5 1 1 1 1 2 2 2 2 2 2 9 9 1 1 1 1 2 2 2 2 2 2 8 8 1 1 1 1 22 22 1 1 10 10 1 1 1 1 4 4 1 1 1 1 22 22 1 1 1 1 34 34 1 1 1 1 9 9 1 1 1 1 2 2 1 1 1 1 5 5 1 1 1 1 4 4 1 1 1 1 26 26 1 1 1 1 8 8 1 1 1 1 2 2 1 1 1 1 13 13 1 1 1 1 5 5 1 1 1 1 7 7 1 1 1 1 4 4 1 1 1 1 53 53 1 1 1 1 1 1 1 1 1 1 2 2 1 1 1 1 2 2 1 1 1 1 2 2 1 1 1 1 14 14 1 1 1 1 3 3 1 1 1 1 12 12 171 171 16 16 1 1 1 1 6 6 1 1 1 1 8 8 1 1 1 1 22 22 1 1 1 1 2 2 1 1 1 1 12 12 1 1 1 1 3 3 2 2 2 2 16 16 1 1 1 1 53 53 1 1 1 1 4 4 1 1 1 1 3 3 1 1 1 1 9 9 1 1 1 1 55 55 1 1 1 1 12 12 1 1 1 1 112 112 1 1 1 1 11 11 1 1 1 1 3 3 1 1 1 1 14 14 1 1 1 1 4 4 1 1 1 1 8 8 1 1 1 1 4 4 1 1 1 1 8 8 1 1 1 1 11 11 1 1 1 1 1 1 1 1 1 1 21 21 1 1 1 1 8 8 2 2 2 2 6 6 1 1 1 1 5 5 1 1 1 1 26 26 2 2 2 2 8 8 1 1 1 1 14 14 1 1 1 1 20 20 1 1 1 1 6 6 1 1 1 1 3 3 1 1 1 1 34 34 1 1 1 1 28 28 1 1 1 1 13 13 1 1 1 1 1 1 2 2 2 2 79 79 1 1 1 1 26 26 1 1 1 1 12 12 1 1 1 1 17 17 1 1 1 1 4 4 1 1 1 1 20 20 1 1 1 1 2 2 1 1 1 1 27 27 1 1 1 1 15 15 1 1 1 1 2 2 1 1 1 1 5 5 1 1 1 1 17 17 1 1 1 1 6 6 1 1 1 1 14 14 2 2 2 2 2 2 1 1 1 1 13 13 1 1 1 1 4 4 1 1 344 344 7 7 1 1 1 1 4 4 2 2 2 2 60 60 1 1 1 1 9 9 1 1 1 1 7 7 1 1 1 1 15 15 1 1 1 1 2 2 1 1 1 1 17 17 1 1 1 1 5 5 1 1 1 1 6 6 1 1 1 1 21 21 2 2 2 2 36 36 1 1 1 1 25 25 1 1 1 1 2 2 1 1 1 1 8 8 1 1 1 1 14 14 2 2 2 2 13 13 1 1 1 1 6 6 1 1 1 1 6 6 1 1 1 1 8 8 1 1 1 1 6 6 2 2 2 2 6 6 1 1 1 1 9 9 2 2 2 2 4 4 1 1 1 1 8 8 1 1 1 1 2 2 170 170 8 8 2 2 2 2 2 2 2 2 2 2 1 1 1 1 1 1 4 4 2 2 2 2 1 1 1 1 1 1 2 2 2 2 2 2 8 8 1 1 1 1 1 1 1 1 1 1 16 16 2 2 2 2 7 7 1 1 1 1 13 13 1 1 1 1 8 8 2 2 2 2 4 4 1 1 1 1 34 34 1 1 1 1 51 51 2 2 2 2 18 18 1 1 1 1 49 49 2 2 2 2 22 22 1 1 1 1 4 4 1 1 1 1 3 3 1 1 1 1 5 5 2 2 2 2 23 23 1 1 1 1 1 1 1 1 1 1 7 7 1 1 1 1 2 2 1 1 1 1 13 13 4 4 4 4 2 2 2 2 2 2 7 7 1 1 1 1 3 3 1 1 1 1 1 1 1 1 1 1 2 2 2 2 2 2 22 22 2 2 2 2 20 20 1 1 1 1 2 2 1 1 1 1 1 1 1 1 1 1 4 4 2 2 2 2 2 2 1 1 1 1 14 14 1 1 1 1 2 2 3 3 3 3 1 1 2 2 2 2 5 5 1 1 1 1 1 1 1 1 1 1 3 3 2 2 2 2 18 18 1 1 4 4 1 1 1 1 9 9 1 1 1 1 2 2 1 1 1 1 9 9 1 1 1 1 3 3 3 3 3 3 12 12 1 1 1 1 1 1 4 4 1 1 1 1 1 1 1 1 1 1 4 4 1 1 1 1 1 1 1 1 1 1 6 6 2 2 2 2 8 8 1 1 1 1 2 2 2 2 13 13 1 1 1 1 5 5 1 1 1 1 2 2 2 2 4 4 1 1 1 1 4 4 1 1 1 1 9 9 1 1 1 1 1 1 6 6 1 1 1 1 1 1 2 2 2 2 1 1 1 1 1 1 1 1 2 2 2 2 2 2 1 1 1 1 1 1 3 3 1 1 1 1 1 1 1 1 1 1 6 6 1 1 1 1 1 1 1 1 5 5 1 1 1 1 3 3 1 1 1 1 1 1 1 1 1 1 21 21 1 1 1 1 2 2 2 2 2 2 5 5 1 1 1 1 1 1 1 1 1 1 1 1 1 1 1 1 2 2 2 2 1 1 1 1 2 2 2 2 2 2 1 1 1 1 1 1 5 5 2 2 2 2 6 6 1 1 1 1 6 6 1 1 1 1 4 4 1 1 1 1 2 2 1 1 1 1 2 2 1 1 1 1 7 7 1 1 1 1 11 11 1 1 1 1 1 1 1 1 1 1 3 3 1 1 1 1 3 3 1 1 1 1 3 3 1 1 1 1 1 1 1 1 4 4 1 1 1 1 4 4 1 1 1 1 4 4 2 2 3 3 2 2 2 2 2 2 2 2 6 6 1 1 1 1 1 1 1 1 1 1 1 1 1 1 1 1 1 1 1 1 1 1 1 1 1 1 6 6 1 1 1 1 2 2 1 1 1 1 5 5 1 1 1 1 2 2 2 2 2 2 1 1 2 2 2 2 5 5 1 1 1 1 1 1 1 1 3 3 1 1 1 1 6 6 1 1 1 1 14 14 1 1 1 1 1 1 2 2 2 2 2 2 1 1 2 2 1 1 1 1 1 1 2 2 1 1 2 2 2 2 2 2 1 1 1 1 1 1 1 1 1 1 1 1 1 1 1 1 5 5 1 1 1 1 4 4 1 1 1 1 9 9 1 1 1 1 3 3 1 1 1 1 14 14 2 2 2 2 3 3 1 1 1 1 3 3 1 1 1 1 1 1 1 1 1 1 1 1 1 1 1 1 5 5 1 1 1 1 3 3 3 3 3 3 5 5 3 3 3 3 1 1 2 2 6 6 1 1 1 1 9 9 1 1 1 1 1 1 1 1 1 1 8 8 1 1 1 1 8 8 1 1 1 1 2 2 2 2 2 2 1 1 2 2 2 2 5 5 4 4 4 4 1 1 1 1 1 1 6 6 2 2 2 2 4 4 1 1 1 1 10 10 1 1 1 1 8 8 1 1 1 1 2 2 3 3 1 1 2 2 2 2 1 1 1 1 1 1 4 4 1 1 1 1 1 1 1 1 1 1 1 1 1 1 2 2 1 1 1 1 2 2 1 1 1 1 6 6 1 1 1 1 1 1 1 1 1 1 1 1 1 1 15 15 2 2 2 2 7 7 1 1 1 1 3 3 1 1 1 1 1 1 1 1 8 8 1 1 1 1 2 2 3 3 5 5 1 1 2 2 1 1 1 1 1 1 1 1 1 1 2 2 2 2 6 6 1 1 1 1 6 6 2 2 2 2 1 1 1 1 1 1 3 3 1 1 1 1 6 6 1 1 1 1 8 8 1 1 1 1 3 3 1 1 1 1 1 1 1 1 1 1 8 8 2 2 2 2 4 4 4 4 2 2 2 2 11 11 1 1 1 1 4 4 1 1 1 1 1 1 1 1 1 1 3 3 1 1 1 1 2 2 2 2 2 2 12 12 2 2 2 2 4 4 1 1 1 1 8 8 1 1 1 1 3 3 1 1 1 1 21 21 1 1 1 1 11 11 1 1 1 1 2 2 2 2 2 2 17 17 1 1 1 1 7 7 1 1 1 1 1 1 1 1 1 1 3 3 1 1 5 5 2 2 2 2 13 13 1 1 1 1 3 3 1 1 1 1 5 5 1 1 1 1 4 4 1 1 1 1 8 8 2 2 2 2 12 12 3 3 3 3 3 3 1 1 1 1 6 6 2 2 2 2 5 5 1 1 2 2 2 2 2 2 5 5 1 1 1 1 4 4 1 1 1 1 1 1 1 1 1 1 9 9 2 2 2 2 2 2 1 1 1 1 11 11 1 1 1 1 1 1 1 1 1 1 14 14 1 1 1 1 18 18 1 1 1 1 1 1 1 1 1 1 1 1 1 1 1 1 2 2 1 1 1 1 5 5 1 1 1 1 1 1 1 1 1 1 3 3 2 2 2 2 6 6 1 1 1 1 1 1 1 1 1 1 3 3 1 1 1 1 2 2 1 1 1 1 2 2 1 1 14 14 1 1 1 1 2 2 1 1 1 1 13 13 1 1 1 1 9 9 1 1 1 1 3 3 1 1 1 1 2 2 2 2 1 1 1 1 5 5 12 12 1 1 1 1 24 24 1 1 1 1 10 10 1 1 1 1 4 4 1 1 1 1 14 14 1 1 1 1 5 5 1 1 1 1 3 3 1 1 1 1 29 29 2 2 2 2 24 24 1 1 1 1 11 11 1 1 1 1 37 37 1 1 1 1 8 8 1 1 1 1 3 3 1 1 1 1 45 45 2 2 2 2 27 27 1 1 1 1 12 12 1 1 1 1 9 9 1 1 1 1 30 30 1 1 1 1 5 5 1 1 1 1 1 1 1 1 1 1 104 104 1 1 1 1 1 1 1 1 1 1 6 6 1 1 1 1 6 6 1 1 1 1 28 28 1 1 1 1 4 4 1 1 1 1 8 8 1 1 1 1 1 1 1 1 1 1 33 33 2 2 2 2 7 7 2 2 2 2 4 4 1 1 1 1 7 7 1 1 1 1 23 23 1 1 1 1 27 27 1 1 1 1 27 27 1 1 1 1 3 3 1 1 1 1 18 18 1 1 1 1 44 44 1 1 1 1 33 33 1 1 1 1 36 36 1 1 1 1 17 17 1 1 1 1 7 7 1 1 1 1 26 26 1 1 1 1 9 9 1 1 1 1 2 2 1 1 1 1 43 43 1 1 1 1 2 2 1 1 1 1 15 15 1 1 1 1 11 11 1 1 1 1 22 22 1 1 1 1 19 19 1 1 1 1 6 6 1 1 1 1 13 13 2 2 2 2 19 19 1 1 17 17 1 1 1 1 47 47 1 1 1 1 22 22 1 1 1 1 4 4 1 1 1 1 1 1 1 1 1 1 4 4 1 1 1 1 11 11 1 1 1 1 2 2 1 1 1 1 17 17 1 1 1 1 5 5 1 1 1 1 1 1 1 1 1 1 4 4 1 1 1 1 22 22 2 2 2 2 34 34 1 1 1 1 26 26 1 1 1 1 2 2 1 1 1 1 23 23 1 1 1 1 1 1 2 2 2 2 3 3 1 1 1 1 7 7 1 1 1 1 6 6 1 1 1 1 6 6 1 1 1 1 5 5 1 1 1 1 2 2 1 1 1 1 6 6 1 1 1 1 7 7 2 2 2 2 9 9 356 356 1 1 1 1 69 69 142 142 21 21 11 11 1025 1025 489 536 1163 2932
3076 3076 46 46 1 1 1 1 6 6 1 1 1 1 145 145 1 1 1 1 47 47 1 1 1 1 85 85 1 1 1 1 17 17 1 1 1 1 61 61 1 1 1 1 55 55 1 1 1 1 141 141 1 1 1 1 21 21 1 1 1 1 11 11 1 1 1 1 70 70 1 1 1 1 73 73 1 1 1 1 11 11 1 1 1 1 80 80 1 1 62 62 1 1 1 1 91 91 1 1 1 1 7 7 1 1 1 1 21 21 1 1 1 1 20 20 1 1 2 2 1 1 2 2 84 84 1 1 1 1 1 1 1 1 1 1 40 40 1 1 1 1 48 48 1 1 1 1 106 106 1 1 1 1 12 12 1 1 1 1 37 37 1 1 1 1 31 31 1 1 1 1 47 47 1 1 1 1 99 99 1 1 1 1 32 32 1 1 1 1 15 15 1 1 1 1 4 4 1 1 1 1 3 3 1 1 1 1 1 1 1 1 44 44 1 1 1 1 17 17 1 1 1 1 110 110 1 1 1 1 15 15 1 1 1 1 6 6 1 1 1 1 7 7 1 1 1 1 1 1 1 1 2 2 1 1 1 1 3 3 1 1 7 7 1 1 1 1 5 5 1 1 1 1 3 3 1 1 1 1 1 1 1 1 3 3 1 1 1 1 13 13 1 1 1 1 14 14 1 1 1 1 31 31 1 1 1 1 9 9 1 1 1 1 24 24 171 171 1 1 1 1 1 1 3 3 1 1 1 1 1 1 1 1 11 11 1 1 1 1 11 11 1 1 1 1 2 2 1 1 1 1 1 1 1 1 1 1 5 5 1 1 1 1 28 28 2 2 2 2 9 9 1 1 1 1 28 28 1 1 1 1 22 22 1 1 1 1 11 11 1 1 1 1 9 9 1 1 1 1 45 45 2 2 2 2 11 11 1 1 1 1 9 9 1 1 1 1 26 26 1 1 1 1 9 9 1 1 1 1 23 23 1 1 1 1 38 38 1 1 1 1 22 22 1 1 1 1 15 15 1 1 1 1 14 14 1 1 1 1 11 11 1 1 4 4 1 1 1 1 220 220 2 2 2 2 1 1 1 1 1 1 1 1 1 1 122 122 1 1 1 1 35 35 1 1 1 1 36 36 1 1 1 1 143 143 1 1 1 1 21 21 1 1 1 1 31 31 1 1 1 1 12 12 1 1 1 1 40 40 1 1 1 1 35 35 1 1 1 1 39 39 1 1 1 1 111 111 1 1 1 1 13 13 1 1 1 1 23 23 1 1 1 1 45 45 1 1 1 1 106 106 1 1 1 1 47 47 1 1 1 1 76 76 1 1 1 1 18 18 1879 1879 1266 613 956 2120

3076 3076 46 46 1 1 1 1 6 6 1 1 1 1 145 145 1 1 1 1 47 47 1 1 1 1 85 85 1 1 1 1 17 17 1 1 1 1 61 61 1 1 1 1 55 55 1 1 1 1 141 141 1 1 1 1 21 21 1 1 1 1 11 11 1 1 1 1 70 70 1 1 1 1 73 73 1 1 1 1 11 11 1 1 1 1 80 80 1 1 62 62 1 1 1 1 91 91 1 1 1 1 7 7 1 1 1 1 21 21 1 1 1 1 20 20 1 1 2 2 1 1 2 2 84 84 1 1 1 1 1 1 1 1 1 1 40 40 1 1 1 1 48 48 1 1 1 1 106 106 1 1 1 1 12 12 1 1 1 1 37 37 1 1 1 1 31 31 1 1 1 1 47 47 1 1 1 1 99 99 1 1 1 1 32 32 1 1 1 1 15 15 1 1 1 1 4 4 1 1 1 1 3 3 1 1 1 1 1 1 1 1 44 44 1 1 1 1 17 17 1 1 1 1 110 110 1 1 1 1 15 15 1 1 1 1 6 6 1 1 1 1 7 7 1 1 1 1 1 1 1 1 2 2 1 1 1 1 3 3 1 1 7 7 1 1 1 1 5 5 1 1 1 1 3 3 1 1 1 1 1 1 1 1 3 3 1 1 1 1 13 13 1 1 1 1 14 14 1 1 1 1 31 31 1 1 1 1 9 9 1 1 1 1 24 24 171 171 1 1 1 1 1 1 3 3 1 1 1 1 1 1 1 1 11 11 1 1 1 1 11 11 1 1 1 1 2 2 1 1 1 1 1 1 1 1 1 1 5 5 1 1 1 1 28 28 2 2 2 2 9 9 1 1 1 1 28 28 1 1 1 1 22 22 1 1 1 1 11 11 1 1 1 1 9 9 1 1 1 1 45 45 2 2 2 2 11 11 1 1 1 1 9 9 1 1 1 1 26 26 1 1 1 1 9 9 1 1 1 1 23 23 1 1 1 1 38 38 1 1 1 1 22 22 1 1 1 1 15 15 1 1 1 1 14 14 1 1 1 1 11 11 1 1 4 4 1 1 1 1 220 220 2 2 2 2 1 1 1 1 1 1 1 1 1 1 122 122 1 1 1 1 35 35 1 1 1 1 36 36 1 1 1 1 143 143 1 1 1 1 21 21 1 1 1 1 31 31 1 1 1 1 12 12 1 1 1 1 40 40 1 1 1 1 35 35 1 1 1 1 39 39 1 1 1 1 111 111 1 1 1 1 13 13 1 1 1 1 23 23 1 1 1 1 45 45 1 1 1 1 106 106 1 1 1 1 47 47 1 1 1 1 76 76 1 1 1 1 18 18 1879 1879 1286 593 956 2120
4797 4797 13 13 1 1 1 1 42 42 1 1 1 1 1 1 2 2 2 2 16 16 1 1 1 1 120 120 1 1 1 1 4 4 1 1 1 1 39 39 1 1 1 1 27 27 1 1 1 1 2 2 1 1 1 1 3 3 1 1 1 1 1 1 1 1 1 1 38 38 1 1 1 1 1 1 1 1 1 1 2 2 1 1 1 1 2 2 3244 3244 2616 628 1498 3299
3926 3926 8 8 1 1 1 1 12 12 1 1 1 1 12 12 1 1 1 1 18 18 1 1 1 1 29 29 1 1 1 1 34 34 1 1 1 1 4 4 1 1 1 1 8 8 1 1 1 1 9 9 1 1 1 1 1 1 1 1 1 1 2 2 1 1 1 1 5 5 1 1 1 1 3 3 1 1 1 1 11 11 1 1 1 1 6 6 1 1 1 1 93 93 1 1 1 1 8 8 1 1 1 1 33 33 1 1 1 1 5 5 1 1 1 1 11 11 1 1 1 1 9 9 1 1 1 1 27 27 6 6 1 1 1 1 5 5 1 1 1 1 9 9 1 1 1 1 10 10 1 1 1 1 4 4 1 1 1 1 8 8 1 1 1 1 5 5 1 1 1 1 6 6 1 1 1 1 1 1 1 1 4 4 1 1 1 1 5 5 1 1 1 1 5 5 2 2 2 2 5 5 1 1 1 1 2 2 1 1 1 1 40 40 1 1 1 1 1 1 1 1 14 14 1 1 1 1 8 8 1 1 1 1 16 16 1 1 1 1 12 12 1 1 1 1 2 2 1 1 1 1 2 2 2 2 24 24 1 1 1 1 6 6 1 1 1 1 42 42 2 2 2 2 9 9 1 1 1 1 35 35 1 1 1 1 5 5 1 1 1 1 143 143 1 1 1 1 8 8 1 1 1 1 6 6 1 1 1 1 7 7 1 1 1 1 20 20 1 1 1 1 4 4 1 1 1 1 8 8 1 1 1 1 35 35 2 2 2 2 15 15 1 1 1 1 57 57 1 1 1 1 88 88 1 1 1 1 6 6 1 1 1 1 33 33 1 1 1 1 62 62 1 1 1 1 26 26 1 1 1 1 12 12 1 1 1 1 19 19 1 1 1 1 23 23 1 1 1 1 2 2 1 1 1 1 2 2 1 1 1 1 12 12 1 1 1 1 11 11 1 1 1 1 22 22 1 1 1 1 26 26 1 1 1 1 13 13 2 2 2 2 6 6 4797 4797 4317 480 870 3056
4797 4797 13 13 1 1 1 1 42 42 1 1 1 1 1 1 2 2 2 2 16 16 1 1 1 1 120 120 1 1 1 1 4 4 1 1 1 1 39 39 1 1 1 1 27 27 1 1 1 1 2 2 1 1 1 1 3 3 1 1 1 1 1 1 1 1 1 1 38 38 1 1 1 1 1 1 1 1 1 1 2 2 1 1 1 1 2 2 3244 3244 2657 587 1498 3299
3926 3926 8 8 1 1 1 1 12 12 1 1 1 1 12 12 1 1 1 1 18 18 1 1 1 1 29 29 1 1 1 1 34 34 1 1 1 1 4 4 1 1 1 1 8 8 1 1 1 1 9 9 1 1 1 1 1 1 1 1 1 1 2 2 1 1 1 1 5 5 1 1 1 1 3 3 1 1 1 1 11 11 1 1 1 1 6 6 1 1 1 1 93 93 1 1 1 1 8 8 1 1 1 1 33 33 1 1 1 1 5 5 1 1 1 1 11 11 1 1 1 1 9 9 1 1 1 1 27 27 6 6 1 1 1 1 5 5 1 1 1 1 9 9 1 1 1 1 10 10 1 1 1 1 4 4 1 1 1 1 8 8 1 1 1 1 5 5 1 1 1 1 6 6 1 1 1 1 1 1 1 1 4 4 1 1 1 1 5 5 1 1 1 1 5 5 2 2 2 2 5 5 1 1 1 1 2 2 1 1 1 1 40 40 1 1 1 1 1 1 1 1 14 14 1 1 1 1 8 8 1 1 1 1 16 16 1 1 1 1 12 12 1 1 1 1 2 2 1 1 1 1 2 2 2 2 24 24 1 1 1 1 6 6 1 1 1 1 42 42 2 2 2 2 9 9 1 1 1 1 35 35 1 1 1 1 5 5 1 1 1 1 143 143 1 1 1 1 8 8 1 1 1 1 6 6 1 1 1 1 7 7 1 1 1 1 20 20 1 1 1 1 4 4 1 1 1 1 8 8 1 1 1 1 35 35 2 2 2 2 15 15 1 1 1 1 57 57 1 1 1 1 88 88 1 1 1 1 6 6 1 1 1 1 33 33 1 1 1 1 62 62 1 1 1 1 26 26 1 1 1 1 12 12 1 1 1 1 19 19 1 1 1 1 23 23 1 1 1 1 2 2 1 1 1 1 2 2 1 1 1 1 12 12 1 1 1 1 11 11 1 1 1 1 22 22 1 1 1 1 26 26 1 1 1 1 13 13 2 2 2 2 6 6 4797 4797 4357 440 897 3029
1879 1879 70 70 1 1 1 1 55 55 1 1 1 1 94 94 1 1 1 1 43 43 1 1 2 2 1 1 1 1 21 21 1 1 1 1 11 11 1 1 1 1 29 29 1 1 1 1 1 1 1 1 3 3 1 1 10 10 1 1 1 1 5 5 1 1 1 1 3 3 2 2 2 2 3 3 1 1 1 1 10 10 1 1 1 1 2 2 1 1 1 1 18 18 1 1 1 1 13 13 1 1 1 1 23 23 1 1 1 1 13 13 1 1 1 1 11 11 1 1 1 1 1 1 1 1 1 1 3 3 1 1 1 1 4 4 1 1 1 1 4 4 2 2 2 2 2 2 1 1 1 1 15 15 1 1 1 1 5 5 1 1 1 1 4 4 1 1 1 1 8 8 1 1 1 1 3 3 1 1 1 1 2 2 1 1 1 1 11 11 1 1 6 6 1 1 1 1 30 30 1 1 1 1 2 2 2 2 2 2 26 26 1 1 1 1 18 18 1 1 1 1 5 5 2 2 2 2 11 11 1 1 1 1 5 5 2 2 2 2 5 5 1 1 1 1 4 4 1 1 1 1 21 21 1 1 1 1 16 16 3 3 3 3 13 13 1 1 1 1 10 10 1 1 1 1 14 14 1 1 1 1 5 5 1 1 1 1 3 3 3 3 1 1 3 3 1 1 3 3 2 2 2 2 25 25 1 1 1 1 3 3 1 1 1 1 30 30 1 1 1 1 7 7 1 1 1 1 7 7 1 1 1 1 16 16 1 1 1 1 10 10 1 1 1 1 12 12 1 1 1 1 9 9 1 1 1 1 36 36 1 1 1 1 1 1 1 1 1 1 104 104 1 1 1 1 1 1 1 1 1 1 1 1 1 1 1 1 4 4 1 1 1 1 6 6 1 1 1 1 28 28 1 1 1 1 4 4 1 1 1 1 8 8 1 1 1 1 1 1 1 1 1 1 4 4 1 1 1 1 21 21 114 114 1 1 1 1 86 86 1 1 1 1 79 79 1 1 1 1 41 41 1 1 1 1 57 57 1 1 1 1 90 90 2 2 2 2 68 68 1 1 1 1 234 234 1 1 1 1 19 19 1 1 1 1 28 28 1 1 1 1 27 27 22 22 1 1 1 1 1 1 1 1 1 1 21 21 1 1 1 1 7 7 1 1 1 1 27 27 1 1 1 1 31 31 1 1 1 1 61 61 1 1 1 1 1 1 1 1 1 1 12 12 1 1 1 1 1 1 1 1 1 1 1 1 1 1 17 17 1 1 1 1 36 36 1 1 1 1 17 17 1 1 1 1 7 7 1 1 1 1 1 1 1 1 1 1 24 24 1 1 1 1 2 2 1 1 1 1 6 6 1 1 1 1 2 2 1 1 1 1 10 10 1 1 1 1 12 12 20 20 1 1 1 1 2 2 1 1 1 1 15 15 1 1 1 1 11 11 1 1 1 1 22 22 1 1 1 1 26 26 1 1 1 1 9 9 1 1 1 1 3 3 2 2 2 2 81 81 1 1 1 1 3 3 1 1 1 1 27 27 1 1 1 1 1 1 1 1 1 1 5 5 1 1 1 1 68 68 1 1 1 1 34 34 1 1 1 1 110 110 1 1 1 1 128 128 1 1 1 1 233 233 1 1 1 1 69 69 54 54 1 1 1 1 5 5 1 1 1 1 10 10 1 1 1 1 18 18 1 1 1 1 36 36 1 1 1 1 73 73 2 2 2 2 135 135 1 1 1 1 32 32 1 1 1 1 7 7 1 1 1 1 75 75 1 1 1 1 95 95 1 1 1 1 15 15 1 1 1 1 13 13 1 1 1 1 23 23 1 1 1 1 152 152 1 1 1 1 47 47 1 1 1 1 165 165 1 1 1 1 55 55 1 1 1 1 141 141 1 1 1 1 12 12 1 1 1 1 8 8 1 1 1 1 11 11 1 1 1 1 29 29 2 2 2 2 6 6 1 1 7 7 1 1 1 1 5 5 1 1 1 1 3 3 2 2 2 2 3 3 1 1 1 1 10 10 1 1 1 1 2 2 1 1 1 1 56 56 1 1 1 1 13 13 1 1 1 1 11 11 1 1 1 1 1 1 1 1 1 1 3 3 1 1 1 1 4 4 1 1 1 1 4 4 2 2 2 2 2 2 1 1 1 1 15 15 1 1 1 1 5 5 1 1 1 1 17 17 1 1 1 1 2 2 1 1 1 1 17 17 1 1 2 2 30 30 1 1 1 1 2 2 2 2 2 2 26 26 1 1 1 1 18 18 1 1 1 1 5 5 2 2 2 2 11 11 1 1 1 1 5 5 2 2 2 2 5 5 1 1 1 1 4 4 1 1 1 1 21 21 1 1 1 1 16 16 3 3 3 3 13 13 1 1 1 1 10 10 1 1 1 1 14 14 1 1 1 1 5 5 1 1 1 1 6 6 1 1 1 1 3 3 2 2 2 2 25 25 1 1 1 1 3 3 1 1 1 1 8 8 1 1 1 1 37 37 1 1 1 1 27 27 1 1 1 1 12 12 1 1 1 1 9 9 1 1 1 1 36 36 1 1 1 1 1 1 1 1 1 1 104 104 1 1 1 1 1 1 1 1 1 1 6 6 1 1 1 1 6 6 1 1 1 1 28 28 1 1 1 1 4 4 1 1 1 1 8 8 1 1 1 1 1 1 1 1 1 1 33 33 2 2 2 2 7 7 2 2 2 2 4 4 1 1 1 1 7 7 1 1 1 1 15 15 1 1 1 1 35 35 1 1 1 1 27 27 1 1 1 1 3 3 1 1 1 1 63 63 1 1 1 1 20 20 1 1 4 4 1 1 7 7 1 1 1 1 11 11 1 1 1 1 24 24 1 1 1 1 17 17 1 1 1 1 7 7 1 1 1 1 17 17 1 1 1 1 8 8 1 1 1 1 8 8 1 1 1 1 1 1 2 2 1 1 1 1 43 43 1 1 1 1 2 2 1 1 1 1 15 15 1 1 1 1 11 11 1 1 1 1 3 3 1 1 6 6 1 1 8 8 1 1 2 2 1 1 1 1 11 11 1 1 5 5 1 1 3 3 1 1 4 4 1 1 1 1 9 9 1 1 1 1 3 3 2 2 2 2 13 13 1 1 8 8 1 1 14 14 1 1 1 1 7 7 1 1 35 35 1 1 3 3 1 1 1 1 22 22 1 1 1 1 4 4 1 1 1 1 1 1 1 1 1 1 4 4 1 1 1 1 1 1 10 10 1 1 1 1 2 2 1 1 1 1 17 17 1 1 1 1 5 5 1 1 1 1 1 1 1 1 1 1 27 27 1 1 1 1 1 1 1 1 22 22 1 1 11 11 1 1 1 1 26 26 1 1 1 1 2 2 1 1 1 1 1 1 1849 1849 1048 801 575 1304
4797 4797 13 13 1 1 1 1 42 42 1 1 1 1 1 1 2 2 2 2 16 16 1 1 1 1 120 120 1 1 1 1 4 4 1 1 1 1 39 39 1 1 1 1 27 27 1 1 1 1 2 2 1 1 1 1 3 3 1 1 1 1 1 1 1 1 1 1 38 38 1 1 1 1 1 1 1 1 1 1 2 2 1 1 1 1 2 2 3244 3244 2019 1225 1500 3297
4797 4797 13 13 1 1 1 1 42 42 1 1 1 1 1 1 2 2 2 2 16 16 1 1 1 1 120 120 1 1 1 1 4 4 1 1 1 1 39 39 1 1 1 1 27 27 1 1 1 1 2 2 1 1 1 1 3 3 1 1 1 1 1 1 1 1 1 1 38 38 1 1 1 1 1 1 1 1 1 1 2 2 1 1 1 1 2 2 3244 3244 2659 585 1498 3299




6998 6998 3629 3629 5608 1390 1251 2378
848 848 5 5 1 1 1 1 5 5 2 2 2 2 12 12 1 1 1 1 3 3 1 1 1 1 24 24 1 1 1 1 29 29 1 1 1 1 14 14 5 5 4 4 1 1 1 1 1 1 1 1 1 1 3 3 1 1 1 1 8 8 1 1 1 1 10 10 1 1 1 1 1 1 40 40 1 1 1 1 22 22 1 1 1 1 3 3 2 2 2 2 5 5 1 1 1 1 6 6 118 118 5 5 192 192 5 5 2 2 1 1 1 1 9 9 1 1 1 1 4 4 1 1 1 1 10 10 1 1 1 1 1 1 1 1 1 1 1 1 1 1 1 1 1 1 1 1 10 10 1 1 1 1 4 4 1 1 1 1 16 16 1 1 1 1 2 2 1 1 1 1 2 2 3 3 3 3 2 2 1 1 1 1 4 4 25 25 19 19 1 1 1 1 6 6 2 2 2 2 3 3 2 2 2 2 3 3 2 2 2 2 11 11 1 1 1 1 6 6 1 1 1 1 8 8 1 1 1 1 3 3 1 1 1 1 1 1 1 1 1 1 4 4 1 1 1 1 9 9 1 1 1 1 2 2 1 1 1 1 7 7 1 1 1 1 7 7 1 1 1 1 1 1 1 1 1 1 2 2 1 1 1 1 5 5 1 1 1 1 8 8 2 2 2 2 2 2 2 2 2 2 3 3 1 1 1 1 11 11 1 1 1 1 3 3 305 305 9 9 1 1 1 1 2 2 1 1 1 1 8 8 1 1 1 1 18 18 2 2 2 2 6 6 1 1 1 1 6 6 1 1 1 1 1 1 5 5 1 1 1 1 4 4 1 1 1 1 1 1 3 3 3 3 3 3 1 1 1 1 2 2 1 1 1 1 2 2 2 2 2 2 6 6 1 1 1 1 10 10 1 1 1 1 1 1 1 1 7 7 2 2 2 2 2 2 3 3 3 3 5 5 1 1 1 1 5 5 1 1 1 1 4 4 1 1 1 1 2 2 1 1 1 1 4 4 3 3 3 3 5 5 1 1 1 1 12 12 1 1 1 1 7 7 132 132 8 8 1 1 1 1 15 15 1 1 1 1 10 10 5 5 1 1 1 1 1 1 17 17 1 1 1 1 1 1 1 1 1 1 5 5 1 1 1 1 2 2 2 2 2 2 22 22 2 2 2 2 3 3 2 2 2 2 1 1 1 1 1 1 1 1 1 1 1 1 4 4 1 1 1 1 12 12 1 1 1 1 1 1 2 2 2 2 7 7 1 1 1 1 6 6 1 1 1 1 1 1 1 1 1 1 2 2 3 3 3 3 1 1 2 2 2 2 10 10 2 2 2 2 26 26 1 1 36 36 7 7 1 1 1 1 8 8 1 1 1 1 6 6 1 1 1 1 2 2 1 1 1 1 1 1 1 1 4 4 5 5 3 3 1 1 1 1 4 4 5 5 1 1 1 1 6 6 1 1 1 1 14 14 1 1 1 1 11 11 1 1 1 1 1 1 1 1 1 1 3 3 1 1 5 5 10 10 1 1 1 1 1 1 2 2 2 2 4 4 1 1 1 1 14 14 1 1 1 1 5 5 1 1 1 1 5 5 5 5 22 22 2 2 2 2 19 19 1 1 1 1 12 12 1 1 1 1 6 6 1 1 1 1 21 21 1 1 1 1 3 3 2 2 2 2 2 2 1 1 1 1 1 1 1 1 1 1 4 4 15 15 2 2 1 1 1 1 1 1 1 1 1 1 7 7 2 2 2 2 5 5 1 1 1 1 11 11 1 1 1 1 3 3 1 1 1 1 1 1 1 1 1 1 3 3 1 1 1 1 6 6 1 1 1 1 1 1 1 1 1 1 3 3 1 1 1 1 2 2 2 2 2 2 4 4 1 1 1 1 17 17 1 1 1 1 1 1 2 2 2 2 5 5 5 5 6 6 1 1 1 1 1 1 1 1 1 1 4 4 2 2 2 2 9 9 3 3 3 3 1 1 2 2 2 2 3 3 3 3 3 3 2 2 3 3 1 1 2 2 2 2 2 2 2 2 1 1 1 1 6 6 1 1 1 1 1 1 1 1 1 1 2 2 2 2 2 2 2 2 1 1 1 1 2 2 2 2 2 2 7 7 1 1 1 1 1 1 3 3 3 3 3 3 4 4 8 8 1 1 1 1 1 1 4 4 2 2 2 2 5 5 1 1 1 1 2 2 1 1 1 1 6 6 1 1 1 1 2 2 1 1 1 1 4 4 2 2 1 1 1 1 1 1 6 6 1 1 1 1 1 1 1 1 1 1 1 1 1 1 1 1 1 1 5 5 1 1 1 1 6 6 1 1 1 1 2 2 1 1 1 1 2 2 5 5 1 1 1 1 4 4 1 1 1 1 1 1 1 1 1 1 1 1 1 1 1 1 1 1 5 5 2 2 2 2 4 4 1 1 1 1 3 3 1 1 1 1 1 1 1 1 1 1 8 8 1 1 1 1 1 1 1 1 1 1 6 6 1 1 75 75 1 1 3 3 2 2 2 2 2 2 2 2 2 2 1 1 1 1 3 3 1 1 1 1 9 9 1 1 1 1 1 1 1 1 1 1 7 7 1 1 1 1 18 18 1 1 1 1 2 2 1 1 1 1 4 4 1 1 1 1 1 1 1 1 1 1 1 1 1 1 1 1 1 1 1 1 4 4 4 4 3 3 1 1 1 1 2 2 1 1 1 1 13 13 1 1 1 1 10 10 1 1 1 1 1 1 5 5 1 1 2 2 1 1 1 1 1 1 2 2 4 4 3 3 1 1 1 1 7 7 1 1 1 1 3 3 1 1 1 1 1 1 1 1 1 1 7 7 1 1 1 1 3 3 2 2 1 1 2 2 1 1 1 1 1 1 2 2 2 2 3 3 1 1 2 2 2 2 12 12 3 3 2 2 4 4 4 4 1 1 165 165 400 448 74 91
166 166 1 1 1 1 60 60 1 1 1 1 79 79 1 1 1 1 26 26 1 1 1 1 107 107 1 1 42 42 5 5 199 199 5 5 24 24 1 1 1 1 90 90 2 2 1 1 1 1 4 4 1 1 1 1 8 8 2 2 2 2 12 12 1 1 1 1 8 8 1 1 6 6 1 1 1 1 1 1 1 1 1 1 1 1 2 2 2 2 14 14 1 1 1 1 12 12 1 1 1 1 1 1 1 1 1 1 1 1 1 1 1 1 1 1 324 324 1 1 1 1 100 100 10 10 1 1 1 1 1 1 1 1 1 1 6 6 1 1 1 1 5 5 1 1 1 1 23 23 3 3 3 3 3 3 5 5 4 4 1 1 1 1 10 10 1 1 1 1 17 17 2 2 2 2 5 5 848 848 5 5 1 1 1 1 5 5 2 2 2 2 12 12 1 1 1 1 3 3 1 1 1 1 24 24 1 1 1 1 29 29 1 1 1 1 14 14 5 5 4 4 1 1 1 1 1 1 1 1 1 1 3 3 1 1 1 1 8 8 1 1 1 1 10 10 1 1 1 1 1 1 40 40 1 1 1 1 22 22 1 1 1 1 3 3 2 2 2 2 5 5 1 1 1 1 6 6 118 118 5 5 192 192 5 5 2 2 1 1 1 1 9 9 1 1 1 1 4 4 1 1 1 1 10 10 1 1 1 1 1 1 1 1 1 1 1 1 1 1 1 1 1 1 1 1 10 10 1 1 1 1 4 4 1 1 1 1 16 16 1 1 1 1 2 2 1 1 1 1 2 2 3 3 3 3 2 2 1 1 1 1 4 4 25 25 19 19 1 1 1 1 6 6 2 2 2 2 3 3 2 2 2 2 3 3 2 2 2 2 11 11 1 1 1 1 6 6 1 1 1 1 8 8 1 1 1 1 3 3 1 1 1 1 1 1 1 1 1 1 4 4 1 1 1 1 9 9 1 1 1 1 2 2 1 1 1 1 7 7 1 1 1 1 7 7 1 1 1 1 1 1 1 1 1 1 2 2 1 1 1 1 5 5 1 1 1 1 8 8 2 2 2 2 2 2 2 2 2 2 3 3 1 1 1 1 11 11 1 1 1 1 3 3 305 305 9 9 1 1 1 1 2 2 1 1 1 1 8 8 1 1 1 1 18 18 2 2 2 2 6 6 1 1 1 1 6 6 1 1 1 1 1 1 5 5 1 1 1 1 4 4 1 1 1 1 1 1 3 3 3 3 3 3 1 1 1 1 2 2 1 1 1 1 2 2 2 2 2 2 6 6 1 1 1 1 10 10 1 1 1 1 1 1 1 1 7 7 2 2 2 2 2 2 3 3 3 3 5 5 1 1 1 1 5 5 1 1 1 1 4 4 1 1 1 1 2 2 1 1 1 1 4 4 3 3 3 3 5 5 1 1 1 1 12 12 1 1 1 1 7 7 132 132 8 8 1 1 1 1 15 15 1 1 1 1 10 10 5 5 1 1 1 1 1 1 17 17 1 1 1 1 1 1 1 1 1 1 5 5 1 1 1 1 2 2 2 2 2 2 22 22 2 2 2 2 3 3 2 2 2 2 1 1 1 1 1 1 1 1 1 1 1 1 4 4 1 1 1 1 12 12 1 1 1 1 1 1 2 2 2 2 7 7 1 1 1 1 6 6 1 1 1 1 1 1 1 1 1 1 2 2 3 3 3 3 1 1 2 2 2 2 10 10 2 2 2 2 26 26 1 1 36 36 7 7 1 1 1 1 8 8 1 1 1 1 6 6 1 1 1 1 2 2 1 1 1 1 1 1 1 1 4 4 5 5 3 3 1 1 1 1 4 4 5 5 1 1 1 1 6 6 1 1 1 1 14 14 1 1 1 1 11 11 1 1 1 1 1 1 1 1 1 1 3 3 1 1 5 5 10 10 1 1 1 1 1 1 2 2 2 2 4 4 1 1 1 1 14 14 1 1 1 1 5 5 1 1 1 1 5 5 5 5 22 22 2 2 2 2 19 19 1 1 1 1 12 12 1 1 1 1 6 6 1 1 1 1 21 21 1 1 1 1 3 3 2 2 2 2 2 2 1 1 1 1 1 1 1 1 1 1 4 4 15 15 2 2 1 1 1 1 1 1 1 1 1 1 7 7 2 2 2 2 5 5 1 1 1 1 11 11 1 1 1 1 3 3 1 1 1 1 1 1 1 1 1 1 3 3 1 1 1 1 6 6 1 1 1 1 1 1 1 1 1 1 3 3 1 1 1 1 2 2 2 2 2 2 4 4 1 1 1 1 17 17 1 1 1 1 1 1 2 2 2 2 5 5 5 5 6 6 1 1 1 1 1 1 1 1 1 1 4 4 2 2 2 2 9 9 3 3 3 3 1 1 2 2 2 2 3 3 3 3 3 3 2 2 3 3 1 1 2 2 2 2 2 2 2 2 1 1 1 1 6 6 1 1 1 1 1 1 1 1 1 1 2 2 2 2 2 2 2 2 1 1 1 1 2 2 2 2 2 2 7 7 1 1 1 1 1 1 3 3 3 3 3 3 4 4 8 8 1 1 1 1 1 1 4 4 2 2 2 2 5 5 1 1 1 1 2 2 1 1 1 1 6 6 1 1 1 1 2 2 1 1 1 1 4 4 2 2 1 1 1 1 1 1 6 6 1 1 1 1 1 1 1 1 1 1 1 1 1 1 1 1 1 1 5 5 1 1 1 1 6 6 1 1 1 1 2 2 1 1 1 1 2 2 5 5 1 1 1 1 4 4 1 1 1 1 1 1 1 1 1 1 1 1 1 1 1 1 1 1 5 5 2 2 2 2 4 4 1 1 1 1 3 3 1 1 1 1 1 1 1 1 1 1 8 8 1 1 1 1 1 1 1 1 1 1 6 6 1 1 75 75 1 1 3 3 2 2 2 2 2 2 2 2 2 2 1 1 1 1 3 3 1 1 1 1 9 9 1 1 1 1 1 1 1 1 1 1 7 7 1 1 1 1 18 18 1 1 1 1 2 2 1 1 1 1 4 4 1 1 1 1 1 1 1 1 1 1 1 1 1 1 1 1 1 1 1 1 4 4 4 4 3 3 1 1 1 1 2 2 1 1 1 1 13 13 1 1 1 1 10 10 1 1 1 1 1 1 5 5 1 1 2 2 1 1 1 1 1 1 2 2 4 4 3 3 1 1 1 1 7 7 1 1 1 1 3 3 1 1 1 1 1 1 1 1 1 1 7 7 1 1 1 1 3 3 2 2 1 1 2 2 1 1 1 1 1 1 2 2 2 2 3 3 1 1 2 2 2 2 12 12 3 3 2 2 4 4 4 4 1 1 225 225 1 1 1 1 824 824 137 29 304 520
70 70 1 1 1 1 111 111 1 1 1 1 75 75 1 1 1 1 6 6 1 1 1 1 93 93 1 1 1 1 62 62 1 1 1 1 37 37 1 1 1 1 115 115 1 1 1 1 227 227 1 1 1 1 43 43 1 1 1 1 83 83 43 40 23 47
94 94 4 4 1 1 1 1 11 11 16 16 1 1 1 1 43 43 1 1 1 1 9 9 1 1 1 1 12 12 15 15 1 1 1 1 1 1 1 1 5 5 1 1 1 1 1 1 5 5 1 1 1 1 3 3 76 76 1 1 1 1 18 18 1 1 33 33 1 1 1 1 45 45 1 1 1 1 3 3 1 1 1 1 11 11 16 16 1 1 1 1 1 1 16 16 19 19 16 16 8 8 1 1 1 1 9 9 1 1 1 1 27 27 1 1 56 56 1 1 35 35 1 1 1 1 4 4 1 1 1 1 77 77 1 1 1 1 1 1 15 15 1 1 1 1 1 1 1 1 1 1 2 2 1 1 1 1 1 1 1 1 7 7 1 1 1 1 1 1 1 1 1 1 2 2 1 1 12 12 1 1 1 1 3 3 14 14 1 1 3 3 13 13 4 4 11 11 1 1 1 1 5 5 4 4 1 1 1 1 11 11 51 51 1 1 41 41 1 1 1 1 81 81 1 1 19 19 3 3 1 1 1 1 1 1 17 17 1 1 4 4 1 1 10 10 1 1 64 64 72 22 25 39
477 477 1 1 1 1 87 87 1 1 1 1 48 48 1 1 1 1 166 166 1 1 1 1 607 607 433 44 54 553
194 194 1 1 1 1 2 2 1 1 1 1 143 143 1 1 1 1 19 19 1 1 1 1 33 33 1 1 1 1 72 72 2 2 1 1 1 1 1 1 1 1 1 1 1 1 1 1 1 1 3 3 1 1 1 1 1 1 4 4 29 29 1 1 1 1 99 99 9 9 146 146 1 1 1 1 2 2 1 1 1 1 3 3 1 1 1 1 19 19 1 1 1 1 31 31 1 1 1 1 60 60 1 1 1 1 52 52 1 1 1 1 36 36 1 1 1 1 13 13 1 1 1 1 184 184 1 1 1 1 33 33 1 1 1 1 32 32 1 1 1 1 191 191 98 93 92 102
8151 8151 40 40 7 7 1 1 1 1 65 65 1 1 1 1 282 282 338 338 8 8 44 44 1 1 1 1 107 107 5 5 15 15 1 1 1 1 6 6 1 1 1 1 1 1 1 1 75 75 1 1 1 1 8 8 1 1 1 1 125 125 1 1 1 1 125 125 1 1 1 1 1 1 1 1 1 1 100 100 1 1 1 1 3 3 1 1 1 1 4 4 1 1 1 1 1 1 1 1 1 1 90 90 1 1 1 1 32 32 1 1 1 1 5 5 1 1 1 1 2 2 1 1 1 1 11 11 1 1 1 1 32 32 1 1 1 1 100 100 2 2 2 2 87 87 1 1 1 1 14 14 1 1 1 1 50 50 1 1 1 1 94 94 1 1 1 1 3 3 1 1 1 1 6 6 1 1 1 1 75 75 1 1 1 1 78 78 1 1 1 1 20 20 1 1 1 1 23 23 1 1 1 1 274 274 1 1 1 1 15 15 1 1 1 1 20 20 1 1 1 1 180 180 1 1 1 1 21 21 1 1 1 1 26 26 1 1 1 1 21 21 1 1 1 1 98 98 163 163 1 1 1 1 162 162 1 1 1 1 1 1 1 1 101 101 1 1 1 1 297 297 1 1 1 1 24 24 1 1 1 1 102 102 1 1 1 1 6 6 1 1 1 1 1 1 1 1 75 75 1 1 1 1 8 8 1 1 1 1 41 41 1 1 1 1 209 209 1 1 1 1 72 72 1 1 1 1 29 29 1 1 1 1 3 3 1 1 1 1 4 4 1 1 1 1 30 30 1 1 1 1 61 61 1 1 1 1 22 22 1 1 1 1 9 9 1 1 1 1 5 5 1 1 1 1 2 2 1 1 1 1 11 11 1 1 1 1 133 133 2 2 104 104 1 1 9849 9849 7521 630 1700 8149
4729 4729 3 3 1 1 1 1 4 4 1 1 1 1 162 162 1 1 1 1 53 53 36 36 1 1 1 1 69 69 1 1 1 1 8 8 1 1 1 1 17 17 1 1 1 1 7 7 1 1 1 1 20 20 1 1 1 1 14 14 1 1 1 1 194 194 1 1 1 1 2 2 1 1 3 3 1 1 1 1 11 11 1 1 1 1 1 1 1 1 1 1 142 142 1 1 1 1 88 88 1 1 1 1 15 15 1 1 1 1 26 26 1 1 1 1 150 150 1 1 1 1 42 42 1 1 1 1 70 70 1 1 1 1 77 77 1 1 1 1 181 181 1 1 1 1 115 115 1 1 1 1 49 49 1 1 1 1 15 15 5 5 1 1 1 1 10 10 1 1 1 1 51 51 1 1 1 1 1 1 1 1 1 1 13 13 1 1 1 1 98 98 1 1 1 1 21 21 1 1 1 1 36 36 1 1 1 1 12 12 1 1 1 1 25 25 1 1 1 1 4 4 1 1 1 1 7 7 155 155 1 1 1 1 22 22 1 1 1 1 136 136 1 1 1 1 8 8 1 1 1 1 46 46 1 1 1 1 251 251 1 1 1 1 120 120 1 1 1 1 282 282 1 1 1 1 133 133 1 1 1 1 715 715 3755 3755 1780 1975 1909 2820
4729 4729 3 3 1 1 1 1 4 4 1 1 1 1 162 162 1 1 1 1 53 53 36 36 1 1 1 1 69 69 1 1 1 1 8 8 1 1 1 1 17 17 1 1 1 1 7 7 1 1 1 1 20 20 1 1 1 1 14 14 1 1 1 1 194 194 1 1 1 1 2 2 1 1 3 3 1 1 1 1 11 11 1 1 1 1 1 1 1 1 1 1 142 142 1 1 1 1 88 88 1 1 1 1 15 15 1 1 1 1 26 26 1 1 1 1 150 150 1 1 1 1 42 42 1 1 1 1 70 70 1 1 1 1 77 77 1 1 1 1 181 181 1 1 1 1 115 115 1 1 1 1 49 49 1 1 1 1 15 15 5 5 1 1 1 1 10 10 1 1 1 1 51 51 1 1 1 1 1 1 1 1 1 1 13 13 1 1 1 1 98 98 1 1 1 1 21 21 1 1 1 1 36 36 1 1 1 1 12 12 1 1 1 1 25 25 1 1 1 1 4 4 1 1 1 1 7 7 155 155 1 1 1 1 22 22 1 1 1 1 136 136 1 1 1 1 8 8 1 1 1 1 46 46 1 1 1 1 251 251 1 1 1 1 120 120 1 1 1 1 282 282 1 1 1 1 133 133 1 1 1 1 715 715 3755 3755 2262 1493 1920 2809
276 276 1 1 1 1 173 173 2 2 5 5 1 1 1 1 11 11 26 26 4 4 2 2 35 35 2 2 7 7 1 1 53 53 1 1 1 1 27 27 1 1 1 1 27 27 1 1 1 1 14 14 1 1 1 1 34 34 1 1 1 1 23 23 1 1 1 1 6 6 1 1 1 1 32 32 1 1 1 1 30 30 1 1 1 1 159 159 3 3 45 45 1 1 1 1 112 112 254 22 28 84
112 112 1 1 1 1 152 152 1 1 1 1 204 204 41 71 140 64
329 329 1 1 1 1 5 5 1 1 1 1 63 63 1 1 1 1 122 122 1 1 1 1 40 40 1 1 1 1 354 354 244 110 76 253
1 1 263 263 1 1 52 52 1 1 1 1 44 44 1 1 1 1 157 157 1 1 1 1 65 65 1 1 1 1 103 103 1 1 1 1 33 33 2 2 127 127 1 1 1 1 100 100 1 1 18 18 1 1 1 1 139 139 1 1 1 1 21 21 1 1 1 1 7 7 1 1 1 1 1 1 1 1 69 69 1 1 221 42 34 35
1 1 2 2 42 42 1 1 1 1 45 45 1 1 1 1 12 12 1 1 1 1 19 19 1 1 1 1 88 88 1 1 32 32 1 1 1 1 4 4 2 2 55 55 3 3 9 9 1 1 1 1 60 60 1 1 29 29 1 1 1 1 126 126 3 3 38 38 1 1 80 80 2 2 25 25 1 1 1 1 72 72 1 1 1 1 41 41 1 1 1 1 4 4 1 1 1 1 46 46 1 1 1 1 61 61 1 1 1 1 18 18 1 1 1 1 79 79 1 1 1 1 51 51 3 3 42 42 1 1 66 66 1 1 1 1 92 92 1 1 1 1 138 138 1 1 1 1 36 36 1 1 1 1 161 161 1 1 1 1 81 81 1 1 1 1 105 105 1 1 1 1 32 32 1 1 1 1 22 22 1 1 1 1 82 82 1 1 1 1 5 5 1 1 1 1 44 44 1 1 1 1 109 109 1 1 1 1 4 4 1 1 16 16 1 1 1 1 6 6 3 3 1 1 1 1 17 17 1 1 1 1 27 27 1 1 1 1 39 39 1 1 1 1 138 138 1 1 1 1 63 63 1 1 1 1 18 18 1 1 1 1 145 145 1 1 1 1 145 145 1 1 1 1 41 41 1 1 1 1 66 66 1 1 1 1 210 210 1 1 30 30 1 1 1 1 3 3 1 1 1 1 67 67 1 1 1 1 32 32 1 1 222 222 2 2 2 2 2 2 4 4 22 22 1 1 68 20 19 191
117 117 1 1 1 1 2 2 1 1 10 10 1 1 1 1 1 1 64 64 1 1 1 1 70 70 1 1 1 1 4 4 1 1 1 1 22 22 1 1 1 1 61 61 1 1 1 1 80 80 1 1 1 1 66 66 1 1 1 1 1 1 1 1 167 167 1 1 1 1 180 180 1 1 1 1 74 74 1 1 1 1 102 102 1 1 1 1 106 106 1 1 1 1 33 33 1 1 1 1 18 18 1 1 1 1 35 35 1 1 1 1 61 61 1 1 1 1 5 5 1 1 1 1 71 71 1 1 1 1 46 46 1 1 1 1 55 55 1 1 1 1 43 43 1 1 1 1 29 29 1 1 1 1 34 34 1 1 1 1 58 58 1 1 1 1 62 62 1 1 1 1 63 63 1 1 1 1 79 79 1 1 1 1 71 71 1 1 1 1 94 94 1 1 1 1 153 153 1 1 1 1 91 91 1 1 1 1 1 1 1 1 159 159 1 1 1 1 1 1 12 12 1 1 1 1 1 1 20 20 1 1 1 1 25 25 1 1 1 1 115 115 1 1 1 1 29 29 1 1 1 1 44 44 1 1 1 1 1 1 24 24 1 1 1 1 85 85 1 1 1 1 42 42 1 1 1 1 190 190 73 44 86 104

351 351 4 4 4 4 4 4 4 4 26 26 1 1 1 1 407 407 1 1 1 1 181 181 1 1 1 1 205 205 1 1 1 1 62 62 1 1 1 1 79 79 55 24 190 161
113 113 1 1 1 1 150 150 1 1 1 1 151 151 1 1 1 1 46 46 1 1 1 1 224 224 1 1 1 1 118 118 1 1 1 1 101 101 1 1 1 1 11 11 1 1 1 1 205 205 1 1 1 1 147 147 1 1 1 1 5 5 1 1 1 1 25 25 1 1 1 1 58 58 1 1 1 1 82 82 1 1 1 1 65 65 2 2 2 2 2 2 2 2 2 2 2 2 2 2 18 18 1 1 1 1 100 100 1 1 1 1 59 59 1 1 1 1 34 34 1 1 1 1 26 26 1 1 1 1 9 9 4 4 6 6 4 4 4 4 4 4 8 8 1 1 1 1 2 2 1 1 1 1 3 3 1 1 1 1 75 75 1 1 1 1 2 2 4 4 6 6 1 1 1 1 15 15 1 1 1 1 5 5 1 1 1 1 99 99 1 1 1 1 324 324 1 1 1 1 48 48 1 1 1 1 71 71 1 1 1 1 10 10 1 1 1 1 24 24 1 1 1 1 35 35 1 1 1 1 93 93 1 1 1 1 5 5 1 1 1 1 156 156 1 1 1 1 66 66 1 1 1 1 39 39 1 1 1 1 171 171 1 1 1 1 317 317 1 1 1 1 23 23 1 1 1 1 43 43 1 1 1 1 42 42 1 1 1 1 236 236 1 1 1 1 87 87 1 1 1 1 162 162 1 1 1 1 31 31 1 1 1 1 64 64 1 1 1 1 74 74 4 4 68 68 2 2 1 1 1 1 1 1 1 1 1 1 1 1 89 89 1 1 1 1 1 1 1 1 9 9 1 1 1 1 13 13 1 1 1 1 52 52 2 2 2 2 95 95 1 1 1 1 75 75 1 1 1 1 128 128 1 1 1 1 139 139 1 1 1 1 525 525 1 1 55 55 1 1 1 1 44 44 4 4 11 11 1 1 1 1 42 42 1 1 1 1 31 31 1 1 1 1 76 76 1 1 1 1 50 50 1 1 1 1 107 107 1 1 1 1 80 80 1 1 1 1 3 3 1 1 1 1 1 1 1 1 1 1 25 25 1 1 1 1 42 42 1 1 1 1 65 65 1 1 1 1 47 47 1 1 1 1 32 32 1 1 1 1 24 24 1 1 1 1 108 108 1 1 1 1 29 29 1 1 1 1 55 55 1 1 1 1 26 26 1 1 1 1 11 11 1 1 1 1 10 10 1 1 1 1 262 262 215 47 24 89
390 390 1 1 1 1 45 45 1 1 1 1 6 6 1 1 1 1 258 258 1 1 1 1 16 16 1 1 1 1 118 118 1 1 1 1 80 80 1 1 1 1 174 174 1 1 1 1 59 59 1 1 1 1 31 31 1 1 1 1 28 28 1 1 1 1 1 1 1 1 1 1 192 192 1 1 1 1 14 14 1 1 1 1 261 261 1 1 70 70 1 1 1 1 83 83 1 1 1 1 12 12 1 1 1 1 22 22 1 1 1 1 24 24 1 1 1 1 44 44 1 1 1 1 27 27 1 1 1 1 163 163 124 39 61 329
148 148 1 1 71 71 1 1 1 1 51 51 1 1 1 1 40 40 1 1 1 1 4 4 1 1 1 1 70 70 1 1 1 1 46 46 1 1 1 1 4 4 1 1 1 1 223 223 1 1 9 9 1 1 1 1 297 297 1 1 1 1 103 103 1 1 1 1 390 390 150 240 25 123
94 94 4 4 1 1 1 1 11 11 16 16 1 1 1 1 43 43 1 1 1 1 9 9 1 1 1 1 12 12 15 15 1 1 1 1 1 1 1 1 5 5 1 1 1 1 1 1 5 5 1 1 1 1 3 3 76 76 1 1 1 1 18 18 1 1 33 33 1 1 1 1 45 45 1 1 1 1 3 3 1 1 1 1 11 11 16 16 1 1 1 1 1 1 16 16 19 19 16 16 8 8 1 1 1 1 9 9 1 1 1 1 27 27 1 1 56 56 1 1 35 35 1 1 1 1 4 4 1 1 1 1 77 77 1 1 1 1 1 1 15 15 1 1 1 1 1 1 1 1 1 1 2 2 1 1 1 1 1 1 1 1 7 7 1 1 1 1 1 1 1 1 1 1 2 2 1 1 12 12 1 1 1 1 3 3 14 14 1 1 3 3 13 13 4 4 11 11 1 1 1 1 5 5 4 4 1 1 1 1 11 11 51 51 1 1 41 41 1 1 1 1 81 81 1 1 19 19 3 3 1 1 1 1 1 1 17 17 1 1 4 4 1 1 10 10 1 1 64 64 72 22 25 39
71 71 1 1 1 1 44 44 2 2 3 3 1 1 1 1 2 2 1 1 5 5 1 1 10 10 1 1 1 1 3 3 1 1 1 1 20 20 1 1 1 1 2 2 1 1 1 1 4 4 1 1 1 1 4 4 2 2 1 1 1 1 4 4 4 4 3 3 1 1 1 1 1 1 3 3 1 1 1 1 3 3 1 1 1 1 1 1 1 1 1 1 1 1 1 1 1 1 2 2 1 1 1 1 3 3 1 1 1 1 1 1 1 1 1 1 1 1 2 2 1 1 1 1 2 2 1 1 1 1 2 2 1 1 1 1 1 1 1 1 1 1 1 1 2 2 1 1 1 1 3 3 1 1 1 1 1 1 1 1 1 1 1 1 1 1 1 1 1 1 1 1 1 1 1 1 2 2 1 1 1 1 2 2 1 1 1 1 1 1 1 1 1 1 3 3 1 1 1 1 2 2 1 1 1 1 1 1 7 7 1 1 1 1 1 1 1 1 1 1 1 1 1 1 1 1 1 1 1 1 2 2 1 1 1 1 1 1 3 3 1 1 1 1 1 1 1 1 1 1 1 1 1 1 4 4 1 1 1 1 2 2 1 1 1 1 4 4 1 1 1 1 3 3 3 3 1 1 1 1 13 13 4 4 1 1 1 1 1 1 1 1 1 1 1 1 1 1 3 3 1 1 1 1 2 2 1 1 1 1 4 4 1 1 1 1 2 2 1 1 1 1 4 4 1 1 1 1 2 2 1 1 1 1 1 1 3 3 1 1 1 1 1 1 1 1 1 1 4 4 1 1 1 1 4 4 1 1 3 3 1 1 2 2 1 1 1 1 4 4 1 1 1 1 2 2 1 1 1 1 4 4 1 1 1 1 3 3 1 1 1 1 6 6 1 1 1 1 2 2 1 1 1 1 1 1 1 1 1 1 2 2 1 1 1 1 1 1 4 4 1 1 1 1 2 2 1 1 1 1 4 4 1 1 1 1 4 4 4 4 2 2 1 1 1 1 1 1 1 1 2 2 1 1 1 1 3 3 1 1 1 1 1 1 1 1 2 2 1 1 1 1 1 1 1 1 2 2 1 1 1 1 1 1 1 1 2 2 1 1 1 1 1 1 2 2 1 1 1 1 1 1 1 1 1 1 2 2 1 1 1 1 5 5 1 1 1 1 5 5 1 1 1 1 4 4 1 1 1 1 2 2 1 1 1 1 1 1 1 1 2 2 1 1 1 1 1 1 1 1 2 2 1 1 1 1 1 1 1 1 1 1 3 3 1 1 1 1 2 2 1 1 1 1 1 1 7 7 1 1 1 1 6 6 1 1 1 1 4 4 1 1 1 1 7 7 1 1 1 1 1 1 2 2 1 1 1 1 3 3 1 1 1 1 4 4 1 1 1 1 2 2 1 1 1 1 3 3 2 2 1 1 1 1 3 3 1 1 1 1 1 1 1 1 1 1 1 1 1 1 3 3 1 1 1 1 1 1 1 1 2 2 1 1 1 1 1 1 1 1 3 3 1 1 1 1 2 2 1 1 1 1 2 2 1 1 1 1 1 1 1 1 1 1 2 2 1 1 1 1 1 1 1 1 2 2 1 1 1 1 1 1 1 1 3 3 1 1 1 1 6 6 1 1 1 1 3 3 1 1 1 1 1 1 1 1 2 2 1 1 1 1 1 1 1 1 2 2 1 1 1 1 3 3 1 1 1 1 3 3 1 1 1 1 1 1 3 3 1 1 3 3 1 1 1 1 3 3 1 1 1 1 1 1 1 1 1 1 1 1 1 1 1 1 3 3 1 1 1 1 1 1 1 1 1 1 1 1 1 1 1 1 1 1 1 1 1 1 2 2 1 1 1 1 2 2 1 1 1 1 1 1 2 2 1 1 1 1 1 1 1 1 1 1 1 1 1 1 1 1 3 3 1 1 1 1 6 6 1 1 1 1 1 1 3 3 1 1 1 1 1 1 1 1 1 1 1 1 1 1 1 1 1 1 1 1 2 2 1 1 1 1 1 1 1 1 1 1 2 2 1 1 1 1 1 1 1 1 1 1 1 1 1 1 1 1 1 1 1 1 6 6 5 5 1 1 2 2 1 1 1 1 1 1 1 1 1 1 3 3 1 1 1 1 2 2 1 1 1 1 3 3 1 1 1 1 1 1 1 1 3 3 4 4 5 5 1 1 1 1 2 2 1 1 1 1 2 2 1 1 1 1 1 1 1 1 3 3 1 1 1 1 2 2 4 4 1 1 1 1 4 4 3 3 1 1 1 1 11 11 1 1 1 1 1 1 1 1 3 3 1 1 1 1 2 2 1 1 1 1 4 4 1 1 1 1 4 4 2 2 1 1 1 1 7 7 1 1 1 1 1 1 1 1 1 1 8 8 1 1 1 1 12 12 14 14 12 12 1 1 1 1 1 1 2 2 1 1 1 1 3 3 1 1 1 1 1 1 6 6 24 24 3 3 1 1 1 1 1 1 1 1 2 2 1 1 1 1 1 1 1 1 3 3 1 1 1 1 2 2 1 1 1 1 1 1 2 2 1 1 1 1 1 1 1 1 3 3 1 1 1 1 7 7 1 1 1 1 2 2 1 1 1 1 1 1 1 1 2 2 4 4 1 1 1 1 1 1 1 1 3 3 1 1 1 1 2 2 1 1 1 1 3 3 1 1 1 1 1 1 1 1 2 2 1 1 1 1 1 1 1 1 2 2 1 1 1 1 2 2 1 1 2 2 2 2 1 1 1 1 3 3 1 1 1 1 1 1 2 2 1 1 1 1 1 1 2 2 1 1 1 1 1 1 1 1 2 2 1 1 1 1 1 1 1 1 3 3 1 1 1 1 7 7 1 1 1 1 4 4 2 2 1 1 1 1 1 1 1 1 3 3 1 1 1 1 2 2 1 1 1 1 4 4 1 1 1 1 2 2 1 1 1 1 4 4 1 1 1 1 6 6 20 20 10 10 16 16 19 19 4 4 54 54 4 4 43 43 3 3 3 3 1 1 1 1 1 1 1 1 1 1 1 1 1 1 1 1 1 1 2 2 1 1 1 1 1 1 2 2 3 3 1 1 1 1 1 1 1 1 1 1 2 2 1 1 1 1 2 2 1 1 1 1 1 1 1 1 2 2 1 1 1 1 1 1 1 1 2 2 1 1 1 1 3 3 4 4 1 1 4 4 4 4 1 1 1 1 1 1 1 1 1 1 4 4 1 1 1 1 4 4 1 1 1 1 2 2 1 1 1 1 1 1 4 4 1 1 1 1 7 7 3 3 1 1 1 1 4 4 1 1 1 1 6 6 1 1 1 1 2 2 3 3 1 1 1 1 2 2 1 1 1 1 4 4 1 1 1 1 2 2 1 1 1 1 4 4 1 1 6 6 1 1 2 2 1 1 1 1 4 4 1 1 1 1 6 6 1 1 1 1 4 4 1 1 1 1 2 2 1 1 1 1 4 4 7 7 1 1 1 1 4 4 1 1 1 1 2 2 1 1 1 1 3 3 1 1 1 1 1 1 3 3 1 1 1 1 3 3 8 8 1 1 1 1 2 2 1 1 1 1 3 3 1 1 1 1 3 3 1 1 1 1 3 3 1 1 1 1 1 1 1 1 1 1 11 11 1 1 1 1 1 1 1 1 1 1 1 1 3 3 1 1 1 1 1 1 6 6 8 8 5 5 4 4 1 1 1 1 1 1 1 1 1 1 1 1 1 1 1 1 2 2 4 4 1 1 1 1 1 1 1 1 2 2 1 1 1 1 1 1 1 1 2 2 1 1 1 1 11 11 1 1 3 3 2 2 2 2 2 2 1 1 1 1 1 1 1 1 1 1 2 2 1 1 1 1 1 1 1 1 1 1 2 2 1 1 1 1 1 1 1 1 1 1 1 1 1 1 1 1 1 1 1 1 2 2 1 1 1 1 4 4 1 1 1 1 2 2 1 1 1 1 2 2 1 1 1 1 1 1 3 3 1 1 1 1 1 1 1 1 1 1 1 1 1 1 2 2 4 4 1 1 1 1 1 1 7 7 1 1 1 1 2 2 1 1 1 1 4 4 1 1 1 1 7 7 4 4 1 1 1 1 5 5 4 4 2 2 1 1 1 1 2 2 1 1 1 1 1 1 1 1 14 14 1 1 24 24 1 1 1 1 150 150 48 23 20 130
363 363 1 1 1 1 85 85 1 1 1 1 6 6 1 1 1 1 27 27 1 1 1 1 57 57 1 1 1 1 20 20 1 1 1 1 105 105 1 1 1 1 9 9 1 1 1 1 1 1 1 1 1 1 61 61 1 1 1 1 69 69 1 1 1 1 34 34 1 1 2 2 1 1 1 1 19 19 1 1 1 1 66 66 1 1 1 1 150 150 1 1 1 1 48 48 1 1 1 1 107 107 1 1 1 1 6 6 1 1 1 1 31 31 1 1 16 16 1 1 1 1 29 29 3 3 60 60 1 1 1 1 1 1 1 1 1 1 57 57 1 1 1 1 14 14 1 1 1 1 67 67 1 1 1 1 83 83 1 1 1 1 174 174 1 1 1 1 76 76 1 1 1 1 88 88 1 1 1 1 13 13 1 1 1 1 125 125 312 51 58 67
258 258 1 1 1 1 78 78 1 1 1 1 50 50 1 1 1 1 40 40 1 1 1 1 38 38 1 1 1 1 38 38 1 1 1 1 19 19 1 1 1 1 13 13 1 1 1 1 16 16 1 1 1 1 36 36 1 1 1 1 8 8 1 1 1 1 19 19 1 1 1 1 34 34 1 1 1 1 49 49 1 1 1 1 170 170 144 26 23 235
106 106 1 1 1 1 292 292 1 1 1 1 17 17 1 1 1 1 197 197 1 1 1 1 64 64 1 1 1 1 154 154 1 1 1 1 160 160 1 1 1 1 258 258 235 23 27 79
864 864 1 1 1 1 128 128 1 1 1 1 397 397 291 106 52 812
361 361 1 1 1 1 14 14 3 3 1 1 1 1 1 1 1 1 1 1 1 1 1 1 1 1 1 1 1 1 1 1 1 1 1 1 1 1 1 1 1 1 1 1 1 1 1 1 1 1 1 1 1 1 1 1 1 1 1 1 1 1 1 1 1 1 1 1 1 1 1 1 1 1 1 1 1 1 1 1 1 1 1 1 1 1 1 1 1 1 1 1 5 5 2 2 2 2 2 2 4 4 2 2 2 2 2 2 2 2 13 13 1 1 1 1 3 3 1 1 1 1 1 1 1 1 1 1 39 39 6 6 24 24 7 7 124 124 1 1 1 1 110 110 1 1 1 1 181 181 1 1 1 1 58 58 1 1 1 1 70 70 31 39 62 299
295 295 1 1 1 1 184 184 1 1 1 1 77 77 1 1 1 1 2 2 1 1 1 1 1 1 38 38 1 1 1 1 361 361 1 1 9 9 1 1 1 1 26 26 1 1 1 1 98 98 1 1 1 1 43 43 1 1 1 1 127 127 1 1 1 1 84 84 1 1 1 1 6 6 1 1 1 1 41 41 1 1 1 1 19 19 1 1 1 1 343 343 244 99 71 224
127 127 1 1 1 1 132 132 1 1 1 1 9 9 1 1 1 1 48 48 1 1 1 1 2 2 2 2 20 20 2 2 2 2 9 9 1 1 1 1 1 1 1 1 1 1 1 1 1 1 1 1 1 1 1 1 1 1 1 1 1 1 1 1 3 3 1 1 1 1 20 20 2 2 2 2 1 1 1 1 8 8 1 1 1 1 1 1 1 1 4 4 1 1 1 1 1 1 2 2 2 2 1 1 1 1 1 1 1 1 1 1 1 1 1 1 1 1 1 1 1 1 1 1 1 1 1 1 1 1 1 1 1 1 1 1 1 1 1 1 1 1 1 1 1 1 1 1 1 1 1 1 1 1 1 1 1 1 1 1 19 19 7 7 46 46 1 1 1 1 62 62 1 1 1 1 33 33 1 1 1 1 155 155 118 37 19 108
204 204 1 1 1 1 150 150 1 1 1 1 39 39 1 1 1 1 155 155 1 1 1 1 30 30 1 1 1 1 25 25 1 1 1 1 247 247 1 1 84 84 1 1 1 1 78 78 1 1 1 1 4 4 1 1 1 1 79 79 1 1 78 78 1 1 1 1 26 26 1 1 1 1 27 27 1 1 1 1 27 27 1 1 1 1 55 55 1 1 1 1 1 1 1 1 1 1 32 32 1 1 1 1 68 68 1 1 1 1 62 62 1 1 1 1 25 25 1 1 1 1 7 7 1 1 1 1 51 51 31 20 45 159
184 184 1 1 1 1 155 155 1 1 1 1 193 193 1 1 1 1 112 112 1 1 1 1 51 51 1 1 1 1 56 56 1 1 1 1 80 80 1 1 1 1 10 10 1 1 1 1 71 71 1 1 1 1 351 351 1 1 1 1 43 43 1 1 1 1 2 2 1 1 1 1 15 15 1 1 1 1 257 257 1 1 1 1 22 22 1 1 1 1 92 92 1 1 1 1 69 69 1 1 1 1 27 27 1 1 1 1 28 28 1 1 1 1 140 140 1 1 1 1 51 51 1 1 1 1 10 10 1 1 1 1 134 134 1 1 1 1 33 33 1 1 1 1 12 12 1 1 1 1 197 197 1 1 1 1 77 77 1 1 21 21 1 1 1 1 27 27 1 1 1 1 10 10 1 1 1 1 247 247 1 1 1 1 38 38 1 1 1 1 82 82 1 1 1 1 2 2 4 4 30 30 1 1 1 1 165 165 1 1 1 1 105 105 25 80 47 137
347 347 1 1 1 1 51 51 1 1 1 1 106 106 1 1 1 1 8 8 1 1 9 9 3 3 23 23 1 1 1 1 243 243 91 152 43 304
226 226 1 1 1 1 104 104 1 1 1 1 146 146 1 1 1 1 57 57 1 1 1 1 71 71 1 1 1 1 109 109 1 1 1 1 119 119 1 1 1 1 347 347 254 93 58 168
392 392 1 1 1 1 86 86 1 1 1 1 166 166 1 1 1 1 208 208 1 1 42 42 1 1 1 1 105 105 1 1 1 1 31 31 1 1 1 1 66 66 1 1 1 1 357 357 177 180 121 271
215 215 1 1 1 1 173 173 1 1 1 1 1 1 74 74 1 1 1 1 44 44 1 1 1 1 111 111 1 1 1 1 193 193 1 1 1 1 57 57 1 1 1 1 54 54 1 1 1 1 31 31 1 1 1 1 49 49 1 1 1 1 55 55 1 1 1 1 94 94 1 1 1 1 30 30 1 1 1 1 71 71 1 1 1 1 129 129 1 1 1 1 113 113 1 1 1 1 1 1 1 1 1 1 34 34 1 1 1 1 138 138 37 101 63 152
154 154 1 1 1 1 8 8 2 2 2 2 31 31 1 1 1 1 68 68 1 1 1 1 24 24 1 1 1 1 31 31 1 1 1 1 47 47 1 1 1 1 35 35 1 1 1 1 13 13 1 1 1 1 54 54 1 1 1 1 38 38 1 1 1 1 41 41 1 1 1 1 29 29 1 1 1 1 123 123 1 1 18 18 1 1 1 1 41 41 1 1 1 1 79 79 1 1 1 1 10 10 1 1 1 1 198 198 1 1 1 1 122 122 1 1 1 1 26 26 1 1 1 1 147 147 1 1 2 2 1 1 1 1 24 24 1 1 1 1 116 116 1 1 1 1 159 159 1 1 1 1 90 90 1 1 1 1 90 90 1 1 1 1 37 37 1 1 1 1 13 13 1 1 1 1 160 160 1 1 1 1 277 277 136 141 19 135

23745 23745 1 1 2 2 1 1 1 1 5 5 1 1 1 1 1 1 1 1 1 1 1 1 6 6 2 2 2 2 3 3 1 1 1 1 5 5 1 1 1 1 1 1 1 1 1 1 5 5 1 1 1 1 1 1 1 1 1 1 3 3 2 2 2 2 3 3 1 1 1 1 5 5 1 1 1 1 17 17 1 1 1 1 32 32 1 1 1 1 3 3 1 1 1 1 3 3 1 1 1 1 4 4 1 1 23 23 1 1 1 1 23 23 1 1 1 1 28 28 1 1 1 1 15 15 1 1 1 1 4 4 1 1 1 1 14 14 1 1 1 1 4 4 1 1 1 1 9 9 1 1 1 1 5 5 1 1 1 1 12 12 1 1 1 1 38 38 1 1 1 1 1 1 1 1 1 1 53 53 1 1 1 1 12 12 1 1 1 1 10 10 1 1 1 1 7 7 1 1 1 1 1 1 1 1 1 1 28 28 1 1 9 9 1 1 1 1 1 1 1 1 1 1 7 7 1 1 1 1 12 12 1 1 1 1 1 1 1 1 1 1 47 47 1 1 1 1 4 4 1 1 1 1 2 2 1 1 1 1 2 2 1 1 1 1 6 6 1 1 1 1 12 12 1 1 1 1 1 1 1 1 7 7 1 1 1 1 5 5 1 1 1 1 3 3 1 1 1 1 1 1 1 1 71 71 1 1 1 1 12 12 1 1 1 1 6 6 1 1 1 1 33 33 1 1 1 1 19 19 1 1 1 1 19 19 1 1 1 1 37 37 1 1 1 1 37 37 1 1 1 1 11 11 1 1 1 1 3 3 1 1 1 1 13 13 1 1 1 1 4 4 1 1 1 1 23 23 1 1 1 1 6 6 1 1 1 1 18 18 1 1 1 1 1 1 1 1 40 40 1 1 1 1 12 12 1 1 1 1 16 16 1 1 1 1 1 1 1 1 1 1 4 4 1 1 1 1 1 1 1 1 1 1 5 5 1 1 1 1 13 13 1 1 1 1 9 9 1 1 1 1 27 27 1 1 1 1 1 1 1 1 1 1 1 1 1 1 1 1 18 18 1 1 1 1 47 47 1 1 1 1 60 60 1 1 1 1 4 4 1 1 1 1 6 6 1 1 1 1 32 32 1 1 1 1 36 36 1 1 1 1 39 39 1 1 1 1 27 27 1 1 1 1 51 51 1 1 1 1 2 2 1 1 1 1 3 3 1 1 1 1 32 32 1 1 1 1 13 13 1 1 1 1 12 12 1 1 1 1 11 11 1 1 1 1 20 20 1 1 1 1 7 7 1 1 1 1 7 7 1 1 1 1 5 5 1 1 1 1 3 3 1 1 1 1 16 16 1 1 1 1 75 75 1 1 1 1 48 48 1 1 1 1 18 18 1 1 1 1 102 102 1 1 1 1 6 6 1 1 1 1 30 30 1 1 1 1 1 1 1 1 1 1 5 5 1 1 1 1 18 18 1 1 1 1 2 2 1 1 1 1 2 2 1 1 1 1 1 1 1 1 1 1 4 4 1 1 1 1 13 13 1 1 1 1 26 26 1 1 1 1 4 4 1 1 1 1 2 2 1 1 1 1 1 1 11 11 1 1 1 1 29 29 1 1 1 1 55 55 1 1 1 1 1 1 1 1 1 1 14 14 1 1 1 1 12 12 1 1 1 1 6 6 1 1 1 1 53 53 1 1 1 1 57 57 1 1 1 1 23 23 1 1 1 1 5 5 2 2 2 2 15 15 1 1 1 1 2 2 1 1 1 1 23 23 1 1 1 1 18 18 1 1 1 1 3 3 1 1 1 1 67 67 1 1 1 1 12 12 1 1 1 1 23 23 1 1 1 1 1 1 1 1 1 1 57 57 1 1 1 1 1 1 1 1 1 1 1 1 1 1 1 1 22 22 1 1 1 1 3 3 1 1 1 1 31 31 1 1 1 1 7 7 1 1 1 1 51 51 1 1 1 1 8 8 1 1 1 1 8 8 1 1 1 1 2 2 1 1 1 1 15 15 1 1 53 53 1 1 1 1 2 2 1 1 1 1 36 36 1 1 1 1 4 4 1 1 1 1 22 22 1 1 1 1 2 2 1 1 1 1 28 28 1 1 1 1 12 12 1 1 1 1 6 6 1 1 1 1 2 2 1 1 1 1 50 50 1 1 1 1 20 20 1 1 1 1 9 9 1 1 1 1 22 22 1 1 1 1 12 12 1 1 42 42 1 1 1 1 49 49 1 1 1 1 19 19 1 1 1 1 4 4 1 1 1 1 9 9 1 1 1 1 48 48 1 1 1 1 3 3 1 1 2 2 1 1 1 1 34 34 1 1 1 1 22 22 1 1 1 1 7 7 1 1 1 1 18 18 1 1 1 1 6 6 1 1 1 1 32 32 1 1 1 1 5 5 1 1 1 1 18 18 1 1 1 1 3 3 1 1 1 1 21 21 1 1 1 1 27 27 1 1 1 1 4 4 1 1 1 1 2 2 1 1 1 1 2 2 1 1 1 1 11 11 1 1 1 1 7 7 1 1 1 1 23 23 1 1 1 1 50 50 1 1 1 1 1 1 1 1 1 1 1 1 1 1 1 1 1 1 12 12 1 1 1 1 3 3 1 1 1 1 7 7 1 1 1 1 1 1 1 1 24 24 1 1 1 1 7 7 8 8 1 1 1 1 19 19 1 1 1 1 18 18 1 1 1 1 1 1 1 1 29 29 1 1 1 1 7 7 1 1 1 1 23 23 1 1 1 1 13 13 1 1 1 1 11 11 1 1 1 1 3 3 1 1 1 1 18 18 1 1 1 1 19 19 1 1 1 1 3 3 1 1 1 1 6 6 1 1 1 1 55 55 1 1 1 1 4 4 1 1 1 1 12 12 1 1 1 1 16 16 1 1 1 1 1 1 6 6 1 1 1 1 1 1 1 1 1 1 4 4 1 1 1 1 24 24 1 1 1 1 2 2 1 1 1 1 18 18 1 1 1 1 5 5 1 1 1 1 1 1 1 1 1 1 1 1 1 1 1 1 7 7 1 1 1 1 1 1 1 1 17 17 1 1 1 1 39 39 1 1 1 1 60 60 1 1 1 1 8 8 1 1 1 1 2 2 1 1 1 1 15 15 1 1 53 53 1 1 1 1 2 2 1 1 1 1 2 2 1 1 1 1 33 33 1 1 1 1 27 27 1 1 1 1 2 2 1 1 1 1 1 1 1 1 29 29 1 1 1 1 17 17 1 1 1 1 2 2 1 1 1 1 15 15 1 1 1 1 20 20 1 1 1 1 11 11 1 1 1 1 1 1 1 1 1 1 53 53 1 1 1 1 3 3 1 1 1 1 3 3 1 1 1 1 4 4 1 1 3 3 1 1 1 1 11 11 1 1 1 1 7 7 1 1 1 1 18 18 1 1 1 1 23 23 1 1 1 1 25 25 1 1 1 1 4 4 1 1 1 1 48 48 1 1 1 1 33 33 1 1 37 37 1 1 1 1 22 22 1 1 1 1 4 4 1 1 1 1 5 5 1 1 1 1 1 1 1 1 1 1 13 13 1 1 1 1 6 6 1 1 1 1 32 32 1 1 1 1 5 5 1 1 1 1 1 1 1 1 1 1 20 20 1 1 1 1 40 40 1 1 1 1 8 8 1 1 1 1 4 4 1 1 1 1 2 2 1 1 1 1 2 2 1 1 1 1 19 19 1 1 1 1 14 14 1 1 1 1 3 3 1 1 1 1 1 1 1 1 54 54 1 1 1 1 1 1 1 1 1 1 14 14 1 1 1 1 12 12 1 1 1 1 6 6 1 1 1 1 33 33 1 1 1 1 15 15 1 1 1 1 3 3 1 1 1 1 12 12 1 1 1 1 25 25 1 1 1 1 18 18 1 1 1 1 16 16 1 1 1 1 6 6 1 1 1 1 5 5 2 2 2 2 6 6 1 1 1 1 11 11 1 1 1 1 17 17 1 1 1 1 5 5 1 1 1 1 1 1 1 1 1 1 16 16 1 1 1 1 3 3 1 1 1 1 67 67 1 1 1 1 12 12 1 1 1 1 30 30 1 1 1 1 24 24 1 1 1 1 29 29 1 1 1 1 10 10 1 1 1 1 17 17 1 1 1 1 85 85 1 1 1 1 5 5 1 1 1 1 8 8 1 1 1 1 8 8 1 1 1 1 2 2 1 1 1 1 15 15 1 1 53 53 1 1 1 1 2 2 1 1 1 1 41 41 1 1 1 1 25 25 1 1 1 1 48 48 1 1 1 1 2 2 1 1 1 1 18 18 1 1 1 1 57 57 1 1 1 1 4 4 1 1 1 1 22 22 1 1 1 1 12 12 1 1 3 3 1 1 1 1 7 7 1 1 1 1 11 11 1 1 1 1 28 28 1 1 1 1 22 22 1 1 1 1 16 16 1 1 1 1 14 14 1 1 1 1 4 4 1 1 1 1 4 4 1 1 1 1 9 9 1 1 1 1 52 52 1 1 37 37 1 1 1 1 22 22 1 1 1 1 7 7 1 1 1 1 25 25 1 1 1 1 38 38 1 1 1 1 1 1 1 1 1 1 7 7 1 1 1 1 8 8 1 1 1 1 3 3 1 1 1 1 49 49 1 1 1 1 4 4 1 1 1 1 2 2 1 1 1 1 2 2 1 1 1 1 5 5 1 1 1 1 5 5 1 1 1 1 7 7 1 1 1 1 5 5 1 1 8 8 1 1 1 1 3 3 1 1 1 1 1 1 1 1 14 14 1 1 1 1 40 40 1 1 1 1 1 1 1 1 14 14 1 1 1 1 2 2 1 1 1 1 9 9 1 1 1 1 24 24 1 1 1 1 15 15 1 1 1 1 19 19 1 1 1 1 19 19 1 1 1 1 29 29 1 1 1 1 7 7 1 1 1 1 23 23 1 1 1 1 13 13 1 1 1 1 11 11 1 1 1 1 42 42 1 1 1 1 3 3 1 1 1 1 23 23 1 1 1 1 2 2 1 1 1 1 40 40 1 1 1 1 12 12 1 1 1 1 18 18 1 1 1 1 11 11 1 1 1 1 1 1 1 1 26 26 1 1 1 1 26 26 1 1 1 1 10 10 1 1 1 1 17 17 1 1 1 1 37 37 1 1 1 1 19 19 1 1 1 1 51 51 1 1 1 1 2 2 1 1 1 1 15 15 1 1 53 53 1 1 1 1 2 2 1 1 1 1 4 4 1 1 1 1 31 31 1 1 1 1 22 22 1 1 1 1 7 7 1 1 1 1 1 1 1 1 5 5 1 1 1 1 23 23 1 1 1 1 5 5 1 1 1 1 11 11 1 1 1 1 2 2 1 1 1 1 22 22 1 1 1 1 22 22 1 1 1 1 25 25 1 1 1 1 9 9 1 1 1 1 22 22 1 1 1 1 3 3 1 1 1 1 8 8 1 1 23 23 1 1 1 1 18 18 1 1 1 1 49 49 1 1 1 1 79 79 1 1 1 1 3 3 1 1 1 1 3 3 1 1 17 17 1 1 1 1 19 19 1 1 1 1 22 22 1 1 1 1 33 33 1 1 1 1 38 38 1 1 1 1 1 1 1 1 1 1 16 16 1 1 1 1 3 3 1 1 1 1 21 21 1 1 1 1 27 27 1 1 1 1 1 1 1 1 1 1 2 2 1 1 1 1 2 2 1 1 1 1 2 2 1 1 1 1 19 19 1 1 1 1 14 14 1 1 1 1 3 3 1 1 1 1 1 1 1 1 3 3 1 1 1 1 30 30 1 1 1 1 21 21 1 1 1 1 1 1 1 1 13 13 1 1 1 1 11 11 1 1 1 1 1 1 1 1 25 25 1 1 1 1 14 14 1 1 1 1 19 19 1 1 1 1 16 16 1 1 1 1 1 1 1 1 1 1 1 1 1 1 24 24 1 1 1 1 12 12 1 1 1 1 37 37 1 1 1 1 11 11 1 1 1 1 17 17 1 1 1 1 28 28 1 1 1 1 6 6 1 1 1 1 1 1 55 55 1 1 1 1 1 1 1 1 1 1 2 2 1 1 1 1 12 12 1 1 1 1 23 23 1 1 1 1 1 1 1 1 1 1 4 4 1 1 1 1 23 23 24475 24475 20172 3573 2895 21580
546 546 1 1 1 1 193 193 398 148 53 140
193 193 1 1 1 1 374 374 226 148 53 140
1820 1820 270 270 420 420 86 86 356 356 1 1 1 1 69 69 142 142 21 21 11 11 1025 1025 714 1106 523 502
1025 1025 48 48 1 1 1 1 115 115 1 1 1 1 40 40 1 1 1 1 75 75 1 1 1 1 15 15 1 1 1 1 19 19 1 1 1 1 159 159 1 1 1 1 106 106 1 1 1 1 47 47 1 1 1 1 165 165 1 1 1 1 44 44 1 1 1 1 10 10 1 1 1 1 94 94 1 1 1 1 80 80 1 1 1 1 50 50 1 1 1 1 48 48 1 1 1 1 44 44 1 1 1 1 11 11 1 1 1 1 2 2 1 1 1 1 77 77 1 1 184 184 1 1 1 1 20 20 1 1 1 1 176 176 1 1 1 1 1 1 1 1 1 1 128 128 1 1 1 1 121 121 1 1 1 1 140 140 1 1 1 1 4 4 1 1 1 1 44 44 1 1 1 1 17 17 1 1 1 1 110 110 1 1 1 1 15 15 1 1 1 1 6 6 1 1 1 1 8 8 1 1 1 1 2 2 1 1 1 1 11 11 1 1 1 1 5 5 1 1 1 1 3 3 1 1 1 1 33 33 1 1 1 1 31 31 1 1 1 1 35 35 1 1 1 1 3 3 1 1 1 1 6 6 1 1 1 1 8 8 1 1 1 1 11 11 1 1 1 1 1 1 1 1 1 1 5 5 1 1 1 1 19 19 1 1 1 1 11 11 1 1 1 1 9 9 1 1 1 1 20 20 1 1 1 1 4 4 1 1 1 1 1 1 1 1 6 6 1 1 1 1 4 4 1 1 1 1 1 1 1 1 5 5 1 1 1 1 1 1 171 171 2 2 1 1 1 1 11 11 1 1 1 1 55 55 2 2 2 2 1 1 3 3 3 3 7 7 1 1 1 1 19 19 1 1 1 1 22 22 1 1 1 1 3 3 1 1 1 1 32 32 1 1 1 1 29 29 1 1 1 1 22 22 1 1 1 1 15 15 1 1 1 1 37 37 1 1 1 1 15 15 1 1 1 1 19 19 1 1 1 1 8 8 1 1 1 1 4 4 1 1 1 1 8 8 1 1 1 1 28 28 3929 3929 569 456 497 3432

3926 3926 8 8 1 1 1 1 12 12 1 1 1 1 12 12 1 1 1 1 18 18 1 1 1 1 29 29 1 1 1 1 34 34 1 1 1 1 4 4 1 1 1 1 8 8 1 1 1 1 9 9 1 1 1 1 1 1 1 1 1 1 2 2 1 1 1 1 5 5 1 1 1 1 3 3 1 1 1 1 11 11 1 1 1 1 6 6 1 1 1 1 93 93 1 1 1 1 8 8 1 1 1 1 33 33 1 1 1 1 5 5 1 1 1 1 11 11 1 1 1 1 9 9 1 1 1 1 27 27 6 6 1 1 1 1 5 5 1 1 1 1 9 9 1 1 1 1 10 10 1 1 1 1 4 4 1 1 1 1 8 8 1 1 1 1 5 5 1 1 1 1 6 6 1 1 1 1 1 1 1 1 4 4 1 1 1 1 5 5 1 1 1 1 5 5 2 2 2 2 5 5 1 1 1 1 2 2 1 1 1 1 40 40 1 1 1 1 1 1 1 1 14 14 1 1 1 1 8 8 1 1 1 1 16 16 1 1 1 1 12 12 1 1 1 1 2 2 1 1 1 1 2 2 2 2 24 24 1 1 1 1 6 6 1 1 1 1 42 42 2 2 2 2 9 9 1 1 1 1 35 35 1 1 1 1 5 5 1 1 1 1 143 143 1 1 1 1 8 8 1 1 1 1 6 6 1 1 1 1 7 7 1 1 1 1 20 20 1 1 1 1 4 4 1 1 1 1 8 8 1 1 1 1 35 35 2 2 2 2 15 15 1 1 1 1 57 57 1 1 1 1 88 88 1 1 1 1 6 6 1 1 1 1 33 33 1 1 1 1 62 62 1 1 1 1 26 26 1 1 1 1 12 12 1 1 1 1 19 19 1 1 1 1 23 23 1 1 1 1 2 2 1 1 1 1 2 2 1 1 1 1 12 12 1 1 1 1 11 11 1 1 1 1 22 22 1 1 1 1 26 26 1 1 1 1 13 13 2 2 2 2 6 6 4797 4797 3056 870 566 4231

3926 3926 8 8 1 1 1 1 12 12 1 1 1 1 12 12 1 1 1 1 18 18 1 1 1 1 29 29 1 1 1 1 34 34 1 1 1 1 4 4 1 1 1 1 8 8 1 1 1 1 9 9 1 1 1 1 1 1 1 1 1 1 2 2 1 1 1 1 5 5 1 1 1 1 3 3 1 1 1 1 11 11 1 1 1 1 6 6 1 1 1 1 93 93 1 1 1 1 8 8 1 1 1 1 33 33 1 1 1 1 5 5 1 1 1 1 11 11 1 1 1 1 9 9 1 1 1 1 27 27 6 6 1 1 1 1 5 5 1 1 1 1 9 9 1 1 1 1 10 10 1 1 1 1 4 4 1 1 1 1 8 8 1 1 1 1 5 5 1 1 1 1 6 6 1 1 1 1 1 1 1 1 4 4 1 1 1 1 5 5 1 1 1 1 5 5 2 2 2 2 5 5 1 1 1 1 2 2 1 1 1 1 40 40 1 1 1 1 1 1 1 1 14 14 1 1 1 1 8 8 1 1 1 1 16 16 1 1 1 1 12 12 1 1 1 1 2 2 1 1 1 1 2 2 2 2 24 24 1 1 1 1 6 6 1 1 1 1 42 42 2 2 2 2 9 9 1 1 1 1 35 35 1 1 1 1 5 5 1 1 1 1 143 143 1 1 1 1 8 8 1 1 1 1 6 6 1 1 1 1 7 7 1 1 1 1 20 20 1 1 1 1 4 4 1 1 1 1 8 8 1 1 1 1 35 35 2 2 2 2 15 15 1 1 1 1 57 57 1 1 1 1 88 88 1 1 1 1 6 6 1 1 1 1 33 33 1 1 1 1 62 62 1 1 1 1 26 26 1 1 1 1 12 12 1 1 1 1 19 19 1 1 1 1 23 23 1 1 1 1 2 2 1 1 1 1 2 2 1 1 1 1 12 12 1 1 1 1 11 11 1 1 1 1 22 22 1 1 1 1 26 26 1 1 1 1 13 13 2 2 2 2 6 6 4797 4797 3056 870 509 4288
4797 4797 13 13 1 1 1 1 42 42 1 1 1 1 1 1 2 2 2 2 16 16 1 1 1 1 120 120 1 1 1 1 4 4 1 1 1 1 39 39 1 1 1 1 27 27 1 1 1 1 2 2 1 1 1 1 3 3 1 1 1 1 1 1 1 1 1 1 38 38 1 1 1 1 1 1 1 1 1 1 2 2 1 1 1 1 2 2 3244 3244 3299 1498 1041 2203
4797 4797 13 13 1 1 1 1 42 42 1 1 1 1 1 1 2 2 2 2 16 16 1 1 1 1 120 120 1 1 1 1 4 4 1 1 1 1 39 39 1 1 1 1 27 27 1 1 1 1 2 2 1 1 1 1 3 3 1 1 1 1 1 1 1 1 1 1 38 38 1 1 1 1 1 1 1 1 1 1 2 2 1 1 1 1 2 2 3244 3244 1788 3009 585 2659
4095 4095 6 6 1 1 1 1 5 5 1 1 1 1 9 9 1 1 1 1 24 24 1 1 1 1 1 1 2 2 2 2 3 3 1 1 1 1 10 10 1 1 1 1 8 8 1 1 1 1 1 1 2 2 2 2 6 6 1 1 1 1 16 16 1 1 1 1 3 3 1 1 1 1 23 23 2 2 2 2 3 3 1 1 1 1 4 4 3 3 3 3 1 1 1 1 1 1 12 12 1 1 1 1 10 10 1 1 1 1 2 2 1 1 1 1 9 9 1 1 1 1 2 2 1 1 1 1 10 10 2 2 2 2 7 7 1 1 1 1 13 13 1 1 1 1 1 1 1 1 1 1 7 7 1 1 9 9 1 1 1 1 1 1 1 1 1 1 7 7 1 1 1 1 14 14 2 2 2 2 1 1 1 1 1 1 1 1 1 1 1 1 1 1 1 1 1 1 5 5 1 1 1 1 2 2 1 1 1 1 2 2 1 1 1 1 4 4 1 1 1 1 2 2 1 1 1 1 1 1 1 1 1 1 8 8 1 1 1 1 5 5 1 1 1 1 1 1 1 1 1 1 3 3 1 1 1 1 14 14 345 345 3 3 8 8 1 1 1 1 3 3 1 1 1 1 7 7 1 1 1 1 6 6 1 1 1 1 17 17 2 2 2 2 10 10 1 1 1 1 2 2 1 1 1 1 7 7 1 1 1 1 1 1 1 1 1 1 2 2 1 1 1 1 14 14 4 4 4 4 3 3 2 2 2 2 7 7 1 1 1 1 2 2 1 1 1 1 2 2 1 1 1 1 12 12 1 1 1 1 13 13 1 1 1 1 6 6 2 2 2 2 11 11 1 1 1 1 14 14 1 1 2 2 1 1 1 1 1 1 2 2 2 2 5 5 1 1 1 1 2 2 1 1 1 1 9 9 1 1 1 1 4 4 1 1 1 1 7 7 1 1 1 1 2 2 1 1 1 1 7 7 1 1 1 1 1 1 3 3 3 3 4 4 1 1 1 1 13 13 1 1 1 1 5 5 1 1 1 1 1 1 1 1 1 1 6 6 1 1 3 3 10 10 2 2 2 2 6 6 1 1 1 1 6 6 1 1 1 1 1 1 1 1 1 1 12 12 2 2 1 1 1 1 1 1 7 7 1 1 1 1 14 14 1 1 1 1 20 20 1 1 1 1 3 3 1 1 1 1 26 26 172 172 1 1 9 9 1 1 1 1 10 10 1 1 1 1 1 1 2 2 2 2 14 14 1 1 1 1 7 7 1 1 1 1 1 1 1 1 1 1 1 1 2 2 2 2 6 6 1 1 1 1 6 6 2 2 2 2 1 1 1 1 1 1 3 3 1 1 1 1 6 6 1 1 1 1 2 2 1 1 1 1 9 9 1 1 1 1 1 1 1 1 1 1 5 5 1 1 1 1 2 2 2 2 2 2 9 9 1 1 1 1 2 2 2 2 2 2 8 8 1 1 1 1 22 22 1 1 10 10 1 1 1 1 4 4 1 1 1 1 22 22 1 1 1 1 34 34 1 1 1 1 9 9 1 1 1 1 2 2 1 1 1 1 5 5 1 1 1 1 4 4 1 1 1 1 26 26 1 1 1 1 8 8 1 1 1 1 2 2 1 1 1 1 13 13 1 1 1 1 5 5 1 1 1 1 7 7 1 1 1 1 4 4 1 1 1 1 53 53 1 1 1 1 1 1 1 1 1 1 2 2 1 1 1 1 2 2 1 1 1 1 2 2 1 1 1 1 14 14 1 1 1 1 3 3 1 1 1 1 12 12 171 171 16 16 1 1 1 1 6 6 1 1 1 1 8 8 1 1 1 1 22 22 1 1 1 1 2 2 1 1 1 1 12 12 1 1 1 1 3 3 2 2 2 2 16 16 1 1 1 1 53 53 1 1 1 1 4 4 1 1 1 1 3 3 1 1 1 1 9 9 1 1 1 1 55 55 1 1 1 1 12 12 1 1 1 1 112 112 1 1 1 1 11 11 1 1 1 1 3 3 1 1 1 1 14 14 1 1 1 1 4 4 1 1 1 1 8 8 1 1 1 1 4 4 1 1 1 1 8 8 1 1 1 1 11 11 1 1 1 1 1 1 1 1 1 1 21 21 1 1 1 1 8 8 2 2 2 2 6 6 1 1 1 1 5 5 1 1 1 1 26 26 2 2 2 2 8 8 1 1 1 1 14 14 1 1 1 1 20 20 1 1 1 1 6 6 1 1 1 1 3 3 1 1 1 1 34 34 1 1 1 1 28 28 1 1 1 1 13 13 1 1 1 1 1 1 2 2 2 2 79 79 1 1 1 1 26 26 1 1 1 1 12 12 1 1 1 1 17 17 1 1 1 1 4 4 1 1 1 1 20 20 1 1 1 1 2 2 1 1 1 1 27 27 1 1 1 1 15 15 1 1 1 1 2 2 1 1 1 1 5 5 1 1 1 1 17 17 1 1 1 1 6 6 1 1 1 1 14 14 2 2 2 2 2 2 1 1 1 1 13 13 1 1 1 1 4 4 1 1 344 344 7 7 1 1 1 1 4 4 2 2 2 2 60 60 1 1 1 1 9 9 1 1 1 1 7 7 1 1 1 1 15 15 1 1 1 1 2 2 1 1 1 1 17 17 1 1 1 1 5 5 1 1 1 1 6 6 1 1 1 1 21 21 2 2 2 2 36 36 1 1 1 1 25 25 1 1 1 1 2 2 1 1 1 1 8 8 1 1 1 1 14 14 2 2 2 2 13 13 1 1 1 1 6 6 1 1 1 1 6 6 1 1 1 1 8 8 1 1 1 1 6 6 2 2 2 2 6 6 1 1 1 1 9 9 2 2 2 2 4 4 1 1 1 1 8 8 1 1 1 1 2 2 170 170 8 8 2 2 2 2 2 2 2 2 2 2 1 1 1 1 1 1 4 4 2 2 2 2 1 1 1 1 1 1 2 2 2 2 2 2 8 8 1 1 1 1 1 1 1 1 1 1 16 16 2 2 2 2 7 7 1 1 1 1 13 13 1 1 1 1 8 8 2 2 2 2 4 4 1 1 1 1 34 34 1 1 1 1 51 51 2 2 2 2 18 18 1 1 1 1 49 49 2 2 2 2 22 22 1 1 1 1 4 4 1 1 1 1 3 3 1 1 1 1 5 5 2 2 2 2 23 23 1 1 1 1 1 1 1 1 1 1 7 7 1 1 1 1 2 2 1 1 1 1 13 13 4 4 4 4 2 2 2 2 2 2 7 7 1 1 1 1 3 3 1 1 1 1 1 1 1 1 1 1 2 2 2 2 2 2 22 22 2 2 2 2 20 20 1 1 1 1 2 2 1 1 1 1 1 1 1 1 1 1 4 4 2 2 2 2 2 2 1 1 1 1 14 14 1 1 1 1 2 2 3 3 3 3 1 1 2 2 2 2 5 5 1 1 1 1 1 1 1 1 1 1 3 3 2 2 2 2 18 18 1 1 4 4 1 1 1 1 9 9 1 1 1 1 2 2 1 1 1 1 9 9 1 1 1 1 3 3 3 3 3 3 12 12 1 1 1 1 1 1 4 4 1 1 1 1 1 1 1 1 1 1 4 4 1 1 1 1 1 1 1 1 1 1 6 6 2 2 2 2 8 8 1 1 1 1 2 2 2 2 13 13 1 1 1 1 5 5 1 1 1 1 2 2 2 2 4 4 1 1 1 1 4 4 1 1 1 1 9 9 1 1 1 1 1 1 6 6 1 1 1 1 1 1 2 2 2 2 1 1 1 1 1 1 1 1 2 2 2 2 2 2 1 1 1 1 1 1 3 3 1 1 1 1 1 1 1 1 1 1 6 6 1 1 1 1 1 1 1 1 5 5 1 1 1 1 3 3 1 1 1 1 1 1 1 1 1 1 21 21 1 1 1 1 2 2 2 2 2 2 5 5 1 1 1 1 1 1 1 1 1 1 1 1 1 1 1 1 2 2 2 2 1 1 1 1 2 2 2 2 2 2 1 1 1 1 1 1 5 5 2 2 2 2 6 6 1 1 1 1 6 6 1 1 1 1 4 4 1 1 1 1 2 2 1 1 1 1 2 2 1 1 1 1 7 7 1 1 1 1 11 11 1 1 1 1 1 1 1 1 1 1 3 3 1 1 1 1 3 3 1 1 1 1 3 3 1 1 1 1 1 1 1 1 4 4 1 1 1 1 4 4 1 1 1 1 4 4 2 2 3 3 2 2 2 2 2 2 2 2 6 6 1 1 1 1 1 1 1 1 1 1 1 1 1 1 1 1 1 1 1 1 1 1 1 1 1 1 6 6 1 1 1 1 2 2 1 1 1 1 5 5 1 1 1 1 2 2 2 2 2 2 1 1 2 2 2 2 5 5 1 1 1 1 1 1 1 1 3 3 1 1 1 1 6 6 1 1 1 1 14 14 1 1 1 1 1 1 2 2 2 2 2 2 1 1 2 2 1 1 1 1 1 1 2 2 1 1 2 2 2 2 2 2 1 1 1 1 1 1 1 1 1 1 1 1 1 1 1 1 5 5 1 1 1 1 4 4 1 1 1 1 9 9 1 1 1 1 3 3 1 1 1 1 14 14 2 2 2 2 3 3 1 1 1 1 3 3 1 1 1 1 1 1 1 1 1 1 1 1 1 1 1 1 5 5 1 1 1 1 3 3 3 3 3 3 5 5 3 3 3 3 1 1 2 2 6 6 1 1 1 1 9 9 1 1 1 1 1 1 1 1 1 1 8 8 1 1 1 1 8 8 1 1 1 1 2 2 2 2 2 2 1 1 2 2 2 2 5 5 4 4 4 4 1 1 1 1 1 1 6 6 2 2 2 2 4 4 1 1 1 1 10 10 1 1 1 1 8 8 1 1 1 1 2 2 3 3 1 1 2 2 2 2 1 1 1 1 1 1 4 4 1 1 1 1 1 1 1 1 1 1 1 1 1 1 2 2 1 1 1 1 2 2 1 1 1 1 6 6 1 1 1 1 1 1 1 1 1 1 1 1 1 1 15 15 2 2 2 2 7 7 1 1 1 1 3 3 1 1 1 1 1 1 1 1 8 8 1 1 1 1 2 2 3 3 5 5 1 1 2 2 1 1 1 1 1 1 1 1 1 1 2 2 2 2 6 6 1 1 1 1 6 6 2 2 2 2 1 1 1 1 1 1 3 3 1 1 1 1 6 6 1 1 1 1 8 8 1 1 1 1 3 3 1 1 1 1 1 1 1 1 1 1 8 8 2 2 2 2 4 4 4 4 2 2 2 2 11 11 1 1 1 1 4 4 1 1 1 1 1 1 1 1 1 1 3 3 1 1 1 1 2 2 2 2 2 2 12 12 2 2 2 2 4 4 1 1 1 1 8 8 1 1 1 1 3 3 1 1 1 1 21 21 1 1 1 1 11 11 1 1 1 1 2 2 2 2 2 2 17 17 1 1 1 1 7 7 1 1 1 1 1 1 1 1 1 1 3 3 1 1 5 5 2 2 2 2 13 13 1 1 1 1 3 3 1 1 1 1 5 5 1 1 1 1 4 4 1 1 1 1 8 8 2 2 2 2 12 12 3 3 3 3 3 3 1 1 1 1 6 6 2 2 2 2 5 5 1 1 2 2 2 2 2 2 5 5 1 1 1 1 4 4 1 1 1 1 1 1 1 1 1 1 9 9 2 2 2 2 2 2 1 1 1 1 11 11 1 1 1 1 1 1 1 1 1 1 14 14 1 1 1 1 18 18 1 1 1 1 1 1 1 1 1 1 1 1 1 1 1 1 2 2 1 1 1 1 5 5 1 1 1 1 1 1 1 1 1 1 3 3 2 2 2 2 6 6 1 1 1 1 1 1 1 1 1 1 3 3 1 1 1 1 2 2 1 1 1 1 2 2 1 1 14 14 1 1 1 1 2 2 1 1 1 1 13 13 1 1 1 1 9 9 1 1 1 1 3 3 1 1 1 1 2 2 2 2 1 1 1 1 5 5 12 12 1 1 1 1 24 24 1 1 1 1 10 10 1 1 1 1 4 4 1 1 1 1 14 14 1 1 1 1 5 5 1 1 1 1 3 3 1 1 1 1 29 29 2 2 2 2 24 24 1 1 1 1 11 11 1 1 1 1 37 37 1 1 1 1 8 8 1 1 1 1 3 3 1 1 1 1 45 45 2 2 2 2 27 27 1 1 1 1 12 12 1 1 1 1 9 9 1 1 1 1 30 30 1 1 1 1 5 5 1 1 1 1 1 1 1 1 1 1 104 104 1 1 1 1 1 1 1 1 1 1 6 6 1 1 1 1 6 6 1 1 1 1 28 28 1 1 1 1 4 4 1 1 1 1 8 8 1 1 1 1 1 1 1 1 1 1 33 33 2 2 2 2 7 7 2 2 2 2 4 4 1 1 1 1 7 7 1 1 1 1 23 23 1 1 1 1 27 27 1 1 1 1 27 27 1 1 1 1 3 3 1 1 1 1 18 18 1 1 1 1 44 44 1 1 1 1 33 33 1 1 1 1 36 36 1 1 1 1 17 17 1 1 1 1 7 7 1 1 1 1 26 26 1 1 1 1 9 9 1 1 1 1 2 2 1 1 1 1 43 43 1 1 1 1 2 2 1 1 1 1 15 15 1 1 1 1 11 11 1 1 1 1 22 22 1 1 1 1 19 19 1 1 1 1 6 6 1 1 1 1 13 13 2 2 2 2 19 19 1 1 17 17 1 1 1 1 47 47 1 1 1 1 22 22 1 1 1 1 4 4 1 1 1 1 1 1 1 1 1 1 4 4 1 1 1 1 11 11 1 1 1 1 2 2 1 1 1 1 17 17 1 1 1 1 5 5 1 1 1 1 1 1 1 1 1 1 4 4 1 1 1 1 22 22 2 2 2 2 34 34 1 1 1 1 26 26 1 1 1 1 2 2 1 1 1 1 23 23 1 1 1 1 1 1 2 2 2 2 3 3 1 1 1 1 7 7 1 1 1 1 6 6 1 1 1 1 6 6 1 1 1 1 5 5 1 1 1 1 2 2 1 1 1 1 6 6 1 1 1 1 7 7 2 2 2 2 9 9 356 356 1 1 1 1 69 69 142 142 21 21 11 11 1025 1025 48 48 1 1 1 1 115 115 1 1 1 1 40 40 1 1 1 1 75 75 1 1 1 1 15 15 1 1 1 1 19 19 1 1 1 1 159 159 1 1 1 1 106 106 1 1 1 1 47 47 1 1 1 1 165 165 1 1 1 1 44 44 1 1 1 1 10 10 1 1 1 1 94 94 1 1 1 1 80 80 1 1 1 1 50 50 1 1 1 1 48 48 1 1 1 1 44 44 1 1 1 1 11 11 1 1 1 1 2 2 1 1 1 1 77 77 1 1 184 184 1 1 1 1 20 20 1 1 1 1 176 176 1 1 1 1 1 1 1 1 1 1 128 128 1 1 1 1 121 121 1 1 1 1 140 140 1 1 1 1 4 4 1 1 1 1 44 44 1 1 1 1 17 17 1 1 1 1 110 110 1 1 1 1 15 15 1 1 1 1 6 6 1 1 1 1 8 8 1 1 1 1 2 2 1 1 1 1 11 11 1 1 1 1 5 5 1 1 1 1 3 3 1 1 1 1 33 33 1 1 1 1 31 31 1 1 1 1 35 35 1 1 1 1 3 3 1 1 1 1 6 6 1 1 1 1 8 8 1 1 1 1 11 11 1 1 1 1 1 1 1 1 1 1 5 5 1 1 1 1 19 19 1 1 1 1 11 11 1 1 1 1 9 9 1 1 1 1 20 20 1 1 1 1 4 4 1 1 1 1 1 1 1 1 6 6 1 1 1 1 4 4 1 1 1 1 1 1 1 1 5 5 1 1 1 1 1 1 171 171 2 2 1 1 1 1 11 11 1 1 1 1 55 55 2 2 2 2 1 1 3 3 3 3 7 7 1 1 1 1 19 19 1 1 1 1 22 22 1 1 1 1 3 3 1 1 1 1 32 32 1 1 1 1 29 29 1 1 1 1 22 22 1 1 1 1 15 15 1 1 1 1 37 37 1 1 1 1 15 15 1 1 1 1 19 19 1 1 1 1 8 8 1 1 1 1 4 4 1 1 1 1 8 8 1 1 1 1 28 28 3929 3929 2999 1096 661 3268
3926 3926 8 8 1 1 1 1 12 12 1 1 1 1 12 12 1 1 1 1 18 18 1 1 1 1 29 29 1 1 1 1 34 34 1 1 1 1 4 4 1 1 1 1 8 8 1 1 1 1 9 9 1 1 1 1 1 1 1 1 1 1 2 2 1 1 1 1 5 5 1 1 1 1 3 3 1 1 1 1 11 11 1 1 1 1 6 6 1 1 1 1 93 93 1 1 1 1 8 8 1 1 1 1 33 33 1 1 1 1 5 5 1 1 1 1 11 11 1 1 1 1 9 9 1 1 1 1 27 27 6 6 1 1 1 1 5 5 1 1 1 1 9 9 1 1 1 1 10 10 1 1 1 1 4 4 1 1 1 1 8 8 1 1 1 1 5 5 1 1 1 1 6 6 1 1 1 1 1 1 1 1 4 4 1 1 1 1 5 5 1 1 1 1 5 5 2 2 2 2 5 5 1 1 1 1 2 2 1 1 1 1 40 40 1 1 1 1 1 1 1 1 14 14 1 1 1 1 8 8 1 1 1 1 16 16 1 1 1 1 12 12 1 1 1 1 2 2 1 1 1 1 2 2 2 2 24 24 1 1 1 1 6 6 1 1 1 1 42 42 2 2 2 2 9 9 1 1 1 1 35 35 1 1 1 1 5 5 1 1 1 1 143 143 1 1 1 1 8 8 1 1 1 1 6 6 1 1 1 1 7 7 1 1 1 1 20 20 1 1 1 1 4 4 1 1 1 1 8 8 1 1 1 1 35 35 2 2 2 2 15 15 1 1 1 1 57 57 1 1 1 1 88 88 1 1 1 1 6 6 1 1 1 1 33 33 1 1 1 1 62 62 1 1 1 1 26 26 1 1 1 1 12 12 1 1 1 1 19 19 1 1 1 1 23 23 1 1 1 1 2 2 1 1 1 1 2 2 1 1 1 1 12 12 1 1 1 1 11 11 1 1 1 1 22 22 1 1 1 1 26 26 1 1 1 1 13 13 2 2 2 2 6 6 4797 4797 3056 870 115 4682
4797 4797 13 13 1 1 1 1 42 42 1 1 1 1 1 1 2 2 2 2 16 16 1 1 1 1 120 120 1 1 1 1 4 4 1 1 1 1 39 39 1 1 1 1 27 27 1 1 1 1 2 2 1 1 1 1 3 3 1 1 1 1 1 1 1 1 1 1 38 38 1 1 1 1 1 1 1 1 1 1 2 2 1 1 1 1 2 2 3244 3244 3299 1498 628 2616
3926 3926 8 8 1 1 1 1 12 12 1 1 1 1 12 12 1 1 1 1 18 18 1 1 1 1 29 29 1 1 1 1 34 34 1 1 1 1 4 4 1 1 1 1 8 8 1 1 1 1 9 9 1 1 1 1 1 1 1 1 1 1 2 2 1 1 1 1 5 5 1 1 1 1 3 3 1 1 1 1 11 11 1 1 1 1 6 6 1 1 1 1 93 93 1 1 1 1 8 8 1 1 1 1 33 33 1 1 1 1 5 5 1 1 1 1 11 11 1 1 1 1 9 9 1 1 1 1 27 27 6 6 1 1 1 1 5 5 1 1 1 1 9 9 1 1 1 1 10 10 1 1 1 1 4 4 1 1 1 1 8 8 1 1 1 1 5 5 1 1 1 1 6 6 1 1 1 1 1 1 1 1 4 4 1 1 1 1 5 5 1 1 1 1 5 5 2 2 2 2 5 5 1 1 1 1 2 2 1 1 1 1 40 40 1 1 1 1 1 1 1 1 14 14 1 1 1 1 8 8 1 1 1 1 16 16 1 1 1 1 12 12 1 1 1 1 2 2 1 1 1 1 2 2 2 2 24 24 1 1 1 1 6 6 1 1 1 1 42 42 2 2 2 2 9 9 1 1 1 1 35 35 1 1 1 1 5 5 1 1 1 1 143 143 1 1 1 1 8 8 1 1 1 1 6 6 1 1 1 1 7 7 1 1 1 1 20 20 1 1 1 1 4 4 1 1 1 1 8 8 1 1 1 1 35 35 2 2 2 2 15 15 1 1 1 1 57 57 1 1 1 1 88 88 1 1 1 1 6 6 1 1 1 1 33 33 1 1 1 1 62 62 1 1 1 1 26 26 1 1 1 1 12 12 1 1 1 1 19 19 1 1 1 1 23 23 1 1 1 1 2 2 1 1 1 1 2 2 1 1 1 1 12 12 1 1 1 1 11 11 1 1 1 1 22 22 1 1 1 1 26 26 1 1 1 1 13 13 2 2 2 2 6 6 4797 4797 3029 897 115 4682
4797 4797 13 13 1 1 1 1 42 42 1 1 1 1 1 1 2 2 2 2 16 16 1 1 1 1 120 120 1 1 1 1 4 4 1 1 1 1 39 39 1 1 1 1 27 27 1 1 1 1 2 2 1 1 1 1 3 3 1 1 1 1 1 1 1 1 1 1 38 38 1 1 1 1 1 1 1 1 1 1 2 2 1 1 1 1 2 2 3244 3244 3299 1498 597 2647

3076 3076 46 46 1 1 1 1 6 6 1 1 1 1 145 145 1 1 1 1 47 47 1 1 1 1 85 85 1 1 1 1 17 17 1 1 1 1 61 61 1 1 1 1 55 55 1 1 1 1 141 141 1 1 1 1 21 21 1 1 1 1 11 11 1 1 1 1 70 70 1 1 1 1 73 73 1 1 1 1 11 11 1 1 1 1 80 80 1 1 62 62 1 1 1 1 91 91 1 1 1 1 7 7 1 1 1 1 21 21 1 1 1 1 20 20 1 1 2 2 1 1 2 2 84 84 1 1 1 1 1 1 1 1 1 1 40 40 1 1 1 1 48 48 1 1 1 1 106 106 1 1 1 1 12 12 1 1 1 1 37 37 1 1 1 1 31 31 1 1 1 1 47 47 1 1 1 1 99 99 1 1 1 1 32 32 1 1 1 1 15 15 1 1 1 1 4 4 1 1 1 1 3 3 1 1 1 1 1 1 1 1 44 44 1 1 1 1 17 17 1 1 1 1 110 110 1 1 1 1 15 15 1 1 1 1 6 6 1 1 1 1 7 7 1 1 1 1 1 1 1 1 2 2 1 1 1 1 3 3 1 1 7 7 1 1 1 1 5 5 1 1 1 1 3 3 1 1 1 1 1 1 1 1 3 3 1 1 1 1 13 13 1 1 1 1 14 14 1 1 1 1 31 31 1 1 1 1 9 9 1 1 1 1 24 24 171 171 1 1 1 1 1 1 3 3 1 1 1 1 1 1 1 1 11 11 1 1 1 1 11 11 1 1 1 1 2 2 1 1 1 1 1 1 1 1 1 1 5 5 1 1 1 1 28 28 2 2 2 2 9 9 1 1 1 1 28 28 1 1 1 1 22 22 1 1 1 1 11 11 1 1 1 1 9 9 1 1 1 1 45 45 2 2 2 2 11 11 1 1 1 1 9 9 1 1 1 1 26 26 1 1 1 1 9 9 1 1 1 1 23 23 1 1 1 1 38 38 1 1 1 1 22 22 1 1 1 1 15 15 1 1 1 1 14 14 1 1 1 1 11 11 1 1 4 4 1 1 1 1 220 220 2 2 2 2 1 1 1 1 1 1 1 1 1 1 122 122 1 1 1 1 35 35 1 1 1 1 36 36 1 1 1 1 143 143 1 1 1 1 21 21 1 1 1 1 31 31 1 1 1 1 12 12 1 1 1 1 40 40 1 1 1 1 35 35 1 1 1 1 39 39 1 1 1 1 111 111 1 1 1 1 13 13 1 1 1 1 23 23 1 1 1 1 45 45 1 1 1 1 106 106 1 1 1 1 47 47 1 1 1 1 76 76 1 1 1 1 18 18 1879 1879 2182 894 675 1204
1879 1879 70 70 1 1 1 1 55 55 1 1 1 1 94 94 1 1 1 1 43 43 1 1 2 2 1 1 1 1 21 21 1 1 1 1 11 11 1 1 1 1 29 29 1 1 1 1 1 1 1 1 3 3 1 1 10 10 1 1 1 1 5 5 1 1 1 1 3 3 2 2 2 2 3 3 1 1 1 1 10 10 1 1 1 1 2 2 1 1 1 1 18 18 1 1 1 1 13 13 1 1 1 1 23 23 1 1 1 1 13 13 1 1 1 1 11 11 1 1 1 1 1 1 1 1 1 1 3 3 1 1 1 1 4 4 1 1 1 1 4 4 2 2 2 2 2 2 1 1 1 1 15 15 1 1 1 1 5 5 1 1 1 1 4 4 1 1 1 1 8 8 1 1 1 1 3 3 1 1 1 1 2 2 1 1 1 1 11 11 1 1 6 6 1 1 1 1 30 30 1 1 1 1 2 2 2 2 2 2 26 26 1 1 1 1 18 18 1 1 1 1 5 5 2 2 2 2 11 11 1 1 1 1 5 5 2 2 2 2 5 5 1 1 1 1 4 4 1 1 1 1 21 21 1 1 1 1 16 16 3 3 3 3 13 13 1 1 1 1 10 10 1 1 1 1 14 14 1 1 1 1 5 5 1 1 1 1 3 3 3 3 1 1 3 3 1 1 3 3 2 2 2 2 25 25 1 1 1 1 3 3 1 1 1 1 30 30 1 1 1 1 7 7 1 1 1 1 7 7 1 1 1 1 16 16 1 1 1 1 10 10 1 1 1 1 12 12 1 1 1 1 9 9 1 1 1 1 36 36 1 1 1 1 1 1 1 1 1 1 104 104 1 1 1 1 1 1 1 1 1 1 1 1 1 1 1 1 4 4 1 1 1 1 6 6 1 1 1 1 28 28 1 1 1 1 4 4 1 1 1 1 8 8 1 1 1 1 1 1 1 1 1 1 4 4 1 1 1 1 21 21 22 22 1 1 1 1 1 1 1 1 1 1 21 21 1 1 1 1 7 7 1 1 1 1 27 27 1 1 1 1 31 31 1 1 1 1 61 61 1 1 1 1 1 1 1 1 1 1 12 12 1 1 1 1 1 1 1 1 1 1 1 1 1 1 17 17 1 1 1 1 36 36 1 1 1 1 17 17 1 1 1 1 7 7 1 1 1 1 1 1 1 1 1 1 24 24 1 1 1 1 2 2 1 1 1 1 6 6 1 1 1 1 2 2 1 1 1 1 10 10 1 1 1 1 12 12 20 20 1 1 1 1 2 2 1 1 1 1 15 15 1 1 1 1 11 11 1 1 1 1 22 22 1 1 1 1 26 26 1 1 1 1 9 9 1 1 1 1 3 3 2 2 2 2 81 81 1 1 1 1 3 3 1 1 1 1 27 27 1 1 1 1 1 1 1 1 1 1 5 5 1 1 1 1 68 68 1 1 1 1 34 34 1 1 1 1 110 110 1 1 1 1 128 128 1 1 1 1 233 233 1 1 1 1 69 69 142 142 21 21 11 11 48 48 1 1 1 1 115 115 1 1 1 1 40 40 1 1 1 1 75 75 1 1 1 1 15 15 1 1 1 1 19 19 1 1 1 1 159 159 1 1 1 1 106 106 1 1 1 1 47 47 1 1 1 1 165 165 1 1 1 1 44 44 1 1 1 1 10 10 1 1 1 1 94 94 1 1 1 1 80 80 1 1 1 1 50 50 1 1 1 1 48 48 1 1 1 1 44 44 1 1 1 1 11 11 1 1 1 1 2 2 1 1 1 1 77 77 1 1 184 184 1 1 1 1 20 20 1 1 1 1 176 176 1 1 1 1 1 1 1 1 1 1 128 128 1 1 1 1 121 121 1 1 1 1 140 140 1 1 1 1 4 4 1 1 1 1 44 44 1 1 1 1 17 17 1 1 1 1 110 110 1 1 1 1 15 15 1 1 1 1 6 6 1 1 1 1 8 8 1 1 1 1 2 2 1 1 1 1 11 11 1 1 1 1 5 5 1 1 1 1 3 3 1 1 1 1 33 33 1 1 1 1 31 31 1 1 1 1 35 35 1 1 1 1 3 3 1 1 1 1 6 6 1 1 1 1 8 8 1 1 1 1 11 11 1 1 1 1 1 1 1 1 1 1 5 5 1 1 1 1 19 19 1 1 1 1 11 11 1 1 1 1 9 9 1 1 1 1 20 20 1 1 1 1 4 4 1 1 1 1 1 1 1 1 6 6 1 1 1 1 4 4 1 1 1 1 1 1 1 1 5 5 1 1 1 1 1 1 171 171 2 2 1 1 1 1 11 11 1 1 1 1 55 55 2 2 2 2 1 1 3 3 3 3 7 7 1 1 1 1 19 19 1 1 1 1 22 22 1 1 1 1 3 3 1 1 1 1 32 32 1 1 1 1 29 29 1 1 1 1 22 22 1 1 1 1 15 15 1 1 1 1 37 37 1 1 1 1 15 15 1 1 1 1 19 19 1 1 1 1 8 8 1 1 1 1 4 4 1 1 1 1 8 8 1 1 1 1 28 28 3929 3929 1336 543 578 3351
3076 3076 46 46 1 1 1 1 6 6 1 1 1 1 145 145 1 1 1 1 47 47 1 1 1 1 85 85 1 1 1 1 17 17 1 1 1 1 61 61 1 1 1 1 55 55 1 1 1 1 141 141 1 1 1 1 21 21 1 1 1 1 11 11 1 1 1 1 70 70 1 1 1 1 73 73 1 1 1 1 11 11 1 1 1 1 80 80 1 1 62 62 1 1 1 1 91 91 1 1 1 1 7 7 1 1 1 1 21 21 1 1 1 1 20 20 1 1 2 2 1 1 2 2 84 84 1 1 1 1 1 1 1 1 1 1 40 40 1 1 1 1 48 48 1 1 1 1 106 106 1 1 1 1 12 12 1 1 1 1 37 37 1 1 1 1 31 31 1 1 1 1 47 47 1 1 1 1 99 99 1 1 1 1 32 32 1 1 1 1 15 15 1 1 1 1 4 4 1 1 1 1 3 3 1 1 1 1 1 1 1 1 44 44 1 1 1 1 17 17 1 1 1 1 110 110 1 1 1 1 15 15 1 1 1 1 6 6 1 1 1 1 7 7 1 1 1 1 1 1 1 1 2 2 1 1 1 1 3 3 1 1 7 7 1 1 1 1 5 5 1 1 1 1 3 3 1 1 1 1 1 1 1 1 3 3 1 1 1 1 13 13 1 1 1 1 14 14 1 1 1 1 31 31 1 1 1 1 9 9 1 1 1 1 24 24 171 171 1 1 1 1 1 1 3 3 1 1 1 1 1 1 1 1 11 11 1 1 1 1 11 11 1 1 1 1 2 2 1 1 1 1 1 1 1 1 1 1 5 5 1 1 1 1 28 28 2 2 2 2 9 9 1 1 1 1 28 28 1 1 1 1 22 22 1 1 1 1 11 11 1 1 1 1 9 9 1 1 1 1 45 45 2 2 2 2 11 11 1 1 1 1 9 9 1 1 1 1 26 26 1 1 1 1 9 9 1 1 1 1 23 23 1 1 1 1 38 38 1 1 1 1 22 22 1 1 1 1 15 15 1 1 1 1 14 14 1 1 1 1 11 11 1 1 4 4 1 1 1 1 220 220 2 2 2 2 1 1 1 1 1 1 1 1 1 1 122 122 1 1 1 1 35 35 1 1 1 1 36 36 1 1 1 1 143 143 1 1 1 1 21 21 1 1 1 1 31 31 1 1 1 1 12 12 1 1 1 1 40 40 1 1 1 1 35 35 1 1 1 1 39 39 1 1 1 1 111 111 1 1 1 1 13 13 1 1 1 1 23 23 1 1 1 1 45 45 1 1 1 1 106 106 1 1 1 1 47 47 1 1 1 1 76 76 1 1 1 1 18 18 1879 1879 2428 648 677 1202
3076 3076 46 46 1 1 1 1 6 6 1 1 1 1 145 145 1 1 1 1 47 47 1 1 1 1 85 85 1 1 1 1 17 17 1 1 1 1 61 61 1 1 1 1 55 55 1 1 1 1 141 141 1 1 1 1 21 21 1 1 1 1 11 11 1 1 1 1 70 70 1 1 1 1 73 73 1 1 1 1 11 11 1 1 1 1 80 80 1 1 62 62 1 1 1 1 91 91 1 1 1 1 7 7 1 1 1 1 21 21 1 1 1 1 20 20 1 1 2 2 1 1 2 2 84 84 1 1 1 1 1 1 1 1 1 1 40 40 1 1 1 1 48 48 1 1 1 1 106 106 1 1 1 1 12 12 1 1 1 1 37 37 1 1 1 1 31 31 1 1 1 1 47 47 1 1 1 1 99 99 1 1 1 1 32 32 1 1 1 1 15 15 1 1 1 1 4 4 1 1 1 1 3 3 1 1 1 1 1 1 1 1 44 44 1 1 1 1 17 17 1 1 1 1 110 110 1 1 1 1 15 15 1 1 1 1 6 6 1 1 1 1 7 7 1 1 1 1 1 1 1 1 2 2 1 1 1 1 3 3 1 1 7 7 1 1 1 1 5 5 1 1 1 1 3 3 1 1 1 1 1 1 1 1 3 3 1 1 1 1 13 13 1 1 1 1 14 14 1 1 1 1 31 31 1 1 1 1 9 9 1 1 1 1 24 24 171 171 1 1 1 1 1 1 3 3 1 1 1 1 1 1 1 1 11 11 1 1 1 1 11 11 1 1 1 1 2 2 1 1 1 1 1 1 1 1 1 1 5 5 1 1 1 1 28 28 2 2 2 2 9 9 1 1 1 1 28 28 1 1 1 1 22 22 1 1 1 1 11 11 1 1 1 1 9 9 1 1 1 1 45 45 2 2 2 2 11 11 1 1 1 1 9 9 1 1 1 1 26 26 1 1 1 1 9 9 1 1 1 1 23 23 1 1 1 1 38 38 1 1 1 1 22 22 1 1 1 1 15 15 1 1 1 1 14 14 1 1 1 1 11 11 1 1 4 4 1 1 1 1 220 220 2 2 2 2 1 1 1 1 1 1 1 1 1 1 122 122 1 1 1 1 35 35 1 1 1 1 36 36 1 1 1 1 143 143 1 1 1 1 21 21 1 1 1 1 31 31 1 1 1 1 12 12 1 1 1 1 40 40 1 1 1 1 35 35 1 1 1 1 39 39 1 1 1 1 111 111 1 1 1 1 13 13 1 1 1 1 23 23 1 1 1 1 45 45 1 1 1 1 106 106 1 1 1 1 47 47 1 1 1 1 76 76 1 1 1 1 18 18 1879 1879 2182 894 626 1253
1879 1879 70 70 1 1 1 1 55 55 1 1 1 1 94 94 1 1 1 1 43 43 1 1 2 2 1 1 1 1 21 21 1 1 1 1 11 11 1 1 1 1 29 29 1 1 1 1 1 1 1 1 3 3 1 1 10 10 1 1 1 1 5 5 1 1 1 1 3 3 2 2 2 2 3 3 1 1 1 1 10 10 1 1 1 1 2 2 1 1 1 1 18 18 1 1 1 1 13 13 1 1 1 1 23 23 1 1 1 1 13 13 1 1 1 1 11 11 1 1 1 1 1 1 1 1 1 1 3 3 1 1 1 1 4 4 1 1 1 1 4 4 2 2 2 2 2 2 1 1 1 1 15 15 1 1 1 1 5 5 1 1 1 1 4 4 1 1 1 1 8 8 1 1 1 1 3 3 1 1 1 1 2 2 1 1 1 1 11 11 1 1 6 6 1 1 1 1 30 30 1 1 1 1 2 2 2 2 2 2 26 26 1 1 1 1 18 18 1 1 1 1 5 5 2 2 2 2 11 11 1 1 1 1 5 5 2 2 2 2 5 5 1 1 1 1 4 4 1 1 1 1 21 21 1 1 1 1 16 16 3 3 3 3 13 13 1 1 1 1 10 10 1 1 1 1 14 14 1 1 1 1 5 5 1 1 1 1 3 3 3 3 1 1 3 3 1 1 3 3 2 2 2 2 25 25 1 1 1 1 3 3 1 1 1 1 30 30 1 1 1 1 7 7 1 1 1 1 7 7 1 1 1 1 16 16 1 1 1 1 10 10 1 1 1 1 12 12 1 1 1 1 9 9 1 1 1 1 36 36 1 1 1 1 1 1 1 1 1 1 104 104 1 1 1 1 1 1 1 1 1 1 1 1 1 1 1 1 4 4 1 1 1 1 6 6 1 1 1 1 28 28 1 1 1 1 4 4 1 1 1 1 8 8 1 1 1 1 1 1 1 1 1 1 4 4 1 1 1 1 21 21 114 114 1 1 1 1 86 86 1 1 1 1 79 79 1 1 1 1 41 41 1 1 1 1 57 57 1 1 1 1 90 90 2 2 2 2 68 68 1 1 1 1 234 234 1 1 1 1 19 19 1 1 1 1 28 28 1 1 1 1 27 27 22 22 1 1 1 1 1 1 1 1 1 1 21 21 1 1 1 1 7 7 1 1 1 1 27 27 1 1 1 1 31 31 1 1 1 1 61 61 1 1 1 1 1 1 1 1 1 1 12 12 1 1 1 1 1 1 1 1 1 1 1 1 1 1 17 17 1 1 1 1 36 36 1 1 1 1 17 17 1 1 1 1 7 7 1 1 1 1 1 1 1 1 1 1 24 24 1 1 1 1 2 2 1 1 1 1 6 6 1 1 1 1 2 2 1 1 1 1 10 10 1 1 1 1 12 12 20 20 1 1 1 1 2 2 1 1 1 1 15 15 1 1 1 1 11 11 1 1 1 1 22 22 1 1 1 1 26 26 1 1 1 1 9 9 1 1 1 1 3 3 2 2 2 2 81 81 1 1 1 1 3 3 1 1 1 1 27 27 1 1 1 1 1 1 1 1 1 1 5 5 1 1 1 1 68 68 1 1 1 1 34 34 1 1 1 1 110 110 1 1 1 1 128 128 1 1 1 1 233 233 1 1 1 1 69 69 54 54 1 1 1 1 5 5 1 1 1 1 10 10 1 1 1 1 18 18 1 1 1 1 36 36 1 1 1 1 73 73 2 2 2 2 135 135 1 1 1 1 32 32 1 1 1 1 7 7 1 1 1 1 75 75 1 1 1 1 95 95 1 1 1 1 15 15 1 1 1 1 13 13 1 1 1 1 23 23 1 1 1 1 152 152 1 1 1 1 47 47 1 1 1 1 165 165 1 1 1 1 55 55 1 1 1 1 141 141 1 1 1 1 12 12 1 1 1 1 8 8 1 1 1 1 11 11 1 1 1 1 29 29 2 2 2 2 6 6 1 1 7 7 1 1 1 1 5 5 1 1 1 1 3 3 2 2 2 2 3 3 1 1 1 1 10 10 1 1 1 1 2 2 1 1 1 1 56 56 1 1 1 1 13 13 1 1 1 1 11 11 1 1 1 1 1 1 1 1 1 1 3 3 1 1 1 1 4 4 1 1 1 1 4 4 2 2 2 2 2 2 1 1 1 1 15 15 1 1 1 1 5 5 1 1 1 1 17 17 1 1 1 1 2 2 1 1 1 1 17 17 1 1 2 2 30 30 1 1 1 1 2 2 2 2 2 2 26 26 1 1 1 1 18 18 1 1 1 1 5 5 2 2 2 2 11 11 1 1 1 1 5 5 2 2 2 2 5 5 1 1 1 1 4 4 1 1 1 1 21 21 1 1 1 1 16 16 3 3 3 3 13 13 1 1 1 1 10 10 1 1 1 1 14 14 1 1 1 1 5 5 1 1 1 1 6 6 1 1 1 1 3 3 2 2 2 2 25 25 1 1 1 1 3 3 1 1 1 1 8 8 1 1 1 1 37 37 1 1 1 1 27 27 1 1 1 1 12 12 1 1 1 1 9 9 1 1 1 1 36 36 1 1 1 1 1 1 1 1 1 1 104 104 1 1 1 1 1 1 1 1 1 1 6 6 1 1 1 1 6 6 1 1 1 1 28 28 1 1 1 1 4 4 1 1 1 1 8 8 1 1 1 1 1 1 1 1 1 1 33 33 2 2 2 2 7 7 2 2 2 2 4 4 1 1 1 1 7 7 1 1 1 1 15 15 1 1 1 1 35 35 1 1 1 1 27 27 1 1 1 1 3 3 1 1 1 1 63 63 1 1 1 1 20 20 1 1 4 4 1 1 7 7 1 1 1 1 11 11 1 1 1 1 24 24 1 1 1 1 17 17 1 1 1 1 7 7 1 1 1 1 17 17 1 1 1 1 8 8 1 1 1 1 8 8 1 1 1 1 1 1 2 2 1 1 1 1 43 43 1 1 1 1 2 2 1 1 1 1 15 15 1 1 1 1 11 11 1 1 1 1 3 3 1 1 6 6 1 1 8 8 1 1 2 2 1 1 1 1 11 11 1 1 5 5 1 1 3 3 1 1 4 4 1 1 1 1 9 9 1 1 1 1 3 3 2 2 2 2 13 13 1 1 8 8 1 1 14 14 1 1 1 1 7 7 1 1 35 35 1 1 3 3 1 1 1 1 22 22 1 1 1 1 4 4 1 1 1 1 1 1 1 1 1 1 4 4 1 1 1 1 1 1 10 10 1 1 1 1 2 2 1 1 1 1 17 17 1 1 1 1 5 5 1 1 1 1 1 1 1 1 1 1 27 27 1 1 1 1 1 1 1 1 22 22 1 1 11 11 1 1 1 1 26 26 1 1 1 1 2 2 1 1 1 1 1 1 1849 1849 1325 554 739 1110


3415 3415 4 4 1 1 1 1 28 28 1 1 1 1 4 4 1 1 1 1 8 8 1 1 1 1 1 1 1 1 1 1 33 33 2 2 2 2 7 7 2 2 2 2 4 4 1 1 1 1 7 7 1 1 1 1 15 15 1 1 1 1 35 35 1 1 1 1 27 27 1 1 1 1 3 3 1 1 1 1 63 63 1 1 1 1 33 33 1 1 1 1 36 36 1 1 1 1 17 17 1 1 1 1 7 7 1 1 1 1 5 5 1 1 1 1 20 20 1 1 1 1 9 9 1 1 1 1 2 2 2 2 43 43 1 1 1 1 2 2 1 1 1 1 15 15 1 1 1 1 11 11 1 1 1 1 22 22 1 1 1 1 26 26 1 1 1 1 13 13 2 2 2 2 22 22 1 1 14 14 1 1 1 1 47 47 1 1 1 1 22 22 1 1 1 1 4 4 1 1 1 1 1 1 1 1 1 1 4 4 1 1 1 1 11 11 1 1 1 1 2 2 1 1 1 1 17 17 1 1 1 1 5 5 1 1 1 1 1 1 1 1 1 1 27 27 2 2 2 2 34 34 1 1 1 1 2 2 1 1 1 1 23 23 1 1 1 1 2 2 1 1 1 1 23 23 1 1 1 1 1 1 2 2 2 2 3 3 1 1 1 1 7 7 1 1 1 1 6 6 1 1 1 1 6 6 1 1 1 1 5 5 1 1 1 1 2 2 1 1 1 1 6 6 1 1 1 1 7 7 2 2 2 2 9 9 1 1 1 1 4 4 1 1 1 1 11 11 170 170 8 8 6 6 6 6 1 1 1 1 1 1 4 4 1 1 1 1 2 2 1 1 1 1 2 2 2 2 2 2 8 8 1 1 1 1 1 1 1 1 1 1 8 8 1 1 1 1 21 21 1 1 1 1 23 23 1 1 1 1 2 2 2 2 2 2 8 8 1 1 1 1 7 7 1 1 1 1 6 6 1 1 1 1 47 47 1 1 1 1 18 18 1 1 1 1 37 37 1 1 1 1 4 4 1 1 1 1 1 1 2 2 2 2 7 7 74 74 1 1 1 1 27 27 1 1 20 20 2 2 2 2 5 5 1 1 1 1 4 4 1 1 1 1 83 83 1 1 1 1 17 17 1 1 32 32 1 1 1 1 46 46 1 1 1 1 17 17 1 1 1 1 7 7 1 1 32 32 1 1 17 17 1 1 1 1 57 57 1 1 1 1 80 80 1 1 13 13 1 1 1 1 16 16 1 1 13 13 1 1 7 7 1 1 15 15 1 1 1 1 45 45 1 1 1 1 108 108 1 1 1 1 8 8 1 1 36 36 1 1 1 1 104 104 18 18 27 27 1 1 1 1 15 15 1 1 1 1 44 44 1 1 105 105 1 1 1 1 46 46 1 1 1 1 21 21 1 1 1 1 11 11 1 1 1 1 29 29 1 1 1 1 1 1 1 1 6 6 1 1 1 1 1 1 5 5 1 1 1 1 5 5 1 1 1 1 3 3 2 2 2 2 3 3 1 1 1 1 10 10 1 1 1 1 2 2 1 1 1 1 18 18 1 1 37 37 1 1 13 13 1 1 1 1 11 11 1 1 1 1 1 1 79 79 1 1 27 27 1 1 1 1 34 34 1 1 1 1 56 56 12 12 1 1 1 1 8 8 1 1 16 16 3 3 13 13 1 1 10 10 1 1 1 1 14 14 1 1 5 5 1 1 1 1 1 1 1 1 2 2 4 4 3 3 2 2 25 25 1 1 3 3 1 1 1 1 46 46 1 1 1 1 27 27 1 1 12 12 1 1 1 1 9 9 1 1 36 36 1 1 1 1 1 1 1 1 104 104 1 1 1 1 1 1 1 1 6 6 1 1 6 6 1 1 28 28 1 1 4 4 1 1 8 8 1 1 1 1 1 1 33 33 2 2 7 7 1 1 1 1 1 1 4 4 1 1 7 7 3483 3483 2345 1070 1424 2059
4095 4095 6 6 1 1 1 1 5 5 1 1 1 1 9 9 1 1 1 1 24 24 1 1 1 1 1 1 2 2 2 2 3 3 1 1 1 1 10 10 1 1 1 1 8 8 1 1 1 1 1 1 2 2 2 2 6 6 1 1 1 1 16 16 1 1 1 1 3 3 1 1 1 1 23 23 2 2 2 2 3 3 1 1 1 1 4 4 3 3 3 3 1 1 1 1 1 1 12 12 1 1 1 1 10 10 1 1 1 1 2 2 1 1 1 1 9 9 1 1 1 1 2 2 1 1 1 1 10 10 2 2 2 2 7 7 1 1 1 1 13 13 1 1 1 1 1 1 1 1 1 1 7 7 1 1 9 9 1 1 1 1 1 1 1 1 1 1 7 7 1 1 1 1 14 14 2 2 2 2 1 1 1 1 1 1 1 1 1 1 1 1 1 1 1 1 1 1 5 5 1 1 1 1 2 2 1 1 1 1 2 2 1 1 1 1 4 4 1 1 1 1 2 2 1 1 1 1 1 1 1 1 1 1 8 8 1 1 1 1 5 5 1 1 1 1 1 1 1 1 1 1 3 3 1 1 1 1 14 14 345 345 3 3 8 8 1 1 1 1 3 3 1 1 1 1 7 7 1 1 1 1 6 6 1 1 1 1 17 17 2 2 2 2 10 10 1 1 1 1 2 2 1 1 1 1 7 7 1 1 1 1 1 1 1 1 1 1 2 2 1 1 1 1 14 14 4 4 4 4 3 3 2 2 2 2 7 7 1 1 1 1 2 2 1 1 1 1 2 2 1 1 1 1 12 12 1 1 1 1 13 13 1 1 1 1 6 6 2 2 2 2 11 11 1 1 1 1 14 14 1 1 2 2 1 1 1 1 1 1 2 2 2 2 5 5 1 1 1 1 2 2 1 1 1 1 9 9 1 1 1 1 4 4 1 1 1 1 7 7 1 1 1 1 2 2 1 1 1 1 7 7 1 1 1 1 1 1 3 3 3 3 4 4 1 1 1 1 13 13 1 1 1 1 5 5 1 1 1 1 1 1 1 1 1 1 6 6 1 1 3 3 10 10 2 2 2 2 6 6 1 1 1 1 6 6 1 1 1 1 1 1 1 1 1 1 12 12 2 2 1 1 1 1 1 1 7 7 1 1 1 1 14 14 1 1 1 1 20 20 1 1 1 1 3 3 1 1 1 1 26 26 172 172 1 1 9 9 1 1 1 1 10 10 1 1 1 1 1 1 2 2 2 2 14 14 1 1 1 1 7 7 1 1 1 1 1 1 1 1 1 1 1 1 2 2 2 2 6 6 1 1 1 1 6 6 2 2 2 2 1 1 1 1 1 1 3 3 1 1 1 1 6 6 1 1 1 1 2 2 1 1 1 1 9 9 1 1 1 1 1 1 1 1 1 1 5 5 1 1 1 1 2 2 2 2 2 2 9 9 1 1 1 1 2 2 2 2 2 2 8 8 1 1 1 1 22 22 1 1 10 10 1 1 1 1 4 4 1 1 1 1 22 22 1 1 1 1 34 34 1 1 1 1 9 9 1 1 1 1 2 2 1 1 1 1 5 5 1 1 1 1 4 4 1 1 1 1 26 26 1 1 1 1 8 8 1 1 1 1 2 2 1 1 1 1 13 13 1 1 1 1 5 5 1 1 1 1 7 7 1 1 1 1 4 4 1 1 1 1 53 53 1 1 1 1 1 1 1 1 1 1 2 2 1 1 1 1 2 2 1 1 1 1 2 2 1 1 1 1 14 14 1 1 1 1 3 3 1 1 1 1 12 12 171 171 16 16 1 1 1 1 6 6 1 1 1 1 8 8 1 1 1 1 22 22 1 1 1 1 2 2 1 1 1 1 12 12 1 1 1 1 3 3 2 2 2 2 16 16 1 1 1 1 53 53 1 1 1 1 4 4 1 1 1 1 3 3 1 1 1 1 9 9 1 1 1 1 55 55 1 1 1 1 12 12 1 1 1 1 112 112 1 1 1 1 11 11 1 1 1 1 3 3 1 1 1 1 14 14 1 1 1 1 4 4 1 1 1 1 8 8 1 1 1 1 4 4 1 1 1 1 8 8 1 1 1 1 11 11 1 1 1 1 1 1 1 1 1 1 21 21 1 1 1 1 8 8 2 2 2 2 6 6 1 1 1 1 5 5 1 1 1 1 26 26 2 2 2 2 8 8 1 1 1 1 14 14 1 1 1 1 20 20 1 1 1 1 6 6 1 1 1 1 3 3 1 1 1 1 34 34 1 1 1 1 28 28 1 1 1 1 13 13 1 1 1 1 1 1 2 2 2 2 79 79 1 1 1 1 26 26 1 1 1 1 12 12 1 1 1 1 17 17 1 1 1 1 4 4 1 1 1 1 20 20 1 1 1 1 2 2 1 1 1 1 27 27 1 1 1 1 15 15 1 1 1 1 2 2 1 1 1 1 5 5 1 1 1 1 17 17 1 1 1 1 6 6 1 1 1 1 14 14 2 2 2 2 2 2 1 1 1 1 13 13 1 1 1 1 4 4 1 1 344 344 7 7 1 1 1 1 4 4 2 2 2 2 60 60 1 1 1 1 9 9 1 1 1 1 7 7 1 1 1 1 15 15 1 1 1 1 2 2 1 1 1 1 17 17 1 1 1 1 5 5 1 1 1 1 6 6 1 1 1 1 21 21 2 2 2 2 36 36 1 1 1 1 25 25 1 1 1 1 2 2 1 1 1 1 8 8 1 1 1 1 14 14 2 2 2 2 13 13 1 1 1 1 6 6 1 1 1 1 6 6 1 1 1 1 8 8 1 1 1 1 6 6 2 2 2 2 6 6 1 1 1 1 9 9 2 2 2 2 4 4 1 1 1 1 8 8 1 1 1 1 2 2 170 170 8 8 2 2 2 2 2 2 2 2 2 2 1 1 1 1 1 1 4 4 2 2 2 2 1 1 1 1 1 1 2 2 2 2 2 2 8 8 1 1 1 1 1 1 1 1 1 1 16 16 2 2 2 2 7 7 1 1 1 1 13 13 1 1 1 1 8 8 2 2 2 2 4 4 1 1 1 1 34 34 1 1 1 1 51 51 2 2 2 2 18 18 1 1 1 1 49 49 2 2 2 2 22 22 1 1 1 1 4 4 1 1 1 1 3 3 1 1 1 1 5 5 2 2 2 2 23 23 1 1 1 1 1 1 1 1 1 1 7 7 1 1 1 1 2 2 1 1 1 1 13 13 4 4 4 4 2 2 2 2 2 2 7 7 1 1 1 1 3 3 1 1 1 1 1 1 1 1 1 1 2 2 2 2 2 2 22 22 2 2 2 2 20 20 1 1 1 1 2 2 1 1 1 1 1 1 1 1 1 1 4 4 2 2 2 2 2 2 1 1 1 1 14 14 1 1 1 1 2 2 3 3 3 3 1 1 2 2 2 2 5 5 1 1 1 1 1 1 1 1 1 1 3 3 2 2 2 2 18 18 1 1 4 4 1 1 1 1 9 9 1 1 1 1 2 2 1 1 1 1 9 9 1 1 1 1 3 3 3 3 3 3 12 12 1 1 1 1 1 1 4 4 1 1 1 1 1 1 1 1 1 1 4 4 1 1 1 1 1 1 1 1 1 1 6 6 2 2 2 2 8 8 1 1 1 1 2 2 2 2 13 13 1 1 1 1 5 5 1 1 1 1 2 2 2 2 4 4 1 1 1 1 4 4 1 1 1 1 9 9 1 1 1 1 1 1 6 6 1 1 1 1 1 1 2 2 2 2 1 1 1 1 1 1 1 1 2 2 2 2 2 2 1 1 1 1 1 1 3 3 1 1 1 1 1 1 1 1 1 1 6 6 1 1 1 1 1 1 1 1 5 5 1 1 1 1 3 3 1 1 1 1 1 1 1 1 1 1 21 21 1 1 1 1 2 2 2 2 2 2 5 5 1 1 1 1 1 1 1 1 1 1 1 1 1 1 1 1 2 2 2 2 1 1 1 1 2 2 2 2 2 2 1 1 1 1 1 1 5 5 2 2 2 2 6 6 1 1 1 1 6 6 1 1 1 1 4 4 1 1 1 1 2 2 1 1 1 1 2 2 1 1 1 1 7 7 1 1 1 1 11 11 1 1 1 1 1 1 1 1 1 1 3 3 1 1 1 1 3 3 1 1 1 1 3 3 1 1 1 1 1 1 1 1 4 4 1 1 1 1 4 4 1 1 1 1 4 4 2 2 3 3 2 2 2 2 2 2 2 2 6 6 1 1 1 1 1 1 1 1 1 1 1 1 1 1 1 1 1 1 1 1 1 1 1 1 1 1 6 6 1 1 1 1 2 2 1 1 1 1 5 5 1 1 1 1 2 2 2 2 2 2 1 1 2 2 2 2 5 5 1 1 1 1 1 1 1 1 3 3 1 1 1 1 6 6 1 1 1 1 14 14 1 1 1 1 1 1 2 2 2 2 2 2 1 1 2 2 1 1 1 1 1 1 2 2 1 1 2 2 2 2 2 2 1 1 1 1 1 1 1 1 1 1 1 1 1 1 1 1 5 5 1 1 1 1 4 4 1 1 1 1 9 9 1 1 1 1 3 3 1 1 1 1 14 14 2 2 2 2 3 3 1 1 1 1 3 3 1 1 1 1 1 1 1 1 1 1 1 1 1 1 1 1 5 5 1 1 1 1 3 3 3 3 3 3 5 5 3 3 3 3 1 1 2 2 6 6 1 1 1 1 9 9 1 1 1 1 1 1 1 1 1 1 8 8 1 1 1 1 8 8 1 1 1 1 2 2 2 2 2 2 1 1 2 2 2 2 5 5 4 4 4 4 1 1 1 1 1 1 6 6 2 2 2 2 4 4 1 1 1 1 10 10 1 1 1 1 8 8 1 1 1 1 2 2 3 3 1 1 2 2 2 2 1 1 1 1 1 1 4 4 1 1 1 1 1 1 1 1 1 1 1 1 1 1 2 2 1 1 1 1 2 2 1 1 1 1 6 6 1 1 1 1 1 1 1 1 1 1 1 1 1 1 15 15 2 2 2 2 7 7 1 1 1 1 3 3 1 1 1 1 1 1 1 1 8 8 1 1 1 1 2 2 3 3 5 5 1 1 2 2 1 1 1 1 1 1 1 1 1 1 2 2 2 2 6 6 1 1 1 1 6 6 2 2 2 2 1 1 1 1 1 1 3 3 1 1 1 1 6 6 1 1 1 1 8 8 1 1 1 1 3 3 1 1 1 1 1 1 1 1 1 1 8 8 2 2 2 2 4 4 4 4 2 2 2 2 11 11 1 1 1 1 4 4 1 1 1 1 1 1 1 1 1 1 3 3 1 1 1 1 2 2 2 2 2 2 12 12 2 2 2 2 4 4 1 1 1 1 8 8 1 1 1 1 3 3 1 1 1 1 21 21 1 1 1 1 11 11 1 1 1 1 2 2 2 2 2 2 17 17 1 1 1 1 7 7 1 1 1 1 1 1 1 1 1 1 3 3 1 1 5 5 2 2 2 2 13 13 1 1 1 1 3 3 1 1 1 1 5 5 1 1 1 1 4 4 1 1 1 1 8 8 2 2 2 2 12 12 3 3 3 3 3 3 1 1 1 1 6 6 2 2 2 2 5 5 1 1 2 2 2 2 2 2 5 5 1 1 1 1 4 4 1 1 1 1 1 1 1 1 1 1 9 9 2 2 2 2 2 2 1 1 1 1 11 11 1 1 1 1 1 1 1 1 1 1 14 14 1 1 1 1 18 18 1 1 1 1 1 1 1 1 1 1 1 1 1 1 1 1 2 2 1 1 1 1 5 5 1 1 1 1 1 1 1 1 1 1 3 3 2 2 2 2 6 6 1 1 1 1 1 1 1 1 1 1 3 3 1 1 1 1 2 2 1 1 1 1 2 2 1 1 14 14 1 1 1 1 2 2 1 1 1 1 13 13 1 1 1 1 9 9 1 1 1 1 3 3 1 1 1 1 2 2 2 2 1 1 1 1 5 5 12 12 1 1 1 1 24 24 1 1 1 1 10 10 1 1 1 1 4 4 1 1 1 1 14 14 1 1 1 1 5 5 1 1 1 1 3 3 1 1 1 1 29 29 2 2 2 2 24 24 1 1 1 1 11 11 1 1 1 1 37 37 1 1 1 1 8 8 1 1 1 1 3 3 1 1 1 1 45 45 2 2 2 2 27 27 1 1 1 1 12 12 1 1 1 1 9 9 1 1 1 1 30 30 1 1 1 1 5 5 1 1 1 1 1 1 1 1 1 1 104 104 1 1 1 1 1 1 1 1 1 1 6 6 1 1 1 1 6 6 1 1 1 1 28 28 1 1 1 1 4 4 1 1 1 1 8 8 1 1 1 1 1 1 1 1 1 1 33 33 2 2 2 2 7 7 2 2 2 2 4 4 1 1 1 1 7 7 1 1 1 1 23 23 1 1 1 1 27 27 1 1 1 1 27 27 1 1 1 1 3 3 1 1 1 1 18 18 1 1 1 1 44 44 1 1 1 1 33 33 1 1 1 1 36 36 1 1 1 1 17 17 1 1 1 1 7 7 1 1 1 1 26 26 1 1 1 1 9 9 1 1 1 1 2 2 1 1 1 1 43 43 1 1 1 1 2 2 1 1 1 1 15 15 1 1 1 1 11 11 1 1 1 1 22 22 1 1 1 1 19 19 1 1 1 1 6 6 1 1 1 1 13 13 2 2 2 2 19 19 1 1 17 17 1 1 1 1 47 47 1 1 1 1 22 22 1 1 1 1 4 4 1 1 1 1 1 1 1 1 1 1 4 4 1 1 1 1 11 11 1 1 1 1 2 2 1 1 1 1 17 17 1 1 1 1 5 5 1 1 1 1 1 1 1 1 1 1 4 4 1 1 1 1 22 22 2 2 2 2 34 34 1 1 1 1 26 26 1 1 1 1 2 2 1 1 1 1 23 23 1 1 1 1 1 1 2 2 2 2 3 3 1 1 1 1 7 7 1 1 1 1 6 6 1 1 1 1 6 6 1 1 1 1 5 5 1 1 1 1 2 2 1 1 1 1 6 6 1 1 1 1 7 7 2 2 2 2 9 9 1450 1450 2960 1135 726 724
1450 1450 21 21 1 1 1 1 38 38 1 1 1 1 3 3 1 1 1 1 643 643 1 1 1 1 56 56 1 1 1 1 21 21 1 1 1 1 23 23 1 1 1 1 723 723 3 3 1 1 23 23 1 1 27 27 1 1 27 27 2 2 2 2 1 1 26 26 1 1 15 15 1 1 20 20 1 1 33 33 1 1 62 62 1 1 1 1 1 1 24 24 1 1 12 12 1 1 10 10 1 1 32 32 1 1 2 2 1 1 14 14 1 1 8 8 1 1 3 3 1 1 15 15 1 1 2 2 1 1 5 5 1 1 6 6 1 1 10 10 1 1 6 6 1 1 13 13 2 2 2 2 1 1 18 18 1 1 14 14 1 1 26 26 1 1 33 33 1 1 9 9 1 1 7 7 1 1 15 15 1 1 2 2 1 1 3 3 1 1 13 13 1 1 5 5 1 1 6 6 1 1 21 21 2 2 36 36 1 1 25 25 1 1 2 2 1 1 8 8 1 1 14 14 1 1 14 14 1 1 6 6 1 1 6 6 1 1 2 2 1 1 5 5 1 1 6 6 1 1 7 7 2 2 9 9 1 1 4 4 1 1 8 8 1 1 2 2 170 170 8 8 2 2 2 2 2 2 1 1 1 1 4 4 2 2 1 1 1 1 2 2 2 2 8 8 1 1 1 1 1 1 16 16 2 2 7 7 1 1 13 13 1 1 8 8 2 2 4 4 1 1 34 34 1 1 51 51 2 2 18 18 1 1 115 115 1 1 11 11 2 2 35 35 6 6 1 1 4 4 1 1 38 38 1 1 8 8 1 1 5 5 1 1 1 1 29 29 1 1 8 8 1 1 1 1 3 3 1 1 1 1 11 11 1 1 25 25 1 1 5 5 1 1 7 7 1 1 4 4 1 1 53 53 1 1 4 4 1 1 168 168 8 8 192 192 1 1 1 1 89 89 1 1 1 1 24 24 1 1 1 1 19 19 1 1 1 1 23 23 1 1 1 1 56 56 1 1 1 1 21 21 1 1 1 1 23 23 1 1 1 1 450 450 188 188 1 1 1 1 1 1 556 556 1 1 1 1 18 18 1 1 1 1 1065 1065 358 358 1 1 1 1 637 637 1 1 1 1 419 419 1 1 1 1 111 111 3 3 1 1 18 18 1 1 1 1 1 1 1 1 1 1 1 1 2 2 2 2 1 1 1 1 1 1 3 3 1 1 1 1 1 1 1 1 1 1 28 28 1 1 1 1 1 1 1 1 1 1 20 20 510 510 5 5 1 1 1 1 1 1 1 1 1 1 3 3 1 1 1 1 3 3 1 1 1 1 6 6 1 1 1 1 6 6 1 1 1 1 13 13 1 1 1 1 17 17 4 4 1 1 1 1 1 1 2 2 2 2 6 6 171 171 9 9 5 5 35 35 1 1 1 1 8 8 1 1 1 1 3 3 1 1 1 1 5 5 1 1 31 31 1 1 1 1 5 5 1 1 1 1 6 6 1 1 1 1 1 1 1 1 4 4 1 1 1 1 53 53 1 1 4 4 1 1 1 1 2 2 1 1 1 1 10 10 1 1 1 1 7 7 1 1 1 1 21 21 1 1 59 59 1 1 1 1 2 2 1 1 1 1 1 1 1 1 24 24 1 1 1 1 35 35 1 1 1 1 20 20 1 1 1 1 8 8 1 1 1 1 1 1 16 16 1 1 1 1 13 13 1 1 1 1 10 10 1 1 1 1 1 1 1 1 19 19 1 1 1 1 9 9 2 2 2 2 5 5 1 1 1 1 1 1 1 1 1 1 104 104 1 1 1 1 8 8 1 1 1 1 1 1 1 1 1 1 4 4 1 1 1 1 7 7 1 1 1 1 20 20 1 1 1 1 4 4 1 1 1 1 6 6 1 1 1 1 1 1 1 1 1 1 10 10 1 1 1 1 11 11 1 1 1 1 12 12 2 2 2 2 15 15 2 2 2 2 4 4 1 1 1 1 8 8 1 1 1 1 1 1 8 8 2 2 2 2 4 4 1 1 1 1 27 27 1 1 1 1 3 3 1 1 2 2 1 1 1 1 20 20 1 1 1 1 3 3 1 1 1 1 18 18 1 1 1 1 8 8 1 1 1 1 18 18 1 1 1 1 16 16 1 1 1 1 33 33 1 1 1 1 21 21 1 1 1 1 40 40 1 1 1 1 5 5 119 119 1 1 1 1 127 127 1 1 1 1 71 71 1 1 1 1 13 13 38 38 1 1 1 1 27 27 1 1 1 1 62 62 1 1 1 1 289 289 1 1 1 1 161 161 1 1 1 1 76 76 1 1 1 1 68 68 1 1 1 1 67 67 1 1 1 1 39 39 1 1 1 1 27 27 129 129 1 1 1 1 22 22 1 1 1 1 16 16 1 1 1 1 1 1 24 24 1 1 17 17 1 1 1 1 7 7 1 1 1 1 35 35 1 1 1 1 26 26 1 1 1 1 11 11 2 2 2 2 10 10 1 1 1 1 2 2 1 1 1 1 17 17 1 1 1 1 5 5 1 1 1 1 1 1 1 1 1 1 4 4 1 1 1 1 22 22 1 1 1 1 62 62 1 1 1 1 2 2 1 1 1 1 23 23 1 1 1 1 1 1 2 2 2 2 3 3 1 1 1 1 7 7 1 1 1 1 6 6 1 1 1 1 6 6 1 1 1 1 5 5 1 1 1 1 2 2 1 1 1 1 6 6 1 1 1 1 7 7 2 2 2 2 9 9 1 1 1 1 1 1 1 1 1 1 2 2 1 1 1 1 11 11 170 170 8 8 2 2 2 2 2 2 2 2 2 2 2 2 1 1 1 1 1 1 4 4 1 1 1 1 2 2 1 1 1 1 2 2 2 2 2 2 8 8 1 1 1 1 1 1 1 1 1 1 8 8 1 1 1 1 21 21 1 1 1 1 23 23 1 1 1 1 2 2 2 2 2 2 1 1 1 1 1 1 6 6 1 1 1 1 9 9 2 2 20 20 1 1 1 1 41 41 1 1 1 1 7 7 1 1 1 1 42 42 1 1 1 1 1 1 2 2 2 2 6 6 1 1 1 1 9 9 1 1 1 1 1 1 1 1 1 1 39 39 1 1 1 1 22 22 1 1 1 1 3 3 8 8 1 1 1 1 1 1 31 31 1 1 3 3 1 1 1 1 6 6 1 1 1 1 4 4 1 1 1 1 15 15 1 1 1 1 67 67 1 1 1 1 8 8 1 1 3 3 1 1 5 5 1 1 31 31 1 1 1 1 1 1 5 5 1 1 1 1 7 7 1 1 1 1 4 4 1 1 1 1 53 53 1 1 1 1 4 4 1 1 13 13 1 1 1 1 7 7 1 1 1 1 15 15 66 66 1 1 1 1 2 2 1 1 1 1 1 1 1 1 24 24 1 1 1 1 35 35 1 1 1 1 29 29 1 1 1 1 16 16 1 1 1 1 13 13 1 1 1 1 10 10 1 1 1 1 226 226 1 1 1 1 8 8 198 198 1 1 1 1 2014 2014 883 567 1105 909
3415 3415 4 4 1 1 1 1 28 28 1 1 1 1 4 4 1 1 1 1 8 8 1 1 1 1 1 1 1 1 1 1 33 33 2 2 2 2 7 7 2 2 2 2 4 4 1 1 1 1 7 7 1 1 1 1 15 15 1 1 1 1 35 35 1 1 1 1 27 27 1 1 1 1 3 3 1 1 1 1 63 63 1 1 1 1 33 33 1 1 1 1 36 36 1 1 1 1 17 17 1 1 1 1 7 7 1 1 1 1 5 5 1 1 1 1 20 20 1 1 1 1 9 9 1 1 1 1 2 2 2 2 43 43 1 1 1 1 2 2 1 1 1 1 15 15 1 1 1 1 11 11 1 1 1 1 22 22 1 1 1 1 26 26 1 1 1 1 13 13 2 2 2 2 22 22 1 1 14 14 1 1 1 1 47 47 1 1 1 1 22 22 1 1 1 1 4 4 1 1 1 1 1 1 1 1 1 1 4 4 1 1 1 1 11 11 1 1 1 1 2 2 1 1 1 1 17 17 1 1 1 1 5 5 1 1 1 1 1 1 1 1 1 1 27 27 2 2 2 2 34 34 1 1 1 1 2 2 1 1 1 1 23 23 1 1 1 1 2 2 1 1 1 1 23 23 1 1 1 1 1 1 2 2 2 2 3 3 1 1 1 1 7 7 1 1 1 1 6 6 1 1 1 1 6 6 1 1 1 1 5 5 1 1 1 1 2 2 1 1 1 1 6 6 1 1 1 1 7 7 2 2 2 2 9 9 1 1 1 1 4 4 1 1 1 1 11 11 170 170 8 8 6 6 6 6 1 1 1 1 1 1 4 4 1 1 1 1 2 2 1 1 1 1 2 2 2 2 2 2 8 8 1 1 1 1 1 1 1 1 1 1 8 8 1 1 1 1 21 21 1 1 1 1 23 23 1 1 1 1 2 2 2 2 2 2 8 8 1 1 1 1 7 7 1 1 1 1 6 6 1 1 1 1 47 47 1 1 1 1 18 18 1 1 1 1 37 37 1 1 1 1 4 4 1 1 1 1 1 1 2 2 2 2 7 7 74 74 1 1 1 1 27 27 1 1 20 20 2 2 2 2 5 5 1 1 1 1 4 4 1 1 1 1 83 83 1 1 1 1 17 17 1 1 32 32 1 1 1 1 46 46 1 1 1 1 17 17 1 1 1 1 7 7 1 1 32 32 1 1 17 17 1 1 1 1 57 57 1 1 1 1 80 80 1 1 13 13 1 1 1 1 16 16 1 1 13 13 1 1 7 7 1 1 15 15 1 1 1 1 45 45 1 1 1 1 108 108 1 1 1 1 8 8 1 1 36 36 1 1 1 1 104 104 18 18 27 27 1 1 1 1 15 15 1 1 1 1 44 44 1 1 105 105 1 1 1 1 46 46 1 1 1 1 21 21 1 1 1 1 11 11 1 1 1 1 29 29 1 1 1 1 1 1 1 1 6 6 1 1 1 1 1 1 5 5 1 1 1 1 5 5 1 1 1 1 3 3 2 2 2 2 3 3 1 1 1 1 10 10 1 1 1 1 2 2 1 1 1 1 18 18 1 1 37 37 1 1 13 13 1 1 1 1 11 11 1 1 1 1 1 1 79 79 1 1 27 27 1 1 1 1 34 34 1 1 1 1 56 56 12 12 1 1 1 1 8 8 1 1 16 16 3 3 13 13 1 1 10 10 1 1 1 1 14 14 1 1 5 5 1 1 1 1 1 1 1 1 2 2 4 4 3 3 2 2 25 25 1 1 3 3 1 1 1 1 46 46 1 1 1 1 27 27 1 1 12 12 1 1 1 1 9 9 1 1 36 36 1 1 1 1 1 1 1 1 104 104 1 1 1 1 1 1 1 1 6 6 1 1 6 6 1 1 28 28 1 1 4 4 1 1 8 8 1 1 1 1 1 1 33 33 2 2 7 7 1 1 1 1 1 1 4 4 1 1 7 7 3483 3483 2349 1066 1237 2246

4098 4098 1 1 8 8 1 1 1 1 12 12 1 1 1 1 12 12 1 1 1 1 30 30 18 18 1 1 1 1 16 16 1 1 1 1 17 17 1 1 1 1 4 4 1 1 1 1 8 8 1 1 1 1 9 9 1 1 1 1 4 4 1 1 1 1 5 5 1 1 1 1 3 3 1 1 1 1 11 11 1 1 1 1 6 6 1 1 1 1 28 28 1 1 1 1 27 27 1 1 1 1 27 27 1 1 1 1 3 3 1 1 1 1 9 9 2 2 2 2 18 18 1 1 1 1 5 5 1 1 1 1 9 9 11 11 1 1 1 1 8 8 1 1 1 1 13 13 1 1 1 1 7 7 1 1 1 1 18 18 1 1 1 1 3 3 1 1 1 1 1 1 1 1 3 3 1 1 1 1 25 25 1 1 1 1 20 20 1 1 1 1 1 1 1 1 1 1 4 4 1 1 1 1 21 21 1 1 1 1 1 1 1 1 1 1 21 21 1 1 1 1 2 2 1 1 1 1 1 1 1 1 1 1 8 8 1 1 1 1 2 2 1 1 1 1 2 2 2 2 2 2 1 1 1 1 1 1 1 1 1 1 1 1 8 8 1 1 1 1 1 1 1 1 1 1 6 6 1 1 1 1 11 11 1 1 1 1 4 4 1 1 1 1 12 12 1 1 1 1 3 3 2 2 2 2 16 16 1 1 1 1 8 8 1 1 1 1 5 5 1 1 1 1 30 30 1 1 1 1 11 11 2 2 1 1 2 2 1 1 7 7 1 1 1 1 16 16 1 1 1 1 2 2 1 1 1 1 16 16 1 1 1 1 3 3 1 1 1 1 21 21 1 1 1 1 8 8 1 1 1 1 1 1 1 1 6 6 1 1 1 1 1 1 1 1 1 1 14 14 1 1 1 1 75 75 1 1 1 1 34 34 1 1 1 1 2 2 1 1 1 1 1 1 1 1 1 1 9 9 1 1 1 1 17 17 1 1 1 1 2 2 1 1 1 1 3 3 1 1 1 1 3 3 1 1 1 1 4 4 1 1 1 1 25 25 1 1 1 1 7 7 2 2 2 2 4 4 1 1 1 1 1 1 1 1 1 1 1 1 1 1 3 3 1 1 1 1 1 1 1 1 8 8 1 1 1 1 8 8 2 2 2 2 7 7 2 2 2 2 8 8 1 1 1 1 21 21 1 1 1 1 9 9 1 1 1 1 10 10 1 1 1 1 3 3 1 1 1 1 1 1 16 16 1 1 1 1 10 10 1 1 1 1 6 6 1 1 1 1 11 11 1 1 1 1 16 16 1 1 1 1 8 8 1 1 1 1 4 4 1 1 1 1 1 1 1 1 1 1 1 1 1 1 6 6 1 1 1 1 9 9 1 1 1 1 1 1 1 1 1 1 15 15 1 1 1 1 14 14 1 1 1 1 8 8 1 1 1 1 5 5 17 17 1 1 1 1 12 12 1 1 1 1 2 2 8 8 11 11 1 1 1 1 13 13 1 1 1 1 51 51 1 1 1 1 1 1 1 1 4 4 1 1 1 1 16 16 1 1 1 1 4 4 1 1 1 1 2 2 1 1 1 1 1 1 3 3 1 1 1 1 1 1 1 1 1 1 6 6 1 1 1 1 5 5 1 1 2 2 171 171 5 5 1 1 1 1 1 1 1 1 1 1 1 1 1 1 1 1 13 13 1 1 1 1 1 1 1 1 1 1 2 2 1 1 1 1 19 19 1 1 1 1 3 3 1 1 1 1 3 3 1 1 1 1 4 4 1 1 1 1 1 1 5 5 1 1 1 1 12 12 1 1 1 1 23 23 1 1 1 1 3 3 1 1 1 1 1 1 1 1 1 1 1 1 1 1 1 1 9 9 1 1 1 1 1 1 1 1 11 11 1 1 1 1 2 2 1 1 1 1 1 1 1 1 1 1 1 1 1 1 1 1 1 1 2 2 1 1 1 1 2 2 1 1 1 1 1 1 5 5 1 1 1 1 14 14 1 1 1 1 5 5 2 2 2 2 1 1 1 1 1 1 7 7 1 1 1 1 22 22 1 1 1 1 2 2 2 2 2 2 1 1 1 1 1 1 1 1 3 3 1 1 1 1 3 3 1 1 1 1 4 4 1 1 1 1 5 5 1 1 1 1 1 1 1 1 1 1 6 6 1 1 1 1 6 6 1 1 1 1 1 1 1 1 8 8 1 1 1 1 2 2 2 2 1 1 1 1 1 1 10 10 2 2 2 2 6 6 2 2 2 2 4 4 1 1 1 1 14 14 1 1 1 1 1 1 1 1 1 1 4 4 1 1 2 2 1 1 1 1 2 2 1 1 1 1 3 3 1 1 1 1 1 1 1 1 1 1 1 1 1 1 1 1 3 3 1 1 1 1 1 1 1 1 1 1 7 7 1 1 1 1 2 2 1 1 1 1 2 2 1 1 1 1 3 3 3 3 3 3 3 3 1 1 1 1 13 13 1 1 1 1 6 6 1 1 1 1 6 6 1 1 1 1 2 2 2 2 2 2 2 2 2 2 1 1 1 1 1 1 2 2 1 1 1 1 1 1 1 1 1 1 1 1 1 1 1 1 2 2 5 5 1 1 1 1 1 1 1 1 1 1 3 3 1 1 1 1 2 2 1 1 1 1 6 6 1 1 1 1 1 1 1 1 9 9 1 1 1 1 5 5 1 1 1 1 1 1 1 1 1 1 1 1 1 1 1 1 1 1 9 9 1 1 1 1 1 1 1 1 1 1 1 1 1 1 2 2 1 1 1 1 3 3 1 1 1 1 3 3 1 1 1 1 1 1 1 1 1 1 1 1 1 1 1 1 1 1 1 1 1 1 9 9 1 1 1 1 1 1 3 3 1 1 1 1 1 1 2 2 1 1 1 1 1 1 7 7 1 1 1 1 1 1 1 1 1 1 1 1 1 1 1 1 1 1 1 1 1 1 1 1 2 2 5 5 1 1 1 1 5 5 1 1 1 1 2 2 1 1 1 1 2 2 1 1 1 1 1 1 1 1 1 1 1 1 1 1 1 1 1 1 2 2 1 1 1 1 2 2 2 2 1 1 2 2 1 1 2 2 1 1 1 1 6 6 1 1 1 1 5 5 1 1 1 1 10 10 1 1 1 1 1 1 1 1 2 2 1 1 2 2 2 2 2 2 1 1 1 1 1 1 1 1 1 1 1 1 2 2 1 1 1 1 1 1 1 1 2 2 1 1 3 3 1 1 4 4 1 1 1 1 1 1 1 1 1 1 2 2 2 2 1 1 2 2 1 1 2 2 1 1 1 1 6 6 1 1 1 1 1 1 3 3 1 1 1 1 9 9 1 1 1 1 4 4 2 2 2 2 3 3 1 1 1 1 1 1 1 1 1 1 1 1 1 1 1 1 1 1 1 1 1 1 1 1 1 1 1 1 1 1 1 1 1 1 4 4 1 1 1 1 3 3 1 1 1 1 1 1 2 2 1 1 1 1 5 5 2 2 1 1 1 1 3 3 1 1 2 2 2 2 2 2 4 4 1 1 1 1 1 1 1 1 2 2 2 2 2 2 1 1 1 1 1 1 1 1 1 1 1 1 1 1 1 1 1 1 1 1 1 1 8 8 1 1 1 1 1 1 4 4 1 1 1 1 3 3 1 1 1 1 1 1 1 1 1 1 1 1 1 1 1 1 1 1 1 1 1 1 1 1 1 1 1 1 1 1 1 1 1 1 1 1 3 3 2 2 2 2 2 2 2 2 8 8 1 1 1 1 1 1 1 1 1 1 4 4 1 1 1 1 10 10 1 1 1 1 1 1 1 1 1 1 2 2 1 1 1 1 4 4 1 1 2 2 1 1 1 1 1 1 1 1 1 1 1 1 1 1 1 1 1 1 1 1 1 1 1 1 1 1 1 1 4 4 1 1 1 1 1 1 1 1 1 1 1 1 1 1 2 2 1 1 1 1 2 2 1 1 1 1 6 6 1 1 1 1 1 1 1 1 1 1 1 1 1 1 1 1 3 3 1 1 1 1 1 1 1 1 1 1 13 13 1 1 1 1 1 1 1 1 1 1 1 1 1 1 1 1 1 1 4 4 1 1 1 1 9 9 3 3 2 2 1 1 1 1 3 3 1 1 1 1 1 1 3 3 1 1 1 1 1 1 1 1 1 1 2 2 2 2 1 1 1 1 5 5 1 1 1 1 6 6 2 2 1 1 1 1 1 1 1 1 1 1 1 1 1 1 3 3 1 1 1 1 1 1 1 1 1 1 4 4 1 1 1 1 4 4 1 1 1 1 7 7 1 1 1 1 1 1 1 1 1 1 1 1 2 2 1 1 1 1 2 2 1 1 1 1 1 1 1 1 1 1 1 1 1 1 1 1 1 1 1 1 1 1 6 6 1 1 1 1 1 1 1 1 1 1 1 1 4 4 1 1 1 1 10 10 1 1 1 1 1 1 1 1 1 1 1 1 1 1 1 1 3 3 1 1 1 1 3 3 1 1 1 1 1 1 1 1 1 1 1 1 1 1 1 1 1 1 1 1 1 1 1 1 4 4 1 1 1 1 2 2 2 2 1 1 1 1 1 1 1 1 1 1 1 1 3 3 1 1 1 1 7 7 1 1 1 1 1 1 7 7 1 1 1 1 7 7 1 1 1 1 1 1 1 1 1 1 2 2 1 1 1 1 2 2 1 1 1 1 8 8 1 1 1 1 6 6 1 1 1 1 1 1 1 1 1 1 1 1 6 6 1 1 1 1 2 2 1 1 1 1 8 8 1 1 1 1 3 3 1 1 1 1 1 1 1 1 1 1 1 1 1 1 1 1 1 1 1 1 1 1 1 1 2 2 1 1 1 1 1 1 1 1 1 1 1 1 5 5 1 1 1 1 1 1 2 2 12 12 1 1 1 1 1 1 1 1 1 1 2 2 1 1 1 1 2 2 1 1 1 1 1 1 1 1 1 1 1 1 1 1 1 1 1 1 2 2 1 1 1 1 4 4 1 1 1 1 1 1 1 1 1 1 2 2 1 1 1 1 9 9 1 1 1 1 4 4 1 1 1 1 1 1 1 1 1 1 1 1 2 2 1 1 1 1 1 1 1 1 2 2 1 1 1 1 3 3 1 1 1 1 1 1 1 1 3 3 1 1 1 1 1 1 1 1 1 1 2 2 2 2 1 1 1 1 1 1 6 6 1 1 1 1 5 5 1 1 1 1 9 9 2 2 2 2 4 4 1 1 1 1 1 1 1 1 1 1 7 7 1 1 1 1 5 5 1 1 1 1 6 6 2 2 2 2 1 1 1 1 1 1 1 1 1 1 2 2 1 1 1 1 6 6 1 1 1 1 6 6 1 1 1 1 1 1 1 1 1 1 1 1 1 1 1 1 1 1 1 1 1 1 1 1 1 1 1 1 1 1 1 1 1 1 1 1 1 1 1 1 1 1 1 1 1 1 1 1 1 1 1 1 2 2 1 1 1 1 3 3 2 2 2 2 2 2 2 2 10 10 1 1 1 1 1 1 1 1 1 1 1 1 1 1 1 1 1 1 1 1 1 1 5 5 1 1 1 1 1 1 1 1 15 15 1 1 1 1 5 5 1 1 1 1 3 3 1 1 1 1 1 1 2 2 1 1 1 1 1 1 1 1 1 1 2 2 2 2 2 2 1 1 1 1 1 1 5 5 1 1 1 1 2 2 1 1 1 1 2 2 1 1 1 1 1 1 1 1 1 1 1 1 1 1 1 1 4 4 1 1 1 1 5 5 4 4 1 1 2 2 1 1 1 1 1 1 1 1 1 1 3 3 1 1 1 1 2 2 1 1 1 1 1 1 2 2 1 1 1 1 1 1 11 11 1 1 1 1 1 1 1 1 1 1 2 2 1 1 1 1 3 3 1 1 1 1 1 1 1 1 4 4 1 1 1 1 3 3 1 1 2 2 1 1 1 1 9 9 1 1 1 1 1 1 2 2 1 1 1 1 1 1 1 1 1 1 2 2 1 1 1 1 1 1 2 2 1 1 1 1 1 1 1 1 1 1 3 3 1 1 1 1 1 1 1 1 1 1 1 1 1 1 1 1 3 3 1 1 1 1 1 1 1 1 1 1 6 6 1 1 1 1 1 1 1 1 2 2 1 1 1 1 1 1 1 1 1 1 1 1 1 1 1 1 3 3 1 1 1 1 1 1 2 2 2 2 7 7 1 1 1 1 15 15 1 1 1 1 1 1 2 2 2 2 4 4 2 2 2 2 3 3 1 1 1 1 1 1 1 1 2 2 1 1 1 1 2 2 1 1 1 1 1 1 1 1 1 1 1 1 1 1 4 4 1 1 1 1 1 1 1 1 1 1 1 1 1 1 2 2 1 1 1 1 15 15 1 1 1 1 3 3 1 1 1 1 2 2 1 1 1 1 3 3 2 2 2 2 2 2 1 1 1 1 2 2 1 1 1 1 5 5 1 1 1 1 1 1 1 1 4 4 1 1 1 1 1 1 2 2 1 1 1 1 4 4 1 1 1 1 5 5 1 1 1 1 1 1 1 1 1 1 1 1 1 1 9 9 1 1 1 1 1 1 3 3 2 2 2 2 2 2 1 1 1 1 6 6 1 1 1 1 1 1 1 1 1 1 1 1 1 1 1 1 1 1 1 1 1 1 1 1 4 4 1 1 1 1 8 8 2 2 2 2 1 1 1 1 1 1 1 1 2 2 2 2 1 1 1 1 1 1 5 5 2 2 2 2 3 3 1 1 1 1 1 1 1 1 5 5 1 1 1 1 1 1 4 4 1 1 1 1 1 1 1 1 6 6 1 1 1 1 3 3 1 1 1 1 1 1 1 1 1 1 1 1 1 1 3 3 2 2 1 1 1 1 1 1 2 2 2 2 2 2 1 1 1 1 2 2 1 1 2 2 1 1 2 2 2 2 2 2 1 1 1 1 1 1 1 1 1 1 1 1 2 2 2 2 1 1 1 1 1 1 2 2 1 1 1 1 6 6 1 1 1 1 1 1 8 8 1 1 1 1 1 1 1 1 1 1 1 1 1 1 1 1 1 1 6 6 2 2 2 2 4 4 1 1 1 1 1 1 1 1 1 1 1 1 1 1 1 1 2 2 1 1 1 1 2 2 1 1 1 1 1 1 1 1 7 7 1 1 1 1 1 1 2 2 1 1 1 1 1 1 4 4 1 1 2 2 1 1 2 2 1 1 1 1 1 1 1 1 1 1 1 1 1 1 3 3 1 1 1 1 1 1 1 1 1 1 1 1 1 1 1 1 1 1 3 3 1 1 1 1 3 3 1 1 1 1 1 1 1 1 1 1 1 1 3 3 1 1 1 1 6 6 1 1 1 1 2 2 1 1 1 1 1 1 1 1 1 1 1 1 1 1 2 2 1 1 1 1 1 1 3 3 1 1 1 1 1 1 1 1 1 1 1 1 3 3 1 1 1 1 4 4 1 1 1 1 1 1 2 2 3 3 1 1 1 1 4 4 2 2 2 2 3 3 1 1 1 1 1 1 1 1 10 10 1 1 1 1 1 1 1 1 2 2 1 1 2 2 2 2 1 1 1 1 1 1 1 1 1 1 1 1 1 1 1 1 1 1 1 1 2 2 2 2 2 2 2 2 1 1 1 1 5 5 1 1 1 1 5 5 1 1 1 1 6 6 1 1 1 1 1 1 1 1 1 1 1 1 1 1 1 1 1 1 5 5 1 1 1 1 6 6 1 1 1 1 6 6 1 1 1 1 1 1 1 1 2 2 2 2 2 2 1 1 1 1 7 7 1 1 1 1 5 5 1 1 1 1 1 1 5 5 1 1 1 1 5 5 1 1 1 1 1 1 1 1 2 2 2 2 8 8 2 2 1 1 1 1 1 1 1 1 1 1 1 1 1 1 1 1 2 2 1 1 1 1 1 1 1 1 2 2 1 1 1 1 1 1 1 1 1 1 1 1 1 1 1 1 1 1 3 3 3 3 1 1 1 1 4 4 1 1 1 1 1 1 1 1 1 1 1 1 1 1 1 1 1 1 5 5 3 3 3 3 1 1 1 1 5 5 2 2 2 2 1 1 1 1 1 1 2 2 1 1 1 1 2 2 2 2 2 2 1 1 1 1 7 7 1 1 1 1 1 1 1 1 1 1 1 1 1 1 1 1 3 3 1 1 1 1 1 1 2 2 1 1 1 1 1 1 1 1 1 1 1 1 1 1 1 1 1 1 1 1 1 1 1 1 1 1 4 4 1 1 1 1 2 2 2 2 2 2 1 1 1 1 1 1 8 8 1 1 1 1 1 1 1 1 1 1 1 1 1 1 1 1 8 8 1 1 1 1 6 6 1 1 1 1 13 13 2 2 2 2 8 8 2 2 1 1 1 1 1 1 6 6 1 1 1 1 1 1 1 1 1 1 1 1 2 2 1 1 1 1 1 1 4 4 2 2 2 2 1 1 1 1 1 1 2 2 2 2 2 2 1 1 2 2 1 1 1 1 1 1 1 1 1 1 1 1 1 1 2 2 1 1 6 6 1 1 1 1 1 1 1 1 3 3 1 1 1 1 8 8 1 1 1 1 1 1 1 1 1 1 1 1 2 2 1 1 1 1 5 5 2 2 1 1 1 1 1 1 8 8 2 2 2 2 5 5 1 1 1 1 1 1 1 1 1 1 2 2 1 1 1 1 1 1 1 1 1 1 1 1 3 3 1 1 1 1 1 1 1 1 1 1 1 1 1 1 3 3 1 1 1 1 1 1 3 3 1 1 1 1 1 1 1 1 1 1 1 1 1 1 1 1 1 1 1 1 2 2 1 1 1 1 2 2 1 1 1 1 2 2 2 2 1 1 1 1 1 1 1 1 5 5 1 1 1 1 4 4 1 1 1 1 1 1 1 1 1 1 1 1 1 1 1 1 8 8 2 2 2 2 11 11 1 1 1 1 1 1 2 2 2 2 1 1 1 1 1 1 2 2 3 3 3 3 8 8 1 1 1 1 1 1 1 1 7 7 1 1 1 1 6 6 1 1 1 1 1 1 1 1 1 1 1 1 1 1 1 1 1 1 1 1 1 1 1 1 1 1 1 1 1 1 1 1 1 1 1 1 1 1 1 1 1 1 1 1 3 3 1 1 1 1 1 1 1 1 1 1 1 1 3 3 2 2 2 2 2 2 1 1 1 1 3 3 1 1 1 1 8 8 1 1 1 1 1 1 6 6 1 1 1 1 1 1 4 4 1 1 1 1 4 4 1 1 1 1 1 1 2 2 1 1 1 1 1 1 1 1 1 1 11 11 1 1 1 1 2 2 1 1 2 2 1 1 1 1 1 1 2 2 1 1 1 1 1 1 1 1 2 2 1 1 1 1 1 1 3 3 1 1 1 1 1 1 1 1 1 1 1 1 1 1 1 1 1 1 1 1 1 1 1 1 1 1 1 1 2 2 2 2 2 2 5 5 1 1 1 1 4 4 1 1 1 1 11 11 2 2 2 2 12 12 1 1 1 1 2 2 1 1 1 1 4 4 1 1 1 1 8 8 1 1 1 1 1 1 1 1 1 1 2 2 1 1 5 5 1 1 1 1 5 5 1 1 1 1 8 8 1 1 1 1 1 1 1 1 1 1 1 1 2 2 2 2 1 1 1 1 1 1 1 1 3 3 1 1 1 1 1 1 1 1 1 1 1 1 1 1 1 1 2 2 2 2 2 2 8 8 1 1 1 1 3 3 1 1 2 2 1 1 1 1 1 1 1 1 1 1 1 1 1 1 2 2 1 1 1 1 3 3 1 1 1 1 4 4 1 1 1 1 4 4 1 1 1 1 2 2 1 1 2 2 1 1 1 1 1 1 8 8 1 1 1 1 3 3 1 1 1 1 3 3 1 1 1 1 1 1 1 1 1 1 1 1 2 2 1 1 1 1 1 1 1 1 2 2 1 1 2 2 1 1 1 1 2 2 1 1 1 1 1 1 1 1 3 3 1 1 1 1 1 1 1 1 1 1 1 1 1 1 1 1 2 2 2 2 1 1 1 1 1 1 2 2 1 1 1 1 4 4 1 1 1 1 1 1 1 1 1 1 1 1 1 1 8 8 1 1 1 1 2 2 1 1 1 1 1 1 1 1 1 1 1 1 11 11 1 1 1 1 6 6 1 1 1 1 1 1 1 1 1 1 1 1 1 1 6 6 1 1 1 1 1 1 1 1 1 1 1 1 1 1 7 7 1 1 1 1 4 4 1 1 1 1 1 1 1 1 1 1 1 1 1 1 1 1 2 2 2 2 2 2 2 2 1 1 1 1 1 1 1 1 1 1 1 1 1 1 1 1 1 1 1 1 1 1 1 1 1 1 1 1 1 1 1 1 1 1 3 3 1 1 1 1 1 1 1 1 1 1 1 1 1 1 1 1 1 1 1 1 1 1 1 1 1 1 1 1 2 2 1 1 1 1 1 1 1 1 2 2 1 1 1 1 1 1 1 1 1 1 1 1 8 8 1 1 1 1 5 5 1 1 1 1 1 1 1 1 1 1 1 1 3 3 1 1 1 1 3 3 1 1 1 1 6 6 1 1 1 1 3 3 1 1 3 3 1 1 1 1 1 1 1 1 1 1 1 1 2 2 2 2 2 2 1 1 1 1 1 1 1 1 1 1 1 1 1 1 3 3 1 1 1 1 1 1 5 5 1 1 1 1 1 1 1 1 1 1 6 6 1 1 1 1 6 6 2 2 1 1 1 1 1 1 1 1 1 1 1 1 1 1 1 1 6 6 2 2 1 1 1 1 1 1 1 1 10 10 1 1 1 1 1 1 1 1 1 1 1 1 1 1 3 3 1 1 1 1 2 2 1 1 1 1 1 1 1 1 1 1 1 1 1 1 1 1 1 1 1 1 1 1 1 1 1 1 1 1 4 4 1 1 1 1 2 2 1 1 1 1 5 5 1 1 1 1 1 1 1 1 1 1 5 5 2 2 1 1 1 1 1 1 2 2 1 1 1 1 3 3 1 1 2 2 1 1 1 1 1 1 1 1 1 1 1 1 1 1 1 1 1 1 1 1 1 1 1 1 1 1 1 1 1 1 4 4 1 1 1 1 3 3 1 1 1 1 4 4 1 1 1 1 2 2 1 1 1 1 1 1 1 1 1 1 1 1 1 1 1 1 2 2 1 1 1 1 1 1 1 1 1 1 1 1 1 1 1 1 2 2 2 2 1 1 1 1 1 1 1 1 1 1 2 2 2 2 5 5 1 1 1 1 5 5 1 1 1 1 8 8 1 1 1 1 1 1 2 2 2 2 1 1 2 2 1 1 4 4 2 2 1 1 2 2 1 1 2 2 1 1 2 2 1 1 1 1 1 1 1 1 1 1 1 1 1 1 1 1 1 1 1 1 1 1 2 2 1 1 1 1 5 5 1 1 1 1 1 1 1 1 4 4 1 1 1 1 3 3 1 1 1 1 3 3 1 1 1 1 6 6 2 2 2 2 2 2 1 1 1 1 1 1 2 2 1 1 1 1 3 3 4 4 1 1 1 1 1 1 1 1 1 1 1 1 1 1 1 1 1 1 2 2 1 1 1 1 1 1 1 1 1 1 1 1 1 1 4 4 1 1 1 1 3 3 2 2 2 2 1 1 1 1 1 1 1 1 2 2 1 1 1 1 1 1 1 1 1 1 1 1 1 1 1 1 1 1 1 1 2 2 1 1 2 2 6 6 1 1 1 1 2 2 1 1 1 1 2 2 2 2 4 4 1 1 1 1 1 1 1 1 1 1 1 1 6 6 1 1 1 1 1 1 1 1 1 1 1 1 1 1 11 11 2 2 2 2 1 1 1 1 1 1 1 1 1 1 1 1 5 5 2 2 2 2 1 1 1 1 1 1 1 1 1 1 1 1 1 1 1 1 1 1 5 5 1 1 1 1 1 1 1 1 4 4 1 1 1 1 6 6 1 1 1 1 3 3 1 1 1 1 1 1 2 2 2 2 5 5 2 2 1 1 2 2 1 1 1 1 1 1 1 1 1 1 1 1 1 1 1 1 1 1 1 1 3 3 2 2 1 1 1 1 1 1 1 1 1 1 1 1 1 1 1 1 1 1 2 2 1 1 1 1 2 2 1 1 1 1 6 6 1 1 1 1 1 1 1 1 1 1 1 1 1 1 1 1 6 6 1 1 1 1 1 1 1 1 1 1 1 1 1 1 5 5 2 2 2 2 5 5 1 1 1 1 1 1 1 1 1 1 1 1 2 2 4 4 1 1 1 1 6 6 1 1 1 1 1 1 1 1 1 1 5 5 1 1 1 1 1 1 1 1 1 1 1 1 2 2 2 2 6 6 1 1 1 1 6 6 2 2 2 2 1 1 1 1 1 1 3 3 1 1 1 1 6 6 1 1 1 1 12 12 1 1 1 1 1 1 1 1 1 1 5 5 1 1 1 1 2 2 1 1 1 1 1 1 1 1 1 1 1 1 8 8 1 1 1 1 12 12 1 1 1 1 12 12 1 1 1 1 47 47 1 1 1 1 1 1 1 1 34 34 1 1 1 1 4 4 1 1 1 1 7 7 1 1 1 1 4 4 1 1 5 5 1 1 1 1 15 15 1 1 1 1 3 3 1 1 1 1 6 6 1 1 1 1 25 25 1 1 1 1 37 37 1 1 1 1 9 9 1 1 17 17 1 1 1 1 3 3 1 1 1 1 4 4 1 1 1 1 3 3 1 1 1 1 2 2 2 2 2 2 1 1 1 1 15 15 1 1 1 1 5 5 1 1 1 1 11 11 1 1 1 1 5 5 1 1 1 1 2 2 1 1 1 1 8 8 1 1 1 1 9 9 1 1 1 1 17 17 1 1 1 1 5 5 1 1 1 1 6 6 1 1 1 1 3 3 1 1 1 1 4 4 1 1 1 1 34 34 1 1 1 1 5 5 1 1 1 1 3 3 1 1 1 1 1 1 1 1 1 1 1 1 1 1 5 5 1 1 1 1 5 5 1 1 1 1 5 5 2 2 2 2 1 1 1 1 1 1 3 3 1 1 1 1 2 2 1 1 1 1 1 1 1 1 1 1 2 2 1 1 1 1 18 18 1 1 1 1 2 2 1 1 1 1 1 1 1 1 1 1 11 11 1 1 1 1 2 2 2 2 4 4 1 1 1 1 4 4 1 1 1 1 3 3 1 1 1 1 8 8 1 1 1 1 15 15 1 1 1 1 1 1 1 1 12 12 1 1 1 1 3 3 2 2 2 2 4 4 2 2 2 2 10 10 1 1 1 1 8 8 1 1 1 1 36 36 1 1 1 1 7 7 1 1 1 1 3 3 2 2 1 1 2 2 1 1 2 2 1 1 1 1 5 5 1 1 1 1 3 3 1 1 1 1 14 14 1 1 1 1 16 16 1 1 1 1 1 1 1 1 4 4 1 1 1 1 17 17 1 1 1 1 18 18 1 1 1 1 65 65 1 1 1 1 17 17 1 1 1 1 11 11 1 1 4 4 1 1 1 1 14 14 1 1 1 1 2 2 1 1 1 1 8 8 1 1 1 1 2 2 1 1 1 1 1 1 1 1 1 1 4 4 1 1 1 1 4 4 1 1 1 1 34 34 1 1 1 1 24 24 1 1 1 1 7 7 2 2 2 2 11 11 1 1 1 1 27 27 2 2 2 2 6 6 1 1 1 1 1 1 1 1 1 1 35 35 1 1 1 1 6 6 1 1 1 1 3 3 1 1 1 1 34 34 1 1 1 1 1 1 1 1 41 41 1 1 1 1 1 1 2 2 2 2 16 16 1 1 1 1 2 2 1 1 1 1 14 14 1 1 1 1 23 23 1 1 1 1 22 22 1 1 1 1 12 12 1 1 1 1 25 25 1 1 1 1 16 16 1 1 1 1 4 4 1 1 1 1 5 5 1 1 1 1 33 33 1 1 1 1 27 27 1 1 1 1 2 2 1 1 1 1 3 3 1 1 1 1 1 1 1 1 1 1 38 38 1 1 1 1 1 1 1 1 1 1 2 2 1 1 1 1 13 13 1 1 1 1 5 5 1 1 1 1 7 7 1 1 1 1 4 4 1 1 1 1 1 1 19 19 1 1 1 1 8 8 2 2 2 2 6 6 1 1 1 1 1 1 9 9 2 2 2 2 6 6 1 1 1 1 2 2 2 2 31 31 3 3 1 1 1 1 4 4 1 1 1 1 7 7 1 1 1 1 22 22 2 2 2 2 1 1 1 1 1 1 2 2 1 1 1 1 1 1 2 2 2 2 5 5 1 1 2 2 1 1 1 1 2 2 1 1 1 1 2 2 1 1 1 1 2 2 2 2 2 2 8 8 1 1 1 1 15 15 1 1 1 1 19 19 1 1 1 1 5 5 1 1 1 1 1 1 3 3 3 3 3 3 1 1 1 1 5 5 1 1 1 1 7 7 1 1 1 1 1 1 2 2 3 3 1 1 1 1 1 1 1 1 1 1 12 12 1 1 1 1 8 8 1 1 1 1 1 1 2 2 1 1 1 1 8 8 1 1 1 1 2 2 1 1 1 1 1 1 1 1 4 4 3 3 3 3 2 2 1 1 1 1 1 1 1 1 1 1 10 10 1 1 1 1 11 11 1 1 1 1 7 7 1 1 1 1 3 3 1 1 1 1 3 3 1 1 1 1 3 3 2 2 2 2 4 4 1 1 1 1 9 9 1 1 1 1 18 18 2 2 2 2 11 11 1 1 1 1 9 9 2 2 2 2 7 7 2 2 2 2 1 1 2 2 2 2 6 6 1 1 1 1 16 16 1 1 1 1 3 3 1 1 1 1 2 2 1 1 1 1 5 5 1 1 1 1 10 10 1 1 1 1 3 3 2 2 2 2 3 3 1 1 1 1 4 4 3 3 3 3 1 1 1 1 1 1 12 12 1 1 1 1 10 10 1 1 1 1 2 2 1 1 1 1 9 9 1 1 1 1 2 2 1 1 1 1 2 2 1 1 1 1 7 7 2 2 2 2 31 31 1 1 9 9 1 1 1 1 1 1 1 1 1 1 7 7 1 1 1 1 14 14 2 2 2 2 1 1 1 1 1 1 1 1 1 1 1 1 1 1 1 1 1 1 5 5 1 1 1 1 2 2 1 1 1 1 2 2 1 1 1 1 4 4 1 1 1 1 2 2 1 1 1 1 1 1 1 1 1 1 14 14 1 1 1 1 1 1 1 1 1 1 3 3 1 1 1 1 4 4 1 1 1 1 9 9 2 2 2 2 1 1 1 1 1 1 3 3 1 1 1 1 2 2 1 1 1 1 1 1 2 2 2 2 2 2 2 2 8 8 2 2 2 2 11 11 1 1 1 1 1 1 1 1 1 1 8 8 1 1 1 1 11 11 1 1 1 1 12 12 1 1 1 1 2 2 1 1 1 1 3 3 1 1 1 1 11 11 1 1 1 1 6 6 1 1 1 1 6 6 1 1 1 1 1 1 49 49 1 1 1 1 194 194 1 1 1 1 59 59 20 20 1 1 1 1 5 5 2 2 2 2 10 10 2 2 1 1 1 1 2 2 1 1 1 1 26 26 1 1 1 1 6 6 3 3 3 3 10 10 1 1 1 1 14 14 1 1 2 2 1 1 1 1 1 1 2 2 2 2 4 4 2 2 1 1 2 2 1 1 1 1 1 1 1 1 9 9 1 1 1 1 4 4 1 1 1 1 7 7 1 1 1 1 10 10 1 1 1 1 1 1 3 3 3 3 4 4 1 1 1 1 5 5 1 1 1 1 7 7 1 1 1 1 5 5 1 1 1 1 8 8 1 1 3 3 10 10 2 2 1 1 2 2 1 1 5 5 1 1 1 1 6 6 1 1 1 1 1 1 1 1 1 1 2 2 1 1 1 1 11 11 2 2 2 2 1 1 1 1 4 4 1 1 1 1 23 23 1 1 1 1 4 4 1 1 1 1 6 6 1 1 1 1 1 1 1 1 1 1 1 1 1 1 1 1 26 26 1 1 1 1 1 1 1 1 1 1 4 4 2 2 2 2 1 1 1 1 1 1 5 5 2 2 2 2 6 6 1 1 1 1 4 4 2 2 2 2 9 9 1 1 1 1 41 41 1 1 1 1 4 4 1 1 1 1 4 4 1 1 1 1 8 8 1 1 1 1 4 4 1 1 1 1 3 3 1 1 1 1 8 8 1 1 1 1 8 8 1 1 1 1 3 3 47 47 8 8 53 53 1 1 1 1 9 9 1 1 1 1 52 52 12 12 1 1 1 1 38 38 1 1 1 1 4 4 1 1 1 1 1 1 2 2 1 1 2 2 27 27 1 1 1 1 2 2 1 1 1 1 2 2 1 1 1 1 19 19 1 1 1 1 3 3 1 1 1 1 1 1 1 1 1 1 5 5 1 1 11 11 1 1 1 1 6 6 1 1 1 1 7 7 1 1 1 1 19 19 1 1 17 17 1 1 1 1 47 47 2 2 1 1 4 4 1 1 1 1 8 8 1 1 1 1 6 6 1 1 1 1 11 11 1 1 1 1 11 11 1 1 1 1 2 2 1 1 1 1 1 1 5 5 1 1 1 1 11 11 1 1 1 1 1 1 5 5 1 1 1 1 1 1 1 1 1 1 1 1 1 1 1 1 20 20 1 1 1 1 4 4 2 2 2 2 12 12 1 1 1 1 4 4 378 378 30 30 1 1 1 1 5 5 1 1 1 1 3 3 1 1 1 1 2 2 1 1 1 1 5 5 1 1 1 1 5 5 1 1 1 1 5 5 2 2 2 2 5 5 1 1 1 1 2 2 1 1 1 1 7 7 1 1 1 1 3 3 1 1 1 1 11 11 1 1 1 1 16 16 1 1 1 1 6 6 1 1 1 1 4 4 1 1 1 1 3 3 1 1 1 1 8 8 1 1 1 1 13 13 1 1 1 1 1 1 1 1 1 1 1 1 1 1 12 12 1 1 1 1 3 3 2 2 2 2 16 16 1 1 1 1 1 1 1 1 36 36 1 1 1 1 15 15 1 1 1 1 3 3 2 2 2 2 3 3 1 1 1 1 4 4 1 1 1 1 1 1 1 1 3 3 1 1 1 1 25 25 1 1 1 1 5 5 1 1 1 1 5 5 1 1 1 1 17 17 1 1 1 1 1 1 1 1 1 1 9 9 1 1 1 1 6 6 1 1 1 1 1 1 1 1 1 1 81 81 1 1 1 1 19 19 1 1 1 1 11 11 1 1 1 1 2 2 1 1 1 1 11 11 1 1 1 1 1 1 1 1 1 1 4 4 1 1 1 1 4 4 1 1 1 1 20 20 1 1 1 1 12 12 1 1 1 1 1 1 1 1 24 24 1 1 1 1 7 7 2 2 2 2 7 7 1 1 1 1 4 4 1 1 1 1 8 8 1 1 1 1 8 8 2 2 2 2 7 7 2 2 2 2 8 8 1 1 1 1 15 15 1 1 1 1 5 5 1 1 1 1 13 13 1 1 1 1 6 6 1 1 1 1 3 3 1 1 1 1 27 27 1 1 1 1 6 6 1 1 1 1 11 11 1 1 1 1 30 30 1 1 1 1 1 1 2 2 2 2 16 16 1 1 1 1 17 17 1 1 1 1 46 46 1 1 1 1 34 34 1 1 1 1 2 2 1 1 1 1 17 17 1 1 1 1 4 4 1 1 1 1 39 39 1 1 1 1 22 22 1 1 1 1 4 4 1 1 1 1 2 2 1 1 1 1 1 1 1 1 2 2 1 1 1 1 1 1 1 1 1 1 9 9 1 1 1 1 5 5 1 1 1 1 3 3 1 1 1 1 18 18 1 1 1 1 1 1 1 1 1 1 1 1 2 2 1 1 1 1 1 1 13 13 1 1 1 1 5 5 1 1 1 1 7 7 1 1 1 1 4 4 1 1 1 1 1 1 24 24 1 1 1 1 3 3 2 2 2 2 6 6 25 25 1 1 1 1 27 27 1 1 1 1 28 28 1 1 1 1 5 5 1 1 1 1 1 1 1 1 1 1 23 23 1 1 1 1 1 1 1 1 10 10 1 1 1 1 1 1 1 1 1 1 10 10 1 1 1 1 27 27 1 1 1 1 4 4 1 1 1 1 2 2 1 1 1 1 27 27 1 1 1 1 2 2 1 1 1 1 11 11 1 1 1 1 1 1 1 1 2 2 1 1 1 1 1 1 3 3 1 1 1 1 1 1 1 1 1 1 6 6 1 1 1 1 17 17 1 1 1 1 13 13 1 1 1 1 2 2 2 2 2 2 1 1 1 1 18 18 2 2 1 1 7 7 1 1 1 1 3 3 1 1 2 2 1 1 2 2 60 60 1 1 1 1 9 9 1 1 1 1 7 7 1 1 1 1 15 15 1 1 1 1 2 2 1 1 1 1 17 17 1 1 1 1 5 5 1 1 1 1 28 28 2 2 2 2 36 36 1 1 1 1 1 1 1 1 24 24 1 1 1 1 2 2 1 1 1 1 8 8 1 1 1 1 14 14 1 1 1 1 1 1 1 1 13 13 1 1 1 1 1 1 2 2 5 5 1 1 1 1 6 6 1 1 1 1 2 2 1 1 1 1 1 1 1 1 4 4 1 1 1 1 6 6 1 1 1 1 1 1 1 1 6 6 1 1 1 1 1 1 1 1 9 9 1 1 1 1 4 4 1 1 1 1 8 8 1 1 1 1 2 2 1 1 1 1 2 2 1 1 2 2 2 2 2 2 1 1 1 1 1 1 1 1 1 1 1 1 2 2 3 3 3 3 7 7 1 1 1 1 3 3 1 1 1 1 2 2 1 1 1 1 5 5 1 1 1 1 1 1 1 1 1 1 1 1 1 1 1 1 19 19 1 1 1 1 1 1 1 1 1 1 3 3 1 1 1 1 1 1 1 1 1 1 5 5 1 1 1 1 3 3 3 3 3 3 5 5 1 1 1 1 1 1 1 1 1 1 1 1 2 2 1 1 1 1 1 1 4 4 1 1 1 1 9 9 1 1 1 1 1 1 1 1 1 1 8 8 1 1 1 1 11 11 2 2 2 2 1 1 2 2 2 2 5 5 4 4 4 4 1 1 1 1 1 1 6 6 2 2 2 2 4 4 1 1 1 1 10 10 1 1 1 1 8 8 3 3 3 3 1 1 2 2 2 2 1 1 1 1 1 1 4 4 2 2 2 2 1 1 1 1 1 1 2 2 1 1 1 1 9 9 1 1 1 1 1 1 1 1 1 1 16 16 2 2 2 2 7 7 1 1 1 1 3 3 1 1 1 1 9 9 2 2 2 2 6 6 3 3 3 3 1 1 2 2 2 2 6 6 1 1 1 1 6 6 2 2 2 2 1 1 1 1 1 1 3 3 1 1 1 1 6 6 1 1 1 1 4 4 1 1 1 1 3 3 1 1 1 1 3 3 1 1 1 1 1 1 1 1 1 1 2 2 1 1 1 1 5 5 3 3 3 3 7 7 2 2 2 2 16 16 1 1 1 1 1 1 1 1 1 1 3 3 1 1 1 1 3 3 1 1 1 1 13 13 1 1 1 1 4 4 1 1 1 1 8 8 1 1 1 1 40 40 2 2 2 2 22 22 1 1 1 1 2 2 1 1 1 1 1 1 1 1 1 1 1 1 1 1 1 1 1 1 1 1 1 1 5 5 2 2 2 2 17 17 1 1 1 1 5 5 341 341 10 10 1 1 1 1 2 2 1 1 1 1 13 13 1 1 1 1 1 1 1 1 1 1 7 7 1 1 1 1 3 3 1 1 1 1 3 3 1 1 1 1 1 1 1 1 42 42 1 1 1 1 10 10 1 1 1 1 7 7 1 1 1 1 11 11 1 1 1 1 5 5 1 1 1 1 3 3 1 1 1 1 2 2 1 1 1 1 26 26 2 2 2 2 18 18 1 1 1 1 2 2 1 1 1 1 14 14 1 1 1 1 37 37 1 1 1 1 1 1 1 1 7 7 1 1 1 1 3 3 1 1 1 1 24 24 1 1 1 1 19 19 1 1 1 1 1 1 1 1 1 1 7 7 1 1 2 2 1 1 1 1 1 1 1 1 1 1 13 13 1 1 1 1 2 2 1 1 1 1 34 34 1 1 1 1 7 7 1 1 1 1 1 1 1 1 1 1 7 7 1 1 1 1 8 8 1 1 1 1 18 18 1 1 1 1 7 7 99 99 1 1 1 1 47 47 1 1 1 1 101 101 1 1 1 1 1 1 1 1 1 1 61 61 1 1 1 1 55 55 1 1 1 1 94 94 1 1 1 1 3 3 1 1 1 1 42 42 1 1 1 1 21 21 1 1 1 1 11 11 1 1 1 1 29 29 2 2 2 2 6 6 1 1 7 7 1 1 1 1 5 5 1 1 1 1 3 3 2 2 2 2 3 3 1 1 1 1 9 9 1 1 1 1 1 1 1 1 2 2 1 1 1 1 56 56 1 1 1 1 13 13 1 1 1 1 11 11 1 1 1 1 1 1 1 1 1 1 3 3 1 1 1 1 4 4 1 1 1 1 4 4 2 2 2 2 2 2 1 1 1 1 4 4 1 1 1 1 10 10 1 1 1 1 5 5 1 1 1 1 17 17 2 2 2 2 1 1 1 1 1 1 17 17 1 1 1 1 1 1 30 30 2 2 2 2 1 1 2 2 2 2 26 26 1 1 1 1 18 18 1 1 1 1 5 5 2 2 2 2 11 11 1 1 1 1 5 5 1 1 1 1 1 1 1 1 5 5 1 1 1 1 4 4 1 1 1 1 12 12 1 1 1 1 8 8 1 1 1 1 16 16 3 3 3 3 13 13 1 1 1 1 4 4 1 1 1 1 2 2 1 1 1 1 2 2 1 1 1 1 14 14 1 1 1 1 5 5 1 1 6 6 1 1 1 1 3 3 2 2 2 2 25 25 1 1 1 1 3 3 1 1 1 1 44 44 1 1 1 1 1 1 1 1 1 1 1 1 14 14 1 1 1 1 12 12 1 1 1 1 9 9 1 1 1 1 2 2 1 1 1 1 4 4 2 2 2 2 9 9 1 1 1 1 4 4 1 1 1 1 11 11 16 16 1 1 1 1 106 106 1 1 1 1 46 46 8 8 6 6 6 6 1 1 1 1 1 1 4 4 1 1 1 1 2 2 1 1 1 1 2 2 2 2 2 2 8 8 1 1 1 1 1 1 1 1 1 1 22 22 1 1 1 1 1 1 1 1 1 1 20 20 1 1 1 1 8 8 1 1 1 1 34 34 1 1 1 1 24 24 1 1 1 1 30 30 1 1 1 1 32 32 1 1 1 1 15 15 1 1 1 1 4 4 1 1 1 1 3 3 1 1 1 1 1 1 1 1 7 7 1 1 1 1 36 36 1 1 1 1 17 17 1 1 1 1 9 9 1 1 1 1 12 12 1 1 1 1 21 21 1 1 1 1 13 13 1 1 1 1 51 51 1 1 1 1 22 22 1 1 1 1 4 4 1 1 1 1 2 2 1 1 1 1 1 1 3 3 1 1 1 1 1 1 1 1 1 1 1 1 1 1 4 4 1 1 1 1 13 13 1 1 1 1 3 3 1 1 1 1 13 13 1 1 1 1 1 1 1 1 1 1 2 2 1 1 1 1 13 13 1 1 1 1 5 5 1 1 1 1 7 7 1 1 1 1 1 1 171 171 3 3 1 1 1 1 42 42 1 1 1 1 5 5 1 1 1 1 12 12 1 1 1 1 11 11 1 1 1 1 2 2 1 1 1 1 1 1 1 1 1 1 1 1 1 1 3 3 1 1 1 1 8 8 1 1 1 1 20 20 2 2 2 2 9 9 1 1 1 1 25 25 2 2 2 2 1 1 1 1 1 1 23 23 2 2 2 2 9 9 1 1 1 1 1 1 1 1 8 8 1 1 1 1 28 28 1 1 1 1 16 16 2 2 2 2 3 3 1 1 1 1 7 7 1 1 1 1 14 14 1 1 1 1 1 1 1 1 1 1 2 2 1 1 1 1 17 17 1 1 1 1 23 23 2 2 2 2 9 9 1 1 1 1 8 8 1 1 1 1 27 27 1 1 1 1 22 22 1 1 1 1 15 15 1 1 1 1 17 17 1 1 1 1 11 11 1 1 1 1 1 1 1 1 14 14 1 1 1 1 11 11 1 1 1 1 2 2 1 1 1 1 11 11 1 1 1 1 20 20 1 1 1 1 12 12 1 1 1 1 25 25 1 1 1 1 7 7 2 2 2 2 7 7 1 1 1 1 4 4 1 1 1 1 8 8 1 1 1 1 8 8 2 2 2 2 7 7 2 2 2 2 8 8 1 1 1 1 17 17 1 1 1 1 3 3 1 1 1 1 37 37 2 2 2 2 1 1 1 1 1 1 11 11 1 1 1 1 6 6 1 1 1 1 11 11 1 1 1 1 30 30 1 1 1 1 1 1 2 2 2 2 16 16 1 1 1 1 41 41 1 1 1 1 35 35 1 1 1 1 36 36 1 1 1 1 10 10 1 1 1 1 83 83 1 1 1 1 50 50 1 1 1 1 64 64 1 1 1 1 7 7 1 1 1 1 24 24 2 2 2 2 6 6 1 1 1 1 4 4 1 1 1 1 58 58 1 1 1 1 11 11 1 1 1 1 94 94 1 1 1 1 8 8 3076 3076 3613 485 510 2566
4797 4797 13 13 1 1 1 1 42 42 1 1 1 1 1 1 2 2 2 2 16 16 1 1 1 1 120 120 1 1 1 1 4 4 1 1 1 1 39 39 1 1 1 1 27 27 1 1 1 1 2 2 1 1 1 1 3 3 1 1 1 1 1 1 1 1 1 1 38 38 1 1 1 1 1 1 1 1 1 1 2 2 1 1 1 1 2 2 3244 3244 3299 1498 575 2669
3415 3415 4 4 1 1 1 1 28 28 1 1 1 1 4 4 1 1 1 1 8 8 1 1 1 1 1 1 1 1 1 1 33 33 2 2 2 2 7 7 2 2 2 2 4 4 1 1 1 1 7 7 1 1 1 1 15 15 1 1 1 1 35 35 1 1 1 1 27 27 1 1 1 1 3 3 1 1 1 1 63 63 1 1 1 1 33 33 1 1 1 1 36 36 1 1 1 1 17 17 1 1 1 1 7 7 1 1 1 1 5 5 1 1 1 1 20 20 1 1 1 1 9 9 1 1 1 1 2 2 2 2 43 43 1 1 1 1 2 2 1 1 1 1 15 15 1 1 1 1 11 11 1 1 1 1 22 22 1 1 1 1 26 26 1 1 1 1 13 13 2 2 2 2 22 22 1 1 14 14 1 1 1 1 47 47 1 1 1 1 22 22 1 1 1 1 4 4 1 1 1 1 1 1 1 1 1 1 4 4 1 1 1 1 11 11 1 1 1 1 2 2 1 1 1 1 17 17 1 1 1 1 5 5 1 1 1 1 1 1 1 1 1 1 27 27 2 2 2 2 34 34 1 1 1 1 2 2 1 1 1 1 23 23 1 1 1 1 2 2 1 1 1 1 23 23 1 1 1 1 1 1 2 2 2 2 3 3 1 1 1 1 7 7 1 1 1 1 6 6 1 1 1 1 6 6 1 1 1 1 5 5 1 1 1 1 2 2 1 1 1 1 6 6 1 1 1 1 7 7 2 2 2 2 9 9 1 1 1 1 4 4 1 1 1 1 11 11 170 170 8 8 6 6 6 6 1 1 1 1 1 1 4 4 1 1 1 1 2 2 1 1 1 1 2 2 2 2 2 2 8 8 1 1 1 1 1 1 1 1 1 1 8 8 1 1 1 1 21 21 1 1 1 1 23 23 1 1 1 1 2 2 2 2 2 2 8 8 1 1 1 1 7 7 1 1 1 1 6 6 1 1 1 1 47 47 1 1 1 1 18 18 1 1 1 1 37 37 1 1 1 1 4 4 1 1 1 1 1 1 2 2 2 2 7 7 74 74 1 1 1 1 27 27 1 1 20 20 2 2 2 2 5 5 1 1 1 1 4 4 1 1 1 1 83 83 1 1 1 1 17 17 1 1 32 32 1 1 1 1 46 46 1 1 1 1 17 17 1 1 1 1 7 7 1 1 32 32 1 1 17 17 1 1 1 1 57 57 1 1 1 1 80 80 1 1 13 13 1 1 1 1 16 16 1 1 13 13 1 1 7 7 1 1 15 15 1 1 1 1 45 45 1 1 1 1 108 108 1 1 1 1 8 8 1 1 36 36 1 1 1 1 104 104 18 18 27 27 1 1 1 1 15 15 1 1 1 1 44 44 1 1 105 105 1 1 1 1 46 46 1 1 1 1 21 21 1 1 1 1 11 11 1 1 1 1 29 29 1 1 1 1 1 1 1 1 6 6 1 1 1 1 1 1 5 5 1 1 1 1 5 5 1 1 1 1 3 3 2 2 2 2 3 3 1 1 1 1 10 10 1 1 1 1 2 2 1 1 1 1 18 18 1 1 37 37 1 1 13 13 1 1 1 1 11 11 1 1 1 1 1 1 79 79 1 1 27 27 1 1 1 1 34 34 1 1 1 1 56 56 12 12 1 1 1 1 8 8 1 1 16 16 3 3 13 13 1 1 10 10 1 1 1 1 14 14 1 1 5 5 1 1 1 1 1 1 1 1 2 2 4 4 3 3 2 2 25 25 1 1 3 3 1 1 1 1 46 46 1 1 1 1 27 27 1 1 12 12 1 1 1 1 9 9 1 1 36 36 1 1 1 1 1 1 1 1 104 104 1 1 1 1 1 1 1 1 6 6 1 1 6 6 1 1 28 28 1 1 4 4 1 1 8 8 1 1 1 1 1 1 33 33 2 2 7 7 1 1 1 1 1 1 4 4 1 1 7 7 3483 3483 2371 1044 1408 2075

3604 3604 109 109 1 1 1 1 120 120 1 1 1 1 63 63 10 10 9 9 120 120 1 1 1 1 23 23 5 5 541 541 1 1 1 1 106 106 5 5 333 333 1 1 1 1 36 36 1 1 1 1 26 26 1 1 2 2 23 23 1 1 1 1 50 50 15 15 10 10 2 2 2 2 55 55 1 1 1 1 13 13 1 1 1 1 87 87 15 15 122 122 15 15 108 108 1 1 1 1 79 79 2 2 2 2 6 6 1 1 1 1 100 100 5 5 166 166 15 15 96 96 1 1 1 1 133 133 1 1 1 1 9 9 1 1 1 1 2 2 5 5 2 2 1 1 1 1 30 30 10 10 41 41 1 1 1 1 18 18 1 1 1 1 14 14 1 1 1 1 70 70 1 1 1 1 11 11 5 5 161 161 1 1 1 1 153 153 1 1 1 1 419 419 15 15 1 1 1 1 188 188 5 5 63 63 1 1 1 1 75 75 30 30 60 60 1 1 1 1 597 597 1 1 1 1 472 472 20 20 35 35 1 1 13 13 48 48 41 41 17 17 235 235 528 528 3 3 73 73 280 280 833 833 720 113 2748 856
493 493 1 1 1 1 73 73 1 1 1 1 56 56 1 1 25 25 1 1 1 1 165 165 1 1 1 1 25 25 6 6 21 21 4 4 6 6 1 1 1 1 15 15 5 5 18 18 3 3 1 1 1 1 3 3 1 1 1 1 1 1 1 1 2 2 1 1 3 3 39 39 3 3 1 1 1 1 4 4 4 4 4 4 3 3 1 1 1 1 4 4 4 4 4 4 8 8 12 12 5 5 1 1 1 1 15 15 1 1 1 1 42 42 1 1 1 1 1 1 6 6 28 28 2 2 2 2 1 1 2 2 1 1 1 1 19 19 4 4 14 14 1 1 1 1 1 1 36 36 1 1 1 1 54 54 1 1 1 1 108 108 1 1 1 1 157 157 432 61 25 132
182 182 1 1 1 1 12 12 1 1 1 1 20 20 1 1 1 1 48 48 1 1 1 1 20 20 1 1 1 1 3 3 1 1 1 1 20 20 1 1 1 1 9 9 1 1 1 1 15 15 1 1 2 2 1 1 1 1 21 21 1 1 1 1 12 12 1 1 1 1 64 64 1 1 1 1 75 75 1 1 1 1 26 26 1 1 1 1 2 2 1 1 1 1 3 3 1 1 1 1 8 8 1 1 1 1 65 65 1 1 1 1 14 14 1 1 1 1 11 11 1 1 1 1 1 1 1 1 1 1 4 4 1 1 1 1 6 6 1 1 1 1 37 37 1 1 1 1 1 1 1 1 82 82 1 1 1 1 80 80 1 1 1 1 42 42 1 1 1 1 65 65 1 1 1 1 24 24 1 1 1 1 11 11 1 1 1 1 70 70 1 1 1 1 14 14 1 1 1 1 44 44 1 1 1 1 1 1 1 1 1 1 7 7 1 1 1 1 124 124 4 4 2 2 2 2 2 2 2 2 2 2 2 2 2 2 2 2 2 2 2 2 2 2 4 4 26 26 5 5 2 2 1 1 17 17 1 1 1 1 19 19 1 1 1 1 39 39 1 1 1 1 38 38 1 1 1 1 34 34 1 1 69 69 1 1 1 1 125 125 90 35 25 157
164 164 1 1 1 1 105 105 1 1 1 1 3 3 1 1 1 1 2 2 4 4 4 4 4 4 4 4 4 4 4 4 4 4 8 8 21 21 12 12 4 4 4 4 4 4 4 4 19 19 2 2 1 1 319 319 1 1 1 1 17 17 1 1 1 1 135 135 1 1 2 2 1 1 1 1 105 105 1 1 1 1 187 187 142 45 47 117
206 206 1 1 1 1 54 54 1 1 1 1 141 141 1 1 1 1 5 5 1 1 1 1 88 88 1 1 1 1 164 164 1 1 1 1 112 112 1 1 1 1 54 54 1 1 1 1 52 52 1 1 1 1 71 71 1 1 1 1 6 6 2 2 46 46 1 1 2 2 1 1 1 1 35 35 1 1 1 1 57 57 1 1 1 1 12 12 1 1 1 1 207 207 6 6 2 2 2 2 2 2 2 2 2 2 2 2 2 2 2 2 4 4 2 2 18 18 1 1 1 1 1 1 1 1 1 1 1 1 1 1 1 1 169 169 1 1 1 1 253 253 196 57 22 184
83 83 4 4 1 1 1 1 1 1 15 15 4 4 294 294 4 4 59 59 1 1 1 1 160 160 65 18 85 75
210 210 1 1 39 39 1 1 1 1 262 262 1 1 8 8 1 1 1 1 72 72 1 1 1 1 65 65 1 1 1 1 41 41 1 1 1 1 16 16 305 305 193 17 101 204
123 123 1 1 1 1 75 75 1 1 1 1 20 20 1 1 1 1 28 28 1 1 2 2 12 12 1 1 1 1 28 28 1 1 1 1 96 96 1 1 1 1 86 86 23 23 1 1 1 1 40 40 7 7 31 31 1 1 36 36 1 1 1 1 11 11 1 1 1 1 73 73 2 2 1 1 1 1 32 32 1 1 1 1 142 142 118 24 21 102
204 204 1 1 1 1 26 26 1 1 1 1 6 6 1 1 1 1 5 5 1 1 1 1 1 1 1 1 4 4 1 1 1 1 3 3 1 1 1 1 1 1 1 1 2 2 3 3 6 6 1 1 1 1 2 2 1 1 13 13 5 5 1 1 11 11 1 1 21 21 12 12 1 1 1 1 45 45 20 20 1 1 1 1 13 13 2 2 18 18 2 2 5 5 3 3 3 3 3 3 1 1 2 2 2 2 1 1 1 1 15 15 92 92 148 56 34 58
251 251 1 1 1 1 13 13 9 9 1 1 1 1 1 1 1 1 1 1 1 1 5 5 1 1 1 1 1 1 1 1 1 1 3 3 1 1 1 1 1 1 2 2 1 1 1 1 1 1 1 1 1 1 3 3 1 1 1 1 3 3 1 1 1 1 1 1 1 1 1 1 1 1 1 1 1 1 1 1 1 1 1 1 3 3 1 1 1 1 1 1 1 1 1 1 1 1 1 1 1 1 1 1 1 1 1 1 5 5 1 1 1 1 1 1 1 1 1 1 1 1 1 1 5 5 1 1 1 1 1 1 1 1 1 1 1 1 1 1 1 1 1 1 1 1 1 1 1 1 1 1 3 3 1 1 1 1 3 3 1 1 1 1 3 3 1 1 1 1 1 1 5 5 1 1 1 1 1 1 1 1 1 1 1 1 1 1 1 1 3 3 1 1 1 1 3 3 2 2 1 1 1 1 1 1 1 1 1 1 3 3 1 1 1 1 3 3 1 1 3 3 1 1 1 1 1 1 1 1 3 3 1 1 1 1 1 1 1 1 1 1 3 3 1 1 1 1 1 1 1 1 1 1 1 1 1 1 1 1 1 1 1 1 1 1 1 1 4 4 1 1 1 1 1 1 1 1 1 1 1 1 1 1 1 1 5 5 1 1 1 1 1 1 1 1 1 1 1 1 1 1 1 1 1 1 1 1 1 1 1 1 1 1 1 1 1 1 1 1 1 1 1 1 1 1 1 1 1 1 1 1 1 1 1 1 1 1 1 1 1 1 1 1 1 1 1 1 3 3 1 1 1 1 1 1 1 1 1 1 7 7 1 1 1 1 1 1 1 1 1 1 1 1 1 1 1 1 1 1 1 1 1 1 1 1 1 1 1 1 1 1 1 1 1 1 1 1 1 1 3 3 1 1 1 1 1 1 1 1 1 1 1 1 1 1 1 1 1 1 1 1 1 1 1 1 1 1 1 1 1 1 1 1 1 1 1 1 1 1 1 1 1 1 1 1 1 1 4 4 1 1 1 1 1 1 1 1 1 1 1 1 1 1 1 1 1 1 1 1 1 1 3 3 1 1 1 1 1 1 1 1 1 1 1 1 1 1 1 1 1 1 1 1 1 1 1 1 1 1 1 1 3 3 1 1 1 1 1 1 1 1 1 1 3 3 1 1 1 1 1 1 1 1 1 1 1 1 1 1 1 1 1 1 1 1 1 1 1 1 1 1 1 1 1 1 1 1 1 1 1 1 1 1 1 1 1 1 1 1 1 1 1 1 5 5 1 1 1 1 1 1 1 1 1 1 1 1 1 1 1 1 1 1 1 1 1 1 5 5 1 1 1 1 1 1 1 1 1 1 1 1 1 1 1 1 1 1 1 1 1 1 3 3 1 1 1 1 1 1 1 1 1 1 1 1 6 6 2 2 1 1 1 1 1 1 3 3 1 1 1 1 1 1 1 1 1 1 3 3 1 1 1 1 1 1 1 1 1 1 1 1 1 1 1 1 1 1 1 1 1 1 1 1 1 1 3 3 1 1 1 1 1 1 1 1 1 1 1 1 1 1 1 1 1 1 1 1 1 1 1 1 1 1 3 3 1 1 1 1 1 1 2 2 1 1 1 1 1 1 1 1 1 1 1 1 1 1 1 1 1 1 1 1 1 1 1 1 1 1 1 1 1 1 1 1 1 1 1 1 2 2 1 1 1 1 1 1 1 1 1 1 1 1 1 1 1 1 1 1 1 1 1 1 1 1 1 1 1 1 1 1 1 1 1 1 1 1 1 1 1 1 1 1 1 1 1 1 1 1 1 1 1 1 1 1 1 1 1 1 1 1 1 1 1 1 1 1 1 1 1 1 1 1 1 1 1 1 1 1 14 14 1 1 1 1 1 1 1 1 1 1 1 1 1 1 1 1 5 5 1 1 1 1 1 1 1 1 1 1 1 1 1 1 1 1 7 7 1 1 1 1 1 1 1 1 1 1 1 1 1 1 1 1 1 1 1 1 1 1 1 1 4 4 1 1 1 1 1 1 1 1 1 1 1 1 1 1 1 1 3 3 1 1 1 1 1 1 1 1 1 1 1 1 1 1 1 1 5 5 2 2 1 1 1 1 1 1 1 1 1 1 3 3 1 1 1 1 3 3 1 1 1 1 1 1 1 1 1 1 1 1 1 1 1 1 3 3 1 1 1 1 1 1 1 1 1 1 1 1 1 1 1 1 1 1 1 1 1 1 5 5 2 2 1 1 1 1 1 1 1 1 1 1 1 1 1 1 1 1 1 1 1 1 1 1 1 1 1 1 5 5 1 1 1 1 2 2 6 6 4 4 1 1 1 1 1 1 1 1 1 1 3 3 4 4 1 1 1 1 1 1 1 1 1 1 3 3 1 1 1 1 1 1 1 1 3 3 2 2 1 1 1 1 5 5 1 1 1 1 1 1 1 1 1 1 1 1 1 1 1 1 3 3 1 1 1 1 1 1 1 1 1 1 1 1 1 1 1 1 8 8 1 1 1 1 3 3 1 1 1 1 1 1 5 5 1 1 1 1 1 1 1 1 1 1 1 1 1 1 1 1 1 1 1 1 1 1 3 3 1 1 1 1 2 2 1 1 1 1 1 1 2 2 1 1 1 1 3 3 1 1 1 1 7 7 1 1 1 1 1 1 1 1 1 1 1 1 1 1 1 1 5 5 2 2 1 1 1 1 1 1 1 1 1 1 1 1 1 1 1 1 2 2 1 1 1 1 3 3 2 2 1 1 1 1 1 1 1 1 1 1 5 5 1 1 1 1 1 1 1 1 1 1 1 1 5 5 1 1 1 1 1 1 1 1 1 1 1 1 2 2 1 1 1 1 1 1 1 1 1 1 1 1 1 1 1 1 1 1 3 3 1 1 1 1 1 1 2 2 1 1 1 1 1 1 1 1 1 1 1 1 1 1 1 1 1 1 1 1 1 1 1 1 1 1 1 1 1 1 1 1 1 1 1 1 1 1 1 1 1 1 1 1 1 1 1 1 1 1 1 1 1 1 1 1 1 1 1 1 1 1 1 1 1 1 1 1 2 2 1 1 1 1 3 3 1 1 1 1 1 1 1 1 2 2 1 1 1 1 1 1 1 1 3 3 2 2 2 2 1 1 1 1 1 1 1 1 1 1 1 1 1 1 2 2 1 1 1 1 1 1 1 1 1 1 1 1 1 1 1 1 3 3 1 1 1 1 1 1 4 4 4 4 1 1 1 1 1 1 1 1 1 1 3 3 1 1 1 1 1 1 1 1 1 1 1 1 1 1 1 1 1 1 1 1 1 1 1 1 3 3 1 1 1 1 1 1 1 1 1 1 1 1 1 1 1 1 1 1 1 1 1 1 1 1 3 3 1 1 1 1 3 3 1 1 1 1 2 2 1 1 1 1 1 1 2 2 1 1 1 1 1 1 1 1 1 1 1 1 1 1 1 1 1 1 1 1 1 1 1 1 1 1 1 1 1 1 3 3 1 1 1 1 1 1 1 1 1 1 1 1 1 1 1 1 1 1 1 1 1 1 1 1 1 1 1 1 1 1 1 1 1 1 1 1 1 1 1 1 1 1 2 2 1 1 1 1 1 1 1 1 1 1 1 1 1 1 1 1 1 1 1 1 1 1 1 1 1 1 1 1 1 1 1 1 1 1 1 1 1 1 1 1 1 1 1 1 1 1 3 3 1 1 1 1 1 1 1 1 1 1 1 1 1 1 1 1 1 1 1 1 1 1 1 1 1 1 1 1 1 1 1 1 1 1 1 1 1 1 1 1 1 1 1 1 2 2 1 1 1 1 1 1 1 1 1 1 2 2 1 1 1 1 1 1 1 1 1 1 1 1 1 1 1 1 1 1 1 1 1 1 1 1 4 4 1 1 1 1 2 2 1 1 1 1 1 1 1 1 1 1 1 1 1 1 1 1 1 1 1 1 3 3 1 1 1 1 1 1 1 1 1 1 1 1 1 1 1 1 1 1 1 1 1 1 7 7 1 1 4 4 6 6 1 1 1 1 1 1 1 1 1 1 1 1 1 1 1 1 1 1 1 1 1 1 1 1 1 1 1 1 1 1 1 1 1 1 1 1 1 1 1 1 1 1 1 1 1 1 1 1 1 1 1 1 1 1 1 1 1 1 1 1 1 1 1 1 1 1 1 1 1 1 1 1 3 3 1 1 1 1 1 1 1 1 1 1 1 1 1 1 1 1 1 1 1 1 1 1 1 1 1 1 1 1 1 1 1 1 1 1 3 3 1 1 1 1 3 3 1 1 1 1 1 1 1 1 1 1 1 1 2 2 1 1 1 1 1 1 1 1 1 1 1 1 2 2 1 1 1 1 5 5 1 1 1 1 1 1 1 1 1 1 1 1 3 3 1 1 1 1 5 5 1 1 1 1 1 1 1 1 1 1 1 1 1 1 1 1 3 3 1 1 1 1 1 1 1 1 1 1 1 1 1 1 1 1 3 3 1 1 1 1 1 1 3 3 1 1 1 1 1 1 1 1 3 3 1 1 1 1 1 1 1 1 1 1 1 1 1 1 1 1 1 1 1 1 1 1 11 11 1 1 1 1 1 1 2 2 1 1 1 1 1 1 1 1 1 1 1 1 1 1 1 1 5 5 1 1 1 1 1 1 1 1 1 1 1 1 1 1 1 1 1 1 1 1 1 1 1 1 1 1 1 1 1 1 1 1 2 2 1 1 1 1 1 1 1 1 1 1 1 1 2 2 1 1 1 1 15 15 2 2 1 1 1 1 1 1 1 1 1 1 1 1 1 1 1 1 9 9 1 1 1 1 3 3 1 1 1 1 3 3 1 1 1 1 3 3 1 1 1 1 13 13 2 2 2 2 48 48 1 1 1 1 3 3 2 2 2 2 12 12 10 10 1 1 1 1 1 1 1 1 1 1 7 7 1 1 1 1 3 3 1 1 1 1 3 3 4 4 1 1 1 1 1 1 1 1 1 1 19 19 7 7 2 2 2 2 1 1 6 6 2 2 1 1 1 1 9 9 1 1 1 1 5 5 1 1 1 1 1 1 1 1 1 1 1 1 1 1 1 1 1 1 3 3 1 1 1 1 1 1 1 1 1 1 3 3 1 1 1 1 7 7 1 1 1 1 3 3 1 1 1 1 5 5 1 1 1 1 1 1 1 1 1 1 1 1 9 9 8 8 2 2 1 1 1 1 1 1 1 1 1 1 1 1 1 1 1 1 1 1 3 3 1 1 1 1 5 5 1 1 1 1 1 1 1 1 1 1 1 1 2 2 1 1 1 1 1 1 1 1 1 1 1 1 1 1 1 1 1 1 1 1 1 1 1 1 5 5 1 1 1 1 1 1 1 1 1 1 1 1 1 1 1 1 1 1 3 3 1 1 1 1 1 1 1 1 1 1 1 1 1 1 1 1 1 1 1 1 1 1 1 1 1 1 1 1 1 1 1 1 1 1 1 1 1 1 1 1 1 1 3 3 1 1 1 1 1 1 1 1 1 1 1 1 1 1 1 1 1 1 1 1 1 1 7 7 1 1 1 1 1 1 1 1 1 1 3 3 1 1 9 9 1 1 1 1 1 1 1 1 1 1 1 1 1 1 2 2 1 1 1 1 3 3 1 1 1 1 1 1 2 2 1 1 1 1 1 1 7 7 2 2 5 5 1 1 1 1 2 2 1 1 1 1 1 1 3 3 1 1 1 1 3 3 1 1 1 1 5 5 1 1 1 1 1 1 1 1 1 1 1 1 1 1 1 1 1 1 1 1 1 1 1 1 2 2 2 2 1 1 1 1 1 1 1 1 1 1 1 1 1 1 1 1 1 1 1 1 1 1 1 1 1 1 1 1 5 5 1 1 1 1 1 1 1 1 1 1 1 1 1 1 1 1 1 1 1 1 1 1 1 1 1 1 1 1 1 1 1 1 1 1 3 3 1 1 1 1 1 1 1 1 1 1 1 1 1 1 1 1 1 1 1 1 1 1 1 1 1 1 1 1 5 5 1 1 1 1 5 5 1 1 1 1 3 3 1 1 1 1 1 1 1 1 1 1 1 1 1 1 1 1 3 3 1 1 1 1 1 1 1 1 1 1 1 1 1 1 1 1 1 1 1 1 1 1 1 1 1 1 1 1 3 3 1 1 1 1 1 1 1 1 1 1 1 1 1 1 1 1 1 1 1 1 1 1 3 3 1 1 1 1 3 3 1 1 1 1 1 1 1 1 1 1 1 1 1 1 1 1 1 1 1 1 1 1 1 1 1 1 1 1 1 1 1 1 1 1 5 5 1 1 1 1 1 1 5 5 1 1 1 1 1 1 2 2 2 2 1 1 1 1 1 1 1 1 1 1 1 1 1 1 1 1 1 1 1 1 1 1 1 1 1 1 1 1 1 1 1 1 1 1 5 5 1 1 1 1 1 1 1 1 1 1 1 1 1 1 1 1 1 1 1 1 1 1 1 1 1 1 1 1 1 1 1 1 1 1 7 7 2 2 4 4 2 2 1 1 1 1 1 1 1 1 1 1 4 4 1 1 1 1 2 2 2 2 1 1 1 1 1 1 1 1 1 1 1 1 1 1 1 1 1 1 1 1 1 1 1 1 1 1 1 1 1 1 1 1 1 1 1 1 1 1 1 1 1 1 1 1 2 2 1 1 1 1 3 3 1 1 1 1 3 3 1 1 1 1 1 1 1 1 1 1 1 1 1 1 5 5 1 1 1 1 3 3 1 1 1 1 1 1 1 1 1 1 1 1 1 1 1 1 1 1 3 3 1 1 1 1 1 1 1 1 1 1 1 1 1 1 1 1 1 1 1 1 1 1 1 1 1 1 1 1 1 1 1 1 1 1 1 1 1 1 2 2 2 2 1 1 1 1 1 1 1 1 1 1 5 5 1 1 1 1 1 1 1 1 1 1 1 1 1 1 1 1 1 1 1 1 1 1 1 1 1 1 1 1 3 3 1 1 1 1 1 1 1 1 1 1 1 1 1 1 1 1 1 1 1 1 1 1 1 1 1 1 1 1 1 1 3 3 1 1 1 1 1 1 1 1 1 1 1 1 1 1 1 1 3 3 1 1 1 1 1 1 1 1 1 1 1 1 1 1 1 1 1 1 2 2 1 1 1 1 1 1 1 1 1 1 1 1 2 2 1 1 1 1 1 1 1 1 1 1 1 1 1 1 1 1 1 1 1 1 1 1 3 3 1 1 1 1 1 1 3 3 1 1 1 1 1 1 1 1 1 1 3 3 1 1 1 1 1 1 1 1 1 1 1 1 1 1 1 1 1 1 3 3 1 1 1 1 1 1 1 1 1 1 1 1 1 1 1 1 1 1 1 1 1 1 1 1 1 1 1 1 1 1 1 1 1 1 1 1 1 1 1 1 1 1 1 1 1 1 1 1 1 1 1 1 1 1 1 1 1 1 1 1 1 1 1 1 1 1 1 1 1 1 1 1 1 1 1 1 1 1 1 1 1 1 1 1 3 3 1 1 1 1 1 1 1 1 1 1 1 1 1 1 1 1 1 1 1 1 1 1 1 1 5 5 12 12 1 1 1 1 1 1 1 1 1 1 3 3 1 1 1 1 1 1 2 2 1 1 1 1 1 1 2 2 1 1 1 1 1 1 1 1 1 1 3 3 1 1 1 1 3 3 1 1 1 1 1 1 1 1 1 1 1 1 1 1 1 1 3 3 1 1 1 1 1 1 1 1 1 1 1 1 1 1 1 1 1 1 1 1 1 1 1 1 1 1 1 1 7 7 1 1 1 1 1 1 1 1 1 1 7 7 2 2 1 1 1 1 5 5 1 1 1 1 1 1 1 1 1 1 1 1 1 1 1 1 1 1 1 1 1 1 1 1 1 1 1 1 5 5 1 1 1 1 1 1 1 1 1 1 1 1 1 1 1 1 1 1 1 1 1 1 3 3 1 1 1 1 3 3 1 1 1 1 1 1 1 1 1 1 1 1 1 1 1 1 5 5 1 1 1 1 3 3 1 1 1 1 1 1 1 1 1 1 1 1 1 1 1 1 3 3 1 1 1 1 3 3 2 2 2 2 1 1 1 1 1 1 1 1 1 1 1 1 5 5 2 2 2 2 1 1 1 1 1 1 1 1 1 1 1 1 1 1 1 1 3 3 1 1 1 1 1 1 1 1 1 1 3 3 2 2 2 2 2 2 1 1 1 1 1 1 1 1 1 1 1 1 1 1 1 1 1 1 2 2 1 1 1 1 1 1 1 1 1 1 5 5 1 1 1 1 1 1 1 1 1 1 1 1 1 1 1 1 15 15 1 1 1 1 1 1 1 1 1 1 1 1 1 1 1 1 1 1 1 1 1 1 1 1 1 1 1 1 1 1 1 1 1 1 1 1 1 1 1 1 1 1 1 1 1 1 1 1 1 1 1 1 1 1 1 1 1 1 1 1 1 1 3 3 1 1 1 1 1 1 1 1 1 1 1 1 1 1 1 1 1 1 1 1 1 1 1 1 1 1 13 13 1 1 1 1 1 1 1 1 2 2 1 1 1 1 1 1 1 1 1 1 1 1 1 1 1 1 1 1 1 1 1 1 1 1 1 1 1 1 1 1 1 1 1 1 1 1 1 1 1 1 1 1 1 1 1 1 3 3 1 1 1 1 1 1 1 1 1 1 3 3 1 1 1 1 1 1 1 1 1 1 1 1 1 1 1 1 1 1 1 1 1 1 1 1 1 1 1 1 3 3 1 1 1 1 1 1 2 2 2 2 1 1 1 1 3 3 10 10 1 1 1 1 3 3 1 1 1 1 1 1 1 1 1 1 1 1 1 1 1 1 1 1 5 5 1 1 1 1 1 1 1 1 1 1 3 3 1 1 1 1 3 3 2 2 1 1 1 1 1 1 1 1 1 1 3 3 1 1 1 1 3 3 1 1 1 1 1 1 1 1 1 1 1 1 1 1 1 1 3 3 1 1 1 1 1 1 1 1 1 1 1 1 1 1 1 1 1 1 4 4 4 4 2 2 2 2 1 1 1 1 3 3 2 2 1 1 1 1 1 1 1 1 1 1 3 3 1 1 1 1 1 1 1 1 1 1 3 3 1 1 1 1 1 1 1 1 1 1 1 1 1 1 1 1 1 1 1 1 1 1 1 1 1 1 1 1 5 5 1 1 1 1 1 1 1 1 1 1 1 1 1 1 1 1 1 1 1 1 1 1 1 1 1 1 1 1 1 1 1 1 1 1 3 3 8 8 2 2 1 1 1 1 1 1 1 1 1 1 7 7 1 1 1 1 1 1 1 1 1 1 3 3 1 1 1 1 3 3 1 1 1 1 5 5 2 2 1 1 1 1 1 1 1 1 1 1 3 3 1 1 1 1 1 1 1 1 1 1 3 3 2 2 1 1 1 1 1 1 1 1 1 1 1 1 1 1 1 1 3 3 1 1 1 1 3 3 1 1 1 1 1 1 1 1 7 7 1 1 1 1 3 3 2 2 1 1 1 1 1 1 1 1 5 5 1 1 3 3 1 1 1 1 1 1 1 1 1 1 1 1 1 1 1 1 1 1 1 1 1 1 4 4 1 1 1 1 1 1 1 1 1 1 1 1 1 1 13 13 1 1 3 3 2 2 1 1 1 1 1 1 1 1 1 1 3 3 1 1 1 1 1 1 1 1 1 1 3 3 2 2 1 1 1 1 3 3 1 1 1 1 7 7 1 1 1 1 1 1 1 1 1 1 1 1 1 1 1 1 1 1 1 1 1 1 9 9 1 1 1 1 1 1 1 1 1 1 1 1 1 1 1 1 1 1 5 5 1 1 1 1 1 1 1 1 1 1 1 1 1 1 1 1 1 1 1 1 1 1 1 1 1 1 1 1 7 7 1 1 1 1 1 1 1 1 1 1 1 1 1 1 1 1 1 1 1 1 1 1 15 15 2 2 103 103 231 20 27 76
104 104 1 1 18 18 1 1 13 13 1 1 1 1 1 1 6 6 1 1 2 2 1 1 1 1 1 1 1 1 22 22 1 1 15 15 1 1 1 1 2 2 1 1 29 29 1 1 18 18 1 1 1 1 4 4 1 1 16 16 1 1 3 3 1 1 1 1 1 1 3 3 1 1 7 7 2 2 2 2 32 32 22 22 1 1 10 10 1 1 1 1 35 35 1 1 12 12 1 1 3 3 2 2 1 1 1 1 19 19 1 1 5 5 1 1 5 5 1 1 15 15 1 1 3 3 1 1 1 1 12 12 1 1 1 1 6 6 1 1 3 3 3 3 2 2 13 13 1 1 19 19 1 1 22 22 1 1 8 8 1 1 1 1 14 14 1 1 8 8 1 1 1 1 17 17 1 1 12 12 1 1 1 1 9 9 1 1 5 5 1 1 1 1 1 1 1 1 14 14 1 1 1 1 3 3 13 13 1 1 10 10 1 1 1 1 3 3 1 1 1 1 1 1 1 1 1 1 1 1 6 6 1 1 1 1 1 1 2 2 1 1 1 1 2 2 1 1 1 1 2 2 1 1 1 1 2 2 2 2 2 2 1 1 1 1 1 1 2 2 1 1 3 3 1 1 1 1 2 2 1 1 1 1 1 1 1 1 1 1 1 1 1 1 1 1 1 1 1 1 1 1 2 2 1 1 1 1 1 1 1 1 1 1 1 1 1 1 2 2 1 1 1 1 2 2 1 1 1 1 1 1 1 1 1 1 1 1 1 1 3 3 2 2 1 1 1 1 2 2 1 1 1 1 1 1 1 1 1 1 1 1 1 1 1 1 1 1 1 1 1 1 2 2 1 1 1 1 1 1 1 1 1 1 1 1 1 1 1 1 2 2 1 1 1 1 1 1 1 1 1 1 1 1 1 1 1 1 1 1 1 1 1 1 1 1 1 1 1 1 1 1 1 1 1 1 1 1 1 1 1 1 1 1 1 1 1 1 1 1 1 1 1 1 1 1 1 1 1 1 1 1 2 2 1 1 1 1 2 2 1 1 1 1 1 1 1 1 1 1 1 1 1 1 1 1 1 1 1 1 1 1 1 1 2 2 1 1 1 1 2 2 1 1 1 1 1 1 1 1 1 1 1 1 1 1 1 1 1 1 1 1 1 1 1 1 1 1 1 1 2 2 1 1 1 1 1 1 1 1 1 1 1 1 1 1 1 1 1 1 1 1 1 1 1 1 1 1 1 1 2 2 1 1 1 1 1 1 1 1 1 1 1 1 1 1 1 1 1 1 1 1 1 1 1 1 1 1 1 1 1 1 1 1 1 1 1 1 2 2 1 1 1 1 1 1 1 1 1 1 1 1 1 1 1 1 1 1 1 1 1 1 1 1 1 1 2 2 1 1 1 1 1 1 1 1 1 1 1 1 1 1 1 1 1 1 2 2 1 1 1 1 2 2 1 1 1 1 3 3 2 2 1 1 1 1 1 1 1 1 1 1 1 1 1 1 1 1 1 1 1 1 1 1 1 1 1 1 1 1 1 1 1 1 1 1 1 1 1 1 1 1 1 1 1 1 1 1 1 1 1 1 1 1 2 2 1 1 1 1 2 2 1 1 1 1 1 1 1 1 1 1 1 1 1 1 2 2 1 1 1 1 2 2 1 1 1 1 1 1 1 1 1 1 1 1 1 1 1 1 1 1 1 1 1 1 1 1 1 1 1 1 1 1 2 2 1 1 1 1 1 1 1 1 1 1 1 1 1 1 1 1 1 1 1 1 1 1 1 1 1 1 1 1 1 1 1 1 1 1 1 1 1 1 1 1 1 1 1 1 1 1 1 1 1 1 1 1 1 1 1 1 1 1 1 1 1 1 1 1 1 1 1 1 1 1 1 1 2 2 2 2 1 1 1 1 1 1 1 1 1 1 1 1 1 1 1 1 1 1 1 1 1 1 1 1 1 1 1 1 1 1 1 1 1 1 1 1 1 1 1 1 1 1 1 1 1 1 1 1 1 1 1 1 4 4 1 1 1 1 1 1 1 1 1 1 1 1 1 1 1 1 1 1 2 2 1 1 1 1 1 1 1 1 1 1 2 2 1 1 1 1 2 2 1 1 1 1 2 2 1 1 1 1 2 2 1 1 1 1 1 1 1 1 1 1 1 1 1 1 1 1 2 2 2 2 1 1 1 1 1 1 1 1 1 1 1 1 1 1 1 1 1 1 1 1 2 2 1 1 1 1 1 1 1 1 1 1 1 1 1 1 1 1 1 1 1 1 1 1 2 2 1 1 1 1 1 1 1 1 1 1 2 2 1 1 1 1 1 1 1 1 2 2 1 1 1 1 1 1 1 1 1 1 1 1 1 1 1 1 1 1 1 1 1 1 1 1 1 1 2 2 1 1 1 1 2 2 1 1 1 1 1 1 1 1 1 1 1 1 1 1 1 1 1 1 1 1 1 1 1 1 2 2 1 1 1 1 1 1 1 1 1 1 1 1 1 1 1 1 1 1 1 1 1 1 1 1 1 1 1 1 1 1 1 1 1 1 1 1 2 2 1 1 1 1 1 1 1 1 1 1 1 1 1 1 1 1 1 1 1 1 1 1 1 1 1 1 1 1 2 2 1 1 1 1 1 1 1 1 1 1 1 1 2 2 1 1 1 1 1 1 1 1 1 1 1 1 1 1 1 1 1 1 1 1 1 1 1 1 1 1 1 1 1 1 1 1 1 1 1 1 1 1 1 1 1 1 2 2 1 1 1 1 1 1 1 1 1 1 1 1 1 1 1 1 1 1 1 1 1 1 1 1 1 1 1 1 1 1 1 1 1 1 1 1 1 1 1 1 1 1 1 1 1 1 1 1 1 1 1 1 2 2 1 1 1 1 1 1 2 2 1 1 1 1 1 1 2 2 1 1 1 1 1 1 1 1 1 1 1 1 2 2 1 1 1 1 1 1 1 1 1 1 1 1 1 1 1 1 1 1 1 1 1 1 2 2 1 1 1 1 2 2 1 1 1 1 2 2 1 1 3 3 1 1 1 1 1 1 3 3 1 1 1 1 3 3 1 1 1 1 1 1 1 1 1 1 1 1 1 1 1 1 2 2 3 3 1 1 1 1 2 2 1 1 1 1 1 1 1 1 1 1 1 1 1 1 4 4 3 3 1 1 1 1 1 1 1 1 1 1 1 1 1 1 1 1 1 1 1 1 1 1 1 1 1 1 1 1 1 1 1 1 1 1 1 1 1 1 1 1 1 1 2 2 1 1 1 1 2 2 1 1 1 1 1 1 1 1 1 1 1 1 1 1 1 1 1 1 1 1 1 1 1 1 1 1 1 1 1 1 1 1 1 1 1 1 1 1 2 2 1 1 1 1 2 2 1 1 1 1 1 1 1 1 1 1 1 1 1 1 1 1 1 1 1 1 1 1 1 1 1 1 1 1 1 1 1 1 1 1 1 1 1 1 1 1 1 1 1 1 1 1 1 1 1 1 1 1 1 1 1 1 1 1 2 2 1 1 1 1 2 2 1 1 1 1 1 1 1 1 1 1 1 1 1 1 1 1 1 1 1 1 1 1 1 1 1 1 1 1 1 1 1 1 1 1 1 1 1 1 1 1 2 2 1 1 1 1 2 2 1 1 1 1 2 2 1 1 1 1 1 1 1 1 1 1 1 1 2 2 1 1 2 2 1 1 1 1 3 3 1 1 1 1 1 1 1 1 1 1 5 5 1 1 1 1 1 1 1 1 1 1 1 1 1 1 1 1 1 1 1 1 1 1 2 2 1 1 1 1 2 2 1 1 1 1 1 1 1 1 1 1 1 1 1 1 1 1 1 1 2 2 1 1 1 1 1 1 1 1 1 1 1 1 1 1 2 2 1 1 1 1 1 1 1 1 1 1 1 1 1 1 1 1 1 1 1 1 2 2 1 1 1 1 1 1 1 1 1 1 1 1 1 1 1 1 1 1 2 2 1 1 1 1 1 1 1 1 1 1 1 1 1 1 1 1 1 1 1 1 2 2 1 1 1 1 1 1 1 1 1 1 1 1 1 1 2 2 1 1 1 1 2 2 1 1 1 1 1 1 1 1 1 1 1 1 1 1 2 2 1 1 1 1 1 1 1 1 2 2 1 1 1 1 2 2 1 1 1 1 1 1 1 1 1 1 1 1 1 1 1 1 1 1 1 1 1 1 1 1 1 1 1 1 2 2 1 1 1 1 2 2 1 1 1 1 2 2 1 1 1 1 2 2 1 1 1 1 2 2 1 1 1 1 2 2 1 1 1 1 2 2 1 1 1 1 1 1 1 1 1 1 1 1 1 1 2 2 1 1 1 1 1 1 1 1 1 1 1 1 1 1 3 3 2 2 1 1 1 1 1 1 1 1 1 1 1 1 1 1 1 1 1 1 1 1 1 1 2 2 1 1 1 1 1 1 1 1 1 1 1 1 1 1 2 2 1 1 1 1 1 1 1 1 1 1 1 1 1 1 1 1 1 1 1 1 1 1 1 1 1 1 3 3 1 1 1 1 1 1 1 1 1 1 1 1 1 1 1 1 1 1 2 2 1 1 1 1 1 1 1 1 1 1 1 1 1 1 2 2 1 1 1 1 2 2 1 1 1 1 2 2 1 1 1 1 1 1 1 1 1 1 1 1 1 1 2 2 1 1 1 1 2 2 1 1 1 1 1 1 1 1 1 1 1 1 1 1 1 1 1 1 1 1 1 1 1 1 1 1 1 1 1 1 1 1 1 1 1 1 1 1 1 1 2 2 1 1 1 1 1 1 1 1 1 1 1 1 2 2 1 1 1 1 1 1 1 1 1 1 1 1 1 1 2 2 1 1 1 1 1 1 2 2 1 1 1 1 1 1 1 1 1 1 1 1 1 1 1 1 2 2 1 1 1 1 2 2 1 1 1 1 2 2 1 1 1 1 1 1 1 1 1 1 1 1 1 1 1 1 1 1 1 1 1 1 1 1 2 2 1 1 1 1 1 1 1 1 1 1 1 1 1 1 2 2 1 1 1 1 1 1 2 2 1 1 1 1 1 1 1 1 1 1 1 1 1 1 1 1 1 1 4 4 1 1 1 1 2 2 1 1 1 1 2 2 1 1 1 1 2 2 1 1 1 1 5 5 1 1 1 1 2 2 1 1 1 1 1 1 1 1 2 2 1 1 1 1 1 1 1 1 1 1 1 1 1 1 1 1 1 1 1 1 1 1 1 1 2 2 1 1 1 1 1 1 1 1 1 1 1 1 1 1 1 1 1 1 1 1 1 1 1 1 1 1 1 1 4 4 1 1 1 1 1 1 1 1 1 1 2 2 1 1 1 1 1 1 1 1 1 1 1 1 1 1 1 1 1 1 1 1 1 1 2 2 1 1 1 1 2 2 1 1 1 1 2 2 1 1 1 1 2 2 1 1 1 1 1 1 1 1 1 1 1 1 1 1 1 1 1 1 3 3 1 1 1 1 1 1 1 1 1 1 2 2 1 1 1 1 2 2 1 1 1 1 2 2 1 1 1 1 2 2 1 1 1 1 2 2 1 1 1 1 2 2 1 1 1 1 1 1 1 1 1 1 1 1 1 1 2 2 1 1 1 1 2 2 1 1 1 1 1 1 1 1 1 1 1 1 1 1 2 2 1 1 1 1 1 1 2 2 1 1 1 1 1 1 1 1 2 2 1 1 1 1 1 1 1 1 1 1 1 1 1 1 1 1 1 1 1 1 1 1 1 1 1 1 1 1 1 1 1 1 1 1 2 2 1 1 1 1 2 2 1 1 2 2 1 1 1 1 1 1 2 2 1 1 1 1 1 1 1 1 1 1 1 1 1 1 1 1 1 1 1 1 2 2 1 1 1 1 1 1 1 1 1 1 1 1 1 1 1 1 1 1 1 1 1 1 1 1 1 1 1 1 1 1 1 1 1 1 1 1 1 1 1 1 2 2 1 1 1 1 1 1 1 1 1 1 2 2 1 1 1 1 1 1 1 1 1 1 1 1 4 4 1 1 1 1 1 1 1 1 1 1 1 1 1 1 2 2 1 1 1 1 1 1 1 1 1 1 1 1 2 2 1 1 1 1 1 1 2 2 1 1 1 1 1 1 1 1 1 1 1 1 2 2 1 1 1 1 1 1 2 2 1 1 1 1 1 1 1 1 1 1 1 1 1 1 1 1 1 1 1 1 1 1 1 1 1 1 1 1 1 1 1 1 1 1 1 1 1 1 1 1 1 1 1 1 1 1 1 1 1 1 1 1 1 1 2 2 1 1 1 1 1 1 1 1 1 1 2 2 1 1 2 2 1 1 1 1 1 1 1 1 1 1 1 1 1 1 2 2 1 1 1 1 3 3 1 1 2 2 1 1 1 1 2 2 1 1 1 1 2 2 1 1 1 1 2 2 1 1 1 1 4 4 1 1 1 1 1 1 1 1 1 1 2 2 1 1 1 1 1 1 1 1 1 1 1 1 1 1 2 2 1 1 1 1 2 2 1 1 1 1 1 1 2 2 1 1 1 1 1 1 1 1 1 1 1 1 1 1 1 1 1 1 2 2 1 1 1 1 2 2 1 1 1 1 1 1 1 1 2 2 1 1 1 1 1 1 1 1 1 1 1 1 1 1 1 1 1 1 2 2 1 1 1 1 1 1 1 1 1 1 1 1 1 1 2 2 1 1 1 1 2 2 1 1 1 1 2 2 1 1 1 1 2 2 1 1 1 1 1 1 1 1 1 1 1 1 1 1 1 1 1 1 1 1 1 1 1 1 1 1 1 1 1 1 1 1 1 1 1 1 1 1 1 1 1 1 1 1 1 1 2 2 1 1 1 1 1 1 1 1 1 1 1 1 1 1 1 1 1 1 2 2 1 1 1 1 1 1 1 1 1 1 1 1 1 1 1 1 1 1 1 1 1 1 1 1 1 1 1 1 1 1 1 1 2 2 1 1 1 1 2 2 1 1 1 1 1 1 1 1 1 1 1 1 1 1 2 2 1 1 1 1 1 1 1 1 1 1 1 1 1 1 1 1 2 2 2 2 1 1 1 1 2 2 1 1 1 1 2 2 1 1 1 1 1 1 1 1 1 1 1 1 1 1 2 2 1 1 1 1 1 1 1 1 1 1 1 1 1 1 2 2 1 1 1 1 2 2 1 1 1 1 2 2 1 1 1 1 2 2 1 1 1 1 1 1 1 1 1 1 1 1 1 1 2 2 1 1 1 1 1 1 1 1 1 1 1 1 1 1 1 1 1 1 2 2 1 1 1 1 1 1 1 1 1 1 1 1 1 1 1 1 1 1 1 1 1 1 1 1 2 2 1 1 1 1 2 2 1 1 1 1 1 1 1 1 1 1 1 1 1 1 1 1 1 1 2 2 1 1 1 1 1 1 1 1 1 1 3 3 1 1 1 1 1 1 2 2 1 1 1 1 2 2 1 1 1 1 2 2 1 1 1 1 2 2 1 1 1 1 1 1 1 1 1 1 1 1 1 1 2 2 1 1 1 1 1 1 1 1 1 1 1 1 1 1 1 1 1 1 1 1 1 1 1 1 2 2 1 1 1 1 1 1 1 1 1 1 1 1 1 1 2 2 1 1 1 1 2 2 1 1 1 1 1 1 1 1 1 1 1 1 1 1 2 2 1 1 1 1 2 2 1 1 1 1 1 1 1 1 1 1 1 1 1 1 5 5 1 1 1 1 2 2 1 1 1 1 1 1 1 1 1 1 1 1 1 1 2 2 1 1 1 1 1 1 1 1 1 1 1 1 1 1 1 1 1 1 1 1 1 1 1 1 1 1 1 1 1 1 1 1 1 1 2 2 1 1 1 1 2 2 1 1 1 1 1 1 1 1 1 1 1 1 1 1 2 2 1 1 1 1 1 1 1 1 1 1 1 1 2 2 1 1 2 2 1 1 1 1 11 11 1 1 1 1 2 2 1 1 1 1 1 1 1 1 1 1 1 1 1 1 1 1 1 1 1 1 1 1 1 1 1 1 3 3 1 1 1 1 1 1 1 1 1 1 1 1 1 1 1 1 2 2 1 1 1 1 2 2 1 1 1 1 1 1 1 1 1 1 1 1 1 1 1 1 1 1 1 1 1 1 1 1 1 1 1 1 1 1 1 1 1 1 1 1 1 1 1 1 2 2 1 1 1 1 1 1 1 1 1 1 1 1 1 1 1 1 1 1 1 1 1 1 1 1 1 1 1 1 1 1 1 1 1 1 1 1 1 1 1 1 1 1 1 1 1 1 2 2 1 1 1 1 1 1 1 1 1 1 1 1 1 1 2 2 1 1 1 1 2 2 1 1 1 1 1 1 1 1 1 1 1 1 1 1 2 2 1 1 1 1 1 1 1 1 1 1 1 1 1 1 2 2 1 1 1 1 1 1 2 2 1 1 1 1 1 1 1 1 1 1 1 1 1 1 1 1 1 1 1 1 1 1 1 1 1 1 1 1 1 1 1 1 1 1 1 1 1 1 1 1 1 1 1 1 1 1 1 1 1 1 1 1 1 1 1 1 2 2 1 1 1 1 1 1 1 1 1 1 1 1 1 1 1 1 1 1 1 1 1 1 1 1 1 1 1 1 1 1 1 1 1 1 1 1 1 1 1 1 1 1 1 1 1 1 1 1 1 1 1 1 1 1 1 1 2 2 1 1 1 1 1 1 1 1 1 1 1 1 1 1 1 1 1 1 1 1 1 1 1 1 1 1 1 1 1 1 1 1 1 1 1 1 1 1 1 1 1 1 1 1 1 1 3 3 1 1 1 1 1 1 1 1 2 2 1 1 1 1 1 1 1 1 1 1 1 1 1 1 1 1 1 1 1 1 1 1 1 1 1 1 1 1 1 1 1 1 1 1 1 1 2 2 2 2 1 1 1 1 2 2 1 1 1 1 1 1 1 1 1 1 1 1 1 1 1 1 1 1 1 1 1 1 1 1 1 1 1 1 1 1 1 1 2 2 1 1 1 1 2 2 1 1 1 1 1 1 1 1 1 1 1 1 1 1 1 1 1 1 1 1 1 1 1 1 1 1 1 1 1 1 1 1 1 1 1 1 1 1 1 1 1 1 1 1 2 2 1 1 1 1 1 1 1 1 2 2 1 1 1 1 1 1 1 1 1 1 1 1 1 1 1 1 1 1 1 1 1 1 1 1 1 1 1 1 1 1 1 1 1 1 1 1 1 1 1 1 2 2 1 1 1 1 1 1 1 1 1 1 1 1 1 1 1 1 1 1 1 1 1 1 1 1 1 1 1 1 1 1 1 1 1 1 1 1 1 1 2 2 1 1 1 1 1 1 1 1 1 1 1 1 1 1 2 2 1 1 1 1 1 1 1 1 1 1 1 1 1 1 2 2 1 1 1 1 1 1 1 1 1 1 1 1 1 1 1 1 1 1 1 1 1 1 1 1 1 1 1 1 1 1 1 1 2 2 1 1 1 1 1 1 1 1 2 2 1 1 1 1 1 1 1 1 1 1 1 1 1 1 2 2 1 1 1 1 1 1 1 1 1 1 1 1 1 1 1 1 1 1 1 1 1 1 1 1 1 1 1 1 1 1 1 1 1 1 1 1 2 2 1 1 1 1 2 2 1 1 1 1 1 1 1 1 1 1 1 1 1 1 1 1 1 1 1 1 2 2 1 1 2 2 1 1 1 1 2 2 1 1 1 1 2 2 1 1 1 1 1 1 1 1 1 1 1 1 1 1 2 2 2 2 1 1 1 1 2 2 1 1 1 1 1 1 1 1 1 1 1 1 1 1 1 1 1 1 2 2 1 1 1 1 1 1 1 1 1 1 2 2 1 1 1 1 1 1 1 1 1 1 1 1 1 1 2 2 1 1 1 1 1 1 1 1 1 1 1 1 1 1 1 1 1 1 1 1 1 1 1 1 1 1 1 1 1 1 2 2 1 1 1 1 1 1 1 1 1 1 1 1 2 2 1 1 1 1 1 1 1 1 1 1 1 1 1 1 2 2 1 1 1 1 1 1 1 1 1 1 1 1 2 2 1 1 1 1 1 1 1 1 1 1 1 1 1 1 1 1 1 1 1 1 1 1 1 1 1 1 1 1 2 2 1 1 1 1 1 1 1 1 1 1 1 1 1 1 1 1 1 1 1 1 1 1 1 1 2 2 1 1 1 1 2 2 1 1 1 1 1 1 2 2 2 2 1 1 1 1 2 2 1 1 1 1 2 2 1 1 1 1 1 1 1 1 1 1 1 1 1 1 1 1 1 1 1 1 1 1 2 2 1 1 1 1 1 1 1 1 1 1 1 1 1 1 2 2 1 1 1 1 1 1 1 1 2 2 1 1 1 1 2 2 1 1 1 1 1 1 1 1 1 1 1 1 1 1 1 1 2 2 1 1 1 1 1 1 1 1 1 1 1 1 1 1 1 1 1 1 1 1 1 1 2 2 1 1 1 1 2 2 1 1 1 1 2 2 1 1 1 1 2 2 1 1 1 1 1 1 1 1 1 1 1 1 1 1 2 2 1 1 1 1 1 1 1 1 1 1 1 1 1 1 1 1 1 1 1 1 1 1 2 2 1 1 2 2 1 1 1 1 2 2 1 1 1 1 2 2 1 1 1 1 1 1 1 1 1 1 1 1 1 1 2 2 1 1 1 1 1 1 1 1 2 2 1 1 1 1 2 2 1 1 1 1 1 1 1 1 1 1 1 1 1 1 1 1 1 1 1 1 1 1 1 1 1 1 1 1 1 1 1 1 1 1 1 1 1 1 1 1 1 1 1 1 1 1 1 1 1 1 2 2 1 1 1 1 2 2 1 1 1 1 2 2 1 1 1 1 1 1 1 1 1 1 1 1 1 1 1 1 1 1 1 1 1 1 1 1 1 1 1 1 1 1 2 2 2 2 1 1 1 1 1 1 2 2 1 1 1 1 1 1 1 1 1 1 1 1 1 1 1 1 1 1 1 1 2 2 1 1 1 1 2 2 1 1 1 1 2 2 1 1 1 1 2 2 1 1 1 1 1 1 2 2 1 1 1 1 1 1 1 1 2 2 1 1 1 1 1 1 1 1 1 1 1 1 2 2 1 1 1 1 1 1 1 1 1 1 1 1 1 1 2 2 1 1 1 1 2 2 1 1 1 1 1 1 2 2 1 1 1 1 1 1 1 1 1 1 1 1 1 1 1 1 2 2 1 1 1 1 1 1 1 1 1 1 1 1 1 1 1 1 1 1 1 1 1 1 1 1 2 2 1 1 1 1 2 2 1 1 1 1 1 1 1 1 2 2 1 1 1 1 2 2 1 1 1 1 1 1 1 1 1 1 1 1 1 1 1 1 1 1 2 2 1 1 1 1 1 1 1 1 4 4 1 1 1 1 1 1 1 1 1 1 1 1 1 1 1 1 1 1 1 1 2 2 1 1 1 1 1 1 1 1 1 1 1 1 1 1 2 2 1 1 1 1 1 1 1 1 1 1 1 1 1 1 1 1 1 1 1 1 1 1 1 1 2 2 1 1 1 1 1 1 1 1 1 1 2 2 1 1 1 1 2 2 1 1 1 1 2 2 1 1 1 1 1 1 1 1 1 1 1 1 1 1 1 1 1 1 1 1 1 1 1 1 1 1 1 1 1 1 1 1 2 2 1 1 1 1 1 1 1 1 1 1 1 1 2 2 1 1 1 1 1 1 2 2 1 1 1 1 2 2 1 1 1 1 1 1 1 1 1 1 1 1 2 2 1 1 1 1 1 1 1 1 1 1 1 1 1 1 1 1 1 1 1 1 2 2 1 1 1 1 1 1 1 1 1 1 1 1 1 1 1 1 4 4 1 1 1 1 2 2 1 1 1 1 1 1 1 1 1 1 1 1 1 1 1 1 1 1 1 1 1 1 1 1 1 1 1 1 1 1 1 1 2 2 1 1 1 1 1 1 1 1 1 1 1 1 2 2 1 1 1 1 1 1 1 1 1 1 1 1 1 1 1 1 1 1 1 1 1 1 1 1 1 1 1 1 1 1 1 1 1 1 1 1 1 1 1 1 1 1 1 1 1 1 1 1 1 1 1 1 1 1 1 1 1 1 1 1 1 1 1 1 1 1 1 1 1 1 1 1 1 1 1 1 1 1 1 1 1 1 1 1 1 1 1 1 1 1 2 2 1 1 1 1 1 1 1 1 1 1 1 1 1 1 1 1 1 1 1 1 1 1 2 2 1 1 1 1 1 1 4 4 1 1 1 1 2 2 1 1 1 1 1 1 1 1 1 1 1 1 1 1 1 1 1 1 1 1 1 1 1 1 1 1 1 1 1 1 1 1 1 1 1 1 1 1 1 1 1 1 2 2 1 1 1 1 2 2 1 1 1 1 2 2 1 1 1 1 1 1 1 1 1 1 1 1 1 1 1 1 1 1 1 1 1 1 2 2 1 1 1 1 1 1 1 1 1 1 1 1 1 1 2 2 1 1 1 1 1 1 1 1 1 1 1 1 1 1 1 1 1 1 1 1 1 1 1 1 1 1 1 1 1 1 1 1 1 1 1 1 1 1 1 1 1 1 1 1 1 1 1 1 1 1 1 1 1 1 1 1 1 1 1 1 1 1 1 1 1 1 1 1 1 1 1 1 1 1 2 2 1 1 1 1 1 1 1 1 1 1 1 1 1 1 1 1 1 1 1 1 1 1 1 1 1 1 1 1 1 1 1 1 1 1 2 2 1 1 1 1 1 1 1 1 1 1 1 1 1 1 1 1 1 1 1 1 1 1 1 1 2 2 1 1 1 1 1 1 1 1 1 1 2 2 1 1 1 1 1 1 1 1 1 1 1 1 1 1 1 1 1 1 2 2 1 1 1 1 2 2 1 1 1 1 2 2 1 1 1 1 1 1 1 1 1 1 1 1 2 2 1 1 1 1 1 1 1 1 1 1 1 1 1 1 1 1 2 2 1 1 1 1 1 1 1 1 1 1 1 1 1 1 1 1 1 1 1 1 1 1 1 1 2 2 1 1 1 1 1 1 1 1 1 1 1 1 1 1 2 2 1 1 1 1 1 1 1 1 1 1 1 1 1 1 1 1 2 2 1 1 1 1 1 1 1 1 1 1 1 1 1 1 2 2 1 1 1 1 2 2 1 1 1 1 1 1 1 1 1 1 1 1 2 2 1 1 1 1 2 2 1 1 1 1 2 2 1 1 1 1 2 2 1 1 1 1 2 2 1 1 1 1 1 1 1 1 1 1 1 1 1 1 1 1 1 1 1 1 1 1 1 1 2 2 1 1 1 1 2 2 1 1 1 1 2 2 1 1 1 1 2 2 1 1 1 1 1 1 2 2 1 1 1 1 2 2 1 1 1 1 1 1 1 1 5 5 1 1 1 1 1 1 1 1 2 2 1 1 1 1 2 2 1 1 1 1 2 2 1 1 1 1 2 2 1 1 1 1 3 3 2 2 1 1 1 1 1 1 1 1 1 1 1 1 2 2 1 1 1 1 1 1 1 1 1 1 1 1 1 1 2 2 1 1 1 1 2 2 1 1 1 1 2 2 1 1 1 1 1 1 1 1 1 1 1 1 1 1 2 2 1 1 1 1 1 1 1 1 1 1 1 1 1 1 1 1 1 1 1 1 1 1 1 1 1 1 1 1 1 1 1 1 2 2 1 1 1 1 1 1 2 2 1 1 1 1 2 2 1 1 1 1 2 2 1 1 1 1 1 1 1 1 1 1 1 1 2 2 1 1 1 1 2 2 1 1 1 1 1 1 1 1 1 1 1 1 1 1 1 1 2 2 1 1 1 1 1 1 2 2 1 1 1 1 2 2 1 1 1 1 2 2 1 1 1 1 2 2 1 1 1 1 2 2 1 1 1 1 1 1 1 1 1 1 1 1 1 1 1 1 1 1 2 2 1 1 1 1 1 1 1 1 1 1 2 2 1 1 1 1 1 1 2 2 1 1 1 1 1 1 1 1 1 1 1 1 1 1 1 1 1 1 1 1 4 4 1 1 1 1 1 1 2 2 1 1 1 1 1 1 1 1 1 1 1 1 1 1 1 1 1 1 1 1 1 1 1 1 1 1 1 1 1 1 2 2 1 1 1 1 1 1 2 2 1 1 2 2 1 1 1 1 2 2 1 1 2 2 1 1 1 1 1 1 1 1 1 1 1 1 2 2 1 1 1 1 2 2 1 1 1 1 2 2 1 1 1 1 2 2 2 2 1 1 1 1 1 1 1 1 1 1 2 2 1 1 1 1 1 1 1 1 1 1 1 1 1 1 2 2 1 1 1 1 1 1 1 1 1 1 1 1 1 1 1 1 1 1 1 1 1 1 1 1 1 1 1 1 1 1 2 2 1 1 1 1 1 1 1 1 1 1 1 1 1 1 1 1 2 2 3 3 2 2 1 1 1 1 2 2 1 1 1 1 1 1 1 1 1 1 1 1 1 1 2 2 1 1 1 1 1 1 1 1 1 1 1 1 1 1 2 2 1 1 1 1 1 1 1 1 1 1 1 1 1 1 1 1 1 1 1 1 1 1 1 1 1 1 1 1 1 1 1 1 1 1 2 2 1 1 1 1 1 1 1 1 1 1 1 1 1 1 1 1 1 1 1 1 1 1 2 2 1 1 1 1 2 2 1 1 1 1 1 1 2 2 1 1 1 1 2 2 1 1 1 1 1 1 1 1 1 1 1 1 1 1 1 1 1 1 1 1 1 1 1 1 2 2 1 1 1 1 2 2 1 1 1 1 2 2 1 1 1 1 2 2 1 1 1 1 1 1 4 4 1 1 1 1 2 2 1 1 1 1 1 1 5 5 1 1 1 1 1 1 1 1 1 1 1 1 1 1 1 1 1 1 1 1 1 1 1 1 1 1 1 1 1 1 1 1 2 2 1 1 1 1 2 2 1 1 1 1 2 2 1 1 1 1 1 1 1 1 1 1 1 1 1 1 2 2 1 1 1 1 1 1 1 1 1 1 2 2 1 1 1 1 2 2 1 1 1 1 1 1 1 1 1 1 1 1 1 1 2 2 1 1 1 1 2 2 1 1 1 1 1 1 1 1 1 1 1 1 1 1 1 1 1 1 1 1 1 1 1 1 1 1 1 1 1 1 1 1 1 1 1 1 2 2 1 1 1 1 2 2 1 1 1 1 1 1 1 1 1 1 1 1 1 1 1 1 1 1 1 1 1 1 1 1 1 1 1 1 1 1 1 1 1 1 1 1 5 5 1 1 1 1 2 2 1 1 1 1 1 1 2 2 1 1 1 1 1 1 1 1 2 2 1 1 1 1 2 2 1 1 1 1 2 2 1 1 1 1 2 2 1 1 1 1 1 1 1 1 1 1 1 1 1 1 1 1 1 1 1 1 1 1 1 1 1 1 1 1 1 1 1 1 1 1 1 1 1 1 1 1 1 1 1 1 1 1 1 1 1 1 1 1 1 1 1 1 2 2 1 1 1 1 1 1 1 1 1 1 1 1 1 1 1 1 2 2 1 1 1 1 2 2 1 1 1 1 1 1 1 1 1 1 1 1 2 2 1 1 1 1 2 2 1 1 1 1 1 1 1 1 1 1 1 1 2 2 1 1 1 1 2 2 1 1 1 1 1 1 1 1 1 1 1 1 1 1 2 2 1 1 1 1 1 1 1 1 1 1 1 1 1 1 1 1 1 1 1 1 1 1 1 1 1 1 1 1 1 1 1 1 2 2 1 1 1 1 1 1 1 1 1 1 1 1 1 1 1 1 1 1 2 2 1 1 1 1 2 2 1 1 1 1 1 1 1 1 1 1 1 1 1 1 1 1 1 1 1 1 1 1 2 2 1 1 1 1 2 2 1 1 1 1 1 1 1 1 1 1 1 1 1 1 1 1 2 2 1 1 1 1 1 1 1 1 1 1 1 1 1 1 1 1 2 2 1 1 1 1 2 2 1 1 2 2 1 1 2 2 1 1 1 1 1 1 1 1 1 1 1 1 1 1 1 1 1 1 1 1 1 1 1 1 1 1 1 1 1 1 1 1 1 1 1 1 1 1 1 1 1 1 1 1 1 1 1 1 1 1 1 1 1 1 1 1 1 1 3 3 2 2 1 1 1 1 2 2 1 1 1 1 2 2 1 1 1 1 2 2 1 1 1 1 1 1 1 1 1 1 1 1 1 1 2 2 1 1 1 1 2 2 1 1 1 1 1 1 2 2 1 1 1 1 2 2 1 1 1 1 1 1 1 1 2 2 1 1 1 1 1 1 1 1 1 1 1 1 1 1 1 1 1 1 1 1 1 1 1 1 1 1 1 1 3 3 1 1 1 1 1 1 1 1 2 2 1 1 1 1 1 1 1 1 1 1 1 1 2 2 1 1 1 1 1 1 2 2 1 1 1 1 1 1 1 1 1 1 1 1 1 1 2 2 1 1 1 1 2 2 1 1 1 1 1 1 1 1 1 1 1 1 1 1 1 1 1 1 1 1 1 1 1 1 1 1 1 1 1 1 1 1 1 1 1 1 1 1 1 1 1 1 1 1 2 2 1 1 1 1 1 1 1 1 1 1 1 1 1 1 2 2 1 1 1 1 1 1 1 1 1 1 1 1 1 1 1 1 1 1 1 1 1 1 1 1 1 1 1 1 1 1 1 1 1 1 1 1 2 2 1 1 1 1 1 1 1 1 1 1 1 1 1 1 1 1 2 2 1 1 1 1 2 2 1 1 1 1 1 1 1 1 1 1 1 1 1 1 1 1 1 1 1 1 1 1 2 2 1 1 1 1 1 1 1 1 1 1 1 1 1 1 1 1 2 2 1 1 1 1 1 1 2 2 1 1 1 1 1 1 1 1 1 1 1 1 1 1 2 2 1 1 1 1 1 1 1 1 1 1 1 1 1 1 1 1 1 1 1 1 1 1 1 1 1 1 2 2 1 1 1 1 1 1 1 1 1 1 1 1 1 1 1 1 1 1 1 1 1 1 1 1 1 1 1 1 1 1 1 1 2 2 1 1 1 1 2 2 1 1 1 1 1 1 1 1 1 1 1 1 1 1 1 1 1 1 1 1 1 1 1 1 2 2 1 1 1 1 2 2 1 1 1 1 2 2 1 1 1 1 1 1 1 1 1 1 1 1 1 1 1 1 1 1 1 1 1 1 1 1 1 1 1 1 1 1 2 2 2 2 1 1 1 1 1 1 1 1 1 1 1 1 2 2 1 1 1 1 2 2 1 1 1 1 1 1 1 1 1 1 1 1 1 1 2 2 1 1 1 1 1 1 2 2 1 1 1 1 1 1 1 1 4 4 1 1 1 1 1 1 1 1 1 1 1 1 1 1 1 1 1 1 2 2 1 1 1 1 2 2 1 1 1 1 1 1 2 2 1 1 1 1 1 1 1 1 1 1 1 1 1 1 1 1 2 2 1 1 1 1 1 1 1 1 1 1 2 2 1 1 1 1 1 1 1 1 1 1 1 1 1 1 1 1 1 1 1 1 1 1 1 1 2 2 1 1 1 1 2 2 1 1 1 1 1 1 1 1 1 1 1 1 1 1 1 1 1 1 1 1 1 1 1 1 1 1 1 1 1 1 1 1 1 1 1 1 1 1 1 1 1 1 1 1 1 1 1 1 1 1 1 1 1 1 1 1 1 1 1 1 1 1 1 1 2 2 1 1 1 1 2 2 1 1 1 1 1 1 1 1 1 1 1 1 1 1 1 1 1 1 1 1 1 1 1 1 1 1 1 1 1 1 2 2 1 1 3 3 1 1 1 1 1 1 1 1 1 1 1 1 1 1 1 1 2 2 1 1 1 1 2 2 1 1 1 1 1 1 1 1 1 1 1 1 2 2 1 1 1 1 2 2 1 1 1 1 1 1 1 1 1 1 1 1 2 2 1 1 1 1 2 2 1 1 1 1 1 1 1 1 1 1 1 1 2 2 1 1 1 1 1 1 1 1 1 1 1 1 1 1 1 1 1 1 1 1 1 1 1 1 1 1 1 1 1 1 1 1 1 1 1 1 1 1 1 1 1 1 1 1 1 1 1 1 1 1 1 1 1 1 1 1 1 1 1 1 1 1 1 1 1 1 1 1 1 1 1 1 1 1 1 1 1 1 1 1 1 1 2 2 1 1 1 1 1 1 1 1 1 1 2 2 2 2 1 1 1 1 1 1 1 1 1 1 3 3 2 2 1 1 1 1 1 1 1 1 1 1 1 1 1 1 1 1 1 1 1 1 1 1 1 1 2 2 1 1 1 1 2 2 1 1 1 1 2 2 1 1 1 1 1 1 1 1 1 1 1 1 1 1 1 1 1 1 1 1 1 1 1 1 1 1 1 1 1 1 1 1 1 1 1 1 1 1 1 1 1 1 1 1 1 1 1 1 1 1 1 1 2 2 1 1 1 1 1 1 2 2 1 1 1 1 1 1 1 1 1 1 1 1 1 1 1 1 1 1 1 1 1 1 1 1 1 1 1 1 1 1 1 1 1 1 1 1 1 1 5 5 1 1 3 3 2 2 1 1 1 1 2 2 1 1 1 1 1 1 1 1 1 1 1 1 1 1 2 2 2 2 1 1 1 1 2 2 1 1 1 1 5 5 1 1 1 1 2 2 1 1 1 1 1 1 1 1 1 1 1 1 1 1 1 1 2 2 1 1 1 1 1 1 1 1 1 1 1 1 1 1 1 1 2 2 1 1 1 1 2 2 1 1 1 1 2 2 1 1 1 1 1 1 1 1 1 1 1 1 1 1 1 1 1 1 1 1 1 1 1 1 1 1 1 1 1 1 1 1 1 1 1 1 1 1 1 1 1 1 1 1 1 1 1 1 1 1 1 1 1 1 1 1 1 1 1 1 1 1 1 1 1 1 1 1 1 1 1 1 1 1 1 1 1 1 1 1 2 2 1 1 1 1 1 1 1 1 1 1 1 1 1 1 1 1 1 1 1 1 1 1 1 1 1 1 1 1 1 1 1 1 1 1 2 2 1 1 1 1 1 1 1 1 1 1 1 1 1 1 1 1 1 1 1 1 1 1 2 2 1 1 1 1 2 2 1 1 1 1 1 1 1 1 1 1 1 1 1 1 2 2 1 1 1 1 1 1 1 1 2 2 1 1 1 1 1 1 1 1 1 1 1 1 1 1 1 1 2 2 2 2 1 1 1 1 1 1 1 1 1 1 1 1 1 1 2 2 1 1 1 1 2 2 1 1 1 1 2 2 1 1 1 1 2 2 1 1 1 1 2 2 1 1 1 1 2 2 1 1 1 1 1 1 2 2 1 1 1 1 2 2 1 1 1 1 2 2 1 1 1 1 2 2 1 1 1 1 1 1 1 1 1 1 1 1 2 2 1 1 1 1 2 2 1 1 1 1 2 2 1 1 1 1 1 1 2 2 1 1 1 1 2 2 1 1 1 1 1 1 1 1 1 1 1 1 1 1 1 1 2 2 2 2 1 1 1 1 1 1 1 1 1 1 1 1 1 1 1 1 2 2 1 1 1 1 1 1 1 1 1 1 1 1 1 1 1 1 1 1 1 1 1 1 1 1 1 1 1 1 1 1 1 1 1 1 1 1 2 2 1 1 1 1 2 2 1 1 1 1 1 1 1 1 1 1 1 1 1 1 1 1 1 1 1 1 1 1 1 1 2 2 1 1 1 1 1 1 1 1 1 1 1 1 1 1 1 1 1 1 1 1 1 1 2 2 1 1 1 1 1 1 1 1 1 1 1 1 1 1 1 1 1 1 1 1 1 1 1 1 2 2 2 2 1 1 1 1 1 1 1 1 1 1 1 1 1 1 1 1 1 1 1 1 2 2 1 1 1 1 2 2 1 1 1 1 1 1 1 1 1 1 1 1 1 1 1 1 1 1 1 1 1 1 1 1 1 1 1 1 1 1 1 1 1 1 1 1 1 1 1 1 1 1 5 5 1 1 1 1 1 1 1 1 1 1 1 1 2 2 1 1 1 1 2 2 1 1 1 1 1 1 1 1 1 1 1 1 1 1 1 1 1 1 1 1 1 1 2 2 1 1 1 1 2 2 1 1 1 1 1 1 1 1 1 1 1 1 1 1 1 1 1 1 1 1 1 1 1 1 1 1 1 1 1 1 1 1 1 1 1 1 2 2 1 1 1 1 1 1 1 1 1 1 1 1 1 1 1 1 2 2 1 1 1 1 2 2 1 1 1 1 1 1 1 1 1 1 1 1 1 1 1 1 1 1 1 1 1 1 1 1 2 2 1 1 1 1 2 2 1 1 1 1 2 2 1 1 1 1 1 1 1 1 1 1 1 1 1 1 1 1 2 2 1 1 1 1 1 1 1 1 1 1 1 1 2 2 1 1 1 1 2 2 1 1 1 1 1 1 2 2 1 1 1 1 1 1 1 1 1 1 1 1 2 2 1 1 1 1 1 1 1 1 1 1 1 1 1 1 1 1 1 1 1 1 1 1 1 1 1 1 1 1 1 1 1 1 1 1 1 1 1 1 1 1 1 1 1 1 1 1 1 1 1 1 1 1 1 1 1 1 1 1 1 1 1 1 1 1 3 3 1 1 1 1 1 1 2 2 1 1 1 1 1 1 1 1 1 1 1 1 1 1 1 1 1 1 2 2 1 1 1 1 1 1 1 1 1 1 1 1 1 1 1 1 1 1 1 1 1 1 1 1 2 2 1 1 1 1 1 1 1 1 1 1 1 1 1 1 1 1 1 1 1 1 1 1 1 1 2 2 1 1 1 1 1 1 1 1 1 1 1 1 1 1 1 1 1 1 1 1 1 1 1 1 2 2 1 1 1 1 1 1 1 1 1 1 1 1 1 1 1 1 1 1 1 1 1 1 2 2 1 1 1 1 2 2 1 1 1 1 1 1 1 1 1 1 1 1 1 1 1 1 1 1 1 1 1 1 1 1 1 1 1 1 1 1 1 1 1 1 2 2 1 1 1 1 1 1 1 1 1 1 1 1 2 2 1 1 1 1 1 1 1 1 1 1 1 1 1 1 1 1 1 1 1 1 1 1 2 2 1 1 1 1 1 1 1 1 1 1 1 1 1 1 1 1 1 1 1 1 1 1 1 1 1 1 1 1 1 1 1 1 1 1 1 1 1 1 1 1 1 1 1 1 1 1 1 1 2 2 1 1 1 1 1 1 1 1 1 1 1 1 1 1 2 2 1 1 1 1 1 1 1 1 1 1 2 2 1 1 2 2 1 1 1 1 1 1 1 1 2 2 1 1 1 1 1 1 2 2 1 1 1 1 1 1 1 1 1 1 1 1 5 5 1 1 1 1 1 1 2 2 1 1 1 1 1 1 1 1 1 1 2 2 1 1 1 1 1 1 1 1 1 1 1 1 1 1 1 1 1 1 1 1 1 1 1 1 1 1 1 1 2 2 1 1 1 1 1 1 2 2 1 1 1 1 1 1 1 1 1 1 1 1 1 1 1 1 1 1 1 1 1 1 1 1 1 1 1 1 1 1 1 1 1 1 1 1 1 1 1 1 1 1 1 1 1 1 1 1 1 1 1 1 2 2 1 1 1 1 1 1 2 2 1 1 1 1 1 1 1 1 2 2 1 1 1 1 1 1 1 1 1 1 1 1 1 1 1 1 1 1 1 1 1 1 1 1 2 2 1 1 1 1 2 2 1 1 1 1 1 1 1 1 1 1 1 1 1 1 1 1 1 1 1 1 1 1 1 1 1 1 2 2 1 1 1 1 2 2 1 1 1 1 1 1 1 1 2 2 1 1 1 1 1 1 1 1 1 1 1 1 1 1 2 2 1 1 1 1 1 1 1 1 1 1 1 1 1 1 1 1 1 1 1 1 1 1 2 2 1 1 1 1 2 2 1 1 1 1 1 1 1 1 1 1 1 1 1 1 1 1 1 1 1 1 1 1 1 1 1 1 1 1 1 1 1 1 1 1 1 1 1 1 1 1 1 1 2 2 1 1 1 1 1 1 1 1 1 1 1 1 2 2 1 1 1 1 1 1 1 1 1 1 1 1 1 1 1 1 1 1 1 1 1 1 1 1 1 1 1 1 1 1 1 1 1 1 1 1 1 1 1 1 1 1 1 1 1 1 1 1 1 1 1 1 1 1 1 1 1 1 1 1 1 1 1 1 1 1 1 1 1 1 1 1 1 1 1 1 1 1 1 1 1 1 1 1 2 2 1 1 3 3 1 1 3 3 3 3 1 1 1 1 1 1 1 1 2 2 1 1 1 1 1 1 1 1 1 1 1 1 1 1 2 2 1 1 1 1 1 1 1 1 1 1 1 1 1 1 1 1 1 1 1 1 1 1 1 1 1 1 1 1 2 2 1 1 1 1 1 1 1 1 1 1 1 1 1 1 1 1 1 1 1 1 1 1 1 1 1 1 1 1 1 1 1 1 1 1 1 1 2 2 1 1 1 1 1 1 1 1 1 1 2 2 1 1 1 1 2 2 1 1 1 1 2 2 1 1 1 1 1 1 2 2 1 1 1 1 2 2 1 1 1 1 1 1 1 1 1 1 1 1 1 1 1 1 1 1 1 1 1 1 1 1 1 1 1 1 1 1 1 1 1 1 1 1 1 1 1 1 2 2 1 1 1 1 1 1 1 1 1 1 1 1 1 1 2 2 1 1 1 1 2 2 1 1 1 1 1 1 1 1 1 1 1 1 1 1 1 1 1 1 1 1 1 1 1 1 2 2 1 1 1 1 1 1 1 1 1 1 1 1 3 3 1 1 4 4 1 1 1 1 2 2 1 1 1 1 1 1 1 1 1 1 1 1 1 1 1 1 1 1 1 1 1 1 1 1 1 1 1 1 1 1 2 2 1 1 1 1 2 2 1 1 1 1 1 1 2 2 1 1 1 1 1 1 1 1 2 2 1 1 1 1 1 1 1 1 1 1 1 1 1 1 2 2 1 1 1 1 2 2 1 1 1 1 1 1 1 1 1 1 1 1 1 1 1 1 1 1 1 1 1 1 1 1 1 1 2 2 1 1 1 1 1 1 1 1 1 1 1 1 1 1 1 1 1 1 1 1 1 1 1 1 1 1 1 1 1 1 1 1 1 1 1 1 1 1 1 1 2 2 1 1 1 1 2 2 1 1 1 1 2 2 1 1 1 1 2 2 1 1 1 1 1 1 1 1 1 1 1 1 1 1 2 2 1 1 1 1 1 1 1 1 1 1 1 1 1 1 1 1 1 1 1 1 1 1 1 1 1 1 1 1 1 1 1 1 1 1 1 1 2 2 1 1 1 1 2 2 1 1 1 1 1 1 2 2 2 2 2 2 1 1 1 1 1 1 1 1 1 1 1 1 1 1 1 1 1 1 1 1 1 1 1 1 1 1 1 1 1 1 1 1 1 1 1 1 1 1 1 1 1 1 1 1 2 2 1 1 1 1 1 1 1 1 1 1 1 1 1 1 1 1 2 2 1 1 1 1 1 1 1 1 1 1 1 1 2 2 1 1 1 1 1 1 1 1 1 1 2 2 1 1 1 1 1 1 1 1 1 1 1 1 1 1 1 1 1 1 1 1 1 1 1 1 1 1 1 1 1 1 2 2 1 1 1 1 1 1 2 2 1 1 1 1 1 1 1 1 1 1 1 1 2 2 1 1 1 1 2 2 1 1 1 1 1 1 1 1 1 1 1 1 1 1 1 1 1 1 1 1 1 1 3 3 1 1 1 1 1 1 1 1 1 1 1 1 1 1 1 1 1 1 2 2 1 1 1 1 1 1 1 1 1 1 1 1 1 1 1 1 1 1 1 1 1 1 1 1 1 1 2 2 1 1 1 1 1 1 1 1 1 1 1 1 1 1 1 1 1 1 1 1 1 1 1 1 1 1 1 1 1 1 1 1 2 2 1 1 1 1 1 1 1 1 1 1 1 1 1 1 1 1 1 1 1 1 2 2 1 1 1 1 1 1 1 1 1 1 1 1 1 1 1 1 1 1 1 1 1 1 1 1 1 1 1 1 1 1 1 1 1 1 1 1 2 2 1 1 1 1 2 2 1 1 1 1 1 1 1 1 1 1 1 1 1 1 2 2 1 1 1 1 1 1 1 1 1 1 1 1 1 1 1 1 1 1 1 1 2 2 1 1 1 1 1 1 1 1 1 1 1 1 1 1 1 1 1 1 1 1 1 1 1 1 1 1 1 1 1 1 1 1 1 1 1 1 1 1 2 2 1 1 1 1 2 2 1 1 1 1 2 2 1 1 1 1 1 1 2 2 1 1 2 2 1 1 1 1 1 1 3 3 2 2 1 1 1 1 1 1 1 1 1 1 2 2 2 2 1 1 2 2 1 1 1 1 2 2 1 1 1 1 2 2 1 1 1 1 1 1 1 1 1 1 1 1 1 1 1 1 1 1 1 1 1 1 1 1 1 1 1 1 1 1 1 1 1 1 1 1 1 1 1 1 1 1 1 1 1 1 1 1 1 1 1 1 1 1 1 1 1 1 1 1 1 1 1 1 1 1 1 1 2 2 1 1 1 1 1 1 1 1 1 1 1 1 1 1 2 2 1 1 1 1 2 2 1 1 1 1 1 1 1 1 2 2 1 1 1 1 2 2 1 1 1 1 1 1 1 1 1 1 1 1 1 1 1 1 1 1 1 1 1 1 2 2 1 1 1 1 1 1 1 1 1 1 1 1 1 1 2 2 1 1 1 1 1 1 1 1 1 1 1 1 1 1 1 1 1 1 1 1 1 1 1 1 1 1 1 1 1 1 1 1 1 1 1 1 1 1 1 1 1 1 1 1 1 1 1 1 1 1 1 1 1 1 1 1 1 1 1 1 1 1 1 1 1 1 1 1 1 1 1 1 1 1 1 1 1 1 1 1 1 1 1 1 1 1 1 1 1 1 1 1 1 1 1 1 1 1 1 1 1 1 1 1 1 1 1 1 1 1 1 1 1 1 1 1 1 1 1 1 1 1 1 1 1 1 1 1 1 1 1 1 1 1 1 1 1 1 1 1 2 2 1 1 1 1 2 2 1 1 1 1 1 1 1 1 1 1 1 1 2 2 1 1 2 2 1 1 1 1 2 2 1 1 1 1 2 2 1 1 1 1 1 1 1 1 1 1 1 1 2 2 1 1 1 1 1 1 1 1 1 1 1 1 1 1 1 1 1 1 1 1 1 1 1 1 1 1 1 1 1 1 1 1 1 1 1 1 2 2 1 1 1 1 1 1 2 2 1 1 1 1 1 1 1 1 1 1 1 1 1 1 2 2 1 1 1 1 1 1 1 1 1 1 1 1 1 1 2 2 1 1 1 1 1 1 1 1 1 1 1 1 1 1 1 1 1 1 1 1 2 2 1 1 1 1 1 1 1 1 1 1 1 1 1 1 1 1 2 2 1 1 1 1 2 2 1 1 1 1 1 1 1 1 2 2 1 1 1 1 1 1 1 1 1 1 1 1 1 1 1 1 1 1 1 1 1 1 1 1 1 1 1 1 1 1 1 1 1 1 1 1 1 1 2 2 1 1 1 1 1 1 5 5 1 1 1 1 1 1 1 1 1 1 2 2 1 1 1 1 1 1 1 1 1 1 1 1 1 1 1 1 1 1 1 1 1 1 1 1 2 2 1 1 2 2 1 1 1 1 1 1 1 1 1 1 1 1 1 1 1 1 1 1 1 1 1 1 2 2 1 1 1 1 1 1 2 2 1 1 1 1 1 1 1 1 1 1 1 1 1 1 1 1 1 1 1 1 1 1 2 2 1 1 1 1 1 1 1 1 1 1 1 1 2 2 1 1 1 1 1 1 1 1 1 1 2 2 1 1 1 1 1 1 1 1 1 1 1 1 1 1 1 1 1 1 2 2 1 1 1 1 2 2 1 1 1 1 1 1 1 1 1 1 1 1 1 1 1 1 1 1 1 1 1 1 1 1 1 1 3 3 1 1 1 1 1 1 2 2 1 1 1 1 1 1 1 1 1 1 2 2 1 1 1 1 1 1 1 1 1 1 1 1 1 1 1 1 1 1 1 1 1 1 1 1 1 1 1 1 1 1 1 1 1 1 1 1 1 1 1 1 1 1 1 1 4 4 1 1 1 1 1 1 1 1 1 1 1 1 1 1 1 1 1 1 1 1 1 1 1 1 1 1 1 1 1 1 1 1 1 1 1 1 1 1 1 1 1 1 1 1 1 1 1 1 1 1 1 1 1 1 1 1 2 2 1 1 1 1 1 1 1 1 1 1 1 1 1 1 2 2 1 1 1 1 2 2 1 1 1 1 1 1 1 1 1 1 1 1 1 1 1 1 1 1 1 1 1 1 1 1 1 1 1 1 1 1 1 1 1 1 1 1 2 2 1 1 1 1 1 1 1 1 1 1 1 1 1 1 1 1 1 1 1 1 1 1 1 1 1 1 1 1 1 1 1 1 1 1 1 1 1 1 1 1 1 1 1 1 1 1 1 1 1 1 1 1 1 1 1 1 1 1 1 1 1 1 1 1 1 1 1 1 1 1 1 1 1 1 1 1 1 1 1 1 1 1 2 2 1 1 1 1 2 2 1 1 1 1 1 1 1 1 1 1 1 1 1 1 1 1 2 2 1 1 1 1 1 1 1 1 1 1 1 1 1 1 1 1 1 1 1 1 1 1 1 1 1 1 1 1 1 1 1 1 1 1 1 1 1 1 2 2 1 1 1 1 1 1 1 1 1 1 1 1 1 1 1 1 1 1 1 1 1 1 1 1 1 1 1 1 1 1 1 1 1 1 1 1 2 2 1 1 1 1 1 1 1 1 1 1 1 1 1 1 1 1 1 1 1 1 1 1 1 1 2 2 1 1 1 1 1 1 1 1 1 1 1 1 1 1 2 2 1 1 1 1 2 2 1 1 1 1 2 2 1 1 1 1 2 2 1 1 1 1 1 1 1 1 1 1 1 1 1 1 1 1 1 1 1 1 1 1 1 1 1 1 1 1 1 1 1 1 1 1 1 1 1 1 1 1 1 1 1 1 1 1 1 1 1 1 2 2 1 1 1 1 1 1 1 1 1 1 5 5 1 1 1 1 1 1 1 1 1 1 1 1 1 1 2 2 1 1 1 1 1 1 1 1 1 1 1 1 1 1 1 1 1 1 1 1 1 1 1 1 1 1 2 2 1 1 1 1 1 1 1 1 1 1 1 1 1 1 1 1 2 2 1 1 1 1 2 2 1 1 1 1 1 1 1 1 1 1 1 1 1 1 1 1 1 1 1 1 1 1 1 1 1 1 1 1 1 1 1 1 1 1 1 1 1 1 1 1 1 1 1 1 1 1 1 1 1 1 1 1 1 1 2 2 1 1 1 1 1 1 1 1 1 1 1 1 1 1 1 1 2 2 1 1 1 1 1 1 1 1 1 1 1 1 1 1 1 1 1 1 1 1 1 1 1 1 1 1 1 1 1 1 1 1 1 1 1 1 1 1 1 1 1 1 1 1 1 1 1 1 1 1 1 1 1 1 1 1 1 1 1 1 1 1 1 1 1 1 1 1 1 1 1 1 1 1 1 1 1 1 1 1 1 1 1 1 1 1 1 1 1 1 1 1 1 1 1 1 1 1 1 1 1 1 1 1 1 1 1 1 2 2 1 1 1 1 2 2 1 1 1 1 1 1 1 1 1 1 1 1 1 1 1 1 1 1 2 2 1 1 1 1 2 2 1 1 1 1 2 2 1 1 1 1 2 2 1 1 1 1 2 2 1 1 1 1 1 1 1 1 1 1 1 1 2 2 1 1 1 1 2 2 1 1 1 1 1 1 1 1 1 1 1 1 1 1 1 1 1 1 1 1 1 1 1 1 2 2 1 1 1 1 1 1 2 2 1 1 2 2 1 1 1 1 1 1 1 1 1 1 1 1 1 1 2 2 1 1 1 1 1 1 3 3 1 1 1 1 1 1 1 1 1 1 1 1 1 1 2 2 1 1 1 1 2 2 1 1 1 1 1 1 1 1 1 1 1 1 1 1 1 1 1 1 1 1 1 1 1 1 1 1 1 1 1 1 1 1 1 1 1 1 2 2 1 1 1 1 2 2 1 1 1 1 2 2 1 1 1 1 1 1 1 1 1 1 1 1 1 1 1 1 1 1 1 1 1 1 1 1 1 1 1 1 1 1 2 2 1 1 1 1 1 1 2 2 1 1 1 1 1 1 1 1 1 1 1 1 1 1 2 2 1 1 1 1 1 1 1 1 1 1 1 1 1 1 1 1 2 2 1 1 1 1 2 2 1 1 1 1 2 2 1 1 1 1 2 2 1 1 1 1 1 1 1 1 1 1 1 1 1 1 1 1 1 1 1 1 1 1 1 1 1 1 1 1 1 1 1 1 1 1 1 1 2 2 1 1 1 1 1 1 1 1 1 1 1 1 1 1 1 1 1 1 1 1 1 1 1 1 1 1 1 1 1 1 1 1 1 1 1 1 1 1 1 1 1 1 2 2 1 1 1 1 2 2 1 1 1 1 2 2 2 2 1 1 1 1 1 1 1 1 1 1 1 1 1 1 1 1 1 1 1 1 1 1 1 1 2 2 1 1 1 1 2 2 1 1 1 1 1 1 1 1 1 1 1 1 1 1 1 1 1 1 1 1 1 1 2 2 1 1 1 1 1 1 1 1 1 1 1 1 1 1 1 1 1 1 1 1 1 1 3 3 1 1 1 1 1 1 1 1 1 1 1 1 1 1 1 1 1 1 1 1 1 1 1 1 1 1 1 1 1 1 1 1 2 2 1 1 1 1 1 1 2 2 1 1 1 1 1 1 1 1 1 1 1 1 1 1 1 1 1 1 1 1 1 1 1 1 2 2 1 1 1 1 1 1 1 1 1 1 1 1 1 1 1 1 1 1 1 1 1 1 1 1 1 1 1 1 1 1 1 1 1 1 1 1 1 1 1 1 1 1 2 2 1 1 1 1 2 2 1 1 1 1 1 1 1 1 1 1 1 1 1 1 1 1 1 1 1 1 1 1 1 1 1 1 1 1 1 1 1 1 1 1 1 1 1 1 1 1 1 1 1 1 1 1 1 1 2 2 1 1 1 1 1 1 1 1 1 1 1 1 1 1 2 2 1 1 1 1 1 1 1 1 1 1 1 1 1 1 1 1 2 2 1 1 1 1 1 1 1 1 1 1 2 2 1 1 1 1 1 1 1 1 1 1 1 1 1 1 1 1 1 1 1 1 1 1 1 1 1 1 1 1 1 1 1 1 1 1 1 1 1 1 1 1 1 1 2 2 1 1 1 1 1 1 1 1 1 1 1 1 1 1 1 1 1 1 1 1 1 1 1 1 1 1 1 1 1 1 1 1 1 1 1 1 1 1 1 1 1 1 1 1 1 1 1 1 1 1 1 1 1 1 1 1 1 1 1 1 1 1 2 2 1 1 1 1 2 2 1 1 1 1 2 2 1 1 1 1 1 1 1 1 1 1 1 1 1 1 1 1 2 2 1 1 1 1 2 2 1 1 1 1 1 1 1 1 1 1 1 1 1 1 2 2 1 1 1 1 1 1 1 1 1 1 1 1 1 1 1 1 1 1 1 1 1 1 1 1 2 2 1 1 1 1 1 1 1 1 1 1 1 1 1 1 1 1 1 1 1 1 1 1 1 1 1 1 1 1 1 1 1 1 1 1 2 2 1 1 1 1 1 1 1 1 1 1 1 1 1 1 1 1 2 2 1 1 1 1 1 1 1 1 1 1 1 1 1 1 1 1 1 1 1 1 1 1 2 2 1 1 1 1 1 1 1 1 1 1 1 1 1 1 1 1 1 1 1 1 1 1 1 1 1 1 1 1 1 1 1 1 1 1 1 1 1 1 1 1 1 1 2 2 1 1 1 1 2 2 1 1 1 1 1 1 1 1 1 1 1 1 1 1 1 1 2 2 2 2 2 2 1 1 1 1 1 1 1 1 1 1 1 1 2 2 1 1 1 1 2 2 1 1 1 1 1 1 1 1 1 1 1 1 2 2 1 1 1 1 2 2 1 1 1 1 2 2 1 1 1 1 1 1 1 1 1 1 1 1 1 1 1 1 1 1 1 1 1 1 1 1 1 1 2 2 1 1 1 1 1 1 1 1 1 1 1 1 1 1 1 1 1 1 1 1 1 1 1 1 1 1 1 1 1 1 1 1 1 1 1 1 1 1 5 5 1 1 1 1 2 2 1 1 1 1 2 2 1 1 1 1 1 1 1 1 1 1 1 1 1 1 1 1 1 1 1 1 1 1 1 1 2 2 1 1 1 1 1 1 1 1 1 1 1 1 1 1 1 1 1 1 1 1 1 1 2 2 1 1 1 1 1 1 1 1 1 1 1 1 1 1 1 1 1 1 1 1 2 2 1 1 2 2 1 1 1 1 2 2 1 1 1 1 1 1 1 1 1 1 1 1 1 1 1 1 1 1 1 1 1 1 1 1 1 1 1 1 1 1 1 1 1 1 1 1 1 1 1 1 1 1 1 1 1 1 1 1 2 2 1 1 1 1 1 1 1 1 1 1 1 1 1 1 4 4 1 1 1 1 1 1 1 1 3 3 2 2 1 1 1 1 1 1 1 1 1 1 1 1 1 1 2 2 1 1 1 1 1 1 1 1 1 1 1 1 1 1 1 1 1 1 1 1 2 2 1 1 1 1 1 1 2 2 1 1 1 1 1 1 1 1 1 1 1 1 1 1 2 2 1 1 1 1 2 2 1 1 1 1 2 2 1 1 1 1 1 1 1 1 1 1 1 1 1 1 1 1 1 1 1 1 1 1 1 1 2 2 1 1 1 1 1 1 1 1 1 1 3 3 1 1 1 1 1 1 1 1 1 1 1 1 2 2 1 1 1 1 2 2 1 1 1 1 1 1 1 1 1 1 1 1 1 1 1 1 1 1 1 1 1 1 1 1 2 2 1 1 1 1 1 1 1 1 1 1 1 1 1 1 1 1 1 1 1 1 2 2 1 1 1 1 1 1 1 1 1 1 1 1 1 1 1 1 2 2 1 1 1 1 1 1 1 1 1 1 1 1 1 1 1 1 1 1 1 1 2 2 1 1 1 1 1 1 1 1 1 1 1 1 1 1 1 1 1 1 1 1 1 1 1 1 2 2 1 1 1 1 2 2 1 1 1 1 1 1 1 1 1 1 1 1 1 1 1 1 1 1 2 2 1 1 1 1 2 2 1 1 3 3 1 1 1 1 1 1 1 1 1 1 1 1 1 1 1 1 1 1 1 1 1 1 1 1 1 1 1 1 1 1 1 1 2 2 1 1 1 1 1 1 1 1 1 1 1 1 1 1 2 2 1 1 1 1 1 1 1 1 1 1 1 1 1 1 2 2 1 1 1 1 1 1 1 1 1 1 1 1 1 1 2 2 1 1 1 1 1 1 1 1 1 1 1 1 1 1 1 1 2 2 1 1 1 1 1 1 1 1 1 1 2 2 1 1 1 1 1 1 1 1 1 1 1 1 1 1 2 2 1 1 1 1 2 2 1 1 1 1 1 1 1 1 1 1 1 1 1 1 1 1 1 1 1 1 1 1 1 1 1 1 1 1 1 1 1 1 1 1 1 1 2 2 1 1 1 1 1 1 1 1 1 1 1 1 1 1 2 2 1 1 1 1 1 1 1 1 1 1 1 1 1 1 2 2 1 1 1 1 2 2 1 1 1 1 1 1 1 1 1 1 1 1 1 1 1 1 1 1 1 1 1 1 1 1 1 1 1 1 1 1 1 1 1 1 1 1 2 2 1 1 1 1 2 2 1 1 1 1 2 2 1 1 1 1 1 1 1 1 1 1 1 1 1 1 2 2 1 1 1 1 2 2 1 1 1 1 1 1 1 1 1 1 1 1 1 1 1 1 1 1 1 1 1 1 1 1 1 1 2 2 1 1 1 1 2 2 1 1 1 1 1 1 1 1 1 1 1 1 1 1 1 1 1 1 1 1 1 1 1 1 1 1 1 1 1 1 1 1 2 2 1 1 1 1 2 2 1 1 1 1 1 1 2 2 1 1 1 1 1 1 1 1 1 1 1 1 1 1 1 1 1 1 1 1 1 1 1 1 1 1 1 1 1 1 2 2 1 1 1 1 1 1 1 1 1 1 1 1 1 1 1 1 1 1 1 1 1 1 2 2 1 1 1 1 2 2 1 1 1 1 2 2 1 1 1 1 1 1 2 2 1 1 2 2 1 1 1 1 1 1 1 1 2 2 1 1 1 1 1 1 2 2 1 1 1 1 1 1 1 1 1 1 1 1 1 1 1 1 1 1 2 2 1 1 1 1 1 1 2 2 1 1 1 1 1 1 1 1 1 1 1 1 1 1 2 2 1 1 1 1 1 1 1 1 1 1 1 1 1 1 1 1 1 1 1 1 1 1 1 1 1 1 1 1 1 1 1 1 1 1 1 1 1 1 1 1 5 5 1 1 1 1 2 2 1 1 1 1 2 2 1 1 1 1 1 1 1 1 1 1 1 1 1 1 1 1 1 1 1 1 1 1 1 1 2 2 1 1 1 1 1 1 1 1 1 1 1 1 1 1 1 1 1 1 1 1 1 1 1 1 2 2 1 1 1 1 1 1 1 1 2 2 1 1 1 1 1 1 1 1 1 1 1 1 2 2 1 1 1 1 1 1 1 1 1 1 1 1 1 1 1 1 1 1 1 1 1 1 1 1 2 2 1 1 1 1 1 1 1 1 1 1 1 1 1 1 1 1 1 1 1 1 1 1 1 1 1 1 1 1 1 1 1 1 1 1 1 1 1 1 1 1 1 1 1 1 1 1 1 1 1 1 1 1 2 2 1 1 1 1 1 1 1 1 1 1 1 1 1 1 1 1 1 1 2 2 1 1 1 1 2 2 1 1 1 1 1 1 1 1 1 1 1 1 1 1 1 1 1 1 1 1 1 1 1 1 1 1 1 1 1 1 1 1 1 1 1 1 1 1 1 1 1 1 1 1 1 1 1 1 1 1 1 1 1 1 1 1 1 1 1 1 1 1 1 1 1 1 1 1 1 1 1 1 1 1 1 1 1 1 1 1 1 1 1 1 1 1 1 1 1 1 1 1 1 1 2 2 1 1 1 1 2 2 1 1 1 1 2 2 1 1 1 1 1 1 1 1 1 1 1 1 1 1 1 1 2 2 1 1 1 1 1 1 1 1 1 1 1 1 1 1 1 1 1 1 1 1 1 1 1 1 1 1 1 1 1 1 2 2 1 1 1 1 2 2 1 1 1 1 1 1 1 1 1 1 1 1 1 1 1 1 1 1 1 1 1 1 1 1 1 1 1 1 1 1 1 1 1 1 2 2 1 1 1 1 2 2 1 1 1 1 1 1 1 1 1 1 1 1 2 2 1 1 1 1 1 1 2 2 1 1 1 1 2 2 1 1 1 1 1 1 1 1 1 1 1 1 2 2 1 1 1 1 1 1 1 1 1 1 1 1 1 1 1 1 1 1 1 1 1 1 2 2 1 1 1 1 2 2 1 1 1 1 2 2 1 1 1 1 1 1 1 1 1 1 1 1 1 1 2 2 1 1 1 1 1 1 2 2 1 1 1 1 2 2 1 1 1 1 1 1 4 4 1 1 1 1 2 2 1 1 1 1 2 2 1 1 1 1 1 1 1 1 1 1 1 1 1 1 2 2 1 1 1 1 1 1 1 1 1 1 1 1 1 1 2 2 1 1 1 1 1 1 1 1 1 1 1 1 1 1 1 1 1 1 1 1 1 1 1 1 2 2 1 1 1 1 1 1 2 2 1 1 1 1 1 1 1 1 1 1 1 1 2 2 1 1 1 1 2 2 1 1 1 1 1 1 1 1 1 1 1 1 1 1 2 2 1 1 1 1 1 1 1 1 1 1 1 1 1 1 1 1 2 2 1 1 1 1 2 2 1 1 1 1 2 2 1 1 1 1 1 1 1 1 1 1 1 1 2 2 1 1 1 1 2 2 1 1 1 1 1 1 1 1 1 1 1 1 1 1 2 2 1 1 1 1 1 1 1 1 1 1 1 1 1 1 1 1 1 1 1 1 1 1 1 1 1 1 2 2 1 1 1 1 1 1 2 2 2 2 2 2 1 1 1 1 2 2 2 2 1 1 1 1 2 2 1 1 1 1 1 1 1 1 1 1 1 1 1 1 2 2 1 1 1 1 1 1 1 1 1 1 1 1 3 3 1 1 2 2 1 1 1 1 1 1 1 1 1 1 1 1 1 1 5 5 1 1 1 1 1 1 1 1 1 1 1 1 1 1 1 1 1 1 2 2 1 1 1 1 2 2 1 1 1 1 2 2 1 1 1 1 1 1 1 1 1 1 1 1 1 1 2 2 1 1 1 1 2 2 1 1 1 1 1 1 1 1 1 1 1 1 2 2 1 1 1 1 2 2 1 1 1 1 1 1 1 1 1 1 1 1 1 1 2 2 1 1 1 1 2 2 1 1 1 1 1 1 1 1 1 1 1 1 1 1 2 2 1 1 1 1 1 1 1 1 1 1 1 1 1 1 1 1 4 4 1 1 1 1 1 1 2 2 1 1 1 1 1 1 1 1 1 1 1 1 1 1 2 2 1 1 1 1 1 1 1 1 1 1 1 1 1 1 1 1 1 1 1 1 1 1 2 2 1 1 1 1 1 1 1 1 1 1 1 1 1 1 1 1 1 1 1 1 1 1 2 2 1 1 1 1 2 2 1 1 1 1 2 2 1 1 1 1 1 1 1 1 1 1 1 1 1 1 2 2 1 1 1 1 1 1 1 1 1 1 1 1 1 1 1 1 1 1 2 2 1 1 1 1 1 1 1 1 1 1 1 1 1 1 1 1 1 1 1 1 1 1 1 1 1 1 1 1 1 1 1 1 1 1 2 2 1 1 2 2 1 1 1 1 1 1 2 2 1 1 1 1 2 2 1 1 1 1 2 2 1 1 1 1 2 2 1 1 1 1 1 1 1 1 1 1 1 1 1 1 1 1 1 1 1 1 1 1 1 1 1 1 1 1 1 1 2 2 1 1 1 1 2 2 1 1 1 1 2 2 1 1 1 1 1 1 2 2 1 1 1 1 1 1 1 1 1 1 1 1 1 1 1 1 1 1 1 1 1 1 1 1 2 2 1 1 1 1 2 2 1 1 1 1 1 1 1 1 3 3 1 1 1 1 1 1 1 1 1 1 1 1 1 1 1 1 1 1 1 1 1 1 1 1 1 1 1 1 1 1 1 1 2 2 2 2 1 1 1 1 2 2 1 1 1 1 2 2 1 1 1 1 1 1 2 2 1 1 1 1 1 1 1 1 1 1 1 1 1 1 1 1 2 2 1 1 1 1 1 1 1 1 1 1 1 1 1 1 2 2 1 1 1 1 1 1 1 1 1 1 1 1 1 1 1 1 1 1 1 1 1 1 1 1 2 2 1 1 1 1 1 1 2 2 1 1 1 1 1 1 1 1 1 1 1 1 1 1 2 2 1 1 1 1 1 1 1 1 1 1 1 1 2 2 1 1 1 1 1 1 1 1 1 1 1 1 1 1 1 1 1 1 1 1 1 1 1 1 1 1 2 2 1 1 1 1 1 1 1 1 1 1 1 1 1 1 2 2 1 1 1 1 2 2 1 1 1 1 1 1 1 1 1 1 1 1 1 1 1 1 1 1 1 1 1 1 1 1 1 1 1 1 1 1 1 1 1 1 3 3 2 2 1 1 1 1 2 2 1 1 1 1 2 2 1 1 1 1 2 2 1 1 1 1 1 1 1 1 1 1 1 1 1 1 1 1 1 1 1 1 1 1 1 1 2 2 1 1 1 1 2 2 1 1 1 1 1 1 1 1 1 1 1 1 1 1 1 1 1 1 1 1 1 1 1 1 2 2 1 1 1 1 2 2 1 1 1 1 1 1 1 1 1 1 1 1 1 1 1 1 2 2 1 1 1 1 1 1 1 1 1 1 1 1 1 1 1 1 1 1 1 1 1 1 1 1 1 1 2 2 1 1 1 1 2 2 1 1 1 1 2 2 1 1 1 1 1 1 1 1 1 1 1 1 2 2 1 1 1 1 2 2 1 1 1 1 1 1 1 1 1 1 1 1 1 1 1 1 1 1 1 1 1 1 1 1 1 1 2 2 1 1 1 1 1 1 1 1 1 1 1 1 1 1 2 2 1 1 1 1 1 1 1 1 1 1 1 1 1 1 2 2 1 1 1 1 1 1 1 1 1 1 1 1 1 1 1 1 1 1 1 1 1 1 1 1 1 1 1 1 1 1 1 1 1 1 1 1 1 1 1 1 1 1 1 1 1 1 1 1 2 2 1 1 1 1 1 1 1 1 1 1 1 1 4 4 1 1 1 1 4 4 1 1 1 1 1 1 1 1 2 2 2 2 1 1 1 1 2 2 1 1 1 1 2 2 1 1 1 1 2 2 1 1 1 1 1 1 1 1 1 1 1 1 1 1 1 1 1 1 1 1 1 1 1 1 1 1 1 1 1 1 1 1 1 1 1 1 1 1 1 1 1 1 1 1 1 1 1 1 1 1 1 1 2 2 1 1 1 1 2 2 1 1 1 1 1 1 1 1 1 1 1 1 1 1 2 2 2 2 1 1 1 1 1 1 1 1 1 1 1 1 1 1 1 1 1 1 1 1 1 1 2 2 1 1 1 1 1 1 1 1 1 1 1 1 1 1 1 1 1 1 1 1 1 1 1 1 1 1 1 1 1 1 1 1 1 1 1 1 2 2 1 1 1 1 2 2 1 1 1 1 1 1 1 1 1 1 1 1 2 2 1 1 1 1 2 2 1 1 1 1 1 1 1 1 2 2 1 1 1 1 1 1 1 1 1 1 1 1 1 1 1 1 1 1 1 1 1 1 1 1 1 1 1 1 1 1 1 1 1 1 1 1 1 1 1 1 1 1 1 1 1 1 1 1 1 1 1 1 1 1 3 3 1 1 1 1 1 1 2 2 1 1 1 1 2 2 1 1 1 1 1 1 1 1 1 1 1 1 1 1 1 1 1 1 1 1 1 1 1 1 1 1 1 1 1 1 1 1 1 1 1 1 1 1 1 1 1 1 1 1 2 2 1 1 1 1 1 1 4 4 1 1 1 1 2 2 1 1 1 1 1 1 1 1 1 1 1 1 1 1 1 1 1 1 1 1 1 1 1 1 1 1 1 1 1 1 1 1 1 1 1 1 1 1 1 1 1 1 1 1 1 1 1 1 1 1 1 1 1 1 1 1 1 1 1 1 1 1 1 1 2 2 1 1 1 1 1 1 1 1 1 1 1 1 1 1 2 2 1 1 1 1 2 2 1 1 1 1 2 2 1 1 1 1 1 1 1 1 1 1 1 1 1 1 2 2 1 1 1 1 2 2 1 1 1 1 1 1 2 2 1 1 1 1 2 2 1 1 1 1 2 2 1 1 1 1 1 1 1 1 1 1 1 1 1 1 1 1 1 1 1 1 1 1 2 2 1 1 1 1 1 1 1 1 1 1 1 1 1 1 1 1 2 2 1 1 1 1 1 1 2 2 1 1 1 1 1 1 3 3 1 1 2 2 1 1 1 1 1 1 1 1 1 1 1 1 1 1 2 2 1 1 1 1 2 2 1 1 1 1 2 2 1 1 1 1 1 1 1 1 1 1 1 1 1 1 2 2 1 1 1 1 1 1 1 1 1 1 1 1 1 1 1 1 2 2 1 1 1 1 5 5 1 1 1 1 1 1 1 1 1 1 1 1 1 1 2 2 1 1 1 1 1 1 1 1 1 1 1 1 1 1 2 2 1 1 1 1 2 2 1 1 1 1 1 1 1 1 1 1 1 1 1 1 1 1 1 1 1 1 1 1 1 1 1 1 1 1 1 1 1 1 1 1 1 1 1 1 1 1 2 2 1 1 1 1 2 2 1 1 1 1 1 1 2 2 1 1 1 1 1 1 1 1 2 2 2 2 1 1 1 1 1 1 1 1 1 1 1 1 1 1 2 2 1 1 1 1 2 2 1 1 1 1 1 1 1 1 1 1 1 1 1 1 1 1 1 1 1 1 1 1 1 1 1 1 2 2 1 1 1 1 1 1 1 1 1 1 1 1 1 1 1 1 1 1 1 1 1 1 1 1 1 1 1 1 1 1 1 1 1 1 1 1 1 1 1 1 1 1 1 1 1 1 1 1 1 1 1 1 1 1 1 1 1 1 3 3 1 1 1 1 1 1 2 2 1 1 1 1 1 1 1 1 1 1 1 1 1 1 1 1 2 2 1 1 1 1 1 1 1 1 1 1 1 1 3 3 1 1 1 1 1 1 1 1 1 1 1 1 1 1 1 1 1 1 1 1 1 1 2 2 1 1 1 1 1 1 1 1 1 1 1 1 1 1 1 1 1 1 1 1 2 2 1 1 1 1 1 1 2 2 1 1 1 1 1 1 1 1 1 1 1 1 2 2 1 1 1 1 2 2 1 1 1 1 1 1 1 1 1 1 1 1 1 1 1 1 1 1 1 1 1 1 1 1 1 1 1 1 1 1 1 1 1 1 1 1 1 1 1 1 1 1 1 1 1 1 1 1 1 1 1 1 1 1 1 1 1 1 1 1 1 1 1 1 2 2 1 1 1 1 2 2 1 1 1 1 3 3 2 2 1 1 2 2 1 1 1 1 2 2 1 1 1 1 1 1 1 1 1 1 1 1 1 1 1 1 1 1 1 1 1 1 1 1 1 1 2 2 1 1 1 1 1 1 2 2 1 1 1 1 2 2 1 1 1 1 3 3 2 2 1 1 1 1 1 1 1 1 1 1 1 1 1 1 1 1 1 1 1 1 1 1 1 1 1 1 1 1 1 1 1 1 1 1 1 1 1 1 1 1 1 1 1 1 1 1 2 2 1 1 1 1 1 1 1 1 1 1 1 1 1 1 2 2 1 1 1 1 2 2 1 1 1 1 1 1 1 1 1 1 1 1 1 1 2 2 1 1 1 1 1 1 2 2 1 1 1 1 1 1 1 1 1 1 1 1 1 1 1 1 1 1 1 1 1 1 2 2 1 1 1 1 1 1 1 1 1 1 1 1 1 1 1 1 1 1 1 1 1 1 1 1 1 1 1 1 1 1 1 1 1 1 1 1 1 1 1 1 1 1 1 1 1 1 1 1 1 1 1 1 1 1 1 1 1 1 1 1 1 1 1 1 1 1 1 1 1 1 1 1 1 1 1 1 1 1 1 1 1 1 1 1 1 1 1 1 1 1 1 1 1 1 1 1 1 1 1 1 1 1 2 2 1 1 1 1 1 1 2 2 1 1 1 1 1 1 1 1 1 1 1 1 1 1 1 1 1 1 1 1 1 1 1 1 1 1 4 4 1 1 1 1 1 1 1 1 1 1 1 1 1 1 1 1 2 2 1 1 1 1 1 1 1 1 1 1 1 1 1 1 1 1 2 2 1 1 1 1 2 2 1 1 1 1 1 1 1 1 1 1 1 1 1 1 1 1 1 1 1 1 1 1 1 1 1 1 1 1 1 1 1 1 2 2 1 1 1 1 1 1 1 1 1 1 1 1 1 1 2 2 1 1 1 1 1 1 1 1 1 1 1 1 1 1 1 1 1 1 1 1 1 1 1 1 2 2 1 1 1 1 2 2 1 1 1 1 2 2 1 1 1 1 1 1 1 1 1 1 1 1 2 2 1 1 1 1 1 1 1 1 1 1 1 1 1 1 1 1 2 2 1 1 1 1 1 1 1 1 1 1 1 1 8511 8511 77 27 613 7898
90 90 30 30 3 3 30 30 55 55 31 31 24 24 1 1 1 1 44 44 1 1 30 30 18 18 42 42 1 1 182 182 70 20 117 65
943 943 46 46 1 1 1 1 3 3 3 3 5 5 1 1 1 1 12 12 1 1 31 31 3 3 6 6 1 1 1 1 11 11 3 3 14 14 1 1 1 1 40 40 20 20 1 1 1 1 3 3 3 3 3 3 10 10 1 1 1 1 6 6 1 1 1 1 14 14 1 1 1 1 1 1 9 9 1 1 1 1 3 3 3 3 6 6 1 1 1 1 11 11 3 3 5 5 20 20 1 1 1 1 5 5 4 4 3 3 1 1 1 1 6 6 1 1 1 1 4 4 1 1 1 1 1 1 1 1 1 1 9 9 16 16 1 1 1 1 3 3 3 3 3 3 3 3 1 1 1 1 11 11 3 3 25 25 1 1 1 1 3 3 3 3 6 6 1 1 1 1 6 6 1 1 1 1 4 4 1 1 1 1 2 2 15 15 1 1 1 1 9 9 1 1 1 1 3 3 3 3 18 18 1 1 1 1 2 2 15 15 1 1 1 1 9 9 1 1 1 1 3 3 3 3 3 3 10 10 1 1 1 1 4 4 1 1 1 1 2 2 25 25 1 1 1 1 3 3 3 3 13 13 1 1 1 1 4 4 3 3 3 3 2 2 9 9 1 1 2 2 1 1 1 1 10 10 1 1 1 1 3 3 3 3 6 6 1 1 1 1 11 11 1 1 1 1 2 2 16 16 9 9 1 1 1 1 3 3 3 3 2 2 1 1 15 15 1 1 1 1 2 2 15 15 10 10 1 1 1 1 3 3 3 3 18 18 1 1 1 1 6 6 1 1 1 1 9 9 1 1 1 1 14 14 3 3 6 6 1 1 1 1 11 11 1 1 1 1 2 2 15 15 1 1 1 1 9 9 1 1 1 1 1 1 1 1 1 1 1 1 3 3 13 13 1 1 1 1 4 4 1 1 1 1 1 1 1 1 1 1 9 9 5 5 1 1 1 1 1 1 1 1 9 9 1 1 1 1 3 3 3 3 6 6 1 1 1 1 6 6 1 1 1 1 4 4 3 3 3 3 4 4 18 18 1 1 1 1 3 3 3 3 3 3 15 15 3 3 14 14 1 1 1 1 10 10 1 1 1 1 3 3 3 3 6 6 1 1 1 1 11 11 1 1 1 1 2 2 25 25 1 1 1 1 3 3 3 3 6 6 1 1 1 1 11 11 1 1 1 1 2 2 25 25 1 1 1 1 3 3 3 3 6 6 1 1 1 1 6 6 1 1 1 1 4 4 1 1 1 1 2 2 14 14 1 1 1 1 14 14 3 3 18 18 1 1 1 1 16 16 1 1 1 1 1 1 1 1 6 6 3 3 1 1 1 1 3 3 3 3 6 6 1 1 1 1 11 11 1 1 1 1 2 2 14 14 1 1 1 1 10 10 1 1 1 1 3 3 3 3 6 6 1 1 1 1 6 6 1 1 1 1 4 4 1 1 1 1 2 2 1 1 8 8 16 16 1 1 1 1 3 3 3 3 13 13 1 1 1 1 4 4 1 1 1 1 1 1 1 1 1 1 14 14 1 1 1 1 10 10 1 1 1 1 3 3 3 3 1 1 1 1 5 5 1 1 1 1 6 6 1 1 1 1 4 4 1 1 1 1 2 2 14 14 1 1 1 1 10 10 1 1 1 1 3 3 3 3 6 6 1 1 1 1 11 11 1 1 1 1 3 3 7 7 6 6 1 1 1 1 1 1 1 1 9 9 1 1 1 1 8 8 3 3 1 1 1 1 1 1 11 11 3 3 14 14 1 1 1 1 12 12 3 3 1 1 1 1 1 1 6 6 1 1 1 1 11 11 3 3 8 8 50 50 50 50 6 6 1 1 1 1 1 1 1 1 9 9 1 1 1 1 3 3 3 3 6 6 1 1 1 1 6 6 1 1 1 1 4 4 1 1 1 1 2 2 14 14 1 1 1 1 10 10 1 1 1 1 1 1 1 1 1 1 1 1 3 3 6 6 1 1 1 1 6 6 1 1 1 1 4 4 3 3 14 14 1 1 1 1 1 1 1 1 9 9 1 1 1 1 3 3 3 3 6 6 1 1 1 1 11 11 3 3 8 8 1 1 1 1 1 1 1 1 4 4 1 1 1 1 1 1 1 1 9 9 1 1 1 1 1 1 1 1 1 1 1 1 5 5 1 1 1 1 3 3 1 1 1 1 1 1 22 22 1 1 1 1 5 5 1 1 11 11 3 3 8 8 1 1 1 1 1 1 5 5 1 1 10 10 1 1 1 1 3 3 5 5 3 3 1 1 1 1 1 1 1 1 1 1 1 1 9 9 3 3 8 8 6 6 1 1 1 1 1 1 3 3 1 1 15 15 3 3 1 1 1 1 1 1 1 1 11 11 1 1 1 1 2 2 14 14 1 1 1 1 10 10 1 1 1 1 8 8 3 3 1 1 1 1 1 1 11 11 3 3 16 16 13 13 3 3 3 3 3 3 1 1 1 1 6 6 1 1 1 1 4 4 3 3 8 8 1 1 1 1 5 5 1 1 1 1 2 2 1 1 1 1 5 5 1 1 1 1 1 1 1 1 1 1 3 3 3 3 3 3 1 1 1 1 1 1 1 1 1 1 1 1 1 1 8 8 1 1 1 1 2 2 3 3 8 8 1 1 1 1 5 5 1 1 1 1 4 4 6 6 1 1 1 1 3 3 3 3 6 6 1 1 1 1 11 11 1 1 1 1 2 2 14 14 1 1 1 1 14 14 3 3 6 6 1 1 1 1 1 1 1 1 1 1 9 9 3 3 14 14 1 1 1 1 14 14 3 3 6 6 1 1 1 1 11 11 3 3 14 14 1 1 1 1 20 20 1 1 1 1 8 8 1 1 1 1 2 2 3 3 14 14 1 1 1 1 4 4 6 6 1 1 1 1 1 1 1 1 1 1 1 1 3 3 5 5 1 1 1 1 1 1 1 1 4 4 1 1 1 1 6 6 3 3 14 14 1 1 1 1 14 14 3 3 5 5 1 1 1 1 1 1 1 1 11 11 3 3 29 29 3 3 3 3 1 1 1 1 11 11 3 3 29 29 3 3 3 3 1 1 1 1 49 49 1 1 1 1 4 4 1 1 1 1 6 6 3 3 14 14 1 1 1 1 10 10 1 1 1 1 3 3 3 3 2 2 1 1 1 1 1 1 1 1 11 11 3 3 14 14 1 1 1 1 20 20 1 1 1 1 11 11 3 3 14 14 1 1 1 1 14 14 3 3 3 3 1 1 1 1 43 43 3 3 3 3 1 1 1 1 11 11 3 3 14 14 1 1 1 1 11 11 1 1 1 1 1 1 1 1 2 2 1 1 1 1 5 5 1 1 1 1 1 1 1 1 11 11 3 3 14 14 1 1 1 1 20 20 1 1 1 1 11 11 3 3 26 26 1 1 1 1 1 1 1 1 2 2 1 1 1 1 6 6 1 1 1 1 11 11 3 3 14 14 1 1 1 1 11 11 3 3 2 2 1 1 1 1 5 5 1 1 1 1 1 1 1 1 11 11 3 3 29 29 3 3 3 3 3 3 1 1 1 1 11 11 3 3 8 8 1 1 1 1 5 5 1 1 1 1 10 10 1 1 1 1 3 3 3 3 6 6 1 1 1 1 11 11 3 3 26 26 3 3 2 2 1 1 1 1 3 3 3 3 1 1 1 1 11 11 3 3 100 100 26 26 3 3 2 2 1 1 1 1 2 2 1 1 1 1 3 3 1 1 1 1 11 11 3 3 29 29 3 3 3 3 3 3 1 1 1 1 11 11 1 1 1 1 10 10 1 1 1 1 5 5 1 1 1 1 10 10 1 1 1 1 1 1 1 1 1 1 1 1 3 3 3 3 2 2 1 1 1 1 1 1 1 1 11 11 3 3 35 35 1 1 1 1 11 11 3 3 35 35 50 50 1 1 11 11 3 3 14 14 1 1 1 1 12 12 1 1 1 1 6 6 3 3 1 1 1 1 1 1 11 11 3 3 14 14 1 1 1 1 14 14 5 5 1 1 1 1 46 46 1 1 18 18 1 1 1 1 20 20 6 6 3 3 1 1 1 1 1 1 11 11 11 11 1 1 1 1 16 16 1 1 1 1 1 1 1 1 1 1 6 6 3 3 2 2 11 11 3 3 14 14 1 1 1 1 16 16 3 3 1 1 1 1 1 1 1 1 1 1 1 1 9 9 3 3 27 27 1 1 1 1 3 3 3 3 3 3 1 1 1 1 1 1 11 11 17 17 1 1 1 1 10 10 1 1 1 1 1 1 1 1 1 1 6 6 3 3 1 1 1 1 1 1 1 1 1 1 1 1 9 9 3 3 14 14 1 1 1 1 16 16 3 3 3 3 1 1 1 1 1 1 1 1 1 1 1 1 9 9 3 3 14 14 1 1 1 1 10 10 1 1 1 1 8 8 3 3 1 1 1 1 1 1 11 11 1 1 1 1 2 2 14 14 1 1 1 1 10 10 1 1 1 1 1 1 1 1 1 1 6 6 3 3 1 1 1 1 1 1 11 11 1 1 1 1 3 3 23 23 1 1 1 1 2 2 4 4 1 1 1 1 2 2 1 1 1 1 1 1 22 22 1 1 1 1 18 18 1 1 1 1 2 2 1 1 1 1 1 1 2 2 3 3 1 1 1 1 1 1 11 11 1 1 1 1 2 2 14 14 1 1 1 1 10 10 1 1 1 1 1 1 1 1 1 1 3 3 3 3 3 3 1 1 1 1 1 1 11 11 3 3 14 14 1 1 1 1 10 10 1 1 1 1 1 1 1 1 1 1 2 2 1 1 1 1 1 1 2 2 3 3 1 1 1 1 1 1 11 11 1 1 1 1 2 2 8 8 1 1 1 1 5 5 1 1 1 1 10 10 1 1 1 1 1 1 1 1 1 1 1 1 2 2 3 3 1 1 3 3 1 1 1 1 1 1 1 1 1 1 1 1 9 9 1 1 1 1 2 2 9 9 1 1 1 1 2 2 1 1 2 2 1 1 1 1 12 12 1 1 1 1 1 1 3 3 3 3 3 3 1 1 1 1 11 11 3 3 14 14 1 1 1 1 10 10 1 1 1 1 1 1 1 1 1 1 1 1 3 3 3 3 2 2 1 1 1 1 1 1 1 1 11 11 1 1 1 1 2 2 27 27 1 1 1 1 2 2 1 1 1 1 1 1 2 2 1 1 1 1 1 1 1 1 1 1 1 1 1 1 1 1 11 11 3 3 19 19 1 1 2 2 4 4 4 4 2 2 3 3 3 3 1 1 1 1 1 1 11 11 3 3 9 9 1 1 1 1 2 2 1 1 2 2 1 1 1 1 12 12 1 1 1 1 1 1 3 3 3 3 3 3 1 1 1 1 1 1 1 1 1 1 9 9 3 3 9 9 1 1 1 1 4 4 1 1 1 1 10 10 1 1 1 1 1 1 1 1 1 1 1 1 3 3 3 3 3 3 1 1 1 1 11 11 3 3 27 27 1 1 1 1 3 3 3 3 3 3 1 1 1 1 1 1 11 11 3 3 8 8 6 6 1 1 1 1 16 16 3 3 3 3 1 1 1 1 1 1 11 11 3 3 8 8 6 6 1 1 1 1 14 14 3 3 5 5 1 1 1 1 1 1 1 1 11 11 3 3 27 27 1 1 1 1 6 6 3 3 1 1 1 1 1 1 11 11 3 3 9 9 1 1 1 1 4 4 1 1 1 1 6 6 3 3 1 1 1 1 1 1 9 9 3 3 1 1 1 1 1 1 3 3 3 3 3 3 3 3 1 1 1 1 11 11 1 1 1 1 2 2 14 14 1 1 1 1 10 10 1 1 1 1 1 1 1 1 1 1 1 1 3 3 3 3 3 3 1 1 1 1 11 11 1 1 1 1 2 2 8 8 1 1 1 1 28 28 1 1 1 1 16 16 3 3 150 150 16 16 3 3 31 31 3 3 1 1 1 1 1 1 11 11 1 1 1 1 2 2 1 1 33 33 3 3 1 1 1 1 1 1 11 11 3 3 34 34 3 3 1 1 1 1 1 1 11 11 3 3 14 14 1 1 1 1 19 19 3 3 1 1 1 1 1 1 28 28 1 1 1 1 12 12 1 1 1 1 2 2 1 1 1 1 1 1 15 15 1 1 1 1 2 2 3 3 14 14 1 1 1 1 19 19 3 3 1 1 1 1 1 1 5 5 1 1 1 1 10 10 1 1 1 1 3 3 3 3 2 2 1 1 1 1 11 11 3 3 35 35 1 1 1 1 11 11 3 3 19 19 1 1 7 7 1 1 1 1 6 6 3 3 1 1 1 1 1 1 11 11 1 1 1 1 2 2 14 14 1 1 1 1 19 19 3 3 1 1 1 1 1 1 22 22 1 1 1 1 18 18 1 1 1 1 1 1 3 3 2 2 1 1 2 2 1 1 1 1 1 1 11 11 3 3 8 8 1 1 1 1 5 5 17 17 3 3 3 3 1 1 1 1 1 1 11 11 3 3 8 8 1 1 1 1 5 5 1 1 1 1 16 16 3 3 3 3 1 1 1 1 1 1 11 11 3 3 14 14 1 1 1 1 12 12 1 1 1 1 3 3 3 3 3 3 1 1 1 1 1 1 11 11 3 3 9 9 1 1 1 1 4 4 1 1 1 1 6 6 4 4 1 1 1 1 1 1 1 1 1 1 6 6 3 3 1 1 1 1 1 1 11 11 1 1 1 1 2 2 9 9 1 1 1 1 4 4 1 1 1 1 12 12 1 1 1 1 3 3 3 3 3 3 30 30 1 1 1 1 1 1 1 1 15 15 3 3 3 3 1 1 1 1 1 1 11 11 3 3 9 9 1 1 1 1 4 4 1 1 1 1 10 10 1 1 1 1 1 1 1 1 1 1 3 3 3 3 3 3 1 1 1 1 1 1 11 11 1 1 1 1 2 2 9 9 1 1 1 1 4 4 1 1 1 1 7 7 1 1 1 1 4 4 1 1 1 1 3 3 3 3 3 3 1 1 1 1 1 1 11 11 3 3 14 14 1 1 1 1 6 6 13 13 3 3 1 1 1 1 1 1 11 11 3 3 9 9 1 1 1 1 4 4 1 1 1 1 12 12 1 1 1 1 3 3 3 3 3 3 1 1 1 1 1 1 11 11 3 3 8 8 1 1 1 1 5 5 1 1 1 1 7 7 1 1 1 1 8 8 3 3 1 1 1 1 1 1 11 11 3 3 8 8 1 1 1 1 26 26 1 1 1 1 11 11 3 3 8 8 1 1 1 1 16 16 1 1 1 1 2 2 6 6 3 3 1 1 1 1 1 1 11 11 3 3 8 8 1 1 1 1 19 19 3 3 3 3 1 1 1 1 1 1 11 11 3 3 8 8 1 1 1 1 5 5 1 1 1 1 20 20 1 1 1 1 41 41 3 3 1 1 1 1 1 1 18 18 3 3 14 14 1 1 1 1 16 16 3 3 1 1 1 1 1 1 11 11 3 3 31 31 3 3 3 3 1 1 1 1 1 1 39 39 1 1 1 1 5 5 1 1 1 1 2 2 3 3 13 13 3 3 35 35 1 1 1 1 11 11 3 3 35 35 1 1 1 1 41 41 1 1 1 1 6 6 3 3 1 1 1 1 1 1 11 11 3 3 8 8 1 1 1 1 26 26 1 1 1 1 11 11 3 3 8 8 1 1 1 1 26 26 1 1 1 1 11 11 3 3 8 8 1 1 1 1 26 26 1 1 1 1 11 11 3 3 35 35 1 1 1 1 11 11 3 3 8 8 1 1 1 1 26 26 1 1 1 1 11 11 3 3 8 8 1 1 1 1 22 22 3 3 3 3 1 1 1 1 1 1 11 11 1 1 1 1 29 29 3 3 1 1 1 1 1 1 6 6 1 1 1 1 11 11 3 3 8 8 1 1 1 1 10 10 1 1 16 16 1 1 1 1 11 11 3 3 22 22 1 1 1 1 12 12 1 1 1 1 11 11 3 3 22 22 1 1 1 1 12 12 1 1 1 1 11 11 3 3 22 22 1 1 1 1 4 4 1 1 1 1 6 6 3 3 1 1 1 1 1 1 36 36 1 1 1 1 11 11 3 3 30 30 1 1 1 1 20 20 1 1 1 1 11 11 3 3 8 8 1 1 1 1 26 26 1 1 1 1 11 11 3 3 8 8 1 1 1 1 25 25 3 3 1 1 1 1 1 1 11 11 3 3 8 8 1 1 1 1 5 5 1 1 1 1 19 19 3 3 1 1 1 1 1 1 45 45 1 1 1 1 2 2 1 1 1 1 1 1 11 11 1 1 1 1 2 2 31 31 3 3 1 1 1 1 1 1 11 11 3 3 8 8 1 1 1 1 19 19 36 36 1 1 1 1 16 16 3 3 1 1 1 1 1 1 11 11 3 3 14 14 1 1 1 1 16 16 3 3 1 1 1 1 1 1 11 11 3 3 34 34 3 3 1 1 1 1 1 1 11 11 3 3 14 14 1 1 1 1 19 19 3 3 101 101 1 1 1 1 11 11 3 3 34 34 3 3 1 1 23 23 1 1 1 1 26 26 1 1 1 1 22 22 1 1 1 1 5 5 1 1 1 1 13 13 6 6 3 3 1 1 1 1 1 1 22 22 1 1 1 1 26 26 1 1 1 1 8 8 1 1 1 1 19 19 1 1 1 1 13 13 7 7 1 1 1 1 11 11 3 3 35 35 1 1 1 1 11 11 3 3 14 14 1 1 1 1 70 70 1 1 1 1 11 11 3 3 35 35 1 1 1 1 11 11 3 3 35 35 1 1 1 1 11 11 3 3 8 8 1 1 1 1 26 26 1 1 1 1 11 11 3 3 78 78 136 136 1 1 1 1 20 20 1 1 1 1 11 11 3 3 64 64 1 1 1 1 63 63 250 250 68 68 41 27 442 501
101 101 1 1 9 9 1 1 1 1 8 8 1 1 1 1 8 8 4 4 4 4 4 4 4 4 4 4 4 4 4 4 35 35 8 8 8 8 8 8 4 4 2 2 2 2 4 4 4 4 1 1 1 1 7 7 2 2 1 1 1 1 3 3 1 1 1 1 1 1 1 1 1 1 1 1 1 1 1 1 1 1 2 2 1 1 1 1 1 1 1 1 1 1 1 1 1 1 1 1 2 2 2 2 2 2 2 2 2 2 1 1 1 1 4 4 4 4 6 6 1 1 1 1 1 1 7 7 1 1 1 1 3 3 1 1 1 1 3 3 4 4 1 1 2 2 4 4 1 1 3 3 1 1 1 1 1 1 1 1 3 3 1 1 1 1 3 3 1 1 4 4 1 1 1 1 4 4 1 1 1 1 3 3 2 2 5 5 1 1 1 1 3 3 1 1 1 1 3 3 1 1 1 1 7 7 1 1 1 1 1 1 1 1 14 14 1 1 1 1 3 3 1 1 1 1 4 4 4 4 4 4 4 4 4 4 4 4 4 4 4 4 3 3 4 4 4 4 12 12 8 8 1 1 1 1 3 3 1 1 1 1 3 3 1 1 1 1 3 3 1 1 1 1 3 3 1 1 1 1 1 1 1 1 1 1 1 1 1 1 3 3 1 1 1 1 1 1 1 1 1 1 1 1 1 1 2 2 2 2 1 1 1 1 1 1 1 1 1 1 1 1 1 1 1 1 1 1 1 1 1 1 1 1 1 1 1 1 1 1 1 1 1 1 4 4 1 1 1 1 1 1 1 1 1 1 1 1 1 1 1 1 1 1 1 1 1 1 1 1 1 1 8 8 22 22 1 1 1 1 1 1 3 3 1 1 1 1 3 3 1 1 1 1 2 2 1 1 1 1 1 1 3 3 1 1 1 1 14 14 1 1 53 53 1 1 1 1 1 1 1 1 36 36 1 1 1 1 11 11 1 1 1 1 26 26 1 1 1 1 60 60 1 1 1 1 17 17 1 1 73 73 1 1 1 1 5 5 1 1 1 1 322 322 68 33 31 291
71 71 2 2 30 30 4 4 25 25 2 2 1 1 1 1 2 2 2 2 2 2 2 2 2 2 1 1 3 3 3 3 2 2 1 1 1 1 2 2 1 1 1 1 1 1 1 1 1 1 2 2 1 1 1 1 1 1 1 1 2 2 1 1 2 2 1 1 1 1 1 1 1 1 1 1 1 1 1 1 1 1 1 1 1 1 1 1 1 1 1 1 1 1 2 2 1 1 1 1 1 1 2 2 1 1 1 1 1 1 1 1 1 1 1 1 1 1 1 1 1 1 3 3 1 1 2 2 1 1 4 4 1 1 1 1 1 1 6 6 1 1 1 1 3 3 1 1 1 1 1 1 2 2 2 2 5 5 2 2 1 1 2 2 2 2 1 1 1 1 1 1 1 1 1 1 1 1 1 1 3 3 2 2 1 1 1 1 2 2 1 1 1 1 1 1 1 1 2 2 2 2 2 2 2 2 11 11 3 3 2 2 1 1 2 2 5 5 1 1 1 1 1 1 1 1 5 5 1 1 1 1 1 1 1 1 1 1 2 2 1 1 1 1 2 2 7 7 1 1 1 1 5 5 2 2 2 2 2 2 13 13 2 2 8 8 1 1 1 1 1 1 2 2 1 1 2 2 1 1 2 2 2 2 2 2 2 2 4 4 2 2 1 1 1 1 1 1 5 5 2 2 2 2 2 2 5 5 1 1 1 1 2 2 5 5 3 3 2 2 2 2 13 13 2 2 8 8 5 5 2 2 1 1 1 1 2 2 2 2 5 5 1 1 1 1 2 2 3 3 2 2 2 2 7 7 1 1 1 1 5 5 2 2 9 9 1 1 1 1 5 5 4 4 7 7 1 1 1 1 5 5 4 4 7 7 1 1 1 1 5 5 2 2 2 2 7 7 1 1 1 1 5 5 2 2 2 2 2 2 2 2 3 3 1 1 1 1 16 16 1 1 1 1 5 5 2 2 2 2 7 7 1 1 1 1 5 5 2 2 2 2 7 7 1 1 1 1 5 5 2 2 9 9 1 1 1 1 5 5 4 4 7 7 1 1 3 3 1 1 5 5 2 2 2 2 2 2 5 5 1 1 1 1 1 1 2 2 7 7 1 1 1 1 5 5 2 2 2 2 2 2 7 7 1 1 1 1 5 5 2 2 2 2 7 7 1 1 1 1 5 5 2 2 2 2 2 2 5 5 1 1 1 1 6 6 1 1 2 2 2 2 7 7 1 1 1 1 5 5 2 2 2 2 7 7 1 1 3 3 1 1 5 5 2 2 2 2 2 2 5 5 1 1 1 1 5 5 2 2 2 2 7 7 1 1 1 1 5 5 2 2 2 2 2 2 7 7 1 1 1 1 5 5 2 2 2 2 2 2 7 7 1 1 1 1 5 5 2 2 2 2 2 2 6 6 6 6 1 1 2 2 2 2 7 7 1 1 1 1 5 5 2 2 2 2 7 7 1 1 1 1 2 2 3 3 2 2 5 5 2 2 7 7 1 1 1 1 1 1 1 1 4 4 2 2 2 2 6 6 1 1 1 1 1 1 5 5 2 2 2 2 7 7 1 1 1 1 2 2 1 1 1 1 2 2 2 2 2 2 2 2 2 2 1 1 3 3 3 3 1 1 1 1 1 1 1 1 1 1 1 1 1 1 1 1 2 2 1 1 2 2 2 2 8 8 5 5 2 2 3 3 1 1 1 1 2 2 1 1 1 1 1 1 1 1 2 2 1 1 10 10 1 1 1 1 1 1 5 5 5 5 9 9 1 1 1 1 2 2 3 3 2 2 2 2 2 2 2 2 9 9 2 2 2 2 13 13 2 2 2 2 4 4 1 1 1 1 8 8 2 2 2 2 8 8 5 5 2 2 1 1 1 1 11 11 13 13 2 2 2 2 2 2 13 13 2 2 2 2 13 13 1 1 1 1 2 2 15 15 2 2 6 6 1 1 1 1 8 8 2 2 2 2 13 13 2 2 2 2 8 8 5 5 2 2 3 3 2 2 13 13 2 2 15 15 2 2 2 2 2 2 2 2 9 9 2 2 2 2 13 13 2 2 2 2 13 13 2 2 2 2 13 13 2 2 6 6 6 6 3 3 2 2 1 1 4 4 1 1 2 2 2 2 10 10 3 3 2 2 2 2 1 1 4 4 1 1 11 11 2 2 1 1 1 1 1 1 1 1 13 13 1 1 1 1 11 11 3 3 3 3 1 1 1 1 1 1 1 1 2 2 2 2 10 10 3 3 2 2 2 2 1 1 5 5 4 4 1 1 2 2 2 2 2 2 25 25 1 1 1 1 1 1 3 3 1 1 1 1 2 2 4 4 2 2 6 6 3 3 1 1 3 3 1 1 1 1 2 2 2 2 13 13 2 2 2 2 2 2 11 11 2 2 2 2 8 8 5 5 2 2 2 2 1 1 1 1 2 2 2 2 6 6 3 3 2 2 1 1 1 1 10 10 3 3 2 2 1 1 3 3 2 2 13 13 2 2 1 1 1 1 9 9 5 5 2 2 1 1 1 1 1 1 1 1 1 1 6 6 1 1 3 3 1 1 2 2 2 2 1 1 1 1 1 1 6 6 1 1 1 1 6 6 1 1 1 1 9 9 1 1 1 1 1 1 3 3 3 3 1 1 1 1 1 1 1 1 1 1 1 1 1 1 1 1 2 2 6 6 1 1 1 1 6 6 1 1 1 1 1 1 7 7 1 1 1 1 1 1 6 6 1 1 1 1 1 1 7 7 1 1 1 1 1 1 1 1 1 1 3 3 2 2 1 1 1 1 1 1 1 1 7 7 1 1 1 1 1 1 6 6 1 1 1 1 1 1 7 7 1 1 1 1 1 1 6 6 2 2 2 2 1 1 12 12 2 2 1 1 1 1 1 1 11 11 1 1 1 1 1 1 2 2 10 10 1 1 1 1 1 1 1 1 1 1 3 3 2 2 2 2 13 13 11 11 1 1 1 1 1 1 2 2 2 2 10 10 1 1 1 1 1 1 1 1 1 1 2 2 1 1 1 1 1 1 1 1 1 1 13 13 4 4 2 2 2 2 4 4 5 5 5 5 2 2 11 11 2 2 2 2 41 41 2 2 6 6 1 1 1 1 6 6 2 2 2 2 7 7 2 2 4 4 2 2 7 7 1 1 1 1 2 2 2 2 6 6 5 5 3 3 2 2 2 2 10 10 1 1 1 1 2 2 2 2 6 6 4 4 3 3 4 4 4 4 6 6 3 3 2 2 2 2 2 2 2 2 4 4 3 3 5 5 4 4 2 2 2 2 9 9 4 4 4 4 9 9 2 2 1 1 1 1 1 1 1 1 2 2 2 2 1 1 1 1 1 1 1 1 2 2 2 2 208 208 183 25 39 32
145 145 1 1 1 1 151 151 1 1 1 1 83 83 1 1 1 1 142 142 1 1 1 1 117 117 1 1 1 1 106 106 1 1 1 1 282 282 1 1 1 1 31 31 1 1 1 1 25 25 1 1 1 1 99 99 1 1 1 1 362 362 117 28 310 52

3753 3753 95 95 1 1 1 1 51 51 1 1 1 1 36 36 1 1 1 1 23 23 1 1 1 1 46 46 1 1 1 1 91 91 1 1 1 1 10 10 1 1 1 1 2 2 1 1 1 1 31 31 1 1 1 1 162 162 1 1 1 1 46 46 1 1 1 1 118 118 1 1 1 1 258 258 1438 1438 638 800 1357 2396
3748 3748 8 8 30 30 20 20 1 1 1 1 11 11 1 1 1 1 18 18 1 1 1 1 22 22 1 1 1 1 13 13 1 1 1 1 10 10 1 1 1 1 74 74 1 1 1 1 51 51 1 1 1 1 13 13 1 1 1 1 49 49 1 1 1 1 1 1 1 1 1 1 75 75 1 1 1 1 12 12 1 1 1 1 4 4 1 1 1 1 2 2 1 1 1 1 5 5 1 1 1 1 19 19 1 1 1 1 6 6 1 1 1 1 21 21 1 1 1 1 2 2 1 1 1 1 10 10 1 1 1 1 14 14 1 1 1 1 23 23 1 1 1 1 9 9 1 1 1 1 4 4 1 1 1 1 3 3 1 1 1 1 9 9 1 1 1 1 4 4 1 1 1 1 28 28 1 1 1 1 3 3 1 1 1 1 2 2 1 1 1 1 99 99 1 1 1 1 4 4 1 1 1 1 1 1 1 1 1 1 20 20 1 1 1 1 13 13 1 1 1 1 3 3 1 1 1 1 26 26 1 1 1 1 50 50 1 1 8 8 1 1 1 1 28 28 1 1 1 1 33 33 1 1 1 1 18 18 1 1 1 1 2 2 1 1 1 1 4 4 1 1 1 1 1 1 1 1 1 1 3 3 1 1 1 1 5 5 1 1 1 1 2 2 1 1 1 1 3 3 1 1 1 1 18 18 307 307 1 1 1 1 203 203 6 6 1 1 1 1 4 4 1 1 1 1 12 12 1 1 1 1 7 7 1 1 1 1 5 5 1 1 1 1 1 1 1 1 1 1 9 9 1 1 1 1 37 37 1 1 1 1 10 10 1 1 1 1 6 6 1 1 1 1 1 1 1 1 1 1 27 27 1 1 1 1 17 17 1 1 1 1 19 19 1 1 1 1 1 1 1 1 1 1 90 90 1 1 1 1 20 20 1 1 1 1 1 1 1 1 6 6 1 1 1 1 10 10 1 1 1 1 9 9 1 1 1 1 29 29 1 1 1 1 24 24 1 1 1 1 33 33 1 1 1 1 11 11 1 1 1 1 1 1 2 2 1 1 1 1 7 7 1 1 1 1 8 8 1 1 1 1 25 25 1 1 1 1 6 6 1 1 1 1 8 8 1 1 1 1 32 32 1 1 1 1 13 13 1 1 1 1 3 3 1 1 1 1 17 17 1 1 1 1 8 8 1 1 1 1 54 54 1 1 1 1 1 1 1 1 16 16 1 1 1 1 9 9 1 1 1 1 17 17 1 1 1 1 69 69 1 1 1 1 43 43 1 1 1 1 54 54 1 1 1 1 5 5 1 1 1 1 26 26 1 1 1 1 10 10 1 1 1 1 10 10 1 1 1 1 36 36 1 1 1 1 7 7 1 1 1 1 7 7 1 1 1 1 5 5 1 1 1 1 19 19 1 1 1 1 23 23 13 13 1 1 1 1 3 3 1 1 1 1 40 40 1 1 1 1 31 31 1 1 1 1 18 18 1 1 1 1 10 10 1 1 1 1 84 84 1 1 1 1 14 14 1 1 1 1 1 1 1 1 59 59 1 1 1 1 16 16 1 1 1 1 49 49 1 1 1 1 8 8 1 1 1 1 27 27 1 1 1 1 39 39 1 1 1 1 4 4 1 1 1 1 6 6 1 1 1 1 31 31 1 1 1 1 40 40 1 1 5 5 1 1 1 1 107 107 1 1 1 1 7 7 1 1 1 1 8 8 1 1 1 1 22 22 2 2 3 3 4 4 1 1 1 1 17 17 1 1 1 1 18 18 1 1 1 1 10 10 1 1 1 1 7 7 1 1 1 1 12 12 1 1 1 1 7 7 1 1 1 1 15 15 1 1 1 1 14 14 1 1 1 1 52 52 1 1 1 1 9 9 1 1 1 1 510 510 1 1 1 1 3 3 1 1 1 1 91 91 1 1 1 1 92 92 1 1 1 1 318 318 1 1 1 1 14 14 1 1 1 1 1 1 1 1 1 1 182 182 1 1 1 1 61 61 1 1 1 1 26 26 1 1 1 1 89 89 1 1 1 1 28 28 1 1 1 1 130 130 1 1 1 1 7 7 1 1 1 1 69 69 1 1 1 1 68 68 1 1 1 1 325 325 1 1 1 1 1 1 1 1 1 1 151 151 1 1 1 1 18 18 1 1 1 1 12 12 1 1 1 1 113 113 33 33 1 1 1 1 2 2 1 1 1 1 175 175 1 1 1 1 31 31 1 1 38 38 1 1 1 1 57 57 1 1 1 1 274 274 1 1 1 1 7 7 1 1 1 1 94 94 1 1 1 1 93 93 1 1 1 1 243 243 1 1 1 1 12 12 1 1 1 1 27 27 1 1 1 1 412 412 1 1 1 1 93 93 1 1 1 1 39 39 1 1 1 1 59 59 1 1 1 1 59 59 1 1 1 1 10 10 1 1 1 1 19 19 1 1 1 1 7 7 1 1 1 1 50 50 1 1 1 1 78 78 1 1 1 1 15 15 1 1 1 1 1 1 46 46 1 1 1 1 15 15 1 1 1 1 5 5 1 1 1 1 29 29 1 1 1 1 13 13 1 1 1 1 107 107 1 1 1 1 17 17 1 1 1 1 17 17 1 1 1 1 27 27 1 1 1 1 117 117 1 1 1 1 34 34 1 1 1 1 9 9 1 1 1 1 7 7 1 1 1 1 14 14 1 1 1 1 3 3 2 2 2 2 8 8 1 1 1 1 71 71 1 1 1 1 40 40 1 1 1 1 5 5 1 1 1 1 21 21 1 1 1 1 63 63 1 1 1 1 12 12 1 1 1 1 7 7 1 1 1 1 14 14 1 1 1 1 1 1 1 1 51 51 1 1 1 1 6 6 1 1 1 1 14 14 1 1 1 1 23 23 1877 1877 1575 2173 23 1854

4097 4097 22 22 1 1 1 1 43 43 1 1 1 1 1 1 1 1 1 1 14 14 1 1 1 1 28 28 1 1 1 1 70 70 1 1 1 1 62 62 1 1 1 1 3 3 1 1 1 1 16 16 1 1 1 1 12 12 1 1 5 5 1 1 1 1 122 122 1 1 1 1 1 1 1 1 1 1 8 8 1 1 1 1 12 12 1 1 1 1 2 2 1 1 1 1 21 21 2 2 2 2 36 36 1 1 1 1 17 17 1 1 1 1 2 2 1 1 1 1 6 6 1 1 1 1 23 23 1 1 1 1 52 52 1 1 1 1 9 9 1 1 1 1 74 74 1 1 1 1 100 100 1 1 1 1 8 8 1 1 1 1 39 39 1 1 1 1 130 130 1 1 1 1 104 104 1 1 1 1 9 9 1 1 1 1 16 16 1 1 1 1 25 25 1 1 1 1 15 15 1 1 1 1 46 46 1 1 1 1 21 21 1 1 1 1 83 83 1 1 1 1 11 11 1 1 1 1 33 33 1 1 1 1 51 51 1 1 1 1 11 11 1 1 1 1 71 71 342 342 6 6 1 1 1 1 19 19 1 1 1 1 23 23 1 1 1 1 9 9 7 7 1 1 1 1 1 1 2 2 1 1 1 1 10 10 1 1 1 1 30 30 1 1 1 1 7 7 1 1 1 1 5 5 1 1 1 1 8 8 1 1 1 1 3 3 1 1 1 1 14 14 1 1 1 1 28 28 1 1 1 1 3 3 1 1 1 1 2 2 1 1 1 1 23 23 1 1 1 1 13 13 1 1 1 1 8 8 1 1 1 1 27 27 1 1 1 1 1 1 1 1 1 1 22 22 1 1 1 1 4 4 1 1 1 1 36 36 1 1 1 1 22 22 1 1 1 1 19 19 1 1 1 1 14 14 1 1 1 1 1 1 1 1 59 59 1 1 1 1 5 5 1 1 1 1 10 10 1 1 1 1 28 28 1 1 1 1 19 19 1 1 1 1 1 1 1 1 8 8 1 1 1 1 3 3 1 1 1 1 8 8 1 1 1 1 59 59 1 1 1 1 6 6 1 1 1 1 31 31 1 1 1 1 1 1 1 1 1 1 8 8 1 1 1 1 32 32 1 1 2 2 1 1 1 1 9 9 1 1 1 1 4 4 1 1 1 1 65 65 1 1 1 1 2 2 1 1 1 1 1 1 40 40 1 1 1 1 3 3 2 2 2 2 2 2 1 1 1 1 1 1 91 91 1 1 1 1 12 12 1 1 1 1 5 5 1 1 1 1 147 147 1 1 1 1 8 8 1 1 1 1 21 21 1876 1876 2 2 1 1 1 1 5 5 1 1 1 1 78 78 1 1 1 1 39 39 1 1 1875 1875 1 1 125 125 1 1 1 1 4 4 1 1 1 1 114 114 1 1 1 1 16 16 1 1 1 1 20 20 1 1 1 1 4 4 1 1 1 1 15 15 1 1 1 1 18 18 1 1 1 1 38 38 1 1 1 1 10 10 1 1 1 1 429 429 1 1 1 1 194 194 1 1 1 1 152 152 1 1 1 1 19 19 1 1 1 1 37 37 1 1 1 1 30 30 1 1 1 1 2 2 1 1 1 1 37 37 1 1 1 1 6 6 1 1 1 1 9 9 1 1 1 1 57 57 1 1 1 1 10 10 1 1 1 1 3 3 1 1 1 1 1 1 1 1 11 11 1 1 1 1 18 18 1 1 1 1 2 2 1 1 1 1 42 42 1 1 1 1 30 30 3 3 3 3 6 6 1 1 1 1 4 4 2 2 2 2 2 2 1 1 1 1 10 10 1 1 1 1 26 26 1 1 1 1 10 10 1 1 1 1 38 38 1 1 1 1 2 2 1 1 1 1 43 43 1 1 1 1 6 6 1 1 1 1 13 13 1 1 1 1 1 1 1 1 1 1 4 4 1 1 5 5 1 1 1 1 1 1 2 2 2 2 14 14 1 1 1 1 67 67 1 1 1 1 32 32 1 1 1 1 5 5 1 1 1 1 3 3 1 1 1 1 5 5 13 13 1 1 1 1 1 1 1 1 1 1 1 1 1 1 20 20 1 1 1 1 1 1 1 1 5 5 1 1 1 1 27 27 1 1 1 1 2 2 1 1 1 1 20 20 1 1 1 1 2 2 1 1 1 1 3 3 1 1 1 1 15 15 1 1 1 1 7 7 1 1 1 1 15 15 1 1 1 1 15 15 1 1 1 1 19 19 1 1 1 1 1 1 1 1 9 9 1 1 1 1 38 38 1 1 1 1 33 33 1 1 1 1 15 15 1 1 1 1 41 41 1 1 1 1 11 11 1 1 1 1 6 6 1 1 1 1 6 6 1 1 1 1 27 27 1 1 1 1 17 17 1 1 1 1 1 1 1 1 2 2 1 1 1 1 15 15 1 1 1 1 1 1 1 1 1 1 5 5 1 1 1 1 60 60 1 1 1 1 23 23 1 1 1 1 20 20 1 1 1 1 6 6 3 3 3 3 9 9 1 1 1 1 9 9 1 1 1 1 9 9 1 1 1 1 19 19 1 1 1 1 4 4 1 1 1 1 14 14 1 1 1 1 54 54 1 1 1 1 4 4 1 1 1 1 11 11 1 1 1 1 20 20 1 1 1 1 4 4 1 1 1 1 6 6 1 1 1 1 8 8 1 1 1 1 11 11 1 1 1 1 20 20 1 1 1 1 4 4 1 1 1 1 8 8 1 1 1 1 10 10 1 1 1 1 10 10 1 1 1 1 10 10 1 1 1 1 24 24 1 1 1 1 27 27 1 1 1 1 4 4 1 1 1 1 1 1 1 1 30 30 1 1 1 1 27 27 1 1 1 1 14 14 1 1 1 1 34 34 1 1 1 1 1 1 1 1 1 1 42 42 1 1 45 45 1 1 1 1 4 4 1 1 1 1 2 2 1 1 1 1 5 5 1 1 1 1 19 19 1 1 1 1 6 6 1 1 1 1 10 10 1 1 1 1 10 10 1 1 1 1 1 1 2 2 1 1 1 1 10 10 1 1 1 1 16 16 1 1 1 1 13 13 1 1 1 1 1 1 1 1 6 6 1 1 1 1 5 5 1 1 1 1 8 8 1 1 1 1 3 3 1 1 1 1 14 14 1 1 1 1 28 28 1 1 1 1 3 3 1 1 1 1 2 2 1 1 1 1 37 37 1 1 1 1 8 8 1 1 1 1 4 4 1 1 1 1 19 19 1 1 1 1 2 2 1 1 1 1 24 24 1 1 1 1 4 4 1 1 1 1 36 36 1 1 1 1 42 42 1 1 1 1 8 8 1 1 1 1 5 5 1 1 1 1 1 1 1 1 48 48 8 8 3 3 1 1 1 1 5 5 1 1 1 1 10 10 1 1 1 1 16 16 1 1 1 1 11 11 1 1 1 1 19 19 1 1 1 1 1 1 1 1 8 8 1 1 1 1 12 12 1 1 1 1 59 59 1 1 1 1 6 6 1 1 1 1 17 17 1 1 1 1 13 13 1 1 1 1 1 1 1 1 1 1 8 8 1 1 1 1 30 30 1 1 1 1 1 1 1 1 2 2 1 1 1 1 9 9 1 1 1 1 4 4 1 1 1 1 65 65 1 1 1 1 2 2 1 1 1 1 1 1 40 40 1 1 1 1 3 3 2 2 2 2 2 2 1 1 1 1 14 14 2 2 1 1 2 2 1 1 2 2 1 1 1 1 1 1 1 1 17 17 1 1 1 1 6 6 1 1 1 1 11 11 1 1 1 1 10 10 1 1 1 1 4 4 1 1 1 1 2 2 1 1 1 1 12 12 1 1 1 1 7 7 1 1 1 1 6 6 1 1 1 1 8 8 1 1 1 1 14 14 1 1 1 1 31 31 1 1 1 1 18 18 1 1 1 1 1 1 1 1 1 1 9 9 1 1 1 1 38 38 1 1 1 1 27 27 1 1 1 1 23 23 1 1 1 1 39 39 1 1 1 1 53 53 1 1 1 1 39 39 1 1 1 1 5 5 1 1 1 1 53 53 1 1 1 1 4 4 10 10 1 1 1 1 44 44 2 2 2 2 9 9 1 1 1 1 19 19 1 1 1 1 24 24 1 1 1 1 14 14 1 1 1 1 54 54 1 1 1 1 16 16 1 1 1 1 20 20 1 1 1 1 4 4 1 1 1 1 15 15 1 1 1 1 18 18 1 1 1 1 38 38 1 1 1 1 10 10 1 1 1 1 101 101 1 1 1 1 27 27 1 1 1 1 14 14 1 1 1 1 36 36 1 1 1 1 88 88 1 1 1 1 4 4 1 1 1 1 28 28 1 1 1 1 28 28 1 1 1 1 2 2 1 1 1 1 4 4 1 1 1 1 5 5 1 1 1 1 16 16 1 1 1 1 13 13 1 1 1 1 22 22 1 1 1 1 3 3 1 1 1 1 14 14 1 1 1 1 8 8 1 1 1 1 26 26 1 1 1 1 11 11 1 1 1 1 34 34 1 1 1 1 24 24 1 1 1 1 2 2 1 1 1 1 29 29 1 1 1 1 1 1 1 1 1 1 34 34 1 1 1 1 25 25 1 1 1 1 16 16 1 1 1 1 8 8 1 1 1 1 5 5 1 1 1 1 1 1 1 1 21 21 1 1 8 8 1 1 1 1 18 18 1 1 1 1 6 6 16 16 1 1 1 1 32 32 1 1 1 1 6 6 342 342 4 4 1 1 1 1 4 4 2 2 2 2 2 2 1 1 1 1 8 8 1 1 1 1 1 1 1 1 1 1 11 11 1 1 1 1 25 25 1 1 1 1 38 38 1 1 1 1 2 2 1 1 1 1 41 41 1 1 1 1 1 1 1 1 1 1 6 6 1 1 1 1 13 13 1 1 1 1 1 1 1 1 1 1 7 7 1 1 2 2 1 1 1 1 1 1 1 1 1 1 1 1 1 1 2 2 14 14 1 1 1 1 67 67 1 1 1 1 8 8 1 1 1 1 1 1 1 1 22 22 1 1 1 1 5 5 1 1 1 1 3 3 1 1 1 1 4 4 1 1 1 1 13 13 1 1 1 1 1 1 2 2 2 2 3 3 1 1 1 1 17 17 1 1 1 1 4 4 1 1 1 1 13 13 1 1 1 1 2 2 1 1 1 1 38 38 1 1 1 1 19 19 1 1 1 1 59 59 1 1 1 1 14 14 1 1 1 1 13 13 1 1 1 1 72 72 1 1 1 1 5 5 2 2 2 2 44 44 1 1 1 1 13 13 1 1 1 1 27 27 1 1 1 1 21 21 1 1 1 1 70 70 7 7 1 1 1 1 6 6 1 1 1 1 103 103 1 1 1 1 19 19 1 1 1 1 54 54 1 1 1 1 4 4 1 1 1 1 11 11 1 1 1 1 20 20 1 1 1 1 32 32 1 1 1 1 34 34 1 1 1 1 10 10 1 1 1 1 21 21 1 1 1 1 24 24 1 1 1 1 32 32 1 1 1 1 1 1 1 1 58 58 1 1 1 1 7 7 1 1 1 1 43 43 1 1 1 1 88 88 1 1 1 1 4 4 1 1 1 1 28 28 1 1 1 1 17 17 1 1 1 1 10 10 1 1 1 1 2 2 1 1 1 1 1 1 10 10 1 1 1 1 44 44 1 1 1 1 8 8 1 1 1 1 1 1 1 1 2 2 1 1 1 1 14 14 1 1 1 1 34 34 1 1 1 1 1 1 1 1 37 37 1 1 1 1 8 8 1 1 1 1 27 27 1 1 1 1 29 29 1 1 1 1 36 36 1 1 1 1 42 42 1 1 1 1 14 14 1 1 1 1 1 1 1 1 76 76 1 1 1 1 28 28 1 1 1 1 19 19 1 1 1 1 22 22 1 1 1 1 17 17 1 1 1 1 82 82 1 1 1 1 8 8 1 1 1 1 32 32 1 1 2 2 1 1 1 1 1 1 1 1 1 1 1 1 1 1 6 6 1 1 1 1 4 4 1 1 1 1 65 65 1 1 1 1 2 2 1 1 1 1 11 11 1 1 1 1 24 24 1 1 1 1 3 3 1 1 1 1 3 3 2 2 2 2 2 2 1 1 1 1 1 1 1 1 15 15 1 1 1 1 21 21 1 1 1 1 1 1 1 1 5 5 1 1 1 1 12 12 1 1 1 1 2 2 1 1 1 1 11 11 1 1 1 1 2 2 1 1 1 1 20 20 1 1 1 1 6 6 1 1 1 1 23 23 1 1 1 1 31 31 1 1 1 1 20 20 1 1 1 1 9 9 1 1 1 1 17 17 1 1 1 1 20 20 1 1 1 1 6 6 1 1 1 1 44 44 1 1 1 1 39 39 1 1 1 1 53 53 1 1 1 1 34 34 1 1 1 1 4 4 1 1 1 1 5 5 1 1 1 1 39 39 1 1 1 1 13 13 1 1 1 1 14 14 1 1 1 1 44 44 2 2 2 2 9 9 1 1 1 1 17 17 1 1 1 1 1 1 1 1 1 1 24 24 1 1 1 1 14 14 1 1 1 1 54 54 1 1 1 1 3 3 1 1 1 1 12 12 1 1 1 1 20 20 1 1 1 1 4 4 1 1 1 1 15 15 1 1 1 1 57 57 1 1 1 1 10 10 1 1 1 1 101 101 1 1 1 1 27 27 1 1 1 1 13 13 1 1 1 1 2 2 1 1 36 36 1 1 1 1 88 88 1 1 1 1 1 1 1 1 1 1 2 2 1 1 1 1 6 6 1 1 1 1 21 21 1 1 1 1 28 28 1 1 1 1 2 2 1 1 1 1 10 10 1 1 1 1 16 16 1 1 1 1 6 6 1 1 1 1 5 5 1 1 1 1 1 1 1 1 22 22 1 1 1 1 3 3 1 1 1 1 14 14 1 1 1 1 22 22 1 1 1 1 12 12 1 1 1 1 46 46 1 1 1 1 10 10 1 1 1 1 13 13 1 1 1 1 2 2 1 1 1 1 29 29 1 1 1 1 36 36 1 1 1 1 10 10 1 1 1 1 31 31 1 1 1 1 8 8 1 1 1 1 5 5 1 1 1 1 1 1 1 1 71 71 1 1 1 1 1 1 1 1 32 32 1 1 1 1 15 15 2 2 2 2 2 2 1 1 1 1 22 22 1 1 1 1 100 100 1 1 1 1 8 8 1 1 1 1 24 24 1 1 1 1 7 7 1 1 2 2 1 1 1 1 1 1 1 1 1 1 1 1 1 1 1 1 1 1 1 1 5 5 1 1 1 1 4 4 1 1 1 1 2 2 1 1 1 1 62 62 1 1 1 1 2 2 1 1 1 1 11 11 1 1 1 1 22 22 1 1 1 1 5 5 1 1 1 1 3 3 2 2 2 2 2 2 1 1 1 1 1 1 1 1 13 13 1 1 1 1 1 1 1 1 1 1 21 21 1 1 1 1 1 1 1 1 4 4 1 1 1 1 1 1 1 1 12 12 1 1 1 1 2 2 1 1 1 1 35 35 1 1 1 1 2 2 1 1 1 1 59 59 1 1 1 1 48 48 1 1 1 1 72 72 1 1 1 1 39 39 1 1 1 1 11 11 1 1 1 1 41 41 1 1 1 1 21 21 1 1 1 1 17 17 1 1 1 1 5 5 1 1 1 1 25 25 1 1 1 1 20 20 7 7 1 1 1 1 14 14 1 1 1 1 11 11 2 2 2 2 42 42 1 1 1 1 27 27 1 1 1 1 16 16 1 1 1 1 6 6 1878 1878 2769 1328 20 1858
5789 5789 84 84 1 1 257 257 1 1 1 1 27 27 1 1 1 1 1 1 1 1 1 1 12 12 1 1 1 1 4 4 1 1 1 1 5 5 1 1 6 6 1 1 1 1 65 65 1 1 1 1 53 53 1 1 1 1 1 1 1 1 12 12 1497 1497 4 4 1 1 1 1 1 1 6 6 1 1 1490 1490 180 180 1 1 1 1 1 1 60 60 1 1 1 1 146 146 6 6 6 6 1 1 41 41 1 1 1 1 2 2 1 1 1 1 12 12 1 1 1 1 2 2 1 1 1 1 37 37 1 1 1 1 1 1 2 2 2 2 7 7 1 1 1 1 17 17 1 1 1 1 7 7 1 1 1 1 6 6 1 1 1 1 5 5 1 1 1 1 38 38 1 1 1 1 17 17 1 1 1 1 23 23 1 1 1 1 1 1 3 3 1 1 1 1 8 8 1 1 1 1 25 25 1 1 1 1 25 25 1 1 1 1 11 11 1 1 1 1 5 5 1 1 1 1 66 66 1 1 19 19 1 1 1 1 4 4 1 1 1 1 7 7 1 1 1 1 6 6 1 1 1 1 41 41 1 1 1 1 1 1 1 1 1 1 20 20 1 1 1 1 9 9 6 6 1 1 1 1 5 5 1 1 1 1 7 7 1 1 1 1 7 7 1 1 1 1 2 2 1 1 1 1 4 4 1 1 1 1 1 1 6 6 1 1 1 1 15 15 1 1 1 1 1 1 1 1 1 1 11 11 1 1 1 1 3 3 1 1 1 1 3 3 1 1 1 1 1 1 1 1 1 1 16 16 1 1 1 1 1 1 1 1 1 1 90 90 1 1 1 1 55 55 1 1 1 1 18 18 1 1 1 1 1 1 1 1 1 1 3 3 1 1 1 1 1 1 29 29 1 1 1 1 16 16 1 1 1 1 48 48 1 1 1 1 1 1 28 28 1 1 1 1 10 10 1 1 1 1 12 12 1 1 1 1 21 21 1 1 1 1 4 4 1 1 1 1 1 1 1 1 6 6 1 1 1 1 5 5 1 1 1 1 1 1 1 1 1 1 7 7 1 1 1 1 15 15 1 1 1 1 2 2 1 1 1 1 7 7 1 1 1 1 15 15 1 1 1 1 10 10 1 1 1 1 5 5 1 1 1 1 2 2 1 1 1 1 2 2 1 1 1 1 14 14 1 1 1 1 11 11 1 1 1 1 1 1 1 1 1 1 15 15 1 1 1 1 14 14 1 1 1 1 1 1 1 1 1 1 1 1 7 7 1 1 1 1 14 14 1 1 1 1 14 14 1 1 1 1 1 1 1 1 1 1 2 2 1 1 1 1 7 7 1 1 1 1 11 11 1 1 1 1 21 21 1 1 1 1 13 13 1 1 1 1 34 34 1 1 1 1 1 1 13 13 1 1 1 1 1 1 1 1 1 1 8 8 1 1 1 1 7 7 1 1 1 1 4 4 1 1 1 1 22 22 1 1 1 1 14 14 2 2 1 1 1 1 3 3 1 1 1 1 1 1 1 1 1 1 1 1 7 7 66 66 1 1 1 1 218 218 1 1 1 1 47 47 1 1 1 1 8 8 5634 5634 3214 2420 1945 3844
5789 5789 84 84 1 1 257 257 1 1 1 1 27 27 1 1 1 1 1 1 1 1 1 1 12 12 1 1 1 1 4 4 1 1 1 1 5 5 1 1 6 6 1 1 1 1 65 65 1 1 1 1 53 53 1 1 1 1 1 1 1 1 12 12 1497 1497 4 4 1 1 1 1 1 1 6 6 1 1 1490 1490 180 180 1 1 1 1 1 1 60 60 1 1 1 1 146 146 6 6 6 6 1 1 41 41 1 1 1 1 2 2 1 1 1 1 12 12 1 1 1 1 2 2 1 1 1 1 37 37 1 1 1 1 1 1 2 2 2 2 7 7 1 1 1 1 17 17 1 1 1 1 7 7 1 1 1 1 6 6 1 1 1 1 5 5 1 1 1 1 38 38 1 1 1 1 17 17 1 1 1 1 23 23 1 1 1 1 1 1 3 3 1 1 1 1 8 8 1 1 1 1 25 25 1 1 1 1 25 25 1 1 1 1 11 11 1 1 1 1 5 5 1 1 1 1 66 66 1 1 19 19 1 1 1 1 4 4 1 1 1 1 7 7 1 1 1 1 6 6 1 1 1 1 41 41 1 1 1 1 1 1 1 1 1 1 20 20 1 1 1 1 9 9 6 6 1 1 1 1 5 5 1 1 1 1 7 7 1 1 1 1 7 7 1 1 1 1 2 2 1 1 1 1 4 4 1 1 1 1 1 1 6 6 1 1 1 1 15 15 1 1 1 1 1 1 1 1 1 1 11 11 1 1 1 1 3 3 1 1 1 1 3 3 1 1 1 1 1 1 1 1 1 1 16 16 1 1 1 1 1 1 1 1 1 1 90 90 1 1 1 1 55 55 1 1 1 1 18 18 1 1 1 1 1 1 1 1 1 1 3 3 1 1 1 1 1 1 29 29 1 1 1 1 16 16 1 1 1 1 48 48 1 1 1 1 1 1 28 28 1 1 1 1 10 10 1 1 1 1 12 12 1 1 1 1 21 21 1 1 1 1 4 4 1 1 1 1 1 1 1 1 6 6 1 1 1 1 5 5 1 1 1 1 1 1 1 1 1 1 7 7 1 1 1 1 15 15 1 1 1 1 2 2 1 1 1 1 7 7 1 1 1 1 15 15 1 1 1 1 10 10 1 1 1 1 5 5 1 1 1 1 2 2 1 1 1 1 2 2 1 1 1 1 14 14 1 1 1 1 11 11 1 1 1 1 1 1 1 1 1 1 15 15 1 1 1 1 14 14 1 1 1 1 1 1 1 1 1 1 1 1 7 7 1 1 1 1 14 14 1 1 1 1 14 14 1 1 1 1 1 1 1 1 1 1 2 2 1 1 1 1 7 7 1 1 1 1 11 11 1 1 1 1 21 21 1 1 1 1 13 13 1 1 1 1 34 34 1 1 1 1 1 1 13 13 1 1 1 1 1 1 1 1 1 1 8 8 1 1 1 1 7 7 1 1 1 1 4 4 1 1 1 1 22 22 1 1 1 1 14 14 2 2 1 1 1 1 3 3 1 1 1 1 1 1 1 1 1 1 1 1 7 7 66 66 1 1 1 1 218 218 1 1 1 1 47 47 1 1 1 1 8 8 5634 5634 3523 2111 1822 3967
258 258 1 1 1 1 15 15 1 1 7 7 1 1 34 34 1 1 1 1 128 128 2 2 2 2 103 103 1 1 1 1 34 34 1 1 1 1 28 28 479 479 6 6 1 1 1 1 6 6 1 1 1 1 100 100 1 1 1 1 43 43 1 1 1 1 56 56 1 1 1 1 27 27 1 1 1 1 20 20 1 1 1 1 20 20 1 1 1 1 1 1 1 1 1 1 19 19 12 12 1 1 1 1 21 21 1 1 1 1 13 13 1 1 1 1 142 142 1 1 1 1 159 159 1 1 1 1 179 179 1 1 1 1 52 52 1 1 1 1 2 2 1 1 1 1 7 7 1 1 1 1 45 45 1 1 1 1 88 88 129 129 2 2 16 16 1 1 1 1 30 30 1 1 1 1 248 248 1 1 1 1 130 130 1 1 1 1 248 248 193 55 86 172
410 410 1 1 1 1 1 1 1 1 64 64 1 1 1 1 67 67 2 2 14 14 1 1 1 1 1 1 1 1 1 1 1 1 232 232 13 13 12 12 1 1 1 1 42 42 1 1 1 1 39 39 1 1 1 1 33 33 1 1 95 95 1 1 1 1 33 33 1 1 1 1 64 64 1 1 1 1 43 43 1 1 1 1 7 7 1 1 1 1 194 194 1 1 1 1 194 194 3 3 240 240 165 75 130 280
223 223 4 4 2 2 4 4 4 4 1 1 1 1 3 3 1 1 1 1 8 8 2 2 4 4 3 3 3 3 1 1 8 8 3 3 1 1 1 1 2 2 1 1 1 1 20 20 1 1 1 1 3 3 2 2 3 3 8 8 25 25 4 4 4 4 4 4 35 35 8 8 4 4 4 4 4 4 3 3 1 1 1 1 3 3 1 1 1 1 3 3 1 1 1 1 15 15 1 1 1 1 14 14 2 2 63 63 1 1 1 1 1 1 14 14 1 1 5 5 5 5 5 5 5 5 3 3 2 2 1 1 2 2 1 1 1 1 1 1 1 1 1 1 2 2 1 1 1 1 1 1 1 1 1 1 75 75 1 1 1 1 410 410 247 163 122 101
192 192 1 1 1 1 14 14 1 1 1 1 27 27 1 1 1 1 41 41 1 1 1 1 52 52 1 1 1 1 10 10 1 1 1 1 59 59 1 1 1 1 12 12 1 1 1 1 1 1 21 21 1 1 1 1 106 106 4 4 9 9 1 1 1 1 120 120 1 1 1 1 70 70 1 1 1 1 1 1 57 57 1 1 1 1 2 2 1 1 1 1 83 83 1 1 1 1 113 113 1 1 1 1 1 1 1 1 125 125 1 1 1 1 94 94 1 1 1 1 18 18 1 1 165 165 3 3 3 3 6 6 80 80 1 1 1 1 80 80 1 1 78 78 1 1 88 88 1 1 1 1 59 59 1 1 1 1 87 87 1 1 1 1 63 63 1 1 1 1 65 65 8 8 197 197 115 77 29 168
145 145 1 1 1 1 10 10 1 1 1 1 1 1 1 1 1 1 4 4 1 1 1 1 3 3 1 1 314 314 1 1 1 1 16 16 1 1 1 1 19 19 1 1 1 1 77 77 1 1 1 1 25 25 1 1 1 1 13 13 2 2 68 68 1 1 1 1 29 29 1 1 1 1 107 107 1 1 1 1 106 106 1 1 1 1 30 30 1 1 1 1 124 124 1 1 1 1 87 87 1 1 1 1 38 38 5 5 19 19 5 5 5 5 164 164 95 50 69 95
224 224 1 1 1 1 69 69 1 1 1 1 61 61 1 1 1 1 3 3 1 1 1 1 53 53 45 45 31 31 115 115 1 1 1 1 30 30 1 1 1 1 62 62 1 1 1 1 50 50 1 1 1 1 347 347 1 1 1 1 110 110 1 1 1 1 252 252 1 1 1 1 288 288 1 1 1 1 3 3 1 1 1 1 86 86 1 1 1 1 11 11 1 1 1 1 10 10 1 1 1 1 39 39 1 1 1 1 135 135 199 25 40 95
87 87 1 1 1 1 29 29 1 1 1 1 14 14 1 1 175 175 1 1 1 1 37 37 1 1 1 1 34 34 1 1 1 1 200 200 2 2 2 2 28 28 4 4 18 18 4 4 195 195 2 2 47 47 1 1 1 1 51 51 4 4 146 146 1 1 1 1 46 46 1 1 1 1 38 38 1 1 1 1 1 1 1 1 6 6 1 1 7 7 13 13 2 2 2 2 2 2 89 89 4 4 9 9 1 1 3 3 1 1 3 3 34 34 8 8 13 13 1 1 1 1 52 52 1 1 1 1 79 79 1 1 1 1 61 61 1 1 1 1 71 71 1 1 1 1 1 1 1 1 1 1 226 226 134 92 25 62
71 71 1 1 1 1 18 18 1 1 1 1 228 228 1 1 1 1 68 68 1 1 1 1 68 68 1 1 1 1 28 28 1 1 1 1 32 32 1 1 1 1 71 71 2 2 86 86 1 1 1 1 40 40 1 1 1 1 11 11 4 4 1 1 1 1 6 6 1 1 1 1 79 79 4 4 44 44 2 2 58 58 1 1 1 1 18 18 24 24 87 87 1 1 1 1 1 1 1 1 55 55 1 1 1 1 7 7 1 1 50 50 1 1 1 1 227 227 1 1 1 1 58 58 1 1 1 1 36 36 4 4 43 43 1 1 1 1 31 31 4 4 2 2 2 2 2 2 131 131 1 1 1 1 174 174 1 1 1 1 9 9 1 1 1 1 108 108 1 1 1 1 140 140 1 1 1 1 91 91 1 1 1 1 255 255 54 17 28 227
173 173 1 1 1 1 21 21 1 1 106 106 1 1 1 1 35 35 1 1 1 1 76 76 4 4 45 45 2 2 4 4 2 2 2 2 2 2 4 4 52 52 1 1 1 1 14 14 1 1 1 1 1 1 7 7 1 1 1 1 1 1 1 1 8 8 2 2 53 53 4 4 1 1 1 1 3 3 4 4 4 4 2 2 1 1 1 1 42 42 1 1 1 1 92 92 2 2 45 45 1 1 1 1 2 2 1 1 3 3 1 1 12 12 1 1 1 1 19 19 2 2 18 18 4 4 140 140 4 4 113 113 2 2 89 89 1 1 1 1 2 2 1 1 1 1 38 38 3 3 81 81 1 1 1 1 50 50 1 1 1 1 25 25 1 1 1 1 38 38 1 1 1 1 240 240 1 1 1 1 126 126 99 27 83 90
172 172 1 1 1 1 1 1 1 1 92 92 1 1 1 1 390 390 76 96 129 261

240 240 1 1 1 1 232 232 1 1 1 1 144 144 1 1 1 1 78 78 1 1 1 1 174 174 1 1 1 1 90 90 1 1 1 1 38 38 1 1 1 1 73 73 1 1 1 1 215 215 1 1 1 1 26 26 1 1 1 1 128 128 102 26 47 193
448 448 1 1 1 1 10 10 1 1 1 1 39 39 1 1 1 1 79 79 1 1 1 1 36 36 1 1 1 1 54 54 1 1 1 1 114 114 1 1 1 1 171 171 152 19 240 208
182 182 1 1 1 1 101 101 1 1 1 1 282 282 1 1 1 1 19 19 1 1 1 1 64 64 1 1 1 1 88 88 1 1 1 1 59 59 1 1 1 1 5 5 1 1 1 1 9 9 1 1 1 1 40 40 1 1 1 1 199 199 1 1 1 1 85 85 1 1 1 1 69 69 1 1 184 184 164 20 70 112
363 363 1 1 1 1 85 85 1 1 1 1 6 6 1 1 1 1 27 27 1 1 1 1 57 57 1 1 1 1 20 20 1 1 1 1 105 105 1 1 1 1 9 9 1 1 1 1 1 1 1 1 1 1 61 61 1 1 1 1 69 69 1 1 1 1 34 34 1 1 2 2 1 1 1 1 19 19 1 1 1 1 66 66 1 1 1 1 150 150 1 1 1 1 48 48 1 1 1 1 107 107 1 1 1 1 6 6 1 1 1 1 31 31 1 1 16 16 1 1 1 1 29 29 3 3 60 60 1 1 1 1 1 1 1 1 1 1 57 57 1 1 1 1 14 14 1 1 1 1 67 67 1 1 1 1 83 83 1 1 1 1 174 174 1 1 1 1 76 76 1 1 1 1 88 88 1 1 1 1 13 13 1 1 1 1 125 125 312 51 58 67
230 230 1 1 1 1 27 27 1 1 1 1 163 163 1 1 1 1 20 20 1 1 1 1 43 43 1 1 1 1 122 122 1 1 1 1 108 108 1 1 1 1 1 1 1 1 1 1 1 1 81 81 1 1 1 1 159 159 1 1 1 1 177 177 1 1 1 1 15 15 1 1 1 1 75 75 1 1 1 1 116 116 1 1 1 1 63 63 1 1 1 1 23 23 1 1 1 1 43 43 1 1 1 1 23 23 1 1 1 1 44 44 1 1 1 1 5 5 1 1 1 1 122 122 1 1 1 1 37 37 1 1 1 1 32 32 1 1 1 1 37 37 1 1 1 1 13 13 1 1 1 1 59 59 1 1 1 1 8 8 1 1 1 1 1 1 1 1 80 80 1 1 1 1 15 15 1 1 1 1 69 69 1 1 1 1 19 19 1 1 1 1 95 95 1 1 1 1 12 12 1 1 1 1 1 1 1 1 35 35 1 1 1 1 68 68 1 1 1 1 29 29 1 1 1 1 82 82 1 1 1 1 57 57 1 1 1 1 10 10 1 1 1 1 2 2 1 1 1 1 22 22 1 1 1 1 6 6 1 1 1 1 1 1 1 1 85 85 2 2 4 4 2 2 2 2 2 2 2 2 2 2 2 2 2 2 2 2 27 27 1 1 1 1 29 29 1 1 1 1 6 6 1 1 1 1 1 1 1 1 8 8 1 1 1 1 83 83 1 1 1 1 80 80 1 1 1 1 7 7 1 1 1 1 239 239 213 26 146 84
192 192 1 1 1 1 69 69 1 1 1 1 66 66 1 1 1 1 299 299 1 1 1 1 83 83 1 1 1 1 51 51 1 1 1 1 184 184 1 1 1 1 63 63 1 1 1 1 123 123 1 1 1 1 200 200 1 1 1 1 26 26 1 1 1 1 74 74 1 1 1 1 379 379 1 1 67 67 1 1 1 1 7 7 1 1 1 1 8 8 1 1 1 1 29 29 1 1 1 1 1 1 1 1 1 1 2 2 1 1 1 1 63 63 1 1 1 1 71 71 1 1 1 1 89 89 1 1 1 1 2 2 1 1 1 1 2 2 1 1 1 1 39 39 1 1 1 1 2 2 2 2 2 2 57 57 1 1 1 1 30 30 1 1 1 1 55 55 1 1 1 1 10 10 1 1 1 1 67 67 1 1 1 1 74 74 1 1 1 1 134 134 1 1 1 1 46 46 1 1 1 1 43 43 1 1 1 1 90 90 1 1 1 1 11 11 1 1 1 1 106 106 1 1 1 1 118 118 1 1 1 1 81 81 1 1 1 1 123 123 1 1 1 1 35 35 1 1 1 1 33 33 1 1 1 1 20 20 1 1 1 1 4 4 1 1 1 1 22 22 1 1 1 1 96 96 1 1 1 1 1 1 1 1 1 1 140 140 1 1 1 1 56 56 1 1 1 1 76 76 1 1 1 1 433 433 137 296 123 69
153 153 1 1 1 1 26 26 1 1 1 1 71 71 1 1 1 1 22 22 1 1 1 1 41 41 1 1 1 1 42 42 1 1 1 1 25 25 1 1 1 1 78 78 1 1 1 1 66 66 1 1 1 1 51 51 1 1 1 1 382 382 1 1 1 1 188 188 151 37 75 78
174 174 1 1 1 1 87 87 1 1 1 1 23 23 1 1 1 1 65 65 1 1 1 1 171 171 1 1 1 1 2 2 1 1 1 1 61 61 1 1 1 1 39 39 1 1 1 1 4 4 1 1 1 1 54 54 1 1 1 1 76 76 1 1 1 1 153 153 113 40 78 96
360 360 1 1 1 1 125 125 1 1 1 1 1 1 1 1 22 22 1 1 1 1 20 20 1 1 1 1 30 30 1 1 1 1 46 46 1 1 1 1 156 156 1 1 1 1 150 150 1 1 1 1 58 58 1 1 1 1 119 119 2 2 2 2 2 2 25 25 1 1 1 1 34 34 1 1 1 1 71 71 1 1 1 1 126 126 1 1 1 1 18 18 1 1 1 1 3 3 1 1 1 1 47 47 4 4 64 64 1 1 1 1 179 179 1 1 1 1 110 110 2 2 2 2 25 25 1 1 1 1 160 160 1 1 1 1 30 30 1 1 1 1 58 58 1 1 1 1 5 5 1 1 1 1 5 5 1 1 1 1 25 25 1 1 1 1 19 19 1 1 1 1 143 143 20 20 1 1 1 1 44 44 1 1 1 1 2 2 1 1 1 1 15 15 2 2 3 3 3 3 1 1 1 1 16 16 1 1 1 1 164 164 1 1 1 1 35 35 1 1 1 1 58 58 1 1 28 28 1 1 1 1 1 1 104 104 1 1 1 1 64 64 1 1 1 1 16 16 1 1 1 1 193 193 1 1 1 1 186 186 1 1 1 1 11 11 1 1 1 1 15 15 1 1 1 1 60 60 1 1 1 1 80 80 1 1 1 1 29 29 1 1 1 1 86 86 1 1 1 1 24 24 1 1 1 1 85 85 1 1 1 1 34 34 1 1 1 1 54 54 1 1 1 1 174 174 85 89 164 196
386 386 1 1 1 1 68 68 1 1 1 1 98 98 1 1 1 1 122 122 1 1 1 1 131 131 1 1 1 1 148 148 1 1 1 1 72 72 1 1 1 1 104 104 1 1 1 1 25 25 1 1 1 1 120 120 1 1 1 1 144 144 1 1 1 1 58 58 1 1 1 1 561 561 1 1 1 1 276 276 1 1 1 1 3 3 1 1 1 1 415 415 224 191 60 326
216 216 1 1 1 1 15 15 1 1 1 1 17 17 1 1 1 1 14 14 1 1 1 1 117 117 1 1 1 1 44 44 1 1 1 1 27 27 1 1 1 1 38 38 1 1 1 1 1 1 1 1 1 1 55 55 1 1 1 1 2 2 1 1 1 1 5 5 1 1 1 1 3 3 1 1 1 1 11 11 1 1 1 1 33 33 1 1 1 1 27 27 1 1 1 1 1 1 16 16 1 1 1 1 21 21 1 1 1 1 76 76 1 1 1 1 61 61 1 1 1 1 157 157 1 1 1 1 4 4 1 1 1 1 260 260 1 1 1 1 1 1 15 15 1 1 1 1 1 1 1 1 1 1 1 1 1 1 1 1 1 1 1 1 1 1 1 1 2 2 2 2 2 2 6 6 2 2 2 2 2 2 6 6 1 1 1 1 1 1 1 1 1 1 74 74 2 2 2 2 1 1 1 1 1 1 1 1 1 1 1 1 16 16 1 1 1 1 43 43 1 1 1 1 4 4 1 1 1 1 41 41 1 1 1 1 17 17 1 1 1 1 226 226 1 1 1 1 104 104 1 1 1 1 146 146 1 1 1 1 57 57 1 1 1 1 71 71 1 1 1 1 109 109 1 1 1 1 119 119 1 1 1 1 347 347 254 93 54 162
208 208 1 1 42 42 1 1 1 1 105 105 1 1 1 1 31 31 1 1 1 1 66 66 1 1 1 1 357 357 1 1 1 1 121 121 1 1 1 1 59 59 1 1 1 1 12 12 3 3 79 79 91 91 1 1 1 1 216 216 168 48 76 132
193 193 1 1 1 1 57 57 1 1 1 1 54 54 1 1 1 1 31 31 1 1 1 1 49 49 1 1 1 1 55 55 1 1 1 1 94 94 1 1 1 1 30 30 1 1 1 1 71 71 1 1 1 1 129 129 1 1 1 1 113 113 1 1 1 1 1 1 1 1 1 1 34 34 1 1 1 1 138 138 1 1 1 1 31 31 1 1 1 1 392 392 32 360 24 169
147 147 1 1 2 2 1 1 1 1 24 24 1 1 1 1 116 116 1 1 1 1 159 159 1 1 1 1 90 90 1 1 1 1 90 90 1 1 1 1 37 37 1 1 1 1 13 13 1 1 1 1 160 160 1 1 1 1 277 277 161 116 26 121
212 212 1 1 1 1 1 1 14 14 1 1 1 1 1 1 1 1 18 18 1 1 1 1 14 14 1 1 1 1 13 13 1 1 1 1 97 97 1 1 1 1 8 8 1 1 1 1 44 44 1 1 1 1 36 36 1 1 1 1 3 3 1 1 1 1 51 51 1 1 1 1 1 1 1 1 67 67 1 1 1 1 146 146 1 1 1 1 440 440 378 62 38 174
384 384 2 2 2 2 4 4 40 40 2 2 2 2 2 2 2 2 2 2 2 2 2 2 2 2 2 2 2 2 53 53 1 1 1 1 1 1 1 1 2 2 1 1 17 17 1 1 1 1 114 114 1 1 1 1 370 370 1 1 1 1 32 32 1 1 1 1 26 26 1 1 1 1 44 44 1 1 1 1 254 254 1 1 1 1 40 40 1 1 1 1 14 14 1 1 1 1 21 21 1 1 1 1 40 40 1 1 1 1 148 148 1 1 1 1 22 22 1 1 1 1 129 129 1 1 1 1 26 26 1 1 1 1 38 38 1 1 1 1 14 14 1 1 1 1 140 140 1 1 1 1 73 73 1 1 1 1 226 226 1 1 1 1 140 140 1 1 1 1 205 205 1 1 1 1 212 212 158 54 130 254
237 237 1 1 1 1 30 30 1 1 1 1 13 13 1 1 1 1 340 340 1 1 1 1 308 308 1 1 1 1 45 45 1 1 1 1 3 3 1 1 1 1 30 30 1 1 1 1 2 2 1 1 1 1 8 8 1 1 1 1 24 24 1 1 1 1 241 241 1 1 1 1 8 8 1 1 1 1 112 112 2 2 2 2 92 92 1 1 1 1 228 228 1 1 1 1 31 31 1 1 73 73 1 1 1 1 222 222 174 48 44 193
245 245 1 1 1 1 1 1 1 1 1 1 110 110 1 1 68 68 1 1 1 1 3 3 2 2 8 8 1 1 1 1 42 42 2 2 2 2 103 103 2 2 2 2 2 2 2 2 51 51 2 2 25 25 2 2 2 2 2 2 2 2 2 2 53 53 1 1 1 1 12 12 1 1 1 1 73 73 44 29 30 215
233 233 1 1 1 1 5 5 1 1 1 1 44 44 1 1 1 1 33 33 1 1 114 114 1 1 1 1 2 2 14 14 18 18 1 1 1 1 69 69 32 37 67 166
150 150 1 1 1 1 77 77 1 1 24 24 1 1 1 1 94 94 1 1 1 1 6 6 1 1 1 1 7 7 1 1 1 1 25 25 1 1 1 1 22 22 1 1 1 1 5 5 1 1 1 1 81 81 1 1 1 1 48 48 1 1 1 1 82 82 1 1 1 1 174 174 1 1 1 1 1 1 2 2 1 1 1 1 193 193 1 1 1 1 1 1 134 134 1 1 1 1 73 73 1 1 1 1 40 40 1 1 1 1 335 335 1 1 1 1 312 312 1 1 1 1 75 75 1 1 1 1 225 225 1 1 1 1 21 21 1 1 1 1 81 81 1 1 1 1 419 419 1 1 1 1 14 14 1 1 1 1 139 139 1 1 1 1 210 210 1 1 1 1 23 23 1 1 1 1 103 103 1 1 1 1 46 46 1 1 1 1 114 114 2 2 2 2 2 2 2 2 2 2 2 2 2 2 120 120 1 1 1 1 138 138 1 1 1 1 66 66 1 1 1 1 17 17 1 1 1 1 480 480 458 22 58 92
205 205 1 1 1 1 212 212 1 1 1 1 1 1 14 14 1 1 1 1 1 1 1 1 18 18 1 1 1 1 14 14 1 1 1 1 13 13 1 1 1 1 97 97 1 1 1 1 8 8 1 1 1 1 44 44 1 1 1 1 36 36 1 1 1 1 3 3 1 1 1 1 51 51 1 1 1 1 1 1 1 1 67 67 1 1 1 1 146 146 117 29 26 179
173 173 1 1 1 1 20 20 1 1 1 1 409 409 1 1 1 1 34 34 3 3 41 41 1 1 1 1 1 1 1 1 63 63 1 1 1 1 76 76 1 1 1 1 127 127 1 1 1 1 44 44 1 1 1 1 20 20 1 1 1 1 118 118 1 1 1 1 123 123 1 1 1 1 8 8 1 1 1 1 134 134 1 1 1 1 279 279 1 1 1 1 1 1 1 1 1 1 32 32 1 1 1 1 25 25 1 1 1 1 24 24 1 1 1 1 3 3 1 1 1 1 130 130 112 18 31 142
1360 1360 5 5 1 1 1 1 9 9 1 1 1 1 1 1 1 1 20 20 1 1 1 1 4 4 1 1 1 1 1 1 1 1 6 6 1 1 1 1 1 1 1 1 1 1 15 15 1 1 1 1 11 11 1 1 1 1 30 30 1 1 1 1 2 2 1 1 1 1 1 1 1 1 1 1 11 11 1 1 1 1 14 14 1 1 1 1 21 21 1 1 1 1 21 21 1 1 1 1 10 10 1 1 1 1 6 6 1 1 1 1 13 13 1 1 1 1 10 10 1 1 1 1 10 10 1 1 1 1 7 7 1 1 1 1 11 11 1 1 1 1 17 17 1 1 1 1 2 2 1 1 1 1 35 35 1 1 1 1 10 10 1 1 1 1 6 6 1 1 1 1 9 9 1 1 1 1 4 4 2 2 2 2 9 9 1 1 1 1 13 13 1 1 1 1 4 4 1 1 1 1 8 8 1 1 1 1 19 19 1 1 1 1 6 6 1 1 1 1 11 11 1 1 1 1 3 3 1 1 1 1 11 11 1 1 1 1 4 4 1 1 1 1 10 10 1 1 1 1 16 16 2 2 2 2 8 8 1 1 1 1 49 49 1 1 1 1 1 1 1 1 1 1 20 20 1 1 1 1 5 5 1 1 1 1 12 12 1 1 1 1 5 5 1 1 1 1 9 9 1 1 1 1 3 3 1 1 1 1 1 1 1 1 1 1 1 1 16 16 1 1 1 1 8 8 1 1 1 1 18 18 1 1 1 1 1 1 1 1 32 32 1 1 1 1 29 29 1 1 1 1 9 9 1 1 1 1 1 1 1 1 1 1 3 3 1 1 1 1 4 4 1 1 1 1 13 13 1 1 1 1 1 1 1 1 1 1 26 26 1 1 1 1 2 2 1 1 1 1 2 2 1 1 1 1 2 2 1 1 1 1 6 6 1 1 1 1 11 11 1 1 1 1 1 1 66 66 1 1 1 1 4 4 1 1 1 1 58 58 1 1 1 1 100 100 1 1 1 1 5 5 1 1 1 1 18 18 1 1 1 1 27 27 1 1 1 1 6 6 1 1 1 1 34 34 1 1 1 1 9 9 2 2 1 1 1 1 5 5 1 1 1 1 7 7 1 1 1 1 5 5 1 1 1 1 1 1 1 1 1 1 6 6 1 1 1 1 1 1 1 1 8 8 1 1 1 1 1 1 1 1 12 12 1 1 1 1 7 7 1 1 1 1 4 4 1 1 1 1 2 2 1 1 1 1 2 2 1 1 1 1 1 1 1 1 1 1 4 4 1 1 1 1 2 2 1 1 1 1 2 2 1 1 1 1 2 2 1 1 1 1 6 6 2 2 2 2 6 6 25 25 1 1 24 24 1 1 1 1 5 5 1 1 1 1 94 94 1 1 1 1 33 33 1 1 1 1 31 31 1 1 3 3 1 1 1 1 90 90 1 1 1 1 29 29 4 4 1 1 1 1 2 2 1 1 1 1 5 5 1 1 1 1 1 1 1 1 12 12 1 1 1 1 3 3 1 1 1 1 1 1 1 1 2 2 1 1 1 1 10 10 1 1 1 1 1 1 1 1 7 7 1 1 1 1 23 23 1 1 1 1 3 3 1 1 1 1 4 4 1 1 1 1 2 2 1 1 1 1 4 4 1 1 1 1 1 1 1 1 9 9 1 1 2 2 1 1 1 1 7 7 2 2 2 2 1 1 2 2 2 2 2 2 1 1 1 1 3 3 1 1 1 1 5 5 1 1 1 1 6 6 1 1 1 1 5 5 1 1 1 1 13 13 1 1 1 1 2 2 1 1 1 1 4 4 1 1 1 1 2 2 2 2 4 4 1 1 1 1 4 4 1 1 1 1 1 1 1 1 5 5 1 1 1 1 8 8 1 1 1 1 2 2 2 2 2 2 1 1 1 1 8 8 1 1 1 1 11 11 1 1 1 1 2 2 1 1 1 1 18 18 1 1 1 1 1 1 1 1 1 1 1 1 2 2 2 2 2 2 1 1 1 1 19 19 1 1 1 1 4 4 1 1 1 1 3 3 1 1 1 1 4 4 1 1 1 1 16 16 1 1 1 1 4 4 1 1 1 1 1 1 4 4 1 1 1 1 3 3 1 1 1 1 1 1 1 1 1 1 1 1 1 1 1 1 1 1 1 1 15 15 1 1 1 1 1 1 1 1 1 1 1 1 1 1 1 1 1 1 1 1 2 2 1 1 1 1 3 3 1 1 1 1 10 10 1 1 1 1 5 5 1 1 1 1 5 5 1 1 1 1 5 5 1 1 1 1 1 1 1 1 1 1 5 5 1 1 1 1 2 2 2 2 3 3 1 1 1 1 1 1 5 5 1 1 1 1 1 1 1 1 1 1 7 7 1 1 1 1 4 4 1 1 1 1 3 3 1 1 1 1 17 17 1 1 1 1 7 7 1 1 1 1 6 6 1 1 1 1 1 1 1 1 1 1 6 6 1 1 1 1 1 1 1 1 1 1 26 26 1 1 1 1 3 3 1 1 1 1 2 2 1 1 1 1 4 4 1 1 1 1 1 1 1 1 1 1 1 1 1 1 1 1 2 2 1 1 1 1 13 13 1 1 1 1 10 10 1 1 1 1 10 10 1 1 1 1 1 1 1 1 4 4 1 1 1 1 1 1 2 2 1 1 1 1 3 3 1 1 1 1 1 1 1 1 4 4 15 15 1 1 1 1 2 2 8 8 1 1 1 1 1 1 14 14 1 1 1 1 3 3 1 1 1 1 1 1 1 1 4 4 1 1 1 1 12 12 1 1 1 1 3 3 1 1 1 1 14 14 1 1 1 1 43 43 1 1 1 1 2 2 1 1 10 10 1 1 1 1 7 7 1 1 1 1 12 12 1 1 1 1 6 6 1 1 1 1 53 53 1 1 1 1 18 18 1 1 1 1 5 5 1 1 1 1 6 6 1 1 1 1 39 39 1 1 1 1 6 6 1 1 1 1 32 32 2 2 2 2 1 1 1 1 2 2 1 1 1 1 21 21 1 1 1 1 7 7 1 1 1 1 2 2 1 1 1 1 9 9 1 1 1 1 1 1 1 1 1 1 48 48 1 1 1 1 10 10 1 1 1 1 1 1 1 1 1 1 14 14 1 1 1 1 1 1 1 1 1 1 14 14 1 1 1 1 8 8 1 1 1 1 5 5 1 1 1 1 1 1 1 1 3 3 1 1 1 1 2 2 1 1 1 1 5 5 1 1 1 1 25 25 1 1 1 1 44 44 1 1 1 1 23 23 1 1 1 1 1 1 13 13 1 1 1 1 16 16 1 1 1 1 11 11 1 1 1 1 17 17 1 1 1 1 4 4 1 1 3 3 1 1 1 1 6 6 1 1 1 1 1 1 1 1 1 1 37 37 1 1 1 1 32 32 1 1 1 1 7 7 1 1 1 1 2 2 1 1 1 1 31 31 1 1 1 1 10 10 1 1 1 1 37 37 1 1 1 1 2 2 1 1 1 1 26 26 1 1 1 1 8 8 1 1 1 1 10 10 1 1 1 1 22 22 1 1 1 1 9 9 1 1 1 1 9 9 1 1 1 1 4 4 1 1 1 1 3 3 2 2 2 2 7 7 1 1 1 1 3 3 1 1 1 1 15 15 1 1 1 1 6 6 1 1 1 1 4 4 1 1 1 1 10 10 1 1 1 1 8 8 1 1 1 1 18 18 1 1 1 1 23 23 1 1 1 1 15 15 1 1 1 1 36 36 1 1 1 1 15 15 1 1 1 1 40 40 1 1 1 1 6 6 1 1 1 1 1 1 1 1 6 6 1 1 1 1 17 17 1 1 1 1 3 3 1 1 1 1 5 5 1 1 1 1 53 53 1 1 1 1 16 16 1 1 1 1 7 7 1 1 1 1 1 1 1 1 8 8 1 1 1 1 45 45 1 1 1 1 56 56 1 1 1 1 4 4 1 1 1 1 2 2 1360 1360 1111 249 37 1323
144 144 1 1 1 1 87 87 1 1 1 1 38 38 1 1 1 1 82 82 1 1 1 1 114 114 4 4 4 4 1 1 1 1 31 31 1 1 1 1 34 34 1 1 1 1 1 1 1 1 1 1 126 126 1 1 1 1 198 198 1 1 1 1 5 5 1 1 1 1 26 26 1 1 1 1 15 15 1 1 1 1 52 52 1 1 1 1 143 143 1 1 1 1 20 20 1 1 1 1 129 129 1 1 1 1 65 65 1 1 1 1 46 46 1 1 1 1 10 10 1 1 1 1 128 128 1 1 1 1 82 82 1 1 1 1 10 10 1 1 1 1 19 19 1 1 1 1 191 191 1 1 1 1 22 22 1 1 1 1 202 202 1 1 1 1 10 10 1 1 1 1 10 10 1 1 1 1 61 61 1 1 1 1 39 39 1 1 1 1 11 11 1 1 1 1 149 149 1 1 1 1 7 7 1 1 1 1 120 120 1 1 1 1 239 239 1 1 1 1 16 16 1 1 1 1 28 28 1 1 1 1 307 307 1 1 1 1 28 28 1 1 1 1 134 134 1 1 1 1 1 1 1 1 95 95 1 1 1 1 9 9 1 1 1 1 147 147 1 1 1 1 127 127 2 2 110 110 1 1 1 1 148 148 1 1 1 1 25 25 1 1 1 1 9 9 1 1 1 1 14 14 1 1 1 1 134 134 1 1 1 1 25 25 1 1 1 1 46 46 1 1 1 1 183 183 1 1 1 1 331 331 119 25 48 283
85 85 1 1 1 1 158 158 1 1 1 1 74 74 1 1 1 1 198 198 1 1 1 1 66 66 1 1 1 1 24 24 1 1 1 1 35 35 1 1 1 1 21 21 1 1 1 1 356 356 1 1 1 1 48 48 1 1 145 145 1 1 59 59 1 1 1 1 7 7 1 1 1 1 37 37 1 1 1 1 244 244 1 1 1 1 71 71 1 1 1 1 16 16 1 1 1 1 176 176 1 1 1 1 114 114 1 1 1 1 20 20 1 1 1 1 10 10 1 1 1 1 40 40 1 1 1 1 1 1 1 1 74 74 1 1 1 1 17 17 1 1 9 9 1 1 1 1 20 20 1 1 1 1 1 1 1 1 61 61 1 1 1 1 55 55 1 1 1 1 3 3 1 1 1 1 31 31 1 1 1 1 80 80 1 1 1 1 314 314 1 1 1 1 215 215 1 1 1 1 185 185 146 39 17 68
384 384 1 1 1 1 53 53 1 1 1 1 6 6 1 1 1 1 25 25 1 1 1 1 39 39 1 1 1 1 72 72 1 1 1 1 52 52 1 1 1 1 165 165 1 1 1 1 2 2 1 1 1 1 18 18 1 1 1 1 273 273 1 1 1 1 75 75 1 1 1 1 105 105 1 1 1 1 96 96 1 1 1 1 261 261 1 1 1 1 195 195 1 1 1 1 247 247 1 1 1 1 326 326 1 1 1 1 66 66 1 1 1 1 23 23 1 1 1 1 204 204 1 1 1 1 139 139 1 1 1 1 49 49 1 1 1 1 8 8 1 1 1 1 25 25 1 1 1 1 26 26 1 1 1 1 39 39 1 1 1 1 51 51 1 1 1 1 106 106 1 1 1 1 122 122 1 1 1 1 16 16 1 1 1 1 116 116 1 1 7 7 1 1 1 1 287 287 1 1 1 1 31 31 1 1 1 1 253 253 1 1 1 1 111 111 1 1 1 1 238 238 1 1 1 1 2 2 1 1 1 1 27 27 1 1 1 1 298 298 1 1 1 1 182 182 1 1 1 1 1 1 1 1 12 12 1 1 8 8 1 1 1 1 1 1 1 1 45 45 1 1 1 1 195 195 1 1 1 1 227 227 1 1 1 1 3 3 1 1 1 1 47 47 1 1 1 1 140 140 1 1 45 45 1 1 1 1 36 36 1 1 1 1 92 92 1 1 1 1 4 4 1 1 1 1 142 142 1 1 1 1 149 149 1 1 1 1 21 21 1 1 1 1 57 57 1 1 1 1 242 242 1 1 1 1 43 43 1 1 19 19 1 1 1 1 244 244 221 23 120 264
285 285 1 1 1 1 44 44 1 1 1 1 238 238 1 1 1 1 18 18 1 1 1 1 96 96 1 1 1 1 32 32 1 1 28 28 1 1 1 1 86 86 1 1 1 1 100 100 1 1 1 1 43 43 1 1 1 1 280 280 1 1 1 1 202 202 1 1 1 1 144 144 1 1 1 1 12 12 1 1 1 1 149 149 1 1 1 1 173 173 1 1 1 1 47 47 1 1 1 1 18 18 1 1 1 1 55 55 1 1 1 1 32 32 1 1 1 1 48 48 1 1 1 1 4 4 1 1 1 1 21 21 1 1 1 1 124 124 2 2 100 100 1 1 1 1 199 199 1 1 1 1 74 74 1 1 1 1 1 1 44 44 1 1 1 1 39 39 1 1 1 1 150 150 1 1 1 1 6 6 1 1 1 1 413 413 1 1 1 1 198 198 1 1 1 1 128 128 1 1 1 1 17 17 1 1 1 1 8 8 1 1 1 1 19 19 1 1 1 1 3 3 1 1 1 1 5 5 1 1 146 146 1 1 1 1 241 241 1 1 1 1 80 80 1 1 1 1 42 42 1 1 1 1 1 1 1 1 6 6 1 1 1 1 55 55 1 1 1 1 52 52 1 1 1 1 131 131 1 1 1 1 93 93 1 1 1 1 328 328 1 1 1 1 52 52 1 1 1 1 5 5 1 1 1 1 3 3 1 1 1 1 2 2 1 1 1 1 46 46 3 3 91 91 1 1 1 1 46 46 1 1 1 1 322 322 1 1 1 1 50 50 1 1 1 1 163 163 1 1 1 1 113 113 1 1 1 1 205 205 182 23 71 214
4797 4797 13 13 1 1 1 1 42 42 1 1 1 1 1 1 2 2 2 2 16 16 1 1 1 1 120 120 1 1 1 1 4 4 1 1 1 1 39 39 1 1 1 1 27 27 1 1 1 1 2 2 1 1 1 1 3 3 1 1 1 1 1 1 1 1 1 1 38 38 1 1 1 1 1 1 1 1 1 1 2 2 1 1 1 1 2 2 3244 3244 2659 585 1498 3299
3926 3926 8 8 1 1 1 1 12 12 1 1 1 1 12 12 1 1 1 1 18 18 1 1 1 1 29 29 1 1 1 1 34 34 1 1 1 1 4 4 1 1 1 1 8 8 1 1 1 1 9 9 1 1 1 1 1 1 1 1 1 1 2 2 1 1 1 1 5 5 1 1 1 1 3 3 1 1 1 1 11 11 1 1 1 1 6 6 1 1 1 1 93 93 1 1 1 1 8 8 1 1 1 1 33 33 1 1 1 1 5 5 1 1 1 1 11 11 1 1 1 1 9 9 1 1 1 1 27 27 6 6 1 1 1 1 5 5 1 1 1 1 9 9 1 1 1 1 10 10 1 1 1 1 4 4 1 1 1 1 8 8 1 1 1 1 5 5 1 1 1 1 6 6 1 1 1 1 1 1 1 1 4 4 1 1 1 1 5 5 1 1 1 1 5 5 2 2 2 2 5 5 1 1 1 1 2 2 1 1 1 1 40 40 1 1 1 1 1 1 1 1 14 14 1 1 1 1 8 8 1 1 1 1 16 16 1 1 1 1 12 12 1 1 1 1 2 2 1 1 1 1 2 2 2 2 24 24 1 1 1 1 6 6 1 1 1 1 42 42 2 2 2 2 9 9 1 1 1 1 35 35 1 1 1 1 5 5 1 1 1 1 143 143 1 1 1 1 8 8 1 1 1 1 6 6 1 1 1 1 7 7 1 1 1 1 20 20 1 1 1 1 4 4 1 1 1 1 8 8 1 1 1 1 35 35 2 2 2 2 15 15 1 1 1 1 57 57 1 1 1 1 88 88 1 1 1 1 6 6 1 1 1 1 33 33 1 1 1 1 62 62 1 1 1 1 26 26 1 1 1 1 12 12 1 1 1 1 19 19 1 1 1 1 23 23 1 1 1 1 2 2 1 1 1 1 2 2 1 1 1 1 12 12 1 1 1 1 11 11 1 1 1 1 22 22 1 1 1 1 26 26 1 1 1 1 13 13 2 2 2 2 6 6 4797 4797 4236 561 870 3056

3926 3926 8 8 1 1 1 1 12 12 1 1 1 1 12 12 1 1 1 1 18 18 1 1 1 1 29 29 1 1 1 1 34 34 1 1 1 1 4 4 1 1 1 1 8 8 1 1 1 1 9 9 1 1 1 1 1 1 1 1 1 1 2 2 1 1 1 1 5 5 1 1 1 1 3 3 1 1 1 1 11 11 1 1 1 1 6 6 1 1 1 1 93 93 1 1 1 1 8 8 1 1 1 1 33 33 1 1 1 1 5 5 1 1 1 1 11 11 1 1 1 1 9 9 1 1 1 1 27 27 6 6 1 1 1 1 5 5 1 1 1 1 9 9 1 1 1 1 10 10 1 1 1 1 4 4 1 1 1 1 8 8 1 1 1 1 5 5 1 1 1 1 6 6 1 1 1 1 1 1 1 1 4 4 1 1 1 1 5 5 1 1 1 1 5 5 2 2 2 2 5 5 1 1 1 1 2 2 1 1 1 1 40 40 1 1 1 1 1 1 1 1 14 14 1 1 1 1 8 8 1 1 1 1 16 16 1 1 1 1 12 12 1 1 1 1 2 2 1 1 1 1 2 2 2 2 24 24 1 1 1 1 6 6 1 1 1 1 42 42 2 2 2 2 9 9 1 1 1 1 35 35 1 1 1 1 5 5 1 1 1 1 143 143 1 1 1 1 8 8 1 1 1 1 6 6 1 1 1 1 7 7 1 1 1 1 20 20 1 1 1 1 4 4 1 1 1 1 8 8 1 1 1 1 35 35 2 2 2 2 15 15 1 1 1 1 57 57 1 1 1 1 88 88 1 1 1 1 6 6 1 1 1 1 33 33 1 1 1 1 62 62 1 1 1 1 26 26 1 1 1 1 12 12 1 1 1 1 19 19 1 1 1 1 23 23 1 1 1 1 2 2 1 1 1 1 2 2 1 1 1 1 12 12 1 1 1 1 11 11 1 1 1 1 22 22 1 1 1 1 26 26 1 1 1 1 13 13 2 2 2 2 6 6 4797 4797 4252 545 870 3056
1845 1845 430 430 14 14 1 1 1 1 23 23 1 1 1 1 2 2 2 2 2 2 8 8 1 1 1 1 81 81 1 1 1 1 41 41 2 2 2 2 1 1 2 2 2 2 6 6 1 1 1 1 51 51 1 1 1 1 22 22 1 1 1 1 12 12 1 1 1 1 14 14 1 1 1 1 20 20 1 1 1 1 6 6 1 1 1 1 4 4 1 1 1 1 27 27 1 1 1 1 17 17 1 1 1 1 37 37 1 1 1 1 24 24 1 1 25 25 1 1 1 1 72 72 1 1 1 1 18 18 1 1 1 1 67 67 1 1 1 1 21 21 1 1 1 1 60 60 76 76 1 1 1 1 128 128 1 1 1 1 21 21 1 1 1 1 120 120 1 1 1 1 46 46 1 1 113 113 4 4 1 1 1 1 145 145 32 32 28 28 1 1 1 1 62 62 1 1 1 1 123 123 89 89 1 1 1 1 56 56 1 1 1 1 6 6 1 1 1 1 26 26 29 29 22 22 3 3 3 3 7 7 1 1 1 1 387 387 1 1 1 1 23 23 1 1 1 1 1 1 1 1 14 14 13 13 59 59 1 1 1 1 14 14 1 1 1 1 21 21 123 123 14 14 88 88 27 27 2 2 1 1 1 1 16 16 1 1 1 1 23 23 8 8 296 296 3 3 1 1 1 1 1 1 1 1 2 2 2 2 8 8 1 1 1 1 1 1 16 16 1 1 1 1 1 1 3 3 1 1 2 2 1 1 1 1 12 12 2 2 1 1 1 1 1 1 1 1 1 1 1 1 8 8 1 1 7 7 1 1 1 1 13 13 1 1 1 1 1 1 1 1 1 1 5 5 1 1 1 1 3 3 1 1 5 5 3 3 3 3 1 1 4 4 1 1 1 1 1 1 1 1 1 1 1 1 1 1 1 1 1 1 1 1 1 1 1 1 1 1 4 4 1 1 1 1 6 6 2 2 2 2 1 1 1 1 1 1 1 1 1 1 1 1 1 1 1 1 1 1 6 6 1 1 1 1 1 1 1 1 1 1 10 10 1 1 1 1 1 1 1 1 1 1 7 7 1 1 1 1 1 1 1 1 1 1 5 5 1 1 2 2 1 1 1 1 2 2 15 15 1 1 1 1 1 1 1 1 1 1 1 1 1 1 2 2 1 1 1 1 1 1 1 1 1 1 1 1 1 1 1 1 1 1 1 1 1 1 10 10 2 2 2 2 13 13 1 1 1 1 17 17 1 1 1 1 2 2 1 1 1 1 19 19 1 1 1 1 7 7 1 1 1 1 10 10 1 1 2 2 1 1 3 3 1 1 1 1 1 1 1 1 1 1 1 1 3 3 1 1 1 1 5 5 2 2 2 2 2 2 1 1 1 1 1 1 3 3 1 1 3 3 1 1 4 4 1 1 1 1 5 5 1 1 1 1 1 1 1 1 1 1 1 1 1 1 1 1 3 3 1 1 9 9 2 2 7 7 1 1 3 3 3 3 1 1 6 6 2 2 5 5 1 1 2 2 2 2 22 22 2 2 14 14 1 1 5 5 1 1 4 4 1 1 4 4 1 1 3 3 1 1 2 2 1 1 1 1 1 1 2 2 13 13 1 1 1 1 1 1 1 1 2 2 5 5 1 1 1 1 1 1 3 3 2 2 3 3 1 1 1 1 10 10 1 1 4 4 4 4 1 1 1 1 1 1 5 5 1 1 1 1 1 1 1 1 1 1 2 2 1 1 1 1 11 11 1 1 7 7 1 1 1 1 2 2 1 1 1 1 1 1 1 1 3 3 1 1 1 1 4 4 1 1 1 1 16 16 1 1 1 1 1 1 1 1 1 1 1 1 2 2 1 1 13 13 1 1 1 1 2 2 1 1 1 1 2 2 1 1 1 1 1 1 1 1 1 1 1 1 10 10 1 1 1 1 5 5 1 1 1 1 1 1 1 1 5 5 1 1 1 1 2 2 1 1 1 1 1 1 1 1 5 5 1 1 1 1 3 3 1 1 1 1 1 1 1 1 8 8 1 1 1 1 1 1 1 1 6 6 1 1 9 9 1 1 1 1 2 2 2 2 2 2 1 1 3 3 3 3 1 1 1 1 3 3 1 1 1 1 5 5 1 1 4 4 8 8 4 4 1 1 1 1 2 2 1 1 1 1 6 6 1 1 2 2 3 3 1 1 1 1 3 3 2 2 2 2 1 1 1 1 1 1 14 14 1 1 1 1 8 8 1 1 1 1 7 7 1 1 1 1 4 4 1 1 1 1 15 15 1 1 1 1 5 5 1 1 1 1 14 14 1 1 1 1 1 1 1 1 7 7 1 1 1 1 16 16 1 1 4 4 1 1 8 8 1 1 1 1 6 6 1 1 1 1 4 4 1 1 1 1 2 2 5 5 1 1 3 3 1 1 4 4 1 1 2 2 1 1 1 1 1 1 1 1 1 1 1 1 1 1 6 6 1 1 1 1 1 1 1 1 5 5 1 1 1 1 1 1 1 1 1 1 28 28 1 1 1 1 1 1 6 6 1 1 3 3 1 1 28 28 1 1 10 10 1 1 1 1 1 1 5 5 1 1 1 1 1 1 8 8 1 1 1 1 3 3 1 1 2 2 1 1 1 1 8 8 1 1 1 1 1 1 1 1 4 4 1 1 1 1 1 1 1 1 6 6 1 1 1 1 2 2 1 1 17 17 1 1 1 1 4 4 1 1 1 1 6 6 1 1 1 1 1 1 1 1 1 1 1 1 1 1 7 7 1 1 1 1 1 1 12 12 1 1 1 1 1 1 2 2 1 1 1 1 7 7 2 2 2 2 7 7 2 2 4 4 1 1 1 1 1 1 1 1 1 1 1 1 3 3 1 1 1 1 1 1 1 1 1 1 7 7 1 1 1 1 1 1 1 1 5 5 1 1 1 1 2 2 2 2 4 4 1 1 1 1 1 1 1 1 1 1 9 9 1 1 9 9 1 1 1 1 5 5 1 1 1 1 6 6 1 1 1 1 20 20 1 1 1 1 1 1 1 1 1 1 1 1 1 1 1 1 1 1 1 1 6 6 1 1 1 1 13 13 1 1 3 3 1 1 1 1 2 2 1 1 1 1 11 11 1 1 1 1 3 3 1 1 1 1 10 10 3 3 1 1 1 1 2 2 1 1 1 1 2 2 1 1 1 1 5 5 1 1 1 1 23 23 1 1 1 1 1 1 1 1 1 1 2 2 193 193 1 1 147 147 11 11 1 1 1 1 25 25 1 1 1 1 21 21 1 1 1 1 9 9 1 1 1 1 2 2 1 1 1 1 8 8 1 1 4 4 1 1 1 1 2 2 1 1 1 1 6 6 1 1 1 1 2 2 1 1 1 1 3 3 1 1 1 1 5 5 1 1 8 8 1 1 1 1 4 4 1 1 1 1 3 3 1 1 1 1 5 5 1 1 9 9 1 1 1 1 2 2 1 1 1 1 11 11 1 1 1 1 3 3 1 1 1 1 11 11 1 1 1 1 1 1 9 9 1 1 1 1 6 6 1 1 1 1 1 1 1 1 1 1 2 2 1 1 1 1 2 2 1 1 2 2 1 1 1 1 5 5 1 1 1 1 1 1 2 2 1 1 2 2 1 1 1 1 1 1 1 1 1 1 1 1 1 1 1 1 1 1 1 1 1 1 2 2 1 1 1 1 9 9 1 1 1 1 1 1 3 3 1 1 1 1 1 1 1 1 1 1 1 1 1 1 1 1 11 11 1 1 1 1 1 1 1 1 1 1 1 1 1 1 1 1 1 1 3 3 1 1 1 1 8 8 1 1 4 4 1 1 1 1 7 7 1 1 1 1 15 15 1 1 1 1 1 1 10 10 1 1 1 1 6 6 1 1 1 1 6 6 1 1 1 1 4 4 1 1 1 1 8 8 1 1 1 1 13 13 1 1 1 1 16 16 1 1 1 1 8 8 1 1 1 1 11 11 1 1 1 1 9 9 2 2 2 2 21 21 1 1 1 1 2 2 1 1 1 1 4 4 1 1 1 1 2 2 1 1 1 1 46 46 1 1 1 1 6 6 1 1 1 1 1 1 3 3 1 1 1 1 1 1 1 1 4 4 1 1 1 1 2 2 1 1 2 2 1 1 1 1 1 1 1 1 1 1 3 3 1 1 1 1 2 2 1 1 1 1 2 2 1 1 1 1 1 1 1 1 1 1 1 1 1 1 1 1 2 2 1 1 1 1 1 1 1 1 1 1 1 1 1 1 1 1 1 1 8 8 1 1 1 1 2 2 1 1 1 1 11 11 1 1 1 1 1 1 1 1 1 1 3 3 1 1 1 1 5 5 1 1 1 1 1 1 1 1 1 1 3 3 1 1 1 1 1 1 1 1 1 1 2 2 1 1 1 1 1 1 1 1 1 1 1 1 1 1 1 1 1 1 1 1 2 2 10 10 1 1 1 1 1 1 1 1 1 1 1 1 1 1 1 1 6 6 1 1 1 1 2 2 3 3 1 1 3 3 1 1 3 3 2 2 2 2 4 4 1 1 1 1 10 10 1 1 1 1 2 2 1 1 1 1 8 8 1 1 14 14 1 1 1 1 1 1 1 1 1 1 1 1 9 9 1 1 1 1 7 7 1 1 1 1 4 4 1 1 1 1 1 1 1 1 2 2 2 2 1 1 1 1 1 1 1 1 1 1 1 1 7 7 1 1 1 1 1 1 6 6 1 1 1 1 6 6 1 1 1 1 4 4 1 1 1 1 1 1 1 1 2 2 1 1 1 1 6 6 1 1 1 1 7 7 2 2 2 2 1 1 1 1 2 2 1 1 1 1 4 4 1 1 1 1 1 1 1 1 1 1 1 1 2 2 1 1 1 1 11 11 14 14 1 1 1 1 15 15 1 1 1 1 13 13 1 1 1 1 11 11 1 1 9 9 1 1 1 1 1 1 1 1 1 1 5 5 1 1 1 1 6 6 1 1 1 1 1 1 1 1 1 1 1 1 1 1 1 1 1 1 10 10 1 1 1 1 22 22 1 1 1 1 1 1 1 1 1 1 1 1 1 1 1 1 9 9 1 1 1 1 3 3 1 1 1 1 8 8 1 1 1 1 5 5 1 1 1 1 1 1 1 1 2 2 1 1 1 1 8 8 1 1 1 1 3 3 1 1 1 1 1 1 1 1 2 2 1 1 1 1 2 2 2 2 1 1 1 1 1 1 1 1 1 1 1 1 1 1 2 2 2 2 1 1 1 1 1 1 4 4 1 1 1 1 2 2 1 1 1 1 2 2 2 2 2 2 8 8 1 1 1 1 1 1 1 1 1 1 5 5 1 1 1 1 1 1 1 1 1 1 1 1 7 7 2 2 2 2 6 6 1 1 1 1 5 5 1 1 1 1 7 7 1 1 1 1 1 1 1 1 13 13 1 1 1 1 1 1 1 1 1 1 1 1 2 2 1 1 1 1 1 1 1 1 1 1 1 1 6 6 1 1 1 1 9 9 2 2 3 3 1 1 1 1 25 25 1 1 2 2 1 1 1 1 3 3 1 1 2 2 1 1 1 1 31 31 1 1 1 1 7 7 1 1 1 1 11 11 1 1 8 8 1 1 1 1 12 12 1 1 1 1 1 1 1 1 2 2 2 2 6 6 1 1 1 1 9 9 1 1 1 1 1 1 3 3 1 1 1 1 21 21 1 1 6 6 1 1 1 1 1 1 1 1 1 1 6 6 1 1 1 1 20 20 1 1 1 1 1 1 1 1 1 1 1 1 1 1 1 1 1 1 8 8 1 1 1 1 10 10 1 1 1 1 1 1 1 1 2 2 1 1 1 1 1 1 1 1 6 6 1 1 1 1 1 1 1 1 1 1 2 2 1 1 1 1 7 7 1 1 1 1 6 6 1 1 1 1 4 4 1 1 1 1 7 7 1 1 3 3 1 1 1 1 1 1 1 1 1 1 1 1 1 1 4 4 1 1 1 1 2 2 1 1 1 1 3 3 1 1 5 5 1 1 1 1 6 6 1 1 1 1 3 3 1 1 1 1 1 1 1 1 5 5 1 1 1 1 4 4 1 1 1 1 10 10 1 1 1 1 2 2 1 1 1 1 2 2 1 1 1 1 2 2 1 1 1 1 6 6 1 1 1 1 17 17 1 1 1 1 1 1 8 8 1 1 1 1 4 4 1 1 1 1 1 1 1 1 1 1 1 1 1 1 1 1 1 1 11 11 1 1 1 1 1 1 1 1 1 1 1 1 1 1 3 3 2 2 1 1 7 7 1 1 1 1 4 4 1 1 1 1 1 1 1 1 8 8 1 1 1 1 5 5 1 1 9 9 1 1 1 1 14 14 1 1 1 1 11 11 1 1 1 1 1 1 1 1 5 5 1 1 1 1 1 1 1 1 1 1 9 9 1 1 1 1 1 1 1 1 6 6 1 1 1 1 3 3 1 1 1 1 11 11 1 1 1 1 2 2 1 1 1 1 3 3 1 1 1 1 13 13 1 1 1 1 5 5 1 1 1 1 11 11 1 1 1 1 3 3 1 1 1 1 1 1 1 1 1 1 10 10 1 1 1 1 1 1 1 1 9 9 1 1 1 1 1 1 1 1 1 1 1 1 1 1 1 1 1 1 22 22 1 1 1 1 1 1 1 1 1 1 14 14 1 1 1 1 8 8 1 1 1 1 2 2 1 1 1 1 8 8 1 1 1 1 1 1 3 3 1 1 1 1 9 9 1 1 1 1 4 4 1 1 1 1 9 9 1 1 1 1 1 1 2 2 1 1 1 1 3 3 1 1 1 1 3 3 1 1 1 1 2 2 1 1 1 1 2 2 1 1 1 1 1 1 1 1 1 1 3 3 1 1 1 1 3 3 1 1 1 1 2 2 1 1 1 1 1 1 1 1 6 6 2 2 2 2 2 2 1 1 1 1 6 6 1 1 1 1 4 4 1 1 1 1 2 2 1 1 1 1 5 5 1 1 1 1 2 2 1 1 1 1 5 5 2 2 2 2 7 7 1 1 1 1 13 13 1 1 1 1 72 72 1 1 1 1 1 1 17 17 1 1 1 1 7 7 1 1 1 1 10 10 1 1 1 1 3 3 1 1 1 1 10 10 1 1 13 13 8 8 3 3 3 3 1 1 2 2 2 2 1 1 1 1 1 1 4 4 1 1 1 1 1 1 1 1 1 1 1 1 1 1 2 2 2 2 2 2 5 5 1 1 1 1 2 2 1 1 1 1 1 1 1 1 1 1 1 1 2 2 2 2 6 6 1 1 1 1 6 6 2 2 2 2 7 7 1 1 1 1 4 4 1 1 1 1 8 8 1 1 1 1 1 1 1 1 1 1 7 7 1 1 2 2 1 1 1 1 4 4 1 1 1 1 3 3 1 1 1 1 18 18 1 1 1 1 10 10 1 1 1 1 1 1 20 20 1 1 1 1 3 3 1 1 1 1 16 16 1 1 1 1 9 9 1 1 1 1 1 1 1 1 5 5 1 1 1 1 12 12 1 1 1 1 1 1 8 8 1 1 1 1 7 7 1 1 1 1 33 33 1 1 1 1 2 2 1 1 1 1 24 24 1 1 1 1 26 26 1 1 1 1 1 1 1 1 1 1 2 2 1 1 2 2 1 1 1 1 1 1 1 1 1 1 34 34 1 1 1 1 13 13 1 1 1 1 1 1 1 1 1 1 1 1 4 4 1 1 47 47 3 3 3 3 6 6 2 2 3 3 1 1 1 1 6 6 1 1 1 1 4 4 1 1 1 1 2 2 1 1 1 1 1 1 1 1 1 1 1 1 1 1 3 3 1 1 1 1 1 1 1 1 1 1 1 1 1 1 1 1 1 1 2 2 1 1 1 1 1 1 1 1 1 1 1 1 1 1 1 1 5 5 1 1 1 1 3 3 1 1 1 1 1 1 1 1 2 2 1 1 1 1 1 1 1 1 5 5 1 1 1 1 1 1 1 1 4 4 1 1 1 1 1 1 1 1 1 1 1 1 1 1 1 1 2 2 1 1 1 1 12 12 1 1 1 1 3 3 3 3 2 2 1 1 2 2 1 1 1 1 1 1 1 1 1 1 4 4 1 1 1 1 1 1 1 1 3 3 1 1 1 1 1 1 1 1 1 1 1 1 2 2 2 2 2 2 11 11 1 1 1 1 1 1 1 1 8 8 2 2 2 2 6 6 1 1 1 1 1 1 2 2 1 1 1 1 2 2 1 1 2 2 1 1 1 1 3 3 1 1 4 4 1 1 1 1 4 4 1 1 1 1 1 1 2 2 1 1 13 13 1 1 1 1 1 1 1 1 1 1 5 5 1 1 1 1 8 8 1 1 1 1 3 3 1 1 1 1 4 4 1 1 1 1 1 1 1 1 1 1 1 1 8 8 1 1 1 1 9 9 1 1 1 1 7 7 1 1 1 1 7 7 2 2 2 2 13 13 1 1 1 1 2 2 1 1 1 1 1 1 24 24 1 1 1 1 1 1 1 1 1 1 18 18 1 1 5 5 1 1 1 1 1 1 2 2 9 9 1 1 5 5 1 1 1 1 1 1 5 5 1 1 4 4 1 1 1 1 5 5 1 1 1 1 3 3 1 1 1 1 3 3 1 1 1 1 7 7 1 1 1 1 9 9 1 1 1 1 6 6 1 1 2 2 2 2 9 9 1 1 1 1 3 3 1 1 5 5 1 1 12 12 1 1 1 1 1 1 1 1 1 1 1 1 1 1 2 2 1 1 2 2 1 1 2 2 1 1 1 1 3 3 1 1 2 2 2 2 1 1 1 1 1 1 3 3 1 1 1 1 1 1 1 1 1 1 1 1 6 6 8 8 1 1 1 1 8 8 1 1 1 1 3 3 1 1 1 1 4 4 1 1 1 1 18 18 1 1 1 1 1 1 1 1 21 21 1 1 1 1 7 7 1 1 1 1 19 19 1 1 1 1 10 10 1 1 1 1 11 11 1 1 19 19 1 1 1 1 9 9 1 1 1 1 6 6 1 1 1 1 1 1 1 1 1 1 18 18 1 1 1 1 19 19 1 1 1 1 10 10 1 1 4 4 1 1 1 1 46 46 1 1 1 1 2 2 1 1 8 8 1 1 6 6 1 1 7 7 1 1 1 1 6 6 1 1 6 6 1 1 6 6 1 1 4 4 1 1 6 6 1 1 1 1 1 1 1 1 1 1 1 1 1 1 8 8 1 1 1 1 24 24 2 2 7 7 2 2 2 2 4 4 1 1 1 1 1 1 2 2 2 2 4 4 1 1 8 8 1 1 1 1 8 8 2 2 2 2 32 32 1 1 2 2 1 1 3 3 1 1 1 1 10 10 1 1 2 2 1 1 1 1 1 1 1 1 4 4 1 1 3 3 1 1 1 1 17 17 1 1 9 9 1 1 1 1 18 18 1 1 1 1 8 8 1 1 1 1 7 7 1 1 1 1 2 2 2 2 11 11 1 1 1 1 1 1 1 1 1 1 1 1 1 1 5 5 1 1 1 1 10 10 1 1 1 1 9 9 1 1 1 1 10 10 1 1 1 1 3 3 2 2 2 2 1 1 1 1 1 1 1 1 1 1 1 1 1 1 1 1 1 1 1 1 1 1 1 1 6 6 1 1 1 1 14 14 1 1 1 1 5 5 1 1 1 1 1 1 1 1 5 5 1 1 16 16 1 1 1 1 3 3 1 1 1 1 7 7 1 1 1 1 1 1 1 1 1 1 2 2 1 1 1 1 16 16 1 1 1 1 26 26 1 1 1 1 1 1 1 1 1 1 1 1 1 1 1 1 27 27 1 1 1 1 2 2 1 1 1 1 7 7 1 1 1 1 2 2 1 1 1 1 5 5 1 1 1 1 1 1 1 1 8 8 1 1 1 1 3 3 1 1 1 1 1 1 1 1 1 1 2 2 1 1 1 1 1 1 1 1 1 1 3 3 1 1 1 1 4 4 1 1 1 1 9 9 1 1 1 1 3 3 1 1 1 1 1 1 1 1 17 17 1 1 1 1 4 4 1 1 14 14 1 1 17 17 1 1 20 20 1 1 1 1 4 4 1 1 1 1 1 1 1 1 3 3 1 1 4 4 1 1 1 1 1 1 4 4 2 2 2 2 1 1 1 1 1 1 1 1 5 5 1 1 8 8 1 1 1 1 2 2 1 1 1 1 1 1 1 1 1 1 1 1 8 8 1 1 1 1 2 2 1 1 5 5 1 1 1 1 2 2 1 1 7 7 1 1 1 1 1 1 1 1 5 5 1 1 1 1 1 1 1 1 1 1 1 1 1 1 7 7 1 1 2 2 2 2 2 2 1 1 1 1 7 7 1 1 1 1 4 4 1 1 1 1 2 2 3 3 1 1 2 2 1 1 1 1 1 1 1 1 4 4 1 1 1 1 5 5 1 1 1 1 1 1 33 33 1 1 5 5 2 2 11 11 1 1 5 5 2 2 5 5 1 1 4 4 1 1 21 21 1 1 16 16 3 3 13 13 1 1 1 1 22 22 1 1 1 1 2 2 1 1 9 9 4 4 3 3 2 2 1 1 3 3 1 1 1 1 1 1 1 1 1 1 11 11 1 1 6 6 1 1 3 3 1 1 1 1 8 8 1 1 1 1 3 3 1 1 2 2 1 1 14 14 1 1 1 1 8 8 1 1 5 5 1 1 1 1 1 1 6 6 1 1 7 7 13 13 1 1 1 1 1 1 1 1 8 8 1 1 1 1 10 10 1 1 1 1 1 1 1 1 7 7 1 1 1 1 14 14 1 1 1 1 7 7 1 1 1 1 5 5 1 1 1 1 1 1 1 1 1 1 1 1 1 1 1 1 47 47 1 1 30 30 1 1 1 1 1 1 1 1 15 15 1 1 1 1 3 3 1 1 1 1 2 2 1 1 1 1 8 8 1 1 1 1 1 1 1 1 4 4 1 1 1 1 1 1 1 1 9 9 1 1 1 1 17 17 1 1 1 1 4 4 1 1 1 1 8 8 1 1 1 1 1 1 1 1 7 7 1 1 1 1 9 9 1 1 1 1 3 3 1 1 1 1 11 11 2 2 2 2 7 7 1 1 1 1 2 2 4 4 1 1 1 1 1 1 1 1 4 4 1 1 1 1 1 1 1 1 1 1 8 8 1 1 1 1 5 5 1 1 1 1 1 1 1 1 7 7 1 1 1 1 1 1 1 1 16 16 9 9 1 1 1 1 12 12 1 1 1 1 13 13 1 1 1 1 3 3 1 1 1 1 9 9 1 1 1 1 8 8 1 1 1 1 4 4 1 1 1 1 3 3 1 1 1 1 8 8 1 1 1 1 2 2 1 1 1 1 2 2 1 1 2 2 1 1 1 1 1 1 1 1 1 1 1 1 1 1 7 7 1 1 1 1 1 1 1 1 5 5 1 1 2 2 1 1 1 1 5 5 1 1 1 1 4 4 1 1 1 1 1 1 3 3 1 1 1 1 13 13 1 1 1 1 3 3 1 1 1 1 3 3 1 1 1 1 19 19 1 1 1 1 1 1 1 1 1 1 30 30 1 1 1 1 1 1 1 1 1 1 1 1 19 19 1 1 1 1 2 2 1 1 1 1 1 1 1 1 9 9 5 5 1 1 1 1 24 24 1 1 1 1 23 23 1 1 1 1 42 42 1 1 8 8 1 1 1 1 1 1 37 37 1 1 14 14 1 1 1 1 96 96 1 1 1 1 75 75 2 2 1 1 1 1 5 5 1 1 1 1 3 3 1 1 1 1 3 3 1 1 1 1 5 5 1 1 1 1 1 1 1 1 12 12 1 1 1 1 3 3 1 1 1 1 15 15 1 1 2 2 1 1 11 11 1 1 1 1 15 15 1 1 1 1 1 1 8 8 2 2 2 2 6 6 1 1 1 1 1 1 1 1 1 1 8 8 1 1 1 1 1 1 1 1 3 3 1 1 1 1 1 1 1 1 1 1 2 2 1 1 1 1 2 2 1 1 1 1 1 1 1 1 2 2 1 1 1 1 1 1 1 1 1 1 2 2 1 1 9 9 1 1 1 1 3 3 1 1 1 1 1 1 2 2 1 1 1 1 11 11 1 1 1 1 1 1 1 1 1 1 1 1 1 1 5 5 1 1 1 1 2 2 1 1 5 5 1 1 1 1 22 22 1 1 1 1 5 5 1 1 1 1 1 1 1 1 10 10 1 1 5 5 1 1 1 1 1 1 1 1 1 1 1 1 1 1 13 13 2 2 2 2 16 16 1 1 1 1 1 1 1 1 1 1 5 5 1 1 1 1 8 8 1 1 1 1 11 11 1 1 1 1 8 8 1 1 1 1 10 10 1 1 1 1 21 21 1 1 1 1 2 2 1 1 1 1 8 8 1 1 1 1 36 36 1 1 1 1 4 4 1 1 1 1 3 3 1 1 1 1 2 2 1 1 2 2 2 2 2 2 2 2 3 3 1 1 1 1 5 5 1 1 2 2 1 1 1 1 2 2 1 1 1 1 2 2 1 1 1 1 1 1 1 1 5 5 1 1 1 1 1 1 1 1 1 1 1 1 6 6 1 1 1 1 1 1 1 1 1 1 1 1 1 1 1 1 8 8 1 1 1 1 1 1 1 1 5 5 1 1 1 1 6 6 1 1 1 1 2 2 2 2 2 2 4 4 1 1 1 1 4 4 1 1 5 5 1 1 1 1 3 3 1 1 1 1 1 1 1 1 1 1 1 1 1 1 3 3 1 1 2 2 36 36 1 1 1 1 13 13 1 1 1 1 6 6 1 1 1 1 7 7 2 2 20 20 1 1 1 1 4 4 1 1 1 1 3 3 1 1 4 4 1 1 1 1 1 1 2 2 1 1 1 1 1 1 1 1 1 1 1 1 1 1 7 7 1 1 1 1 1 1 16 16 1 1 1 1 1 1 1 1 1 1 5 5 1 1 3 3 1 1 1 1 9 9 1 1 1 1 19 19 1 1 19 19 1 1 1 1 15 15 1 1 1 1 13 13 1 1 1 1 16 16 1 1 1 1 4 4 1 1 13 13 1 1 1 1 1 1 3 3 1 1 1 1 9 9 1 1 1 1 7 7 1 1 8 8 1 1 1 1 7 7 1 1 1 1 1 1 1 1 1 1 5 5 1 1 1 1 2 2 1 1 1 1 12 12 1 1 1 1 10 10 1 1 8 8 1 1 1 1 8 8 1 1 1 1 2 2 1 1 1 1 3 3 1 1 1 1 6 6 1 1 8 8 1 1 18 18 1 1 5 5 2 2 2 2 2 2 4 4 1 1 1 1 1 1 1 1 1 1 5 5 1 1 1 1 9 9 1 1 1 1 4 4 1 1 1 1 1 1 1 1 1 1 7 7 1 1 1 1 1 1 1 1 2 2 1 1 1 1 1 1 1 1 1 1 6 6 1 1 1 1 32 32 1 1 1 1 8 8 2 2 2 2 3 3 1 1 1 1 2 2 1 1 1 1 13 13 1 1 1 1 1 1 1 1 9 9 1 1 1 1 6 6 1 1 1 1 3 3 1 1 1 1 15 15 1 1 1 1 2 2 1 1 1 1 5 5 1 1 1 1 13 13 1 1 1 1 1 1 1 1 1 1 1 1 1 1 2 2 1 1 1 1 13 13 1 1 1 1 3 3 1 1 1 1 28 28 1 1 1 1 1 1 1 1 1 1 5 5 1 1 1 1 1 1 1 1 20 20 1 1 1 1 1 1 1 1 1 1 1 1 1 1 1 1 10 10 1 1 1 1 1 1 1 1 10 10 1 1 1 1 2 2 1 1 1 1 5 5 1 1 1 1 3 3 1 1 1 1 2 2 1 1 1 1 9 9 1 1 1 1 4 4 1 1 1 1 4 4 1 1 1 1 7 7 1 1 1 1 12 12 1 1 1 1 2 2 1 1 1 1 3 3 1 1 1 1 5 5 1 1 1 1 9 9 1 1 1 1 7 7 1 1 1 1 3 3 1 1 1 1 1 1 1 1 10 10 1 1 1 1 2 2 1 1 1 1 2 2 1 1 1 1 2 2 1 1 1 1 2 2 1 1 1 1 3 3 1 1 1 1 17 17 1 1 1 1 8 8 1 1 1 1 1 1 1 1 1 1 4 4 1 1 1 1 1 1 1 1 1 1 1 1 1 1 1 1 1 1 2 2 1 1 1 1 8 8 1 1 1 1 1 1 1 1 1 1 1 1 1 1 3 3 1 1 1 1 1 1 7 7 1 1 1 1 4 4 1 1 1 1 1 1 1 1 8 8 1 1 1 1 8 8 1 1 1 1 3 3 3 3 1 1 1 1 9 9 1 1 1 1 4 4 1 1 1 1 3 3 1 1 1 1 5 5 1 1 1 1 2 2 1 1 1 1 7 7 2 2 2 2 16 16 1 1 1 1 3 3 1 1 1 1 1 1 1 1 1 1 1 1 9 9 2 2 2 2 1 1 1 1 1 1 17 17 1 1 1 1 7 7 1 1 1 1 9 9 1 1 1 1 3 3 1 1 1 1 12 12 1 1 1 1 7 7 1 1 1 1 4 4 1 1 1 1 24 24 1 1 1 1 1 1 1 1 1 1 16 16 1 1 1 1 18 18 2 2 2 2 4 4 1 1 1 1 13 13 1 1 1 1 1 1 1 1 8 8 1 1 1 1 1 1 1 1 2 2 1 1 1 1 13 13 1 1 1 1 1 1 1 1 1 1 7 7 1 1 1 1 23 23 1 1 1 1 1 1 11 11 1 1 1 1 1 1 1 1 1 1 1 1 1 1 1 1 1 1 1 1 1 1 5 5 2 2 2 2 7 7 1 1 1 1 7 7 1 1 1 1 5 5 1 1 1 1 8 8 1 1 1 1 5 5 1 1 1 1 24 24 1 1 1 1 20 20 1 1 1 1 5 5 1 1 1 1 5 5 1 1 1 1 1 1 1 1 1 1 8 8 1 1 1 1 1 1 1 1 5 5 1 1 1 1 8 8 1 1 1 1 2 2 1 1 1 1 4 4 1 1 1 1 2 2 1 1 1 1 3 3 1 1 1 1 24 24 1 1 1 1 1 1 1 1 6 6 1 1 1 1 3 3 1 1 1 1 8 8 1 1 1 1 2 2 1 1 1 1 9 9 1 1 1 1 3 3 1 1 1 1 1 1 2 2 2 2 6 6 1 1 1 1 4 4 1 1 1 1 10 10 1 1 1 1 1 1 1 1 1 1 2 2 1 1 1 1 8 8 1 1 1 1 1 1 1 1 7 7 2 2 2 2 5 5 1 1 1 1 2 2 1 1 1 1 18 18 1 1 1 1 8 8 1 1 1 1 2 2 1 1 1 1 12 12 3 3 1 1 1 1 1 1 2 2 1 1 1 1 1 1 1 1 1 1 1 1 1 1 1 1 1 1 4 4 2 2 1 1 1 1 1 1 1 1 1 1 4 4 1 1 1 1 1 1 1 1 4 4 1 1 4 4 2 2 1 1 1 1 1 1 3 3 1 1 2 2 1 1 1 1 1 1 1 1 1 1 5 5 1 1 1 1 1 1 1 1 1 1 1 1 1 1 5 5 1 1 1 1 1 1 1 1 2 2 2 2 1 1 1 1 1 1 1 1 4 4 2 2 1 1 1 1 1 1 5 5 3 3 1 1 2 2 4 4 1 1 5 5 5 5 1 1 1 1 1 1 1 1 3 3 1 1 1 1 1 1 1 1 1 1 17 17 1 1 1 1 1 1 1 1 1 1 1 1 26 26 1 1 1 1 18 18 1 1 1 1 2 2 7 7 4 4 1 1 3 3 3 3 2 2 1 1 2 2 1 1 1 1 1 1 1 1 1 1 1 1 1 1 2 2 2 2 2 2 1 1 2 2 1 1 1 1 1 1 1 1 2 2 1 1 1 1 1 1 1 1 1 1 1 1 1 1 2 2 1 1 2 2 2 2 2 2 1 1 1 1 1 1 1 1 1 1 1 1 1 1 1 1 2 2 3 3 2 2 2 2 1 1 1 1 1 1 3 3 2 2 1 1 2 2 1 1 1 1 1 1 1 1 1 1 1 1 1 1 1 1 3 3 1 1 1 1 2 2 7 7 1 1 2 2 2 2 9 9 1 1 1 1 5 5 1 1 1 1 3 3 170 170 2 2 1 1 1 1 12 12 1 1 1 1 4 4 1 1 1 1 1 1 28 28 1 1 1 1 22 22 1 1 1 1 2 2 1 1 1 1 2 2 1 1 1 1 7 7 1 1 1 1 19 19 1 1 1 1 3 3 1 1 1 1 15 15 1 1 1 1 2 2 1 1 1 1 11 11 1 1 1 1 7 7 1 1 3 3 1 1 1 1 2 2 3 3 1 1 3 3 1 1 1 1 1 1 1 1 1 1 1 1 1 1 1 1 1 1 1 1 1 1 3 3 1 1 1 1 1 1 1 1 1 1 1 1 2 2 1 1 1 1 1 1 1 1 1 1 1 1 1 1 1 1 1 1 2 2 1 1 1 1 1 1 1 1 1 1 1 1 1 1 1 1 1 1 1 1 1 1 3 3 1 1 1 1 2 2 1 1 1 1 1 1 1 1 1 1 1 1 1 1 4 4 1 1 1 1 1 1 1 1 1 1 1 1 2 2 1 1 1 1 1 1 1 1 1 1 1 1 1 1 1 1 3 3 1 1 1 1 1 1 2 2 2 2 2 2 2 2 1 1 2 2 1 1 1 1 1 1 2 2 1 1 1 1 5 5 1 1 1 1 4 4 1 1 1 1 3 3 1 1 1 1 28 28 1 1 1 1 24 24 1 1 1 1 4 4 1 1 1 1 1 1 4 4 1 1 1 1 2 2 1 1 1 1 11 11 1 1 1 1 1 1 1 1 1 1 3 3 1 1 1 1 3 3 2 2 2 2 1 1 1 1 1 1 3 3 1 1 1 1 1 1 1 1 1 1 6 6 1 1 1 1 1 1 1 1 1 1 1 1 1 1 10 10 1 1 1 1 7 7 1 1 1 1 1 1 1 1 1 1 1 1 1 1 6 6 1 1 1 1 14 14 1 1 1 1 1 1 2 2 1 1 1 1 2 2 3 3 2 2 1 1 1 1 1 1 1 1 1 1 1 1 1 1 4 4 1 1 1 1 1 1 1 1 1 1 1 1 1 1 3 3 1 1 1 1 2 2 2 2 1 1 1 1 3 3 3 3 2 2 1 1 2 2 1 1 1 1 1 1 1 1 1 1 1 1 1 1 1 1 2 2 1 1 1 1 2 2 1 1 2 2 2 2 4 4 2 2 1 1 1 1 1 1 1 1 4 4 1 1 1 1 1 1 1 1 1 1 3 3 2 2 1 1 1 1 1 1 1 1 1 1 2 2 1 1 1 1 2 2 1 1 1 1 1 1 1 1 1 1 1 1 1 1 1 1 1 1 2 2 1 1 1 1 1 1 2 2 1 1 1 1 1 1 1 1 1 1 1 1 1 1 2 2 1 1 1 1 1 1 1 1 1 1 1 1 1 1 2 2 1 1 1 1 1 1 1 1 5 5 1 1 1 1 1 1 1 1 1 1 3 3 2 2 2 2 1 1 1 1 1 1 1 1 1 1 1 1 4 4 1 1 1 1 1 1 1 1 1 1 15 15 1 1 1 1 5 5 1 1 1 1 1 1 1 1 1 1 1 1 1 1 1 1 4 4 1 1 1 1 10 10 1 1 1 1 12 12 1 1 1 1 2 2 3 3 3 3 4 4 1 1 1 1 13 13 1 1 1 1 36 36 1 1 1 1 7 7 1 1 1 1 10 10 1 1 1 1 49 49 1 1 1 1 2 2 1 1 1 1 36 36 1 1 1 1 15 15 1 1 1 1 25 25 1 1 1 1 40 40 1 1 1 1 23 23 2 2 2 2 14 14 1 1 1 1 8 8 1 1 1 1 19 19 1 1 1 1 4 4 1 1 1 1 3 3 1 1 1 1 2 2 1 1 1 1 1 1 1 1 1 1 35 35 2 2 2 2 15 15 1 1 1 1 15 15 1 1 1 1 14 14 1 1 1 1 4 4 1 1 1 1 21 21 1 1 1 1 27 27 1 1 1 1 3 3 1 1 1 1 2 2 1 1 1 1 24 24 1 1 1 1 27 27 1 1 4 4 1 1 1 1 2 2 1 1 1 1 33 33 1 1 1 1 32 32 1 1 1 1 1 1 1 1 1 1 13 13 1 1 2 2 1 1 1 1 1 1 1 1 1 1 1 1 1 1 1 1 3 3 2 2 1 1 1 1 1 1 1 1 2 2 1 1 1 1 1 1 3 3 1 1 2 2 1 1 1 1 3 3 2 2 5 5 1 1 1 1 1 1 1 1 1 1 1 1 1 1 1 1 1 1 1 1 2 2 1 1 2 2 1 1 1 1 1 1 1 1 2 2 2 2 1 1 1 1 1 1 1 1 2 2 1 1 1 1 2 2 1 1 2 2 1 1 3 3 1 1 1 1 1 1 2 2 2 2 2 2 2 2 1 1 1 1 1 1 1 1 2 2 12 12 1 1 1 1 2 2 1 1 1 1 2 2 1 1 7 7 1 1 1 1 2 2 1 1 1 1 6 6 1 1 2 2 1 1 1 1 2 2 1 1 2 2 1 1 3 3 1 1 1 1 2 2 4 4 1 1 1 1 1 1 2 2 1 1 1 1 1 1 1 1 1 1 4 4 1 1 1 1 2 2 1 1 1 1 1 1 1 1 1 1 2 2 1 1 1 1 2 2 1 1 1 1 1 1 8 8 1 1 1 1 1 1 1 1 7 7 1 1 1 1 9 9 1 1 1 1 8 8 1 1 1 1 1 1 1 1 1 1 4 4 1 1 1 1 2 2 1 1 1 1 12 12 1 1 1 1 2 2 1 1 1 1 3 3 1 1 1 1 1 1 13 13 1 1 1 1 3 3 1 1 1 1 4 4 1 1 1 1 11 11 1 1 1 1 3 3 1 1 1 1 4 4 5 5 1 1 1 1 1 1 1 1 1 1 5 5 1 1 1 1 2 2 1 1 2 2 1 1 2 2 1 1 1 1 5 5 1 1 1 1 1 1 1 1 1 1 1 1 1 1 1 1 1 1 3 3 1 1 1 1 1 1 2 2 1 1 1 1 1 1 1 1 2 2 1 1 1 1 1 1 1 1 1 1 1 1 1 1 1 1 2 2 1 1 1 1 8 8 1 1 1 1 1 1 1 1 1 1 1 1 1 1 1 1 10 10 1 1 1 1 3 3 1 1 1 1 1 1 1 1 1 1 2 2 2 2 1 1 1 1 1 1 1 1 1 1 1 1 1 1 1 1 3 3 1 1 1 1 1 1 3 3 1 1 1 1 1 1 1 1 1 1 1 1 1 1 1 1 1 1 1 1 2 2 1 1 1 1 1 1 2 2 1 1 1 1 1 1 1 1 2 2 1 1 1 1 3 3 2 2 3 3 1 1 1 1 1 1 1 1 1 1 1 1 1 1 4 4 2 2 1 1 1 1 1 1 2 2 1 1 1 1 5 5 1 1 1 1 3 3 1 1 1 1 1 1 1 1 1 1 1 1 2 2 2 2 1 1 3 3 3 3 1 1 1 1 1 1 3 3 6 6 1 1 1 1 1 1 1 1 1 1 1 1 2 2 1 1 1 1 1 1 1 1 3 3 1 1 1 1 1 1 1 1 1 1 1 1 1 1 1 1 2 2 2 2 3 3 1 1 1 1 1 1 1 1 2 2 1 1 1 1 1 1 1 1 2 2 2 2 1 1 1 1 2 2 1 1 1 1 1 1 1 1 1 1 2 2 2 2 1 1 1 1 1 1 3 3 2 2 1 1 1 1 3 3 4 4 1 1 1 1 1 1 1 1 3 3 1 1 1 1 2 2 1 1 1 1 1 1 1 1 1 1 1 1 1 1 3 3 1 1 2 2 1 1 1 1 1 1 1 1 1 1 1 1 1 1 1 1 1 1 1 1 2 2 1 1 1 1 1 1 1 1 1 1 2 2 1 1 1 1 6 6 5 5 1 1 1 1 1 1 1 1 1 1 2 2 1 1 1 1 1 1 1 1 2 2 1 1 2 2 1 1 1 1 1 1 1 1 1 1 3 3 4 4 1 1 1 1 1 1 4 4 1 1 1 1 13 13 1 1 1 1 35 35 2 2 1 1 4 4 2 2 7 7 1 1 1 1 1 1 1 1 1 1 2 2 2 2 1 1 1 1 3 3 1 1 2 2 5 5 1 1 1 1 4 4 3 3 1 1 1 1 9 9 1 1 1 1 8 8 1 1 1 1 1 1 3 3 1 1 1 1 1 1 1 1 1 1 1 1 1 1 21 21 5 5 2 2 2 2 1 1 1 1 1 1 6 6 5 5 1 1 1 1 1 1 4 4 1 1 1 1 1 1 2 2 1 1 1 1 2 2 2 2 2 2 8 8 1 1 1 1 1 1 1 1 1 1 1 1 2 2 2 2 6 6 1 1 1 1 6 6 2 2 2 2 11 11 1 1 1 1 1 1 1 1 1 1 1 1 8 8 1 1 1 1 5 5 1 1 1 1 7 7 1 1 1 1 1 1 1 1 1 1 1 1 1 1 1 1 7 7 1 1 1 1 10 10 1 1 1 1 11 11 1 1 1 1 13 13 1 1 1 1 6 6 1 1 1 1 3 3 1 1 1 1 2 2 1 1 1 1 9 9 1 1 1 1 10 10 1 1 1 1 3 3 1 1 1 1 1 1 1 1 9 9 1 1 1 1 16 16 1 1 1 1 5 5 1 1 1 1 4 4 1 1 1 1 30 30 1 1 1 1 27 27 1 1 1 1 27 27 29 29 1 1 1 1 10 10 1 1 1 1 1 1 1 1 1 1 1 1 1 1 1 1 12 12 1 1 1 1 23 23 1 1 1 1 9 9 1 1 1 1 2 2 1 1 1 1 19 19 1 1 1 1 8 8 1 1 1 1 12 12 1 1 1 1 3 3 1 1 1 1 10 10 1 1 1 1 1 1 2 2 2 2 4 4 2 2 2 2 3 3 1 1 1 1 31 31 2 2 2 2 6 6 1 1 1 1 15 15 1 1 1 1 8 8 1 1 1 1 1 1 1 1 4 4 9 9 1 1 1 1 12 12 1 1 14 14 1 1 1 1 8 8 1 1 1 1 2 2 1 1 1 1 24 24 1 1 1 1 8 8 1 1 1 1 7 7 1 1 1 1 1 1 171 171 47 47 1 1 1 1 4 4 1 1 1 1 68 68 1 1 1 1 10 10 1 1 1 1 83 83 1 1 1 1 8 8 1 1 1 1 39 39 1 1 1 1 31 31 1 1 1 1 15 15 1 1 1 1 13 13 1 1 1 1 42 42 1 1 1 1 24 24 1 1 1 1 17 17 1 1 1 1 9 9 1 1 1 1 9 9 1 1 1 1 9 9 13 13 1 1 1 1 39 39 1 1 1 1 67 67 1 1 1 1 23 23 1 1 1 1 10 10 1 1 1 1 5 5 1 1 1 1 49 49 1 1 1 1 73 73 1 1 1 1 55 55 1 1 1 1 5 5 1 1 1 1 23 23 1 1 1 1 20 20 1 1 1 1 7 7 1 1 1 1 5 5 1 1 1 1 12 12 1 1 1 1 2 2 1 1 1 1 25 25 1 1 1 1 1 1 1 1 16 16 1 1 1 1 6 6 1 1 1 1 1 1 1 1 1 1 1 1 3 3 1 1 1 1 6 6 1 1 1 1 11 11 1 1 1 1 9 9 1 1 1 1 3 3 1 1 1 1 11 11 1 1 1 1 22 22 1 1 1 1 1 1 1 1 20 20 1 1 1 1 7 7 1 1 1 1 7 7 1 1 1 1 1 1 1 1 19 19 1 1 1 1 13 13 1 1 1 1 4 4 1 1 1 1 1 1 1 1 3 3 1 1 2 2 8 8 1 1 1 1 1 1 2 2 1 1 1 1 1 1 1 1 1 1 5 5 3 3 4 4 1 1 1 1 1 1 1 1 1 1 1 1 1 1 16 16 1 1 1 1 32 32 1 1 1 1 28 28 1 1 1 1 1 1 1 1 4 4 1 1 1 1 56 56 1 1 1 1 43 43 1 1 1 1 1 1 1 1 1 1 23 23 1 1 1 1 15 15 1 1 1 1 60 60 1 1 1 1 5 5 1 1 1 1 26 26 1 1 1 1 28 28 1 1 1 1 6 6 1 1 1 1 12 12 1 1 1 1 6 6 1 1 1 1 5 5 1 1 1 1 3 3 1 1 1 1 1 1 1 1 1 1 29 29 1 1 20 20 1 1 1 1 31 31 1 1 1 1 1 1 1 1 5 5 1 1 1 1 30 30 1 1 1 1 10 10 1 1 1 1 47 47 1 1 1 1 10 10 1 1 1 1 16 16 1 1 1 1 19 19 1 1 1 1 1 1 1 1 1 1 7 7 1 1 1 1 2 2 1 1 1 1 22 22 1 1 1 1 5 5 1 1 1 1 82 82 62 20 515 1330







555 555 14 14 1 1 1 1 1 1 2 2 10 10 1 1 1 1 2 2 1 1 1 1 3 3 1 1 1 1 7 7 1 1 1 1 10 10 1 1 1 1 4 4 2 2 2 2 7 7 1 1 1 1 18 18 10 10 4 4 1 1 1 1 16 16 1 1 1 1 9 9 1 1 1 1 1 1 1 1 7 7 1 1 1 1 6 6 1 1 1 1 7 7 1 1 1 1 2 2 1 1 1 1 2 2 1 1 1 1 2 2 1 1 1 1 1 1 10 10 3 3 1 1 1 1 1 1 1 1 1 1 2 2 1 1 1 1 2 2 2 2 2 2 4 4 1 1 1 1 4 4 1 1 1 1 8 8 2 2 2 2 5 5 1 1 1 1 1 1 1 1 1 1 7 7 1 1 1 1 2 2 2 2 2 2 3 3 2 2 2 2 2 2 2 2 2 2 5 5 1 1 1 1 3 3 1 1 6 6 1 1 1 1 1 1 6 6 1 1 1 1 5 5 1 1 1 1 1 1 1 1 1 1 1 1 1 1 1 1 2 2 1 1 1 1 1 1 1 1 1 1 8 8 1 1 1 1 1 1 1 1 1 1 2 2 3 3 3 3 6 6 1 1 1 1 3 3 28 28 3 3 3 3 1 1 1415 1415 439 976 367 188
889 889 20 20 1 1 1 1 3 3 1 1 1 1 20 20 1 1 1 1 1 1 8 8 11 11 103 103 3 3 1 1 1 1 9 9 1 1 1 1 8 8 1 1 1 1 6 6 1 1 1 1 5 5 1 1 1 1 4 4 1 1 1 1 8 8 1 1 1 1 4 4 10 10 9 9 1 1 1 1 4 4 1 1 1 1 15 15 1 1 1 1 3 3 1 1 1 1 13 13 2 2 1 1 1 1 27 27 2 2 2 2 29 29 5 5 10 10 36 36 1 1 1 1 1 1 2 2 2 2 4 4 1 1 1 1 5 5 2 2 132 132 5 5 1 1 1 1 17 17 2 2 2 2 1 1 1 1 1 1 1 1 1 1 7 7 1 1 1 1 1 1 1 1 1 1 1 1 1 1 1 1 1 1 1 1 1 1 2 2 2 2 9 9 1 1 1 1 16 16 1 1 1 1 13 13 1 1 1 1 7 7 1 1 1 1 1 1 15 15 5 5 10 10 1 1 1 1 1 1 8 8 1 1 1 1 3 3 2 2 2 2 6 6 1 1 1 1 16 16 1 1 1 1 7 7 1 1 1 1 3 3 1 1 1 1 1 1 1 1 2 2 3 3 1 1 1 1 1 1 48 48 2 2 12 12 6 6 1 1 1 1 1 1 1 1 5 5 2 2 2 2 10 10 1 1 1 1 3 3 3 3 3 3 1 1 2 2 2 2 3 3 1 1 1 1 16 16 1 1 1 1 3 3 2 2 2 2 9 9 161 161 1 1 1 1 1 1 6 6 1 1 1 1 1 1 1 1 5 5 1 1 1 1 3 3 1 1 1 1 7 7 1 1 1 1 4 4 1 1 1 1 9 9 1 1 1 1 9 9 2 2 2 2 3 3 1 1 1 1 6 6 1 1 1 1 2 2 1 1 191 191 2 2 1 1 1 1 1 1 2 2 2 2 1 1 1 1 1 1 9 9 1 1 1 1 16 16 1 1 1 1 11 11 1 1 1 1 2 2 1 1 1 1 7 7 1 1 1 1 7 7 3 3 3 3 1 1 2 2 2 2 20 20 1 1 1 1 4 4 1 1 1 1 5 5 1 1 1 1 2 2 3 3 3 3 1 1 2 2 2 2 1 1 1 1 1 1 3 3 1 1 1 1 2 2 1 1 1 1 5 5 1 1 1 1 6 6 1 1 1 1 10 10 1 1 1 1 5 5 1 1 1 1 5 5 629 629 533 96 151 738
1184 1184 13 13 1 1 1 1 14 14 1 1 1 1 2 2 2 2 2 2 16 16 1 1 1 1 5 5 10 10 14 14 1 1 1 1 9 9 1 1 1 1 4 4 1 1 1 1 1 1 2 2 2 2 5 5 45 45 10 10 1 1 1 1 2 2 1 1 1 1 10 10 1 1 1 1 1 1 1 1 1 1 2 2 1 1 1 1 6 6 1 1 1 1 2 2 3 3 3 3 6 6 1 1 1 1 6 6 1 1 1 1 2 2 1 1 1 1 20 20 1 1 1 1 5 5 1 1 1 1 5 5 1 1 1 1 2 2 2 2 2 2 14 14 719 719 4 4 3 3 3 3 2 2 1 1 1 1 3 3 1 1 1 1 19 19 1 1 1 1 10 10 1 1 1 1 9 9 1 1 1 1 5 5 1 1 1 1 4 4 15 15 2 2 1 1 1 1 14 14 1 1 1 1 4 4 1 1 1 1 11 11 1 1 1 1 4 4 1 1 1 1 10 10 1 1 1 1 22 22 1 1 1 1 5 5 1 1 1 1 3 3 1 1 1 1 6 6 1 1 1 1 3 3 3 3 3 3 3 3 1 1 1 1 12 12 1 1 1 1 11 11 1 1 1 1 3 3 1 1 1 1 1 1 1 1 1 1 1 1 1 1 1 1 2 2 1 1 1 1 1 1 2 2 2 2 1 1 2 2 2 2 8 8 3 3 3 3 5 5 1 1 1 1 4 4 5 5 7 7 1 1 1 1 9 9 1 1 1 1 15 15 1 1 1 1 7 7 889 889 381 508 64 1120
467 467 1 1 1 1 21 21 1 1 1 1 163 163 1 1 1 1 117 117 1 1 1 1 244 244 215 252 78 166
419 419 7 7 50 50 1 1 1 1 2 2 1 1 1 1 1 1 6 6 3 3 3 3 2 2 1 1 1 1 40 40 1 1 1 1 3 3 26 26 1 1 1 1 16 16 112 112 388 31 33 79
112 112 2 2 1 1 1 1 4 4 1 1 1 1 2 2 1 1 1 1 29 29 1 1 1 1 7 7 1 1 1 1 4 4 1 1 1 1 1 1 1 1 1 1 11 11 1 1 1 1 2 2 1 1 1 1 16 16 1 1 1 1 7 7 1 1 1 1 5 5 1 1 1 1 18 18 1 1 1 1 2 2 1 1 1 1 1 1 6 6 2 2 2 2 7 7 1 1 1 1 2 2 1 1 1 1 2 2 1 1 1 1 4 4 1 1 1 1 11 11 2 2 2 2 16 16 1 1 1 1 6 6 2 2 2 2 23 23 1 1 1 1 5 5 1 1 1 1 13 13 1 1 1 1 7 7 1 1 1 1 2 2 2 2 2 2 2 2 7 7 1 1 1 1 7 7 1 1 1 1 11 11 1 1 1 1 9 9 1 1 1 1 5 5 1 1 1 1 12 12 2 2 2 2 30 30 1 1 1 1 10 10 1 1 1 1 7 7 1 1 1 1 3 3 1 1 1 1 16 16 1 1 1 1 22 22 1 1 1 1 5 5 1 1 14 14 1 1 1 1 1 1 3 3 3 3 2 2 1 1 8 8 14 14 1 1 1 1 9 9 1 1 1 1 12 12 1 1 1 1 6 6 1 1 1 1 2 2 1 1 1 1 4 4 1 1 1 1 3 3 19 19 1 1 1 1 17 17 1 1 1 1 6 6 1 1 1 1 7 7 1 1 1 1 5 5 1 1 1 1 6 6 1 1 1 1 23 23 4 4 1 1 1 1 6 6 1 1 1 1 7 7 1 1 1 1 1 1 5 5 1 1 1 1 6 6 1 1 1 1 23 23 2 2 2 2 2 2 1 1 1 1 15 15 5 5 1 1 1 1 5 5 1 1 1 1 2 2 1 1 1 1 18 18 1 1 1 1 2 2 2 2 2 2 2 2 1 1 1 1 6 6 1 1 1 1 7 7 1 1 1 1 11 11 1 1 1 1 1 1 1 1 1 1 1 1 1 1 1 1 1 1 1 1 20 20 1 1 1 1 1 1 1 1 8 8 1 1 1 1 7 7 1 1 1 1 5 5 1 1 1 1 30 30 1 1 1 1 1 1 1 1 2 2 1 1 1 1 3 3 1 1 1 1 16 16 1 1 1 1 5 5 1 1 1 1 23 23 3 3 3 3 9 9 1 1 1 1 7 7 1 1 1 1 4 4 7 7 1 1 1 1 48 48 8 8 15 15 12 12 1 1 1 1 149 149 85 27 25 124
2796 2796 1 1 1 1 2 2 2 2 2 2 1 1 2 2 1 1 5 5 1 1 1 1 64 64 41 23 24 2772
132 132 30 30 15 15 1 1 1 1 23 23 1 1 1 1 10 10 1 1 1 1 1 1 17 17 3 3 1 1 1 1 8 8 1 1 1 1 3 3 1 1 1 1 36 36 1 1 1 1 18 18 1 1 1 1 21 21 1 1 4 4 1 1 1 1 1 1 1 1 2 2 1 1 1 1 4 4 2796 2796 2775 21 20 112
51 51 1 1 1 1 1 1 32 32 1 1 1 1 11 11 1 1 1 1 1 1 5 5 1 1 1 1 9 9 8 8 1 1 5 5 1 1 1 1 17 17 2 2 5 5 7 7 1 1 1 1 38 38 1 1 1 1 29 29 1 1 20 20 1 1 13 13 1 1 23 23 79 79 9 9 1 1 4 4 41 41 1 1 1 1 9 9 1 1 5 5 1 1 1 1 17 17 1 1 1 1 2 2 1 1 1 1 7 7 13 13 1 1 1 1 2 2 1 1 1 1 11 11 3 3 1 1 1 1 4 4 1 1 1 1 1 1 11 11 1 1 18 18 1 1 1 1 3 3 1 1 1 1 23 23 1 1 2 2 22 22 1 1 1 1 3 3 1 1 1 1 4 4 6 6 1 1 1 1 4 4 1 1 1 1 1 1 1 1 10 10 15 15 1 1 39 39 1 1 1 1 6 6 1 1 14 14 1 1 1 1 4 4 1 1 1 1 28 28 1 1 1 1 17 17 1 1 1 1 16 16 1 1 1 1 4 4 1 1 1 1 47 47 1 1 1 1 2 2 1 1 3 3 1 1 1 1 40 40 1 1 1 1 4 4 1 1 1 1 17 17 1 1 1 1 2 2 1 1 21 21 1 1 1 1 23 23 22 22 1 1 1 1 1 1 1 1 3 3 1 1 1 1 17 17 1 1 1 1 1 1 1 1 2 2 1 1 1 1 15 15 1 1 1 1 1 1 1 1 1 1 1 1 1 1 1 1 1 1 3 3 1 1 1 1 10 10 1 1 1 1 4 4 1 1 1 1 1 1 1 1 2 2 1 1 1 1 16 16 1 1 1 1 3 3 1 1 1 1 2 2 1 1 14 14 1 1 1 1 4 4 2 2 2 2 2 2 1 1 1 1 45 45 1 1 1 1 14 14 1 1 1 1 4 4 1 1 1 1 1 1 1 1 2 2 1 1 3 3 15 15 1 1 1 1 1 1 26 26 1 1 1 1 2 2 1 1 3 3 1 1 1 1 4 4 12 12 1 1 1 1 4 4 1 1 1 1 12 12 1 1 11 11 23 23 8 8 1 1 4 4 1 1 1 1 22 22 1 1 4 4 1 1 1 1 16 16 1 1 22 22 1 1 5 5 1 1 1 1 6 6 1 1 1 1 10 10 1 1 1 1 5 5 1 1 1 1 170 170 27 24 26 144
3703 3703 3 3 1 1 1 1 2 2 1 1 1 1 1 1 2 2 1 1 2 2 1 1 2 2 1 1 1 1 3 3 1 1 1 1 1 1 1 1 14 14 1 1 1 1 2 2 1 1 1 1 2 2 1 1 1 1 1 1 2 2 2 2 1 1 1 1 2 2 1 1 1 1 3 3 1 1 1 1 1 1 1 1 17 17 1 1 1 1 2 2 1 1 1 1 1 1 2 2 1 1 2 2 1 1 2 2 1 1 1 1 3 3 1 1 1 1 1 1 1 1 17 17 1 1 1 1 2 2 1 1 1 1 1 1 2 2 2 2 1 1 1 1 2 2 1 1 1 1 3 3 1 1 1 1 1 1 1 1 17 17 1 1 1 1 1 1 1 1 1 1 1 1 1 1 3 3 1 1 1 1 2 2 1 1 1 1 3 3 1 1 1 1 1 1 1 1 17 17 1 1 1 1 2 2 1 1 1 1 3 3 1 1 1 1 2 2 1 1 1 1 3 3 1 1 1 1 1 1 1 1 14 14 1 1 1 1 2 2 1 1 1 1 2 2 1 1 1 1 3 3 1 1 1 1 2 2 1 1 1 1 3 3 1 1 1 1 1 1 1 1 17 17 1 1 1 1 2 2 1 1 1 1 1 1 2 2 1 1 2 2 1 1 2 2 1 1 1 1 3 3 1 1 1 1 1 1 1 1 20 20 1 1 1 1 1 1 2 2 2 2 3 3 1 1 1 1 3 3 1 1 1 1 1 1 1 1 17 17 1 1 1 1 1 1 1 1 1 1 1 1 1 1 3 3 1 1 1 1 2 2 1 1 1 1 3 3 1 1 1 1 1 1 1 1 14 14 1 1 1 1 2 2 1 1 1 1 2 2 1 1 1 1 3 3 1 1 1 1 2 2 1 1 1 1 3 3 1 1 1 1 1 1 1 1 17 17 1 1 1 1 2 2 1 1 1 1 3 3 1 1 1 1 2 2 1 1 1 1 3 3 1 1 1 1 1 1 1 1 17 17 1 1 1 1 2 2 1 1 1 1 3 3 1 1 1 1 2 2 1 1 1 1 3 3 1 1 1 1 1 1 1 1 14 14 1 1 1 1 2 2 1 1 1 1 2 2 1 1 1 1 1 1 2 2 2 2 1 1 1 1 2 2 1 1 1 1 3 3 1 1 1 1 1 1 1 1 17 17 1 1 1 1 2 2 1 1 1 1 3 3 1 1 1 1 2 2 1 1 1 1 3 3 1 1 1 1 1 1 1 1 17 17 1 1 1 1 2 2 1 1 1 1 3 3 1 1 1 1 2 2 1 1 1 1 3 3 1 1 1 1 1 1 1 1 14 14 1 1 1 1 2 2 1 1 1 1 2 2 1 1 1 1 1 1 2 2 1 1 2 2 1 1 2 2 1 1 1 1 3 3 1 1 1 1 1 1 1 1 9 9 1 1 8 8 1 1 1 1 2 2 1 1 1 1 1 1 2 2 1 1 2 2 1 1 2 2 1 1 1 1 3 3 1 1 1 1 1 1 1 1 14 14 1 1 1 1 2 2 1 1 1 1 2 2 1 1 1 1 6 6 1 1 1 1 3 3 1 1 1 1 1 1 1 1 17 17 1 1 1 1 2 2 1 1 1 1 6 6 1 1 1 1 3 3 1 1 1 1 1 1 1 1 17 17 1 1 1 1 1 1 1 1 1 1 1 1 1 1 3 3 1 1 1 1 2 2 1 1 1 1 3 3 1 1 1 1 1 1 1 1 17 17 1 1 1 1 2 2 1 1 1 1 1 1 2 2 1 1 2 2 1 1 2 2 1 1 1 1 3 3 1 1 1 1 1 1 1 1 14 14 1 1 1 1 2 2 1 1 1 1 2 2 1 1 1 1 1 1 2 2 1 1 2 2 1 1 2 2 1 1 1 1 3 3 1 1 1 1 1 1 1 1 20 20 1 1 1 1 1 1 2 2 2 2 3 3 1 1 1 1 3 3 1 1 1 1 1 1 1 1 27 27 1 1 1 1 3 3 1 1 1 1 1 1 1 1 20 20 1 1 1 1 3 3 1 1 1 1 2 2 1 1 1 1 3 3 1 1 1 1 1 1 1 1 27 27 1 1 1 1 3 3 1 1 1 1 1 1 1 1 14 14 1 1 1 1 5 5 1 1 1 1 3 3 1 1 1 1 2 2 1 1 1 1 3 3 1 1 1 1 1 1 1 1 17 17 1 1 1 1 2 2 1 1 1 1 1 1 2 2 1 1 2 2 1 1 2 2 1 1 1 1 3 3 1 1 1 1 1 1 1 1 17 17 1 1 1 1 2 2 1 1 1 1 3 3 1 1 1 1 2 2 1 1 1 1 5 5 1 1 14 14 1 1 1 1 2 2 1 1 1 1 2 2 1 1 1 1 3 3 1 1 1 1 2 2 1 1 1 1 3 3 1 1 1 1 1 1 1 1 14 14 1 1 1 1 5 5 1 1 1 1 1 1 2 2 1 1 2 2 1 1 2 2 1 1 1 1 3 3 1 1 1 1 1 1 1 1 14 14 1 1 1 1 2 2 1 1 1 1 1 1 1 1 1 1 1 1 1 1 1 1 2 2 1 1 2 2 1 1 2 2 1 1 1 1 3 3 1 1 1 1 1 1 1 1 17 17 1 1 1 1 2 2 1 1 1 1 3 3 1 1 1 1 2 2 1 1 1 1 3 3 1 1 1 1 1 1 1 1 14 14 1 1 1 1 2 2 1 1 1 1 2 2 1 1 1 1 3 3 1 1 1 1 2 2 1 1 1 1 3 3 1 1 1 1 1 1 1 1 17 17 1 1 1 1 1 1 1 1 1 1 1 1 1 1 3 3 1 1 1 1 2 2 1 1 1 1 3 3 1 1 1 1 1 1 1 1 8 8 1 1 8 8 1 1 1 1 2 2 1 1 1 1 3 3 1 1 1 1 2 2 1 1 1 1 3 3 1 1 1 1 1 1 1 1 8 8 1 1 11 11 1 1 1 1 3 3 1 1 1 1 2 2 1 1 1 1 3 3 1 1 1 1 1 1 1 1 17 17 1 1 1 1 1 1 1 1 1 1 1 1 1 1 1 1 2 2 2 2 3 3 1 1 1 1 3 3 1 1 1 1 1 1 1 1 14 14 1 1 1 1 2 2 1 1 1 1 2 2 1 1 1 1 3 3 1 1 1 1 2 2 1 1 1 1 3 3 1 1 1 1 1 1 1 1 8 8 1 1 11 11 1 1 1 1 3 3 1 1 1 1 2 2 1 1 1 1 3 3 1 1 1 1 1 1 1 1 20 20 1 1 1 1 3 3 1 1 1 1 2 2 1 1 1 1 3 3 1 1 1 1 1 1 1 1 20 20 1 1 1 1 3 3 1 1 1 1 2 2 1 1 1 1 3 3 1 1 1 1 1 1 1 1 7 7 1 1 1 1 6 6 1 1 1 1 2 2 1 1 1 1 1 1 1 1 1 1 1 1 1 1 3 3 1 1 1 1 2 2 1 1 1 1 3 3 1 1 1 1 1 1 1 1 14 14 1 1 1 1 3 3 1 1 1 1 1 1 1 1 1 1 3 3 1 1 1 1 2 2 1 1 1 1 3 3 1 1 1 1 1 1 1 1 8 8 1 1 8 8 1 1 1 1 2 2 1 1 1 1 3 3 1 1 1 1 2 2 1 1 1 1 3 3 1 1 1 1 1 1 1 1 20 20 1 1 1 1 1 1 2 2 2 2 1 1 1 1 2 2 1 1 1 1 3 3 1 1 1 1 1 1 1 1 17 17 1 1 1 1 2 2 1 1 1 1 1 1 2 2 1 1 2 2 1 1 2 2 1 1 1 1 3 3 1 1 1 1 1 1 1 1 7 7 1 1 1 1 1 1 11 11 1 1 1 1 1 1 2 2 2 2 1 1 1 1 2 2 1 1 1 1 3 3 1 1 1 1 1 1 1 1 17 17 1 1 1 1 2 2 1 1 1 1 3 3 1 1 1 1 2 2 1 1 1 1 3 3 1 1 1 1 1 1 1 1 14 14 1 1 1 1 2 2 1 1 1 1 2 2 1 1 1 1 3 3 1 1 1 1 2 2 1 1 1 1 3 3 1 1 1 1 1 1 1 1 17 17 1 1 1 1 2 2 1 1 1 1 3 3 1 1 1 1 2 2 1 1 1 1 3 3 1 1 1 1 1 1 1 1 4 4 1 1 1 1 12 12 1 1 1 1 2 2 1 1 1 1 3 3 1 1 1 1 2 2 1 1 1 1 2 2 1 1 1 1 1 1 1 1 1 1 1 1 9 9 11 11 1 1 1 1 3 3 1 1 1 1 2 2 1 1 1 1 3 3 1 1 1 1 1 1 1 1 14 14 6 6 1 1 1 1 1 1 2 2 2 2 1 1 1 1 2 2 1 1 1 1 3 3 1 1 1 1 1 1 1 1 9 9 1 1 5 5 1 1 1 1 2 2 3 3 1 1 1 1 1 1 2 2 2 2 1 1 1 1 2 2 1 1 1 1 3 3 1 1 1 1 1 1 1 1 17 17 1 1 1 1 2 2 1 1 1 1 3 3 1 1 1 1 2 2 1 1 1 1 2 2 1 1 1 1 1 1 1 1 1 1 1 1 17 17 1 1 1 1 2 2 1 1 1 1 3 3 1 1 1 1 2 2 1 1 1 1 3 3 1 1 1 1 1 1 1 1 14 14 1 1 1 1 5 5 1 1 1 1 3 3 1 1 1 1 2 2 1 1 1 1 3 3 1 1 1 1 1 1 1 1 20 20 1 1 1 1 3 3 1 1 1 1 2 2 1 1 1 1 3 3 1 1 1 1 1 1 1 1 20 20 1 1 1 1 3 3 1 1 1 1 2 2 1 1 1 1 3 3 1 1 1 1 1 1 1 1 14 14 1 1 1 1 2 2 1 1 1 1 2 2 1 1 1 1 3 3 1 1 1 1 2 2 1 1 1 1 3 3 1 1 1 1 1 1 1 1 5 5 1 1 1 1 8 8 1 1 1 1 5 5 1 1 1 1 1 1 2 2 2 2 3 3 1 1 1 1 3 3 1 1 1 1 1 1 1 1 8 8 1 1 11 11 1 1 1 1 1 1 2 2 2 2 1 1 1 1 2 2 1 1 1 1 3 3 1 1 1 1 1 1 1 1 17 17 1 1 1 1 1 1 1 1 1 1 1 1 1 1 2 2 2 2 1 1 1 1 2 2 1 1 1 1 3 3 1 1 1 1 1 1 1 1 17 17 1 1 1 1 2 2 1 1 1 1 6 6 1 1 1 1 2 2 1 1 1 1 1 1 1 1 1 1 1 1 5 5 1 1 1 1 8 8 1 1 1 1 5 5 1 1 1 1 3 3 1 1 1 1 2 2 1 1 1 1 3 3 1 1 1 1 1 1 1 1 17 17 1 1 1 1 2 2 1 1 1 1 1 1 2 2 2 2 3 3 1 1 1 1 3 3 1 1 1 1 1 1 1 1 14 14 1 1 1 1 2 2 1 1 1 1 2 2 1 1 1 1 1 1 2 2 2 2 1 1 1 1 2 2 1 1 1 1 3 3 1 1 1 1 1 1 1 1 20 20 1 1 1 1 1 1 2 2 2 2 1 1 1 1 2 2 1 1 1 1 1 1 3 3 1 1 1 1 1 1 1 1 14 14 1 1 1 1 2 2 1 1 1 1 2 2 1 1 1 1 3 3 1 1 1 1 2 2 1 1 1 1 1 1 3 3 1 1 1 1 1 1 1 1 17 17 1 1 1 1 2 2 1 1 1 1 1 1 2 2 2 2 1 1 1 1 2 2 1 1 1 1 3 3 1 1 1 1 1 1 1 1 20 20 1 1 1 1 3 3 1 1 1 1 2 2 1 1 1 1 3 3 1 1 1 1 1 1 1 1 20 20 1 1 1 1 3 3 1 1 1 1 2 2 1 1 1 1 3 3 1 1 1 1 1 1 1 1 8 8 1 1 11 11 1 1 1 1 1 1 2 2 2 2 1 1 1 1 2 2 1 1 1 1 3 3 1 1 1 1 1 1 1 1 14 14 1 1 1 1 2 2 1 1 1 1 2 2 1 1 1 1 6 6 1 1 1 1 3 3 1 1 1 1 1 1 1 1 20 20 1 1 1 1 3 3 1 1 1 1 2 2 1 1 1 1 3 3 1 1 1 1 1 1 1 1 6 6 1 1 1 1 13 13 1 1 1 1 6 6 1 1 1 1 3 3 1 1 1 1 1 1 1 1 14 14 1 1 1 1 2 2 1 1 1 1 2 2 1 1 1 1 1 1 2 2 2 2 1 1 1 1 2 2 1 1 1 1 3 3 1 1 1 1 1 1 1 1 17 17 1 1 1 1 2 2 1 1 1 1 3 3 1 1 1 1 2 2 1 1 1 1 3 3 1 1 1 1 1 1 1 1 20 20 1 1 1 1 1 1 2 2 2 2 1 1 1 1 2 2 1 1 1 1 3 3 1 1 1 1 1 1 1 1 14 14 1 1 1 1 5 5 1 1 1 1 1 1 2 2 2 2 3 3 1 1 1 1 3 3 1 1 1 1 1 1 1 1 14 14 1 1 1 1 5 5 1 1 1 1 6 6 1 1 1 1 3 3 1 1 1 1 1 1 1 1 14 14 1 1 1 1 5 5 1 1 1 1 1 1 2 2 2 2 1 1 1 1 2 2 1 1 1 1 3 3 1 1 1 1 1 1 1 1 8 8 1 1 5 5 1 1 1 1 2 2 3 3 1 1 1 1 6 6 1 1 1 1 3 3 1 1 1 1 1 1 1 1 20 20 1 1 1 1 3 3 1 1 1 1 2 2 1 1 1 1 3 3 1 1 1 1 22 22 1 1 1 1 6 6 1 1 1 1 3 3 1 1 1 1 1 1 1 1 6 6 1 1 1 1 1 1 1 1 8 8 1 1 1 1 2 2 1 1 1 1 1 1 2 2 1 1 2 2 1 1 2 2 1 1 1 1 3 3 1 1 1 1 1 1 1 1 17 17 1 1 1 1 2 2 1 1 1 1 3 3 1 1 1 1 2 2 1 1 1 1 3 3 1 1 1 1 1 1 1 1 20 20 1 1 1 1 1 1 2 2 1 1 2 2 1 1 2 2 1 1 1 1 3 3 1 1 1 1 1 1 1 1 14 14 1 1 1 1 2 2 1 1 1 1 2 2 1 1 1 1 1 1 2 2 2 2 3 3 1 1 1 1 3 3 1 1 1 1 1 1 1 1 17 17 1 1 1 1 2 2 1 1 1 1 1 1 2 2 2 2 3 3 1 1 1 1 3 3 1 1 1 1 1 1 1 1 17 17 1 1 1 1 2 2 1 1 1 1 3 3 1 1 1 1 2 2 1 1 1 1 3 3 1 1 1 1 1 1 1 1 17 17 1 1 1 1 2 2 1 1 1 1 1 1 2 2 2 2 1 1 1 1 2 2 1 1 1 1 3 3 1 1 1 1 1 1 1 1 17 17 3 3 1 1 1 1 6 6 1 1 1 1 3 3 1 1 1 1 1 1 1 1 20 20 1 1 1 1 3 3 1 1 1 1 8 8 1 1 17 17 1 1 1 1 2 2 1 1 1 1 3 3 1 1 1 1 2 2 1 1 1 1 3 3 1 1 1 1 1 1 1 1 17 17 1 1 1 1 2 2 1 1 1 1 1 1 2 2 1 1 2 2 1 1 2 2 1 1 1 1 3 3 1 1 1 1 1 1 1 1 20 20 1 1 1 1 3 3 1 1 1 1 2 2 1 1 1 1 3 3 1 1 1 1 1 1 1 1 20 20 1 1 1 1 3 3 1 1 1 1 2 2 1 1 1 1 3 3 1 1 1 1 1 1 1 1 8 8 1 1 11 11 1 1 1 1 3 3 1 1 1 1 2 2 1 1 1 1 3 3 1 1 1 1 1 1 1 1 20 20 1 1 1 1 3 3 1 1 1 1 2 2 1 1 1 1 3 3 1 1 1 1 1 1 1 1 14 14 1 1 1 1 5 5 1 1 1 1 1 1 2 2 1 1 2 2 1 1 2 2 1 1 1 1 3 3 1 1 1 1 1 1 1 1 17 17 1 1 1 1 2 2 1 1 1 1 3 3 1 1 1 1 2 2 1 1 1 1 3 3 1 1 1 1 1 1 1 1 8 8 1 1 11 11 1 1 1 1 1 1 2 2 1 1 2 2 1 1 2 2 1 1 1 1 3 3 1 1 1 1 1 1 1 1 14 14 1 1 1 1 5 5 1 1 1 1 1 1 2 2 2 2 3 3 1 1 1 1 3 3 1 1 1 1 1 1 1 1 5 5 1 1 1 1 11 11 3 3 1 1 1 1 3 3 1 1 1 1 2 2 1 1 1 1 3 3 1 1 1 1 1 1 1 1 17 17 1 1 1 1 2 2 1 1 1 1 1 1 2 2 1 1 2 2 1 1 2 2 1 1 1 1 3 3 1 1 1 1 1 1 1 1 17 17 1 1 1 1 1 1 1 1 1 1 1 1 6 6 1 1 1 1 3 3 1 1 1 1 1 1 1 1 24 24 1 1 1 1 2 2 1 1 1 1 3 3 1 1 1 1 1 1 1 1 20 20 1 1 1 1 3 3 1 1 1 1 2 2 1 1 1 1 3 3 1 1 1 1 22 22 1 1 1 1 6 6 1 1 1 1 3 3 1 1 1 1 1 1 1 1 17 17 1 1 1 1 2 2 1 1 1 1 6 6 1 1 1 1 3 3 1 1 1 1 1 1 1 1 1 1 20 20 1 1 1 1 6 6 1 1 1 1 3 3 1 1 1 1 1 1 1 1 20 20 1 1 1 1 3 3 1 1 1 1 2 2 1 1 1 1 3 3 1 1 1 1 1 1 1 1 17 17 1 1 1 1 2 2 1 1 1 1 3 3 1 1 1 1 2 2 1 1 1 1 3 3 1 1 1 1 1 1 1 1 20 20 1 1 1 1 6 6 1 1 1 1 3 3 1 1 1 1 1 1 1 1 20 20 1 1 1 1 6 6 1 1 1 1 3 3 1 1 1 1 1 1 1 1 8 8 1 1 8 8 1 1 1 1 2 2 1 1 1 1 1 1 2 2 2 2 3 3 1 1 1 1 3 3 1 1 1 1 1 1 1 1 17 17 3 3 1 1 1 1 1 1 2 2 1 1 2 2 1 1 2 2 1 1 1 1 3 3 1 1 1 1 1 1 1 1 20 20 1 1 1 1 1 1 2 2 2 2 3 3 1 1 1 1 3 3 1 1 1 1 1 1 1 1 17 17 1 1 1 1 2 2 1 1 1 1 3 3 1 1 1 1 2 2 1 1 1 1 3 3 1 1 1 1 1 1 1 1 17 17 1 1 1 1 2 2 1 1 1 1 3 3 1 1 1 1 2 2 1 1 1 1 3 3 1 1 1 1 1 1 1 1 14 14 1 1 1 1 2 2 1 1 1 1 2 2 1 1 1 1 3 3 1 1 1 1 2 2 1 1 1 1 3 3 1 1 1 1 1 1 1 1 20 20 1 1 1 1 3 3 1 1 1 1 2 2 1 1 1 1 3 3 1 1 1 1 1 1 1 1 20 20 1 1 1 1 6 6 1 1 1 1 3 3 1 1 1 1 1 1 1 1 1 1 1 1 1 1 18 18 1 1 1 1 6 6 1 1 1 1 3 3 1 1 1 1 1 1 1 1 17 17 1 1 1 1 2 2 1 1 1 1 6 6 1 1 1 1 3 3 1 1 1 1 1 1 1 1 14 14 1 1 1 1 5 5 1 1 1 1 3 3 1 1 1 1 2 2 1 1 1 1 3 3 1 1 1 1 1 1 1 1 20 20 1 1 1 1 3 3 1 1 1 1 2 2 1 1 1 1 3 3 1 1 1 1 1 1 1 1 8 8 1 1 11 11 1 1 1 1 6 6 1 1 1 1 3 3 1 1 1 1 1 1 1 1 14 14 1 1 1 1 5 5 1 1 1 1 3 3 1 1 1 1 2 2 1 1 1 1 3 3 1 1 1 1 1 1 1 1 20 20 1 1 1 1 6 6 1 1 1 1 3 3 1 1 1 1 1 1 1 1 20 20 1 1 1 1 6 6 1 1 1 1 3 3 1 1 1 1 1 1 1 1 20 20 1 1 1 1 3 3 1 1 1 1 2 2 1 1 1 1 3 3 1 1 1 1 1 1 1 1 20 20 1 1 1 1 6 6 1 1 1 1 3 3 1 1 1 1 1 1 1 1 20 20 1 1 1 1 1 1 2 2 2 2 3 3 1 1 1 1 3 3 1 1 1 1 1 1 1 1 17 17 3 3 1 1 1 1 6 6 1 1 1 1 5 5 1 1 20 20 1 1 1 1 3 3 1 1 1 1 2 2 1 1 1 1 3 3 1 1 1 1 1 1 1 1 20 20 1 1 1 1 1 1 2 2 2 2 1 1 1 1 2 2 1 1 1 1 3 3 1 1 1 1 1 1 1 1 5 5 1 1 1 1 11 11 3 3 1 1 1 1 3 3 1 1 1 1 2 2 1 1 1 1 3 3 1 1 1 1 22 22 1 1 1 1 6 6 1 1 1 1 3 3 1 1 1 1 1 1 1 1 14 14 1 1 1 1 5 5 1 1 1 1 6 6 1 1 1 1 3 3 1 1 1 1 1 1 1 1 24 24 1 1 1 1 2 2 1 1 1 1 3 3 1 1 1 1 1 1 1 1 17 17 1 1 1 1 2 2 1 1 1 1 1 1 2 2 2 2 3 3 1 1 1 1 3 3 1 1 1 1 1 1 1 1 20 20 1 1 1 1 3 3 1 1 1 1 2 2 1 1 1 1 3 3 1 1 1 1 1 1 1 1 17 17 1 1 1 1 2 2 1 1 1 1 6 6 1 1 1 1 3 3 1 1 1 1 1 1 1 1 20 20 1 1 1 1 3 3 1 1 1 1 2 2 1 1 1 1 3 3 1 1 1 1 1 1 1 1 20 20 1 1 1 1 3 3 1 1 1 1 2 2 1 1 1 1 3 3 1 1 1 1 22 22 1 1 1 1 6 6 1 1 1 1 3 3 1 1 1 1 19 19 1 1 1 1 2 2 1 1 1 1 6 6 1 1 1 1 3 3 1 1 1 1 1 1 1 1 18 18 1 1 1 1 1 1 1 1 1 1 6 6 1 1 1 1 3 3 1 1 1 1 1 1 1 1 17 17 1 1 1 1 2 2 1 1 1 1 6 6 1 1 1 1 3 3 1 1 1 1 1 1 1 1 22 22 2 2 2 2 3 3 1 1 1 1 3 3 1 1 1 1 1 1 1 1 17 17 3 3 1 1 1 1 6 6 1 1 1 1 3 3 1 1 1 1 1 1 1 1 20 20 1 1 1 1 1 1 1 1 1 1 1 1 1 1 1 1 1 1 2 2 1 1 1 1 3 3 1 1 1 1 22 22 1 1 1 1 3 3 1 1 1 1 2 2 1 1 1 1 3 3 1 1 1 1 1 1 1 1 20 20 1 1 1 1 6 6 1 1 1 1 3 3 1 1 1 1 1 1 1 1 17 17 1 1 1 1 2 2 1 1 1 1 6 6 1 1 1 1 3 3 1 1 1 1 1 1 1 1 20 20 1 1 1 1 1 1 2 2 2 2 1 1 1 1 2 2 1 1 1 1 3 3 1 1 1 1 19 19 132 132 106 26 727 2976
181 181 1 1 1 1 14 14 1 1 17 17 1 1 1 1 2 2 1 1 1 1 6 6 1 1 1 1 3 3 1 1 1 1 1 1 1 1 8 8 9 9 1 1 1 1 2 2 1 1 1 1 6 6 1 1 1 1 3 3 1 1 1 1 1 1 1 1 8 8 12 12 1 1 1 1 3 3 1 1 1 1 2 2 1 1 1 1 3 3 1 1 1 1 1 1 1 1 17 17 1 1 1 1 2 2 1 1 1 1 6 6 1 1 1 1 3 3 1 1 1 1 1 1 1 1 17 17 1 1 1 1 2 2 1 1 1 1 6 6 1 1 1 1 3 3 1 1 1 1 1 1 1 1 17 17 1 1 1 1 2 2 1 1 1 1 3 3 1 1 1 1 2 2 1 1 1 1 3 3 1 1 1 1 1 1 1 1 7 7 1 1 1 1 9 9 1 1 1 1 2 2 1 1 1 1 6 6 1 1 1 1 3 3 1 1 1 1 1 1 1 1 17 17 1 1 1 1 2 2 1 1 1 1 3 3 1 1 1 1 2 2 1 1 1 1 3 3 1 1 1 1 1 1 1 1 17 17 1 1 1 1 2 2 1 1 1 1 3 3 1 1 1 1 2 2 1 1 1 1 3 3 1 1 1 1 1 1 1 1 17 17 1 1 1 1 1 1 1 1 1 1 1 1 1 1 3 3 1 1 1 1 2 2 1 1 1 1 3 3 1 1 1 1 1 1 1 1 20 20 1 1 1 1 1 1 2 2 2 2 3 3 1 1 1 1 3 3 1 1 1 1 1 1 1 1 17 17 1 1 1 1 2 2 1 1 1 1 3 3 1 1 1 1 2 2 1 1 1 1 3 3 1 1 1 1 1 1 1 1 20 20 1 1 1 1 3 3 1 1 1 1 2 2 1 1 1 1 3 3 1 1 1 1 1 1 1 1 17 17 1 1 1 1 2 2 1 1 1 1 3 3 1 1 1 1 2 2 1 1 1 1 3 3 1 1 1 1 1 1 1 1 17 17 1 1 1 1 2 2 1 1 1 1 3 3 1 1 1 1 2 2 1 1 1 1 3 3 1 1 1 1 1 1 1 1 17 17 1 1 1 1 2 2 1 1 1 1 6 6 1 1 1 1 3 3 1 1 1 1 1 1 1 1 17 17 1 1 1 1 2 2 1 1 1 1 3 3 1 1 1 1 2 2 1 1 1 1 3 3 1 1 1 1 1 1 1 1 20 20 1 1 1 1 6 6 1 1 1 1 3 3 1 1 1 1 1 1 1 1 17 17 1 1 1 1 1 1 1 1 1 1 1 1 1 1 3 3 1 1 1 1 2 2 1 1 1 1 3 3 1 1 1 1 1 1 1 1 17 17 1 1 1 1 2 2 1 1 1 1 3 3 1 1 1 1 2 2 1 1 1 1 3 3 1 1 1 1 1 1 1 1 20 20 1 1 1 1 3 3 1 1 1 1 2 2 1 1 1 1 5 5 1 1 20 20 1 1 1 1 3 3 1 1 1 1 2 2 1 1 1 1 3 3 1 1 1 1 1 1 1 1 14 14 1 1 1 1 2 2 1 1 1 1 2 2 1 1 1 1 3 3 1 1 1 1 2 2 1 1 1 1 3 3 1 1 1 1 1 1 1 1 8 8 9 9 1 1 1 1 2 2 1 1 1 1 3 3 1 1 1 1 2 2 1 1 1 1 3 3 1 1 1 1 1 1 1 1 7 7 1 1 33 33 1 1 6 6 1 1 1 1 2 2 1 1 6 6 1 1 2 2 1 1 1 1 3 3 1 1 1 1 2 2 1 1 1 1 3 3 1 1 1 1 1 1 1 1 14 14 1 1 1 1 2 2 1 1 1 1 2 2 1 1 1 1 3 3 1 1 1 1 2 2 1 1 1 1 3 3 1 1 1 1 1 1 1 1 4 4 1 1 4 4 9 9 1 1 1 1 2 2 1 1 1 1 3 3 1 1 1 1 2 2 1 1 1 1 3 3 1 1 1 1 1 1 1 1 8 8 6 6 8 8 3703 3703 2806 897 22 159
182 182 1 1 1 1 101 101 1 1 1 1 282 282 1 1 1 1 19 19 1 1 1 1 64 64 1 1 1 1 88 88 1 1 1 1 59 59 1 1 1 1 5 5 1 1 1 1 9 9 1 1 1 1 40 40 1 1 1 1 199 199 1 1 1 1 85 85 1 1 1 1 69 69 1 1 184 184 164 20 78 104
194 194 1 1 1 1 2 2 1 1 1 1 143 143 1 1 1 1 19 19 1 1 1 1 33 33 1 1 1 1 72 72 2 2 1 1 1 1 1 1 1 1 1 1 1 1 1 1 1 1 3 3 1 1 1 1 1 1 4 4 29 29 1 1 1 1 99 99 9 9 146 146 45 101 147 47
187 187 1 1 1 1 5 5 1 1 1 1 36 36 1 1 1 1 7 7 1 1 1 1 79 79 1 1 1 1 38 38 1 1 1 1 77 77 1 1 1 1 91 91 1 1 1 1 53 53 1 1 1 1 38 38 1 1 1 1 87 87 1 1 1 1 54 54 1 1 1 1 64 64 1 1 1 1 94 94 1 1 1 1 79 79 1 1 1 1 3 3 1 1 1 1 50 50 1 1 1 1 13 13 1 1 1 1 285 285 239 46 135 52
450 450 1 1 1 1 149 149 1 1 1 1 163 163 1 1 1 1 33 33 1 1 1 1 1 1 1 1 1 1 48 48 1 1 1 1 3 3 1 1 1 1 72 72 1 1 1 1 145 145 1 1 1 1 199 199 1 1 1 1 407 407 1 1 1 1 17 17 1 1 1 1 187 187 1 1 1 1 139 139 1 1 1 1 306 306 1 1 1 1 317 317 1 1 1 1 134 134 2 2 341 341 1 1 1 1 642 642 1 1 1 1 3 3 1 1 1 1 19 19 1 1 1 1 78 78 1 1 1 1 52 52 1 1 1 1 20 20 1 1 1 1 134 134 1 1 1 1 42 42 1 1 1 1 23 23 1 1 1 1 85 85 1 1 1 1 73 73 1 1 1 1 275 275 1 1 99 99 1 1 1 1 150 150 1 1 1 1 37 37 1 1 1 1 5 5 21 21 1 1 1 1 17 17 1 1 1 1 37 37 1 1 1 1 77 77 4 4 4 4 4 4 9 9 4 4 4 4 4 4 4 4 1 1 1 1 1 1 4 4 1 1 1 1 234 234 1 1 1 1 246 246 1 1 1 1 397 397 1 1 1 1 152 152 1 1 1 1 101 101 2 2 14 14 75 75 1 1 1 1 9 9 1 1 1 1 439 439 411 28 231 219
1438 1438 1 1 438 438 6 6 1 1 1 1 1 1 275 275 1 1 1 1 8 8 104 104 1 1 1 1 76 76 1 1 1 1 114 114 1 1 1 1 98 98 57 57 1 1 1 1 173 173 1 1 1 1 4 4 1 1 1 1 127 127 1 1 1 1 126 126 1 1 1 1 9 9 1 1 1 1 85 85 1 1 13 13 1 1 1 1 19 19 1 1 1 1 47 47 1 1 1 1 56 56 1 1 1 1 1 1 1 1 1 1 161 161 1 1 1 1 2 2 2 2 12 12 1 1 1 1 54 54 1 1 1 1 3 3 1 1 1 1 10 10 1 1 1 1 84 84 1 1 1 1 52 52 1 1 1 1 66 66 1 1 1 1 14 14 1 1 1 1 20 20 1 1 40 40 1 1 1 1 50 50 1 1 1 1 28 28 1 1 1 1 24 24 1 1 1 1 30 30 2 2 2 2 19 19 1 1 1 1 148 148 1 1 1 1 7 7 384 384 1 1 1 1 298 298 13 13 1 1 1 1 70 70 1 1 1 1 102 102 1 1 1 1 2 2 1 1 1 1 40 40 11 11 1 1 1 1 47 47 1 1 1 1 58 58 1 1 1 1 161 161 1 1 1 1 16 16 1 1 1 1 22 22 1 1 1 1 131 131 1 1 1 1 57 57 1 1 1 1 59 59 1 1 1 1 37 37 1 1 11 11 1 1 1 1 28 28 1 1 1 1 31 31 1 1 1 1 18 18 1 1 1 1 1 1 1 1 27 27 1 1 1 1 24 24 1 1 1 1 30 30 2 2 2 2 19 19 1 1 1 1 56 56 1 1 1 1 124 124 10 10 1 1 1 1 54 54 1 1 1 1 128 128 1 1 1 1 141 141 1 1 1 1 18 18 1 1 1 1 327 327 8 8 51 51 1 1 1 1 27 27 1 1 1 1 9 9 1 1 1 1 64 64 1 1 1 1 2 2 1 1 1 1 31 31 1 1 1 1 124 124 1 1 1 1 56 56 1 1 1 1 146 146 1 1 1 1 22 22 1 1 1 1 23 23 1 1 1 1 142 142 1 1 1 1 42 42 1 1 1 1 18 18 1 1 1 1 97 97 1 1 1 1 68 68 1 1 3 3 3 3 3 3 1 1 1 1 1 1 1 1 3 3 3 3 1 1 3 3 1 1 17 17 1 1 1 1 4 4 1 1 1 1 8 8 1 1 1 1 11 11 172 172 12 12 1 1 1 1 1 1 1 1 1 1 6 6 3 3 3 3 16 16 1 1 1 1 4 4 2 2 1 1 2 2 1 1 10 10 1 1 1 1 3 3 1 1 1 1 2 2 1 1 1 1 1 1 8 8 1 1 1 1 1 1 2 2 2 2 6 6 1 1 1 1 2 2 1 1 1 1 2 2 1 1 1 1 3 3 1 1 1 1 10 10 1 1 1 1 5 5 1 1 1 1 1 1 1 1 1 1 1 1 1 1 1 1 3 3 2 2 2 2 2 2 1 1 1 1 2 2 1 1 1 1 8 8 1 1 1 1 11 11 1 1 1 1 1 1 1 1 1 1 1 1 2 2 2 2 4 4 1 1 1 1 2 2 1 1 1 1 1 1 1 1 1 1 3 3 2 2 2 2 1 1 1 1 1 1 8 8 1 1 1 1 1 1 2 2 3 3 1 1 1 1 11 11 1 1 1 1 2 2 1 1 1 1 1 1 1 1 1 1 1 1 11 11 1 1 1 1 1 1 1 1 1 1 6 6 2 2 2 2 7 7 1 1 1 1 1 1 2 2 2 2 2 2 1 1 1 1 2 2 1 1 1 1 5 5 2 2 2 2 7 7 1 1 1 1 1 1 1 1 12 12 1 1 1 1 7 7 1 1 1 1 1 1 1 1 1 1 1 1 1 1 1 1 1 1 1 1 3 3 1 1 1 1 2 2 1 1 1 1 3 3 1 1 1 1 2 2 1 1 1 1 1 1 169 169 9 9 1 1 1 1 13 13 1 1 1 1 6 6 1 1 1 1 1 1 1 1 1 1 9 9 1 1 2 2 1 1 1 1 8 8 1 1 1 1 2 2 1 1 1 1 1 1 1 1 1 1 3 3 1 1 1 1 4 4 1 1 1 1 4 4 1 1 1 1 2 2 1 1 1 1 5 5 1 1 1 1 2 2 1 1 1 1 1 1 1 1 1 1 2 2 2 2 2 2 1 1 1 1 1 1 9 9 1 1 1 1 3 3 1 1 1 1 2 2 2 2 2 2 7 7 1 1 1 1 1 1 1 1 1 1 1 1 1 1 1 1 5 5 2 2 2 2 4 4 1 1 1 1 8 8 1 1 1 1 11 11 2 2 2 2 2 2 1 1 1 1 3 3 1 1 1 1 2 2 1 1 1 1 3 3 1 1 1 1 11 11 1 1 1 1 13 13 1 1 1 1 1 1 1 1 5 5 1 1 1 1 22 22 1 1 1 1 1 1 1 1 1 1 8 8 3 3 3 3 1 1 1 1 1 1 1 1 1 1 1 1 3 3 1 1 1 1 3 3 1 1 1 1 3 3 1 1 1 1 8 8 2 2 2 2 5 5 1 1 1 1 4 4 1 1 1 1 8 8 1 1 1 1 2 2 3 3 3 3 6 6 1 1 1 1 2 2 3 3 3 3 18 18 1 1 1 1 6 6 1 1 1 1 9 9 1 1 1 1 4 4 1 1 1 1 5 5 1 1 1 1 2 2 1 1 1 1 10 10 1 1 1 1 6 6 1 1 1 1 1 1 1 1 1 1 4 4 1 1 1 1 4 4 1 1 1 1 2 2 1 1 1 1 17 17 1 1 1 1 2 2 1 1 1 1 1 1 1 1 1 1 6 6 3 3 3 3 7 7 1 1 1 1 1 1 1 1 1 1 3 3 1 1 1 1 1 1 1 1 1 1 1 1 1 1 1 1 5 5 1 1 1 1 3 3 3 3 3 3 2 2 2 2 2 2 4 4 341 341 29 29 1 1 1 1 40 40 1 1 1 1 69 69 1 1 1 1 31 31 1 1 1 1 6 6 1 1 1 1 3 3 1 1 1 1 4 4 1 1 1 1 17 17 1 1 1 1 9 9 1 1 1 1 7 7 1 1 1 1 37 37 1 1 1 1 7 7 1 1 1 1 13 13 1 1 1 1 9 9 1 1 1 1 7 7 1 1 1 1 1 1 13 13 1 1 1 1 53 53 1 1 1 1 70 70 1 1 1 1 1 1 1 1 1 1 22 22 1 1 1 1 31 31 1 1 1 1 19 19 1 1 1 1 6 6 1 1 1 1 39 39 1 1 1 1 1 1 1 1 6 6 1 1 1 1 4 4 1 1 1 1 13 13 1 1 1 1 11 11 1 1 1 1 15 15 1 1 1 1 7 7 1 1 1 1 15 15 1 1 1 1 8 8 1 1 1 1 37 37 1 1 1 1 40 40 1 1 1 1 57 57 1 1 1 1 19 19 1 1 1 1 1 1 1 1 22 22 1 1 1 1 5 5 1 1 1 1 3 3 1 1 1 1 25 25 1 1 1 1 9 9 2 2 12 12 1 1 1 1 1 1 1 1 1 1 7 7 1 1 1 1 39 39 1 1 1 1 6 6 1 1 1 1 38 38 1 1 1 1 3 3 1 1 1 1 10 10 1 1 1 1 15 15 1 1 1 1 3 3 1 1 1 1 44 44 1 1 1 1 22 22 1 1 1 1 16 16 1 1 1 1 23 23 1 1 1 1 11 11 1 1 1 1 15 15 1 1 1 1 6 6 1 1 1 1 4 4 1 1 1 1 12 12 1 1 1 1 1 1 5 5 1 1 1 1 62 62 1 1 1 1 12 12 1 1 1 1 1 1 1 1 1 1 7 7 1 1 1 1 18 18 1 1 1 1 1 1 1 1 1 1 21 21 1 1 1 1 16 16 1 1 1 1 37 37 1 1 1 1 36 36 1 1 1 1 60 60 1 1 1 1 6 6 1 1 1 1 9 9 1 1 1 1 8 8 1 1 1 1 4 4 1 1 1 1 106 106 1 1 1 1 3 3 1 1 1 1 30 30 1 1 1 1 18 18 1 1 1 1 23 23 1 1 1 1 59 59 1 1 1 1 4 4 1 1 1 1 10 10 1 1 1 1 22 22 1 1 1 1 16 16 1 1 1 1 20 20 1 1 1 1 32 32 1 1 1 1 43 43 1 1 1 1 40 40 1 1 1 1 7 7 1 1 1 1 28 28 1 1 1 1 58 58 13 13 1 1 1 1 26 26 1 1 1 1 9 9 1 1 1 1 8 8 1 1 1 1 28 28 1 1 1 1 15 15 1 1 1 1 31 31 1 1 1 1 1 1 13 13 1 1 1 1 20 20 13 13 1 1 1 1 19 19 1 1 1 1 70 70 1 1 1 1 1 1 1 1 1 1 1 1 20 20 1 1 1 1 25 25 4434 4434 3369 1065 167 1271
3753 3753 95 95 1 1 1 1 51 51 1 1 1 1 36 36 1 1 1 1 23 23 1 1 1 1 46 46 1 1 1 1 91 91 1 1 1 1 10 10 1 1 1 1 2 2 1 1 1 1 31 31 1 1 1 1 162 162 1 1 1 1 46 46 1 1 1 1 118 118 1 1 1 1 258 258 1438 1438 605 833 1273 2480

5789 5789 84 84 1 1 257 257 1 1 1 1 27 27 1 1 1 1 1 1 1 1 1 1 12 12 1 1 1 1 4 4 1 1 1 1 5 5 1 1 6 6 1 1 1 1 65 65 1 1 1 1 53 53 1 1 1 1 1 1 1 1 12 12 1497 1497 4 4 1 1 1 1 1 1 6 6 1 1 1490 1490 180 180 1 1 1 1 1 1 60 60 1 1 1 1 146 146 6 6 6 6 1 1 41 41 1 1 1 1 2 2 1 1 1 1 12 12 1 1 1 1 2 2 1 1 1 1 37 37 1 1 1 1 1 1 2 2 2 2 7 7 1 1 1 1 17 17 1 1 1 1 7 7 1 1 1 1 6 6 1 1 1 1 5 5 1 1 1 1 38 38 1 1 1 1 17 17 1 1 1 1 23 23 1 1 1 1 1 1 3 3 1 1 1 1 8 8 1 1 1 1 25 25 1 1 1 1 25 25 1 1 1 1 11 11 1 1 1 1 5 5 1 1 1 1 66 66 1 1 19 19 1 1 1 1 4 4 1 1 1 1 7 7 1 1 1 1 6 6 1 1 1 1 41 41 1 1 1 1 1 1 1 1 1 1 20 20 1 1 1 1 9 9 6 6 1 1 1 1 5 5 1 1 1 1 7 7 1 1 1 1 7 7 1 1 1 1 2 2 1 1 1 1 4 4 1 1 1 1 1 1 6 6 1 1 1 1 15 15 1 1 1 1 1 1 1 1 1 1 11 11 1 1 1 1 3 3 1 1 1 1 3 3 1 1 1 1 1 1 1 1 1 1 16 16 1 1 1 1 1 1 1 1 1 1 90 90 1 1 1 1 55 55 1 1 1 1 18 18 1 1 1 1 1 1 1 1 1 1 3 3 1 1 1 1 1 1 29 29 1 1 1 1 16 16 1 1 1 1 48 48 1 1 1 1 1 1 28 28 1 1 1 1 10 10 1 1 1 1 12 12 1 1 1 1 21 21 1 1 1 1 4 4 1 1 1 1 1 1 1 1 6 6 1 1 1 1 5 5 1 1 1 1 1 1 1 1 1 1 7 7 1 1 1 1 15 15 1 1 1 1 2 2 1 1 1 1 7 7 1 1 1 1 15 15 1 1 1 1 10 10 1 1 1 1 5 5 1 1 1 1 2 2 1 1 1 1 2 2 1 1 1 1 14 14 1 1 1 1 11 11 1 1 1 1 1 1 1 1 1 1 15 15 1 1 1 1 14 14 1 1 1 1 1 1 1 1 1 1 1 1 7 7 1 1 1 1 14 14 1 1 1 1 14 14 1 1 1 1 1 1 1 1 1 1 2 2 1 1 1 1 7 7 1 1 1 1 11 11 1 1 1 1 21 21 1 1 1 1 13 13 1 1 1 1 34 34 1 1 1 1 1 1 13 13 1 1 1 1 1 1 1 1 1 1 8 8 1 1 1 1 7 7 1 1 1 1 4 4 1 1 1 1 22 22 1 1 1 1 14 14 2 2 1 1 1 1 3 3 1 1 1 1 1 1 1 1 1 1 1 1 7 7 66 66 1 1 1 1 218 218 1 1 1 1 47 47 1 1 1 1 8 8 5634 5634 3939 1695 1945 3844
5789 5789 84 84 1 1 257 257 1 1 1 1 27 27 1 1 1 1 1 1 1 1 1 1 12 12 1 1 1 1 4 4 1 1 1 1 5 5 1 1 6 6 1 1 1 1 65 65 1 1 1 1 53 53 1 1 1 1 1 1 1 1 12 12 1497 1497 4 4 1 1 1 1 1 1 6 6 1 1 1490 1490 180 180 1 1 1 1 1 1 60 60 1 1 1 1 146 146 6 6 6 6 1 1 41 41 1 1 1 1 2 2 1 1 1 1 12 12 1 1 1 1 2 2 1 1 1 1 37 37 1 1 1 1 1 1 2 2 2 2 7 7 1 1 1 1 17 17 1 1 1 1 7 7 1 1 1 1 6 6 1 1 1 1 5 5 1 1 1 1 38 38 1 1 1 1 17 17 1 1 1 1 23 23 1 1 1 1 1 1 3 3 1 1 1 1 8 8 1 1 1 1 25 25 1 1 1 1 25 25 1 1 1 1 11 11 1 1 1 1 5 5 1 1 1 1 66 66 1 1 19 19 1 1 1 1 4 4 1 1 1 1 7 7 1 1 1 1 6 6 1 1 1 1 41 41 1 1 1 1 1 1 1 1 1 1 20 20 1 1 1 1 9 9 6 6 1 1 1 1 5 5 1 1 1 1 7 7 1 1 1 1 7 7 1 1 1 1 2 2 1 1 1 1 4 4 1 1 1 1 1 1 6 6 1 1 1 1 15 15 1 1 1 1 1 1 1 1 1 1 11 11 1 1 1 1 3 3 1 1 1 1 3 3 1 1 1 1 1 1 1 1 1 1 16 16 1 1 1 1 1 1 1 1 1 1 90 90 1 1 1 1 55 55 1 1 1 1 18 18 1 1 1 1 1 1 1 1 1 1 3 3 1 1 1 1 1 1 29 29 1 1 1 1 16 16 1 1 1 1 48 48 1 1 1 1 1 1 28 28 1 1 1 1 10 10 1 1 1 1 12 12 1 1 1 1 21 21 1 1 1 1 4 4 1 1 1 1 1 1 1 1 6 6 1 1 1 1 5 5 1 1 1 1 1 1 1 1 1 1 7 7 1 1 1 1 15 15 1 1 1 1 2 2 1 1 1 1 7 7 1 1 1 1 15 15 1 1 1 1 10 10 1 1 1 1 5 5 1 1 1 1 2 2 1 1 1 1 2 2 1 1 1 1 14 14 1 1 1 1 11 11 1 1 1 1 1 1 1 1 1 1 15 15 1 1 1 1 14 14 1 1 1 1 1 1 1 1 1 1 1 1 7 7 1 1 1 1 14 14 1 1 1 1 14 14 1 1 1 1 1 1 1 1 1 1 2 2 1 1 1 1 7 7 1 1 1 1 11 11 1 1 1 1 21 21 1 1 1 1 13 13 1 1 1 1 34 34 1 1 1 1 1 1 13 13 1 1 1 1 1 1 1 1 1 1 8 8 1 1 1 1 7 7 1 1 1 1 4 4 1 1 1 1 22 22 1 1 1 1 14 14 2 2 1 1 1 1 3 3 1 1 1 1 1 1 1 1 1 1 1 1 7 7 66 66 1 1 1 1 218 218 1 1 1 1 47 47 1 1 1 1 8 8 5634 5634 3523 2111 2021 3768
234 234 1 1 1 1 21 21 1 1 1 1 217 217 1 1 1 1 99 99 1 1 1 1 71 71 1 1 1 1 12 12 1 1 1 1 195 195 1 1 1 1 263 263 1 1 1 1 44 44 1 1 1 1 67 67 1 1 1 1 201 201 1 1 1 1 31 31 1 1 1 1 1 1 1 1 55 55 1 1 1 1 4 4 1 1 1 1 1 1 1 1 1 1 21 21 1 1 1 1 155 155 1 1 1 1 124 124 1 1 1 1 44 44 1 1 1 1 20 20 1 1 1 1 285 285 1 1 1 1 51 51 1 1 1 1 23 23 1 1 1 1 190 190 1 1 1 1 189 189 1 1 1 1 24 24 1 1 1 1 115 115 1 1 1 1 160 160 1 1 1 1 213 213 1 1 1 1 81 81 1 1 1 1 43 43 1 1 1 1 16 16 1 1 1 1 68 68 1 1 1 1 131 131 1 1 1 1 80 80 1 1 1 1 1 1 1 1 1 1 54 54 1 1 1 1 24 24 1 1 1 1 34 34 1 1 1 1 190 190 1 1 1 1 411 411 1 1 1 1 13 13 1 1 1 1 32 32 1 1 1 1 35 35 1 1 1 1 129 129 1 1 1 1 19 19 1 1 1 1 9 9 1 1 1 1 39 39 1 1 1 1 14 14 1 1 1 1 363 363 1 1 1 1 92 92 1 1 1 1 24 24 1 1 1 1 143 143 1 1 1 1 12 12 1 1 1 1 15 15 1 1 1 1 4 4 1 1 1 1 44 44 1 1 76 76 1 1 7 7 1 1 1 1 56 56 1 1 1 1 49 49 1 1 1 1 37 37 1 1 1 1 49 49 1 1 1 1 38 38 1 1 1 1 20 20 1 1 1 1 5 5 1 1 1 1 1 1 1 1 8 8 1 1 1 1 10 10 1 1 1 1 18 18 1 1 1 1 17 17 1 1 1 1 16 16 1 1 1 1 75 75 1 1 1 1 48 48 1 1 1 1 26 26 1 1 1 1 25 25 1 1 1 1 78 78 1 1 1 1 191 191 1 1 1 1 49 49 1 1 1 1 134 134 1 1 1 1 64 64 1 1 1 1 64 64 1 1 1 1 226 226 134 92 20 214
384 384 1 1 1 1 53 53 1 1 1 1 6 6 1 1 1 1 25 25 1 1 1 1 39 39 1 1 1 1 72 72 1 1 1 1 52 52 1 1 1 1 165 165 1 1 1 1 2 2 1 1 1 1 18 18 1 1 1 1 273 273 1 1 1 1 75 75 1 1 1 1 105 105 1 1 1 1 96 96 1 1 1 1 261 261 1 1 1 1 195 195 1 1 1 1 247 247 1 1 1 1 326 326 1 1 1 1 66 66 1 1 1 1 23 23 1 1 1 1 204 204 1 1 1 1 139 139 1 1 1 1 49 49 1 1 1 1 8 8 1 1 1 1 25 25 1 1 1 1 26 26 1 1 1 1 39 39 1 1 1 1 51 51 1 1 1 1 106 106 1 1 1 1 122 122 1 1 1 1 16 16 1 1 1 1 116 116 1 1 7 7 1 1 1 1 287 287 1 1 1 1 31 31 1 1 1 1 253 253 1 1 1 1 111 111 1 1 1 1 238 238 1 1 1 1 2 2 1 1 1 1 27 27 1 1 1 1 298 298 1 1 1 1 182 182 1 1 1 1 1 1 1 1 12 12 1 1 8 8 1 1 1 1 1 1 1 1 45 45 1 1 1 1 195 195 1 1 1 1 227 227 1 1 1 1 3 3 1 1 1 1 47 47 1 1 1 1 140 140 1 1 45 45 1 1 1 1 36 36 1 1 1 1 92 92 1 1 1 1 4 4 1 1 1 1 142 142 1 1 1 1 149 149 1 1 1 1 21 21 1 1 1 1 57 57 1 1 1 1 242 242 1 1 1 1 43 43 1 1 19 19 1 1 1 1 244 244 360 24 54 190
48 48 16 16 1 1 1 1 31 31 14 14 1 1 1 1 53 53 2 2 25 25 1 1 1 1 15 15 2 2 7 7 1 1 1 1 30 30 19 19 1 1 1 1 4 4 1 1 1 1 2 2 1 1 1 1 1 1 1 1 2 2 2 2 6 6 1 1 1 1 17 17 23 23 10 10 5 5 7 7 2 2 2 2 1 1 1 1 1 1 1 1 1 1 1 1 10 10 1 1 1 1 5 5 1 1 6 6 1 1 1 1 1 1 1 1 16 16 29 29 11 11 1 1 1 1 28 28 1 1 1 1 17 17 29 29 11 11 1 1 1 1 11 11 1 1 1 1 7 7 3 3 1 1 1 1 4 4 7 7 1 1 1 1 13 13 21 21 1 1 1 1 10 10 1 1 1 1 1 1 1 1 9 9 1 1 8 8 6 6 1 1 1 1 7 7 8 8 14 14 1 1 6 6 1 1 1 1 10 10 1 1 1 1 1 1 1 1 2 2 6 6 9 9 1 1 18 18 1 1 1 1 3 3 1 1 1 1 5 5 1 1 1 1 1 1 6 6 1 1 5 5 467 467 30 18 274 193
467 467 2 2 13 13 10 10 1 1 1 1 3 3 2 2 8 8 3 3 13 13 2 2 29 29 2 2 29 29 2 2 16 16 13 13 2 2 29 29 2 2 62 62 6 6 4 4 6 6 8 8 1 1 1 1 2 2 23 23 1 1 4 4 1 1 1 1 1 1 1 1 1 1 1 1 1 1 1 1 2 2 30 30 13 13 3 3 1 1 1 1 3 3 2 2 22 22 3 3 1 1 1 1 3 3 2 2 18 18 2 2 2 2 5 5 1 1 1 1 3 3 1 1 1 1 1 1 25 25 1 1 1 1 3 3 1 1 1 1 1 1 25 25 1 1 1 1 3 3 1 1 1 1 1 1 25 25 1 1 1 1 1 1 2 2 1 1 1 1 1 1 25 25 1 1 1 1 3 3 1 1 1 1 1 1 2 2 23 23 1 1 1 1 1 1 1 1 2 2 1 1 1 1 1 1 2 2 12 12 11 11 1 1 1 1 2 2 1 1 1 1 26 26 1 1 1 1 1 1 2 2 1 1 1 1 1 1 1 1 2 2 16 16 2 2 2 2 5 5 1 1 1 1 1 1 2 2 1 1 1 1 3 3 14 14 2 2 1 1 1 1 1 1 1 1 43 43 1 1 1 1 52 52 1 1 1 1 4 4 1 1 1 1 35 35 1 1 1 1 9 9 1 1 1 1 68 68 1 1 1 1 17 17 1 1 1 1 42 42 1 1 1 1 124 124 426 41 27 97
63 63 1 1 1 1 47 47 1 1 1 1 2 2 1 1 1 1 90 90 1 1 1 1 101 101 1 1 1 1 47 47 1 1 1 1 43 43 1 1 1 1 55 55 1 1 1 1 80 80 1 1 1 1 65 65 1 1 1 1 29 29 1 1 1 1 125 125 1 1 1 1 11 11 1 1 1 1 57 57 1 1 1 1 18 18 1 1 1 1 28 28 1 1 1 1 73 73 1 1 1 1 87 87 1 1 1 1 64 64 1 1 1 1 23 23 14 14 1 1 1 1 102 102 1 1 1 1 80 80 1 1 1 1 42 42 1 1 1 1 383 383 35 28 28 355
172 172 1 1 1 1 77 77 15 15 36 36 1 1 1 1 49 49 1 1 1 1 39 39 1 1 22 22 1 1 1 1 41 41 1 1 1 1 24 24 1 1 1 1 9 9 1 1 1 1 12 12 1 1 1 1 26 26 1 1 1 1 28 28 1 1 1 1 5 5 1 1 1 1 212 212 1 1 1 1 16 16 1 1 1 1 30 30 1 1 1 1 13 13 1 1 35 35 1 1 1 1 100 100 1 1 1 1 111 111 1 1 1 1 84 84 1 1 259 259 138 121 30 142
140 140 1 1 1 1 15 15 1 1 1 1 364 364 1 1 1 1 27 27 1 1 166 166 1 1 1 1 29 29 1 1 1 1 74 74 1 1 1 1 59 59 1 1 1 1 10 10 1 1 1 1 6 6 1 1 1 1 27 27 1 1 1 1 13 13 1 1 1 1 140 140 1 1 1 1 133 133 1 1 1 1 58 58 1 1 1 1 6 6 4 4 24 24 1 1 1 1 73 73 1 1 1 1 229 229 1 1 1 1 43 43 1 1 1 1 242 242 1 1 1 1 30 30 1 1 1 1 9 9 1 1 1 1 11 11 2 2 2 2 1 1 1 1 1 1 18 18 1 1 1 1 46 46 1 1 1 1 5 5 1 1 1 1 43 43 1 1 1 1 17 17 1 1 1 1 33 33 1 1 1 1 116 116 38 78 32 108
199 199 1 1 1 1 6 6 1 1 1 1 2 2 1 1 1 1 181 181 1 1 1 1 1 1 1 1 1 1 33 33 1 1 1 1 68 68 1 1 58 58 1 1 1 1 37 37 1 1 1 1 47 47 1 1 1 1 184 184 1 1 1 1 6 6 1 1 1 1 131 131 1 1 1 1 140 140 1 1 1 1 48 48 1 1 1 1 110 110 1 1 1 1 51 51 1 1 1 1 88 88 1 1 1 1 150 150 1 1 1 1 1 1 1 1 120 120 1 1 1 1 3 3 1 1 1 1 3 3 1 1 1 1 89 89 1 1 1 1 1 1 1 1 108 108 2 2 27 27 1 1 1 1 202 202 1 1 1 1 117 117 1 1 1 1 94 94 1 1 1 1 31 31 1 1 1 1 41 41 1 1 1 1 44 44 1 1 1 1 7 7 1 1 1 1 16 16 1 1 1 1 31 31 1 1 1 1 23 23 1 1 1 1 54 54 1 1 1 1 4 4 1 1 1 1 2 2 1 1 1 1 139 139 73 66 70 129
509 509 1 1 1 1 129 129 1 1 1 1 33 33 1 1 1 1 10 10 1 1 1 1 143 143 1 1 1 1 116 116 1 1 1 1 142 142 1 1 1 1 106 106 1 1 119 119 1 1 1 1 71 71 1 1 1 1 25 25 1 1 1 1 43 43 1 1 9 9 1 1 1 1 3 3 1 1 1 1 55 55 1 1 1 1 1 1 1 1 196 196 382 127 79 117
524 524 1 1 1 1 74 74 1 1 1 1 18 18 1 1 1 1 244 244 1 1 1 1 526 526 1 1 1 1 334 334 1 1 1 1 166 166 1 1 1 1 41 41 1 1 1 1 9 9 1 1 1 1 57 57 1 1 1 1 20 20 1 1 1 1 1 1 1 1 1 1 8 8 1 1 1 1 1 1 28 28 1 1 1 1 99 99 1 1 1 1 43 43 1 1 1 1 98 98 1 1 1 1 63 63 1 1 1 1 11 11 1 1 1 1 78 78 1 1 1 1 2 2 1 1 1 1 40 40 1 1 1 1 271 271 231 40 87 437
384 384 1 1 1 1 53 53 1 1 1 1 6 6 1 1 1 1 25 25 1 1 1 1 39 39 1 1 1 1 72 72 1 1 1 1 52 52 1 1 1 1 165 165 1 1 1 1 2 2 1 1 1 1 18 18 1 1 1 1 273 273 1 1 1 1 75 75 1 1 1 1 105 105 1 1 1 1 96 96 1 1 1 1 261 261 1 1 1 1 195 195 1 1 1 1 247 247 1 1 1 1 326 326 1 1 1 1 66 66 1 1 1 1 23 23 1 1 1 1 204 204 1 1 1 1 139 139 1 1 1 1 49 49 1 1 1 1 8 8 1 1 1 1 25 25 1 1 1 1 26 26 1 1 1 1 39 39 1 1 1 1 51 51 1 1 1 1 106 106 1 1 1 1 122 122 1 1 1 1 16 16 1 1 1 1 116 116 1 1 7 7 1 1 1 1 287 287 1 1 1 1 31 31 1 1 1 1 253 253 1 1 1 1 111 111 1 1 1 1 238 238 1 1 1 1 2 2 1 1 1 1 27 27 1 1 1 1 298 298 1 1 1 1 182 182 1 1 1 1 1 1 1 1 12 12 1 1 8 8 1 1 1 1 1 1 1 1 45 45 1 1 1 1 195 195 1 1 1 1 227 227 1 1 1 1 3 3 1 1 1 1 47 47 1 1 1 1 140 140 1 1 45 45 1 1 1 1 36 36 1 1 1 1 92 92 1 1 1 1 4 4 1 1 1 1 142 142 1 1 1 1 149 149 1 1 1 1 21 21 1 1 1 1 57 57 1 1 1 1 242 242 1 1 1 1 43 43 1 1 19 19 1 1 1 1 244 244 264 120 23 221
285 285 1 1 1 1 44 44 1 1 1 1 238 238 1 1 1 1 18 18 1 1 1 1 96 96 1 1 1 1 32 32 1 1 28 28 1 1 1 1 86 86 1 1 1 1 100 100 1 1 1 1 43 43 1 1 1 1 280 280 1 1 1 1 202 202 1 1 1 1 144 144 1 1 1 1 12 12 1 1 1 1 149 149 1 1 1 1 173 173 1 1 1 1 47 47 1 1 1 1 18 18 1 1 1 1 55 55 1 1 1 1 32 32 1 1 1 1 48 48 1 1 1 1 4 4 1 1 1 1 21 21 1 1 1 1 124 124 2 2 100 100 1 1 1 1 199 199 1 1 1 1 74 74 1 1 1 1 1 1 44 44 1 1 1 1 39 39 1 1 1 1 150 150 1 1 1 1 6 6 1 1 1 1 413 413 1 1 1 1 198 198 1 1 1 1 128 128 1 1 1 1 17 17 1 1 1 1 8 8 1 1 1 1 19 19 1 1 1 1 3 3 1 1 1 1 5 5 1 1 146 146 1 1 1 1 241 241 1 1 1 1 80 80 1 1 1 1 42 42 1 1 1 1 1 1 1 1 6 6 1 1 1 1 55 55 1 1 1 1 52 52 1 1 1 1 131 131 1 1 1 1 93 93 1 1 1 1 328 328 1 1 1 1 52 52 1 1 1 1 5 5 1 1 1 1 3 3 1 1 1 1 2 2 1 1 1 1 46 46 3 3 91 91 1 1 1 1 46 46 1 1 1 1 322 322 1 1 1 1 50 50 1 1 1 1 163 163 1 1 1 1 113 113 1 1 1 1 205 205 214 71 23 182

238 238 1 1 1 1 87 87 1 1 1 1 27 27 1 1 1 1 264 264 1 1 1 1 69 69 1 1 1 1 168 168 1 1 1 1 6 6 1 1 1 1 83 83 1 1 1 1 79 79 1 1 1 1 15 15 1 1 50 50 1 1 44 44 1 1 1 1 39 39 1 1 1 1 260 260 1 1 1 1 194 194 1 1 1 1 61 61 1 1 1 1 39 39 1 1 1 1 363 363 177 61 22 341

351 351 4 4 4 4 4 4 4 4 26 26 1 1 1 1 407 407 1 1 1 1 181 181 1 1 1 1 205 205 1 1 1 1 62 62 1 1 1 1 79 79 161 190 24 55
639 639 2 2 1 1 1 1 2 2 1 1 1 1 9 9 1 1 1 1 3 3 2 2 2 2 10 10 1 1 1 1 2 2 1 1 1 1 7 7 1 1 1 1 1 1 1 1 1 1 1 1 1 1 1 1 1 1 6 6 1 1 1 1 9 9 1 1 1 1 3 3 2 2 2 2 3 3 1 1 1 1 7 7 1 1 1 1 1 1 1 1 1 1 5 5 1 1 1 1 2 2 1 1 2 2 1 1 7 7 1 1 1 1 1 1 1 1 1 1 7 7 1 1 1 1 9 9 1 1 11 11 1 1 1 1 1 1 2 2 1 1 1 1 1 1 1 1 1 1 1 1 1 1 1 1 1 1 3 3 1 1 1 1 1 1 1 1 1 1 1 1 1 1 1 1 1 1 8 8 1 1 1 1 2 2 2 2 8 8 1 1 1 1 1 1 1 1 7 7 1 1 1 1 1 1 7 7 1 1 1 1 1 1 1 1 1 1 2 2 1 1 1 1 4 4 1 1 1 1 2 2 1 1 1 1 2 2 1 1 1 1 6 6 2 2 2 2 2 2 2 2 2 2 1 1 1 1 4 4 1 1 1 1 2 2 1 1 1 1 1 1 1 1 9 9 1 1 1 1 4 4 1 1 1 1 1 1 1 1 16 16 1 1 1 1 3 3 2 2 2 2 3 3 1 1 1 1 6 6 1 1 1 1 1 1 1 1 1 1 1 1 1 1 1 1 1 1 5 5 1 1 1 1 2 2 1 1 1 1 2 2 1 1 1 1 1 1 1 1 3 3 1 1 1 1 2 2 1 1 1 1 1 1 1 1 1 1 2 2 1 1 1 1 5 5 1 1 1 1 23 23 1 1 1 1 1 1 1 1 1 1 2 2 1 1 1 1 1 1 1 1 1 1 6 6 1 1 1 1 7 7 1 1 3 3 1 1 1 1 1 1 1 1 13 13 1 1 1 1 1 1 1 1 1 1 5 5 1 1 1 1 1 1 2 2 2 2 24 24 1 1 1 1 11 11 1 1 1 1 10 10 1 1 1 1 1 1 1 1 1 1 4 4 1 1 1 1 1 1 1 1 1 1 1 1 1 1 1 1 1 1 1 1 7 7 1 1 1 1 1 1 2 2 2 2 8 8 1 1 1 1 5 5 1 1 1 1 2 2 1 1 1 1 1 1 4 4 1 1 1 1 1 1 2 2 1 1 1 1 1 1 1 1 1 1 1 1 1 1 1 1 1 1 1 1 4 4 1 1 1 1 2 2 1 1 1 1 1 1 1 1 1 1 1 1 1 1 6 6 1 1 1 1 1 1 1 1 1 1 3 3 1 1 1 1 1 1 1 1 1 1 1 1 1 1 5 5 3 3 1 1 1 1 1 1 1 1 6 6 1 1 1 1 1 1 1 1 1 1 1 1 1 1 5 5 1 1 1 1 16 16 1 1 1 1 3 3 2 2 2 2 3 3 1 1 1 1 7 7 1 1 1 1 1 1 1 1 1 1 5 5 1 1 1 1 1 1 1 1 1 1 3 3 1 1 1 1 3 3 1 1 1 1 5 5 1 1 1 1 7 7 1 1 1 1 3 3 1 1 1 1 4 4 1 1 1 1 6 6 2 2 2 2 1 1 1 1 1 1 5 5 1 1 1 1 1 1 1 1 1 1 1 1 1 1 1 1 1 1 1 1 1 1 1 1 1 1 1 1 3 3 3 3 1 1 1 1 1 1 9 9 1 1 1 1 1 1 1 1 1 1 1 1 1 1 6 6 1 1 1 1 8 8 2 2 2 2 6 6 1 1 1 1 1 1 1 1 1 1 7 7 1 1 1 1 2 2 1 1 1 1 9 9 1 1 1 1 3 3 2 2 2 2 23 23 1 1 1 1 4 4 3 3 3 3 1 1 1 1 1 1 9 9 2 2 2 2 3 3 1 1 1 1 4 4 1 1 1 1 8 8 1 1 1 1 1 1 7 7 1 1 1 1 4 4 1 1 1 1 4 4 1 1 1 1 2 2 1 1 1 1 9 9 2 2 2 2 2 2 2 2 2 2 1 1 1 1 1 1 5 5 1 1 1 1 2 2 1 1 1 1 2 2 1 1 1 1 2 2 1 1 1 1 3 3 1 1 1 1 5 5 1 1 1 1 5 5 1 1 1 1 1 1 1 1 6 6 1 1 1 1 2 2 1 1 1 1 3 3 2 2 2 2 3 3 1 1 1 1 7 7 1 1 1 1 1 1 1 1 1 1 5 5 1 1 1 1 5 5 1 1 1 1 4 4 1 1 1 1 2 2 3 3 3 3 6 6 1 1 1 1 25 25 1 1 1 1 1 1 1 1 1 1 2 2 1 1 1 1 18 18 1 1 1 1 3 3 1 1 1 1 8 8 1 1 1 1 7 7 1 1 1 1 17 17 1 1 1 1 8 8 1 1 1 1 1 1 1 1 1 1 20 20 1 1 1 1 2 2 1 1 1 1 1 1 1 1 1 1 1 1 2 2 1 1 1 1 1 1 7 7 1 1 1 1 10 10 1 1 1 1 3 3 5 5 1 1 1 1 8 8 2 2 2 2 8 8 1 1 1 1 2 2 1 1 1 1 7 7 1 1 1 1 1 1 15 15 1 1 1 1 5 5 3 3 7 7 1 1 1 1 1 1 1 1 1 1 2 2 1 1 1 1 2 2 1 1 1 1 1 1 2 2 1 1 1 1 19 19 1 1 1 1 8 8 1 1 1 1 5 5 1 1 1 1 6 6 1 1 1 1 1 1 1 1 1 1 5 5 1 1 1 1 4 4 1 1 1 1 2 2 1 1 1 1 7 7 1 1 1 1 2 2 1 1 1 1 1 1 1 1 1 1 5 5 3 3 1 1 1 1 1 1 2 2 1 1 1 1 4 4 1 1 1 1 2 2 1 1 2 2 1 1 2 2 1 1 1 1 8 8 1 1 1 1 9 9 1 1 1 1 1 1 2 2 9 9 1 1 1 1 1 1 1 1 1 1 5 5 1 1 1 1 8 8 1 1 1 1 3 3 1 1 1 1 6 6 1 1 1 1 1 1 2 2 1 1 1 1 6 6 1 1 1 1 1 1 1 1 2 2 1 1 1 1 1 1 1 1 1 1 9 9 1 1 1 1 6 6 1 1 1 1 1 1 1 1 3 3 2 2 1 1 1 1 2 2 1 1 1 1 3 3 3 3 3 3 2 2 1 1 1 1 1 1 1 1 6 6 1 1 1 1 1 1 2 2 2 2 7 7 1 1 1 1 2 2 1 1 3 3 1 1 1 1 1 1 1 1 1 1 1 1 1 1 6 6 1 1 1 1 1 1 1 1 1 1 3 3 1 1 1 1 3 3 1 1 1 1 5 5 1 1 1 1 6 6 1 1 1 1 1 1 1 1 2 2 2 2 2 2 1 1 1 1 2 2 1 1 1 1 1 1 1 1 1 1 4 4 1 1 2 2 1 1 1 1 8 8 1 1 1 1 1 1 1 1 1 1 1 1 1 1 1 1 1 1 1 1 1 1 5 5 1 1 1 1 10 10 1 1 1 1 1 1 3 3 2 2 1 1 1 1 3 3 1 1 1 1 7 7 1 1 1 1 1 1 1 1 1 1 5 5 1 1 1 1 1 1 2 2 1 1 1 1 2 2 1 1 1 1 1 1 4 4 1 1 1 1 2 2 1 1 1 1 1 1 1 1 1 1 8 8 1 1 1 1 8 8 1 1 1 1 12 12 1 1 1 1 2 2 2 2 1 1 1 1 3 3 1 1 1 1 8 8 1 1 1 1 6 6 1 1 1 1 2 2 1 1 1 1 1 1 1 1 1 1 7 7 1 1 1 1 8 8 1 1 1 1 3 3 1 1 1 1 3 3 1 1 1 1 1 1 1 1 1 1 1 1 1 1 1 1 1 1 7 7 1 1 1 1 1 1 2 2 1 1 1 1 7 7 1 1 1 1 2 2 1 1 1 1 1 1 2 2 2 2 3 3 1 1 1 1 1 1 1 1 4 4 1 1 1 1 8 8 1 1 1 1 1 1 1 1 1 1 1 1 1 1 1 1 1 1 1 1 1 1 1 1 2 2 1 1 1 1 1 1 1 1 1 1 1 1 1 1 1 1 1 1 10 10 1 1 1 1 8 8 1 1 1 1 5 5 1 1 1 1 1 1 1 1 1 1 2 2 2 2 3 3 1 1 1 1 3 3 1 1 1 1 1 1 1 1 3 3 1 1 1 1 2 2 1 1 1 1 3 3 1 1 1 1 1 1 1 1 1 1 2 2 1 1 1 1 7 7 1 1 1 1 1 1 2 2 4 4 1 1 1 1 1 1 1 1 1 1 2 2 2 2 2 2 2 2 1 1 1 1 1 1 1 1 5 5 1 1 1 1 1 1 1 1 1 1 1 1 1 1 2 2 1 1 1 1 1 1 1 1 1 1 5 5 1 1 1 1 1 1 1 1 7 7 1 1 1 1 1 1 1 1 1 1 1 1 16 16 1 1 1 1 1 1 1 1 1 1 1 1 5 5 1 1 1 1 1 1 1 1 1 1 1 1 1 1 47 47 1 1 1 1 1 1 1 1 1 1 1 1 1 1 3 3 3 3 3 3 1 1 1 1 1 1 1 1 1 1 4 4 1 1 1 1 1 1 2 2 2 2 1 1 1 1 1 1 1 1 8 8 1 1 1 1 2 2 1 1 1 1 4 4 1 1 1 1 1 1 1 1 4 4 1 1 1 1 2 2 1 1 1 1 1 1 1 1 1 1 1 1 1 1 1 1 1 1 1 1 1 1 2 2 1 1 1 1 1 1 1 1 1 1 2 2 1 1 1 1 1 1 2 2 1 1 1 1 6 6 1 1 2 2 1 1 1 1 1 1 1 1 1 1 1 1 1 1 1 1 1 1 1 1 1 1 9 9 1 1 1 1 1 1 9 9 1 1 1 1 2 2 1 1 1 1 2 2 97 97 2 2 3 3 3 3 1 1 1 1 1 1 9 9 1 1 1 1 1 1 2 2 3 3 1 1 1 1 4 4 1 1 1 1 8 8 2 2 2 2 6 6 1 1 1 1 1 1 1 1 1 1 1 1 6 6 1 1 1 1 1 1 1 1 2 2 1 1 1 1 9 9 1 1 1 1 3 3 1 1 1 1 1 1 1 1 3 3 1 1 1 1 6 6 1 1 2 2 1 1 1 1 1 1 1 1 1 1 9 9 1 1 1 1 2 2 1 1 1 1 1 1 3 3 3 3 1 1 1 1 1 1 9 9 1 1 1 1 4 4 2 2 2 2 3 3 1 1 1 1 7 7 1 1 1 1 1 1 1 1 6 6 1 1 1 1 1 1 1 1 1 1 1 1 1 1 2 2 1 1 1 1 4 4 1 1 1 1 2 2 1 1 1 1 1 1 1 1 1 1 1 1 7 7 1 1 1 1 1 1 1 1 1 1 2 2 2 2 2 2 1 1 1 1 1 1 8 8 1 1 1 1 1 1 1 1 2 2 1 1 1 1 6 6 1 1 1 1 1 1 1 1 2 2 1 1 1 1 1 1 1 1 1 1 5 5 1 1 1 1 1 1 1 1 6 6 1 1 1 1 2 2 1 1 1 1 1 1 3 3 2 2 2 2 3 3 1 1 1 1 7 7 1 1 1 1 1 1 1 1 1 1 5 5 1 1 1 1 5 5 1 1 1 1 7 7 2 2 2 2 1 1 1 1 6 6 1 1 1 1 22 22 1 1 1 1 2 2 1 1 1 1 1 1 1 1 1 1 2 2 1 1 1 1 1 1 2 2 1 1 1 1 15 15 1 1 1 1 3 3 1 1 1 1 16 16 1 1 1 1 4 4 8 8 3 3 1 1 1 1 5 5 1 1 1 1 1 1 1 1 1 1 1 1 1 1 1 1 1 1 1 1 1 1 2 2 1 1 1 1 1 1 7 7 1 1 1 1 10 10 1 1 1 1 8 8 1 1 1 1 2 2 1 1 1 1 1 1 4 4 1 1 1 1 1 1 1 1 8 8 1 1 1 1 2 2 1 1 1 1 7 7 1 1 1 1 2 2 1 1 1 1 7 7 1 1 1 1 2 2 1 1 1 1 1 1 1 1 1 1 2 2 1 1 1 1 1 1 1 1 5 5 1 1 1 1 7 7 1 1 2 2 1 1 2 2 3 3 1 1 1 1 18 18 2 2 2 2 11 11 1 1 1 1 5 5 1 1 1 1 6 6 2 2 1 1 1 1 3 3 1 1 1 1 3 3 1 1 1 1 2 2 1 1 1 1 1 1 2 2 1 1 1 1 7 7 1 1 1 1 2 2 1 1 1 1 1 1 1 1 1 1 9 9 1 1 1 1 2 2 1 1 1 1 5 5 2 2 1 1 2 2 1 1 1 1 1 1 1 1 1 1 1 1 1 1 8 8 1 1 1 1 3 3 1 1 1 1 5 5 1 1 1 1 1 1 1 1 1 1 1 1 1 1 24 24 1 1 1 1 2 2 1 1 1 1 1 1 1 1 6 6 1 1 1 1 9 9 1 1 1 1 9 9 1 1 1 1 12 12 1 1 1 1 2 2 1 1 1 1 1 1 1 1 2 2 1 1 1 1 3 3 1 1 1 1 1 1 1 1 1 1 10 10 1 1 1 1 10 10 1 1 1 1 1 1 1 1 7 7 1 1 1 1 7 7 1 1 1 1 1 1 1 1 1 1 5 5 1 1 1 1 1 1 1 1 1 1 2 2 1 1 1 1 2 2 1 1 1 1 6 6 2 2 2 2 2 2 2 2 1 1 2 2 1 1 4 4 1 1 1 1 2 2 1 1 1 1 1 1 1 1 1 1 9 9 1 1 1 1 4 4 1 1 1 1 1 1 1 1 16 16 1 1 1 1 3 3 2 2 2 2 1 1 1 1 1 1 1 1 1 1 6 6 1 1 1 1 1 1 1 1 1 1 1 1 1 1 5 5 1 1 1 1 5 5 1 1 1 1 1 1 1 1 3 3 1 1 1 1 2 2 1 1 1 1 1 1 1 1 1 1 2 2 1 1 1 1 5 5 1 1 1 1 23 23 1 1 1 1 1 1 1 1 1 1 2 2 1 1 1 1 1 1 1 1 1 1 6 6 1 1 1 1 7 7 1 1 1 1 3 3 1 1 1 1 1 1 1 1 13 13 1 1 1 1 1 1 1 1 1 1 5 5 1 1 1 1 1 1 2 2 2 2 20 20 1 1 1 1 3 3 1 1 1 1 11 11 1 1 1 1 12 12 1 1 1 1 5 5 1 1 1 1 2 2 1 1 1 1 9 9 2 2 2 2 14 14 1 1 1 1 2 2 1 1 1 1 4 4 1 1 1 1 2 2 1 1 1 1 1 1 1 1 1 1 2 2 1 1 1 1 4 4 1 1 1 1 2 2 1 1 1 1 1 1 1 1 1 1 7 7 1 1 1 1 2 2 3 3 3 3 6 6 3 3 1 1 1 1 1 1 1 1 1 1 7 7 2 2 2 2 5 5 1 1 1 1 6 6 1 1 1 1 9 9 1 1 1 1 3 3 2 2 2 2 3 3 1 1 1 1 7 7 1 1 1 1 1 1 1 1 1 1 5 5 1 1 1 1 5 5 1 1 1 1 9 9 1 1 1 1 32 32 1 1 1 1 1 1 1 1 1 1 1 1 2 2 2 2 3 3 3 3 3 3 1 1 1 1 1 1 9 9 2 2 2 2 1 1 1 1 1 1 6 6 1 1 1 1 2 2 1 1 1 1 5 5 2 2 2 2 6 6 1 1 1 1 1 1 1 1 1 1 7 7 1 1 1 1 2 2 1 1 1 1 9 9 1 1 1 1 3 3 1 1 1 1 1 1 1 1 10 10 1 1 1 1 71 71 1 1 1 1 8 8 20 20 1 1 1 1 2 2 1 1 1 1 16 16 1 1 1 1 45 45 1 1 1 1 15 15 1 1 1 1 18 18 1 1 1 1 2 2 1 1 1 1 13 13 1 1 1 1 4 4 1 1 1 1 4 4 1 1 1 1 3 3 1 1 1 1 12 12 1 1 1 1 1 1 1 1 1 1 11 11 1 1 1 1 2 2 1 1 1 1 16 16 1 1 1 1 19 19 11 11 1 1 1 1 19 19 1 1 94 94 1 1 9 9 1 1 1 1 11 11 1 1 1 1 4 4 1 1 1 1 2 2 1 1 1 1 4 4 1 1 1 1 15 15 1 1 1 1 43 43 1 1 1 1 53 53 10 10 1 1 1 1 19 19 1 1 1 1 48 48 1 1 1 1 1 1 1 1 8 8 1 1 1 1 22 22 1 1 1 1 3 3 2 2 2 2 1 1 1 1 1 1 7 7 1 1 1 1 8 8 1 1 1 1 1 1 1 1 1 1 18 18 1 1 1 1 8 8 1 1 1 1 2 2 1 1 1 1 10 10 1 1 1 1 6 6 1 1 1 1 1 1 1 1 4 4 1 1 1 1 2 2 1 1 1 1 1 1 1 1 1 1 4 4 1 1 1 1 6 6 1 1 1 1 2 2 2 2 2 2 2 2 1 1 1 1 2 2 1 1 1 1 5 5 1 1 1 1 7 7 1 1 1 1 1 1 1 1 1 1 9 9 1 1 1 1 8 8 1 1 1 1 2 2 1 1 1 1 16 16 1 1 1 1 2 2 1 1 1 1 7 7 1 1 1 1 1 1 1 1 3 3 3 3 4 4 1 1 1 1 2 2 1 1 1 1 1 1 1 1 1 1 9 9 2 2 2 2 2 2 2 2 2 2 7 7 1 1 1 1 9 9 1 1 1 1 1 1 1 1 1 1 13 13 1 1 1 1 10 10 2 2 2 2 3 3 1 1 1 1 6 6 1 1 1 1 4 4 1 1 1 1 4 4 1 1 1 1 3 3 28 28 1 1 1 1 1 1 15 15 1 1 1 1 16 16 1 1 1 1 1 1 1 1 1 1 5 5 1 1 1 1 16 16 34 34 1 1 1 1 1 1 1 1 1 1 4 4 3 3 3 3 1 1 1 1 1 1 7 7 1 1 1 1 1 1 1 1 1 1 9 9 1 1 1 1 8 8 1 1 1 1 4 4 1 1 1 1 2 2 1 1 1 1 2 2 1 1 1 1 1 1 1 1 1 1 4 4 1 1 1 1 5 5 1 1 1 1 6 6 2 2 2 2 2 2 1 1 1 1 1 1 1 1 1 1 9 9 1 1 1 1 6 6 1 1 1 1 2 2 1 1 1 1 2 2 1 1 1 1 4 4 3 3 3 3 1 1 1 1 1 1 1 1 1 1 8 8 2 2 2 2 8 8 1 1 1 1 8 8 1 1 1 1 2 2 1 1 6 6 3 3 3 3 6 6 2 2 2 2 2 2 1 1 1 1 9 9 1 1 1 1 4 4 1 1 1 1 3 3 1 1 1 1 6 6 2 2 2 2 1 1 1 1 1 1 18 18 1 1 1 1 14 14 2 2 2 2 3 3 1 1 1 1 7 7 2 2 2 2 6 6 1 1 1 1 2 2 1 1 1 1 12 12 1 1 1 1 10 10 1 1 1 1 18 18 5 5 1 1 1 1 2 2 1 1 1 1 18 18 1 1 1 1 3 3 1 1 1 1 11 11 1 1 1 1 2 2 1 1 1 1 8 8 1 1 1 1 2 2 1 1 1 1 7 7 1 1 1 1 1 1 1 1 1 1 8 8 1 1 1 1 5 5 1 1 1 1 8 8 1 1 1 1 5 5 1 1 1 1 3 3 2 2 2 2 2 2 1 1 1 1 7 7 1 1 1 1 7 7 1 1 1 1 2 2 1 1 1 1 3 3 1 1 1 1 26 26 1 1 1 1 1 1 1 1 6 6 2 2 2 2 7 7 1 1 1 1 23 23 1 1 1 1 2 2 4 4 1 1 1 1 33 33 1 1 1 1 15 15 1 1 1 1 14 14 1 1 1 1 6 6 1 1 1 1 25 25 1 1 1 1 11 11 1 1 1 1 1 1 1 1 1 1 1 1 1 1 1 1 1 1 1 1 3 3 3 3 1 1 1 1 1 1 8 8 3 3 3 3 8 8 1 1 1 1 7 7 2 2 2 2 6 6 2 2 2 2 1 1 1 1 1 1 7 7 1 1 1 1 2 2 1 1 1 1 9 9 1 1 1 1 3 3 2 2 2 2 10 10 1 1 1 1 11 11 1 1 1 1 1 1 1 1 1 1 1 1 1 1 1 1 1 1 6 6 1 1 1 1 8 8 1 1 1 1 3 3 2 2 2 2 3 3 1 1 1 1 1 1 7 7 1 1 1 1 1 1 1 1 1 1 5 5 1 1 1 1 2 2 1 1 1 1 2 2 1 1 1 1 7 7 1 1 1 1 1 1 1 1 1 1 16 16 1 1 1 1 1 1 1 1 12 12 1 1 1 1 2 2 1 1 1 1 12 12 1 1 1 1 7 7 1 1 1 1 76 76 1 1 1 1 1 1 1 1 3 3 1 1 1 1 17 17 1 1 1 1 8 8 1 1 1 1 28 28 1 1 21 21 1 1 1 1 27 27 1 1 1 1 7 7 1 1 1 1 15 15 1 1 1 1 23 23 1 1 1 1 14 14 43 43 1 1 1 1 1 1 30 30 1 1 1 1 4 4 1 1 1 1 16 16 1 1 1 1 20 20 1 1 1 1 32 32 1 1 1 1 7 7 1 1 1 1 37 37 21 21 1 1 1 1 88 88 1 1 1 1 10 10 11 11 1 1 1 1 34 34 3 3 47 47 1 1 1 1 8 8 49 49 12 12 49 49 230 230 205 25 56 583
91 91 8 8 53 53 72 72 1 1 1 1 11 11 1 1 1 1 6 6 1 1 1 1 60 60 1 1 1 1 64 64 1 1 1 1 13 13 1 1 1 1 9 9 1 1 1 1 74 74 1 1 118 118 1 1 1 1 144 144 1 1 1 1 89 89 1 1 1 1 272 272 1 1 1 1 94 94 2 2 2 2 4 4 1 1 1 1 6 6 1 1 1 1 1 1 1 1 1 1 1 1 1 1 263 263 1 1 1 1 5 5 1 1 5 5 1 1 1 1 3 3 1 1 1 1 5 5 1 1 1 1 1 1 1 1 1 1 148 148 1 1 1 1 1 1 1 1 77 77 68 23 24 53
219 219 1 1 1 1 520 520 1 1 1 1 13 13 1 1 1 1 29 29 1 1 1 1 193 193 1 1 1 1 159 159 1 1 1 1 335 335 1 1 1 1 12 12 3 3 130 130 1 1 1 1 142 142 1 1 61 61 1 1 1 1 38 38 1 1 1 1 4 4 1 1 1 1 5 5 1 1 1 1 141 141 68 73 59 160
294 294 17 17 1 1 1 1 175 175 29 29 1 1 1 1 62 62 1 1 1 1 74 74 8 8 24 24 1 1 1 1 32 32 1 1 1 1 74 74 33 33 87 87 1 1 1 1 63 63 1 1 1 1 60 60 1 1 1 1 5 5 8 8 66 66 12 12 66 66 42 42 1 1 1 1 2 2 1 1 1 1 8 8 1 1 1 1 1 1 1 1 1 1 889 889 275 19 60 829
229 229 7 7 119 119 7 7 1 1 1 1 1 1 8 8 1 1 1 1 1 1 8 8 1 1 1 1 8 8 1 1 1 1 8 8 1 1 1 1 8 8 1 1 1 1 8 8 1 1 1 1 17 17 1 1 1 1 8 8 1 1 1 1 8 8 1 1 334 334 8 8 1 1 8 8 1 1 1 1 8 8 1 1 1 1 17 17 1 1 1 1 8 8 1 1 1 1 8 8 1 1 1 1 17 17 1 1 1 1 8 8 1 1 1 1 8 8 1 1 1 1 8 8 1 1 1 1 1 1 7 7 1 1 1 1 3 3 1 1 1 1 4 4 1 1 1 1 8 8 1 1 1 1 8 8 1 1 1 1 8 8 1 1 1 1 17 17 1 1 1 1 8 8 1 1 1 1 8 8 1 1 1 1 1 1 8 8 1 1 1 1 8 8 1 1 1 1 8 8 1 1 1 1 8 8 1 1 1 1 8 8 1 1 1 1 1 1 17 17 1 1 1 1 8 8 1 1 1 1 8 8 1 1 1 1 8 8 1 1 1 1 1 1 8 8 1 1 1 1 1 1 8 8 1 1 1 1 8 8 1 1 1 1 8 8 1 1 1 1 1 1 8 8 1 1 1 1 8 8 1 1 1 1 9 9 3 3 1 1 1 1 4 4 1 1 1 1 3 3 1 1 1 1 4 4 1 1 1 1 3 3 1 1 1 1 4 4 1 1 1 1 1 1 3 3 1 1 1 1 4 4 1 1 1 1 3 3 1 1 1 1 4 4 1 1 1 1 3 3 1 1 1 1 4 4 1 1 1 1 8 8 1 1 1 1 8 8 1 1 1 1 8 8 1 1 1 1 8 8 1 1 1 1 5 5 3 3 1 1 1 1 1 1 7 7 1 1 1 1 8 8 1 1 1 1 8 8 1 1 1 1 8 8 1 1 8 8 1 1 1 1 17 17 1 1 1 1 1 1 8 8 1 1 1 1 8 8 1 1 1 1 8 8 1 1 1 1 8 8 1 1 9 9 1 1 8 8 45 45 8 8 1 1 1 1 8 8 1 1 1 1 8 8 1 1 1 1 8 8 1 1 1 1 8 8 1 1 1 1 1 1 8 8 1 1 1 1 8 8 1 1 1 1 7 7 1 1 1 1 8 8 1 1 1 1 5 5 3 3 1 1 1 1 5 5 3 3 216 216 1 1 1 1 8 8 1 1 1 1 8 8 1 1 9 9 1 1 8 8 1 1 1 1 8 8 1 1 1 1 8 8 1 1 1 1 8 8 1 1 1 1 8 8 1 1 1 1 8 8 1 1 1 1 8 8 1 1 1 1 8 8 1 1 1 1 8 8 1 1 1 1 8 8 1 1 1 1 8 8 1 1 1 1 6 6 2 2 1 1 1 1 8 8 1 1 1 1 8 8 1 1 1 1 6 6 2 2 1 1 1 1 8 8 1 1 1 1 8 8 1 1 1 1 8 8 1 1 1 1 8 8 1 1 1 1 6 6 2 2 1 1 1 1 8 8 1 1 1 1 8 8 1 1 1 1 8 8 9 9 1 1 1 1 8 8 1 1 1 1 8 8 1 1 1 1 8 8 1 1 1 1 8 8 9 9 1 1 1 1 6 6 2 2 1 1 1 1 1 1 5 5 2 2 10 10 2 2 2 2 1 1 494 494 1 1 26 26 1 1 1 1 156 156 130 26 26 203
466 466 1 1 1 1 92 92 1 1 1 1 31 31 1 1 1 1 115 115 1 1 1 1 53 53 1 1 1 1 128 128 1 1 1 1 60 60 1 1 1 1 10 10 1 1 1 1 118 118 1 1 1 1 60 60 1 1 1 1 125 125 1 1 1 1 11 11 1 1 1 1 69 69 1 1 1 1 1 1 45 45 1 1 1 1 17 17 1 1 1 1 41 41 1 1 1 1 12 12 1 1 1 1 15 15 1 1 1 1 18 18 1 1 48 48 1 1 1 1 54 54 1 1 1 1 58 58 1 1 1 1 32 32 1 1 1 1 1 1 3 3 3 3 34 34 1 1 1 1 2 2 1 1 1 1 7 7 1 1 1 1 1 1 1 1 21 21 1 1 1 1 124 124 1 1 1 1 96 96 1 1 33 33 1 1 1 1 8 8 1 1 1 1 214 214 174 40 235 231
363 363 1 1 1 1 85 85 1 1 1 1 6 6 1 1 1 1 27 27 1 1 1 1 57 57 1 1 1 1 20 20 1 1 1 1 105 105 1 1 1 1 9 9 1 1 1 1 1 1 1 1 1 1 61 61 1 1 1 1 69 69 1 1 1 1 34 34 1 1 2 2 1 1 1 1 19 19 1 1 1 1 66 66 1 1 1 1 150 150 1 1 1 1 48 48 1 1 1 1 107 107 1 1 1 1 6 6 1 1 1 1 31 31 1 1 16 16 1 1 1 1 29 29 3 3 60 60 1 1 1 1 1 1 1 1 1 1 57 57 1 1 1 1 14 14 1 1 1 1 67 67 1 1 1 1 83 83 1 1 1 1 174 174 1 1 1 1 76 76 1 1 1 1 88 88 1 1 1 1 13 13 1 1 1 1 125 125 312 51 58 67
77 77 14 14 1 1 1 1 4 4 1 1 1 1 21 21 1 1 1 1 8 8 2 2 4 4 1 1 1 1 2 2 2 2 1 1 1 1 1 1 2 2 1 1 1 1 1 1 1 1 7 7 4 4 1 1 2 2 1 1 1 1 4 4 2 2 2 2 8 8 1 1 1 1 1 1 1 1 6 6 1 1 1 1 2 2 1 1 1 1 9 9 2 2 5 5 1 1 1 1 2 2 1 1 2 2 1 1 1 1 7 7 1 1 1 1 14 14 16 16 1 1 1 1 40 40 1 1 1 1 1 1 1 1 3 3 8 8 1 1 1 1 1 1 1 1 2 2 1 1 1 1 3 3 1 1 1 1 9 9 1 1 1 1 4 4 1 1 2 2 1 1 1 1 1 1 1 1 1 1 8 8 2 2 4 4 1 1 1 1 2 2 1 1 1 1 2 2 1 1 1 1 5 5 2 2 3 3 2 2 2 2 3 3 1 1 1 1 6 6 1 1 1 1 12 12 1 1 1 1 21 21 1 1 1 1 2 2 1 1 1 1 1 1 1 1 1 1 1 1 1 1 1 1 6 6 2 2 2 2 3 3 1 1 1 1 9 9 2 2 10 10 1 1 19 19 7 7 1 1 3 3 8 8 1 1 1 1 1 1 1 1 1 1 1 1 1 1 1 1 5 5 1 1 1 1 2 2 2 2 7 7 1 1 20 20 1 1 1 1 18 18 1 1 20 20 1 1 1 1 1 1 19 19 5 5 1 1 1 1 1 1 1 1 1 1 2 2 9 9 1 1 1 1 6 6 1 1 1 1 1 1 1 1 3 3 1 1 2 2 6 6 1 1 1 1 1 1 1 1 1 1 1 1 1 1 1 1 1 1 1 1 1 1 1 1 1 1 1 1 1 1 1 1 4 4 1 1 2 2 2 2 3 3 1 1 1 1 9 9 2 2 1 1 1 1 1 1 2 2 1 1 1 1 5 5 1 1 1 1 1 1 1 1 1 1 5 5 1 1 1 1 2 2 1 1 1 1 1 1 1 1 1 1 2 2 1 1 2 2 2 2 2 2 9 9 11 11 6 6 3 3 3 3 1 1 1 1 6 6 3 3 1 1 1 1 1 1 2 2 3 3 1 1 1 1 8 8 1 1 1 1 1 1 1 1 1 1 2 2 2 2 5 5 1 1 1 1 1 1 1 1 5 5 3 3 1 1 1 1 6 6 1 1 1 1 2 2 3 3 6 6 1 1 1 1 2 2 1 1 1 1 7 7 1 1 1 1 1 1 1 1 1 1 1 1 1 1 16 16 7 7 10 10 9 9 10 10 4 4 1 1 1 1 11 11 1 1 1 1 1 1 1 1 1 1 5 5 5 5 3 3 9 9 65 65 19 19 29 29 38 38 22 22 19 19 2 2 8 8 1 1 1 1 1 1 1 1 1 1 1 1 3 3 1 1 1 1 1 1 1 1 1 1 1 1 1 1 3 3 1 1 18 18 1 1 2 2 1 1 1 1 3 3 1 1 1 1 2 2 4 4 1 1 1 1 1 1 1 1 1 1 2 2 17 17 4 4 1 1 1 1 3 3 1 1 1 1 1 1 1 1 13 13 1 1 1 1 6 6 1 1 1 1 2 2 1 1 1 1 1 1 1 1 1 1 1 1 1 1 1 1 2 2 3 3 2 2 1 1 1 1 1 1 1 1 2 2 3 3 1 1 1 1 1 1 1 1 1 1 7 7 2 2 1 1 1 1 6 6 1 1 1 1 1 1 2 2 9 9 1 1 1 1 1 1 1 1 1 1 2 2 1 1 1 1 3 3 1 1 1 1 6 6 1 1 3 3 2 2 6 6 1 1 23 23 1 1 1 1 1 1 17 17 1 1 1 1 1 1 1 1 21 21 1 1 1 1 18 18 1 1 1 1 19 19 18 18 19 19 20 20 6 6 1 1 1 1 1 1 1 1 1 1 5 5 2 2 1 1 1 1 1 1 3 3 1 1 1 1 1 1 1 1 1 1 1 1 1 1 7 7 1 1 2 2 7 7 6 6 1 1 1 1 1 1 1 1 1 1 1 1 4 4 1 1 1 1 5 5 1 1 1 1 11 11 2 2 1 1 1 1 1 1 6 6 1 1 1 1 2 2 1 1 1 1 1 1 1 1 1 1 1 1 1 1 1 1 2 2 4 4 1 1 2 2 1 1 1 1 2 2 1 1 1 1 1 1 1 1 11 11 1 1 1 1 1 1 1 1 1 1 1 1 3 3 1 1 1 1 1 1 19 19 15 15 1 1 1 1 24 24 8 8 32 32 1 1 1 1 1 1 1 1 3 3 1 1 1 1 1 1 1 1 1 1 2 2 1 1 1 1 3 3 1 1 1 1 3 3 1 1 1 1 2 2 1 1 1 1 4 4 1 1 1 1 1 1 1 1 1 1 2 2 3 3 1 1 1 1 1 1 1 1 2 2 1 1 1 1 1 1 1 1 1 1 1 1 10 10 15 15 1 1 1 1 1 1 7 7 6 6 1 1 1 1 9 9 1 1 1 1 1 1 15 15 1 1 1 1 2 2 4 4 1 1 1 1 13 13 1 1 3 3 4 4 1 1 1 1 7 7 23 23 6 6 3 3 1 1 8 8 1 1 1 1 9 9 1 1 3 3 9 9 1 1 1 1 1 1 1 1 1 1 8 8 4 4 3 3 1 1 1 1 1 1 1 1 1 1 5 5 2 2 2 2 2 2 1 1 1 1 1 1 1 1 1 1 2 2 2 2 1 1 2 2 1 1 1 1 1 1 3 3 1 1 1 1 1 1 1 1 1 1 1 1 1 1 7 7 1 1 2 2 2 2 5 5 2 2 2 2 2 2 1 1 1 1 1 1 1 1 1 1 4 4 1 1 1 1 4 4 1 1 1 1 4 4 1 1 1 1 1 1 4 4 1 1 1 1 1 1 1 1 1 1 5 5 1 1 1 1 3 3 1 1 1 1 1 1 1 1 1 1 1 1 1 1 1 1 1 1 7 7 2 2 4 4 1 1 1 1 11 11 1 1 1 1 18 18 1 1 1 1 1 1 1 1 1 1 2 2 3 3 2 2 5 5 1 1 1 1 2 2 1 1 1 1 7 7 8 8 1 1 1 1 1 1 13 13 1 1 1 1 6 6 7 7 6 6 11 11 1 1 1 1 1 1 3 3 2 2 2 2 3 3 1 1 3 3 1 1 1 1 1 1 1 1 1 1 1 1 7 7 4 4 1 1 1 1 2 2 1 1 1 1 1 1 1 1 1 1 66 66 2 2 10 10 11 11 19 19 8 8 6 6 1 1 4 4 2 2 2 2 1 1 1 1 11 11 1 1 1 1 1 1 1 1 1 1 2 2 2 2 2 2 1 1 1 1 11 11 1 1 1 1 4 4 1 1 1 1 1 1 1 1 1 1 1 1 4 4 2 2 1 1 1 1 1 1 1 1 1 1 1 1 7 7 4 4 1 1 1 1 3 3 1 1 1 1 1 1 1 1 1 1 2 2 3 3 1 1 38 38 4 4 10 10 1 1 1 1 1 1 8 8 1 1 3 3 9 9 1 1 1 1 25 25 1 1 1 1 1 1 1 1 1 1 5 5 2 2 1 1 1 1 1 1 6 6 1 1 1 1 17 17 1 1 1 1 5 5 1 1 1 1 1 1 1 1 1 1 1 1 1 1 1 1 1 1 1 1 2 2 1 1 6 6 1 1 4 4 771 771 48 29 170 601
501 501 1 1 1 1 85 85 1 1 1 1 35 35 1 1 1 1 82 82 1 1 1 1 1 1 1 1 140 140 1 1 1 1 92 92 1 1 1 1 127 127 1 1 1 1 5 5 1 1 1 1 255 255 1 1 1 1 177 177 1 1 76 76 1 1 1 1 40 40 1 1 1 1 79 79 1 1 1 1 390 390 1 1 1 1 29 29 1 1 1 1 127 127 1 1 1 1 168 168 1 1 1 1 82 82 1 1 1 1 30 30 1 1 1 1 4 4 5 5 7 7 1 1 1 1 69 69 2 2 2 2 14 14 1 1 1 1 14 14 1 1 1 1 21 21 1 1 1 1 5 5 1 1 1 1 46 46 1 1 1 1 308 308 1 1 1 1 288 288 2 2 2 2 43 43 1 1 1 1 1 1 1 1 14 14 1 1 1 1 38 38 1 1 1 1 339 339 1 1 1 1 67 67 1 1 1 1 132 132 1 1 1 1 368 368 240 128 118 383
159 159 1 1 125 125 1 1 103 103 1 1 1 1 185 185 1 1 1 1 62 62 1 1 1 1 113 113 1 1 1 1 4 4 1 1 1 1 88 88 1 1 1 1 1 1 1 1 96 96 1 1 1 1 165 165 1 1 1 1 94 94 1 1 1 1 5 5 1 1 1 1 29 29 1 1 1 1 51 51 1 1 1 1 1 1 226 226 1 1 1 1 62 62 1 1 1 1 91 91 1 1 1 1 111 111 1 1 1 1 229 229 1 1 1 1 35 35 1 1 1 1 47 47 1 1 1 1 6 6 1 1 1 1 1 1 184 184 1 1 1 1 204 204 1 1 1 1 103 103 1 1 1 1 66 66 1 1 1 1 158 158 1 1 1 1 108 108 1 1 1 1 177 177 1 1 1 1 52 52 1 1 1 1 9 9 1 1 1 1 48 48 1 1 1 1 102 102 1 1 1 1 92 92 1 1 1 1 30 30 1 1 1 1 94 94 1 1 1 1 60 60 1 1 1 1 366 366 341 25 35 124
267 267 1 1 1 1 68 68 1 1 1 1 459 459 1 1 1 1 89 89 1 1 1 1 31 31 1 1 1 1 113 113 1 1 1 1 3 3 1 1 1 1 20 20 1 1 1 1 35 35 1 1 1 1 45 45 1 1 1 1 66 66 1 1 1 1 59 59 1 1 1 1 1 1 1 1 1 1 1 1 92 92 1 1 1 1 286 286 1 1 1 1 1 1 1 1 22 22 1 1 1 1 57 57 1 1 1 1 4 4 1 1 1 1 199 199 2 2 47 47 1 1 1 1 163 163 1 1 1 1 80 80 1 1 1 1 96 96 1 1 1 1 86 86 1 1 1 1 29 29 1 1 1 1 2 2 1 1 1 1 144 144 1 1 1 1 110 110 1 1 1 1 18 18 1 1 1 1 40 40 1 1 1 1 226 226 1 1 1 1 66 66 1 1 1 1 206 206 1 1 1 1 1 1 1 1 272 272 1 1 1 1 38 38 1 1 1 1 202 202 1 1 1 1 106 106 1 1 1 1 159 159 123 36 62 205
322 322 1 1 1 1 121 121 1 1 1 1 34 34 1 1 1 1 10 10 1 1 1 1 108 108 1 1 1 1 1 1 1 1 78 78 1 1 1 1 38 38 1 1 168 168 4 4 4 4 23 23 4 4 72 72 1 1 1 1 58 58 1 1 1 1 73 73 1 1 1 1 17 17 1 1 1 1 20 20 3 3 54 54 1 1 1 1 39 39 1 1 1 1 166 166 1 1 161 161 1 1 1 1 258 258 1 1 1 1 269 269 1 1 1 1 207 207 1 1 1 1 267 267 229 38 71 251
1245 1245 1 1 1 1 384 384 1 1 1 1 809 809 471 338 459 786
5789 5789 84 84 1 1 257 257 1 1 1 1 27 27 1 1 1 1 1 1 1 1 1 1 12 12 1 1 1 1 4 4 1 1 1 1 5 5 1 1 6 6 1 1 1 1 65 65 1 1 1 1 53 53 1 1 1 1 1 1 1 1 12 12 1497 1497 4 4 1 1 1 1 1 1 6 6 1 1 1490 1490 180 180 1 1 1 1 1 1 60 60 1 1 1 1 146 146 6 6 6 6 1 1 41 41 1 1 1 1 2 2 1 1 1 1 12 12 1 1 1 1 2 2 1 1 1 1 37 37 1 1 1 1 1 1 2 2 2 2 7 7 1 1 1 1 17 17 1 1 1 1 7 7 1 1 1 1 6 6 1 1 1 1 5 5 1 1 1 1 38 38 1 1 1 1 17 17 1 1 1 1 23 23 1 1 1 1 1 1 3 3 1 1 1 1 8 8 1 1 1 1 25 25 1 1 1 1 25 25 1 1 1 1 11 11 1 1 1 1 5 5 1 1 1 1 66 66 1 1 19 19 1 1 1 1 4 4 1 1 1 1 7 7 1 1 1 1 6 6 1 1 1 1 41 41 1 1 1 1 1 1 1 1 1 1 20 20 1 1 1 1 9 9 6 6 1 1 1 1 5 5 1 1 1 1 7 7 1 1 1 1 7 7 1 1 1 1 2 2 1 1 1 1 4 4 1 1 1 1 1 1 6 6 1 1 1 1 15 15 1 1 1 1 1 1 1 1 1 1 11 11 1 1 1 1 3 3 1 1 1 1 3 3 1 1 1 1 1 1 1 1 1 1 16 16 1 1 1 1 1 1 1 1 1 1 90 90 1 1 1 1 55 55 1 1 1 1 18 18 1 1 1 1 1 1 1 1 1 1 3 3 1 1 1 1 1 1 29 29 1 1 1 1 16 16 1 1 1 1 48 48 1 1 1 1 1 1 28 28 1 1 1 1 10 10 1 1 1 1 12 12 1 1 1 1 21 21 1 1 1 1 4 4 1 1 1 1 1 1 1 1 6 6 1 1 1 1 5 5 1 1 1 1 1 1 1 1 1 1 7 7 1 1 1 1 15 15 1 1 1 1 2 2 1 1 1 1 7 7 1 1 1 1 15 15 1 1 1 1 10 10 1 1 1 1 5 5 1 1 1 1 2 2 1 1 1 1 2 2 1 1 1 1 14 14 1 1 1 1 11 11 1 1 1 1 1 1 1 1 1 1 15 15 1 1 1 1 14 14 1 1 1 1 1 1 1 1 1 1 1 1 7 7 1 1 1 1 14 14 1 1 1 1 14 14 1 1 1 1 1 1 1 1 1 1 2 2 1 1 1 1 7 7 1 1 1 1 11 11 1 1 1 1 21 21 1 1 1 1 13 13 1 1 1 1 34 34 1 1 1 1 1 1 13 13 1 1 1 1 1 1 1 1 1 1 8 8 1 1 1 1 7 7 1 1 1 1 4 4 1 1 1 1 22 22 1 1 1 1 14 14 2 2 1 1 1 1 3 3 1 1 1 1 1 1 1 1 1 1 1 1 7 7 66 66 1 1 1 1 218 218 1 1 1 1 47 47 1 1 1 1 8 8 5634 5634 3272 2517 1682 3952
218 218 1 1 1 1 15 15 1 1 1 1 436 436 147 71 286 150
343 343 1 1 1 1 84 84 1 1 1 1 45 45 1 1 18 18 28 28 1 1 1 1 163 163 1 1 1 1 17 17 2 2 9 9 2 2 2 2 1 1 1 1 1 1 1 1 1 1 104 104 1 1 1 1 70 70 4 4 89 89 1 1 1 1 1 1 1 1 2 2 1 1 8 8 2 2 2 2 40 40 1 1 1 1 30 30 4 4 60 60 2 2 18 18 4 4 19 19 1 1 1 1 21 21 1 1 1 1 3 3 156 156 2 2 57 57 4 4 109 109 1 1 1 1 50 50 2 2 59 59 2 2 2 2 82 82 4 4 18 18 1 1 1 1 24 24 12 12 164 164 244 99 52 112
68 68 1 1 1 1 68 68 1 1 1 1 28 28 1 1 1 1 32 32 1 1 1 1 71 71 2 2 86 86 1 1 1 1 40 40 1 1 1 1 11 11 4 4 1 1 1 1 6 6 1 1 1 1 79 79 4 4 44 44 2 2 58 58 1 1 1 1 18 18 24 24 87 87 1 1 1 1 1 1 1 1 55 55 1 1 1 1 7 7 1 1 50 50 1 1 1 1 227 227 1 1 1 1 58 58 1 1 1 1 36 36 4 4 43 43 1 1 1 1 31 31 4 4 2 2 2 2 2 2 131 131 1 1 1 1 174 174 1 1 1 1 9 9 1 1 1 1 108 108 51 17 18 90
126 126 1 1 1 1 41 41 1 1 1 1 99 99 1 1 1 1 57 57 1 1 1 1 37 37 1 1 1 1 91 91 1 1 1 1 65 65 1 1 1 1 106 106 1 1 1 1 60 60 1 1 1 1 45 45 1 1 26 26 4 4 4 4 4 4 15 15 1 1 1 1 48 48 20 20 18 18 1 1 1 1 182 182 8 8 1 1 1 1 11 11 1 1 1 1 18 18 1 1 1 1 54 54 1 1 1 1 5 5 1 1 1 1 101 101 1 1 1 1 74 74 1 1 1 1 57 57 10 10 7 7 2 2 2 2 53 53 1 1 1 1 81 81 1 1 1 1 4 4 1 1 1 1 118 118 4 4 61 61 1 1 1 1 19 19 4 4 2 2 1 1 1 1 85 85 1 1 1 1 17 17 1 1 1 1 31 31 1 1 1 1 99 99 1 1 1 1 28 28 1 1 1 1 30 30 4 4 46 46 1 1 1 1 16 16 2 2 2 2 2 2 6 6 1 1 1 1 289 289 1 1 1 1 39 39 1 1 1 1 45 45 1 1 1 1 47 47 1 1 1 1 31 31 1 1 1 1 45 45 2 2 52 52 8 8 2 2 80 80 2 2 40 40 2 2 7 7 1 1 1 1 120 120 1 1 1 1 102 102 1 1 1 1 61 61 5 5 5 5 5 5 5 5 5 5 5 5 5 5 5 5 29 29 1 1 1 1 64 64 1 1 1 1 13 13 1 1 1 1 7 7 1 1 1 1 8 8 1 1 1 1 36 36 1 1 1 1 71 71 1 1 1 1 51 51 1 1 1 1 147 147 1 1 1 1 1 1 90 90 1 1 1 1 58 58 1 1 1 1 106 106 79 27 89 37
546 546 1 1 1 1 193 193 140 53 148 398
193 193 1 1 1 1 374 374 140 53 148 226
133 133 1 1 1 1 21 21 1 1 1 1 71 71 1 1 1 1 46 46 1 1 1 1 34 34 1 1 50 50 1 1 1 1 46 46 1 1 1 1 176 176 1 1 1 1 31 31 1 1 1 1 49 49 1 1 1 1 42 42 1 1 1 1 61 61 1 1 1 1 34 34 1 1 1 1 82 82 1 1 1 1 28 28 1 1 1 1 15 15 1 1 1 1 5 5 1 1 1 1 28 28 1 1 1 1 17 17 1 1 1 1 64 64 1 1 1 1 2 2 1 1 1 1 3 3 1 1 1 1 32 32 1 1 1 1 9 9 1 1 1 1 13 13 1 1 1 1 23 23 1 1 1 1 4 4 1 1 1 1 3 3 2 2 1 1 1 1 1 1 1 1 1 1 3 3 2 2 1 1 1 1 1 1 1 1 1 1 1 1 10 10 3 3 1 1 1 1 1 1 69 69 1 1 1 1 180 180 153 27 37 96
233 233 1 1 1 1 86 86 1 1 1 1 8 8 1 1 1 1 7 7 1 1 1 1 81 81 1 1 1 1 53 53 1 1 1 1 1 1 1 1 1 1 10 10 1 1 1 1 14 14 1 1 6 6 1 1 1 1 51 51 1 1 1 1 99 99 1 1 1 1 1 1 7 7 1 1 1 1 52 52 1 1 1 1 113 113 1 1 1 1 71 71 1 1 39 39 1 1 1 1 27 27 1 1 1 1 43 43 3 3 51 51 1 1 1 1 12 12 1 1 1 1 1 1 78 78 1 1 1 1 56 56 1 1 1 1 81 81 1 1 1 1 20 20 1 1 1 1 1 1 1 1 6 6 1 1 1 1 41 41 1 1 1 1 33 33 1 1 1 1 1 1 1 1 114 114 186 47 44 70
968 968 1 1 645 645 1 1 1 1 750 750 396 572 385 365
104 104 4 4 4 4 4 4 21 21 12 12 104 104 4 4 7 7 9 9 7 7 14 14 2 2 2 2 37 37 1 1 1 1 10 10 1 1 1 1 44 44 1 1 1 1 15 15 1 1 1 1 18 18 4 4 36 36 4 4 19 19 2 2 1 1 1 1 32 32 1 1 1 1 30 30 1 1 1 1 37 37 16 16 8 8 4 4 3 3 2 2 2 2 219 219 1 1 1 1 104 104 67 37 21 83
240 240 1 1 1 1 9 9 1 1 2 2 1 1 1 1 1 1 1 1 61 61 1 1 1 1 37 37 1 1 1 1 35 35 1 1 1 1 11 11 1 1 1 1 71 71 1 1 1 1 229 229 6 6 35 35 1 1 1 1 65 65 1 1 1 1 210 210 1 1 116 116 1 1 1 1 242 242 1 1 1 1 69 69 1 1 1 1 22 22 1 1 1 1 2 2 1 1 1 1 1 1 2 2 2 2 75 75 1 1 1 1 124 124 1 1 1 1 55 55 1 1 1 1 125 125 1 1 1 1 8 8 1 1 1 1 15 15 1 1 1 1 143 143 4 4 5 5 1 1 1 1 58 58 1 1 1 1 75 75 1 1 1 1 145 145 1 1 1 1 23 23 1 1 1 1 172 172 1 1 1 1 46 46 1 1 1 1 208 208 1 1 1 1 1 1 1 1 9 9 1 1 1 1 254 254 168 72 103 151
209 209 1 1 1 1 136 136 1 1 1 1 77 77 1 1 1 1 49 49 1 1 1 1 246 246 1 1 181 181 3 3 23 23 1 1 1 1 204 204 1 1 1 1 34 34 1 1 1 1 11 11 1 1 1 1 11 11 1 1 1 1 89 89 1 1 1 1 152 152 1 1 2 2 1 1 8 8 1 1 1 1 29 29 1 1 1 1 117 117 1 1 1 1 159 159 1 1 1 1 6 6 1 1 1 1 14 14 1 1 1 1 97 97 1 1 1 1 52 52 1 1 1 1 60 60 1 1 1 1 18 18 1 1 1 1 32 32 1 1 1 1 28 28 1 1 1 1 217 217 1 1 1 1 130 130 1 1 1 1 132 132 1 1 111 111 1 1 1 1 109 109 1 1 1 1 17 17 1 1 1 1 89 89 1 1 1 1 15 15 1 1 1 1 62 62 1 1 1 1 35 35 1 1 1 1 14 14 1 1 1 1 58 58 1 1 1 1 148 148 1 1 1 1 110 110 1 1 1 1 130 130 1 1 1 1 27 27 1 1 1 1 30 30 1 1 1 1 235 235 1 1 1 1 46 46 1 1 1 1 112 112 1 1 1 1 85 85 1 1 1 1 104 104 1 1 1 1 16 16 1 1 1 1 35 35 1 1 1 1 281 281 188 21 25 256
1025 1025 48 48 1 1 1 1 115 115 1 1 1 1 40 40 1 1 1 1 75 75 1 1 1 1 15 15 1 1 1 1 19 19 1 1 1 1 159 159 1 1 1 1 106 106 1 1 1 1 47 47 1 1 1 1 165 165 1 1 1 1 44 44 1 1 1 1 10 10 1 1 1 1 94 94 1 1 1 1 80 80 1 1 1 1 50 50 1 1 1 1 48 48 1 1 1 1 44 44 1 1 1 1 11 11 1 1 1 1 2 2 1 1 1 1 77 77 1 1 184 184 1 1 1 1 20 20 1 1 1 1 176 176 1 1 1 1 1 1 1 1 1 1 128 128 1 1 1 1 121 121 1 1 1 1 140 140 1 1 1 1 4 4 1 1 1 1 44 44 1 1 1 1 17 17 1 1 1 1 110 110 1 1 1 1 15 15 1 1 1 1 6 6 1 1 1 1 8 8 1 1 1 1 2 2 1 1 1 1 11 11 1 1 1 1 5 5 1 1 1 1 3 3 1 1 1 1 33 33 1 1 1 1 31 31 1 1 1 1 35 35 1 1 1 1 3 3 1 1 1 1 6 6 1 1 1 1 8 8 1 1 1 1 11 11 1 1 1 1 1 1 1 1 1 1 5 5 1 1 1 1 19 19 1 1 1 1 11 11 1 1 1 1 9 9 1 1 1 1 20 20 1 1 1 1 4 4 1 1 1 1 1 1 1 1 6 6 1 1 1 1 4 4 1 1 1 1 1 1 1 1 5 5 1 1 1 1 1 1 171 171 2 2 1 1 1 1 11 11 1 1 1 1 55 55 2 2 2 2 1 1 3 3 3 3 7 7 1 1 1 1 19 19 1 1 1 1 22 22 1 1 1 1 3 3 1 1 1 1 32 32 1 1 1 1 29 29 1 1 1 1 22 22 1 1 1 1 15 15 1 1 1 1 37 37 1 1 1 1 15 15 1 1 1 1 19 19 1 1 1 1 8 8 1 1 1 1 4 4 1 1 1 1 8 8 1 1 1 1 28 28 3929 3929 3436 493 489 536

4797 4797 13 13 1 1 1 1 42 42 1 1 1 1 1 1 2 2 2 2 16 16 1 1 1 1 120 120 1 1 1 1 4 4 1 1 1 1 39 39 1 1 1 1 27 27 1 1 1 1 2 2 1 1 1 1 3 3 1 1 1 1 1 1 1 1 1 1 38 38 1 1 1 1 1 1 1 1 1 1 2 2 1 1 1 1 2 2 3244 3244 2647 597 1498 3299
3926 3926 8 8 1 1 1 1 12 12 1 1 1 1 12 12 1 1 1 1 18 18 1 1 1 1 29 29 1 1 1 1 34 34 1 1 1 1 4 4 1 1 1 1 8 8 1 1 1 1 9 9 1 1 1 1 1 1 1 1 1 1 2 2 1 1 1 1 5 5 1 1 1 1 3 3 1 1 1 1 11 11 1 1 1 1 6 6 1 1 1 1 93 93 1 1 1 1 8 8 1 1 1 1 33 33 1 1 1 1 5 5 1 1 1 1 11 11 1 1 1 1 9 9 1 1 1 1 27 27 6 6 1 1 1 1 5 5 1 1 1 1 9 9 1 1 1 1 10 10 1 1 1 1 4 4 1 1 1 1 8 8 1 1 1 1 5 5 1 1 1 1 6 6 1 1 1 1 1 1 1 1 4 4 1 1 1 1 5 5 1 1 1 1 5 5 2 2 2 2 5 5 1 1 1 1 2 2 1 1 1 1 40 40 1 1 1 1 1 1 1 1 14 14 1 1 1 1 8 8 1 1 1 1 16 16 1 1 1 1 12 12 1 1 1 1 2 2 1 1 1 1 2 2 2 2 24 24 1 1 1 1 6 6 1 1 1 1 42 42 2 2 2 2 9 9 1 1 1 1 35 35 1 1 1 1 5 5 1 1 1 1 143 143 1 1 1 1 8 8 1 1 1 1 6 6 1 1 1 1 7 7 1 1 1 1 20 20 1 1 1 1 4 4 1 1 1 1 8 8 1 1 1 1 35 35 2 2 2 2 15 15 1 1 1 1 57 57 1 1 1 1 88 88 1 1 1 1 6 6 1 1 1 1 33 33 1 1 1 1 62 62 1 1 1 1 26 26 1 1 1 1 12 12 1 1 1 1 19 19 1 1 1 1 23 23 1 1 1 1 2 2 1 1 1 1 2 2 1 1 1 1 12 12 1 1 1 1 11 11 1 1 1 1 22 22 1 1 1 1 26 26 1 1 1 1 13 13 2 2 2 2 6 6 4797 4797 4288 509 870 3056

3926 3926 8 8 1 1 1 1 12 12 1 1 1 1 12 12 1 1 1 1 18 18 1 1 1 1 29 29 1 1 1 1 34 34 1 1 1 1 4 4 1 1 1 1 8 8 1 1 1 1 9 9 1 1 1 1 1 1 1 1 1 1 2 2 1 1 1 1 5 5 1 1 1 1 3 3 1 1 1 1 11 11 1 1 1 1 6 6 1 1 1 1 93 93 1 1 1 1 8 8 1 1 1 1 33 33 1 1 1 1 5 5 1 1 1 1 11 11 1 1 1 1 9 9 1 1 1 1 27 27 6 6 1 1 1 1 5 5 1 1 1 1 9 9 1 1 1 1 10 10 1 1 1 1 4 4 1 1 1 1 8 8 1 1 1 1 5 5 1 1 1 1 6 6 1 1 1 1 1 1 1 1 4 4 1 1 1 1 5 5 1 1 1 1 5 5 2 2 2 2 5 5 1 1 1 1 2 2 1 1 1 1 40 40 1 1 1 1 1 1 1 1 14 14 1 1 1 1 8 8 1 1 1 1 16 16 1 1 1 1 12 12 1 1 1 1 2 2 1 1 1 1 2 2 2 2 24 24 1 1 1 1 6 6 1 1 1 1 42 42 2 2 2 2 9 9 1 1 1 1 35 35 1 1 1 1 5 5 1 1 1 1 143 143 1 1 1 1 8 8 1 1 1 1 6 6 1 1 1 1 7 7 1 1 1 1 20 20 1 1 1 1 4 4 1 1 1 1 8 8 1 1 1 1 35 35 2 2 2 2 15 15 1 1 1 1 57 57 1 1 1 1 88 88 1 1 1 1 6 6 1 1 1 1 33 33 1 1 1 1 62 62 1 1 1 1 26 26 1 1 1 1 12 12 1 1 1 1 19 19 1 1 1 1 23 23 1 1 1 1 2 2 1 1 1 1 2 2 1 1 1 1 12 12 1 1 1 1 11 11 1 1 1 1 22 22 1 1 1 1 26 26 1 1 1 1 13 13 2 2 2 2 6 6 4797 4797 4329 468 897 3029


4797 4797 13 13 1 1 1 1 42 42 1 1 1 1 1 1 2 2 2 2 16 16 1 1 1 1 120 120 1 1 1 1 4 4 1 1 1 1 39 39 1 1 1 1 27 27 1 1 1 1 2 2 1 1 1 1 3 3 1 1 1 1 1 1 1 1 1 1 38 38 1 1 1 1 1 1 1 1 1 1 2 2 1 1 1 1 2 2 3244 3244 2659 585 1498 3299
4797 4797 13 13 1 1 1 1 42 42 1 1 1 1 1 1 2 2 2 2 16 16 1 1 1 1 120 120 1 1 1 1 4 4 1 1 1 1 39 39 1 1 1 1 27 27 1 1 1 1 2 2 1 1 1 1 3 3 1 1 1 1 1 1 1 1 1 1 38 38 1 1 1 1 1 1 1 1 1 1 2 2 1 1 1 1 2 2 3244 3244 2718 526 1500 3297
4797 4797 13 13 1 1 1 1 42 42 1 1 1 1 1 1 2 2 2 2 16 16 1 1 1 1 120 120 1 1 1 1 4 4 1 1 1 1 39 39 1 1 1 1 27 27 1 1 1 1 2 2 1 1 1 1 3 3 1 1 1 1 1 1 1 1 1 1 38 38 1 1 1 1 1 1 1 1 1 1 2 2 1 1 1 1 2 2 3244 3244 2083 1161 1511 3286



1025 1025 48 48 1 1 1 1 115 115 1 1 1 1 40 40 1 1 1 1 75 75 1 1 1 1 15 15 1 1 1 1 19 19 1 1 1 1 159 159 1 1 1 1 106 106 1 1 1 1 47 47 1 1 1 1 165 165 1 1 1 1 44 44 1 1 1 1 10 10 1 1 1 1 94 94 1 1 1 1 80 80 1 1 1 1 50 50 1 1 1 1 48 48 1 1 1 1 44 44 1 1 1 1 11 11 1 1 1 1 2 2 1 1 1 1 77 77 1 1 184 184 1 1 1 1 20 20 1 1 1 1 176 176 1 1 1 1 1 1 1 1 1 1 128 128 1 1 1 1 121 121 1 1 1 1 140 140 1 1 1 1 4 4 1 1 1 1 44 44 1 1 1 1 17 17 1 1 1 1 110 110 1 1 1 1 15 15 1 1 1 1 6 6 1 1 1 1 8 8 1 1 1 1 2 2 1 1 1 1 11 11 1 1 1 1 5 5 1 1 1 1 3 3 1 1 1 1 33 33 1 1 1 1 31 31 1 1 1 1 35 35 1 1 1 1 3 3 1 1 1 1 6 6 1 1 1 1 8 8 1 1 1 1 11 11 1 1 1 1 1 1 1 1 1 1 5 5 1 1 1 1 19 19 1 1 1 1 11 11 1 1 1 1 9 9 1 1 1 1 20 20 1 1 1 1 4 4 1 1 1 1 1 1 1 1 6 6 1 1 1 1 4 4 1 1 1 1 1 1 1 1 5 5 1 1 1 1 1 1 171 171 2 2 1 1 1 1 11 11 1 1 1 1 55 55 2 2 2 2 1 1 3 3 3 3 7 7 1 1 1 1 19 19 1 1 1 1 22 22 1 1 1 1 3 3 1 1 1 1 32 32 1 1 1 1 29 29 1 1 1 1 22 22 1 1 1 1 15 15 1 1 1 1 37 37 1 1 1 1 15 15 1 1 1 1 19 19 1 1 1 1 8 8 1 1 1 1 4 4 1 1 1 1 8 8 1 1 1 1 28 28 3929 3929 569 456 543 3386
3926 3926 8 8 1 1 1 1 12 12 1 1 1 1 12 12 1 1 1 1 18 18 1 1 1 1 29 29 1 1 1 1 34 34 1 1 1 1 4 4 1 1 1 1 8 8 1 1 1 1 9 9 1 1 1 1 1 1 1 1 1 1 2 2 1 1 1 1 5 5 1 1 1 1 3 3 1 1 1 1 11 11 1 1 1 1 6 6 1 1 1 1 93 93 1 1 1 1 8 8 1 1 1 1 33 33 1 1 1 1 5 5 1 1 1 1 11 11 1 1 1 1 9 9 1 1 1 1 27 27 6 6 1 1 1 1 5 5 1 1 1 1 9 9 1 1 1 1 10 10 1 1 1 1 4 4 1 1 1 1 8 8 1 1 1 1 5 5 1 1 1 1 6 6 1 1 1 1 1 1 1 1 4 4 1 1 1 1 5 5 1 1 1 1 5 5 2 2 2 2 5 5 1 1 1 1 2 2 1 1 1 1 40 40 1 1 1 1 1 1 1 1 14 14 1 1 1 1 8 8 1 1 1 1 16 16 1 1 1 1 12 12 1 1 1 1 2 2 1 1 1 1 2 2 2 2 24 24 1 1 1 1 6 6 1 1 1 1 42 42 2 2 2 2 9 9 1 1 1 1 35 35 1 1 1 1 5 5 1 1 1 1 143 143 1 1 1 1 8 8 1 1 1 1 6 6 1 1 1 1 7 7 1 1 1 1 20 20 1 1 1 1 4 4 1 1 1 1 8 8 1 1 1 1 35 35 2 2 2 2 15 15 1 1 1 1 57 57 1 1 1 1 88 88 1 1 1 1 6 6 1 1 1 1 33 33 1 1 1 1 62 62 1 1 1 1 26 26 1 1 1 1 12 12 1 1 1 1 19 19 1 1 1 1 23 23 1 1 1 1 2 2 1 1 1 1 2 2 1 1 1 1 12 12 1 1 1 1 11 11 1 1 1 1 22 22 1 1 1 1 26 26 1 1 1 1 13 13 2 2 2 2 6 6 4797 4797 3029 897 115 4682
4797 4797 13 13 1 1 1 1 42 42 1 1 1 1 1 1 2 2 2 2 16 16 1 1 1 1 120 120 1 1 1 1 4 4 1 1 1 1 39 39 1 1 1 1 27 27 1 1 1 1 2 2 1 1 1 1 3 3 1 1 1 1 1 1 1 1 1 1 38 38 1 1 1 1 1 1 1 1 1 1 2 2 1 1 1 1 2 2 3244 3244 3299 1498 615 2629

3926 3926 8 8 1 1 1 1 12 12 1 1 1 1 12 12 1 1 1 1 18 18 1 1 1 1 29 29 1 1 1 1 34 34 1 1 1 1 4 4 1 1 1 1 8 8 1 1 1 1 9 9 1 1 1 1 1 1 1 1 1 1 2 2 1 1 1 1 5 5 1 1 1 1 3 3 1 1 1 1 11 11 1 1 1 1 6 6 1 1 1 1 93 93 1 1 1 1 8 8 1 1 1 1 33 33 1 1 1 1 5 5 1 1 1 1 11 11 1 1 1 1 9 9 1 1 1 1 27 27 6 6 1 1 1 1 5 5 1 1 1 1 9 9 1 1 1 1 10 10 1 1 1 1 4 4 1 1 1 1 8 8 1 1 1 1 5 5 1 1 1 1 6 6 1 1 1 1 1 1 1 1 4 4 1 1 1 1 5 5 1 1 1 1 5 5 2 2 2 2 5 5 1 1 1 1 2 2 1 1 1 1 40 40 1 1 1 1 1 1 1 1 14 14 1 1 1 1 8 8 1 1 1 1 16 16 1 1 1 1 12 12 1 1 1 1 2 2 1 1 1 1 2 2 2 2 24 24 1 1 1 1 6 6 1 1 1 1 42 42 2 2 2 2 9 9 1 1 1 1 35 35 1 1 1 1 5 5 1 1 1 1 143 143 1 1 1 1 8 8 1 1 1 1 6 6 1 1 1 1 7 7 1 1 1 1 20 20 1 1 1 1 4 4 1 1 1 1 8 8 1 1 1 1 35 35 2 2 2 2 15 15 1 1 1 1 57 57 1 1 1 1 88 88 1 1 1 1 6 6 1 1 1 1 33 33 1 1 1 1 62 62 1 1 1 1 26 26 1 1 1 1 12 12 1 1 1 1 19 19 1 1 1 1 23 23 1 1 1 1 2 2 1 1 1 1 2 2 1 1 1 1 12 12 1 1 1 1 11 11 1 1 1 1 22 22 1 1 1 1 26 26 1 1 1 1 13 13 2 2 2 2 6 6 4797 4797 3056 870 539 4258
4797 4797 13 13 1 1 1 1 42 42 1 1 1 1 1 1 2 2 2 2 16 16 1 1 1 1 120 120 1 1 1 1 4 4 1 1 1 1 39 39 1 1 1 1 27 27 1 1 1 1 2 2 1 1 1 1 3 3 1 1 1 1 1 1 1 1 1 1 38 38 1 1 1 1 1 1 1 1 1 1 2 2 1 1 1 1 2 2 3244 3244 3299 1498 587 2657
4095 4095 6 6 1 1 1 1 5 5 1 1 1 1 9 9 1 1 1 1 24 24 1 1 1 1 1 1 2 2 2 2 3 3 1 1 1 1 10 10 1 1 1 1 8 8 1 1 1 1 1 1 2 2 2 2 6 6 1 1 1 1 16 16 1 1 1 1 3 3 1 1 1 1 23 23 2 2 2 2 3 3 1 1 1 1 4 4 3 3 3 3 1 1 1 1 1 1 12 12 1 1 1 1 10 10 1 1 1 1 2 2 1 1 1 1 9 9 1 1 1 1 2 2 1 1 1 1 10 10 2 2 2 2 7 7 1 1 1 1 13 13 1 1 1 1 1 1 1 1 1 1 7 7 1 1 9 9 1 1 1 1 1 1 1 1 1 1 7 7 1 1 1 1 14 14 2 2 2 2 1 1 1 1 1 1 1 1 1 1 1 1 1 1 1 1 1 1 5 5 1 1 1 1 2 2 1 1 1 1 2 2 1 1 1 1 4 4 1 1 1 1 2 2 1 1 1 1 1 1 1 1 1 1 8 8 1 1 1 1 5 5 1 1 1 1 1 1 1 1 1 1 3 3 1 1 1 1 14 14 345 345 3 3 8 8 1 1 1 1 3 3 1 1 1 1 7 7 1 1 1 1 6 6 1 1 1 1 17 17 2 2 2 2 10 10 1 1 1 1 2 2 1 1 1 1 7 7 1 1 1 1 1 1 1 1 1 1 2 2 1 1 1 1 14 14 4 4 4 4 3 3 2 2 2 2 7 7 1 1 1 1 2 2 1 1 1 1 2 2 1 1 1 1 12 12 1 1 1 1 13 13 1 1 1 1 6 6 2 2 2 2 11 11 1 1 1 1 14 14 1 1 2 2 1 1 1 1 1 1 2 2 2 2 5 5 1 1 1 1 2 2 1 1 1 1 9 9 1 1 1 1 4 4 1 1 1 1 7 7 1 1 1 1 2 2 1 1 1 1 7 7 1 1 1 1 1 1 3 3 3 3 4 4 1 1 1 1 13 13 1 1 1 1 5 5 1 1 1 1 1 1 1 1 1 1 6 6 1 1 3 3 10 10 2 2 2 2 6 6 1 1 1 1 6 6 1 1 1 1 1 1 1 1 1 1 12 12 2 2 1 1 1 1 1 1 7 7 1 1 1 1 14 14 1 1 1 1 20 20 1 1 1 1 3 3 1 1 1 1 26 26 172 172 1 1 9 9 1 1 1 1 10 10 1 1 1 1 1 1 2 2 2 2 14 14 1 1 1 1 7 7 1 1 1 1 1 1 1 1 1 1 1 1 2 2 2 2 6 6 1 1 1 1 6 6 2 2 2 2 1 1 1 1 1 1 3 3 1 1 1 1 6 6 1 1 1 1 2 2 1 1 1 1 9 9 1 1 1 1 1 1 1 1 1 1 5 5 1 1 1 1 2 2 2 2 2 2 9 9 1 1 1 1 2 2 2 2 2 2 8 8 1 1 1 1 22 22 1 1 10 10 1 1 1 1 4 4 1 1 1 1 22 22 1 1 1 1 34 34 1 1 1 1 9 9 1 1 1 1 2 2 1 1 1 1 5 5 1 1 1 1 4 4 1 1 1 1 26 26 1 1 1 1 8 8 1 1 1 1 2 2 1 1 1 1 13 13 1 1 1 1 5 5 1 1 1 1 7 7 1 1 1 1 4 4 1 1 1 1 53 53 1 1 1 1 1 1 1 1 1 1 2 2 1 1 1 1 2 2 1 1 1 1 2 2 1 1 1 1 14 14 1 1 1 1 3 3 1 1 1 1 12 12 171 171 16 16 1 1 1 1 6 6 1 1 1 1 8 8 1 1 1 1 22 22 1 1 1 1 2 2 1 1 1 1 12 12 1 1 1 1 3 3 2 2 2 2 16 16 1 1 1 1 53 53 1 1 1 1 4 4 1 1 1 1 3 3 1 1 1 1 9 9 1 1 1 1 55 55 1 1 1 1 12 12 1 1 1 1 112 112 1 1 1 1 11 11 1 1 1 1 3 3 1 1 1 1 14 14 1 1 1 1 4 4 1 1 1 1 8 8 1 1 1 1 4 4 1 1 1 1 8 8 1 1 1 1 11 11 1 1 1 1 1 1 1 1 1 1 21 21 1 1 1 1 8 8 2 2 2 2 6 6 1 1 1 1 5 5 1 1 1 1 26 26 2 2 2 2 8 8 1 1 1 1 14 14 1 1 1 1 20 20 1 1 1 1 6 6 1 1 1 1 3 3 1 1 1 1 34 34 1 1 1 1 28 28 1 1 1 1 13 13 1 1 1 1 1 1 2 2 2 2 79 79 1 1 1 1 26 26 1 1 1 1 12 12 1 1 1 1 17 17 1 1 1 1 4 4 1 1 1 1 20 20 1 1 1 1 2 2 1 1 1 1 27 27 1 1 1 1 15 15 1 1 1 1 2 2 1 1 1 1 5 5 1 1 1 1 17 17 1 1 1 1 6 6 1 1 1 1 14 14 2 2 2 2 2 2 1 1 1 1 13 13 1 1 1 1 4 4 1 1 344 344 7 7 1 1 1 1 4 4 2 2 2 2 60 60 1 1 1 1 9 9 1 1 1 1 7 7 1 1 1 1 15 15 1 1 1 1 2 2 1 1 1 1 17 17 1 1 1 1 5 5 1 1 1 1 6 6 1 1 1 1 21 21 2 2 2 2 36 36 1 1 1 1 25 25 1 1 1 1 2 2 1 1 1 1 8 8 1 1 1 1 14 14 2 2 2 2 13 13 1 1 1 1 6 6 1 1 1 1 6 6 1 1 1 1 8 8 1 1 1 1 6 6 2 2 2 2 6 6 1 1 1 1 9 9 2 2 2 2 4 4 1 1 1 1 8 8 1 1 1 1 2 2 170 170 8 8 2 2 2 2 2 2 2 2 2 2 1 1 1 1 1 1 4 4 2 2 2 2 1 1 1 1 1 1 2 2 2 2 2 2 8 8 1 1 1 1 1 1 1 1 1 1 16 16 2 2 2 2 7 7 1 1 1 1 13 13 1 1 1 1 8 8 2 2 2 2 4 4 1 1 1 1 34 34 1 1 1 1 51 51 2 2 2 2 18 18 1 1 1 1 49 49 2 2 2 2 22 22 1 1 1 1 4 4 1 1 1 1 3 3 1 1 1 1 5 5 2 2 2 2 23 23 1 1 1 1 1 1 1 1 1 1 7 7 1 1 1 1 2 2 1 1 1 1 13 13 4 4 4 4 2 2 2 2 2 2 7 7 1 1 1 1 3 3 1 1 1 1 1 1 1 1 1 1 2 2 2 2 2 2 22 22 2 2 2 2 20 20 1 1 1 1 2 2 1 1 1 1 1 1 1 1 1 1 4 4 2 2 2 2 2 2 1 1 1 1 14 14 1 1 1 1 2 2 3 3 3 3 1 1 2 2 2 2 5 5 1 1 1 1 1 1 1 1 1 1 3 3 2 2 2 2 18 18 1 1 4 4 1 1 1 1 9 9 1 1 1 1 2 2 1 1 1 1 9 9 1 1 1 1 3 3 3 3 3 3 12 12 1 1 1 1 1 1 4 4 1 1 1 1 1 1 1 1 1 1 4 4 1 1 1 1 1 1 1 1 1 1 6 6 2 2 2 2 8 8 1 1 1 1 2 2 2 2 13 13 1 1 1 1 5 5 1 1 1 1 2 2 2 2 4 4 1 1 1 1 4 4 1 1 1 1 9 9 1 1 1 1 1 1 6 6 1 1 1 1 1 1 2 2 2 2 1 1 1 1 1 1 1 1 2 2 2 2 2 2 1 1 1 1 1 1 3 3 1 1 1 1 1 1 1 1 1 1 6 6 1 1 1 1 1 1 1 1 5 5 1 1 1 1 3 3 1 1 1 1 1 1 1 1 1 1 21 21 1 1 1 1 2 2 2 2 2 2 5 5 1 1 1 1 1 1 1 1 1 1 1 1 1 1 1 1 2 2 2 2 1 1 1 1 2 2 2 2 2 2 1 1 1 1 1 1 5 5 2 2 2 2 6 6 1 1 1 1 6 6 1 1 1 1 4 4 1 1 1 1 2 2 1 1 1 1 2 2 1 1 1 1 7 7 1 1 1 1 11 11 1 1 1 1 1 1 1 1 1 1 3 3 1 1 1 1 3 3 1 1 1 1 3 3 1 1 1 1 1 1 1 1 4 4 1 1 1 1 4 4 1 1 1 1 4 4 2 2 3 3 2 2 2 2 2 2 2 2 6 6 1 1 1 1 1 1 1 1 1 1 1 1 1 1 1 1 1 1 1 1 1 1 1 1 1 1 6 6 1 1 1 1 2 2 1 1 1 1 5 5 1 1 1 1 2 2 2 2 2 2 1 1 2 2 2 2 5 5 1 1 1 1 1 1 1 1 3 3 1 1 1 1 6 6 1 1 1 1 14 14 1 1 1 1 1 1 2 2 2 2 2 2 1 1 2 2 1 1 1 1 1 1 2 2 1 1 2 2 2 2 2 2 1 1 1 1 1 1 1 1 1 1 1 1 1 1 1 1 5 5 1 1 1 1 4 4 1 1 1 1 9 9 1 1 1 1 3 3 1 1 1 1 14 14 2 2 2 2 3 3 1 1 1 1 3 3 1 1 1 1 1 1 1 1 1 1 1 1 1 1 1 1 5 5 1 1 1 1 3 3 3 3 3 3 5 5 3 3 3 3 1 1 2 2 6 6 1 1 1 1 9 9 1 1 1 1 1 1 1 1 1 1 8 8 1 1 1 1 8 8 1 1 1 1 2 2 2 2 2 2 1 1 2 2 2 2 5 5 4 4 4 4 1 1 1 1 1 1 6 6 2 2 2 2 4 4 1 1 1 1 10 10 1 1 1 1 8 8 1 1 1 1 2 2 3 3 1 1 2 2 2 2 1 1 1 1 1 1 4 4 1 1 1 1 1 1 1 1 1 1 1 1 1 1 2 2 1 1 1 1 2 2 1 1 1 1 6 6 1 1 1 1 1 1 1 1 1 1 1 1 1 1 15 15 2 2 2 2 7 7 1 1 1 1 3 3 1 1 1 1 1 1 1 1 8 8 1 1 1 1 2 2 3 3 5 5 1 1 2 2 1 1 1 1 1 1 1 1 1 1 2 2 2 2 6 6 1 1 1 1 6 6 2 2 2 2 1 1 1 1 1 1 3 3 1 1 1 1 6 6 1 1 1 1 8 8 1 1 1 1 3 3 1 1 1 1 1 1 1 1 1 1 8 8 2 2 2 2 4 4 4 4 2 2 2 2 11 11 1 1 1 1 4 4 1 1 1 1 1 1 1 1 1 1 3 3 1 1 1 1 2 2 2 2 2 2 12 12 2 2 2 2 4 4 1 1 1 1 8 8 1 1 1 1 3 3 1 1 1 1 21 21 1 1 1 1 11 11 1 1 1 1 2 2 2 2 2 2 17 17 1 1 1 1 7 7 1 1 1 1 1 1 1 1 1 1 3 3 1 1 5 5 2 2 2 2 13 13 1 1 1 1 3 3 1 1 1 1 5 5 1 1 1 1 4 4 1 1 1 1 8 8 2 2 2 2 12 12 3 3 3 3 3 3 1 1 1 1 6 6 2 2 2 2 5 5 1 1 2 2 2 2 2 2 5 5 1 1 1 1 4 4 1 1 1 1 1 1 1 1 1 1 9 9 2 2 2 2 2 2 1 1 1 1 11 11 1 1 1 1 1 1 1 1 1 1 14 14 1 1 1 1 18 18 1 1 1 1 1 1 1 1 1 1 1 1 1 1 1 1 2 2 1 1 1 1 5 5 1 1 1 1 1 1 1 1 1 1 3 3 2 2 2 2 6 6 1 1 1 1 1 1 1 1 1 1 3 3 1 1 1 1 2 2 1 1 1 1 2 2 1 1 14 14 1 1 1 1 2 2 1 1 1 1 13 13 1 1 1 1 9 9 1 1 1 1 3 3 1 1 1 1 2 2 2 2 1 1 1 1 5 5 12 12 1 1 1 1 24 24 1 1 1 1 10 10 1 1 1 1 4 4 1 1 1 1 14 14 1 1 1 1 5 5 1 1 1 1 3 3 1 1 1 1 29 29 2 2 2 2 24 24 1 1 1 1 11 11 1 1 1 1 37 37 1 1 1 1 8 8 1 1 1 1 3 3 1 1 1 1 45 45 2 2 2 2 27 27 1 1 1 1 12 12 1 1 1 1 9 9 1 1 1 1 30 30 1 1 1 1 5 5 1 1 1 1 1 1 1 1 1 1 104 104 1 1 1 1 1 1 1 1 1 1 6 6 1 1 1 1 6 6 1 1 1 1 28 28 1 1 1 1 4 4 1 1 1 1 8 8 1 1 1 1 1 1 1 1 1 1 33 33 2 2 2 2 7 7 2 2 2 2 4 4 1 1 1 1 7 7 1 1 1 1 23 23 1 1 1 1 27 27 1 1 1 1 27 27 1 1 1 1 3 3 1 1 1 1 18 18 1 1 1 1 44 44 1 1 1 1 33 33 1 1 1 1 36 36 1 1 1 1 17 17 1 1 1 1 7 7 1 1 1 1 26 26 1 1 1 1 9 9 1 1 1 1 2 2 1 1 1 1 43 43 1 1 1 1 2 2 1 1 1 1 15 15 1 1 1 1 11 11 1 1 1 1 22 22 1 1 1 1 19 19 1 1 1 1 6 6 1 1 1 1 13 13 2 2 2 2 19 19 1 1 17 17 1 1 1 1 47 47 1 1 1 1 22 22 1 1 1 1 4 4 1 1 1 1 1 1 1 1 1 1 4 4 1 1 1 1 11 11 1 1 1 1 2 2 1 1 1 1 17 17 1 1 1 1 5 5 1 1 1 1 1 1 1 1 1 1 4 4 1 1 1 1 22 22 2 2 2 2 34 34 1 1 1 1 26 26 1 1 1 1 2 2 1 1 1 1 23 23 1 1 1 1 1 1 2 2 2 2 3 3 1 1 1 1 7 7 1 1 1 1 6 6 1 1 1 1 6 6 1 1 1 1 5 5 1 1 1 1 2 2 1 1 1 1 6 6 1 1 1 1 7 7 2 2 2 2 9 9 1450 1450 2942 1153 718 732

1879 1879 70 70 1 1 1 1 55 55 1 1 1 1 94 94 1 1 1 1 43 43 1 1 2 2 1 1 1 1 21 21 1 1 1 1 11 11 1 1 1 1 29 29 1 1 1 1 1 1 1 1 3 3 1 1 10 10 1 1 1 1 5 5 1 1 1 1 3 3 2 2 2 2 3 3 1 1 1 1 10 10 1 1 1 1 2 2 1 1 1 1 18 18 1 1 1 1 13 13 1 1 1 1 23 23 1 1 1 1 13 13 1 1 1 1 11 11 1 1 1 1 1 1 1 1 1 1 3 3 1 1 1 1 4 4 1 1 1 1 4 4 2 2 2 2 2 2 1 1 1 1 15 15 1 1 1 1 5 5 1 1 1 1 4 4 1 1 1 1 8 8 1 1 1 1 3 3 1 1 1 1 2 2 1 1 1 1 11 11 1 1 6 6 1 1 1 1 30 30 1 1 1 1 2 2 2 2 2 2 26 26 1 1 1 1 18 18 1 1 1 1 5 5 2 2 2 2 11 11 1 1 1 1 5 5 2 2 2 2 5 5 1 1 1 1 4 4 1 1 1 1 21 21 1 1 1 1 16 16 3 3 3 3 13 13 1 1 1 1 10 10 1 1 1 1 14 14 1 1 1 1 5 5 1 1 1 1 3 3 3 3 1 1 3 3 1 1 3 3 2 2 2 2 25 25 1 1 1 1 3 3 1 1 1 1 30 30 1 1 1 1 7 7 1 1 1 1 7 7 1 1 1 1 16 16 1 1 1 1 10 10 1 1 1 1 12 12 1 1 1 1 9 9 1 1 1 1 36 36 1 1 1 1 1 1 1 1 1 1 104 104 1 1 1 1 1 1 1 1 1 1 1 1 1 1 1 1 4 4 1 1 1 1 6 6 1 1 1 1 28 28 1 1 1 1 4 4 1 1 1 1 8 8 1 1 1 1 1 1 1 1 1 1 4 4 1 1 1 1 21 21 114 114 1 1 1 1 86 86 1 1 1 1 79 79 1 1 1 1 41 41 1 1 1 1 57 57 1 1 1 1 90 90 2 2 2 2 68 68 1 1 1 1 234 234 1 1 1 1 19 19 1 1 1 1 28 28 1 1 1 1 27 27 22 22 1 1 1 1 1 1 1 1 1 1 21 21 1 1 1 1 7 7 1 1 1 1 27 27 1 1 1 1 31 31 1 1 1 1 61 61 1 1 1 1 1 1 1 1 1 1 12 12 1 1 1 1 1 1 1 1 1 1 1 1 1 1 17 17 1 1 1 1 36 36 1 1 1 1 17 17 1 1 1 1 7 7 1 1 1 1 1 1 1 1 1 1 24 24 1 1 1 1 2 2 1 1 1 1 6 6 1 1 1 1 2 2 1 1 1 1 10 10 1 1 1 1 12 12 20 20 1 1 1 1 2 2 1 1 1 1 15 15 1 1 1 1 11 11 1 1 1 1 22 22 1 1 1 1 26 26 1 1 1 1 9 9 1 1 1 1 3 3 2 2 2 2 81 81 1 1 1 1 3 3 1 1 1 1 27 27 1 1 1 1 1 1 1 1 1 1 5 5 1 1 1 1 68 68 1 1 1 1 34 34 1 1 1 1 110 110 1 1 1 1 128 128 1 1 1 1 233 233 1 1 1 1 69 69 54 54 1 1 1 1 5 5 1 1 1 1 10 10 1 1 1 1 18 18 1 1 1 1 36 36 1 1 1 1 73 73 2 2 2 2 135 135 1 1 1 1 32 32 1 1 1 1 7 7 1 1 1 1 75 75 1 1 1 1 95 95 1 1 1 1 15 15 1 1 1 1 13 13 1 1 1 1 23 23 1 1 1 1 152 152 1 1 1 1 47 47 1 1 1 1 165 165 1 1 1 1 55 55 1 1 1 1 141 141 1 1 1 1 12 12 1 1 1 1 8 8 1 1 1 1 11 11 1 1 1 1 29 29 2 2 2 2 6 6 1 1 7 7 1 1 1 1 5 5 1 1 1 1 3 3 2 2 2 2 3 3 1 1 1 1 10 10 1 1 1 1 2 2 1 1 1 1 56 56 1 1 1 1 13 13 1 1 1 1 11 11 1 1 1 1 1 1 1 1 1 1 3 3 1 1 1 1 4 4 1 1 1 1 4 4 2 2 2 2 2 2 1 1 1 1 15 15 1 1 1 1 5 5 1 1 1 1 17 17 1 1 1 1 2 2 1 1 1 1 17 17 1 1 2 2 30 30 1 1 1 1 2 2 2 2 2 2 26 26 1 1 1 1 18 18 1 1 1 1 5 5 2 2 2 2 11 11 1 1 1 1 5 5 2 2 2 2 5 5 1 1 1 1 4 4 1 1 1 1 21 21 1 1 1 1 16 16 3 3 3 3 13 13 1 1 1 1 10 10 1 1 1 1 14 14 1 1 1 1 5 5 1 1 1 1 6 6 1 1 1 1 3 3 2 2 2 2 25 25 1 1 1 1 3 3 1 1 1 1 8 8 1 1 1 1 37 37 1 1 1 1 27 27 1 1 1 1 12 12 1 1 1 1 9 9 1 1 1 1 36 36 1 1 1 1 1 1 1 1 1 1 104 104 1 1 1 1 1 1 1 1 1 1 6 6 1 1 1 1 6 6 1 1 1 1 28 28 1 1 1 1 4 4 1 1 1 1 8 8 1 1 1 1 1 1 1 1 1 1 33 33 2 2 2 2 7 7 2 2 2 2 4 4 1 1 1 1 7 7 1 1 1 1 15 15 1 1 1 1 35 35 1 1 1 1 27 27 1 1 1 1 3 3 1 1 1 1 63 63 1 1 1 1 20 20 1 1 4 4 1 1 7 7 1 1 1 1 11 11 1 1 1 1 24 24 1 1 1 1 17 17 1 1 1 1 7 7 1 1 1 1 17 17 1 1 1 1 8 8 1 1 1 1 8 8 1 1 1 1 1 1 2 2 1 1 1 1 43 43 1 1 1 1 2 2 1 1 1 1 15 15 1 1 1 1 11 11 1 1 1 1 3 3 1 1 6 6 1 1 8 8 1 1 2 2 1 1 1 1 11 11 1 1 5 5 1 1 3 3 1 1 4 4 1 1 1 1 9 9 1 1 1 1 3 3 2 2 2 2 13 13 1 1 8 8 1 1 14 14 1 1 1 1 7 7 1 1 35 35 1 1 3 3 1 1 1 1 22 22 1 1 1 1 4 4 1 1 1 1 1 1 1 1 1 1 4 4 1 1 1 1 1 1 10 10 1 1 1 1 2 2 1 1 1 1 17 17 1 1 1 1 5 5 1 1 1 1 1 1 1 1 1 1 27 27 1 1 1 1 1 1 1 1 22 22 1 1 11 11 1 1 1 1 26 26 1 1 1 1 2 2 1 1 1 1 1 1 1849 1849 1407 472 733 1116

3076 3076 46 46 1 1 1 1 6 6 1 1 1 1 145 145 1 1 1 1 47 47 1 1 1 1 85 85 1 1 1 1 17 17 1 1 1 1 61 61 1 1 1 1 55 55 1 1 1 1 141 141 1 1 1 1 21 21 1 1 1 1 11 11 1 1 1 1 70 70 1 1 1 1 73 73 1 1 1 1 11 11 1 1 1 1 80 80 1 1 62 62 1 1 1 1 91 91 1 1 1 1 7 7 1 1 1 1 21 21 1 1 1 1 20 20 1 1 2 2 1 1 2 2 84 84 1 1 1 1 1 1 1 1 1 1 40 40 1 1 1 1 48 48 1 1 1 1 106 106 1 1 1 1 12 12 1 1 1 1 37 37 1 1 1 1 31 31 1 1 1 1 47 47 1 1 1 1 99 99 1 1 1 1 32 32 1 1 1 1 15 15 1 1 1 1 4 4 1 1 1 1 3 3 1 1 1 1 1 1 1 1 44 44 1 1 1 1 17 17 1 1 1 1 110 110 1 1 1 1 15 15 1 1 1 1 6 6 1 1 1 1 7 7 1 1 1 1 1 1 1 1 2 2 1 1 1 1 3 3 1 1 7 7 1 1 1 1 5 5 1 1 1 1 3 3 1 1 1 1 1 1 1 1 3 3 1 1 1 1 13 13 1 1 1 1 14 14 1 1 1 1 31 31 1 1 1 1 9 9 1 1 1 1 24 24 171 171 1 1 1 1 1 1 3 3 1 1 1 1 1 1 1 1 11 11 1 1 1 1 11 11 1 1 1 1 2 2 1 1 1 1 1 1 1 1 1 1 5 5 1 1 1 1 28 28 2 2 2 2 9 9 1 1 1 1 28 28 1 1 1 1 22 22 1 1 1 1 11 11 1 1 1 1 9 9 1 1 1 1 45 45 2 2 2 2 11 11 1 1 1 1 9 9 1 1 1 1 26 26 1 1 1 1 9 9 1 1 1 1 23 23 1 1 1 1 38 38 1 1 1 1 22 22 1 1 1 1 15 15 1 1 1 1 14 14 1 1 1 1 11 11 1 1 4 4 1 1 1 1 220 220 2 2 2 2 1 1 1 1 1 1 1 1 1 1 122 122 1 1 1 1 35 35 1 1 1 1 36 36 1 1 1 1 143 143 1 1 1 1 21 21 1 1 1 1 31 31 1 1 1 1 12 12 1 1 1 1 40 40 1 1 1 1 35 35 1 1 1 1 39 39 1 1 1 1 111 111 1 1 1 1 13 13 1 1 1 1 23 23 1 1 1 1 45 45 1 1 1 1 106 106 1 1 1 1 47 47 1 1 1 1 76 76 1 1 1 1 18 18 1879 1879 2182 894 665 1214
3415 3415 4 4 1 1 1 1 28 28 1 1 1 1 4 4 1 1 1 1 8 8 1 1 1 1 1 1 1 1 1 1 33 33 2 2 2 2 7 7 2 2 2 2 4 4 1 1 1 1 7 7 1 1 1 1 15 15 1 1 1 1 35 35 1 1 1 1 27 27 1 1 1 1 3 3 1 1 1 1 63 63 1 1 1 1 33 33 1 1 1 1 36 36 1 1 1 1 17 17 1 1 1 1 7 7 1 1 1 1 5 5 1 1 1 1 20 20 1 1 1 1 9 9 1 1 1 1 2 2 2 2 43 43 1 1 1 1 2 2 1 1 1 1 15 15 1 1 1 1 11 11 1 1 1 1 22 22 1 1 1 1 26 26 1 1 1 1 13 13 2 2 2 2 22 22 1 1 14 14 1 1 1 1 47 47 1 1 1 1 22 22 1 1 1 1 4 4 1 1 1 1 1 1 1 1 1 1 4 4 1 1 1 1 11 11 1 1 1 1 2 2 1 1 1 1 17 17 1 1 1 1 5 5 1 1 1 1 1 1 1 1 1 1 27 27 2 2 2 2 34 34 1 1 1 1 2 2 1 1 1 1 23 23 1 1 1 1 2 2 1 1 1 1 23 23 1 1 1 1 1 1 2 2 2 2 3 3 1 1 1 1 7 7 1 1 1 1 6 6 1 1 1 1 6 6 1 1 1 1 5 5 1 1 1 1 2 2 1 1 1 1 6 6 1 1 1 1 7 7 2 2 2 2 9 9 1 1 1 1 4 4 1 1 1 1 11 11 170 170 8 8 6 6 6 6 1 1 1 1 1 1 4 4 1 1 1 1 2 2 1 1 1 1 2 2 2 2 2 2 8 8 1 1 1 1 1 1 1 1 1 1 8 8 1 1 1 1 21 21 1 1 1 1 23 23 1 1 1 1 2 2 2 2 2 2 8 8 1 1 1 1 7 7 1 1 1 1 6 6 1 1 1 1 47 47 1 1 1 1 18 18 1 1 1 1 37 37 1 1 1 1 4 4 1 1 1 1 1 1 2 2 2 2 7 7 74 74 1 1 1 1 27 27 1 1 20 20 2 2 2 2 5 5 1 1 1 1 4 4 1 1 1 1 83 83 1 1 1 1 17 17 1 1 32 32 1 1 1 1 46 46 1 1 1 1 17 17 1 1 1 1 7 7 1 1 32 32 1 1 17 17 1 1 1 1 57 57 1 1 1 1 80 80 1 1 13 13 1 1 1 1 16 16 1 1 13 13 1 1 7 7 1 1 15 15 1 1 1 1 45 45 1 1 1 1 108 108 1 1 1 1 8 8 1 1 36 36 1 1 1 1 104 104 18 18 27 27 1 1 1 1 15 15 1 1 1 1 44 44 1 1 105 105 1 1 1 1 46 46 1 1 1 1 21 21 1 1 1 1 11 11 1 1 1 1 29 29 1 1 1 1 1 1 1 1 6 6 1 1 1 1 1 1 5 5 1 1 1 1 5 5 1 1 1 1 3 3 2 2 2 2 3 3 1 1 1 1 10 10 1 1 1 1 2 2 1 1 1 1 18 18 1 1 37 37 1 1 13 13 1 1 1 1 11 11 1 1 1 1 1 1 79 79 1 1 27 27 1 1 1 1 34 34 1 1 1 1 56 56 12 12 1 1 1 1 8 8 1 1 16 16 3 3 13 13 1 1 10 10 1 1 1 1 14 14 1 1 5 5 1 1 1 1 1 1 1 1 2 2 4 4 3 3 2 2 25 25 1 1 3 3 1 1 1 1 46 46 1 1 1 1 27 27 1 1 12 12 1 1 1 1 9 9 1 1 36 36 1 1 1 1 1 1 1 1 104 104 1 1 1 1 1 1 1 1 6 6 1 1 6 6 1 1 28 28 1 1 4 4 1 1 8 8 1 1 1 1 1 1 33 33 2 2 7 7 1 1 1 1 1 1 4 4 1 1 7 7 3483 3483 2325 1090 1237 2246
3415 3415 4 4 1 1 1 1 28 28 1 1 1 1 4 4 1 1 1 1 8 8 1 1 1 1 1 1 1 1 1 1 33 33 2 2 2 2 7 7 2 2 2 2 4 4 1 1 1 1 7 7 1 1 1 1 15 15 1 1 1 1 35 35 1 1 1 1 27 27 1 1 1 1 3 3 1 1 1 1 63 63 1 1 1 1 33 33 1 1 1 1 36 36 1 1 1 1 17 17 1 1 1 1 7 7 1 1 1 1 5 5 1 1 1 1 20 20 1 1 1 1 9 9 1 1 1 1 2 2 2 2 43 43 1 1 1 1 2 2 1 1 1 1 15 15 1 1 1 1 11 11 1 1 1 1 22 22 1 1 1 1 26 26 1 1 1 1 13 13 2 2 2 2 22 22 1 1 14 14 1 1 1 1 47 47 1 1 1 1 22 22 1 1 1 1 4 4 1 1 1 1 1 1 1 1 1 1 4 4 1 1 1 1 11 11 1 1 1 1 2 2 1 1 1 1 17 17 1 1 1 1 5 5 1 1 1 1 1 1 1 1 1 1 27 27 2 2 2 2 34 34 1 1 1 1 2 2 1 1 1 1 23 23 1 1 1 1 2 2 1 1 1 1 23 23 1 1 1 1 1 1 2 2 2 2 3 3 1 1 1 1 7 7 1 1 1 1 6 6 1 1 1 1 6 6 1 1 1 1 5 5 1 1 1 1 2 2 1 1 1 1 6 6 1 1 1 1 7 7 2 2 2 2 9 9 1 1 1 1 4 4 1 1 1 1 11 11 170 170 8 8 6 6 6 6 1 1 1 1 1 1 4 4 1 1 1 1 2 2 1 1 1 1 2 2 2 2 2 2 8 8 1 1 1 1 1 1 1 1 1 1 8 8 1 1 1 1 21 21 1 1 1 1 23 23 1 1 1 1 2 2 2 2 2 2 8 8 1 1 1 1 7 7 1 1 1 1 6 6 1 1 1 1 47 47 1 1 1 1 18 18 1 1 1 1 37 37 1 1 1 1 4 4 1 1 1 1 1 1 2 2 2 2 7 7 74 74 1 1 1 1 27 27 1 1 20 20 2 2 2 2 5 5 1 1 1 1 4 4 1 1 1 1 83 83 1 1 1 1 17 17 1 1 32 32 1 1 1 1 46 46 1 1 1 1 17 17 1 1 1 1 7 7 1 1 32 32 1 1 17 17 1 1 1 1 57 57 1 1 1 1 80 80 1 1 13 13 1 1 1 1 16 16 1 1 13 13 1 1 7 7 1 1 15 15 1 1 1 1 45 45 1 1 1 1 108 108 1 1 1 1 8 8 1 1 36 36 1 1 1 1 104 104 18 18 27 27 1 1 1 1 15 15 1 1 1 1 44 44 1 1 105 105 1 1 1 1 46 46 1 1 1 1 21 21 1 1 1 1 11 11 1 1 1 1 29 29 1 1 1 1 1 1 1 1 6 6 1 1 1 1 1 1 5 5 1 1 1 1 5 5 1 1 1 1 3 3 2 2 2 2 3 3 1 1 1 1 10 10 1 1 1 1 2 2 1 1 1 1 18 18 1 1 37 37 1 1 13 13 1 1 1 1 11 11 1 1 1 1 1 1 79 79 1 1 27 27 1 1 1 1 34 34 1 1 1 1 56 56 12 12 1 1 1 1 8 8 1 1 16 16 3 3 13 13 1 1 10 10 1 1 1 1 14 14 1 1 5 5 1 1 1 1 1 1 1 1 2 2 4 4 3 3 2 2 25 25 1 1 3 3 1 1 1 1 46 46 1 1 1 1 27 27 1 1 12 12 1 1 1 1 9 9 1 1 36 36 1 1 1 1 1 1 1 1 104 104 1 1 1 1 1 1 1 1 6 6 1 1 6 6 1 1 28 28 1 1 4 4 1 1 8 8 1 1 1 1 1 1 33 33 2 2 7 7 1 1 1 1 1 1 4 4 1 1 7 7 3483 3483 2345 1070 1398 2085
4797 4797 13 13 1 1 1 1 42 42 1 1 1 1 1 1 2 2 2 2 16 16 1 1 1 1 120 120 1 1 1 1 4 4 1 1 1 1 39 39 1 1 1 1 27 27 1 1 1 1 2 2 1 1 1 1 3 3 1 1 1 1 1 1 1 1 1 1 38 38 1 1 1 1 1 1 1 1 1 1 2 2 1 1 1 1 2 2 3244 3244 3299 1498 618 2626



630 630 1 1 54 54 1 1 1 1 662 662 1 1 80 80 1 1 1 1 111 111 5 5 64 64 1 1 1 1 250 250 5 5 98 98 1 1 1 1 236 236 1 1 1 1 106 106 1 1 35 35 295 295 1 1 1 1 196 196 5 5 241 241 1 1 40 40 1 1 1 1 803 803 1 1 429 429 1 1 1 1 123 123 1 1 83 83 5 5 317 317 1 1 73 73 1 1 20 20 1 1 215 215 180 180 5 5 7 7 367 367 1 1 348 348 2 2 2 2 125 125 1 1 185 185 75 110 163 467
526 526 1 1 1 1 114 114 1 1 1 1 65 65 1 1 1 1 30 30 1 1 1 1 49 49 2 2 37 37 1 1 1 1 84 84 1 1 1 1 59 59 1 1 1 1 19 19 1 1 1 1 108 108 462 64 18 90
188 188 1 1 1 1 1 1 1 1 1 1 1 1 1 1 1 1 1 1 1 1 6 6 122 122 1 1 1 1 18 18 1 1 1 1 1 1 1 1 144 144 1 1 1 1 4 4 1 1 1 1 3 3 1 1 1 1 90 90 1 1 1 1 12 12 1 1 1 1 71 71 1 1 1 1 1 1 23 23 1 1 1 1 120 120 90 30 94 94
466 466 1 1 1 1 92 92 1 1 1 1 31 31 1 1 1 1 115 115 1 1 1 1 53 53 1 1 1 1 128 128 1 1 1 1 60 60 1 1 1 1 10 10 1 1 1 1 118 118 1 1 1 1 60 60 1 1 1 1 125 125 1 1 1 1 11 11 1 1 1 1 69 69 1 1 1 1 1 1 45 45 1 1 1 1 17 17 1 1 1 1 41 41 1 1 1 1 12 12 1 1 1 1 15 15 1 1 1 1 18 18 1 1 48 48 1 1 1 1 54 54 1 1 1 1 58 58 1 1 1 1 32 32 1 1 1 1 1 1 3 3 3 3 34 34 1 1 1 1 2 2 1 1 1 1 7 7 1 1 1 1 1 1 1 1 21 21 1 1 1 1 124 124 280 186 30 94
276 276 1 1 108 108 1 1 2 2 2 2 2 2 2 2 1 1 1 1 28 28 1 1 1 1 1 1 613 613 1 1 1 1 14 14 1 1 1 1 86 86 1 1 1 1 69 69 1 1 87 87 1 1 1 1 17 17 1 1 1 1 20 20 1 1 1 1 215 215 61 154 176 100
281 281 1 1 1 1 21 21 1 1 1 1 40 40 1 1 1 1 94 94 1 1 1 1 55 55 1 1 1 1 145 145 1 1 1 1 77 77 1 1 1 1 51 51 1 1 1 1 46 46 1 1 1 1 141 141 1 1 1 1 202 202 1 1 1 1 104 104 1 1 1 1 25 25 1 1 7 7 1 1 1 1 86 86 1 1 1 1 5 5 1 1 1 1 35 35 1 1 1 1 19 19 1 1 1 1 8 8 1 1 1 1 396 396 135 146 24 372
396 396 1 1 40 40 1 1 1 1 12 12 1 1 1 1 146 146 1 1 9 9 1 1 1 1 18 18 1 1 1 1 35 35 1 1 1 1 81 81 1 1 1 1 176 176 1 1 1 1 277 277 1 1 1 1 16 16 1 1 1 1 101 101 1 1 1 1 1 1 1 1 1 1 27 27 1 1 1 1 40 40 1 1 1 1 34 34 1 1 1 1 104 104 1 1 1 1 4 4 1 1 1 1 8 8 1 1 1 1 70 70 1 1 1 1 79 79 1 1 1 1 150 150 303 93 72 78
411 411 53 53 1 1 1 1 5 5 3 3 1 1 1 1 1 1 27 27 1 1 1 1 36 36 1 1 1 1 2 2 5 5 2 2 1 1 1 1 21 21 1 1 1 1 5 5 1 1 1 1 13 13 1 1 1 1 2 2 1 1 1 1 33 33 2 2 2 2 1 1 8 8 20 20 1 1 1 1 1 1 2 2 5 5 1 1 1 1 4 4 3 3 3 3 19 19 4 4 11 11 1 1 1 1 6 6 11 11 1 1 1 1 6 6 1 1 1 1 1 1 1 1 10 10 1 1 1 1 22 22 1 1 1 1 1 1 5 5 3 3 1 1 1 1 1 1 11 11 7 7 1 1 1 1 3 3 1 1 1 1 4 4 1 1 1 1 1 1 1 1 1 1 1 1 1 1 28 28 1 1 1 1 1 1 1 1 1 1 2 2 1 1 1 1 1 1 1 1 1 1 2 2 1 1 1 1 1 1 1 1 1 1 1 1 8 8 1 1 1 1 19 19 1 1 1 1 1 1 1 1 1 1 1 1 1 1 1 1 1 1 2 2 2 2 1 1 1 1 4 4 1 1 1 1 2 2 1 1 1 1 14 14 1 1 1 1 4 4 1 1 1 1 1 1 1 1 1 1 3 3 8 8 2 2 2 2 1 1 16 16 15 15 1 1 1 1 7 7 1 1 1 1 10 10 3 3 3 3 15 15 1 1 1 1 2 2 1 1 2 2 1 1 1 1 1 1 6 6 1 1 1 1 4 4 1 1 1 1 36 36 1 1 1 1 22 22 1 1 1 1 1 1 1 1 1 1 1 1 2 2 1 1 1 1 1 1 1 1 1 1 1 1 1 1 21 21 1 1 1 1 5 5 1 1 1 1 13 13 1 1 1 1 1 1 1 1 1 1 1 1 1 1 14 14 1 1 1 1 4 4 1 1 1 1 1 1 1 1 1 1 1 1 1 1 1 1 6 6 3 3 3 3 2 2 13 13 1 1 1 1 2 2 1 1 2 2 1 1 1 1 1 1 1 1 2 2 1 1 1 1 3 3 1 1 1 1 4 4 1 1 1 1 1 1 1 1 1 1 15 15 1 1 1 1 6 6 1 1 1 1 1 1 1 1 10 10 3 3 3 3 15 15 1 1 1 1 3 3 4 4 6 6 1 1 1 1 4 4 1 1 1 1 1 1 1 1 15 15 1 1 1 1 10 10 1 1 1 1 2 2 2 2 6 6 1 1 1 1 21 21 1 1 1 1 1 1 1 1 1 1 1 1 34 34 1 1 1 1 1 1 1 1 1 1 2 2 1 1 1 1 1 1 1 1 2 2 1 1 1 1 5 5 1 1 1 1 1 1 16 16 2 2 1 1 2 2 8 8 1 1 1 1 4 4 1 1 1 1 2 2 1 1 1 1 21 21 1 1 1 1 11 11 1 1 1 1 1 1 1 1 1 1 8 8 15 15 1 1 1 1 3 3 2 2 1 1 1 1 1 1 1 1 1 1 5 5 1 1 1 1 4 4 3 3 3 3 7 7 4 4 5 5 2 2 1 1 2 2 1 1 1 1 1 1 6 6 1 1 1 1 4 4 1 1 1 1 17 17 1 1 1 1 3 3 1 1 1 1 1 1 1 1 1 1 1 1 11 11 1 1 1 1 21 21 2 2 1 1 1 1 1 1 6 6 1 1 1 1 6 6 1 1 1 1 14 14 1 1 1 1 5 5 1 1 1 1 1 1 1 1 1 1 1 1 1 1 1 1 27 27 1 1 1 1 7 7 14 14 1 1 1 1 18 18 2 2 1 1 1 1 1 1 6 6 1 1 1 1 22 22 1 1 1 1 3 3 2 2 1 1 1 1 1 1 6 6 1 1 1 1 22 22 33 33 4 4 1 1 1 1 2 2 1 1 1 1 7 7 22 22 1 1 1 1 7 7 21 21 2 2 45 45 2 2 1 1 1 1 1 1 6 6 1 1 1 1 29 29 1 1 1 1 29 29 1 1 1 1 6 6 1 1 1 1 34 34 1 1 1 1 1 1 1 1 1 1 13 13 1 1 1 1 36 36 1 1 1 1 20 20 1 1 1 1 1 1 1 1 1 1 1 1 1 1 1 1 1 1 11 11 1 1 1 1 15 15 1 1 1 1 4 4 1 1 1 1 1 1 1 1 1 1 1 1 1 1 1 1 27 27 1 1 1 1 7 7 1 1 1 1 28 28 1 1 1 1 36 36 1 1 1 1 3 3 1 1 1 1 5 5 1 1 1 1 30 30 1 1 1 1 1 1 1 1 1 1 1 1 1 1 13 13 1 1 1 1 7 7 2 2 11 11 1 1 1 1 1 1 1 1 1 1 1 1 1 1 1 1 4 4 1 1 1 1 7 7 2 2 6 6 1 1 1 1 6 6 1 1 1 1 3 3 2 2 1 1 1 1 1 1 6 6 1 1 1 1 22 22 1 1 1 1 6 6 1 1 1 1 36 36 1 1 1 1 29 29 1 1 1 1 6 6 1 1 1 1 36 36 1 1 1 1 13 13 1 1 1 1 20 20 1 1 1 1 150 150 1 1 1 1 72 72 1 1 1 1 26 26 1 1 1 1 7 7 1 1 1 1 1 1 1 1 1 1 1 1 1 1 1 1 35 35 1 1 1 1 28 28 1 1 1 1 4 4 1 1 1 1 8 8 1 1 1 1 241 241 351 60 30 211
190 190 1 1 1 1 298 298 1 1 1 1 115 115 1 1 1 1 21 21 1 1 1 1 25 25 1 1 1 1 8 8 1 1 1 1 398 398 1 1 1 1 18 18 1 1 1 1 53 53 1 1 1 1 207 207 1 1 1 1 15 15 1 1 1 1 75 75 1 1 1 1 86 86 164 26 40 46
351 351 1 1 1 1 6 6 1 1 1 1 15 15 1 1 1 1 67 67 1 1 1 1 38 38 1 1 1 1 20 20 1 1 1 1 133 133 1 1 1 1 15 15 1 1 1 1 8 8 1 1 1 1 259 259 1 1 1 1 166 166 1 1 1 1 16 16 1 1 1 1 16 16 1 1 1 1 87 87 1 1 1 1 1 1 11 11 1 1 1 1 34 34 1 1 1 1 80 80 1 1 1 1 103 103 1 1 1 1 27 27 1 1 1 1 21 21 1 1 1 1 61 61 1 1 1 1 135 135 1 1 1 1 146 146 1 1 1 1 52 52 1 1 1 1 312 312 198 153 126 186
323 323 1 1 1 1 42 42 1 1 1 1 3 3 1 1 1 1 13 13 1 1 1 1 1 1 1 1 24 24 1 1 1 1 1 1 17 17 1 1 1 1 22 22 14 14 1 1 1 1 48 48 1 1 1 1 31 31 1 1 1 1 11 11 1 1 1 1 6 6 1 1 10 10 1 1 1 1 1 1 1 1 1 1 24 24 7 7 1 1 8 8 4 4 1 1 1 1 18 18 1 1 1 1 10 10 1 1 1 1 3 3 1 1 1 1 39 39 1 1 1 1 21 21 1 1 1 1 29 29 1 1 1 1 1 1 1 1 2 2 1 1 1 1 1 1 2 2 2 2 13 13 1 1 1 1 40 40 4 4 1 1 1 1 18 18 1 1 1 1 10 10 1 1 1 1 1 1 1 1 2 2 1 1 1 1 1 1 1 1 1 1 12 12 1 1 1 1 1 1 1 1 1 1 20 20 1 1 1 1 1 1 1 1 1 1 8 8 1 1 1 1 9 9 1 1 1 1 2 2 1 1 1 1 18 18 1 1 1 1 2 2 2 2 1 1 1 1 12 12 6 6 3 3 1 1 1 1 1 1 1 1 1 1 37 37 1 1 1 1 8 8 1 1 1 1 12 12 1 1 1 1 18 18 1 1 1 1 10 10 2 2 2 2 4 4 1 1 1 1 13 13 1 1 1 1 1 1 1 1 20 20 1 1 1 1 10 10 1 1 1 1 12 12 1 1 1 1 18 18 1 1 1 1 10 10 2 2 2 2 19 19 1 1 1 1 22 22 1 1 1 1 21 21 1 1 1 1 3 3 1 1 1 1 25 25 2 2 2 2 19 19 1 1 1 1 20 20 1 1 1 1 1 1 1 1 1 1 21 21 1 1 1 1 29 29 2 2 2 2 94 94 2 2 2 2 19 19 1 1 1 1 22 22 96 96 26 26 1 1 1 1 25 25 2 2 2 2 19 19 1 1 1 1 74 74 2 2 4 4 1 1 1 1 13 13 1 1 1 1 1 1 1 1 21 21 1 1 23 23 1 1 1 1 3 3 1 1 1 1 14 14 1 1 1 1 10 10 1 1 1 1 1 1 1 1 2 2 1 1 1 1 16 16 1 1 1 1 22 22 1 1 1 1 8 8 1 1 1 1 9 9 1 1 1 1 24 24 8 8 1 1 1 1 1 1 1 1 2 2 1 1 1 1 15 15 1 1 1 1 1 1 1 1 22 22 1 1 1 1 21 21 1 1 1 1 33 33 1 1 1 1 16 16 1 1 1 1 44 44 1 1 1 1 29 29 2 2 2 2 2 2 1 1 1 1 16 16 1 1 1 1 22 22 1 1 1 1 8 8 1 1 1 1 12 12 1 1 1 1 29 29 1 1 1 1 1 1 1 1 19 19 1 1 1 1 44 44 1 1 1 1 18 18 1 1 1 1 10 10 1 1 1 1 1 1 1 1 2 2 1 1 1 1 13 13 1 1 1 1 1 1 1 1 1 1 1 1 1 1 31 31 1 1 1 1 12 12 1 1 1 1 18 18 1 1 1 1 8 8 1 1 1 1 1 1 1 1 1 1 1 1 1 1 2 2 1 1 1 1 1 1 2 2 2 2 13 13 1 1 1 1 3 3 1 1 1 1 40 40 1 1 1 1 29 29 1 1 1 1 1 1 1 1 18 18 2 2 2 2 31 31 1 1 1 1 48 48 1 1 1 1 13 13 1 1 1 1 1 1 1 1 20 20 1 1 1 1 10 10 1 1 1 1 12 12 1 1 1 1 18 18 1 1 1 1 10 10 2 2 2 2 19 19 1 1 1 1 22 22 1 1 1 1 21 21 1 1 1 1 18 18 1 1 1 1 31 31 1 1 1 1 22 22 1 1 1 1 40 40 1 1 1 1 11 11 1 1 1 1 19 19 1 1 1 1 44 44 1 1 1 1 18 18 1 1 1 1 1 1 54 54 1 1 1 1 51 51 2 2 2 2 19 19 1 1 1 1 44 44 1 1 1 1 18 18 1 1 1 1 10 10 2 2 2 2 4 4 1 1 1 1 13 13 2 2 2 2 20 20 1 1 1 1 23 23 1 1 1 1 18 18 1 1 1 1 10 10 2 2 2 2 19 19 1 1 1 1 22 22 1 1 1 1 51 51 1 1 1 1 1 1 20 20 1 1 1 1 63 63 1 1 1 1 11 11 3 3 1 1 1 1 1 1 1 1 8 8 711 711 299 24 362 349
