[gfa_ed_step] dist=1, n=135, n_intv=85, n_tb=0
Z	0	-1	1
Z	3	36	37
Z	7	37	38
Z	9	61	62
Z	13	62	63
Z	15	74	75
Z	19	75	76
Z	21	83	84
Z	25	84	85
Z	27	91	92
Z	31	92	93
Z	33	160	161
Z	37	161	162
Z	39	180	181
Z	43	181	182
Z	45	205	206
Z	49	206	207
Z	51	209	210
Z	55	210	211
Z	59	234	235
Z	61	244	245
Z	87	248	249
Z	89	255	256
Z	93	256	257
Z	95	263	264
Z	99	264	265
Z	101	267	268
Z	105	268	269
Z	107	273	274
Z	111	274	275
Z	113	275	276
Z	117	277	278
Z	119	279	280
Z	123	280	281
Z	125	283	284
Z	129	284	285
Z	131	287	288
Z	135	288	289
Z	139	291	292
Z	141	300	301
Z	145	301	302
Z	147	308	309
Z	153	309	310
Z	155	310	311
Z	157	314	315
Z	161	316	317
Z	163	319	320
Z	165	324	325
Z	167	329	330
Z	171	330	331
Z	173	344	345
Z	177	345	346
Z	179	346	347
Z	183	347	348
Z	185	350	351
Z	191	351	352
Z	193	353	354
Z	195	356	357
Z	199	357	358
Z	201	361	362
Z	205	362	363
Z	207	364	365
Z	211	367	368
Z	213	376	377
Z	217	377	378
Z	219	383	384
Z	223	384	385
Z	225	389	390
Z	229	390	391
Z	231	399	400
Z	233	400	401
Z	239	401	402
Z	241	404	405
Z	247	389	390
Z	249	390	391
Z	251	395	396
Z	257	396	397
Z	259	397	398
Z	261	400	401
Z	265	401	402
Z	267	403	404
Z	269	404	405
Z	273	405	406
Z	275	406	407
Z	277	415	416
WF	0	1	35
WF	6	35	0
WF	6	36	0
WF	7	38	23
WF	11	60	0
WF	11	61	0
WF	13	63	11
WF	17	73	0
WF	17	74	0
WF	19	76	7
WF	23	82	0
WF	23	83	0
WF	25	85	6
WF	29	90	0
WF	29	91	0
WF	31	93	67
WF	35	159	0
WF	35	160	0
WF	37	162	18
WF	42	179	0
WF	42	180	0
WF	43	182	23
WF	47	204	0
WF	47	205	0
WF	49	207	2
WF	54	208	0
WF	54	209	0
WF	55	211	23
WF	57	233	0
WF	57	234	0
WF	61	245	3
WF	63	247	0
WF	63	248	0
WF	87	249	6
WF	92	254	0
WF	92	255	0
WF	93	257	6
WF	98	262	0
WF	98	263	0
WF	99	265	2
WF	104	266	0
WF	104	267	0
WF	105	269	4
WF	110	272	0
WF	110	273	0
WF	111	275	0
WF	116	274	0
WF	116	275	0
WF	117	278	1
WF	122	278	0
WF	122	279	0
WF	123	281	2
WF	128	282	0
WF	128	283	0
WF	129	285	2
WF	134	286	0
WF	134	287	0
WF	135	289	2
WF	138	290	0
WF	138	291	0
WF	139	292	8
WF	144	299	0
WF	144	300	0
WF	145	302	6
WF	150	307	0
WF	150	308	0
WF	151	307	0
WF	151	308	0
WF	155	311	3
WF	160	313	0
WF	160	314	0
WF	165	325	4
WF	170	328	0
WF	170	329	0
WF	171	331	13
WF	176	343	0
WF	176	344	0
WF	177	346	0
WF	182	345	0
WF	182	346	0
WF	183	348	2
WF	185	351	0
WF	188	350	0
WF	188	351	0
WF	190	349	0
WF	190	350	0
WF	193	354	2
WF	198	355	0
WF	198	356	0
WF	199	358	3
WF	204	360	0
WF	204	361	0
WF	205	363	1
WF	210	363	0
WF	210	364	0
WF	211	368	8
WF	216	375	0
WF	216	376	0
WF	217	378	5
WF	222	382	0
WF	222	383	0
WF	223	385	4
WF	228	388	0
WF	228	389	0
WF	229	391	8
WF	231	400	0
WF	236	398	0
WF	236	399	0
WF	238	399	0
WF	238	400	0
WF	239	402	2
WF	244	403	0
WF	244	404	0
WF	245	404	16
WF	249	391	4
WF	251	396	0
WF	254	395	0
WF	254	396	0
WF	256	394	0
WF	256	395	0
WF	259	398	2
WF	264	399	0
WF	264	400	0
WF	265	402	1
WF	267	404	0
WF	272	402	0
WF	272	403	0
WF	275	403	0
WF	275	404	0
WF	275	407	8
WF	279	414	0
WF	279	415	0
WF	282	414	0
WF	282	415	0
WF	283	415	5
[gfa_ed_step] dist=2, n=223, n_intv=122, n_tb=0
Z	0	-1	2
Z	3	36	37
Z	6	34	37
Z	7	37	39
Z	9	61	62
Z	11	59	62
Z	13	62	64
Z	15	74	76
Z	17	72	75
Z	19	75	77
Z	21	83	84
Z	23	81	85
Z	25	84	86
Z	27	91	92
Z	29	89	92
Z	31	92	94
Z	33	160	161
Z	35	158	161
Z	37	161	163
Z	39	180	181
Z	42	178	181
Z	43	181	183
Z	45	205	207
Z	47	203	206
Z	49	206	208
Z	51	209	210
Z	54	207	210
Z	55	210	212
Z	57	232	235
Z	59	234	235
Z	61	244	246
Z	87	248	250
Z	89	255	256
Z	92	253	256
Z	93	256	258
Z	95	263	264
Z	98	261	264
Z	99	264	266
Z	101	267	269
Z	104	265	268
Z	105	268	270
Z	107	273	275
Z	110	271	274
Z	111	273	276
Z	113	275	276
Z	117	277	279
Z	119	279	280
Z	122	277	280
Z	123	280	282
Z	125	283	284
Z	128	281	285
Z	129	284	286
Z	131	287	288
Z	134	285	288
Z	135	288	290
Z	139	291	293
Z	141	300	302
Z	144	298	301
Z	145	301	303
Z	147	308	309
Z	151	306	309
Z	153	309	310
Z	155	310	312
Z	157	314	315
Z	161	316	317
Z	163	319	320
Z	165	324	326
Z	167	329	330
Z	170	327	330
Z	171	330	332
Z	173	344	345
Z	176	342	345
Z	177	345	347
Z	179	346	347
Z	182	344	347
Z	183	347	349
Z	185	350	352
Z	190	348	351
Z	191	351	352
Z	193	353	355
Z	195	356	357
Z	198	354	357
Z	199	357	359
Z	201	361	362
Z	204	359	362
Z	205	362	364
Z	207	364	365
Z	210	362	365
Z	211	367	369
Z	213	376	377
Z	216	374	377
Z	217	377	379
Z	219	383	384
Z	222	381	384
Z	223	384	386
Z	225	389	390
Z	228	387	390
Z	229	390	392
Z	231	399	401
Z	233	400	401
Z	236	397	400
Z	238	398	401
Z	239	401	403
Z	241	404	405
Z	244	402	405
Z	247	389	390
Z	249	390	392
Z	251	395	397
Z	254	394	397
Z	256	393	396
Z	257	396	398
Z	259	397	399
Z	261	400	401
Z	264	398	401
Z	265	401	403
Z	267	403	405
Z	269	404	405
Z	273	405	406
Z	275	406	408
Z	277	415	416
Z	279	413	417
Z	282	413	416
WF	0	2	35
WF	3	37	0
WF	6	37	0
WF	7	35	0
WF	7	36	0
WF	7	39	23
WF	9	62	0
WF	11	62	0
WF	13	60	0
WF	13	61	0
WF	13	64	11
WF	15	76	0
WF	17	75	0
WF	19	73	1
WF	19	74	1
WF	19	77	7
WF	21	84	0
WF	23	85	0
WF	25	82	0
WF	25	83	0
WF	25	86	6
WF	27	92	0
WF	29	92	0
WF	31	90	0
WF	31	91	0
WF	31	94	67
WF	33	161	0
WF	35	161	0
WF	37	159	0
WF	37	160	0
WF	37	163	18
WF	39	181	0
WF	42	181	0
WF	43	179	0
WF	43	180	0
WF	43	183	23
WF	45	207	0
WF	47	206	0
WF	49	204	1
WF	49	205	1
WF	49	208	2
WF	51	210	0
WF	54	210	0
WF	55	208	0
WF	55	209	0
WF	55	212	23
WF	57	235	0
WF	59	235	0
WF	61	246	3
WF	63	246	1
WF	63	247	4
WF	63	248	4
WF	63	249	3
WF	87	250	6
WF	89	256	0
WF	92	256	0
WF	93	254	0
WF	93	255	0
WF	93	258	6
WF	95	264	0
WF	98	264	0
WF	99	262	0
WF	99	263	0
WF	99	266	2
WF	104	268	0
WF	105	266	2
WF	105	267	2
WF	105	270	4
WF	110	274	0
WF	111	276	0
WF	113	273	1
WF	113	274	1
WF	113	276	0
WF	116	273	1
WF	116	274	1
WF	116	275	1
WF	116	276	1
WF	116	277	0
WF	117	279	1
WF	119	280	0
WF	122	280	0
WF	123	278	0
WF	123	279	0
WF	123	282	2
WF	125	284	0
WF	128	285	0
WF	129	282	0
WF	129	283	0
WF	129	286	2
WF	131	288	0
WF	134	288	0
WF	135	286	0
WF	135	287	0
WF	135	290	2
WF	138	289	1
WF	138	290	1
WF	138	291	1
WF	138	292	0
WF	139	293	8
WF	141	302	0
WF	144	301	0
WF	145	299	1
WF	145	300	1
WF	145	303	6
WF	147	309	0
WF	150	306	1
WF	150	307	1
WF	150	308	1
WF	150	309	0
WF	151	309	0
WF	153	307	0
WF	153	308	0
WF	155	312	3
WF	157	315	1
WF	157	316	0
WF	160	312	1
WF	160	313	1
WF	160	314	1
WF	160	315	0
WF	165	326	4
WF	167	330	0
WF	170	330	0
WF	171	328	0
WF	171	329	0
WF	171	332	13
WF	173	345	0
WF	176	345	0
WF	177	343	0
WF	177	344	0
WF	177	347	0
WF	179	347	0
WF	182	347	0
WF	183	345	0
WF	183	346	0
WF	183	349	2
WF	185	352	0
WF	188	349	1
WF	188	350	1
WF	188	351	1
WF	188	352	0
WF	190	351	0
WF	191	349	0
WF	191	350	0
WF	191	352	0
WF	193	355	2
WF	195	357	0
WF	198	357	0
WF	199	355	0
WF	199	356	0
WF	199	359	3
WF	201	362	0
WF	204	362	0
WF	205	360	0
WF	205	361	0
WF	205	364	1
WF	207	365	0
WF	210	365	0
WF	211	363	0
WF	211	364	0
WF	211	365	0
WF	211	369	8
WF	213	377	0
WF	216	377	0
WF	217	375	0
WF	217	376	0
WF	217	379	5
WF	219	384	0
WF	222	384	0
WF	223	382	0
WF	223	383	0
WF	223	386	4
WF	225	390	0
WF	228	390	0
WF	229	388	0
WF	229	389	0
WF	229	392	8
WF	231	401	0
WF	233	401	0
WF	236	400	0
WF	238	401	0
WF	239	399	0
WF	239	400	0
WF	239	403	2
WF	241	405	0
WF	244	405	0
WF	245	403	17
WF	245	404	16
WF	247	390	0
WF	249	388	0
WF	249	389	0
WF	249	392	4
WF	251	397	0
WF	254	397	0
WF	256	396	0
WF	257	394	0
WF	257	395	0
WF	257	398	0
WF	259	395	1
WF	259	396	1
WF	259	399	2
WF	261	401	0
WF	264	401	0
WF	265	399	0
WF	265	400	0
WF	265	403	1
WF	267	405	0
WF	269	405	0
WF	272	401	1
WF	272	402	1
WF	272	403	1
WF	272	404	0
WF	275	402	1
WF	275	403	1
WF	275	404	1
WF	275	405	0
WF	275	408	8
WF	277	416	0
WF	279	417	0
WF	282	416	0
WF	283	414	6
WF	283	415	5
WF	283	416	0
WF	283	417	0
[gfa_ed_step] dist=3, n=266, n_intv=133, n_tb=0
Z	0	-1	3
Z	3	36	38
Z	6	34	39
Z	7	37	40
Z	9	61	63
Z	11	59	63
Z	13	62	65
Z	15	74	77
Z	17	72	77
Z	19	75	78
Z	21	83	86
Z	23	81	86
Z	25	84	87
Z	27	91	93
Z	29	89	94
Z	31	92	95
Z	33	160	163
Z	35	158	162
Z	37	161	164
Z	39	180	182
Z	42	178	183
Z	43	181	184
Z	45	205	208
Z	47	203	207
Z	49	204	209
Z	51	209	211
Z	54	207	211
Z	55	210	213
Z	57	232	237
Z	59	234	235
Z	61	244	247
Z	87	248	251
Z	89	255	257
Z	92	253	257
Z	93	256	259
Z	95	263	266
Z	98	261	265
Z	99	261	263
Z	99	264	267
Z	101	267	270
Z	104	265	269
Z	105	268	271
Z	107	273	276
Z	110	271	275
Z	111	273	277
Z	113	272	276
Z	113	277	278
Z	116	272	277
Z	117	275	276
Z	117	277	280
Z	119	279	281
Z	122	277	281
Z	123	278	283
Z	125	283	285
Z	128	281	286
Z	129	284	287
Z	131	287	289
Z	134	285	289
Z	135	286	291
Z	138	288	293
Z	139	291	294
Z	141	300	303
Z	144	298	302
Z	145	301	304
Z	147	308	310
Z	150	305	309
Z	150	310	311
Z	151	306	310
Z	153	306	310
Z	155	310	313
Z	157	314	316
Z	160	311	315
Z	161	316	317
Z	163	319	320
Z	165	324	327
Z	167	329	331
Z	170	327	331
Z	171	330	333
Z	173	344	346
Z	176	342	346
Z	177	342	348
Z	179	346	349
Z	182	344	348
Z	183	347	350
Z	185	350	353
Z	188	348	352
Z	190	348	352
Z	191	348	350
Z	191	351	352
Z	193	353	356
Z	195	356	358
Z	198	354	358
Z	199	357	360
Z	201	361	363
Z	204	359	363
Z	205	360	365
Z	207	364	365
Z	210	362	366
Z	211	367	370
Z	213	376	379
Z	216	374	378
Z	217	377	380
Z	219	383	385
Z	222	381	385
Z	223	384	387
Z	225	389	391
Z	228	387	392
Z	229	390	393
Z	231	399	402
Z	233	400	402
Z	236	397	401
Z	238	398	402
Z	239	399	404
Z	241	404	406
Z	244	402	406
Z	247	389	391
Z	249	390	393
Z	251	395	398
Z	254	394	398
Z	256	393	397
Z	257	393	399
Z	259	395	400
Z	261	400	402
Z	264	398	402
Z	265	399	404
Z	267	402	406
Z	269	404	406
Z	272	400	404
Z	273	405	406
Z	275	406	409
Z	277	415	417
Z	279	413	418
Z	282	413	418
WF	0	3	35
WF	3	38	0
WF	6	39	0
WF	7	34	1
WF	7	35	1
WF	7	36	1
WF	7	40	23
WF	9	63	0
WF	11	63	0
WF	13	59	1
WF	13	60	3
WF	13	61	3
WF	13	65	11
WF	15	77	0
WF	19	72	3
WF	19	73	3
WF	19	74	2
WF	19	78	7
WF	21	86	0
WF	23	86	0
WF	25	81	2
WF	25	82	2
WF	25	83	1
WF	25	87	6
WF	27	93	0
WF	29	94	0
WF	31	89	1
WF	31	90	1
WF	31	91	1
WF	31	95	67
WF	33	163	0
WF	35	162	0
WF	37	158	2
WF	37	159	2
WF	37	160	1
WF	37	164	18
WF	39	182	0
WF	43	178	1
WF	43	179	1
WF	43	180	1
WF	43	184	23
WF	45	208	0
WF	47	207	0
WF	49	203	2
WF	49	209	2
WF	51	207	0
WF	51	208	0
WF	51	211	0
WF	54	211	0
WF	55	207	1
WF	55	208	2
WF	55	209	2
WF	55	213	23
WF	57	237	0
WF	59	235	1
WF	59	236	0
WF	59	237	0
WF	61	247	3
WF	63	245	2
WF	63	246	5
WF	63	247	5
WF	63	248	5
WF	63	249	4
WF	63	250	3
WF	87	251	6
WF	89	257	0
WF	92	257	0
WF	93	253	1
WF	93	254	1
WF	93	255	1
WF	93	259	6
WF	98	265	0
WF	99	263	2
WF	99	267	2
WF	101	264	0
WF	101	265	0
WF	101	270	0
WF	104	264	0
WF	104	269	0
WF	105	265	4
WF	105	266	4
WF	105	267	3
WF	105	271	4
WF	107	276	0
WF	110	275	0
WF	111	277	0
WF	113	276	1
WF	113	278	1
WF	116	277	1
WF	116	278	0
WF	117	276	1
WF	117	280	1
WF	119	276	0
WF	119	277	0
WF	119	281	0
WF	122	276	0
WF	122	281	0
WF	123	277	1
WF	123	283	2
WF	125	281	0
WF	125	282	0
WF	125	285	0
WF	128	286	0
WF	129	281	1
WF	129	282	1
WF	129	283	1
WF	129	287	2
WF	131	289	0
WF	134	289	0
WF	135	285	1
WF	135	291	2
WF	138	293	1
WF	139	289	1
WF	139	290	1
WF	139	294	8
WF	139	295	0
WF	141	303	0
WF	144	302	0
WF	145	298	3
WF	145	299	3
WF	145	300	2
WF	145	304	6
WF	147	310	0
WF	150	309	1
WF	150	311	1
WF	151	310	0
WF	153	310	0
WF	155	307	0
WF	155	308	0
WF	155	309	0
WF	155	313	3
WF	157	316	1
WF	157	317	0
WF	160	315	1
WF	160	316	0
WF	161	313	0
WF	161	314	0
WF	161	315	0
WF	161	317	0
WF	165	327	4
WF	167	331	0
WF	170	331	0
WF	171	327	1
WF	171	328	1
WF	171	329	1
WF	171	333	13
WF	173	346	0
WF	176	346	0
WF	177	348	0
WF	179	343	0
WF	179	344	0
WF	179	345	0
WF	179	349	0
WF	182	348	0
WF	183	344	2
WF	183	345	2
WF	183	346	1
WF	183	350	2
WF	185	353	0
WF	188	352	1
WF	188	353	0
WF	190	352	0
WF	191	350	1
WF	191	352	1
WF	191	353	0
WF	193	350	0
WF	193	351	0
WF	193	352	0
WF	193	356	2
WF	195	358	0
WF	198	358	0
WF	199	354	1
WF	199	355	2
WF	199	356	2
WF	199	360	3
WF	201	363	0
WF	204	363	0
WF	205	359	1
WF	205	365	1
WF	207	362	0
WF	207	363	0
WF	207	365	1
WF	207	366	1
WF	207	367	0
WF	210	366	0
WF	211	362	1
WF	211	363	4
WF	211	364	4
WF	211	365	3
WF	211	366	0
WF	211	370	8
WF	216	378	0
WF	217	374	3
WF	217	375	3
WF	217	376	2
WF	217	380	5
WF	219	385	0
WF	222	385	0
WF	223	381	1
WF	223	382	1
WF	223	383	1
WF	223	387	4
WF	225	391	0
WF	228	392	0
WF	229	387	1
WF	229	388	1
WF	229	389	1
WF	229	393	8
WF	231	402	0
WF	233	402	0
WF	236	401	0
WF	238	402	0
WF	239	398	1
WF	239	404	2
WF	241	402	0
WF	241	403	0
WF	241	406	0
WF	244	406	0
WF	245	402	18
WF	245	403	17
WF	245	404	16
WF	245	405	0
WF	245	406	0
WF	247	391	0
WF	249	387	1
WF	249	388	1
WF	249	389	1
WF	249	393	4
WF	251	398	0
WF	254	398	0
WF	256	397	0
WF	257	399	0
WF	259	394	2
WF	259	400	2
WF	261	398	0
WF	261	399	0
WF	261	402	0
WF	264	402	0
WF	265	398	1
WF	265	404	1
WF	267	406	0
WF	269	402	0
WF	269	403	0
WF	269	406	0
WF	272	404	1
WF	272	405	1
WF	272	406	0
WF	273	402	0
WF	273	403	0
WF	273	404	0
WF	273	406	0
WF	275	401	2
WF	275	402	4
WF	275	403	4
WF	275	404	3
WF	275	405	1
WF	275	409	8
WF	277	417	0
WF	279	418	0
WF	283	413	7
WF	283	414	6
WF	283	415	5
WF	283	416	0
WF	283	417	1
WF	283	418	1
WF	283	419	0
[gfa_ed_step] dist=4, n=284, n_intv=132, n_tb=0
Z	0	-1	4
Z	3	36	39
Z	6	34	40
Z	7	37	41
Z	9	61	64
Z	11	59	64
Z	13	62	66
Z	15	74	78
Z	17	72	77
Z	19	75	79
Z	21	83	87
Z	23	81	87
Z	25	84	88
Z	27	91	94
Z	29	89	95
Z	31	92	96
Z	33	160	164
Z	35	158	163
Z	37	161	165
Z	39	180	183
Z	42	178	183
Z	43	181	185
Z	45	205	209
Z	47	203	208
Z	49	202	210
Z	51	206	212
Z	54	207	213
Z	55	210	214
Z	57	232	238
Z	59	234	235
Z	61	244	248
Z	87	248	252
Z	89	255	258
Z	92	253	258
Z	93	256	260
Z	95	263	266
Z	98	261	266
Z	99	261	268
Z	101	263	271
Z	104	263	271
Z	105	264	267
Z	105	268	272
Z	107	273	277
Z	110	271	276
Z	111	272	278
Z	113	272	279
Z	116	272	278
Z	117	275	281
Z	119	275	278
Z	119	279	282
Z	122	275	282
Z	123	278	284
Z	125	280	286
Z	128	281	287
Z	129	282	288
Z	131	287	290
Z	134	285	290
Z	135	286	292
Z	138	288	294
Z	139	291	295
Z	141	300	304
Z	144	298	303
Z	145	301	305
Z	147	308	311
Z	150	305	312
Z	151	306	312
Z	153	306	311
Z	155	310	314
Z	157	314	317
Z	160	311	316
Z	161	316	318
Z	163	319	320
Z	165	324	328
Z	167	329	332
Z	170	327	332
Z	171	330	334
Z	173	344	347
Z	176	342	347
Z	177	342	349
Z	179	342	350
Z	182	344	349
Z	183	343	351
Z	185	350	354
Z	188	348	353
Z	190	347	354
Z	191	348	353
Z	193	353	357
Z	195	356	359
Z	198	354	360
Z	199	355	361
Z	201	361	364
Z	204	359	364
Z	205	358	366
Z	207	364	365
Z	207	366	368
Z	210	362	368
Z	211	367	371
Z	213	376	379
Z	216	374	379
Z	217	377	381
Z	219	383	386
Z	222	381	386
Z	223	384	388
Z	225	389	393
Z	228	387	393
Z	229	390	394
Z	231	399	403
Z	233	400	403
Z	236	397	402
Z	238	398	403
Z	239	399	405
Z	241	401	407
Z	244	402	408
Z	247	389	393
Z	249	390	394
Z	251	395	399
Z	254	394	399
Z	256	393	398
Z	257	393	400
Z	259	393	401
Z	261	397	403
Z	264	397	403
Z	265	397	405
Z	267	402	407
Z	269	401	407
Z	272	400	407
Z	273	401	407
Z	273	408	409
Z	275	406	410
Z	277	415	418
Z	279	413	419
Z	282	413	418
WF	0	4	35
WF	3	39	0
WF	6	40	0
WF	7	33	2
WF	7	34	2
WF	7	35	4
WF	7	36	4
WF	7	41	23
WF	9	64	0
WF	11	64	0
WF	13	58	2
WF	13	59	4
WF	13	60	4
WF	13	61	4
WF	13	66	11
WF	15	78	0
WF	17	77	0
WF	19	71	4
WF	19	72	4
WF	19	73	4
WF	19	74	3
WF	19	79	7
WF	21	87	0
WF	23	87	0
WF	25	80	3
WF	25	81	4
WF	25	82	4
WF	25	83	3
WF	25	88	6
WF	27	94	0
WF	29	95	0
WF	31	88	2
WF	31	89	2
WF	31	90	2
WF	31	91	2
WF	31	96	67
WF	33	164	0
WF	35	163	0
WF	37	157	3
WF	37	158	3
WF	37	159	3
WF	37	160	3
WF	37	165	18
WF	39	183	0
WF	42	183	0
WF	43	177	2
WF	43	178	3
WF	43	179	3
WF	43	180	2
WF	43	185	23
WF	45	209	0
WF	47	208	0
WF	49	210	2
WF	51	212	0
WF	54	205	0
WF	54	206	0
WF	55	206	2
WF	55	207	6
WF	55	208	6
WF	55	209	5
WF	55	214	23
WF	57	238	0
WF	59	235	4
WF	59	236	4
WF	59	237	3
WF	59	238	0
WF	61	248	3
WF	63	244	3
WF	63	245	6
WF	63	246	8
WF	63	247	8
WF	63	248	7
WF	63	249	5
WF	63	250	5
WF	63	251	4
WF	87	252	6
WF	89	258	0
WF	92	258	0
WF	93	252	2
WF	93	253	3
WF	93	254	3
WF	93	255	2
WF	93	260	6
WF	95	266	0
WF	98	266	0
WF	99	268	2
WF	101	271	0
WF	105	267	4
WF	105	272	4
WF	107	269	0
WF	107	270	0
WF	107	271	0
WF	107	277	0
WF	110	269	0
WF	110	270	0
WF	110	276	0
WF	111	278	0
WF	113	279	1
WF	116	278	1
WF	116	279	0
WF	117	281	1
WF	119	278	0
WF	119	282	0
WF	122	282	0
WF	123	276	2
WF	123	277	2
WF	123	284	2
WF	125	286	0
WF	128	287	0
WF	129	280	2
WF	129	281	2
WF	129	288	2
WF	131	285	0
WF	131	286	0
WF	131	290	0
WF	134	290	0
WF	135	284	2
WF	135	285	2
WF	135	292	2
WF	138	294	1
WF	139	288	2
WF	139	289	2
WF	139	290	2
WF	139	295	8
WF	139	296	1
WF	141	304	0
WF	144	303	0
WF	145	297	4
WF	145	298	5
WF	145	299	5
WF	145	300	4
WF	145	305	6
WF	147	311	0
WF	150	312	1
WF	151	312	0
WF	153	311	0
WF	153	312	0
WF	155	306	1
WF	155	307	1
WF	155	308	1
WF	155	309	1
WF	155	314	3
WF	157	317	1
WF	157	318	0
WF	160	316	1
WF	160	317	1
WF	160	318	0
WF	161	312	1
WF	161	313	1
WF	161	314	1
WF	161	315	1
WF	161	318	2
WF	163	320	0
WF	165	328	4
WF	167	332	0
WF	170	332	0
WF	171	326	2
WF	171	327	3
WF	171	328	3
WF	171	329	2
WF	171	334	13
WF	173	347	0
WF	176	347	0
WF	177	349	0
WF	179	350	0
WF	182	349	0
WF	183	351	2
WF	185	346	0
WF	185	347	0
WF	185	348	0
WF	185	349	0
WF	185	354	0
WF	188	353	1
WF	188	354	0
WF	191	347	1
WF	191	353	1
WF	191	354	1
WF	191	355	0
WF	193	349	2
WF	193	350	2
WF	193	351	1
WF	193	352	1
WF	193	357	2
WF	195	359	0
WF	198	360	0
WF	199	353	2
WF	199	354	3
WF	199	361	3
WF	201	359	0
WF	201	360	0
WF	201	364	0
WF	204	364	0
WF	205	366	1
WF	207	360	0
WF	207	361	1
WF	207	362	1
WF	207	363	1
WF	207	365	2
WF	207	368	2
WF	210	360	0
WF	210	361	0
WF	210	368	0
WF	211	361	3
WF	211	362	6
WF	211	363	6
WF	211	364	5
WF	211	365	5
WF	211	366	4
WF	211	371	8
WF	213	379	0
WF	216	379	0
WF	217	373	4
WF	217	374	5
WF	217	375	5
WF	217	376	4
WF	217	381	5
WF	219	386	0
WF	222	386	0
WF	223	380	2
WF	223	381	4
WF	223	382	4
WF	223	383	3
WF	223	388	4
WF	228	393	0
WF	229	386	4
WF	229	387	4
WF	229	388	3
WF	229	389	2
WF	229	394	8
WF	231	403	0
WF	233	403	0
WF	236	402	0
WF	238	403	0
WF	239	397	2
WF	239	398	2
WF	239	405	2
WF	241	407	0
WF	245	401	19
WF	245	402	18
WF	245	403	17
WF	245	404	16
WF	245	406	0
WF	245	407	2
WF	245	408	2
WF	245	409	1
WF	249	386	4
WF	249	387	4
WF	249	388	3
WF	249	389	2
WF	249	394	4
WF	251	399	0
WF	254	399	0
WF	256	398	0
WF	257	400	0
WF	259	401	2
WF	261	396	0
WF	261	403	0
WF	264	403	0
WF	265	405	1
WF	267	399	0
WF	267	400	0
WF	267	407	0
WF	269	407	0
WF	272	399	0
WF	272	407	1
WF	273	407	0
WF	275	400	3
WF	275	401	6
WF	275	402	6
WF	275	403	5
WF	275	404	5
WF	275	405	4
WF	275	410	8
WF	277	418	0
WF	279	419	0
WF	282	418	0
WF	283	412	8
WF	283	413	7
WF	283	414	6
WF	283	415	5
WF	283	417	3
WF	283	418	1
WF	283	419	0
WF	283	420	0
[gfa_ed_step] dist=5, n=311, n_intv=140, n_tb=0
Z	0	-1	5
Z	3	36	40
Z	6	34	41
Z	7	37	42
Z	9	61	65
Z	11	59	65
Z	13	62	67
Z	15	74	79
Z	17	72	78
Z	19	75	80
Z	21	83	88
Z	23	81	88
Z	25	79	81
Z	25	84	89
Z	27	91	95
Z	29	89	96
Z	31	92	97
Z	33	160	165
Z	35	158	164
Z	37	161	166
Z	39	180	184
Z	42	178	184
Z	43	181	186
Z	45	205	210
Z	47	203	209
Z	49	202	211
Z	51	206	213
Z	54	204	213
Z	55	210	215
Z	57	232	239
Z	59	234	235
Z	61	244	249
Z	63	249	251
Z	87	248	253
Z	89	255	259
Z	92	253	260
Z	93	256	261
Z	95	263	267
Z	98	261	267
Z	99	261	269
Z	101	263	272
Z	104	263	271
Z	105	264	273
Z	107	268	278
Z	110	268	277
Z	111	272	279
Z	113	272	280
Z	116	272	279
Z	117	275	282
Z	119	275	284
Z	122	275	283
Z	123	275	285
Z	125	279	287
Z	128	281	288
Z	129	279	289
Z	131	284	291
Z	134	283	284
Z	134	285	291
Z	135	283	293
Z	138	288	295
Z	139	291	296
Z	141	300	305
Z	144	298	305
Z	145	297	299
Z	145	301	306
Z	147	308	312
Z	150	305	313
Z	151	306	313
Z	153	306	314
Z	155	310	315
Z	157	314	318
Z	160	311	318
Z	161	314	319
Z	163	319	320
Z	165	324	329
Z	167	329	334
Z	170	327	333
Z	171	330	335
Z	173	344	348
Z	176	342	348
Z	177	342	350
Z	179	342	351
Z	182	344	351
Z	183	343	352
Z	185	345	355
Z	188	348	354
Z	190	347	354
Z	191	346	356
Z	193	348	358
Z	195	352	353
Z	195	356	360
Z	198	354	361
Z	199	353	362
Z	201	358	366
Z	204	359	365
Z	205	358	367
Z	207	361	363
Z	207	364	369
Z	210	359	369
Z	211	367	372
Z	213	376	380
Z	216	374	381
Z	217	373	382
Z	219	380	381
Z	219	383	387
Z	222	381	387
Z	223	380	389
Z	225	386	387
Z	225	389	393
Z	228	387	394
Z	229	390	395
Z	231	399	404
Z	233	400	405
Z	236	397	403
Z	238	398	404
Z	239	396	406
Z	241	400	408
Z	244	402	408
Z	247	386	387
Z	247	389	393
Z	249	385	388
Z	249	390	395
Z	251	395	400
Z	254	394	401
Z	256	391	392
Z	256	393	399
Z	257	392	401
Z	259	393	402
Z	261	395	405
Z	264	397	404
Z	265	397	406
Z	267	398	401
Z	267	402	408
Z	269	400	408
Z	272	400	408
Z	273	401	409
Z	275	406	411
Z	277	415	420
Z	279	413	420
Z	282	413	419
WF	0	5	35
WF	3	40	0
WF	6	41	0
WF	7	32	3
WF	7	33	3
WF	7	34	6
WF	7	35	6
WF	7	36	5
WF	7	42	23
WF	9	65	0
WF	11	65	0
WF	13	57	3
WF	13	58	5
WF	13	59	5
WF	13	60	6
WF	13	61	6
WF	13	67	11
WF	15	79	0
WF	17	78	0
WF	19	70	5
WF	19	71	5
WF	19	72	7
WF	19	73	7
WF	19	74	6
WF	19	80	7
WF	21	88	0
WF	23	88	0
WF	25	81	6
WF	25	82	6
WF	25	83	5
WF	25	89	6
WF	27	86	0
WF	27	87	0
WF	27	95	0
WF	29	86	0
WF	29	87	0
WF	29	96	0
WF	31	87	3
WF	31	88	4
WF	31	89	4
WF	31	90	3
WF	31	91	3
WF	31	97	67
WF	33	165	0
WF	35	164	0
WF	37	156	8
WF	37	157	8
WF	37	158	7
WF	37	159	4
WF	37	160	4
WF	37	166	18
WF	39	184	0
WF	42	184	0
WF	43	176	3
WF	43	177	5
WF	43	178	5
WF	43	179	4
WF	43	180	3
WF	43	186	23
WF	45	210	0
WF	47	209	0
WF	49	211	2
WF	51	213	0
WF	54	213	0
WF	55	205	3
WF	55	206	7
WF	55	207	7
WF	55	208	7
WF	55	209	6
WF	55	215	23
WF	57	239	0
WF	59	235	5
WF	59	236	5
WF	59	237	5
WF	59	238	4
WF	59	239	1
WF	61	249	3
WF	63	243	4
WF	63	244	7
WF	63	245	9
WF	63	246	9
WF	63	247	9
WF	63	248	9
WF	63	251	12
WF	63	252	4
WF	65	262	0
WF	65	263	0
WF	67	262	0
WF	67	263	0
WF	87	253	6
WF	89	259	0
WF	92	260	0
WF	93	251	3
WF	93	252	4
WF	93	253	4
WF	93	254	4
WF	93	255	3
WF	93	261	6
WF	95	267	0
WF	98	267	0
WF	99	269	2
WF	101	272	0
WF	104	271	0
WF	105	273	4
WF	107	278	0
WF	110	277	0
WF	111	269	0
WF	111	270	0
WF	111	271	0
WF	111	279	0
WF	113	280	1
WF	116	279	1
WF	116	280	0
WF	117	282	1
WF	119	284	0
WF	122	283	0
WF	123	285	2
WF	125	287	0
WF	128	278	0
WF	128	279	0
WF	128	280	0
WF	128	288	0
WF	129	289	2
WF	131	282	0
WF	131	283	0
WF	131	291	0
WF	134	284	0
WF	134	291	0
WF	135	293	2
WF	138	286	0
WF	138	287	0
WF	138	295	1
WF	139	286	0
WF	139	287	4
WF	139	288	4
WF	139	289	3
WF	139	290	3
WF	139	296	8
WF	139	297	1
WF	141	305	0
WF	145	296	5
WF	145	299	6
WF	145	300	6
WF	145	306	6
WF	147	304	0
WF	147	305	0
WF	147	312	0
WF	150	304	1
WF	150	313	1
WF	151	304	0
WF	151	305	0
WF	151	313	0
WF	153	314	0
WF	155	305	2
WF	155	306	2
WF	155	307	2
WF	155	308	3
WF	155	309	3
WF	155	315	3
WF	157	318	1
WF	157	319	0
WF	160	318	1
WF	160	319	0
WF	161	311	2
WF	161	312	2
WF	161	313	2
WF	161	319	2
WF	163	317	1
WF	163	318	1
WF	163	320	2
WF	163	321	1
WF	165	329	4
WF	167	334	0
WF	170	333	0
WF	171	325	4
WF	171	326	4
WF	171	327	4
WF	171	328	4
WF	171	329	3
WF	171	335	13
WF	173	348	0
WF	176	348	0
WF	177	350	0
WF	179	351	0
WF	182	351	0
WF	183	352	2
WF	185	355	0
WF	188	346	0
WF	188	347	0
WF	188	354	1
WF	188	355	0
WF	190	354	0
WF	191	356	1
WF	193	358	2
WF	195	353	0
WF	195	354	0
WF	195	355	0
WF	195	360	0
WF	198	351	0
WF	198	352	0
WF	198	353	0
WF	198	361	0
WF	199	352	3
WF	199	362	3
WF	201	366	0
WF	204	357	0
WF	204	358	0
WF	204	365	0
WF	205	367	1
WF	207	359	2
WF	207	360	2
WF	207	363	2
WF	207	369	2
WF	210	369	0
WF	211	360	4
WF	211	361	7
WF	211	362	7
WF	211	363	7
WF	211	364	6
WF	211	365	6
WF	211	366	5
WF	211	372	8
WF	213	380	0
WF	217	372	5
WF	217	382	5
WF	219	381	0
WF	219	382	0
WF	219	387	0
WF	222	379	0
WF	222	380	0
WF	222	387	0
WF	223	379	3
WF	223	389	4
WF	225	387	0
WF	225	388	0
WF	225	393	0
WF	228	385	0
WF	228	386	0
WF	228	394	0
WF	229	385	5
WF	229	386	5
WF	229	387	5
WF	229	388	4
WF	229	389	3
WF	229	395	8
WF	231	404	0
WF	233	405	0
WF	236	403	0
WF	238	404	0
WF	239	406	2
WF	241	408	0
WF	244	399	0
WF	244	400	0
WF	244	401	0
WF	244	408	0
WF	245	400	20
WF	245	401	19
WF	245	402	18
WF	245	403	17
WF	245	405	1
WF	245	406	4
WF	245	407	4
WF	245	408	3
WF	245	409	3
WF	245	410	2
WF	247	387	0
WF	247	388	0
WF	247	393	0
WF	249	388	4
WF	249	389	3
WF	249	395	4
WF	251	390	0
WF	251	391	0
WF	251	392	0
WF	251	400	0
WF	254	401	0
WF	256	392	0
WF	256	399	0
WF	257	401	0
WF	259	392	0
WF	259	402	2
WF	261	405	0
WF	264	404	0
WF	265	396	0
WF	265	406	1
WF	267	401	0
WF	267	408	0
WF	269	408	0
WF	272	398	1
WF	272	399	1
WF	272	408	1
WF	273	400	0
WF	273	409	0
WF	275	399	4
WF	275	400	7
WF	275	401	7
WF	275	402	7
WF	275	403	6
WF	275	404	6
WF	275	405	5
WF	275	411	8
WF	279	420	0
WF	282	419	0
WF	283	411	9
WF	283	412	8
WF	283	413	7
WF	283	414	6
WF	283	416	4
WF	283	417	3
WF	283	418	0
WF	283	419	1
[gfa_ed_step] dist=6, n=311, n_intv=137, n_tb=0
Z	0	-1	6
Z	3	36	41
Z	6	34	42
Z	7	37	43
Z	9	61	66
Z	11	59	67
Z	13	62	68
Z	15	74	80
Z	17	72	79
Z	19	71	74
Z	19	75	81
Z	21	81	82
Z	21	83	89
Z	23	80	89
Z	25	79	83
Z	25	84	90
Z	27	85	88
Z	27	91	96
Z	29	85	88
Z	29	89	97
Z	31	92	98
Z	33	160	166
Z	35	158	165
Z	37	161	167
Z	39	180	185
Z	42	178	186
Z	43	181	187
Z	45	205	211
Z	47	203	210
Z	49	202	212
Z	51	206	214
Z	54	204	215
Z	55	210	216
Z	57	232	240
Z	59	234	235
Z	61	244	250
Z	63	249	252
Z	65	261	265
Z	67	261	264
Z	87	248	254
Z	89	255	260
Z	92	253	261
Z	93	256	262
Z	95	263	268
Z	98	261	268
Z	99	261	270
Z	101	263	273
Z	104	263	272
Z	105	264	274
Z	107	268	279
Z	110	268	278
Z	111	268	280
Z	113	272	281
Z	116	272	280
Z	117	275	283
Z	119	275	285
Z	122	275	285
Z	123	275	286
Z	125	279	288
Z	128	277	289
Z	129	279	290
Z	131	281	293
Z	134	283	292
Z	135	283	294
Z	138	288	296
Z	139	291	297
Z	141	300	306
Z	144	298	305
Z	145	297	307
Z	147	303	306
Z	147	307	313
Z	150	303	314
Z	151	303	314
Z	153	306	315
Z	155	305	316
Z	157	314	319
Z	160	311	319
Z	161	310	320
Z	163	319	320
Z	165	324	330
Z	167	329	335
Z	170	327	334
Z	171	330	336
Z	173	344	349
Z	176	342	349
Z	177	342	351
Z	179	342	352
Z	182	344	352
Z	183	343	353
Z	185	345	356
Z	188	348	355
Z	190	347	355
Z	191	346	357
Z	193	348	359
Z	195	352	361
Z	198	350	362
Z	199	351	363
Z	201	358	367
Z	204	356	366
Z	205	358	368
Z	207	358	370
Z	210	359	370
Z	211	367	373
Z	213	376	381
Z	216	374	381
Z	217	371	383
Z	219	380	388
Z	222	378	388
Z	223	380	390
Z	225	386	394
Z	228	384	395
Z	229	390	396
Z	231	399	405
Z	233	400	406
Z	236	397	404
Z	238	398	405
Z	239	396	407
Z	241	400	409
Z	244	398	409
Z	247	386	394
Z	249	385	396
Z	251	389	401
Z	254	394	402
Z	256	391	400
Z	257	392	402
Z	259	391	403
Z	261	395	406
Z	264	397	405
Z	265	397	407
Z	267	398	409
Z	269	400	409
Z	272	397	409
Z	273	399	411
Z	275	406	412
Z	277	415	420
Z	279	413	421
Z	282	413	420
WF	0	6	35
WF	3	41	0
WF	6	42	0
WF	7	31	4
WF	7	32	7
WF	7	33	7
WF	7	34	7
WF	7	35	7
WF	7	36	7
WF	7	43	23
WF	9	66	0
WF	11	67	0
WF	13	56	4
WF	13	57	7
WF	13	58	7
WF	13	59	7
WF	13	60	7
WF	13	61	7
WF	13	68	11
WF	15	80	0
WF	17	79	0
WF	19	69	6
WF	19	70	6
WF	19	74	7
WF	19	81	7
WF	21	79	0
WF	21	80	0
WF	21	82	0
WF	21	89	0
WF	23	89	0
WF	25	83	6
WF	25	90	6
WF	27	88	0
WF	27	89	0
WF	27	96	0
WF	29	88	0
WF	29	97	0
WF	31	86	4
WF	31	87	5
WF	31	88	5
WF	31	89	5
WF	31	90	5
WF	31	91	4
WF	31	98	67
WF	33	166	0
WF	35	165	0
WF	37	155	10
WF	37	156	10
WF	37	157	9
WF	37	158	8
WF	37	159	7
WF	37	160	5
WF	37	167	18
WF	39	185	0
WF	42	186	0
WF	43	175	4
WF	43	176	6
WF	43	177	6
WF	43	178	6
WF	43	179	5
WF	43	180	4
WF	43	187	23
WF	45	211	0
WF	47	210	0
WF	49	212	2
WF	51	214	0
WF	55	204	4
WF	55	205	8
WF	55	206	8
WF	55	207	9
WF	55	208	9
WF	55	209	8
WF	55	216	23
WF	57	240	0
WF	59	235	6
WF	59	236	6
WF	59	237	7
WF	59	238	7
WF	59	239	6
WF	59	240	2
WF	61	250	3
WF	63	242	5
WF	63	243	8
WF	63	244	10
WF	63	245	10
WF	63	246	10
WF	63	247	10
WF	63	248	10
WF	63	252	12
WF	63	253	4
WF	65	265	0
WF	67	264	0
WF	69	262	0
WF	69	263	3
WF	69	264	3
WF	69	265	2
WF	87	254	6
WF	89	260	0
WF	92	261	0
WF	93	250	4
WF	93	251	5
WF	93	252	5
WF	93	253	6
WF	93	254	6
WF	93	255	6
WF	93	262	6
WF	95	268	0
WF	98	268	0
WF	99	270	2
WF	101	273	0
WF	104	272	0
WF	105	274	4
WF	107	279	0
WF	110	278	0
WF	111	280	0
WF	113	269	0
WF	113	270	0
WF	113	271	1
WF	113	281	1
WF	116	269	0
WF	116	270	0
WF	116	271	0
WF	116	280	1
WF	116	281	0
WF	117	283	1
WF	119	285	0
WF	123	286	2
WF	125	288	0
WF	128	289	0
WF	129	278	0
WF	129	290	2
WF	131	293	0
WF	134	292	0
WF	135	282	0
WF	135	294	2
WF	138	285	1
WF	138	286	1
WF	138	287	1
WF	138	296	1
WF	139	285	2
WF	139	286	6
WF	139	287	6
WF	139	288	5
WF	139	289	5
WF	139	290	4
WF	139	297	8
WF	139	298	1
WF	141	306	0
WF	144	305	0
WF	145	295	6
WF	145	296	6
WF	145	307	6
WF	147	306	0
WF	147	313	0
WF	150	314	1
WF	151	314	0
WF	153	304	0
WF	153	305	0
WF	153	315	0
WF	155	304	3
WF	155	316	3
WF	157	309	0
WF	157	310	0
WF	157	311	0
WF	157	312	0
WF	157	313	0
WF	157	319	1
WF	157	320	0
WF	160	309	0
WF	160	310	0
WF	160	319	1
WF	160	320	0
WF	161	320	2
WF	161	321	0
WF	163	313	0
WF	163	314	0
WF	163	315	0
WF	163	316	2
WF	163	317	3
WF	163	318	3
WF	163	320	4
WF	163	321	3
WF	163	322	1
WF	163	323	0
WF	165	330	4
WF	167	335	0
WF	170	334	0
WF	171	324	5
WF	171	325	5
WF	171	326	5
WF	171	327	6
WF	171	328	6
WF	171	329	6
WF	171	336	13
WF	173	349	0
WF	176	349	0
WF	177	351	0
WF	179	352	0
WF	182	352	0
WF	183	353	2
WF	185	356	0
WF	188	345	1
WF	188	346	1
WF	188	347	1
WF	188	355	1
WF	188	356	0
WF	190	355	0
WF	191	357	1
WF	193	359	2
WF	195	361	0
WF	198	362	0
WF	199	363	3
WF	201	355	0
WF	201	356	0
WF	201	367	0
WF	204	355	0
WF	204	366	0
WF	205	357	0
WF	205	368	1
WF	207	370	2
WF	210	370	0
WF	211	359	6
WF	211	360	8
WF	211	361	8
WF	211	362	8
WF	211	363	8
WF	211	364	8
WF	211	365	8
WF	211	366	8
WF	211	373	8
WF	213	381	0
WF	216	381	0
WF	217	383	5
WF	219	377	0
WF	219	378	0
WF	219	388	0
WF	222	388	0
WF	223	378	4
WF	223	379	4
WF	223	390	4
WF	225	394	0
WF	228	395	0
WF	229	384	6
WF	229	385	7
WF	229	386	7
WF	229	387	6
WF	229	388	6
WF	229	389	6
WF	229	396	8
WF	231	405	0
WF	233	406	0
WF	236	404	0
WF	238	405	0
WF	239	407	2
WF	241	409	0
WF	244	409	0
WF	245	399	21
WF	245	400	20
WF	245	401	19
WF	245	402	18
WF	245	404	16
WF	245	407	5
WF	245	408	4
WF	245	409	4
WF	245	410	3
WF	245	411	2
WF	247	394	0
WF	249	396	4
WF	251	401	0
WF	254	390	0
WF	254	391	0
WF	254	392	0
WF	254	393	0
WF	254	402	0
WF	256	400	0
WF	257	390	0
WF	257	391	0
WF	257	402	0
WF	259	403	2
WF	261	394	0
WF	261	406	0
WF	264	394	0
WF	264	395	0
WF	264	405	0
WF	265	395	1
WF	265	396	1
WF	265	407	1
WF	267	409	0
WF	269	409	0
WF	272	409	1
WF	273	411	0
WF	275	398	5
WF	275	399	8
WF	275	400	8
WF	275	401	8
WF	275	402	8
WF	275	403	8
WF	275	404	8
WF	275	405	8
WF	275	412	8
WF	277	420	0
WF	282	420	0
WF	283	410	10
WF	283	411	9
WF	283	412	8
WF	283	413	7
WF	283	415	5
WF	283	416	4
WF	283	418	2
WF	283	419	1
WF	283	420	0
[gfa_ed_step] dist=7, n=356, n_intv=152, n_tb=0
Z	0	-1	7
Z	3	36	42
Z	6	34	43
Z	7	37	44
Z	9	61	67
Z	11	59	68
Z	13	62	69
Z	15	74	81
Z	17	72	80
Z	19	69	82
Z	21	78	90
Z	23	78	79
Z	23	80	90
Z	25	79	91
Z	27	85	98
Z	29	85	98
Z	31	92	99
Z	33	160	167
Z	35	158	166
Z	37	161	168
Z	39	180	187
Z	42	178	187
Z	43	181	188
Z	45	205	212
Z	47	203	211
Z	49	202	213
Z	51	206	215
Z	54	204	215
Z	55	210	217
Z	57	232	241
Z	59	234	235
Z	61	244	251
Z	63	249	253
Z	65	261	266
Z	67	261	265
Z	69	263	265
Z	71	271	272
Z	76	272	273
Z	87	248	255
Z	89	255	261
Z	92	253	262
Z	93	252	263
Z	95	263	269
Z	98	261	269
Z	99	261	271
Z	101	263	274
Z	104	263	273
Z	105	264	275
Z	107	268	280
Z	110	268	279
Z	111	268	281
Z	113	270	282
Z	116	269	271
Z	116	272	281
Z	117	275	284
Z	119	275	286
Z	122	275	285
Z	123	275	287
Z	125	279	289
Z	128	277	290
Z	129	279	291
Z	131	281	294
Z	134	283	293
Z	135	283	295
Z	138	284	297
Z	139	291	298
Z	141	300	307
Z	144	298	306
Z	145	294	308
Z	147	303	315
Z	150	303	315
Z	151	303	315
Z	153	303	316
Z	155	303	317
Z	157	312	320
Z	160	311	320
Z	161	310	322
Z	163	317	323
Z	165	324	331
Z	167	329	336
Z	170	327	335
Z	171	330	337
Z	173	344	351
Z	176	342	350
Z	177	271	272
Z	177	342	352
Z	179	272	273
Z	179	342	353
Z	182	344	353
Z	183	343	354
Z	185	345	357
Z	188	344	356
Z	190	347	356
Z	191	346	358
Z	193	347	360
Z	195	350	351
Z	195	352	362
Z	198	350	363
Z	199	351	364
Z	201	354	357
Z	201	358	368
Z	204	354	367
Z	205	358	369
Z	207	358	371
Z	210	359	371
Z	211	359	374
Z	213	369	370
Z	213	371	372
Z	213	376	382
Z	216	374	382
Z	217	371	384
Z	219	376	379
Z	219	380	389
Z	222	378	389
Z	223	377	391
Z	225	384	385
Z	225	386	395
Z	228	384	396
Z	229	384	387
Z	229	390	397
Z	231	394	396
Z	231	399	406
Z	233	400	407
Z	236	397	406
Z	238	396	397
Z	238	398	406
Z	239	396	408
Z	241	400	410
Z	244	398	410
Z	247	384	385
Z	247	386	395
Z	249	385	397
Z	251	389	402
Z	254	389	403
Z	256	391	401
Z	257	389	403
Z	259	391	404
Z	261	393	407
Z	264	393	396
Z	264	397	406
Z	265	394	408
Z	267	398	410
Z	269	400	410
Z	272	397	410
Z	273	399	412
Z	275	398	413
Z	277	414	421
Z	279	411	421
Z	282	408	409
Z	282	410	411
Z	282	413	421
Z	283	409	411
WF	0	7	35
WF	3	42	0
WF	6	43	0
WF	7	30	5
WF	7	31	10
WF	7	32	10
WF	7	33	9
WF	7	34	9
WF	7	35	9
WF	7	36	8
WF	7	44	23
WF	9	67	0
WF	11	68	0
WF	13	55	5
WF	13	56	9
WF	13	57	9
WF	13	58	8
WF	13	59	8
WF	13	60	8
WF	13	61	8
WF	13	69	11
WF	15	81	0
WF	17	80	0
WF	19	68	7
WF	19	82	7
WF	21	77	0
WF	21	90	0
WF	23	79	0
WF	23	90	0
WF	25	78	0
WF	25	91	6
WF	27	98	0
WF	29	98	0
WF	31	85	6
WF	31	86	7
WF	31	87	7
WF	31	88	6
WF	31	89	6
WF	31	90	6
WF	31	91	5
WF	31	99	67
WF	33	167	0
WF	35	166	0
WF	37	154	14
WF	37	155	14
WF	37	156	13
WF	37	157	11
WF	37	158	9
WF	37	159	8
WF	37	160	7
WF	37	168	18
WF	39	187	0
WF	42	187	0
WF	43	174	6
WF	43	175	8
WF	43	176	8
WF	43	177	7
WF	43	178	7
WF	43	179	6
WF	43	180	5
WF	43	188	23
WF	45	212	0
WF	47	211	0
WF	49	213	2
WF	51	215	0
WF	54	215	0
WF	55	203	5
WF	55	204	9
WF	55	205	12
WF	55	206	12
WF	55	207	11
WF	55	208	11
WF	55	209	10
WF	55	217	23
WF	57	241	0
WF	59	235	8
WF	59	236	8
WF	59	237	9
WF	59	238	9
WF	59	239	9
WF	59	240	8
WF	59	241	3
WF	61	251	3
WF	63	241	6
WF	63	242	9
WF	63	243	11
WF	63	244	11
WF	63	245	11
WF	63	246	11
WF	63	247	12
WF	63	248	12
WF	63	253	12
WF	63	254	4
WF	65	266	0
WF	67	265	0
WF	69	261	3
WF	69	262	6
WF	69	265	6
WF	69	266	2
WF	69	267	0
WF	71	272	0
WF	73	271	0
WF	73	272	0
WF	76	273	0
WF	77	272	0
WF	77	273	0
WF	87	255	6
WF	89	261	0
WF	92	262	0
WF	93	249	5
WF	93	250	6
WF	93	251	6
WF	93	263	6
WF	95	259	0
WF	95	260	0
WF	95	261	0
WF	95	262	0
WF	95	269	0
WF	98	259	0
WF	98	260	0
WF	98	269	0
WF	99	271	2
WF	101	274	0
WF	104	273	0
WF	105	275	4
WF	107	280	0
WF	110	279	0
WF	111	281	0
WF	113	268	1
WF	113	269	1
WF	113	282	1
WF	116	268	1
WF	116	271	1
WF	116	281	1
WF	116	282	0
WF	117	271	1
WF	117	272	1
WF	117	273	1
WF	117	274	0
WF	117	284	1
WF	119	286	0
WF	122	285	0
WF	123	287	2
WF	125	289	0
WF	128	290	0
WF	129	277	1
WF	129	278	1
WF	129	291	2
WF	131	294	0
WF	134	293	0
WF	135	281	1
WF	135	282	1
WF	135	295	2
WF	138	297	1
WF	139	284	4
WF	139	285	7
WF	139	286	7
WF	139	287	7
WF	139	288	6
WF	139	289	6
WF	139	290	5
WF	139	298	8
WF	139	299	1
WF	141	307	0
WF	144	306	0
WF	145	308	6
WF	147	301	0
WF	147	302	0
WF	147	315	0
WF	150	301	0
WF	150	302	1
WF	150	315	1
WF	151	301	0
WF	151	302	0
WF	151	315	0
WF	153	316	0
WF	155	317	3
WF	157	307	1
WF	157	308	1
WF	157	309	1
WF	157	310	1
WF	157	311	1
WF	157	320	1
WF	157	321	0
WF	160	307	0
WF	160	308	1
WF	160	309	1
WF	160	310	1
WF	160	320	1
WF	160	321	0
WF	161	322	2
WF	163	312	1
WF	163	313	1
WF	163	314	2
WF	163	315	4
WF	163	316	4
WF	163	323	4
WF	163	324	1
WF	165	322	0
WF	165	323	0
WF	165	331	4
WF	167	336	0
WF	170	335	0
WF	171	323	6
WF	171	324	6
WF	171	325	6
WF	171	326	7
WF	171	327	7
WF	171	328	8
WF	171	329	8
WF	171	337	13
WF	173	351	0
WF	176	350	0
WF	177	272	0
WF	177	352	0
WF	179	273	0
WF	179	353	0
WF	182	271	0
WF	182	272	0
WF	182	353	0
WF	183	272	0
WF	183	273	0
WF	183	354	2
WF	185	357	0
WF	188	356	1
WF	188	357	0
WF	190	356	0
WF	191	358	1
WF	193	360	2
WF	195	351	0
WF	195	362	0
WF	198	349	0
WF	198	363	0
WF	199	350	0
WF	199	364	3
WF	201	357	0
WF	201	368	0
WF	204	367	0
WF	205	355	0
WF	205	356	1
WF	205	357	1
WF	205	369	1
WF	207	371	2
WF	210	371	0
WF	211	358	7
WF	211	374	8
WF	213	370	0
WF	213	372	0
WF	213	373	0
WF	213	374	0
WF	213	375	0
WF	213	382	0
WF	216	368	0
WF	216	369	0
WF	216	370	0
WF	216	371	0
WF	216	372	0
WF	216	373	0
WF	216	382	0
WF	217	369	0
WF	217	370	0
WF	217	384	5
WF	219	379	0
WF	219	389	0
WF	222	389	0
WF	223	391	4
WF	225	382	0
WF	225	383	0
WF	225	395	0
WF	228	382	0
WF	228	383	0
WF	228	396	0
WF	229	383	7
WF	229	387	8
WF	229	388	8
WF	229	389	8
WF	229	397	8
WF	231	396	0
WF	231	406	0
WF	233	394	0
WF	233	395	0
WF	233	396	0
WF	233	407	0
WF	236	393	0
WF	236	394	0
WF	236	395	0
WF	236	406	0
WF	238	394	0
WF	238	395	0
WF	238	397	0
WF	238	406	0
WF	239	408	2
WF	241	410	0
WF	244	410	0
WF	245	398	22
WF	245	399	21
WF	245	400	20
WF	245	401	19
WF	245	403	17
WF	245	406	7
WF	245	407	7
WF	245	408	6
WF	245	409	5
WF	245	410	4
WF	245	411	3
WF	245	412	2
WF	247	382	0
WF	247	383	0
WF	247	395	0
WF	249	384	1
WF	249	397	4
WF	251	402	0
WF	254	403	0
WF	256	401	0
WF	257	403	0
WF	259	390	0
WF	259	404	2
WF	261	407	0
WF	264	396	0
WF	264	406	0
WF	265	408	1
WF	267	396	0
WF	267	397	0
WF	267	410	0
WF	269	398	0
WF	269	399	0
WF	269	410	0
WF	272	396	0
WF	272	410	1
WF	273	412	0
WF	275	397	6
WF	277	407	0
WF	277	408	0
WF	277	409	0
WF	277	410	0
WF	277	411	0
WF	277	412	0
WF	277	413	0
WF	279	407	0
WF	279	408	0
WF	279	409	0
WF	279	410	0
WF	282	409	0
WF	282	411	0
WF	282	412	0
WF	283	408	0
WF	283	411	9
WF	283	412	8
WF	283	413	1
WF	283	414	6
WF	283	415	5
WF	283	417	3
WF	283	418	2
WF	283	419	1
WF	283	420	0
WF	285	420	0
[gfa_ed_step] dist=8, n=344, n_intv=157, n_tb=0
Z	0	-1	8
Z	3	36	43
Z	6	34	44
Z	7	37	45
Z	9	61	68
Z	11	59	69
Z	13	62	70
Z	15	74	82
Z	17	72	81
Z	19	67	83
Z	21	76	91
Z	23	78	91
Z	25	79	92
Z	27	85	99
Z	29	85	99
Z	31	92	100
Z	33	160	168
Z	35	158	167
Z	37	161	169
Z	39	180	188
Z	42	178	188
Z	43	181	189
Z	45	205	213
Z	47	203	213
Z	49	202	214
Z	51	206	216
Z	54	204	216
Z	55	210	218
Z	57	232	242
Z	59	234	235
Z	59	236	240
Z	61	244	252
Z	63	242	244
Z	63	246	254
Z	65	260	267
Z	67	261	266
Z	69	261	266
Z	71	269	270
Z	71	271	273
Z	73	270	273
Z	76	272	274
Z	77	272	274
Z	82	277	278
Z	87	248	256
Z	89	255	263
Z	92	253	263
Z	93	248	264
Z	95	256	257
Z	95	258	270
Z	98	258	271
Z	99	261	272
Z	101	263	275
Z	104	263	274
Z	105	264	276
Z	107	268	281
Z	110	268	280
Z	111	268	282
Z	113	267	283
Z	116	267	282
Z	117	270	274
Z	117	275	285
Z	119	275	287
Z	122	275	286
Z	123	275	288
Z	125	279	290
Z	128	277	291
Z	129	277	292
Z	131	281	295
Z	134	283	294
Z	135	283	296
Z	138	284	298
Z	139	291	299
Z	141	300	308
Z	144	298	308
Z	145	294	309
Z	147	300	316
Z	150	301	316
Z	151	300	316
Z	153	302	317
Z	155	303	318
Z	157	306	321
Z	160	307	321
Z	161	310	323
Z	163	313	324
Z	165	324	332
Z	167	329	337
Z	170	327	337
Z	171	330	338
Z	173	344	352
Z	176	342	351
Z	177	269	270
Z	177	271	273
Z	177	342	353
Z	179	272	274
Z	179	342	354
Z	182	270	273
Z	182	344	354
Z	183	271	274
Z	183	343	355
Z	185	276	277
Z	185	345	358
Z	188	344	357
Z	190	347	358
Z	191	277	278
Z	191	346	359
Z	193	347	361
Z	195	350	363
Z	198	348	364
Z	199	351	365
Z	201	354	369
Z	204	354	368
Z	205	355	370
Z	207	358	372
Z	210	359	372
Z	211	359	375
Z	213	369	383
Z	216	367	384
Z	217	371	385
Z	219	376	390
Z	222	378	390
Z	223	377	392
Z	225	381	385
Z	225	386	397
Z	228	381	397
Z	229	384	398
Z	231	394	397
Z	231	398	407
Z	233	393	397
Z	233	400	408
Z	236	392	396
Z	236	397	407
Z	238	393	408
Z	239	396	409
Z	241	400	411
Z	244	398	412
Z	245	397	399
Z	247	381	385
Z	247	386	397
Z	249	383	398
Z	251	389	403
Z	254	389	404
Z	256	391	402
Z	257	389	404
Z	259	391	405
Z	261	393	408
Z	264	393	408
Z	265	394	409
Z	267	395	411
Z	269	397	411
Z	272	395	411
Z	273	399	413
Z	275	398	413
Z	277	406	421
Z	279	406	421
Z	282	408	421
Z	283	409	411
Z	285	419	421
WF	0	8	35
WF	3	43	0
WF	6	44	0
WF	7	29	6
WF	7	30	15
WF	7	31	15
WF	7	32	14
WF	7	33	11
WF	7	34	10
WF	7	35	10
WF	7	36	9
WF	7	45	23
WF	9	68	0
WF	11	69	0
WF	13	54	6
WF	13	55	10
WF	13	56	10
WF	13	57	10
WF	13	58	10
WF	13	59	10
WF	13	60	9
WF	13	61	9
WF	13	70	11
WF	15	82	0
WF	17	81	0
WF	19	83	7
WF	21	75	0
WF	21	91	0
WF	23	75	0
WF	23	76	0
WF	23	91	0
WF	25	77	2
WF	25	78	2
WF	25	92	6
WF	27	99	0
WF	29	99	0
WF	31	84	9
WF	31	85	9
WF	31	86	8
WF	31	87	8
WF	31	88	8
WF	31	89	7
WF	31	90	7
WF	31	91	6
WF	31	100	67
WF	33	168	0
WF	35	167	0
WF	37	153	15
WF	37	154	15
WF	37	155	15
WF	37	156	14
WF	37	157	13
WF	37	158	11
WF	37	159	9
WF	37	160	9
WF	37	169	18
WF	39	188	0
WF	42	188	0
WF	43	173	8
WF	43	174	9
WF	43	175	10
WF	43	176	10
WF	43	177	9
WF	43	178	9
WF	43	179	8
WF	43	180	7
WF	43	189	23
WF	45	213	0
WF	47	213	0
WF	49	214	2
WF	51	216	0
WF	54	216	0
WF	55	202	6
WF	55	203	10
WF	55	204	13
WF	55	205	13
WF	55	206	13
WF	55	207	12
WF	55	208	12
WF	55	209	11
WF	55	218	23
WF	57	242	0
WF	59	235	9
WF	59	240	9
WF	59	241	8
WF	59	242	3
WF	61	252	3
WF	63	240	7
WF	63	241	10
WF	63	244	12
WF	63	245	12
WF	63	254	12
WF	63	255	5
WF	65	255	0
WF	65	256	0
WF	65	267	0
WF	67	255	0
WF	67	256	0
WF	67	259	0
WF	67	260	0
WF	67	266	0
WF	69	260	4
WF	69	266	6
WF	69	267	2
WF	69	268	0
WF	71	270	0
WF	71	273	0
WF	73	269	0
WF	73	273	0
WF	76	269	0
WF	76	270	0
WF	76	274	0
WF	77	271	3
WF	77	274	3
WF	79	276	0
WF	79	277	0
WF	82	278	1
WF	83	278	0
WF	83	279	0
WF	87	256	6
WF	92	263	0
WF	93	264	6
WF	95	257	0
WF	95	270	0
WF	98	255	0
WF	98	256	0
WF	98	257	0
WF	99	256	0
WF	99	257	0
WF	99	258	1
WF	99	259	1
WF	99	260	1
WF	99	272	2
WF	101	275	0
WF	104	274	0
WF	105	276	4
WF	107	281	0
WF	110	280	0
WF	111	282	0
WF	113	283	1
WF	116	282	1
WF	116	283	0
WF	117	269	0
WF	117	274	1
WF	117	285	1
WF	119	272	0
WF	119	273	0
WF	119	274	0
WF	119	287	0
WF	122	272	0
WF	122	273	0
WF	122	274	0
WF	122	286	0
WF	123	288	2
WF	125	290	0
WF	128	291	0
WF	129	276	2
WF	129	292	2
WF	131	280	0
WF	131	295	0
WF	134	280	0
WF	134	281	0
WF	134	294	0
WF	135	280	2
WF	135	281	2
WF	135	282	2
WF	135	296	2
WF	138	298	1
WF	139	283	5
WF	139	284	8
WF	139	285	8
WF	139	286	8
WF	139	287	8
WF	139	288	8
WF	139	289	8
WF	139	290	8
WF	139	299	8
WF	139	300	1
WF	141	308	0
WF	144	308	0
WF	145	309	6
WF	147	316	0
WF	150	300	1
WF	150	316	1
WF	151	316	0
WF	153	317	0
WF	155	302	1
WF	155	318	3
WF	157	321	1
WF	157	322	0
WF	160	306	1
WF	160	321	1
WF	160	322	0
WF	161	308	0
WF	161	309	0
WF	161	323	2
WF	163	311	2
WF	163	312	2
WF	163	324	4
WF	163	325	1
WF	163	326	0
WF	165	318	0
WF	165	319	1
WF	165	320	3
WF	165	321	3
WF	165	322	2
WF	165	323	1
WF	165	332	4
WF	167	337	0
WF	170	337	0
WF	171	322	7
WF	171	323	7
WF	171	324	7
WF	171	325	9
WF	171	326	9
WF	171	327	9
WF	171	328	9
WF	171	329	9
WF	171	338	13
WF	173	352	0
WF	176	351	0
WF	177	270	0
WF	177	273	0
WF	177	353	0
WF	179	269	0
WF	179	270	0
WF	179	274	0
WF	179	354	0
WF	182	269	0
WF	182	273	0
WF	182	354	0
WF	183	274	2
WF	183	355	2
WF	185	274	0
WF	185	275	0
WF	185	277	0
WF	185	358	0
WF	188	276	0
WF	188	277	0
WF	188	357	1
WF	188	358	0
WF	190	274	0
WF	190	275	0
WF	190	276	0
WF	190	358	0
WF	191	278	1
WF	191	359	1
WF	193	278	0
WF	193	279	0
WF	193	361	2
WF	195	363	0
WF	198	364	0
WF	199	349	1
WF	199	350	1
WF	199	365	3
WF	201	369	0
WF	204	368	0
WF	205	354	1
WF	205	370	1
WF	207	357	0
WF	207	372	2
WF	210	357	0
WF	210	358	0
WF	210	372	0
WF	211	357	8
WF	211	358	8
WF	211	375	8
WF	213	383	0
WF	217	368	1
WF	217	369	3
WF	217	370	3
WF	217	385	5
WF	219	390	0
WF	222	390	0
WF	223	392	4
WF	225	397	0
WF	228	397	0
WF	229	382	8
WF	229	383	8
WF	229	398	8
WF	231	397	0
WF	231	407	0
WF	233	397	0
WF	233	398	0
WF	233	399	0
WF	233	408	0
WF	236	396	0
WF	236	407	0
WF	238	408	0
WF	239	394	1
WF	239	395	1
WF	239	409	2
WF	241	411	0
WF	244	412	0
WF	245	399	21
WF	245	400	20
WF	245	402	18
WF	245	405	8
WF	245	406	8
WF	245	407	8
WF	245	408	7
WF	245	409	6
WF	245	410	5
WF	245	411	4
WF	245	412	3
WF	245	413	2
WF	247	397	0
WF	247	420	0
WF	249	382	0
WF	249	398	4
WF	251	388	0
WF	251	403	0
WF	254	404	0
WF	256	388	0
WF	256	389	0
WF	256	402	0
WF	257	404	0
WF	259	389	1
WF	259	390	1
WF	259	405	2
WF	261	408	0
WF	264	408	0
WF	265	409	1
WF	267	411	0
WF	269	396	0
WF	269	411	0
WF	272	411	1
WF	273	397	0
WF	273	398	0
WF	273	413	0
WF	275	396	7
WF	275	397	7
WF	275	413	0
WF	283	407	1
WF	283	408	1
WF	283	411	9
WF	283	412	1
WF	283	413	7
WF	283	414	6
WF	283	416	4
WF	283	417	3
WF	283	418	2
WF	283	419	1
WF	287	420	0
[gfa_ed_step] dist=9, n=375, n_intv=175, n_tb=0
Z	0	-1	9
Z	3	36	45
Z	6	34	45
Z	7	37	46
Z	9	61	70
Z	11	59	70
Z	13	57	59
Z	13	62	71
Z	15	74	83
Z	17	70	71
Z	17	72	82
Z	19	67	84
Z	21	74	92
Z	23	74	77
Z	23	78	92
Z	25	79	93
Z	27	85	100
Z	29	85	100
Z	31	92	101
Z	33	160	169
Z	35	158	168
Z	37	161	170
Z	39	180	189
Z	42	178	189
Z	43	181	190
Z	45	205	214
Z	47	203	214
Z	49	202	215
Z	51	206	218
Z	54	204	217
Z	55	210	219
Z	57	232	243
Z	59	234	241
Z	61	244	253
Z	63	242	255
Z	65	254	257
Z	65	260	268
Z	67	254	257
Z	67	258	267
Z	69	261	267
Z	71	269	274
Z	73	268	274
Z	76	268	271
Z	76	272	275
Z	77	270	275
Z	82	275	276
Z	82	277	279
Z	83	278	280
Z	87	248	257
Z	89	255	263
Z	92	253	264
Z	93	248	265
Z	95	256	271
Z	98	254	271
Z	99	256	260
Z	99	261	273
Z	101	260	262
Z	101	263	276
Z	104	262	275
Z	105	264	277
Z	107	268	282
Z	110	268	281
Z	111	268	283
Z	113	267	284
Z	116	267	284
Z	117	270	286
Z	119	271	288
Z	122	271	288
Z	123	273	274
Z	123	275	289
Z	125	279	291
Z	128	277	292
Z	129	275	293
Z	131	279	296
Z	134	279	282
Z	134	283	295
Z	135	279	297
Z	138	284	299
Z	139	283	300
Z	141	296	299
Z	141	300	309
Z	144	298	309
Z	145	294	310
Z	147	300	317
Z	150	299	317
Z	151	300	317
Z	153	302	318
Z	155	303	319
Z	157	306	322
Z	160	305	322
Z	161	310	324
Z	163	313	325
Z	165	320	333
Z	167	329	338
Z	170	327	338
Z	171	330	339
Z	173	344	353
Z	176	342	352
Z	177	269	274
Z	177	342	354
Z	179	268	271
Z	179	272	275
Z	179	342	355
Z	182	268	274
Z	182	344	355
Z	183	271	275
Z	183	343	356
Z	185	273	278
Z	185	345	359
Z	188	344	358
Z	190	273	277
Z	190	347	359
Z	191	275	276
Z	191	277	279
Z	191	346	360
Z	193	278	280
Z	193	347	362
Z	195	350	365
Z	198	282	283
Z	198	348	365
Z	199	351	366
Z	201	354	370
Z	204	354	369
Z	205	353	371
Z	207	358	373
Z	210	356	373
Z	211	356	376
Z	213	366	367
Z	213	369	384
Z	216	367	384
Z	217	368	370
Z	217	371	386
Z	219	375	391
Z	222	378	392
Z	223	377	393
Z	225	381	385
Z	225	386	398
Z	228	381	398
Z	229	381	399
Z	231	394	408
Z	233	393	409
Z	236	391	408
Z	238	392	409
Z	239	393	394
Z	239	396	410
Z	241	400	412
Z	244	396	397
Z	244	398	413
Z	245	397	399
Z	247	381	385
Z	247	386	398
Z	247	419	421
Z	249	383	399
Z	251	387	404
Z	254	389	405
Z	256	387	390
Z	256	391	403
Z	257	389	405
Z	259	391	406
Z	261	393	409
Z	264	393	409
Z	265	394	410
Z	267	395	412
Z	269	395	412
Z	272	395	412
Z	273	396	414
Z	275	395	397
Z	275	398	413
Z	277	406	421
Z	279	406	421
Z	282	405	406
Z	282	408	421
Z	283	409	411
Z	285	419	421
Z	287	419	421
WF	0	9	35
WF	3	45	0
WF	6	45	0
WF	7	28	8
WF	7	29	16
WF	7	30	16
WF	7	31	16
WF	7	32	15
WF	7	33	14
WF	7	34	12
WF	7	35	11
WF	7	36	11
WF	7	46	23
WF	9	70	0
WF	11	70	0
WF	13	53	8
WF	13	54	11
WF	13	55	11
WF	13	56	11
WF	13	59	11
WF	13	60	11
WF	13	61	10
WF	13	71	11
WF	15	69	0
WF	15	70	0
WF	15	83	0
WF	17	82	0
WF	19	84	7
WF	21	92	0
WF	23	77	0
WF	23	92	0
WF	25	75	0
WF	25	76	3
WF	25	77	4
WF	25	78	4
WF	25	93	6
WF	27	100	0
WF	29	100	0
WF	31	83	10
WF	31	84	11
WF	31	85	11
WF	31	86	10
WF	31	87	9
WF	31	88	9
WF	31	89	10
WF	31	90	10
WF	31	91	9
WF	31	101	67
WF	33	169	0
WF	35	168	0
WF	37	152	16
WF	37	153	16
WF	37	154	16
WF	37	155	16
WF	37	156	15
WF	37	157	14
WF	37	158	13
WF	37	159	11
WF	37	160	10
WF	37	170	18
WF	39	189	0
WF	42	189	0
WF	43	172	10
WF	43	173	10
WF	43	174	12
WF	43	175	12
WF	43	176	12
WF	43	177	11
WF	43	178	10
WF	43	179	9
WF	43	180	8
WF	43	190	23
WF	45	214	0
WF	47	214	0
WF	49	215	2
WF	51	218	0
WF	54	217	0
WF	55	201	8
WF	55	202	11
WF	55	203	14
WF	55	204	14
WF	55	205	14
WF	55	206	14
WF	55	207	14
WF	55	208	14
WF	55	209	14
WF	55	219	23
WF	57	243	0
WF	59	241	9
WF	59	242	8
WF	59	243	4
WF	61	253	3
WF	63	239	8
WF	63	240	11
WF	63	241	11
WF	63	255	12
WF	63	256	5
WF	65	257	0
WF	65	258	0
WF	65	268	0
WF	67	257	0
WF	67	267	0
WF	69	255	0
WF	69	256	0
WF	69	257	0
WF	69	259	5
WF	69	260	5
WF	69	267	6
WF	69	268	4
WF	69	269	0
WF	71	274	0
WF	73	274	0
WF	76	271	0
WF	76	275	0
WF	77	269	0
WF	77	275	3
WF	79	274	0
WF	79	275	1
WF	79	276	1
WF	79	277	1
WF	79	278	0
WF	82	276	1
WF	82	279	1
WF	83	276	0
WF	83	277	1
WF	83	280	2
WF	86	281	0
WF	86	282	0
WF	87	257	6
WF	89	263	0
WF	92	264	0
WF	93	265	6
WF	95	271	0
WF	98	271	0
WF	99	255	1
WF	99	260	2
WF	99	273	2
WF	101	262	0
WF	101	276	0
WF	104	259	0
WF	104	260	0
WF	104	261	0
WF	104	275	0
WF	105	260	1
WF	105	261	1
WF	105	262	0
WF	105	263	0
WF	105	277	4
WF	107	282	0
WF	110	281	0
WF	111	283	0
WF	113	284	1
WF	116	284	1
WF	117	268	1
WF	117	269	1
WF	117	286	1
WF	119	288	0
WF	123	274	2
WF	123	289	2
WF	125	275	0
WF	125	276	0
WF	125	291	0
WF	128	275	0
WF	128	276	0
WF	128	292	0
WF	129	293	2
WF	131	278	0
WF	131	296	0
WF	134	282	0
WF	134	295	0
WF	135	297	2
WF	138	282	1
WF	138	283	1
WF	138	299	1
WF	138	300	0
WF	139	282	6
WF	139	300	8
WF	139	301	2
WF	141	292	0
WF	141	293	0
WF	141	294	0
WF	141	295	0
WF	141	299	0
WF	141	309	0
WF	144	292	0
WF	144	293	0
WF	144	294	0
WF	144	295	0
WF	144	296	0
WF	144	297	0
WF	144	309	0
WF	145	310	6
WF	147	317	0
WF	150	317	1
WF	151	317	0
WF	153	318	0
WF	155	301	2
WF	155	302	2
WF	155	319	3
WF	157	322	1
WF	157	323	0
WF	160	322	1
WF	160	323	0
WF	161	307	1
WF	161	308	1
WF	161	309	1
WF	161	324	2
WF	163	281	1
WF	163	282	1
WF	163	283	0
WF	163	310	3
WF	163	311	3
WF	163	312	3
WF	163	325	4
WF	163	326	1
WF	163	327	0
WF	165	317	2
WF	165	318	2
WF	165	319	4
WF	165	333	4
WF	167	325	0
WF	167	326	0
WF	167	327	0
WF	167	328	0
WF	167	338	0
WF	170	325	0
WF	170	326	0
WF	170	338	0
WF	171	321	8
WF	171	322	8
WF	171	323	8
WF	171	324	12
WF	171	325	12
WF	171	326	11
WF	171	327	11
WF	171	328	11
WF	171	329	10
WF	171	339	13
WF	173	353	0
WF	176	352	0
WF	177	274	0
WF	177	354	0
WF	179	271	0
WF	179	275	0
WF	179	355	0
WF	182	274	0
WF	182	355	0
WF	183	269	0
WF	183	270	0
WF	183	275	2
WF	183	356	2
WF	185	278	0
WF	185	359	0
WF	188	274	0
WF	188	275	1
WF	188	276	1
WF	188	277	1
WF	188	278	0
WF	188	358	1
WF	188	359	0
WF	190	277	0
WF	190	359	0
WF	191	276	1
WF	191	279	1
WF	191	360	1
WF	193	276	0
WF	193	277	1
WF	193	280	2
WF	193	362	2
WF	195	281	0
WF	195	282	0
WF	198	283	0
WF	198	365	0
WF	199	282	0
WF	199	283	0
WF	199	348	3
WF	199	349	3
WF	199	350	2
WF	199	366	3
WF	201	370	0
WF	204	369	0
WF	205	371	1
WF	207	355	2
WF	207	356	2
WF	207	357	2
WF	207	373	2
WF	210	355	0
WF	210	373	0
WF	211	376	8
WF	213	367	0
WF	213	384	0
WF	216	365	0
WF	216	366	0
WF	216	384	0
WF	217	366	0
WF	217	367	2
WF	217	370	5
WF	217	386	5
WF	219	391	0
WF	222	374	0
WF	222	375	0
WF	223	375	0
WF	223	376	0
WF	223	393	4
WF	225	398	0
WF	228	398	0
WF	229	399	8
WF	231	390	0
WF	231	391	0
WF	231	392	0
WF	231	408	0
WF	233	409	0
WF	236	408	0
WF	238	409	0
WF	239	394	2
WF	239	395	2
WF	239	410	2
WF	241	395	0
WF	241	396	0
WF	241	412	0
WF	244	397	0
WF	244	413	0
WF	245	396	0
WF	245	399	21
WF	245	401	19
WF	245	404	16
WF	245	407	9
WF	245	408	9
WF	245	409	8
WF	245	410	7
WF	245	411	6
WF	245	412	4
WF	245	413	3
WF	245	414	2
WF	247	398	0
WF	249	381	1
WF	249	382	1
WF	249	399	4
WF	249	420	0
WF	251	404	0
WF	254	388	0
WF	254	405	0
WF	256	390	0
WF	256	403	0
WF	257	405	0
WF	259	388	2
WF	259	389	2
WF	259	390	2
WF	259	406	2
WF	261	409	0
WF	264	409	0
WF	265	410	1
WF	267	412	0
WF	269	412	0
WF	272	412	1
WF	273	414	0
WF	275	397	8
WF	275	413	1
WF	275	414	0
WF	277	404	0
WF	277	405	0
WF	279	404	0
WF	279	405	0
WF	282	406	0
WF	283	405	0
WF	283	406	2
WF	283	407	2
WF	283	408	2
WF	283	412	8
WF	283	413	7
WF	283	415	5
WF	283	416	4
WF	283	417	3
WF	283	418	2
WF	65535	420	0
[gfa_ed_step] dist=10, n=385, n_intv=180, n_tb=0
Z	0	-1	10
Z	3	36	46
Z	6	34	46
Z	7	37	47
Z	9	61	71
Z	11	59	71
Z	13	53	61
Z	13	62	72
Z	15	68	72
Z	15	74	84
Z	17	70	71
Z	17	72	83
Z	19	67	85
Z	21	74	93
Z	23	74	93
Z	25	79	94
Z	27	85	101
Z	29	85	101
Z	31	92	102
Z	33	160	170
Z	35	158	169
Z	37	161	171
Z	39	180	190
Z	42	178	190
Z	43	181	191
Z	45	205	215
Z	47	203	215
Z	49	202	216
Z	51	206	219
Z	54	204	218
Z	55	210	220
Z	57	232	244
Z	59	234	242
Z	61	244	254
Z	63	239	241
Z	63	242	256
Z	65	254	259
Z	65	260	269
Z	67	254	268
Z	69	261	268
Z	71	269	275
Z	73	268	275
Z	76	268	276
Z	77	270	276
Z	79	274	279
Z	82	275	280
Z	83	278	281
Z	87	248	258
Z	89	255	264
Z	92	253	265
Z	93	248	266
Z	95	256	272
Z	98	254	272
Z	99	256	274
Z	101	260	277
Z	104	258	276
Z	105	264	278
Z	107	268	283
Z	110	268	282
Z	111	268	284
Z	113	267	285
Z	116	267	285
Z	117	267	287
Z	119	270	289
Z	122	271	288
Z	123	272	290
Z	125	274	277
Z	125	279	292
Z	128	274	293
Z	129	275	294
Z	131	277	297
Z	134	279	296
Z	135	279	298
Z	138	281	300
Z	139	283	301
Z	141	291	310
Z	144	291	310
Z	145	294	311
Z	147	300	318
Z	150	299	318
Z	151	300	318
Z	153	302	319
Z	155	303	320
Z	157	306	323
Z	160	305	323
Z	161	308	325
Z	163	281	283
Z	163	313	326
Z	165	287	288
Z	165	318	334
Z	167	292	293
Z	167	324	339
Z	170	324	339
Z	171	324	326
Z	171	330	340
Z	173	339	340
Z	173	344	354
Z	176	342	353
Z	177	269	275
Z	177	340	341
Z	177	342	355
Z	179	268	276
Z	179	342	356
Z	182	268	275
Z	182	344	356
Z	183	271	276
Z	183	343	357
Z	185	273	279
Z	185	345	360
Z	188	274	279
Z	188	344	359
Z	190	273	278
Z	190	347	360
Z	191	275	280
Z	191	346	361
Z	193	278	281
Z	193	347	363
Z	195	280	283
Z	195	350	365
Z	198	282	284
Z	198	348	366
Z	199	282	284
Z	199	347	350
Z	199	351	367
Z	201	287	288
Z	201	353	371
Z	204	354	370
Z	205	288	289
Z	205	353	372
Z	207	354	374
Z	210	290	291
Z	210	354	374
Z	211	291	292
Z	211	356	377
Z	213	366	368
Z	213	369	385
Z	216	364	385
Z	217	368	387
Z	219	375	392
Z	222	373	377
Z	222	378	392
Z	223	377	394
Z	225	381	385
Z	225	386	399
Z	228	381	399
Z	229	381	400
Z	231	389	393
Z	231	394	409
Z	233	393	410
Z	236	391	409
Z	238	392	410
Z	239	393	411
Z	241	394	397
Z	241	400	413
Z	244	396	414
Z	245	397	399
Z	247	381	385
Z	247	386	399
Z	247	419	421
Z	249	383	400
Z	251	387	405
Z	254	387	406
Z	256	387	404
Z	257	389	406
Z	259	387	407
Z	261	393	410
Z	264	392	410
Z	265	393	411
Z	267	395	413
Z	269	395	413
Z	272	395	413
Z	273	396	415
Z	275	395	413
Z	277	403	421
Z	279	403	421
Z	282	405	407
Z	282	408	421
Z	283	409	411
Z	285	419	421
Z	287	419	421
WF	0	10	35
WF	3	46	0
WF	6	46	0
WF	7	27	10
WF	7	28	19
WF	7	29	19
WF	7	30	18
WF	7	31	17
WF	7	32	17
WF	7	33	17
WF	7	34	16
WF	7	35	13
WF	7	36	13
WF	7	47	23
WF	9	71	0
WF	11	71	0
WF	13	52	10
WF	13	61	11
WF	13	72	11
WF	15	65	0
WF	15	66	0
WF	15	67	0
WF	15	72	0
WF	15	84	0
WF	17	65	0
WF	17	66	0
WF	17	67	0
WF	17	68	0
WF	17	71	0
WF	17	83	0
WF	19	85	7
WF	21	93	0
WF	23	93	0
WF	25	74	1
WF	25	75	6
WF	25	76	6
WF	25	77	6
WF	25	78	6
WF	25	94	6
WF	27	101	0
WF	29	101	0
WF	31	82	11
WF	31	83	13
WF	31	84	13
WF	31	85	12
WF	31	86	11
WF	31	87	10
WF	31	88	12
WF	31	89	12
WF	31	90	11
WF	31	91	11
WF	31	102	67
WF	33	170	0
WF	35	169	0
WF	37	151	17
WF	37	152	17
WF	37	153	18
WF	37	154	18
WF	37	155	17
WF	37	156	17
WF	37	157	17
WF	37	158	16
WF	37	159	15
WF	37	160	11
WF	37	171	18
WF	39	190	0
WF	42	190	0
WF	43	171	11
WF	43	172	11
WF	43	173	15
WF	43	174	15
WF	43	175	14
WF	43	176	14
WF	43	177	13
WF	43	178	12
WF	43	179	11
WF	43	180	9
WF	43	191	23
WF	45	215	0
WF	47	215	0
WF	49	216	2
WF	51	219	0
WF	54	218	0
WF	55	200	10
WF	55	201	12
WF	55	202	15
WF	55	203	15
WF	55	204	15
WF	55	205	15
WF	55	206	15
WF	55	207	15
WF	55	208	16
WF	55	209	16
WF	55	220	23
WF	57	244	0
WF	59	242	9
WF	59	243	8
WF	59	244	4
WF	61	254	3
WF	63	238	9
WF	63	241	12
WF	63	256	12
WF	63	257	5
WF	65	252	0
WF	65	253	0
WF	65	259	0
WF	65	269	0
WF	67	252	0
WF	67	253	0
WF	67	268	0
WF	69	254	2
WF	69	255	2
WF	69	256	3
WF	69	257	3
WF	69	258	6
WF	69	259	6
WF	69	260	6
WF	69	268	6
WF	69	269	4
WF	69	270	0
WF	71	275	0
WF	73	275	0
WF	76	276	0
WF	77	268	1
WF	77	269	1
WF	77	276	3
WF	79	273	1
WF	79	279	1
WF	79	280	0
WF	82	280	1
WF	83	275	2
WF	83	276	2
WF	83	277	2
WF	83	281	2
WF	86	280	1
WF	86	281	1
WF	86	282	1
WF	86	283	0
WF	87	258	6
WF	89	264	0
WF	92	265	0
WF	93	266	6
WF	95	272	0
WF	98	272	0
WF	99	254	2
WF	99	255	2
WF	99	274	2
WF	101	277	0
WF	104	276	0
WF	105	259	3
WF	105	260	3
WF	105	261	2
WF	105	262	2
WF	105	263	2
WF	105	278	4
WF	107	283	0
WF	110	282	0
WF	111	284	0
WF	113	285	1
WF	116	285	1
WF	117	287	1
WF	119	289	0
WF	122	269	0
WF	122	270	0
WF	122	288	0
WF	123	270	0
WF	123	271	0
WF	123	290	2
WF	125	277	0
WF	125	292	0
WF	128	293	0
WF	129	294	2
WF	131	297	0
WF	134	296	0
WF	135	278	0
WF	135	298	2
WF	138	300	1
WF	138	301	0
WF	139	281	7
WF	139	282	7
WF	139	301	8
WF	139	302	2
WF	141	310	0
WF	144	310	0
WF	145	292	0
WF	145	293	0
WF	145	311	6
WF	147	318	0
WF	150	318	1
WF	151	318	0
WF	153	319	0
WF	155	300	3
WF	155	301	3
WF	155	302	3
WF	155	320	3
WF	157	323	1
WF	157	324	0
WF	160	323	1
WF	160	324	0
WF	161	306	2
WF	161	307	2
WF	161	325	2
WF	163	280	2
WF	163	283	4
WF	163	284	1
WF	163	309	4
WF	163	310	4
WF	163	311	4
WF	163	312	4
WF	163	326	4
WF	163	327	1
WF	163	328	0
WF	165	288	4
WF	165	316	3
WF	165	317	3
WF	165	334	4
WF	167	339	0
WF	170	291	0
WF	170	292	0
WF	170	323	0
WF	170	339	0
WF	171	292	7
WF	171	293	7
WF	171	294	6
WF	171	320	10
WF	171	321	10
WF	171	322	11
WF	171	323	13
WF	171	326	13
WF	171	327	13
WF	171	328	13
WF	171	329	12
WF	171	340	13
WF	173	354	0
WF	176	338	0
WF	176	339	0
WF	176	353	0
WF	177	275	0
WF	177	341	0
WF	177	355	0
WF	179	276	0
WF	179	340	0
WF	179	341	0
WF	179	356	0
WF	182	275	0
WF	182	340	0
WF	182	341	0
WF	182	356	0
WF	183	268	1
WF	183	269	1
WF	183	270	1
WF	183	276	2
WF	183	357	2
WF	185	279	0
WF	185	360	0
WF	188	273	1
WF	188	279	1
WF	188	280	0
WF	188	359	1
WF	188	360	0
WF	190	278	0
WF	190	360	0
WF	191	280	1
WF	191	361	1
WF	193	275	2
WF	193	276	2
WF	193	277	2
WF	193	281	2
WF	193	363	2
WF	195	283	0
WF	195	365	0
WF	198	284	0
WF	198	366	0
WF	199	281	1
WF	199	284	3
WF	199	285	0
WF	199	350	3
WF	199	367	3
WF	201	351	0
WF	201	352	0
WF	201	371	0
WF	204	286	0
WF	204	287	0
WF	204	351	0
WF	204	352	0
WF	204	353	0
WF	204	370	0
WF	205	289	1
WF	205	372	1
WF	207	289	0
WF	207	290	0
WF	207	374	2
WF	210	374	0
WF	211	292	8
WF	211	355	0
WF	211	377	8
WF	213	299	0
WF	213	300	0
WF	213	368	0
WF	213	385	0
WF	216	299	0
WF	216	300	0
WF	216	385	0
WF	217	365	1
WF	217	366	3
WF	217	367	3
WF	217	387	5
WF	219	392	0
WF	222	392	0
WF	223	374	1
WF	223	375	1
WF	223	376	1
WF	223	394	4
WF	225	399	0
WF	228	399	0
WF	229	400	8
WF	231	393	0
WF	231	409	0
WF	233	390	0
WF	233	391	0
WF	233	392	0
WF	233	410	0
WF	236	409	0
WF	238	390	0
WF	238	391	0
WF	238	410	0
WF	239	411	2
WF	241	397	0
WF	241	398	0
WF	241	413	0
WF	244	414	0
WF	245	395	1
WF	245	396	1
WF	245	400	20
WF	245	403	17
WF	245	406	10
WF	245	407	10
WF	245	408	10
WF	245	409	10
WF	245	410	10
WF	245	411	9
WF	245	412	7
WF	245	413	6
WF	245	414	4
WF	245	415	3
WF	247	399	0
WF	249	380	2
WF	249	381	4
WF	249	382	4
WF	249	400	4
WF	249	419	1
WF	251	405	0
WF	254	406	0
WF	256	404	0
WF	257	406	0
WF	259	407	2
WF	261	390	0
WF	261	391	0
WF	261	392	0
WF	261	410	0
WF	264	390	0
WF	264	391	0
WF	264	410	0
WF	265	411	1
WF	267	413	0
WF	269	413	0
WF	272	394	0
WF	272	413	1
WF	273	415	0
WF	275	413	2
WF	275	414	1
WF	275	415	0
WF	282	407	0
WF	283	404	1
WF	283	405	3
WF	283	406	3
WF	283	407	3
WF	283	408	3
WF	283	411	9
WF	283	412	8
WF	283	414	6
WF	283	415	5
WF	283	416	4
WF	283	417	3
WF	65535	419	1
[gfa_ed_step] dist=11, n=432, n_intv=188, n_tb=0
Z	0	-1	11
Z	3	36	47
Z	6	34	47
Z	7	37	48
Z	9	61	72
Z	11	59	72
Z	13	53	73
Z	15	64	73
Z	15	74	85
Z	17	64	69
Z	17	70	84
Z	19	67	86
Z	21	74	94
Z	23	74	94
Z	25	74	95
Z	27	85	102
Z	29	82	83
Z	29	85	102
Z	31	92	103
Z	33	160	171
Z	35	158	170
Z	37	152	155
Z	37	161	172
Z	39	180	191
Z	42	178	191
Z	43	181	192
Z	45	205	216
Z	47	203	216
Z	49	202	217
Z	51	206	220
Z	54	204	219
Z	55	210	221
Z	57	232	245
Z	59	234	243
Z	61	244	255
Z	63	239	257
Z	65	251	270
Z	67	251	269
Z	69	255	269
Z	71	266	268
Z	71	269	276
Z	73	268	277
Z	76	268	277
Z	77	270	277
Z	79	272	280
Z	82	275	281
Z	83	274	282
Z	87	248	259
Z	89	255	265
Z	92	253	266
Z	93	248	267
Z	95	256	273
Z	98	254	273
Z	99	253	275
Z	101	260	278
Z	104	258	277
Z	105	264	279
Z	107	268	284
Z	110	268	283
Z	111	268	285
Z	113	267	286
Z	116	267	286
Z	117	267	288
Z	119	270	290
Z	122	268	289
Z	123	270	291
Z	125	274	278
Z	125	279	293
Z	128	274	294
Z	129	275	295
Z	131	277	298
Z	134	279	297
Z	135	279	299
Z	138	281	302
Z	139	283	302
Z	141	291	311
Z	144	291	311
Z	145	294	312
Z	147	300	319
Z	150	299	319
Z	151	300	319
Z	153	302	320
Z	155	299	321
Z	157	306	324
Z	160	305	324
Z	161	305	326
Z	163	281	284
Z	163	308	327
Z	165	287	289
Z	165	318	335
Z	167	292	293
Z	167	324	340
Z	170	290	293
Z	170	322	340
Z	171	292	294
Z	171	321	341
Z	173	339	340
Z	173	344	355
Z	176	307	308
Z	176	336	340
Z	176	341	354
Z	177	266	268
Z	177	269	276
Z	177	338	339
Z	177	340	356
Z	179	268	277
Z	179	339	357
Z	182	268	277
Z	182	339	342
Z	182	344	357
Z	183	269	277
Z	183	343	358
Z	185	273	280
Z	185	345	361
Z	188	272	280
Z	188	344	360
Z	190	273	279
Z	190	347	361
Z	191	275	281
Z	191	346	362
Z	193	274	282
Z	193	347	364
Z	195	278	279
Z	195	280	284
Z	195	350	367
Z	198	280	281
Z	198	282	285
Z	198	348	367
Z	199	282	285
Z	199	347	368
Z	201	287	288
Z	201	350	372
Z	204	285	288
Z	204	350	371
Z	205	288	290
Z	205	353	373
Z	207	354	375
Z	210	290	292
Z	210	354	375
Z	211	291	293
Z	211	356	378
Z	213	298	301
Z	213	366	386
Z	216	298	301
Z	216	364	386
Z	217	301	302
Z	217	368	388
Z	219	307	308
Z	219	375	393
Z	222	373	377
Z	222	378	393
Z	223	377	395
Z	225	381	385
Z	225	386	400
Z	228	381	400
Z	229	381	401
Z	231	389	410
Z	233	389	411
Z	236	391	410
Z	238	389	411
Z	239	393	412
Z	241	394	399
Z	241	400	415
Z	244	396	415
Z	245	397	399
Z	247	381	385
Z	247	386	400
Z	247	419	421
Z	249	380	401
Z	251	387	406
Z	254	387	407
Z	256	387	406
Z	257	389	407
Z	259	387	408
Z	261	389	411
Z	264	389	411
Z	265	393	412
Z	267	395	414
Z	269	395	415
Z	272	395	414
Z	273	396	416
Z	275	395	413
Z	277	403	421
Z	279	403	421
Z	282	405	421
Z	283	409	411
Z	285	419	421
Z	287	419	421
WF	0	11	35
WF	3	47	0
WF	6	47	0
WF	7	26	13
WF	7	27	20
WF	7	28	20
WF	7	29	20
WF	7	30	19
WF	7	31	18
WF	7	32	18
WF	7	33	18
WF	7	34	17
WF	7	35	16
WF	7	36	14
WF	7	48	23
WF	9	72	0
WF	11	72	0
WF	13	51	11
WF	13	52	11
WF	13	73	11
WF	15	73	0
WF	15	85	0
WF	17	69	0
WF	17	84	0
WF	19	65	0
WF	19	66	0
WF	19	86	7
WF	21	94	0
WF	23	94	0
WF	25	73	3
WF	25	95	6
WF	27	81	0
WF	27	82	0
WF	27	83	0
WF	27	84	0
WF	27	102	0
WF	29	83	0
WF	29	84	0
WF	29	102	0
WF	31	81	13
WF	31	82	14
WF	31	83	14
WF	31	84	14
WF	31	85	13
WF	31	86	12
WF	31	87	13
WF	31	88	13
WF	31	89	13
WF	31	90	12
WF	31	91	12
WF	31	103	67
WF	33	171	0
WF	35	170	0
WF	37	150	18
WF	37	151	18
WF	37	155	18
WF	37	156	18
WF	37	157	18
WF	37	158	17
WF	37	159	17
WF	37	160	16
WF	37	172	18
WF	39	171	0
WF	39	172	0
WF	39	173	0
WF	39	191	0
WF	42	171	0
WF	42	172	0
WF	42	173	0
WF	42	191	0
WF	43	170	12
WF	43	171	13
WF	43	172	16
WF	43	173	16
WF	43	174	16
WF	43	175	15
WF	43	176	15
WF	43	177	14
WF	43	178	13
WF	43	179	12
WF	43	180	11
WF	43	192	23
WF	45	216	0
WF	47	216	0
WF	49	217	2
WF	51	220	0
WF	54	219	0
WF	55	199	11
WF	55	200	13
WF	55	201	16
WF	55	202	16
WF	55	203	16
WF	55	204	17
WF	55	205	17
WF	55	206	17
WF	55	207	17
WF	55	208	17
WF	55	209	17
WF	55	221	23
WF	57	245	0
WF	59	243	9
WF	59	244	8
WF	59	245	4
WF	61	255	3
WF	63	237	10
WF	63	238	10
WF	63	257	12
WF	63	258	6
WF	65	270	0
WF	67	269	0
WF	69	252	0
WF	69	253	3
WF	69	254	3
WF	69	269	6
WF	69	270	4
WF	69	271	0
WF	71	262	0
WF	71	263	0
WF	71	264	0
WF	71	265	0
WF	71	268	0
WF	71	276	0
WF	73	266	0
WF	73	267	0
WF	73	277	0
WF	76	266	0
WF	76	267	0
WF	76	277	0
WF	77	267	2
WF	77	268	2
WF	77	269	2
WF	77	277	3
WF	79	280	1
WF	79	281	0
WF	82	281	1
WF	83	282	2
WF	86	277	1
WF	86	278	1
WF	86	279	2
WF	86	280	2
WF	86	281	8
WF	86	282	8
WF	86	283	7
WF	86	284	1
WF	87	259	6
WF	89	265	0
WF	92	266	0
WF	93	267	6
WF	95	273	0
WF	98	273	0
WF	99	275	2
WF	101	256	0
WF	101	257	0
WF	101	258	0
WF	101	278	0
WF	104	256	0
WF	104	257	0
WF	104	277	0
WF	105	258	4
WF	105	259	4
WF	105	260	4
WF	105	261	4
WF	105	262	4
WF	105	263	4
WF	105	279	4
WF	107	284	0
WF	110	283	0
WF	111	285	0
WF	113	286	1
WF	116	286	1
WF	117	288	1
WF	119	290	0
WF	122	289	0
WF	123	269	1
WF	123	291	2
WF	125	273	0
WF	125	278	0
WF	125	293	0
WF	128	273	0
WF	128	294	0
WF	129	295	2
WF	131	298	0
WF	134	297	0
WF	135	277	1
WF	135	278	1
WF	135	299	2
WF	138	302	1
WF	139	280	8
WF	139	281	8
WF	139	282	8
WF	139	302	8
WF	139	303	2
WF	141	311	0
WF	144	311	0
WF	145	291	2
WF	145	292	2
WF	145	293	1
WF	145	312	6
WF	147	319	0
WF	150	319	1
WF	151	319	0
WF	153	320	0
WF	155	321	3
WF	157	303	1
WF	157	304	1
WF	157	305	0
WF	157	324	1
WF	157	325	0
WF	160	303	0
WF	160	304	0
WF	160	324	1
WF	160	325	0
WF	161	326	2
WF	163	277	0
WF	163	278	0
WF	163	279	3
WF	163	280	3
WF	163	284	4
WF	163	285	1
WF	163	327	4
WF	163	328	2
WF	163	329	1
WF	165	289	4
WF	165	313	0
WF	165	314	0
WF	165	315	4
WF	165	316	4
WF	165	317	4
WF	165	335	4
WF	167	293	0
WF	167	340	0
WF	170	293	0
WF	170	340	0
WF	171	291	9
WF	171	294	13
WF	171	295	6
WF	171	319	11
WF	171	320	11
WF	171	341	13
WF	173	306	0
WF	173	307	0
WF	173	335	0
WF	173	336	0
WF	173	337	0
WF	173	340	0
WF	173	341	0
WF	173	342	0
WF	173	343	0
WF	173	355	0
WF	176	308	0
WF	176	340	0
WF	176	354	0
WF	177	262	0
WF	177	263	0
WF	177	264	0
WF	177	265	0
WF	177	268	0
WF	177	276	0
WF	177	307	0
WF	177	308	0
WF	177	336	0
WF	177	337	0
WF	177	339	0
WF	177	356	0
WF	179	266	0
WF	179	267	0
WF	179	277	0
WF	179	338	0
WF	179	357	0
WF	182	266	0
WF	182	267	0
WF	182	277	0
WF	182	342	0
WF	182	343	0
WF	182	357	0
WF	183	267	2
WF	183	268	2
WF	183	277	2
WF	183	339	1
WF	183	340	1
WF	183	341	1
WF	183	342	1
WF	183	358	2
WF	185	272	0
WF	185	280	0
WF	185	361	0
WF	188	280	1
WF	188	281	0
WF	188	360	1
WF	188	361	0
WF	190	272	0
WF	190	279	0
WF	190	361	0
WF	191	281	1
WF	191	362	1
WF	193	282	2
WF	193	364	2
WF	195	279	0
WF	195	284	0
WF	195	367	0
WF	198	277	0
WF	198	278	0
WF	198	279	0
WF	198	281	0
WF	198	285	0
WF	198	367	0
WF	199	278	0
WF	199	279	0
WF	199	280	2
WF	199	281	2
WF	199	285	3
WF	199	286	0
WF	199	368	3
WF	201	288	0
WF	201	372	0
WF	204	288	0
WF	204	371	0
WF	205	286	0
WF	205	287	0
WF	205	290	1
WF	205	351	0
WF	205	352	0
WF	205	373	1
WF	207	288	1
WF	207	289	1
WF	207	290	1
WF	207	291	0
WF	207	375	2
WF	210	292	0
WF	210	375	0
WF	211	293	8
WF	211	354	1
WF	211	355	1
WF	211	378	8
WF	213	301	0
WF	213	386	0
WF	216	301	0
WF	216	386	0
WF	217	299	1
WF	217	300	1
WF	217	302	5
WF	217	364	2
WF	217	365	4
WF	217	366	4
WF	217	367	4
WF	217	388	5
WF	219	308	0
WF	219	393	0
WF	222	306	0
WF	222	307	0
WF	222	393	0
WF	223	307	0
WF	223	308	0
WF	223	373	2
WF	223	374	3
WF	223	375	3
WF	223	376	2
WF	223	395	4
WF	225	400	0
WF	228	400	0
WF	229	401	8
WF	231	410	0
WF	233	411	0
WF	236	410	0
WF	238	411	0
WF	239	390	0
WF	239	391	0
WF	239	392	0
WF	239	412	2
WF	241	399	0
WF	241	415	0
WF	244	415	0
WF	245	394	3
WF	245	395	3
WF	245	396	2
WF	245	399	21
WF	245	402	18
WF	245	405	11
WF	245	406	12
WF	245	407	12
WF	245	408	12
WF	245	409	11
WF	245	410	10
WF	245	411	9
WF	245	412	8
WF	245	413	0
WF	245	414	0
WF	245	415	4
WF	245	416	3
WF	247	400	0
WF	249	379	3
WF	249	401	4
WF	249	418	2
WF	251	385	0
WF	251	386	0
WF	251	406	0
WF	254	407	0
WF	256	385	0
WF	256	386	0
WF	256	406	0
WF	257	387	0
WF	257	388	0
WF	257	407	0
WF	259	408	2
WF	261	411	0
WF	264	411	0
WF	265	390	0
WF	265	391	0
WF	265	392	0
WF	265	412	1
WF	267	414	0
WF	269	415	0
WF	272	393	1
WF	272	394	1
WF	272	414	1
WF	273	416	0
WF	275	413	3
WF	275	414	3
WF	275	415	3
WF	275	416	2
WF	283	403	2
WF	283	404	4
WF	283	405	4
WF	283	406	6
WF	283	407	7
WF	283	408	7
WF	283	411	9
WF	283	413	7
WF	283	414	6
WF	283	415	5
WF	283	416	4
WF	65535	418	2
[gfa_ed_step] dist=12, n=489, n_intv=216, n_tb=0
Z	0	-1	12
Z	3	36	48
Z	6	34	48
Z	7	37	49
Z	9	61	73
Z	11	59	73
Z	13	50	74
Z	15	63	86
Z	17	64	85
Z	19	67	87
Z	21	74	95
Z	23	74	95
Z	25	74	96
Z	27	80	103
Z	29	82	103
Z	31	92	104
Z	33	160	172
Z	35	158	172
Z	37	149	158
Z	37	161	173
Z	39	170	174
Z	39	180	192
Z	42	169	175
Z	42	178	192
Z	43	181	193
Z	45	205	217
Z	47	203	217
Z	49	202	218
Z	51	206	221
Z	54	204	220
Z	55	210	222
Z	57	232	246
Z	59	234	245
Z	61	244	256
Z	63	239	258
Z	65	251	271
Z	67	251	271
Z	69	255	270
Z	71	261	277
Z	73	263	264
Z	73	265	278
Z	76	265	278
Z	77	270	278
Z	79	272	281
Z	82	275	282
Z	83	274	283
Z	87	248	260
Z	89	255	266
Z	92	253	267
Z	93	248	268
Z	95	256	274
Z	98	254	274
Z	99	253	276
Z	101	255	259
Z	101	260	279
Z	104	255	278
Z	105	257	280
Z	107	268	285
Z	110	264	265
Z	110	266	285
Z	111	268	286
Z	113	267	287
Z	116	267	287
Z	117	267	289
Z	119	270	291
Z	122	268	290
Z	123	270	292
Z	125	272	294
Z	128	272	295
Z	129	275	296
Z	131	277	299
Z	134	279	298
Z	135	277	300
Z	138	281	303
Z	139	279	303
Z	141	291	312
Z	144	291	312
Z	145	294	313
Z	147	300	320
Z	150	299	320
Z	151	300	320
Z	153	302	321
Z	155	299	322
Z	157	302	305
Z	157	306	325
Z	160	305	325
Z	161	305	327
Z	163	281	286
Z	163	308	328
Z	165	287	290
Z	165	314	336
Z	167	292	294
Z	167	320	322
Z	167	324	341
Z	170	290	294
Z	170	322	341
Z	171	292	295
Z	171	321	342
Z	173	305	308
Z	173	334	338
Z	173	339	356
Z	176	307	309
Z	176	336	355
Z	177	261	277
Z	177	306	309
Z	177	335	357
Z	179	265	278
Z	179	337	358
Z	182	263	264
Z	182	265	278
Z	182	309	310
Z	182	339	358
Z	183	266	278
Z	183	310	311
Z	183	343	359
Z	185	271	281
Z	185	313	314
Z	185	345	362
Z	188	272	281
Z	188	314	315
Z	188	344	361
Z	190	271	280
Z	190	347	362
Z	191	275	282
Z	191	346	363
Z	193	274	283
Z	193	316	317
Z	193	347	365
Z	195	278	285
Z	195	350	368
Z	198	276	286
Z	198	319	320
Z	198	348	368
Z	199	282	287
Z	199	320	321
Z	199	347	369
Z	201	287	289
Z	201	324	325
Z	201	350	373
Z	204	285	289
Z	204	350	372
Z	205	286	291
Z	205	325	326
Z	205	353	374
Z	207	290	292
Z	207	354	376
Z	210	289	293
Z	210	327	328
Z	210	354	376
Z	211	291	294
Z	211	328	329
Z	211	356	379
Z	213	298	303
Z	213	366	387
Z	216	298	302
Z	216	337	338
Z	216	364	387
Z	217	301	303
Z	217	338	339
Z	217	366	389
Z	219	307	309
Z	219	375	394
Z	222	305	308
Z	222	344	345
Z	222	373	377
Z	222	378	394
Z	223	345	346
Z	223	377	396
Z	225	381	385
Z	225	386	401
Z	228	350	351
Z	228	381	401
Z	229	381	402
Z	231	389	411
Z	233	389	412
Z	236	391	411
Z	238	389	412
Z	239	391	413
Z	241	394	416
Z	244	396	416
Z	245	397	399
Z	247	381	385
Z	247	386	401
Z	247	419	421
Z	249	351	352
Z	249	380	402
Z	251	384	407
Z	254	387	408
Z	256	356	357
Z	256	384	407
Z	257	357	358
Z	257	386	408
Z	259	358	359
Z	259	387	409
Z	261	389	412
Z	264	361	362
Z	264	389	412
Z	265	362	363
Z	265	391	413
Z	267	394	415
Z	269	395	416
Z	272	364	365
Z	272	392	415
Z	273	366	367
Z	273	396	417
Z	275	367	368
Z	275	395	413
Z	277	403	421
Z	279	403	421
Z	282	376	377
Z	282	405	421
Z	283	377	378
Z	283	409	411
Z	285	388	389
Z	285	419	421
Z	287	419	421
WF	0	12	35
WF	3	48	0
WF	6	48	0
WF	7	25	15
WF	7	26	21
WF	7	27	21
WF	7	28	22
WF	7	29	22
WF	7	30	21
WF	7	31	19
WF	7	32	19
WF	7	33	19
WF	7	34	18
WF	7	35	17
WF	7	36	17
WF	7	49	23
WF	9	73	0
WF	11	73	0
WF	13	74	11
WF	15	86	0
WF	17	62	0
WF	17	63	0
WF	17	85	0
WF	19	63	2
WF	19	64	2
WF	19	65	1
WF	19	66	1
WF	19	87	7
WF	21	95	0
WF	23	95	0
WF	25	72	4
WF	25	73	4
WF	25	96	6
WF	27	103	0
WF	29	103	0
WF	31	80	14
WF	31	81	17
WF	31	82	17
WF	31	83	16
WF	31	84	15
WF	31	85	14
WF	31	86	14
WF	31	87	14
WF	31	88	14
WF	31	89	14
WF	31	90	15
WF	31	91	15
WF	31	104	67
WF	33	172	0
WF	35	172	0
WF	37	158	18
WF	37	159	18
WF	37	160	17
WF	37	173	18
WF	39	168	0
WF	39	169	0
WF	39	174	0
WF	39	175	0
WF	39	176	0
WF	39	192	0
WF	42	175	0
WF	42	176	0
WF	42	192	0
WF	43	169	13
WF	43	170	14
WF	43	171	17
WF	43	172	18
WF	43	173	18
WF	43	174	18
WF	43	175	17
WF	43	176	16
WF	43	177	15
WF	43	178	14
WF	43	179	14
WF	43	180	13
WF	43	193	23
WF	45	217	0
WF	47	217	0
WF	49	218	2
WF	51	221	0
WF	54	220	0
WF	55	198	12
WF	55	199	15
WF	55	200	18
WF	55	201	18
WF	55	202	21
WF	55	203	21
WF	55	204	20
WF	55	205	19
WF	55	206	18
WF	55	207	19
WF	55	208	19
WF	55	209	18
WF	55	222	23
WF	57	246	0
WF	59	245	9
WF	59	246	4
WF	61	256	3
WF	63	236	11
WF	63	237	11
WF	63	238	11
WF	63	258	12
WF	63	259	6
WF	63	260	0
WF	65	271	0
WF	69	251	2
WF	69	252	4
WF	69	253	4
WF	69	254	4
WF	69	270	6
WF	69	271	4
WF	69	272	0
WF	71	277	0
WF	73	264	0
WF	73	278	0
WF	76	262	0
WF	76	263	0
WF	76	264	0
WF	76	278	0
WF	77	263	1
WF	77	264	1
WF	77	265	1
WF	77	266	3
WF	77	267	3
WF	77	268	3
WF	77	269	3
WF	77	278	3
WF	79	281	1
WF	79	282	0
WF	82	282	1
WF	83	283	2
WF	86	276	2
WF	86	277	2
WF	86	278	4
WF	86	279	4
WF	86	280	9
WF	86	281	9
WF	86	282	9
WF	86	283	8
WF	86	284	7
WF	86	285	1
WF	87	260	6
WF	89	266	0
WF	92	267	0
WF	93	268	6
WF	95	274	0
WF	98	274	0
WF	99	276	2
WF	101	259	0
WF	101	279	0
WF	104	278	0
WF	105	256	0
WF	105	280	4
WF	107	262	0
WF	107	263	0
WF	107	264	0
WF	107	265	0
WF	107	266	0
WF	107	267	0
WF	107	285	0
WF	110	262	0
WF	110	263	0
WF	110	265	0
WF	111	264	0
WF	111	265	0
WF	111	266	0
WF	111	267	0
WF	111	286	0
WF	113	287	1
WF	116	287	1
WF	117	289	1
WF	119	291	0
WF	122	290	0
WF	123	268	2
WF	123	269	2
WF	123	292	2
WF	125	294	0
WF	128	295	0
WF	129	273	0
WF	129	274	0
WF	129	296	2
WF	131	299	0
WF	134	298	0
WF	135	276	2
WF	135	300	2
WF	138	280	0
WF	138	303	1
WF	139	303	8
WF	139	304	2
WF	141	288	0
WF	141	289	0
WF	141	290	0
WF	141	312	0
WF	144	288	0
WF	144	289	0
WF	144	290	0
WF	144	312	0
WF	145	290	3
WF	145	291	3
WF	145	292	3
WF	145	293	2
WF	145	313	6
WF	147	320	0
WF	150	320	1
WF	151	320	0
WF	153	321	0
WF	155	322	3
WF	157	305	1
WF	157	325	1
WF	157	326	0
WF	160	302	1
WF	160	303	1
WF	160	304	1
WF	160	325	1
WF	160	326	0
WF	161	304	1
WF	161	327	2
WF	163	276	1
WF	163	277	1
WF	163	278	4
WF	163	279	4
WF	163	280	4
WF	163	286	4
WF	163	328	4
WF	163	329	3
WF	163	330	1
WF	165	290	4
WF	165	312	1
WF	165	313	1
WF	165	336	4
WF	167	294	0
WF	167	322	0
WF	167	341	0
WF	170	294	0
WF	170	319	0
WF	170	320	0
WF	170	321	0
WF	170	341	0
WF	171	290	11
WF	171	291	11
WF	171	295	13
WF	171	296	6
WF	171	318	12
WF	171	319	12
WF	171	320	12
WF	171	342	13
WF	173	308	0
WF	173	338	0
WF	173	356	0
WF	176	309	0
WF	176	355	0
WF	177	277	0
WF	177	309	0
WF	177	357	0
WF	179	262	0
WF	179	263	0
WF	179	264	0
WF	179	278	0
WF	179	307	0
WF	179	308	0
WF	179	309	0
WF	179	336	0
WF	179	358	0
WF	182	264	0
WF	182	278	0
WF	182	307	0
WF	182	308	0
WF	182	336	0
WF	182	337	0
WF	182	338	0
WF	182	358	0
WF	183	263	1
WF	183	264	1
WF	183	265	1
WF	183	278	2
WF	183	311	2
WF	183	338	2
WF	183	339	2
WF	183	340	2
WF	183	341	2
WF	183	342	2
WF	183	359	2
WF	185	269	0
WF	185	270	0
WF	185	281	0
WF	185	314	0
WF	185	362	0
WF	188	281	1
WF	188	282	0
WF	188	361	1
WF	188	362	0
WF	190	269	0
WF	190	270	0
WF	190	280	0
WF	190	312	0
WF	190	313	0
WF	190	362	0
WF	191	271	1
WF	191	272	1
WF	191	273	1
WF	191	274	0
WF	191	282	1
WF	191	313	0
WF	191	314	0
WF	191	363	1
WF	193	283	2
WF	193	317	2
WF	193	365	2
WF	195	285	0
WF	195	318	0
WF	195	319	0
WF	195	368	0
WF	198	286	0
WF	198	368	0
WF	199	277	1
WF	199	278	1
WF	199	279	3
WF	199	280	3
WF	199	281	3
WF	199	287	3
WF	199	321	3
WF	199	369	3
WF	201	289	0
WF	201	290	0
WF	201	373	0
WF	204	289	0
WF	204	290	0
WF	204	323	0
WF	204	324	0
WF	204	372	0
WF	205	285	1
WF	205	291	1
WF	205	326	1
WF	205	350	1
WF	205	351	1
WF	205	352	1
WF	205	374	1
WF	207	287	2
WF	207	288	2
WF	207	289	2
WF	207	292	2
WF	207	326	0
WF	207	327	0
WF	207	376	2
WF	210	293	0
WF	210	376	0
WF	211	289	1
WF	211	290	1
WF	211	294	8
WF	211	295	0
WF	211	329	8
WF	211	353	3
WF	211	354	3
WF	211	355	2
WF	211	379	8
WF	213	336	0
WF	213	337	0
WF	213	387	0
WF	216	302	0
WF	216	387	0
WF	217	298	3
WF	217	299	3
WF	217	300	2
WF	217	303	5
WF	217	304	0
WF	217	339	5
WF	217	363	3
WF	217	364	5
WF	217	365	5
WF	217	389	5
WF	219	309	0
WF	219	343	0
WF	219	344	0
WF	219	372	0
WF	219	373	0
WF	219	394	0
WF	222	308	0
WF	222	372	0
WF	222	394	0
WF	223	306	1
WF	223	307	1
WF	223	308	1
WF	223	309	0
WF	223	346	4
WF	223	372	3
WF	223	373	4
WF	223	374	4
WF	223	375	4
WF	223	376	3
WF	223	396	4
WF	225	349	0
WF	225	350	0
WF	225	401	0
WF	228	401	0
WF	229	350	5
WF	229	351	5
WF	229	352	4
WF	229	402	8
WF	231	411	0
WF	233	412	0
WF	236	411	0
WF	238	412	0
WF	239	389	1
WF	239	390	1
WF	239	413	2
WF	241	416	0
WF	244	394	0
WF	244	395	0
WF	244	416	0
WF	245	393	5
WF	245	394	5
WF	245	395	5
WF	245	396	4
WF	245	399	0
WF	245	400	0
WF	245	401	19
WF	245	404	16
WF	245	406	14
WF	245	407	13
WF	245	408	12
WF	245	409	11
WF	245	410	10
WF	245	411	9
WF	245	414	5
WF	245	415	5
WF	245	416	4
WF	245	417	3
WF	247	349	0
WF	247	350	0
WF	247	401	0
WF	249	352	4
WF	249	378	4
WF	249	379	4
WF	249	402	4
WF	249	417	3
WF	251	355	0
WF	251	356	0
WF	251	407	0
WF	254	385	0
WF	254	386	0
WF	254	408	0
WF	256	407	0
WF	257	408	0
WF	259	359	2
WF	259	386	0
WF	259	409	2
WF	261	360	0
WF	261	361	0
WF	261	412	0
WF	264	412	0
WF	265	363	1
WF	265	389	1
WF	265	390	1
WF	265	413	1
WF	267	363	0
WF	267	364	0
WF	267	415	0
WF	269	394	0
WF	269	416	0
WF	272	415	1
WF	273	394	0
WF	273	395	0
WF	273	417	0
WF	275	368	8
WF	275	394	2
WF	275	413	6
WF	275	414	5
WF	275	415	4
WF	275	416	3
WF	275	417	2
WF	277	375	0
WF	277	376	0
WF	279	375	0
WF	279	376	0
WF	283	402	3
WF	283	403	5
WF	283	404	5
WF	283	405	8
WF	283	406	8
WF	283	407	8
WF	283	408	8
WF	283	412	8
WF	283	413	7
WF	283	414	6
WF	283	415	5
WF	285	389	0
WF	287	388	0
WF	287	389	0
WF	65535	417	3
[gfa_ed_step] dist=13, n=558, n_intv=245, n_tb=0
Z	0	-1	13
Z	3	36	49
Z	6	34	49
Z	7	27	30
Z	7	37	50
Z	9	52	54
Z	9	61	74
Z	11	59	74
Z	13	50	75
Z	15	63	87
Z	17	61	87
Z	19	67	88
Z	21	74	96
Z	23	74	96
Z	25	74	97
Z	27	80	104
Z	29	82	104
Z	31	92	105
Z	33	160	173
Z	35	158	173
Z	37	149	174
Z	39	167	177
Z	39	178	193
Z	42	169	177
Z	42	178	193
Z	43	181	194
Z	45	205	218
Z	47	203	218
Z	49	202	219
Z	51	206	222
Z	54	204	221
Z	55	202	204
Z	55	210	223
Z	57	232	247
Z	59	234	246
Z	61	244	257
Z	63	235	237
Z	63	239	259
Z	65	251	272
Z	67	251	271
Z	69	255	271
Z	71	261	278
Z	73	263	279
Z	76	261	279
Z	77	265	279
Z	79	272	283
Z	82	275	283
Z	83	274	285
Z	87	248	261
Z	89	255	267
Z	92	253	268
Z	93	248	269
Z	95	256	275
Z	98	254	275
Z	99	253	277
Z	101	255	280
Z	104	255	280
Z	105	257	281
Z	107	261	286
Z	110	261	285
Z	111	263	287
Z	113	267	288
Z	116	265	266
Z	116	267	288
Z	117	267	290
Z	119	270	292
Z	122	268	291
Z	123	267	293
Z	125	272	295
Z	128	271	296
Z	129	272	274
Z	129	275	297
Z	131	277	300
Z	134	279	300
Z	135	275	301
Z	138	281	304
Z	139	279	304
Z	141	287	313
Z	144	287	313
Z	145	294	314
Z	147	300	321
Z	150	299	321
Z	151	300	321
Z	153	302	322
Z	155	299	323
Z	157	302	326
Z	160	301	326
Z	161	305	328
Z	163	277	287
Z	163	308	329
Z	165	287	291
Z	165	314	337
Z	167	292	295
Z	167	320	323
Z	167	324	342
Z	170	290	295
Z	170	318	342
Z	171	292	296
Z	171	319	343
Z	173	305	310
Z	173	334	357
Z	176	307	310
Z	176	336	356
Z	177	261	278
Z	177	306	311
Z	177	335	358
Z	179	261	279
Z	179	306	310
Z	179	311	312
Z	179	335	359
Z	182	263	279
Z	182	306	310
Z	182	335	359
Z	183	266	279
Z	183	310	312
Z	183	337	360
Z	185	268	282
Z	185	313	315
Z	185	344	363
Z	188	272	283
Z	188	314	315
Z	188	344	362
Z	190	268	281
Z	190	311	314
Z	190	342	344
Z	190	345	346
Z	190	347	363
Z	191	270	274
Z	191	275	283
Z	191	346	364
Z	193	274	285
Z	193	316	318
Z	193	347	366
Z	195	278	286
Z	195	317	320
Z	195	350	369
Z	198	276	287
Z	198	319	320
Z	198	348	369
Z	199	277	288
Z	199	320	322
Z	199	347	370
Z	201	284	285
Z	201	287	291
Z	201	324	325
Z	201	350	374
Z	204	283	284
Z	204	285	291
Z	204	322	325
Z	204	350	373
Z	205	284	292
Z	205	325	327
Z	205	349	375
Z	207	286	293
Z	207	354	377
Z	210	289	294
Z	210	327	329
Z	210	354	377
Z	211	291	295
Z	211	328	330
Z	211	356	380
Z	213	298	303
Z	213	335	338
Z	213	366	388
Z	216	298	303
Z	216	337	338
Z	216	364	388
Z	217	301	304
Z	217	338	340
Z	217	363	390
Z	219	307	310
Z	219	342	345
Z	219	371	374
Z	219	375	395
Z	222	305	310
Z	222	344	345
Z	222	371	377
Z	222	378	395
Z	223	307	309
Z	223	345	347
Z	223	372	376
Z	223	377	397
Z	225	348	351
Z	225	379	380
Z	225	381	385
Z	225	386	402
Z	228	313	314
Z	228	350	351
Z	228	378	379
Z	228	381	402
Z	229	350	352
Z	229	381	403
Z	231	360	361
Z	231	389	412
Z	233	389	413
Z	236	391	412
Z	238	361	362
Z	238	389	413
Z	239	391	414
Z	241	394	417
Z	244	393	417
Z	245	397	399
Z	247	348	351
Z	247	379	380
Z	247	381	385
Z	247	386	402
Z	247	419	421
Z	249	351	353
Z	249	377	403
Z	251	354	357
Z	251	384	408
Z	254	384	409
Z	256	356	357
Z	256	384	408
Z	257	357	358
Z	257	386	409
Z	259	358	360
Z	259	385	410
Z	261	359	362
Z	261	389	413
Z	264	361	362
Z	264	389	413
Z	265	362	364
Z	265	388	414
Z	267	362	365
Z	267	394	416
Z	269	393	417
Z	272	364	365
Z	272	391	416
Z	273	366	367
Z	273	393	418
Z	275	367	369
Z	275	395	413
Z	277	374	377
Z	277	403	421
Z	279	374	378
Z	279	403	421
Z	282	376	377
Z	282	405	421
Z	283	377	378
Z	283	409	411
Z	285	388	390
Z	285	419	421
Z	287	387	390
Z	287	419	421
WF	0	13	35
WF	3	49	0
WF	6	49	0
WF	7	24	16
WF	7	25	22
WF	7	26	22
WF	7	30	23
WF	7	31	21
WF	7	32	20
WF	7	33	20
WF	7	34	19
WF	7	35	21
WF	7	36	21
WF	7	50	23
WF	9	74	0
WF	11	51	0
WF	11	52	0
WF	11	53	0
WF	11	74	0
WF	13	75	11
WF	15	87	0
WF	17	87	0
WF	19	62	4
WF	19	63	4
WF	19	64	4
WF	19	65	3
WF	19	66	3
WF	19	88	7
WF	21	96	0
WF	23	96	0
WF	25	71	5
WF	25	72	5
WF	25	73	5
WF	25	97	6
WF	27	104	0
WF	29	104	0
WF	31	79	15
WF	31	80	18
WF	31	81	18
WF	31	82	18
WF	31	83	18
WF	31	84	17
WF	31	85	16
WF	31	86	15
WF	31	87	15
WF	31	88	15
WF	31	89	16
WF	31	90	16
WF	31	91	16
WF	31	105	67
WF	33	173	0
WF	35	173	0
WF	37	174	18
WF	39	177	0
WF	39	193	0
WF	42	177	0
WF	42	193	0
WF	43	168	16
WF	43	169	16
WF	43	170	18
WF	43	171	20
WF	43	172	20
WF	43	173	19
WF	43	174	19
WF	43	175	19
WF	43	176	18
WF	43	177	17
WF	43	178	16
WF	43	179	15
WF	43	180	14
WF	43	194	23
WF	45	218	0
WF	47	218	0
WF	49	219	2
WF	51	222	0
WF	54	221	0
WF	55	197	13
WF	55	198	16
WF	55	199	19
WF	55	200	19
WF	55	201	23
WF	55	204	23
WF	55	205	20
WF	55	206	20
WF	55	207	22
WF	55	208	22
WF	55	209	22
WF	55	223	23
WF	57	226	0
WF	57	227	0
WF	57	247	0
WF	59	226	0
WF	59	227	0
WF	59	246	9
WF	59	247	4
WF	61	257	3
WF	63	237	12
WF	63	238	12
WF	63	259	12
WF	63	260	6
WF	63	261	0
WF	65	248	0
WF	65	249	0
WF	65	272	0
WF	67	248	0
WF	67	249	0
WF	67	271	0
WF	69	250	3
WF	69	251	5
WF	69	252	5
WF	69	253	6
WF	69	254	6
WF	69	271	6
WF	69	272	4
WF	69	273	0
WF	71	278	0
WF	73	279	0
WF	76	279	0
WF	77	262	2
WF	77	263	2
WF	77	264	2
WF	77	279	3
WF	79	269	1
WF	79	270	1
WF	79	271	0
WF	79	283	1
WF	82	269	0
WF	82	270	0
WF	82	271	1
WF	82	272	1
WF	82	273	1
WF	82	274	0
WF	82	283	1
WF	83	285	2
WF	86	275	3
WF	86	276	5
WF	86	277	5
WF	86	278	8
WF	86	279	10
WF	86	280	10
WF	86	281	10
WF	86	282	12
WF	86	283	12
WF	86	284	11
WF	86	285	7
WF	86	286	4
WF	86	287	0
WF	87	261	6
WF	89	267	0
WF	92	268	0
WF	93	269	6
WF	95	275	0
WF	98	275	0
WF	99	277	2
WF	101	280	0
WF	104	280	0
WF	105	255	1
WF	105	256	1
WF	105	281	4
WF	107	286	0
WF	110	285	0
WF	111	262	0
WF	111	287	0
WF	113	264	0
WF	113	265	0
WF	113	266	0
WF	113	288	1
WF	116	266	1
WF	116	288	1
WF	117	266	0
WF	117	290	1
WF	119	292	0
WF	122	291	0
WF	123	293	2
WF	125	270	0
WF	125	271	0
WF	125	295	0
WF	128	296	0
WF	129	271	0
WF	129	274	2
WF	129	297	2
WF	131	275	0
WF	131	276	0
WF	131	300	0
WF	134	275	0
WF	134	276	0
WF	134	300	0
WF	135	301	2
WF	138	278	1
WF	138	279	1
WF	138	280	1
WF	138	304	1
WF	139	278	0
WF	139	304	8
WF	139	305	2
WF	141	313	0
WF	144	313	0
WF	145	288	0
WF	145	289	4
WF	145	290	4
WF	145	291	6
WF	145	292	6
WF	145	293	5
WF	145	314	6
WF	147	321	0
WF	150	321	1
WF	151	321	0
WF	153	322	0
WF	155	323	3
WF	157	326	1
WF	157	327	0
WF	160	326	1
WF	160	327	0
WF	161	303	2
WF	161	304	2
WF	161	328	2
WF	163	275	2
WF	163	276	2
WF	163	287	4
WF	163	329	4
WF	163	330	3
WF	163	331	1
WF	165	282	0
WF	165	283	3
WF	165	284	3
WF	165	285	2
WF	165	291	4
WF	165	311	2
WF	165	312	2
WF	165	313	2
WF	165	337	4
WF	167	295	0
WF	167	323	0
WF	167	342	0
WF	170	295	0
WF	170	342	0
WF	171	289	12
WF	171	290	13
WF	171	291	13
WF	171	296	13
WF	171	297	6
WF	171	317	13
WF	171	318	13
WF	171	343	13
WF	173	333	0
WF	173	357	0
WF	176	310	0
WF	176	333	0
WF	176	334	0
WF	176	356	0
WF	177	278	0
WF	177	311	0
WF	177	358	0
WF	179	279	0
WF	179	310	0
WF	179	312	0
WF	179	359	0
WF	182	279	0
WF	182	310	0
WF	182	311	0
WF	182	359	0
WF	183	262	2
WF	183	263	2
WF	183	264	2
WF	183	265	2
WF	183	279	2
WF	183	307	0
WF	183	308	0
WF	183	309	0
WF	183	312	2
WF	183	336	0
WF	183	360	2
WF	185	282	0
WF	185	315	0
WF	185	340	0
WF	185	341	0
WF	185	342	0
WF	185	343	0
WF	185	363	0
WF	188	269	1
WF	188	270	1
WF	188	271	0
WF	188	283	1
WF	188	315	1
WF	188	316	0
WF	188	362	1
WF	188	363	0
WF	190	281	0
WF	190	314	0
WF	190	340	0
WF	190	341	0
WF	190	344	0
WF	190	363	0
WF	191	269	0
WF	191	274	1
WF	191	283	1
WF	191	312	1
WF	191	313	1
WF	191	314	1
WF	191	315	0
WF	191	342	0
WF	191	343	0
WF	191	344	0
WF	191	345	1
WF	191	364	1
WF	193	272	0
WF	193	273	0
WF	193	285	2
WF	193	318	2
WF	193	366	2
WF	195	286	0
WF	195	287	0
WF	195	320	0
WF	195	369	0
WF	198	287	0
WF	198	320	0
WF	198	369	0
WF	199	276	2
WF	199	288	3
WF	199	318	0
WF	199	319	0
WF	199	322	3
WF	199	370	3
WF	201	281	0
WF	201	282	0
WF	201	283	0
WF	201	285	0
WF	201	291	0
WF	201	325	0
WF	201	374	0
WF	204	281	0
WF	204	282	0
WF	204	284	0
WF	204	291	0
WF	204	325	0
WF	204	373	0
WF	205	283	0
WF	205	292	1
WF	205	323	0
WF	205	324	0
WF	205	327	1
WF	205	375	1
WF	207	293	2
WF	207	294	0
WF	207	325	1
WF	207	326	1
WF	207	327	1
WF	207	328	0
WF	207	351	2
WF	207	352	2
WF	207	353	1
WF	207	377	2
WF	210	286	0
WF	210	287	0
WF	210	294	0
WF	210	329	0
WF	210	351	0
WF	210	352	0
WF	210	353	0
WF	210	377	0
WF	211	288	2
WF	211	289	2
WF	211	290	2
WF	211	295	8
WF	211	296	1
WF	211	330	8
WF	211	352	4
WF	211	353	4
WF	211	354	4
WF	211	355	3
WF	211	380	8
WF	213	303	0
WF	213	338	0
WF	213	388	0
WF	216	303	0
WF	216	338	0
WF	216	388	0
WF	217	297	4
WF	217	298	5
WF	217	299	5
WF	217	300	4
WF	217	304	5
WF	217	305	0
WF	217	336	0
WF	217	337	0
WF	217	340	5
WF	217	362	4
WF	217	390	5
WF	219	310	0
WF	219	345	0
WF	219	369	0
WF	219	370	0
WF	219	374	0
WF	219	395	0
WF	222	345	0
WF	222	369	0
WF	222	370	0
WF	222	395	0
WF	223	305	2
WF	223	306	2
WF	223	309	4
WF	223	310	2
WF	223	311	1
WF	223	343	0
WF	223	344	0
WF	223	347	4
WF	223	371	4
WF	223	376	4
WF	223	397	4
WF	225	312	0
WF	225	313	0
WF	225	351	0
WF	225	377	0
WF	225	378	0
WF	225	380	0
WF	225	402	0
WF	228	314	0
WF	228	351	0
WF	228	379	0
WF	228	380	0
WF	228	402	0
WF	229	313	0
WF	229	314	0
WF	229	349	6
WF	229	352	8
WF	229	353	4
WF	229	378	0
WF	229	379	0
WF	229	380	0
WF	229	403	8
WF	231	361	0
WF	231	412	0
WF	233	360	0
WF	233	361	0
WF	233	413	0
WF	236	359	0
WF	236	360	0
WF	236	412	0
WF	238	413	0
WF	239	361	2
WF	239	362	2
WF	239	363	1
WF	239	388	2
WF	239	389	2
WF	239	390	2
WF	239	414	2
WF	241	417	0
WF	244	417	0
WF	245	392	6
WF	245	393	6
WF	245	394	6
WF	245	395	6
WF	245	396	5
WF	245	399	2
WF	245	400	20
WF	245	403	17
WF	245	405	15
WF	245	406	14
WF	245	407	13
WF	245	408	12
WF	245	409	11
WF	245	410	10
WF	245	413	7
WF	245	414	6
WF	245	415	5
WF	245	416	4
WF	245	417	1
WF	245	418	0
WF	247	312	0
WF	247	313	0
WF	247	351	0
WF	247	377	0
WF	247	378	0
WF	247	380	0
WF	247	402	0
WF	249	313	0
WF	249	314	0
WF	249	349	0
WF	249	350	0
WF	249	353	4
WF	249	403	4
WF	249	416	4
WF	251	357	0
WF	251	382	0
WF	251	383	0
WF	251	408	0
WF	254	355	0
WF	254	356	0
WF	254	357	0
WF	254	409	0
WF	256	357	0
WF	256	382	0
WF	256	383	0
WF	256	408	0
WF	257	355	0
WF	257	356	0
WF	257	409	0
WF	259	360	2
WF	259	410	2
WF	261	362	0
WF	261	388	0
WF	261	413	0
WF	264	362	0
WF	264	413	0
WF	265	360	0
WF	265	361	0
WF	265	364	1
WF	265	414	1
WF	267	365	0
WF	267	390	0
WF	267	391	0
WF	267	392	0
WF	267	416	0
WF	269	363	0
WF	269	364	0
WF	269	365	0
WF	269	417	0
WF	272	365	0
WF	272	416	1
WF	273	392	0
WF	273	418	0
WF	275	363	0
WF	275	364	0
WF	275	365	0
WF	275	369	8
WF	275	393	3
WF	275	394	3
WF	275	413	7
WF	275	414	6
WF	275	415	0
WF	275	416	0
WF	275	417	3
WF	275	418	2
WF	277	377	0
WF	279	378	0
WF	282	377	0
WF	283	375	0
WF	283	376	0
WF	283	378	0
WF	283	401	4
WF	283	402	6
WF	283	403	6
WF	283	404	9
WF	283	405	9
WF	283	406	10
WF	283	407	10
WF	283	408	9
WF	283	411	9
WF	283	412	8
WF	283	413	7
WF	283	414	6
WF	285	390	0
WF	287	390	0
WF	65535	388	0
WF	65535	389	10
WF	65535	390	10
WF	65535	391	9
WF	65535	416	4
[gfa_ed_step] dist=14, n=613, n_intv=268, n_tb=0
Z	0	-1	14
Z	3	36	50
Z	6	34	50
Z	7	24	31
Z	7	37	51
Z	9	49	50
Z	9	52	54
Z	9	61	75
Z	11	50	54
Z	11	59	75
Z	13	50	76
Z	15	63	88
Z	17	61	88
Z	19	67	89
Z	21	74	97
Z	23	74	97
Z	25	74	98
Z	27	80	105
Z	29	82	105
Z	31	92	106
Z	33	160	174
Z	35	158	174
Z	37	149	175
Z	39	167	194
Z	42	169	194
Z	43	181	195
Z	45	205	219
Z	47	203	219
Z	49	202	220
Z	51	206	223
Z	54	204	222
Z	55	200	205
Z	55	206	209
Z	55	210	224
Z	57	225	228
Z	57	232	248
Z	59	234	247
Z	61	244	258
Z	63	235	260
Z	65	247	250
Z	65	251	273
Z	67	247	250
Z	67	251	272
Z	69	252	272
Z	71	260	279
Z	73	263	280
Z	76	261	280
Z	77	261	263
Z	77	265	280
Z	79	268	271
Z	79	272	284
Z	82	270	274
Z	82	275	284
Z	83	271	272
Z	83	274	286
Z	87	248	262
Z	89	255	268
Z	92	253	269
Z	93	248	270
Z	95	256	277
Z	98	254	276
Z	99	253	278
Z	101	255	281
Z	104	255	281
Z	105	257	282
Z	107	261	287
Z	110	261	286
Z	111	261	288
Z	113	263	265
Z	113	267	289
Z	116	263	264
Z	116	265	289
Z	117	267	291
Z	119	270	293
Z	122	268	293
Z	123	267	294
Z	125	269	296
Z	128	271	297
Z	129	270	298
Z	131	274	301
Z	134	274	277
Z	134	279	301
Z	135	275	302
Z	138	277	305
Z	139	279	305
Z	141	287	314
Z	144	287	314
Z	145	290	315
Z	147	299	322
Z	150	299	322
Z	151	300	322
Z	153	302	323
Z	155	299	324
Z	157	302	327
Z	160	301	327
Z	161	302	329
Z	163	277	288
Z	163	308	330
Z	165	283	286
Z	165	287	292
Z	165	314	338
Z	167	292	297
Z	167	320	343
Z	170	290	296
Z	170	318	343
Z	171	289	297
Z	171	316	344
Z	173	305	310
Z	173	332	358
Z	176	304	305
Z	176	307	311
Z	176	332	335
Z	176	336	357
Z	177	260	279
Z	177	305	312
Z	177	333	359
Z	179	261	280
Z	179	306	313
Z	179	335	360
Z	182	263	280
Z	182	306	312
Z	182	335	360
Z	183	261	280
Z	183	310	313
Z	183	337	361
Z	185	265	266
Z	185	268	283
Z	185	313	316
Z	185	339	364
Z	188	268	271
Z	188	272	284
Z	188	314	316
Z	188	344	363
Z	190	266	282
Z	190	311	315
Z	190	339	346
Z	190	347	364
Z	191	270	284
Z	191	311	315
Z	191	342	365
Z	193	271	286
Z	193	316	319
Z	193	347	367
Z	195	276	277
Z	195	278	288
Z	195	317	321
Z	195	350	370
Z	198	274	289
Z	198	319	321
Z	198	348	370
Z	199	277	289
Z	199	320	323
Z	199	347	371
Z	201	280	286
Z	201	287	293
Z	201	324	326
Z	201	350	375
Z	204	280	292
Z	204	322	326
Z	204	350	374
Z	205	284	293
Z	205	323	328
Z	205	349	376
Z	207	286	294
Z	207	327	329
Z	207	350	353
Z	207	354	378
Z	210	285	288
Z	210	289	295
Z	210	326	330
Z	210	350	378
Z	211	291	296
Z	211	328	331
Z	211	356	381
Z	213	298	304
Z	213	335	340
Z	213	366	389
Z	216	298	305
Z	216	337	339
Z	216	364	389
Z	217	297	305
Z	217	338	341
Z	217	363	391
Z	219	304	305
Z	219	307	311
Z	219	342	346
Z	219	368	396
Z	222	305	310
Z	222	344	346
Z	222	368	377
Z	222	378	396
Z	223	307	310
Z	223	345	348
Z	223	370	398
Z	225	311	314
Z	225	348	352
Z	225	376	385
Z	225	386	403
Z	228	313	315
Z	228	350	353
Z	228	376	377
Z	228	378	403
Z	229	350	353
Z	229	381	404
Z	231	360	362
Z	231	389	413
Z	233	359	362
Z	233	389	414
Z	236	358	361
Z	236	391	413
Z	238	361	362
Z	238	389	414
Z	239	360	363
Z	239	387	415
Z	241	394	418
Z	244	365	366
Z	244	392	418
Z	245	397	399
Z	247	311	314
Z	247	348	352
Z	247	376	385
Z	247	386	403
Z	247	419	421
Z	249	351	354
Z	249	377	404
Z	249	415	417
Z	251	354	358
Z	251	381	409
Z	254	354	358
Z	254	383	410
Z	256	356	358
Z	256	381	409
Z	257	354	359
Z	257	384	385
Z	257	386	410
Z	259	358	361
Z	259	385	411
Z	261	359	363
Z	261	387	414
Z	264	361	363
Z	264	389	414
Z	265	360	365
Z	265	388	415
Z	267	362	366
Z	267	389	393
Z	267	394	417
Z	269	362	366
Z	269	393	418
Z	272	364	365
Z	272	391	417
Z	273	364	365
Z	273	366	367
Z	273	391	419
Z	275	367	370
Z	275	395	413
Z	277	374	378
Z	277	403	421
Z	279	374	379
Z	279	403	421
Z	282	376	379
Z	282	405	421
Z	283	377	378
Z	283	405	408
Z	283	409	411
Z	285	388	391
Z	285	419	421
Z	287	387	392
Z	287	419	421
WF	0	14	35
WF	3	50	0
WF	6	50	0
WF	7	23	18
WF	7	31	23
WF	7	32	21
WF	7	33	21
WF	7	34	23
WF	7	35	23
WF	7	36	22
WF	7	51	23
WF	9	50	0
WF	9	54	0
WF	9	75	0
WF	11	48	0
WF	11	49	0
WF	11	54	0
WF	11	75	0
WF	13	49	0
WF	13	76	11
WF	15	88	0
WF	17	88	0
WF	19	61	6
WF	19	62	6
WF	19	63	5
WF	19	64	5
WF	19	65	5
WF	19	66	4
WF	19	89	7
WF	21	97	0
WF	23	97	0
WF	25	70	6
WF	25	71	6
WF	25	72	6
WF	25	73	6
WF	25	98	6
WF	27	105	0
WF	29	105	0
WF	31	78	16
WF	31	79	21
WF	31	80	21
WF	31	81	20
WF	31	82	21
WF	31	83	21
WF	31	84	20
WF	31	85	17
WF	31	86	17
WF	31	87	17
WF	31	88	17
WF	31	89	17
WF	31	90	18
WF	31	91	18
WF	31	106	67
WF	33	174	0
WF	35	174	0
WF	37	175	18
WF	39	194	0
WF	42	194	0
WF	43	167	18
WF	43	168	18
WF	43	169	19
WF	43	170	21
WF	43	171	22
WF	43	172	22
WF	43	173	21
WF	43	174	23
WF	43	175	23
WF	43	176	22
WF	43	177	18
WF	43	178	17
WF	43	179	16
WF	43	180	15
WF	43	195	23
WF	45	219	0
WF	47	219	0
WF	49	220	2
WF	51	223	0
WF	54	222	0
WF	55	196	14
WF	55	197	17
WF	55	198	20
WF	55	199	20
WF	55	205	23
WF	55	209	23
WF	55	224	23
WF	57	224	0
WF	57	228	0
WF	57	230	0
WF	57	231	0
WF	57	248	0
WF	59	224	1
WF	59	225	2
WF	59	226	2
WF	59	227	1
WF	59	228	0
WF	59	230	0
WF	59	231	1
WF	59	232	1
WF	59	233	0
WF	59	247	9
WF	59	248	4
WF	59	249	0
WF	61	258	3
WF	63	260	12
WF	63	261	6
WF	63	262	0
WF	65	250	0
WF	65	273	0
WF	67	250	0
WF	67	272	0
WF	69	248	0
WF	69	249	4
WF	69	250	6
WF	69	251	6
WF	69	272	6
WF	69	273	4
WF	69	274	0
WF	71	279	0
WF	73	260	0
WF	73	261	0
WF	73	262	0
WF	73	280	0
WF	76	260	0
WF	76	280	0
WF	77	263	3
WF	77	264	3
WF	77	280	3
WF	79	265	0
WF	79	266	0
WF	79	271	1
WF	79	284	1
WF	82	265	0
WF	82	266	0
WF	82	268	1
WF	82	269	1
WF	82	274	1
WF	82	284	1
WF	83	272	2
WF	83	273	0
WF	83	286	2
WF	86	273	0
WF	86	274	4
WF	86	275	7
WF	86	276	7
WF	86	277	10
WF	86	278	12
WF	86	279	20
WF	86	280	20
WF	86	281	19
WF	86	282	14
WF	86	283	13
WF	86	284	13
WF	86	285	12
WF	86	286	8
WF	86	287	4
WF	86	288	0
WF	87	262	6
WF	89	268	0
WF	92	269	0
WF	93	270	6
WF	95	277	0
WF	98	276	0
WF	99	278	2
WF	101	281	0
WF	104	281	0
WF	105	254	2
WF	105	255	2
WF	105	256	2
WF	105	282	4
WF	107	287	0
WF	110	286	0
WF	111	288	0
WF	113	262	0
WF	113	265	1
WF	113	266	1
WF	113	289	1
WF	116	264	1
WF	116	289	1
WF	117	264	0
WF	117	265	1
WF	117	266	1
WF	117	291	1
WF	119	293	0
WF	122	293	0
WF	123	294	2
WF	125	296	0
WF	128	297	0
WF	129	298	2
WF	131	273	0
WF	131	301	0
WF	134	273	0
WF	134	277	0
WF	134	301	0
WF	135	302	2
WF	138	305	1
WF	139	277	1
WF	139	278	1
WF	139	305	8
WF	139	306	2
WF	141	314	0
WF	144	314	0
WF	145	287	1
WF	145	288	5
WF	145	289	5
WF	145	315	6
WF	147	297	0
WF	147	298	0
WF	147	322	0
WF	150	297	1
WF	150	298	1
WF	150	322	1
WF	151	297	0
WF	151	298	0
WF	151	299	0
WF	151	322	0
WF	153	299	0
WF	153	300	0
WF	153	323	0
WF	155	324	3
WF	157	327	1
WF	157	328	0
WF	160	327	1
WF	160	328	0
WF	161	329	2
WF	163	273	1
WF	163	274	3
WF	163	275	3
WF	163	276	3
WF	163	288	4
WF	163	289	0
WF	163	305	0
WF	163	306	0
WF	163	307	0
WF	163	330	4
WF	163	331	3
WF	163	332	2
WF	165	281	1
WF	165	282	4
WF	165	286	4
WF	165	292	4
WF	165	293	0
WF	165	310	3
WF	165	311	3
WF	165	312	3
WF	165	313	3
WF	165	338	4
WF	167	288	0
WF	167	289	0
WF	167	290	0
WF	167	297	0
WF	167	343	0
WF	170	288	0
WF	170	289	0
WF	170	296	0
WF	170	343	0
WF	171	288	13
WF	171	297	13
WF	171	298	8
WF	171	344	13
WF	173	303	0
WF	173	304	0
WF	173	310	0
WF	173	330	0
WF	173	331	0
WF	173	358	0
WF	176	305	0
WF	176	311	0
WF	176	330	0
WF	176	331	0
WF	176	335	0
WF	176	357	0
WF	177	279	0
WF	177	312	0
WF	177	359	0
WF	179	260	0
WF	179	280	0
WF	179	305	0
WF	179	313	0
WF	179	333	0
WF	179	334	0
WF	179	360	0
WF	182	260	0
WF	182	261	0
WF	182	262	0
WF	182	280	0
WF	182	305	0
WF	182	312	0
WF	182	333	0
WF	182	334	0
WF	182	360	0
WF	183	280	2
WF	183	306	1
WF	183	307	1
WF	183	308	1
WF	183	309	1
WF	183	313	2
WF	183	335	1
WF	183	336	1
WF	183	361	2
WF	185	266	0
WF	185	267	0
WF	185	283	0
WF	185	316	0
WF	185	364	0
WF	188	265	0
WF	188	266	0
WF	188	271	1
WF	188	284	1
WF	188	316	1
WF	188	317	0
WF	188	340	1
WF	188	341	1
WF	188	342	0
WF	188	343	0
WF	188	363	1
WF	188	364	0
WF	190	264	0
WF	190	265	0
WF	190	282	0
WF	190	315	0
WF	190	364	0
WF	191	265	0
WF	191	266	0
WF	191	267	0
WF	191	268	1
WF	191	269	1
WF	191	284	1
WF	191	315	1
WF	191	316	0
WF	191	340	0
WF	191	341	1
WF	191	365	1
WF	193	286	2
WF	193	313	0
WF	193	314	0
WF	193	315	0
WF	193	319	2
WF	193	344	2
WF	193	345	2
WF	193	346	1
WF	193	367	2
WF	195	273	0
WF	195	274	0
WF	195	275	0
WF	195	277	0
WF	195	288	0
WF	195	321	0
WF	195	370	0
WF	198	289	0
WF	198	321	0
WF	198	370	0
WF	199	274	0
WF	199	275	3
WF	199	276	3
WF	199	289	3
WF	199	317	1
WF	199	318	2
WF	199	319	2
WF	199	323	3
WF	199	371	3
WF	201	286	0
WF	201	293	0
WF	201	326	0
WF	201	375	0
WF	204	292	0
WF	204	326	0
WF	204	374	0
WF	205	281	1
WF	205	282	1
WF	205	283	1
WF	205	293	1
WF	205	322	1
WF	205	328	1
WF	205	376	1
WF	207	294	2
WF	207	295	0
WF	207	324	2
WF	207	325	2
WF	207	326	2
WF	207	329	2
WF	207	353	2
WF	207	378	2
WF	210	288	0
WF	210	295	0
WF	210	330	0
WF	210	378	0
WF	211	286	0
WF	211	287	4
WF	211	288	4
WF	211	289	3
WF	211	290	3
WF	211	296	8
WF	211	297	1
WF	211	326	1
WF	211	327	1
WF	211	331	8
WF	211	332	0
WF	211	351	7
WF	211	352	7
WF	211	353	6
WF	211	354	5
WF	211	355	4
WF	211	381	8
WF	213	304	0
WF	213	389	0
WF	216	339	0
WF	216	389	0
WF	217	296	5
WF	217	305	5
WF	217	306	0
WF	217	335	1
WF	217	336	1
WF	217	337	1
WF	217	341	5
WF	217	361	5
WF	217	362	5
WF	217	391	5
WF	219	305	0
WF	219	306	0
WF	219	311	0
WF	219	346	0
WF	219	396	0
WF	222	303	0
WF	222	304	0
WF	222	310	0
WF	222	346	0
WF	222	396	0
WF	223	304	3
WF	223	305	3
WF	223	306	3
WF	223	310	4
WF	223	311	2
WF	223	312	1
WF	223	342	1
WF	223	343	1
WF	223	344	1
WF	223	348	4
WF	223	369	0
WF	223	398	4
WF	225	314	0
WF	225	352	0
WF	225	375	0
WF	225	403	0
WF	228	315	0
WF	228	353	0
WF	228	377	0
WF	228	403	0
WF	229	312	1
WF	229	313	1
WF	229	314	1
WF	229	315	0
WF	229	348	7
WF	229	349	7
WF	229	353	8
WF	229	354	4
WF	229	376	0
WF	229	377	1
WF	229	378	1
WF	229	379	1
WF	229	380	1
WF	229	404	8
WF	231	362	0
WF	231	413	0
WF	233	362	0
WF	233	414	0
WF	236	361	0
WF	236	413	0
WF	238	359	0
WF	238	360	0
WF	238	362	0
WF	238	414	0
WF	239	363	2
WF	239	364	1
WF	239	415	2
WF	241	363	0
WF	241	364	0
WF	241	365	0
WF	241	390	0
WF	241	391	0
WF	241	392	0
WF	241	393	0
WF	241	418	0
WF	244	363	0
WF	244	364	0
WF	244	390	0
WF	244	391	0
WF	244	418	0
WF	245	365	10
WF	245	366	10
WF	245	367	9
WF	245	391	7
WF	245	392	7
WF	245	393	7
WF	245	394	7
WF	245	395	7
WF	245	396	6
WF	245	399	21
WF	245	402	18
WF	245	404	16
WF	245	405	15
WF	245	406	14
WF	245	407	13
WF	245	408	12
WF	245	409	11
WF	245	412	8
WF	245	413	7
WF	245	414	6
WF	245	415	5
WF	245	417	0
WF	245	418	1
WF	245	419	0
WF	247	314	0
WF	247	352	0
WF	247	375	0
WF	247	403	0
WF	249	312	1
WF	249	313	1
WF	249	314	1
WF	249	315	0
WF	249	348	2
WF	249	349	2
WF	249	350	1
WF	249	354	4
WF	249	376	0
WF	249	404	4
WF	251	358	0
WF	251	409	0
WF	251	420	0
WF	254	358	0
WF	254	410	0
WF	256	358	0
WF	256	409	0
WF	256	420	0
WF	257	359	0
WF	257	382	0
WF	257	383	0
WF	257	385	0
WF	257	410	0
WF	259	355	0
WF	259	356	1
WF	259	357	1
WF	259	361	2
WF	259	383	2
WF	259	384	2
WF	259	411	2
WF	261	363	0
WF	261	414	0
WF	264	363	0
WF	264	414	0
WF	265	359	1
WF	265	365	1
WF	265	415	1
WF	267	366	0
WF	267	393	0
WF	267	417	0
WF	269	366	0
WF	269	390	0
WF	269	391	0
WF	269	392	0
WF	269	418	0
WF	272	362	0
WF	272	363	0
WF	272	365	1
WF	272	366	1
WF	272	367	0
WF	272	417	1
WF	273	365	0
WF	273	419	0
WF	275	362	1
WF	275	363	4
WF	275	364	4
WF	275	365	3
WF	275	366	0
WF	275	370	8
WF	275	390	0
WF	275	391	0
WF	275	392	4
WF	275	393	4
WF	275	394	4
WF	275	413	7
WF	275	416	4
WF	275	417	3
WF	275	418	0
WF	275	419	0
WF	277	378	0
WF	279	379	0
WF	283	374	3
WF	283	375	3
WF	283	376	2
WF	283	378	1
WF	283	379	1
WF	283	380	0
WF	283	400	5
WF	283	401	7
WF	283	402	7
WF	283	403	10
WF	283	404	10
WF	283	408	10
WF	283	411	9
WF	283	412	8
WF	283	413	7
WF	285	391	0
WF	285	416	0
WF	285	417	0
WF	285	418	0
WF	287	392	0
WF	65535	387	1
WF	65535	388	11
WF	65535	389	14
WF	65535	390	14
WF	65535	391	13
WF	65535	392	9
WF	65535	415	5
[gfa_ed_step] dist=15, n=647, n_intv=272, n_tb=0
Z	0	-1	15
Z	3	36	51
Z	6	34	51
Z	7	24	32
Z	7	33	36
Z	7	37	52
Z	9	49	51
Z	9	52	55
Z	9	61	76
Z	11	47	55
Z	11	58	76
Z	13	50	77
Z	15	63	89
Z	17	61	89
Z	19	60	62
Z	19	67	90
Z	21	69	70
Z	21	74	98
Z	23	74	98
Z	25	69	99
Z	27	80	106
Z	29	77	78
Z	29	82	106
Z	31	92	107
Z	33	160	175
Z	35	158	175
Z	37	149	176
Z	39	167	195
Z	42	169	195
Z	43	173	177
Z	43	181	196
Z	45	205	220
Z	47	203	220
Z	49	202	221
Z	51	206	224
Z	54	204	223
Z	55	200	225
Z	57	223	249
Z	59	234	248
Z	61	244	259
Z	63	235	261
Z	65	247	274
Z	67	247	273
Z	69	249	273
Z	71	260	280
Z	73	259	281
Z	76	259	281
Z	77	261	281
Z	79	268	285
Z	82	267	285
Z	83	271	287
Z	87	248	263
Z	89	255	269
Z	92	253	270
Z	93	248	271
Z	95	256	278
Z	98	254	277
Z	99	253	279
Z	101	255	282
Z	104	255	282
Z	105	257	283
Z	107	261	288
Z	110	261	288
Z	111	261	289
Z	113	261	290
Z	116	263	290
Z	117	263	292
Z	119	270	294
Z	122	266	294
Z	123	267	295
Z	125	269	297
Z	128	271	298
Z	129	270	299
Z	131	272	302
Z	134	272	278
Z	134	279	302
Z	135	275	303
Z	138	277	306
Z	139	279	306
Z	141	287	315
Z	144	287	315
Z	145	290	316
Z	147	296	323
Z	150	296	323
Z	151	296	323
Z	153	298	301
Z	153	302	324
Z	155	299	325
Z	157	302	328
Z	160	301	328
Z	161	302	330
Z	163	275	289
Z	163	308	331
Z	165	281	293
Z	165	312	339
Z	167	287	291
Z	167	292	298
Z	167	320	344
Z	170	287	297
Z	170	318	344
Z	171	287	298
Z	171	316	345
Z	173	302	311
Z	173	329	359
Z	176	304	306
Z	176	307	312
Z	176	329	358
Z	177	260	280
Z	177	303	304
Z	177	305	313
Z	177	333	360
Z	179	259	281
Z	179	304	314
Z	179	332	361
Z	182	259	281
Z	182	304	314
Z	182	332	361
Z	183	261	281
Z	183	308	314
Z	183	337	362
Z	185	265	284
Z	185	313	317
Z	185	339	365
Z	188	268	285
Z	188	314	317
Z	188	339	342
Z	188	344	364
Z	190	263	283
Z	190	311	317
Z	190	339	346
Z	190	347	365
Z	191	267	285
Z	191	311	316
Z	191	340	366
Z	193	271	287
Z	193	316	320
Z	193	343	368
Z	195	272	289
Z	195	317	322
Z	195	350	371
Z	198	274	290
Z	198	319	323
Z	198	348	371
Z	199	274	290
Z	199	318	324
Z	199	347	372
Z	201	280	294
Z	201	324	327
Z	201	350	376
Z	204	279	293
Z	204	322	327
Z	204	350	376
Z	205	280	294
Z	205	321	329
Z	205	349	377
Z	207	286	295
Z	207	323	330
Z	207	350	379
Z	210	282	283
Z	210	285	296
Z	210	326	331
Z	210	350	379
Z	211	291	297
Z	211	328	332
Z	211	356	382
Z	213	298	305
Z	213	335	340
Z	213	366	390
Z	216	298	305
Z	216	337	340
Z	216	364	390
Z	217	295	306
Z	217	338	342
Z	217	360	392
Z	219	304	312
Z	219	342	347
Z	219	368	397
Z	222	302	311
Z	222	344	347
Z	222	368	377
Z	222	378	397
Z	223	307	311
Z	223	345	349
Z	223	370	399
Z	225	311	315
Z	225	348	354
Z	225	374	385
Z	225	386	404
Z	228	313	316
Z	228	350	354
Z	228	376	404
Z	229	313	315
Z	229	350	354
Z	229	381	405
Z	231	323	324
Z	231	360	363
Z	231	389	414
Z	233	359	363
Z	233	389	415
Z	236	358	362
Z	236	391	414
Z	238	324	325
Z	238	358	363
Z	238	389	415
Z	239	325	326
Z	239	360	364
Z	239	387	416
Z	241	362	366
Z	241	389	419
Z	244	362	366
Z	244	389	419
Z	245	397	399
Z	247	311	315
Z	247	348	354
Z	247	374	385
Z	247	386	404
Z	247	419	421
Z	249	313	315
Z	249	351	355
Z	249	377	405
Z	249	415	417
Z	251	319	320
Z	251	354	360
Z	251	381	410
Z	251	419	421
Z	254	354	359
Z	254	383	411
Z	256	356	359
Z	256	381	410
Z	256	419	421
Z	257	320	321
Z	257	354	360
Z	257	381	411
Z	259	321	322
Z	259	356	362
Z	259	382	412
Z	261	359	364
Z	261	387	415
Z	264	324	325
Z	264	361	364
Z	264	386	387
Z	264	389	415
Z	265	325	326
Z	265	358	366
Z	265	387	416
Z	267	327	328
Z	267	362	368
Z	267	389	418
Z	269	362	367
Z	269	389	419
Z	272	364	368
Z	272	391	418
Z	273	364	367
Z	273	369	370
Z	273	391	420
Z	275	328	329
Z	275	367	371
Z	275	395	413
Z	277	337	338
Z	277	374	379
Z	277	403	421
Z	279	374	380
Z	279	403	421
Z	282	376	379
Z	282	405	421
Z	283	377	378
Z	283	402	411
Z	285	388	392
Z	285	415	421
Z	287	387	393
Z	287	417	418
Z	287	419	421
WF	0	15	35
WF	3	51	0
WF	6	51	0
WF	7	22	19
WF	7	23	19
WF	7	32	23
WF	7	36	23
WF	7	52	23
WF	9	51	0
WF	9	55	0
WF	9	57	0
WF	9	58	0
WF	9	59	0
WF	9	76	0
WF	11	55	0
WF	11	76	0
WF	13	48	1
WF	13	49	1
WF	13	77	11
WF	15	89	0
WF	17	89	0
WF	19	62	7
WF	19	63	7
WF	19	64	6
WF	19	65	6
WF	19	66	5
WF	19	90	7
WF	21	70	0
WF	21	98	0
WF	23	68	0
WF	23	69	0
WF	23	98	0
WF	25	99	6
WF	27	76	0
WF	27	77	0
WF	27	78	0
WF	27	79	0
WF	27	106	0
WF	29	78	0
WF	29	79	0
WF	29	80	0
WF	29	106	0
WF	31	77	17
WF	31	78	22
WF	31	79	22
WF	31	80	22
WF	31	81	22
WF	31	82	22
WF	31	83	22
WF	31	84	21
WF	31	85	20
WF	31	86	19
WF	31	87	19
WF	31	88	19
WF	31	89	19
WF	31	90	19
WF	31	91	19
WF	31	107	67
WF	33	175	0
WF	35	175	0
WF	37	176	18
WF	39	195	0
WF	42	195	0
WF	43	166	19
WF	43	167	19
WF	43	168	20
WF	43	169	22
WF	43	170	23
WF	43	171	23
WF	43	172	23
WF	43	177	23
WF	43	178	19
WF	43	179	18
WF	43	180	17
WF	43	196	23
WF	45	197	0
WF	45	198	0
WF	45	199	0
WF	45	200	0
WF	45	220	0
WF	47	197	0
WF	47	198	0
WF	47	199	0
WF	47	200	0
WF	47	220	0
WF	49	221	2
WF	51	224	0
WF	54	223	0
WF	55	195	15
WF	55	196	18
WF	55	197	21
WF	55	198	21
WF	55	199	21
WF	55	225	23
WF	57	249	0
WF	59	223	2
WF	59	224	3
WF	59	225	3
WF	59	226	3
WF	59	227	2
WF	59	228	1
WF	59	229	1
WF	59	230	2
WF	59	231	2
WF	59	232	2
WF	59	233	1
WF	59	248	9
WF	59	249	5
WF	59	250	0
WF	61	259	3
WF	63	261	12
WF	63	262	6
WF	63	263	0
WF	65	274	0
WF	67	273	0
WF	69	247	1
WF	69	248	5
WF	69	273	6
WF	69	274	4
WF	69	275	0
WF	71	256	0
WF	71	257	0
WF	71	258	0
WF	71	280	0
WF	73	281	0
WF	76	281	0
WF	77	260	1
WF	77	281	3
WF	79	264	1
WF	79	265	1
WF	79	266	1
WF	79	267	0
WF	79	285	1
WF	82	264	1
WF	82	265	1
WF	82	266	1
WF	82	285	1
WF	83	269	0
WF	83	270	0
WF	83	287	2
WF	86	272	1
WF	86	273	5
WF	86	274	8
WF	86	275	8
WF	86	276	12
WF	86	277	13
WF	86	278	22
WF	86	279	28
WF	86	280	28
WF	86	281	27
WF	86	282	19
WF	86	283	14
WF	86	284	14
WF	86	285	13
WF	86	286	12
WF	86	287	8
WF	86	288	5
WF	86	289	0
WF	87	263	6
WF	89	269	0
WF	92	270	0
WF	93	271	6
WF	95	278	0
WF	98	277	0
WF	99	279	2
WF	101	282	0
WF	104	282	0
WF	105	253	3
WF	105	254	3
WF	105	255	4
WF	105	256	4
WF	105	283	4
WF	107	288	0
WF	111	289	0
WF	113	290	1
WF	116	290	1
WF	117	292	1
WF	119	265	0
WF	119	266	0
WF	119	267	0
WF	119	268	0
WF	119	294	0
WF	122	294	0
WF	123	266	0
WF	123	295	2
WF	125	297	0
WF	128	298	0
WF	129	299	2
WF	131	302	0
WF	134	278	0
WF	134	302	0
WF	135	273	2
WF	135	274	2
WF	135	303	2
WF	138	306	1
WF	139	276	2
WF	139	277	2
WF	139	278	2
WF	139	306	8
WF	139	307	2
WF	141	315	0
WF	144	315	0
WF	145	286	2
WF	145	287	6
WF	145	288	6
WF	145	289	6
WF	145	316	6
WF	147	323	0
WF	150	323	1
WF	151	323	0
WF	153	297	0
WF	153	301	0
WF	153	324	0
WF	155	298	0
WF	155	325	3
WF	157	328	1
WF	157	329	0
WF	160	328	1
WF	160	329	0
WF	161	330	2
WF	163	272	2
WF	163	273	4
WF	163	274	4
WF	163	289	4
WF	163	290	0
WF	163	304	2
WF	163	305	2
WF	163	306	1
WF	163	307	1
WF	163	331	4
WF	163	332	3
WF	163	333	2
WF	165	280	2
WF	165	293	4
WF	165	294	1
WF	165	309	4
WF	165	310	4
WF	165	311	4
WF	165	339	4
WF	167	291	0
WF	167	298	0
WF	167	317	0
WF	167	318	0
WF	167	344	0
WF	170	286	0
WF	170	297	0
WF	170	317	0
WF	170	344	0
WF	171	298	13
WF	171	299	8
WF	171	345	13
WF	173	311	0
WF	173	359	0
WF	176	301	0
WF	176	302	0
WF	176	306	0
WF	176	312	0
WF	176	358	0
WF	177	256	0
WF	177	257	0
WF	177	258	0
WF	177	280	0
WF	177	304	0
WF	177	313	0
WF	177	330	0
WF	177	331	0
WF	177	332	0
WF	177	360	0
WF	179	281	0
WF	179	303	0
WF	179	314	0
WF	179	361	0
WF	182	281	0
WF	182	303	0
WF	182	314	0
WF	182	361	0
WF	183	260	1
WF	183	281	2
WF	183	305	2
WF	183	306	2
WF	183	307	2
WF	183	314	2
WF	183	333	1
WF	183	334	2
WF	183	335	2
WF	183	336	2
WF	183	362	2
WF	185	284	0
WF	185	311	0
WF	185	312	0
WF	185	317	0
WF	185	365	0
WF	188	264	1
WF	188	265	1
WF	188	266	1
WF	188	267	0
WF	188	285	1
WF	188	317	1
WF	188	318	0
WF	188	342	1
WF	188	343	1
WF	188	364	1
WF	188	365	0
WF	190	283	0
WF	190	365	0
WF	191	264	1
WF	191	265	1
WF	191	266	1
WF	191	285	1
WF	191	316	1
WF	191	317	1
WF	191	318	0
WF	191	339	1
WF	191	366	1
WF	193	269	0
WF	193	270	0
WF	193	287	2
WF	193	312	1
WF	193	313	1
WF	193	314	1
WF	193	315	1
WF	193	320	2
WF	193	341	1
WF	193	342	1
WF	193	368	2
WF	195	289	0
WF	195	322	0
WF	195	346	0
WF	195	347	0
WF	195	348	0
WF	195	349	0
WF	195	371	0
WF	198	290	0
WF	198	323	0
WF	198	346	0
WF	198	347	0
WF	198	371	0
WF	199	273	1
WF	199	290	3
WF	199	316	3
WF	199	317	3
WF	199	324	3
WF	199	372	3
WF	201	278	0
WF	201	279	0
WF	201	294	0
WF	201	322	0
WF	201	323	0
WF	201	327	0
WF	201	376	0
WF	204	293	0
WF	204	327	0
WF	204	376	0
WF	205	294	1
WF	205	295	0
WF	205	329	1
WF	205	377	1
WF	207	281	0
WF	207	282	0
WF	207	283	0
WF	207	284	0
WF	207	285	0
WF	207	295	2
WF	207	296	1
WF	207	330	2
WF	207	331	0
WF	207	379	2
WF	210	283	0
WF	210	284	0
WF	210	296	0
WF	210	323	0
WF	210	324	0
WF	210	331	0
WF	210	379	0
WF	211	282	0
WF	211	283	0
WF	211	285	2
WF	211	286	6
WF	211	287	6
WF	211	288	5
WF	211	289	5
WF	211	290	4
WF	211	297	8
WF	211	298	1
WF	211	325	2
WF	211	326	2
WF	211	327	2
WF	211	332	8
WF	211	333	1
WF	211	350	8
WF	211	351	8
WF	211	352	8
WF	211	353	7
WF	211	354	6
WF	211	355	5
WF	211	382	8
WF	213	305	0
WF	213	340	0
WF	213	390	0
WF	216	305	0
WF	216	340	0
WF	216	390	0
WF	217	306	5
WF	217	307	0
WF	217	334	2
WF	217	335	3
WF	217	336	3
WF	217	337	2
WF	217	342	5
WF	217	392	5
WF	219	301	0
WF	219	302	0
WF	219	312	0
WF	219	347	0
WF	219	366	0
WF	219	367	0
WF	219	397	0
WF	222	311	0
WF	222	347	0
WF	222	366	0
WF	222	367	0
WF	222	397	0
WF	223	302	1
WF	223	303	4
WF	223	304	4
WF	223	305	4
WF	223	306	4
WF	223	311	4
WF	223	312	2
WF	223	313	1
WF	223	341	2
WF	223	342	4
WF	223	343	4
WF	223	344	3
WF	223	349	4
WF	223	368	2
WF	223	369	2
WF	223	399	4
WF	225	315	0
WF	225	404	0
WF	228	316	0
WF	228	354	0
WF	228	404	0
WF	229	311	2
WF	229	312	2
WF	229	315	8
WF	229	316	0
WF	229	347	8
WF	229	348	8
WF	229	349	8
WF	229	354	8
WF	229	355	5
WF	229	375	1
WF	229	376	3
WF	229	377	3
WF	229	378	3
WF	229	379	3
WF	229	380	3
WF	229	405	8
WF	231	324	0
WF	231	363	0
WF	231	414	0
WF	233	323	0
WF	233	324	0
WF	233	363	0
WF	233	415	0
WF	236	322	0
WF	236	323	0
WF	236	362	0
WF	236	414	0
WF	238	363	0
WF	238	415	0
WF	239	326	2
WF	239	359	1
WF	239	364	2
WF	239	365	1
WF	239	416	2
WF	241	327	0
WF	241	328	0
WF	241	366	0
WF	241	419	0
WF	244	327	0
WF	244	328	0
WF	244	366	0
WF	244	419	0
WF	245	363	1
WF	245	364	11
WF	245	365	22
WF	245	366	22
WF	245	367	21
WF	245	368	9
WF	245	390	8
WF	245	391	8
WF	245	392	8
WF	245	393	8
WF	245	394	8
WF	245	395	8
WF	245	396	7
WF	245	401	19
WF	245	403	17
WF	245	404	16
WF	245	405	15
WF	245	406	14
WF	245	407	13
WF	245	408	12
WF	245	411	9
WF	245	412	8
WF	245	413	7
WF	245	414	6
WF	245	416	1
WF	245	417	3
WF	245	418	0
WF	245	419	0
WF	245	420	0
WF	247	315	0
WF	247	404	0
WF	249	311	2
WF	249	312	2
WF	249	315	4
WF	249	316	0
WF	249	347	4
WF	249	348	4
WF	249	349	3
WF	249	350	2
WF	249	355	4
WF	249	375	1
WF	249	376	1
WF	249	405	4
WF	251	320	0
WF	251	360	0
WF	251	410	0
WF	254	319	0
WF	254	320	0
WF	254	359	0
WF	254	360	0
WF	254	411	0
WF	254	420	0
WF	256	318	0
WF	256	319	0
WF	256	359	0
WF	256	410	0
WF	257	360	0
WF	257	411	0
WF	257	420	0
WF	259	322	2
WF	259	354	1
WF	259	355	2
WF	259	362	2
WF	259	412	2
WF	261	323	0
WF	261	324	0
WF	261	364	0
WF	261	385	0
WF	261	386	0
WF	261	415	0
WF	264	359	0
WF	264	360	0
WF	264	364	0
WF	264	387	0
WF	264	415	0
WF	265	326	1
WF	265	366	1
WF	265	416	1
WF	267	328	0
WF	267	360	0
WF	267	361	0
WF	267	368	0
WF	267	388	0
WF	267	418	0
WF	269	327	0
WF	269	328	0
WF	269	367	0
WF	269	368	0
WF	269	419	0
WF	272	326	0
WF	272	327	0
WF	272	360	0
WF	272	361	1
WF	272	362	1
WF	272	363	1
WF	272	368	1
WF	272	388	0
WF	272	389	0
WF	272	418	1
WF	273	367	0
WF	273	368	0
WF	273	420	0
WF	275	329	8
WF	275	361	3
WF	275	362	6
WF	275	363	6
WF	275	364	5
WF	275	365	5
WF	275	366	4
WF	275	371	8
WF	275	389	1
WF	275	390	2
WF	275	391	6
WF	275	392	6
WF	275	393	5
WF	275	394	5
WF	275	415	5
WF	275	416	4
WF	275	417	0
WF	275	418	2
WF	275	419	0
WF	275	420	0
WF	277	379	0
WF	279	336	0
WF	279	337	0
WF	279	380	0
WF	282	336	0
WF	282	337	0
WF	282	379	0
WF	283	337	6
WF	283	338	6
WF	283	339	5
WF	283	373	4
WF	283	374	5
WF	283	375	5
WF	283	376	4
WF	283	378	3
WF	283	379	3
WF	283	380	2
WF	283	381	0
WF	283	399	6
WF	283	400	9
WF	283	401	9
WF	283	411	9
WF	283	412	8
WF	285	392	0
WF	285	413	0
WF	285	414	0
WF	287	393	0
WF	287	418	0
WF	65535	386	4
WF	65535	387	12
WF	65535	388	15
WF	65535	389	15
WF	65535	390	15
WF	65535	391	14
WF	65535	392	13
WF	65535	393	9
WF	65535	394	0
WF	65535	414	6
WF	65535	417	0
WF	65535	418	0
[gfa_ed_step] dist=16, n=699, n_intv=299, n_tb=0
Z	0	-1	16
Z	3	36	52
Z	6	34	52
Z	7	24	53
Z	9	49	77
Z	11	47	56
Z	11	58	77
Z	13	50	78
Z	15	63	90
Z	17	61	90
Z	19	60	65
Z	19	67	91
Z	21	69	71
Z	21	74	99
Z	23	67	70
Z	23	74	99
Z	25	69	100
Z	27	75	107
Z	29	77	81
Z	29	82	107
Z	31	92	108
Z	33	160	176
Z	35	158	176
Z	37	149	177
Z	39	167	196
Z	42	169	196
Z	43	169	178
Z	43	181	197
Z	45	195	202
Z	45	205	221
Z	47	194	195
Z	47	196	201
Z	47	203	221
Z	49	195	196
Z	49	201	222
Z	51	206	225
Z	54	204	225
Z	55	200	226
Z	57	223	250
Z	59	234	249
Z	61	244	260
Z	63	235	262
Z	65	247	275
Z	67	247	274
Z	69	249	274
Z	71	255	259
Z	71	260	281
Z	73	258	282
Z	76	257	258
Z	76	259	282
Z	77	261	282
Z	79	263	267
Z	79	268	286
Z	82	263	286
Z	83	271	288
Z	87	248	264
Z	89	255	271
Z	92	253	271
Z	93	248	272
Z	95	256	279
Z	98	254	278
Z	99	253	280
Z	101	255	283
Z	104	255	283
Z	105	252	284
Z	107	261	289
Z	110	260	288
Z	111	261	290
Z	113	261	291
Z	116	263	291
Z	117	263	293
Z	119	264	269
Z	119	270	295
Z	122	266	295
Z	123	267	296
Z	125	269	298
Z	128	271	299
Z	129	270	300
Z	131	272	303
Z	134	272	303
Z	135	272	304
Z	138	277	307
Z	139	279	307
Z	141	287	316
Z	144	287	316
Z	145	286	317
Z	147	296	324
Z	150	296	324
Z	151	294	295
Z	151	296	324
Z	153	295	325
Z	155	299	326
Z	157	302	329
Z	160	301	330
Z	161	302	331
Z	163	272	290
Z	163	308	332
Z	165	281	294
Z	165	308	340
Z	167	287	299
Z	167	316	319
Z	167	320	345
Z	170	285	298
Z	170	314	345
Z	171	287	299
Z	171	316	346
Z	173	302	312
Z	173	329	360
Z	176	300	303
Z	176	304	313
Z	176	329	359
Z	177	255	259
Z	177	260	281
Z	177	303	314
Z	177	329	361
Z	179	257	258
Z	179	259	282
Z	179	302	315
Z	179	331	362
Z	182	258	282
Z	182	302	315
Z	182	332	362
Z	183	261	282
Z	183	304	315
Z	183	333	363
Z	185	265	285
Z	185	309	318
Z	185	339	366
Z	188	263	267
Z	188	268	286
Z	188	314	318
Z	188	339	365
Z	190	263	285
Z	190	310	317
Z	190	338	346
Z	190	347	366
Z	191	263	286
Z	191	311	318
Z	191	338	367
Z	193	271	288
Z	193	314	321
Z	193	343	369
Z	195	272	290
Z	195	317	323
Z	195	345	372
Z	198	274	291
Z	198	318	324
Z	198	345	372
Z	199	274	291
Z	199	315	325
Z	199	347	373
Z	201	277	295
Z	201	320	328
Z	201	350	377
Z	204	279	294
Z	204	322	328
Z	204	350	377
Z	205	280	295
Z	205	321	330
Z	205	349	378
Z	207	286	296
Z	207	323	331
Z	207	350	380
Z	210	282	297
Z	210	322	325
Z	210	326	332
Z	210	350	380
Z	211	291	298
Z	211	328	333
Z	211	349	353
Z	211	356	383
Z	213	298	306
Z	213	335	341
Z	213	366	392
Z	216	298	306
Z	216	337	342
Z	216	364	391
Z	217	295	307
Z	217	338	343
Z	217	360	393
Z	219	300	303
Z	219	304	313
Z	219	342	348
Z	219	365	398
Z	222	302	312
Z	222	344	348
Z	222	365	377
Z	222	378	398
Z	223	302	312
Z	223	341	350
Z	223	370	400
Z	225	310	317
Z	225	347	354
Z	225	374	385
Z	225	386	405
Z	228	309	310
Z	228	313	317
Z	228	350	355
Z	228	376	405
Z	229	313	316
Z	229	346	355
Z	229	381	406
Z	231	323	325
Z	231	360	364
Z	231	389	415
Z	233	322	325
Z	233	359	364
Z	233	389	416
Z	236	321	324
Z	236	356	357
Z	236	358	363
Z	236	391	415
Z	238	324	325
Z	238	357	364
Z	238	389	416
Z	239	325	327
Z	239	360	366
Z	239	387	417
Z	241	326	329
Z	241	362	367
Z	241	389	420
Z	244	326	330
Z	244	362	367
Z	244	368	369
Z	244	389	420
Z	245	364	367
Z	245	397	399
Z	247	310	317
Z	247	347	354
Z	247	374	385
Z	247	386	405
Z	247	419	421
Z	249	313	316
Z	249	346	349
Z	249	351	356
Z	249	377	406
Z	249	415	417
Z	251	319	321
Z	251	354	361
Z	251	381	411
Z	251	419	421
Z	254	318	321
Z	254	354	361
Z	254	383	412
Z	254	419	421
Z	256	317	320
Z	256	352	353
Z	256	356	360
Z	256	381	411
Z	256	419	421
Z	257	320	322
Z	257	353	362
Z	257	381	412
Z	257	419	421
Z	259	321	323
Z	259	354	363
Z	259	382	413
Z	261	322	325
Z	261	359	365
Z	261	384	416
Z	264	324	325
Z	264	358	366
Z	264	386	388
Z	264	389	416
Z	265	325	327
Z	265	358	367
Z	265	387	417
Z	267	327	329
Z	267	359	369
Z	267	387	419
Z	269	326	329
Z	269	362	369
Z	269	389	420
Z	272	359	369
Z	272	387	389
Z	272	391	419
Z	273	364	370
Z	273	391	421
Z	275	328	330
Z	275	367	372
Z	275	395	413
Z	277	337	338
Z	277	374	381
Z	277	403	421
Z	279	335	339
Z	279	374	381
Z	279	403	421
Z	282	335	338
Z	282	376	380
Z	282	405	421
Z	283	337	339
Z	283	377	378
Z	283	402	411
Z	285	349	350
Z	285	388	393
Z	285	412	421
Z	287	350	351
Z	287	387	394
Z	287	417	421
WF	0	16	35
WF	3	52	0
WF	6	52	0
WF	7	21	20
WF	7	22	20
WF	7	23	20
WF	7	53	23
WF	9	77	0
WF	11	56	0
WF	11	77	0
WF	13	47	2
WF	13	48	2
WF	13	49	2
WF	13	78	11
WF	15	90	0
WF	17	90	0
WF	19	65	7
WF	19	66	6
WF	19	91	7
WF	21	71	0
WF	21	72	0
WF	21	99	0
WF	23	70	0
WF	23	71	0
WF	23	72	0
WF	23	99	0
WF	25	68	0
WF	25	100	6
WF	27	107	0
WF	29	81	0
WF	29	107	0
WF	31	76	18
WF	31	77	23
WF	31	78	23
WF	31	79	24
WF	31	80	24
WF	31	81	23
WF	31	82	23
WF	31	83	23
WF	31	84	22
WF	31	85	21
WF	31	86	20
WF	31	87	22
WF	31	88	22
WF	31	89	21
WF	31	90	20
WF	31	91	20
WF	31	108	67
WF	33	176	0
WF	35	176	0
WF	37	177	18
WF	39	196	0
WF	42	196	0
WF	43	165	20
WF	43	166	20
WF	43	167	21
WF	43	168	23
WF	43	178	23
WF	43	179	20
WF	43	180	19
WF	43	197	23
WF	45	193	0
WF	45	194	0
WF	45	202	0
WF	45	221	0
WF	47	195	0
WF	47	201	0
WF	47	221	0
WF	49	196	2
WF	49	197	0
WF	49	198	0
WF	49	199	0
WF	49	200	0
WF	49	222	2
WF	51	197	0
WF	51	198	0
WF	51	203	0
WF	51	204	0
WF	51	225	0
WF	54	197	0
WF	54	198	0
WF	54	203	0
WF	54	225	0
WF	55	194	16
WF	55	195	19
WF	55	196	22
WF	55	197	22
WF	55	198	22
WF	55	199	22
WF	55	226	23
WF	57	250	0
WF	59	222	3
WF	59	223	4
WF	59	224	4
WF	59	225	4
WF	59	226	4
WF	59	227	3
WF	59	228	2
WF	59	229	3
WF	59	230	3
WF	59	231	6
WF	59	232	6
WF	59	233	5
WF	59	249	9
WF	59	250	5
WF	59	251	0
WF	61	260	3
WF	63	262	12
WF	63	263	6
WF	63	264	0
WF	65	275	0
WF	67	274	0
WF	69	246	2
WF	69	247	6
WF	69	248	6
WF	69	274	6
WF	69	275	4
WF	69	276	1
WF	71	259	0
WF	71	281	0
WF	73	256	0
WF	73	257	0
WF	73	282	0
WF	76	258	0
WF	76	282	0
WF	77	257	0
WF	77	258	1
WF	77	259	2
WF	77	260	2
WF	77	282	3
WF	79	267	1
WF	79	286	1
WF	82	286	1
WF	83	265	1
WF	83	266	1
WF	83	267	1
WF	83	268	1
WF	83	269	1
WF	83	270	1
WF	83	288	2
WF	86	271	2
WF	86	272	6
WF	86	273	9
WF	86	274	10
WF	86	275	13
WF	86	276	15
WF	86	277	24
WF	86	278	29
WF	86	279	29
WF	86	280	29
WF	86	281	28
WF	86	282	27
WF	86	283	21
WF	86	284	15
WF	86	285	14
WF	86	286	13
WF	86	287	12
WF	86	288	9
WF	86	289	6
WF	86	290	0
WF	87	264	6
WF	89	271	0
WF	92	271	0
WF	93	272	6
WF	95	279	0
WF	98	278	0
WF	99	280	2
WF	101	283	0
WF	104	283	0
WF	105	284	4
WF	107	257	0
WF	107	258	0
WF	107	259	0
WF	107	260	0
WF	107	289	0
WF	110	257	0
WF	110	258	0
WF	110	288	0
WF	111	260	0
WF	111	290	0
WF	113	291	1
WF	116	291	1
WF	117	293	1
WF	119	269	0
WF	119	295	0
WF	122	295	0
WF	123	265	1
WF	123	266	1
WF	123	296	2
WF	125	298	0
WF	128	299	0
WF	129	300	2
WF	131	303	0
WF	134	303	0
WF	135	304	2
WF	138	275	0
WF	138	276	0
WF	138	307	1
WF	139	275	3
WF	139	276	4
WF	139	277	4
WF	139	278	4
WF	139	307	8
WF	139	308	2
WF	141	316	0
WF	144	316	0
WF	145	285	3
WF	145	317	6
WF	147	293	0
WF	147	294	0
WF	147	295	0
WF	147	324	0
WF	150	293	0
WF	150	294	0
WF	150	295	1
WF	150	324	1
WF	151	295	0
WF	151	324	0
WF	153	325	0
WF	155	295	1
WF	155	296	1
WF	155	297	1
WF	155	298	1
WF	155	326	3
WF	157	329	1
WF	157	330	0
WF	160	330	1
WF	161	331	2
WF	163	271	4
WF	163	290	4
WF	163	291	0
WF	163	303	3
WF	163	304	3
WF	163	305	3
WF	163	306	2
WF	163	307	2
WF	163	332	4
WF	163	333	3
WF	163	334	2
WF	165	277	0
WF	165	278	0
WF	165	279	3
WF	165	280	3
WF	165	294	4
WF	165	295	1
WF	165	340	4
WF	167	299	0
WF	167	313	0
WF	167	314	0
WF	167	315	0
WF	167	319	0
WF	167	345	0
WF	170	298	0
WF	170	345	0
WF	171	286	0
WF	171	299	13
WF	171	300	8
WF	171	314	0
WF	171	315	0
WF	171	346	13
WF	173	312	0
WF	173	360	0
WF	176	303	0
WF	176	313	0
WF	176	359	0
WF	177	259	0
WF	177	281	0
WF	177	301	0
WF	177	302	0
WF	177	314	0
WF	177	361	0
WF	179	258	0
WF	179	282	0
WF	179	315	0
WF	179	362	0
WF	182	256	0
WF	182	257	0
WF	182	282	0
WF	182	315	0
WF	182	330	0
WF	182	331	0
WF	182	362	0
WF	183	257	0
WF	183	258	1
WF	183	259	2
WF	183	260	2
WF	183	282	2
WF	183	303	0
WF	183	315	2
WF	183	331	0
WF	183	332	2
WF	183	363	2
WF	185	285	0
WF	185	307	0
WF	185	308	0
WF	185	318	0
WF	185	336	0
WF	185	337	0
WF	185	338	0
WF	185	366	0
WF	188	267	1
WF	188	286	1
WF	188	309	0
WF	188	310	0
WF	188	311	0
WF	188	312	0
WF	188	313	0
WF	188	318	1
WF	188	319	0
WF	188	365	1
WF	188	366	0
WF	190	307	0
WF	190	308	0
WF	190	309	0
WF	190	317	0
WF	190	336	0
WF	190	337	0
WF	190	366	0
WF	191	286	1
WF	191	309	0
WF	191	310	1
WF	191	318	1
WF	191	319	0
WF	191	367	1
WF	193	265	1
WF	193	266	1
WF	193	267	1
WF	193	268	1
WF	193	269	1
WF	193	270	1
WF	193	288	2
WF	193	311	2
WF	193	312	2
WF	193	313	2
WF	193	321	2
WF	193	340	2
WF	193	341	2
WF	193	342	2
WF	193	369	2
WF	195	290	0
WF	195	323	0
WF	195	372	0
WF	198	291	0
WF	198	324	0
WF	198	372	0
WF	199	272	3
WF	199	273	3
WF	199	291	3
WF	199	325	3
WF	199	346	1
WF	199	373	3
WF	201	295	0
WF	201	328	0
WF	201	377	0
WF	204	294	0
WF	204	319	0
WF	204	320	0
WF	204	321	0
WF	204	328	0
WF	204	377	0
WF	205	278	0
WF	205	279	0
WF	205	295	1
WF	205	296	0
WF	205	320	0
WF	205	330	1
WF	205	378	1
WF	207	280	1
WF	207	281	1
WF	207	282	2
WF	207	283	2
WF	207	284	1
WF	207	285	1
WF	207	296	2
WF	207	297	1
WF	207	331	2
WF	207	332	0
WF	207	380	2
WF	210	297	0
WF	210	325	0
WF	210	332	0
WF	210	380	0
WF	211	281	1
WF	211	282	2
WF	211	283	2
WF	211	284	4
WF	211	285	7
WF	211	286	7
WF	211	287	7
WF	211	288	6
WF	211	289	6
WF	211	290	5
WF	211	298	8
WF	211	299	1
WF	211	323	0
WF	211	324	4
WF	211	325	4
WF	211	326	3
WF	211	327	3
WF	211	333	8
WF	211	334	1
WF	211	353	8
WF	211	354	8
WF	211	355	7
WF	211	383	8
WF	213	306	0
WF	213	341	0
WF	213	358	0
WF	213	359	0
WF	213	360	0
WF	213	361	0
WF	216	306	0
WF	216	358	0
WF	216	359	0
WF	216	360	0
WF	216	361	0
WF	216	391	0
WF	217	307	5
WF	217	308	0
WF	217	333	5
WF	217	334	5
WF	217	335	5
WF	217	336	5
WF	217	337	4
WF	217	343	5
WF	217	393	5
WF	219	303	0
WF	219	313	0
WF	219	348	0
WF	219	398	0
WF	222	312	0
WF	222	348	0
WF	222	398	0
WF	223	301	2
WF	223	312	4
WF	223	313	2
WF	223	314	1
WF	223	340	3
WF	223	350	4
WF	223	366	0
WF	223	367	3
WF	223	368	3
WF	223	369	3
WF	223	400	4
WF	225	307	0
WF	225	308	0
WF	225	309	0
WF	225	354	0
WF	225	405	0
WF	228	307	0
WF	228	308	0
WF	228	310	0
WF	228	311	0
WF	228	317	0
WF	228	346	0
WF	228	347	0
WF	228	348	0
WF	228	349	0
WF	228	355	0
WF	228	405	0
WF	229	309	0
WF	229	310	3
WF	229	311	3
WF	229	312	3
WF	229	316	8
WF	229	317	1
WF	229	318	0
WF	229	355	8
WF	229	356	6
WF	229	374	3
WF	229	375	4
WF	229	376	4
WF	229	377	4
WF	229	378	4
WF	229	379	4
WF	229	380	4
WF	229	406	8
WF	231	325	0
WF	231	355	0
WF	231	356	0
WF	231	357	0
WF	231	358	0
WF	231	364	0
WF	231	415	0
WF	233	325	0
WF	233	364	0
WF	233	416	0
WF	236	324	0
WF	236	357	0
WF	236	363	0
WF	236	415	0
WF	238	322	0
WF	238	323	0
WF	238	325	0
WF	238	364	0
WF	238	416	0
WF	239	323	0
WF	239	324	0
WF	239	327	2
WF	239	357	0
WF	239	358	2
WF	239	359	2
WF	239	366	2
WF	239	417	2
WF	241	329	0
WF	241	367	0
WF	241	368	0
WF	241	420	0
WF	244	367	0
WF	244	420	0
WF	245	327	0
WF	245	328	0
WF	245	329	2
WF	245	330	2
WF	245	331	1
WF	245	362	5
WF	245	363	14
WF	245	367	22
WF	245	368	21
WF	245	369	9
WF	245	370	1
WF	245	389	9
WF	245	390	10
WF	245	391	10
WF	245	392	9
WF	245	393	9
WF	245	394	10
WF	245	395	10
WF	245	396	9
WF	245	400	20
WF	245	402	18
WF	245	403	17
WF	245	404	16
WF	245	405	15
WF	245	406	14
WF	245	407	13
WF	245	410	10
WF	245	411	9
WF	245	412	8
WF	245	413	7
WF	245	415	3
WF	245	416	4
WF	245	419	1
WF	245	420	0
WF	247	307	0
WF	247	308	0
WF	247	309	0
WF	247	354	0
WF	247	405	0
WF	249	309	0
WF	249	310	3
WF	249	311	3
WF	249	312	3
WF	249	316	4
WF	249	317	1
WF	249	318	0
WF	249	349	4
WF	249	350	3
WF	249	356	4
WF	249	374	3
WF	249	375	3
WF	249	376	2
WF	249	406	4
WF	251	321	0
WF	251	351	0
WF	251	352	0
WF	251	353	0
WF	251	361	0
WF	251	411	0
WF	254	321	0
WF	254	361	0
WF	254	412	0
WF	256	320	0
WF	256	353	0
WF	256	360	0
WF	256	411	0
WF	257	318	0
WF	257	319	0
WF	257	322	0
WF	257	362	0
WF	257	412	0
WF	259	319	1
WF	259	320	1
WF	259	323	2
WF	259	353	2
WF	259	363	2
WF	259	413	2
WF	259	420	0
WF	261	325	0
WF	261	357	0
WF	261	358	0
WF	261	365	0
WF	261	416	0
WF	264	325	0
WF	264	366	0
WF	264	388	0
WF	264	416	0
WF	265	323	0
WF	265	324	0
WF	265	327	1
WF	265	367	1
WF	265	385	0
WF	265	386	0
WF	265	417	1
WF	267	329	0
WF	267	369	0
WF	267	419	0
WF	269	329	0
WF	269	360	0
WF	269	361	0
WF	269	369	0
WF	269	388	0
WF	269	420	0
WF	272	325	1
WF	272	326	1
WF	272	327	1
WF	272	328	0
WF	272	369	1
WF	272	389	1
WF	272	390	0
WF	272	419	1
WF	273	327	0
WF	273	328	0
WF	273	329	0
WF	273	361	0
WF	273	362	0
WF	273	363	0
WF	273	370	0
WF	273	389	0
WF	273	390	0
WF	275	330	8
WF	275	360	4
WF	275	361	7
WF	275	362	7
WF	275	363	7
WF	275	364	6
WF	275	365	6
WF	275	366	5
WF	275	372	8
WF	275	388	3
WF	275	389	4
WF	275	390	7
WF	275	391	7
WF	275	392	7
WF	275	393	6
WF	275	394	6
WF	275	414	6
WF	275	415	5
WF	275	417	3
WF	275	418	2
WF	275	419	1
WF	275	420	0
WF	277	338	0
WF	279	339	0
WF	279	381	0
WF	282	338	0
WF	282	380	0
WF	283	336	7
WF	283	339	10
WF	283	340	5
WF	283	372	5
WF	283	373	8
WF	283	374	8
WF	283	375	7
WF	283	376	6
WF	283	378	5
WF	283	379	5
WF	283	380	5
WF	283	381	4
WF	283	382	0
WF	283	398	7
WF	283	399	10
WF	283	400	10
WF	283	401	10
WF	283	411	9
WF	283	415	5
WF	285	393	0
WF	287	394	0
WF	287	413	0
WF	287	414	0
WF	287	415	0
WF	65535	350	5
WF	65535	351	5
WF	65535	352	4
WF	65535	385	5
WF	65535	386	13
WF	65535	387	16
WF	65535	388	18
WF	65535	389	18
WF	65535	390	17
WF	65535	391	29
WF	65535	393	1
WF	65535	394	9
WF	65535	395	0
WF	65535	413	7
WF	65535	416	1
WF	65535	417	1
WF	65535	418	1
WF	65535	419	0
[gfa_ed_step] dist=17, n=685, n_intv=296, n_tb=0
Z	0	-1	17
Z	3	36	53
Z	6	34	53
Z	7	24	54
Z	9	49	78
Z	11	47	57
Z	11	58	78
Z	13	50	79
Z	15	63	91
Z	17	61	91
Z	19	60	66
Z	19	67	92
Z	21	69	100
Z	23	67	73
Z	23	74	100
Z	25	69	101
Z	27	75	108
Z	29	77	108
Z	31	92	109
Z	33	160	177
Z	35	158	177
Z	37	149	178
Z	39	167	197
Z	42	169	197
Z	43	167	179
Z	43	181	198
Z	45	192	203
Z	45	205	222
Z	47	192	193
Z	47	194	202
Z	47	203	222
Z	49	195	197
Z	49	201	223
Z	51	196	199
Z	51	202	205
Z	51	206	226
Z	54	196	199
Z	54	202	226
Z	55	197	227
Z	57	223	251
Z	59	234	250
Z	61	244	261
Z	63	235	263
Z	65	247	276
Z	67	247	275
Z	69	246	275
Z	71	255	282
Z	73	255	283
Z	76	257	283
Z	77	259	283
Z	79	263	287
Z	82	263	287
Z	83	269	289
Z	87	248	265
Z	89	255	272
Z	92	253	272
Z	93	248	273
Z	95	256	280
Z	98	254	280
Z	99	253	281
Z	101	255	284
Z	104	255	284
Z	105	252	285
Z	107	256	290
Z	110	256	259
Z	110	260	289
Z	111	259	291
Z	113	261	292
Z	116	263	292
Z	117	263	294
Z	119	264	296
Z	122	266	296
Z	123	267	297
Z	125	269	300
Z	128	271	300
Z	129	270	301
Z	131	272	304
Z	134	272	304
Z	135	272	305
Z	138	274	276
Z	138	277	308
Z	139	279	308
Z	141	287	317
Z	144	287	317
Z	145	286	318
Z	147	292	325
Z	150	292	325
Z	151	294	325
Z	153	295	326
Z	155	299	327
Z	157	302	330
Z	160	301	331
Z	161	302	332
Z	163	270	291
Z	163	308	333
Z	165	281	295
Z	165	308	341
Z	167	287	300
Z	167	312	346
Z	170	285	300
Z	170	314	346
Z	171	287	300
Z	171	316	347
Z	173	302	314
Z	173	329	361
Z	176	300	314
Z	176	329	360
Z	177	255	282
Z	177	300	315
Z	177	329	362
Z	179	257	283
Z	179	302	316
Z	179	331	363
Z	182	255	283
Z	182	302	316
Z	182	329	363
Z	183	258	283
Z	183	304	317
Z	183	331	364
Z	185	263	264
Z	185	265	286
Z	185	306	319
Z	185	335	367
Z	188	263	287
Z	188	312	319
Z	188	339	366
Z	190	263	285
Z	190	306	318
Z	190	335	346
Z	190	347	367
Z	191	263	287
Z	191	309	319
Z	191	338	368
Z	193	269	289
Z	193	310	322
Z	193	339	370
Z	195	272	291
Z	195	317	324
Z	195	344	373
Z	198	273	292
Z	198	318	325
Z	198	345	373
Z	199	271	292
Z	199	315	326
Z	199	345	374
Z	201	277	296
Z	201	320	330
Z	201	350	378
Z	204	279	295
Z	204	318	329
Z	204	350	378
Z	205	278	296
Z	205	321	331
Z	205	349	379
Z	207	281	284
Z	207	286	297
Z	207	323	332
Z	207	350	381
Z	210	281	298
Z	210	322	333
Z	210	350	381
Z	211	291	299
Z	211	328	334
Z	211	349	355
Z	211	356	384
Z	213	298	307
Z	213	335	342
Z	213	357	362
Z	213	366	392
Z	216	298	308
Z	216	337	342
Z	216	357	362
Z	216	364	392
Z	217	295	308
Z	217	332	344
Z	217	360	394
Z	219	300	314
Z	219	341	349
Z	219	365	399
Z	222	302	314
Z	222	339	340
Z	222	344	349
Z	222	365	377
Z	222	378	399
Z	223	302	315
Z	223	341	351
Z	223	370	401
Z	225	306	317
Z	225	347	355
Z	225	374	385
Z	225	386	406
Z	228	306	312
Z	228	313	318
Z	228	345	356
Z	228	376	406
Z	229	313	317
Z	229	346	356
Z	229	381	407
Z	231	323	326
Z	231	354	359
Z	231	360	365
Z	231	389	416
Z	233	322	326
Z	233	359	365
Z	233	389	417
Z	236	321	325
Z	236	356	365
Z	236	391	416
Z	238	321	326
Z	238	357	366
Z	238	389	417
Z	239	323	328
Z	239	357	367
Z	239	387	418
Z	241	326	330
Z	241	362	369
Z	241	389	421
Z	244	326	330
Z	244	361	369
Z	244	389	421
Z	245	364	368
Z	245	397	399
Z	247	306	317
Z	247	347	355
Z	247	374	385
Z	247	386	406
Z	247	419	421
Z	249	313	317
Z	249	346	357
Z	249	377	407
Z	249	415	417
Z	251	319	322
Z	251	350	362
Z	251	381	412
Z	251	419	421
Z	254	318	322
Z	254	354	362
Z	254	383	413
Z	254	419	421
Z	256	317	321
Z	256	352	354
Z	256	356	361
Z	256	381	412
Z	256	419	421
Z	257	317	323
Z	257	353	363
Z	257	381	413
Z	257	419	421
Z	259	319	324
Z	259	352	364
Z	259	382	414
Z	261	322	326
Z	261	356	366
Z	261	384	417
Z	264	324	326
Z	264	358	367
Z	264	386	417
Z	265	323	328
Z	265	358	368
Z	265	385	418
Z	267	326	330
Z	267	359	370
Z	267	387	420
Z	269	326	330
Z	269	359	370
Z	269	387	421
Z	272	324	329
Z	272	359	370
Z	272	387	390
Z	272	391	420
Z	273	326	331
Z	273	360	372
Z	273	388	421
Z	275	328	331
Z	275	367	373
Z	275	391	393
Z	275	395	413
Z	277	337	339
Z	277	374	381
Z	277	403	421
Z	279	335	340
Z	279	374	382
Z	279	403	421
Z	282	335	340
Z	282	376	381
Z	282	405	421
Z	283	337	340
Z	283	377	378
Z	283	398	411
Z	285	349	350
Z	285	388	394
Z	285	412	421
Z	287	350	351
Z	287	387	395
Z	287	412	416
Z	287	417	421
WF	0	17	35
WF	3	53	0
WF	6	53	0
WF	7	20	21
WF	7	21	21
WF	7	22	22
WF	7	23	22
WF	7	54	23
WF	9	78	0
WF	11	57	0
WF	11	78	0
WF	13	46	3
WF	13	47	3
WF	13	48	3
WF	13	49	3
WF	13	79	11
WF	15	91	0
WF	17	91	0
WF	19	66	7
WF	19	92	7
WF	21	100	0
WF	23	73	0
WF	23	100	0
WF	25	67	3
WF	25	68	3
WF	25	101	6
WF	27	108	0
WF	29	108	0
WF	31	75	20
WF	31	76	25
WF	31	77	27
WF	31	78	27
WF	31	79	26
WF	31	80	25
WF	31	81	24
WF	31	82	24
WF	31	83	24
WF	31	84	24
WF	31	85	24
WF	31	86	23
WF	31	87	23
WF	31	88	23
WF	31	89	22
WF	31	90	22
WF	31	91	22
WF	31	109	67
WF	33	177	0
WF	35	177	0
WF	37	178	18
WF	39	197	0
WF	42	197	0
WF	43	164	21
WF	43	165	21
WF	43	166	22
WF	43	179	23
WF	43	180	20
WF	43	198	23
WF	45	191	0
WF	45	203	0
WF	45	222	0
WF	47	193	0
WF	47	202	0
WF	47	222	0
WF	49	192	0
WF	49	193	0
WF	49	194	0
WF	49	197	2
WF	49	198	2
WF	49	199	1
WF	49	200	1
WF	49	223	2
WF	51	199	0
WF	51	205	0
WF	51	226	0
WF	54	199	0
WF	54	226	0
WF	55	193	17
WF	55	194	20
WF	55	195	23
WF	55	196	23
WF	55	227	23
WF	57	221	0
WF	57	222	0
WF	57	251	0
WF	59	221	4
WF	59	222	5
WF	59	223	5
WF	59	224	5
WF	59	225	5
WF	59	226	5
WF	59	227	4
WF	59	228	4
WF	59	229	4
WF	59	230	8
WF	59	231	8
WF	59	232	7
WF	59	233	6
WF	59	250	9
WF	59	251	5
WF	59	252	0
WF	61	261	3
WF	63	263	12
WF	63	264	6
WF	63	265	0
WF	65	276	0
WF	67	275	0
WF	69	245	3
WF	69	275	6
WF	69	276	4
WF	69	277	1
WF	71	253	0
WF	71	254	0
WF	71	282	0
WF	73	283	0
WF	76	283	0
WF	77	256	1
WF	77	257	2
WF	77	258	3
WF	77	283	3
WF	79	287	1
WF	82	287	1
WF	83	264	2
WF	83	265	2
WF	83	266	2
WF	83	267	2
WF	83	268	2
WF	83	289	2
WF	86	270	5
WF	86	271	7
WF	86	272	10
WF	86	273	12
WF	86	274	15
WF	86	275	17
WF	86	276	25
WF	86	277	30
WF	86	278	30
WF	86	279	33
WF	86	280	33
WF	86	281	32
WF	86	282	30
WF	86	283	29
WF	86	284	21
WF	86	285	17
WF	86	286	14
WF	86	287	13
WF	86	288	12
WF	86	289	9
WF	86	290	6
WF	86	291	0
WF	87	265	6
WF	89	272	0
WF	92	272	0
WF	93	273	6
WF	95	280	0
WF	98	280	0
WF	99	281	2
WF	101	284	0
WF	104	284	0
WF	105	285	4
WF	107	290	0
WF	110	259	0
WF	110	289	0
WF	111	257	0
WF	111	258	0
WF	111	291	0
WF	113	260	0
WF	113	292	1
WF	116	260	0
WF	116	261	0
WF	116	292	1
WF	117	294	1
WF	119	296	0
WF	122	296	0
WF	123	264	2
WF	123	265	2
WF	123	266	2
WF	123	297	2
WF	128	300	0
WF	129	301	2
WF	131	304	0
WF	134	304	0
WF	135	305	2
WF	138	276	1
WF	138	308	1
WF	139	274	4
WF	139	275	5
WF	139	276	5
WF	139	277	5
WF	139	278	5
WF	139	308	8
WF	139	309	3
WF	141	317	0
WF	144	317	0
WF	145	284	4
WF	145	285	4
WF	145	318	6
WF	147	325	0
WF	150	325	1
WF	151	325	0
WF	153	293	0
WF	153	294	0
WF	153	326	0
WF	155	294	2
WF	155	295	2
WF	155	296	2
WF	155	297	2
WF	155	298	2
WF	155	327	3
WF	157	330	1
WF	157	331	0
WF	160	331	1
WF	161	332	2
WF	163	291	4
WF	163	292	1
WF	163	302	4
WF	163	303	4
WF	163	304	4
WF	163	305	4
WF	163	306	3
WF	163	307	3
WF	163	333	4
WF	163	334	3
WF	163	335	2
WF	165	275	0
WF	165	276	1
WF	165	277	1
WF	165	278	4
WF	165	279	4
WF	165	280	4
WF	165	295	4
WF	165	296	1
WF	165	341	4
WF	167	300	0
WF	167	346	0
WF	170	300	0
WF	170	346	0
WF	171	285	1
WF	171	286	1
WF	171	300	13
WF	171	301	10
WF	171	313	1
WF	171	314	1
WF	171	315	1
WF	171	347	13
WF	173	314	0
WF	173	361	0
WF	176	314	0
WF	176	360	0
WF	177	253	0
WF	177	254	0
WF	177	282	0
WF	177	315	0
WF	177	362	0
WF	179	283	0
WF	179	301	0
WF	179	316	0
WF	179	363	0
WF	182	283	0
WF	182	316	0
WF	182	363	0
WF	183	256	1
WF	183	257	2
WF	183	283	2
WF	183	302	1
WF	183	303	1
WF	183	317	2
WF	183	330	1
WF	183	364	2
WF	185	261	0
WF	185	262	0
WF	185	264	0
WF	185	286	0
WF	185	319	0
WF	185	334	0
WF	185	367	0
WF	188	287	1
WF	188	307	1
WF	188	308	1
WF	188	309	1
WF	188	310	1
WF	188	311	1
WF	188	319	1
WF	188	320	0
WF	188	336	1
WF	188	337	1
WF	188	338	0
WF	188	366	1
WF	188	367	0
WF	190	261	0
WF	190	262	0
WF	190	285	0
WF	190	318	0
WF	190	319	0
WF	190	367	0
WF	191	287	1
WF	191	307	0
WF	191	308	1
WF	191	319	1
WF	191	320	0
WF	191	335	0
WF	191	336	0
WF	191	337	0
WF	191	368	1
WF	193	264	2
WF	193	265	2
WF	193	266	2
WF	193	267	2
WF	193	268	2
WF	193	289	2
WF	193	322	2
WF	193	370	2
WF	195	291	0
WF	195	313	0
WF	195	314	0
WF	195	315	0
WF	195	316	0
WF	195	324	0
WF	195	342	0
WF	195	343	0
WF	195	373	0
WF	198	292	0
WF	198	313	0
WF	198	314	0
WF	198	315	0
WF	198	316	0
WF	198	325	0
WF	198	342	0
WF	198	343	0
WF	198	344	0
WF	198	373	0
WF	199	292	3
WF	199	293	0
WF	199	326	3
WF	199	344	1
WF	199	374	3
WF	201	275	0
WF	201	276	0
WF	201	296	0
WF	201	330	0
WF	201	349	0
WF	201	378	0
WF	204	275	0
WF	204	276	0
WF	204	277	0
WF	204	295	0
WF	204	329	0
WF	204	349	0
WF	204	378	0
WF	205	277	1
WF	205	296	1
WF	205	297	0
WF	205	319	1
WF	205	320	1
WF	205	331	1
WF	205	379	1
WF	207	279	2
WF	207	280	2
WF	207	284	2
WF	207	285	2
WF	207	297	2
WF	207	298	1
WF	207	332	2
WF	207	333	1
WF	207	381	2
WF	210	298	0
WF	210	333	0
WF	210	381	0
WF	211	280	2
WF	211	281	4
WF	211	282	4
WF	211	283	5
WF	211	284	8
WF	211	285	8
WF	211	286	8
WF	211	287	8
WF	211	288	8
WF	211	289	8
WF	211	290	8
WF	211	299	8
WF	211	300	1
WF	211	322	2
WF	211	323	6
WF	211	324	6
WF	211	325	5
WF	211	326	5
WF	211	327	4
WF	211	334	8
WF	211	335	1
WF	211	355	8
WF	211	384	8
WF	213	307	0
WF	213	342	0
WF	213	362	0
WF	213	363	0
WF	213	392	0
WF	216	308	0
WF	216	342	0
WF	216	362	0
WF	216	363	0
WF	216	392	0
WF	217	308	5
WF	217	309	2
WF	217	344	5
WF	217	358	0
WF	217	359	0
WF	217	394	5
WF	219	314	0
WF	219	338	0
WF	219	339	0
WF	219	340	0
WF	219	349	0
WF	219	399	0
WF	222	314	0
WF	222	340	0
WF	222	341	0
WF	222	342	0
WF	222	343	0
WF	222	349	0
WF	222	399	0
WF	223	300	3
WF	223	301	3
WF	223	315	4
WF	223	339	4
WF	223	340	4
WF	223	351	4
WF	223	365	3
WF	223	366	4
WF	223	367	4
WF	223	368	4
WF	223	369	4
WF	223	401	4
WF	225	317	0
WF	225	318	0
WF	225	319	0
WF	225	355	0
WF	225	406	0
WF	228	312	0
WF	228	318	0
WF	228	319	0
WF	228	356	0
WF	228	406	0
WF	229	307	0
WF	229	308	1
WF	229	309	4
WF	229	310	4
WF	229	311	4
WF	229	312	4
WF	229	317	8
WF	229	318	1
WF	229	319	0
WF	229	356	8
WF	229	357	6
WF	229	373	4
WF	229	374	5
WF	229	375	5
WF	229	376	5
WF	229	377	5
WF	229	378	5
WF	229	379	7
WF	229	380	7
WF	229	407	8
WF	231	326	0
WF	231	359	0
WF	231	365	0
WF	231	416	0
WF	233	326	0
WF	233	355	0
WF	233	356	0
WF	233	357	0
WF	233	358	0
WF	233	365	0
WF	233	417	0
WF	236	325	0
WF	236	416	0
WF	238	326	0
WF	238	355	0
WF	238	356	0
WF	238	366	0
WF	238	417	0
WF	239	322	1
WF	239	328	2
WF	239	356	1
WF	239	367	2
WF	239	418	2
WF	241	330	0
WF	241	360	0
WF	241	361	0
WF	241	369	0
WF	244	330	0
WF	244	369	0
WF	245	326	17
WF	245	327	17
WF	245	328	16
WF	245	329	4
WF	245	330	3
WF	245	331	3
WF	245	332	2
WF	245	361	7
WF	245	362	15
WF	245	363	15
WF	245	368	22
WF	245	369	21
WF	245	370	9
WF	245	371	2
WF	245	388	10
WF	245	389	11
WF	245	390	11
WF	245	391	11
WF	245	392	10
WF	245	393	11
WF	245	394	11
WF	245	395	11
WF	245	396	10
WF	245	399	21
WF	245	401	19
WF	245	402	18
WF	245	403	17
WF	245	404	16
WF	245	405	15
WF	245	406	14
WF	245	409	11
WF	245	410	10
WF	245	411	9
WF	245	412	8
WF	245	414	4
WF	245	415	5
WF	245	418	2
WF	245	419	1
WF	245	420	0
WF	247	317	0
WF	247	318	0
WF	247	319	0
WF	247	355	0
WF	247	406	0
WF	249	307	0
WF	249	308	1
WF	249	309	4
WF	249	310	4
WF	249	311	4
WF	249	312	4
WF	249	317	4
WF	249	318	1
WF	249	319	0
WF	249	357	4
WF	249	373	4
WF	249	374	4
WF	249	375	4
WF	249	376	3
WF	249	407	4
WF	251	322	0
WF	251	362	0
WF	251	412	0
WF	254	322	0
WF	254	351	0
WF	254	352	0
WF	254	353	0
WF	254	362	0
WF	254	413	0
WF	256	321	0
WF	256	354	0
WF	256	355	0
WF	256	361	0
WF	256	412	0
WF	257	323	0
WF	257	351	0
WF	257	352	0
WF	257	363	0
WF	257	413	0
WF	259	318	2
WF	259	324	2
WF	259	364	2
WF	259	414	2
WF	259	419	1
WF	261	326	0
WF	261	355	0
WF	261	366	0
WF	261	417	0
WF	264	322	0
WF	264	323	0
WF	264	326	0
WF	264	355	0
WF	264	356	0
WF	264	367	0
WF	264	417	0
WF	265	322	1
WF	265	328	1
WF	265	357	0
WF	265	368	1
WF	265	384	1
WF	265	418	1
WF	267	330	0
WF	267	370	0
WF	267	420	0
WF	269	330	0
WF	269	370	0
WF	272	329	1
WF	272	370	1
WF	272	390	1
WF	273	372	0
WF	275	326	1
WF	275	327	1
WF	275	331	8
WF	275	332	0
WF	275	359	6
WF	275	360	8
WF	275	361	8
WF	275	362	8
WF	275	363	8
WF	275	364	8
WF	275	365	8
WF	275	366	8
WF	275	373	8
WF	275	387	4
WF	275	388	5
WF	275	389	8
WF	275	390	8
WF	275	393	8
WF	275	394	7
WF	275	413	7
WF	275	414	6
WF	275	416	4
WF	275	417	3
WF	275	418	2
WF	275	419	1
WF	275	420	0
WF	277	339	0
WF	277	381	0
WF	277	400	0
WF	277	401	0
WF	279	340	0
WF	279	382	0
WF	279	400	0
WF	279	401	0
WF	282	381	0
WF	282	400	0
WF	282	401	0
WF	283	335	8
WF	283	336	8
WF	283	340	10
WF	283	341	5
WF	283	371	6
WF	283	372	10
WF	283	373	10
WF	283	374	9
WF	283	375	8
WF	283	376	7
WF	283	378	6
WF	283	379	6
WF	283	380	6
WF	283	381	6
WF	283	382	5
WF	283	383	0
WF	283	397	10
WF	283	414	6
WF	285	350	0
WF	285	394	0
WF	285	409	0
WF	285	410	0
WF	285	411	0
WF	287	395	0
WF	287	416	0
WF	65535	349	6
WF	65535	350	13
WF	65535	351	13
WF	65535	352	12
WF	65535	353	4
WF	65535	384	6
WF	65535	385	14
WF	65535	386	17
WF	65535	387	20
WF	65535	388	20
WF	65535	389	19
WF	65535	390	30
WF	65535	392	2
WF	65535	393	10
WF	65535	394	10
WF	65535	395	9
WF	65535	396	0
WF	65535	412	8
WF	65535	413	0
WF	65535	414	0
WF	65535	415	3
WF	65535	416	3
WF	65535	417	3
WF	65535	420	0
[gfa_ed_step] dist=18, n=725, n_intv=308, n_tb=0
Z	0	-1	18
Z	3	36	54
Z	6	34	54
Z	7	21	23
Z	7	24	55
Z	9	49	79
Z	11	47	79
Z	13	50	80
Z	15	63	92
Z	17	61	92
Z	19	60	93
Z	21	69	101
Z	23	67	101
Z	25	69	102
Z	27	75	109
Z	29	77	109
Z	31	92	110
Z	33	160	178
Z	35	158	178
Z	37	149	179
Z	39	167	198
Z	42	169	198
Z	43	167	180
Z	43	181	199
Z	45	190	204
Z	45	205	223
Z	47	192	223
Z	49	195	224
Z	51	196	200
Z	51	201	227
Z	54	196	200
Z	54	202	227
Z	55	194	228
Z	57	219	252
Z	59	229	231
Z	59	234	251
Z	61	244	262
Z	63	235	264
Z	65	247	277
Z	67	247	276
Z	69	246	276
Z	71	252	283
Z	73	255	284
Z	76	254	255
Z	76	257	284
Z	77	257	284
Z	79	263	288
Z	82	263	288
Z	83	263	290
Z	87	248	266
Z	89	255	273
Z	92	253	273
Z	93	248	274
Z	95	256	281
Z	98	254	281
Z	99	253	282
Z	101	255	285
Z	104	255	285
Z	105	252	286
Z	107	256	291
Z	110	256	290
Z	111	256	292
Z	113	261	293
Z	116	258	261
Z	116	263	293
Z	117	263	295
Z	119	264	297
Z	122	266	297
Z	123	263	298
Z	125	269	300
Z	128	267	270
Z	128	271	301
Z	129	270	302
Z	131	272	305
Z	134	272	305
Z	135	272	306
Z	138	274	309
Z	139	279	309
Z	141	287	318
Z	144	287	318
Z	145	286	319
Z	147	292	326
Z	150	292	326
Z	151	294	326
Z	153	292	327
Z	155	299	328
Z	157	302	331
Z	160	301	332
Z	161	302	333
Z	163	270	292
Z	163	301	334
Z	165	277	296
Z	165	308	342
Z	167	284	285
Z	167	287	301
Z	167	312	347
Z	170	283	284
Z	170	285	301
Z	170	314	347
Z	171	287	301
Z	171	316	348
Z	173	302	315
Z	173	329	362
Z	176	300	315
Z	176	329	361
Z	177	252	283
Z	177	300	316
Z	177	329	363
Z	179	254	255
Z	179	257	284
Z	179	300	317
Z	179	331	364
Z	182	255	284
Z	182	302	317
Z	182	329	364
Z	183	256	285
Z	183	304	318
Z	183	331	365
Z	185	260	287
Z	185	306	320
Z	185	333	368
Z	188	263	288
Z	188	306	320
Z	188	335	338
Z	188	339	367
Z	190	260	286
Z	190	287	288
Z	190	306	321
Z	190	335	346
Z	190	347	368
Z	191	263	288
Z	191	307	320
Z	191	338	369
Z	193	263	290
Z	193	310	323
Z	193	339	371
Z	195	272	292
Z	195	312	325
Z	195	341	374
Z	198	273	293
Z	198	312	317
Z	198	318	326
Z	198	341	374
Z	199	271	293
Z	199	315	327
Z	199	345	375
Z	201	274	297
Z	201	320	331
Z	201	348	379
Z	204	274	278
Z	204	279	296
Z	204	318	330
Z	204	348	379
Z	205	276	297
Z	205	318	332
Z	205	349	380
Z	207	278	298
Z	207	323	333
Z	207	350	382
Z	210	281	299
Z	210	322	334
Z	210	350	382
Z	211	283	300
Z	211	328	335
Z	211	349	385
Z	213	293	294
Z	213	295	296
Z	213	298	308
Z	213	335	343
Z	213	357	365
Z	213	366	393
Z	216	298	309
Z	216	337	343
Z	216	357	393
Z	217	295	309
Z	217	332	345
Z	217	360	395
Z	219	300	315
Z	219	337	350
Z	219	365	401
Z	222	302	315
Z	222	339	351
Z	222	365	377
Z	222	378	400
Z	223	302	316
Z	223	338	352
Z	223	365	402
Z	225	306	321
Z	225	345	346
Z	225	347	356
Z	225	372	385
Z	225	386	407
Z	228	306	320
Z	228	344	357
Z	228	371	372
Z	228	376	407
Z	229	313	318
Z	229	346	357
Z	229	378	408
Z	231	323	327
Z	231	354	366
Z	231	388	417
Z	233	322	327
Z	233	354	366
Z	233	389	418
Z	236	321	326
Z	236	356	365
Z	236	391	417
Z	238	321	327
Z	238	354	367
Z	238	389	418
Z	239	323	329
Z	239	357	368
Z	239	387	419
Z	241	326	331
Z	241	359	370
Z	241	389	421
Z	244	326	331
Z	244	361	370
Z	244	389	421
Z	245	364	370
Z	245	397	399
Z	247	306	321
Z	247	345	346
Z	247	347	356
Z	247	372	385
Z	247	386	407
Z	247	419	421
Z	249	307	318
Z	249	346	358
Z	249	372	376
Z	249	377	408
Z	249	415	417
Z	251	317	318
Z	251	319	323
Z	251	350	363
Z	251	381	413
Z	251	419	421
Z	254	318	323
Z	254	350	363
Z	254	383	414
Z	254	419	421
Z	256	313	314
Z	256	317	322
Z	256	352	362
Z	256	378	379
Z	256	381	413
Z	256	419	421
Z	257	317	324
Z	257	350	364
Z	257	379	380
Z	257	381	414
Z	257	419	421
Z	259	317	325
Z	259	352	365
Z	259	382	415
Z	261	322	327
Z	261	354	367
Z	261	384	418
Z	264	321	327
Z	264	354	357
Z	264	358	368
Z	264	386	418
Z	265	321	329
Z	265	358	369
Z	265	383	419
Z	267	326	331
Z	267	359	371
Z	267	387	421
Z	269	326	331
Z	269	359	371
Z	269	387	421
Z	272	324	330
Z	272	359	371
Z	272	387	420
Z	273	326	331
Z	273	360	373
Z	273	388	421
Z	275	328	332
Z	275	359	374
Z	275	388	394
Z	275	395	413
Z	277	337	340
Z	277	374	382
Z	277	399	402
Z	277	403	421
Z	279	335	341
Z	279	372	383
Z	279	399	402
Z	279	403	421
Z	282	335	340
Z	282	369	370
Z	282	371	372
Z	282	376	382
Z	282	399	402
Z	282	405	421
Z	283	335	341
Z	283	371	376
Z	283	377	378
Z	283	396	411
Z	285	349	352
Z	285	388	395
Z	285	408	421
Z	287	350	351
Z	287	352	353
Z	287	387	396
Z	287	410	411
Z	287	412	421
WF	0	18	35
WF	3	54	0
WF	6	54	0
WF	7	19	22
WF	7	20	22
WF	7	23	23
WF	7	55	23
WF	9	45	0
WF	9	46	0
WF	9	79	0
WF	11	45	0
WF	11	46	0
WF	11	79	0
WF	13	45	5
WF	13	46	5
WF	13	47	4
WF	13	48	4
WF	13	49	4
WF	13	80	11
WF	15	92	0
WF	17	92	0
WF	19	93	7
WF	21	101	0
WF	23	101	0
WF	25	66	4
WF	25	67	4
WF	25	68	4
WF	25	102	6
WF	27	109	0
WF	29	109	0
WF	31	74	21
WF	31	75	26
WF	31	76	28
WF	31	77	28
WF	31	78	28
WF	31	79	29
WF	31	80	29
WF	31	81	28
WF	31	82	26
WF	31	83	27
WF	31	84	27
WF	31	85	26
WF	31	86	26
WF	31	87	26
WF	31	88	25
WF	31	89	24
WF	31	90	24
WF	31	91	23
WF	31	110	67
WF	33	178	0
WF	35	178	0
WF	37	179	18
WF	39	198	0
WF	42	198	0
WF	43	163	22
WF	43	164	22
WF	43	165	23
WF	43	166	23
WF	43	180	23
WF	43	199	23
WF	45	204	0
WF	45	223	0
WF	47	223	0
WF	49	191	2
WF	49	192	2
WF	49	193	1
WF	49	194	1
WF	49	224	2
WF	51	200	0
WF	51	227	0
WF	54	200	0
WF	54	201	0
WF	54	227	0
WF	55	192	18
WF	55	193	21
WF	55	228	23
WF	57	252	0
WF	59	218	0
WF	59	219	0
WF	59	220	5
WF	59	221	7
WF	59	222	7
WF	59	223	7
WF	59	224	7
WF	59	225	7
WF	59	226	6
WF	59	227	5
WF	59	228	5
WF	59	231	9
WF	59	232	8
WF	59	233	7
WF	59	251	9
WF	59	252	5
WF	59	253	2
WF	61	239	1
WF	61	240	1
WF	61	241	0
WF	61	262	3
WF	63	264	12
WF	63	265	6
WF	63	266	0
WF	65	277	0
WF	67	276	0
WF	69	244	4
WF	69	245	4
WF	69	276	6
WF	69	277	4
WF	69	278	1
WF	71	283	0
WF	73	253	0
WF	73	254	0
WF	73	284	0
WF	76	255	0
WF	76	284	0
WF	77	254	0
WF	77	255	2
WF	77	256	3
WF	77	284	3
WF	77	285	2
WF	79	261	1
WF	79	262	1
WF	79	288	1
WF	82	261	0
WF	82	262	0
WF	82	288	1
WF	83	290	2
WF	86	266	0
WF	86	267	0
WF	86	268	0
WF	86	269	6
WF	86	270	8
WF	86	271	11
WF	86	272	13
WF	86	273	16
WF	86	274	18
WF	86	275	26
WF	86	276	31
WF	86	277	31
WF	86	278	34
WF	86	279	34
WF	86	280	34
WF	86	281	33
WF	86	282	32
WF	86	283	30
WF	86	284	29
WF	86	285	21
WF	86	286	19
WF	86	287	14
WF	86	288	13
WF	86	289	12
WF	86	290	9
WF	86	291	6
WF	86	292	1
WF	87	266	6
WF	89	273	0
WF	92	273	0
WF	93	274	6
WF	95	281	0
WF	98	281	0
WF	99	282	2
WF	101	285	0
WF	104	285	0
WF	105	286	4
WF	107	291	0
WF	110	290	0
WF	111	292	0
WF	113	257	0
WF	113	258	0
WF	113	259	1
WF	113	260	1
WF	113	293	1
WF	116	261	1
WF	116	262	0
WF	116	293	1
WF	117	259	0
WF	117	260	0
WF	117	261	0
WF	117	262	0
WF	117	295	1
WF	119	297	0
WF	122	297	0
WF	123	298	2
WF	125	266	0
WF	125	267	0
WF	125	268	0
WF	125	300	0
WF	128	270	0
WF	128	301	0
WF	129	267	1
WF	129	268	1
WF	129	269	1
WF	129	302	2
WF	131	305	0
WF	134	305	0
WF	135	306	2
WF	138	309	1
WF	139	273	5
WF	139	274	6
WF	139	275	6
WF	139	276	6
WF	139	277	7
WF	139	278	7
WF	139	309	8
WF	139	310	4
WF	141	318	0
WF	144	318	0
WF	145	283	5
WF	145	284	5
WF	145	285	5
WF	145	319	6
WF	147	326	0
WF	150	326	1
WF	151	326	0
WF	153	327	0
WF	155	293	3
WF	155	294	3
WF	155	295	3
WF	155	296	3
WF	155	297	3
WF	155	298	3
WF	155	328	3
WF	157	331	1
WF	157	332	0
WF	160	332	1
WF	161	333	2
WF	161	334	0
WF	163	266	0
WF	163	267	0
WF	163	268	0
WF	163	269	0
WF	163	292	4
WF	163	293	1
WF	163	334	4
WF	163	335	3
WF	163	336	2
WF	165	274	1
WF	165	275	2
WF	165	276	2
WF	165	296	4
WF	165	297	1
WF	165	306	0
WF	165	307	0
WF	165	342	4
WF	167	282	0
WF	167	283	0
WF	167	285	0
WF	167	301	0
WF	167	347	0
WF	170	284	0
WF	170	301	0
WF	170	347	0
WF	171	283	0
WF	171	284	2
WF	171	285	2
WF	171	286	2
WF	171	301	13
WF	171	302	10
WF	171	312	2
WF	171	313	2
WF	171	314	2
WF	171	315	2
WF	171	348	13
WF	173	315	0
WF	173	362	0
WF	176	315	0
WF	176	361	0
WF	177	283	0
WF	177	316	0
WF	177	363	0
WF	179	255	0
WF	179	284	0
WF	179	317	0
WF	179	364	0
WF	182	253	0
WF	182	254	0
WF	182	284	0
WF	182	317	0
WF	182	364	0
WF	183	254	0
WF	183	255	2
WF	183	285	2
WF	183	301	2
WF	183	302	2
WF	183	303	2
WF	183	318	2
WF	183	329	2
WF	183	330	2
WF	183	365	2
WF	185	259	0
WF	185	287	0
WF	185	320	0
WF	185	368	0
WF	188	261	1
WF	188	262	1
WF	188	288	1
WF	188	320	1
WF	188	321	0
WF	188	334	0
WF	188	338	1
WF	188	367	1
WF	188	368	0
WF	190	286	0
WF	190	321	0
WF	190	368	0
WF	191	260	0
WF	191	261	0
WF	191	262	0
WF	191	288	1
WF	191	289	0
WF	191	306	1
WF	191	320	1
WF	191	321	0
WF	191	334	1
WF	191	335	1
WF	191	336	1
WF	191	337	1
WF	191	369	1
WF	193	290	2
WF	193	308	0
WF	193	309	0
WF	193	323	2
WF	193	337	1
WF	193	338	1
WF	193	371	2
WF	195	266	0
WF	195	267	0
WF	195	268	0
WF	195	269	0
WF	195	270	0
WF	195	271	0
WF	195	292	0
WF	195	325	0
WF	195	374	0
WF	198	266	0
WF	198	267	0
WF	198	268	0
WF	198	269	0
WF	198	270	0
WF	198	271	0
WF	198	293	0
WF	198	317	0
WF	198	326	0
WF	198	374	0
WF	199	293	3
WF	199	294	0
WF	199	313	0
WF	199	314	0
WF	199	327	3
WF	199	342	1
WF	199	343	3
WF	199	344	3
WF	199	375	3
WF	201	297	0
WF	201	331	0
WF	201	379	0
WF	204	278	0
WF	204	296	0
WF	204	330	0
WF	204	379	0
WF	205	275	0
WF	205	297	1
WF	205	298	0
WF	205	332	1
WF	205	380	1
WF	207	298	2
WF	207	299	1
WF	207	320	0
WF	207	321	0
WF	207	322	0
WF	207	333	2
WF	207	334	1
WF	207	382	2
WF	210	278	0
WF	210	279	0
WF	210	299	0
WF	210	320	0
WF	210	321	0
WF	210	334	0
WF	210	382	0
WF	211	279	3
WF	211	280	5
WF	211	281	6
WF	211	282	6
WF	211	300	8
WF	211	301	2
WF	211	321	4
WF	211	322	7
WF	211	323	7
WF	211	324	7
WF	211	325	6
WF	211	326	6
WF	211	327	5
WF	211	335	8
WF	211	336	1
WF	211	385	8
WF	213	294	0
WF	213	296	0
WF	213	297	0
WF	213	308	0
WF	213	343	0
WF	213	393	0
WF	216	292	0
WF	216	293	0
WF	216	294	0
WF	216	295	0
WF	216	296	0
WF	216	297	0
WF	216	309	0
WF	216	343	0
WF	216	393	0
WF	217	293	0
WF	217	294	0
WF	217	309	5
WF	217	310	2
WF	217	345	5
WF	217	357	1
WF	217	358	1
WF	217	359	1
WF	217	395	5
WF	219	315	0
WF	219	350	0
WF	219	401	0
WF	222	315	0
WF	222	351	0
WF	222	400	0
WF	223	299	4
WF	223	300	4
WF	223	301	4
WF	223	316	4
WF	223	352	4
WF	223	364	4
WF	223	402	4
WF	225	321	0
WF	225	343	0
WF	225	344	0
WF	225	356	0
WF	225	370	0
WF	225	371	0
WF	225	407	0
WF	228	320	0
WF	228	357	0
WF	228	372	0
WF	228	373	0
WF	228	374	0
WF	228	407	0
WF	229	306	1
WF	229	307	5
WF	229	308	5
WF	229	309	5
WF	229	310	5
WF	229	311	6
WF	229	312	6
WF	229	318	8
WF	229	319	2
WF	229	320	0
WF	229	321	0
WF	229	344	0
WF	229	345	1
WF	229	357	8
WF	229	358	6
WF	229	371	0
WF	229	372	5
WF	229	373	6
WF	229	374	8
WF	229	375	8
WF	229	376	7
WF	229	377	7
WF	229	408	8
WF	231	327	0
WF	231	366	0
WF	231	417	0
WF	233	327	0
WF	233	366	0
WF	233	388	0
WF	233	418	0
WF	236	326	0
WF	236	365	0
WF	236	387	0
WF	236	388	0
WF	236	389	0
WF	236	417	0
WF	238	327	0
WF	238	367	0
WF	238	418	0
WF	239	321	2
WF	239	322	2
WF	239	329	2
WF	239	355	2
WF	239	356	2
WF	239	368	2
WF	241	331	0
WF	241	370	0
WF	244	331	0
WF	244	370	0
WF	245	325	18
WF	245	326	22
WF	245	327	22
WF	245	328	21
WF	245	329	16
WF	245	330	4
WF	245	331	4
WF	245	332	3
WF	245	333	2
WF	245	360	8
WF	245	361	16
WF	245	362	19
WF	245	363	19
WF	245	370	22
WF	245	371	11
WF	245	372	2
WF	245	387	11
WF	245	388	12
WF	245	389	12
WF	245	390	12
WF	245	391	12
WF	245	392	13
WF	245	393	13
WF	245	394	12
WF	245	395	13
WF	245	396	13
WF	245	400	20
WF	245	401	19
WF	245	402	18
WF	245	403	17
WF	245	404	16
WF	245	405	15
WF	245	408	12
WF	245	409	11
WF	245	410	10
WF	245	411	9
WF	245	413	5
WF	245	414	6
WF	245	417	3
WF	245	418	2
WF	245	419	1
WF	247	321	0
WF	247	343	0
WF	247	344	0
WF	247	356	0
WF	247	370	0
WF	247	371	0
WF	247	407	0
WF	249	306	1
WF	249	318	4
WF	249	319	2
WF	249	320	0
WF	249	321	0
WF	249	344	0
WF	249	345	1
WF	249	358	4
WF	249	371	0
WF	249	376	4
WF	249	408	4
WF	251	312	0
WF	251	313	0
WF	251	314	0
WF	251	315	0
WF	251	316	0
WF	251	318	0
WF	251	323	0
WF	251	363	0
WF	251	377	0
WF	251	378	0
WF	251	379	0
WF	251	380	0
WF	251	413	0
WF	254	317	0
WF	254	323	0
WF	254	363	0
WF	254	414	0
WF	256	314	0
WF	256	315	0
WF	256	316	0
WF	256	322	0
WF	256	362	0
WF	256	379	0
WF	256	380	0
WF	256	413	0
WF	257	313	0
WF	257	314	0
WF	257	324	0
WF	257	364	0
WF	257	380	0
WF	257	414	0
WF	259	325	2
WF	259	351	0
WF	259	365	2
WF	259	379	0
WF	259	380	0
WF	259	415	2
WF	259	418	2
WF	261	320	0
WF	261	321	0
WF	261	327	0
WF	261	367	0
WF	261	418	0
WF	264	327	0
WF	264	357	0
WF	264	368	0
WF	264	418	0
WF	265	329	1
WF	265	355	0
WF	265	356	1
WF	265	357	1
WF	265	369	1
WF	265	419	1
WF	267	323	0
WF	267	324	0
WF	267	331	0
WF	267	371	0
WF	267	385	0
WF	267	386	0
WF	269	331	0
WF	269	371	0
WF	272	323	0
WF	272	330	1
WF	272	331	0
WF	272	371	1
WF	272	385	0
WF	272	386	0
WF	272	420	0
WF	273	331	0
WF	273	373	0
WF	275	325	2
WF	275	326	2
WF	275	327	2
WF	275	332	8
WF	275	333	1
WF	275	358	7
WF	275	374	8
WF	275	386	6
WF	275	387	6
WF	275	394	8
WF	275	413	7
WF	275	415	5
WF	275	416	4
WF	275	417	3
WF	275	418	2
WF	275	419	1
WF	275	420	0
WF	277	340	0
WF	277	368	0
WF	277	369	0
WF	277	370	0
WF	277	371	0
WF	277	372	0
WF	277	373	0
WF	277	382	0
WF	277	397	0
WF	277	398	0
WF	277	402	0
WF	279	341	0
WF	279	368	0
WF	279	369	0
WF	279	370	0
WF	279	371	0
WF	279	383	0
WF	279	397	0
WF	279	398	0
WF	279	402	0
WF	282	340	0
WF	282	370	0
WF	282	372	0
WF	282	373	0
WF	282	374	0
WF	282	375	0
WF	282	382	0
WF	282	397	0
WF	282	398	0
WF	282	402	0
WF	283	334	9
WF	283	341	10
WF	283	342	5
WF	283	369	0
WF	283	370	7
WF	283	376	10
WF	283	378	9
WF	283	379	9
WF	283	380	8
WF	283	381	7
WF	283	382	6
WF	283	383	5
WF	283	384	0
WF	283	413	7
WF	285	346	0
WF	285	347	0
WF	285	382	0
WF	285	383	0
WF	285	384	0
WF	285	385	0
WF	285	386	0
WF	285	395	0
WF	285	407	0
WF	287	351	0
WF	287	353	0
WF	287	396	0
WF	287	411	0
WF	65535	348	7
WF	65535	349	14
WF	65535	350	14
WF	65535	351	14
WF	65535	352	13
WF	65535	353	12
WF	65535	354	4
WF	65535	383	7
WF	65535	384	15
WF	65535	385	18
WF	65535	386	21
WF	65535	387	21
WF	65535	388	21
WF	65535	389	31
WF	65535	391	4
WF	65535	392	11
WF	65535	393	11
WF	65535	394	11
WF	65535	395	10
WF	65535	396	9
WF	65535	397	0
WF	65535	410	0
WF	65535	411	9
WF	65535	414	4
WF	65535	415	4
WF	65535	416	4
WF	65535	417	0
WF	65535	419	1
[gfa_ed_step] dist=19, n=716, n_intv=302, n_tb=0
Z	0	-1	19
Z	3	36	55
Z	6	34	55
Z	7	18	56
Z	9	43	47
Z	9	49	80
Z	11	44	80
Z	13	50	81
Z	15	63	93
Z	17	61	93
Z	19	60	94
Z	21	69	102
Z	23	67	102
Z	25	69	103
Z	27	75	110
Z	29	77	110
Z	31	92	111
Z	33	160	179
Z	35	158	179
Z	37	149	180
Z	39	167	199
Z	42	169	199
Z	43	164	200
Z	45	190	224
Z	47	189	190
Z	47	192	224
Z	49	190	225
Z	51	195	228
Z	54	194	195
Z	54	196	228
Z	55	194	229
Z	57	219	253
Z	59	229	232
Z	59	234	252
Z	61	238	240
Z	61	244	263
Z	63	235	265
Z	65	247	278
Z	67	247	277
Z	69	246	277
Z	71	252	284
Z	73	252	285
Z	76	254	256
Z	76	257	285
Z	77	254	285
Z	79	260	289
Z	82	261	289
Z	83	263	291
Z	87	248	267
Z	89	255	274
Z	92	253	274
Z	93	248	275
Z	95	256	282
Z	98	254	282
Z	99	253	283
Z	101	255	286
Z	104	255	286
Z	105	252	287
Z	107	256	292
Z	110	256	291
Z	111	256	293
Z	113	256	294
Z	116	258	262
Z	116	263	294
Z	117	261	296
Z	119	264	298
Z	122	264	265
Z	122	266	298
Z	123	263	299
Z	125	265	301
Z	128	267	302
Z	129	270	303
Z	131	272	306
Z	134	272	306
Z	135	272	307
Z	138	274	310
Z	139	279	310
Z	141	287	319
Z	144	287	319
Z	145	286	320
Z	147	292	327
Z	150	292	327
Z	151	294	327
Z	153	292	328
Z	155	292	329
Z	157	302	332
Z	160	301	333
Z	161	302	334
Z	163	270	293
Z	163	301	335
Z	165	277	297
Z	165	308	343
Z	167	281	286
Z	167	287	302
Z	167	312	348
Z	170	283	302
Z	170	314	348
Z	171	287	302
Z	171	316	349
Z	173	302	316
Z	173	329	363
Z	176	300	316
Z	176	329	362
Z	177	252	284
Z	177	300	317
Z	177	329	364
Z	179	254	256
Z	179	257	285
Z	179	300	318
Z	179	331	365
Z	182	252	285
Z	182	302	318
Z	182	329	365
Z	183	254	286
Z	183	300	319
Z	183	328	366
Z	185	258	288
Z	185	306	321
Z	185	332	369
Z	188	260	289
Z	188	306	321
Z	188	335	368
Z	190	260	288
Z	190	305	322
Z	190	333	334
Z	190	335	346
Z	190	347	369
Z	191	261	289
Z	191	305	321
Z	191	333	370
Z	193	263	291
Z	193	310	324
Z	193	339	372
Z	195	265	294
Z	195	312	326
Z	195	341	375
Z	198	265	272
Z	198	273	294
Z	198	312	327
Z	198	341	375
Z	199	271	294
Z	199	315	328
Z	199	342	376
Z	201	274	298
Z	201	320	332
Z	201	347	380
Z	204	274	297
Z	204	318	331
Z	204	348	380
Z	205	276	298
Z	205	318	333
Z	205	348	381
Z	207	278	299
Z	207	323	334
Z	207	350	383
Z	210	277	280
Z	210	281	300
Z	210	319	335
Z	210	350	383
Z	211	283	301
Z	211	328	336
Z	211	349	386
Z	213	293	310
Z	213	335	345
Z	213	357	365
Z	213	366	394
Z	216	291	310
Z	216	337	344
Z	216	357	394
Z	217	295	310
Z	217	332	346
Z	217	360	396
Z	219	300	316
Z	219	337	351
Z	219	365	402
Z	222	302	316
Z	222	339	352
Z	222	365	377
Z	222	378	401
Z	223	298	317
Z	223	338	353
Z	223	363	403
Z	225	305	322
Z	225	342	346
Z	225	347	358
Z	225	369	385
Z	225	386	408
Z	228	306	321
Z	228	344	358
Z	228	369	370
Z	228	371	375
Z	228	376	408
Z	229	313	319
Z	229	346	358
Z	229	373	409
Z	231	323	328
Z	231	354	367
Z	231	388	418
Z	233	322	328
Z	233	354	367
Z	233	387	419
Z	236	321	327
Z	236	356	367
Z	236	386	390
Z	236	391	418
Z	238	321	328
Z	238	354	368
Z	238	389	419
Z	239	320	330
Z	239	354	369
Z	239	387	419
Z	241	326	332
Z	241	359	371
Z	241	389	421
Z	244	324	325
Z	244	326	332
Z	244	358	359
Z	244	361	371
Z	244	389	421
Z	245	325	329
Z	245	364	371
Z	245	397	399
Z	247	305	322
Z	247	342	346
Z	247	347	358
Z	247	369	385
Z	247	386	408
Z	247	419	421
Z	249	307	320
Z	249	344	359
Z	249	372	409
Z	249	415	417
Z	251	311	324
Z	251	350	364
Z	251	376	414
Z	251	419	421
Z	254	314	324
Z	254	350	364
Z	254	380	381
Z	254	383	415
Z	254	419	421
Z	256	313	323
Z	256	350	351
Z	256	352	363
Z	256	378	414
Z	256	419	421
Z	257	312	315
Z	257	316	325
Z	257	350	365
Z	257	379	415
Z	257	419	421
Z	259	316	326
Z	259	352	366
Z	259	382	416
Z	259	417	419
Z	261	319	328
Z	261	354	368
Z	261	384	419
Z	264	321	328
Z	264	354	369
Z	264	386	419
Z	265	321	330
Z	265	355	370
Z	265	383	420
Z	267	322	325
Z	267	326	332
Z	267	359	372
Z	267	384	421
Z	269	326	332
Z	269	359	372
Z	269	387	421
Z	272	322	331
Z	272	359	372
Z	272	384	386
Z	272	387	420
Z	273	326	333
Z	273	360	374
Z	273	388	421
Z	275	328	333
Z	275	359	375
Z	275	388	413
Z	277	337	342
Z	277	367	384
Z	277	396	421
Z	279	335	342
Z	279	367	384
Z	279	396	421
Z	282	335	341
Z	282	369	383
Z	282	396	403
Z	282	405	421
Z	283	335	342
Z	283	371	381
Z	283	396	411
Z	285	345	348
Z	285	349	352
Z	285	381	396
Z	285	406	421
Z	287	350	354
Z	287	387	397
Z	287	408	409
Z	287	410	421
WF	0	19	35
WF	3	55	0
WF	6	55	0
WF	7	56	23
WF	9	47	0
WF	9	80	0
WF	11	42	0
WF	11	43	0
WF	11	80	0
WF	13	43	0
WF	13	44	6
WF	13	45	6
WF	13	46	6
WF	13	47	5
WF	13	48	5
WF	13	49	5
WF	13	81	11
WF	15	93	0
WF	17	93	0
WF	19	94	7
WF	21	102	0
WF	23	102	0
WF	25	65	5
WF	25	66	5
WF	25	67	6
WF	25	68	6
WF	25	103	6
WF	27	110	0
WF	29	110	0
WF	31	73	22
WF	31	74	27
WF	31	75	29
WF	31	76	29
WF	31	77	29
WF	31	78	31
WF	31	79	31
WF	31	80	30
WF	31	81	29
WF	31	82	28
WF	31	83	29
WF	31	84	29
WF	31	85	28
WF	31	86	31
WF	31	87	31
WF	31	88	30
WF	31	89	26
WF	31	90	26
WF	31	91	25
WF	31	111	67
WF	33	179	0
WF	35	179	0
WF	37	180	18
WF	39	199	0
WF	42	199	0
WF	43	162	23
WF	43	163	23
WF	43	200	23
WF	45	188	0
WF	45	189	0
WF	45	224	0
WF	47	190	0
WF	47	224	0
WF	49	189	0
WF	49	225	2
WF	51	193	0
WF	51	194	0
WF	51	228	0
WF	54	195	0
WF	54	228	0
WF	55	191	19
WF	55	192	22
WF	55	193	22
WF	55	229	23
WF	57	253	0
WF	59	217	1
WF	59	218	2
WF	59	219	7
WF	59	220	8
WF	59	221	8
WF	59	222	8
WF	59	223	8
WF	59	224	8
WF	59	225	8
WF	59	226	7
WF	59	227	7
WF	59	228	6
WF	59	232	9
WF	59	233	9
WF	59	252	9
WF	59	253	7
WF	59	254	6
WF	61	240	3
WF	61	241	2
WF	61	242	0
WF	61	263	3
WF	63	265	12
WF	63	266	7
WF	63	267	0
WF	65	278	0
WF	67	277	0
WF	69	243	5
WF	69	244	5
WF	69	245	5
WF	69	277	6
WF	69	278	4
WF	69	279	1
WF	71	284	0
WF	73	285	0
WF	76	256	0
WF	76	285	0
WF	77	253	1
WF	77	285	3
WF	77	286	2
WF	79	258	0
WF	79	259	0
WF	79	289	1
WF	82	258	0
WF	82	259	0
WF	82	260	1
WF	82	289	1
WF	83	262	0
WF	83	291	2
WF	86	265	3
WF	86	266	3
WF	86	267	3
WF	86	268	7
WF	86	269	9
WF	86	270	12
WF	86	271	15
WF	86	272	17
WF	86	273	19
WF	86	274	27
WF	86	275	32
WF	86	276	32
WF	86	277	36
WF	86	278	36
WF	86	279	35
WF	86	280	35
WF	86	281	34
WF	86	282	33
WF	86	283	32
WF	86	284	30
WF	86	285	29
WF	86	286	21
WF	86	287	19
WF	86	288	16
WF	86	289	14
WF	86	290	13
WF	86	291	9
WF	86	292	6
WF	86	293	1
WF	86	294	0
WF	87	242	0
WF	87	243	0
WF	87	267	6
WF	89	274	0
WF	92	274	0
WF	93	275	6
WF	95	282	0
WF	98	282	0
WF	99	283	2
WF	101	286	0
WF	104	286	0
WF	105	287	4
WF	107	292	0
WF	110	291	0
WF	111	293	0
WF	113	294	1
WF	116	262	1
WF	116	294	1
WF	117	258	1
WF	117	259	1
WF	117	260	1
WF	117	296	1
WF	119	263	0
WF	119	298	0
WF	122	265	0
WF	122	298	0
WF	123	299	2
WF	125	301	0
WF	128	302	0
WF	129	266	2
WF	129	267	2
WF	129	268	2
WF	129	269	2
WF	129	303	2
WF	131	306	0
WF	134	306	0
WF	135	307	2
WF	138	310	1
WF	139	272	6
WF	139	273	7
WF	139	274	7
WF	139	275	7
WF	139	276	8
WF	139	277	8
WF	139	278	8
WF	139	310	8
WF	139	311	4
WF	139	312	0
WF	141	319	0
WF	144	319	0
WF	145	282	6
WF	145	283	6
WF	145	284	6
WF	145	285	6
WF	145	320	6
WF	147	327	0
WF	150	327	1
WF	151	327	0
WF	153	328	0
WF	155	329	3
WF	157	296	0
WF	157	297	0
WF	157	298	1
WF	157	299	1
WF	157	300	0
WF	157	301	0
WF	157	332	1
WF	157	333	0
WF	160	296	0
WF	160	297	0
WF	160	298	0
WF	160	299	0
WF	160	300	0
WF	160	333	1
WF	161	334	2
WF	161	335	0
WF	163	265	3
WF	163	266	3
WF	163	267	3
WF	163	268	2
WF	163	269	1
WF	163	293	4
WF	163	294	1
WF	163	335	4
WF	163	336	3
WF	163	337	2
WF	165	273	2
WF	165	274	3
WF	165	275	3
WF	165	276	3
WF	165	297	4
WF	165	298	1
WF	165	305	1
WF	165	306	1
WF	165	307	1
WF	165	343	4
WF	167	286	0
WF	167	302	0
WF	167	348	0
WF	170	302	0
WF	170	348	0
WF	171	282	1
WF	171	283	4
WF	171	284	4
WF	171	285	3
WF	171	286	3
WF	171	302	13
WF	171	303	10
WF	171	311	3
WF	171	312	4
WF	171	313	4
WF	171	314	3
WF	171	315	3
WF	171	349	13
WF	173	316	0
WF	173	363	0
WF	176	316	0
WF	176	362	0
WF	177	284	0
WF	177	317	0
WF	177	364	0
WF	179	256	0
WF	179	285	0
WF	179	318	0
WF	179	365	0
WF	182	285	0
WF	182	318	0
WF	182	365	0
WF	183	253	1
WF	183	286	2
WF	183	319	2
WF	183	366	2
WF	185	288	0
WF	185	303	0
WF	185	304	0
WF	185	305	0
WF	185	321	0
WF	185	369	0
WF	188	258	0
WF	188	259	0
WF	188	289	1
WF	188	321	1
WF	188	322	0
WF	188	332	0
WF	188	333	1
WF	188	334	1
WF	188	368	1
WF	188	369	0
WF	190	257	0
WF	190	258	0
WF	190	288	0
WF	190	303	0
WF	190	304	0
WF	190	322	0
WF	190	331	0
WF	190	332	0
WF	190	334	0
WF	190	369	0
WF	191	258	0
WF	191	259	1
WF	191	260	1
WF	191	289	1
WF	191	290	0
WF	191	321	1
WF	191	322	1
WF	191	323	0
WF	191	332	0
WF	191	370	1
WF	193	262	0
WF	193	291	2
WF	193	307	1
WF	193	308	1
WF	193	309	1
WF	193	324	2
WF	193	335	0
WF	193	336	2
WF	193	337	2
WF	193	338	2
WF	193	372	2
WF	195	294	0
WF	195	326	0
WF	195	375	0
WF	198	272	0
WF	198	294	0
WF	198	327	0
WF	198	375	0
WF	199	266	2
WF	199	267	2
WF	199	268	2
WF	199	269	1
WF	199	270	1
WF	199	294	3
WF	199	295	0
WF	199	312	1
WF	199	313	1
WF	199	314	1
WF	199	328	3
WF	199	341	2
WF	199	376	3
WF	201	298	0
WF	201	332	0
WF	201	380	0
WF	204	297	0
WF	204	331	0
WF	204	346	0
WF	204	347	0
WF	204	380	0
WF	205	274	1
WF	205	275	1
WF	205	298	1
WF	205	299	0
WF	205	333	1
WF	205	381	1
WF	207	299	2
WF	207	300	1
WF	207	319	2
WF	207	320	2
WF	207	321	1
WF	207	322	1
WF	207	334	2
WF	207	335	1
WF	207	349	1
WF	207	383	2
WF	210	280	0
WF	210	300	0
WF	210	335	0
WF	210	349	0
WF	210	383	0
WF	211	278	4
WF	211	279	6
WF	211	280	7
WF	211	281	7
WF	211	282	7
WF	211	301	8
WF	211	302	2
WF	211	320	5
WF	211	321	8
WF	211	322	8
WF	211	323	8
WF	211	324	8
WF	211	325	8
WF	211	326	8
WF	211	327	8
WF	211	336	8
WF	211	337	1
WF	211	386	8
WF	213	394	0
WF	216	310	0
WF	216	344	0
WF	216	394	0
WF	217	292	1
WF	217	293	3
WF	217	294	3
WF	217	310	5
WF	217	311	2
WF	217	346	5
WF	217	356	2
WF	217	357	2
WF	217	358	3
WF	217	359	3
WF	217	396	5
WF	219	316	0
WF	219	351	0
WF	219	402	0
WF	222	316	0
WF	222	352	0
WF	222	401	0
WF	223	317	4
WF	223	353	4
WF	223	403	4
WF	225	303	0
WF	225	304	0
WF	225	322	0
WF	225	358	0
WF	225	368	0
WF	225	408	0
WF	228	303	0
WF	228	304	0
WF	228	305	0
WF	228	321	0
WF	228	358	0
WF	228	375	0
WF	228	408	0
WF	229	305	2
WF	229	306	6
WF	229	307	6
WF	229	308	6
WF	229	309	7
WF	229	310	7
WF	229	311	7
WF	229	312	7
WF	229	319	8
WF	229	320	4
WF	229	321	1
WF	229	322	1
WF	229	323	0
WF	229	343	1
WF	229	344	5
WF	229	345	5
WF	229	358	8
WF	229	359	7
WF	229	369	3
WF	229	370	3
WF	229	371	6
WF	229	372	7
WF	229	409	8
WF	231	328	0
WF	231	367	0
WF	231	382	0
WF	231	383	0
WF	231	384	0
WF	231	385	0
WF	231	386	0
WF	231	418	0
WF	233	328	0
WF	233	367	0
WF	233	419	0
WF	236	327	0
WF	236	367	0
WF	236	382	0
WF	236	383	0
WF	236	384	0
WF	236	385	0
WF	236	390	0
WF	236	418	0
WF	238	328	0
WF	238	368	0
WF	238	387	0
WF	238	388	0
WF	238	419	0
WF	239	330	2
WF	239	369	2
WF	239	419	0
WF	241	323	0
WF	241	324	0
WF	241	325	0
WF	241	332	0
WF	241	357	0
WF	241	358	0
WF	241	371	0
WF	244	325	0
WF	244	332	0
WF	244	359	0
WF	244	371	0
WF	245	324	19
WF	245	329	22
WF	245	330	16
WF	245	331	5
WF	245	332	4
WF	245	333	3
WF	245	334	2
WF	245	358	0
WF	245	359	9
WF	245	360	17
WF	245	361	21
WF	245	362	21
WF	245	363	20
WF	245	371	22
WF	245	372	11
WF	245	373	2
WF	245	386	12
WF	245	387	13
WF	245	388	13
WF	245	389	13
WF	245	390	13
WF	245	391	14
WF	245	392	14
WF	245	393	14
WF	245	394	14
WF	245	395	14
WF	245	396	14
WF	245	399	21
WF	245	400	20
WF	245	401	19
WF	245	402	18
WF	245	403	17
WF	245	404	16
WF	245	407	13
WF	245	408	12
WF	245	409	11
WF	245	410	10
WF	245	412	6
WF	245	413	7
WF	245	416	4
WF	245	417	3
WF	245	418	2
WF	247	303	0
WF	247	304	0
WF	247	322	0
WF	247	358	0
WF	247	368	0
WF	247	408	0
WF	249	305	2
WF	249	306	2
WF	249	320	4
WF	249	321	1
WF	249	322	1
WF	249	323	0
WF	249	343	1
WF	249	359	4
WF	249	369	3
WF	249	370	3
WF	249	371	2
WF	249	409	4
WF	251	324	0
WF	251	349	0
WF	251	364	0
WF	251	414	0
WF	254	312	0
WF	254	313	0
WF	254	324	0
WF	254	364	0
WF	254	377	0
WF	254	378	0
WF	254	379	0
WF	254	381	0
WF	254	415	0
WF	256	323	0
WF	256	324	0
WF	256	351	0
WF	256	363	0
WF	256	414	0
WF	257	315	0
WF	257	325	0
WF	257	365	0
WF	257	377	0
WF	257	378	0
WF	257	415	0
WF	259	313	0
WF	259	314	0
WF	259	315	0
WF	259	326	2
WF	259	350	1
WF	259	351	1
WF	259	366	2
WF	259	378	1
WF	259	379	1
WF	259	380	1
WF	259	381	1
WF	259	416	2
WF	261	318	0
WF	261	328	0
WF	261	368	0
WF	261	419	0
WF	261	420	0
WF	264	318	0
WF	264	319	0
WF	264	328	0
WF	264	369	0
WF	264	419	0
WF	264	420	0
WF	265	320	0
WF	265	330	1
WF	265	354	1
WF	265	370	1
WF	267	325	0
WF	267	332	0
WF	267	357	0
WF	267	358	0
WF	267	372	0
WF	269	323	0
WF	269	324	0
WF	269	325	0
WF	269	332	0
WF	269	372	0
WF	269	385	0
WF	269	386	0
WF	272	331	1
WF	272	332	0
WF	272	357	0
WF	272	358	0
WF	272	372	1
WF	272	386	1
WF	272	420	0
WF	273	324	0
WF	273	325	0
WF	273	333	0
WF	273	374	0
WF	273	386	0
WF	273	387	0
WF	275	323	0
WF	275	324	4
WF	275	325	4
WF	275	326	3
WF	275	327	3
WF	275	333	8
WF	275	334	1
WF	275	357	8
WF	275	358	8
WF	275	375	8
WF	275	385	7
WF	275	386	7
WF	275	387	7
WF	275	414	6
WF	275	415	5
WF	275	416	4
WF	275	417	3
WF	275	418	2
WF	275	419	1
WF	279	342	0
WF	279	384	0
WF	282	341	0
WF	282	383	0
WF	282	403	0
WF	283	333	10
WF	283	334	10
WF	283	342	10
WF	283	343	5
WF	283	368	1
WF	283	369	8
WF	283	370	8
WF	283	381	10
WF	283	382	9
WF	283	383	8
WF	283	384	5
WF	283	385	0
WF	283	412	8
WF	285	348	0
WF	285	352	0
WF	285	396	0
WF	287	346	0
WF	287	347	0
WF	287	348	0
WF	287	354	0
WF	287	382	0
WF	287	383	0
WF	287	384	0
WF	287	385	0
WF	287	386	0
WF	287	397	0
WF	65535	347	8
WF	65535	348	15
WF	65535	349	18
WF	65535	350	18
WF	65535	351	17
WF	65535	352	14
WF	65535	353	13
WF	65535	354	12
WF	65535	355	5
WF	65535	382	8
WF	65535	383	16
WF	65535	384	19
WF	65535	385	22
WF	65535	386	22
WF	65535	387	22
WF	65535	388	32
WF	65535	390	5
WF	65535	391	12
WF	65535	392	12
WF	65535	393	13
WF	65535	394	13
WF	65535	395	12
WF	65535	396	11
WF	65535	397	9
WF	65535	398	0
WF	65535	408	3
WF	65535	409	3
WF	65535	410	10
WF	65535	411	0
WF	65535	412	0
WF	65535	413	5
WF	65535	414	5
WF	65535	415	5
WF	65535	418	2
[gfa_ed_step] dist=20, n=735, n_intv=308, n_tb=0
Z	0	-1	20
Z	3	36	56
Z	6	34	56
Z	7	18	57
Z	9	43	48
Z	9	49	81
Z	11	41	81
Z	13	50	82
Z	15	63	94
Z	17	61	94
Z	19	60	95
Z	21	69	103
Z	23	67	103
Z	25	65	104
Z	27	75	111
Z	29	74	76
Z	29	77	111
Z	31	92	112
Z	33	160	180
Z	35	158	180
Z	37	149	181
Z	39	167	200
Z	42	169	200
Z	43	161	201
Z	45	187	225
Z	47	186	188
Z	47	189	191
Z	47	192	225
Z	49	190	226
Z	51	192	229
Z	54	194	229
Z	55	194	230
Z	57	219	254
Z	59	229	253
Z	61	238	241
Z	61	244	264
Z	63	235	266
Z	65	247	279
Z	67	247	278
Z	69	246	278
Z	71	252	285
Z	73	252	286
Z	76	254	286
Z	77	254	286
Z	79	260	290
Z	82	259	290
Z	83	263	292
Z	86	279	281
Z	87	248	268
Z	89	255	275
Z	92	253	275
Z	93	248	276
Z	95	256	283
Z	98	254	283
Z	99	253	284
Z	101	255	287
Z	104	255	287
Z	105	252	288
Z	107	256	293
Z	110	256	293
Z	111	256	294
Z	113	256	295
Z	116	258	295
Z	117	257	297
Z	119	262	299
Z	122	260	262
Z	122	264	299
Z	123	263	300
Z	125	265	302
Z	128	267	303
Z	129	265	304
Z	131	269	270
Z	131	271	307
Z	134	270	271
Z	134	272	307
Z	135	272	308
Z	138	274	311
Z	139	274	311
Z	141	284	285
Z	141	287	320
Z	144	287	320
Z	145	281	321
Z	147	292	328
Z	150	292	328
Z	151	289	292
Z	151	294	328
Z	153	292	329
Z	155	292	330
Z	157	297	300
Z	157	302	333
Z	160	301	334
Z	161	302	335
Z	163	268	294
Z	163	301	336
Z	165	275	298
Z	165	308	344
Z	167	281	303
Z	167	312	349
Z	170	283	303
Z	170	314	349
Z	171	287	303
Z	171	316	350
Z	173	302	317
Z	173	329	364
Z	176	300	317
Z	176	329	363
Z	177	252	285
Z	177	300	318
Z	177	329	365
Z	179	254	286
Z	179	300	319
Z	179	331	366
Z	182	252	286
Z	182	302	319
Z	182	329	366
Z	183	254	287
Z	183	300	320
Z	183	328	367
Z	185	258	289
Z	185	302	322
Z	185	332	370
Z	188	260	290
Z	188	306	322
Z	188	332	369
Z	190	256	259
Z	190	260	289
Z	190	302	323
Z	190	330	346
Z	190	347	370
Z	191	258	290
Z	191	305	323
Z	191	333	371
Z	193	263	292
Z	193	308	325
Z	193	335	373
Z	195	265	295
Z	195	312	327
Z	195	339	340
Z	195	341	376
Z	198	265	295
Z	198	312	328
Z	198	341	376
Z	199	269	295
Z	199	315	329
Z	199	342	377
Z	201	274	299
Z	201	320	333
Z	201	347	381
Z	204	274	298
Z	204	318	332
Z	204	345	381
Z	205	273	299
Z	205	318	334
Z	205	348	382
Z	207	278	301
Z	207	318	321
Z	207	323	335
Z	207	350	384
Z	210	277	301
Z	210	319	336
Z	210	348	384
Z	211	283	302
Z	211	320	337
Z	211	349	387
Z	213	293	310
Z	213	330	331
Z	213	332	333
Z	213	335	345
Z	213	357	365
Z	213	366	395
Z	216	291	311
Z	216	336	345
Z	216	357	395
Z	217	292	294
Z	217	295	311
Z	217	332	347
Z	217	360	397
Z	219	299	317
Z	219	337	352
Z	219	365	403
Z	222	302	317
Z	222	339	353
Z	222	365	377
Z	222	378	402
Z	223	298	318
Z	223	338	354
Z	223	363	404
Z	225	302	323
Z	225	342	346
Z	225	347	359
Z	225	367	385
Z	225	386	409
Z	228	302	322
Z	228	344	359
Z	228	369	370
Z	228	371	409
Z	229	308	312
Z	229	313	320
Z	229	346	360
Z	229	373	410
Z	231	318	320
Z	231	323	329
Z	231	354	368
Z	231	381	387
Z	231	388	419
Z	233	322	329
Z	233	354	368
Z	233	383	384
Z	233	387	420
Z	236	321	328
Z	236	356	368
Z	236	381	419
Z	238	320	330
Z	238	354	369
Z	238	384	385
Z	238	386	420
Z	239	320	331
Z	239	354	370
Z	239	387	419
Z	241	322	333
Z	241	356	372
Z	241	389	421
Z	244	324	334
Z	244	358	360
Z	244	361	373
Z	244	389	421
Z	245	325	330
Z	245	364	372
Z	245	397	399
Z	247	302	323
Z	247	342	346
Z	247	347	359
Z	247	367	385
Z	247	386	409
Z	247	419	421
Z	249	307	323
Z	249	344	360
Z	249	372	410
Z	249	415	417
Z	251	311	326
Z	251	327	328
Z	251	348	365
Z	251	376	415
Z	251	419	421
Z	254	311	325
Z	254	350	365
Z	254	376	382
Z	254	383	416
Z	254	419	421
Z	256	313	325
Z	256	350	365
Z	256	378	415
Z	256	419	421
Z	257	312	326
Z	257	350	366
Z	257	376	416
Z	257	419	421
Z	259	316	327
Z	259	352	367
Z	259	382	419
Z	261	317	329
Z	261	354	369
Z	261	384	421
Z	264	317	320
Z	264	321	330
Z	264	354	370
Z	264	386	421
Z	265	321	331
Z	265	353	371
Z	265	383	420
Z	267	322	333
Z	267	356	373
Z	267	384	421
Z	269	322	333
Z	269	359	373
Z	269	384	421
Z	272	322	333
Z	272	356	358
Z	272	359	373
Z	272	384	420
Z	273	323	334
Z	273	360	375
Z	273	385	421
Z	275	328	334
Z	275	356	376
Z	275	388	413
Z	277	337	342
Z	277	367	384
Z	277	396	421
Z	279	335	343
Z	279	367	385
Z	279	396	421
Z	282	335	342
Z	282	366	367
Z	282	369	384
Z	282	396	404
Z	282	405	421
Z	283	332	343
Z	283	371	384
Z	283	396	411
Z	285	345	353
Z	285	381	397
Z	285	406	421
Z	287	345	349
Z	287	350	355
Z	287	381	398
Z	287	408	409
Z	287	410	421
WF	0	20	35
WF	3	56	0
WF	6	56	0
WF	7	57	23
WF	9	48	0
WF	9	81	0
WF	11	81	0
WF	13	42	1
WF	13	43	8
WF	13	44	8
WF	13	45	8
WF	13	46	8
WF	13	47	7
WF	13	48	7
WF	13	49	7
WF	13	82	11
WF	15	94	0
WF	17	94	0
WF	19	95	7
WF	21	103	0
WF	23	103	0
WF	25	64	6
WF	25	104	6
WF	27	72	0
WF	27	73	0
WF	27	74	0
WF	27	111	0
WF	29	72	0
WF	29	73	0
WF	29	76	0
WF	29	111	0
WF	31	72	23
WF	31	73	28
WF	31	74	30
WF	31	75	30
WF	31	76	30
WF	31	77	33
WF	31	78	33
WF	31	79	32
WF	31	80	31
WF	31	81	32
WF	31	82	32
WF	31	83	31
WF	31	84	30
WF	31	85	33
WF	31	86	33
WF	31	87	32
WF	31	88	31
WF	31	89	30
WF	31	90	27
WF	31	91	26
WF	31	112	67
WF	33	180	0
WF	35	180	0
WF	37	181	18
WF	39	200	0
WF	42	200	0
WF	43	201	23
WF	45	185	0
WF	45	186	0
WF	45	225	0
WF	47	191	0
WF	47	225	0
WF	49	186	0
WF	49	187	1
WF	49	188	1
WF	49	189	1
WF	49	226	2
WF	51	229	0
WF	54	229	0
WF	55	190	20
WF	55	191	23
WF	55	192	23
WF	55	193	23
WF	55	230	23
WF	57	254	0
WF	59	216	4
WF	59	217	4
WF	59	218	8
WF	59	219	9
WF	59	220	9
WF	59	221	9
WF	59	222	9
WF	59	223	9
WF	59	224	9
WF	59	225	9
WF	59	226	8
WF	59	227	8
WF	59	228	7
WF	59	253	9
WF	59	254	7
WF	59	255	6
WF	61	241	3
WF	61	242	2
WF	61	243	0
WF	61	264	3
WF	63	266	12
WF	63	267	7
WF	63	268	0
WF	65	279	0
WF	67	278	0
WF	69	242	6
WF	69	243	6
WF	69	244	6
WF	69	245	6
WF	69	278	6
WF	69	279	4
WF	69	280	1
WF	71	285	0
WF	73	286	0
WF	76	286	0
WF	77	252	2
WF	77	253	2
WF	77	286	3
WF	77	287	2
WF	79	257	1
WF	79	258	1
WF	79	259	1
WF	79	290	1
WF	82	257	1
WF	82	258	1
WF	82	290	1
WF	83	261	1
WF	83	262	1
WF	83	292	2
WF	86	264	4
WF	86	265	4
WF	86	266	4
WF	86	267	9
WF	86	268	10
WF	86	269	13
WF	86	270	17
WF	86	271	18
WF	86	272	21
WF	86	273	28
WF	86	274	33
WF	86	275	33
WF	86	276	37
WF	86	277	37
WF	86	278	37
WF	86	281	43
WF	86	282	35
WF	86	283	35
WF	86	284	34
WF	86	285	30
WF	86	286	29
WF	86	287	21
WF	86	288	20
WF	86	289	19
WF	86	290	14
WF	86	291	13
WF	86	292	9
WF	86	293	6
WF	86	294	1
WF	86	295	0
WF	87	241	1
WF	87	242	1
WF	87	243	1
WF	87	244	0
WF	87	268	6
WF	87	323	0
WF	87	324	0
WF	89	275	0
WF	92	275	0
WF	93	276	6
WF	95	283	0
WF	98	283	0
WF	99	284	2
WF	101	287	0
WF	104	287	0
WF	105	288	4
WF	107	293	0
WF	110	293	0
WF	111	294	0
WF	113	295	1
WF	116	295	1
WF	117	297	1
WF	119	259	0
WF	119	260	0
WF	119	261	0
WF	119	299	0
WF	122	262	0
WF	122	299	0
WF	123	260	0
WF	123	261	0
WF	123	262	0
WF	123	300	2
WF	125	302	0
WF	128	303	0
WF	129	304	2
WF	131	270	0
WF	131	307	0
WF	134	268	0
WF	134	269	0
WF	134	271	0
WF	134	307	0
WF	135	269	0
WF	135	270	0
WF	135	271	0
WF	135	308	2
WF	138	311	1
WF	139	271	7
WF	139	272	8
WF	139	273	8
WF	139	311	8
WF	139	312	5
WF	139	313	0
WF	141	285	0
WF	141	286	0
WF	141	320	0
WF	144	283	0
WF	144	284	0
WF	144	285	0
WF	144	286	0
WF	144	320	0
WF	145	321	6
WF	147	288	0
WF	147	289	0
WF	147	290	0
WF	147	291	0
WF	147	328	0
WF	150	288	0
WF	150	289	0
WF	150	290	0
WF	150	291	1
WF	150	328	1
WF	151	292	0
WF	151	328	0
WF	153	289	0
WF	153	290	0
WF	153	291	0
WF	153	329	0
WF	155	330	3
WF	157	295	1
WF	157	296	1
WF	157	300	1
WF	157	301	1
WF	157	333	1
WF	157	334	0
WF	160	295	1
WF	160	296	1
WF	160	297	1
WF	160	298	1
WF	160	299	1
WF	160	300	1
WF	160	334	1
WF	161	299	1
WF	161	300	1
WF	161	301	1
WF	161	335	2
WF	161	336	0
WF	163	264	4
WF	163	265	4
WF	163	266	4
WF	163	267	4
WF	163	294	4
WF	163	295	2
WF	163	336	4
WF	163	337	3
WF	163	338	2
WF	165	272	3
WF	165	273	4
WF	165	274	4
WF	165	298	4
WF	165	299	1
WF	165	304	2
WF	165	305	2
WF	165	306	2
WF	165	307	2
WF	165	344	4
WF	167	280	0
WF	167	303	0
WF	167	349	0
WF	170	280	0
WF	170	281	0
WF	170	303	0
WF	170	349	0
WF	171	281	2
WF	171	282	5
WF	171	283	5
WF	171	284	5
WF	171	285	4
WF	171	286	4
WF	171	303	13
WF	171	304	11
WF	171	310	4
WF	171	311	5
WF	171	312	5
WF	171	313	5
WF	171	314	4
WF	171	315	4
WF	171	350	13
WF	173	317	0
WF	173	364	0
WF	176	317	0
WF	176	363	0
WF	177	285	0
WF	177	318	0
WF	177	365	0
WF	179	286	0
WF	179	319	0
WF	179	366	0
WF	182	286	0
WF	182	319	0
WF	182	366	0
WF	183	252	2
WF	183	253	2
WF	183	287	2
WF	183	320	2
WF	183	367	2
WF	185	289	0
WF	185	322	0
WF	185	370	0
WF	188	257	1
WF	188	258	1
WF	188	259	1
WF	188	290	1
WF	188	303	1
WF	188	304	1
WF	188	305	0
WF	188	322	1
WF	188	323	0
WF	188	331	1
WF	188	369	1
WF	188	370	0
WF	190	259	0
WF	190	289	0
WF	190	323	0
WF	190	370	0
WF	191	257	1
WF	191	290	1
WF	191	291	0
WF	191	303	0
WF	191	304	0
WF	191	323	1
WF	191	324	0
WF	191	331	1
WF	191	332	1
WF	191	371	1
WF	193	260	1
WF	193	261	1
WF	193	262	1
WF	193	292	2
WF	193	306	2
WF	193	307	2
WF	193	325	2
WF	193	334	1
WF	193	373	2
WF	195	295	0
WF	195	311	0
WF	195	327	0
WF	195	340	0
WF	195	376	0
WF	198	295	0
WF	198	328	0
WF	198	338	0
WF	198	339	0
WF	198	340	0
WF	198	376	0
WF	199	265	3
WF	199	266	3
WF	199	267	3
WF	199	268	3
WF	199	295	3
WF	199	296	1
WF	199	311	2
WF	199	312	2
WF	199	313	2
WF	199	314	2
WF	199	329	3
WF	199	339	1
WF	199	340	3
WF	199	341	3
WF	199	377	3
WF	201	273	0
WF	201	299	0
WF	201	333	0
WF	201	381	0
WF	204	273	0
WF	204	298	0
WF	204	332	0
WF	204	381	0
WF	205	299	1
WF	205	300	0
WF	205	334	1
WF	205	346	0
WF	205	347	0
WF	205	382	1
WF	207	275	1
WF	207	276	1
WF	207	277	0
WF	207	301	2
WF	207	321	2
WF	207	322	2
WF	207	335	2
WF	207	336	1
WF	207	348	2
WF	207	349	2
WF	207	384	2
WF	210	275	0
WF	210	276	0
WF	210	301	0
WF	210	336	0
WF	210	384	0
WF	211	277	5
WF	211	278	7
WF	211	279	8
WF	211	280	8
WF	211	281	8
WF	211	282	8
WF	211	302	8
WF	211	303	2
WF	211	319	6
WF	211	337	8
WF	211	338	2
WF	211	387	8
WF	213	310	0
WF	213	331	0
WF	213	333	0
WF	213	334	0
WF	213	345	0
WF	213	395	0
WF	216	311	0
WF	216	329	0
WF	216	330	0
WF	216	331	0
WF	216	332	0
WF	216	333	0
WF	216	334	0
WF	216	335	0
WF	216	345	0
WF	216	395	0
WF	217	291	2
WF	217	294	5
WF	217	311	5
WF	217	312	3
WF	217	330	0
WF	217	331	0
WF	217	347	5
WF	217	355	3
WF	217	356	3
WF	217	357	4
WF	217	358	4
WF	217	359	4
WF	217	397	5
WF	219	317	0
WF	219	352	0
WF	219	403	0
WF	222	298	0
WF	222	299	0
WF	222	317	0
WF	222	353	0
WF	222	402	0
WF	223	318	4
WF	223	354	4
WF	223	404	4
WF	225	323	0
WF	225	359	0
WF	225	409	0
WF	228	322	0
WF	228	359	0
WF	228	409	0
WF	229	303	0
WF	229	304	3
WF	229	305	7
WF	229	306	7
WF	229	307	7
WF	229	312	8
WF	229	320	8
WF	229	321	6
WF	229	322	6
WF	229	323	5
WF	229	324	0
WF	229	342	4
WF	229	343	6
WF	229	344	6
WF	229	345	6
WF	229	360	8
WF	229	368	4
WF	229	369	4
WF	229	370	7
WF	229	371	8
WF	229	372	8
WF	229	410	8
WF	231	320	0
WF	231	329	0
WF	231	368	0
WF	231	387	0
WF	231	419	0
WF	233	318	0
WF	233	319	0
WF	233	320	0
WF	233	329	0
WF	233	368	0
WF	233	384	0
WF	233	385	0
WF	233	386	0
WF	233	420	0
WF	236	317	0
WF	236	318	0
WF	236	319	0
WF	236	320	0
WF	236	328	0
WF	236	368	0
WF	236	419	0
WF	238	318	0
WF	238	319	0
WF	238	330	0
WF	238	369	0
WF	238	382	0
WF	238	383	0
WF	238	385	0
WF	238	420	0
WF	239	331	2
WF	239	370	2
WF	239	383	0
WF	239	384	1
WF	239	385	1
WF	239	386	2
WF	239	419	1
WF	239	420	0
WF	241	333	0
WF	241	372	0
WF	244	334	0
WF	244	360	0
WF	244	373	0
WF	245	323	20
WF	245	324	20
WF	245	330	22
WF	245	331	16
WF	245	332	5
WF	245	333	4
WF	245	334	3
WF	245	335	2
WF	245	357	2
WF	245	358	10
WF	245	359	18
WF	245	360	22
WF	245	361	22
WF	245	362	22
WF	245	363	21
WF	245	372	22
WF	245	373	11
WF	245	374	3
WF	245	385	13
WF	245	386	14
WF	245	387	14
WF	245	388	14
WF	245	389	15
WF	245	390	15
WF	245	391	16
WF	245	392	16
WF	245	393	15
WF	245	394	15
WF	245	395	17
WF	245	396	17
WF	245	399	21
WF	245	400	20
WF	245	401	19
WF	245	402	18
WF	245	403	17
WF	245	406	14
WF	245	407	13
WF	245	408	12
WF	245	409	11
WF	245	411	7
WF	245	412	8
WF	245	415	5
WF	245	416	4
WF	245	417	3
WF	247	323	0
WF	247	359	0
WF	247	409	0
WF	249	303	0
WF	249	304	3
WF	249	305	3
WF	249	306	3
WF	249	323	4
WF	249	324	0
WF	249	342	4
WF	249	343	4
WF	249	360	4
WF	249	368	4
WF	249	369	4
WF	249	370	4
WF	249	371	3
WF	249	410	4
WF	251	326	0
WF	251	328	0
WF	251	365	0
WF	251	415	0
WF	254	325	0
WF	254	326	0
WF	254	327	0
WF	254	328	0
WF	254	349	0
WF	254	365	0
WF	254	382	0
WF	254	416	0
WF	256	325	0
WF	256	326	0
WF	256	327	0
WF	256	415	0
WF	257	326	0
WF	257	327	0
WF	257	328	0
WF	257	349	0
WF	257	366	0
WF	257	416	0
WF	259	312	1
WF	259	313	1
WF	259	314	1
WF	259	315	1
WF	259	327	2
WF	259	349	2
WF	259	350	2
WF	259	351	2
WF	259	367	2
WF	259	377	2
WF	259	378	2
WF	259	379	2
WF	259	380	2
WF	259	381	2
WF	261	329	0
WF	261	369	0
WF	264	320	0
WF	264	330	0
WF	264	370	0
WF	265	318	1
WF	265	319	1
WF	265	320	1
WF	265	331	1
WF	265	371	1
WF	265	420	0
WF	267	333	0
WF	267	355	0
WF	267	373	0
WF	269	333	0
WF	269	357	0
WF	269	358	0
WF	269	373	0
WF	272	333	1
WF	272	358	1
WF	272	373	1
WF	273	334	0
WF	273	357	0
WF	273	358	0
WF	273	359	0
WF	273	375	0
WF	275	322	2
WF	275	323	6
WF	275	324	6
WF	275	325	5
WF	275	326	5
WF	275	327	4
WF	275	334	8
WF	275	335	1
WF	275	376	8
WF	275	384	8
WF	275	385	8
WF	275	386	8
WF	275	387	8
WF	275	413	7
WF	275	414	6
WF	275	415	5
WF	275	416	4
WF	275	417	3
WF	275	418	2
WF	277	342	0
WF	277	365	0
WF	277	366	0
WF	277	384	0
WF	279	343	0
WF	279	365	0
WF	279	366	0
WF	279	385	0
WF	282	342	0
WF	282	367	0
WF	282	384	0
WF	282	404	0
WF	283	343	10
WF	283	344	5
WF	283	366	0
WF	283	367	2
WF	283	368	9
WF	283	369	10
WF	283	370	10
WF	283	384	10
WF	283	385	5
WF	283	386	0
WF	283	411	9
WF	285	343	0
WF	285	344	0
WF	285	353	0
WF	285	397	0
WF	287	349	0
WF	287	355	0
WF	287	398	0
WF	65535	346	9
WF	65535	347	17
WF	65535	348	20
WF	65535	349	20
WF	65535	350	19
WF	65535	351	19
WF	65535	352	23
WF	65535	353	23
WF	65535	354	22
WF	65535	355	13
WF	65535	356	6
WF	65535	381	9
WF	65535	382	17
WF	65535	383	20
WF	65535	384	23
WF	65535	385	23
WF	65535	386	23
WF	65535	387	33
WF	65535	388	0
WF	65535	389	10
WF	65535	390	13
WF	65535	391	13
WF	65535	392	14
WF	65535	393	14
WF	65535	394	14
WF	65535	395	13
WF	65535	396	12
WF	65535	397	11
WF	65535	398	10
WF	65535	399	0
WF	65535	407	4
WF	65535	408	4
WF	65535	409	11
WF	65535	412	6
WF	65535	413	7
WF	65535	414	6
WF	65535	417	3
[gfa_ed_step] dist=21, n=698, n_intv=299, n_tb=0
Z	0	-1	21
Z	3	36	57
Z	6	34	57
Z	7	18	58
Z	9	43	82
Z	11	41	82
Z	13	50	83
Z	15	63	95
Z	17	61	95
Z	19	60	96
Z	21	69	104
Z	23	67	104
Z	25	63	105
Z	27	71	112
Z	29	71	112
Z	31	92	113
Z	33	160	181
Z	35	158	181
Z	37	149	182
Z	39	167	201
Z	42	169	201
Z	43	161	202
Z	45	184	226
Z	47	186	188
Z	47	189	226
Z	49	190	227
Z	51	192	230
Z	54	194	230
Z	55	190	231
Z	57	215	216
Z	57	219	255
Z	59	217	254
Z	61	238	242
Z	61	244	265
Z	63	235	267
Z	65	247	280
Z	67	247	280
Z	69	241	279
Z	71	252	286
Z	73	252	287
Z	76	254	287
Z	77	252	287
Z	79	256	291
Z	82	256	291
Z	83	263	293
Z	86	279	282
Z	87	248	269
Z	89	255	276
Z	92	253	276
Z	93	248	277
Z	95	256	284
Z	98	254	284
Z	99	253	285
Z	101	255	288
Z	104	255	288
Z	105	252	289
Z	107	256	294
Z	110	256	294
Z	111	256	295
Z	113	256	296
Z	116	258	296
Z	117	257	298
Z	119	258	300
Z	122	260	263
Z	122	264	300
Z	123	263	301
Z	125	265	303
Z	128	267	304
Z	129	265	305
Z	131	269	308
Z	134	267	308
Z	135	270	309
Z	138	274	312
Z	139	270	312
Z	141	284	321
Z	144	282	321
Z	145	281	322
Z	147	287	329
Z	150	287	329
Z	151	289	293
Z	151	294	329
Z	153	288	330
Z	155	292	331
Z	157	294	334
Z	160	294	335
Z	161	302	336
Z	163	263	295
Z	163	301	337
Z	165	271	299
Z	165	308	345
Z	167	279	304
Z	167	312	350
Z	170	279	282
Z	170	283	304
Z	170	314	350
Z	171	287	304
Z	171	316	351
Z	173	302	318
Z	173	329	365
Z	176	300	318
Z	176	329	364
Z	177	252	286
Z	177	300	319
Z	177	329	366
Z	179	254	287
Z	179	300	320
Z	179	331	367
Z	182	252	287
Z	182	302	320
Z	182	329	367
Z	183	251	288
Z	183	300	321
Z	183	328	368
Z	185	256	257
Z	185	258	290
Z	185	302	323
Z	185	332	371
Z	188	256	291
Z	188	302	305
Z	188	306	323
Z	188	330	370
Z	190	256	290
Z	190	302	324
Z	190	330	346
Z	190	347	371
Z	191	256	291
Z	191	305	324
Z	191	330	372
Z	193	263	293
Z	193	305	326
Z	193	335	374
Z	195	265	296
Z	195	309	328
Z	195	339	377
Z	198	265	296
Z	198	312	329
Z	198	337	377
Z	199	264	296
Z	199	313	330
Z	199	339	378
Z	201	269	270
Z	201	271	300
Z	201	320	334
Z	201	345	346
Z	201	347	382
Z	204	270	271
Z	204	272	300
Z	204	318	333
Z	204	345	382
Z	205	272	300
Z	205	318	335
Z	205	346	383
Z	207	275	277
Z	207	278	302
Z	207	318	336
Z	207	347	385
Z	210	274	302
Z	210	319	337
Z	210	348	385
Z	211	278	303
Z	211	320	338
Z	211	349	388
Z	213	293	311
Z	213	330	346
Z	213	357	365
Z	213	366	396
Z	216	291	312
Z	216	328	346
Z	216	357	396
Z	217	292	312
Z	217	332	348
Z	217	360	398
Z	219	299	318
Z	219	337	353
Z	219	365	404
Z	222	297	300
Z	222	302	318
Z	222	339	354
Z	222	365	377
Z	222	378	403
Z	223	298	319
Z	223	338	355
Z	223	363	405
Z	225	302	324
Z	225	342	346
Z	225	347	360
Z	225	367	385
Z	225	386	410
Z	228	302	323
Z	228	344	360
Z	228	369	370
Z	228	371	410
Z	229	308	321
Z	229	346	361
Z	229	370	411
Z	231	318	321
Z	231	323	330
Z	231	354	369
Z	231	381	420
Z	233	317	321
Z	233	322	330
Z	233	354	369
Z	233	383	421
Z	236	316	329
Z	236	356	370
Z	236	381	420
Z	238	317	331
Z	238	354	370
Z	238	381	421
Z	239	320	332
Z	239	354	371
Z	239	384	419
Z	241	322	334
Z	241	356	373
Z	241	389	421
Z	244	324	335
Z	244	358	374
Z	244	389	421
Z	245	325	331
Z	245	359	363
Z	245	364	373
Z	245	397	399
Z	247	302	324
Z	247	342	346
Z	247	347	360
Z	247	367	385
Z	247	386	410
Z	247	419	421
Z	249	307	324
Z	249	341	361
Z	249	367	371
Z	249	372	411
Z	249	415	417
Z	251	311	329
Z	251	348	366
Z	251	376	416
Z	251	419	421
Z	254	311	329
Z	254	348	366
Z	254	376	417
Z	254	419	421
Z	256	313	328
Z	256	350	365
Z	256	378	416
Z	256	419	421
Z	257	312	330
Z	257	348	367
Z	257	376	417
Z	257	419	421
Z	259	314	328
Z	259	348	368
Z	259	376	419
Z	261	317	330
Z	261	354	370
Z	261	380	381
Z	261	383	421
Z	264	317	331
Z	264	353	371
Z	264	381	383
Z	264	384	385
Z	264	386	421
Z	265	317	332
Z	265	353	372
Z	265	383	420
Z	267	322	334
Z	267	354	374
Z	267	384	421
Z	269	322	334
Z	269	356	374
Z	269	384	421
Z	272	322	334
Z	272	356	374
Z	272	384	420
Z	273	323	335
Z	273	356	376
Z	273	385	421
Z	275	328	335
Z	275	356	377
Z	275	383	413
Z	277	337	343
Z	277	364	385
Z	277	396	421
Z	279	335	344
Z	279	364	386
Z	279	396	421
Z	282	335	343
Z	282	366	368
Z	282	369	385
Z	282	396	421
Z	283	332	344
Z	283	368	385
Z	283	396	411
Z	285	342	355
Z	285	381	398
Z	285	406	421
Z	287	344	356
Z	287	381	399
Z	287	408	409
Z	287	410	421
WF	0	21	35
WF	3	57	0
WF	6	57	0
WF	7	58	23
WF	9	82	0
WF	11	82	0
WF	13	41	2
WF	13	42	9
WF	13	43	9
WF	13	44	10
WF	13	45	10
WF	13	46	10
WF	13	47	9
WF	13	48	8
WF	13	49	8
WF	13	83	11
WF	15	95	0
WF	17	95	0
WF	19	96	7
WF	21	104	0
WF	23	104	0
WF	25	105	6
WF	27	70	0
WF	27	112	0
WF	29	112	0
WF	31	71	24
WF	31	72	31
WF	31	73	31
WF	31	74	31
WF	31	75	31
WF	31	76	36
WF	31	77	36
WF	31	78	35
WF	31	79	34
WF	31	80	33
WF	31	81	36
WF	31	82	36
WF	31	83	35
WF	31	84	34
WF	31	85	34
WF	31	86	36
WF	31	87	36
WF	31	88	35
WF	31	89	32
WF	31	90	31
WF	31	91	27
WF	31	113	67
WF	33	181	0
WF	35	181	0
WF	37	182	18
WF	39	201	0
WF	42	201	0
WF	43	202	23
WF	45	226	0
WF	47	226	0
WF	49	185	1
WF	49	186	2
WF	49	187	2
WF	49	188	2
WF	49	189	2
WF	49	227	2
WF	51	230	0
WF	54	230	0
WF	55	189	21
WF	55	231	23
WF	57	216	0
WF	57	217	0
WF	57	255	0
WF	59	214	0
WF	59	215	5
WF	59	216	5
WF	59	254	9
WF	59	255	7
WF	59	256	6
WF	61	227	2
WF	61	228	2
WF	61	229	2
WF	61	230	2
WF	61	231	1
WF	61	232	1
WF	61	233	1
WF	61	234	0
WF	61	235	0
WF	61	236	0
WF	61	237	0
WF	61	242	3
WF	61	243	2
WF	61	265	3
WF	63	267	12
WF	63	268	7
WF	63	269	0
WF	65	280	0
WF	67	280	0
WF	69	279	6
WF	69	280	5
WF	69	281	1
WF	71	248	0
WF	71	249	0
WF	71	250	0
WF	71	251	0
WF	71	286	0
WF	73	287	0
WF	76	287	0
WF	77	251	3
WF	77	287	3
WF	77	288	2
WF	79	291	1
WF	82	291	1
WF	83	258	1
WF	83	259	1
WF	83	260	2
WF	83	261	2
WF	83	262	2
WF	83	293	2
WF	86	263	6
WF	86	264	6
WF	86	265	8
WF	86	266	10
WF	86	267	11
WF	86	268	14
WF	86	269	18
WF	86	270	19
WF	86	271	22
WF	86	272	29
WF	86	273	34
WF	86	274	34
WF	86	275	38
WF	86	276	38
WF	86	277	38
WF	86	278	38
WF	86	282	43
WF	86	283	36
WF	86	284	35
WF	86	285	34
WF	86	286	33
WF	86	287	32
WF	86	288	23
WF	86	289	22
WF	86	290	21
WF	86	291	14
WF	86	292	13
WF	86	293	10
WF	86	294	6
WF	86	295	3
WF	86	296	2
WF	87	240	2
WF	87	241	2
WF	87	242	2
WF	87	243	2
WF	87	244	1
WF	87	245	0
WF	87	269	6
WF	87	322	1
WF	87	323	4
WF	87	324	4
WF	87	325	3
WF	89	276	0
WF	92	276	0
WF	93	277	6
WF	95	284	0
WF	98	284	0
WF	99	285	2
WF	101	288	0
WF	104	288	0
WF	105	289	4
WF	107	294	0
WF	110	294	0
WF	111	295	0
WF	113	296	1
WF	116	296	1
WF	117	298	1
WF	119	300	0
WF	122	263	0
WF	122	300	0
WF	123	259	1
WF	123	260	1
WF	123	261	1
WF	123	262	1
WF	123	301	2
WF	125	303	0
WF	128	304	0
WF	129	305	2
WF	131	308	0
WF	134	308	0
WF	135	268	1
WF	135	269	1
WF	135	309	2
WF	138	273	0
WF	138	312	1
WF	139	312	8
WF	139	313	5
WF	139	314	0
WF	141	279	0
WF	141	280	0
WF	141	281	0
WF	141	282	0
WF	141	321	0
WF	144	279	0
WF	144	280	0
WF	144	281	0
WF	144	321	0
WF	145	322	6
WF	147	329	0
WF	150	329	1
WF	151	293	0
WF	151	329	0
WF	153	330	0
WF	155	289	0
WF	155	290	0
WF	155	291	1
WF	155	331	3
WF	157	334	1
WF	157	335	0
WF	160	335	1
WF	161	296	1
WF	161	297	1
WF	161	298	2
WF	161	299	2
WF	161	300	2
WF	161	301	2
WF	161	336	2
WF	161	337	0
WF	163	295	4
WF	163	296	2
WF	163	337	4
WF	163	338	3
WF	163	339	2
WF	165	268	1
WF	165	269	1
WF	165	270	0
WF	165	299	4
WF	165	300	1
WF	165	303	3
WF	165	304	3
WF	165	305	3
WF	165	306	3
WF	165	307	3
WF	165	345	4
WF	167	275	0
WF	167	276	0
WF	167	277	0
WF	167	278	0
WF	167	304	0
WF	167	350	0
WF	170	275	0
WF	170	276	0
WF	170	277	0
WF	170	278	0
WF	170	282	0
WF	170	304	0
WF	170	350	0
WF	171	279	0
WF	171	280	4
WF	171	281	6
WF	171	282	6
WF	171	283	6
WF	171	284	6
WF	171	285	5
WF	171	286	5
WF	171	304	13
WF	171	305	12
WF	171	309	5
WF	171	310	6
WF	171	311	6
WF	171	312	6
WF	171	313	6
WF	171	314	6
WF	171	315	6
WF	171	351	13
WF	173	318	0
WF	173	365	0
WF	176	318	0
WF	176	364	0
WF	177	248	0
WF	177	249	0
WF	177	250	0
WF	177	251	0
WF	177	286	0
WF	177	319	0
WF	177	366	0
WF	179	287	0
WF	179	320	0
WF	179	367	0
WF	182	287	0
WF	182	320	0
WF	182	367	0
WF	183	288	2
WF	183	321	2
WF	183	368	2
WF	185	254	0
WF	185	255	0
WF	185	257	0
WF	185	290	0
WF	185	323	0
WF	185	371	0
WF	188	291	1
WF	188	305	1
WF	188	323	1
WF	188	324	0
WF	188	370	1
WF	188	371	0
WF	190	254	0
WF	190	255	0
WF	190	290	0
WF	190	324	0
WF	190	371	0
WF	191	291	1
WF	191	292	0
WF	191	302	1
WF	191	303	1
WF	191	304	1
WF	191	324	1
WF	191	325	0
WF	191	372	1
WF	193	258	1
WF	193	259	2
WF	193	260	2
WF	193	261	2
WF	193	262	2
WF	193	293	2
WF	193	304	1
WF	193	326	2
WF	193	332	1
WF	193	333	2
WF	193	334	2
WF	193	374	2
WF	195	296	0
WF	195	328	0
WF	195	377	0
WF	198	296	0
WF	198	308	0
WF	198	309	0
WF	198	310	0
WF	198	329	0
WF	198	377	0
WF	199	296	3
WF	199	297	1
WF	199	309	1
WF	199	310	3
WF	199	311	3
WF	199	312	3
WF	199	330	3
WF	199	338	2
WF	199	378	3
WF	201	270	0
WF	201	300	0
WF	201	317	0
WF	201	318	0
WF	201	334	0
WF	201	343	0
WF	201	344	0
WF	201	382	0
WF	204	268	0
WF	204	269	0
WF	204	271	0
WF	204	300	0
WF	204	317	0
WF	204	333	0
WF	204	343	0
WF	204	344	0
WF	204	382	0
WF	205	269	0
WF	205	270	0
WF	205	271	0
WF	205	300	1
WF	205	301	0
WF	205	335	1
WF	205	345	1
WF	205	383	1
WF	207	273	0
WF	207	274	2
WF	207	277	2
WF	207	302	2
WF	207	336	2
WF	207	337	1
WF	207	385	2
WF	210	302	0
WF	210	337	0
WF	210	385	0
WF	211	274	1
WF	211	275	1
WF	211	276	6
WF	211	277	8
WF	211	303	8
WF	211	304	2
WF	211	318	7
WF	211	319	7
WF	211	338	8
WF	211	339	2
WF	211	388	8
WF	213	287	0
WF	213	288	0
WF	213	289	0
WF	213	290	0
WF	213	291	0
WF	213	311	0
WF	213	346	0
WF	213	396	0
WF	216	287	0
WF	216	288	0
WF	216	289	0
WF	216	290	0
WF	216	312	0
WF	216	346	0
WF	216	396	0
WF	217	290	3
WF	217	291	3
WF	217	312	5
WF	217	313	4
WF	217	329	1
WF	217	330	3
WF	217	331	3
WF	217	348	5
WF	217	354	4
WF	217	355	4
WF	217	356	5
WF	217	357	5
WF	217	358	5
WF	217	359	5
WF	217	398	5
WF	219	318	0
WF	219	353	0
WF	219	404	0
WF	222	300	0
WF	222	318	0
WF	222	354	0
WF	222	403	0
WF	223	319	4
WF	223	355	4
WF	223	405	4
WF	225	324	0
WF	225	360	0
WF	225	410	0
WF	228	323	0
WF	228	360	0
WF	228	410	0
WF	229	302	1
WF	229	303	4
WF	229	304	8
WF	229	305	8
WF	229	306	8
WF	229	307	8
WF	229	321	8
WF	229	322	8
WF	229	323	7
WF	229	324	6
WF	229	325	0
WF	229	341	5
WF	229	342	7
WF	229	343	7
WF	229	344	7
WF	229	345	7
WF	229	361	8
WF	229	367	5
WF	229	368	5
WF	229	369	8
WF	229	411	8
WF	231	321	0
WF	231	330	0
WF	231	369	0
WF	231	379	0
WF	231	380	0
WF	231	420	0
WF	233	321	0
WF	233	330	0
WF	233	369	0
WF	236	329	0
WF	236	370	0
WF	236	379	0
WF	236	380	0
WF	236	420	0
WF	238	331	0
WF	238	370	0
WF	239	318	1
WF	239	319	1
WF	239	332	2
WF	239	371	2
WF	239	382	1
WF	239	383	2
WF	239	419	1
WF	239	420	0
WF	241	334	0
WF	241	373	0
WF	241	387	0
WF	241	388	0
WF	244	335	0
WF	244	374	0
WF	244	387	0
WF	244	388	0
WF	245	322	21
WF	245	323	21
WF	245	324	21
WF	245	331	22
WF	245	332	16
WF	245	333	6
WF	245	334	4
WF	245	335	3
WF	245	336	2
WF	245	356	3
WF	245	357	11
WF	245	358	19
WF	245	363	22
WF	245	373	22
WF	245	374	11
WF	245	375	3
WF	245	384	14
WF	245	385	15
WF	245	386	15
WF	245	387	15
WF	245	388	16
WF	245	389	16
WF	245	390	17
WF	245	391	17
WF	245	392	17
WF	245	393	16
WF	245	394	19
WF	245	395	19
WF	245	396	18
WF	245	399	21
WF	245	400	20
WF	245	401	19
WF	245	402	18
WF	245	405	15
WF	245	406	14
WF	245	407	13
WF	245	408	12
WF	245	410	8
WF	245	411	9
WF	245	414	6
WF	245	415	5
WF	245	416	4
WF	247	324	0
WF	247	360	0
WF	247	385	0
WF	247	410	0
WF	249	302	1
WF	249	303	4
WF	249	304	4
WF	249	305	4
WF	249	306	4
WF	249	324	4
WF	249	325	0
WF	249	361	4
WF	249	371	4
WF	249	411	4
WF	251	329	0
WF	251	346	0
WF	251	347	0
WF	251	366	0
WF	251	372	0
WF	251	373	0
WF	251	374	0
WF	251	375	0
WF	251	416	0
WF	254	329	0
WF	254	366	0
WF	254	417	0
WF	256	328	0
WF	256	346	0
WF	256	347	0
WF	256	348	0
WF	256	365	0
WF	256	372	0
WF	256	373	0
WF	256	374	0
WF	256	375	0
WF	256	416	0
WF	257	330	0
WF	257	367	0
WF	257	417	0
WF	259	311	2
WF	259	312	2
WF	259	313	2
WF	259	328	2
WF	259	329	1
WF	259	330	0
WF	259	368	2
WF	261	330	0
WF	261	351	0
WF	261	352	0
WF	261	353	0
WF	261	370	0
WF	261	381	0
WF	261	382	0
WF	264	331	0
WF	264	351	0
WF	264	352	0
WF	264	371	0
WF	264	379	0
WF	264	380	0
WF	264	383	0
WF	265	332	1
WF	265	372	1
WF	265	380	0
WF	265	381	0
WF	265	382	0
WF	267	319	0
WF	267	320	0
WF	267	321	0
WF	267	334	0
WF	267	374	0
WF	269	334	0
WF	269	355	0
WF	269	374	0
WF	272	319	0
WF	272	320	0
WF	272	321	0
WF	272	334	1
WF	272	374	1
WF	273	335	0
WF	273	376	0
WF	275	321	4
WF	275	322	7
WF	275	323	7
WF	275	324	7
WF	275	325	6
WF	275	326	6
WF	275	327	5
WF	275	335	8
WF	275	336	1
WF	275	355	0
WF	275	377	8
WF	275	413	7
WF	275	414	6
WF	275	415	5
WF	275	416	4
WF	275	417	3
WF	277	343	0
WF	277	385	0
WF	277	392	0
WF	277	393	0
WF	277	394	0
WF	277	395	0
WF	279	344	0
WF	279	386	0
WF	279	392	0
WF	279	393	0
WF	279	394	0
WF	279	395	0
WF	282	343	0
WF	282	368	0
WF	282	385	0
WF	282	392	0
WF	282	393	0
WF	282	394	0
WF	282	395	0
WF	283	344	10
WF	283	345	5
WF	283	365	1
WF	283	366	3
WF	283	367	10
WF	283	385	10
WF	283	386	5
WF	283	387	0
WF	285	355	0
WF	285	379	0
WF	285	380	0
WF	285	398	0
WF	287	356	0
WF	287	399	0
WF	65535	344	0
WF	65535	345	10
WF	65535	346	18
WF	65535	347	21
WF	65535	348	21
WF	65535	349	21
WF	65535	350	20
WF	65535	351	24
WF	65535	352	51
WF	65535	353	51
WF	65535	354	50
WF	65535	355	22
WF	65535	356	13
WF	65535	357	6
WF	65535	380	10
WF	65535	381	18
WF	65535	382	21
WF	65535	383	24
WF	65535	384	24
WF	65535	385	24
WF	65535	386	34
WF	65535	389	14
WF	65535	390	14
WF	65535	391	29
WF	65535	394	15
WF	65535	395	15
WF	65535	396	14
WF	65535	397	13
WF	65535	398	12
WF	65535	399	11
WF	65535	400	0
WF	65535	406	5
WF	65535	407	5
WF	65535	408	12
WF	65535	411	7
WF	65535	412	8
WF	65535	413	7
WF	65535	416	4
[gfa_ed_step] dist=22, n=698, n_intv=308, n_tb=0
Z	0	-1	22
Z	3	36	58
Z	6	34	58
Z	7	18	59
Z	9	43	83
Z	11	41	83
Z	13	50	84
Z	15	63	96
Z	17	61	96
Z	19	60	97
Z	21	69	105
Z	23	67	105
Z	25	63	106
Z	27	69	113
Z	29	71	113
Z	31	92	114
Z	33	160	182
Z	35	158	182
Z	37	149	183
Z	39	167	202
Z	42	169	202
Z	43	161	203
Z	45	184	227
Z	47	186	188
Z	47	189	227
Z	49	185	228
Z	51	192	231
Z	54	189	190
Z	54	192	193
Z	54	194	231
Z	55	190	232
Z	57	215	218
Z	57	219	256
Z	59	217	255
Z	61	238	266
Z	63	235	268
Z	65	247	281
Z	67	247	281
Z	69	241	280
Z	71	247	287
Z	73	252	288
Z	76	249	252
Z	76	254	288
Z	77	250	288
Z	79	256	292
Z	82	256	292
Z	83	259	294
Z	86	279	283
Z	87	248	270
Z	89	255	277
Z	92	253	277
Z	93	248	278
Z	95	256	285
Z	98	254	285
Z	99	253	286
Z	101	255	289
Z	104	255	289
Z	105	252	290
Z	107	256	295
Z	110	256	295
Z	111	256	296
Z	113	256	297
Z	116	258	297
Z	117	257	299
Z	119	258	301
Z	122	260	301
Z	123	263	302
Z	125	265	305
Z	128	267	305
Z	129	265	306
Z	131	269	309
Z	134	267	309
Z	135	270	310
Z	138	274	313
Z	139	270	313
Z	141	278	283
Z	141	284	322
Z	144	278	322
Z	145	281	323
Z	147	287	330
Z	150	287	330
Z	151	289	330
Z	153	288	331
Z	155	292	332
Z	157	294	336
Z	160	294	336
Z	161	297	337
Z	163	263	296
Z	163	301	338
Z	165	271	300
Z	165	306	346
Z	167	274	305
Z	167	312	351
Z	170	274	305
Z	170	314	351
Z	171	287	305
Z	171	316	352
Z	173	302	319
Z	173	329	366
Z	176	300	319
Z	176	329	365
Z	177	247	287
Z	177	300	320
Z	177	329	367
Z	179	249	252
Z	179	254	288
Z	179	300	321
Z	179	331	368
Z	182	252	288
Z	182	302	321
Z	182	329	368
Z	183	251	289
Z	183	300	322
Z	183	328	369
Z	185	253	291
Z	185	302	324
Z	185	332	372
Z	188	256	292
Z	188	302	324
Z	188	330	371
Z	190	253	291
Z	190	302	325
Z	190	330	346
Z	190	347	372
Z	191	256	293
Z	191	301	325
Z	191	330	373
Z	193	258	294
Z	193	305	327
Z	193	332	375
Z	195	263	264
Z	195	265	297
Z	195	309	329
Z	195	339	378
Z	198	265	297
Z	198	307	311
Z	198	312	330
Z	198	337	378
Z	199	264	297
Z	199	308	331
Z	199	339	379
Z	201	269	301
Z	201	316	319
Z	201	320	335
Z	201	342	346
Z	201	347	383
Z	204	267	301
Z	204	314	334
Z	204	342	383
Z	205	270	301
Z	205	317	336
Z	205	344	384
Z	207	273	303
Z	207	318	338
Z	207	347	386
Z	210	273	303
Z	210	319	338
Z	210	348	386
Z	211	276	304
Z	211	320	339
Z	211	349	389
Z	213	286	292
Z	213	293	312
Z	213	330	347
Z	213	357	365
Z	213	366	397
Z	216	286	313
Z	216	328	347
Z	216	357	397
Z	217	292	313
Z	217	329	331
Z	217	332	349
Z	217	355	399
Z	219	299	319
Z	219	336	354
Z	219	365	405
Z	222	297	301
Z	222	302	319
Z	222	339	355
Z	222	364	377
Z	222	378	404
Z	223	298	320
Z	223	338	356
Z	223	363	406
Z	225	302	325
Z	225	342	346
Z	225	347	361
Z	225	367	385
Z	225	386	411
Z	228	302	324
Z	228	344	361
Z	228	369	370
Z	228	371	411
Z	229	303	324
Z	229	342	344
Z	229	346	362
Z	229	368	412
Z	231	318	322
Z	231	323	332
Z	231	354	371
Z	231	378	421
Z	233	317	331
Z	233	354	370
Z	233	380	381
Z	233	383	421
Z	236	313	314
Z	236	316	331
Z	236	332	333
Z	236	352	353
Z	236	356	371
Z	236	378	421
Z	238	317	332
Z	238	333	334
Z	238	353	371
Z	238	379	380
Z	238	381	421
Z	239	320	333
Z	239	354	372
Z	239	382	419
Z	241	322	335
Z	241	356	374
Z	241	386	421
Z	244	324	336
Z	244	358	375
Z	244	386	421
Z	245	321	323
Z	245	325	332
Z	245	359	374
Z	245	397	399
Z	247	302	325
Z	247	342	346
Z	247	347	361
Z	247	367	411
Z	247	419	421
Z	249	302	325
Z	249	341	362
Z	249	367	412
Z	249	415	417
Z	251	311	330
Z	251	345	367
Z	251	371	417
Z	251	419	421
Z	254	311	330
Z	254	348	367
Z	254	375	418
Z	254	419	421
Z	256	309	310
Z	256	313	329
Z	256	345	349
Z	256	350	367
Z	256	371	377
Z	256	378	417
Z	256	419	421
Z	257	310	311
Z	257	312	331
Z	257	347	368
Z	257	373	375
Z	257	376	418
Z	257	419	421
Z	259	310	330
Z	259	348	369
Z	259	376	419
Z	261	314	316
Z	261	317	331
Z	261	350	371
Z	261	380	421
Z	264	316	332
Z	264	350	372
Z	264	378	385
Z	264	386	421
Z	265	317	333
Z	265	353	373
Z	265	383	420
Z	267	318	335
Z	267	354	375
Z	267	384	421
Z	269	322	335
Z	269	354	376
Z	269	384	421
Z	272	318	321
Z	272	322	335
Z	272	356	375
Z	272	384	420
Z	273	323	336
Z	273	356	377
Z	273	385	421
Z	275	328	336
Z	275	356	378
Z	275	383	413
Z	277	337	344
Z	277	364	386
Z	277	391	421
Z	279	335	345
Z	279	364	387
Z	279	391	421
Z	282	335	345
Z	282	366	386
Z	282	391	421
Z	283	332	345
Z	283	366	386
Z	283	396	411
Z	285	342	356
Z	285	378	399
Z	285	406	421
Z	287	344	357
Z	287	381	400
Z	287	408	409
Z	287	410	421
WF	0	22	35
WF	3	58	0
WF	6	58	0
WF	7	59	23
WF	9	83	0
WF	11	83	0
WF	13	40	3
WF	13	41	10
WF	13	42	10
WF	13	43	11
WF	13	44	11
WF	13	45	11
WF	13	46	11
WF	13	47	10
WF	13	48	10
WF	13	49	9
WF	13	84	11
WF	15	96	0
WF	17	96	0
WF	19	97	7
WF	21	105	0
WF	23	105	0
WF	25	106	6
WF	27	113	0
WF	29	113	0
WF	31	70	25
WF	31	71	33
WF	31	72	33
WF	31	73	33
WF	31	74	33
WF	31	75	37
WF	31	76	37
WF	31	77	37
WF	31	78	37
WF	31	79	36
WF	31	80	37
WF	31	81	37
WF	31	82	37
WF	31	83	37
WF	31	84	36
WF	31	85	37
WF	31	86	37
WF	31	87	37
WF	31	88	36
WF	31	89	35
WF	31	90	33
WF	31	91	31
WF	31	114	67
WF	33	182	0
WF	35	182	0
WF	37	183	18
WF	39	202	0
WF	42	202	0
WF	43	203	23
WF	45	227	0
WF	47	227	0
WF	49	184	2
WF	49	228	2
WF	51	188	0
WF	51	189	0
WF	51	190	0
WF	51	191	0
WF	51	231	0
WF	54	190	0
WF	54	191	0
WF	54	231	0
WF	55	188	22
WF	55	189	22
WF	55	232	23
WF	57	218	0
WF	57	256	0
WF	59	213	1
WF	59	214	7
WF	59	215	7
WF	59	216	7
WF	59	255	9
WF	59	256	7
WF	59	257	6
WF	61	226	3
WF	61	227	3
WF	61	228	3
WF	61	229	3
WF	61	230	3
WF	61	231	2
WF	61	232	2
WF	61	233	2
WF	61	234	1
WF	61	235	1
WF	61	236	1
WF	61	237	1
WF	61	266	3
WF	63	268	12
WF	63	269	8
WF	63	270	0
WF	65	281	0
WF	67	281	0
WF	69	280	6
WF	69	281	5
WF	69	282	1
WF	71	287	0
WF	73	248	0
WF	73	249	0
WF	73	250	0
WF	73	251	0
WF	73	288	0
WF	76	252	0
WF	76	288	0
WF	77	249	0
WF	77	288	3
WF	77	289	2
WF	79	254	1
WF	79	255	1
WF	79	292	1
WF	82	254	0
WF	82	255	0
WF	82	292	1
WF	83	257	2
WF	83	258	2
WF	83	294	2
WF	86	262	7
WF	86	263	7
WF	86	264	9
WF	86	265	12
WF	86	266	12
WF	86	267	15
WF	86	268	19
WF	86	269	20
WF	86	270	23
WF	86	271	30
WF	86	272	35
WF	86	273	39
WF	86	274	39
WF	86	275	39
WF	86	276	39
WF	86	277	40
WF	86	278	40
WF	86	283	43
WF	86	284	37
WF	86	285	36
WF	86	286	34
WF	86	287	34
WF	86	288	33
WF	86	289	23
WF	86	290	22
WF	86	291	21
WF	86	292	14
WF	86	293	13
WF	86	294	10
WF	86	295	6
WF	86	296	3
WF	86	297	2
WF	87	239	3
WF	87	240	3
WF	87	241	3
WF	87	242	4
WF	87	243	5
WF	87	244	5
WF	87	245	4
WF	87	246	2
WF	87	247	0
WF	87	270	6
WF	87	321	2
WF	87	322	5
WF	87	323	5
WF	87	324	5
WF	87	325	4
WF	87	326	3
WF	89	277	0
WF	92	277	0
WF	93	278	6
WF	95	285	0
WF	98	285	0
WF	99	286	2
WF	101	289	0
WF	104	289	0
WF	105	290	4
WF	107	295	0
WF	110	295	0
WF	111	296	0
WF	113	297	1
WF	116	297	1
WF	117	299	1
WF	119	301	0
WF	122	301	0
WF	123	258	2
WF	123	259	2
WF	123	260	2
WF	123	261	2
WF	123	262	2
WF	123	302	2
WF	128	305	0
WF	129	306	2
WF	131	309	0
WF	134	309	0
WF	135	267	2
WF	135	268	2
WF	135	269	2
WF	135	310	2
WF	138	272	1
WF	138	273	1
WF	138	313	1
WF	139	313	8
WF	139	314	5
WF	139	315	0
WF	141	283	0
WF	141	322	0
WF	144	322	0
WF	145	279	0
WF	145	280	0
WF	145	323	6
WF	147	330	0
WF	150	330	1
WF	151	330	0
WF	153	331	0
WF	155	288	3
WF	155	289	3
WF	155	290	2
WF	155	291	2
WF	155	332	3
WF	157	336	1
WF	160	336	1
WF	161	295	2
WF	161	296	2
WF	161	337	2
WF	161	338	0
WF	163	262	0
WF	163	296	4
WF	163	297	2
WF	163	300	0
WF	163	338	4
WF	163	339	3
WF	163	340	2
WF	165	267	2
WF	165	268	2
WF	165	269	2
WF	165	270	1
WF	165	300	4
WF	165	301	1
WF	165	302	4
WF	165	303	4
WF	165	304	4
WF	165	305	4
WF	165	346	4
WF	167	305	0
WF	167	311	0
WF	167	351	0
WF	170	305	0
WF	170	311	0
WF	170	312	0
WF	170	351	0
WF	171	275	3
WF	171	276	3
WF	171	277	2
WF	171	278	2
WF	171	279	5
WF	171	280	7
WF	171	281	7
WF	171	282	7
WF	171	283	7
WF	171	284	7
WF	171	285	6
WF	171	286	6
WF	171	305	13
WF	171	306	12
WF	171	308	7
WF	171	309	7
WF	171	310	7
WF	171	311	7
WF	171	312	7
WF	171	313	7
WF	171	314	7
WF	171	315	7
WF	171	352	13
WF	173	319	0
WF	173	366	0
WF	176	319	0
WF	176	365	0
WF	177	287	0
WF	177	320	0
WF	177	367	0
WF	179	252	0
WF	179	288	0
WF	179	321	0
WF	179	368	0
WF	182	248	0
WF	182	249	0
WF	182	250	0
WF	182	251	0
WF	182	288	0
WF	182	321	0
WF	182	368	0
WF	183	249	0
WF	183	250	0
WF	183	289	2
WF	183	322	2
WF	183	369	2
WF	185	291	0
WF	185	324	0
WF	185	372	0
WF	188	254	1
WF	188	255	1
WF	188	292	1
WF	188	324	1
WF	188	325	0
WF	188	371	1
WF	188	372	0
WF	190	291	0
WF	190	325	0
WF	190	372	0
WF	191	254	0
WF	191	255	0
WF	191	293	1
WF	191	325	1
WF	191	326	0
WF	191	373	1
WF	193	257	2
WF	193	294	2
WF	193	303	2
WF	193	304	2
WF	193	327	2
WF	193	331	2
WF	193	375	2
WF	195	261	0
WF	195	262	0
WF	195	264	0
WF	195	297	0
WF	195	329	0
WF	195	335	0
WF	195	336	0
WF	195	337	0
WF	195	378	0
WF	198	261	0
WF	198	262	0
WF	198	263	0
WF	198	264	0
WF	198	297	0
WF	198	311	0
WF	198	330	0
WF	198	335	0
WF	198	336	0
WF	198	378	0
WF	199	263	1
WF	199	297	3
WF	199	298	1
WF	199	331	3
WF	199	337	3
WF	199	338	3
WF	199	379	3
WF	201	301	0
WF	201	312	0
WF	201	313	0
WF	201	314	0
WF	201	315	0
WF	201	319	0
WF	201	335	0
WF	201	383	0
WF	204	301	0
WF	204	312	0
WF	204	313	0
WF	204	334	0
WF	204	383	0
WF	205	268	1
WF	205	269	1
WF	205	301	1
WF	205	302	0
WF	205	314	0
WF	205	315	0
WF	205	316	0
WF	205	336	1
WF	205	343	0
WF	205	384	1
WF	207	272	1
WF	207	303	2
WF	207	338	2
WF	207	346	0
WF	207	386	2
WF	210	303	0
WF	210	338	0
WF	210	346	0
WF	210	347	0
WF	210	386	0
WF	211	273	5
WF	211	274	5
WF	211	275	7
WF	211	304	8
WF	211	305	2
WF	211	317	8
WF	211	318	8
WF	211	319	8
WF	211	339	8
WF	211	340	2
WF	211	389	8
WF	213	285	0
WF	213	292	0
WF	213	312	0
WF	213	347	0
WF	213	397	0
WF	216	285	0
WF	216	313	0
WF	216	347	0
WF	216	397	0
WF	217	287	0
WF	217	288	0
WF	217	289	4
WF	217	290	4
WF	217	291	4
WF	217	313	5
WF	217	314	4
WF	217	328	2
WF	217	331	5
WF	217	349	5
WF	217	353	5
WF	217	354	5
WF	217	399	5
WF	219	319	0
WF	219	354	0
WF	219	361	0
WF	219	362	0
WF	219	363	0
WF	219	364	0
WF	219	405	0
WF	222	301	0
WF	222	319	0
WF	222	335	0
WF	222	336	0
WF	222	355	0
WF	222	361	0
WF	222	362	0
WF	222	363	0
WF	222	404	0
WF	223	320	4
WF	223	336	0
WF	223	337	0
WF	223	356	4
WF	223	406	4
WF	225	325	0
WF	225	361	0
WF	225	411	0
WF	228	324	0
WF	228	361	0
WF	228	411	0
WF	229	301	2
WF	229	302	5
WF	229	324	8
WF	229	325	6
WF	229	326	0
WF	229	340	7
WF	229	341	8
WF	229	344	8
WF	229	345	8
WF	229	362	8
WF	229	366	8
WF	229	367	8
WF	229	412	8
WF	231	312	0
WF	231	313	0
WF	231	314	0
WF	231	315	0
WF	231	316	0
WF	231	322	0
WF	231	332	0
WF	231	351	0
WF	231	352	0
WF	231	371	0
WF	231	377	0
WF	233	331	0
WF	233	332	0
WF	233	370	0
WF	233	371	0
WF	233	381	0
WF	236	314	0
WF	236	315	0
WF	236	331	0
WF	236	371	0
WF	238	313	0
WF	238	314	0
WF	238	332	0
WF	238	334	0
WF	238	371	0
WF	238	380	0
WF	239	317	2
WF	239	318	2
WF	239	319	2
WF	239	333	2
WF	239	334	0
WF	239	353	2
WF	239	372	2
WF	239	379	0
WF	239	380	0
WF	239	381	2
WF	239	419	1
WF	241	335	0
WF	241	374	0
WF	241	385	0
WF	244	336	0
WF	244	375	0
WF	245	323	22
WF	245	324	22
WF	245	332	22
WF	245	333	16
WF	245	334	7
WF	245	335	6
WF	245	336	4
WF	245	337	3
WF	245	355	5
WF	245	356	13
WF	245	357	20
WF	245	358	20
WF	245	374	22
WF	245	375	11
WF	245	376	3
WF	245	383	15
WF	245	384	16
WF	245	385	16
WF	245	386	16
WF	245	387	17
WF	245	388	17
WF	245	389	18
WF	245	390	18
WF	245	391	18
WF	245	392	18
WF	245	393	20
WF	245	394	20
WF	245	395	20
WF	245	396	19
WF	245	399	21
WF	245	400	20
WF	245	401	19
WF	245	404	16
WF	245	405	15
WF	245	406	14
WF	245	407	13
WF	245	409	10
WF	245	410	10
WF	245	413	7
WF	245	414	6
WF	245	415	5
WF	247	325	0
WF	247	361	0
WF	247	411	0
WF	249	301	2
WF	249	325	4
WF	249	326	0
WF	249	362	4
WF	249	412	4
WF	251	307	0
WF	251	308	0
WF	251	309	0
WF	251	310	0
WF	251	330	0
WF	251	367	0
WF	251	417	0
WF	254	330	0
WF	254	346	0
WF	254	347	0
WF	254	367	0
WF	254	372	0
WF	254	373	0
WF	254	374	0
WF	254	418	0
WF	256	307	0
WF	256	308	0
WF	256	310	0
WF	256	311	0
WF	256	329	0
WF	256	349	0
WF	256	367	0
WF	256	417	0
WF	257	311	0
WF	257	331	0
WF	257	368	0
WF	257	375	0
WF	257	418	0
WF	259	330	2
WF	259	331	1
WF	259	347	0
WF	259	369	2
WF	259	373	1
WF	259	374	1
WF	259	375	0
WF	259	419	0
WF	261	316	0
WF	261	331	0
WF	261	332	0
WF	261	371	0
WF	264	313	0
WF	264	314	0
WF	264	315	0
WF	264	332	0
WF	264	372	0
WF	265	314	0
WF	265	315	0
WF	265	316	0
WF	265	333	1
WF	265	351	0
WF	265	352	0
WF	265	373	1
WF	265	379	1
WF	265	380	1
WF	265	381	1
WF	265	382	1
WF	267	335	0
WF	267	375	0
WF	269	319	0
WF	269	320	0
WF	269	321	0
WF	269	335	0
WF	272	321	1
WF	272	335	1
WF	272	375	1
WF	273	320	0
WF	273	321	0
WF	273	322	0
WF	273	336	0
WF	273	377	0
WF	275	319	0
WF	275	320	5
WF	275	321	8
WF	275	322	8
WF	275	323	8
WF	275	324	8
WF	275	325	8
WF	275	326	8
WF	275	327	8
WF	275	336	8
WF	275	337	1
WF	275	354	1
WF	275	355	1
WF	275	378	8
WF	275	413	7
WF	275	414	6
WF	275	415	5
WF	275	416	4
WF	277	344	0
WF	277	386	0
WF	279	345	0
WF	279	387	0
WF	282	386	0
WF	283	345	10
WF	283	346	5
WF	283	364	2
WF	283	365	4
WF	283	386	10
WF	283	387	5
WF	283	388	0
WF	283	392	0
WF	283	393	0
WF	283	394	0
WF	283	395	1
WF	285	356	0
WF	285	377	0
WF	285	399	0
WF	287	357	0
WF	287	379	0
WF	287	380	0
WF	287	400	0
WF	65535	343	1
WF	65535	344	11
WF	65535	345	20
WF	65535	346	22
WF	65535	347	22
WF	65535	348	22
WF	65535	349	22
WF	65535	350	27
WF	65535	351	52
WF	65535	352	52
WF	65535	353	52
WF	65535	354	51
WF	65535	355	50
WF	65535	356	22
WF	65535	357	14
WF	65535	358	6
WF	65535	379	11
WF	65535	380	19
WF	65535	381	23
WF	65535	382	26
WF	65535	383	26
WF	65535	384	27
WF	65535	385	35
WF	65535	388	15
WF	65535	389	15
WF	65535	390	30
WF	65535	393	17
WF	65535	394	17
WF	65535	395	16
WF	65535	396	16
WF	65535	397	15
WF	65535	398	13
WF	65535	399	12
WF	65535	400	11
WF	65535	401	0
WF	65535	405	8
WF	65535	406	8
WF	65535	407	13
WF	65535	410	8
WF	65535	411	9
WF	65535	412	8
WF	65535	415	5
[gfa_ed_step] dist=23, n=737, n_intv=318, n_tb=0
Z	0	-1	23
Z	3	36	59
Z	6	34	59
Z	7	18	60
Z	9	43	84
Z	11	41	84
Z	13	40	47
Z	13	50	85
Z	15	54	58
Z	15	63	97
Z	17	61	97
Z	19	60	98
Z	21	69	106
Z	23	67	106
Z	25	63	107
Z	27	69	114
Z	29	71	114
Z	31	92	115
Z	33	160	183
Z	35	158	183
Z	37	149	184
Z	39	167	203
Z	42	169	203
Z	43	161	204
Z	45	184	228
Z	47	186	188
Z	47	189	228
Z	49	183	229
Z	51	187	232
Z	54	187	188
Z	54	189	193
Z	54	194	232
Z	55	190	233
Z	57	215	257
Z	59	217	256
Z	61	225	231
Z	61	232	234
Z	61	238	267
Z	63	235	269
Z	65	247	282
Z	67	247	282
Z	69	241	281
Z	71	247	288
Z	73	247	289
Z	76	249	253
Z	76	254	289
Z	77	250	289
Z	79	253	293
Z	82	254	293
Z	83	256	295
Z	86	279	284
Z	87	242	245
Z	87	248	271
Z	87	321	323
Z	87	324	326
Z	89	255	278
Z	92	253	278
Z	92	329	330
Z	93	248	279
Z	93	330	331
Z	95	256	286
Z	98	254	286
Z	98	337	338
Z	99	253	287
Z	99	338	339
Z	101	255	290
Z	104	255	290
Z	104	341	342
Z	105	252	291
Z	107	256	296
Z	110	256	296
Z	111	256	297
Z	113	256	298
Z	116	258	298
Z	117	257	300
Z	119	258	302
Z	122	260	302
Z	123	257	303
Z	125	262	263
Z	125	265	305
Z	128	261	262
Z	128	264	265
Z	128	267	306
Z	129	265	307
Z	131	269	310
Z	134	267	310
Z	135	266	311
Z	138	271	314
Z	139	270	314
Z	141	278	323
Z	144	278	323
Z	145	281	324
Z	147	287	331
Z	150	287	331
Z	151	289	331
Z	153	288	332
Z	155	287	291
Z	155	292	333
Z	157	294	337
Z	160	294	337
Z	161	294	338
Z	163	263	297
Z	163	301	339
Z	165	268	347
Z	167	274	306
Z	167	310	352
Z	170	274	306
Z	170	307	309
Z	170	310	313
Z	170	314	352
Z	171	287	306
Z	171	316	353
Z	173	302	320
Z	173	329	367
Z	176	300	320
Z	176	329	366
Z	177	247	288
Z	177	300	321
Z	177	329	368
Z	179	249	253
Z	179	254	289
Z	179	300	322
Z	179	331	369
Z	182	247	289
Z	182	302	322
Z	182	329	369
Z	183	248	250
Z	183	251	290
Z	183	300	323
Z	183	328	370
Z	185	253	292
Z	185	302	325
Z	185	332	373
Z	188	253	293
Z	188	302	325
Z	188	330	372
Z	190	253	293
Z	190	302	326
Z	190	330	346
Z	190	347	373
Z	191	254	294
Z	191	301	326
Z	191	330	374
Z	193	256	295
Z	193	302	328
Z	193	330	376
Z	195	260	298
Z	195	309	331
Z	195	334	338
Z	195	339	379
Z	198	260	298
Z	198	307	331
Z	198	334	379
Z	199	264	298
Z	199	308	332
Z	199	336	380
Z	201	269	302
Z	201	311	336
Z	201	342	346
Z	201	347	384
Z	204	267	302
Z	204	311	335
Z	204	341	384
Z	205	267	302
Z	205	315	337
Z	205	344	385
Z	207	273	304
Z	207	318	339
Z	207	347	387
Z	210	273	304
Z	210	318	339
Z	210	345	387
Z	211	274	305
Z	211	316	340
Z	211	349	390
Z	213	284	314
Z	213	330	348
Z	213	357	365
Z	213	366	398
Z	216	284	314
Z	216	328	348
Z	216	357	398
Z	217	290	314
Z	217	329	350
Z	217	352	400
Z	219	299	320
Z	219	336	355
Z	219	360	406
Z	222	297	320
Z	222	334	337
Z	222	339	356
Z	222	360	377
Z	222	378	406
Z	223	298	321
Z	223	338	357
Z	223	363	407
Z	225	302	326
Z	225	342	346
Z	225	347	362
Z	225	367	385
Z	225	386	412
Z	228	302	325
Z	228	344	362
Z	228	369	370
Z	228	371	412
Z	229	303	325
Z	229	339	363
Z	229	365	413
Z	231	311	317
Z	231	318	333
Z	231	349	353
Z	231	354	372
Z	231	376	421
Z	233	314	316
Z	233	317	333
Z	233	354	372
Z	233	380	382
Z	233	383	421
Z	236	313	333
Z	236	350	351
Z	236	352	353
Z	236	356	372
Z	236	376	377
Z	236	378	421
Z	238	312	315
Z	238	316	335
Z	238	353	373
Z	238	377	378
Z	238	379	421
Z	239	316	334
Z	239	352	373
Z	239	380	419
Z	241	322	337
Z	241	356	376
Z	241	384	421
Z	244	320	322
Z	244	324	337
Z	244	358	376
Z	244	384	385
Z	244	386	421
Z	245	321	333
Z	245	359	375
Z	245	397	399
Z	247	302	326
Z	247	342	346
Z	247	347	362
Z	247	367	412
Z	247	419	421
Z	249	302	326
Z	249	341	363
Z	249	367	413
Z	249	415	417
Z	251	306	331
Z	251	345	368
Z	251	371	418
Z	251	419	421
Z	254	308	309
Z	254	311	331
Z	254	345	368
Z	254	371	421
Z	256	306	312
Z	256	313	331
Z	256	345	368
Z	256	371	377
Z	256	378	418
Z	256	419	421
Z	257	310	332
Z	257	347	369
Z	257	373	421
Z	259	310	331
Z	259	346	370
Z	259	376	419
Z	261	314	333
Z	261	350	372
Z	261	380	421
Z	264	312	334
Z	264	350	373
Z	264	378	385
Z	264	386	421
Z	265	315	334
Z	265	353	374
Z	265	378	420
Z	267	318	336
Z	267	354	376
Z	267	384	421
Z	269	318	337
Z	269	354	376
Z	269	384	421
Z	272	318	336
Z	272	356	376
Z	272	384	420
Z	273	319	337
Z	273	356	378
Z	273	385	421
Z	275	320	337
Z	275	356	379
Z	275	383	413
Z	277	336	345
Z	277	364	387
Z	277	391	421
Z	279	333	346
Z	279	364	388
Z	279	391	421
Z	282	330	331
Z	282	332	333
Z	282	335	345
Z	282	366	387
Z	282	391	421
Z	283	332	346
Z	283	366	387
Z	283	396	411
Z	285	342	357
Z	285	376	400
Z	285	406	421
Z	287	344	358
Z	287	378	401
Z	287	408	409
Z	287	410	421
WF	0	23	35
WF	3	59	0
WF	6	59	0
WF	7	60	23
WF	9	84	0
WF	11	84	0
WF	13	39	5
WF	13	47	11
WF	13	48	11
WF	13	49	10
WF	13	85	11
WF	15	52	0
WF	15	53	0
WF	15	58	0
WF	15	97	0
WF	17	52	0
WF	17	53	0
WF	17	54	0
WF	17	55	0
WF	17	56	0
WF	17	57	0
WF	17	58	0
WF	17	97	0
WF	19	54	1
WF	19	55	1
WF	19	56	1
WF	19	57	1
WF	19	58	0
WF	19	98	7
WF	21	106	0
WF	23	106	0
WF	25	107	6
WF	27	114	0
WF	29	114	0
WF	31	69	31
WF	31	70	34
WF	31	71	34
WF	31	72	34
WF	31	73	34
WF	31	74	38
WF	31	75	38
WF	31	76	38
WF	31	77	38
WF	31	78	38
WF	31	79	39
WF	31	80	39
WF	31	81	38
WF	31	82	38
WF	31	83	38
WF	31	84	38
WF	31	85	39
WF	31	86	39
WF	31	87	38
WF	31	88	37
WF	31	89	36
WF	31	90	35
WF	31	91	33
WF	31	115	67
WF	33	183	0
WF	35	183	0
WF	37	184	18
WF	39	203	0
WF	42	203	0
WF	43	204	23
WF	45	228	0
WF	47	228	0
WF	49	229	2
WF	51	186	0
WF	51	232	0
WF	54	188	0
WF	54	232	0
WF	55	187	23
WF	55	188	23
WF	55	189	23
WF	55	233	23
WF	57	257	0
WF	59	212	4
WF	59	213	8
WF	59	214	8
WF	59	215	8
WF	59	216	8
WF	59	256	9
WF	59	257	7
WF	59	258	6
WF	61	231	3
WF	61	234	3
WF	61	235	3
WF	61	236	3
WF	61	237	2
WF	61	267	3
WF	63	229	1
WF	63	230	1
WF	63	231	1
WF	63	232	1
WF	63	233	1
WF	63	234	0
WF	63	269	12
WF	63	270	8
WF	63	271	0
WF	65	282	0
WF	67	282	0
WF	69	281	6
WF	69	282	5
WF	69	283	2
WF	71	288	0
WF	73	289	0
WF	76	253	0
WF	76	289	0
WF	77	248	3
WF	77	249	3
WF	77	289	3
WF	77	290	2
WF	79	293	1
WF	82	253	1
WF	82	293	1
WF	83	255	0
WF	83	295	2
WF	86	259	0
WF	86	260	0
WF	86	261	8
WF	86	262	8
WF	86	263	10
WF	86	264	14
WF	86	265	14
WF	86	266	16
WF	86	267	20
WF	86	268	21
WF	86	269	24
WF	86	270	31
WF	86	271	36
WF	86	272	40
WF	86	273	40
WF	86	274	40
WF	86	275	41
WF	86	276	41
WF	86	277	41
WF	86	278	41
WF	86	284	43
WF	86	285	40
WF	86	286	38
WF	86	287	35
WF	86	288	35
WF	86	289	34
WF	86	290	23
WF	86	291	23
WF	86	292	22
WF	86	293	14
WF	86	294	13
WF	86	295	10
WF	86	296	6
WF	86	297	3
WF	86	298	2
WF	87	229	0
WF	87	230	0
WF	87	231	1
WF	87	232	1
WF	87	233	1
WF	87	234	1
WF	87	235	0
WF	87	236	0
WF	87	237	0
WF	87	238	4
WF	87	239	4
WF	87	240	4
WF	87	241	5
WF	87	245	6
WF	87	246	4
WF	87	247	3
WF	87	271	6
WF	87	320	3
WF	87	323	6
WF	87	326	6
WF	87	327	3
WF	89	249	0
WF	89	250	0
WF	89	251	0
WF	89	278	0
WF	89	328	0
WF	89	329	0
WF	89	331	0
WF	89	332	0
WF	92	249	0
WF	92	250	0
WF	92	251	0
WF	92	278	0
WF	92	331	0
WF	92	332	0
WF	93	279	6
WF	93	331	6
WF	95	286	0
WF	95	336	0
WF	95	337	0
WF	98	286	0
WF	99	287	2
WF	99	339	2
WF	101	290	0
WF	101	340	0
WF	101	341	0
WF	104	290	0
WF	105	291	4
WF	105	341	2
WF	105	342	2
WF	105	343	1
WF	107	296	0
WF	110	296	0
WF	111	297	0
WF	113	298	1
WF	116	298	1
WF	117	300	1
WF	119	302	0
WF	122	302	0
WF	123	303	2
WF	125	260	0
WF	125	261	0
WF	125	263	0
WF	125	264	0
WF	125	305	0
WF	128	262	0
WF	128	263	0
WF	128	265	0
WF	128	306	0
WF	129	261	0
WF	129	262	0
WF	129	263	0
WF	129	264	0
WF	129	307	2
WF	131	310	0
WF	134	310	0
WF	135	311	2
WF	138	269	1
WF	138	270	1
WF	138	314	1
WF	139	269	0
WF	139	314	8
WF	139	315	7
WF	139	316	1
WF	141	323	0
WF	144	323	0
WF	145	278	1
WF	145	279	1
WF	145	280	1
WF	145	324	6
WF	147	331	0
WF	150	331	1
WF	151	331	0
WF	153	332	0
WF	155	291	3
WF	155	333	3
WF	157	291	0
WF	157	292	0
WF	157	293	0
WF	157	337	1
WF	160	291	0
WF	160	292	0
WF	160	293	0
WF	160	337	1
WF	161	338	2
WF	161	339	0
WF	163	259	0
WF	163	260	0
WF	163	261	1
WF	163	262	1
WF	163	297	4
WF	163	298	2
WF	163	299	2
WF	163	300	2
WF	163	339	4
WF	163	340	3
WF	163	341	2
WF	165	266	3
WF	165	267	3
WF	165	347	4
WF	167	273	0
WF	167	306	0
WF	167	307	0
WF	167	308	0
WF	167	309	0
WF	167	352	0
WF	170	273	0
WF	170	306	0
WF	170	309	0
WF	170	313	0
WF	170	352	0
WF	171	274	4
WF	171	275	4
WF	171	276	4
WF	171	277	3
WF	171	278	6
WF	171	279	8
WF	171	280	8
WF	171	281	8
WF	171	282	8
WF	171	283	10
WF	171	284	10
WF	171	285	9
WF	171	286	7
WF	171	306	13
WF	171	307	12
WF	171	308	9
WF	171	309	8
WF	171	310	8
WF	171	311	9
WF	171	312	9
WF	171	313	9
WF	171	314	8
WF	171	315	8
WF	171	353	13
WF	173	320	0
WF	173	367	0
WF	176	320	0
WF	176	366	0
WF	177	288	0
WF	177	321	0
WF	177	368	0
WF	179	253	0
WF	179	289	0
WF	179	322	0
WF	179	369	0
WF	182	289	0
WF	182	322	0
WF	182	369	0
WF	183	250	2
WF	183	290	2
WF	183	323	2
WF	183	370	2
WF	185	251	0
WF	185	252	0
WF	185	292	0
WF	185	325	0
WF	185	373	0
WF	188	293	1
WF	188	325	1
WF	188	326	0
WF	188	372	1
WF	188	373	0
WF	190	251	0
WF	190	252	0
WF	190	293	0
WF	190	326	0
WF	190	373	0
WF	191	253	1
WF	191	294	1
WF	191	326	1
WF	191	327	0
WF	191	374	1
WF	193	255	0
WF	193	295	2
WF	193	328	2
WF	193	376	2
WF	195	259	0
WF	195	298	0
WF	195	305	0
WF	195	306	0
WF	195	307	0
WF	195	331	0
WF	195	333	0
WF	195	338	0
WF	195	379	0
WF	198	259	0
WF	198	298	0
WF	198	305	0
WF	198	306	0
WF	198	331	0
WF	198	333	0
WF	198	379	0
WF	199	261	0
WF	199	262	2
WF	199	263	2
WF	199	298	3
WF	199	299	1
WF	199	332	3
WF	199	335	0
WF	199	380	3
WF	201	302	0
WF	201	336	0
WF	201	340	0
WF	201	341	0
WF	201	384	0
WF	204	302	0
WF	204	335	0
WF	204	384	0
WF	205	302	1
WF	205	303	0
WF	205	312	0
WF	205	313	1
WF	205	314	1
WF	205	337	1
WF	205	341	0
WF	205	342	1
WF	205	343	1
WF	205	385	1
WF	207	269	0
WF	207	270	0
WF	207	271	2
WF	207	272	2
WF	207	304	2
WF	207	317	0
WF	207	339	2
WF	207	345	2
WF	207	346	2
WF	207	387	2
WF	210	269	0
WF	210	270	0
WF	210	271	0
WF	210	304	0
WF	210	339	0
WF	210	387	0
WF	211	272	6
WF	211	273	6
WF	211	305	8
WF	211	306	2
WF	211	340	8
WF	211	341	2
WF	211	346	0
WF	211	347	1
WF	211	348	1
WF	211	390	8
WF	213	283	0
WF	213	314	0
WF	213	325	0
WF	213	326	0
WF	213	327	0
WF	213	328	0
WF	213	348	0
WF	213	398	0
WF	216	283	0
WF	216	314	0
WF	216	325	0
WF	216	326	0
WF	216	327	0
WF	216	348	0
WF	216	398	0
WF	217	285	0
WF	217	286	1
WF	217	287	1
WF	217	288	5
WF	217	289	5
WF	217	314	5
WF	217	315	4
WF	217	327	3
WF	217	328	3
WF	217	350	5
WF	217	400	5
WF	219	296	0
WF	219	297	0
WF	219	320	0
WF	219	355	0
WF	219	358	0
WF	219	359	0
WF	219	406	0
WF	222	296	0
WF	222	320	0
WF	222	337	0
WF	222	356	0
WF	222	358	0
WF	222	359	0
WF	222	406	0
WF	223	321	4
WF	223	335	1
WF	223	336	1
WF	223	337	1
WF	223	357	4
WF	223	361	0
WF	223	362	0
WF	223	407	4
WF	225	326	0
WF	225	362	0
WF	225	412	0
WF	228	325	0
WF	228	362	0
WF	228	412	0
WF	229	300	3
WF	229	301	6
WF	229	302	6
WF	229	325	8
WF	229	326	6
WF	229	327	0
WF	229	363	8
WF	231	317	0
WF	231	333	0
WF	231	353	0
WF	231	372	0
WF	231	374	0
WF	231	375	0
WF	233	312	0
WF	233	313	0
WF	233	316	0
WF	233	333	0
WF	233	349	0
WF	233	350	0
WF	233	351	0
WF	233	352	0
WF	233	353	0
WF	233	372	0
WF	233	377	0
WF	233	378	0
WF	233	382	0
WF	236	333	0
WF	236	348	0
WF	236	349	0
WF	236	351	0
WF	236	353	0
WF	236	354	0
WF	236	372	0
WF	236	374	0
WF	236	375	0
WF	238	315	0
WF	238	335	0
WF	238	349	0
WF	238	350	0
WF	238	351	0
WF	238	352	0
WF	238	373	0
WF	238	378	0
WF	239	313	0
WF	239	314	0
WF	239	315	0
WF	239	334	2
WF	239	335	0
WF	239	373	2
WF	239	377	0
WF	239	378	1
WF	239	379	1
WF	241	319	0
WF	241	320	0
WF	241	321	0
WF	241	337	0
WF	241	355	0
WF	241	383	0
WF	244	322	0
WF	244	337	0
WF	244	355	0
WF	244	356	0
WF	244	376	0
WF	244	385	0
WF	245	320	0
WF	245	333	22
WF	245	334	16
WF	245	335	9
WF	245	336	8
WF	245	337	4
WF	245	338	3
WF	245	354	7
WF	245	355	14
WF	245	356	21
WF	245	357	21
WF	245	358	21
WF	245	375	22
WF	245	376	11
WF	245	377	3
WF	245	382	16
WF	245	383	17
WF	245	384	17
WF	245	385	17
WF	245	386	18
WF	245	387	18
WF	245	388	19
WF	245	389	20
WF	245	390	20
WF	245	391	19
WF	245	392	21
WF	245	393	21
WF	245	394	21
WF	245	395	21
WF	245	396	21
WF	245	399	21
WF	245	400	20
WF	245	403	17
WF	245	404	16
WF	245	405	15
WF	245	406	14
WF	245	408	12
WF	245	409	11
WF	245	412	8
WF	245	413	7
WF	245	414	6
WF	247	326	0
WF	247	346	0
WF	247	362	0
WF	247	412	0
WF	249	300	3
WF	249	301	3
WF	249	326	4
WF	249	327	0
WF	249	363	4
WF	249	413	4
WF	251	331	0
WF	251	368	0
WF	251	418	0
WF	254	309	0
WF	254	310	0
WF	254	331	0
WF	254	368	0
WF	256	312	0
WF	256	331	0
WF	256	368	0
WF	256	418	0
WF	257	307	0
WF	257	308	0
WF	257	309	0
WF	257	332	0
WF	257	369	0
WF	259	308	0
WF	259	309	0
WF	259	331	2
WF	259	332	1
WF	259	370	2
WF	259	372	2
WF	259	373	2
WF	259	374	2
WF	259	375	1
WF	259	419	1
WF	259	420	0
WF	261	333	0
WF	261	349	0
WF	261	372	0
WF	264	334	0
WF	264	349	0
WF	264	373	0
WF	265	313	1
WF	265	314	1
WF	265	334	1
WF	265	350	1
WF	265	351	1
WF	265	352	1
WF	265	374	1
WF	267	336	0
WF	267	376	0
WF	267	380	0
WF	267	381	0
WF	267	382	0
WF	267	383	0
WF	269	337	0
WF	269	376	0
WF	272	317	0
WF	272	336	1
WF	272	376	1
WF	272	380	0
WF	272	381	0
WF	272	382	0
WF	272	383	0
WF	273	337	0
WF	273	378	0
WF	275	318	2
WF	275	319	6
WF	275	337	8
WF	275	338	2
WF	275	353	3
WF	275	354	3
WF	275	355	2
WF	275	379	8
WF	275	413	7
WF	275	414	6
WF	275	415	5
WF	277	329	0
WF	277	330	0
WF	277	331	0
WF	277	332	0
WF	277	333	0
WF	277	334	0
WF	277	335	0
WF	277	345	0
WF	277	387	0
WF	279	329	0
WF	279	330	0
WF	279	331	0
WF	279	332	0
WF	279	346	0
WF	279	388	0
WF	282	331	0
WF	282	333	0
WF	282	334	0
WF	282	345	0
WF	282	387	0
WF	283	330	0
WF	283	331	0
WF	283	346	10
WF	283	347	5
WF	283	363	3
WF	283	364	5
WF	283	365	5
WF	283	387	10
WF	283	388	5
WF	283	389	0
WF	283	391	1
WF	283	392	1
WF	283	393	1
WF	283	394	3
WF	283	395	3
WF	285	357	0
WF	285	400	0
WF	287	358	0
WF	287	401	0
WF	65535	342	4
WF	65535	343	12
WF	65535	344	21
WF	65535	345	23
WF	65535	346	23
WF	65535	347	23
WF	65535	348	23
WF	65535	349	28
WF	65535	350	53
WF	65535	351	55
WF	65535	352	55
WF	65535	353	54
WF	65535	354	66
WF	65535	357	22
WF	65535	358	15
WF	65535	359	7
WF	65535	378	12
WF	65535	379	20
WF	65535	380	24
WF	65535	381	27
WF	65535	382	27
WF	65535	383	31
WF	65535	384	36
WF	65535	387	16
WF	65535	388	18
WF	65535	389	31
WF	65535	392	18
WF	65535	393	18
WF	65535	394	18
WF	65535	395	17
WF	65535	396	17
WF	65535	397	16
WF	65535	398	15
WF	65535	399	13
WF	65535	400	12
WF	65535	401	11
WF	65535	402	0
WF	65535	404	9
WF	65535	405	9
WF	65535	406	14
WF	65535	409	9
WF	65535	410	10
WF	65535	411	9
WF	65535	414	6
[gfa_ed_step] dist=24, n=677, n_intv=309, n_tb=0
Z	0	-1	24
Z	3	36	60
Z	6	34	60
Z	7	18	61
Z	9	43	85
Z	11	41	85
Z	13	40	86
Z	15	51	60
Z	15	63	98
Z	17	51	59
Z	17	61	98
Z	19	60	99
Z	21	69	107
Z	23	67	107
Z	25	63	108
Z	27	69	115
Z	29	71	115
Z	31	92	116
Z	33	160	184
Z	35	158	184
Z	37	149	185
Z	39	167	204
Z	42	169	204
Z	43	161	205
Z	45	184	229
Z	47	186	188
Z	47	189	229
Z	49	183	230
Z	51	185	233
Z	54	187	193
Z	54	194	233
Z	55	186	234
Z	57	211	212
Z	57	213	214
Z	57	215	258
Z	59	217	257
Z	61	225	237
Z	61	238	268
Z	63	235	270
Z	65	247	283
Z	67	247	283
Z	69	241	282
Z	71	247	289
Z	73	247	290
Z	76	249	290
Z	77	247	291
Z	79	253	294
Z	82	252	295
Z	83	256	296
Z	86	274	277
Z	86	279	285
Z	87	240	246
Z	87	248	272
Z	87	321	327
Z	89	248	253
Z	89	255	279
Z	89	327	333
Z	92	248	252
Z	92	253	279
Z	92	329	334
Z	93	248	280
Z	93	330	332
Z	95	256	287
Z	95	335	338
Z	98	254	287
Z	98	337	338
Z	99	253	288
Z	99	338	340
Z	101	255	291
Z	101	339	343
Z	104	255	291
Z	104	341	342
Z	105	252	292
Z	105	341	343
Z	107	256	297
Z	110	256	297
Z	110	347	348
Z	111	256	298
Z	111	348	349
Z	113	256	299
Z	113	349	350
Z	116	258	299
Z	117	257	301
Z	117	351	352
Z	119	258	303
Z	122	260	303
Z	122	353	354
Z	123	257	304
Z	125	259	306
Z	128	261	266
Z	128	267	307
Z	129	265	308
Z	131	269	311
Z	134	267	311
Z	135	266	312
Z	138	268	315
Z	139	270	315
Z	141	278	324
Z	144	278	324
Z	145	281	325
Z	147	287	332
Z	150	287	332
Z	151	289	332
Z	153	288	333
Z	155	287	334
Z	157	294	338
Z	160	291	293
Z	160	294	338
Z	161	294	339
Z	163	263	298
Z	163	301	340
Z	165	268	348
Z	167	272	353
Z	170	272	353
Z	171	287	308
Z	171	316	354
Z	173	302	321
Z	173	329	368
Z	176	300	321
Z	176	329	367
Z	177	247	289
Z	177	300	322
Z	177	329	369
Z	179	249	290
Z	179	300	323
Z	179	331	370
Z	182	247	290
Z	182	302	323
Z	182	329	370
Z	183	248	291
Z	183	300	324
Z	183	328	371
Z	185	250	294
Z	185	302	326
Z	185	332	374
Z	188	253	294
Z	188	302	326
Z	188	330	373
Z	190	250	294
Z	190	302	327
Z	190	330	346
Z	190	347	374
Z	191	252	295
Z	191	301	327
Z	191	330	375
Z	193	256	296
Z	193	302	329
Z	193	330	377
Z	195	258	299
Z	195	304	308
Z	195	309	380
Z	198	258	299
Z	198	304	380
Z	199	264	299
Z	199	308	333
Z	199	336	381
Z	201	269	303
Z	201	311	337
Z	201	339	346
Z	201	347	385
Z	204	267	303
Z	204	311	337
Z	204	341	385
Z	205	267	303
Z	205	312	338
Z	205	341	386
Z	207	270	305
Z	207	318	340
Z	207	344	388
Z	210	268	272
Z	210	273	305
Z	210	318	340
Z	210	345	388
Z	211	274	306
Z	211	316	341
Z	211	349	391
Z	213	282	315
Z	213	324	329
Z	213	330	349
Z	213	357	365
Z	213	366	399
Z	216	282	315
Z	216	324	349
Z	216	357	399
Z	217	287	316
Z	217	329	351
Z	217	352	401
Z	219	295	298
Z	219	299	321
Z	219	336	356
Z	219	357	407
Z	222	295	321
Z	222	334	338
Z	222	339	377
Z	222	378	407
Z	223	298	322
Z	223	338	358
Z	223	363	408
Z	225	302	327
Z	225	342	346
Z	225	347	363
Z	225	367	385
Z	225	386	413
Z	228	302	326
Z	228	344	363
Z	228	369	370
Z	228	371	413
Z	229	303	326
Z	229	339	364
Z	229	365	413
Z	231	311	334
Z	231	349	421
Z	233	311	334
Z	233	348	373
Z	233	375	379
Z	233	380	421
Z	236	313	334
Z	236	347	355
Z	236	356	377
Z	236	378	421
Z	238	312	336
Z	238	348	374
Z	238	377	421
Z	239	316	335
Z	239	352	374
Z	239	380	419
Z	241	318	338
Z	241	354	376
Z	241	382	421
Z	244	320	323
Z	244	324	338
Z	244	354	357
Z	244	358	377
Z	244	384	421
Z	245	321	334
Z	245	355	357
Z	245	359	376
Z	245	394	396
Z	245	397	399
Z	247	302	327
Z	247	342	363
Z	247	367	413
Z	247	418	421
Z	249	302	327
Z	249	341	364
Z	249	367	414
Z	249	415	417
Z	251	306	332
Z	251	345	369
Z	251	371	421
Z	254	308	332
Z	254	345	369
Z	254	371	421
Z	256	306	332
Z	256	345	369
Z	256	371	377
Z	256	378	421
Z	257	306	333
Z	257	347	370
Z	257	373	421
Z	259	310	332
Z	259	346	375
Z	259	376	419
Z	261	314	334
Z	261	348	373
Z	261	375	376
Z	261	380	421
Z	264	312	335
Z	264	348	374
Z	264	377	385
Z	264	386	421
Z	265	312	335
Z	265	349	375
Z	265	378	420
Z	267	318	337
Z	267	354	377
Z	267	379	421
Z	269	318	338
Z	269	354	377
Z	269	383	421
Z	272	318	337
Z	272	352	353
Z	272	356	377
Z	272	379	420
Z	273	319	338
Z	273	356	379
Z	273	385	421
Z	275	320	338
Z	275	356	380
Z	275	383	413
Z	277	328	346
Z	277	364	388
Z	277	391	421
Z	279	328	347
Z	279	364	389
Z	279	391	421
Z	282	330	346
Z	282	366	388
Z	282	391	421
Z	283	332	347
Z	283	366	388
Z	283	396	411
Z	285	342	358
Z	285	376	401
Z	285	406	421
Z	287	344	359
Z	287	378	402
Z	287	408	409
Z	287	410	421
WF	0	24	35
WF	3	60	0
WF	6	60	0
WF	7	61	23
WF	9	85	0
WF	11	85	0
WF	13	38	6
WF	13	39	6
WF	13	86	11
WF	15	60	0
WF	15	61	0
WF	15	98	0
WF	17	59	0
WF	17	60	0
WF	17	98	0
WF	19	52	0
WF	19	53	3
WF	19	54	4
WF	19	55	4
WF	19	56	3
WF	19	57	3
WF	19	58	2
WF	19	59	1
WF	19	99	7
WF	21	107	0
WF	23	107	0
WF	25	108	6
WF	27	115	0
WF	29	115	0
WF	31	68	32
WF	31	69	35
WF	31	70	35
WF	31	71	35
WF	31	72	36
WF	31	73	39
WF	31	74	39
WF	31	75	39
WF	31	76	40
WF	31	77	40
WF	31	78	40
WF	31	79	40
WF	31	80	40
WF	31	81	40
WF	31	82	40
WF	31	83	39
WF	31	84	40
WF	31	85	40
WF	31	86	40
WF	31	87	40
WF	31	88	39
WF	31	89	38
WF	31	90	37
WF	31	91	35
WF	31	116	67
WF	33	184	0
WF	35	184	0
WF	37	185	18
WF	39	204	0
WF	42	204	0
WF	43	205	23
WF	45	229	0
WF	47	229	0
WF	49	230	2
WF	51	233	0
WF	54	233	0
WF	55	234	23
WF	57	212	0
WF	57	258	0
WF	59	210	0
WF	59	211	5
WF	59	212	9
WF	59	213	9
WF	59	214	9
WF	59	215	9
WF	59	216	9
WF	59	257	9
WF	59	258	7
WF	59	259	6
WF	61	237	3
WF	61	268	3
WF	63	228	2
WF	63	229	2
WF	63	230	2
WF	63	231	2
WF	63	232	2
WF	63	233	2
WF	63	234	1
WF	63	270	12
WF	63	271	8
WF	63	272	4
WF	65	283	0
WF	67	283	0
WF	69	282	6
WF	69	283	5
WF	69	284	2
WF	71	289	0
WF	73	290	0
WF	76	290	0
WF	77	291	3
WF	79	251	1
WF	79	252	1
WF	79	294	1
WF	82	251	0
WF	83	254	1
WF	83	255	1
WF	83	296	2
WF	83	297	0
WF	86	258	3
WF	86	259	3
WF	86	260	9
WF	86	261	10
WF	86	262	12
WF	86	263	15
WF	86	264	15
WF	86	265	17
WF	86	266	21
WF	86	267	22
WF	86	268	25
WF	86	269	32
WF	86	270	37
WF	86	271	41
WF	86	272	41
WF	86	273	41
WF	86	277	43
WF	86	278	42
WF	86	285	43
WF	86	286	40
WF	86	287	40
WF	86	288	40
WF	86	289	39
WF	86	290	34
WF	86	291	26
WF	86	292	25
WF	86	293	22
WF	86	294	14
WF	86	295	13
WF	86	296	10
WF	86	297	6
WF	86	298	3
WF	86	299	2
WF	87	228	1
WF	87	229	1
WF	87	230	2
WF	87	231	2
WF	87	232	2
WF	87	233	3
WF	87	234	3
WF	87	235	2
WF	87	236	2
WF	87	237	6
WF	87	238	6
WF	87	239	5
WF	87	246	6
WF	87	247	4
WF	87	272	6
WF	87	318	0
WF	87	319	4
WF	87	320	4
WF	87	327	6
WF	87	328	3
WF	89	279	0
WF	89	333	0
WF	92	247	0
WF	92	252	0
WF	92	279	0
WF	92	334	0
WF	93	280	6
WF	93	328	0
WF	93	329	0
WF	93	332	6
WF	93	333	0
WF	93	334	0
WF	95	287	0
WF	95	338	0
WF	98	287	0
WF	98	338	0
WF	99	288	2
WF	99	336	0
WF	99	337	0
WF	99	340	2
WF	101	291	0
WF	104	291	0
WF	104	342	0
WF	105	292	4
WF	105	340	3
WF	105	343	4
WF	105	344	1
WF	107	297	0
WF	107	346	0
WF	107	347	0
WF	110	297	0
WF	111	298	0
WF	111	349	0
WF	113	299	1
WF	116	299	1
WF	116	348	0
WF	116	349	0
WF	117	301	1
WF	117	352	1
WF	119	303	0
WF	119	352	0
WF	119	353	0
WF	122	303	0
WF	123	304	2
WF	123	353	2
WF	123	354	2
WF	123	355	1
WF	125	306	0
WF	128	266	0
WF	128	307	0
WF	129	260	1
WF	129	261	1
WF	129	262	1
WF	129	263	1
WF	129	264	1
WF	129	308	2
WF	131	311	0
WF	134	311	0
WF	135	312	2
WF	138	315	1
WF	139	268	1
WF	139	269	1
WF	139	315	8
WF	139	316	7
WF	139	317	1
WF	141	324	0
WF	144	324	0
WF	145	277	2
WF	145	278	2
WF	145	279	2
WF	145	280	2
WF	145	325	6
WF	147	332	0
WF	150	332	1
WF	151	332	0
WF	153	333	0
WF	155	334	3
WF	157	290	1
WF	157	291	1
WF	157	292	1
WF	157	293	1
WF	157	338	1
WF	160	290	1
WF	160	293	1
WF	160	338	1
WF	161	293	0
WF	161	339	2
WF	161	340	0
WF	163	258	3
WF	163	259	3
WF	163	260	2
WF	163	261	3
WF	163	262	3
WF	163	298	4
WF	163	299	3
WF	163	300	3
WF	163	340	4
WF	163	341	3
WF	163	342	2
WF	165	265	4
WF	165	266	4
WF	165	267	4
WF	165	348	4
WF	167	353	0
WF	170	353	0
WF	171	273	5
WF	171	274	5
WF	171	275	5
WF	171	276	5
WF	171	277	7
WF	171	278	9
WF	171	279	9
WF	171	280	9
WF	171	281	9
WF	171	282	11
WF	171	283	11
WF	171	284	11
WF	171	285	10
WF	171	286	9
WF	171	308	13
WF	171	309	9
WF	171	310	11
WF	171	311	11
WF	171	312	10
WF	171	313	10
WF	171	314	9
WF	171	315	9
WF	171	354	13
WF	173	321	0
WF	173	368	0
WF	176	321	0
WF	176	367	0
WF	177	289	0
WF	177	322	0
WF	177	369	0
WF	179	290	0
WF	179	323	0
WF	179	370	0
WF	182	290	0
WF	182	323	0
WF	182	370	0
WF	183	291	2
WF	183	324	2
WF	183	371	2
WF	185	294	0
WF	185	326	0
WF	185	374	0
WF	188	251	1
WF	188	252	1
WF	188	294	1
WF	188	326	1
WF	188	327	0
WF	188	373	1
WF	188	374	0
WF	190	294	0
WF	190	327	0
WF	190	374	0
WF	191	251	0
WF	191	295	1
WF	191	327	1
WF	191	328	0
WF	191	375	1
WF	193	254	1
WF	193	255	1
WF	193	296	2
WF	193	297	0
WF	193	329	2
WF	193	377	2
WF	195	299	0
WF	195	308	0
WF	195	380	0
WF	198	299	0
WF	198	380	0
WF	199	259	2
WF	199	260	2
WF	199	261	3
WF	199	262	3
WF	199	263	3
WF	199	299	3
WF	199	300	1
WF	199	305	1
WF	199	306	1
WF	199	307	0
WF	199	333	3
WF	199	334	2
WF	199	335	1
WF	199	381	3
WF	201	303	0
WF	201	337	0
WF	201	385	0
WF	204	303	0
WF	204	337	0
WF	204	385	0
WF	205	303	1
WF	205	304	0
WF	205	311	1
WF	205	338	1
WF	205	340	1
WF	205	386	1
WF	207	268	1
WF	207	269	2
WF	207	305	2
WF	207	314	0
WF	207	315	0
WF	207	316	1
WF	207	317	1
WF	207	340	2
WF	207	343	2
WF	207	388	2
WF	210	272	0
WF	210	305	0
WF	210	314	0
WF	210	315	0
WF	210	316	0
WF	210	340	0
WF	210	343	0
WF	210	344	0
WF	210	388	0
WF	211	269	0
WF	211	270	0
WF	211	271	7
WF	211	272	7
WF	211	273	7
WF	211	306	8
WF	211	307	2
WF	211	341	8
WF	211	342	2
WF	211	345	2
WF	211	346	2
WF	211	347	6
WF	211	348	6
WF	211	391	8
WF	213	315	0
WF	213	329	0
WF	213	349	0
WF	213	399	0
WF	216	315	0
WF	216	349	0
WF	216	399	0
WF	217	283	1
WF	217	284	1
WF	217	285	2
WF	217	286	2
WF	217	316	5
WF	217	325	0
WF	217	326	4
WF	217	327	4
WF	217	328	4
WF	217	351	5
WF	217	401	5
WF	219	293	0
WF	219	294	0
WF	219	298	0
WF	219	321	0
WF	219	356	0
WF	219	407	0
WF	222	293	0
WF	222	294	0
WF	222	321	0
WF	222	338	0
WF	222	407	0
WF	223	295	1
WF	223	296	1
WF	223	297	1
WF	223	322	4
WF	223	334	2
WF	223	335	3
WF	223	336	3
WF	223	337	2
WF	223	358	4
WF	223	359	0
WF	223	360	2
WF	223	361	2
WF	223	362	2
WF	223	408	4
WF	225	327	0
WF	225	363	0
WF	225	413	0
WF	228	326	0
WF	228	363	0
WF	228	413	0
WF	229	299	4
WF	229	300	7
WF	229	301	7
WF	229	302	7
WF	229	326	8
WF	229	327	7
WF	229	328	0
WF	229	364	8
WF	229	413	0
WF	231	334	0
WF	233	334	0
WF	233	373	0
WF	233	379	0
WF	236	334	0
WF	236	355	0
WF	238	336	0
WF	238	374	0
WF	238	375	0
WF	238	376	0
WF	239	312	1
WF	239	313	1
WF	239	314	1
WF	239	315	1
WF	239	335	2
WF	239	336	0
WF	239	349	0
WF	239	350	1
WF	239	351	1
WF	239	374	2
WF	239	375	0
WF	239	376	1
WF	239	377	2
WF	239	378	2
WF	239	379	2
WF	241	338	0
WF	241	376	0
WF	244	323	0
WF	244	338	0
WF	244	357	0
WF	244	377	0
WF	245	319	1
WF	245	320	1
WF	245	334	22
WF	245	335	16
WF	245	336	9
WF	245	337	8
WF	245	338	4
WF	245	339	3
WF	245	353	8
WF	245	354	15
WF	245	357	22
WF	245	358	22
WF	245	376	22
WF	245	377	11
WF	245	378	3
WF	245	381	17
WF	245	382	18
WF	245	383	18
WF	245	384	18
WF	245	385	19
WF	245	386	21
WF	245	387	21
WF	245	388	21
WF	245	389	21
WF	245	390	21
WF	245	391	22
WF	245	392	22
WF	245	393	22
WF	245	396	22
WF	245	399	21
WF	245	402	18
WF	245	403	17
WF	245	404	16
WF	245	405	15
WF	245	407	13
WF	245	408	12
WF	245	411	9
WF	245	412	8
WF	245	413	7
WF	247	327	0
WF	247	363	0
WF	247	413	0
WF	249	299	4
WF	249	300	4
WF	249	301	4
WF	249	327	4
WF	249	328	0
WF	249	364	4
WF	249	414	4
WF	249	418	0
WF	249	419	0
WF	251	332	0
WF	251	369	0
WF	254	332	0
WF	254	369	0
WF	256	332	0
WF	256	369	0
WF	257	333	0
WF	257	370	0
WF	259	307	1
WF	259	308	1
WF	259	309	1
WF	259	332	2
WF	259	333	1
WF	259	334	0
WF	259	375	2
WF	259	419	1
WF	261	312	0
WF	261	313	0
WF	261	334	0
WF	261	373	0
WF	261	376	0
WF	261	377	0
WF	264	335	0
WF	264	374	0
WF	264	375	0
WF	264	376	0
WF	265	335	1
WF	265	375	1
WF	265	376	0
WF	265	377	0
WF	267	314	0
WF	267	315	0
WF	267	316	0
WF	267	337	0
WF	267	351	0
WF	267	352	0
WF	267	353	0
WF	267	377	0
WF	269	338	0
WF	269	377	0
WF	269	380	0
WF	269	381	0
WF	269	382	0
WF	272	314	0
WF	272	315	0
WF	272	316	1
WF	272	317	1
WF	272	337	1
WF	272	353	1
WF	272	354	0
WF	272	377	1
WF	273	338	0
WF	273	353	0
WF	273	354	0
WF	273	379	0
WF	273	381	0
WF	273	382	0
WF	273	383	0
WF	273	384	0
WF	275	317	3
WF	275	318	7
WF	275	319	7
WF	275	338	8
WF	275	339	2
WF	275	352	4
WF	275	353	4
WF	275	354	4
WF	275	355	3
WF	275	380	8
WF	275	381	0
WF	275	382	0
WF	275	413	7
WF	275	414	6
WF	277	346	0
WF	277	388	0
WF	279	347	0
WF	279	389	0
WF	282	346	0
WF	282	388	0
WF	283	329	1
WF	283	330	3
WF	283	331	3
WF	283	347	10
WF	283	348	5
WF	283	362	4
WF	283	363	6
WF	283	364	6
WF	283	365	6
WF	283	388	10
WF	283	389	5
WF	283	390	2
WF	283	391	2
WF	283	392	2
WF	283	393	4
WF	283	394	4
WF	283	395	4
WF	285	358	0
WF	285	401	0
WF	287	359	0
WF	287	402	0
WF	65535	341	5
WF	65535	342	13
WF	65535	343	22
WF	65535	344	24
WF	65535	345	24
WF	65535	346	24
WF	65535	347	25
WF	65535	348	29
WF	65535	349	54
WF	65535	350	57
WF	65535	351	57
WF	65535	352	56
WF	65535	353	67
WF	65535	356	25
WF	65535	357	25
WF	65535	358	24
WF	65535	359	15
WF	65535	360	8
WF	65535	377	13
WF	65535	378	21
WF	65535	379	26
WF	65535	380	28
WF	65535	381	28
WF	65535	382	32
WF	65535	383	37
WF	65535	386	17
WF	65535	387	20
WF	65535	388	32
WF	65535	391	29
WF	65535	394	20
WF	65535	395	19
WF	65535	396	18
WF	65535	397	17
WF	65535	398	16
WF	65535	399	15
WF	65535	400	13
WF	65535	401	12
WF	65535	402	11
WF	65535	403	10
WF	65535	404	10
WF	65535	405	15
WF	65535	408	10
WF	65535	409	11
WF	65535	410	10
WF	65535	413	7
[gfa_ed_step] dist=25, n=676, n_intv=301, n_tb=0
Z	0	-1	25
Z	3	36	61
Z	6	34	61
Z	7	18	62
Z	9	43	86
Z	11	41	86
Z	13	40	87
Z	15	51	62
Z	15	63	99
Z	17	51	99
Z	19	60	100
Z	21	69	108
Z	23	67	108
Z	25	63	109
Z	27	69	116
Z	29	71	116
Z	31	92	117
Z	33	160	185
Z	35	158	185
Z	37	149	186
Z	39	167	205
Z	42	169	205
Z	43	161	206
Z	45	184	230
Z	47	186	188
Z	47	189	230
Z	49	183	231
Z	51	185	234
Z	54	187	193
Z	54	194	234
Z	55	186	235
Z	57	211	214
Z	57	215	259
Z	59	211	258
Z	61	225	269
Z	63	235	271
Z	65	247	284
Z	67	247	284
Z	69	241	283
Z	71	247	290
Z	73	247	291
Z	76	249	291
Z	77	247	292
Z	79	250	295
Z	82	252	295
Z	83	254	297
Z	86	274	278
Z	86	279	286
Z	87	236	239
Z	87	240	247
Z	87	248	273
Z	87	321	328
Z	89	248	253
Z	89	255	280
Z	89	327	334
Z	92	244	280
Z	92	329	335
Z	93	248	281
Z	93	330	333
Z	95	256	288
Z	95	335	340
Z	98	254	288
Z	98	337	339
Z	99	253	289
Z	99	338	341
Z	101	255	292
Z	101	339	344
Z	104	255	292
Z	104	341	343
Z	105	252	293
Z	105	341	344
Z	107	256	298
Z	107	345	349
Z	110	256	298
Z	110	347	348
Z	111	256	299
Z	111	348	350
Z	113	256	300
Z	113	349	350
Z	116	258	300
Z	117	257	302
Z	117	351	353
Z	119	258	304
Z	119	351	354
Z	122	260	304
Z	122	353	354
Z	123	257	305
Z	123	352	355
Z	125	259	308
Z	128	261	308
Z	128	357	358
Z	129	265	309
Z	129	358	359
Z	131	269	312
Z	131	361	362
Z	134	267	312
Z	135	266	313
Z	138	268	316
Z	139	270	316
Z	141	278	325
Z	144	278	325
Z	145	281	326
Z	147	287	333
Z	150	287	333
Z	151	289	333
Z	153	288	334
Z	155	287	335
Z	157	289	339
Z	160	289	339
Z	161	294	340
Z	163	263	299
Z	163	301	341
Z	165	264	349
Z	167	271	354
Z	170	270	271
Z	170	272	354
Z	171	283	285
Z	171	287	309
Z	171	316	355
Z	173	302	322
Z	173	329	369
Z	176	300	322
Z	176	329	368
Z	177	247	290
Z	177	300	323
Z	177	329	370
Z	179	249	291
Z	179	300	324
Z	179	331	371
Z	182	247	291
Z	182	302	324
Z	182	329	371
Z	183	248	292
Z	183	300	325
Z	183	328	372
Z	185	250	295
Z	185	302	327
Z	185	332	375
Z	188	250	295
Z	188	302	327
Z	188	330	375
Z	190	250	295
Z	190	302	328
Z	190	330	346
Z	190	347	375
Z	191	252	296
Z	191	301	328
Z	191	330	376
Z	193	254	297
Z	193	302	378
Z	195	258	300
Z	195	304	381
Z	198	258	300
Z	198	304	381
Z	199	260	300
Z	199	308	334
Z	199	336	382
Z	201	266	268
Z	201	269	304
Z	201	311	338
Z	201	339	346
Z	201	347	386
Z	204	267	304
Z	204	311	338
Z	204	341	386
Z	205	267	304
Z	205	310	387
Z	207	268	306
Z	207	318	341
Z	207	342	389
Z	210	268	306
Z	210	313	317
Z	210	318	341
Z	210	342	389
Z	211	270	272
Z	211	274	307
Z	211	316	342
Z	211	349	392
Z	213	282	316
Z	213	324	351
Z	213	357	365
Z	213	366	400
Z	216	282	316
Z	216	324	350
Z	216	357	401
Z	217	287	317
Z	217	327	402
Z	219	292	322
Z	219	336	408
Z	222	292	322
Z	222	334	377
Z	222	378	408
Z	223	298	323
Z	223	338	360
Z	223	363	409
Z	225	302	328
Z	225	342	346
Z	225	347	364
Z	225	367	385
Z	225	386	414
Z	228	302	327
Z	228	344	365
Z	228	369	370
Z	228	371	414
Z	229	303	327
Z	229	339	413
Z	231	311	335
Z	231	349	421
Z	233	311	335
Z	233	348	374
Z	233	375	421
Z	236	313	335
Z	236	347	377
Z	236	378	421
Z	238	312	337
Z	238	348	421
Z	239	314	336
Z	239	352	375
Z	239	376	419
Z	241	318	339
Z	241	354	377
Z	241	380	381
Z	241	382	421
Z	244	320	339
Z	244	354	378
Z	244	381	383
Z	244	384	421
Z	245	321	335
Z	245	355	377
Z	245	385	389
Z	245	390	399
Z	247	302	328
Z	247	342	364
Z	247	367	414
Z	247	416	417
Z	247	418	421
Z	249	298	328
Z	249	341	365
Z	249	367	417
Z	251	306	333
Z	251	345	370
Z	251	371	421
Z	254	308	333
Z	254	345	370
Z	254	371	421
Z	256	306	333
Z	256	345	370
Z	256	371	377
Z	256	378	421
Z	257	306	334
Z	257	347	371
Z	257	373	421
Z	259	308	333
Z	259	346	419
Z	261	311	335
Z	261	348	374
Z	261	375	378
Z	261	380	421
Z	264	312	336
Z	264	348	385
Z	264	386	421
Z	265	312	336
Z	265	349	376
Z	265	378	420
Z	267	313	317
Z	267	318	338
Z	267	350	378
Z	267	379	421
Z	269	315	316
Z	269	318	339
Z	269	354	378
Z	269	379	421
Z	272	314	338
Z	272	352	354
Z	272	356	378
Z	272	379	420
Z	273	319	340
Z	273	352	355
Z	273	356	421
Z	275	320	339
Z	275	356	381
Z	275	383	413
Z	277	328	347
Z	277	364	389
Z	277	391	421
Z	279	328	348
Z	279	364	390
Z	279	391	421
Z	282	330	347
Z	282	366	389
Z	282	391	421
Z	283	332	348
Z	283	366	389
Z	283	396	411
Z	285	342	359
Z	285	376	402
Z	285	406	421
Z	287	344	360
Z	287	378	403
Z	287	408	409
Z	287	410	421
WF	0	25	35
WF	3	61	0
WF	6	61	0
WF	7	62	23
WF	9	86	0
WF	11	86	0
WF	13	37	8
WF	13	38	8
WF	13	39	7
WF	13	87	11
WF	15	62	0
WF	15	99	0
WF	17	99	0
WF	19	51	1
WF	19	52	4
WF	19	53	5
WF	19	54	5
WF	19	55	5
WF	19	56	5
WF	19	57	5
WF	19	58	4
WF	19	59	2
WF	19	100	7
WF	21	108	0
WF	23	108	0
WF	25	109	6
WF	27	116	0
WF	29	116	0
WF	31	67	33
WF	31	68	36
WF	31	69	36
WF	31	70	37
WF	31	71	37
WF	31	72	40
WF	31	73	40
WF	31	74	40
WF	31	75	42
WF	31	76	42
WF	31	77	41
WF	31	78	42
WF	31	79	42
WF	31	80	44
WF	31	81	44
WF	31	82	43
WF	31	83	42
WF	31	84	42
WF	31	85	42
WF	31	86	42
WF	31	87	41
WF	31	88	40
WF	31	89	39
WF	31	90	38
WF	31	91	37
WF	31	117	67
WF	33	185	0
WF	35	185	0
WF	37	186	18
WF	39	205	0
WF	42	205	0
WF	43	206	23
WF	45	230	0
WF	47	230	0
WF	49	231	2
WF	51	234	0
WF	54	234	0
WF	55	235	23
WF	57	259	0
WF	59	209	1
WF	59	210	7
WF	59	258	9
WF	59	259	7
WF	59	260	6
WF	61	221	2
WF	61	222	2
WF	61	223	1
WF	61	224	0
WF	61	269	3
WF	63	227	3
WF	63	228	3
WF	63	229	3
WF	63	230	3
WF	63	231	3
WF	63	232	4
WF	63	233	4
WF	63	234	3
WF	63	271	12
WF	63	272	8
WF	63	273	4
WF	65	284	0
WF	67	284	0
WF	69	283	6
WF	69	284	5
WF	69	285	2
WF	71	290	0
WF	73	291	0
WF	76	291	0
WF	77	292	3
WF	79	295	1
WF	82	250	1
WF	82	251	1
WF	82	295	0
WF	83	252	0
WF	83	253	2
WF	83	297	2
WF	83	298	0
WF	86	257	4
WF	86	258	4
WF	86	259	10
WF	86	260	12
WF	86	261	13
WF	86	262	16
WF	86	263	16
WF	86	264	18
WF	86	265	22
WF	86	266	23
WF	86	267	26
WF	86	268	33
WF	86	269	38
WF	86	270	42
WF	86	271	42
WF	86	272	42
WF	86	273	42
WF	86	278	43
WF	86	286	43
WF	86	287	42
WF	86	288	42
WF	86	289	41
WF	86	290	40
WF	86	291	34
WF	86	292	26
WF	86	293	25
WF	86	294	23
WF	86	295	16
WF	86	296	13
WF	86	297	10
WF	86	298	6
WF	86	299	3
WF	86	300	2
WF	87	227	2
WF	87	228	2
WF	87	229	3
WF	87	230	3
WF	87	231	3
WF	87	232	4
WF	87	233	4
WF	87	234	4
WF	87	235	4
WF	87	239	6
WF	87	247	6
WF	87	273	6
WF	87	317	2
WF	87	318	5
WF	87	319	5
WF	87	320	5
WF	87	328	6
WF	87	329	3
WF	89	243	0
WF	89	244	0
WF	89	245	0
WF	89	253	0
WF	89	280	0
WF	89	334	0
WF	92	280	0
WF	92	335	0
WF	93	244	0
WF	93	245	0
WF	93	246	0
WF	93	247	0
WF	93	281	6
WF	93	327	1
WF	93	328	1
WF	93	329	1
WF	93	333	6
WF	93	334	1
WF	93	335	0
WF	95	288	0
WF	98	288	0
WF	98	339	0
WF	99	289	2
WF	99	335	1
WF	99	336	1
WF	99	337	1
WF	99	341	2
WF	101	292	0
WF	101	344	0
WF	104	292	0
WF	104	343	0
WF	105	293	4
WF	105	339	4
WF	105	340	4
WF	105	344	4
WF	105	345	1
WF	107	298	0
WF	110	298	0
WF	110	348	0
WF	111	299	0
WF	111	346	0
WF	111	347	0
WF	111	350	0
WF	113	300	1
WF	113	350	0
WF	116	300	1
WF	116	347	1
WF	116	348	1
WF	116	349	1
WF	116	350	1
WF	116	351	0
WF	117	302	1
WF	117	353	1
WF	119	304	0
WF	119	354	0
WF	122	304	0
WF	122	354	0
WF	123	305	2
WF	123	355	2
WF	123	356	1
WF	125	308	0
WF	125	355	0
WF	125	356	0
WF	125	357	0
WF	128	308	0
WF	128	355	0
WF	128	356	0
WF	129	259	2
WF	129	260	2
WF	129	261	2
WF	129	262	2
WF	129	263	2
WF	129	264	2
WF	129	309	2
WF	129	359	2
WF	131	312	0
WF	134	312	0
WF	134	360	0
WF	134	361	0
WF	135	313	2
WF	135	361	2
WF	135	362	2
WF	135	363	1
WF	138	316	1
WF	139	267	2
WF	139	268	2
WF	139	269	2
WF	139	316	8
WF	139	317	7
WF	139	318	1
WF	141	325	0
WF	144	325	0
WF	145	276	3
WF	145	277	3
WF	145	278	3
WF	145	279	5
WF	145	280	5
WF	145	326	6
WF	147	333	0
WF	150	333	1
WF	151	333	0
WF	153	334	0
WF	155	335	3
WF	157	339	1
WF	160	339	1
WF	161	291	1
WF	161	292	2
WF	161	293	2
WF	161	340	2
WF	161	341	0
WF	163	257	4
WF	163	258	4
WF	163	259	4
WF	163	260	4
WF	163	261	4
WF	163	262	4
WF	163	299	4
WF	163	300	4
WF	163	341	4
WF	163	342	3
WF	163	343	2
WF	165	349	4
WF	167	269	0
WF	167	270	0
WF	167	354	0
WF	170	271	0
WF	170	354	0
WF	171	270	0
WF	171	271	0
WF	171	272	7
WF	171	273	7
WF	171	274	6
WF	171	275	6
WF	171	276	8
WF	171	277	10
WF	171	278	10
WF	171	279	10
WF	171	280	10
WF	171	281	12
WF	171	282	12
WF	171	285	13
WF	171	286	11
WF	171	309	13
WF	171	310	12
WF	171	311	12
WF	171	312	11
WF	171	313	11
WF	171	314	11
WF	171	315	10
WF	171	355	13
WF	173	297	0
WF	173	298	0
WF	173	322	0
WF	173	369	0
WF	176	297	0
WF	176	298	0
WF	176	322	0
WF	176	368	0
WF	177	290	0
WF	177	323	0
WF	177	370	0
WF	179	291	0
WF	179	324	0
WF	179	371	0
WF	182	291	0
WF	182	324	0
WF	182	371	0
WF	183	292	2
WF	183	325	2
WF	183	372	2
WF	185	295	0
WF	185	327	0
WF	185	375	0
WF	188	295	1
WF	188	327	1
WF	188	328	0
WF	188	375	1
WF	188	376	0
WF	190	295	0
WF	190	328	0
WF	190	375	0
WF	191	250	1
WF	191	251	1
WF	191	296	1
WF	191	328	1
WF	191	329	0
WF	191	376	1
WF	193	252	0
WF	193	253	2
WF	193	297	2
WF	193	298	0
WF	193	378	2
WF	195	300	0
WF	195	381	0
WF	198	257	0
WF	198	300	0
WF	198	381	0
WF	199	258	3
WF	199	259	3
WF	199	300	3
WF	199	301	1
WF	199	304	2
WF	199	305	2
WF	199	306	2
WF	199	307	1
WF	199	334	3
WF	199	335	2
WF	199	382	3
WF	201	264	0
WF	201	265	0
WF	201	268	0
WF	201	304	0
WF	201	338	0
WF	201	386	0
WF	204	264	0
WF	204	265	0
WF	204	266	0
WF	204	304	0
WF	204	338	0
WF	204	386	0
WF	205	266	0
WF	205	304	1
WF	205	305	0
WF	205	387	1
WF	207	267	2
WF	207	306	2
WF	207	312	1
WF	207	313	1
WF	207	314	2
WF	207	315	2
WF	207	316	2
WF	207	317	2
WF	207	341	2
WF	207	389	2
WF	210	306	0
WF	210	312	0
WF	210	317	0
WF	210	341	0
WF	210	389	0
WF	211	268	1
WF	211	269	2
WF	211	272	8
WF	211	273	8
WF	211	307	8
WF	211	308	2
WF	211	314	0
WF	211	315	0
WF	211	342	8
WF	211	343	2
WF	211	344	4
WF	211	345	5
WF	211	346	7
WF	211	347	7
WF	211	348	7
WF	211	392	8
WF	213	279	0
WF	213	280	0
WF	213	316	0
WF	213	351	0
WF	213	400	0
WF	216	279	0
WF	216	280	0
WF	216	316	0
WF	216	350	0
WF	216	401	0
WF	217	282	2
WF	217	283	2
WF	217	284	3
WF	217	285	3
WF	217	286	3
WF	217	317	5
WF	217	324	1
WF	217	325	5
WF	217	326	5
WF	217	402	5
WF	219	322	0
WF	219	333	0
WF	219	334	0
WF	219	408	0
WF	222	322	0
WF	222	333	0
WF	222	408	0
WF	223	293	0
WF	223	294	3
WF	223	295	3
WF	223	296	3
WF	223	297	2
WF	223	323	4
WF	223	333	3
WF	223	334	4
WF	223	335	4
WF	223	336	4
WF	223	337	3
WF	223	360	4
WF	223	361	3
WF	223	362	3
WF	223	409	4
WF	225	328	0
WF	225	364	0
WF	225	414	0
WF	228	327	0
WF	228	365	0
WF	228	414	0
WF	229	298	5
WF	229	299	8
WF	229	300	8
WF	229	301	8
WF	229	302	8
WF	229	327	8
WF	229	328	7
WF	229	329	0
WF	229	413	1
WF	229	414	0
WF	231	335	0
WF	233	335	0
WF	233	374	0
WF	236	335	0
WF	238	337	0
WF	239	311	2
WF	239	312	2
WF	239	313	2
WF	239	336	2
WF	239	337	0
WF	239	348	1
WF	239	349	2
WF	239	350	2
WF	239	351	2
WF	239	375	2
WF	241	317	0
WF	241	339	0
WF	241	377	0
WF	241	381	0
WF	244	317	0
WF	244	318	0
WF	244	339	0
WF	244	378	0
WF	244	379	0
WF	244	380	0
WF	244	383	0
WF	245	318	3
WF	245	319	3
WF	245	320	2
WF	245	335	22
WF	245	336	16
WF	245	337	9
WF	245	338	8
WF	245	339	4
WF	245	340	3
WF	245	352	9
WF	245	353	16
WF	245	354	16
WF	245	377	22
WF	245	378	11
WF	245	379	3
WF	245	380	18
WF	245	381	20
WF	245	382	20
WF	245	383	20
WF	245	384	20
WF	245	389	22
WF	245	401	19
WF	245	402	18
WF	245	403	17
WF	245	404	16
WF	245	406	14
WF	245	407	13
WF	245	410	10
WF	245	411	9
WF	245	412	8
WF	247	328	0
WF	247	364	0
WF	247	414	0
WF	247	415	0
WF	247	417	0
WF	249	328	4
WF	249	329	0
WF	249	365	4
WF	249	417	1
WF	249	418	1
WF	249	419	1
WF	249	420	0
WF	251	303	0
WF	251	304	0
WF	251	305	0
WF	251	333	0
WF	251	370	0
WF	254	333	0
WF	254	370	0
WF	256	303	0
WF	256	304	0
WF	256	305	0
WF	256	333	0
WF	256	370	0
WF	257	334	0
WF	257	371	0
WF	259	306	2
WF	259	307	2
WF	259	333	2
WF	259	334	1
WF	259	335	0
WF	261	335	0
WF	261	374	0
WF	261	378	0
WF	264	311	0
WF	264	336	0
WF	265	336	1
WF	265	376	1
WF	265	377	1
WF	267	317	0
WF	267	338	0
WF	267	378	0
WF	269	316	0
WF	269	317	0
WF	269	339	0
WF	269	351	0
WF	269	352	0
WF	269	353	0
WF	269	378	0
WF	272	313	1
WF	272	338	1
WF	272	354	1
WF	272	355	0
WF	272	378	1
WF	273	315	0
WF	273	316	0
WF	273	317	0
WF	273	318	0
WF	273	340	0
WF	273	355	0
WF	275	314	0
WF	275	315	0
WF	275	316	4
WF	275	317	8
WF	275	318	8
WF	275	319	8
WF	275	339	8
WF	275	340	2
WF	275	351	7
WF	275	352	7
WF	275	353	6
WF	275	354	5
WF	275	355	4
WF	275	381	8
WF	275	382	1
WF	275	413	7
WF	277	347	0
WF	277	389	0
WF	279	348	0
WF	279	390	0
WF	282	347	0
WF	282	389	0
WF	283	328	2
WF	283	329	7
WF	283	330	7
WF	283	331	6
WF	283	348	10
WF	283	349	5
WF	283	361	5
WF	283	362	7
WF	283	363	7
WF	283	364	8
WF	283	365	8
WF	283	389	10
WF	283	390	5
WF	283	391	3
WF	283	392	5
WF	283	393	5
WF	283	394	5
WF	283	395	5
WF	285	359	0
WF	285	402	0
WF	287	360	0
WF	287	403	0
WF	65535	340	7
WF	65535	341	14
WF	65535	342	23
WF	65535	343	26
WF	65535	344	26
WF	65535	345	27
WF	65535	346	27
WF	65535	347	30
WF	65535	348	55
WF	65535	349	58
WF	65535	350	58
WF	65535	351	58
WF	65535	352	68
WF	65535	355	29
WF	65535	356	29
WF	65535	357	28
WF	65535	358	25
WF	65535	359	24
WF	65535	360	15
WF	65535	361	8
WF	65535	376	14
WF	65535	377	23
WF	65535	378	27
WF	65535	379	29
WF	65535	380	29
WF	65535	381	33
WF	65535	382	38
WF	65535	385	18
WF	65535	386	21
WF	65535	387	33
WF	65535	390	30
WF	65535	393	21
WF	65535	394	21
WF	65535	395	20
WF	65535	396	19
WF	65535	397	18
WF	65535	398	17
WF	65535	399	16
WF	65535	400	15
WF	65535	401	13
WF	65535	402	12
WF	65535	403	11
WF	65535	404	16
WF	65535	407	11
WF	65535	408	12
WF	65535	409	11
WF	65535	412	8
[gfa_ed_step] dist=26, n=686, n_intv=296, n_tb=0
Z	0	-1	26
Z	3	36	62
Z	6	34	62
Z	7	18	63
Z	9	43	87
Z	11	41	87
Z	13	40	88
Z	15	51	100
Z	17	51	100
Z	19	54	56
Z	19	60	101
Z	21	69	109
Z	23	67	109
Z	25	63	110
Z	27	69	117
Z	29	71	117
Z	31	92	118
Z	33	160	186
Z	35	158	186
Z	37	149	187
Z	39	167	206
Z	42	169	206
Z	43	161	207
Z	45	184	231
Z	47	186	188
Z	47	189	231
Z	49	183	232
Z	51	185	235
Z	54	187	193
Z	54	194	235
Z	55	186	236
Z	57	211	214
Z	57	215	260
Z	59	211	259
Z	61	225	270
Z	63	235	272
Z	65	247	285
Z	67	247	285
Z	69	241	284
Z	71	247	291
Z	73	247	292
Z	76	249	292
Z	77	247	293
Z	79	250	296
Z	82	249	295
Z	83	252	298
Z	86	274	289
Z	87	229	233
Z	87	236	274
Z	87	318	329
Z	89	242	246
Z	89	248	254
Z	89	255	281
Z	89	327	335
Z	92	244	281
Z	92	329	336
Z	93	248	282
Z	93	330	334
Z	95	256	289
Z	95	335	340
Z	98	254	289
Z	98	337	340
Z	99	253	290
Z	99	335	337
Z	99	338	342
Z	101	255	293
Z	101	339	345
Z	104	255	293
Z	104	341	344
Z	105	252	294
Z	105	338	345
Z	107	256	299
Z	107	345	350
Z	110	256	299
Z	110	345	346
Z	110	347	349
Z	111	256	300
Z	111	345	351
Z	113	256	301
Z	113	349	350
Z	113	351	352
Z	116	258	301
Z	116	346	351
Z	117	257	303
Z	117	349	350
Z	117	351	354
Z	119	258	305
Z	119	351	355
Z	122	260	305
Z	122	353	355
Z	123	257	306
Z	123	352	356
Z	125	259	309
Z	125	354	358
Z	128	261	309
Z	128	354	359
Z	129	258	310
Z	129	358	360
Z	131	264	265
Z	131	266	268
Z	131	269	313
Z	131	361	362
Z	134	262	263
Z	134	267	313
Z	134	359	362
Z	135	266	314
Z	135	360	363
Z	138	268	317
Z	139	270	317
Z	141	278	326
Z	144	278	326
Z	145	281	327
Z	147	287	334
Z	150	287	334
Z	151	289	334
Z	153	288	335
Z	155	287	336
Z	157	289	340
Z	160	289	340
Z	161	291	341
Z	163	256	343
Z	165	264	350
Z	167	268	355
Z	170	270	355
Z	171	283	286
Z	171	287	312
Z	171	316	356
Z	173	296	299
Z	173	302	323
Z	173	329	370
Z	176	296	323
Z	176	329	369
Z	177	247	291
Z	177	298	299
Z	177	300	324
Z	177	329	371
Z	179	249	292
Z	179	300	325
Z	179	331	372
Z	182	247	292
Z	182	302	325
Z	182	329	372
Z	183	248	293
Z	183	300	326
Z	183	328	373
Z	185	250	296
Z	185	302	328
Z	185	332	376
Z	188	250	296
Z	188	302	328
Z	188	330	376
Z	190	250	296
Z	190	302	329
Z	190	330	346
Z	190	347	376
Z	191	249	297
Z	191	301	377
Z	193	252	298
Z	193	302	379
Z	195	256	257
Z	195	258	301
Z	195	304	382
Z	198	256	301
Z	198	304	382
Z	199	257	301
Z	199	308	335
Z	199	336	383
Z	201	263	305
Z	201	311	346
Z	201	347	387
Z	204	262	305
Z	204	311	339
Z	204	341	387
Z	205	267	305
Z	205	310	388
Z	207	266	307
Z	207	313	390
Z	210	268	307
Z	210	311	390
Z	211	270	308
Z	211	316	343
Z	211	349	393
Z	213	278	281
Z	213	282	317
Z	213	324	352
Z	213	357	365
Z	213	366	401
Z	216	278	281
Z	216	282	317
Z	216	324	351
Z	216	357	402
Z	217	287	318
Z	217	324	403
Z	219	292	323
Z	219	332	335
Z	219	336	409
Z	222	292	323
Z	222	332	377
Z	222	378	409
Z	223	298	324
Z	223	333	337
Z	223	338	361
Z	223	363	410
Z	225	302	329
Z	225	340	341
Z	225	342	346
Z	225	347	366
Z	225	367	385
Z	225	386	415
Z	228	302	328
Z	228	339	340
Z	228	344	366
Z	228	369	370
Z	228	371	415
Z	229	298	328
Z	229	339	413
Z	231	311	336
Z	231	349	421
Z	233	311	337
Z	233	348	421
Z	236	309	310
Z	236	313	336
Z	236	347	377
Z	236	378	421
Z	238	310	311
Z	238	312	338
Z	238	348	421
Z	239	310	337
Z	239	348	419
Z	241	314	340
Z	241	354	378
Z	241	380	421
Z	244	316	319
Z	244	320	340
Z	244	353	421
Z	245	321	336
Z	245	355	378
Z	245	385	399
Z	247	302	329
Z	247	340	341
Z	247	342	366
Z	247	367	421
Z	249	298	329
Z	249	341	366
Z	249	367	417
Z	251	302	334
Z	251	345	421
Z	254	304	305
Z	254	308	334
Z	254	345	421
Z	256	302	334
Z	256	345	377
Z	256	378	421
Z	257	305	335
Z	257	347	372
Z	257	373	421
Z	259	305	334
Z	259	346	419
Z	261	311	337
Z	261	348	379
Z	261	380	421
Z	264	310	337
Z	264	348	385
Z	264	386	421
Z	265	311	337
Z	265	349	420
Z	267	313	339
Z	267	350	421
Z	269	315	340
Z	269	350	421
Z	272	312	339
Z	272	352	355
Z	272	356	420
Z	273	314	341
Z	273	352	421
Z	275	316	340
Z	275	356	382
Z	275	383	413
Z	277	328	348
Z	277	364	390
Z	277	391	421
Z	279	328	349
Z	279	364	421
Z	282	330	348
Z	282	366	390
Z	282	391	421
Z	283	332	349
Z	283	366	390
Z	283	396	411
Z	285	342	360
Z	285	376	403
Z	285	406	421
Z	287	344	361
Z	287	378	404
Z	287	408	409
Z	287	410	421
WF	0	26	35
WF	3	62	0
WF	6	62	0
WF	7	63	23
WF	9	87	0
WF	11	87	0
WF	13	36	10
WF	13	37	10
WF	13	38	10
WF	13	39	9
WF	13	88	11
WF	15	100	0
WF	17	100	0
WF	19	50	2
WF	19	51	5
WF	19	52	6
WF	19	53	7
WF	19	56	7
WF	19	57	6
WF	19	58	5
WF	19	59	4
WF	19	101	7
WF	21	62	0
WF	21	63	0
WF	21	109	0
WF	23	62	0
WF	23	63	0
WF	23	109	0
WF	25	110	6
WF	27	117	0
WF	29	117	0
WF	31	66	35
WF	31	67	37
WF	31	68	37
WF	31	69	38
WF	31	70	38
WF	31	71	42
WF	31	72	42
WF	31	73	42
WF	31	74	44
WF	31	75	44
WF	31	76	43
WF	31	77	43
WF	31	78	43
WF	31	79	45
WF	31	80	45
WF	31	81	45
WF	31	82	45
WF	31	83	44
WF	31	84	43
WF	31	85	43
WF	31	86	43
WF	31	87	42
WF	31	88	41
WF	31	89	41
WF	31	90	41
WF	31	91	40
WF	31	118	67
WF	33	186	0
WF	35	186	0
WF	37	187	18
WF	39	206	0
WF	42	206	0
WF	43	207	23
WF	45	231	0
WF	47	231	0
WF	49	232	2
WF	51	235	0
WF	54	235	0
WF	55	236	23
WF	57	260	0
WF	59	208	3
WF	59	209	8
WF	59	210	8
WF	59	259	9
WF	59	260	7
WF	59	261	6
WF	61	220	3
WF	61	221	3
WF	61	222	3
WF	61	223	2
WF	61	224	1
WF	61	270	3
WF	63	226	4
WF	63	227	4
WF	63	228	4
WF	63	229	4
WF	63	230	4
WF	63	231	5
WF	63	232	5
WF	63	233	5
WF	63	234	5
WF	63	272	12
WF	63	273	8
WF	63	274	4
WF	65	285	0
WF	67	285	0
WF	69	284	6
WF	69	285	5
WF	69	286	2
WF	71	291	0
WF	73	292	0
WF	76	292	0
WF	77	293	3
WF	79	296	1
WF	82	295	1
WF	82	296	0
WF	83	251	1
WF	83	298	2
WF	83	299	0
WF	86	255	1
WF	86	256	5
WF	86	257	5
WF	86	258	11
WF	86	259	13
WF	86	260	16
WF	86	261	17
WF	86	262	17
WF	86	263	20
WF	86	264	23
WF	86	265	24
WF	86	266	27
WF	86	267	34
WF	86	268	39
WF	86	269	43
WF	86	270	43
WF	86	271	43
WF	86	272	43
WF	86	273	43
WF	86	289	43
WF	86	290	42
WF	86	291	40
WF	86	292	34
WF	86	293	26
WF	86	294	25
WF	86	295	23
WF	86	296	16
WF	86	297	13
WF	86	298	10
WF	86	299	6
WF	86	300	3
WF	86	301	2
WF	87	226	3
WF	87	227	3
WF	87	228	4
WF	87	233	6
WF	87	234	6
WF	87	235	5
WF	87	274	6
WF	87	316	3
WF	87	317	6
WF	87	329	6
WF	87	330	3
WF	87	331	0
WF	87	332	0
WF	89	236	0
WF	89	237	0
WF	89	238	0
WF	89	239	0
WF	89	246	0
WF	89	254	0
WF	89	281	0
WF	89	325	0
WF	89	326	0
WF	89	335	0
WF	92	236	0
WF	92	237	0
WF	92	238	0
WF	92	239	0
WF	92	281	0
WF	92	325	0
WF	92	326	0
WF	92	327	0
WF	92	336	0
WF	93	243	1
WF	93	244	2
WF	93	245	2
WF	93	246	2
WF	93	247	1
WF	93	282	6
WF	93	326	2
WF	93	327	3
WF	93	328	3
WF	93	329	2
WF	93	334	6
WF	93	335	1
WF	93	336	0
WF	95	289	0
WF	95	340	0
WF	98	289	0
WF	98	340	0
WF	99	290	2
WF	99	334	2
WF	99	337	2
WF	99	342	2
WF	101	293	0
WF	101	338	0
WF	101	345	0
WF	104	293	0
WF	104	338	0
WF	104	339	0
WF	104	344	0
WF	105	294	4
WF	105	345	4
WF	105	346	1
WF	107	299	0
WF	107	343	0
WF	107	344	0
WF	107	350	0
WF	110	299	0
WF	110	343	0
WF	110	344	0
WF	110	349	0
WF	111	300	0
WF	111	351	0
WF	113	301	1
WF	113	346	0
WF	113	347	1
WF	113	348	1
WF	113	350	1
WF	113	352	1
WF	116	301	1
WF	116	351	1
WF	116	352	0
WF	117	303	1
WF	117	350	1
WF	117	354	1
WF	119	305	0
WF	119	350	0
WF	119	355	0
WF	122	305	0
WF	122	350	0
WF	122	351	0
WF	122	355	0
WF	123	306	2
WF	123	356	2
WF	123	357	1
WF	125	309	0
WF	125	358	0
WF	128	309	0
WF	128	359	0
WF	129	310	2
WF	129	355	0
WF	129	356	1
WF	129	357	1
WF	129	360	2
WF	131	261	0
WF	131	262	0
WF	131	263	0
WF	131	265	0
WF	131	268	0
WF	131	313	0
WF	131	362	0
WF	134	263	0
WF	134	264	0
WF	134	265	0
WF	134	266	0
WF	134	313	0
WF	134	362	0
WF	135	262	0
WF	135	263	0
WF	135	264	0
WF	135	265	0
WF	135	314	2
WF	135	363	2
WF	135	364	1
WF	138	317	1
WF	138	363	0
WF	138	364	0
WF	138	365	0
WF	139	266	3
WF	139	267	3
WF	139	268	4
WF	139	269	4
WF	139	317	8
WF	139	318	7
WF	139	319	1
WF	139	363	0
WF	139	364	0
WF	139	365	0
WF	141	326	0
WF	144	326	0
WF	145	275	4
WF	145	276	4
WF	145	277	4
WF	145	278	6
WF	145	279	6
WF	145	280	6
WF	145	327	6
WF	147	334	0
WF	150	334	1
WF	151	334	0
WF	153	335	0
WF	155	336	3
WF	157	340	1
WF	160	340	1
WF	161	290	2
WF	161	341	2
WF	161	342	0
WF	163	255	0
WF	163	343	4
WF	163	344	3
WF	165	261	0
WF	165	262	0
WF	165	263	1
WF	165	350	4
WF	167	355	0
WF	170	355	0
WF	171	269	1
WF	171	270	2
WF	171	271	8
WF	171	272	8
WF	171	273	8
WF	171	274	7
WF	171	275	9
WF	171	276	11
WF	171	277	11
WF	171	278	11
WF	171	279	11
WF	171	280	13
WF	171	281	13
WF	171	282	13
WF	171	286	13
WF	171	312	13
WF	171	313	12
WF	171	314	12
WF	171	315	11
WF	171	356	13
WF	173	299	0
WF	173	323	0
WF	173	324	0
WF	173	325	0
WF	173	370	0
WF	176	323	0
WF	176	324	0
WF	176	325	0
WF	176	369	0
WF	177	291	0
WF	177	299	0
WF	177	324	0
WF	177	371	0
WF	179	292	0
WF	179	298	0
WF	179	299	0
WF	179	325	0
WF	179	372	0
WF	182	292	0
WF	182	298	0
WF	182	299	0
WF	182	300	0
WF	182	301	0
WF	182	325	0
WF	182	372	0
WF	183	293	2
WF	183	326	2
WF	183	373	2
WF	185	296	0
WF	185	328	0
WF	185	376	0
WF	188	296	1
WF	188	328	1
WF	188	329	0
WF	188	376	1
WF	188	377	0
WF	190	296	0
WF	190	329	0
WF	190	376	0
WF	191	297	1
WF	191	377	1
WF	193	251	1
WF	193	298	2
WF	193	299	0
WF	193	379	2
WF	195	257	0
WF	195	301	0
WF	195	382	0
WF	198	255	0
WF	198	301	0
WF	198	382	0
WF	199	256	0
WF	199	301	3
WF	199	302	1
WF	199	303	3
WF	199	304	3
WF	199	305	3
WF	199	306	3
WF	199	307	2
WF	199	335	3
WF	199	383	3
WF	201	261	0
WF	201	262	0
WF	201	305	0
WF	201	387	0
WF	204	305	0
WF	204	339	0
WF	204	387	0
WF	205	262	0
WF	205	263	0
WF	205	264	0
WF	205	265	1
WF	205	266	1
WF	205	305	1
WF	205	306	0
WF	205	388	1
WF	207	307	2
WF	207	311	2
WF	207	312	2
WF	207	390	2
WF	210	307	0
WF	210	390	0
WF	211	267	2
WF	211	268	4
WF	211	269	4
WF	211	308	8
WF	211	309	3
WF	211	312	0
WF	211	313	1
WF	211	314	2
WF	211	315	2
WF	211	343	8
WF	211	344	6
WF	211	345	8
WF	211	346	8
WF	211	347	8
WF	211	348	8
WF	211	393	8
WF	213	281	0
WF	213	317	0
WF	213	352	0
WF	213	401	0
WF	216	281	0
WF	216	317	0
WF	216	351	0
WF	216	402	0
WF	217	279	0
WF	217	280	0
WF	217	281	3
WF	217	282	3
WF	217	283	4
WF	217	284	4
WF	217	285	4
WF	217	286	4
WF	217	318	5
WF	217	323	2
WF	217	403	5
WF	219	323	0
WF	219	330	0
WF	219	331	0
WF	219	335	0
WF	219	409	0
WF	222	323	0
WF	222	330	0
WF	222	331	0
WF	222	409	0
WF	223	292	2
WF	223	293	4
WF	223	294	4
WF	223	295	4
WF	223	296	4
WF	223	297	3
WF	223	324	4
WF	223	332	4
WF	223	337	4
WF	223	361	4
WF	223	362	4
WF	223	410	4
WF	225	329	0
WF	225	338	0
WF	225	339	0
WF	225	341	0
WF	225	366	0
WF	225	415	0
WF	228	328	0
WF	228	340	0
WF	228	341	0
WF	228	366	0
WF	228	415	0
WF	229	297	6
WF	229	328	8
WF	229	329	7
WF	229	330	1
WF	229	413	2
WF	229	414	1
WF	229	415	0
WF	231	307	0
WF	231	308	0
WF	231	309	0
WF	231	310	0
WF	231	336	0
WF	233	337	0
WF	236	307	0
WF	236	308	0
WF	236	310	0
WF	236	311	0
WF	236	336	0
WF	238	311	0
WF	238	338	0
WF	239	337	2
WF	239	338	0
WF	239	347	2
WF	241	340	0
WF	241	351	0
WF	241	352	0
WF	241	353	0
WF	241	378	0
WF	244	313	0
WF	244	314	0
WF	244	315	0
WF	244	319	0
WF	244	340	0
WF	244	351	0
WF	244	352	0
WF	245	314	0
WF	245	315	0
WF	245	316	0
WF	245	317	5
WF	245	318	5
WF	245	319	5
WF	245	320	4
WF	245	336	22
WF	245	337	16
WF	245	338	9
WF	245	339	8
WF	245	340	6
WF	245	341	3
WF	245	351	10
WF	245	352	17
WF	245	353	17
WF	245	354	17
WF	245	378	22
WF	245	379	20
WF	245	380	22
WF	245	381	22
WF	245	382	22
WF	245	383	21
WF	245	384	21
WF	245	400	20
WF	245	401	19
WF	245	402	18
WF	245	403	17
WF	245	405	15
WF	245	406	14
WF	245	409	11
WF	245	410	10
WF	245	411	9
WF	247	329	0
WF	247	338	0
WF	247	339	0
WF	247	341	0
WF	247	366	0
WF	249	329	4
WF	249	330	1
WF	249	339	0
WF	249	340	0
WF	249	366	4
WF	249	417	3
WF	249	418	2
WF	249	419	1
WF	251	334	0
WF	254	305	0
WF	254	306	0
WF	254	334	0
WF	256	334	0
WF	257	303	0
WF	257	304	0
WF	257	335	0
WF	257	372	0
WF	259	304	1
WF	259	334	2
WF	259	335	1
WF	259	336	0
WF	261	308	0
WF	261	309	0
WF	261	310	0
WF	261	337	0
WF	261	379	0
WF	264	308	0
WF	264	309	0
WF	264	337	0
WF	265	337	1
WF	267	312	0
WF	267	339	0
WF	269	340	0
WF	272	339	1
WF	272	355	1
WF	273	341	0
WF	275	313	1
WF	275	314	2
WF	275	315	6
WF	275	340	8
WF	275	341	2
WF	275	350	8
WF	275	351	8
WF	275	352	8
WF	275	353	7
WF	275	354	6
WF	275	355	5
WF	275	382	8
WF	277	325	0
WF	277	326	0
WF	277	327	0
WF	277	348	0
WF	277	390	0
WF	279	325	0
WF	279	326	0
WF	279	327	0
WF	279	349	0
WF	282	325	0
WF	282	326	0
WF	282	327	0
WF	282	328	0
WF	282	348	0
WF	282	390	0
WF	283	327	3
WF	283	328	8
WF	283	329	8
WF	283	330	8
WF	283	331	8
WF	283	349	10
WF	283	350	5
WF	283	360	6
WF	283	361	9
WF	283	362	9
WF	283	363	10
WF	283	364	10
WF	283	365	10
WF	283	390	10
WF	283	391	6
WF	283	392	6
WF	283	393	7
WF	283	394	7
WF	283	395	6
WF	285	360	0
WF	285	403	0
WF	287	361	0
WF	287	404	0
WF	65535	339	10
WF	65535	340	15
WF	65535	341	24
WF	65535	342	27
WF	65535	343	27
WF	65535	344	31
WF	65535	345	31
WF	65535	346	31
WF	65535	347	56
WF	65535	348	59
WF	65535	349	59
WF	65535	350	59
WF	65535	351	69
WF	65535	354	30
WF	65535	355	30
WF	65535	356	30
WF	65535	357	30
WF	65535	358	29
WF	65535	359	26
WF	65535	360	24
WF	65535	361	16
WF	65535	362	9
WF	65535	375	15
WF	65535	376	24
WF	65535	377	28
WF	65535	378	30
WF	65535	379	30
WF	65535	380	34
WF	65535	381	39
WF	65535	384	19
WF	65535	385	22
WF	65535	386	34
WF	65535	389	31
WF	65535	392	23
WF	65535	393	23
WF	65535	394	22
WF	65535	395	22
WF	65535	396	21
WF	65535	397	20
WF	65535	398	19
WF	65535	399	17
WF	65535	400	16
WF	65535	401	15
WF	65535	402	13
WF	65535	403	17
WF	65535	404	0
WF	65535	406	12
WF	65535	407	13
WF	65535	408	12
WF	65535	411	9
[gfa_ed_step] dist=27, n=650, n_intv=286, n_tb=0
Z	0	-1	27
Z	3	36	63
Z	6	34	63
Z	7	18	64
Z	9	43	88
Z	11	41	88
Z	13	36	39
Z	13	40	89
Z	15	51	101
Z	17	51	101
Z	19	51	58
Z	19	60	102
Z	21	60	64
Z	21	69	110
Z	23	61	64
Z	23	67	110
Z	25	63	111
Z	27	69	118
Z	29	71	118
Z	31	92	119
Z	33	160	187
Z	35	158	187
Z	37	149	188
Z	39	167	207
Z	42	169	207
Z	43	161	208
Z	45	184	232
Z	47	186	188
Z	47	189	232
Z	49	183	233
Z	51	185	236
Z	54	187	193
Z	54	194	236
Z	55	186	237
Z	57	211	214
Z	57	215	261
Z	59	208	210
Z	59	211	260
Z	61	219	223
Z	61	225	271
Z	63	235	273
Z	65	247	286
Z	67	247	286
Z	69	241	285
Z	71	247	292
Z	73	247	293
Z	76	249	293
Z	77	247	294
Z	79	250	297
Z	82	249	296
Z	83	252	299
Z	86	268	290
Z	87	229	275
Z	87	316	330
Z	89	235	240
Z	89	242	247
Z	89	248	282
Z	89	324	337
Z	92	235	241
Z	92	244	282
Z	92	324	328
Z	92	329	337
Z	93	248	283
Z	93	330	335
Z	95	256	290
Z	95	335	341
Z	98	254	290
Z	98	337	342
Z	99	253	291
Z	99	333	343
Z	101	255	294
Z	101	337	346
Z	104	255	294
Z	104	337	340
Z	104	341	345
Z	105	252	295
Z	105	338	346
Z	107	256	300
Z	107	342	351
Z	110	256	300
Z	110	342	346
Z	110	347	350
Z	111	256	301
Z	111	345	352
Z	113	256	302
Z	113	346	353
Z	116	258	302
Z	116	346	353
Z	117	257	304
Z	117	349	355
Z	119	258	306
Z	119	349	356
Z	122	260	306
Z	122	349	352
Z	122	353	356
Z	123	257	307
Z	123	352	358
Z	125	259	310
Z	125	354	359
Z	128	261	310
Z	128	354	360
Z	129	258	311
Z	129	356	361
Z	131	260	314
Z	131	361	363
Z	134	262	314
Z	134	359	363
Z	135	266	315
Z	135	360	364
Z	138	268	318
Z	138	362	366
Z	139	270	318
Z	139	367	368
Z	141	278	327
Z	144	278	327
Z	145	277	328
Z	147	287	335
Z	150	287	335
Z	151	285	287
Z	151	289	335
Z	153	288	336
Z	155	287	337
Z	157	289	341
Z	160	289	341
Z	161	289	342
Z	163	256	345
Z	165	264	351
Z	167	268	356
Z	170	270	356
Z	171	279	313
Z	171	316	357
Z	173	295	300
Z	173	302	326
Z	173	329	371
Z	176	296	326
Z	176	329	370
Z	177	247	292
Z	177	296	297
Z	177	298	325
Z	177	329	372
Z	179	249	293
Z	179	297	326
Z	179	331	373
Z	182	247	293
Z	182	297	326
Z	182	329	373
Z	183	248	294
Z	183	300	327
Z	183	328	374
Z	185	250	297
Z	185	302	329
Z	185	332	377
Z	188	250	297
Z	188	302	329
Z	188	330	377
Z	190	250	297
Z	190	302	346
Z	190	347	377
Z	191	249	298
Z	191	301	378
Z	193	252	299
Z	193	302	380
Z	195	256	302
Z	195	304	383
Z	198	254	302
Z	198	304	383
Z	199	257	307
Z	199	308	384
Z	201	260	306
Z	201	310	346
Z	201	347	388
Z	204	262	306
Z	204	307	309
Z	204	311	340
Z	204	341	388
Z	205	264	306
Z	205	310	389
Z	207	266	308
Z	207	310	391
Z	210	268	308
Z	210	311	391
Z	211	270	309
Z	211	316	394
Z	213	278	318
Z	213	324	353
Z	213	356	365
Z	213	366	402
Z	216	278	318
Z	216	324	352
Z	216	357	403
Z	217	287	319
Z	217	324	404
Z	219	292	324
Z	219	329	410
Z	222	292	324
Z	222	329	377
Z	222	378	410
Z	223	292	297
Z	223	298	325
Z	223	331	411
Z	225	298	299
Z	225	300	330
Z	225	337	346
Z	225	347	385
Z	225	386	416
Z	228	302	329
Z	228	339	342
Z	228	344	367
Z	228	369	370
Z	228	371	416
Z	229	298	329
Z	229	339	413
Z	231	306	337
Z	231	349	421
Z	233	308	309
Z	233	311	338
Z	233	348	421
Z	236	306	312
Z	236	313	337
Z	236	347	377
Z	236	378	421
Z	238	310	339
Z	238	348	421
Z	239	310	338
Z	239	346	419
Z	241	314	341
Z	241	350	379
Z	241	380	421
Z	244	312	341
Z	244	350	421
Z	245	321	337
Z	245	355	384
Z	245	385	399
Z	247	298	299
Z	247	300	330
Z	247	337	421
Z	249	298	330
Z	249	341	417
Z	251	302	335
Z	251	345	421
Z	254	304	307
Z	254	308	335
Z	254	345	421
Z	256	302	335
Z	256	345	377
Z	256	378	421
Z	257	302	336
Z	257	347	421
Z	259	305	335
Z	259	346	419
Z	261	307	338
Z	261	348	421
Z	264	307	338
Z	264	348	385
Z	264	386	421
Z	265	311	338
Z	265	349	420
Z	267	311	340
Z	267	350	421
Z	269	315	341
Z	269	350	421
Z	272	312	340
Z	272	352	420
Z	273	314	342
Z	273	352	421
Z	275	316	341
Z	275	349	353
Z	275	356	413
Z	277	324	349
Z	277	364	421
Z	279	324	350
Z	279	361	362
Z	279	364	421
Z	282	324	329
Z	282	330	349
Z	282	366	421
Z	283	332	350
Z	283	362	391
Z	283	396	411
Z	285	342	361
Z	285	376	404
Z	285	406	421
Z	287	344	362
Z	287	378	405
Z	287	408	409
Z	287	410	421
WF	0	27	35
WF	3	63	0
WF	6	63	0
WF	7	64	23
WF	9	88	0
WF	11	88	0
WF	13	35	11
WF	13	39	11
WF	13	89	11
WF	15	48	0
WF	15	49	0
WF	15	50	0
WF	15	101	0
WF	17	48	0
WF	17	49	0
WF	17	50	0
WF	17	101	0
WF	19	49	3
WF	19	50	6
WF	19	58	7
WF	19	59	5
WF	19	102	7
WF	21	64	0
WF	21	65	0
WF	21	110	0
WF	23	59	0
WF	23	60	0
WF	23	64	0
WF	23	65	0
WF	23	110	0
WF	25	60	0
WF	25	61	0
WF	25	62	0
WF	25	111	6
WF	27	118	0
WF	29	118	0
WF	31	65	36
WF	31	66	39
WF	31	67	39
WF	31	68	39
WF	31	69	39
WF	31	70	43
WF	31	71	43
WF	31	72	43
WF	31	73	45
WF	31	74	45
WF	31	75	45
WF	31	76	45
WF	31	77	45
WF	31	78	47
WF	31	79	47
WF	31	80	47
WF	31	81	47
WF	31	82	46
WF	31	83	45
WF	31	84	46
WF	31	85	46
WF	31	86	47
WF	31	87	47
WF	31	88	46
WF	31	89	42
WF	31	90	42
WF	31	91	41
WF	31	119	67
WF	33	187	0
WF	35	187	0
WF	37	188	18
WF	39	207	0
WF	42	207	0
WF	43	208	23
WF	45	232	0
WF	47	232	0
WF	49	233	2
WF	51	236	0
WF	54	236	0
WF	55	237	23
WF	57	261	0
WF	59	207	4
WF	59	210	9
WF	59	260	9
WF	59	261	7
WF	59	262	6
WF	61	218	0
WF	61	223	3
WF	61	224	2
WF	61	271	3
WF	63	223	0
WF	63	224	0
WF	63	225	6
WF	63	226	6
WF	63	227	6
WF	63	228	6
WF	63	229	5
WF	63	230	10
WF	63	231	10
WF	63	232	9
WF	63	233	7
WF	63	234	6
WF	63	273	12
WF	63	274	8
WF	63	275	4
WF	65	286	0
WF	67	286	0
WF	69	285	6
WF	69	286	5
WF	69	287	2
WF	71	292	0
WF	73	293	0
WF	76	293	0
WF	77	294	3
WF	79	297	1
WF	82	296	1
WF	82	297	0
WF	83	250	2
WF	83	251	2
WF	83	299	2
WF	83	300	0
WF	86	254	2
WF	86	255	6
WF	86	256	6
WF	86	257	12
WF	86	258	15
WF	86	259	17
WF	86	260	18
WF	86	261	18
WF	86	262	22
WF	86	263	24
WF	86	264	25
WF	86	265	28
WF	86	266	37
WF	86	267	40
WF	86	290	43
WF	86	291	42
WF	86	292	40
WF	86	293	34
WF	86	294	27
WF	86	295	26
WF	86	296	23
WF	86	297	16
WF	86	298	14
WF	86	299	10
WF	86	300	6
WF	86	301	3
WF	86	302	2
WF	87	223	1
WF	87	224	1
WF	87	225	4
WF	87	226	4
WF	87	227	5
WF	87	228	5
WF	87	275	6
WF	87	312	0
WF	87	313	1
WF	87	314	1
WF	87	315	4
WF	87	330	6
WF	87	331	3
WF	87	332	1
WF	87	333	0
WF	89	240	0
WF	89	241	0
WF	89	247	0
WF	89	282	0
WF	89	323	0
WF	89	337	0
WF	92	241	0
WF	92	242	0
WF	92	282	0
WF	92	328	0
WF	92	337	0
WF	93	236	4
WF	93	237	4
WF	93	238	3
WF	93	239	1
WF	93	240	0
WF	93	241	0
WF	93	242	2
WF	93	243	3
WF	93	244	3
WF	93	245	3
WF	93	246	3
WF	93	247	2
WF	93	283	6
WF	93	324	0
WF	93	325	4
WF	93	326	4
WF	93	327	4
WF	93	328	4
WF	93	329	3
WF	93	335	6
WF	93	336	1
WF	93	337	0
WF	95	290	0
WF	95	341	0
WF	98	290	0
WF	99	291	2
WF	99	343	2
WF	101	294	0
WF	101	336	0
WF	101	346	0
WF	104	294	0
WF	104	340	0
WF	104	345	0
WF	105	295	4
WF	105	337	1
WF	105	346	4
WF	105	347	1
WF	107	300	0
WF	107	351	0
WF	110	300	0
WF	110	350	0
WF	111	301	0
WF	111	343	0
WF	111	344	0
WF	111	352	0
WF	113	302	1
WF	113	345	1
WF	113	353	1
WF	116	302	1
WF	116	353	1
WF	117	304	1
WF	117	355	1
WF	119	306	0
WF	119	356	0
WF	122	306	0
WF	122	352	0
WF	122	356	0
WF	123	307	2
WF	123	350	1
WF	123	351	1
WF	123	358	2
WF	125	310	0
WF	125	359	0
WF	125	360	0
WF	128	310	0
WF	128	360	0
WF	129	311	2
WF	129	354	1
WF	129	355	2
WF	129	361	2
WF	131	314	0
WF	131	359	0
WF	131	360	0
WF	131	363	0
WF	134	314	0
WF	134	363	0
WF	135	261	1
WF	135	262	1
WF	135	263	1
WF	135	264	1
WF	135	265	1
WF	135	315	2
WF	135	364	2
WF	135	365	1
WF	138	318	1
WF	138	366	1
WF	139	265	4
WF	139	266	4
WF	139	267	5
WF	139	268	5
WF	139	269	5
WF	139	318	8
WF	139	319	7
WF	139	320	1
WF	139	362	1
WF	139	363	4
WF	139	364	4
WF	139	365	3
WF	139	366	0
WF	139	368	8
WF	141	327	0
WF	141	375	0
WF	141	376	0
WF	144	327	0
WF	144	375	0
WF	144	376	0
WF	145	274	5
WF	145	275	5
WF	145	276	5
WF	145	328	6
WF	147	284	0
WF	147	285	0
WF	147	286	0
WF	147	335	0
WF	150	284	0
WF	150	285	0
WF	150	286	0
WF	150	335	1
WF	151	287	0
WF	151	335	0
WF	153	285	0
WF	153	286	0
WF	153	287	0
WF	153	336	0
WF	155	337	3
WF	157	341	1
WF	160	341	1
WF	161	342	2
WF	161	343	0
WF	163	254	1
WF	163	255	1
WF	163	345	4
WF	165	260	1
WF	165	261	1
WF	165	262	2
WF	165	263	2
WF	165	351	4
WF	167	356	0
WF	170	356	0
WF	171	268	2
WF	171	269	3
WF	171	270	9
WF	171	271	9
WF	171	272	9
WF	171	273	9
WF	171	274	10
WF	171	275	12
WF	171	276	12
WF	171	277	12
WF	171	278	12
WF	171	313	13
WF	171	314	13
WF	171	315	12
WF	171	357	13
WF	173	293	0
WF	173	294	0
WF	173	300	0
WF	173	326	0
WF	173	371	0
WF	176	293	0
WF	176	294	0
WF	176	295	0
WF	176	326	0
WF	176	370	0
WF	177	292	0
WF	177	297	0
WF	177	325	0
WF	177	326	0
WF	177	372	0
WF	179	293	0
WF	179	296	0
WF	179	326	0
WF	179	373	0
WF	182	293	0
WF	182	296	0
WF	182	326	0
WF	182	373	0
WF	183	294	2
WF	183	298	0
WF	183	299	1
WF	183	327	2
WF	183	374	2
WF	185	297	0
WF	185	329	0
WF	185	377	0
WF	188	297	1
WF	188	329	1
WF	188	377	1
WF	188	378	0
WF	190	297	0
WF	190	377	0
WF	191	298	1
WF	191	378	1
WF	193	250	2
WF	193	251	2
WF	193	299	2
WF	193	300	0
WF	193	380	2
WF	195	302	0
WF	195	383	0
WF	198	302	0
WF	198	383	0
WF	199	255	1
WF	199	256	1
WF	199	307	3
WF	199	384	3
WF	201	306	0
WF	201	307	0
WF	201	308	0
WF	201	309	0
WF	201	388	0
WF	204	306	0
WF	204	309	0
WF	204	310	0
WF	204	340	0
WF	204	388	0
WF	205	261	1
WF	205	262	1
WF	205	263	1
WF	205	306	1
WF	205	307	0
WF	205	308	0
WF	205	309	0
WF	205	389	1
WF	207	308	2
WF	207	391	2
WF	210	266	0
WF	210	267	0
WF	210	308	0
WF	210	391	0
WF	211	266	3
WF	211	267	5
WF	211	268	5
WF	211	269	5
WF	211	309	8
WF	211	310	4
WF	211	311	1
WF	211	312	2
WF	211	313	4
WF	211	314	4
WF	211	315	4
WF	211	394	8
WF	213	318	0
WF	213	353	0
WF	213	354	0
WF	213	355	0
WF	213	402	0
WF	216	318	0
WF	216	352	0
WF	216	353	0
WF	216	354	0
WF	216	355	0
WF	216	356	0
WF	216	403	0
WF	217	278	1
WF	217	279	1
WF	217	280	4
WF	217	281	4
WF	217	282	5
WF	217	283	5
WF	217	284	5
WF	217	285	5
WF	217	286	5
WF	217	319	5
WF	217	322	3
WF	217	323	3
WF	217	404	5
WF	219	324	0
WF	219	410	0
WF	222	324	0
WF	222	410	0
WF	223	291	3
WF	223	297	4
WF	223	325	4
WF	223	330	0
WF	223	411	4
WF	225	299	0
WF	225	330	0
WF	225	336	0
WF	225	416	0
WF	228	297	0
WF	228	298	0
WF	228	299	0
WF	228	300	0
WF	228	301	0
WF	228	329	0
WF	228	336	0
WF	228	337	0
WF	228	342	0
WF	228	367	0
WF	228	416	0
WF	229	296	7
WF	229	297	7
WF	229	329	8
WF	229	330	7
WF	229	331	1
WF	229	338	0
WF	229	413	3
WF	229	414	3
WF	229	415	2
WF	229	416	0
WF	231	337	0
WF	233	309	0
WF	233	310	0
WF	233	338	0
WF	236	312	0
WF	236	337	0
WF	238	307	0
WF	238	308	0
WF	238	309	0
WF	238	339	0
WF	239	308	0
WF	239	309	0
WF	239	338	2
WF	239	339	0
WF	241	341	0
WF	241	349	0
WF	241	379	0
WF	244	341	0
WF	244	349	0
WF	245	313	1
WF	245	314	1
WF	245	315	2
WF	245	316	6
WF	245	317	7
WF	245	318	7
WF	245	319	6
WF	245	320	5
WF	245	337	22
WF	245	338	16
WF	245	339	9
WF	245	340	8
WF	245	341	7
WF	245	342	3
WF	245	350	11
WF	245	351	18
WF	245	352	18
WF	245	353	19
WF	245	354	19
WF	245	384	22
WF	245	399	21
WF	245	400	20
WF	245	401	19
WF	245	402	18
WF	245	404	16
WF	245	405	15
WF	245	408	12
WF	245	409	11
WF	245	410	10
WF	247	299	0
WF	247	330	0
WF	247	336	0
WF	249	330	4
WF	249	331	1
WF	249	338	1
WF	249	339	1
WF	249	340	1
WF	249	417	3
WF	249	418	2
WF	251	335	0
WF	254	307	0
WF	254	335	0
WF	256	335	0
WF	257	336	0
WF	259	303	2
WF	259	304	2
WF	259	335	2
WF	259	336	1
WF	259	337	0
WF	261	338	0
WF	264	338	0
WF	265	308	0
WF	265	309	0
WF	265	310	0
WF	265	338	1
WF	267	340	0
WF	269	312	0
WF	269	313	0
WF	269	341	0
WF	272	340	1
WF	273	342	0
WF	275	312	2
WF	275	313	4
WF	275	314	7
WF	275	315	7
WF	275	341	8
WF	275	342	2
WF	275	353	8
WF	275	354	8
WF	275	355	7
WF	277	349	0
WF	277	358	0
WF	277	359	0
WF	277	360	0
WF	277	361	0
WF	279	350	0
WF	279	358	0
WF	279	359	0
WF	279	360	0
WF	279	362	0
WF	282	329	0
WF	282	349	0
WF	282	358	0
WF	282	359	0
WF	282	360	0
WF	282	361	0
WF	283	325	0
WF	283	326	4
WF	283	327	9
WF	283	328	10
WF	283	329	10
WF	283	330	10
WF	283	331	10
WF	283	350	10
WF	283	351	5
WF	283	359	7
WF	283	360	10
WF	283	361	10
WF	283	391	10
WF	283	392	9
WF	283	393	9
WF	283	394	9
WF	283	395	8
WF	285	361	0
WF	285	373	0
WF	285	374	0
WF	285	375	0
WF	285	404	0
WF	287	362	0
WF	287	405	0
WF	65535	338	11
WF	65535	339	17
WF	65535	340	26
WF	65535	341	28
WF	65535	342	28
WF	65535	343	32
WF	65535	344	32
WF	65535	345	32
WF	65535	346	57
WF	65535	347	60
WF	65535	348	60
WF	65535	349	60
WF	65535	350	70
WF	65535	353	31
WF	65535	354	33
WF	65535	355	33
WF	65535	356	32
WF	65535	357	31
WF	65535	358	30
WF	65535	359	29
WF	65535	360	26
WF	65535	361	24
WF	65535	362	16
WF	65535	363	10
WF	65535	374	17
WF	65535	375	25
WF	65535	376	29
WF	65535	377	31
WF	65535	378	31
WF	65535	379	35
WF	65535	380	40
WF	65535	383	20
WF	65535	384	23
WF	65535	385	35
WF	65535	388	32
WF	65535	391	29
WF	65535	394	23
WF	65535	395	23
WF	65535	396	23
WF	65535	397	23
WF	65535	398	22
WF	65535	399	20
WF	65535	400	19
WF	65535	401	17
WF	65535	402	18
WF	65535	404	0
WF	65535	405	13
WF	65535	406	14
WF	65535	407	13
WF	65535	410	10
[gfa_ed_step] dist=28, n=615, n_intv=272, n_tb=0
Z	0	-1	28
Z	3	36	64
Z	6	34	64
Z	7	18	65
Z	9	43	89
Z	11	41	89
Z	13	34	90
Z	15	47	102
Z	17	47	102
Z	19	49	59
Z	19	60	103
Z	21	60	66
Z	21	69	111
Z	23	58	111
Z	25	63	112
Z	27	69	119
Z	29	71	119
Z	31	92	120
Z	33	160	188
Z	35	158	188
Z	37	149	189
Z	39	167	208
Z	42	169	208
Z	43	161	209
Z	45	184	233
Z	47	186	188
Z	47	189	233
Z	49	183	234
Z	51	185	237
Z	54	187	193
Z	54	194	237
Z	55	186	238
Z	57	211	214
Z	57	215	262
Z	59	208	261
Z	61	219	224
Z	61	225	272
Z	63	235	274
Z	65	247	287
Z	67	247	287
Z	69	241	286
Z	71	247	293
Z	73	247	294
Z	76	249	294
Z	77	247	295
Z	79	250	298
Z	82	249	297
Z	83	249	300
Z	86	268	291
Z	87	229	276
Z	87	316	331
Z	89	235	283
Z	89	322	338
Z	92	235	243
Z	92	244	283
Z	92	324	338
Z	93	248	284
Z	93	330	336
Z	95	256	291
Z	95	335	342
Z	98	254	291
Z	98	337	342
Z	99	253	292
Z	99	333	344
Z	101	255	295
Z	101	335	347
Z	104	255	295
Z	104	337	346
Z	105	252	296
Z	105	338	347
Z	107	256	301
Z	107	342	352
Z	110	256	301
Z	110	342	346
Z	110	347	351
Z	111	256	302
Z	111	342	353
Z	113	256	303
Z	113	344	354
Z	116	258	303
Z	116	344	345
Z	116	346	354
Z	117	257	305
Z	117	349	356
Z	119	258	307
Z	119	349	357
Z	122	260	307
Z	122	349	358
Z	123	257	308
Z	123	352	359
Z	125	259	311
Z	125	354	361
Z	128	261	311
Z	128	354	362
Z	129	258	312
Z	129	354	362
Z	131	260	315
Z	131	358	364
Z	134	262	315
Z	134	359	364
Z	135	266	316
Z	135	360	366
Z	138	268	319
Z	138	362	367
Z	139	270	319
Z	139	367	369
Z	141	278	328
Z	141	374	378
Z	144	278	328
Z	144	374	377
Z	145	277	329
Z	145	377	378
Z	147	283	336
Z	150	283	286
Z	150	287	336
Z	150	384	385
Z	151	285	288
Z	151	289	336
Z	153	284	337
Z	155	287	338
Z	157	289	342
Z	160	289	342
Z	161	289	343
Z	163	256	346
Z	165	264	352
Z	167	268	357
Z	170	270	357
Z	171	279	315
Z	171	316	358
Z	173	292	301
Z	173	302	327
Z	173	329	372
Z	176	292	327
Z	176	329	371
Z	177	247	293
Z	177	296	327
Z	177	329	373
Z	179	249	294
Z	179	295	328
Z	179	331	374
Z	182	247	294
Z	182	295	327
Z	182	329	374
Z	183	248	295
Z	183	300	375
Z	185	250	298
Z	185	302	331
Z	185	332	378
Z	188	250	298
Z	188	302	378
Z	190	250	298
Z	190	302	346
Z	190	347	378
Z	191	249	299
Z	191	301	379
Z	193	249	300
Z	193	302	381
Z	195	253	254
Z	195	256	303
Z	195	304	384
Z	198	254	303
Z	198	304	384
Z	199	257	385
Z	201	260	346
Z	201	347	389
Z	204	262	389
Z	205	260	307
Z	205	310	390
Z	207	263	264
Z	207	266	309
Z	207	310	392
Z	210	265	309
Z	210	311	392
Z	211	270	310
Z	211	316	395
Z	213	278	319
Z	213	324	365
Z	213	366	403
Z	216	278	319
Z	216	324	404
Z	217	281	320
Z	217	324	405
Z	219	292	325
Z	219	329	411
Z	222	292	325
Z	222	329	377
Z	222	378	411
Z	223	292	326
Z	223	331	412
Z	225	298	331
Z	225	335	346
Z	225	347	385
Z	225	386	417
Z	228	296	331
Z	228	335	338
Z	228	339	343
Z	228	344	368
Z	228	369	370
Z	228	371	417
Z	229	298	330
Z	229	339	413
Z	231	306	338
Z	231	349	421
Z	233	308	339
Z	233	348	421
Z	236	306	338
Z	236	347	377
Z	236	378	421
Z	238	306	340
Z	238	348	421
Z	239	310	339
Z	239	346	419
Z	241	314	342
Z	241	348	421
Z	244	312	342
Z	244	348	421
Z	245	321	338
Z	245	355	399
Z	247	298	331
Z	247	335	421
Z	249	298	331
Z	249	341	417
Z	251	302	336
Z	251	345	421
Z	254	304	337
Z	254	345	421
Z	256	302	336
Z	256	345	377
Z	256	378	421
Z	257	302	337
Z	257	347	421
Z	259	302	336
Z	259	346	419
Z	261	307	339
Z	261	348	421
Z	264	306	339
Z	264	348	385
Z	264	386	421
Z	265	309	339
Z	265	349	420
Z	267	311	341
Z	267	350	421
Z	269	311	314
Z	269	315	342
Z	269	350	421
Z	272	312	341
Z	272	352	420
Z	273	313	343
Z	273	352	421
Z	275	316	342
Z	275	349	355
Z	275	356	413
Z	277	324	350
Z	277	357	362
Z	277	364	421
Z	279	324	351
Z	279	357	363
Z	279	364	421
Z	282	324	351
Z	282	357	362
Z	282	366	421
Z	283	327	351
Z	283	359	394
Z	283	396	411
Z	285	342	362
Z	285	372	405
Z	285	406	421
Z	287	344	363
Z	287	376	377
Z	287	378	406
Z	287	408	409
Z	287	410	421
WF	0	28	35
WF	3	64	0
WF	6	64	0
WF	7	65	23
WF	9	89	0
WF	11	89	0
WF	13	90	11
WF	15	102	0
WF	17	46	0
WF	17	102	0
WF	19	47	0
WF	19	48	5
WF	19	59	7
WF	19	103	7
WF	21	57	0
WF	21	58	0
WF	21	66	0
WF	21	111	0
WF	23	111	0
WF	25	58	0
WF	25	59	2
WF	25	60	2
WF	25	61	1
WF	25	62	1
WF	25	112	6
WF	27	119	0
WF	29	119	0
WF	31	64	38
WF	31	65	41
WF	31	66	41
WF	31	67	40
WF	31	68	40
WF	31	69	44
WF	31	70	44
WF	31	71	45
WF	31	72	46
WF	31	73	47
WF	31	74	47
WF	31	75	47
WF	31	76	48
WF	31	77	49
WF	31	78	49
WF	31	79	48
WF	31	80	49
WF	31	81	49
WF	31	82	48
WF	31	83	47
WF	31	84	48
WF	31	85	48
WF	31	86	48
WF	31	87	49
WF	31	88	49
WF	31	89	48
WF	31	90	43
WF	31	91	43
WF	31	120	67
WF	33	188	0
WF	35	188	0
WF	37	189	18
WF	39	208	0
WF	42	208	0
WF	43	209	23
WF	45	233	0
WF	47	233	0
WF	49	234	2
WF	51	237	0
WF	54	237	0
WF	55	238	23
WF	57	262	0
WF	59	206	5
WF	59	207	5
WF	59	261	9
WF	59	262	7
WF	59	263	6
WF	61	217	1
WF	61	218	1
WF	61	224	3
WF	61	272	3
WF	63	222	1
WF	63	223	1
WF	63	224	7
WF	63	225	7
WF	63	226	7
WF	63	227	7
WF	63	228	9
WF	63	229	11
WF	63	230	11
WF	63	231	11
WF	63	232	10
WF	63	233	9
WF	63	234	8
WF	63	274	12
WF	63	275	8
WF	63	276	4
WF	65	287	0
WF	67	287	0
WF	69	286	6
WF	69	287	5
WF	69	288	2
WF	71	293	0
WF	73	294	0
WF	76	294	0
WF	77	295	3
WF	79	298	1
WF	82	297	1
WF	82	298	0
WF	83	300	2
WF	83	301	0
WF	86	252	1
WF	86	253	4
WF	86	254	7
WF	86	255	7
WF	86	256	13
WF	86	257	16
WF	86	258	18
WF	86	259	20
WF	86	260	20
WF	86	261	23
WF	86	262	25
WF	86	263	26
WF	86	264	30
WF	86	265	38
WF	86	266	41
WF	86	267	41
WF	86	291	43
WF	86	292	42
WF	86	293	41
WF	86	294	34
WF	86	295	27
WF	86	296	26
WF	86	297	23
WF	86	298	16
WF	86	299	15
WF	86	300	10
WF	86	301	6
WF	86	302	3
WF	86	303	2
WF	87	222	2
WF	87	223	2
WF	87	224	5
WF	87	225	5
WF	87	226	6
WF	87	227	6
WF	87	228	6
WF	87	276	6
WF	87	311	1
WF	87	312	2
WF	87	313	2
WF	87	314	5
WF	87	315	5
WF	87	331	6
WF	87	332	3
WF	87	333	1
WF	87	334	0
WF	89	283	0
WF	89	338	0
WF	92	243	0
WF	92	283	0
WF	92	338	0
WF	93	235	5
WF	93	236	5
WF	93	237	5
WF	93	238	4
WF	93	239	3
WF	93	240	5
WF	93	241	5
WF	93	242	4
WF	93	243	4
WF	93	244	4
WF	93	245	4
WF	93	246	4
WF	93	247	3
WF	93	284	6
WF	93	323	2
WF	93	324	5
WF	93	325	5
WF	93	326	5
WF	93	327	6
WF	93	328	6
WF	93	329	6
WF	93	336	6
WF	93	337	1
WF	93	338	0
WF	95	291	0
WF	95	342	0
WF	98	291	0
WF	98	342	0
WF	99	292	2
WF	99	344	2
WF	101	295	0
WF	101	347	0
WF	104	295	0
WF	104	346	0
WF	105	296	4
WF	105	336	2
WF	105	337	2
WF	105	347	4
WF	105	348	1
WF	107	301	0
WF	107	352	0
WF	110	301	0
WF	110	351	0
WF	111	302	0
WF	111	353	0
WF	113	303	1
WF	113	343	0
WF	113	354	1
WF	116	303	1
WF	116	345	0
WF	116	354	1
WF	117	305	1
WF	117	345	1
WF	117	346	1
WF	117	347	0
WF	117	356	1
WF	119	307	0
WF	119	357	0
WF	122	307	0
WF	122	358	0
WF	123	308	2
WF	123	349	2
WF	123	350	2
WF	123	351	2
WF	123	359	2
WF	125	311	0
WF	125	361	0
WF	128	311	0
WF	128	362	0
WF	129	312	2
WF	129	353	2
WF	129	362	2
WF	131	315	0
WF	131	364	0
WF	134	315	0
WF	134	357	0
WF	134	358	0
WF	134	364	0
WF	135	260	2
WF	135	261	2
WF	135	262	2
WF	135	263	2
WF	135	264	2
WF	135	265	2
WF	135	316	2
WF	135	358	2
WF	135	359	2
WF	135	366	2
WF	138	319	1
WF	138	367	1
WF	138	368	0
WF	139	264	5
WF	139	265	6
WF	139	266	6
WF	139	267	6
WF	139	268	6
WF	139	269	6
WF	139	319	8
WF	139	320	7
WF	139	321	1
WF	139	361	3
WF	139	362	6
WF	139	363	6
WF	139	364	5
WF	139	365	5
WF	139	366	4
WF	139	369	8
WF	141	328	0
WF	141	378	0
WF	144	328	0
WF	144	377	0
WF	145	273	6
WF	145	274	6
WF	145	275	6
WF	145	276	6
WF	145	329	6
WF	145	375	0
WF	145	376	0
WF	145	378	6
WF	147	336	0
WF	147	383	0
WF	147	384	0
WF	150	286	1
WF	150	336	1
WF	151	288	0
WF	151	336	0
WF	151	383	0
WF	151	384	0
WF	153	337	0
WF	155	285	0
WF	155	286	3
WF	155	338	3
WF	155	385	3
WF	155	386	3
WF	155	387	2
WF	157	342	1
WF	160	342	1
WF	161	343	2
WF	161	344	0
WF	163	252	0
WF	163	253	2
WF	163	254	2
WF	163	255	2
WF	163	346	4
WF	165	259	2
WF	165	260	2
WF	165	261	3
WF	165	262	3
WF	165	263	3
WF	165	352	4
WF	167	357	0
WF	170	357	0
WF	171	267	4
WF	171	268	4
WF	171	269	10
WF	171	270	10
WF	171	271	10
WF	171	272	10
WF	171	273	11
WF	171	274	13
WF	171	275	13
WF	171	276	13
WF	171	277	13
WF	171	278	13
WF	171	315	13
WF	171	358	13
WF	173	301	0
WF	173	327	0
WF	173	328	0
WF	173	372	0
WF	176	327	0
WF	176	328	0
WF	176	371	0
WF	177	293	0
WF	177	294	0
WF	177	295	0
WF	177	327	0
WF	177	373	0
WF	179	294	0
WF	179	328	0
WF	179	374	0
WF	182	294	0
WF	182	327	0
WF	182	374	0
WF	183	295	2
WF	183	296	1
WF	183	297	1
WF	183	298	2
WF	183	299	2
WF	183	375	2
WF	185	298	0
WF	185	331	0
WF	185	378	0
WF	188	298	1
WF	188	378	1
WF	188	379	0
WF	190	298	0
WF	190	378	0
WF	191	299	1
WF	191	379	1
WF	193	300	2
WF	193	301	0
WF	193	381	2
WF	195	254	0
WF	195	303	0
WF	195	384	0
WF	198	252	0
WF	198	253	0
WF	198	303	0
WF	198	384	0
WF	199	253	0
WF	199	254	3
WF	199	255	3
WF	199	256	2
WF	199	385	3
WF	201	389	0
WF	204	389	0
WF	205	307	1
WF	205	308	1
WF	205	309	1
WF	205	390	1
WF	207	264	2
WF	207	265	2
WF	207	309	2
WF	207	392	2
WF	210	262	0
WF	210	263	0
WF	210	264	0
WF	210	309	0
WF	210	392	0
WF	211	265	4
WF	211	266	6
WF	211	267	6
WF	211	268	6
WF	211	269	6
WF	211	310	8
WF	211	311	4
WF	211	312	5
WF	211	313	5
WF	211	314	7
WF	211	315	7
WF	211	395	8
WF	213	319	0
WF	213	403	0
WF	216	319	0
WF	216	404	0
WF	217	277	2
WF	217	278	2
WF	217	279	5
WF	217	280	5
WF	217	320	5
WF	217	321	4
WF	217	322	4
WF	217	323	4
WF	217	405	5
WF	219	287	0
WF	219	288	0
WF	219	289	0
WF	219	290	0
WF	219	291	0
WF	219	325	0
WF	219	411	0
WF	222	287	0
WF	222	288	0
WF	222	289	0
WF	222	290	0
WF	222	291	0
WF	222	325	0
WF	222	411	0
WF	223	290	4
WF	223	291	4
WF	223	326	4
WF	223	329	2
WF	223	330	2
WF	223	412	4
WF	225	331	0
WF	225	417	0
WF	228	338	0
WF	228	343	0
WF	228	368	0
WF	228	417	0
WF	229	295	8
WF	229	296	8
WF	229	297	8
WF	229	330	8
WF	229	331	7
WF	229	332	2
WF	229	336	0
WF	229	337	3
WF	229	338	3
WF	229	413	4
WF	229	414	4
WF	229	415	3
WF	229	416	3
WF	229	417	2
WF	231	338	0
WF	233	339	0
WF	236	338	0
WF	238	340	0
WF	239	307	1
WF	239	308	1
WF	239	309	1
WF	239	339	2
WF	239	340	0
WF	241	342	0
WF	244	342	0
WF	245	312	2
WF	245	313	3
WF	245	314	3
WF	245	315	7
WF	245	316	8
WF	245	317	8
WF	245	318	8
WF	245	319	7
WF	245	320	6
WF	245	338	22
WF	245	339	16
WF	245	340	9
WF	245	341	8
WF	245	342	7
WF	245	343	4
WF	245	349	12
WF	245	350	20
WF	245	351	20
WF	245	352	21
WF	245	353	21
WF	245	354	21
WF	245	399	21
WF	245	400	20
WF	245	401	19
WF	245	403	17
WF	245	404	16
WF	245	407	13
WF	245	408	12
WF	245	409	11
WF	247	331	0
WF	249	297	0
WF	249	331	4
WF	249	332	2
WF	249	336	0
WF	249	337	3
WF	249	338	3
WF	249	339	3
WF	249	340	3
WF	249	417	3
WF	251	336	0
WF	254	337	0
WF	256	336	0
WF	257	337	0
WF	259	336	2
WF	259	337	1
WF	259	338	0
WF	261	305	0
WF	261	306	0
WF	261	339	0
WF	264	339	0
WF	265	306	0
WF	265	307	1
WF	265	308	1
WF	265	339	1
WF	267	341	0
WF	269	314	0
WF	269	342	0
WF	272	311	0
WF	272	341	1
WF	273	343	0
WF	275	311	3
WF	275	312	5
WF	275	313	8
WF	275	314	8
WF	275	315	8
WF	275	342	8
WF	275	343	2
WF	275	355	8
WF	277	350	0
WF	277	362	0
WF	277	363	0
WF	279	351	0
WF	279	363	0
WF	282	351	0
WF	282	362	0
WF	282	363	0
WF	283	324	1
WF	283	325	5
WF	283	326	10
WF	283	351	10
WF	283	352	5
WF	283	358	10
WF	283	394	10
WF	283	395	9
WF	285	338	0
WF	285	339	0
WF	285	340	0
WF	285	341	0
WF	285	362	0
WF	285	370	0
WF	285	371	0
WF	285	405	0
WF	287	363	0
WF	287	373	0
WF	287	374	0
WF	287	375	0
WF	287	377	0
WF	287	406	0
WF	65535	337	12
WF	65535	338	18
WF	65535	339	27
WF	65535	340	29
WF	65535	341	29
WF	65535	342	33
WF	65535	343	34
WF	65535	344	34
WF	65535	345	58
WF	65535	346	61
WF	65535	347	61
WF	65535	348	61
WF	65535	349	71
WF	65535	352	51
WF	65535	353	51
WF	65535	354	50
WF	65535	355	35
WF	65535	356	35
WF	65535	357	34
WF	65535	358	33
WF	65535	359	32
WF	65535	360	29
WF	65535	361	26
WF	65535	362	24
WF	65535	363	16
WF	65535	364	10
WF	65535	373	18
WF	65535	374	26
WF	65535	375	30
WF	65535	376	33
WF	65535	377	33
WF	65535	378	36
WF	65535	379	41
WF	65535	382	21
WF	65535	383	24
WF	65535	384	36
WF	65535	387	33
WF	65535	390	30
WF	65535	393	25
WF	65535	394	25
WF	65535	395	25
WF	65535	396	24
WF	65535	397	23
WF	65535	398	22
WF	65535	399	21
WF	65535	401	19
WF	65535	403	2
WF	65535	404	14
WF	65535	405	15
WF	65535	406	14
WF	65535	407	0
WF	65535	409	11
[gfa_ed_step] dist=29, n=638, n_intv=261, n_tb=0
Z	0	-1	29
Z	3	36	65
Z	6	34	65
Z	7	18	66
Z	9	43	90
Z	11	41	90
Z	13	34	91
Z	15	47	103
Z	17	45	103
Z	19	49	104
Z	21	56	59
Z	21	60	67
Z	21	69	112
Z	23	58	112
Z	25	63	113
Z	27	69	120
Z	29	71	120
Z	31	92	121
Z	33	160	189
Z	35	158	189
Z	37	149	190
Z	39	167	209
Z	42	169	209
Z	43	161	210
Z	45	184	234
Z	47	186	188
Z	47	189	234
Z	49	183	235
Z	51	185	238
Z	54	187	193
Z	54	194	238
Z	55	186	239
Z	57	211	214
Z	57	215	263
Z	59	208	262
Z	61	219	273
Z	63	235	275
Z	65	247	288
Z	67	247	288
Z	69	241	287
Z	71	247	294
Z	73	247	295
Z	76	249	295
Z	77	247	296
Z	79	250	299
Z	82	249	298
Z	83	249	301
Z	86	268	292
Z	87	225	277
Z	87	316	332
Z	89	234	284
Z	89	322	339
Z	92	233	234
Z	92	235	284
Z	92	324	339
Z	93	248	285
Z	93	326	337
Z	95	256	292
Z	95	335	343
Z	98	254	292
Z	98	336	343
Z	99	253	293
Z	99	333	345
Z	101	255	296
Z	101	335	348
Z	104	255	296
Z	104	337	347
Z	105	252	297
Z	105	338	348
Z	107	256	302
Z	107	342	353
Z	110	256	302
Z	110	342	346
Z	110	347	352
Z	111	256	303
Z	111	342	354
Z	113	256	304
Z	113	342	355
Z	116	258	304
Z	116	344	345
Z	116	346	355
Z	117	257	306
Z	117	344	347
Z	117	349	357
Z	119	258	308
Z	119	349	358
Z	122	260	308
Z	122	347	348
Z	122	349	359
Z	123	257	309
Z	123	348	360
Z	125	259	312
Z	125	354	362
Z	128	261	312
Z	128	353	363
Z	129	258	313
Z	129	352	363
Z	131	260	316
Z	131	358	366
Z	134	262	316
Z	134	356	365
Z	135	259	317
Z	135	357	367
Z	138	268	320
Z	138	362	369
Z	139	270	320
Z	139	367	370
Z	141	278	329
Z	141	374	379
Z	144	278	329
Z	144	374	378
Z	145	272	330
Z	145	377	379
Z	147	283	337
Z	147	382	385
Z	150	283	337
Z	150	384	385
Z	151	280	283
Z	151	285	337
Z	151	382	386
Z	153	284	338
Z	155	285	339
Z	155	384	387
Z	157	289	343
Z	160	289	343
Z	160	390	391
Z	161	289	344
Z	161	392	393
Z	163	256	347
Z	163	395	396
Z	165	264	353
Z	167	268	358
Z	170	270	358
Z	171	273	359
Z	173	292	373
Z	176	292	372
Z	177	247	328
Z	177	329	374
Z	179	249	329
Z	179	331	375
Z	182	247	328
Z	182	329	375
Z	183	248	296
Z	183	297	376
Z	185	250	299
Z	185	302	379
Z	188	250	299
Z	188	302	380
Z	190	250	299
Z	190	301	346
Z	190	347	379
Z	191	249	300
Z	191	301	380
Z	193	249	301
Z	193	302	382
Z	195	253	255
Z	195	256	385
Z	198	251	385
Z	199	253	256
Z	199	257	386
Z	201	259	346
Z	201	347	390
Z	204	262	390
Z	205	260	391
Z	207	263	393
Z	210	261	310
Z	210	311	393
Z	211	270	311
Z	211	316	396
Z	213	278	320
Z	213	324	365
Z	213	366	404
Z	216	278	320
Z	216	324	405
Z	217	278	321
Z	217	324	406
Z	219	286	326
Z	219	329	412
Z	222	286	326
Z	222	329	377
Z	222	378	412
Z	223	289	327
Z	223	331	413
Z	225	296	297
Z	225	298	332
Z	225	335	346
Z	225	347	385
Z	225	386	418
Z	228	295	331
Z	228	335	370
Z	228	371	418
Z	229	294	331
Z	229	339	413
Z	231	306	339
Z	231	349	421
Z	233	308	340
Z	233	348	421
Z	236	306	340
Z	236	347	377
Z	236	378	421
Z	238	306	341
Z	238	348	421
Z	239	308	340
Z	239	346	419
Z	241	314	343
Z	241	348	421
Z	244	312	343
Z	244	348	421
Z	245	321	339
Z	245	353	399
Z	247	296	297
Z	247	298	332
Z	247	335	421
Z	249	298	332
Z	249	341	417
Z	251	302	337
Z	251	345	421
Z	254	304	338
Z	254	345	421
Z	256	302	337
Z	256	345	377
Z	256	378	421
Z	257	302	338
Z	257	347	421
Z	259	302	337
Z	259	346	419
Z	261	304	340
Z	261	348	421
Z	264	306	340
Z	264	348	385
Z	264	386	421
Z	265	306	340
Z	265	349	420
Z	267	311	342
Z	267	350	421
Z	269	311	343
Z	269	350	421
Z	272	309	310
Z	272	312	342
Z	272	352	420
Z	273	313	344
Z	273	352	421
Z	275	312	343
Z	275	349	413
Z	277	324	351
Z	277	357	421
Z	279	324	352
Z	279	357	421
Z	282	324	352
Z	282	357	365
Z	282	366	421
Z	283	325	352
Z	283	357	395
Z	283	396	411
Z	285	337	363
Z	285	369	421
Z	287	339	340
Z	287	344	364
Z	287	371	407
Z	287	408	409
Z	287	410	421
WF	0	29	35
WF	3	65	0
WF	6	65	0
WF	7	66	23
WF	9	90	0
WF	11	90	0
WF	13	91	11
WF	15	103	0
WF	17	103	0
WF	19	46	1
WF	19	47	6
WF	19	48	6
WF	19	104	7
WF	21	59	0
WF	21	67	0
WF	21	112	0
WF	23	112	0
WF	25	57	1
WF	25	58	3
WF	25	59	3
WF	25	60	3
WF	25	61	2
WF	25	62	2
WF	25	113	6
WF	27	120	0
WF	29	120	0
WF	31	63	39
WF	31	64	42
WF	31	65	43
WF	31	66	45
WF	31	67	45
WF	31	68	45
WF	31	69	45
WF	31	70	48
WF	31	71	48
WF	31	72	49
WF	31	73	49
WF	31	74	48
WF	31	75	49
WF	31	76	50
WF	31	77	50
WF	31	78	50
WF	31	79	51
WF	31	80	51
WF	31	81	50
WF	31	82	49
WF	31	83	49
WF	31	84	49
WF	31	85	49
WF	31	86	51
WF	31	87	51
WF	31	88	50
WF	31	89	49
WF	31	90	48
WF	31	91	44
WF	31	121	67
WF	33	189	0
WF	35	189	0
WF	37	190	18
WF	39	209	0
WF	42	209	0
WF	43	210	23
WF	45	234	0
WF	47	234	0
WF	49	235	2
WF	51	238	0
WF	54	238	0
WF	55	239	23
WF	57	263	0
WF	59	205	6
WF	59	206	6
WF	59	207	6
WF	59	262	9
WF	59	263	7
WF	59	264	6
WF	61	216	3
WF	61	217	3
WF	61	218	2
WF	61	273	3
WF	63	221	2
WF	63	222	2
WF	63	223	8
WF	63	224	8
WF	63	225	8
WF	63	226	9
WF	63	227	10
WF	63	228	12
WF	63	229	12
WF	63	230	12
WF	63	231	12
WF	63	232	11
WF	63	233	10
WF	63	234	9
WF	63	275	12
WF	63	276	9
WF	63	277	4
WF	65	288	0
WF	67	288	0
WF	69	287	6
WF	69	288	5
WF	69	289	2
WF	71	294	0
WF	73	295	0
WF	76	295	0
WF	77	296	3
WF	79	299	1
WF	79	300	0
WF	82	298	1
WF	82	299	0
WF	83	301	2
WF	83	302	0
WF	86	251	2
WF	86	252	5
WF	86	253	8
WF	86	254	11
WF	86	255	14
WF	86	256	17
WF	86	257	19
WF	86	258	21
WF	86	259	21
WF	86	260	24
WF	86	261	26
WF	86	262	27
WF	86	263	31
WF	86	264	39
WF	86	265	42
WF	86	266	42
WF	86	267	42
WF	86	292	43
WF	86	293	42
WF	86	294	41
WF	86	295	34
WF	86	296	27
WF	86	297	26
WF	86	298	23
WF	86	299	16
WF	86	300	15
WF	86	301	11
WF	86	302	6
WF	86	303	3
WF	86	304	2
WF	87	221	3
WF	87	222	3
WF	87	223	6
WF	87	224	6
WF	87	277	6
WF	87	310	2
WF	87	311	3
WF	87	312	3
WF	87	313	6
WF	87	314	6
WF	87	315	6
WF	87	332	6
WF	87	333	4
WF	87	334	1
WF	87	335	0
WF	89	232	0
WF	89	233	0
WF	89	284	0
WF	89	339	0
WF	92	234	0
WF	92	284	0
WF	92	339	0
WF	93	233	0
WF	93	234	6
WF	93	235	6
WF	93	236	6
WF	93	237	6
WF	93	238	5
WF	93	239	6
WF	93	240	6
WF	93	241	6
WF	93	242	5
WF	93	243	5
WF	93	244	5
WF	93	245	5
WF	93	246	5
WF	93	247	4
WF	93	285	6
WF	93	322	3
WF	93	323	6
WF	93	324	6
WF	93	325	6
WF	93	337	6
WF	93	338	3
WF	93	339	1
WF	93	340	0
WF	95	292	0
WF	95	333	0
WF	95	334	0
WF	95	343	0
WF	98	292	0
WF	98	333	0
WF	98	334	0
WF	98	335	0
WF	98	343	0
WF	99	293	2
WF	99	345	2
WF	101	296	0
WF	101	348	0
WF	104	296	0
WF	104	347	0
WF	105	297	4
WF	105	335	3
WF	105	336	4
WF	105	337	4
WF	105	348	4
WF	105	349	1
WF	107	302	0
WF	107	353	0
WF	110	302	0
WF	110	352	0
WF	111	303	0
WF	111	354	0
WF	113	304	1
WF	113	355	1
WF	116	304	1
WF	116	345	1
WF	116	355	1
WF	117	306	1
WF	117	347	1
WF	117	348	0
WF	117	357	1
WF	119	308	0
WF	119	346	0
WF	119	347	0
WF	119	348	0
WF	119	358	0
WF	122	308	0
WF	122	348	0
WF	122	359	0
WF	123	309	2
WF	123	347	2
WF	123	360	2
WF	125	312	0
WF	125	351	0
WF	125	352	0
WF	125	353	0
WF	125	362	0
WF	128	312	0
WF	128	351	0
WF	128	352	0
WF	128	363	0
WF	129	313	2
WF	129	363	2
WF	131	316	0
WF	131	355	0
WF	131	356	0
WF	131	366	0
WF	134	316	0
WF	134	355	0
WF	134	365	0
WF	135	317	2
WF	135	367	2
WF	138	262	0
WF	138	263	0
WF	138	264	0
WF	138	265	0
WF	138	266	0
WF	138	267	0
WF	138	320	1
WF	138	360	0
WF	138	361	0
WF	138	369	1
WF	139	262	0
WF	139	263	6
WF	139	264	7
WF	139	265	7
WF	139	266	7
WF	139	267	7
WF	139	268	7
WF	139	269	7
WF	139	320	8
WF	139	321	7
WF	139	322	1
WF	139	360	4
WF	139	361	7
WF	139	362	7
WF	139	363	7
WF	139	364	6
WF	139	365	6
WF	139	366	5
WF	139	370	8
WF	139	371	0
WF	141	329	0
WF	141	379	0
WF	144	329	0
WF	144	378	0
WF	145	330	6
WF	145	374	3
WF	145	375	3
WF	145	376	2
WF	145	379	6
WF	145	380	0
WF	147	279	0
WF	147	280	0
WF	147	281	0
WF	147	282	0
WF	147	337	0
WF	147	385	0
WF	150	279	0
WF	150	280	0
WF	150	281	0
WF	150	282	0
WF	150	337	1
WF	150	385	0
WF	151	283	0
WF	151	337	0
WF	151	386	0
WF	153	280	0
WF	153	281	0
WF	153	282	0
WF	153	283	0
WF	153	338	0
WF	153	383	0
WF	153	384	0
WF	153	385	0
WF	153	386	0
WF	155	284	2
WF	155	339	3
WF	155	387	3
WF	155	388	2
WF	157	343	1
WF	157	388	0
WF	157	389	0
WF	157	390	0
WF	160	343	1
WF	160	388	0
WF	160	389	0
WF	161	344	2
WF	161	345	0
WF	163	251	1
WF	163	252	3
WF	163	253	4
WF	163	254	4
WF	163	255	3
WF	163	347	4
WF	163	396	4
WF	165	258	3
WF	165	259	3
WF	165	260	4
WF	165	261	4
WF	165	262	4
WF	165	263	4
WF	165	353	4
WF	165	399	0
WF	165	400	0
WF	167	358	0
WF	170	358	0
WF	171	266	5
WF	171	267	5
WF	171	268	11
WF	171	269	11
WF	171	270	11
WF	171	271	13
WF	171	272	13
WF	171	359	13
WF	173	287	0
WF	173	288	0
WF	173	289	0
WF	173	290	0
WF	173	291	0
WF	173	373	0
WF	176	287	0
WF	176	288	0
WF	176	289	0
WF	176	290	0
WF	176	291	0
WF	176	372	0
WF	177	328	0
WF	177	374	0
WF	179	329	0
WF	179	330	0
WF	179	375	0
WF	182	328	0
WF	182	375	0
WF	183	296	2
WF	183	376	2
WF	185	299	0
WF	185	300	0
WF	185	301	0
WF	185	379	0
WF	188	299	1
WF	188	300	0
WF	188	380	1
WF	190	299	0
WF	190	379	0
WF	191	300	1
WF	191	380	1
WF	193	301	2
WF	193	382	2
WF	195	255	0
WF	195	385	0
WF	198	385	0
WF	199	252	1
WF	199	256	3
WF	199	386	3
WF	201	257	0
WF	201	258	0
WF	201	390	0
WF	204	257	0
WF	204	258	0
WF	204	259	0
WF	204	390	0
WF	205	259	0
WF	205	391	1
WF	207	393	2
WF	210	310	0
WF	210	393	0
WF	211	262	0
WF	211	263	0
WF	211	264	5
WF	211	265	7
WF	211	266	7
WF	211	267	7
WF	211	268	7
WF	211	269	7
WF	211	311	8
WF	211	312	6
WF	211	313	8
WF	211	314	8
WF	211	315	8
WF	211	396	8
WF	213	320	0
WF	213	404	0
WF	216	320	0
WF	216	405	0
WF	217	276	3
WF	217	277	3
WF	217	321	5
WF	217	322	5
WF	217	323	5
WF	217	406	5
WF	219	284	0
WF	219	285	0
WF	219	326	0
WF	219	412	0
WF	222	284	0
WF	222	285	0
WF	222	326	0
WF	222	412	0
WF	223	287	0
WF	223	288	0
WF	223	327	4
WF	223	328	3
WF	223	329	3
WF	223	330	3
WF	223	413	4
WF	225	294	0
WF	225	295	0
WF	225	297	0
WF	225	332	0
WF	225	418	0
WF	228	331	0
WF	228	418	0
WF	229	331	8
WF	229	332	7
WF	229	333	2
WF	229	335	1
WF	229	336	4
WF	229	337	4
WF	229	338	4
WF	229	413	5
WF	229	414	5
WF	229	415	4
WF	229	416	4
WF	229	417	3
WF	229	418	2
WF	231	303	0
WF	231	304	0
WF	231	305	0
WF	231	339	0
WF	233	340	0
WF	236	303	0
WF	236	304	0
WF	236	305	0
WF	238	341	0
WF	239	306	2
WF	239	307	2
WF	239	340	2
WF	239	341	0
WF	241	311	0
WF	241	312	0
WF	241	343	0
WF	244	311	0
WF	244	343	0
WF	245	311	3
WF	245	312	5
WF	245	313	5
WF	245	314	8
WF	245	315	9
WF	245	316	9
WF	245	317	9
WF	245	318	9
WF	245	319	8
WF	245	320	7
WF	245	339	22
WF	245	340	16
WF	245	341	9
WF	245	342	8
WF	245	343	7
WF	245	344	4
WF	245	348	13
WF	245	349	21
WF	245	350	21
WF	245	351	22
WF	245	352	22
WF	245	399	21
WF	245	400	20
WF	245	402	18
WF	245	403	17
WF	245	406	14
WF	245	407	13
WF	245	408	12
WF	247	294	0
WF	247	295	0
WF	247	297	0
WF	247	332	0
WF	249	295	0
WF	249	296	1
WF	249	297	1
WF	249	332	4
WF	249	333	2
WF	249	335	1
WF	249	336	4
WF	249	337	4
WF	249	338	4
WF	249	339	4
WF	249	340	4
WF	249	417	0
WF	249	418	0
WF	251	337	0
WF	254	338	0
WF	256	337	0
WF	257	338	0
WF	259	337	2
WF	259	338	1
WF	259	339	0
WF	261	340	0
WF	264	340	0
WF	265	305	1
WF	265	340	1
WF	267	308	0
WF	267	309	0
WF	267	310	0
WF	267	342	0
WF	269	343	0
WF	272	310	1
WF	272	311	1
WF	272	342	1
WF	273	310	0
WF	273	311	0
WF	273	344	0
WF	275	310	4
WF	275	311	6
WF	275	343	8
WF	275	344	3
WF	277	321	0
WF	277	322	0
WF	277	323	0
WF	277	351	0
WF	279	321	0
WF	279	322	0
WF	279	323	0
WF	279	352	0
WF	282	321	0
WF	282	322	0
WF	282	323	0
WF	282	352	0
WF	283	323	2
WF	283	324	6
WF	283	352	10
WF	283	353	5
WF	283	395	10
WF	285	336	0
WF	285	363	0
WF	285	368	0
WF	287	340	0
WF	287	341	0
WF	287	342	0
WF	287	364	0
WF	287	407	0
WF	65535	336	13
WF	65535	337	21
WF	65535	338	28
WF	65535	339	30
WF	65535	340	30
WF	65535	341	34
WF	65535	342	35
WF	65535	343	35
WF	65535	344	60
WF	65535	345	63
WF	65535	346	63
WF	65535	347	64
WF	65535	348	72
WF	65535	351	52
WF	65535	352	52
WF	65535	353	52
WF	65535	354	51
WF	65535	355	50
WF	65535	356	38
WF	65535	357	37
WF	65535	358	36
WF	65535	359	36
WF	65535	360	35
WF	65535	361	29
WF	65535	362	26
WF	65535	363	24
WF	65535	364	16
WF	65535	365	10
WF	65535	371	0
WF	65535	372	20
WF	65535	373	27
WF	65535	374	31
WF	65535	375	34
WF	65535	376	34
WF	65535	377	37
WF	65535	378	42
WF	65535	381	23
WF	65535	382	26
WF	65535	383	37
WF	65535	386	34
WF	65535	389	31
WF	65535	392	26
WF	65535	393	27
WF	65535	394	26
WF	65535	395	25
WF	65535	396	24
WF	65535	397	23
WF	65535	398	22
WF	65535	400	20
WF	65535	402	4
WF	65535	403	15
WF	65535	404	16
WF	65535	405	15
WF	65535	406	0
WF	65535	407	0
WF	65535	408	12
[gfa_ed_step] dist=30, n=621, n_intv=263, n_tb=0
Z	0	-1	30
Z	3	36	66
Z	6	34	66
Z	7	18	67
Z	9	43	91
Z	11	41	91
Z	13	34	92
Z	15	47	104
Z	17	45	104
Z	19	46	105
Z	21	56	68
Z	21	69	113
Z	23	58	113
Z	25	63	114
Z	27	69	121
Z	29	71	121
Z	31	92	122
Z	33	160	190
Z	35	158	190
Z	37	149	191
Z	39	167	210
Z	42	169	210
Z	43	161	211
Z	45	184	235
Z	47	186	188
Z	47	189	235
Z	49	183	236
Z	51	185	239
Z	54	187	193
Z	54	194	239
Z	55	186	240
Z	57	211	214
Z	57	215	264
Z	59	208	263
Z	61	215	218
Z	61	219	274
Z	63	227	232
Z	63	235	276
Z	65	244	245
Z	65	247	289
Z	67	247	289
Z	69	241	288
Z	71	247	295
Z	73	247	296
Z	76	249	296
Z	77	247	297
Z	79	250	300
Z	82	249	299
Z	83	249	302
Z	86	268	293
Z	87	222	278
Z	87	312	333
Z	89	231	285
Z	89	322	340
Z	92	230	232
Z	92	233	285
Z	92	320	322
Z	92	324	340
Z	93	233	243
Z	93	245	247
Z	93	248	286
Z	93	322	338
Z	95	243	244
Z	95	253	254
Z	95	256	293
Z	95	330	331
Z	95	332	345
Z	98	248	249
Z	98	254	293
Z	98	332	344
Z	99	253	294
Z	99	333	346
Z	101	255	297
Z	101	335	349
Z	104	255	297
Z	104	337	348
Z	105	252	298
Z	105	335	349
Z	107	256	303
Z	107	342	354
Z	110	256	303
Z	110	342	346
Z	110	347	354
Z	111	256	304
Z	111	342	355
Z	113	256	305
Z	113	342	356
Z	116	258	305
Z	116	344	356
Z	117	257	307
Z	117	344	348
Z	117	349	358
Z	119	258	309
Z	119	345	359
Z	122	260	309
Z	122	347	360
Z	123	257	310
Z	123	346	361
Z	125	259	313
Z	125	350	363
Z	128	261	313
Z	128	350	364
Z	129	258	314
Z	129	352	364
Z	131	260	317
Z	131	354	357
Z	131	358	367
Z	134	262	317
Z	134	354	366
Z	135	259	318
Z	135	357	368
Z	138	261	265
Z	138	268	321
Z	138	362	370
Z	139	270	321
Z	139	367	371
Z	141	278	330
Z	141	374	380
Z	144	278	330
Z	144	374	379
Z	145	272	331
Z	145	377	380
Z	147	278	338
Z	147	382	386
Z	150	278	282
Z	150	283	338
Z	150	384	385
Z	150	386	387
Z	151	280	284
Z	151	285	338
Z	151	382	387
Z	153	279	339
Z	153	382	387
Z	155	285	340
Z	155	384	389
Z	157	289	344
Z	160	289	344
Z	160	390	391
Z	161	289	345
Z	161	392	393
Z	163	252	255
Z	163	256	348
Z	163	395	397
Z	165	259	354
Z	167	266	359
Z	170	270	359
Z	171	270	360
Z	173	286	374
Z	176	286	373
Z	177	247	375
Z	179	249	376
Z	182	247	376
Z	183	248	377
Z	185	250	380
Z	188	250	300
Z	188	302	381
Z	190	250	300
Z	190	301	346
Z	190	347	380
Z	191	249	381
Z	193	249	383
Z	195	253	386
Z	198	251	386
Z	199	253	387
Z	201	256	346
Z	201	347	391
Z	204	256	260
Z	204	262	391
Z	205	260	392
Z	207	263	394
Z	210	261	394
Z	211	270	397
Z	213	278	321
Z	213	324	365
Z	213	366	406
Z	216	278	321
Z	216	324	406
Z	217	278	407
Z	219	283	327
Z	219	329	413
Z	222	283	327
Z	222	329	377
Z	222	378	413
Z	223	289	328
Z	223	331	414
Z	225	293	333
Z	225	335	346
Z	225	347	385
Z	225	386	419
Z	228	295	333
Z	228	335	370
Z	228	371	419
Z	229	294	332
Z	229	339	413
Z	231	302	340
Z	231	349	421
Z	233	304	305
Z	233	308	341
Z	233	348	421
Z	236	302	340
Z	236	347	377
Z	236	378	421
Z	238	305	342
Z	238	348	421
Z	239	305	341
Z	239	346	419
Z	241	310	313
Z	241	314	344
Z	241	348	421
Z	244	310	344
Z	244	348	421
Z	245	321	340
Z	245	348	399
Z	247	293	333
Z	247	335	421
Z	249	298	333
Z	249	335	417
Z	251	302	338
Z	251	345	421
Z	254	304	339
Z	254	345	421
Z	256	302	338
Z	256	344	377
Z	256	378	421
Z	257	302	339
Z	257	345	346
Z	257	347	421
Z	259	302	338
Z	259	346	419
Z	261	304	341
Z	261	348	421
Z	264	306	341
Z	264	348	385
Z	264	386	421
Z	265	304	341
Z	265	349	420
Z	267	307	343
Z	267	350	421
Z	269	311	344
Z	269	350	421
Z	272	309	343
Z	272	352	420
Z	273	309	312
Z	273	313	345
Z	273	352	421
Z	275	312	344
Z	275	349	413
Z	277	320	352
Z	277	357	421
Z	279	320	353
Z	279	357	421
Z	282	320	353
Z	282	357	365
Z	282	366	421
Z	283	325	353
Z	283	357	411
Z	285	335	364
Z	285	367	421
Z	287	339	343
Z	287	344	365
Z	287	369	370
Z	287	371	409
Z	287	410	421
WF	0	30	35
WF	3	66	0
WF	6	66	0
WF	7	67	23
WF	9	91	0
WF	11	91	0
WF	13	92	11
WF	15	104	0
WF	17	104	0
WF	19	45	2
WF	19	105	7
WF	21	54	0
WF	21	55	0
WF	21	68	0
WF	21	113	0
WF	23	54	0
WF	23	55	0
WF	23	56	0
WF	23	113	0
WF	25	56	2
WF	25	57	4
WF	25	58	4
WF	25	59	4
WF	25	60	4
WF	25	61	3
WF	25	62	3
WF	25	114	6
WF	27	121	0
WF	29	121	0
WF	31	62	40
WF	31	63	43
WF	31	64	44
WF	31	65	47
WF	31	66	47
WF	31	67	47
WF	31	68	47
WF	31	69	50
WF	31	70	50
WF	31	71	50
WF	31	72	50
WF	31	73	50
WF	31	74	50
WF	31	75	51
WF	31	76	52
WF	31	77	52
WF	31	78	52
WF	31	79	52
WF	31	80	52
WF	31	81	51
WF	31	82	51
WF	31	83	50
WF	31	84	51
WF	31	85	52
WF	31	86	52
WF	31	87	52
WF	31	88	51
WF	31	89	51
WF	31	90	50
WF	31	91	48
WF	31	122	67
WF	33	190	0
WF	35	190	0
WF	37	191	18
WF	39	210	0
WF	42	210	0
WF	43	211	23
WF	45	235	0
WF	47	235	0
WF	49	236	2
WF	51	239	0
WF	54	239	0
WF	55	240	23
WF	57	264	0
WF	59	204	7
WF	59	205	8
WF	59	206	8
WF	59	207	7
WF	59	263	9
WF	59	264	7
WF	59	265	6
WF	61	218	3
WF	61	274	3
WF	63	219	0
WF	63	220	3
WF	63	221	3
WF	63	222	9
WF	63	223	10
WF	63	224	10
WF	63	225	10
WF	63	226	11
WF	63	232	12
WF	63	233	12
WF	63	234	12
WF	63	276	12
WF	63	277	9
WF	63	278	4
WF	65	240	0
WF	65	241	0
WF	65	242	0
WF	65	243	0
WF	65	289	0
WF	67	240	0
WF	67	241	0
WF	67	242	0
WF	67	243	0
WF	67	244	0
WF	67	289	0
WF	69	288	6
WF	69	289	5
WF	69	290	2
WF	71	295	0
WF	73	296	0
WF	76	296	0
WF	77	297	3
WF	79	300	1
WF	79	301	0
WF	82	299	1
WF	82	300	0
WF	83	302	2
WF	83	303	0
WF	86	250	4
WF	86	251	6
WF	86	252	9
WF	86	253	13
WF	86	254	15
WF	86	255	18
WF	86	256	20
WF	86	257	22
WF	86	258	22
WF	86	259	25
WF	86	260	27
WF	86	261	28
WF	86	262	32
WF	86	263	40
WF	86	264	43
WF	86	265	43
WF	86	266	43
WF	86	267	43
WF	86	293	43
WF	86	294	42
WF	86	295	41
WF	86	296	35
WF	86	297	29
WF	86	298	26
WF	86	299	23
WF	86	300	17
WF	86	301	16
WF	86	302	11
WF	86	303	6
WF	86	304	3
WF	86	305	2
WF	87	219	0
WF	87	220	5
WF	87	221	5
WF	87	278	6
WF	87	309	3
WF	87	310	5
WF	87	311	5
WF	87	333	6
WF	87	334	4
WF	87	335	1
WF	87	336	1
WF	87	337	0
WF	89	229	0
WF	89	230	0
WF	89	285	0
WF	89	319	0
WF	89	320	0
WF	89	321	0
WF	89	340	0
WF	92	232	0
WF	92	285	0
WF	92	322	0
WF	92	340	0
WF	93	230	0
WF	93	231	0
WF	93	232	1
WF	93	243	6
WF	93	244	6
WF	93	247	6
WF	93	286	6
WF	93	320	0
WF	93	321	4
WF	93	338	6
WF	93	339	5
WF	93	340	1
WF	93	341	0
WF	95	240	0
WF	95	241	0
WF	95	242	0
WF	95	244	0
WF	95	245	0
WF	95	246	0
WF	95	247	0
WF	95	248	0
WF	95	249	0
WF	95	254	0
WF	95	293	0
WF	95	331	0
WF	98	240	0
WF	98	241	0
WF	98	242	0
WF	98	243	0
WF	98	244	0
WF	98	245	0
WF	98	246	0
WF	98	247	0
WF	98	249	0
WF	98	252	0
WF	98	253	0
WF	98	293	0
WF	98	329	0
WF	98	330	0
WF	98	331	0
WF	98	344	0
WF	99	243	1
WF	99	244	1
WF	99	245	0
WF	99	248	0
WF	99	249	0
WF	99	294	2
WF	99	330	0
WF	99	331	0
WF	99	332	1
WF	99	346	2
WF	101	297	0
WF	101	349	0
WF	104	297	0
WF	104	348	0
WF	105	298	4
WF	105	334	4
WF	105	349	4
WF	105	350	1
WF	107	303	0
WF	107	340	0
WF	107	341	0
WF	107	354	0
WF	110	303	0
WF	110	340	0
WF	110	341	0
WF	111	304	0
WF	111	355	0
WF	113	305	1
WF	113	356	1
WF	116	305	1
WF	116	356	1
WF	117	307	1
WF	117	348	1
WF	117	358	1
WF	119	309	0
WF	119	359	0
WF	122	309	0
WF	122	360	0
WF	123	310	2
WF	123	361	2
WF	125	313	0
WF	125	349	0
WF	125	363	0
WF	128	313	0
WF	128	349	0
WF	128	364	0
WF	129	314	2
WF	129	351	0
WF	129	364	2
WF	131	317	0
WF	131	357	0
WF	131	367	0
WF	134	317	0
WF	134	366	0
WF	135	318	2
WF	135	355	0
WF	135	356	0
WF	135	368	2
WF	138	265	1
WF	138	266	1
WF	138	267	1
WF	138	321	1
WF	138	359	1
WF	138	360	1
WF	138	361	1
WF	138	370	1
WF	139	261	1
WF	139	262	7
WF	139	263	8
WF	139	264	8
WF	139	265	8
WF	139	266	8
WF	139	267	8
WF	139	268	8
WF	139	269	8
WF	139	321	8
WF	139	322	7
WF	139	323	1
WF	139	359	6
WF	139	360	8
WF	139	361	8
WF	139	362	8
WF	139	363	8
WF	139	364	8
WF	139	365	8
WF	139	366	8
WF	139	371	8
WF	139	372	1
WF	141	330	0
WF	141	380	0
WF	144	330	0
WF	144	379	0
WF	145	331	6
WF	145	373	4
WF	145	374	5
WF	145	375	5
WF	145	376	4
WF	145	380	6
WF	145	381	0
WF	147	338	0
WF	147	386	0
WF	150	282	1
WF	150	338	1
WF	150	385	1
WF	150	387	1
WF	151	284	0
WF	151	338	0
WF	151	387	0
WF	153	339	0
WF	153	387	0
WF	155	280	0
WF	155	281	0
WF	155	282	0
WF	155	283	3
WF	155	284	3
WF	155	340	3
WF	155	383	2
WF	155	389	3
WF	157	344	1
WF	157	387	1
WF	157	388	1
WF	157	389	1
WF	157	390	1
WF	157	391	0
WF	157	392	0
WF	160	344	1
WF	160	387	1
WF	160	388	1
WF	160	389	1
WF	160	391	0
WF	160	392	0
WF	161	345	2
WF	161	346	1
WF	163	250	2
WF	163	251	4
WF	163	255	4
WF	163	348	4
WF	163	397	4
WF	165	257	4
WF	165	258	4
WF	165	354	4
WF	165	398	1
WF	165	399	4
WF	165	400	4
WF	165	401	3
WF	167	264	0
WF	167	265	0
WF	167	359	0
WF	170	264	0
WF	170	265	0
WF	170	266	0
WF	170	267	0
WF	170	268	0
WF	170	359	0
WF	171	265	6
WF	171	266	6
WF	171	267	12
WF	171	268	12
WF	171	269	12
WF	171	360	13
WF	173	284	0
WF	173	285	0
WF	173	374	0
WF	176	284	0
WF	176	285	0
WF	176	373	0
WF	177	375	0
WF	179	376	0
WF	182	376	0
WF	183	377	2
WF	185	380	0
WF	188	300	1
WF	188	301	0
WF	188	381	1
WF	190	300	0
WF	190	380	0
WF	191	381	1
WF	193	383	2
WF	195	386	0
WF	198	386	0
WF	199	251	3
WF	199	252	3
WF	199	387	3
WF	201	391	0
WF	204	260	0
WF	204	391	0
WF	205	257	0
WF	205	258	1
WF	205	259	1
WF	205	392	1
WF	207	394	2
WF	210	394	0
WF	211	261	1
WF	211	262	3
WF	211	263	6
WF	211	264	8
WF	211	265	8
WF	211	266	8
WF	211	267	8
WF	211	268	8
WF	211	269	8
WF	211	397	8
WF	213	321	0
WF	213	322	0
WF	213	323	0
WF	213	406	0
WF	216	321	0
WF	216	322	0
WF	216	323	0
WF	216	406	0
WF	217	275	4
WF	217	276	4
WF	217	277	4
WF	217	407	5
WF	219	327	0
WF	219	328	0
WF	219	413	0
WF	222	327	0
WF	222	328	0
WF	222	413	0
WF	223	284	0
WF	223	285	0
WF	223	286	2
WF	223	287	2
WF	223	288	2
WF	223	328	4
WF	223	329	4
WF	223	330	4
WF	223	414	4
WF	225	333	0
WF	225	419	0
WF	228	333	0
WF	228	419	0
WF	229	332	8
WF	229	333	7
WF	229	334	2
WF	229	335	5
WF	229	336	5
WF	229	337	5
WF	229	338	5
WF	229	413	7
WF	229	415	5
WF	229	416	4
WF	229	417	3
WF	229	418	0
WF	229	419	0
WF	231	340	0
WF	233	305	0
WF	233	306	0
WF	233	341	0
WF	236	340	0
WF	238	303	0
WF	238	304	0
WF	238	342	0
WF	239	304	0
WF	239	341	2
WF	239	342	0
WF	241	308	0
WF	241	309	0
WF	241	313	0
WF	241	344	0
WF	244	308	0
WF	244	309	0
WF	244	344	0
WF	245	310	4
WF	245	311	6
WF	245	312	6
WF	245	313	9
WF	245	314	10
WF	245	315	10
WF	245	316	10
WF	245	317	10
WF	245	318	10
WF	245	319	9
WF	245	320	8
WF	245	340	22
WF	245	341	16
WF	245	342	9
WF	245	343	8
WF	245	344	7
WF	245	345	4
WF	245	347	14
WF	245	399	21
WF	245	401	19
WF	245	402	18
WF	245	405	15
WF	245	406	14
WF	245	407	13
WF	247	333	0
WF	249	294	1
WF	249	295	3
WF	249	296	3
WF	249	297	2
WF	249	333	4
WF	249	334	2
WF	249	417	1
WF	249	418	1
WF	249	419	0
WF	251	338	0
WF	251	340	0
WF	251	341	0
WF	251	342	0
WF	251	343	0
WF	251	344	0
WF	254	339	0
WF	256	338	0
WF	256	340	0
WF	256	341	0
WF	256	342	0
WF	256	343	0
WF	257	339	0
WF	257	346	0
WF	259	338	2
WF	259	339	1
WF	259	340	0
WF	259	345	0
WF	261	341	0
WF	264	341	0
WF	265	341	1
WF	267	306	0
WF	267	343	0
WF	269	308	0
WF	269	309	0
WF	269	310	0
WF	269	344	0
WF	272	306	0
WF	272	307	0
WF	272	343	1
WF	273	312	0
WF	273	345	0
WF	275	308	0
WF	275	309	5
WF	275	310	7
WF	275	311	7
WF	275	344	8
WF	275	345	3
WF	277	352	0
WF	279	353	0
WF	282	353	0
WF	283	321	0
WF	283	322	3
WF	283	323	7
WF	283	324	7
WF	283	353	10
WF	283	354	5
WF	285	364	0
WF	287	336	0
WF	287	337	0
WF	287	343	0
WF	287	365	0
WF	65535	335	14
WF	65535	336	22
WF	65535	337	29
WF	65535	338	31
WF	65535	339	31
WF	65535	340	35
WF	65535	341	36
WF	65535	342	37
WF	65535	343	61
WF	65535	344	64
WF	65535	345	64
WF	65535	346	68
WF	65535	347	73
WF	65535	350	53
WF	65535	351	55
WF	65535	352	55
WF	65535	353	54
WF	65535	354	66
WF	65535	357	38
WF	65535	358	38
WF	65535	359	37
WF	65535	360	37
WF	65535	361	36
WF	65535	362	29
WF	65535	363	26
WF	65535	364	24
WF	65535	365	16
WF	65535	366	10
WF	65535	369	3
WF	65535	370	3
WF	65535	371	21
WF	65535	372	28
WF	65535	373	34
WF	65535	374	35
WF	65535	375	35
WF	65535	376	38
WF	65535	377	43
WF	65535	380	24
WF	65535	381	27
WF	65535	382	38
WF	65535	385	35
WF	65535	388	32
WF	65535	391	29
WF	65535	392	28
WF	65535	393	27
WF	65535	394	26
WF	65535	395	25
WF	65535	396	24
WF	65535	397	23
WF	65535	399	21
WF	65535	401	5
WF	65535	402	16
WF	65535	403	17
WF	65535	404	16
WF	65535	407	13
WF	65535	408	0
[gfa_ed_step] dist=31, n=597, n_intv=249, n_tb=0
Z	0	-1	31
Z	3	36	67
Z	6	34	67
Z	7	18	68
Z	9	43	92
Z	11	41	92
Z	13	34	93
Z	15	47	105
Z	17	45	105
Z	19	46	106
Z	21	53	114
Z	23	53	57
Z	23	58	114
Z	25	63	115
Z	27	69	122
Z	29	71	122
Z	31	92	123
Z	33	160	191
Z	35	158	191
Z	37	149	192
Z	39	167	211
Z	42	169	211
Z	43	161	212
Z	45	184	236
Z	47	186	188
Z	47	189	236
Z	49	183	237
Z	51	185	240
Z	54	187	193
Z	54	194	240
Z	55	186	241
Z	57	211	214
Z	57	215	265
Z	59	206	264
Z	61	215	275
Z	63	227	277
Z	65	239	246
Z	65	247	290
Z	67	239	245
Z	67	247	290
Z	69	241	289
Z	71	247	296
Z	73	247	297
Z	76	249	297
Z	77	247	298
Z	79	250	301
Z	82	249	300
Z	83	249	303
Z	86	263	294
Z	87	222	279
Z	87	310	334
Z	89	228	286
Z	89	318	341
Z	92	230	286
Z	92	320	323
Z	92	324	341
Z	93	233	287
Z	93	322	339
Z	95	239	250
Z	95	253	255
Z	95	256	294
Z	95	330	345
Z	98	239	250
Z	98	251	294
Z	98	328	345
Z	99	242	244
Z	99	253	295
Z	99	330	347
Z	101	255	298
Z	101	334	350
Z	104	255	298
Z	104	337	349
Z	105	252	299
Z	105	333	350
Z	107	256	304
Z	107	339	355
Z	110	256	304
Z	110	339	346
Z	110	347	354
Z	111	256	305
Z	111	342	356
Z	113	256	306
Z	113	342	357
Z	116	258	306
Z	116	344	357
Z	117	257	308
Z	117	344	359
Z	119	258	310
Z	119	345	360
Z	122	260	310
Z	122	347	361
Z	123	257	311
Z	123	346	362
Z	125	259	314
Z	125	348	364
Z	128	261	314
Z	128	348	365
Z	129	258	315
Z	129	352	365
Z	131	260	318
Z	131	354	368
Z	134	262	318
Z	134	354	367
Z	135	259	319
Z	135	357	369
Z	138	261	322
Z	138	358	371
Z	139	261	322
Z	139	359	372
Z	141	271	272
Z	141	278	331
Z	141	372	381
Z	144	278	331
Z	144	374	381
Z	145	272	332
Z	145	373	375
Z	145	377	381
Z	147	278	339
Z	147	382	387
Z	150	278	339
Z	150	384	388
Z	151	280	339
Z	151	382	388
Z	153	279	340
Z	153	382	388
Z	155	282	341
Z	155	384	390
Z	157	289	345
Z	157	386	391
Z	160	289	345
Z	160	386	391
Z	161	289	347
Z	161	392	393
Z	163	250	349
Z	163	395	398
Z	165	256	355
Z	165	398	401
Z	167	263	360
Z	170	262	269
Z	170	270	360
Z	170	404	405
Z	171	270	361
Z	173	283	375
Z	176	283	374
Z	177	247	376
Z	179	249	377
Z	182	247	377
Z	183	248	378
Z	185	250	381
Z	188	250	301
Z	188	302	382
Z	190	250	346
Z	190	347	381
Z	191	249	382
Z	193	249	384
Z	195	253	387
Z	198	251	387
Z	199	250	388
Z	201	256	346
Z	201	347	392
Z	204	255	261
Z	204	262	392
Z	205	257	393
Z	207	263	395
Z	210	261	395
Z	211	263	398
Z	213	276	277
Z	213	278	365
Z	213	366	407
Z	216	278	407
Z	217	278	408
Z	219	283	414
Z	222	283	377
Z	222	378	414
Z	223	284	288
Z	223	289	415
Z	225	292	346
Z	225	347	385
Z	225	386	420
Z	228	295	334
Z	228	335	370
Z	228	371	420
Z	229	294	333
Z	229	339	413
Z	231	302	341
Z	231	349	421
Z	233	304	307
Z	233	308	342
Z	233	348	421
Z	236	302	341
Z	236	347	377
Z	236	378	421
Z	238	302	343
Z	238	348	421
Z	239	305	342
Z	239	346	419
Z	241	307	345
Z	241	348	421
Z	244	307	345
Z	244	348	421
Z	245	321	341
Z	245	348	399
Z	247	292	421
Z	249	298	334
Z	249	335	417
Z	251	302	421
Z	254	304	340
Z	254	341	342
Z	254	345	421
Z	256	302	377
Z	256	378	421
Z	257	302	340
Z	257	342	344
Z	257	345	421
Z	259	302	339
Z	259	346	419
Z	261	304	342
Z	261	348	421
Z	264	306	342
Z	264	348	385
Z	264	386	421
Z	265	304	342
Z	265	349	420
Z	267	305	344
Z	267	350	421
Z	269	307	345
Z	269	350	421
Z	272	309	344
Z	272	352	420
Z	273	309	346
Z	273	352	421
Z	275	312	345
Z	275	349	413
Z	277	320	353
Z	277	357	421
Z	279	320	354
Z	279	357	421
Z	282	320	354
Z	282	357	365
Z	282	366	421
Z	283	325	354
Z	283	357	411
Z	285	335	365
Z	285	367	421
Z	287	335	338
Z	287	339	366
Z	287	369	370
Z	287	371	409
Z	287	410	421
WF	0	31	35
WF	3	67	0
WF	6	67	0
WF	7	68	23
WF	9	92	0
WF	11	92	0
WF	13	93	11
WF	15	105	0
WF	17	105	0
WF	19	44	3
WF	19	45	3
WF	19	106	7
WF	21	114	0
WF	23	57	0
WF	23	114	0
WF	25	54	0
WF	25	55	3
WF	25	56	5
WF	25	57	5
WF	25	58	5
WF	25	59	5
WF	25	60	5
WF	25	61	5
WF	25	62	5
WF	25	115	6
WF	27	122	0
WF	29	122	0
WF	31	61	42
WF	31	62	44
WF	31	63	45
WF	31	64	48
WF	31	65	48
WF	31	66	48
WF	31	67	49
WF	31	68	51
WF	31	69	51
WF	31	70	51
WF	31	71	51
WF	31	72	51
WF	31	73	51
WF	31	74	52
WF	31	75	53
WF	31	76	54
WF	31	77	54
WF	31	78	54
WF	31	79	54
WF	31	80	53
WF	31	81	52
WF	31	82	52
WF	31	83	52
WF	31	84	53
WF	31	85	54
WF	31	86	54
WF	31	87	53
WF	31	88	54
WF	31	89	54
WF	31	90	53
WF	31	91	51
WF	31	123	67
WF	33	191	0
WF	35	191	0
WF	37	192	18
WF	39	211	0
WF	42	211	0
WF	43	212	23
WF	45	236	0
WF	47	236	0
WF	49	237	2
WF	51	240	0
WF	54	240	0
WF	55	241	23
WF	57	265	0
WF	59	203	8
WF	59	204	9
WF	59	205	9
WF	59	264	9
WF	59	265	9
WF	59	266	8
WF	61	275	3
WF	63	218	1
WF	63	219	4
WF	63	220	4
WF	63	221	10
WF	63	222	11
WF	63	223	11
WF	63	224	11
WF	63	225	12
WF	63	226	12
WF	63	277	12
WF	63	278	10
WF	63	279	4
WF	65	246	0
WF	65	290	0
WF	67	245	0
WF	67	246	0
WF	67	290	0
WF	69	240	0
WF	69	289	6
WF	69	290	5
WF	69	291	2
WF	71	296	0
WF	73	297	0
WF	76	297	0
WF	77	298	3
WF	79	301	1
WF	79	302	0
WF	82	300	1
WF	82	301	0
WF	83	303	2
WF	83	304	0
WF	86	249	5
WF	86	250	7
WF	86	251	10
WF	86	252	14
WF	86	253	16
WF	86	254	19
WF	86	255	21
WF	86	256	23
WF	86	257	23
WF	86	258	26
WF	86	259	28
WF	86	260	30
WF	86	261	33
WF	86	262	41
WF	86	294	43
WF	86	295	42
WF	86	296	41
WF	86	297	35
WF	86	298	29
WF	86	299	26
WF	86	300	23
WF	86	301	17
WF	86	302	16
WF	86	303	11
WF	86	304	6
WF	86	305	3
WF	86	306	2
WF	87	218	1
WF	87	219	6
WF	87	220	6
WF	87	221	6
WF	87	279	6
WF	87	307	1
WF	87	308	4
WF	87	309	6
WF	87	334	6
WF	87	335	5
WF	87	336	2
WF	87	337	1
WF	87	338	0
WF	89	286	0
WF	89	317	0
WF	89	341	0
WF	92	286	0
WF	92	317	0
WF	92	318	0
WF	92	323	0
WF	92	341	0
WF	93	229	1
WF	93	230	1
WF	93	231	2
WF	93	232	2
WF	93	287	6
WF	93	319	1
WF	93	320	5
WF	93	321	5
WF	93	339	6
WF	93	340	5
WF	93	341	1
WF	93	342	0
WF	95	250	0
WF	95	251	0
WF	95	255	0
WF	95	294	0
WF	95	345	0
WF	98	250	0
WF	98	294	0
WF	98	345	0
WF	99	240	0
WF	99	241	0
WF	99	244	2
WF	99	245	1
WF	99	246	0
WF	99	247	1
WF	99	248	1
WF	99	249	1
WF	99	250	0
WF	99	252	0
WF	99	295	2
WF	99	329	1
WF	99	347	2
WF	101	245	0
WF	101	246	0
WF	101	298	0
WF	101	350	0
WF	104	245	0
WF	104	246	0
WF	104	298	0
WF	104	333	0
WF	104	334	0
WF	104	335	0
WF	104	349	0
WF	105	299	4
WF	105	350	4
WF	105	351	1
WF	107	304	0
WF	107	338	0
WF	107	355	0
WF	110	304	0
WF	110	338	0
WF	110	354	0
WF	111	305	0
WF	111	340	0
WF	111	341	0
WF	111	356	0
WF	113	306	1
WF	113	357	1
WF	116	306	1
WF	116	357	1
WF	117	308	1
WF	117	359	1
WF	119	310	0
WF	119	360	0
WF	122	310	0
WF	122	361	0
WF	123	311	2
WF	123	362	2
WF	125	314	0
WF	125	364	0
WF	128	314	0
WF	128	365	0
WF	129	315	2
WF	129	349	0
WF	129	350	1
WF	129	351	1
WF	129	365	2
WF	129	366	0
WF	131	318	0
WF	131	368	0
WF	134	318	0
WF	134	367	0
WF	135	319	2
WF	135	354	1
WF	135	355	1
WF	135	356	1
WF	135	369	2
WF	138	322	1
WF	138	371	1
WF	139	260	3
WF	139	322	8
WF	139	323	7
WF	139	324	1
WF	139	358	7
WF	139	372	8
WF	139	373	1
WF	141	272	0
WF	141	273	0
WF	141	274	0
WF	141	275	0
WF	141	276	0
WF	141	277	0
WF	141	331	0
WF	141	368	0
WF	141	369	0
WF	141	370	0
WF	141	371	0
WF	141	381	0
WF	144	270	0
WF	144	271	0
WF	144	272	0
WF	144	273	0
WF	144	274	0
WF	144	275	0
WF	144	276	0
WF	144	277	0
WF	144	331	0
WF	144	368	0
WF	144	369	0
WF	144	370	0
WF	144	371	0
WF	144	372	0
WF	144	373	0
WF	145	271	0
WF	145	332	6
WF	145	372	5
WF	145	375	6
WF	145	376	6
WF	145	381	6
WF	145	382	0
WF	147	339	0
WF	147	380	0
WF	147	381	0
WF	147	387	0
WF	150	339	1
WF	150	380	1
WF	150	381	1
WF	150	382	0
WF	150	388	1
WF	151	339	0
WF	151	380	0
WF	151	381	0
WF	151	388	0
WF	153	340	0
WF	153	388	0
WF	155	279	3
WF	155	280	3
WF	155	281	2
WF	155	341	3
WF	155	382	3
WF	155	383	3
WF	155	390	3
WF	157	286	0
WF	157	287	0
WF	157	288	0
WF	157	345	1
WF	157	391	1
WF	157	392	1
WF	157	393	0
WF	160	286	0
WF	160	287	1
WF	160	288	1
WF	160	345	1
WF	160	391	1
WF	160	392	1
WF	160	393	1
WF	160	394	0
WF	161	347	2
WF	161	388	2
WF	161	389	2
WF	161	390	1
WF	161	391	0
WF	163	249	3
WF	163	349	4
WF	163	350	0
WF	163	398	4
WF	165	255	0
WF	165	355	4
WF	165	397	2
WF	165	401	4
WF	165	402	3
WF	167	261	0
WF	167	262	0
WF	167	360	0
WF	167	403	0
WF	167	404	0
WF	167	405	0
WF	170	269	0
WF	170	360	0
WF	170	405	0
WF	171	262	1
WF	171	263	1
WF	171	264	7
WF	171	265	7
WF	171	266	13
WF	171	267	13
WF	171	268	13
WF	171	269	13
WF	171	361	13
WF	171	404	2
WF	171	405	2
WF	171	406	1
WF	173	375	0
WF	176	374	0
WF	177	376	0
WF	179	377	0
WF	182	377	0
WF	183	378	2
WF	185	381	0
WF	188	301	1
WF	188	382	1
WF	190	381	0
WF	191	382	1
WF	193	384	2
WF	195	387	0
WF	198	387	0
WF	199	388	3
WF	201	254	0
WF	201	255	0
WF	201	392	0
WF	204	261	0
WF	204	392	0
WF	205	255	0
WF	205	256	1
WF	205	393	1
WF	207	259	0
WF	207	260	0
WF	207	261	0
WF	207	395	2
WF	210	259	0
WF	210	260	0
WF	210	395	0
WF	211	260	3
WF	211	261	4
WF	211	262	7
WF	211	398	8
WF	213	272	0
WF	213	273	0
WF	213	274	0
WF	213	275	0
WF	213	277	0
WF	213	407	0
WF	216	272	0
WF	216	273	0
WF	216	274	0
WF	216	275	0
WF	216	276	0
WF	216	277	0
WF	216	407	0
WF	217	274	5
WF	217	275	5
WF	217	276	5
WF	217	277	5
WF	217	408	5
WF	219	414	0
WF	222	414	0
WF	223	283	2
WF	223	288	4
WF	223	415	4
WF	225	289	0
WF	225	290	0
WF	225	291	0
WF	225	420	0
WF	228	289	0
WF	228	290	0
WF	228	291	0
WF	228	292	0
WF	228	334	0
WF	228	420	0
WF	229	292	0
WF	229	293	0
WF	229	333	8
WF	229	334	7
WF	229	335	8
WF	229	336	8
WF	229	337	7
WF	229	338	6
WF	229	414	6
WF	229	415	5
WF	229	416	4
WF	229	419	1
WF	229	420	0
WF	231	341	0
WF	233	307	0
WF	233	342	0
WF	236	341	0
WF	238	343	0
WF	239	303	1
WF	239	304	1
WF	239	342	2
WF	239	343	0
WF	241	345	0
WF	244	345	0
WF	245	308	1
WF	245	309	5
WF	245	310	7
WF	245	311	7
WF	245	312	10
WF	245	313	11
WF	245	314	11
WF	245	315	11
WF	245	316	11
WF	245	317	13
WF	245	318	13
WF	245	319	12
WF	245	320	9
WF	245	341	22
WF	245	342	16
WF	245	343	9
WF	245	344	8
WF	245	345	7
WF	245	346	15
WF	245	347	15
WF	245	400	20
WF	245	401	19
WF	245	404	16
WF	245	405	15
WF	245	406	14
WF	247	289	0
WF	247	290	0
WF	247	291	0
WF	249	292	0
WF	249	293	3
WF	249	294	4
WF	249	295	4
WF	249	296	4
WF	249	297	3
WF	249	334	4
WF	249	417	3
WF	249	419	0
WF	249	420	0
WF	254	340	0
WF	254	342	0
WF	254	343	0
WF	254	344	0
WF	257	340	0
WF	257	341	0
WF	257	344	0
WF	259	339	2
WF	259	340	1
WF	259	341	1
WF	259	342	1
WF	259	343	1
WF	259	344	2
WF	259	345	2
WF	261	342	0
WF	264	342	0
WF	265	342	1
WF	267	344	0
WF	269	345	0
WF	272	305	1
WF	272	306	1
WF	272	307	1
WF	272	308	0
WF	272	344	1
WF	273	307	0
WF	273	308	0
WF	273	346	0
WF	275	306	0
WF	275	307	1
WF	275	308	6
WF	275	309	8
WF	275	310	8
WF	275	311	8
WF	275	345	8
WF	275	346	3
WF	275	347	1
WF	277	353	0
WF	279	354	0
WF	282	354	0
WF	283	320	1
WF	283	321	4
WF	283	322	9
WF	283	323	9
WF	283	324	8
WF	283	354	10
WF	283	355	5
WF	285	365	0
WF	287	338	0
WF	287	366	0
WF	65535	334	15
WF	65535	335	23
WF	65535	336	30
WF	65535	337	33
WF	65535	338	33
WF	65535	339	36
WF	65535	340	37
WF	65535	341	38
WF	65535	342	63
WF	65535	343	65
WF	65535	344	65
WF	65535	345	69
WF	65535	346	74
WF	65535	349	54
WF	65535	350	57
WF	65535	351	57
WF	65535	352	56
WF	65535	353	67
WF	65535	356	40
WF	65535	357	42
WF	65535	358	42
WF	65535	359	41
WF	65535	360	38
WF	65535	361	38
WF	65535	362	37
WF	65535	363	29
WF	65535	364	26
WF	65535	365	24
WF	65535	366	16
WF	65535	367	10
WF	65535	368	4
WF	65535	369	4
WF	65535	370	22
WF	65535	371	29
WF	65535	372	35
WF	65535	373	36
WF	65535	374	37
WF	65535	375	39
WF	65535	376	44
WF	65535	379	26
WF	65535	380	28
WF	65535	381	39
WF	65535	384	36
WF	65535	387	33
WF	65535	390	30
WF	65535	391	29
WF	65535	392	28
WF	65535	393	27
WF	65535	394	26
WF	65535	395	25
WF	65535	396	24
WF	65535	398	22
WF	65535	400	7
WF	65535	401	17
WF	65535	402	18
WF	65535	403	17
WF	65535	406	14
WF	65535	409	0
[gfa_ed_step] dist=32, n=586, n_intv=245, n_tb=0
Z	0	-1	32
Z	3	36	68
Z	6	34	68
Z	7	18	69
Z	9	43	93
Z	11	41	93
Z	13	34	94
Z	15	47	106
Z	17	45	106
Z	19	46	107
Z	21	53	115
Z	23	53	115
Z	25	58	60
Z	25	63	116
Z	27	69	123
Z	29	71	123
Z	31	92	124
Z	33	160	192
Z	35	158	192
Z	37	149	193
Z	39	167	212
Z	42	169	212
Z	43	161	213
Z	45	184	237
Z	47	186	188
Z	47	189	237
Z	49	183	238
Z	51	185	241
Z	54	187	193
Z	54	194	241
Z	55	186	242
Z	57	211	214
Z	57	215	266
Z	59	203	266
Z	61	215	276
Z	63	221	223
Z	63	224	278
Z	65	239	291
Z	67	239	291
Z	69	241	290
Z	71	247	297
Z	73	247	298
Z	76	249	298
Z	77	247	299
Z	79	250	302
Z	82	249	302
Z	83	249	304
Z	86	263	295
Z	87	218	280
Z	87	308	335
Z	89	228	287
Z	89	316	342
Z	92	226	227
Z	92	228	229
Z	92	230	287
Z	92	316	319
Z	92	320	342
Z	93	233	288
Z	93	322	340
Z	95	239	252
Z	95	253	295
Z	95	330	346
Z	98	239	295
Z	98	328	346
Z	99	242	245
Z	99	253	296
Z	99	330	348
Z	101	244	247
Z	101	255	299
Z	101	334	351
Z	104	244	247
Z	104	255	299
Z	104	332	336
Z	104	337	350
Z	105	252	300
Z	105	333	351
Z	107	256	305
Z	107	337	356
Z	110	256	305
Z	110	337	346
Z	110	347	355
Z	111	256	306
Z	111	339	357
Z	113	256	307
Z	113	342	358
Z	116	258	307
Z	116	344	358
Z	117	257	309
Z	117	344	360
Z	119	258	311
Z	119	345	361
Z	122	260	311
Z	122	347	362
Z	123	257	312
Z	123	346	363
Z	125	259	315
Z	125	348	365
Z	128	261	315
Z	128	348	366
Z	129	258	316
Z	129	352	366
Z	131	260	319
Z	131	354	369
Z	134	262	319
Z	134	354	368
Z	135	259	320
Z	135	357	370
Z	138	261	323
Z	138	358	372
Z	139	261	323
Z	139	359	373
Z	141	271	332
Z	141	367	382
Z	144	269	332
Z	144	367	381
Z	145	272	333
Z	145	373	382
Z	147	278	340
Z	147	379	388
Z	150	278	340
Z	150	379	382
Z	150	384	389
Z	151	280	340
Z	151	379	389
Z	153	279	341
Z	153	382	389
Z	155	278	281
Z	155	282	342
Z	155	381	391
Z	157	289	346
Z	157	386	393
Z	160	286	346
Z	160	386	394
Z	161	289	348
Z	161	387	390
Z	161	392	393
Z	163	250	350
Z	163	395	399
Z	165	256	356
Z	165	398	403
Z	167	260	361
Z	167	402	406
Z	167	407	408
Z	170	262	361
Z	170	404	406
Z	171	265	362
Z	173	283	376
Z	176	283	376
Z	177	247	377
Z	179	249	378
Z	182	247	378
Z	183	248	379
Z	185	250	382
Z	188	250	383
Z	190	250	346
Z	190	347	382
Z	191	249	383
Z	193	249	385
Z	195	253	388
Z	198	251	388
Z	199	250	389
Z	201	253	346
Z	201	347	393
Z	204	255	393
Z	205	255	394
Z	207	263	396
Z	210	258	396
Z	211	261	399
Z	213	271	365
Z	213	366	408
Z	216	271	408
Z	217	273	409
Z	219	283	415
Z	222	283	377
Z	222	378	415
Z	223	284	416
Z	225	288	346
Z	225	347	385
Z	225	386	421
Z	228	288	294
Z	228	295	370
Z	228	371	421
Z	229	294	413
Z	231	302	342
Z	231	349	421
Z	233	304	343
Z	233	348	421
Z	236	302	342
Z	236	344	345
Z	236	347	377
Z	236	378	421
Z	238	302	344
Z	238	345	346
Z	238	348	421
Z	239	305	343
Z	239	346	419
Z	241	307	346
Z	241	348	421
Z	244	307	346
Z	244	348	421
Z	245	321	342
Z	245	348	399
Z	247	288	421
Z	249	293	297
Z	249	298	417
Z	251	302	421
Z	254	304	421
Z	256	302	377
Z	256	378	421
Z	257	302	421
Z	259	302	340
Z	259	343	419
Z	261	304	343
Z	261	348	421
Z	264	306	343
Z	264	347	385
Z	264	386	421
Z	265	304	343
Z	265	348	420
Z	267	305	345
Z	267	350	421
Z	269	307	346
Z	269	350	421
Z	272	304	308
Z	272	309	345
Z	272	352	420
Z	273	306	347
Z	273	352	421
Z	275	308	346
Z	275	349	413
Z	277	320	354
Z	277	357	421
Z	279	320	355
Z	279	357	421
Z	282	320	355
Z	282	357	365
Z	282	366	421
Z	283	325	355
Z	283	357	411
Z	285	335	366
Z	285	367	421
Z	287	335	367
Z	287	369	370
Z	287	371	409
Z	287	410	421
WF	0	32	35
WF	3	68	0
WF	6	68	0
WF	7	69	23
WF	9	93	0
WF	11	93	0
WF	13	94	11
WF	15	106	0
WF	17	106	0
WF	19	43	5
WF	19	44	7
WF	19	45	7
WF	19	107	7
WF	21	115	0
WF	23	115	0
WF	25	53	1
WF	25	54	4
WF	25	55	6
WF	25	56	6
WF	25	57	6
WF	25	60	6
WF	25	61	6
WF	25	62	6
WF	25	116	6
WF	27	65	0
WF	27	66	0
WF	27	123	0
WF	29	65	0
WF	29	66	0
WF	29	123	0
WF	31	60	44
WF	31	61	45
WF	31	62	49
WF	31	63	49
WF	31	64	50
WF	31	65	50
WF	31	66	50
WF	31	67	52
WF	31	68	52
WF	31	69	52
WF	31	70	52
WF	31	71	52
WF	31	72	52
WF	31	73	53
WF	31	74	54
WF	31	75	57
WF	31	76	57
WF	31	77	56
WF	31	78	55
WF	31	79	55
WF	31	80	54
WF	31	81	54
WF	31	82	54
WF	31	83	54
WF	31	84	56
WF	31	85	56
WF	31	86	55
WF	31	87	55
WF	31	88	55
WF	31	89	55
WF	31	90	54
WF	31	91	53
WF	31	124	67
WF	33	192	0
WF	35	192	0
WF	37	193	18
WF	39	212	0
WF	42	212	0
WF	43	213	23
WF	45	237	0
WF	47	237	0
WF	49	238	2
WF	51	241	0
WF	54	241	0
WF	55	242	23
WF	57	266	0
WF	59	202	9
WF	59	266	9
WF	59	267	8
WF	61	213	0
WF	61	214	0
WF	61	276	3
WF	63	217	2
WF	63	218	5
WF	63	219	5
WF	63	220	11
WF	63	223	12
WF	63	278	12
WF	63	279	10
WF	63	280	5
WF	65	234	0
WF	65	235	0
WF	65	237	0
WF	65	238	0
WF	65	291	0
WF	67	234	0
WF	67	235	0
WF	67	237	0
WF	67	238	0
WF	67	291	0
WF	69	239	1
WF	69	240	1
WF	69	290	6
WF	69	291	5
WF	69	292	2
WF	71	297	0
WF	73	298	0
WF	76	298	0
WF	77	299	3
WF	79	302	1
WF	79	303	0
WF	82	302	1
WF	83	304	2
WF	83	305	0
WF	86	248	6
WF	86	249	10
WF	86	250	11
WF	86	251	15
WF	86	252	17
WF	86	253	20
WF	86	254	22
WF	86	255	24
WF	86	256	24
WF	86	257	27
WF	86	258	30
WF	86	259	32
WF	86	260	34
WF	86	261	42
WF	86	262	42
WF	86	295	43
WF	86	296	42
WF	86	297	41
WF	86	298	36
WF	86	299	29
WF	86	300	26
WF	86	301	23
WF	86	302	17
WF	86	303	16
WF	86	304	11
WF	86	305	7
WF	86	306	3
WF	86	307	2
WF	87	217	2
WF	87	280	6
WF	87	306	2
WF	87	307	6
WF	87	335	6
WF	87	336	5
WF	87	337	2
WF	87	338	1
WF	87	339	0
WF	89	225	0
WF	89	226	0
WF	89	227	0
WF	89	287	0
WF	89	315	0
WF	89	342	0
WF	92	227	0
WF	92	229	0
WF	92	287	0
WF	92	319	0
WF	92	342	0
WF	93	226	1
WF	93	227	1
WF	93	228	2
WF	93	229	2
WF	93	230	3
WF	93	231	3
WF	93	232	3
WF	93	288	6
WF	93	316	0
WF	93	317	0
WF	93	318	2
WF	93	319	6
WF	93	320	6
WF	93	321	6
WF	93	340	6
WF	93	341	5
WF	93	342	1
WF	93	343	0
WF	95	252	0
WF	95	295	0
WF	95	346	0
WF	98	295	0
WF	98	346	0
WF	99	239	1
WF	99	240	1
WF	99	241	1
WF	99	245	2
WF	99	246	2
WF	99	247	2
WF	99	248	2
WF	99	249	2
WF	99	250	1
WF	99	251	2
WF	99	252	2
WF	99	296	2
WF	99	328	2
WF	99	329	2
WF	99	348	2
WF	101	247	0
WF	101	299	0
WF	101	351	0
WF	104	247	0
WF	104	299	0
WF	104	336	0
WF	104	350	0
WF	105	245	0
WF	105	246	0
WF	105	247	0
WF	105	300	4
WF	105	351	4
WF	105	352	1
WF	107	305	0
WF	107	356	0
WF	110	305	0
WF	110	355	0
WF	111	306	0
WF	111	338	0
WF	111	357	0
WF	113	307	1
WF	113	340	0
WF	113	341	0
WF	113	358	1
WF	116	307	1
WF	116	340	0
WF	116	341	0
WF	116	342	0
WF	116	358	1
WF	117	309	1
WF	117	360	1
WF	119	311	0
WF	119	361	0
WF	122	311	0
WF	122	362	0
WF	123	312	2
WF	123	363	2
WF	125	315	0
WF	125	365	0
WF	128	315	0
WF	128	366	0
WF	129	316	2
WF	129	348	1
WF	129	349	2
WF	129	350	2
WF	129	351	2
WF	129	366	2
WF	129	367	1
WF	131	319	0
WF	131	369	0
WF	134	319	0
WF	134	368	0
WF	135	320	2
WF	135	353	2
WF	135	354	2
WF	135	355	2
WF	135	356	2
WF	135	370	2
WF	138	323	1
WF	138	372	1
WF	139	259	4
WF	139	260	4
WF	139	323	8
WF	139	324	7
WF	139	325	1
WF	139	357	8
WF	139	358	8
WF	139	373	8
WF	139	374	1
WF	141	332	0
WF	141	382	0
WF	144	332	0
WF	144	381	0
WF	145	270	1
WF	145	271	1
WF	145	333	6
WF	145	368	0
WF	145	369	0
WF	145	370	0
WF	145	371	6
WF	145	372	6
WF	145	382	6
WF	145	383	0
WF	147	340	0
WF	147	388	0
WF	150	340	1
WF	150	382	1
WF	150	383	0
WF	150	389	1
WF	151	340	0
WF	151	389	0
WF	153	341	0
WF	153	380	0
WF	153	381	0
WF	153	389	0
WF	155	281	3
WF	155	342	3
WF	155	391	3
WF	157	282	1
WF	157	283	1
WF	157	284	0
WF	157	285	1
WF	157	286	1
WF	157	287	1
WF	157	288	1
WF	157	346	1
WF	157	385	0
WF	157	393	1
WF	157	394	0
WF	160	282	0
WF	160	283	0
WF	160	284	0
WF	160	285	1
WF	160	346	1
WF	160	385	0
WF	160	394	1
WF	160	395	0
WF	161	288	0
WF	161	348	2
WF	161	390	2
WF	161	391	1
WF	161	393	0
WF	161	394	0
WF	161	395	0
WF	163	248	4
WF	163	249	4
WF	163	350	4
WF	163	351	0
WF	163	390	0
WF	163	391	0
WF	163	392	0
WF	163	399	4
WF	165	254	1
WF	165	255	1
WF	165	356	4
WF	165	396	3
WF	165	397	3
WF	165	403	4
WF	167	361	0
WF	167	406	0
WF	170	361	0
WF	170	406	0
WF	170	407	0
WF	171	261	2
WF	171	262	6
WF	171	263	8
WF	171	264	8
WF	171	362	13
WF	171	403	4
WF	171	404	4
WF	171	405	3
WF	171	406	3
WF	171	407	13
WF	173	279	0
WF	173	280	0
WF	173	281	0
WF	173	282	0
WF	173	376	0
WF	176	279	0
WF	176	280	0
WF	176	281	0
WF	176	282	0
WF	176	376	0
WF	177	377	0
WF	179	378	0
WF	182	378	0
WF	183	379	2
WF	185	382	0
WF	188	383	1
WF	190	382	0
WF	191	383	1
WF	193	385	2
WF	195	388	0
WF	198	388	0
WF	199	389	3
WF	201	393	0
WF	204	393	0
WF	205	254	1
WF	205	394	1
WF	207	257	2
WF	207	258	2
WF	207	259	2
WF	207	260	2
WF	207	261	1
WF	207	262	0
WF	207	396	2
WF	210	257	0
WF	210	396	0
WF	211	259	4
WF	211	260	8
WF	211	399	8
WF	213	270	0
WF	213	408	0
WF	216	270	0
WF	216	408	0
WF	217	272	0
WF	217	409	5
WF	219	279	0
WF	219	280	0
WF	219	281	0
WF	219	282	0
WF	219	415	0
WF	222	279	0
WF	222	280	0
WF	222	281	0
WF	222	282	0
WF	222	415	0
WF	223	282	4
WF	223	283	4
WF	223	416	4
WF	229	289	1
WF	229	290	1
WF	229	291	2
WF	229	292	2
WF	229	293	3
WF	229	413	7
WF	229	414	6
WF	229	415	5
WF	229	418	2
WF	229	419	1
WF	229	420	0
WF	231	342	0
WF	231	343	0
WF	231	344	0
WF	231	345	0
WF	231	346	0
WF	231	347	0
WF	233	343	0
WF	236	342	0
WF	236	345	0
WF	236	346	0
WF	238	344	0
WF	239	302	2
WF	239	303	2
WF	239	304	2
WF	239	343	2
WF	239	344	0
WF	239	345	1
WF	241	346	0
WF	244	346	0
WF	245	307	3
WF	245	308	6
WF	245	309	8
WF	245	310	8
WF	245	311	11
WF	245	312	12
WF	245	313	12
WF	245	314	12
WF	245	315	12
WF	245	316	14
WF	245	317	14
WF	245	318	14
WF	245	319	13
WF	245	320	12
WF	245	342	22
WF	245	343	16
WF	245	344	9
WF	245	345	16
WF	245	346	16
WF	245	347	16
WF	245	399	21
WF	245	400	20
WF	245	403	17
WF	245	404	16
WF	245	405	15
WF	249	289	1
WF	249	290	1
WF	249	291	2
WF	249	292	4
WF	249	297	4
WF	249	418	1
WF	249	419	1
WF	249	420	0
WF	251	298	0
WF	251	299	0
WF	251	300	0
WF	251	301	0
WF	256	298	0
WF	256	299	0
WF	256	300	0
WF	256	301	0
WF	259	340	2
WF	259	341	2
WF	259	342	2
WF	261	343	0
WF	261	346	0
WF	261	347	0
WF	264	343	0
WF	265	343	1
WF	267	345	0
WF	267	349	0
WF	269	346	0
WF	272	308	1
WF	272	345	1
WF	272	349	1
WF	272	350	1
WF	272	351	0
WF	273	347	0
WF	275	305	1
WF	275	306	3
WF	275	307	7
WF	275	346	8
WF	275	347	4
WF	275	348	1
WF	277	317	0
WF	277	318	0
WF	277	319	0
WF	277	354	0
WF	279	317	0
WF	279	318	0
WF	279	319	0
WF	279	355	0
WF	282	317	0
WF	282	318	0
WF	282	319	0
WF	282	355	0
WF	283	319	2
WF	283	320	5
WF	283	321	10
WF	283	322	10
WF	283	323	10
WF	283	324	10
WF	283	355	10
WF	283	356	5
WF	285	366	0
WF	287	367	0
WF	65535	333	20
WF	65535	334	24
WF	65535	335	31
WF	65535	336	34
WF	65535	337	34
WF	65535	338	37
WF	65535	339	40
WF	65535	340	40
WF	65535	341	64
WF	65535	342	66
WF	65535	343	66
WF	65535	344	70
WF	65535	345	75
WF	65535	348	55
WF	65535	349	58
WF	65535	350	58
WF	65535	351	58
WF	65535	352	68
WF	65535	355	41
WF	65535	356	43
WF	65535	357	43
WF	65535	358	43
WF	65535	359	43
WF	65535	360	42
WF	65535	361	39
WF	65535	362	38
WF	65535	363	37
WF	65535	364	29
WF	65535	365	26
WF	65535	366	24
WF	65535	367	16
WF	65535	368	10
WF	65535	369	23
WF	65535	370	30
WF	65535	371	36
WF	65535	372	37
WF	65535	373	38
WF	65535	374	40
WF	65535	375	45
WF	65535	378	27
WF	65535	379	29
WF	65535	380	40
WF	65535	383	37
WF	65535	386	34
WF	65535	389	31
WF	65535	390	30
WF	65535	391	29
WF	65535	392	28
WF	65535	393	27
WF	65535	394	26
WF	65535	395	25
WF	65535	397	23
WF	65535	399	8
WF	65535	400	18
WF	65535	401	19
WF	65535	402	18
WF	65535	405	15
WF	65535	408	3
WF	65535	409	3
WF	65535	410	2
[gfa_ed_step] dist=33, n=568, n_intv=239, n_tb=0
Z	0	-1	33
Z	3	36	69
Z	6	34	69
Z	7	18	70
Z	9	43	94
Z	11	41	94
Z	13	34	95
Z	15	47	107
Z	17	45	107
Z	19	43	108
Z	21	52	116
Z	23	53	116
Z	25	54	117
Z	27	64	67
Z	27	69	124
Z	29	62	67
Z	29	68	69
Z	29	71	124
Z	31	92	125
Z	33	160	193
Z	35	158	193
Z	37	149	194
Z	39	167	213
Z	42	169	213
Z	43	161	214
Z	45	184	238
Z	47	186	188
Z	47	189	238
Z	49	183	239
Z	51	185	242
Z	54	187	193
Z	54	194	242
Z	55	186	243
Z	57	211	214
Z	57	215	267
Z	59	201	268
Z	61	215	277
Z	63	219	279
Z	65	233	292
Z	67	233	292
Z	69	241	291
Z	71	247	298
Z	73	247	299
Z	76	249	299
Z	77	247	300
Z	79	250	304
Z	82	249	303
Z	83	249	305
Z	86	263	296
Z	87	218	281
Z	87	306	336
Z	89	224	288
Z	89	314	343
Z	92	226	288
Z	92	316	343
Z	93	233	289
Z	93	318	341
Z	95	239	296
Z	95	330	347
Z	98	239	296
Z	98	328	347
Z	99	242	297
Z	99	327	349
Z	101	244	248
Z	101	255	300
Z	101	334	352
Z	104	244	249
Z	104	252	253
Z	104	255	300
Z	104	332	351
Z	105	252	301
Z	105	333	352
Z	107	256	306
Z	107	337	357
Z	110	256	306
Z	110	337	346
Z	110	347	356
Z	111	256	307
Z	111	337	358
Z	113	256	308
Z	113	342	359
Z	116	258	308
Z	116	339	343
Z	116	344	359
Z	117	257	310
Z	117	344	361
Z	119	258	312
Z	119	345	362
Z	122	260	312
Z	122	347	363
Z	123	257	313
Z	123	346	364
Z	125	259	316
Z	125	348	366
Z	128	261	316
Z	128	348	367
Z	129	258	317
Z	129	348	367
Z	131	260	320
Z	131	353	370
Z	134	262	320
Z	134	354	369
Z	135	259	321
Z	135	352	371
Z	138	261	324
Z	138	358	373
Z	139	261	324
Z	139	356	374
Z	141	271	333
Z	141	367	383
Z	144	269	333
Z	144	367	382
Z	145	272	334
Z	145	370	383
Z	147	278	341
Z	147	379	389
Z	150	278	341
Z	150	379	383
Z	150	384	390
Z	151	280	341
Z	151	379	390
Z	153	279	342
Z	153	379	390
Z	155	278	343
Z	155	381	392
Z	157	281	347
Z	157	386	394
Z	160	284	347
Z	160	386	395
Z	161	284	285
Z	161	287	349
Z	161	387	394
Z	163	247	351
Z	163	395	400
Z	165	256	357
Z	165	396	404
Z	167	260	362
Z	167	402	408
Z	170	262	362
Z	170	404	408
Z	171	265	363
Z	171	406	408
Z	173	278	377
Z	176	278	377
Z	177	247	378
Z	179	249	379
Z	182	247	379
Z	183	248	380
Z	185	250	383
Z	188	250	384
Z	190	250	346
Z	190	347	383
Z	191	249	384
Z	193	249	386
Z	195	253	389
Z	198	251	389
Z	199	250	390
Z	201	253	346
Z	201	347	394
Z	204	255	394
Z	205	253	395
Z	207	256	262
Z	207	263	397
Z	210	256	397
Z	211	259	400
Z	213	269	365
Z	213	366	409
Z	216	269	409
Z	217	273	410
Z	219	278	416
Z	222	278	377
Z	222	378	416
Z	223	281	417
Z	225	287	346
Z	225	347	385
Z	225	386	421
Z	228	288	294
Z	228	295	370
Z	228	371	421
Z	229	294	413
Z	231	302	348
Z	231	349	421
Z	233	304	344
Z	233	348	421
Z	236	302	343
Z	236	344	377
Z	236	378	421
Z	238	302	346
Z	238	347	421
Z	239	301	344
Z	239	346	419
Z	241	307	347
Z	241	348	421
Z	244	305	347
Z	244	348	421
Z	245	321	343
Z	245	348	399
Z	247	287	421
Z	249	291	417
Z	251	297	421
Z	254	299	300
Z	254	304	421
Z	256	297	377
Z	256	378	421
Z	257	300	421
Z	259	302	419
Z	261	304	344
Z	261	345	421
Z	264	306	344
Z	264	345	346
Z	264	347	385
Z	264	386	421
Z	265	304	344
Z	265	348	420
Z	267	305	346
Z	267	348	421
Z	269	307	347
Z	269	350	421
Z	272	304	346
Z	272	348	351
Z	272	352	420
Z	273	306	348
Z	273	352	421
Z	275	306	347
Z	275	349	413
Z	277	316	355
Z	277	357	421
Z	279	316	356
Z	279	357	421
Z	282	316	356
Z	282	357	365
Z	282	366	421
Z	283	320	356
Z	283	357	411
Z	285	335	421
Z	287	335	368
Z	287	369	370
Z	287	371	409
Z	287	410	421
WF	0	33	35
WF	3	69	0
WF	6	69	0
WF	7	70	23
WF	9	94	0
WF	11	94	0
WF	13	95	11
WF	15	107	0
WF	17	107	0
WF	19	42	7
WF	19	108	7
WF	21	116	0
WF	23	51	0
WF	23	52	0
WF	23	116	0
WF	25	52	2
WF	25	53	5
WF	25	117	6
WF	27	61	0
WF	27	62	0
WF	27	63	0
WF	27	67	0
WF	27	68	0
WF	27	124	0
WF	29	67	0
WF	29	69	0
WF	29	124	0
WF	31	59	46
WF	31	60	46
WF	31	61	50
WF	31	62	50
WF	31	63	51
WF	31	64	51
WF	31	65	51
WF	31	66	53
WF	31	67	53
WF	31	68	53
WF	31	69	53
WF	31	70	54
WF	31	71	54
WF	31	72	54
WF	31	73	57
WF	31	74	58
WF	31	75	58
WF	31	76	58
WF	31	77	57
WF	31	78	57
WF	31	79	57
WF	31	80	57
WF	31	81	57
WF	31	82	56
WF	31	83	57
WF	31	84	59
WF	31	85	59
WF	31	86	58
WF	31	87	56
WF	31	88	58
WF	31	89	58
WF	31	90	57
WF	31	91	55
WF	31	125	67
WF	33	193	0
WF	35	193	0
WF	37	194	18
WF	39	213	0
WF	42	213	0
WF	43	214	23
WF	45	238	0
WF	47	238	0
WF	49	239	2
WF	51	242	0
WF	54	242	0
WF	55	243	23
WF	57	267	0
WF	59	268	9
WF	61	211	0
WF	61	212	1
WF	61	213	1
WF	61	214	1
WF	61	277	3
WF	63	216	3
WF	63	217	6
WF	63	218	6
WF	63	279	12
WF	63	280	10
WF	63	281	5
WF	65	292	0
WF	67	232	0
WF	67	292	0
WF	69	233	0
WF	69	234	0
WF	69	235	0
WF	69	236	0
WF	69	237	0
WF	69	238	2
WF	69	239	2
WF	69	240	2
WF	69	291	6
WF	69	292	5
WF	69	293	2
WF	71	298	0
WF	73	299	0
WF	76	299	0
WF	77	300	3
WF	79	304	1
WF	82	303	1
WF	83	305	2
WF	83	306	0
WF	86	247	7
WF	86	248	11
WF	86	249	12
WF	86	250	20
WF	86	251	20
WF	86	252	21
WF	86	253	23
WF	86	254	25
WF	86	255	25
WF	86	256	28
WF	86	257	33
WF	86	258	34
WF	86	259	37
WF	86	260	43
WF	86	261	43
WF	86	262	43
WF	86	296	43
WF	86	297	42
WF	86	298	41
WF	86	299	36
WF	86	300	30
WF	86	301	26
WF	86	302	23
WF	86	303	19
WF	86	304	18
WF	86	305	12
WF	86	306	8
WF	86	307	3
WF	86	308	2
WF	87	216	3
WF	87	217	3
WF	87	281	6
WF	87	305	3
WF	87	336	6
WF	87	337	5
WF	87	338	2
WF	87	339	1
WF	87	340	0
WF	89	288	0
WF	89	343	0
WF	92	288	0
WF	92	313	0
WF	92	314	0
WF	92	343	0
WF	93	225	2
WF	93	226	2
WF	93	227	4
WF	93	228	4
WF	93	229	4
WF	93	230	4
WF	93	231	4
WF	93	232	4
WF	93	289	6
WF	93	314	0
WF	93	315	2
WF	93	316	2
WF	93	317	4
WF	93	341	6
WF	93	342	5
WF	93	343	3
WF	93	344	0
WF	95	296	0
WF	95	325	0
WF	95	326	0
WF	95	327	0
WF	95	328	0
WF	95	347	0
WF	98	296	0
WF	98	325	0
WF	98	326	0
WF	98	327	0
WF	98	347	0
WF	99	238	2
WF	99	239	2
WF	99	240	2
WF	99	241	2
WF	99	297	2
WF	99	349	2
WF	101	248	0
WF	101	249	0
WF	101	250	0
WF	101	251	0
WF	101	252	0
WF	101	253	0
WF	101	254	0
WF	101	300	0
WF	101	330	0
WF	101	331	0
WF	101	332	0
WF	101	352	0
WF	104	249	0
WF	104	250	0
WF	104	251	0
WF	104	253	0
WF	104	254	0
WF	104	300	0
WF	104	330	0
WF	104	331	0
WF	104	351	0
WF	105	244	1
WF	105	245	1
WF	105	246	1
WF	105	247	1
WF	105	248	0
WF	105	249	0
WF	105	301	4
WF	105	352	4
WF	105	353	1
WF	107	306	0
WF	107	357	0
WF	110	306	0
WF	110	356	0
WF	111	307	0
WF	111	358	0
WF	113	308	1
WF	113	338	0
WF	113	339	1
WF	113	340	1
WF	113	341	1
WF	113	359	1
WF	116	308	1
WF	116	343	1
WF	116	359	1
WF	117	310	1
WF	117	340	0
WF	117	341	0
WF	117	342	0
WF	117	343	0
WF	117	361	1
WF	119	312	0
WF	119	362	0
WF	122	312	0
WF	122	363	0
WF	123	313	2
WF	123	364	2
WF	125	316	0
WF	125	366	0
WF	128	316	0
WF	128	367	0
WF	129	317	2
WF	129	347	2
WF	129	367	2
WF	129	368	1
WF	131	320	0
WF	131	351	0
WF	131	352	0
WF	131	370	0
WF	134	320	0
WF	134	351	0
WF	134	352	0
WF	134	353	0
WF	134	369	0
WF	135	321	2
WF	135	371	2
WF	138	324	1
WF	138	355	0
WF	138	356	0
WF	138	357	0
WF	138	373	1
WF	139	258	6
WF	139	259	6
WF	139	260	5
WF	139	324	8
WF	139	325	7
WF	139	326	1
WF	139	355	0
WF	139	374	8
WF	139	375	2
WF	141	333	0
WF	141	365	0
WF	141	366	0
WF	141	383	0
WF	144	333	0
WF	144	365	0
WF	144	366	0
WF	144	382	0
WF	145	269	2
WF	145	270	2
WF	145	271	2
WF	145	334	6
WF	145	367	2
WF	145	368	2
WF	145	369	3
WF	145	383	6
WF	145	384	0
WF	147	341	0
WF	147	377	0
WF	147	378	0
WF	147	389	0
WF	150	341	1
WF	150	377	0
WF	150	378	1
WF	150	383	1
WF	150	390	1
WF	151	341	0
WF	151	377	0
WF	151	378	0
WF	151	390	0
WF	153	342	0
WF	153	390	0
WF	155	343	3
WF	155	380	1
WF	155	392	3
WF	157	347	1
WF	157	384	1
WF	157	385	1
WF	157	394	1
WF	157	395	0
WF	160	281	1
WF	160	282	1
WF	160	283	1
WF	160	347	1
WF	160	384	1
WF	160	385	1
WF	160	395	1
WF	160	396	0
WF	161	285	2
WF	161	349	2
WF	161	394	2
WF	161	395	1
WF	161	396	1
WF	161	397	0
WF	163	351	4
WF	163	352	0
WF	163	389	1
WF	163	390	2
WF	163	391	2
WF	163	392	1
WF	163	393	1
WF	163	394	1
WF	163	400	4
WF	165	252	0
WF	165	253	2
WF	165	254	3
WF	165	255	3
WF	165	357	4
WF	165	395	4
WF	165	404	4
WF	167	362	0
WF	167	401	0
WF	167	408	0
WF	170	362	0
WF	170	401	0
WF	170	402	0
WF	170	408	0
WF	171	260	4
WF	171	261	7
WF	171	262	9
WF	171	263	9
WF	171	264	9
WF	171	363	13
WF	171	402	5
WF	171	403	5
WF	171	404	5
WF	171	405	4
WF	173	377	0
WF	173	420	0
WF	176	377	0
WF	176	420	0
WF	177	378	0
WF	179	379	0
WF	182	379	0
WF	183	380	2
WF	185	383	0
WF	188	384	1
WF	190	383	0
WF	191	384	1
WF	193	386	2
WF	195	389	0
WF	198	389	0
WF	199	390	3
WF	201	394	0
WF	204	394	0
WF	205	395	1
WF	207	255	1
WF	207	262	2
WF	207	397	2
WF	210	255	0
WF	210	397	0
WF	211	257	0
WF	211	258	6
WF	211	400	8
WF	213	268	0
WF	213	409	0
WF	216	268	0
WF	216	409	0
WF	217	270	1
WF	217	271	1
WF	217	272	1
WF	217	410	5
WF	219	416	0
WF	222	416	0
WF	223	279	0
WF	223	280	0
WF	223	417	0
WF	228	286	0
WF	228	287	0
WF	229	287	1
WF	229	288	2
WF	229	289	3
WF	229	290	4
WF	229	291	4
WF	229	292	4
WF	229	293	4
WF	229	413	7
WF	229	414	6
WF	229	417	3
WF	229	418	2
WF	229	419	1
WF	231	348	0
WF	233	344	0
WF	233	345	0
WF	233	346	0
WF	233	347	0
WF	236	343	0
WF	238	346	0
WF	239	344	2
WF	239	345	2
WF	241	304	0
WF	241	305	0
WF	241	306	0
WF	241	347	0
WF	244	347	0
WF	245	305	0
WF	245	306	5
WF	245	307	7
WF	245	308	9
WF	245	309	9
WF	245	310	12
WF	245	311	13
WF	245	312	13
WF	245	313	13
WF	245	314	13
WF	245	315	15
WF	245	316	15
WF	245	317	17
WF	245	318	17
WF	245	319	16
WF	245	320	14
WF	245	343	22
WF	245	344	17
WF	245	345	17
WF	245	346	17
WF	245	347	17
WF	245	399	21
WF	245	402	18
WF	245	403	17
WF	245	404	16
WF	249	287	1
WF	249	288	2
WF	249	289	3
WF	249	290	4
WF	249	417	3
WF	249	418	2
WF	249	419	1
WF	251	296	0
WF	254	300	0
WF	254	301	0
WF	254	302	0
WF	256	296	0
WF	257	298	0
WF	257	299	0
WF	259	299	1
WF	259	300	1
WF	259	301	1
WF	261	344	0
WF	264	344	0
WF	265	344	1
WF	265	345	1
WF	265	346	1
WF	265	347	0
WF	267	346	0
WF	269	347	0
WF	269	349	0
WF	272	346	1
WF	272	351	1
WF	273	348	0
WF	273	350	0
WF	273	351	0
WF	275	304	2
WF	275	305	4
WF	275	347	8
WF	275	348	6
WF	277	315	0
WF	277	355	0
WF	279	356	0
WF	282	315	0
WF	282	356	0
WF	283	316	0
WF	283	317	0
WF	283	318	3
WF	283	319	6
WF	283	356	10
WF	285	331	0
WF	285	332	0
WF	285	333	0
WF	285	334	0
WF	287	368	0
WF	65535	332	21
WF	65535	333	25
WF	65535	334	34
WF	65535	335	35
WF	65535	336	35
WF	65535	337	40
WF	65535	338	41
WF	65535	339	41
WF	65535	340	65
WF	65535	341	67
WF	65535	342	67
WF	65535	343	71
WF	65535	344	76
WF	65535	347	56
WF	65535	348	59
WF	65535	349	59
WF	65535	350	59
WF	65535	351	69
WF	65535	354	42
WF	65535	355	44
WF	65535	356	44
WF	65535	357	44
WF	65535	358	44
WF	65535	359	44
WF	65535	360	43
WF	65535	361	43
WF	65535	362	42
WF	65535	363	38
WF	65535	364	37
WF	65535	365	29
WF	65535	366	27
WF	65535	367	26
WF	65535	368	24
WF	65535	369	31
WF	65535	370	37
WF	65535	371	40
WF	65535	372	40
WF	65535	373	41
WF	65535	374	46
WF	65535	377	28
WF	65535	378	30
WF	65535	379	41
WF	65535	382	38
WF	65535	385	35
WF	65535	388	32
WF	65535	389	31
WF	65535	390	30
WF	65535	391	29
WF	65535	392	28
WF	65535	393	27
WF	65535	394	26
WF	65535	396	24
WF	65535	398	9
WF	65535	399	19
WF	65535	400	20
WF	65535	401	19
WF	65535	404	16
WF	65535	407	4
WF	65535	408	4
WF	65535	409	4
WF	65535	410	3
WF	65535	411	2
[gfa_ed_step] dist=34, n=510, n_intv=226, n_tb=0
Z	0	-1	34
Z	3	36	70
Z	6	34	70
Z	7	18	71
Z	9	43	95
Z	11	41	95
Z	13	34	96
Z	15	47	108
Z	17	45	108
Z	19	41	109
Z	21	52	117
Z	23	50	117
Z	25	54	118
Z	27	60	125
Z	29	62	70
Z	29	71	125
Z	31	92	126
Z	33	160	194
Z	35	158	194
Z	37	149	195
Z	39	167	214
Z	42	169	214
Z	43	161	215
Z	45	184	239
Z	47	186	188
Z	47	189	239
Z	49	183	240
Z	51	185	243
Z	54	187	193
Z	54	194	243
Z	55	186	244
Z	57	211	214
Z	57	215	268
Z	59	201	269
Z	61	215	278
Z	63	219	280
Z	65	233	293
Z	67	231	293
Z	69	241	292
Z	71	247	299
Z	73	247	300
Z	76	249	300
Z	77	247	301
Z	79	250	305
Z	82	249	304
Z	83	249	306
Z	86	259	297
Z	87	218	282
Z	87	306	337
Z	89	224	289
Z	89	314	344
Z	92	226	289
Z	92	312	315
Z	92	316	344
Z	93	225	229
Z	93	233	290
Z	93	318	342
Z	95	235	236
Z	95	239	297
Z	95	324	329
Z	95	330	348
Z	98	239	297
Z	98	324	348
Z	99	237	298
Z	99	327	350
Z	101	244	301
Z	101	329	333
Z	101	334	353
Z	104	244	301
Z	104	329	352
Z	105	252	302
Z	105	333	353
Z	107	256	307
Z	107	337	358
Z	110	256	307
Z	110	337	346
Z	110	347	358
Z	111	256	308
Z	111	337	359
Z	113	256	309
Z	113	337	360
Z	116	258	309
Z	116	339	360
Z	117	257	311
Z	117	342	362
Z	119	258	313
Z	119	345	363
Z	122	260	313
Z	122	345	346
Z	122	347	364
Z	123	257	314
Z	123	346	365
Z	125	259	317
Z	125	348	367
Z	128	261	317
Z	128	348	368
Z	129	258	318
Z	129	346	369
Z	131	260	321
Z	131	350	371
Z	134	262	321
Z	134	350	370
Z	135	259	322
Z	135	352	372
Z	138	261	325
Z	138	354	356
Z	138	358	374
Z	139	261	325
Z	139	356	375
Z	141	271	334
Z	141	364	384
Z	144	269	334
Z	144	364	384
Z	145	272	335
Z	145	368	384
Z	147	278	342
Z	147	376	390
Z	150	278	342
Z	150	377	391
Z	151	280	342
Z	151	376	391
Z	153	279	343
Z	153	378	392
Z	155	278	344
Z	155	381	393
Z	157	281	348
Z	157	383	395
Z	160	280	348
Z	160	383	396
Z	161	284	286
Z	161	287	350
Z	161	386	398
Z	163	247	352
Z	163	389	392
Z	163	395	401
Z	165	256	358
Z	165	394	405
Z	167	260	363
Z	167	400	409
Z	170	262	363
Z	170	400	403
Z	170	404	409
Z	171	265	364
Z	171	406	408
Z	173	278	378
Z	173	419	421
Z	176	278	378
Z	176	419	421
Z	177	247	379
Z	179	249	380
Z	182	247	380
Z	183	248	381
Z	185	250	384
Z	188	250	385
Z	190	250	346
Z	190	347	384
Z	191	249	385
Z	193	249	387
Z	195	253	390
Z	198	251	390
Z	199	250	391
Z	201	253	346
Z	201	347	395
Z	204	255	395
Z	205	253	396
Z	207	256	398
Z	210	254	398
Z	211	259	401
Z	213	267	365
Z	213	366	410
Z	216	267	410
Z	217	273	411
Z	219	278	417
Z	222	278	377
Z	222	378	417
Z	223	281	417
Z	225	287	346
Z	225	347	385
Z	225	386	421
Z	228	285	294
Z	228	295	370
Z	228	371	421
Z	229	294	413
Z	231	302	421
Z	233	304	421
Z	236	302	377
Z	236	378	421
Z	238	302	421
Z	239	301	419
Z	241	303	421
Z	244	305	421
Z	245	321	344
Z	245	348	399
Z	247	287	421
Z	249	289	417
Z	251	295	421
Z	254	299	303
Z	254	304	421
Z	256	295	377
Z	256	378	421
Z	257	296	421
Z	259	302	419
Z	261	304	421
Z	264	306	346
Z	264	347	385
Z	264	386	421
Z	265	304	420
Z	267	305	347
Z	267	348	421
Z	269	307	421
Z	272	304	347
Z	272	348	420
Z	273	306	421
Z	275	306	348
Z	275	349	413
Z	277	314	356
Z	277	357	421
Z	279	316	421
Z	282	314	365
Z	282	366	421
Z	283	320	411
Z	285	330	421
Z	287	332	333
Z	287	335	370
Z	287	371	409
Z	287	410	421
WF	0	34	35
WF	3	70	0
WF	6	70	0
WF	7	71	23
WF	9	95	0
WF	11	95	0
WF	13	96	11
WF	15	108	0
WF	17	108	0
WF	19	109	7
WF	21	49	0
WF	21	50	0
WF	21	117	0
WF	23	117	0
WF	25	50	0
WF	25	51	3
WF	25	52	6
WF	25	53	6
WF	25	118	6
WF	27	125	0
WF	29	70	0
WF	29	125	0
WF	31	58	48
WF	31	59	48
WF	31	60	51
WF	31	61	51
WF	31	62	52
WF	31	63	52
WF	31	64	52
WF	31	65	54
WF	31	66	54
WF	31	67	54
WF	31	68	54
WF	31	69	55
WF	31	70	56
WF	31	71	56
WF	31	72	58
WF	31	73	59
WF	31	74	59
WF	31	75	60
WF	31	76	60
WF	31	77	59
WF	31	78	58
WF	31	79	58
WF	31	80	58
WF	31	81	58
WF	31	82	60
WF	31	83	60
WF	31	84	61
WF	31	85	64
WF	31	86	64
WF	31	87	63
WF	31	88	61
WF	31	89	61
WF	31	90	60
WF	31	91	57
WF	31	126	67
WF	33	194	0
WF	35	194	0
WF	37	195	18
WF	39	214	0
WF	42	214	0
WF	43	215	23
WF	45	239	0
WF	47	239	0
WF	49	240	2
WF	51	243	0
WF	54	243	0
WF	55	244	23
WF	57	268	0
WF	59	269	9
WF	61	210	1
WF	61	211	2
WF	61	212	3
WF	61	213	3
WF	61	214	2
WF	61	278	3
WF	63	215	4
WF	63	216	7
WF	63	217	7
WF	63	218	7
WF	63	280	12
WF	63	281	10
WF	63	282	5
WF	65	293	0
WF	67	293	0
WF	69	232	1
WF	69	233	2
WF	69	234	2
WF	69	235	2
WF	69	236	2
WF	69	237	3
WF	69	238	3
WF	69	239	3
WF	69	240	3
WF	69	292	6
WF	69	293	5
WF	69	294	2
WF	71	299	0
WF	73	300	0
WF	76	300	0
WF	77	301	3
WF	79	305	1
WF	82	304	1
WF	83	306	2
WF	83	307	0
WF	86	246	8
WF	86	247	13
WF	86	248	13
WF	86	249	22
WF	86	250	22
WF	86	251	22
WF	86	252	24
WF	86	253	26
WF	86	254	26
WF	86	255	30
WF	86	256	35
WF	86	257	36
WF	86	258	38
WF	86	297	43
WF	86	298	42
WF	86	299	41
WF	86	300	36
WF	86	301	31
WF	86	302	26
WF	86	303	23
WF	86	304	19
WF	86	305	18
WF	86	306	12
WF	86	307	8
WF	86	308	5
WF	86	309	4
WF	87	215	4
WF	87	216	4
WF	87	217	4
WF	87	282	6
WF	87	303	1
WF	87	304	4
WF	87	305	4
WF	87	337	6
WF	87	338	5
WF	87	339	2
WF	87	340	1
WF	87	341	0
WF	89	289	0
WF	89	344	0
WF	92	289	0
WF	92	315	0
WF	92	344	0
WF	93	224	6
WF	93	229	6
WF	93	230	5
WF	93	231	5
WF	93	232	5
WF	93	290	6
WF	93	313	1
WF	93	314	3
WF	93	315	3
WF	93	316	5
WF	93	317	5
WF	93	342	6
WF	93	343	5
WF	93	344	4
WF	93	345	0
WF	95	232	0
WF	95	233	0
WF	95	236	0
WF	95	297	0
WF	95	329	0
WF	95	348	0
WF	98	232	0
WF	98	233	0
WF	98	234	0
WF	98	235	0
WF	98	297	0
WF	98	348	0
WF	99	235	0
WF	99	236	0
WF	99	298	2
WF	99	325	0
WF	99	326	0
WF	99	350	2
WF	101	240	0
WF	101	241	0
WF	101	242	0
WF	101	243	0
WF	101	301	0
WF	101	333	0
WF	101	353	0
WF	104	240	0
WF	104	241	0
WF	104	242	0
WF	104	243	0
WF	104	301	0
WF	104	352	0
WF	105	243	2
WF	105	244	2
WF	105	245	3
WF	105	246	3
WF	105	247	2
WF	105	248	1
WF	105	249	1
WF	105	250	0
WF	105	251	0
WF	105	302	4
WF	105	330	0
WF	105	331	0
WF	105	332	2
WF	105	353	4
WF	105	354	1
WF	107	307	0
WF	107	358	0
WF	110	307	0
WF	110	358	0
WF	111	308	0
WF	111	359	0
WF	113	309	1
WF	113	360	1
WF	116	309	1
WF	116	360	1
WF	117	311	1
WF	117	339	1
WF	117	340	1
WF	117	341	1
WF	117	362	1
WF	119	313	0
WF	119	344	0
WF	119	363	0
WF	122	313	0
WF	122	364	0
WF	123	314	2
WF	123	345	1
WF	123	365	2
WF	125	317	0
WF	125	367	0
WF	128	317	0
WF	128	368	0
WF	129	318	2
WF	129	369	2
WF	131	321	0
WF	131	349	0
WF	131	371	0
WF	134	321	0
WF	134	349	0
WF	134	370	0
WF	134	371	0
WF	135	322	2
WF	135	351	0
WF	135	372	2
WF	138	325	1
WF	138	356	1
WF	138	357	1
WF	138	374	1
WF	139	257	7
WF	139	258	8
WF	139	259	8
WF	139	260	8
WF	139	325	8
WF	139	326	7
WF	139	327	1
WF	139	354	1
WF	139	355	1
WF	139	375	8
WF	139	376	2
WF	141	334	0
WF	141	384	0
WF	144	334	0
WF	145	268	3
WF	145	269	3
WF	145	270	3
WF	145	271	3
WF	145	335	6
WF	145	365	0
WF	145	366	3
WF	145	367	3
WF	145	384	6
WF	145	385	0
WF	147	342	0
WF	147	375	0
WF	147	390	0
WF	150	342	1
WF	150	375	0
WF	150	376	1
WF	150	391	1
WF	151	342	0
WF	151	375	0
WF	151	391	0
WF	153	343	0
WF	155	344	3
WF	155	378	1
WF	155	379	2
WF	155	380	2
WF	155	393	3
WF	157	348	1
WF	157	395	1
WF	157	396	0
WF	160	348	1
WF	160	396	1
WF	160	397	0
WF	161	282	0
WF	161	283	0
WF	161	286	2
WF	161	350	2
WF	161	398	2
WF	163	352	4
WF	163	353	1
WF	163	388	2
WF	163	392	4
WF	163	393	3
WF	163	394	3
WF	163	401	4
WF	165	251	1
WF	165	252	3
WF	165	253	4
WF	165	254	4
WF	165	255	4
WF	165	358	4
WF	165	405	4
WF	167	363	0
WF	167	399	0
WF	167	409	0
WF	170	363	0
WF	170	403	0
WF	170	409	0
WF	171	259	5
WF	171	260	9
WF	171	261	10
WF	171	262	10
WF	171	263	10
WF	171	264	10
WF	171	364	13
WF	171	400	0
WF	171	401	6
WF	171	402	6
WF	171	403	6
WF	171	404	6
WF	171	405	5
WF	171	408	0
WF	171	409	0
WF	173	378	0
WF	176	378	0
WF	177	379	0
WF	177	420	0
WF	179	380	0
WF	182	380	0
WF	183	381	2
WF	185	384	0
WF	188	385	1
WF	190	384	0
WF	191	385	1
WF	193	387	2
WF	195	390	0
WF	198	390	0
WF	199	391	3
WF	201	395	0
WF	204	395	0
WF	205	396	1
WF	207	254	2
WF	207	255	2
WF	207	398	2
WF	210	398	0
WF	211	255	0
WF	211	256	1
WF	211	257	7
WF	211	258	7
WF	211	401	8
WF	213	410	0
WF	216	410	0
WF	217	268	1
WF	217	269	2
WF	217	270	2
WF	217	271	2
WF	217	272	2
WF	217	411	5
WF	219	417	0
WF	222	417	0
WF	223	278	2
WF	223	279	2
WF	223	280	2
WF	223	417	1
WF	223	418	0
WF	229	286	2
WF	229	287	4
WF	229	288	4
WF	229	289	5
WF	229	290	5
WF	229	291	5
WF	229	292	5
WF	229	293	5
WF	229	413	7
WF	229	416	4
WF	229	417	3
WF	229	418	2
WF	245	304	1
WF	245	305	6
WF	245	306	8
WF	245	307	10
WF	245	308	10
WF	245	309	13
WF	245	310	14
WF	245	311	14
WF	245	312	14
WF	245	313	14
WF	245	314	16
WF	245	315	16
WF	245	316	19
WF	245	317	19
WF	245	318	18
WF	245	319	18
WF	245	320	17
WF	245	344	22
WF	245	345	18
WF	245	346	19
WF	245	347	19
WF	245	401	19
WF	245	402	18
WF	245	403	17
WF	249	286	2
WF	249	287	4
WF	249	288	4
WF	249	417	3
WF	249	418	2
WF	251	294	0
WF	254	296	0
WF	254	297	0
WF	254	303	0
WF	259	296	1
WF	259	297	1
WF	259	298	2
WF	259	299	2
WF	259	300	2
WF	259	301	2
WF	267	347	0
WF	272	347	1
WF	275	303	3
WF	275	304	6
WF	275	305	6
WF	275	348	8
WF	277	356	0
WF	283	315	1
WF	283	316	1
WF	283	317	4
WF	283	318	7
WF	283	319	7
WF	287	333	0
WF	287	334	0
WF	65535	331	22
WF	65535	332	26
WF	65535	333	35
WF	65535	334	36
WF	65535	335	37
WF	65535	336	41
WF	65535	337	42
WF	65535	338	42
WF	65535	339	66
WF	65535	340	68
WF	65535	341	68
WF	65535	342	72
WF	65535	343	77
WF	65535	346	57
WF	65535	347	60
WF	65535	348	60
WF	65535	349	60
WF	65535	350	70
WF	65535	353	44
WF	65535	354	45
WF	65535	355	47
WF	65535	356	48
WF	65535	357	48
WF	65535	358	47
WF	65535	359	45
WF	65535	360	44
WF	65535	361	44
WF	65535	362	43
WF	65535	363	42
WF	65535	364	38
WF	65535	365	37
WF	65535	366	29
WF	65535	367	27
WF	65535	368	33
WF	65535	369	39
WF	65535	370	41
WF	65535	371	41
WF	65535	372	42
WF	65535	373	47
WF	65535	376	29
WF	65535	377	31
WF	65535	378	42
WF	65535	381	39
WF	65535	384	36
WF	65535	387	33
WF	65535	388	32
WF	65535	389	31
WF	65535	390	30
WF	65535	391	29
WF	65535	392	28
WF	65535	393	27
WF	65535	395	25
WF	65535	397	10
WF	65535	398	20
WF	65535	399	21
WF	65535	400	20
WF	65535	403	17
WF	65535	406	5
WF	65535	407	5
WF	65535	408	5
WF	65535	409	5
WF	65535	410	4
WF	65535	411	3
WF	65535	412	2
[gfa_ed_step] dist=35, n=536, n_intv=232, n_tb=0
Z	0	-1	35
Z	3	36	71
Z	6	34	71
Z	7	18	72
Z	9	43	96
Z	11	41	96
Z	13	34	97
Z	15	47	109
Z	17	45	109
Z	19	41	110
Z	21	48	51
Z	21	52	118
Z	23	50	118
Z	25	51	119
Z	27	60	126
Z	29	59	60
Z	29	62	126
Z	31	92	127
Z	33	160	195
Z	35	158	195
Z	37	149	196
Z	39	167	215
Z	42	169	215
Z	43	161	216
Z	45	184	240
Z	47	186	188
Z	47	189	240
Z	49	183	241
Z	51	185	244
Z	54	187	193
Z	54	194	244
Z	55	186	245
Z	57	211	214
Z	57	215	269
Z	59	201	270
Z	61	211	214
Z	61	215	279
Z	63	219	281
Z	65	233	294
Z	67	231	294
Z	69	241	294
Z	71	247	301
Z	73	247	301
Z	76	249	301
Z	77	247	302
Z	79	250	306
Z	82	249	305
Z	83	249	307
Z	86	259	298
Z	87	218	283
Z	87	306	338
Z	89	224	290
Z	89	314	345
Z	92	226	290
Z	92	312	345
Z	93	223	230
Z	93	233	291
Z	93	318	343
Z	95	231	234
Z	95	235	237
Z	95	239	298
Z	95	324	349
Z	98	231	236
Z	98	239	298
Z	98	324	349
Z	99	237	299
Z	99	327	351
Z	101	239	302
Z	101	329	354
Z	104	239	302
Z	104	329	353
Z	105	244	247
Z	105	252	303
Z	105	333	354
Z	107	250	252
Z	107	256	308
Z	107	337	359
Z	110	256	308
Z	110	337	346
Z	110	347	359
Z	111	251	252
Z	111	256	309
Z	111	337	360
Z	113	256	310
Z	113	337	361
Z	116	258	310
Z	116	339	361
Z	117	257	312
Z	117	338	363
Z	119	258	314
Z	119	341	342
Z	119	343	364
Z	122	260	314
Z	122	342	344
Z	122	345	346
Z	122	347	365
Z	123	257	315
Z	123	346	366
Z	125	259	318
Z	125	348	368
Z	128	261	318
Z	128	348	369
Z	129	258	319
Z	129	346	370
Z	131	260	322
Z	131	348	373
Z	134	262	322
Z	134	348	372
Z	135	259	323
Z	135	352	373
Z	138	261	326
Z	138	354	376
Z	139	257	326
Z	139	356	376
Z	141	267	270
Z	141	271	335
Z	141	364	385
Z	144	269	335
Z	144	364	384
Z	145	272	336
Z	145	368	385
Z	147	278	343
Z	147	374	391
Z	150	278	343
Z	150	375	392
Z	151	280	343
Z	151	374	392
Z	153	279	344
Z	153	376	377
Z	153	378	392
Z	155	278	345
Z	155	381	394
Z	157	281	349
Z	157	383	396
Z	160	280	349
Z	160	383	397
Z	161	284	351
Z	161	386	399
Z	163	247	353
Z	163	389	402
Z	165	252	359
Z	165	394	406
Z	167	259	364
Z	167	398	410
Z	170	262	364
Z	170	400	410
Z	171	265	365
Z	171	406	408
Z	173	278	379
Z	173	419	421
Z	176	278	379
Z	176	419	421
Z	177	247	380
Z	177	419	421
Z	179	249	381
Z	182	247	381
Z	183	248	382
Z	185	250	385
Z	188	250	386
Z	190	250	346
Z	190	347	385
Z	191	249	386
Z	193	249	388
Z	195	253	391
Z	198	251	391
Z	199	250	392
Z	201	253	346
Z	201	347	396
Z	204	255	396
Z	205	253	397
Z	207	253	399
Z	210	254	399
Z	211	259	402
Z	213	267	365
Z	213	366	411
Z	216	267	411
Z	217	273	412
Z	219	278	418
Z	222	278	377
Z	222	378	418
Z	223	277	279
Z	223	281	417
Z	225	287	346
Z	225	347	385
Z	225	386	421
Z	228	285	294
Z	228	295	370
Z	228	371	421
Z	229	294	413
Z	231	302	421
Z	233	304	421
Z	236	302	377
Z	236	378	421
Z	238	302	421
Z	239	301	419
Z	241	303	421
Z	244	305	421
Z	245	321	345
Z	245	348	399
Z	247	287	421
Z	249	285	417
Z	251	291	292
Z	251	293	421
Z	254	295	298
Z	254	299	421
Z	256	293	294
Z	256	295	377
Z	256	378	421
Z	257	292	293
Z	257	296	421
Z	259	297	419
Z	261	304	421
Z	264	301	302
Z	264	303	304
Z	264	306	346
Z	264	347	385
Z	264	386	421
Z	265	304	420
Z	267	305	421
Z	269	307	421
Z	272	304	420
Z	273	306	421
Z	275	306	413
Z	277	314	421
Z	279	316	421
Z	282	314	365
Z	282	366	421
Z	283	320	411
Z	285	330	421
Z	287	332	370
Z	287	371	409
Z	287	410	421
WF	0	35	35
WF	3	71	0
WF	6	71	0
WF	7	72	23
WF	9	96	0
WF	11	96	0
WF	13	97	11
WF	15	109	0
WF	17	109	0
WF	19	110	7
WF	21	51	0
WF	21	118	0
WF	23	118	0
WF	25	49	2
WF	25	50	4
WF	25	119	6
WF	27	58	0
WF	27	59	0
WF	27	126	0
WF	29	60	0
WF	29	126	0
WF	31	57	50
WF	31	58	50
WF	31	59	52
WF	31	60	52
WF	31	61	53
WF	31	62	53
WF	31	63	53
WF	31	64	55
WF	31	65	56
WF	31	66	56
WF	31	67	55
WF	31	68	56
WF	31	69	57
WF	31	70	57
WF	31	71	59
WF	31	72	60
WF	31	73	60
WF	31	74	63
WF	31	75	63
WF	31	76	62
WF	31	77	61
WF	31	78	60
WF	31	79	60
WF	31	80	60
WF	31	81	61
WF	31	82	61
WF	31	83	63
WF	31	84	66
WF	31	85	66
WF	31	86	65
WF	31	87	65
WF	31	88	64
WF	31	89	64
WF	31	90	63
WF	31	91	60
WF	31	127	67
WF	33	195	0
WF	35	195	0
WF	37	196	18
WF	39	215	0
WF	42	215	0
WF	43	216	23
WF	45	240	0
WF	47	240	0
WF	49	241	2
WF	51	244	0
WF	54	244	0
WF	55	245	23
WF	57	269	0
WF	59	270	9
WF	61	209	2
WF	61	210	3
WF	61	214	3
WF	61	279	3
WF	63	214	5
WF	63	215	8
WF	63	216	8
WF	63	217	8
WF	63	218	8
WF	63	281	12
WF	63	282	11
WF	63	283	5
WF	65	294	0
WF	67	294	0
WF	69	231	2
WF	69	232	3
WF	69	233	3
WF	69	234	3
WF	69	235	3
WF	69	236	4
WF	69	237	4
WF	69	238	4
WF	69	239	6
WF	69	240	6
WF	69	294	6
WF	69	295	2
WF	71	301	0
WF	73	301	0
WF	76	301	0
WF	77	302	3
WF	79	306	1
WF	82	305	1
WF	83	307	2
WF	83	308	0
WF	86	245	9
WF	86	246	14
WF	86	247	14
WF	86	248	23
WF	86	249	23
WF	86	250	23
WF	86	251	25
WF	86	252	27
WF	86	253	27
WF	86	254	32
WF	86	255	37
WF	86	256	38
WF	86	257	39
WF	86	258	39
WF	86	298	43
WF	86	299	42
WF	86	300	41
WF	86	301	36
WF	86	302	31
WF	86	303	26
WF	86	304	23
WF	86	305	19
WF	86	306	18
WF	86	307	12
WF	86	308	9
WF	86	309	5
WF	86	310	4
WF	87	214	6
WF	87	215	6
WF	87	216	5
WF	87	217	5
WF	87	283	6
WF	87	302	2
WF	87	303	6
WF	87	304	6
WF	87	305	5
WF	87	338	6
WF	87	339	5
WF	87	340	2
WF	87	341	1
WF	87	342	0
WF	89	290	0
WF	89	345	0
WF	92	290	0
WF	92	345	0
WF	93	230	6
WF	93	231	6
WF	93	232	6
WF	93	291	6
WF	93	312	2
WF	93	313	4
WF	93	314	4
WF	93	315	6
WF	93	316	6
WF	93	317	6
WF	93	343	6
WF	93	344	5
WF	93	345	4
WF	93	346	1
WF	95	230	0
WF	95	234	0
WF	95	237	0
WF	95	298	0
WF	95	349	0
WF	98	230	0
WF	98	236	0
WF	98	298	0
WF	98	349	0
WF	99	232	1
WF	99	233	1
WF	99	234	1
WF	99	235	2
WF	99	236	2
WF	99	299	2
WF	99	324	1
WF	99	325	1
WF	99	326	1
WF	99	351	2
WF	101	302	0
WF	101	354	0
WF	104	302	0
WF	104	353	0
WF	105	240	0
WF	105	241	0
WF	105	242	3
WF	105	243	3
WF	105	247	4
WF	105	248	2
WF	105	249	2
WF	105	250	1
WF	105	251	1
WF	105	303	4
WF	105	329	1
WF	105	330	1
WF	105	331	4
WF	105	332	4
WF	105	354	4
WF	105	355	1
WF	107	252	0
WF	107	308	0
WF	107	359	0
WF	110	249	0
WF	110	250	0
WF	110	251	0
WF	110	308	0
WF	110	359	0
WF	111	252	0
WF	111	309	0
WF	111	360	0
WF	113	251	0
WF	113	252	0
WF	113	310	1
WF	113	361	1
WF	116	251	0
WF	116	252	0
WF	116	310	1
WF	116	361	1
WF	117	312	1
WF	117	363	1
WF	119	314	0
WF	119	342	0
WF	119	364	0
WF	122	314	0
WF	122	340	0
WF	122	341	0
WF	122	344	0
WF	122	365	0
WF	123	315	2
WF	123	341	0
WF	123	342	0
WF	123	343	0
WF	123	344	2
WF	123	345	2
WF	123	366	2
WF	125	318	0
WF	125	368	0
WF	128	318	0
WF	128	369	0
WF	129	319	2
WF	129	370	2
WF	131	322	0
WF	131	373	0
WF	134	322	0
WF	134	372	0
WF	135	323	2
WF	135	349	0
WF	135	350	1
WF	135	351	1
WF	135	373	2
WF	138	326	1
WF	138	376	1
WF	139	256	8
WF	139	326	8
WF	139	327	7
WF	139	328	1
WF	139	353	3
WF	139	354	3
WF	139	355	2
WF	139	376	8
WF	139	377	2
WF	141	270	0
WF	141	335	0
WF	141	385	0
WF	144	266	0
WF	144	267	0
WF	144	268	0
WF	144	335	0
WF	144	384	0
WF	145	267	4
WF	145	268	4
WF	145	269	4
WF	145	270	4
WF	145	271	4
WF	145	336	6
WF	145	364	2
WF	145	365	4
WF	145	366	4
WF	145	367	4
WF	145	385	6
WF	145	386	0
WF	147	343	0
WF	147	391	0
WF	150	343	1
WF	150	374	1
WF	150	392	1
WF	151	343	0
WF	151	392	0
WF	153	344	0
WF	153	392	0
WF	155	345	3
WF	155	376	1
WF	155	377	2
WF	155	378	3
WF	155	379	3
WF	155	380	3
WF	155	394	3
WF	157	349	1
WF	157	396	1
WF	157	397	0
WF	160	349	1
WF	160	397	1
WF	160	398	0
WF	161	281	1
WF	161	282	1
WF	161	283	1
WF	161	351	2
WF	161	399	2
WF	163	353	4
WF	163	354	1
WF	163	387	3
WF	163	388	3
WF	163	402	4
WF	165	250	2
WF	165	251	4
WF	165	359	4
WF	165	406	4
WF	167	257	0
WF	167	258	0
WF	167	364	0
WF	167	410	0
WF	170	257	0
WF	170	258	0
WF	170	259	0
WF	170	260	0
WF	170	364	0
WF	170	410	0
WF	171	258	6
WF	171	259	10
WF	171	260	11
WF	171	261	11
WF	171	262	11
WF	171	263	11
WF	171	264	11
WF	171	365	13
WF	171	399	2
WF	171	400	7
WF	171	401	7
WF	171	402	7
WF	171	403	7
WF	171	404	7
WF	171	405	6
WF	171	409	1
WF	171	410	1
WF	171	411	0
WF	173	379	0
WF	176	379	0
WF	177	380	0
WF	179	381	0
WF	179	420	0
WF	182	381	0
WF	182	420	0
WF	183	382	2
WF	185	385	0
WF	188	386	1
WF	190	385	0
WF	191	386	1
WF	193	388	2
WF	195	391	0
WF	198	391	0
WF	199	392	3
WF	201	396	0
WF	204	396	0
WF	205	397	1
WF	207	399	2
WF	210	399	0
WF	211	254	1
WF	211	255	3
WF	211	256	8
WF	211	257	8
WF	211	258	8
WF	211	402	8
WF	213	411	0
WF	216	411	0
WF	217	267	2
WF	217	268	3
WF	217	269	3
WF	217	270	3
WF	217	271	3
WF	217	272	3
WF	217	412	5
WF	219	418	0
WF	222	418	0
WF	223	279	4
WF	223	280	3
WF	223	417	2
WF	223	418	1
WF	223	419	0
WF	225	282	0
WF	225	283	0
WF	228	282	0
WF	228	283	0
WF	229	285	7
WF	229	286	7
WF	229	287	6
WF	229	288	6
WF	229	289	8
WF	229	290	8
WF	229	291	8
WF	229	292	7
WF	229	293	6
WF	229	415	5
WF	229	416	4
WF	229	417	3
WF	245	303	3
WF	245	304	7
WF	245	305	10
WF	245	306	11
WF	245	307	11
WF	245	308	14
WF	245	309	15
WF	245	310	15
WF	245	311	15
WF	245	312	15
WF	245	313	17
WF	245	314	17
WF	245	315	20
WF	245	316	20
WF	245	317	20
WF	245	318	19
WF	245	319	19
WF	245	320	19
WF	245	345	22
WF	245	346	20
WF	245	347	20
WF	245	400	20
WF	245	401	19
WF	245	402	18
WF	247	282	0
WF	247	283	0
WF	249	417	3
WF	251	292	0
WF	254	291	0
WF	254	292	0
WF	254	294	0
WF	254	298	0
WF	256	290	0
WF	256	291	0
WF	256	292	0
WF	256	294	0
WF	257	293	0
WF	257	294	0
WF	257	295	0
WF	259	292	0
WF	259	293	0
WF	259	295	2
WF	259	296	2
WF	261	300	0
WF	261	301	0
WF	261	302	0
WF	261	303	0
WF	264	302	0
WF	264	304	0
WF	265	301	0
WF	265	302	0
WF	265	303	0
WF	275	302	4
WF	275	303	7
WF	275	304	7
WF	275	305	7
WF	283	314	2
WF	283	315	2
WF	283	316	5
WF	283	317	9
WF	283	318	9
WF	283	319	9
WF	65535	330	23
WF	65535	331	27
WF	65535	332	36
WF	65535	333	37
WF	65535	334	38
WF	65535	335	42
WF	65535	336	43
WF	65535	337	45
WF	65535	338	67
WF	65535	339	70
WF	65535	340	70
WF	65535	341	73
WF	65535	342	78
WF	65535	345	58
WF	65535	346	61
WF	65535	347	61
WF	65535	348	61
WF	65535	349	71
WF	65535	352	51
WF	65535	353	51
WF	65535	354	50
WF	65535	355	49
WF	65535	356	50
WF	65535	357	50
WF	65535	358	49
WF	65535	359	48
WF	65535	360	46
WF	65535	361	46
WF	65535	362	45
WF	65535	363	43
WF	65535	364	42
WF	65535	365	38
WF	65535	366	37
WF	65535	367	36
WF	65535	368	41
WF	65535	369	42
WF	65535	370	42
WF	65535	371	43
WF	65535	372	48
WF	65535	375	30
WF	65535	376	33
WF	65535	377	43
WF	65535	380	40
WF	65535	383	37
WF	65535	386	34
WF	65535	387	33
WF	65535	388	32
WF	65535	389	31
WF	65535	390	30
WF	65535	391	29
WF	65535	392	28
WF	65535	394	26
WF	65535	396	11
WF	65535	397	21
WF	65535	398	22
WF	65535	399	21
WF	65535	402	18
WF	65535	405	8
WF	65535	406	8
WF	65535	407	7
WF	65535	408	6
WF	65535	409	6
WF	65535	410	5
WF	65535	411	4
WF	65535	412	3
WF	65535	413	2
[gfa_ed_step] dist=36, n=560, n_intv=244, n_tb=0
Z	0	-1	36
Z	3	36	72
Z	6	34	72
Z	7	18	73
Z	9	43	97
Z	11	41	97
Z	13	34	98
Z	15	47	110
Z	17	45	110
Z	19	41	111
Z	21	48	119
Z	23	50	119
Z	25	51	120
Z	27	57	127
Z	29	59	61
Z	29	62	127
Z	31	83	86
Z	31	92	128
Z	33	152	153
Z	33	160	196
Z	35	158	196
Z	37	149	197
Z	39	167	216
Z	42	169	216
Z	43	161	217
Z	45	184	241
Z	47	186	188
Z	47	189	241
Z	49	183	242
Z	51	185	245
Z	54	187	193
Z	54	194	245
Z	55	186	246
Z	57	211	214
Z	57	215	270
Z	59	201	271
Z	61	209	280
Z	63	219	282
Z	65	233	295
Z	67	231	295
Z	69	238	295
Z	71	247	302
Z	73	247	303
Z	76	249	302
Z	77	247	303
Z	79	250	307
Z	82	249	306
Z	83	249	308
Z	86	259	299
Z	87	213	216
Z	87	218	284
Z	87	302	339
Z	89	224	291
Z	89	314	346
Z	92	221	223
Z	92	226	291
Z	92	310	311
Z	92	312	346
Z	93	223	292
Z	93	314	344
Z	95	229	238
Z	95	239	299
Z	95	324	351
Z	98	229	237
Z	98	239	299
Z	98	324	350
Z	99	234	300
Z	99	327	352
Z	101	239	303
Z	101	329	355
Z	104	239	303
Z	104	329	354
Z	105	241	248
Z	105	252	304
Z	105	330	355
Z	107	247	248
Z	107	250	253
Z	107	256	309
Z	107	337	360
Z	110	248	252
Z	110	256	309
Z	110	337	346
Z	110	347	360
Z	111	250	253
Z	111	256	310
Z	111	337	361
Z	113	251	253
Z	113	256	311
Z	113	337	362
Z	116	258	311
Z	116	339	362
Z	117	257	313
Z	117	338	364
Z	119	258	315
Z	119	341	365
Z	122	260	315
Z	122	339	346
Z	122	347	366
Z	123	257	316
Z	123	343	367
Z	125	259	319
Z	125	348	369
Z	128	261	319
Z	128	347	370
Z	129	258	320
Z	129	346	371
Z	131	260	323
Z	131	348	374
Z	134	262	323
Z	134	348	373
Z	135	259	324
Z	135	352	374
Z	138	261	327
Z	138	354	377
Z	139	255	329
Z	139	356	377
Z	141	267	336
Z	141	364	386
Z	144	265	336
Z	144	337	338
Z	144	364	385
Z	145	272	337
Z	145	368	386
Z	147	278	344
Z	147	374	392
Z	150	278	344
Z	150	373	393
Z	151	280	344
Z	151	374	393
Z	153	279	345
Z	153	376	377
Z	153	378	393
Z	155	278	346
Z	155	377	395
Z	157	281	350
Z	157	383	397
Z	160	280	350
Z	160	383	398
Z	161	282	352
Z	161	386	400
Z	163	247	354
Z	163	389	403
Z	165	250	360
Z	165	394	407
Z	167	256	365
Z	167	398	412
Z	170	256	261
Z	170	262	365
Z	170	400	411
Z	171	265	366
Z	171	406	408
Z	173	278	380
Z	173	419	421
Z	176	278	380
Z	176	419	421
Z	177	247	381
Z	177	419	421
Z	179	249	382
Z	179	419	421
Z	182	247	382
Z	182	419	421
Z	183	248	383
Z	185	250	386
Z	188	250	387
Z	190	250	346
Z	190	347	386
Z	191	249	387
Z	193	249	389
Z	195	253	392
Z	198	251	392
Z	199	250	393
Z	201	253	346
Z	201	347	397
Z	204	255	397
Z	205	253	398
Z	207	253	400
Z	210	254	400
Z	211	253	403
Z	213	263	264
Z	213	265	266
Z	213	267	365
Z	213	366	412
Z	216	267	412
Z	217	273	413
Z	219	278	419
Z	222	278	377
Z	222	378	419
Z	223	277	280
Z	223	281	417
Z	225	281	285
Z	225	287	346
Z	225	347	385
Z	225	386	421
Z	228	281	284
Z	228	285	294
Z	228	295	370
Z	228	371	421
Z	229	285	287
Z	229	288	292
Z	229	294	413
Z	231	302	421
Z	233	304	421
Z	236	295	296
Z	236	302	377
Z	236	378	421
Z	238	296	297
Z	238	302	421
Z	239	301	419
Z	241	303	421
Z	244	305	421
Z	245	321	346
Z	245	348	399
Z	247	281	285
Z	247	287	421
Z	249	285	417
Z	251	291	421
Z	254	290	421
Z	256	289	377
Z	256	378	421
Z	257	292	421
Z	259	294	419
Z	261	299	421
Z	264	298	299
Z	264	301	305
Z	264	306	346
Z	264	347	385
Z	264	386	421
Z	265	304	420
Z	267	305	421
Z	269	307	421
Z	272	304	420
Z	273	306	421
Z	275	306	413
Z	277	314	421
Z	279	316	421
Z	282	314	365
Z	282	366	421
Z	283	316	319
Z	283	320	411
Z	285	328	329
Z	285	330	421
Z	287	332	370
Z	287	371	409
Z	287	410	421
WF	0	36	35
WF	3	72	0
WF	6	72	0
WF	7	73	23
WF	9	97	0
WF	11	97	0
WF	13	98	11
WF	15	110	0
WF	17	110	0
WF	19	111	7
WF	21	119	0
WF	23	119	0
WF	25	48	4
WF	25	49	5
WF	25	50	5
WF	25	120	6
WF	27	127	0
WF	29	61	0
WF	29	127	0
WF	31	56	51
WF	31	57	51
WF	31	58	53
WF	31	59	53
WF	31	60	54
WF	31	61	54
WF	31	62	54
WF	31	63	56
WF	31	64	57
WF	31	65	57
WF	31	66	57
WF	31	67	57
WF	31	68	58
WF	31	69	59
WF	31	70	60
WF	31	71	61
WF	31	72	61
WF	31	73	64
WF	31	74	65
WF	31	75	65
WF	31	76	64
WF	31	77	63
WF	31	78	62
WF	31	79	62
WF	31	80	62
WF	31	81	62
WF	31	82	64
WF	31	86	67
WF	31	87	66
WF	31	88	65
WF	31	89	65
WF	31	90	65
WF	31	91	64
WF	31	128	67
WF	33	153	0
WF	33	196	0
WF	35	151	0
WF	35	152	0
WF	35	153	0
WF	35	196	0
WF	37	197	18
WF	39	216	0
WF	42	216	0
WF	43	217	23
WF	45	241	0
WF	47	241	0
WF	49	242	2
WF	51	245	0
WF	54	245	0
WF	55	246	23
WF	57	270	0
WF	59	271	9
WF	61	208	3
WF	61	280	3
WF	63	213	7
WF	63	214	9
WF	63	215	9
WF	63	216	10
WF	63	217	10
WF	63	218	9
WF	63	282	12
WF	63	283	11
WF	63	284	5
WF	65	295	0
WF	67	295	0
WF	69	230	4
WF	69	231	4
WF	69	232	4
WF	69	233	4
WF	69	234	4
WF	69	235	5
WF	69	236	5
WF	69	237	5
WF	69	295	6
WF	69	296	2
WF	71	245	0
WF	71	246	0
WF	71	302	0
WF	76	302	0
WF	77	303	3
WF	77	304	0
WF	79	307	1
WF	82	306	1
WF	83	308	2
WF	83	309	0
WF	86	244	10
WF	86	245	15
WF	86	246	15
WF	86	247	24
WF	86	248	24
WF	86	249	24
WF	86	250	26
WF	86	251	28
WF	86	252	28
WF	86	253	35
WF	86	254	38
WF	86	255	39
WF	86	256	42
WF	86	257	42
WF	86	258	41
WF	86	299	43
WF	86	300	42
WF	86	301	41
WF	86	302	36
WF	86	303	31
WF	86	304	26
WF	86	305	23
WF	86	306	19
WF	86	307	18
WF	86	308	12
WF	86	309	9
WF	86	310	5
WF	86	311	4
WF	87	216	6
WF	87	217	6
WF	87	284	6
WF	87	301	3
WF	87	339	6
WF	87	340	5
WF	87	341	2
WF	87	342	1
WF	87	343	0
WF	89	220	0
WF	89	221	0
WF	89	222	0
WF	89	291	0
WF	89	309	0
WF	89	310	0
WF	89	311	0
WF	89	312	0
WF	89	346	0
WF	92	223	0
WF	92	291	0
WF	92	311	0
WF	92	346	0
WF	93	221	0
WF	93	222	0
WF	93	292	6
WF	93	310	0
WF	93	311	3
WF	93	312	5
WF	93	313	5
WF	93	344	6
WF	93	345	5
WF	93	346	4
WF	93	347	1
WF	95	238	0
WF	95	299	0
WF	95	321	0
WF	95	322	0
WF	95	323	0
WF	95	351	0
WF	98	237	0
WF	98	238	0
WF	98	299	0
WF	98	321	0
WF	98	322	0
WF	98	323	0
WF	98	350	0
WF	99	230	1
WF	99	231	2
WF	99	232	2
WF	99	233	2
WF	99	300	2
WF	99	323	2
WF	99	324	2
WF	99	325	2
WF	99	326	2
WF	99	352	2
WF	101	237	0
WF	101	238	0
WF	101	303	0
WF	101	355	0
WF	104	237	0
WF	104	238	0
WF	104	303	0
WF	104	354	0
WF	105	239	1
WF	105	240	1
WF	105	248	4
WF	105	249	3
WF	105	250	3
WF	105	251	2
WF	105	304	4
WF	105	328	2
WF	105	329	2
WF	105	355	4
WF	105	356	1
WF	107	248	0
WF	107	253	0
WF	107	309	0
WF	107	335	0
WF	107	336	0
WF	107	360	0
WF	110	246	0
WF	110	247	0
WF	110	252	0
WF	110	309	0
WF	110	335	0
WF	110	336	0
WF	110	360	0
WF	111	247	0
WF	111	248	0
WF	111	253	0
WF	111	310	0
WF	111	361	0
WF	113	250	1
WF	113	253	1
WF	113	311	1
WF	113	362	1
WF	116	250	1
WF	116	251	1
WF	116	252	1
WF	116	253	1
WF	116	254	0
WF	116	311	1
WF	116	362	1
WF	117	253	1
WF	117	254	1
WF	117	255	0
WF	117	313	1
WF	117	364	1
WF	119	315	0
WF	119	365	0
WF	122	315	0
WF	122	366	0
WF	123	316	2
WF	123	340	1
WF	123	341	1
WF	123	342	1
WF	123	367	2
WF	125	319	0
WF	125	346	0
WF	125	347	0
WF	125	369	0
WF	128	319	0
WF	128	370	0
WF	129	320	2
WF	129	371	2
WF	131	323	0
WF	131	374	0
WF	134	323	0
WF	134	373	0
WF	135	324	2
WF	135	348	1
WF	135	349	2
WF	135	350	2
WF	135	351	2
WF	135	374	2
WF	138	327	1
WF	138	377	1
WF	139	329	8
WF	139	352	4
WF	139	353	4
WF	139	354	4
WF	139	355	3
WF	139	377	8
WF	139	378	2
WF	141	264	0
WF	141	265	0
WF	141	336	0
WF	141	337	0
WF	141	386	0
WF	144	264	0
WF	144	336	0
WF	144	385	0
WF	145	266	5
WF	145	267	5
WF	145	268	5
WF	145	269	5
WF	145	270	5
WF	145	271	5
WF	145	337	6
WF	145	338	6
WF	145	339	5
WF	145	363	3
WF	145	364	5
WF	145	365	5
WF	145	366	6
WF	145	367	6
WF	145	386	6
WF	145	387	0
WF	147	344	0
WF	147	392	0
WF	150	344	1
WF	150	393	1
WF	151	344	0
WF	151	393	0
WF	153	345	0
WF	153	393	0
WF	155	346	3
WF	155	375	2
WF	155	376	3
WF	155	395	3
WF	157	350	1
WF	157	381	0
WF	157	382	1
WF	157	397	1
WF	157	398	0
WF	160	350	1
WF	160	381	0
WF	160	382	0
WF	160	398	1
WF	160	399	0
WF	161	280	2
WF	161	281	2
WF	161	352	2
WF	161	400	2
WF	163	354	4
WF	163	355	1
WF	163	386	4
WF	163	387	4
WF	163	388	4
WF	163	403	4
WF	165	249	3
WF	165	360	4
WF	165	407	4
WF	165	408	0
WF	167	255	0
WF	167	365	0
WF	167	412	0
WF	170	255	0
WF	170	261	0
WF	170	365	0
WF	170	411	0
WF	171	257	7
WF	171	258	13
WF	171	259	13
WF	171	260	12
WF	171	261	12
WF	171	262	12
WF	171	263	12
WF	171	264	12
WF	171	366	13
WF	171	398	3
WF	171	399	8
WF	171	400	8
WF	171	401	8
WF	171	402	9
WF	171	403	9
WF	171	404	9
WF	171	405	8
WF	171	408	2
WF	171	409	2
WF	171	410	2
WF	171	411	1
WF	171	412	0
WF	173	380	0
WF	176	380	0
WF	177	245	0
WF	177	246	0
WF	177	381	0
WF	179	382	0
WF	182	382	0
WF	183	383	2
WF	183	420	0
WF	185	386	0
WF	188	387	1
WF	190	386	0
WF	191	387	1
WF	193	389	2
WF	195	392	0
WF	198	392	0
WF	199	393	3
WF	201	397	0
WF	204	397	0
WF	205	398	1
WF	207	400	2
WF	210	400	0
WF	211	403	8
WF	213	266	0
WF	213	412	0
WF	216	262	0
WF	216	263	0
WF	216	264	0
WF	216	265	0
WF	216	266	0
WF	216	412	0
WF	217	263	3
WF	217	264	3
WF	217	265	2
WF	217	266	5
WF	217	267	5
WF	217	268	4
WF	217	269	4
WF	217	270	4
WF	217	271	4
WF	217	272	4
WF	217	413	5
WF	219	419	0
WF	222	419	0
WF	223	280	4
WF	223	417	3
WF	223	418	0
WF	223	419	0
WF	223	420	0
WF	228	284	0
WF	229	282	0
WF	229	283	0
WF	229	284	8
WF	229	287	8
WF	229	292	8
WF	229	293	8
WF	229	414	6
WF	229	415	5
WF	229	416	4
WF	231	294	0
WF	231	295	0
WF	231	297	0
WF	231	298	0
WF	231	299	0
WF	231	300	0
WF	236	297	0
WF	236	298	0
WF	236	299	0
WF	236	300	0
WF	238	297	0
WF	239	296	0
WF	239	297	0
WF	245	302	4
WF	245	303	8
WF	245	304	12
WF	245	305	12
WF	245	306	12
WF	245	307	15
WF	245	308	16
WF	245	309	16
WF	245	310	16
WF	245	311	16
WF	245	312	18
WF	245	313	18
WF	245	314	21
WF	245	315	21
WF	245	316	21
WF	245	317	21
WF	245	318	21
WF	245	319	21
WF	245	320	21
WF	245	346	22
WF	245	347	21
WF	245	399	21
WF	245	400	20
WF	245	401	19
WF	249	282	0
WF	249	283	0
WF	249	284	1
WF	257	290	0
WF	257	291	0
WF	259	291	1
WF	259	292	2
WF	259	293	2
WF	261	297	0
WF	261	298	0
WF	264	299	0
WF	264	305	0
WF	265	298	0
WF	265	299	0
WF	265	300	1
WF	265	301	1
WF	265	302	1
WF	265	303	1
WF	275	301	5
WF	275	302	8
WF	275	303	8
WF	275	304	8
WF	275	305	8
WF	283	313	3
WF	283	314	3
WF	283	315	6
WF	283	319	10
WF	285	329	0
WF	287	328	0
WF	287	329	0
WF	65535	329	24
WF	65535	330	28
WF	65535	331	37
WF	65535	332	40
WF	65535	333	40
WF	65535	334	43
WF	65535	335	44
WF	65535	336	46
WF	65535	337	68
WF	65535	338	71
WF	65535	339	71
WF	65535	340	74
WF	65535	341	79
WF	65535	344	60
WF	65535	345	63
WF	65535	346	63
WF	65535	347	64
WF	65535	348	72
WF	65535	351	52
WF	65535	352	52
WF	65535	353	52
WF	65535	354	51
WF	65535	355	51
WF	65535	356	51
WF	65535	357	51
WF	65535	358	50
WF	65535	359	49
WF	65535	360	48
WF	65535	361	47
WF	65535	362	46
WF	65535	363	45
WF	65535	364	44
WF	65535	365	43
WF	65535	366	38
WF	65535	367	42
WF	65535	368	45
WF	65535	369	45
WF	65535	370	44
WF	65535	371	49
WF	65535	374	31
WF	65535	375	34
WF	65535	376	44
WF	65535	379	41
WF	65535	382	38
WF	65535	385	35
WF	65535	386	34
WF	65535	387	33
WF	65535	388	32
WF	65535	389	31
WF	65535	390	30
WF	65535	391	29
WF	65535	393	27
WF	65535	395	12
WF	65535	396	23
WF	65535	397	23
WF	65535	398	22
WF	65535	401	19
WF	65535	404	9
WF	65535	405	9
WF	65535	406	9
WF	65535	407	8
WF	65535	408	8
WF	65535	409	8
WF	65535	410	7
WF	65535	411	6
WF	65535	412	4
WF	65535	413	3
WF	65535	414	2
[gfa_ed_step] dist=37, n=577, n_intv=248, n_tb=0
Z	0	-1	37
Z	3	36	73
Z	6	34	73
Z	7	18	74
Z	9	43	98
Z	11	41	98
Z	13	34	99
Z	15	47	111
Z	17	45	111
Z	19	41	112
Z	21	48	120
Z	23	50	120
Z	25	51	121
Z	27	57	128
Z	29	59	128
Z	31	83	88
Z	31	92	129
Z	33	152	156
Z	33	160	197
Z	35	150	154
Z	35	158	197
Z	37	149	198
Z	39	167	217
Z	42	169	217
Z	43	161	218
Z	45	184	242
Z	47	186	188
Z	47	189	242
Z	49	183	243
Z	51	185	246
Z	54	187	193
Z	54	194	246
Z	55	186	247
Z	57	211	214
Z	57	215	271
Z	59	201	272
Z	61	207	281
Z	63	219	283
Z	65	233	296
Z	67	231	296
Z	69	238	296
Z	71	244	303
Z	73	247	303
Z	76	246	248
Z	76	249	303
Z	77	247	304
Z	79	250	308
Z	82	249	307
Z	83	249	309
Z	86	259	300
Z	87	213	285
Z	87	302	341
Z	89	219	223
Z	89	224	292
Z	89	308	313
Z	89	314	347
Z	92	221	224
Z	92	226	292
Z	92	310	348
Z	93	223	293
Z	93	314	345
Z	95	229	300
Z	95	320	352
Z	98	229	300
Z	98	320	351
Z	99	230	301
Z	99	322	353
Z	101	236	304
Z	101	329	356
Z	104	234	235
Z	104	236	304
Z	104	329	355
Z	105	241	251
Z	105	252	305
Z	105	330	356
Z	107	247	249
Z	107	250	254
Z	107	256	310
Z	107	334	361
Z	110	245	253
Z	110	256	310
Z	110	334	346
Z	110	347	361
Z	111	246	255
Z	111	256	311
Z	111	337	362
Z	113	249	254
Z	113	256	312
Z	113	337	363
Z	116	249	254
Z	116	258	312
Z	116	339	363
Z	117	252	256
Z	117	257	314
Z	117	338	365
Z	119	255	256
Z	119	258	316
Z	119	341	366
Z	122	260	316
Z	122	339	346
Z	122	347	367
Z	123	257	317
Z	123	343	368
Z	125	259	320
Z	125	345	370
Z	128	261	320
Z	128	347	371
Z	129	258	321
Z	129	346	372
Z	131	260	324
Z	131	348	375
Z	134	262	324
Z	134	348	374
Z	135	259	325
Z	135	348	375
Z	138	261	328
Z	138	354	378
Z	139	255	330
Z	139	356	378
Z	141	263	266
Z	141	267	339
Z	141	364	387
Z	144	263	338
Z	144	364	386
Z	145	272	339
Z	145	365	387
Z	147	278	345
Z	147	374	393
Z	150	278	346
Z	150	373	394
Z	151	280	345
Z	151	374	394
Z	153	279	346
Z	153	376	377
Z	153	378	394
Z	155	278	348
Z	155	374	396
Z	157	281	351
Z	157	381	398
Z	160	280	352
Z	160	383	399
Z	161	279	354
Z	161	386	401
Z	163	247	355
Z	163	385	404
Z	165	250	361
Z	165	394	408
Z	167	254	366
Z	167	398	413
Z	170	254	366
Z	170	400	412
Z	171	257	260
Z	171	265	367
Z	171	406	408
Z	173	278	381
Z	173	419	421
Z	176	278	381
Z	176	419	421
Z	177	244	382
Z	177	419	421
Z	179	246	248
Z	179	249	383
Z	179	419	421
Z	182	247	383
Z	182	419	421
Z	183	248	384
Z	185	250	387
Z	188	250	388
Z	190	250	346
Z	190	347	387
Z	191	249	388
Z	193	249	390
Z	195	253	393
Z	198	251	393
Z	199	250	394
Z	201	253	346
Z	201	347	398
Z	204	255	398
Z	205	253	399
Z	207	253	401
Z	210	254	401
Z	211	253	404
Z	213	263	264
Z	213	265	365
Z	213	366	413
Z	216	261	413
Z	217	262	268
Z	217	273	414
Z	219	270	271
Z	219	278	420
Z	222	278	377
Z	222	378	420
Z	223	277	417
Z	225	281	285
Z	225	287	346
Z	225	347	385
Z	225	386	421
Z	228	281	294
Z	228	295	370
Z	228	371	421
Z	229	283	413
Z	231	293	301
Z	231	302	421
Z	233	299	300
Z	233	304	421
Z	236	293	294
Z	236	295	301
Z	236	302	377
Z	236	378	421
Z	238	296	299
Z	238	300	421
Z	239	301	419
Z	241	303	421
Z	244	305	421
Z	245	316	318
Z	245	321	399
Z	247	281	285
Z	247	287	421
Z	249	285	417
Z	251	291	421
Z	254	290	421
Z	256	289	377
Z	256	378	421
Z	257	289	421
Z	259	291	419
Z	261	296	421
Z	264	296	297
Z	264	298	300
Z	264	301	346
Z	264	347	385
Z	264	386	421
Z	265	299	420
Z	267	305	421
Z	269	307	421
Z	272	302	303
Z	272	304	420
Z	273	306	421
Z	275	301	413
Z	277	314	421
Z	279	316	421
Z	282	313	365
Z	282	366	421
Z	283	316	411
Z	285	328	421
Z	287	327	331
Z	287	332	370
Z	287	371	409
Z	287	410	421
WF	0	37	35
WF	3	73	0
WF	6	73	0
WF	7	74	23
WF	9	98	0
WF	11	98	0
WF	13	99	11
WF	15	111	0
WF	17	111	0
WF	19	112	7
WF	21	120	0
WF	23	120	0
WF	25	47	6
WF	25	48	6
WF	25	49	6
WF	25	50	6
WF	25	121	6
WF	27	128	0
WF	29	128	0
WF	31	55	52
WF	31	56	52
WF	31	57	54
WF	31	58	54
WF	31	59	55
WF	31	60	56
WF	31	61	56
WF	31	62	57
WF	31	63	58
WF	31	64	58
WF	31	65	58
WF	31	66	58
WF	31	67	59
WF	31	68	60
WF	31	69	63
WF	31	70	63
WF	31	71	62
WF	31	72	65
WF	31	73	66
WF	31	74	66
WF	31	75	66
WF	31	76	66
WF	31	77	65
WF	31	78	64
WF	31	79	64
WF	31	80	63
WF	31	81	65
WF	31	82	65
WF	31	88	67
WF	31	89	66
WF	31	90	66
WF	31	91	65
WF	31	129	67
WF	33	156	0
WF	33	197	0
WF	35	154	0
WF	35	155	0
WF	35	197	0
WF	37	198	18
WF	39	217	0
WF	42	217	0
WF	43	218	23
WF	45	242	0
WF	47	242	0
WF	49	243	2
WF	51	246	0
WF	54	246	0
WF	55	247	23
WF	57	271	0
WF	59	272	9
WF	61	281	3
WF	63	211	0
WF	63	212	8
WF	63	213	10
WF	63	214	10
WF	63	215	11
WF	63	216	12
WF	63	217	12
WF	63	218	12
WF	63	283	12
WF	63	284	11
WF	63	285	5
WF	65	296	0
WF	67	296	0
WF	69	229	5
WF	69	230	5
WF	69	231	5
WF	69	232	5
WF	69	233	5
WF	69	234	6
WF	69	235	6
WF	69	236	6
WF	69	237	6
WF	69	296	6
WF	69	297	5
WF	71	303	0
WF	73	245	0
WF	73	246	0
WF	73	303	0
WF	76	248	0
WF	76	303	0
WF	77	246	0
WF	77	304	3
WF	77	305	0
WF	79	308	1
WF	82	307	1
WF	83	309	2
WF	83	310	0
WF	86	243	11
WF	86	244	17
WF	86	245	17
WF	86	246	25
WF	86	247	25
WF	86	248	25
WF	86	249	27
WF	86	250	30
WF	86	251	30
WF	86	252	36
WF	86	253	39
WF	86	254	40
WF	86	255	43
WF	86	256	43
WF	86	257	43
WF	86	258	42
WF	86	300	43
WF	86	301	42
WF	86	302	41
WF	86	303	36
WF	86	304	31
WF	86	305	26
WF	86	306	23
WF	86	307	19
WF	86	308	18
WF	86	309	12
WF	86	310	9
WF	86	311	8
WF	86	312	7
WF	87	211	2
WF	87	212	2
WF	87	285	6
WF	87	300	4
WF	87	301	4
WF	87	341	6
WF	87	342	2
WF	87	343	1
WF	87	344	0
WF	89	223	0
WF	89	292	0
WF	89	313	0
WF	89	347	0
WF	92	224	0
WF	92	292	0
WF	92	348	0
WF	93	220	1
WF	93	221	1
WF	93	222	1
WF	93	293	6
WF	93	309	2
WF	93	310	4
WF	93	311	6
WF	93	312	6
WF	93	313	6
WF	93	345	6
WF	93	346	5
WF	93	347	4
WF	93	348	1
WF	95	300	0
WF	95	352	0
WF	98	300	0
WF	98	351	0
WF	99	229	2
WF	99	301	2
WF	99	321	0
WF	99	353	2
WF	101	233	0
WF	101	234	0
WF	101	235	0
WF	101	304	0
WF	101	325	0
WF	101	326	0
WF	101	327	0
WF	101	328	0
WF	101	356	0
WF	104	235	0
WF	104	304	0
WF	104	325	0
WF	104	326	0
WF	104	327	0
WF	104	328	0
WF	104	355	0
WF	105	234	0
WF	105	235	0
WF	105	237	0
WF	105	238	2
WF	105	239	2
WF	105	240	2
WF	105	251	4
WF	105	305	4
WF	105	327	3
WF	105	328	3
WF	105	329	3
WF	105	356	4
WF	105	357	1
WF	107	249	0
WF	107	254	0
WF	107	255	0
WF	107	310	0
WF	107	361	0
WF	110	253	0
WF	110	254	0
WF	110	255	0
WF	110	310	0
WF	110	361	0
WF	111	255	0
WF	111	311	0
WF	111	335	0
WF	111	336	0
WF	111	362	0
WF	113	247	0
WF	113	248	1
WF	113	254	1
WF	113	255	0
WF	113	312	1
WF	113	363	1
WF	116	247	0
WF	116	248	0
WF	116	254	1
WF	116	255	0
WF	116	312	1
WF	116	363	1
WF	117	251	0
WF	117	256	1
WF	117	314	1
WF	117	365	1
WF	119	256	0
WF	119	257	0
WF	119	316	0
WF	119	366	0
WF	122	254	0
WF	122	255	0
WF	122	256	0
WF	122	257	0
WF	122	316	0
WF	122	367	0
WF	123	255	0
WF	123	256	0
WF	123	317	2
WF	123	339	2
WF	123	340	2
WF	123	341	2
WF	123	342	2
WF	123	368	2
WF	125	320	0
WF	125	370	0
WF	128	320	0
WF	128	371	0
WF	129	321	2
WF	129	372	2
WF	131	324	0
WF	131	375	0
WF	134	324	0
WF	134	374	0
WF	135	325	2
WF	135	347	2
WF	135	375	2
WF	138	328	1
WF	138	351	0
WF	138	352	0
WF	138	353	0
WF	138	378	1
WF	139	330	8
WF	139	351	7
WF	139	352	7
WF	139	353	6
WF	139	354	5
WF	139	355	4
WF	139	378	8
WF	139	379	2
WF	141	266	0
WF	141	339	0
WF	141	387	0
WF	144	338	0
WF	144	386	0
WF	145	264	0
WF	145	265	6
WF	145	266	6
WF	145	267	6
WF	145	268	6
WF	145	269	6
WF	145	270	6
WF	145	271	6
WF	145	339	6
WF	145	340	5
WF	145	362	4
WF	145	363	6
WF	145	364	6
WF	145	387	6
WF	145	388	0
WF	147	345	0
WF	147	372	0
WF	147	373	0
WF	147	393	0
WF	150	372	1
WF	150	394	1
WF	151	345	0
WF	151	372	0
WF	151	373	0
WF	151	394	0
WF	153	346	0
WF	153	394	0
WF	155	348	3
WF	155	396	3
WF	157	351	1
WF	157	378	0
WF	157	379	1
WF	157	380	1
WF	157	398	1
WF	157	399	0
WF	160	378	0
WF	160	379	0
WF	160	380	1
WF	160	381	1
WF	160	382	1
WF	160	399	1
WF	160	400	0
WF	161	354	2
WF	161	383	2
WF	161	384	2
WF	161	385	1
WF	161	401	2
WF	163	355	4
WF	163	356	2
WF	163	404	4
WF	165	248	4
WF	165	249	4
WF	165	361	4
WF	165	390	0
WF	165	391	4
WF	165	392	4
WF	165	393	3
WF	165	408	4
WF	165	409	1
WF	167	366	0
WF	167	413	0
WF	170	366	0
WF	170	412	0
WF	171	255	7
WF	171	256	8
WF	171	260	13
WF	171	261	13
WF	171	262	13
WF	171	263	13
WF	171	264	13
WF	171	367	13
WF	171	397	4
WF	171	398	10
WF	171	399	10
WF	171	400	11
WF	171	401	11
WF	171	402	12
WF	171	403	12
WF	171	404	11
WF	171	405	9
WF	171	410	4
WF	171	411	3
WF	171	412	1
WF	171	413	0
WF	173	271	0
WF	173	272	0
WF	173	273	0
WF	173	381	0
WF	176	271	0
WF	176	272	0
WF	176	273	0
WF	176	381	0
WF	177	382	0
WF	179	248	0
WF	179	383	0
WF	182	245	0
WF	182	246	0
WF	182	383	0
WF	183	246	0
WF	183	247	0
WF	183	384	2
WF	183	419	1
WF	185	387	0
WF	188	388	1
WF	190	387	0
WF	191	388	1
WF	193	390	2
WF	195	393	0
WF	198	393	0
WF	199	394	3
WF	201	398	0
WF	204	398	0
WF	205	399	1
WF	207	401	2
WF	210	401	0
WF	211	404	8
WF	213	413	0
WF	216	413	0
WF	217	268	5
WF	217	269	5
WF	217	270	5
WF	217	271	5
WF	217	272	5
WF	217	414	5
WF	219	268	0
WF	219	269	0
WF	219	271	0
WF	219	272	0
WF	219	273	0
WF	219	420	0
WF	222	268	0
WF	222	269	0
WF	222	270	0
WF	222	271	0
WF	222	272	0
WF	222	273	0
WF	222	420	0
WF	223	270	2
WF	223	271	2
WF	223	272	1
WF	223	419	1
WF	225	285	0
WF	229	281	1
WF	229	282	1
WF	229	413	7
WF	229	414	6
WF	229	415	5
WF	231	292	0
WF	231	301	0
WF	233	294	0
WF	233	295	0
WF	233	296	0
WF	233	297	0
WF	233	298	0
WF	233	300	0
WF	233	301	0
WF	236	294	0
WF	236	301	0
WF	238	293	0
WF	238	294	0
WF	238	295	0
WF	238	299	0
WF	239	295	1
WF	239	296	1
WF	239	297	1
WF	239	298	0
WF	239	299	0
WF	239	300	0
WF	245	301	5
WF	245	302	9
WF	245	303	13
WF	245	304	13
WF	245	305	13
WF	245	306	16
WF	245	307	17
WF	245	308	17
WF	245	309	17
WF	245	310	17
WF	245	311	20
WF	245	312	20
WF	245	313	22
WF	245	314	22
WF	245	315	22
WF	245	318	22
WF	245	319	22
WF	245	320	22
WF	245	399	21
WF	245	400	20
WF	247	285	0
WF	249	281	1
WF	249	282	1
WF	249	283	2
WF	249	284	2
WF	259	290	2
WF	261	294	0
WF	261	295	0
WF	264	294	0
WF	264	295	0
WF	264	297	0
WF	264	300	0
WF	265	296	0
WF	265	297	1
WF	265	298	1
WF	267	301	0
WF	267	302	0
WF	267	303	0
WF	267	304	0
WF	272	303	1
WF	273	303	0
WF	273	304	0
WF	275	300	6
WF	277	310	0
WF	277	311	0
WF	277	312	0
WF	277	313	0
WF	279	310	0
WF	279	311	0
WF	279	312	0
WF	279	313	0
WF	279	314	0
WF	282	310	0
WF	282	311	0
WF	282	312	0
WF	283	312	4
WF	283	313	4
WF	283	314	7
WF	283	315	7
WF	65535	328	25
WF	65535	329	29
WF	65535	330	39
WF	65535	331	41
WF	65535	332	41
WF	65535	333	44
WF	65535	334	45
WF	65535	335	48
WF	65535	336	71
WF	65535	337	72
WF	65535	338	72
WF	65535	339	75
WF	65535	340	80
WF	65535	343	61
WF	65535	344	64
WF	65535	345	64
WF	65535	346	68
WF	65535	347	73
WF	65535	350	53
WF	65535	351	55
WF	65535	352	55
WF	65535	353	54
WF	65535	354	66
WF	65535	357	52
WF	65535	358	52
WF	65535	359	51
WF	65535	360	50
WF	65535	361	49
WF	65535	362	48
WF	65535	363	47
WF	65535	364	46
WF	65535	365	45
WF	65535	366	43
WF	65535	367	46
WF	65535	368	46
WF	65535	369	46
WF	65535	370	50
WF	65535	373	34
WF	65535	374	35
WF	65535	375	45
WF	65535	378	42
WF	65535	381	39
WF	65535	384	36
WF	65535	385	35
WF	65535	386	34
WF	65535	387	33
WF	65535	388	32
WF	65535	389	31
WF	65535	390	30
WF	65535	392	28
WF	65535	394	13
WF	65535	395	25
WF	65535	396	24
WF	65535	397	23
WF	65535	400	20
WF	65535	403	10
WF	65535	404	10
WF	65535	405	11
WF	65535	406	11
WF	65535	407	10
WF	65535	408	9
WF	65535	409	9
WF	65535	410	8
WF	65535	411	8
WF	65535	412	7
WF	65535	413	4
WF	65535	414	3
WF	65535	415	2
[gfa_ed_step] dist=38, n=587, n_intv=259, n_tb=0
Z	0	-1	38
Z	3	36	74
Z	6	34	74
Z	7	18	75
Z	9	43	99
Z	11	41	99
Z	13	34	100
Z	15	47	112
Z	17	45	112
Z	19	41	113
Z	21	48	121
Z	23	50	121
Z	25	46	122
Z	27	57	129
Z	29	54	58
Z	29	59	129
Z	31	71	73
Z	31	74	76
Z	31	83	90
Z	31	92	130
Z	33	152	157
Z	33	160	198
Z	35	143	144
Z	35	150	156
Z	35	157	198
Z	37	149	199
Z	39	167	218
Z	42	169	218
Z	43	161	219
Z	45	184	243
Z	47	186	188
Z	47	189	243
Z	49	183	244
Z	51	185	247
Z	54	187	193
Z	54	194	247
Z	55	186	248
Z	57	211	214
Z	57	215	272
Z	59	201	273
Z	61	207	282
Z	63	211	213
Z	63	215	284
Z	65	229	232
Z	65	233	297
Z	67	225	226
Z	67	231	297
Z	69	233	297
Z	71	244	304
Z	73	244	304
Z	76	246	304
Z	77	247	305
Z	79	250	309
Z	82	249	308
Z	83	249	311
Z	86	254	258
Z	86	259	301
Z	87	213	286
Z	87	302	342
Z	89	219	293
Z	89	308	348
Z	92	221	225
Z	92	226	293
Z	92	310	349
Z	93	223	294
Z	93	310	346
Z	95	229	301
Z	95	320	353
Z	98	229	301
Z	98	320	352
Z	99	228	302
Z	99	322	354
Z	101	232	305
Z	101	324	357
Z	104	232	233
Z	104	234	305
Z	104	324	356
Z	105	241	306
Z	105	326	328
Z	105	330	357
Z	107	247	311
Z	107	334	362
Z	110	245	311
Z	110	334	346
Z	110	347	362
Z	111	246	312
Z	111	334	363
Z	113	247	313
Z	113	337	364
Z	116	249	255
Z	116	258	313
Z	116	339	364
Z	117	252	315
Z	117	338	366
Z	119	255	317
Z	119	341	367
Z	122	253	258
Z	122	259	317
Z	122	339	346
Z	122	347	368
Z	123	257	318
Z	123	338	369
Z	125	259	321
Z	125	345	371
Z	128	261	321
Z	128	342	344
Z	128	345	346
Z	128	347	372
Z	129	258	322
Z	129	346	373
Z	131	260	325
Z	131	348	376
Z	134	262	325
Z	134	348	376
Z	135	259	326
Z	135	346	376
Z	138	261	329
Z	138	350	352
Z	138	354	379
Z	139	255	331
Z	139	356	379
Z	141	263	340
Z	141	364	388
Z	144	263	339
Z	144	364	387
Z	145	264	340
Z	145	362	388
Z	147	278	346
Z	147	371	394
Z	150	278	346
Z	150	371	395
Z	151	272	276
Z	151	277	278
Z	151	280	347
Z	151	370	395
Z	153	276	277
Z	153	278	347
Z	153	371	372
Z	153	376	377
Z	153	378	395
Z	155	278	349
Z	155	374	397
Z	157	281	352
Z	157	378	400
Z	160	280	352
Z	160	379	400
Z	161	279	355
Z	161	382	402
Z	163	247	357
Z	163	385	405
Z	165	247	362
Z	165	390	393
Z	165	394	409
Z	167	254	367
Z	167	396	414
Z	170	254	367
Z	170	400	413
Z	171	257	368
Z	171	399	401
Z	171	402	404
Z	171	406	408
Z	173	270	274
Z	173	276	277
Z	173	278	382
Z	173	417	418
Z	173	419	421
Z	176	270	274
Z	176	278	382
Z	176	414	415
Z	176	419	421
Z	177	244	383
Z	177	418	421
Z	179	246	384
Z	179	419	421
Z	182	244	384
Z	182	419	421
Z	183	248	385
Z	185	250	388
Z	188	250	389
Z	190	250	346
Z	190	347	388
Z	191	249	389
Z	193	249	391
Z	195	253	394
Z	198	251	394
Z	199	250	395
Z	201	253	346
Z	201	347	399
Z	204	255	399
Z	205	253	400
Z	207	253	402
Z	210	254	402
Z	211	253	405
Z	213	263	264
Z	213	265	365
Z	213	366	414
Z	216	261	414
Z	217	262	415
Z	219	267	274
Z	219	278	421
Z	222	267	274
Z	222	276	277
Z	222	278	377
Z	222	378	421
Z	223	269	272
Z	223	277	417
Z	225	281	286
Z	225	287	346
Z	225	347	385
Z	225	386	421
Z	228	276	277
Z	228	281	294
Z	228	295	370
Z	228	371	421
Z	229	283	413
Z	231	291	421
Z	233	293	302
Z	233	304	421
Z	236	293	377
Z	236	378	421
Z	238	292	421
Z	239	301	419
Z	241	303	421
Z	244	305	421
Z	245	312	399
Z	247	281	286
Z	247	287	421
Z	249	281	283
Z	249	285	417
Z	251	291	421
Z	254	290	421
Z	256	289	377
Z	256	378	421
Z	257	289	421
Z	259	289	419
Z	261	293	421
Z	264	293	346
Z	264	347	385
Z	264	386	421
Z	265	296	420
Z	267	300	421
Z	269	304	305
Z	269	307	421
Z	272	302	420
Z	273	302	305
Z	273	306	421
Z	275	301	413
Z	277	309	421
Z	279	309	315
Z	279	316	421
Z	282	309	365
Z	282	366	421
Z	283	314	411
Z	285	326	327
Z	285	328	421
Z	287	327	331
Z	287	332	370
Z	287	371	409
Z	287	410	421
WF	0	38	35
WF	3	74	0
WF	6	74	0
WF	7	75	23
WF	9	99	0
WF	11	99	0
WF	13	100	11
WF	15	112	0
WF	17	112	0
WF	19	113	7
WF	21	121	0
WF	23	121	0
WF	25	122	6
WF	27	53	0
WF	27	54	0
WF	27	55	0
WF	27	56	0
WF	27	129	0
WF	29	129	0
WF	31	54	53
WF	31	55	53
WF	31	56	55
WF	31	57	55
WF	31	58	56
WF	31	59	57
WF	31	60	59
WF	31	61	59
WF	31	62	59
WF	31	63	59
WF	31	64	60
WF	31	65	60
WF	31	66	60
WF	31	67	63
WF	31	68	64
WF	31	69	64
WF	31	70	64
WF	31	73	67
WF	31	76	67
WF	31	77	66
WF	31	78	66
WF	31	79	66
WF	31	80	66
WF	31	81	66
WF	31	82	66
WF	31	90	67
WF	31	91	66
WF	31	130	67
WF	33	139	0
WF	33	140	0
WF	33	142	0
WF	33	143	0
WF	33	157	0
WF	33	198	0
WF	35	139	0
WF	35	140	0
WF	35	144	0
WF	35	156	0
WF	35	198	0
WF	37	143	0
WF	37	144	0
WF	37	199	18
WF	39	218	0
WF	42	218	0
WF	43	219	23
WF	45	243	0
WF	47	243	0
WF	49	244	2
WF	51	247	0
WF	54	247	0
WF	55	248	23
WF	57	272	0
WF	59	273	9
WF	61	282	3
WF	63	210	1
WF	63	213	12
WF	63	214	12
WF	63	284	12
WF	63	285	11
WF	63	286	5
WF	65	224	0
WF	65	225	0
WF	65	232	0
WF	65	297	0
WF	67	228	0
WF	67	229	0
WF	67	230	0
WF	67	297	0
WF	69	225	3
WF	69	226	3
WF	69	227	2
WF	69	228	6
WF	69	229	6
WF	69	230	6
WF	69	231	6
WF	69	232	6
WF	69	297	6
WF	69	298	5
WF	71	240	0
WF	71	241	0
WF	71	242	0
WF	71	243	0
WF	71	304	0
WF	73	304	0
WF	76	244	0
WF	76	245	0
WF	76	304	0
WF	77	245	2
WF	77	246	2
WF	77	305	3
WF	77	306	0
WF	79	309	1
WF	82	308	1
WF	83	311	2
WF	86	242	12
WF	86	243	18
WF	86	244	18
WF	86	245	26
WF	86	246	26
WF	86	247	26
WF	86	248	28
WF	86	249	33
WF	86	250	33
WF	86	251	41
WF	86	252	41
WF	86	253	41
WF	86	258	43
WF	86	301	43
WF	86	302	42
WF	86	303	41
WF	86	304	36
WF	86	305	31
WF	86	306	26
WF	86	307	23
WF	86	308	19
WF	86	309	18
WF	86	310	12
WF	86	311	10
WF	86	312	9
WF	86	313	7
WF	86	314	0
WF	87	210	3
WF	87	211	4
WF	87	212	4
WF	87	286	6
WF	87	298	1
WF	87	299	5
WF	87	300	5
WF	87	301	5
WF	87	342	6
WF	87	343	2
WF	87	344	1
WF	87	345	0
WF	89	293	0
WF	89	348	0
WF	92	225	0
WF	92	293	0
WF	92	349	0
WF	93	219	2
WF	93	220	2
WF	93	221	2
WF	93	222	2
WF	93	294	6
WF	93	308	3
WF	93	309	5
WF	93	346	6
WF	93	347	5
WF	93	348	4
WF	93	349	2
WF	95	301	0
WF	95	317	0
WF	95	318	0
WF	95	319	0
WF	95	353	0
WF	98	301	0
WF	98	317	0
WF	98	318	0
WF	98	319	0
WF	98	352	0
WF	99	302	2
WF	99	320	1
WF	99	321	1
WF	99	354	2
WF	101	231	0
WF	101	305	0
WF	101	357	0
WF	104	305	0
WF	104	356	0
WF	105	232	1
WF	105	233	1
WF	105	234	1
WF	105	235	1
WF	105	236	1
WF	105	237	3
WF	105	238	3
WF	105	239	3
WF	105	240	3
WF	105	306	4
WF	105	325	0
WF	105	328	4
WF	105	329	4
WF	105	357	4
WF	105	358	1
WF	107	311	0
WF	107	331	0
WF	107	332	0
WF	107	362	0
WF	110	311	0
WF	110	331	0
WF	110	332	0
WF	110	362	0
WF	111	312	0
WF	111	363	0
WF	113	246	1
WF	113	313	1
WF	113	335	0
WF	113	336	0
WF	113	364	1
WF	116	246	1
WF	116	247	1
WF	116	248	1
WF	116	255	1
WF	116	256	1
WF	116	257	0
WF	116	313	1
WF	116	335	0
WF	116	336	0
WF	116	337	0
WF	116	364	1
WF	117	249	1
WF	117	250	1
WF	117	251	1
WF	117	315	1
WF	117	366	1
WF	119	317	0
WF	119	367	0
WF	122	258	0
WF	122	317	0
WF	122	368	0
WF	123	254	1
WF	123	255	2
WF	123	256	2
WF	123	318	2
WF	123	369	2
WF	125	321	0
WF	125	341	0
WF	125	342	0
WF	125	343	0
WF	125	344	0
WF	125	371	0
WF	128	321	0
WF	128	344	0
WF	128	346	0
WF	128	372	0
WF	129	322	2
WF	129	342	1
WF	129	343	1
WF	129	344	0
WF	129	345	0
WF	129	373	2
WF	131	325	0
WF	131	376	0
WF	134	325	0
WF	134	376	0
WF	135	326	2
WF	135	376	2
WF	138	329	1
WF	138	349	0
WF	138	352	1
WF	138	353	1
WF	138	379	1
WF	139	331	8
WF	139	349	0
WF	139	350	8
WF	139	351	8
WF	139	352	8
WF	139	353	7
WF	139	354	6
WF	139	355	5
WF	139	379	8
WF	139	380	2
WF	141	340	0
WF	141	388	0
WF	144	339	0
WF	144	387	0
WF	145	263	3
WF	145	340	6
WF	145	341	5
WF	145	361	5
WF	145	388	6
WF	145	389	0
WF	147	271	0
WF	147	272	0
WF	147	273	0
WF	147	274	0
WF	147	275	0
WF	147	276	0
WF	147	277	0
WF	147	346	0
WF	147	369	0
WF	147	370	0
WF	147	394	0
WF	150	271	0
WF	150	272	0
WF	150	273	0
WF	150	274	0
WF	150	275	0
WF	150	276	0
WF	150	277	0
WF	150	346	0
WF	150	369	0
WF	150	370	0
WF	150	395	1
WF	151	276	0
WF	151	278	0
WF	151	347	0
WF	151	395	0
WF	153	272	0
WF	153	273	0
WF	153	274	0
WF	153	275	0
WF	153	277	0
WF	153	347	0
WF	153	372	0
WF	153	373	0
WF	153	374	0
WF	153	395	0
WF	155	276	0
WF	155	277	0
WF	155	349	3
WF	155	371	1
WF	155	372	1
WF	155	373	1
WF	155	397	3
WF	157	352	1
WF	157	377	1
WF	157	400	1
WF	157	401	0
WF	160	352	0
WF	160	377	1
WF	160	378	1
WF	160	400	1
WF	160	401	0
WF	161	355	2
WF	161	380	1
WF	161	381	1
WF	161	402	2
WF	163	357	4
WF	163	405	4
WF	165	362	4
WF	165	389	1
WF	165	393	4
WF	165	409	4
WF	165	410	1
WF	167	252	0
WF	167	253	0
WF	167	367	0
WF	167	414	0
WF	170	252	0
WF	170	253	0
WF	170	367	0
WF	170	395	0
WF	170	396	0
WF	170	397	0
WF	170	413	0
WF	171	254	8
WF	171	255	11
WF	171	256	11
WF	171	368	13
WF	171	396	5
WF	171	397	11
WF	171	398	11
WF	171	401	13
WF	171	404	13
WF	171	405	12
WF	171	409	5
WF	171	410	5
WF	171	411	4
WF	171	412	3
WF	171	413	1
WF	171	414	0
WF	173	274	0
WF	173	275	0
WF	173	277	0
WF	173	382	0
WF	173	413	0
WF	173	414	0
WF	176	274	0
WF	176	275	0
WF	176	276	0
WF	176	277	0
WF	176	382	0
WF	176	415	0
WF	176	416	0
WF	176	417	0
WF	177	240	0
WF	177	241	0
WF	177	242	0
WF	177	243	0
WF	177	383	0
WF	177	414	0
WF	177	415	0
WF	179	244	0
WF	179	245	0
WF	179	384	0
WF	179	418	0
WF	182	384	0
WF	182	418	0
WF	183	245	2
WF	183	246	2
WF	183	247	1
WF	183	385	2
WF	183	418	2
WF	185	388	0
WF	188	389	1
WF	190	388	0
WF	191	389	1
WF	193	391	2
WF	195	394	0
WF	198	394	0
WF	199	395	3
WF	201	399	0
WF	204	399	0
WF	205	400	1
WF	207	402	2
WF	210	402	0
WF	211	405	8
WF	213	414	0
WF	216	414	0
WF	217	415	5
WF	219	274	0
WF	219	275	0
WF	219	276	0
WF	219	277	0
WF	222	274	0
WF	222	275	0
WF	222	277	0
WF	223	268	1
WF	223	272	4
WF	223	273	1
WF	223	274	0
WF	223	276	0
WF	223	418	2
WF	223	420	0
WF	225	274	0
WF	225	275	0
WF	225	276	0
WF	225	286	0
WF	228	274	0
WF	228	275	0
WF	229	276	2
WF	229	277	2
WF	229	278	1
WF	229	280	2
WF	229	281	5
WF	229	282	5
WF	229	413	7
WF	229	414	6
WF	233	292	0
WF	233	302	0
WF	239	293	1
WF	239	294	2
WF	239	295	2
WF	239	296	2
WF	239	297	2
WF	239	298	1
WF	239	299	1
WF	239	300	1
WF	245	300	6
WF	245	301	10
WF	245	302	14
WF	245	303	14
WF	245	304	14
WF	245	305	17
WF	245	306	18
WF	245	307	18
WF	245	308	18
WF	245	309	18
WF	245	310	21
WF	245	311	21
WF	245	399	21
WF	247	274	0
WF	247	275	0
WF	247	276	0
WF	247	286	0
WF	249	276	2
WF	249	277	2
WF	249	278	1
WF	249	280	2
WF	249	283	4
WF	249	284	3
WF	251	286	0
WF	251	287	0
WF	256	286	0
WF	256	287	0
WF	261	292	0
WF	264	292	0
WF	265	294	0
WF	265	295	1
WF	267	298	0
WF	267	299	0
WF	269	301	0
WF	269	302	0
WF	269	303	0
WF	269	305	0
WF	272	298	0
WF	272	299	0
WF	272	300	0
WF	273	305	0
WF	275	299	7
WF	275	300	7
WF	279	315	0
WF	283	310	0
WF	283	311	5
WF	283	312	5
WF	283	313	9
WF	285	327	0
WF	287	326	0
WF	65535	327	26
WF	65535	328	30
WF	65535	329	41
WF	65535	330	42
WF	65535	331	42
WF	65535	332	45
WF	65535	333	46
WF	65535	334	49
WF	65535	335	72
WF	65535	336	74
WF	65535	337	74
WF	65535	338	76
WF	65535	339	81
WF	65535	342	63
WF	65535	343	65
WF	65535	344	65
WF	65535	345	69
WF	65535	346	74
WF	65535	349	54
WF	65535	350	57
WF	65535	351	57
WF	65535	352	56
WF	65535	353	67
WF	65535	356	54
WF	65535	357	54
WF	65535	358	53
WF	65535	359	53
WF	65535	360	52
WF	65535	361	50
WF	65535	362	49
WF	65535	363	48
WF	65535	364	47
WF	65535	365	46
WF	65535	366	48
WF	65535	367	48
WF	65535	368	48
WF	65535	369	51
WF	65535	372	35
WF	65535	373	36
WF	65535	374	46
WF	65535	377	43
WF	65535	380	40
WF	65535	383	37
WF	65535	384	36
WF	65535	385	35
WF	65535	386	34
WF	65535	387	33
WF	65535	388	32
WF	65535	389	31
WF	65535	391	29
WF	65535	393	14
WF	65535	394	26
WF	65535	395	25
WF	65535	396	24
WF	65535	399	21
WF	65535	402	11
WF	65535	403	11
WF	65535	404	12
WF	65535	405	12
WF	65535	406	12
WF	65535	407	11
WF	65535	408	11
WF	65535	409	10
WF	65535	410	9
WF	65535	411	9
WF	65535	412	8
WF	65535	413	7
WF	65535	414	4
WF	65535	415	3
WF	65535	416	2
[gfa_ed_step] dist=39, n=586, n_intv=272, n_tb=0
Z	0	-1	39
Z	3	36	75
Z	6	34	75
Z	7	18	76
Z	9	43	100
Z	11	41	100
Z	13	34	101
Z	15	47	113
Z	17	45	113
Z	19	41	114
Z	21	48	122
Z	23	50	122
Z	25	46	123
Z	27	52	130
Z	29	54	58
Z	29	59	130
Z	31	71	91
Z	31	92	131
Z	33	138	144
Z	33	146	147
Z	33	149	150
Z	33	152	158
Z	33	160	199
Z	35	138	142
Z	35	143	145
Z	35	150	199
Z	37	149	200
Z	39	167	219
Z	42	169	219
Z	43	161	220
Z	45	184	244
Z	47	186	188
Z	47	189	244
Z	49	183	245
Z	51	185	248
Z	54	187	193
Z	54	194	248
Z	55	186	249
Z	57	211	214
Z	57	215	273
Z	59	201	274
Z	61	207	283
Z	63	211	285
Z	65	223	227
Z	65	229	298
Z	67	225	226
Z	67	227	298
Z	69	225	299
Z	71	233	234
Z	71	239	306
Z	73	243	305
Z	76	241	305
Z	77	247	306
Z	79	250	310
Z	82	249	309
Z	83	249	312
Z	86	254	302
Z	87	213	287
Z	87	302	343
Z	89	219	294
Z	89	308	349
Z	92	221	294
Z	92	310	350
Z	93	223	295
Z	93	308	347
Z	95	229	302
Z	95	316	354
Z	98	229	302
Z	98	316	353
Z	99	228	303
Z	99	322	355
Z	101	230	306
Z	101	324	358
Z	104	232	233
Z	104	234	306
Z	104	324	357
Z	105	236	239
Z	105	241	307
Z	105	326	358
Z	107	242	243
Z	107	247	312
Z	107	330	333
Z	107	334	363
Z	110	245	312
Z	110	330	346
Z	110	347	363
Z	111	246	313
Z	111	334	364
Z	113	245	314
Z	113	337	365
Z	116	245	257
Z	116	258	314
Z	116	336	338
Z	116	339	365
Z	117	248	316
Z	117	338	367
Z	119	252	253
Z	119	255	318
Z	119	341	368
Z	122	253	318
Z	122	339	346
Z	122	347	369
Z	123	254	319
Z	123	338	370
Z	125	259	322
Z	125	340	372
Z	128	259	260
Z	128	261	322
Z	128	342	373
Z	129	258	323
Z	129	346	374
Z	131	260	326
Z	131	348	377
Z	134	262	326
Z	134	348	377
Z	135	259	327
Z	135	346	377
Z	138	261	330
Z	138	348	380
Z	139	255	332
Z	139	349	353
Z	139	356	380
Z	141	263	341
Z	141	361	362
Z	141	364	389
Z	144	263	340
Z	144	364	388
Z	145	264	341
Z	145	362	389
Z	147	270	347
Z	147	368	395
Z	150	270	277
Z	150	278	346
Z	150	347	348
Z	150	368	370
Z	150	371	396
Z	151	272	279
Z	151	280	348
Z	151	370	396
Z	153	271	348
Z	153	371	375
Z	153	376	377
Z	153	378	396
Z	155	278	350
Z	155	374	398
Z	157	281	353
Z	157	376	401
Z	160	280	352
Z	160	376	401
Z	161	279	356
Z	161	382	403
Z	163	247	358
Z	163	385	406
Z	165	247	363
Z	165	390	410
Z	167	251	368
Z	167	396	415
Z	170	251	368
Z	170	394	398
Z	170	400	415
Z	171	254	369
Z	171	399	408
Z	173	270	383
Z	173	412	415
Z	173	417	418
Z	173	419	421
Z	176	270	383
Z	176	414	418
Z	176	419	421
Z	177	233	234
Z	177	239	384
Z	177	413	417
Z	177	418	421
Z	179	241	385
Z	179	417	421
Z	182	243	385
Z	182	417	421
Z	183	244	386
Z	183	417	419
Z	185	250	389
Z	188	250	390
Z	190	250	346
Z	190	347	389
Z	191	249	390
Z	193	249	392
Z	195	253	395
Z	198	251	395
Z	199	250	396
Z	201	253	346
Z	201	347	400
Z	204	255	400
Z	205	253	401
Z	207	253	403
Z	210	254	403
Z	211	253	406
Z	213	263	264
Z	213	265	365
Z	213	366	415
Z	216	261	415
Z	217	262	416
Z	219	267	421
Z	222	267	377
Z	222	378	421
Z	223	269	273
Z	223	277	417
Z	225	273	277
Z	225	281	346
Z	225	347	385
Z	225	386	421
Z	228	273	277
Z	228	281	294
Z	228	295	370
Z	228	371	421
Z	229	283	413
Z	231	291	421
Z	233	291	303
Z	233	304	421
Z	236	293	377
Z	236	378	421
Z	238	292	421
Z	239	293	298
Z	239	301	419
Z	241	299	300
Z	241	303	421
Z	244	297	299
Z	244	300	301
Z	244	305	421
Z	245	309	311
Z	245	312	399
Z	247	273	277
Z	247	281	421
Z	249	276	278
Z	249	281	417
Z	251	282	283
Z	251	285	290
Z	251	291	421
Z	254	283	284
Z	254	290	421
Z	256	285	288
Z	256	289	377
Z	256	378	421
Z	257	287	288
Z	257	289	421
Z	259	284	285
Z	259	289	419
Z	261	291	421
Z	264	287	288
Z	264	291	346
Z	264	347	385
Z	264	386	421
Z	265	288	289
Z	265	294	420
Z	267	290	291
Z	267	297	421
Z	269	299	306
Z	269	307	421
Z	272	298	301
Z	272	302	420
Z	273	302	421
Z	275	291	292
Z	275	298	413
Z	277	308	421
Z	279	300	301
Z	279	309	421
Z	282	309	365
Z	282	366	421
Z	283	312	411
Z	285	326	421
Z	287	325	331
Z	287	332	370
Z	287	371	409
Z	287	410	421
WF	0	39	35
WF	3	75	0
WF	6	75	0
WF	7	76	23
WF	9	100	0
WF	11	100	0
WF	13	101	11
WF	15	113	0
WF	17	113	0
WF	19	114	7
WF	21	122	0
WF	23	122	0
WF	25	123	6
WF	27	130	0
WF	29	130	0
WF	31	53	54
WF	31	54	54
WF	31	55	56
WF	31	56	56
WF	31	57	57
WF	31	58	58
WF	31	59	60
WF	31	60	60
WF	31	61	60
WF	31	62	60
WF	31	63	61
WF	31	64	62
WF	31	65	62
WF	31	66	64
WF	31	67	65
WF	31	68	65
WF	31	69	65
WF	31	70	65
WF	31	91	67
WF	31	131	67
WF	33	144	0
WF	33	147	0
WF	33	150	0
WF	33	158	0
WF	33	199	0
WF	35	142	0
WF	35	145	0
WF	35	146	0
WF	35	147	0
WF	35	148	0
WF	35	149	0
WF	35	199	0
WF	37	139	0
WF	37	140	0
WF	37	141	0
WF	37	142	1
WF	37	143	4
WF	37	144	4
WF	37	145	3
WF	37	146	0
WF	37	147	0
WF	37	200	18
WF	39	219	0
WF	42	219	0
WF	43	220	23
WF	45	244	0
WF	47	244	0
WF	49	245	2
WF	51	248	0
WF	54	248	0
WF	55	249	23
WF	57	273	0
WF	59	274	9
WF	61	283	3
WF	63	209	2
WF	63	210	2
WF	63	285	12
WF	63	286	11
WF	63	287	5
WF	65	227	0
WF	65	298	0
WF	67	226	0
WF	67	298	0
WF	69	224	6
WF	69	299	6
WF	71	234	0
WF	71	235	0
WF	71	236	0
WF	71	237	0
WF	71	238	0
WF	71	306	0
WF	73	233	0
WF	73	234	0
WF	73	240	0
WF	73	241	0
WF	73	242	0
WF	73	305	0
WF	73	306	0
WF	76	233	0
WF	76	234	0
WF	76	305	0
WF	76	306	0
WF	77	241	0
WF	77	242	0
WF	77	243	1
WF	77	244	3
WF	77	245	3
WF	77	246	3
WF	77	306	3
WF	77	307	0
WF	79	310	1
WF	82	309	1
WF	83	312	2
WF	86	241	13
WF	86	242	24
WF	86	243	24
WF	86	244	27
WF	86	245	27
WF	86	246	27
WF	86	247	30
WF	86	248	34
WF	86	249	34
WF	86	250	42
WF	86	251	43
WF	86	252	43
WF	86	253	42
WF	86	302	43
WF	86	303	42
WF	86	304	41
WF	86	305	36
WF	86	306	31
WF	86	307	26
WF	86	308	23
WF	86	309	19
WF	86	310	18
WF	86	311	12
WF	86	312	11
WF	86	313	9
WF	86	314	7
WF	86	315	0
WF	87	209	5
WF	87	210	6
WF	87	211	6
WF	87	212	5
WF	87	287	6
WF	87	297	2
WF	87	298	6
WF	87	299	6
WF	87	300	6
WF	87	301	6
WF	87	343	6
WF	87	344	3
WF	87	345	2
WF	87	346	1
WF	89	294	0
WF	89	349	0
WF	92	294	0
WF	92	350	0
WF	93	218	5
WF	93	219	5
WF	93	220	4
WF	93	221	3
WF	93	222	3
WF	93	295	6
WF	93	307	4
WF	93	347	6
WF	93	348	6
WF	93	349	5
WF	93	350	4
WF	93	351	3
WF	95	302	0
WF	95	315	0
WF	95	354	0
WF	98	302	0
WF	98	315	0
WF	98	353	0
WF	99	303	2
WF	99	317	0
WF	99	318	0
WF	99	319	2
WF	99	320	2
WF	99	321	2
WF	99	355	2
WF	101	306	0
WF	101	358	0
WF	104	306	0
WF	104	357	0
WF	105	231	3
WF	105	232	3
WF	105	233	2
WF	105	234	2
WF	105	235	2
WF	105	239	4
WF	105	240	4
WF	105	307	4
WF	105	324	1
WF	105	325	1
WF	105	358	4
WF	105	359	1
WF	107	243	0
WF	107	312	0
WF	107	333	0
WF	107	363	0
WF	110	241	0
WF	110	242	0
WF	110	243	0
WF	110	312	0
WF	110	363	0
WF	111	242	0
WF	111	243	0
WF	111	313	0
WF	111	331	0
WF	111	332	0
WF	111	333	0
WF	111	364	0
WF	113	314	1
WF	113	334	1
WF	113	335	1
WF	113	336	1
WF	113	365	1
WF	116	257	1
WF	116	314	1
WF	116	334	1
WF	116	335	1
WF	116	338	1
WF	116	365	1
WF	117	247	0
WF	117	316	1
WF	117	367	1
WF	119	250	0
WF	119	251	0
WF	119	253	0
WF	119	318	0
WF	119	368	0
WF	122	250	0
WF	122	251	0
WF	122	252	0
WF	122	318	0
WF	122	369	0
WF	123	252	0
WF	123	253	2
WF	123	319	2
WF	123	370	2
WF	125	257	0
WF	125	258	0
WF	125	322	0
WF	125	372	0
WF	128	257	0
WF	128	258	0
WF	128	322	0
WF	128	373	0
WF	129	323	2
WF	129	341	2
WF	129	342	2
WF	129	343	2
WF	129	344	2
WF	129	345	2
WF	129	374	2
WF	131	326	0
WF	131	377	0
WF	134	326	0
WF	134	377	0
WF	135	327	2
WF	135	377	2
WF	138	330	1
WF	138	380	1
WF	139	332	8
WF	139	348	1
WF	139	353	8
WF	139	354	8
WF	139	355	7
WF	139	380	8
WF	139	381	2
WF	141	341	0
WF	141	358	0
WF	141	359	0
WF	141	360	0
WF	141	362	0
WF	141	389	0
WF	144	340	0
WF	144	358	0
WF	144	359	0
WF	144	360	0
WF	144	361	0
WF	144	388	0
WF	145	262	6
WF	145	263	6
WF	145	341	6
WF	145	342	5
WF	145	360	6
WF	145	361	6
WF	145	389	6
WF	145	390	0
WF	147	347	0
WF	147	395	0
WF	150	277	1
WF	150	346	1
WF	150	348	1
WF	150	370	1
WF	150	396	1
WF	151	279	0
WF	151	348	0
WF	151	396	0
WF	153	348	0
WF	153	369	0
WF	153	370	0
WF	153	375	0
WF	153	396	0
WF	155	272	0
WF	155	273	0
WF	155	274	0
WF	155	275	2
WF	155	276	2
WF	155	277	1
WF	155	350	3
WF	155	370	2
WF	155	371	2
WF	155	372	2
WF	155	373	2
WF	155	398	3
WF	157	353	1
WF	157	401	1
WF	157	402	0
WF	160	352	1
WF	160	353	0
WF	160	401	1
WF	160	402	0
WF	161	356	2
WF	161	378	1
WF	161	379	2
WF	161	380	2
WF	161	381	2
WF	161	403	2
WF	163	358	4
WF	163	406	4
WF	165	363	4
WF	165	388	2
WF	165	389	2
WF	165	410	4
WF	165	411	1
WF	167	368	0
WF	167	415	0
WF	170	368	0
WF	170	398	0
WF	170	415	0
WF	171	252	2
WF	171	253	11
WF	171	369	13
WF	171	395	6
WF	171	396	12
WF	171	397	12
WF	171	398	12
WF	171	408	7
WF	171	409	7
WF	171	410	6
WF	171	411	6
WF	171	412	5
WF	171	413	4
WF	171	414	1
WF	171	415	0
WF	173	268	0
WF	173	269	0
WF	173	383	0
WF	173	415	0
WF	173	418	0
WF	176	268	0
WF	176	269	0
WF	176	383	0
WF	176	418	0
WF	177	234	0
WF	177	235	0
WF	177	236	0
WF	177	237	0
WF	177	238	0
WF	177	384	0
WF	177	417	0
WF	179	233	0
WF	179	234	0
WF	179	385	0
WF	179	414	0
WF	179	415	0
WF	179	416	0
WF	182	233	0
WF	182	234	0
WF	182	240	0
WF	182	241	0
WF	182	242	0
WF	182	385	0
WF	182	414	0
WF	182	415	0
WF	182	416	0
WF	183	241	0
WF	183	242	0
WF	183	243	1
WF	183	386	2
WF	183	419	0
WF	185	247	0
WF	185	248	0
WF	185	249	0
WF	185	389	0
WF	185	420	0
WF	188	390	1
WF	190	247	0
WF	190	248	0
WF	190	249	0
WF	190	389	0
WF	190	420	0
WF	191	390	1
WF	193	392	2
WF	195	395	0
WF	198	395	0
WF	199	396	3
WF	201	400	0
WF	204	400	0
WF	205	401	1
WF	207	403	2
WF	210	403	0
WF	211	406	8
WF	213	415	0
WF	216	415	0
WF	223	267	2
WF	223	268	2
WF	223	273	4
WF	223	274	2
WF	223	275	2
WF	223	276	2
WF	223	417	3
WF	223	419	1
WF	225	277	0
WF	228	277	0
WF	229	274	2
WF	229	275	3
WF	229	276	6
WF	229	277	6
WF	229	278	5
WF	229	279	3
WF	229	280	7
WF	229	281	7
WF	229	282	6
WF	229	413	7
WF	233	303	0
WF	239	292	2
WF	239	298	2
WF	239	299	2
WF	239	300	2
WF	241	296	0
WF	241	297	0
WF	241	298	0
WF	241	300	0
WF	244	299	0
WF	244	301	0
WF	245	297	0
WF	245	298	0
WF	245	299	7
WF	245	300	11
WF	245	301	15
WF	245	302	15
WF	245	303	15
WF	245	304	18
WF	245	305	20
WF	245	306	20
WF	245	307	20
WF	245	308	21
WF	245	311	22
WF	247	277	0
WF	249	274	2
WF	249	275	3
WF	249	278	4
WF	249	279	3
WF	249	280	3
WF	251	283	0
WF	251	290	0
WF	254	286	0
WF	254	287	0
WF	254	288	0
WF	254	289	0
WF	256	281	0
WF	256	282	0
WF	256	288	0
WF	257	282	0
WF	257	283	0
WF	257	288	0
WF	259	285	2
WF	259	287	0
WF	259	288	0
WF	261	286	0
WF	261	287	0
WF	265	289	1
WF	265	292	0
WF	265	293	1
WF	267	291	0
WF	267	296	0
WF	269	290	0
WF	269	291	0
WF	269	306	0
WF	272	289	0
WF	272	290	0
WF	272	296	0
WF	272	297	1
WF	272	301	1
WF	273	299	0
WF	273	300	0
WF	273	301	0
WF	275	292	8
WF	277	299	0
WF	277	300	0
WF	279	307	0
WF	279	308	0
WF	282	299	0
WF	282	300	0
WF	282	307	0
WF	282	308	0
WF	283	300	7
WF	283	301	7
WF	283	302	6
WF	283	308	0
WF	283	309	1
WF	283	310	6
WF	283	311	6
WF	285	323	0
WF	285	324	0
WF	65535	326	27
WF	65535	327	31
WF	65535	328	42
WF	65535	329	45
WF	65535	330	45
WF	65535	331	46
WF	65535	332	48
WF	65535	333	50
WF	65535	334	77
WF	65535	335	77
WF	65535	336	76
WF	65535	337	77
WF	65535	338	82
WF	65535	341	64
WF	65535	342	66
WF	65535	343	66
WF	65535	344	70
WF	65535	345	75
WF	65535	348	55
WF	65535	349	58
WF	65535	350	58
WF	65535	351	58
WF	65535	352	68
WF	65535	355	55
WF	65535	356	55
WF	65535	357	55
WF	65535	358	54
WF	65535	359	54
WF	65535	360	53
WF	65535	361	52
WF	65535	362	50
WF	65535	363	49
WF	65535	364	48
WF	65535	365	49
WF	65535	366	49
WF	65535	367	49
WF	65535	368	52
WF	65535	371	36
WF	65535	372	37
WF	65535	373	47
WF	65535	376	44
WF	65535	379	41
WF	65535	382	38
WF	65535	383	37
WF	65535	384	36
WF	65535	385	35
WF	65535	386	34
WF	65535	387	33
WF	65535	388	32
WF	65535	390	30
WF	65535	392	15
WF	65535	393	27
WF	65535	394	26
WF	65535	395	25
WF	65535	398	22
WF	65535	401	12
WF	65535	402	12
WF	65535	403	13
WF	65535	404	13
WF	65535	405	13
WF	65535	406	13
WF	65535	407	12
WF	65535	408	12
WF	65535	409	11
WF	65535	410	10
WF	65535	411	9
WF	65535	412	8
WF	65535	415	4
WF	65535	416	3
WF	65535	417	2
[gfa_ed_step] dist=40, n=616, n_intv=291, n_tb=0
Z	0	-1	40
Z	3	36	76
Z	6	34	76
Z	7	18	77
Z	9	43	101
Z	11	41	101
Z	13	34	102
Z	15	47	114
Z	17	45	114
Z	19	41	115
Z	21	48	123
Z	23	50	123
Z	25	46	124
Z	27	52	131
Z	29	54	58
Z	29	59	131
Z	31	67	69
Z	31	71	132
Z	33	138	145
Z	33	146	148
Z	33	149	151
Z	33	152	200
Z	35	138	200
Z	37	149	201
Z	39	167	220
Z	42	169	220
Z	43	161	221
Z	45	184	245
Z	47	186	188
Z	47	189	245
Z	49	183	246
Z	51	185	249
Z	54	187	193
Z	54	194	249
Z	55	186	250
Z	57	211	214
Z	57	215	274
Z	59	201	275
Z	61	207	284
Z	63	211	288
Z	65	223	228
Z	65	229	299
Z	65	300	301
Z	67	225	299
Z	69	223	300
Z	69	301	302
Z	71	231	232
Z	71	233	307
Z	73	232	236
Z	73	237	238
Z	73	239	307
Z	76	232	235
Z	76	236	237
Z	76	238	239
Z	76	241	307
Z	77	240	241
Z	77	243	307
Z	79	250	311
Z	82	249	310
Z	83	249	313
Z	86	250	253
Z	86	254	304
Z	87	208	212
Z	87	213	288
Z	87	297	344
Z	89	219	295
Z	89	307	350
Z	92	217	218
Z	92	221	295
Z	92	305	307
Z	92	310	351
Z	93	217	220
Z	93	223	296
Z	93	308	349
Z	95	229	303
Z	95	314	355
Z	98	225	226
Z	98	229	303
Z	98	314	354
Z	99	226	227
Z	99	228	304
Z	99	318	356
Z	101	229	307
Z	101	324	359
Z	104	232	233
Z	104	234	307
Z	104	324	358
Z	105	231	233
Z	105	236	308
Z	105	326	359
Z	107	242	244
Z	107	247	313
Z	107	330	364
Z	110	240	313
Z	110	330	346
Z	110	347	364
Z	111	241	244
Z	111	246	314
Z	111	330	365
Z	113	245	315
Z	113	333	366
Z	116	243	244
Z	116	245	315
Z	116	332	366
Z	117	248	317
Z	117	338	368
Z	119	249	254
Z	119	255	319
Z	119	341	369
Z	122	249	319
Z	122	339	346
Z	122	347	370
Z	123	252	320
Z	123	338	371
Z	125	256	323
Z	125	340	373
Z	128	256	260
Z	128	261	323
Z	128	342	374
Z	129	258	324
Z	129	340	375
Z	131	260	327
Z	131	345	346
Z	131	347	378
Z	134	262	327
Z	134	348	378
Z	135	259	328
Z	135	346	378
Z	138	261	331
Z	138	348	381
Z	139	255	333
Z	139	349	355
Z	139	356	381
Z	141	263	342
Z	141	357	363
Z	141	364	390
Z	144	263	342
Z	144	357	362
Z	144	364	389
Z	145	261	342
Z	145	359	390
Z	147	270	348
Z	147	368	396
Z	150	270	349
Z	150	368	397
Z	151	272	349
Z	151	367	368
Z	151	370	397
Z	153	271	349
Z	153	368	377
Z	153	378	397
Z	155	272	276
Z	155	278	351
Z	155	372	399
Z	157	281	354
Z	157	376	402
Z	160	277	278
Z	160	280	353
Z	160	376	402
Z	161	279	357
Z	161	378	404
Z	163	247	359
Z	163	385	407
Z	165	247	364
Z	165	390	411
Z	167	251	369
Z	167	396	416
Z	170	251	369
Z	170	394	399
Z	170	400	416
Z	171	254	370
Z	171	397	408
Z	173	267	384
Z	173	412	416
Z	173	417	421
Z	176	267	384
Z	176	414	421
Z	177	231	232
Z	177	233	385
Z	177	413	421
Z	179	232	235
Z	179	236	237
Z	179	238	239
Z	179	241	386
Z	179	413	421
Z	182	232	236
Z	182	237	238
Z	182	239	386
Z	182	413	421
Z	183	240	241
Z	183	244	387
Z	183	417	419
Z	185	243	244
Z	185	246	390
Z	185	419	421
Z	188	250	391
Z	190	246	346
Z	190	347	390
Z	190	419	421
Z	191	249	391
Z	193	249	393
Z	195	253	396
Z	198	251	396
Z	199	250	397
Z	201	253	346
Z	201	347	401
Z	204	255	401
Z	205	253	402
Z	207	253	404
Z	210	254	404
Z	211	253	407
Z	213	263	264
Z	213	265	365
Z	213	366	416
Z	216	261	416
Z	217	262	416
Z	219	267	421
Z	222	267	377
Z	222	378	421
Z	223	269	274
Z	223	277	417
Z	225	273	278
Z	225	281	346
Z	225	347	385
Z	225	386	421
Z	228	273	279
Z	228	281	294
Z	228	295	370
Z	228	371	421
Z	229	276	278
Z	229	279	282
Z	229	283	413
Z	231	286	287
Z	231	289	421
Z	233	291	421
Z	236	293	377
Z	236	378	421
Z	238	287	288
Z	238	292	421
Z	239	288	289
Z	239	291	419
Z	241	295	301
Z	241	303	421
Z	244	297	302
Z	244	303	304
Z	244	305	421
Z	245	307	399
Z	247	273	278
Z	247	281	421
Z	249	276	279
Z	249	281	417
Z	251	282	284
Z	251	285	421
Z	254	283	284
Z	254	285	421
Z	256	280	283
Z	256	285	377
Z	256	378	421
Z	257	281	285
Z	257	287	421
Z	259	284	419
Z	261	285	288
Z	261	291	421
Z	264	287	288
Z	264	291	346
Z	264	347	385
Z	264	386	421
Z	265	288	290
Z	265	292	420
Z	267	290	292
Z	267	295	421
Z	269	289	292
Z	269	299	421
Z	272	295	420
Z	273	298	421
Z	275	291	293
Z	275	298	413
Z	277	298	301
Z	277	308	421
Z	279	300	302
Z	279	306	421
Z	282	298	301
Z	282	306	365
Z	282	366	421
Z	283	312	411
Z	285	322	325
Z	285	326	421
Z	287	325	331
Z	287	332	370
Z	287	371	409
Z	287	410	421
WF	0	40	35
WF	3	76	0
WF	6	76	0
WF	7	77	23
WF	9	101	0
WF	11	101	0
WF	13	102	11
WF	15	114	0
WF	17	114	0
WF	19	115	7
WF	21	123	0
WF	23	123	0
WF	25	124	6
WF	27	131	0
WF	29	131	0
WF	31	52	55
WF	31	53	55
WF	31	54	57
WF	31	55	57
WF	31	56	58
WF	31	57	59
WF	31	58	61
WF	31	59	62
WF	31	60	62
WF	31	61	61
WF	31	62	62
WF	31	63	63
WF	31	64	63
WF	31	65	65
WF	31	66	67
WF	31	69	67
WF	31	70	66
WF	31	132	67
WF	33	135	0
WF	33	136	0
WF	33	145	0
WF	33	148	0
WF	33	151	0
WF	33	200	0
WF	35	135	0
WF	35	136	0
WF	35	200	0
WF	37	138	1
WF	37	139	1
WF	37	140	2
WF	37	141	2
WF	37	142	7
WF	37	143	7
WF	37	144	6
WF	37	145	5
WF	37	146	3
WF	37	147	3
WF	37	148	2
WF	37	201	18
WF	39	220	0
WF	42	220	0
WF	43	221	23
WF	45	245	0
WF	47	245	0
WF	49	246	2
WF	51	249	0
WF	54	249	0
WF	55	250	23
WF	57	274	0
WF	59	275	9
WF	61	284	3
WF	61	285	0
WF	63	208	3
WF	63	209	4
WF	63	210	4
WF	63	288	12
WF	65	228	0
WF	65	299	0
WF	67	299	0
WF	67	300	0
WF	69	300	6
WF	69	302	6
WF	71	232	0
WF	71	307	0
WF	71	308	0
WF	73	231	0
WF	73	236	0
WF	73	238	0
WF	73	307	0
WF	76	231	0
WF	76	235	0
WF	76	237	0
WF	76	239	0
WF	76	307	0
WF	77	233	0
WF	77	234	0
WF	77	235	0
WF	77	236	0
WF	77	237	0
WF	77	238	0
WF	77	239	0
WF	77	241	3
WF	77	242	2
WF	77	307	3
WF	77	308	0
WF	79	243	0
WF	79	244	0
WF	79	247	1
WF	79	248	1
WF	79	249	0
WF	79	311	1
WF	82	243	0
WF	82	244	0
WF	82	247	0
WF	82	248	1
WF	82	310	1
WF	83	313	2
WF	86	240	14
WF	86	241	27
WF	86	242	30
WF	86	243	30
WF	86	244	29
WF	86	245	28
WF	86	246	31
WF	86	247	35
WF	86	248	35
WF	86	249	43
WF	86	253	43
WF	86	304	43
WF	86	305	42
WF	86	306	36
WF	86	307	31
WF	86	308	26
WF	86	309	23
WF	86	310	19
WF	86	311	18
WF	86	312	13
WF	86	313	12
WF	86	314	9
WF	86	315	7
WF	86	316	1
WF	87	212	6
WF	87	288	6
WF	87	294	0
WF	87	295	0
WF	87	296	3
WF	87	344	6
WF	87	345	4
WF	87	346	4
WF	87	347	3
WF	89	215	0
WF	89	216	0
WF	89	217	0
WF	89	218	0
WF	89	295	0
WF	89	304	0
WF	89	305	0
WF	89	306	0
WF	89	350	0
WF	92	215	0
WF	92	216	0
WF	92	218	0
WF	92	295	0
WF	92	307	0
WF	92	308	0
WF	92	351	0
WF	93	220	6
WF	93	221	5
WF	93	222	5
WF	93	296	6
WF	93	305	0
WF	93	306	5
WF	93	307	5
WF	93	349	6
WF	93	350	5
WF	93	351	4
WF	93	352	3
WF	95	224	0
WF	95	225	0
WF	95	226	0
WF	95	303	0
WF	95	355	0
WF	98	226	0
WF	98	303	0
WF	98	354	0
WF	98	355	0
WF	99	227	2
WF	99	304	2
WF	99	315	1
WF	99	316	1
WF	99	317	1
WF	99	356	2
WF	101	307	0
WF	101	321	0
WF	101	322	0
WF	101	323	0
WF	101	359	0
WF	104	228	0
WF	104	229	0
WF	104	307	0
WF	104	321	0
WF	104	322	0
WF	104	323	0
WF	104	358	0
WF	105	229	4
WF	105	230	4
WF	105	233	4
WF	105	234	3
WF	105	235	3
WF	105	308	4
WF	105	323	2
WF	105	324	2
WF	105	325	2
WF	105	359	4
WF	105	360	1
WF	107	236	0
WF	107	237	0
WF	107	244	0
WF	107	245	0
WF	107	313	0
WF	107	364	0
WF	110	236	0
WF	110	237	0
WF	110	313	0
WF	110	364	0
WF	111	244	0
WF	111	245	0
WF	111	314	0
WF	111	365	0
WF	113	242	0
WF	113	243	0
WF	113	244	0
WF	113	315	1
WF	113	331	0
WF	113	332	0
WF	113	366	1
WF	116	244	1
WF	116	315	1
WF	116	366	1
WF	117	244	0
WF	117	245	0
WF	117	246	1
WF	117	247	1
WF	117	317	1
WF	117	333	0
WF	117	334	0
WF	117	335	0
WF	117	336	0
WF	117	337	0
WF	117	368	1
WF	119	254	0
WF	119	319	0
WF	119	369	0
WF	122	319	0
WF	122	370	0
WF	123	250	1
WF	123	251	1
WF	123	320	2
WF	123	371	2
WF	125	255	0
WF	125	323	0
WF	125	373	0
WF	128	255	0
WF	128	323	0
WF	128	374	0
WF	129	257	0
WF	129	324	2
WF	129	375	2
WF	131	327	0
WF	131	343	0
WF	131	344	0
WF	131	346	0
WF	131	378	0
WF	134	327	0
WF	134	343	0
WF	134	344	0
WF	134	345	0
WF	134	346	0
WF	134	347	0
WF	134	378	0
WF	135	328	2
WF	135	345	1
WF	135	378	2
WF	138	331	1
WF	138	381	1
WF	139	333	8
WF	139	347	6
WF	139	348	6
WF	139	355	8
WF	139	381	8
WF	139	382	2
WF	141	342	0
WF	141	363	0
WF	141	390	0
WF	144	362	0
WF	144	363	0
WF	144	389	0
WF	145	342	6
WF	145	343	5
WF	145	358	0
WF	145	390	6
WF	145	391	2
WF	147	268	0
WF	147	269	0
WF	147	348	0
WF	147	366	0
WF	147	367	0
WF	147	396	0
WF	150	268	1
WF	150	269	1
WF	150	349	1
WF	150	366	0
WF	150	367	1
WF	150	397	1
WF	151	268	0
WF	151	269	0
WF	151	270	0
WF	151	349	0
WF	151	368	0
WF	151	397	0
WF	153	270	0
WF	153	349	0
WF	153	367	0
WF	153	397	0
WF	155	271	3
WF	155	276	3
WF	155	277	2
WF	155	351	3
WF	155	369	3
WF	155	370	3
WF	155	371	3
WF	155	399	3
WF	157	276	0
WF	157	277	0
WF	157	278	1
WF	157	279	1
WF	157	280	0
WF	157	354	1
WF	157	402	1
WF	157	403	0
WF	160	278	1
WF	160	279	0
WF	160	353	1
WF	160	354	1
WF	160	355	0
WF	160	402	1
WF	160	403	0
WF	161	278	0
WF	161	357	2
WF	161	377	2
WF	161	404	2
WF	163	359	4
WF	163	360	0
WF	163	381	0
WF	163	382	0
WF	163	383	0
WF	163	384	0
WF	163	407	4
WF	165	364	4
WF	165	387	3
WF	165	388	3
WF	165	389	3
WF	165	411	4
WF	165	412	1
WF	167	369	0
WF	167	416	0
WF	170	369	0
WF	170	399	0
WF	170	416	0
WF	171	251	3
WF	171	252	12
WF	171	253	12
WF	171	370	13
WF	171	394	7
WF	171	395	13
WF	171	396	13
WF	171	410	7
WF	171	411	7
WF	171	412	7
WF	171	413	7
WF	171	414	6
WF	171	415	1
WF	171	416	0
WF	173	384	0
WF	173	411	0
WF	173	416	0
WF	176	384	0
WF	176	411	0
WF	176	412	0
WF	177	232	0
WF	177	385	0
WF	179	231	0
WF	179	235	0
WF	179	237	0
WF	179	239	0
WF	179	386	0
WF	182	231	0
WF	182	236	0
WF	182	238	0
WF	182	386	0
WF	183	233	0
WF	183	234	0
WF	183	235	0
WF	183	236	0
WF	183	237	0
WF	183	238	0
WF	183	239	0
WF	183	241	2
WF	183	242	2
WF	183	243	2
WF	183	387	2
WF	183	414	0
WF	183	415	1
WF	183	416	1
WF	183	419	1
WF	183	420	0
WF	185	244	0
WF	185	390	0
WF	188	243	0
WF	188	244	0
WF	188	247	1
WF	188	248	1
WF	188	249	0
WF	188	391	1
WF	188	420	0
WF	190	242	0
WF	190	243	0
WF	190	390	0
WF	191	243	0
WF	191	244	0
WF	191	247	0
WF	191	248	1
WF	191	391	1
WF	191	420	0
WF	193	393	2
WF	195	396	0
WF	198	396	0
WF	199	397	3
WF	201	401	0
WF	204	401	0
WF	205	402	1
WF	207	404	2
WF	210	404	0
WF	211	407	8
WF	213	416	0
WF	216	416	0
WF	223	266	3
WF	223	267	3
WF	223	268	3
WF	223	274	4
WF	223	275	3
WF	223	276	3
WF	223	418	2
WF	225	278	0
WF	228	279	0
WF	229	273	4
WF	229	274	4
WF	229	275	7
WF	229	278	8
WF	229	282	8
WF	231	287	0
WF	233	286	0
WF	233	287	0
WF	233	289	0
WF	233	290	0
WF	236	285	0
WF	236	286	0
WF	236	288	0
WF	236	289	0
WF	236	290	0
WF	238	289	0
WF	238	290	0
WF	238	291	0
WF	239	289	2
WF	241	290	0
WF	241	291	0
WF	241	294	0
WF	241	301	0
WF	241	302	0
WF	244	290	0
WF	244	291	0
WF	244	294	0
WF	244	295	0
WF	244	302	0
WF	244	304	0
WF	245	296	1
WF	245	297	1
WF	245	298	8
WF	245	299	12
WF	245	300	16
WF	245	301	16
WF	245	302	16
WF	245	303	22
WF	245	304	22
WF	245	305	22
WF	245	306	22
WF	247	278	0
WF	249	273	4
WF	249	274	4
WF	249	275	4
WF	249	279	4
WF	249	280	4
WF	251	284	0
WF	254	284	0
WF	256	283	0
WF	257	285	0
WF	259	282	0
WF	259	283	0
WF	261	288	0
WF	261	289	0
WF	261	290	0
WF	264	288	0
WF	264	289	0
WF	264	290	0
WF	265	286	0
WF	265	287	0
WF	265	290	1
WF	265	291	1
WF	267	292	0
WF	267	294	0
WF	269	292	0
WF	269	296	0
WF	269	297	0
WF	272	288	1
WF	272	289	1
WF	272	290	1
WF	272	291	0
WF	273	290	0
WF	273	291	0
WF	273	292	0
WF	273	296	0
WF	273	297	0
WF	275	293	8
WF	275	296	0
WF	275	297	0
WF	277	301	0
WF	279	302	0
WF	282	301	0
WF	283	299	8
WF	283	300	8
WF	283	301	8
WF	283	302	7
WF	283	303	6
WF	283	307	3
WF	283	308	3
WF	283	309	7
WF	283	310	7
WF	283	311	7
WF	285	325	0
WF	287	323	0
WF	287	324	0
WF	65535	325	28
WF	65535	326	33
WF	65535	327	43
WF	65535	328	46
WF	65535	329	46
WF	65535	330	47
WF	65535	331	49
WF	65535	332	51
WF	65535	333	78
WF	65535	334	78
WF	65535	335	78
WF	65535	336	78
WF	65535	337	83
WF	65535	340	65
WF	65535	341	67
WF	65535	342	67
WF	65535	343	71
WF	65535	344	76
WF	65535	347	56
WF	65535	348	59
WF	65535	349	59
WF	65535	350	59
WF	65535	351	69
WF	65535	354	66
WF	65535	357	57
WF	65535	358	56
WF	65535	359	55
WF	65535	360	54
WF	65535	361	53
WF	65535	362	52
WF	65535	363	50
WF	65535	364	50
WF	65535	365	50
WF	65535	366	50
WF	65535	367	53
WF	65535	370	37
WF	65535	371	40
WF	65535	372	48
WF	65535	375	45
WF	65535	378	42
WF	65535	381	39
WF	65535	382	38
WF	65535	383	37
WF	65535	384	36
WF	65535	385	35
WF	65535	386	34
WF	65535	387	33
WF	65535	389	31
WF	65535	391	29
WF	65535	392	28
WF	65535	393	27
WF	65535	394	26
WF	65535	397	23
WF	65535	400	13
WF	65535	401	13
WF	65535	402	14
WF	65535	403	14
WF	65535	404	14
WF	65535	405	14
WF	65535	406	14
WF	65535	407	13
WF	65535	408	12
WF	65535	409	11
WF	65535	410	10
WF	65535	411	9
WF	65535	414	5
WF	65535	415	5
WF	65535	416	4
WF	65535	417	3
WF	65535	418	2
[gfa_ed_step] dist=41, n=567, n_intv=278, n_tb=0
Z	0	-1	41
Z	3	36	77
Z	6	34	77
Z	7	18	78
Z	9	43	102
Z	11	41	102
Z	13	34	103
Z	15	47	115
Z	17	45	115
Z	19	41	116
Z	21	48	124
Z	23	50	124
Z	25	46	125
Z	27	52	132
Z	29	54	58
Z	29	59	132
Z	31	65	133
Z	33	134	201
Z	35	134	137
Z	35	138	201
Z	37	149	202
Z	39	167	221
Z	42	169	221
Z	43	161	222
Z	45	184	246
Z	47	186	188
Z	47	189	246
Z	49	183	247
Z	51	185	250
Z	54	187	193
Z	54	194	250
Z	55	186	251
Z	57	211	214
Z	57	215	275
Z	59	201	276
Z	61	207	285
Z	63	211	289
Z	65	223	302
Z	67	225	301
Z	69	223	303
Z	71	231	309
Z	73	230	308
Z	73	309	310
Z	76	230	240
Z	76	241	308
Z	77	240	242
Z	77	243	308
Z	77	310	311
Z	79	246	249
Z	79	250	312
Z	79	314	315
Z	82	247	311
Z	83	249	314
Z	83	316	317
Z	86	248	306
Z	87	208	289
Z	87	297	346
Z	89	214	296
Z	89	303	351
Z	92	214	219
Z	92	221	296
Z	92	305	309
Z	92	310	352
Z	93	217	221
Z	93	223	297
Z	93	308	350
Z	95	223	228
Z	95	229	304
Z	95	314	357
Z	98	225	227
Z	98	229	304
Z	98	314	356
Z	99	226	305
Z	99	318	357
Z	101	229	308
Z	101	320	360
Z	104	227	230
Z	104	232	233
Z	104	234	308
Z	104	320	359
Z	105	228	235
Z	105	236	309
Z	105	326	360
Z	107	235	239
Z	107	242	246
Z	107	247	314
Z	107	330	365
Z	110	235	238
Z	110	240	314
Z	110	330	346
Z	110	347	365
Z	111	238	239
Z	111	241	315
Z	111	330	366
Z	113	241	243
Z	113	245	316
Z	113	330	332
Z	113	333	367
Z	116	239	240
Z	116	243	316
Z	116	332	367
Z	117	245	318
Z	117	338	369
Z	119	248	320
Z	119	341	370
Z	122	249	320
Z	122	339	346
Z	122	347	371
Z	123	249	250
Z	123	252	321
Z	123	338	372
Z	125	252	253
Z	125	254	324
Z	125	340	374
Z	128	254	260
Z	128	261	324
Z	128	342	375
Z	129	258	325
Z	129	340	376
Z	131	260	328
Z	131	342	379
Z	134	262	328
Z	134	342	379
Z	135	259	329
Z	135	346	379
Z	138	261	332
Z	138	348	382
Z	139	255	334
Z	139	349	382
Z	141	263	343
Z	141	357	391
Z	144	263	342
Z	144	357	390
Z	145	261	343
Z	145	359	391
Z	147	267	349
Z	147	365	397
Z	150	267	350
Z	150	365	398
Z	151	267	271
Z	151	272	350
Z	151	367	369
Z	151	370	398
Z	153	269	351
Z	153	366	377
Z	153	378	398
Z	155	270	277
Z	155	278	352
Z	155	368	400
Z	157	277	280
Z	157	281	355
Z	157	376	404
Z	160	275	276
Z	160	277	279
Z	160	280	356
Z	160	376	403
Z	161	279	358
Z	161	376	405
Z	163	247	360
Z	163	385	408
Z	165	247	365
Z	165	388	412
Z	167	251	370
Z	167	396	417
Z	170	251	370
Z	170	394	417
Z	171	252	371
Z	171	394	408
Z	173	267	385
Z	173	410	421
Z	176	267	385
Z	176	410	413
Z	176	414	421
Z	177	231	386
Z	177	411	421
Z	179	230	240
Z	179	241	387
Z	179	413	421
Z	182	230	387
Z	182	413	421
Z	183	240	388
Z	183	417	419
Z	185	243	245
Z	185	246	391
Z	185	419	421
Z	188	246	249
Z	188	250	392
Z	190	241	346
Z	190	347	391
Z	190	419	421
Z	191	247	392
Z	193	249	394
Z	195	253	397
Z	198	251	397
Z	199	250	398
Z	201	253	346
Z	201	347	402
Z	204	255	402
Z	205	253	403
Z	207	253	405
Z	210	254	405
Z	211	253	408
Z	213	263	264
Z	213	265	365
Z	213	366	417
Z	216	261	417
Z	217	262	416
Z	219	267	421
Z	222	267	377
Z	222	378	421
Z	223	267	417
Z	225	273	279
Z	225	281	346
Z	225	347	385
Z	225	386	421
Z	228	273	280
Z	228	281	294
Z	228	295	370
Z	228	371	421
Z	229	276	413
Z	231	286	288
Z	231	289	421
Z	233	285	421
Z	236	284	291
Z	236	293	377
Z	236	378	421
Z	238	287	421
Z	239	288	290
Z	239	291	419
Z	241	289	292
Z	241	293	421
Z	244	289	296
Z	244	297	421
Z	245	302	399
Z	247	273	279
Z	247	281	421
Z	249	272	417
Z	251	280	281
Z	251	282	421
Z	254	283	421
Z	256	278	279
Z	256	280	284
Z	256	285	377
Z	256	378	421
Z	257	281	286
Z	257	287	421
Z	259	284	419
Z	261	285	421
Z	264	287	346
Z	264	347	385
Z	264	386	421
Z	265	286	420
Z	267	289	421
Z	269	289	293
Z	269	295	298
Z	269	299	421
Z	272	287	292
Z	272	295	420
Z	273	289	294
Z	273	295	421
Z	275	291	294
Z	275	298	413
Z	277	298	302
Z	277	308	421
Z	279	300	303
Z	279	306	421
Z	282	298	303
Z	282	306	365
Z	282	366	421
Z	283	300	302
Z	283	312	411
Z	285	312	313
Z	285	322	421
Z	287	313	314
Z	287	322	331
Z	287	332	370
Z	287	371	409
Z	287	410	421
WF	0	41	35
WF	3	77	0
WF	6	77	0
WF	7	78	23
WF	9	102	0
WF	11	102	0
WF	13	103	11
WF	15	115	0
WF	17	115	0
WF	19	116	7
WF	21	124	0
WF	23	124	0
WF	25	125	6
WF	27	132	0
WF	29	132	0
WF	31	51	56
WF	31	52	56
WF	31	53	58
WF	31	54	58
WF	31	55	59
WF	31	56	60
WF	31	57	62
WF	31	58	63
WF	31	59	63
WF	31	60	63
WF	31	61	63
WF	31	62	64
WF	31	63	64
WF	31	64	66
WF	31	133	67
WF	33	133	0
WF	33	201	0
WF	35	133	0
WF	35	137	0
WF	35	201	0
WF	37	135	0
WF	37	136	0
WF	37	137	2
WF	37	138	2
WF	37	139	3
WF	37	140	3
WF	37	141	8
WF	37	142	8
WF	37	143	8
WF	37	144	7
WF	37	145	7
WF	37	146	6
WF	37	147	4
WF	37	148	3
WF	37	202	18
WF	39	221	0
WF	42	221	0
WF	43	222	23
WF	45	246	0
WF	47	246	0
WF	49	247	2
WF	51	250	0
WF	54	250	0
WF	55	251	23
WF	57	275	0
WF	59	276	9
WF	61	285	3
WF	61	286	0
WF	63	207	4
WF	63	208	5
WF	63	209	5
WF	63	210	5
WF	63	289	12
WF	65	302	0
WF	67	301	0
WF	69	303	6
WF	71	309	0
WF	73	308	0
WF	76	240	0
WF	76	308	0
WF	76	309	0
WF	77	231	0
WF	77	232	1
WF	77	233	1
WF	77	234	2
WF	77	235	2
WF	77	236	2
WF	77	237	2
WF	77	238	1
WF	77	239	1
WF	77	242	3
WF	77	308	3
WF	77	309	0
WF	77	311	3
WF	79	242	1
WF	79	243	1
WF	79	244	1
WF	79	245	0
WF	79	249	1
WF	79	312	1
WF	82	242	1
WF	82	243	1
WF	82	244	1
WF	82	245	0
WF	82	246	1
WF	82	311	1
WF	82	312	0
WF	82	313	0
WF	82	314	0
WF	83	248	0
WF	83	314	2
WF	83	317	2
WF	86	239	15
WF	86	240	29
WF	86	241	33
WF	86	242	33
WF	86	243	33
WF	86	244	32
WF	86	245	32
WF	86	246	36
WF	86	247	39
WF	86	306	43
WF	86	307	36
WF	86	308	31
WF	86	309	26
WF	86	310	23
WF	86	311	20
WF	86	312	18
WF	86	313	14
WF	86	314	12
WF	86	315	9
WF	86	316	7
WF	86	317	1
WF	86	318	0
WF	86	319	0
WF	87	289	6
WF	87	292	0
WF	87	293	1
WF	87	294	1
WF	87	295	4
WF	87	296	4
WF	87	346	6
WF	87	347	4
WF	87	348	3
WF	87	349	0
WF	89	296	0
WF	89	351	0
WF	89	352	0
WF	92	219	0
WF	92	296	0
WF	92	309	0
WF	92	352	0
WF	93	215	1
WF	93	216	1
WF	93	221	6
WF	93	222	6
WF	93	297	6
WF	93	304	1
WF	93	305	6
WF	93	306	6
WF	93	307	6
WF	93	350	6
WF	93	351	5
WF	93	352	4
WF	93	353	3
WF	95	304	0
WF	98	227	0
WF	98	304	0
WF	98	356	0
WF	99	224	0
WF	99	225	0
WF	99	305	2
WF	99	314	2
WF	99	315	2
WF	99	316	2
WF	99	317	2
WF	99	357	2
WF	99	358	0
WF	101	308	0
WF	101	360	0
WF	104	230	0
WF	104	308	0
WF	104	359	0
WF	105	235	4
WF	105	309	4
WF	105	321	0
WF	105	322	3
WF	105	323	3
WF	105	324	3
WF	105	325	3
WF	105	360	4
WF	105	361	1
WF	107	233	0
WF	107	234	0
WF	107	239	0
WF	107	246	0
WF	107	314	0
WF	107	365	0
WF	110	233	0
WF	110	234	0
WF	110	238	0
WF	110	239	0
WF	110	314	0
WF	110	365	0
WF	111	236	0
WF	111	237	0
WF	111	239	0
WF	111	315	0
WF	111	366	0
WF	113	238	0
WF	113	239	0
WF	113	243	1
WF	113	244	1
WF	113	316	1
WF	113	332	1
WF	113	367	1
WF	116	316	1
WF	116	367	1
WF	117	240	1
WF	117	241	1
WF	117	242	0
WF	117	243	1
WF	117	244	1
WF	117	318	1
WF	117	332	1
WF	117	333	1
WF	117	334	1
WF	117	335	1
WF	117	336	1
WF	117	337	1
WF	117	369	1
WF	119	320	0
WF	119	370	0
WF	122	247	0
WF	122	248	0
WF	122	320	0
WF	122	371	0
WF	123	250	2
WF	123	251	2
WF	123	321	2
WF	123	372	2
WF	125	253	0
WF	125	324	0
WF	125	374	0
WF	128	251	0
WF	128	252	0
WF	128	324	0
WF	128	375	0
WF	129	252	0
WF	129	253	0
WF	129	255	0
WF	129	256	1
WF	129	257	1
WF	129	325	2
WF	129	376	2
WF	131	328	0
WF	131	379	0
WF	134	328	0
WF	134	379	0
WF	135	329	2
WF	135	343	0
WF	135	344	2
WF	135	345	2
WF	135	379	2
WF	138	332	1
WF	138	382	1
WF	139	334	8
WF	139	346	7
WF	139	347	7
WF	139	348	7
WF	139	382	8
WF	139	383	3
WF	141	343	0
WF	141	391	0
WF	144	342	0
WF	144	390	0
WF	145	343	6
WF	145	344	5
WF	145	357	1
WF	145	358	1
WF	145	391	6
WF	145	392	2
WF	147	349	0
WF	147	397	0
WF	150	350	1
WF	150	398	1
WF	151	271	0
WF	151	350	0
WF	151	369	0
WF	151	398	0
WF	153	268	0
WF	153	351	0
WF	153	398	0
WF	155	269	0
WF	155	277	3
WF	155	352	3
WF	155	367	1
WF	155	400	3
WF	157	274	0
WF	157	275	1
WF	157	276	1
WF	157	280	1
WF	157	355	1
WF	157	372	0
WF	157	373	0
WF	157	374	1
WF	157	375	1
WF	157	404	1
WF	160	276	1
WF	160	279	1
WF	160	356	1
WF	160	372	0
WF	160	373	0
WF	160	374	0
WF	160	375	0
WF	160	403	1
WF	160	404	0
WF	161	276	0
WF	161	277	1
WF	161	278	1
WF	161	358	2
WF	161	405	2
WF	163	360	4
WF	163	361	1
WF	163	379	0
WF	163	380	2
WF	163	381	2
WF	163	382	2
WF	163	383	2
WF	163	384	1
WF	163	408	4
WF	165	365	4
WF	165	386	4
WF	165	387	4
WF	165	412	4
WF	165	413	1
WF	167	370	0
WF	167	393	0
WF	167	394	0
WF	167	417	0
WF	170	370	0
WF	170	393	0
WF	170	417	0
WF	171	250	4
WF	171	251	13
WF	171	371	13
WF	171	393	8
WF	171	409	9
WF	171	410	9
WF	171	411	9
WF	171	412	8
WF	171	413	7
WF	171	416	3
WF	171	417	1
WF	171	418	0
WF	173	266	0
WF	173	385	0
WF	173	408	0
WF	173	409	0
WF	176	266	0
WF	176	385	0
WF	176	408	0
WF	176	409	0
WF	176	413	0
WF	177	386	0
WF	179	240	0
WF	179	387	0
WF	179	411	0
WF	179	412	0
WF	182	387	0
WF	182	411	0
WF	182	412	0
WF	183	231	0
WF	183	232	1
WF	183	233	1
WF	183	234	2
WF	183	235	2
WF	183	236	2
WF	183	237	2
WF	183	238	1
WF	183	239	1
WF	183	388	2
WF	183	413	1
WF	183	414	2
WF	183	415	2
WF	183	416	2
WF	183	419	1
WF	185	245	0
WF	185	391	0
WF	188	242	1
WF	188	243	1
WF	188	244	1
WF	188	245	0
WF	188	249	1
WF	188	392	1
WF	188	419	1
WF	190	391	0
WF	191	242	1
WF	191	243	1
WF	191	244	1
WF	191	245	1
WF	191	246	1
WF	191	392	1
WF	191	419	1
WF	193	248	0
WF	193	394	2
WF	195	397	0
WF	198	397	0
WF	199	398	3
WF	201	402	0
WF	204	402	0
WF	205	403	1
WF	207	405	2
WF	210	405	0
WF	211	408	8
WF	213	417	0
WF	216	417	0
WF	217	416	0
WF	217	417	0
WF	223	265	4
WF	223	266	4
WF	223	417	3
WF	225	272	0
WF	225	279	0
WF	225	280	0
WF	228	272	0
WF	228	280	0
WF	229	272	5
WF	229	273	5
WF	229	274	8
WF	229	275	8
WF	231	288	0
WF	236	291	0
WF	238	285	0
WF	238	286	0
WF	239	286	0
WF	239	287	0
WF	239	290	2
WF	241	292	0
WF	244	296	0
WF	245	290	0
WF	245	291	0
WF	245	292	2
WF	245	293	2
WF	245	294	1
WF	245	295	3
WF	245	296	3
WF	245	297	11
WF	245	298	13
WF	245	299	17
WF	245	300	17
WF	245	301	17
WF	245	404	16
WF	247	272	0
WF	247	279	0
WF	247	280	0
WF	251	277	0
WF	251	278	0
WF	251	279	0
WF	251	281	0
WF	254	280	0
WF	254	281	0
WF	256	279	0
WF	256	284	0
WF	257	278	0
WF	257	279	0
WF	257	280	0
WF	257	286	0
WF	259	281	1
WF	259	282	1
WF	259	283	1
WF	265	285	1
WF	269	293	0
WF	269	294	0
WF	269	298	0
WF	272	292	1
WF	272	293	1
WF	272	294	0
WF	275	289	1
WF	275	290	1
WF	275	294	8
WF	275	295	2
WF	275	296	2
WF	275	297	2
WF	277	302	0
WF	279	303	0
WF	283	298	9
WF	283	299	9
WF	283	302	10
WF	283	303	9
WF	283	304	8
WF	283	306	4
WF	283	307	4
WF	283	308	9
WF	283	309	9
WF	283	310	10
WF	283	311	10
WF	283	415	5
WF	287	314	0
WF	65535	313	0
WF	65535	314	0
WF	65535	323	0
WF	65535	324	29
WF	65535	325	35
WF	65535	326	44
WF	65535	327	48
WF	65535	328	48
WF	65535	329	48
WF	65535	330	50
WF	65535	331	53
WF	65535	332	79
WF	65535	333	79
WF	65535	334	79
WF	65535	335	79
WF	65535	336	84
WF	65535	339	66
WF	65535	340	68
WF	65535	341	68
WF	65535	342	72
WF	65535	343	77
WF	65535	346	57
WF	65535	347	60
WF	65535	348	60
WF	65535	349	60
WF	65535	350	70
WF	65535	353	67
WF	65535	356	58
WF	65535	357	58
WF	65535	358	57
WF	65535	359	56
WF	65535	360	55
WF	65535	361	54
WF	65535	362	53
WF	65535	363	52
WF	65535	364	51
WF	65535	365	51
WF	65535	366	54
WF	65535	369	39
WF	65535	370	41
WF	65535	371	49
WF	65535	374	46
WF	65535	377	43
WF	65535	380	40
WF	65535	381	39
WF	65535	382	38
WF	65535	383	37
WF	65535	384	36
WF	65535	385	35
WF	65535	386	34
WF	65535	388	32
WF	65535	390	30
WF	65535	391	29
WF	65535	392	28
WF	65535	393	27
WF	65535	396	24
WF	65535	399	14
WF	65535	400	14
WF	65535	401	15
WF	65535	402	16
WF	65535	403	16
WF	65535	404	16
WF	65535	405	15
WF	65535	406	14
WF	65535	407	13
WF	65535	408	12
WF	65535	409	11
WF	65535	410	10
WF	65535	413	7
WF	65535	414	6
WF	65535	415	5
WF	65535	416	4
WF	65535	417	3
[gfa_ed_step] dist=42, n=579, n_intv=271, n_tb=0
Z	0	-1	42
Z	3	36	78
Z	6	34	78
Z	7	18	79
Z	9	43	103
Z	11	41	103
Z	13	34	104
Z	15	47	116
Z	17	45	116
Z	19	41	117
Z	21	48	125
Z	23	50	125
Z	25	46	126
Z	27	52	133
Z	29	54	58
Z	29	59	133
Z	31	65	134
Z	33	132	202
Z	35	132	202
Z	37	149	203
Z	39	167	222
Z	42	169	222
Z	43	161	223
Z	45	184	247
Z	47	186	188
Z	47	189	247
Z	49	183	248
Z	51	185	251
Z	54	187	193
Z	54	194	251
Z	55	186	252
Z	57	211	214
Z	57	215	276
Z	59	201	277
Z	61	207	287
Z	63	211	290
Z	65	223	303
Z	67	225	302
Z	69	223	304
Z	71	231	311
Z	73	230	310
Z	76	230	310
Z	76	311	312
Z	77	233	237
Z	77	240	309
Z	77	310	312
Z	79	241	245
Z	79	246	313
Z	79	314	315
Z	82	238	239
Z	82	241	313
Z	83	240	241
Z	83	245	246
Z	83	247	315
Z	83	316	318
Z	86	248	307
Z	87	208	290
Z	87	297	347
Z	89	214	297
Z	89	303	353
Z	92	214	220
Z	92	221	297
Z	92	305	354
Z	93	217	298
Z	93	304	351
Z	95	223	228
Z	95	229	305
Z	95	313	357
Z	98	225	228
Z	98	229	305
Z	98	314	357
Z	99	226	306
Z	99	313	358
Z	101	229	309
Z	101	320	361
Z	104	227	231
Z	104	232	233
Z	104	234	309
Z	104	320	360
Z	105	228	310
Z	105	321	325
Z	105	326	361
Z	107	232	240
Z	107	242	315
Z	107	327	329
Z	107	330	366
Z	110	232	315
Z	110	329	346
Z	110	347	366
Z	111	235	240
Z	111	241	316
Z	111	328	329
Z	111	330	367
Z	113	237	239
Z	113	241	317
Z	113	330	368
Z	116	239	240
Z	116	243	317
Z	116	332	368
Z	117	239	319
Z	117	331	370
Z	119	248	321
Z	119	336	338
Z	119	341	371
Z	122	244	321
Z	122	334	336
Z	122	338	346
Z	122	347	372
Z	123	249	322
Z	123	338	373
Z	125	252	325
Z	125	340	376
Z	128	250	253
Z	128	254	260
Z	128	261	325
Z	128	342	376
Z	129	258	326
Z	129	340	377
Z	131	260	329
Z	131	342	380
Z	134	262	329
Z	134	342	380
Z	135	259	330
Z	135	343	380
Z	138	261	333
Z	138	348	383
Z	139	255	335
Z	139	349	383
Z	141	263	344
Z	141	357	392
Z	144	263	343
Z	144	357	391
Z	145	261	344
Z	145	359	392
Z	147	267	350
Z	147	365	398
Z	150	267	351
Z	150	365	399
Z	151	267	351
Z	151	367	399
Z	153	267	352
Z	153	366	377
Z	153	378	399
Z	155	270	353
Z	155	368	401
Z	157	274	356
Z	157	373	405
Z	160	275	357
Z	160	374	405
Z	161	277	359
Z	161	376	406
Z	163	247	361
Z	163	383	409
Z	165	247	366
Z	165	385	413
Z	167	251	371
Z	167	392	395
Z	167	396	418
Z	170	251	371
Z	170	392	418
Z	171	250	372
Z	171	394	408
Z	173	265	386
Z	173	407	421
Z	176	265	386
Z	176	407	421
Z	177	231	387
Z	177	411	421
Z	179	230	388
Z	179	410	421
Z	182	230	388
Z	182	410	421
Z	183	233	389
Z	183	413	419
Z	185	237	238
Z	185	239	240
Z	185	243	392
Z	185	417	418
Z	185	419	421
Z	188	241	245
Z	188	246	393
Z	188	418	420
Z	190	240	346
Z	190	347	392
Z	190	418	421
Z	191	238	239
Z	191	241	393
Z	191	418	420
Z	193	240	241
Z	193	245	246
Z	193	247	395
Z	195	243	244
Z	195	253	398
Z	198	251	398
Z	199	244	245
Z	199	250	399
Z	201	253	346
Z	201	347	403
Z	204	248	249
Z	204	255	403
Z	205	249	250
Z	205	253	404
Z	207	253	406
Z	210	251	252
Z	210	254	406
Z	211	253	409
Z	213	263	264
Z	213	265	365
Z	213	366	418
Z	216	261	418
Z	217	262	416
Z	219	267	421
Z	222	267	377
Z	222	378	421
Z	223	264	417
Z	225	271	346
Z	225	347	385
Z	225	386	421
Z	228	271	294
Z	228	295	370
Z	228	371	421
Z	229	273	413
Z	231	286	421
Z	233	285	421
Z	236	284	292
Z	236	293	377
Z	236	378	421
Z	238	284	421
Z	239	286	419
Z	241	289	421
Z	244	289	421
Z	245	302	399
Z	247	271	421
Z	249	272	417
Z	251	276	421
Z	254	279	282
Z	254	283	421
Z	256	278	377
Z	256	378	421
Z	257	277	421
Z	259	282	419
Z	261	285	421
Z	264	287	346
Z	264	347	385
Z	264	386	421
Z	265	284	420
Z	267	289	421
Z	269	289	421
Z	272	287	294
Z	272	295	420
Z	273	289	294
Z	273	295	421
Z	275	291	295
Z	275	298	413
Z	277	298	303
Z	277	308	421
Z	279	300	304
Z	279	306	421
Z	282	298	303
Z	282	306	365
Z	282	366	421
Z	283	300	303
Z	283	307	411
Z	285	312	313
Z	285	319	320
Z	285	322	421
Z	287	313	315
Z	287	322	331
Z	287	332	370
Z	287	371	409
Z	287	410	421
WF	0	42	35
WF	3	78	0
WF	6	78	0
WF	7	79	23
WF	9	103	0
WF	11	103	0
WF	13	104	11
WF	15	116	0
WF	17	116	0
WF	19	117	7
WF	21	125	0
WF	23	125	0
WF	25	126	6
WF	27	133	0
WF	29	133	0
WF	31	50	57
WF	31	51	57
WF	31	52	59
WF	31	53	59
WF	31	54	60
WF	31	55	61
WF	31	56	63
WF	31	57	64
WF	31	58	64
WF	31	59	65
WF	31	60	65
WF	31	61	65
WF	31	62	66
WF	31	63	67
WF	31	64	67
WF	31	134	67
WF	33	202	0
WF	35	202	0
WF	37	133	2
WF	37	134	2
WF	37	135	2
WF	37	136	4
WF	37	137	4
WF	37	138	4
WF	37	139	4
WF	37	140	9
WF	37	141	9
WF	37	142	9
WF	37	143	9
WF	37	144	9
WF	37	145	9
WF	37	146	8
WF	37	147	7
WF	37	148	5
WF	37	203	18
WF	39	222	0
WF	42	222	0
WF	43	223	23
WF	45	247	0
WF	47	247	0
WF	49	248	2
WF	51	251	0
WF	54	251	0
WF	55	252	23
WF	57	276	0
WF	59	277	9
WF	61	287	3
WF	63	206	5
WF	63	207	6
WF	63	208	6
WF	63	209	7
WF	63	210	7
WF	63	290	12
WF	65	303	0
WF	67	302	0
WF	69	304	6
WF	71	311	0
WF	73	310	0
WF	73	311	0
WF	76	310	0
WF	76	312	0
WF	77	230	1
WF	77	231	2
WF	77	232	2
WF	77	237	3
WF	77	238	3
WF	77	239	3
WF	77	309	3
WF	77	312	3
WF	79	237	0
WF	79	238	0
WF	79	239	0
WF	79	240	0
WF	79	245	1
WF	79	313	1
WF	79	315	1
WF	79	316	0
WF	82	239	0
WF	82	240	0
WF	82	313	1
WF	82	314	1
WF	82	315	0
WF	83	241	2
WF	83	243	1
WF	83	244	1
WF	83	246	2
WF	83	315	2
WF	83	318	2
WF	86	238	16
WF	86	239	30
WF	86	240	36
WF	86	241	36
WF	86	242	36
WF	86	243	36
WF	86	244	35
WF	86	245	37
WF	86	246	41
WF	86	247	41
WF	86	307	43
WF	86	308	36
WF	86	309	31
WF	86	310	27
WF	86	311	23
WF	86	312	20
WF	86	313	18
WF	86	314	14
WF	86	315	12
WF	86	316	9
WF	86	317	7
WF	86	318	8
WF	86	319	8
WF	86	320	7
WF	87	290	6
WF	87	291	1
WF	87	292	2
WF	87	293	2
WF	87	294	5
WF	87	295	5
WF	87	296	5
WF	87	347	6
WF	87	348	5
WF	87	349	3
WF	87	350	0
WF	89	297	0
WF	89	353	0
WF	92	220	0
WF	92	297	0
WF	92	354	0
WF	93	214	2
WF	93	215	3
WF	93	216	3
WF	93	298	6
WF	93	303	2
WF	93	351	6
WF	93	352	6
WF	93	353	6
WF	93	354	5
WF	95	228	0
WF	95	305	0
WF	95	311	0
WF	95	312	0
WF	95	357	0
WF	98	228	0
WF	98	305	0
WF	98	311	0
WF	98	312	0
WF	98	313	0
WF	98	357	0
WF	99	223	1
WF	99	224	1
WF	99	225	1
WF	99	306	2
WF	99	358	2
WF	99	359	0
WF	101	309	0
WF	101	316	0
WF	101	317	0
WF	101	318	0
WF	101	319	0
WF	101	361	0
WF	104	231	0
WF	104	309	0
WF	104	316	0
WF	104	317	0
WF	104	318	0
WF	104	319	0
WF	104	360	0
WF	105	310	4
WF	105	320	1
WF	105	325	4
WF	105	361	4
WF	105	362	1
WF	107	240	0
WF	107	315	0
WF	107	329	0
WF	107	366	0
WF	110	315	0
WF	110	326	0
WF	110	327	0
WF	110	328	0
WF	110	366	0
WF	111	233	0
WF	111	234	0
WF	111	240	0
WF	111	316	0
WF	111	329	0
WF	111	367	0
WF	113	236	0
WF	113	239	1
WF	113	240	0
WF	113	317	1
WF	113	328	0
WF	113	329	0
WF	113	368	1
WF	116	236	1
WF	116	237	1
WF	116	238	0
WF	116	240	0
WF	116	241	0
WF	116	242	0
WF	116	317	1
WF	116	328	0
WF	116	329	0
WF	116	368	1
WF	117	319	1
WF	117	370	1
WF	119	241	0
WF	119	242	0
WF	119	243	0
WF	119	244	0
WF	119	245	0
WF	119	246	0
WF	119	321	0
WF	119	333	0
WF	119	334	0
WF	119	335	0
WF	119	338	0
WF	119	339	0
WF	119	371	0
WF	122	241	0
WF	122	242	0
WF	122	243	0
WF	122	321	0
WF	122	336	0
WF	122	337	0
WF	122	372	0
WF	123	244	0
WF	123	245	2
WF	123	246	2
WF	123	247	1
WF	123	248	0
WF	123	322	2
WF	123	334	0
WF	123	335	0
WF	123	336	0
WF	123	337	0
WF	123	373	2
WF	125	325	0
WF	125	376	0
WF	128	253	0
WF	128	325	0
WF	128	376	0
WF	129	251	1
WF	129	252	2
WF	129	253	2
WF	129	254	1
WF	129	255	2
WF	129	256	2
WF	129	257	2
WF	129	326	2
WF	129	377	2
WF	131	329	0
WF	131	380	0
WF	134	329	0
WF	134	380	0
WF	135	330	2
WF	135	342	1
WF	135	380	2
WF	138	333	1
WF	138	346	0
WF	138	347	0
WF	138	383	1
WF	139	335	8
WF	139	345	8
WF	139	346	8
WF	139	347	8
WF	139	348	8
WF	139	383	8
WF	139	384	3
WF	141	344	0
WF	141	392	0
WF	144	343	0
WF	144	391	0
WF	145	344	6
WF	145	345	5
WF	145	356	2
WF	145	357	2
WF	145	358	2
WF	145	392	6
WF	145	393	2
WF	147	350	0
WF	147	398	0
WF	150	351	1
WF	150	399	1
WF	151	351	0
WF	151	399	0
WF	153	352	0
WF	153	399	0
WF	155	268	1
WF	155	269	1
WF	155	353	3
WF	155	366	2
WF	155	367	2
WF	155	401	3
WF	157	273	1
WF	157	356	1
WF	157	371	1
WF	157	372	1
WF	157	405	1
WF	160	357	1
WF	160	371	1
WF	160	372	1
WF	160	373	1
WF	160	405	1
WF	161	275	2
WF	161	276	2
WF	161	359	2
WF	161	375	0
WF	161	406	2
WF	163	242	0
WF	163	243	0
WF	163	361	4
WF	163	362	1
WF	163	378	1
WF	163	379	3
WF	163	380	3
WF	163	381	4
WF	163	382	4
WF	163	409	4
WF	165	366	4
WF	165	413	4
WF	165	414	1
WF	167	371	0
WF	167	390	0
WF	167	391	0
WF	167	395	0
WF	167	418	0
WF	170	371	0
WF	170	390	0
WF	170	391	0
WF	170	418	0
WF	171	249	5
WF	171	372	13
WF	171	392	9
WF	171	393	9
WF	171	408	10
WF	171	409	11
WF	171	410	10
WF	171	411	9
WF	171	412	8
WF	171	415	5
WF	171	417	0
WF	171	418	1
WF	171	419	0
WF	173	386	0
WF	176	264	0
WF	176	386	0
WF	177	387	0
WF	177	408	0
WF	177	409	0
WF	177	410	0
WF	179	388	0
WF	182	388	0
WF	183	230	1
WF	183	231	2
WF	183	232	2
WF	183	389	2
WF	183	411	1
WF	183	412	2
WF	185	238	0
WF	185	240	0
WF	185	241	0
WF	185	242	0
WF	185	392	0
WF	185	418	0
WF	188	237	0
WF	188	238	0
WF	188	239	0
WF	188	240	0
WF	188	245	1
WF	188	393	1
WF	188	417	0
WF	190	236	0
WF	190	237	0
WF	190	238	0
WF	190	239	0
WF	190	392	0
WF	190	416	0
WF	190	417	0
WF	191	239	0
WF	191	240	1
WF	191	393	1
WF	191	417	0
WF	193	241	2
WF	193	243	1
WF	193	244	1
WF	193	246	2
WF	193	395	2
WF	193	420	0
WF	195	247	0
WF	195	248	0
WF	195	250	0
WF	195	251	0
WF	195	398	0
WF	198	242	0
WF	198	243	0
WF	198	247	0
WF	198	248	0
WF	198	398	0
WF	199	245	3
WF	199	399	3
WF	201	247	0
WF	201	248	0
WF	201	403	0
WF	204	403	0
WF	205	250	1
WF	205	404	1
WF	207	250	0
WF	207	251	0
WF	207	406	2
WF	210	252	0
WF	210	406	0
WF	211	251	0
WF	211	252	0
WF	211	409	8
WF	213	418	0
WF	216	418	0
WF	217	417	1
WF	217	418	1
WF	217	419	0
WF	225	269	0
WF	225	270	0
WF	228	269	0
WF	228	270	0
WF	229	271	6
WF	229	272	6
WF	231	282	0
WF	231	283	0
WF	231	284	0
WF	236	282	0
WF	236	283	0
WF	236	292	0
WF	239	285	1
WF	245	289	10
WF	245	290	10
WF	245	291	9
WF	245	292	4
WF	245	293	3
WF	245	294	4
WF	245	295	4
WF	245	296	14
WF	245	297	14
WF	245	298	18
WF	245	299	18
WF	245	300	18
WF	245	301	18
WF	245	403	17
WF	245	404	16
WF	247	269	0
WF	247	270	0
WF	249	271	1
WF	254	277	0
WF	254	278	0
WF	254	282	0
WF	259	278	0
WF	259	279	0
WF	259	280	2
WF	259	281	2
WF	264	285	0
WF	264	286	0
WF	267	286	0
WF	267	287	0
WF	272	286	0
WF	272	294	1
WF	273	294	0
WF	275	288	2
WF	275	289	2
WF	275	290	2
WF	275	295	8
WF	275	296	3
WF	275	297	3
WF	277	303	0
WF	279	304	0
WF	282	303	0
WF	283	297	10
WF	283	298	10
WF	283	299	10
WF	283	303	10
WF	283	304	9
WF	283	305	8
WF	283	306	5
WF	283	414	6
WF	283	415	5
WF	285	313	0
WF	285	320	0
WF	285	321	0
WF	287	315	0
WF	287	319	0
WF	287	320	0
WF	65535	312	1
WF	65535	313	1
WF	65535	314	1
WF	65535	315	0
WF	65535	322	1
WF	65535	323	30
WF	65535	324	38
WF	65535	325	45
WF	65535	326	49
WF	65535	327	49
WF	65535	328	49
WF	65535	329	51
WF	65535	330	55
WF	65535	331	82
WF	65535	332	82
WF	65535	333	81
WF	65535	334	80
WF	65535	335	85
WF	65535	338	67
WF	65535	339	70
WF	65535	340	70
WF	65535	341	73
WF	65535	342	78
WF	65535	345	58
WF	65535	346	61
WF	65535	347	61
WF	65535	348	61
WF	65535	349	71
WF	65535	352	68
WF	65535	355	60
WF	65535	356	60
WF	65535	357	59
WF	65535	358	59
WF	65535	359	58
WF	65535	360	57
WF	65535	361	56
WF	65535	362	54
WF	65535	363	54
WF	65535	364	54
WF	65535	365	55
WF	65535	368	41
WF	65535	369	42
WF	65535	370	50
WF	65535	373	47
WF	65535	376	44
WF	65535	379	41
WF	65535	380	40
WF	65535	381	39
WF	65535	382	38
WF	65535	383	37
WF	65535	384	36
WF	65535	385	35
WF	65535	387	33
WF	65535	389	31
WF	65535	390	30
WF	65535	391	29
WF	65535	392	28
WF	65535	395	25
WF	65535	398	15
WF	65535	399	15
WF	65535	400	17
WF	65535	401	17
WF	65535	402	17
WF	65535	403	17
WF	65535	404	16
WF	65535	405	15
WF	65535	406	14
WF	65535	407	13
WF	65535	408	12
WF	65535	409	11
WF	65535	412	8
WF	65535	413	7
WF	65535	414	6
WF	65535	415	5
WF	65535	416	4
[gfa_ed_step] dist=43, n=566, n_intv=262, n_tb=0
Z	0	-1	43
Z	3	36	79
Z	6	34	79
Z	7	18	80
Z	9	43	104
Z	11	41	104
Z	13	34	105
Z	15	47	117
Z	17	45	117
Z	19	41	118
Z	21	48	126
Z	23	50	126
Z	25	46	127
Z	27	52	134
Z	29	54	58
Z	29	59	134
Z	31	62	135
Z	33	132	203
Z	35	132	203
Z	37	149	204
Z	39	167	223
Z	42	169	223
Z	43	161	224
Z	45	184	248
Z	47	186	188
Z	47	189	248
Z	49	183	249
Z	51	185	252
Z	54	187	193
Z	54	194	252
Z	55	186	253
Z	57	211	214
Z	57	215	277
Z	59	201	278
Z	61	207	288
Z	63	211	291
Z	65	223	304
Z	67	225	303
Z	69	223	305
Z	71	231	312
Z	73	230	312
Z	76	230	313
Z	77	231	313
Z	79	241	316
Z	82	236	237
Z	82	238	239
Z	82	241	315
Z	83	240	242
Z	83	243	319
Z	86	245	308
Z	87	208	291
Z	87	297	349
Z	89	214	298
Z	89	303	354
Z	92	214	298
Z	92	305	355
Z	93	217	299
Z	93	304	354
Z	95	223	306
Z	95	310	358
Z	98	225	306
Z	98	310	358
Z	99	223	225
Z	99	226	307
Z	99	313	359
Z	101	229	310
Z	101	315	362
Z	104	227	233
Z	104	234	310
Z	104	315	361
Z	105	228	311
Z	105	321	362
Z	107	232	241
Z	107	242	316
Z	107	327	367
Z	110	232	316
Z	110	325	346
Z	110	347	367
Z	111	232	317
Z	111	327	368
Z	113	235	240
Z	113	241	318
Z	113	328	369
Z	116	235	238
Z	116	239	240
Z	116	243	318
Z	116	327	329
Z	116	332	369
Z	117	238	320
Z	117	331	371
Z	119	240	247
Z	119	248	322
Z	119	332	340
Z	119	341	372
Z	122	240	322
Z	122	333	346
Z	122	347	373
Z	123	244	323
Z	123	338	374
Z	125	248	249
Z	125	252	326
Z	125	340	377
Z	128	250	260
Z	128	261	326
Z	128	342	377
Z	129	251	327
Z	129	340	378
Z	131	259	330
Z	131	342	381
Z	134	255	256
Z	134	262	330
Z	134	342	381
Z	135	259	331
Z	135	343	381
Z	138	261	334
Z	138	348	384
Z	139	255	336
Z	139	344	384
Z	141	263	345
Z	141	357	393
Z	144	263	344
Z	144	357	392
Z	145	261	345
Z	145	359	393
Z	147	267	351
Z	147	365	399
Z	150	267	352
Z	150	365	400
Z	151	267	352
Z	151	367	400
Z	153	267	353
Z	153	366	377
Z	153	378	400
Z	155	270	354
Z	155	365	367
Z	155	368	402
Z	157	272	357
Z	157	370	406
Z	160	275	358
Z	160	370	406
Z	161	274	360
Z	161	376	407
Z	163	242	244
Z	163	247	362
Z	163	380	410
Z	165	247	367
Z	165	385	414
Z	167	251	372
Z	167	389	419
Z	170	251	372
Z	170	389	419
Z	171	250	373
Z	171	394	408
Z	173	265	387
Z	173	407	421
Z	176	263	387
Z	176	407	421
Z	177	231	388
Z	177	407	421
Z	179	230	389
Z	179	409	421
Z	182	230	389
Z	182	410	421
Z	183	230	390
Z	183	411	419
Z	185	235	236
Z	185	237	393
Z	185	417	421
Z	188	241	394
Z	188	418	420
Z	190	235	346
Z	190	347	393
Z	190	415	421
Z	191	236	237
Z	191	238	394
Z	191	418	420
Z	193	240	242
Z	193	243	396
Z	195	243	244
Z	195	246	252
Z	195	253	399
Z	198	241	244
Z	198	246	250
Z	198	251	399
Z	199	244	246
Z	199	250	400
Z	201	246	249
Z	201	253	346
Z	201	347	404
Z	204	248	249
Z	204	255	404
Z	205	249	251
Z	205	253	405
Z	207	253	407
Z	210	251	253
Z	210	254	407
Z	211	253	410
Z	213	263	264
Z	213	265	365
Z	213	366	419
Z	216	261	419
Z	217	262	416
Z	219	267	421
Z	222	267	377
Z	222	378	421
Z	223	264	417
Z	225	268	346
Z	225	347	385
Z	225	386	421
Z	228	268	294
Z	228	295	370
Z	228	371	421
Z	229	273	413
Z	231	281	285
Z	231	286	421
Z	233	283	284
Z	233	285	421
Z	236	281	377
Z	236	378	421
Z	238	284	421
Z	239	286	419
Z	241	289	421
Z	244	289	421
Z	245	302	399
Z	247	268	421
Z	249	272	417
Z	251	276	421
Z	254	276	421
Z	256	278	377
Z	256	378	421
Z	257	277	421
Z	259	278	419
Z	261	283	284
Z	261	285	421
Z	264	284	346
Z	264	347	385
Z	264	386	421
Z	265	284	420
Z	267	285	288
Z	267	289	421
Z	269	289	421
Z	272	285	420
Z	273	289	421
Z	275	291	296
Z	275	298	413
Z	277	298	305
Z	277	308	421
Z	279	300	305
Z	279	306	421
Z	282	298	304
Z	282	306	365
Z	282	366	421
Z	283	296	304
Z	283	307	411
Z	285	312	314
Z	285	319	421
Z	287	313	316
Z	287	318	321
Z	287	322	331
Z	287	332	370
Z	287	371	409
Z	287	410	421
WF	0	43	35
WF	3	79	0
WF	6	79	0
WF	7	80	23
WF	9	104	0
WF	11	104	0
WF	13	105	11
WF	15	117	0
WF	17	117	0
WF	19	118	7
WF	21	126	0
WF	23	126	0
WF	25	127	6
WF	27	134	0
WF	29	134	0
WF	31	49	58
WF	31	50	58
WF	31	51	60
WF	31	52	60
WF	31	53	61
WF	31	54	62
WF	31	55	64
WF	31	56	65
WF	31	57	65
WF	31	58	67
WF	31	59	67
WF	31	60	67
WF	31	61	67
WF	31	135	67
WF	33	130	0
WF	33	131	0
WF	33	203	0
WF	35	130	0
WF	35	131	0
WF	35	203	0
WF	37	132	4
WF	37	133	4
WF	37	134	3
WF	37	135	5
WF	37	136	6
WF	37	137	6
WF	37	138	5
WF	37	139	18
WF	37	140	18
WF	37	141	17
WF	37	142	10
WF	37	143	10
WF	37	144	10
WF	37	145	10
WF	37	146	9
WF	37	147	8
WF	37	148	7
WF	37	204	18
WF	39	223	0
WF	42	223	0
WF	43	224	23
WF	45	248	0
WF	47	248	0
WF	49	249	2
WF	51	252	0
WF	54	252	0
WF	55	253	23
WF	57	277	0
WF	59	278	9
WF	61	288	3
WF	63	205	6
WF	63	206	7
WF	63	207	10
WF	63	208	10
WF	63	209	9
WF	63	210	9
WF	63	291	12
WF	65	304	0
WF	67	303	0
WF	69	305	6
WF	71	312	0
WF	73	312	0
WF	76	313	0
WF	77	229	2
WF	77	230	3
WF	77	313	3
WF	79	235	0
WF	79	236	1
WF	79	237	1
WF	79	238	1
WF	79	239	1
WF	79	240	1
WF	79	316	1
WF	79	317	0
WF	82	237	1
WF	82	239	1
WF	82	240	1
WF	82	315	1
WF	82	316	0
WF	83	237	0
WF	83	238	0
WF	83	242	2
WF	83	319	2
WF	86	237	17
WF	86	238	31
WF	86	239	38
WF	86	240	38
WF	86	241	37
WF	86	242	40
WF	86	243	40
WF	86	244	39
WF	86	308	43
WF	86	309	36
WF	86	310	31
WF	86	311	28
WF	86	312	23
WF	86	313	21
WF	86	314	18
WF	86	315	14
WF	86	316	12
WF	86	317	9
WF	86	318	9
WF	86	319	9
WF	86	320	8
WF	86	321	7
WF	87	291	6
WF	87	292	3
WF	87	293	6
WF	87	294	6
WF	87	295	6
WF	87	296	6
WF	87	349	6
WF	87	350	3
WF	87	351	1
WF	89	298	0
WF	89	354	0
WF	89	355	0
WF	92	298	0
WF	92	355	0
WF	93	213	4
WF	93	214	4
WF	93	215	4
WF	93	216	4
WF	93	299	6
WF	93	302	4
WF	93	303	4
WF	93	354	6
WF	93	355	5
WF	95	306	0
WF	95	358	0
WF	95	359	0
WF	95	360	0
WF	98	306	0
WF	98	358	0
WF	98	359	0
WF	98	360	0
WF	99	222	2
WF	99	225	2
WF	99	307	2
WF	99	311	0
WF	99	312	0
WF	99	359	2
WF	99	360	0
WF	101	226	0
WF	101	227	0
WF	101	310	0
WF	101	362	0
WF	104	226	0
WF	104	310	0
WF	104	361	0
WF	105	311	4
WF	105	316	0
WF	105	317	0
WF	105	318	0
WF	105	319	2
WF	105	320	2
WF	105	362	4
WF	105	363	1
WF	107	241	0
WF	107	316	0
WF	107	367	0
WF	110	316	0
WF	110	367	0
WF	111	317	0
WF	111	368	0
WF	113	233	0
WF	113	234	0
WF	113	240	1
WF	113	318	1
WF	113	327	1
WF	113	369	1
WF	116	233	0
WF	116	234	1
WF	116	238	1
WF	116	240	1
WF	116	241	1
WF	116	242	1
WF	116	318	1
WF	116	329	1
WF	116	330	1
WF	116	331	0
WF	116	369	1
WF	117	320	1
WF	117	329	0
WF	117	330	0
WF	117	371	1
WF	119	239	0
WF	119	247	0
WF	119	322	0
WF	119	340	0
WF	119	372	0
WF	122	322	0
WF	122	373	0
WF	123	240	2
WF	123	241	2
WF	123	242	1
WF	123	243	1
WF	123	323	2
WF	123	333	1
WF	123	334	1
WF	123	335	1
WF	123	336	1
WF	123	337	1
WF	123	374	2
WF	125	249	0
WF	125	250	0
WF	125	251	0
WF	125	326	0
WF	125	377	0
WF	128	247	0
WF	128	248	0
WF	128	249	0
WF	128	326	0
WF	128	377	0
WF	129	248	0
WF	129	249	0
WF	129	250	2
WF	129	327	2
WF	129	378	2
WF	131	254	0
WF	131	255	0
WF	131	256	0
WF	131	257	0
WF	131	258	0
WF	131	330	0
WF	131	381	0
WF	134	256	0
WF	134	257	0
WF	134	258	0
WF	134	259	0
WF	134	260	0
WF	134	330	0
WF	134	381	0
WF	135	255	0
WF	135	256	0
WF	135	331	2
WF	135	341	2
WF	135	342	2
WF	135	381	2
WF	138	334	1
WF	138	345	1
WF	138	346	1
WF	138	347	1
WF	138	384	1
WF	139	336	8
WF	139	384	8
WF	139	385	3
WF	139	386	1
WF	141	345	0
WF	141	353	0
WF	141	354	0
WF	141	355	0
WF	141	356	0
WF	141	393	0
WF	144	344	0
WF	144	353	0
WF	144	354	0
WF	144	355	0
WF	144	356	0
WF	144	392	0
WF	145	345	6
WF	145	346	5
WF	145	355	3
WF	145	356	3
WF	145	357	3
WF	145	358	3
WF	145	393	6
WF	145	394	2
WF	147	351	0
WF	147	399	0
WF	150	352	1
WF	150	400	1
WF	151	352	0
WF	151	400	0
WF	153	353	0
WF	153	400	0
WF	155	267	2
WF	155	268	2
WF	155	269	2
WF	155	354	3
WF	155	367	3
WF	155	402	3
WF	157	357	1
WF	157	369	0
WF	157	406	1
WF	160	358	1
WF	160	406	1
WF	161	360	2
WF	161	371	1
WF	161	372	1
WF	161	373	1
WF	161	374	1
WF	161	375	1
WF	161	407	2
WF	161	408	0
WF	163	241	1
WF	163	244	4
WF	163	246	1
WF	163	362	4
WF	163	363	1
WF	163	377	2
WF	163	378	4
WF	163	379	4
WF	163	410	4
WF	165	367	4
WF	165	414	4
WF	165	415	1
WF	167	372	0
WF	167	419	0
WF	170	372	0
WF	170	419	0
WF	171	248	7
WF	171	249	7
WF	171	373	13
WF	171	390	1
WF	171	391	10
WF	171	392	10
WF	171	393	10
WF	171	408	12
WF	171	409	11
WF	171	410	10
WF	171	411	9
WF	171	414	6
WF	171	416	1
WF	171	417	2
WF	171	418	2
WF	171	419	1
WF	171	420	0
WF	173	387	0
WF	176	387	0
WF	177	388	0
WF	179	389	0
WF	182	389	0
WF	182	408	0
WF	182	409	0
WF	183	229	2
WF	183	390	2
WF	183	409	0
WF	183	410	2
WF	185	233	0
WF	185	234	0
WF	185	236	0
WF	185	393	0
WF	185	414	0
WF	185	415	0
WF	188	235	0
WF	188	236	1
WF	188	237	1
WF	188	238	1
WF	188	239	1
WF	188	240	1
WF	188	394	1
WF	188	416	1
WF	188	417	1
WF	188	420	0
WF	190	233	0
WF	190	234	0
WF	190	393	0
WF	190	414	0
WF	191	237	1
WF	191	394	1
WF	191	416	1
WF	191	417	1
WF	193	237	0
WF	193	238	0
WF	193	242	2
WF	193	396	2
WF	193	419	1
WF	195	244	0
WF	195	252	0
WF	195	399	0
WF	198	244	0
WF	198	250	0
WF	198	399	0
WF	199	242	0
WF	199	243	0
WF	199	246	3
WF	199	247	0
WF	199	248	0
WF	199	249	0
WF	199	400	3
WF	201	249	0
WF	201	404	0
WF	204	249	0
WF	204	404	0
WF	205	247	0
WF	205	248	0
WF	205	251	1
WF	205	405	1
WF	207	249	1
WF	207	250	1
WF	207	251	1
WF	207	252	0
WF	207	407	2
WF	210	253	0
WF	210	407	0
WF	211	250	1
WF	211	251	1
WF	211	252	1
WF	211	410	8
WF	213	419	0
WF	216	419	0
WF	217	416	2
WF	217	417	3
WF	217	418	0
WF	217	419	0
WF	217	420	0
WF	229	269	0
WF	229	270	7
WF	229	271	7
WF	229	272	7
WF	231	285	0
WF	233	284	0
WF	238	282	0
WF	238	283	0
WF	239	283	0
WF	239	284	2
WF	239	285	2
WF	245	288	12
WF	245	289	18
WF	245	290	18
WF	245	291	17
WF	245	292	9
WF	245	293	5
WF	245	294	5
WF	245	295	15
WF	245	296	15
WF	245	297	20
WF	245	298	20
WF	245	299	21
WF	245	300	21
WF	245	301	20
WF	245	402	18
WF	245	403	17
WF	245	404	16
WF	249	269	0
WF	249	270	2
WF	249	271	2
WF	259	277	1
WF	261	281	0
WF	261	282	0
WF	261	284	0
WF	264	281	0
WF	264	282	0
WF	264	283	0
WF	265	283	0
WF	267	288	0
WF	269	286	0
WF	269	287	0
WF	269	288	0
WF	273	287	0
WF	273	288	0
WF	275	286	0
WF	275	287	4
WF	275	288	4
WF	275	289	3
WF	275	290	3
WF	275	296	8
WF	275	297	4
WF	279	305	0
WF	282	304	0
WF	283	304	10
WF	283	305	9
WF	283	306	8
WF	283	413	7
WF	283	414	6
WF	283	415	5
WF	285	307	0
WF	285	308	0
WF	285	309	0
WF	285	310	0
WF	285	314	0
WF	287	316	0
WF	287	321	0
WF	65535	311	2
WF	65535	312	2
WF	65535	313	30
WF	65535	314	30
WF	65535	315	29
WF	65535	316	0
WF	65535	319	0
WF	65535	320	0
WF	65535	321	6
WF	65535	322	31
WF	65535	323	39
WF	65535	324	46
WF	65535	325	50
WF	65535	326	50
WF	65535	327	50
WF	65535	328	53
WF	65535	329	57
WF	65535	330	83
WF	65535	331	83
WF	65535	332	83
WF	65535	333	82
WF	65535	334	86
WF	65535	337	68
WF	65535	338	71
WF	65535	339	71
WF	65535	340	74
WF	65535	341	79
WF	65535	344	60
WF	65535	345	63
WF	65535	346	63
WF	65535	347	64
WF	65535	348	72
WF	65535	351	69
WF	65535	354	66
WF	65535	357	60
WF	65535	358	60
WF	65535	359	60
WF	65535	360	60
WF	65535	361	59
WF	65535	362	57
WF	65535	363	56
WF	65535	364	56
WF	65535	367	42
WF	65535	368	45
WF	65535	369	51
WF	65535	372	48
WF	65535	375	45
WF	65535	378	42
WF	65535	379	41
WF	65535	380	40
WF	65535	381	39
WF	65535	382	38
WF	65535	383	37
WF	65535	384	36
WF	65535	386	34
WF	65535	388	32
WF	65535	389	31
WF	65535	390	30
WF	65535	391	29
WF	65535	394	26
WF	65535	397	16
WF	65535	398	16
WF	65535	399	18
WF	65535	400	18
WF	65535	401	18
WF	65535	402	18
WF	65535	403	17
WF	65535	404	16
WF	65535	405	15
WF	65535	406	14
WF	65535	407	13
WF	65535	408	12
WF	65535	411	9
WF	65535	412	8
WF	65535	413	7
WF	65535	414	6
WF	65535	415	5
[gfa_ed_step] dist=44, n=545, n_intv=256, n_tb=0
Z	0	-1	44
Z	3	36	80
Z	6	34	80
Z	7	18	81
Z	9	43	105
Z	11	41	105
Z	13	34	106
Z	15	47	118
Z	17	45	118
Z	19	41	119
Z	21	48	127
Z	23	50	127
Z	25	46	128
Z	27	52	135
Z	29	54	58
Z	29	59	135
Z	31	56	136
Z	33	129	204
Z	35	128	204
Z	37	138	141
Z	37	149	205
Z	39	167	224
Z	42	169	224
Z	43	161	225
Z	45	184	249
Z	47	186	188
Z	47	189	249
Z	49	183	250
Z	51	185	253
Z	54	187	193
Z	54	194	253
Z	55	186	254
Z	57	211	214
Z	57	215	278
Z	59	201	279
Z	61	207	289
Z	63	211	292
Z	65	223	305
Z	67	225	305
Z	69	223	306
Z	71	231	313
Z	73	230	314
Z	76	230	314
Z	77	229	314
Z	79	235	317
Z	82	236	316
Z	83	240	320
Z	86	242	244
Z	86	245	309
Z	87	208	350
Z	89	214	299
Z	89	303	356
Z	92	214	299
Z	92	300	302
Z	92	303	304
Z	92	305	356
Z	93	217	300
Z	93	304	355
Z	95	223	307
Z	95	310	361
Z	98	225	307
Z	98	310	361
Z	99	221	308
Z	99	313	360
Z	101	225	311
Z	101	315	363
Z	104	225	233
Z	104	234	311
Z	104	315	362
Z	105	228	312
Z	105	321	363
Z	107	232	317
Z	107	327	368
Z	110	232	317
Z	110	325	346
Z	110	347	368
Z	111	232	318
Z	111	327	369
Z	113	233	319
Z	113	326	370
Z	116	233	319
Z	116	327	331
Z	116	332	370
Z	117	236	237
Z	117	238	321
Z	117	328	330
Z	117	331	372
Z	119	238	323
Z	119	332	373
Z	122	240	323
Z	122	333	346
Z	122	347	374
Z	123	239	242
Z	123	244	324
Z	123	338	375
Z	125	248	327
Z	125	340	378
Z	128	244	245
Z	128	246	260
Z	128	261	327
Z	128	342	378
Z	129	245	246
Z	129	247	328
Z	129	340	379
Z	131	253	331
Z	131	342	382
Z	134	248	249
Z	134	252	253
Z	134	255	261
Z	134	262	331
Z	134	342	382
Z	135	249	250
Z	135	259	332
Z	135	340	382
Z	138	252	253
Z	138	261	335
Z	138	344	385
Z	139	255	337
Z	139	344	385
Z	141	263	346
Z	141	352	394
Z	144	263	345
Z	144	352	393
Z	145	261	346
Z	145	359	394
Z	147	267	352
Z	147	365	401
Z	150	267	353
Z	150	365	401
Z	151	267	353
Z	151	367	401
Z	153	267	354
Z	153	366	377
Z	153	378	401
Z	155	270	355
Z	155	365	403
Z	157	272	358
Z	157	370	407
Z	160	275	359
Z	160	370	407
Z	161	274	361
Z	161	376	408
Z	163	242	245
Z	163	247	363
Z	163	377	411
Z	165	247	368
Z	165	385	415
Z	167	251	373
Z	167	389	420
Z	170	251	373
Z	170	389	420
Z	171	250	374
Z	171	394	408
Z	173	265	388
Z	173	407	421
Z	176	263	388
Z	176	407	421
Z	177	231	389
Z	177	407	421
Z	179	230	390
Z	179	409	421
Z	182	230	390
Z	182	407	421
Z	183	228	391
Z	183	409	419
Z	185	232	394
Z	185	413	416
Z	185	417	421
Z	188	235	395
Z	188	415	420
Z	190	232	346
Z	190	347	394
Z	190	413	421
Z	191	236	395
Z	191	415	420
Z	193	240	397
Z	195	243	245
Z	195	246	400
Z	198	241	245
Z	198	246	400
Z	199	244	247
Z	199	250	401
Z	201	246	250
Z	201	253	346
Z	201	347	405
Z	204	248	250
Z	204	255	405
Z	205	247	252
Z	205	253	406
Z	207	250	252
Z	207	253	408
Z	210	250	408
Z	211	253	411
Z	213	263	264
Z	213	265	365
Z	213	366	420
Z	216	261	420
Z	217	262	416
Z	219	267	421
Z	222	267	377
Z	222	378	421
Z	223	264	417
Z	225	268	346
Z	225	347	385
Z	225	386	421
Z	228	268	294
Z	228	295	370
Z	228	371	421
Z	229	271	413
Z	231	281	421
Z	233	283	421
Z	236	281	377
Z	236	378	421
Z	238	281	421
Z	239	283	419
Z	241	289	421
Z	244	287	288
Z	244	289	421
Z	245	302	399
Z	247	268	421
Z	249	269	417
Z	251	275	421
Z	254	276	421
Z	256	276	277
Z	256	278	377
Z	256	378	421
Z	257	277	421
Z	259	278	419
Z	261	280	421
Z	264	280	346
Z	264	347	385
Z	264	386	421
Z	265	284	420
Z	267	285	421
Z	269	285	421
Z	272	285	420
Z	273	286	421
Z	275	291	297
Z	275	298	413
Z	277	298	305
Z	277	308	421
Z	279	300	421
Z	282	298	305
Z	282	306	365
Z	282	366	421
Z	283	296	305
Z	283	307	411
Z	285	306	311
Z	285	312	315
Z	285	319	421
Z	287	309	310
Z	287	313	317
Z	287	318	331
Z	287	332	370
Z	287	371	409
Z	287	410	421
WF	0	44	35
WF	3	80	0
WF	6	80	0
WF	7	81	23
WF	9	105	0
WF	11	105	0
WF	13	106	11
WF	15	118	0
WF	17	118	0
WF	19	119	7
WF	21	127	0
WF	23	127	0
WF	25	128	6
WF	27	135	0
WF	29	135	0
WF	31	48	59
WF	31	49	59
WF	31	50	61
WF	31	51	61
WF	31	52	62
WF	31	53	63
WF	31	54	65
WF	31	55	67
WF	31	136	67
WF	33	124	0
WF	33	125	0
WF	33	126	0
WF	33	127	0
WF	33	128	0
WF	33	204	0
WF	35	124	0
WF	35	125	0
WF	35	126	0
WF	35	127	0
WF	35	204	0
WF	37	128	0
WF	37	129	0
WF	37	130	0
WF	37	131	6
WF	37	132	6
WF	37	133	6
WF	37	134	6
WF	37	135	7
WF	37	136	7
WF	37	137	7
WF	37	141	18
WF	37	142	17
WF	37	143	13
WF	37	144	13
WF	37	145	12
WF	37	146	11
WF	37	147	9
WF	37	148	8
WF	37	205	18
WF	39	157	0
WF	39	158	0
WF	39	159	0
WF	39	224	0
WF	42	157	0
WF	42	158	0
WF	42	159	0
WF	42	224	0
WF	43	225	23
WF	45	249	0
WF	47	249	0
WF	49	250	2
WF	51	253	0
WF	54	253	0
WF	55	254	23
WF	57	278	0
WF	59	279	9
WF	61	289	3
WF	63	204	7
WF	63	205	8
WF	63	206	11
WF	63	207	11
WF	63	208	11
WF	63	209	10
WF	63	210	10
WF	63	292	12
WF	63	293	0
WF	65	305	0
WF	69	306	6
WF	71	313	0
WF	73	314	0
WF	76	314	0
WF	77	228	3
WF	77	314	3
WF	79	233	1
WF	79	234	1
WF	79	317	1
WF	79	318	0
WF	82	233	0
WF	82	234	0
WF	82	316	1
WF	82	317	1
WF	82	318	0
WF	83	236	2
WF	83	237	2
WF	83	238	1
WF	83	239	0
WF	83	320	2
WF	86	236	18
WF	86	237	32
WF	86	238	39
WF	86	239	39
WF	86	240	39
WF	86	241	41
WF	86	244	43
WF	86	309	43
WF	86	310	37
WF	86	311	31
WF	86	312	28
WF	86	313	24
WF	86	314	21
WF	86	315	18
WF	86	316	15
WF	86	317	12
WF	86	318	10
WF	86	319	12
WF	86	320	12
WF	86	321	11
WF	86	322	7
WF	87	350	6
WF	87	351	3
WF	87	352	1
WF	89	299	0
WF	89	300	0
WF	89	301	0
WF	89	302	0
WF	89	356	0
WF	92	299	0
WF	92	302	0
WF	92	304	0
WF	92	356	0
WF	93	212	5
WF	93	213	5
WF	93	214	5
WF	93	215	6
WF	93	216	6
WF	93	300	6
WF	93	301	5
WF	93	302	5
WF	93	303	5
WF	93	355	6
WF	93	356	5
WF	93	357	0
WF	95	307	0
WF	95	361	0
WF	98	307	0
WF	98	361	0
WF	99	308	2
WF	99	310	1
WF	99	311	2
WF	99	312	2
WF	99	360	2
WF	99	361	1
WF	99	362	0
WF	101	224	0
WF	101	311	0
WF	101	363	0
WF	104	311	0
WF	104	362	0
WF	105	225	1
WF	105	226	1
WF	105	227	2
WF	105	312	4
WF	105	315	1
WF	105	316	1
WF	105	317	1
WF	105	318	3
WF	105	319	3
WF	105	320	3
WF	105	363	4
WF	105	364	1
WF	107	317	0
WF	107	368	0
WF	110	317	0
WF	110	368	0
WF	111	318	0
WF	111	369	0
WF	113	232	1
WF	113	319	1
WF	113	370	1
WF	116	232	1
WF	116	319	1
WF	116	331	1
WF	116	370	1
WF	117	237	1
WF	117	321	1
WF	117	330	1
WF	117	372	1
WF	119	237	0
WF	119	323	0
WF	119	330	0
WF	119	331	0
WF	119	373	0
WF	122	237	0
WF	122	238	0
WF	122	323	0
WF	122	330	0
WF	122	331	0
WF	122	374	0
WF	123	242	2
WF	123	243	2
WF	123	324	2
WF	123	332	2
WF	123	333	2
WF	123	334	2
WF	123	335	2
WF	123	336	2
WF	123	337	2
WF	123	375	2
WF	125	242	0
WF	125	243	0
WF	125	244	0
WF	125	327	0
WF	125	378	0
WF	128	242	0
WF	128	243	0
WF	128	327	0
WF	128	378	0
WF	129	246	2
WF	129	328	2
WF	129	379	2
WF	131	247	0
WF	131	248	0
WF	131	250	0
WF	131	251	0
WF	131	252	0
WF	131	331	0
WF	131	382	0
WF	134	250	0
WF	134	251	0
WF	134	253	0
WF	134	261	0
WF	134	331	0
WF	134	382	0
WF	135	250	2
WF	135	252	0
WF	135	253	0
WF	135	254	1
WF	135	255	2
WF	135	256	2
WF	135	257	1
WF	135	258	0
WF	135	332	2
WF	135	382	2
WF	138	335	1
WF	138	343	0
WF	138	385	1
WF	139	251	0
WF	139	252	0
WF	139	253	1
WF	139	254	1
WF	139	337	8
WF	139	343	0
WF	139	385	8
WF	139	386	3
WF	139	387	1
WF	141	346	0
WF	141	394	0
WF	144	345	0
WF	144	393	0
WF	145	346	6
WF	145	347	5
WF	145	353	0
WF	145	354	4
WF	145	355	4
WF	145	356	5
WF	145	357	5
WF	145	358	4
WF	145	394	6
WF	145	395	2
WF	147	352	0
WF	147	401	0
WF	150	353	1
WF	150	401	1
WF	151	353	0
WF	151	401	0
WF	153	354	0
WF	153	401	0
WF	155	266	3
WF	155	267	3
WF	155	268	3
WF	155	269	3
WF	155	355	3
WF	155	403	3
WF	157	358	1
WF	157	368	1
WF	157	369	1
WF	157	407	1
WF	160	359	1
WF	160	407	1
WF	161	361	2
WF	161	370	2
WF	161	371	2
WF	161	372	2
WF	161	373	2
WF	161	374	2
WF	161	375	2
WF	161	408	2
WF	161	409	1
WF	163	240	2
WF	163	241	2
WF	163	245	4
WF	163	246	2
WF	163	363	4
WF	163	364	2
WF	163	376	3
WF	163	411	4
WF	165	368	4
WF	165	382	0
WF	165	383	2
WF	165	384	2
WF	165	415	4
WF	165	416	1
WF	167	373	0
WF	167	420	0
WF	170	373	0
WF	170	420	0
WF	171	247	8
WF	171	248	8
WF	171	249	8
WF	171	374	13
WF	171	389	2
WF	171	390	11
WF	171	391	11
WF	171	392	12
WF	171	393	12
WF	171	408	12
WF	171	409	11
WF	171	410	10
WF	171	413	7
WF	171	415	2
WF	171	416	4
WF	171	417	3
WF	171	418	2
WF	171	419	1
WF	171	420	0
WF	173	388	0
WF	176	388	0
WF	177	389	0
WF	179	390	0
WF	182	390	0
WF	183	391	2
WF	183	408	1
WF	185	231	0
WF	185	394	0
WF	185	412	0
WF	185	416	0
WF	188	233	1
WF	188	234	1
WF	188	395	1
WF	188	414	1
WF	190	231	0
WF	190	394	0
WF	191	233	0
WF	191	234	0
WF	191	235	0
WF	191	395	1
WF	191	413	0
WF	191	414	0
WF	193	236	2
WF	193	237	2
WF	193	238	1
WF	193	239	0
WF	193	397	2
WF	193	417	1
WF	193	418	2
WF	193	419	0
WF	195	245	0
WF	195	400	0
WF	198	245	0
WF	198	400	0
WF	199	241	1
WF	199	242	2
WF	199	243	2
WF	199	247	3
WF	199	248	1
WF	199	249	1
WF	199	401	3
WF	201	250	0
WF	201	405	0
WF	204	250	0
WF	204	405	0
WF	205	246	1
WF	205	252	1
WF	205	406	1
WF	207	248	2
WF	207	249	2
WF	207	252	2
WF	207	408	2
WF	210	408	0
WF	211	249	2
WF	211	250	4
WF	211	251	4
WF	211	252	3
WF	211	411	8
WF	213	420	0
WF	216	420	0
WF	217	416	4
WF	217	419	1
WF	229	268	1
WF	229	269	8
WF	229	270	8
WF	233	281	0
WF	233	282	0
WF	236	280	0
WF	239	282	1
WF	241	286	0
WF	241	287	0
WF	241	288	0
WF	244	288	0
WF	245	287	14
WF	245	288	19
WF	245	289	19
WF	245	290	19
WF	245	291	18
WF	245	292	17
WF	245	293	9
WF	245	294	16
WF	245	295	16
WF	245	296	22
WF	245	297	22
WF	245	298	22
WF	245	299	22
WF	245	300	22
WF	245	301	22
WF	245	401	19
WF	245	402	18
WF	245	403	17
WF	249	268	1
WF	254	275	0
WF	256	274	0
WF	256	275	0
WF	256	277	0
WF	257	275	0
WF	257	276	0
WF	259	276	2
WF	259	277	2
WF	265	281	1
WF	265	282	1
WF	265	283	1
WF	275	285	2
WF	275	286	6
WF	275	287	6
WF	275	288	5
WF	275	289	5
WF	275	290	4
WF	275	297	8
WF	277	305	0
WF	282	305	0
WF	283	305	10
WF	283	306	9
WF	283	412	8
WF	283	413	7
WF	283	414	6
WF	285	311	0
WF	285	315	0
WF	287	307	0
WF	287	308	0
WF	287	310	0
WF	287	311	0
WF	287	317	0
WF	65535	309	0
WF	65535	310	3
WF	65535	311	3
WF	65535	312	31
WF	65535	313	36
WF	65535	314	36
WF	65535	315	35
WF	65535	316	29
WF	65535	317	1
WF	65535	318	1
WF	65535	319	1
WF	65535	320	7
WF	65535	321	33
WF	65535	322	41
WF	65535	323	47
WF	65535	324	51
WF	65535	325	51
WF	65535	326	51
WF	65535	327	54
WF	65535	328	58
WF	65535	329	84
WF	65535	330	84
WF	65535	331	85
WF	65535	332	85
WF	65535	333	87
WF	65535	336	71
WF	65535	337	72
WF	65535	338	72
WF	65535	339	75
WF	65535	340	80
WF	65535	343	61
WF	65535	344	64
WF	65535	345	64
WF	65535	346	68
WF	65535	347	73
WF	65535	350	70
WF	65535	353	67
WF	65535	356	62
WF	65535	357	62
WF	65535	358	62
WF	65535	359	61
WF	65535	360	60
WF	65535	361	59
WF	65535	362	58
WF	65535	363	57
WF	65535	366	43
WF	65535	367	46
WF	65535	368	52
WF	65535	371	49
WF	65535	374	46
WF	65535	377	43
WF	65535	378	42
WF	65535	379	41
WF	65535	380	40
WF	65535	381	39
WF	65535	382	38
WF	65535	383	37
WF	65535	385	35
WF	65535	387	33
WF	65535	388	32
WF	65535	389	31
WF	65535	390	30
WF	65535	393	27
WF	65535	396	17
WF	65535	397	17
WF	65535	398	20
WF	65535	399	20
WF	65535	400	20
WF	65535	401	19
WF	65535	402	18
WF	65535	403	17
WF	65535	404	16
WF	65535	405	15
WF	65535	406	14
WF	65535	407	13
WF	65535	410	10
WF	65535	411	9
WF	65535	412	8
WF	65535	413	7
WF	65535	414	6
[gfa_ed_step] dist=45, n=522, n_intv=253, n_tb=0
Z	0	-1	45
Z	3	36	81
Z	6	34	81
Z	7	18	82
Z	9	43	106
Z	11	41	106
Z	13	34	107
Z	15	47	119
Z	17	45	119
Z	19	41	120
Z	21	48	128
Z	23	50	128
Z	25	46	129
Z	27	52	136
Z	29	54	58
Z	29	59	136
Z	31	54	137
Z	33	123	205
Z	35	123	205
Z	37	138	142
Z	37	149	206
Z	39	156	160
Z	39	167	225
Z	42	156	160
Z	42	169	225
Z	43	161	226
Z	45	184	250
Z	47	186	188
Z	47	189	250
Z	49	183	251
Z	51	185	254
Z	54	187	193
Z	54	194	254
Z	55	186	255
Z	57	211	214
Z	57	215	279
Z	59	201	280
Z	61	207	290
Z	63	211	293
Z	65	223	306
Z	67	225	305
Z	69	223	307
Z	71	231	314
Z	73	230	315
Z	76	230	315
Z	77	227	315
Z	79	232	318
Z	82	233	235
Z	82	236	318
Z	83	235	238
Z	83	240	321
Z	86	242	310
Z	87	208	351
Z	89	214	357
Z	92	214	358
Z	93	214	303
Z	93	304	356
Z	95	223	308
Z	95	309	362
Z	98	225	309
Z	98	310	362
Z	99	221	309
Z	99	310	361
Z	101	223	312
Z	101	315	364
Z	104	225	233
Z	104	234	312
Z	104	314	363
Z	105	228	313
Z	105	317	320
Z	105	321	364
Z	107	232	318
Z	107	323	324
Z	107	327	369
Z	110	232	318
Z	110	324	346
Z	110	347	369
Z	111	232	319
Z	111	325	326
Z	111	327	370
Z	113	231	320
Z	113	326	371
Z	116	231	320
Z	116	327	371
Z	117	236	322
Z	117	328	373
Z	119	236	324
Z	119	329	374
Z	122	236	239
Z	122	240	324
Z	122	329	332
Z	122	333	346
Z	122	347	375
Z	123	239	325
Z	123	331	376
Z	125	241	245
Z	125	248	328
Z	125	336	338
Z	125	340	379
Z	128	241	260
Z	128	261	328
Z	128	335	336
Z	128	338	339
Z	128	340	341
Z	128	342	379
Z	129	245	329
Z	129	340	380
Z	131	246	332
Z	131	342	383
Z	134	248	254
Z	134	255	332
Z	134	342	383
Z	135	249	251
Z	135	254	257
Z	135	259	333
Z	135	340	383
Z	138	252	253
Z	138	261	336
Z	138	342	386
Z	139	253	338
Z	139	344	386
Z	141	263	347
Z	141	352	395
Z	144	263	346
Z	144	352	394
Z	145	261	347
Z	145	359	395
Z	147	267	353
Z	147	365	402
Z	150	267	354
Z	150	365	402
Z	151	267	354
Z	151	367	402
Z	153	267	355
Z	153	366	377
Z	153	378	402
Z	155	265	356
Z	155	365	404
Z	157	272	359
Z	157	367	408
Z	160	275	360
Z	160	370	408
Z	161	274	362
Z	161	369	409
Z	163	242	364
Z	163	377	412
Z	165	247	369
Z	165	383	416
Z	167	251	374
Z	167	389	421
Z	170	251	374
Z	170	389	421
Z	171	250	375
Z	171	394	408
Z	173	265	389
Z	173	407	421
Z	176	263	389
Z	176	407	421
Z	177	231	390
Z	177	407	421
Z	179	230	391
Z	179	409	421
Z	182	230	391
Z	182	407	421
Z	183	228	392
Z	183	409	419
Z	185	230	395
Z	185	411	421
Z	188	232	396
Z	188	413	420
Z	190	230	346
Z	190	347	395
Z	190	413	421
Z	191	233	235
Z	191	236	396
Z	191	415	420
Z	193	235	238
Z	193	240	398
Z	193	417	419
Z	195	239	240
Z	195	243	401
Z	198	241	401
Z	199	242	249
Z	199	250	402
Z	201	246	251
Z	201	253	346
Z	201	347	406
Z	204	248	251
Z	204	252	253
Z	204	255	406
Z	205	245	407
Z	207	247	409
Z	210	250	409
Z	211	253	412
Z	213	263	264
Z	213	265	365
Z	213	366	421
Z	216	261	421
Z	217	262	416
Z	219	267	421
Z	222	267	377
Z	222	378	421
Z	223	264	417
Z	225	268	346
Z	225	347	385
Z	225	386	421
Z	228	268	294
Z	228	295	370
Z	228	371	421
Z	229	268	413
Z	231	281	421
Z	233	280	421
Z	236	278	377
Z	236	378	421
Z	238	281	421
Z	239	283	419
Z	241	285	421
Z	244	287	421
Z	245	295	399
Z	247	268	421
Z	249	269	417
Z	251	275	421
Z	254	274	421
Z	256	273	377
Z	256	378	421
Z	257	274	421
Z	259	275	419
Z	261	279	421
Z	264	280	346
Z	264	347	385
Z	264	386	421
Z	265	280	420
Z	267	282	283
Z	267	285	421
Z	269	283	284
Z	269	285	421
Z	272	285	420
Z	273	286	421
Z	275	291	413
Z	277	298	306
Z	277	308	421
Z	279	300	421
Z	282	298	365
Z	282	366	421
Z	283	296	306
Z	283	307	411
Z	285	306	316
Z	285	319	421
Z	287	306	312
Z	287	313	331
Z	287	332	370
Z	287	371	409
Z	287	410	421
WF	0	45	35
WF	3	81	0
WF	6	81	0
WF	7	82	23
WF	9	106	0
WF	11	106	0
WF	13	107	11
WF	15	119	0
WF	17	119	0
WF	19	120	7
WF	21	128	0
WF	23	128	0
WF	25	129	6
WF	27	136	0
WF	29	136	0
WF	31	47	60
WF	31	48	60
WF	31	49	62
WF	31	50	62
WF	31	51	63
WF	31	52	64
WF	31	53	67
WF	31	137	67
WF	33	122	0
WF	33	205	0
WF	35	122	0
WF	35	205	0
WF	37	124	1
WF	37	125	1
WF	37	126	1
WF	37	127	1
WF	37	128	2
WF	37	129	2
WF	37	130	7
WF	37	131	7
WF	37	132	8
WF	37	133	8
WF	37	134	8
WF	37	135	8
WF	37	136	8
WF	37	137	8
WF	37	142	18
WF	37	143	17
WF	37	144	14
WF	37	145	13
WF	37	146	12
WF	37	147	11
WF	37	148	10
WF	37	206	18
WF	39	160	0
WF	39	225	0
WF	42	160	0
WF	42	225	0
WF	43	157	1
WF	43	158	1
WF	43	159	0
WF	43	160	0
WF	43	226	23
WF	45	250	0
WF	47	250	0
WF	49	251	2
WF	51	254	0
WF	54	254	0
WF	55	255	23
WF	57	279	0
WF	59	280	9
WF	61	290	3
WF	63	203	8
WF	63	204	9
WF	63	205	12
WF	63	206	12
WF	63	207	12
WF	63	208	12
WF	63	209	12
WF	63	210	12
WF	63	293	12
WF	63	294	1
WF	65	306	0
WF	67	305	0
WF	69	307	6
WF	71	314	0
WF	73	315	0
WF	76	315	0
WF	77	315	3
WF	79	231	1
WF	79	318	1
WF	79	319	0
WF	82	231	0
WF	82	232	1
WF	82	235	1
WF	82	318	1
WF	82	319	0
WF	83	234	0
WF	83	238	2
WF	83	239	1
WF	83	321	2
WF	86	235	21
WF	86	236	33
WF	86	237	40
WF	86	238	40
WF	86	239	40
WF	86	240	42
WF	86	241	42
WF	86	310	43
WF	86	311	39
WF	86	312	31
WF	86	313	28
WF	86	314	25
WF	86	315	21
WF	86	316	20
WF	86	317	20
WF	86	318	19
WF	86	319	14
WF	86	320	13
WF	86	321	13
WF	86	322	12
WF	86	323	8
WF	87	351	6
WF	87	352	4
WF	87	353	3
WF	89	357	0
WF	92	358	0
WF	93	211	6
WF	93	212	6
WF	93	213	6
WF	93	303	6
WF	93	356	6
WF	93	357	5
WF	93	358	0
WF	95	221	0
WF	95	222	0
WF	95	308	0
WF	95	362	0
WF	98	221	0
WF	98	222	0
WF	98	223	0
WF	98	309	0
WF	98	362	0
WF	99	309	2
WF	99	361	2
WF	99	362	1
WF	99	363	0
WF	101	312	0
WF	101	313	0
WF	101	314	0
WF	101	364	0
WF	104	312	0
WF	104	363	0
WF	105	224	2
WF	105	225	2
WF	105	226	4
WF	105	227	4
WF	105	313	4
WF	105	314	2
WF	105	315	2
WF	105	316	2
WF	105	320	4
WF	105	364	4
WF	105	365	1
WF	107	318	0
WF	107	324	0
WF	107	369	0
WF	110	318	0
WF	110	322	0
WF	110	323	0
WF	110	369	0
WF	111	319	0
WF	111	323	0
WF	111	324	0
WF	111	326	0
WF	111	370	0
WF	113	320	1
WF	113	325	1
WF	113	371	1
WF	116	320	1
WF	116	325	0
WF	116	326	0
WF	116	371	1
WF	117	233	0
WF	117	234	0
WF	117	322	1
WF	117	373	1
WF	119	324	0
WF	119	374	0
WF	122	239	0
WF	122	324	0
WF	122	332	0
WF	122	375	0
WF	123	237	1
WF	123	238	1
WF	123	325	2
WF	123	330	1
WF	123	376	2
WF	125	245	0
WF	125	246	0
WF	125	328	0
WF	125	334	0
WF	125	335	0
WF	125	338	0
WF	125	339	0
WF	125	379	0
WF	128	328	0
WF	128	336	0
WF	128	337	0
WF	128	339	0
WF	128	341	0
WF	128	379	0
WF	129	242	0
WF	129	243	1
WF	129	244	1
WF	129	329	2
WF	129	335	0
WF	129	336	0
WF	129	337	1
WF	129	338	1
WF	129	339	0
WF	129	380	2
WF	131	332	0
WF	131	383	0
WF	134	254	0
WF	134	332	0
WF	134	383	0
WF	135	247	0
WF	135	248	0
WF	135	251	2
WF	135	252	2
WF	135	253	2
WF	135	257	2
WF	135	258	1
WF	135	333	2
WF	135	383	2
WF	138	253	0
WF	138	257	0
WF	138	258	0
WF	138	259	0
WF	138	336	1
WF	138	386	1
WF	139	250	1
WF	139	251	1
WF	139	252	2
WF	139	338	8
WF	139	342	1
WF	139	343	1
WF	139	386	8
WF	139	387	3
WF	139	388	1
WF	141	262	0
WF	141	347	0
WF	141	395	0
WF	144	262	0
WF	144	346	0
WF	144	394	0
WF	145	347	6
WF	145	348	5
WF	145	352	1
WF	145	353	5
WF	145	354	5
WF	145	355	6
WF	145	356	6
WF	145	357	6
WF	145	358	5
WF	145	395	6
WF	145	396	2
WF	147	353	0
WF	147	402	0
WF	150	354	1
WF	150	402	1
WF	151	354	0
WF	151	402	0
WF	153	355	0
WF	153	402	0
WF	155	356	3
WF	155	404	3
WF	157	269	1
WF	157	270	1
WF	157	271	0
WF	157	359	1
WF	157	408	1
WF	160	269	0
WF	160	270	0
WF	160	271	1
WF	160	272	1
WF	160	273	1
WF	160	274	0
WF	160	360	1
WF	160	408	1
WF	161	362	2
WF	161	409	2
WF	161	410	1
WF	163	238	0
WF	163	239	3
WF	163	240	3
WF	163	241	3
WF	163	364	4
WF	163	365	3
WF	163	372	0
WF	163	373	0
WF	163	374	0
WF	163	375	4
WF	163	376	4
WF	163	412	4
WF	165	369	4
WF	165	381	1
WF	165	382	3
WF	165	416	4
WF	165	417	1
WF	167	374	0
WF	170	374	0
WF	170	388	0
WF	171	246	10
WF	171	247	10
WF	171	248	11
WF	171	249	11
WF	171	375	13
WF	171	388	4
WF	171	389	12
WF	171	390	12
WF	171	391	13
WF	171	392	13
WF	171	393	13
WF	171	408	12
WF	171	409	11
WF	171	412	8
WF	171	414	4
WF	171	415	5
WF	171	416	4
WF	171	417	3
WF	171	418	2
WF	171	419	1
WF	171	420	0
WF	173	389	0
WF	176	389	0
WF	177	390	0
WF	179	391	0
WF	182	391	0
WF	183	392	2
WF	183	407	2
WF	183	408	2
WF	185	395	0
WF	188	231	1
WF	188	396	1
WF	188	412	0
WF	190	395	0
WF	191	231	0
WF	191	232	1
WF	191	235	1
WF	191	396	1
WF	191	412	1
WF	191	413	1
WF	191	414	1
WF	193	234	0
WF	193	238	2
WF	193	239	1
WF	193	398	2
WF	193	415	1
WF	193	416	2
WF	193	420	0
WF	195	240	0
WF	195	401	0
WF	195	420	0
WF	198	238	0
WF	198	239	0
WF	198	240	0
WF	198	401	0
WF	198	420	0
WF	199	239	1
WF	199	240	2
WF	199	241	3
WF	199	249	3
WF	199	402	3
WF	201	251	0
WF	201	252	0
WF	201	406	0
WF	204	246	0
WF	204	247	0
WF	204	251	0
WF	204	253	0
WF	204	406	0
WF	205	407	1
WF	207	409	2
WF	210	247	0
WF	210	248	0
WF	210	409	0
WF	211	248	3
WF	211	249	5
WF	211	250	5
WF	211	251	5
WF	211	252	5
WF	211	412	8
WF	217	418	2
WF	217	420	0
WF	229	267	2
WF	231	277	0
WF	231	278	0
WF	231	279	0
WF	238	278	0
WF	238	279	0
WF	238	280	0
WF	239	281	2
WF	239	282	2
WF	245	286	15
WF	245	287	20
WF	245	288	20
WF	245	289	22
WF	245	290	22
WF	245	291	21
WF	245	292	20
WF	245	293	19
WF	245	294	17
WF	245	400	20
WF	245	401	19
WF	245	402	18
WF	249	267	2
WF	249	268	2
WF	264	278	0
WF	264	279	0
WF	267	283	0
WF	267	284	0
WF	269	284	0
WF	272	281	0
WF	272	282	0
WF	272	283	0
WF	272	284	0
WF	273	283	0
WF	273	284	0
WF	275	282	0
WF	275	283	0
WF	275	284	4
WF	275	285	7
WF	275	286	7
WF	275	287	7
WF	275	288	6
WF	275	289	6
WF	275	290	5
WF	277	306	0
WF	283	306	10
WF	283	411	9
WF	283	412	8
WF	283	413	7
WF	285	316	0
WF	287	312	0
WF	65535	307	0
WF	65535	308	1
WF	65535	309	4
WF	65535	310	4
WF	65535	311	32
WF	65535	312	37
WF	65535	313	42
WF	65535	314	42
WF	65535	315	41
WF	65535	316	35
WF	65535	317	29
WF	65535	318	5
WF	65535	319	9
WF	65535	320	35
WF	65535	321	42
WF	65535	322	48
WF	65535	323	52
WF	65535	324	54
WF	65535	325	54
WF	65535	326	55
WF	65535	327	59
WF	65535	328	85
WF	65535	329	85
WF	65535	330	86
WF	65535	331	86
WF	65535	332	88
WF	65535	335	72
WF	65535	336	74
WF	65535	337	74
WF	65535	338	76
WF	65535	339	81
WF	65535	342	63
WF	65535	343	65
WF	65535	344	65
WF	65535	345	69
WF	65535	346	74
WF	65535	349	71
WF	65535	352	68
WF	65535	355	63
WF	65535	356	64
WF	65535	357	63
WF	65535	358	62
WF	65535	359	61
WF	65535	360	60
WF	65535	361	59
WF	65535	362	58
WF	65535	365	44
WF	65535	366	48
WF	65535	367	53
WF	65535	370	50
WF	65535	373	47
WF	65535	376	44
WF	65535	377	43
WF	65535	378	42
WF	65535	379	41
WF	65535	380	40
WF	65535	381	39
WF	65535	382	38
WF	65535	384	36
WF	65535	386	34
WF	65535	387	33
WF	65535	388	32
WF	65535	389	31
WF	65535	392	28
WF	65535	395	18
WF	65535	396	18
WF	65535	397	21
WF	65535	398	22
WF	65535	399	21
WF	65535	400	20
WF	65535	401	19
WF	65535	402	18
WF	65535	403	17
WF	65535	404	16
WF	65535	405	15
WF	65535	406	14
WF	65535	409	11
WF	65535	410	10
WF	65535	411	9
WF	65535	412	8
WF	65535	413	7
[gfa_ed_step] dist=46, n=508, n_intv=249, n_tb=0
Z	0	-1	46
Z	3	36	82
Z	6	34	82
Z	7	18	83
Z	9	43	107
Z	11	41	107
Z	13	34	108
Z	15	47	120
Z	17	45	120
Z	19	41	121
Z	21	48	129
Z	23	50	129
Z	25	46	130
Z	27	52	137
Z	29	54	58
Z	29	59	137
Z	31	52	138
Z	33	121	206
Z	35	121	206
Z	37	138	143
Z	37	149	207
Z	39	156	161
Z	39	167	226
Z	42	156	161
Z	42	169	226
Z	43	161	227
Z	45	184	251
Z	47	186	188
Z	47	189	251
Z	49	183	252
Z	51	185	255
Z	54	187	193
Z	54	194	255
Z	55	186	256
Z	57	211	214
Z	57	215	280
Z	59	201	281
Z	61	207	291
Z	63	204	294
Z	65	221	307
Z	67	225	306
Z	69	223	308
Z	71	231	315
Z	73	230	316
Z	76	230	316
Z	77	227	316
Z	79	230	319
Z	82	231	319
Z	83	235	322
Z	86	242	311
Z	87	208	352
Z	89	214	358
Z	92	214	359
Z	93	210	357
Z	95	218	219
Z	95	220	363
Z	98	220	224
Z	98	225	363
Z	99	221	364
Z	101	223	365
Z	104	225	233
Z	104	234	313
Z	104	314	364
Z	105	225	314
Z	105	317	365
Z	107	232	319
Z	107	323	326
Z	107	327	370
Z	110	231	319
Z	110	321	346
Z	110	347	370
Z	111	232	320
Z	111	322	371
Z	113	231	321
Z	113	324	372
Z	116	231	321
Z	116	327	372
Z	117	233	235
Z	117	236	323
Z	117	328	374
Z	119	236	325
Z	119	329	376
Z	122	236	325
Z	122	329	346
Z	122	347	376
Z	123	239	326
Z	123	331	377
Z	125	241	247
Z	125	248	329
Z	125	333	380
Z	128	241	260
Z	128	261	329
Z	128	335	380
Z	129	243	330
Z	129	340	381
Z	131	246	333
Z	131	342	384
Z	134	248	333
Z	134	342	384
Z	135	247	258
Z	135	259	334
Z	135	340	384
Z	138	252	253
Z	138	255	258
Z	138	261	337
Z	138	342	387
Z	139	253	339
Z	139	344	387
Z	141	261	348
Z	141	352	396
Z	144	261	347
Z	144	352	395
Z	145	261	348
Z	145	354	358
Z	145	359	396
Z	147	267	354
Z	147	365	403
Z	150	267	355
Z	150	365	403
Z	151	267	355
Z	151	362	364
Z	151	367	403
Z	153	267	356
Z	153	364	365
Z	153	366	377
Z	153	378	403
Z	155	265	357
Z	155	365	405
Z	157	268	271
Z	157	272	360
Z	157	367	409
Z	160	270	274
Z	160	275	361
Z	160	370	409
Z	161	271	272
Z	161	274	363
Z	161	369	410
Z	163	242	365
Z	163	374	413
Z	165	247	370
Z	165	383	417
Z	167	251	375
Z	167	389	421
Z	170	251	375
Z	170	387	421
Z	171	247	249
Z	171	250	376
Z	171	390	408
Z	173	265	390
Z	173	405	406
Z	173	407	421
Z	176	262	390
Z	176	407	421
Z	177	231	391
Z	177	407	421
Z	179	230	392
Z	179	409	421
Z	182	230	392
Z	182	407	421
Z	183	228	393
Z	183	406	419
Z	185	230	396
Z	185	410	421
Z	188	230	397
Z	188	413	420
Z	190	230	346
Z	190	347	396
Z	190	411	412
Z	190	413	421
Z	191	231	397
Z	191	411	420
Z	193	235	399
Z	193	415	419
Z	195	239	241
Z	195	243	402
Z	195	419	421
Z	198	237	402
Z	198	419	421
Z	199	238	403
Z	201	245	346
Z	201	347	407
Z	204	245	254
Z	204	255	407
Z	205	245	408
Z	207	247	410
Z	210	246	249
Z	210	250	410
Z	211	253	413
Z	213	263	264
Z	213	265	365
Z	213	366	421
Z	216	261	421
Z	217	262	416
Z	219	267	421
Z	222	267	377
Z	222	378	421
Z	223	264	417
Z	225	268	346
Z	225	347	385
Z	225	386	421
Z	228	268	294
Z	228	295	370
Z	228	371	421
Z	229	268	413
Z	231	276	280
Z	231	281	421
Z	233	279	421
Z	236	278	377
Z	236	378	421
Z	238	277	421
Z	239	280	419
Z	241	283	284
Z	241	285	421
Z	244	284	285
Z	244	287	421
Z	245	288	292
Z	245	295	399
Z	247	268	421
Z	249	269	417
Z	251	275	421
Z	254	274	421
Z	256	273	377
Z	256	378	421
Z	257	274	421
Z	259	275	419
Z	261	279	421
Z	264	277	346
Z	264	347	385
Z	264	386	421
Z	265	280	420
Z	267	282	421
Z	269	283	421
Z	272	282	284
Z	272	285	420
Z	273	282	285
Z	273	286	421
Z	275	291	413
Z	277	298	307
Z	277	308	421
Z	279	300	421
Z	282	298	365
Z	282	366	421
Z	283	296	411
Z	285	306	318
Z	285	319	421
Z	287	306	331
Z	287	332	370
Z	287	371	409
Z	287	410	421
WF	0	46	35
WF	3	82	0
WF	6	82	0
WF	7	83	23
WF	9	107	0
WF	11	107	0
WF	13	108	11
WF	15	120	0
WF	17	120	0
WF	19	121	7
WF	21	129	0
WF	23	129	0
WF	25	130	6
WF	27	137	0
WF	29	137	0
WF	31	46	61
WF	31	47	61
WF	31	48	63
WF	31	49	63
WF	31	50	64
WF	31	51	65
WF	31	138	67
WF	33	120	0
WF	33	206	0
WF	35	120	0
WF	35	206	0
WF	37	122	2
WF	37	123	2
WF	37	124	2
WF	37	125	2
WF	37	126	2
WF	37	127	4
WF	37	128	4
WF	37	129	8
WF	37	130	8
WF	37	131	9
WF	37	132	9
WF	37	133	9
WF	37	134	9
WF	37	135	9
WF	37	136	9
WF	37	137	9
WF	37	143	18
WF	37	144	17
WF	37	145	16
WF	37	146	15
WF	37	147	13
WF	37	148	13
WF	37	207	18
WF	39	161	0
WF	39	226	0
WF	42	161	0
WF	42	226	0
WF	43	156	2
WF	43	157	2
WF	43	158	2
WF	43	159	1
WF	43	160	1
WF	43	227	23
WF	45	251	0
WF	47	251	0
WF	49	252	2
WF	51	255	0
WF	54	255	0
WF	55	256	23
WF	57	280	0
WF	59	281	9
WF	61	291	3
WF	63	202	9
WF	63	203	10
WF	63	294	12
WF	63	295	1
WF	65	217	0
WF	65	218	0
WF	65	219	0
WF	65	220	0
WF	65	307	0
WF	67	217	0
WF	67	218	0
WF	67	219	0
WF	67	220	0
WF	67	221	0
WF	67	222	0
WF	67	223	0
WF	67	306	0
WF	69	221	1
WF	69	222	1
WF	69	308	6
WF	71	315	0
WF	73	316	0
WF	76	316	0
WF	77	316	3
WF	77	317	2
WF	79	319	1
WF	79	320	0
WF	82	230	1
WF	82	319	1
WF	82	320	0
WF	83	232	1
WF	83	233	1
WF	83	234	1
WF	83	322	2
WF	86	234	22
WF	86	235	34
WF	86	236	41
WF	86	237	41
WF	86	238	41
WF	86	239	43
WF	86	240	43
WF	86	241	43
WF	86	311	43
WF	86	312	39
WF	86	313	31
WF	86	314	29
WF	86	315	28
WF	86	316	27
WF	86	317	27
WF	86	318	26
WF	86	319	19
WF	86	320	14
WF	86	321	14
WF	86	322	13
WF	86	323	12
WF	86	324	8
WF	87	352	6
WF	87	353	4
WF	87	354	3
WF	89	358	0
WF	92	359	0
WF	93	357	6
WF	93	358	5
WF	93	359	1
WF	95	219	0
WF	95	363	0
WF	98	217	0
WF	98	218	0
WF	98	219	0
WF	98	224	0
WF	98	363	0
WF	99	218	0
WF	99	219	0
WF	99	220	1
WF	99	364	2
WF	101	365	0
WF	101	366	0
WF	104	313	0
WF	104	364	0
WF	104	365	0
WF	104	366	0
WF	105	223	3
WF	105	224	4
WF	105	314	4
WF	105	315	3
WF	105	316	3
WF	105	365	4
WF	105	366	1
WF	107	230	0
WF	107	231	0
WF	107	319	0
WF	107	370	0
WF	110	319	0
WF	110	370	0
WF	111	231	0
WF	111	320	0
WF	111	371	0
WF	113	321	1
WF	113	323	0
WF	113	372	1
WF	116	321	1
WF	116	323	0
WF	116	324	1
WF	116	325	1
WF	116	326	1
WF	116	372	1
WF	117	232	1
WF	117	235	1
WF	117	323	1
WF	117	326	1
WF	117	327	1
WF	117	374	1
WF	119	235	0
WF	119	325	0
WF	119	376	0
WF	122	235	0
WF	122	325	0
WF	122	376	0
WF	123	236	2
WF	123	237	2
WF	123	238	2
WF	123	326	2
WF	123	329	2
WF	123	330	2
WF	123	377	2
WF	125	247	0
WF	125	329	0
WF	125	380	0
WF	128	329	0
WF	128	380	0
WF	129	241	1
WF	129	242	2
WF	129	330	2
WF	129	334	1
WF	129	335	1
WF	129	336	2
WF	129	337	2
WF	129	338	2
WF	129	339	1
WF	129	381	2
WF	131	333	0
WF	131	384	0
WF	134	246	0
WF	134	247	0
WF	134	333	0
WF	134	384	0
WF	135	246	1
WF	135	258	2
WF	135	334	2
WF	135	384	2
WF	138	250	0
WF	138	251	0
WF	138	253	1
WF	138	254	0
WF	138	258	1
WF	138	259	1
WF	138	260	0
WF	138	337	1
WF	138	387	1
WF	139	249	2
WF	139	250	4
WF	139	251	4
WF	139	252	3
WF	139	339	8
WF	139	341	3
WF	139	342	3
WF	139	343	2
WF	139	387	8
WF	139	388	5
WF	139	389	1
WF	141	348	0
WF	141	396	0
WF	144	347	0
WF	144	395	0
WF	145	348	6
WF	145	349	5
WF	145	351	2
WF	145	352	6
WF	145	353	6
WF	145	358	6
WF	145	396	6
WF	145	397	2
WF	147	354	0
WF	147	361	0
WF	147	362	0
WF	147	363	0
WF	147	364	0
WF	147	403	0
WF	150	355	1
WF	150	361	0
WF	150	362	0
WF	150	363	0
WF	150	364	0
WF	150	403	1
WF	151	355	0
WF	151	364	0
WF	151	403	0
WF	153	356	0
WF	153	362	0
WF	153	363	0
WF	153	403	0
WF	155	357	3
WF	155	364	1
WF	155	405	3
WF	157	271	1
WF	157	360	1
WF	157	409	1
WF	160	268	1
WF	160	269	1
WF	160	274	1
WF	160	361	1
WF	160	409	1
WF	161	272	0
WF	161	273	0
WF	161	363	2
WF	161	410	2
WF	161	411	1
WF	163	237	1
WF	163	238	4
WF	163	239	4
WF	163	240	4
WF	163	241	4
WF	163	365	4
WF	163	366	3
WF	163	371	3
WF	163	372	3
WF	163	373	2
WF	163	413	4
WF	165	370	4
WF	165	379	0
WF	165	380	2
WF	165	381	4
WF	165	382	4
WF	165	417	0
WF	165	418	1
WF	167	375	0
WF	170	375	0
WF	171	245	11
WF	171	246	11
WF	171	249	13
WF	171	376	13
WF	171	387	5
WF	171	388	13
WF	171	389	13
WF	171	408	12
WF	171	411	9
WF	171	413	5
WF	171	414	6
WF	171	415	5
WF	171	416	4
WF	171	417	3
WF	171	418	2
WF	171	419	1
WF	173	261	0
WF	173	262	0
WF	173	390	0
WF	173	406	0
WF	176	390	0
WF	176	404	0
WF	176	405	0
WF	176	406	0
WF	177	391	0
WF	177	405	0
WF	177	406	0
WF	179	392	0
WF	182	392	0
WF	183	393	2
WF	185	396	0
WF	188	397	1
WF	188	410	0
WF	188	411	1
WF	188	412	1
WF	190	396	0
WF	190	409	0
WF	190	410	0
WF	190	412	0
WF	191	230	1
WF	191	397	1
WF	191	410	0
WF	193	232	1
WF	193	233	1
WF	193	234	1
WF	193	399	2
WF	193	413	0
WF	193	414	2
WF	193	419	1
WF	195	241	0
WF	195	242	0
WF	195	402	0
WF	195	418	0
WF	198	402	0
WF	198	418	0
WF	199	403	3
WF	199	420	0
WF	201	242	0
WF	201	243	0
WF	201	407	0
WF	204	242	0
WF	204	243	0
WF	204	244	0
WF	204	254	0
WF	204	407	0
WF	205	408	1
WF	207	410	2
WF	210	249	0
WF	210	410	0
WF	211	247	4
WF	211	248	6
WF	211	249	6
WF	211	250	6
WF	211	251	6
WF	211	252	6
WF	217	417	3
WF	217	419	1
WF	229	266	3
WF	229	267	3
WF	231	280	0
WF	233	277	0
WF	233	278	0
WF	239	278	0
WF	239	279	0
WF	241	284	0
WF	244	282	0
WF	244	283	0
WF	244	285	0
WF	245	283	0
WF	245	284	0
WF	245	285	16
WF	245	286	21
WF	245	287	21
WF	245	292	22
WF	245	293	20
WF	245	294	19
WF	245	399	21
WF	245	400	20
WF	245	401	19
WF	249	266	3
WF	249	267	3
WF	249	268	3
WF	265	278	0
WF	265	279	0
WF	272	280	1
WF	272	281	1
WF	272	284	1
WF	273	285	0
WF	275	281	1
WF	275	282	2
WF	275	283	5
WF	275	284	8
WF	275	285	8
WF	275	286	8
WF	275	287	8
WF	275	288	8
WF	275	289	8
WF	275	290	8
WF	277	307	0
WF	283	411	9
WF	283	412	8
WF	285	318	0
WF	65535	306	1
WF	65535	307	5
WF	65535	308	5
WF	65535	309	5
WF	65535	310	33
WF	65535	311	39
WF	65535	312	43
WF	65535	313	47
WF	65535	314	47
WF	65535	315	46
WF	65535	316	41
WF	65535	317	35
WF	65535	318	29
WF	65535	319	36
WF	65535	320	43
WF	65535	321	49
WF	65535	322	54
WF	65535	323	55
WF	65535	324	55
WF	65535	325	57
WF	65535	326	60
WF	65535	327	86
WF	65535	328	86
WF	65535	329	87
WF	65535	330	87
WF	65535	331	89
WF	65535	334	77
WF	65535	335	77
WF	65535	336	76
WF	65535	337	77
WF	65535	338	82
WF	65535	341	64
WF	65535	342	66
WF	65535	343	66
WF	65535	344	70
WF	65535	345	75
WF	65535	348	72
WF	65535	351	69
WF	65535	354	66
WF	65535	355	65
WF	65535	356	64
WF	65535	357	63
WF	65535	358	62
WF	65535	359	61
WF	65535	360	60
WF	65535	361	59
WF	65535	364	45
WF	65535	365	49
WF	65535	366	54
WF	65535	369	51
WF	65535	372	48
WF	65535	375	45
WF	65535	376	44
WF	65535	377	43
WF	65535	378	42
WF	65535	379	41
WF	65535	380	40
WF	65535	381	39
WF	65535	383	37
WF	65535	385	35
WF	65535	386	34
WF	65535	387	33
WF	65535	388	32
WF	65535	391	29
WF	65535	394	19
WF	65535	395	19
WF	65535	396	23
WF	65535	397	23
WF	65535	398	22
WF	65535	399	21
WF	65535	400	20
WF	65535	401	19
WF	65535	402	18
WF	65535	403	17
WF	65535	404	16
WF	65535	405	15
WF	65535	408	12
WF	65535	409	11
WF	65535	410	10
WF	65535	411	9
WF	65535	412	8
[gfa_ed_step] dist=47, n=474, n_intv=241, n_tb=0
Z	0	-1	47
Z	3	36	83
Z	6	34	83
Z	7	18	84
Z	9	43	108
Z	11	41	108
Z	13	34	109
Z	15	47	121
Z	17	45	121
Z	19	41	122
Z	21	48	130
Z	23	50	130
Z	25	46	131
Z	27	52	138
Z	29	54	58
Z	29	59	138
Z	31	50	139
Z	33	119	207
Z	35	119	207
Z	37	138	144
Z	37	149	208
Z	39	156	162
Z	39	167	227
Z	42	156	162
Z	42	169	227
Z	43	161	228
Z	45	184	252
Z	47	186	188
Z	47	189	252
Z	49	183	253
Z	51	185	256
Z	54	187	193
Z	54	194	256
Z	55	186	257
Z	57	211	214
Z	57	215	281
Z	59	201	282
Z	61	207	292
Z	63	204	295
Z	65	216	308
Z	67	216	224
Z	67	225	308
Z	69	223	309
Z	71	231	316
Z	73	230	317
Z	76	230	317
Z	77	227	317
Z	79	230	320
Z	82	229	320
Z	83	233	323
Z	86	237	312
Z	87	208	353
Z	89	214	359
Z	92	214	360
Z	93	210	358
Z	95	218	365
Z	98	216	364
Z	99	218	365
Z	101	222	367
Z	104	225	233
Z	104	234	367
Z	105	223	316
Z	105	317	366
Z	107	229	320
Z	107	323	326
Z	107	327	371
Z	110	229	230
Z	110	231	346
Z	110	347	371
Z	111	230	321
Z	111	322	372
Z	113	231	322
Z	113	324	373
Z	116	231	373
Z	117	231	324
Z	117	325	375
Z	119	234	326
Z	119	329	377
Z	122	234	326
Z	122	329	346
Z	122	347	377
Z	123	235	327
Z	123	328	378
Z	125	241	330
Z	125	333	381
Z	128	240	260
Z	128	261	330
Z	128	333	334
Z	128	335	381
Z	129	241	331
Z	129	335	339
Z	129	340	382
Z	131	245	334
Z	131	340	341
Z	131	342	385
Z	134	245	334
Z	134	341	385
Z	135	247	335
Z	135	340	385
Z	138	252	254
Z	138	255	260
Z	138	261	338
Z	138	342	388
Z	139	253	340
Z	139	344	388
Z	141	261	349
Z	141	352	397
Z	144	261	348
Z	144	352	396
Z	145	261	349
Z	145	351	397
Z	147	267	355
Z	147	360	404
Z	150	267	356
Z	150	360	363
Z	150	365	404
Z	151	267	356
Z	151	359	361
Z	151	362	365
Z	151	367	404
Z	153	267	357
Z	153	361	365
Z	153	366	377
Z	153	378	404
Z	155	265	358
Z	155	365	406
Z	157	268	361
Z	157	367	410
Z	160	267	362
Z	160	370	410
Z	161	271	364
Z	161	369	411
Z	163	237	367
Z	163	374	414
Z	165	247	371
Z	165	380	417
Z	167	251	376
Z	167	386	387
Z	167	389	421
Z	170	251	376
Z	170	387	421
Z	171	247	377
Z	171	387	408
Z	173	260	264
Z	173	265	391
Z	173	405	421
Z	176	262	391
Z	176	403	421
Z	177	231	392
Z	177	404	421
Z	179	230	393
Z	179	406	407
Z	179	409	421
Z	182	230	393
Z	182	407	421
Z	183	228	394
Z	183	406	419
Z	185	230	397
Z	185	410	421
Z	188	230	398
Z	188	410	420
Z	190	230	346
Z	190	347	397
Z	190	408	421
Z	191	229	398
Z	191	411	420
Z	193	233	400
Z	193	413	419
Z	195	237	238
Z	195	239	403
Z	195	417	421
Z	198	237	403
Z	198	417	421
Z	199	238	404
Z	201	241	244
Z	201	245	346
Z	201	347	408
Z	204	241	408
Z	205	245	409
Z	207	247	411
Z	210	246	411
Z	211	253	413
Z	213	263	264
Z	213	265	365
Z	213	366	421
Z	216	261	421
Z	217	262	416
Z	219	267	421
Z	222	267	377
Z	222	378	421
Z	223	264	417
Z	225	268	346
Z	225	347	385
Z	225	386	421
Z	228	268	294
Z	228	295	370
Z	228	371	421
Z	229	268	413
Z	231	276	421
Z	233	276	421
Z	236	278	377
Z	236	378	421
Z	238	277	421
Z	239	278	419
Z	241	283	421
Z	244	281	286
Z	244	287	421
Z	245	286	293
Z	245	295	399
Z	247	268	421
Z	249	267	417
Z	251	273	274
Z	251	275	421
Z	254	274	421
Z	256	273	377
Z	256	378	421
Z	257	274	421
Z	259	275	419
Z	261	279	421
Z	264	277	346
Z	264	347	385
Z	264	386	421
Z	265	278	420
Z	267	281	421
Z	269	283	421
Z	272	279	420
Z	273	282	421
Z	275	283	413
Z	277	298	421
Z	279	296	299
Z	279	300	421
Z	282	293	294
Z	282	295	296
Z	282	298	365
Z	282	366	421
Z	283	296	411
Z	285	306	421
Z	287	306	331
Z	287	332	370
Z	287	371	409
Z	287	410	421
WF	0	47	35
WF	3	83	0
WF	6	83	0
WF	7	84	23
WF	9	108	0
WF	11	108	0
WF	13	109	11
WF	15	121	0
WF	17	121	0
WF	19	122	7
WF	21	130	0
WF	23	130	0
WF	25	131	6
WF	27	138	0
WF	29	138	0
WF	31	45	62
WF	31	46	62
WF	31	47	64
WF	31	48	64
WF	31	49	65
WF	31	139	67
WF	33	118	0
WF	33	207	0
WF	35	207	0
WF	37	119	1
WF	37	120	1
WF	37	121	3
WF	37	122	5
WF	37	123	5
WF	37	124	4
WF	37	125	4
WF	37	126	6
WF	37	127	6
WF	37	128	10
WF	37	129	10
WF	37	130	12
WF	37	131	12
WF	37	132	11
WF	37	133	16
WF	37	134	16
WF	37	135	15
WF	37	136	10
WF	37	137	10
WF	37	144	18
WF	37	145	17
WF	37	146	17
WF	37	147	16
WF	37	148	16
WF	37	208	18
WF	39	162	0
WF	39	227	0
WF	42	162	0
WF	42	227	0
WF	43	155	4
WF	43	156	4
WF	43	157	4
WF	43	158	4
WF	43	159	4
WF	43	160	3
WF	43	228	23
WF	45	252	0
WF	47	252	0
WF	49	253	2
WF	51	256	0
WF	54	256	0
WF	55	257	23
WF	57	281	0
WF	59	282	9
WF	61	292	3
WF	63	201	10
WF	63	202	11
WF	63	203	11
WF	63	295	12
WF	63	296	1
WF	65	308	0
WF	67	224	0
WF	67	308	0
WF	69	217	0
WF	69	218	0
WF	69	219	0
WF	69	220	4
WF	69	221	4
WF	69	222	3
WF	69	309	6
WF	71	316	0
WF	73	317	0
WF	76	317	0
WF	77	317	3
WF	77	318	2
WF	79	320	1
WF	79	321	0
WF	82	320	1
WF	82	321	0
WF	83	231	2
WF	83	232	2
WF	83	323	2
WF	86	233	23
WF	86	234	35
WF	86	235	42
WF	86	236	42
WF	86	312	43
WF	86	313	39
WF	86	314	31
WF	86	315	29
WF	86	316	33
WF	86	317	33
WF	86	318	32
WF	86	319	26
WF	86	320	21
WF	86	321	15
WF	86	322	14
WF	86	323	13
WF	86	324	12
WF	86	325	9
WF	87	353	6
WF	87	354	4
WF	87	355	3
WF	89	359	0
WF	92	360	0
WF	93	358	6
WF	93	359	5
WF	93	360	1
WF	98	364	0
WF	99	217	1
WF	99	365	2
WF	99	366	1
WF	101	367	0
WF	104	221	0
WF	104	222	0
WF	104	223	0
WF	104	367	0
WF	105	222	4
WF	105	316	4
WF	105	366	4
WF	105	367	1
WF	107	228	0
WF	107	320	0
WF	107	371	0
WF	110	230	0
WF	110	371	0
WF	111	229	0
WF	111	321	0
WF	111	372	0
WF	113	322	1
WF	113	323	1
WF	113	373	1
WF	116	373	1
WF	117	324	1
WF	117	375	1
WF	119	326	0
WF	119	327	0
WF	119	328	0
WF	119	377	0
WF	122	233	0
WF	122	326	0
WF	122	327	0
WF	122	328	0
WF	122	377	0
WF	123	234	0
WF	123	327	2
WF	123	378	2
WF	125	238	0
WF	125	239	0
WF	125	240	0
WF	125	330	0
WF	125	331	0
WF	125	332	0
WF	125	381	0
WF	128	238	0
WF	128	239	0
WF	128	330	0
WF	128	331	0
WF	128	332	0
WF	128	381	0
WF	129	240	2
WF	129	331	2
WF	129	333	2
WF	129	334	2
WF	129	339	2
WF	129	382	2
WF	131	334	0
WF	131	338	0
WF	131	339	0
WF	131	341	0
WF	131	385	0
WF	134	244	0
WF	134	334	0
WF	134	338	0
WF	134	339	0
WF	134	340	0
WF	134	385	0
WF	135	245	2
WF	135	246	2
WF	135	335	2
WF	135	385	2
WF	135	386	0
WF	138	249	1
WF	138	250	1
WF	138	251	1
WF	138	254	1
WF	138	260	1
WF	138	338	1
WF	138	388	1
WF	139	248	3
WF	139	249	5
WF	139	250	5
WF	139	251	5
WF	139	252	5
WF	139	340	8
WF	139	341	4
WF	139	342	4
WF	139	343	4
WF	139	388	8
WF	139	389	5
WF	139	390	2
WF	141	349	0
WF	141	397	0
WF	144	348	0
WF	144	396	0
WF	145	349	6
WF	145	350	5
WF	145	397	6
WF	145	398	3
WF	147	355	0
WF	147	358	0
WF	147	359	0
WF	147	404	0
WF	150	356	1
WF	150	358	0
WF	150	359	0
WF	150	363	1
WF	150	364	1
WF	150	404	1
WF	151	356	0
WF	151	361	0
WF	151	365	0
WF	151	404	0
WF	153	357	0
WF	153	359	0
WF	153	360	0
WF	153	365	0
WF	153	404	0
WF	155	358	3
WF	155	362	0
WF	155	363	2
WF	155	364	2
WF	155	406	3
WF	157	361	1
WF	157	410	1
WF	160	362	1
WF	160	410	1
WF	161	269	0
WF	161	270	0
WF	161	364	2
WF	161	411	2
WF	161	412	1
WF	163	236	2
WF	163	367	4
WF	163	370	4
WF	163	371	4
WF	163	372	4
WF	163	373	3
WF	163	414	4
WF	165	242	0
WF	165	243	1
WF	165	244	3
WF	165	245	3
WF	165	246	2
WF	165	371	4
WF	165	378	1
WF	165	379	3
WF	165	417	2
WF	165	418	2
WF	165	419	1
WF	167	376	0
WF	167	387	0
WF	170	376	0
WF	170	385	0
WF	170	386	0
WF	171	244	12
WF	171	245	12
WF	171	246	12
WF	171	377	13
WF	171	386	6
WF	171	410	10
WF	171	412	7
WF	171	413	7
WF	171	414	6
WF	171	415	5
WF	171	416	4
WF	171	417	3
WF	171	418	2
WF	173	391	0
WF	173	401	0
WF	173	402	0
WF	173	403	0
WF	176	391	0
WF	176	401	0
WF	176	402	0
WF	177	392	0
WF	179	393	0
WF	179	407	0
WF	179	408	0
WF	182	393	0
WF	182	405	0
WF	182	406	0
WF	183	394	2
WF	185	397	0
WF	188	398	1
WF	188	409	1
WF	190	397	0
WF	191	398	1
WF	191	409	1
WF	191	410	1
WF	193	231	2
WF	193	232	2
WF	193	400	2
WF	193	412	1
WF	195	238	0
WF	195	403	0
WF	198	236	0
WF	198	403	0
WF	198	416	0
WF	199	237	0
WF	199	404	3
WF	199	417	1
WF	199	418	1
WF	199	419	1
WF	201	244	0
WF	201	408	0
WF	204	408	0
WF	205	242	0
WF	205	243	0
WF	205	244	0
WF	205	409	1
WF	207	411	2
WF	210	411	0
WF	211	246	5
WF	211	247	7
WF	211	248	7
WF	211	249	7
WF	211	250	7
WF	211	251	8
WF	211	252	8
WF	211	413	0
WF	217	416	4
WF	217	418	2
WF	229	265	4
WF	229	266	4
WF	229	267	4
WF	239	277	1
WF	241	281	0
WF	241	282	0
WF	244	286	0
WF	245	282	1
WF	245	283	2
WF	245	284	17
WF	245	285	22
WF	245	293	22
WF	245	294	20
WF	245	399	21
WF	245	400	20
WF	249	265	4
WF	249	266	4
WF	251	274	0
WF	254	273	0
WF	256	272	0
WF	257	273	0
WF	265	277	1
WF	269	281	0
WF	269	282	0
WF	273	281	0
WF	275	280	2
WF	275	281	4
WF	275	282	6
WF	277	292	0
WF	277	293	0
WF	277	294	0
WF	277	295	0
WF	277	296	0
WF	277	297	0
WF	279	292	0
WF	279	293	0
WF	279	294	0
WF	279	295	0
WF	279	299	0
WF	282	294	0
WF	282	296	0
WF	282	297	0
WF	283	293	0
WF	283	294	0
WF	283	295	1
WF	283	411	9
WF	65535	305	2
WF	65535	306	6
WF	65535	307	6
WF	65535	308	6
WF	65535	309	34
WF	65535	310	41
WF	65535	311	44
WF	65535	312	48
WF	65535	313	50
WF	65535	314	50
WF	65535	315	49
WF	65535	316	46
WF	65535	317	41
WF	65535	318	37
WF	65535	319	44
WF	65535	320	50
WF	65535	321	55
WF	65535	322	57
WF	65535	323	57
WF	65535	324	58
WF	65535	325	61
WF	65535	326	87
WF	65535	327	87
WF	65535	328	88
WF	65535	329	88
WF	65535	330	90
WF	65535	333	78
WF	65535	334	78
WF	65535	335	78
WF	65535	336	78
WF	65535	337	83
WF	65535	340	65
WF	65535	341	67
WF	65535	342	67
WF	65535	343	71
WF	65535	344	76
WF	65535	347	73
WF	65535	350	70
WF	65535	353	67
WF	65535	354	66
WF	65535	355	65
WF	65535	356	64
WF	65535	357	63
WF	65535	358	62
WF	65535	359	61
WF	65535	360	60
WF	65535	363	46
WF	65535	364	50
WF	65535	365	55
WF	65535	368	52
WF	65535	371	49
WF	65535	374	46
WF	65535	375	45
WF	65535	376	44
WF	65535	377	43
WF	65535	378	42
WF	65535	379	41
WF	65535	380	40
WF	65535	382	38
WF	65535	384	36
WF	65535	385	35
WF	65535	386	34
WF	65535	387	33
WF	65535	390	30
WF	65535	393	20
WF	65535	394	20
WF	65535	395	25
WF	65535	396	24
WF	65535	397	23
WF	65535	398	22
WF	65535	399	21
WF	65535	400	20
WF	65535	401	19
WF	65535	402	18
WF	65535	403	17
WF	65535	404	16
WF	65535	407	13
WF	65535	408	12
WF	65535	409	11
WF	65535	410	10
WF	65535	411	9
[gfa_ed_step] dist=48, n=436, n_intv=220, n_tb=0
Z	0	-1	48
Z	3	36	84
Z	6	34	84
Z	7	18	85
Z	9	43	109
Z	11	41	109
Z	13	34	110
Z	15	47	122
Z	17	45	122
Z	19	41	123
Z	21	48	131
Z	23	50	131
Z	25	46	132
Z	27	52	139
Z	29	54	58
Z	29	59	139
Z	31	50	140
Z	33	117	208
Z	35	119	208
Z	37	138	145
Z	37	149	209
Z	39	156	163
Z	39	167	228
Z	42	156	163
Z	42	169	228
Z	43	161	229
Z	45	184	253
Z	47	186	188
Z	47	189	253
Z	49	183	254
Z	51	185	257
Z	54	187	193
Z	54	194	257
Z	55	186	258
Z	57	211	214
Z	57	215	282
Z	59	201	283
Z	61	207	293
Z	63	201	203
Z	63	204	296
Z	65	216	309
Z	67	216	309
Z	69	223	310
Z	71	231	317
Z	73	230	318
Z	76	230	318
Z	77	227	318
Z	79	230	321
Z	82	229	321
Z	83	230	324
Z	86	237	313
Z	87	208	354
Z	89	214	360
Z	92	214	361
Z	93	210	359
Z	95	218	365
Z	98	216	365
Z	99	218	367
Z	101	222	369
Z	104	220	224
Z	104	225	233
Z	104	234	368
Z	105	221	367
Z	107	227	321
Z	107	323	326
Z	107	327	372
Z	110	229	346
Z	110	347	372
Z	111	228	373
Z	113	231	374
Z	116	231	374
Z	117	231	376
Z	119	234	378
Z	122	232	346
Z	122	347	378
Z	123	235	379
Z	125	237	382
Z	128	237	260
Z	128	261	334
Z	128	335	382
Z	129	239	383
Z	131	245	335
Z	131	337	386
Z	134	243	335
Z	134	336	386
Z	135	244	336
Z	135	340	387
Z	138	248	339
Z	138	342	389
Z	139	253	341
Z	139	344	389
Z	141	261	350
Z	141	352	398
Z	144	261	349
Z	144	352	397
Z	145	261	350
Z	145	351	398
Z	147	267	356
Z	147	357	405
Z	150	267	405
Z	151	267	357
Z	151	359	366
Z	151	367	405
Z	153	267	377
Z	153	378	406
Z	155	265	359
Z	155	361	364
Z	155	365	407
Z	157	268	362
Z	157	367	411
Z	160	267	363
Z	160	370	411
Z	161	271	365
Z	161	369	412
Z	163	237	368
Z	163	369	373
Z	163	374	415
Z	165	244	372
Z	165	380	417
Z	167	251	377
Z	167	386	388
Z	167	389	421
Z	170	251	377
Z	170	384	421
Z	171	245	378
Z	171	387	408
Z	173	260	264
Z	173	265	392
Z	173	400	404
Z	173	405	421
Z	176	262	392
Z	176	400	421
Z	177	231	393
Z	177	404	421
Z	179	230	394
Z	179	406	421
Z	182	230	394
Z	182	404	421
Z	183	228	395
Z	183	406	419
Z	185	230	398
Z	185	410	421
Z	188	230	399
Z	188	408	420
Z	190	230	346
Z	190	347	398
Z	190	408	421
Z	191	229	399
Z	191	408	420
Z	193	230	401
Z	193	413	419
Z	195	235	236
Z	195	237	404
Z	195	417	421
Z	198	235	404
Z	198	415	421
Z	199	238	405
Z	201	241	346
Z	201	347	409
Z	204	241	409
Z	205	245	410
Z	207	247	412
Z	210	246	412
Z	211	246	248
Z	211	250	413
Z	213	256	257
Z	213	263	264
Z	213	265	365
Z	213	366	421
Z	216	261	421
Z	217	262	416
Z	219	267	421
Z	222	267	377
Z	222	378	421
Z	223	264	417
Z	225	268	346
Z	225	347	385
Z	225	386	421
Z	228	268	294
Z	228	295	370
Z	228	371	421
Z	229	268	413
Z	231	276	421
Z	233	276	421
Z	236	278	377
Z	236	378	421
Z	238	277	421
Z	239	278	419
Z	241	280	421
Z	244	281	421
Z	245	284	294
Z	245	295	399
Z	247	268	421
Z	249	264	417
Z	251	273	421
Z	254	272	421
Z	256	271	377
Z	256	378	421
Z	257	272	421
Z	259	275	419
Z	261	279	421
Z	264	277	346
Z	264	347	385
Z	264	386	421
Z	265	276	420
Z	267	281	421
Z	269	280	421
Z	272	279	420
Z	273	280	421
Z	275	283	413
Z	277	291	421
Z	279	291	421
Z	282	293	365
Z	282	366	421
Z	283	296	411
Z	285	306	421
Z	287	306	331
Z	287	332	370
Z	287	371	409
Z	287	410	421
WF	0	48	35
WF	3	84	0
WF	6	84	0
WF	7	85	23
WF	9	109	0
WF	11	109	0
WF	13	110	11
WF	15	122	0
WF	17	122	0
WF	19	123	7
WF	21	131	0
WF	23	131	0
WF	25	132	6
WF	27	139	0
WF	29	139	0
WF	31	44	63
WF	31	45	63
WF	31	46	65
WF	31	47	65
WF	31	48	67
WF	31	49	67
WF	31	140	67
WF	33	208	0
WF	35	208	0
WF	37	118	2
WF	37	119	2
WF	37	120	5
WF	37	121	6
WF	37	122	6
WF	37	123	6
WF	37	124	6
WF	37	125	7
WF	37	126	7
WF	37	127	12
WF	37	128	12
WF	37	129	13
WF	37	130	13
WF	37	131	13
WF	37	132	18
WF	37	133	18
WF	37	134	17
WF	37	135	17
WF	37	136	16
WF	37	137	13
WF	37	145	18
WF	37	146	18
WF	37	147	17
WF	37	148	17
WF	37	209	18
WF	39	163	0
WF	39	228	0
WF	42	163	0
WF	42	228	0
WF	43	154	5
WF	43	155	5
WF	43	156	5
WF	43	157	5
WF	43	158	5
WF	43	159	5
WF	43	160	5
WF	43	229	23
WF	45	253	0
WF	47	253	0
WF	49	254	2
WF	51	257	0
WF	54	257	0
WF	55	258	23
WF	57	282	0
WF	59	283	9
WF	61	293	3
WF	63	200	11
WF	63	203	12
WF	63	296	12
WF	63	297	1
WF	65	214	0
WF	65	215	0
WF	65	309	0
WF	67	214	0
WF	67	215	0
WF	67	309	0
WF	69	216	2
WF	69	217	2
WF	69	218	3
WF	69	219	5
WF	69	220	6
WF	69	221	6
WF	69	222	5
WF	69	310	6
WF	71	317	0
WF	73	318	0
WF	76	318	0
WF	77	318	3
WF	77	319	2
WF	79	321	1
WF	79	322	0
WF	82	321	1
WF	82	322	0
WF	83	324	2
WF	86	232	24
WF	86	233	36
WF	86	234	43
WF	86	235	43
WF	86	236	43
WF	86	313	43
WF	86	314	40
WF	86	315	34
WF	86	316	39
WF	86	317	39
WF	86	318	38
WF	86	319	32
WF	86	320	26
WF	86	321	21
WF	86	322	15
WF	86	323	14
WF	86	324	13
WF	86	325	12
WF	86	326	9
WF	87	354	6
WF	87	355	4
WF	87	356	3
WF	89	360	0
WF	92	361	0
WF	93	359	6
WF	93	360	5
WF	93	361	1
WF	95	365	0
WF	98	365	0
WF	99	216	2
WF	99	217	2
WF	99	367	2
WF	101	369	0
WF	104	224	0
WF	104	368	0
WF	104	369	0
WF	105	367	4
WF	105	368	1
WF	105	369	0
WF	107	226	0
WF	107	321	0
WF	107	372	0
WF	110	226	0
WF	110	227	0
WF	110	372	0
WF	111	373	0
WF	113	229	0
WF	113	230	0
WF	113	374	1
WF	116	229	0
WF	116	230	0
WF	116	374	1
WF	117	376	1
WF	119	378	0
WF	122	378	0
WF	123	233	1
WF	123	234	1
WF	123	379	2
WF	125	382	0
WF	128	382	0
WF	129	238	0
WF	129	383	2
WF	131	242	0
WF	131	243	0
WF	131	335	0
WF	131	336	0
WF	131	386	0
WF	134	242	0
WF	134	335	0
WF	134	386	0
WF	135	336	2
WF	135	337	0
WF	135	338	0
WF	135	339	0
WF	135	387	2
WF	138	247	1
WF	138	339	1
WF	138	389	1
WF	139	247	4
WF	139	248	6
WF	139	249	6
WF	139	250	6
WF	139	251	6
WF	139	252	6
WF	139	341	8
WF	139	342	6
WF	139	343	5
WF	139	389	8
WF	139	390	5
WF	139	391	3
WF	141	350	0
WF	141	398	0
WF	144	349	0
WF	144	397	0
WF	145	350	6
WF	145	398	6
WF	145	399	3
WF	147	356	0
WF	147	405	0
WF	150	405	1
WF	151	357	0
WF	151	366	0
WF	151	405	0
WF	153	406	0
WF	155	359	3
WF	155	360	0
WF	155	364	3
WF	155	407	3
WF	157	362	1
WF	157	364	0
WF	157	365	0
WF	157	366	0
WF	157	411	1
WF	160	363	1
WF	160	364	0
WF	160	365	0
WF	160	366	1
WF	160	367	1
WF	160	368	0
WF	160	411	1
WF	161	268	1
WF	161	269	1
WF	161	270	1
WF	161	365	2
WF	161	412	2
WF	161	413	1
WF	163	233	0
WF	163	234	0
WF	163	235	3
WF	163	236	3
WF	163	368	4
WF	163	373	4
WF	163	415	4
WF	165	241	1
WF	165	242	2
WF	165	243	4
WF	165	372	4
WF	165	373	0
WF	165	374	0
WF	165	375	0
WF	165	376	1
WF	165	377	2
WF	165	378	4
WF	165	379	4
WF	165	417	3
WF	165	418	2
WF	165	419	0
WF	167	249	0
WF	167	250	0
WF	167	377	0
WF	167	388	0
WF	170	249	0
WF	170	250	0
WF	170	377	0
WF	171	243	13
WF	171	244	13
WF	171	378	13
WF	171	385	7
WF	171	386	7
WF	171	409	11
WF	171	411	9
WF	171	412	8
WF	171	413	7
WF	171	414	6
WF	171	415	5
WF	171	416	4
WF	171	417	3
WF	173	259	0
WF	173	392	0
WF	173	404	0
WF	176	259	0
WF	176	260	0
WF	176	392	0
WF	177	393	0
WF	177	401	0
WF	177	402	0
WF	177	403	0
WF	179	394	0
WF	182	394	0
WF	183	395	2
WF	183	405	0
WF	185	398	0
WF	188	399	1
WF	190	398	0
WF	191	399	1
WF	193	401	2
WF	193	410	1
WF	193	411	2
WF	193	412	2
WF	195	233	0
WF	195	234	0
WF	195	236	0
WF	195	404	0
WF	198	233	0
WF	198	234	0
WF	198	404	0
WF	199	235	0
WF	199	236	1
WF	199	237	1
WF	199	405	3
WF	199	416	2
WF	199	417	2
WF	199	418	2
WF	201	409	0
WF	204	409	0
WF	205	241	1
WF	205	242	1
WF	205	243	1
WF	205	244	1
WF	205	410	1
WF	207	412	2
WF	210	412	0
WF	211	245	6
WF	211	248	8
WF	211	249	8
WF	211	413	1
WF	211	414	0
WF	213	257	0
WF	213	259	0
WF	213	260	0
WF	213	261	0
WF	216	255	0
WF	216	256	0
WF	216	259	0
WF	216	260	0
WF	217	256	0
WF	217	257	0
WF	217	417	3
WF	229	264	5
WF	229	265	5
WF	229	266	6
WF	229	267	6
WF	239	276	2
WF	239	277	2
WF	245	281	3
WF	245	282	3
WF	245	283	18
WF	245	294	22
WF	245	399	21
WF	251	269	0
WF	251	270	0
WF	251	271	0
WF	256	269	0
WF	256	270	0
WF	259	273	0
WF	259	274	0
WF	267	278	0
WF	267	279	0
WF	272	278	0
WF	275	279	3
WF	275	280	5
WF	275	281	7
WF	275	282	7
WF	283	292	1
WF	283	293	3
WF	283	294	3
WF	283	295	3
WF	65535	304	3
WF	65535	305	7
WF	65535	306	7
WF	65535	307	7
WF	65535	308	35
WF	65535	309	42
WF	65535	310	45
WF	65535	311	49
WF	65535	312	51
WF	65535	313	51
WF	65535	314	51
WF	65535	315	50
WF	65535	316	49
WF	65535	317	46
WF	65535	318	45
WF	65535	319	51
WF	65535	320	57
WF	65535	321	58
WF	65535	322	59
WF	65535	323	60
WF	65535	324	62
WF	65535	325	89
WF	65535	326	89
WF	65535	327	90
WF	65535	328	90
WF	65535	329	91
WF	65535	332	79
WF	65535	333	79
WF	65535	334	79
WF	65535	335	79
WF	65535	336	84
WF	65535	339	66
WF	65535	340	68
WF	65535	341	68
WF	65535	342	72
WF	65535	343	77
WF	65535	346	74
WF	65535	349	71
WF	65535	352	68
WF	65535	353	67
WF	65535	354	66
WF	65535	355	65
WF	65535	356	64
WF	65535	357	63
WF	65535	358	62
WF	65535	359	61
WF	65535	362	47
WF	65535	363	51
WF	65535	364	56
WF	65535	367	53
WF	65535	370	50
WF	65535	373	47
WF	65535	374	46
WF	65535	375	45
WF	65535	376	44
WF	65535	377	43
WF	65535	378	42
WF	65535	379	41
WF	65535	381	39
WF	65535	383	37
WF	65535	384	36
WF	65535	385	35
WF	65535	386	34
WF	65535	389	31
WF	65535	392	21
WF	65535	393	21
WF	65535	394	26
WF	65535	395	25
WF	65535	396	24
WF	65535	397	23
WF	65535	398	22
WF	65535	399	21
WF	65535	400	20
WF	65535	401	19
WF	65535	402	18
WF	65535	403	17
WF	65535	406	14
WF	65535	407	13
WF	65535	408	12
WF	65535	409	11
WF	65535	410	10
[gfa_ed_step] dist=49, n=455, n_intv=224, n_tb=0
Z	0	-1	49
Z	3	36	85
Z	6	34	85
Z	7	18	86
Z	9	43	110
Z	11	41	110
Z	13	34	111
Z	15	47	123
Z	17	45	123
Z	19	41	124
Z	21	48	132
Z	23	50	132
Z	25	46	133
Z	27	52	140
Z	29	54	58
Z	29	59	140
Z	31	47	141
Z	33	117	209
Z	35	119	209
Z	37	131	134
Z	37	138	147
Z	37	149	210
Z	39	156	164
Z	39	167	229
Z	42	156	165
Z	42	169	229
Z	43	161	230
Z	45	184	254
Z	47	186	188
Z	47	189	254
Z	49	183	255
Z	51	185	258
Z	54	187	193
Z	54	194	258
Z	55	186	259
Z	57	211	214
Z	57	215	283
Z	59	201	284
Z	61	207	294
Z	63	199	297
Z	65	213	310
Z	67	213	310
Z	69	217	222
Z	69	223	311
Z	71	226	227
Z	71	228	229
Z	71	231	318
Z	73	227	228
Z	73	230	319
Z	76	230	319
Z	77	227	319
Z	79	230	322
Z	82	229	322
Z	83	230	325
Z	86	233	314
Z	86	316	318
Z	87	208	355
Z	89	214	361
Z	92	214	362
Z	93	210	360
Z	95	218	367
Z	98	216	366
Z	99	215	368
Z	101	222	370
Z	104	220	233
Z	104	234	370
Z	105	221	368
Z	107	225	322
Z	107	323	326
Z	107	327	373
Z	110	225	228
Z	110	229	346
Z	110	347	373
Z	111	228	374
Z	113	231	375
Z	116	228	375
Z	117	231	377
Z	119	234	379
Z	122	232	346
Z	122	347	379
Z	123	233	380
Z	125	237	383
Z	128	237	260
Z	128	261	334
Z	128	335	383
Z	129	239	384
Z	131	241	244
Z	131	245	387
Z	134	241	387
Z	135	244	337
Z	135	340	388
Z	138	246	340
Z	138	342	390
Z	139	253	342
Z	139	344	390
Z	141	261	351
Z	141	352	399
Z	144	261	350
Z	144	352	398
Z	145	261	399
Z	147	267	406
Z	150	267	406
Z	151	267	358
Z	151	359	406
Z	153	267	377
Z	153	378	407
Z	155	265	360
Z	155	361	408
Z	157	268	363
Z	157	367	412
Z	160	267	369
Z	160	370	412
Z	161	269	366
Z	161	369	413
Z	163	237	416
Z	165	242	373
Z	165	377	417
Z	167	248	378
Z	167	384	385
Z	167	386	421
Z	170	248	378
Z	170	383	421
Z	171	242	379
Z	171	387	408
Z	173	258	264
Z	173	265	393
Z	173	400	421
Z	176	258	261
Z	176	262	393
Z	176	400	421
Z	177	226	227
Z	177	228	229
Z	177	231	394
Z	177	400	421
Z	179	230	395
Z	179	402	404
Z	179	406	421
Z	182	227	228
Z	182	230	395
Z	182	404	421
Z	183	228	396
Z	183	406	419
Z	185	230	399
Z	185	410	421
Z	188	230	400
Z	188	408	420
Z	190	230	346
Z	190	347	399
Z	190	408	421
Z	191	229	400
Z	191	408	420
Z	193	230	402
Z	193	410	419
Z	195	232	405
Z	195	417	421
Z	198	232	405
Z	198	415	421
Z	199	238	406
Z	201	241	346
Z	201	347	410
Z	204	241	410
Z	205	240	411
Z	207	247	413
Z	210	246	413
Z	211	246	413
Z	213	256	262
Z	213	263	264
Z	213	265	365
Z	213	366	421
Z	216	254	257
Z	216	258	421
Z	217	262	416
Z	219	267	421
Z	222	267	377
Z	222	378	421
Z	223	264	417
Z	225	268	346
Z	225	347	385
Z	225	386	421
Z	228	268	294
Z	228	295	370
Z	228	371	421
Z	229	268	413
Z	231	276	421
Z	233	276	421
Z	236	278	377
Z	236	378	421
Z	238	277	421
Z	239	275	419
Z	241	279	421
Z	244	281	421
Z	245	284	399
Z	247	268	421
Z	249	264	417
Z	251	268	272
Z	251	273	421
Z	254	270	271
Z	254	272	421
Z	256	268	377
Z	256	378	421
Z	257	271	421
Z	259	271	274
Z	259	275	419
Z	261	279	421
Z	264	277	346
Z	264	347	385
Z	264	386	421
Z	265	276	420
Z	267	277	280
Z	267	281	421
Z	269	279	421
Z	272	279	420
Z	273	280	421
Z	275	283	413
Z	277	291	421
Z	279	291	421
Z	282	293	365
Z	282	366	421
Z	283	296	411
Z	285	306	421
Z	287	306	331
Z	287	332	370
Z	287	371	409
Z	287	410	421
WF	0	49	35
WF	3	85	0
WF	6	85	0
WF	7	86	23
WF	9	110	0
WF	11	110	0
WF	13	111	11
WF	15	123	0
WF	17	123	0
WF	19	124	7
WF	21	132	0
WF	23	132	0
WF	25	133	6
WF	27	140	0
WF	29	140	0
WF	31	43	64
WF	31	44	64
WF	31	45	67
WF	31	46	67
WF	31	141	67
WF	33	115	0
WF	33	116	0
WF	33	209	0
WF	35	115	0
WF	35	116	0
WF	35	117	0
WF	35	209	0
WF	37	117	5
WF	37	118	5
WF	37	119	6
WF	37	120	7
WF	37	121	8
WF	37	122	8
WF	37	123	8
WF	37	124	8
WF	37	125	8
WF	37	126	14
WF	37	127	14
WF	37	128	14
WF	37	129	14
WF	37	130	16
WF	37	134	18
WF	37	135	18
WF	37	136	17
WF	37	137	16
WF	37	147	18
WF	37	148	18
WF	37	210	18
WF	39	150	0
WF	39	151	0
WF	39	152	0
WF	39	164	0
WF	39	165	0
WF	39	229	0
WF	42	150	0
WF	42	151	0
WF	42	152	0
WF	42	165	0
WF	42	229	0
WF	43	153	6
WF	43	154	6
WF	43	155	6
WF	43	156	6
WF	43	157	6
WF	43	158	6
WF	43	159	6
WF	43	160	6
WF	43	230	23
WF	45	254	0
WF	47	254	0
WF	49	255	2
WF	51	258	0
WF	54	258	0
WF	55	259	23
WF	57	283	0
WF	59	284	9
WF	61	294	3
WF	63	297	12
WF	63	298	1
WF	65	212	0
WF	65	310	0
WF	67	212	0
WF	67	310	0
WF	69	214	0
WF	69	215	3
WF	69	216	3
WF	69	222	6
WF	69	311	6
WF	71	224	0
WF	71	225	0
WF	71	227	0
WF	71	229	0
WF	71	318	0
WF	73	228	0
WF	73	229	0
WF	73	319	0
WF	76	226	0
WF	76	227	0
WF	76	228	0
WF	76	229	0
WF	76	319	0
WF	77	319	3
WF	77	320	2
WF	79	322	1
WF	79	323	0
WF	82	322	1
WF	82	323	0
WF	83	325	2
WF	86	231	25
WF	86	232	37
WF	86	314	43
WF	86	315	40
WF	86	318	43
WF	86	319	38
WF	86	320	32
WF	86	321	26
WF	86	322	21
WF	86	323	16
WF	86	324	14
WF	86	325	13
WF	86	326	12
WF	86	327	9
WF	87	355	6
WF	87	356	4
WF	87	357	3
WF	87	360	0
WF	87	361	0
WF	89	361	0
WF	92	362	0
WF	93	360	6
WF	93	361	5
WF	93	362	1
WF	95	367	0
WF	98	366	0
WF	99	368	2
WF	101	218	0
WF	101	219	0
WF	101	220	0
WF	101	370	0
WF	104	218	0
WF	104	219	0
WF	104	370	0
WF	105	368	4
WF	105	369	1
WF	105	370	0
WF	107	322	0
WF	107	373	0
WF	110	228	0
WF	110	373	0
WF	111	226	0
WF	111	227	0
WF	111	374	0
WF	113	228	1
WF	113	229	1
WF	113	230	1
WF	113	375	1
WF	116	375	1
WF	117	230	0
WF	117	377	1
WF	119	379	0
WF	122	379	0
WF	123	232	2
WF	123	380	2
WF	125	236	0
WF	125	383	0
WF	128	236	0
WF	128	383	0
WF	129	237	1
WF	129	238	1
WF	129	384	2
WF	131	244	0
WF	131	387	0
WF	134	387	0
WF	135	242	0
WF	135	243	0
WF	135	337	2
WF	135	338	1
WF	135	339	1
WF	135	388	2
WF	138	340	1
WF	138	390	1
WF	139	246	5
WF	139	247	7
WF	139	248	7
WF	139	249	7
WF	139	250	7
WF	139	251	8
WF	139	252	8
WF	139	342	8
WF	139	343	6
WF	139	390	8
WF	139	391	7
WF	139	392	3
WF	141	351	0
WF	141	399	0
WF	144	350	0
WF	144	398	0
WF	145	399	6
WF	145	400	3
WF	147	406	0
WF	150	406	1
WF	151	358	0
WF	151	406	0
WF	153	407	0
WF	155	360	3
WF	155	408	3
WF	157	363	1
WF	157	364	1
WF	157	365	1
WF	157	366	1
WF	157	412	1
WF	160	369	1
WF	160	412	1
WF	161	267	2
WF	161	268	2
WF	161	366	2
WF	161	367	1
WF	161	368	1
WF	161	413	2
WF	161	414	1
WF	163	232	1
WF	163	233	1
WF	163	234	4
WF	163	235	4
WF	163	236	4
WF	163	416	4
WF	165	240	2
WF	165	241	3
WF	165	373	4
WF	165	374	1
WF	165	375	2
WF	165	376	3
WF	165	417	3
WF	165	419	1
WF	165	420	0
WF	167	247	0
WF	167	378	0
WF	167	382	0
WF	167	383	0
WF	167	385	0
WF	170	378	0
WF	171	379	13
WF	171	383	0
WF	171	384	8
WF	171	385	8
WF	171	386	8
WF	171	408	12
WF	171	410	10
WF	171	411	9
WF	171	412	8
WF	171	413	7
WF	171	414	6
WF	171	415	5
WF	171	416	4
WF	173	256	0
WF	173	257	0
WF	173	393	0
WF	176	256	0
WF	176	257	0
WF	176	261	0
WF	176	393	0
WF	177	224	0
WF	177	225	0
WF	177	227	0
WF	177	229	0
WF	177	394	0
WF	179	226	0
WF	179	227	0
WF	179	228	0
WF	179	229	0
WF	179	395	0
WF	179	404	0
WF	182	228	0
WF	182	229	0
WF	182	395	0
WF	182	401	0
WF	182	402	0
WF	182	403	0
WF	183	227	1
WF	183	396	2
WF	183	402	0
WF	183	403	0
WF	183	404	2
WF	183	405	2
WF	185	399	0
WF	188	400	1
WF	190	399	0
WF	191	400	1
WF	193	402	2
WF	193	409	2
WF	195	405	0
WF	195	413	0
WF	195	414	0
WF	195	415	0
WF	198	405	0
WF	198	413	0
WF	198	414	0
WF	199	233	0
WF	199	234	1
WF	199	235	3
WF	199	236	3
WF	199	237	2
WF	199	406	3
WF	199	415	3
WF	199	416	3
WF	199	417	3
WF	201	410	0
WF	204	410	0
WF	205	411	1
WF	207	242	2
WF	207	243	2
WF	207	244	1
WF	207	245	0
WF	207	246	0
WF	207	413	2
WF	210	242	0
WF	210	243	0
WF	210	244	0
WF	210	245	0
WF	210	413	0
WF	211	244	7
WF	211	245	7
WF	211	413	2
WF	211	414	1
WF	211	415	0
WF	213	262	0
WF	216	257	0
WF	217	255	1
WF	217	256	3
WF	217	257	3
WF	217	258	2
WF	217	259	1
WF	217	260	1
WF	217	261	1
WF	217	416	4
WF	229	263	6
WF	229	264	7
WF	229	265	7
WF	229	266	7
WF	229	267	7
WF	244	278	0
WF	244	279	0
WF	244	280	0
WF	245	279	0
WF	245	280	5
WF	245	281	5
WF	245	282	19
WF	245	283	19
WF	251	272	0
WF	254	271	0
WF	257	269	0
WF	257	270	0
WF	259	274	2
WF	261	273	0
WF	261	274	0
WF	261	275	0
WF	261	276	0
WF	264	273	0
WF	264	274	0
WF	264	275	0
WF	264	276	0
WF	267	280	0
WF	272	277	1
WF	272	278	1
WF	273	279	0
WF	275	278	4
WF	275	279	6
WF	275	280	8
WF	275	281	8
WF	275	282	8
WF	283	291	2
WF	283	292	8
WF	283	293	8
WF	283	294	7
WF	283	295	4
WF	65535	303	4
WF	65535	304	8
WF	65535	305	8
WF	65535	306	8
WF	65535	307	36
WF	65535	308	43
WF	65535	309	46
WF	65535	310	50
WF	65535	311	52
WF	65535	312	55
WF	65535	313	55
WF	65535	314	54
WF	65535	315	51
WF	65535	316	50
WF	65535	317	49
WF	65535	318	52
WF	65535	319	58
WF	65535	320	60
WF	65535	321	60
WF	65535	322	62
WF	65535	323	63
WF	65535	324	90
WF	65535	325	90
WF	65535	326	92
WF	65535	327	92
WF	65535	328	92
WF	65535	331	82
WF	65535	332	82
WF	65535	333	81
WF	65535	334	80
WF	65535	335	85
WF	65535	338	67
WF	65535	339	70
WF	65535	340	70
WF	65535	341	73
WF	65535	342	78
WF	65535	345	75
WF	65535	348	72
WF	65535	351	69
WF	65535	352	68
WF	65535	353	67
WF	65535	354	66
WF	65535	355	65
WF	65535	356	64
WF	65535	357	63
WF	65535	358	62
WF	65535	361	48
WF	65535	362	52
WF	65535	363	57
WF	65535	366	54
WF	65535	369	51
WF	65535	372	48
WF	65535	373	47
WF	65535	374	46
WF	65535	375	45
WF	65535	376	44
WF	65535	377	43
WF	65535	378	42
WF	65535	380	40
WF	65535	382	38
WF	65535	383	37
WF	65535	384	36
WF	65535	385	35
WF	65535	388	32
WF	65535	391	29
WF	65535	393	27
WF	65535	394	26
WF	65535	395	25
WF	65535	396	24
WF	65535	397	23
WF	65535	398	22
WF	65535	399	21
WF	65535	400	20
WF	65535	401	19
WF	65535	402	18
WF	65535	405	15
WF	65535	406	14
WF	65535	407	13
WF	65535	408	12
WF	65535	409	11
[gfa_ed_step] dist=50, n=423, n_intv=219, n_tb=0
Z	0	-1	50
Z	3	36	86
Z	6	34	86
Z	7	18	87
Z	9	43	111
Z	11	41	111
Z	13	34	112
Z	15	47	124
Z	17	45	124
Z	19	41	125
Z	21	48	133
Z	23	50	133
Z	25	46	134
Z	27	52	141
Z	29	54	58
Z	29	59	141
Z	31	44	142
Z	33	114	210
Z	35	114	118
Z	35	119	210
Z	37	131	136
Z	37	138	211
Z	39	149	153
Z	39	156	166
Z	39	167	230
Z	42	149	154
Z	42	156	166
Z	42	169	230
Z	43	161	231
Z	45	184	255
Z	47	186	188
Z	47	189	255
Z	49	183	256
Z	51	185	259
Z	54	187	193
Z	54	194	259
Z	55	186	260
Z	57	211	214
Z	57	215	284
Z	59	201	285
Z	61	207	295
Z	63	199	298
Z	65	211	311
Z	67	211	311
Z	69	217	312
Z	71	223	230
Z	71	231	319
Z	73	227	320
Z	76	225	320
Z	77	227	320
Z	79	230	323
Z	82	229	323
Z	83	230	326
Z	86	233	315
Z	86	316	319
Z	87	208	356
Z	89	214	362
Z	92	214	363
Z	93	210	361
Z	95	218	368
Z	98	216	367
Z	99	215	369
Z	101	217	221
Z	101	222	371
Z	104	217	233
Z	104	234	371
Z	105	221	369
Z	107	225	326
Z	107	327	374
Z	110	225	346
Z	110	347	374
Z	111	225	375
Z	113	227	376
Z	116	227	376
Z	117	231	378
Z	119	234	380
Z	122	232	346
Z	122	347	380
Z	123	231	381
Z	125	235	384
Z	128	235	260
Z	128	261	334
Z	128	335	384
Z	129	239	385
Z	131	241	388
Z	134	241	388
Z	135	244	338
Z	135	340	389
Z	138	246	341
Z	138	342	391
Z	139	246	248
Z	139	250	343
Z	139	344	391
Z	141	260	400
Z	144	261	351
Z	144	352	399
Z	145	261	400
Z	147	267	407
Z	150	267	407
Z	151	267	407
Z	153	267	377
Z	153	378	408
Z	155	265	409
Z	157	268	413
Z	160	267	413
Z	161	266	414
Z	163	233	417
Z	165	242	374
Z	165	377	417
Z	167	246	379
Z	167	381	421
Z	170	248	379
Z	170	383	421
Z	171	242	380
Z	171	387	408
Z	173	255	264
Z	173	265	394
Z	173	400	421
Z	176	255	394
Z	176	400	421
Z	177	223	230
Z	177	231	395
Z	177	400	421
Z	179	225	396
Z	179	402	405
Z	179	406	421
Z	182	227	396
Z	182	400	421
Z	183	228	397
Z	183	403	419
Z	185	230	400
Z	185	408	409
Z	185	410	421
Z	188	230	401
Z	188	408	420
Z	190	230	346
Z	190	347	400
Z	190	407	421
Z	191	229	401
Z	191	408	420
Z	193	230	403
Z	193	408	419
Z	195	232	406
Z	195	412	416
Z	195	417	421
Z	198	232	406
Z	198	412	421
Z	199	234	237
Z	199	238	407
Z	199	414	418
Z	201	240	346
Z	201	347	411
Z	204	241	411
Z	204	419	420
Z	205	240	412
Z	207	241	244
Z	207	247	414
Z	210	241	414
Z	211	243	245
Z	211	246	413
Z	213	253	254
Z	213	256	264
Z	213	265	365
Z	213	366	421
Z	216	254	421
Z	217	255	257
Z	217	262	416
Z	219	262	263
Z	219	267	421
Z	222	267	377
Z	222	378	421
Z	223	264	417
Z	225	268	346
Z	225	347	385
Z	225	386	421
Z	228	268	294
Z	228	295	370
Z	228	371	421
Z	229	263	413
Z	231	273	421
Z	233	276	421
Z	236	276	277
Z	236	278	377
Z	236	378	421
Z	238	277	421
Z	239	275	419
Z	241	279	421
Z	244	277	421
Z	245	284	399
Z	247	268	421
Z	249	264	417
Z	251	268	421
Z	254	270	421
Z	256	268	377
Z	256	378	421
Z	257	268	421
Z	259	271	419
Z	261	272	277
Z	261	279	421
Z	264	272	346
Z	264	347	385
Z	264	386	421
Z	265	274	275
Z	265	276	420
Z	267	277	421
Z	269	279	421
Z	272	276	420
Z	273	278	421
Z	275	279	413
Z	277	291	421
Z	279	291	421
Z	282	293	365
Z	282	366	421
Z	283	296	411
Z	285	306	421
Z	287	306	331
Z	287	332	370
Z	287	371	409
Z	287	410	421
WF	0	50	35
WF	3	86	0
WF	6	86	0
WF	7	87	23
WF	9	111	0
WF	11	111	0
WF	13	112	11
WF	15	124	0
WF	17	124	0
WF	19	125	7
WF	21	133	0
WF	23	133	0
WF	25	134	6
WF	27	141	0
WF	29	141	0
WF	31	42	65
WF	31	43	65
WF	31	142	67
WF	33	112	0
WF	33	113	0
WF	33	210	0
WF	35	112	0
WF	35	113	0
WF	35	118	0
WF	35	210	0
WF	37	114	1
WF	37	115	1
WF	37	116	6
WF	37	117	7
WF	37	118	8
WF	37	119	8
WF	37	120	9
WF	37	121	9
WF	37	122	9
WF	37	123	10
WF	37	124	10
WF	37	125	15
WF	37	126	16
WF	37	127	16
WF	37	128	15
WF	37	129	17
WF	37	130	17
WF	37	136	18
WF	37	137	17
WF	37	211	18
WF	39	153	0
WF	39	154	0
WF	39	166	0
WF	39	230	0
WF	42	154	0
WF	42	166	0
WF	42	167	0
WF	42	230	0
WF	43	150	0
WF	43	151	0
WF	43	152	7
WF	43	153	8
WF	43	154	8
WF	43	155	7
WF	43	156	7
WF	43	157	8
WF	43	158	8
WF	43	159	7
WF	43	160	7
WF	43	231	23
WF	45	255	0
WF	47	255	0
WF	49	256	2
WF	51	259	0
WF	54	259	0
WF	55	260	23
WF	57	284	0
WF	59	285	9
WF	61	295	3
WF	63	298	12
WF	63	299	1
WF	65	311	0
WF	67	311	0
WF	69	212	0
WF	69	213	1
WF	69	214	4
WF	69	215	4
WF	69	216	4
WF	69	312	6
WF	71	230	0
WF	71	319	0
WF	73	224	0
WF	73	225	0
WF	73	226	0
WF	73	320	0
WF	76	224	0
WF	76	320	0
WF	77	226	0
WF	77	320	3
WF	77	321	2
WF	79	323	1
WF	79	324	0
WF	82	323	1
WF	82	324	0
WF	83	326	2
WF	86	230	26
WF	86	231	38
WF	86	232	38
WF	86	315	43
WF	86	319	43
WF	86	320	38
WF	86	321	34
WF	86	322	26
WF	86	323	23
WF	86	324	17
WF	86	325	16
WF	86	326	14
WF	86	327	13
WF	86	328	9
WF	87	356	6
WF	87	357	4
WF	87	358	3
WF	87	359	1
WF	87	360	3
WF	87	361	3
WF	87	362	2
WF	89	362	0
WF	92	363	0
WF	93	361	6
WF	93	362	5
WF	93	363	3
WF	95	368	0
WF	98	367	0
WF	99	369	2
WF	101	221	0
WF	101	371	0
WF	104	371	0
WF	105	218	0
WF	105	219	0
WF	105	220	2
WF	105	369	4
WF	105	370	1
WF	105	371	0
WF	107	374	0
WF	110	374	0
WF	111	375	0
WF	113	226	0
WF	113	376	1
WF	116	376	1
WF	117	228	0
WF	117	229	1
WF	117	230	1
WF	117	378	1
WF	119	380	0
WF	122	380	0
WF	123	381	2
WF	125	234	0
WF	125	384	0
WF	128	234	0
WF	128	384	0
WF	129	236	2
WF	129	237	2
WF	129	238	2
WF	129	385	2
WF	131	388	0
WF	134	388	0
WF	135	241	1
WF	135	242	1
WF	135	243	1
WF	135	338	2
WF	135	339	2
WF	135	389	2
WF	138	341	1
WF	138	391	1
WF	139	245	6
WF	139	248	8
WF	139	249	8
WF	139	343	8
WF	139	391	8
WF	139	392	7
WF	139	393	3
WF	141	255	0
WF	141	256	0
WF	141	400	0
WF	144	255	0
WF	144	256	0
WF	144	259	0
WF	144	260	0
WF	144	351	0
WF	144	399	0
WF	145	260	1
WF	145	400	6
WF	145	401	3
WF	147	407	0
WF	150	407	1
WF	151	407	0
WF	153	408	0
WF	155	409	3
WF	157	413	1
WF	160	413	1
WF	161	414	2
WF	161	415	1
WF	163	231	2
WF	163	232	2
WF	165	238	0
WF	165	239	3
WF	165	240	4
WF	165	241	4
WF	165	374	4
WF	165	375	4
WF	165	376	4
WF	165	418	2
WF	165	419	1
WF	165	420	0
WF	167	379	0
WF	170	379	0
WF	171	380	13
WF	171	382	1
WF	171	383	9
WF	171	384	9
WF	171	385	9
WF	171	386	9
WF	171	409	11
WF	171	410	10
WF	171	411	9
WF	171	412	8
WF	171	413	7
WF	171	414	6
WF	171	415	5
WF	173	394	0
WF	176	394	0
WF	177	230	0
WF	177	395	0
WF	179	224	0
WF	179	396	0
WF	179	405	0
WF	182	224	0
WF	182	225	0
WF	182	226	0
WF	182	396	0
WF	183	226	2
WF	183	227	2
WF	183	397	2
WF	183	401	2
WF	183	402	2
WF	185	400	0
WF	185	406	0
WF	185	407	0
WF	185	409	0
WF	188	401	1
WF	190	400	0
WF	191	401	1
WF	191	407	0
WF	193	403	2
WF	195	406	0
WF	195	411	0
WF	195	416	0
WF	198	406	0
WF	198	411	0
WF	199	232	1
WF	199	233	3
WF	199	237	3
WF	199	407	3
WF	199	413	0
WF	201	238	0
WF	201	239	0
WF	201	411	0
WF	201	418	0
WF	201	419	0
WF	201	420	0
WF	204	238	0
WF	204	239	0
WF	204	240	0
WF	204	411	0
WF	204	420	0
WF	205	412	1
WF	205	419	0
WF	205	420	0
WF	207	244	2
WF	207	245	1
WF	207	246	1
WF	207	414	2
WF	210	414	0
WF	211	242	0
WF	211	245	8
WF	211	413	3
WF	211	414	3
WF	211	415	3
WF	211	416	2
WF	213	254	0
WF	216	252	0
WF	216	253	0
WF	217	253	0
WF	217	254	2
WF	217	257	5
WF	217	258	4
WF	217	259	4
WF	217	260	3
WF	217	261	2
WF	219	263	0
WF	222	261	0
WF	222	262	0
WF	223	262	0
WF	223	263	0
WF	229	262	7
WF	233	273	0
WF	233	274	0
WF	233	275	0
WF	236	272	0
WF	236	273	0
WF	236	274	0
WF	236	275	0
WF	236	277	0
WF	238	273	0
WF	238	274	0
WF	238	275	0
WF	238	276	0
WF	245	278	2
WF	245	279	6
WF	245	280	7
WF	245	281	20
WF	245	282	21
WF	245	283	21
WF	259	269	0
WF	259	270	0
WF	261	277	0
WF	265	275	1
WF	267	275	0
WF	267	276	0
WF	272	275	1
WF	275	277	5
WF	275	278	7
WF	277	288	0
WF	277	289	0
WF	277	290	0
WF	279	288	0
WF	279	289	0
WF	279	290	0
WF	282	288	0
WF	282	289	0
WF	282	290	0
WF	282	291	0
WF	283	290	3
WF	283	291	10
WF	283	292	10
WF	283	293	9
WF	283	294	8
WF	283	295	7
WF	65535	302	5
WF	65535	303	9
WF	65535	304	9
WF	65535	305	9
WF	65535	306	37
WF	65535	307	44
WF	65535	308	47
WF	65535	309	51
WF	65535	310	54
WF	65535	311	57
WF	65535	312	57
WF	65535	313	56
WF	65535	314	56
WF	65535	315	60
WF	65535	316	60
WF	65535	317	59
WF	65535	318	59
WF	65535	319	62
WF	65535	320	62
WF	65535	321	63
WF	65535	322	64
WF	65535	323	91
WF	65535	324	93
WF	65535	325	93
WF	65535	326	93
WF	65535	327	93
WF	65535	330	83
WF	65535	331	83
WF	65535	332	83
WF	65535	333	82
WF	65535	334	86
WF	65535	337	68
WF	65535	338	71
WF	65535	339	71
WF	65535	340	74
WF	65535	341	79
WF	65535	344	76
WF	65535	347	73
WF	65535	350	70
WF	65535	351	69
WF	65535	352	68
WF	65535	353	67
WF	65535	354	66
WF	65535	355	65
WF	65535	356	64
WF	65535	357	63
WF	65535	360	49
WF	65535	361	53
WF	65535	362	58
WF	65535	365	55
WF	65535	368	52
WF	65535	371	49
WF	65535	372	48
WF	65535	373	47
WF	65535	374	46
WF	65535	375	45
WF	65535	376	44
WF	65535	377	43
WF	65535	379	41
WF	65535	381	39
WF	65535	382	38
WF	65535	383	37
WF	65535	384	36
WF	65535	387	33
WF	65535	390	30
WF	65535	392	28
WF	65535	393	27
WF	65535	394	26
WF	65535	395	25
WF	65535	396	24
WF	65535	397	23
WF	65535	398	22
WF	65535	399	21
WF	65535	400	20
WF	65535	401	19
WF	65535	404	16
WF	65535	405	15
WF	65535	406	14
WF	65535	407	13
WF	65535	408	12
[gfa_ed_step] dist=51, n=393, n_intv=209, n_tb=0
Z	0	-1	51
Z	3	36	87
Z	6	34	87
Z	7	18	88
Z	9	43	112
Z	11	41	112
Z	13	34	113
Z	15	47	125
Z	17	45	125
Z	19	41	126
Z	21	48	134
Z	23	50	134
Z	25	46	135
Z	27	52	142
Z	29	54	58
Z	29	59	142
Z	31	42	143
Z	33	111	211
Z	35	111	211
Z	37	125	127
Z	37	131	137
Z	37	138	212
Z	39	149	155
Z	39	156	231
Z	42	149	155
Z	42	156	168
Z	42	169	231
Z	43	161	232
Z	45	184	256
Z	47	186	188
Z	47	189	256
Z	49	183	257
Z	51	185	260
Z	54	187	193
Z	54	194	260
Z	55	186	261
Z	57	211	214
Z	57	215	285
Z	59	201	286
Z	61	207	296
Z	63	199	299
Z	65	211	312
Z	67	211	312
Z	69	217	313
Z	71	223	320
Z	73	223	321
Z	76	223	321
Z	77	227	321
Z	79	230	324
Z	82	229	324
Z	83	230	327
Z	86	233	320
Z	87	208	357
Z	89	214	363
Z	92	214	364
Z	93	210	362
Z	95	218	369
Z	98	216	368
Z	99	215	370
Z	101	217	373
Z	104	217	233
Z	104	234	372
Z	105	221	370
Z	107	225	326
Z	107	327	375
Z	110	225	346
Z	110	347	375
Z	111	225	376
Z	113	225	377
Z	116	227	377
Z	117	228	379
Z	119	232	233
Z	119	234	381
Z	122	231	346
Z	122	347	381
Z	123	231	382
Z	125	233	385
Z	128	233	260
Z	128	261	334
Z	128	335	385
Z	129	235	386
Z	131	240	389
Z	134	241	389
Z	135	244	390
Z	138	246	392
Z	139	246	393
Z	141	254	257
Z	141	260	401
Z	144	254	257
Z	144	258	401
Z	145	261	401
Z	147	267	408
Z	150	267	408
Z	151	267	408
Z	153	267	377
Z	153	378	409
Z	155	265	410
Z	157	268	414
Z	160	267	414
Z	161	266	415
Z	163	233	417
Z	165	239	417
Z	167	245	380
Z	167	381	421
Z	170	248	381
Z	170	383	421
Z	171	242	381
Z	171	387	408
Z	173	255	264
Z	173	265	395
Z	173	400	421
Z	176	255	395
Z	176	400	421
Z	177	223	396
Z	177	400	421
Z	179	223	397
Z	179	402	421
Z	182	223	397
Z	182	400	421
Z	183	225	398
Z	183	400	419
Z	185	230	401
Z	185	405	421
Z	188	230	402
Z	188	408	420
Z	190	229	346
Z	190	347	401
Z	190	407	421
Z	191	229	402
Z	191	406	420
Z	193	230	404
Z	193	408	419
Z	195	232	407
Z	195	410	421
Z	198	232	407
Z	198	410	421
Z	199	232	408
Z	199	414	418
Z	201	237	346
Z	201	347	412
Z	201	417	421
Z	204	237	412
Z	204	419	421
Z	205	240	413
Z	207	241	245
Z	207	247	415
Z	210	241	415
Z	211	243	413
Z	213	253	255
Z	213	256	264
Z	213	265	365
Z	213	366	421
Z	216	251	421
Z	217	255	260
Z	217	262	416
Z	219	262	264
Z	219	267	421
Z	222	260	264
Z	222	265	266
Z	222	267	377
Z	222	378	421
Z	223	264	417
Z	225	268	346
Z	225	347	385
Z	225	386	421
Z	228	268	294
Z	228	295	370
Z	228	371	421
Z	229	263	413
Z	231	273	421
Z	233	272	421
Z	236	271	377
Z	236	378	421
Z	238	272	421
Z	239	275	419
Z	241	279	421
Z	244	277	421
Z	245	284	399
Z	247	268	421
Z	249	264	417
Z	251	268	421
Z	254	270	421
Z	256	268	377
Z	256	378	421
Z	257	268	421
Z	259	271	419
Z	261	272	278
Z	261	279	421
Z	264	272	346
Z	264	347	385
Z	264	386	421
Z	265	274	420
Z	267	274	421
Z	269	279	421
Z	272	274	420
Z	273	278	421
Z	275	279	413
Z	277	287	421
Z	279	287	421
Z	282	287	292
Z	282	293	365
Z	282	366	421
Z	283	290	293
Z	283	296	411
Z	285	306	421
Z	287	306	331
Z	287	332	370
Z	287	371	409
Z	287	410	421
WF	0	51	35
WF	3	87	0
WF	6	87	0
WF	7	88	23
WF	9	112	0
WF	11	112	0
WF	13	113	11
WF	15	125	0
WF	17	125	0
WF	19	126	7
WF	21	134	0
WF	23	134	0
WF	25	135	6
WF	27	142	0
WF	29	142	0
WF	31	41	67
WF	31	143	67
WF	33	110	0
WF	33	211	0
WF	35	110	0
WF	35	211	0
WF	37	112	1
WF	37	113	2
WF	37	114	2
WF	37	115	7
WF	37	116	8
WF	37	117	11
WF	37	118	11
WF	37	119	10
WF	37	120	10
WF	37	121	10
WF	37	122	11
WF	37	123	12
WF	37	124	16
WF	37	127	18
WF	37	128	18
WF	37	129	18
WF	37	130	18
WF	37	137	18
WF	37	212	18
WF	39	144	0
WF	39	145	0
WF	39	155	0
WF	39	231	0
WF	42	144	0
WF	42	145	0
WF	42	155	0
WF	42	168	0
WF	42	231	0
WF	43	149	1
WF	43	150	1
WF	43	151	8
WF	43	152	9
WF	43	153	9
WF	43	154	9
WF	43	155	8
WF	43	156	9
WF	43	157	9
WF	43	158	9
WF	43	159	8
WF	43	160	8
WF	43	232	23
WF	45	256	0
WF	47	256	0
WF	49	257	2
WF	51	260	0
WF	54	260	0
WF	55	261	23
WF	57	285	0
WF	59	286	9
WF	61	296	3
WF	63	299	12
WF	63	300	1
WF	65	312	0
WF	67	312	0
WF	69	211	1
WF	69	212	2
WF	69	213	5
WF	69	214	5
WF	69	215	6
WF	69	216	6
WF	69	313	6
WF	71	320	0
WF	73	321	0
WF	76	321	0
WF	77	224	0
WF	77	225	1
WF	77	226	1
WF	77	321	3
WF	77	322	2
WF	79	324	1
WF	79	325	0
WF	82	324	1
WF	82	325	0
WF	83	327	2
WF	86	229	27
WF	86	230	39
WF	86	231	39
WF	86	232	39
WF	86	320	43
WF	86	321	39
WF	86	322	36
WF	86	323	26
WF	86	324	23
WF	86	325	19
WF	86	326	18
WF	86	327	14
WF	86	328	13
WF	86	329	9
WF	87	357	6
WF	87	358	4
WF	87	359	4
WF	87	360	4
WF	87	361	4
WF	87	362	3
WF	87	363	2
WF	89	363	0
WF	92	364	0
WF	93	362	6
WF	93	363	5
WF	93	364	3
WF	93	365	0
WF	95	369	0
WF	98	368	0
WF	99	370	2
WF	104	372	0
WF	105	217	1
WF	105	218	1
WF	105	219	4
WF	105	220	4
WF	105	370	4
WF	105	371	2
WF	105	372	3
WF	105	373	3
WF	105	374	2
WF	107	375	0
WF	110	375	0
WF	111	376	0
WF	113	377	1
WF	116	377	1
WF	117	227	1
WF	117	379	1
WF	119	230	0
WF	119	231	0
WF	119	233	0
WF	119	381	0
WF	122	381	0
WF	123	382	2
WF	125	385	0
WF	128	385	0
WF	129	234	0
WF	129	386	2
WF	131	238	0
WF	131	239	0
WF	131	389	0
WF	134	238	0
WF	134	239	0
WF	134	240	0
WF	134	389	0
WF	135	240	2
WF	135	241	2
WF	135	242	2
WF	135	243	2
WF	135	390	2
WF	138	392	1
WF	139	244	7
WF	139	245	7
WF	139	393	8
WF	139	394	3
WF	141	257	0
WF	141	258	0
WF	141	401	0
WF	144	257	0
WF	144	401	0
WF	145	255	0
WF	145	256	0
WF	145	257	0
WF	145	259	2
WF	145	260	2
WF	145	401	6
WF	145	402	3
WF	147	408	0
WF	150	408	1
WF	151	408	0
WF	153	409	0
WF	155	410	3
WF	157	414	1
WF	160	414	1
WF	161	415	2
WF	161	416	1
WF	163	230	3
WF	163	231	3
WF	163	232	3
WF	163	417	0
WF	165	237	1
WF	165	238	4
WF	165	417	3
WF	165	418	2
WF	165	419	1
WF	167	380	0
WF	170	244	0
WF	170	245	0
WF	170	246	0
WF	170	381	0
WF	171	381	13
WF	171	382	10
WF	171	383	10
WF	171	384	10
WF	171	385	11
WF	171	386	11
WF	171	408	12
WF	171	409	11
WF	171	410	10
WF	171	411	9
WF	171	412	8
WF	171	413	7
WF	171	414	6
WF	173	395	0
WF	176	395	0
WF	177	396	0
WF	179	397	0
WF	182	397	0
WF	183	224	0
WF	183	398	2
WF	185	228	0
WF	185	229	0
WF	185	401	0
WF	185	403	0
WF	185	404	0
WF	188	402	1
WF	188	405	0
WF	188	406	0
WF	188	407	0
WF	190	401	0
WF	190	403	0
WF	190	404	0
WF	190	405	0
WF	191	402	1
WF	191	405	1
WF	193	404	2
WF	195	407	0
WF	198	407	0
WF	199	231	2
WF	199	408	3
WF	199	411	2
WF	199	412	2
WF	199	413	1
WF	201	236	0
WF	201	412	0
WF	204	236	0
WF	204	412	0
WF	205	238	0
WF	205	239	0
WF	205	413	1
WF	205	418	1
WF	205	419	1
WF	205	420	0
WF	207	245	2
WF	207	246	2
WF	207	415	2
WF	210	415	0
WF	211	241	1
WF	211	242	1
WF	211	413	6
WF	211	414	5
WF	211	415	4
WF	211	416	3
WF	211	417	2
WF	213	255	0
WF	217	252	1
WF	217	253	3
WF	217	254	3
WF	217	260	5
WF	217	261	4
WF	219	264	0
WF	219	265	0
WF	223	261	1
WF	223	262	1
WF	223	263	1
WF	229	261	8
WF	229	262	8
WF	239	273	2
WF	239	274	2
WF	245	277	3
WF	245	278	7
WF	245	279	8
WF	245	280	21
WF	245	281	22
WF	245	282	22
WF	245	283	22
WF	259	268	1
WF	259	269	1
WF	259	270	1
WF	261	278	0
WF	269	275	0
WF	269	276	0
WF	269	277	0
WF	269	278	0
WF	273	276	0
WF	273	277	0
WF	275	275	0
WF	275	276	6
WF	275	277	8
WF	275	278	8
WF	282	292	0
WF	283	288	0
WF	283	289	4
WF	283	293	10
WF	283	294	10
WF	283	295	9
WF	285	301	0
WF	285	302	0
WF	285	303	0
WF	65535	301	6
WF	65535	302	10
WF	65535	303	10
WF	65535	304	10
WF	65535	305	41
WF	65535	306	45
WF	65535	307	48
WF	65535	308	53
WF	65535	309	55
WF	65535	310	58
WF	65535	311	58
WF	65535	312	58
WF	65535	313	57
WF	65535	314	61
WF	65535	315	73
WF	65535	316	73
WF	65535	317	72
WF	65535	318	66
WF	65535	319	66
WF	65535	320	65
WF	65535	321	65
WF	65535	322	92
WF	65535	323	94
WF	65535	324	94
WF	65535	325	94
WF	65535	326	94
WF	65535	329	84
WF	65535	330	84
WF	65535	331	85
WF	65535	332	85
WF	65535	333	87
WF	65535	336	71
WF	65535	337	72
WF	65535	338	72
WF	65535	339	75
WF	65535	340	80
WF	65535	343	77
WF	65535	346	74
WF	65535	349	71
WF	65535	350	70
WF	65535	351	69
WF	65535	352	68
WF	65535	353	67
WF	65535	354	66
WF	65535	355	65
WF	65535	356	64
WF	65535	359	50
WF	65535	360	54
WF	65535	361	59
WF	65535	364	56
WF	65535	367	53
WF	65535	370	50
WF	65535	371	49
WF	65535	372	48
WF	65535	373	47
WF	65535	374	46
WF	65535	375	45
WF	65535	376	44
WF	65535	378	42
WF	65535	380	40
WF	65535	381	39
WF	65535	382	38
WF	65535	383	37
WF	65535	386	34
WF	65535	389	31
WF	65535	391	29
WF	65535	392	28
WF	65535	393	27
WF	65535	394	26
WF	65535	395	25
WF	65535	396	24
WF	65535	397	23
WF	65535	398	22
WF	65535	399	21
WF	65535	400	20
WF	65535	403	17
WF	65535	404	16
WF	65535	405	15
WF	65535	406	14
WF	65535	407	13
[gfa_ed_step] dist=52, n=408, n_intv=213, n_tb=0
Z	0	-1	52
Z	3	36	88
Z	6	34	88
Z	7	18	89
Z	9	43	113
Z	11	41	113
Z	13	34	114
Z	15	47	126
Z	17	45	126
Z	19	41	127
Z	21	48	135
Z	23	50	135
Z	25	46	136
Z	27	52	143
Z	29	54	58
Z	29	59	143
Z	31	40	144
Z	33	109	212
Z	35	109	212
Z	37	125	213
Z	39	143	146
Z	39	149	232
Z	42	143	146
Z	42	147	148
Z	42	149	232
Z	43	161	233
Z	45	184	257
Z	47	186	188
Z	47	189	257
Z	49	183	258
Z	51	185	261
Z	54	187	193
Z	54	194	261
Z	55	186	262
Z	57	211	214
Z	57	215	286
Z	59	201	287
Z	61	207	297
Z	63	199	300
Z	65	211	313
Z	67	211	313
Z	69	214	314
Z	71	222	321
Z	73	223	322
Z	76	223	322
Z	77	227	322
Z	79	230	325
Z	82	229	325
Z	83	230	328
Z	86	233	321
Z	87	208	358
Z	87	360	362
Z	89	214	364
Z	92	214	365
Z	92	368	369
Z	93	210	363
Z	93	369	370
Z	95	218	370
Z	95	376	377
Z	98	216	369
Z	99	215	371
Z	99	377	378
Z	101	217	374
Z	104	217	233
Z	104	234	373
Z	104	380	381
Z	105	218	371
Z	105	381	382
Z	107	225	326
Z	107	327	376
Z	110	225	346
Z	110	347	376
Z	110	386	387
Z	111	225	377
Z	111	387	388
Z	113	225	378
Z	116	227	378
Z	117	226	380
Z	119	229	382
Z	122	229	230
Z	122	231	346
Z	122	347	382
Z	123	231	383
Z	125	233	386
Z	128	233	260
Z	128	261	334
Z	128	335	386
Z	129	235	387
Z	131	237	390
Z	134	237	390
Z	135	239	391
Z	138	246	393
Z	139	243	245
Z	139	246	394
Z	141	254	259
Z	141	260	402
Z	144	254	402
Z	145	261	402
Z	147	267	409
Z	150	267	409
Z	151	267	409
Z	153	267	377
Z	153	378	410
Z	155	265	411
Z	157	268	415
Z	160	267	415
Z	161	266	416
Z	163	231	417
Z	165	237	417
Z	167	245	421
Z	170	243	247
Z	170	248	382
Z	170	383	421
Z	171	242	382
Z	171	387	408
Z	173	255	264
Z	173	265	396
Z	173	400	421
Z	176	255	396
Z	176	400	421
Z	177	222	397
Z	177	400	421
Z	179	223	398
Z	179	402	421
Z	182	223	398
Z	182	400	421
Z	183	225	399
Z	183	400	419
Z	185	227	421
Z	188	230	403
Z	188	408	420
Z	190	229	346
Z	190	347	406
Z	190	407	421
Z	191	229	403
Z	191	404	420
Z	193	230	405
Z	193	408	419
Z	195	232	408
Z	195	410	421
Z	198	232	408
Z	198	410	421
Z	199	232	409
Z	199	414	418
Z	201	235	346
Z	201	347	413
Z	201	417	421
Z	204	235	413
Z	204	419	421
Z	205	240	414
Z	205	417	420
Z	207	241	416
Z	210	241	416
Z	211	243	413
Z	213	253	264
Z	213	265	365
Z	213	366	421
Z	216	251	421
Z	217	255	416
Z	219	262	266
Z	219	267	421
Z	222	260	264
Z	222	265	266
Z	222	267	377
Z	222	378	421
Z	223	264	417
Z	225	268	346
Z	225	347	385
Z	225	386	421
Z	228	268	294
Z	228	295	370
Z	228	371	421
Z	229	260	413
Z	231	273	421
Z	233	272	421
Z	236	271	377
Z	236	378	421
Z	238	272	421
Z	239	272	419
Z	241	279	421
Z	244	277	421
Z	245	279	399
Z	247	268	421
Z	249	264	417
Z	251	268	421
Z	254	270	421
Z	256	268	377
Z	256	378	421
Z	257	268	421
Z	259	269	419
Z	261	272	421
Z	264	272	346
Z	264	347	385
Z	264	386	421
Z	265	274	420
Z	267	274	421
Z	269	274	421
Z	272	274	420
Z	273	275	421
Z	275	276	413
Z	277	287	421
Z	279	287	421
Z	282	287	365
Z	282	366	421
Z	283	290	295
Z	283	296	411
Z	285	300	304
Z	285	306	421
Z	287	302	303
Z	287	306	331
Z	287	332	370
Z	287	371	409
Z	287	410	421
WF	0	52	35
WF	3	88	0
WF	6	88	0
WF	7	89	23
WF	9	113	0
WF	11	113	0
WF	13	114	11
WF	15	126	0
WF	17	126	0
WF	19	127	7
WF	21	135	0
WF	23	135	0
WF	25	136	6
WF	27	143	0
WF	29	143	0
WF	31	144	67
WF	33	108	0
WF	33	212	0
WF	35	108	0
WF	35	212	0
WF	37	110	0
WF	37	111	2
WF	37	112	6
WF	37	113	6
WF	37	114	8
WF	37	115	10
WF	37	116	12
WF	37	117	15
WF	37	118	15
WF	37	119	14
WF	37	120	12
WF	37	121	12
WF	37	122	15
WF	37	123	18
WF	37	124	18
WF	37	213	18
WF	39	146	0
WF	39	147	0
WF	39	148	0
WF	39	232	0
WF	42	146	0
WF	42	148	0
WF	42	232	0
WF	43	144	0
WF	43	145	0
WF	43	146	0
WF	43	147	0
WF	43	148	2
WF	43	149	2
WF	43	150	9
WF	43	151	10
WF	43	152	10
WF	43	153	11
WF	43	154	11
WF	43	155	10
WF	43	156	10
WF	43	157	11
WF	43	158	11
WF	43	159	11
WF	43	160	10
WF	43	233	23
WF	45	257	0
WF	47	257	0
WF	49	258	2
WF	51	261	0
WF	54	261	0
WF	55	262	23
WF	57	286	0
WF	59	287	9
WF	61	297	3
WF	63	300	12
WF	63	301	1
WF	65	313	0
WF	67	313	0
WF	69	210	2
WF	69	211	3
WF	69	212	6
WF	69	213	6
WF	69	314	6
WF	71	321	0
WF	73	222	0
WF	73	322	0
WF	76	222	0
WF	76	322	0
WF	77	223	1
WF	77	224	2
WF	77	225	2
WF	77	226	2
WF	77	322	3
WF	77	323	2
WF	79	325	1
WF	79	326	0
WF	82	325	1
WF	82	326	0
WF	83	328	2
WF	86	228	28
WF	86	229	40
WF	86	230	41
WF	86	231	41
WF	86	232	40
WF	86	321	43
WF	86	322	40
WF	86	323	38
WF	86	324	26
WF	86	325	23
WF	86	326	19
WF	86	327	18
WF	86	328	14
WF	86	329	13
WF	86	330	10
WF	86	331	0
WF	87	358	6
WF	87	359	6
WF	87	362	6
WF	87	363	3
WF	87	364	2
WF	89	364	0
WF	89	367	0
WF	89	368	0
WF	92	365	0
WF	93	363	6
WF	93	364	5
WF	93	365	4
WF	93	366	0
WF	93	370	6
WF	95	370	0
WF	98	369	0
WF	98	375	0
WF	98	376	0
WF	99	371	2
WF	99	378	2
WF	101	379	0
WF	101	380	0
WF	104	373	0
WF	105	216	2
WF	105	217	2
WF	105	371	4
WF	105	372	4
WF	105	373	4
WF	105	374	4
WF	105	375	3
WF	105	382	4
WF	107	223	0
WF	107	224	0
WF	107	376	0
WF	107	385	0
WF	107	386	0
WF	110	223	0
WF	110	224	0
WF	110	376	0
WF	111	377	0
WF	111	388	0
WF	113	378	1
WF	113	387	1
WF	113	388	1
WF	113	389	0
WF	116	378	1
WF	116	387	0
WF	116	388	0
WF	117	380	1
WF	119	228	0
WF	119	382	0
WF	122	230	0
WF	122	382	0
WF	123	229	0
WF	123	230	0
WF	123	383	2
WF	125	386	0
WF	128	386	0
WF	129	233	1
WF	129	234	1
WF	129	387	2
WF	131	390	0
WF	134	390	0
WF	135	238	0
WF	135	391	2
WF	138	242	0
WF	138	243	0
WF	138	244	0
WF	138	245	0
WF	138	393	1
WF	139	242	0
WF	139	245	8
WF	139	394	8
WF	139	395	3
WF	141	252	0
WF	141	253	0
WF	141	259	0
WF	141	402	0
WF	144	252	0
WF	144	253	0
WF	144	402	0
WF	145	254	2
WF	145	255	2
WF	145	256	3
WF	145	257	3
WF	145	258	4
WF	145	259	4
WF	145	260	3
WF	145	402	6
WF	145	403	3
WF	147	409	0
WF	150	409	1
WF	151	409	0
WF	153	410	0
WF	155	411	3
WF	157	415	1
WF	160	415	1
WF	161	416	2
WF	161	417	1
WF	163	229	4
WF	163	230	4
WF	163	417	2
WF	163	418	1
WF	165	236	2
WF	165	417	3
WF	165	418	2
WF	167	242	0
WF	167	243	0
WF	170	242	0
WF	170	247	0
WF	170	382	0
WF	171	382	13
WF	171	383	11
WF	171	384	13
WF	171	385	13
WF	171	386	12
WF	171	408	12
WF	171	409	11
WF	171	410	10
WF	171	411	9
WF	171	412	8
WF	171	413	7
WF	173	396	0
WF	176	396	0
WF	177	397	0
WF	179	222	0
WF	179	398	0
WF	182	222	0
WF	182	398	0
WF	183	223	1
WF	183	224	1
WF	183	399	2
WF	188	228	0
WF	188	229	0
WF	188	403	1
WF	188	404	1
WF	188	405	1
WF	188	406	1
WF	188	407	1
WF	190	406	0
WF	191	228	0
WF	191	403	1
WF	193	405	2
WF	193	406	1
WF	193	407	1
WF	195	408	0
WF	198	408	0
WF	199	230	3
WF	199	231	3
WF	199	409	3
WF	199	410	3
WF	199	411	3
WF	199	412	3
WF	199	413	2
WF	201	413	0
WF	204	413	0
WF	205	236	0
WF	205	237	1
WF	205	238	1
WF	205	239	1
WF	205	414	1
WF	207	416	2
WF	207	419	0
WF	207	420	0
WF	210	416	0
WF	210	419	0
WF	210	420	0
WF	211	240	3
WF	211	241	3
WF	211	242	2
WF	211	413	7
WF	211	414	6
WF	211	415	0
WF	211	416	0
WF	211	417	3
WF	211	418	2
WF	217	251	2
WF	217	252	4
WF	217	253	4
WF	217	254	4
WF	219	266	0
WF	222	266	0
WF	223	260	2
WF	223	261	3
WF	223	262	3
WF	223	263	2
WF	231	269	0
WF	231	270	0
WF	231	271	0
WF	236	269	0
WF	236	270	0
WF	241	275	0
WF	241	276	0
WF	241	277	0
WF	244	275	0
WF	244	276	0
WF	245	276	5
WF	245	277	8
WF	245	278	9
WF	259	267	2
WF	259	268	2
WF	275	274	1
WF	275	275	7
WF	277	285	0
WF	277	286	0
WF	279	285	0
WF	279	286	0
WF	282	285	0
WF	282	286	0
WF	283	287	1
WF	283	288	5
WF	283	289	5
WF	283	295	10
WF	285	304	0
WF	285	305	0
WF	287	303	0
WF	287	304	0
WF	65535	300	7
WF	65535	301	11
WF	65535	302	11
WF	65535	303	11
WF	65535	304	42
WF	65535	305	46
WF	65535	306	49
WF	65535	307	55
WF	65535	308	57
WF	65535	309	59
WF	65535	310	59
WF	65535	311	59
WF	65535	312	59
WF	65535	313	64
WF	65535	314	74
WF	65535	315	84
WF	65535	316	84
WF	65535	317	83
WF	65535	318	72
WF	65535	319	67
WF	65535	320	67
WF	65535	321	93
WF	65535	322	96
WF	65535	323	96
WF	65535	324	96
WF	65535	325	95
WF	65535	328	85
WF	65535	329	85
WF	65535	330	86
WF	65535	331	86
WF	65535	332	88
WF	65535	335	72
WF	65535	336	74
WF	65535	337	74
WF	65535	338	76
WF	65535	339	81
WF	65535	342	78
WF	65535	345	75
WF	65535	348	72
WF	65535	349	71
WF	65535	350	70
WF	65535	351	69
WF	65535	352	68
WF	65535	353	67
WF	65535	354	66
WF	65535	355	65
WF	65535	358	51
WF	65535	359	55
WF	65535	360	60
WF	65535	363	57
WF	65535	366	54
WF	65535	369	51
WF	65535	370	50
WF	65535	371	49
WF	65535	372	48
WF	65535	373	47
WF	65535	374	46
WF	65535	375	45
WF	65535	377	43
WF	65535	379	41
WF	65535	380	40
WF	65535	381	39
WF	65535	382	38
WF	65535	385	35
WF	65535	388	32
WF	65535	390	30
WF	65535	391	29
WF	65535	392	28
WF	65535	393	27
WF	65535	394	26
WF	65535	395	25
WF	65535	396	24
WF	65535	397	23
WF	65535	398	22
WF	65535	399	21
WF	65535	402	18
WF	65535	403	17
WF	65535	404	16
WF	65535	405	15
WF	65535	406	14
